# Point:,51
# Setpoint:,2.59636364
# Voltage_V:,2.59636364
# Current_A:,0.04589
# Spectrum_Time_s:,8.038038
# Step_Start_s:,7.946525
# Step_End_s:,8.099444
# Spectrum_Duration_ms:,83.001
# Peak_Wavelength_nm:,933.48
# Peak_Intensity:,10809.0
# Avg_Intensity:,621.1
# Num_Pixels:,4094
# NOTE: All wavelengths are captured simultaneously in one CCD exposure
#       The Relative_Time_s column shows when this entire spectrum was acquired

Relative_Time_s,Wavelength_nm,Intensity
8.038038,845.4307,566.00
8.038038,845.4858,505.00
8.038038,845.5410,560.00
8.038038,845.5963,507.00
8.038038,845.6514,559.00
8.038038,845.7065,511.00
8.038038,845.7617,542.00
8.038038,845.8168,480.00
8.038038,845.8721,557.00
8.038038,845.9272,489.00
8.038038,845.9823,549.00
8.038038,846.0374,481.00
8.038038,846.0926,510.00
8.038038,846.1478,492.00
8.038038,846.2029,534.00
8.038038,846.2579,490.00
8.038038,846.3130,558.00
8.038038,846.3682,433.00
8.038038,846.4233,566.00
8.038038,846.4784,501.00
8.038038,846.5335,577.00
8.038038,846.5886,547.00
8.038038,846.6437,524.00
8.038038,846.6987,501.00
8.038038,846.7538,576.00
8.038038,846.8089,494.00
8.038038,846.8640,553.00
8.038038,846.9190,500.00
8.038038,846.9741,542.00
8.038038,847.0292,504.00
8.038038,847.0842,541.00
8.038038,847.1392,524.00
8.038038,847.1943,562.00
8.038038,847.2493,495.00
8.038038,847.3044,580.00
8.038038,847.3594,502.00
8.038038,847.4144,532.00
8.038038,847.4694,555.00
8.038038,847.5244,553.00
8.038038,847.5795,504.00
8.038038,847.6345,563.00
8.038038,847.6895,528.00
8.038038,847.7444,575.00
8.038038,847.7994,498.00
8.038038,847.8544,570.00
8.038038,847.9094,539.00
8.038038,847.9644,564.00
8.038038,848.0193,521.00
8.038038,848.0743,571.00
8.038038,848.1293,527.00
8.038038,848.1843,579.00
8.038038,848.2392,538.00
8.038038,848.2941,574.00
8.038038,848.3491,549.00
8.038038,848.4040,573.00
8.038038,848.4590,553.00
8.038038,848.5139,583.00
8.038038,848.5688,507.00
8.038038,848.6237,592.00
8.038038,848.6786,520.00
8.038038,848.7336,620.00
8.038038,848.7885,551.00
8.038038,848.8434,615.00
8.038038,848.8983,562.00
8.038038,848.9531,560.00
8.038038,849.0081,550.00
8.038038,849.0630,601.00
8.038038,849.1178,511.00
8.038038,849.1727,601.00
8.038038,849.2275,568.00
8.038038,849.2823,663.00
8.038038,849.3373,548.00
8.038038,849.3921,593.00
8.038038,849.4470,586.00
8.038038,849.5018,542.00
8.038038,849.5566,505.00
8.038038,849.6115,616.00
8.038038,849.6663,548.00
8.038038,849.7211,605.00
8.038038,849.7759,561.00
8.038038,849.8307,594.00
8.038038,849.8856,580.00
8.038038,849.9404,588.00
8.038038,849.9952,524.00
8.038038,850.0500,584.00
8.038038,850.1048,497.00
8.038038,850.1596,608.00
8.038038,850.2144,530.00
8.038038,850.2692,596.00
8.038038,850.3239,572.00
8.038038,850.3787,568.00
8.038038,850.4335,570.00
8.038038,850.4882,575.00
8.038038,850.5430,562.00
8.038038,850.5977,602.00
8.038038,850.6525,530.00
8.038038,850.7072,605.00
8.038038,850.7620,543.00
8.038038,850.8167,609.00
8.038038,850.8715,581.00
8.038038,850.9261,595.00
8.038038,850.9808,514.00
8.038038,851.0356,565.00
8.038038,851.0903,562.00
8.038038,851.1450,650.00
8.038038,851.1996,589.00
8.038038,851.2543,619.00
8.038038,851.3091,578.00
8.038038,851.3638,599.00
8.038038,851.4185,561.00
8.038038,851.4731,610.00
8.038038,851.5278,559.00
8.038038,851.5825,653.00
8.038038,851.6371,585.00
8.038038,851.6918,656.00
8.038038,851.7465,585.00
8.038038,851.8011,619.00
8.038038,851.8558,574.00
8.038038,851.9103,600.00
8.038038,851.9650,574.00
8.038038,852.0196,684.00
8.038038,852.0742,587.00
8.038038,852.1289,619.00
8.038038,852.1835,588.00
8.038038,852.2381,671.00
8.038038,852.2927,646.00
8.038038,852.3473,631.00
8.038038,852.4019,659.00
8.038038,852.4565,674.00
8.038038,852.5111,623.00
8.038038,852.5657,633.00
8.038038,852.6202,589.00
8.038038,852.6747,623.00
8.038038,852.7294,619.00
8.038038,852.7839,651.00
8.038038,852.8385,584.00
8.038038,852.8930,660.00
8.038038,852.9476,587.00
8.038038,853.0022,665.00
8.038038,853.0567,617.00
8.038038,853.1112,706.00
8.038038,853.1658,658.00
8.038038,853.2203,637.00
8.038038,853.2748,664.00
8.038038,853.3293,682.00
8.038038,853.3838,623.00
8.038038,853.4383,675.00
8.038038,853.4928,582.00
8.038038,853.5474,680.00
8.038038,853.6019,651.00
8.038038,853.6563,679.00
8.038038,853.7108,655.00
8.038038,853.7653,681.00
8.038038,853.8198,616.00
8.038038,853.8742,659.00
8.038038,853.9286,653.00
8.038038,853.9832,681.00
8.038038,854.0376,624.00
8.038038,854.0920,700.00
8.038038,854.1465,663.00
8.038038,854.2010,666.00
8.038038,854.2554,634.00
8.038038,854.3098,634.00
8.038038,854.3642,588.00
8.038038,854.4186,699.00
8.038038,854.4731,617.00
8.038038,854.5275,711.00
8.038038,854.5819,629.00
8.038038,854.6363,696.00
8.038038,854.6907,651.00
8.038038,854.7451,640.00
8.038038,854.7994,587.00
8.038038,854.8538,662.00
8.038038,854.9082,632.00
8.038038,854.9626,689.00
8.038038,855.0170,588.00
8.038038,855.0714,691.00
8.038038,855.1257,631.00
8.038038,855.1800,630.00
8.038038,855.2344,624.00
8.038038,855.2888,658.00
8.038038,855.3431,609.00
8.038038,855.3975,657.00
8.038038,855.4518,581.00
8.038038,855.5060,662.00
8.038038,855.5604,621.00
8.038038,855.6147,642.00
8.038038,855.6691,624.00
8.038038,855.7233,648.00
8.038038,855.7776,601.00
8.038038,855.8320,694.00
8.038038,855.8862,611.00
8.038038,855.9406,670.00
8.038038,855.9948,648.00
8.038038,856.0491,706.00
8.038038,856.1035,651.00
8.038038,856.1577,673.00
8.038038,856.2119,641.00
8.038038,856.2662,668.00
8.038038,856.3204,577.00
8.038038,856.3748,697.00
8.038038,856.4290,628.00
8.038038,856.4832,674.00
8.038038,856.5374,648.00
8.038038,856.5916,686.00
8.038038,856.6459,628.00
8.038038,856.7001,692.00
8.038038,856.7543,615.00
8.038038,856.8085,680.00
8.038038,856.8627,653.00
8.038038,856.9169,686.00
8.038038,856.9712,644.00
8.038038,857.0253,653.00
8.038038,857.0795,620.00
8.038038,857.1337,688.00
8.038038,857.1879,597.00
8.038038,857.2421,694.00
8.038038,857.2962,622.00
8.038038,857.3504,674.00
8.038038,857.4045,668.00
8.038038,857.4587,668.00
8.038038,857.5129,671.00
8.038038,857.5670,695.00
8.038038,857.6212,639.00
8.038038,857.6753,692.00
8.038038,857.7294,646.00
8.038038,857.7836,689.00
8.038038,857.8377,637.00
8.038038,857.8918,687.00
8.038038,857.9459,666.00
8.038038,858.0000,679.00
8.038038,858.0541,638.00
8.038038,858.1082,686.00
8.038038,858.1624,627.00
8.038038,858.2164,695.00
8.038038,858.2704,637.00
8.038038,858.3245,675.00
8.038038,858.3787,675.00
8.038038,858.4327,705.00
8.038038,858.4868,629.00
8.038038,858.5408,660.00
8.038038,858.5949,641.00
8.038038,858.6489,681.00
8.038038,858.7030,630.00
8.038038,858.7570,708.00
8.038038,858.8110,672.00
8.038038,858.8651,696.00
8.038038,858.9192,730.00
8.038038,858.9732,697.00
8.038038,859.0272,626.00
8.038038,859.0812,694.00
8.038038,859.1352,628.00
8.038038,859.1892,681.00
8.038038,859.2432,662.00
8.038038,859.2972,699.00
8.038038,859.3512,687.00
8.038038,859.4052,650.00
8.038038,859.4592,644.00
8.038038,859.5132,663.00
8.038038,859.5671,615.00
8.038038,859.6210,663.00
8.038038,859.6750,641.00
8.038038,859.7289,704.00
8.038038,859.7830,623.00
8.038038,859.8369,651.00
8.038038,859.8908,637.00
8.038038,859.9447,626.00
8.038038,859.9987,614.00
8.038038,860.0527,677.00
8.038038,860.1065,593.00
8.038038,860.1605,678.00
8.038038,860.2144,645.00
8.038038,860.2682,643.00
8.038038,860.3222,658.00
8.038038,860.3761,668.00
8.038038,860.4299,579.00
8.038038,860.4838,660.00
8.038038,860.5377,581.00
8.038038,860.5916,671.00
8.038038,860.6455,620.00
8.038038,860.6993,671.00
8.038038,860.7532,626.00
8.038038,860.8071,656.00
8.038038,860.8610,605.00
8.038038,860.9148,668.00
8.038038,860.9687,595.00
8.038038,861.0225,665.00
8.038038,861.0763,638.00
8.038038,861.1301,650.00
8.038038,861.1840,622.00
8.038038,861.2378,683.00
8.038038,861.2916,608.00
8.038038,861.3454,675.00
8.038038,861.3992,619.00
8.038038,861.4531,681.00
8.038038,861.5068,579.00
8.038038,861.5606,650.00
8.038038,861.6144,611.00
8.038038,861.6682,645.00
8.038038,861.7220,602.00
8.038038,861.7758,659.00
8.038038,861.8295,619.00
8.038038,861.8833,637.00
8.038038,861.9370,614.00
8.038038,861.9908,675.00
8.038038,862.0446,605.00
8.038038,862.0983,673.00
8.038038,862.1520,632.00
8.038038,862.2057,655.00
8.038038,862.2595,633.00
8.038038,862.3132,646.00
8.038038,862.3669,584.00
8.038038,862.4206,666.00
8.038038,862.4744,593.00
8.038038,862.5281,678.00
8.038038,862.5818,643.00
8.038038,862.6355,650.00
8.038038,862.6891,603.00
8.038038,862.7429,654.00
8.038038,862.7966,637.00
8.038038,862.8502,641.00
8.038038,862.9039,591.00
8.038038,862.9575,663.00
8.038038,863.0112,649.00
8.038038,863.0648,632.00
8.038038,863.1185,606.00
8.038038,863.1722,627.00
8.038038,863.2258,587.00
8.038038,863.2794,656.00
8.038038,863.3330,592.00
8.038038,863.3867,661.00
8.038038,863.4403,583.00
8.038038,863.4940,649.00
8.038038,863.5475,632.00
8.038038,863.6011,616.00
8.038038,863.6548,620.00
8.038038,863.7084,629.00
8.038038,863.7620,578.00
8.038038,863.8156,608.00
8.038038,863.8691,590.00
8.038038,863.9228,646.00
8.038038,863.9763,620.00
8.038038,864.0299,653.00
8.038038,864.0834,606.00
8.038038,864.1370,633.00
8.038038,864.1906,599.00
8.038038,864.2441,644.00
8.038038,864.2977,558.00
8.038038,864.3512,665.00
8.038038,864.4047,624.00
8.038038,864.4583,625.00
8.038038,864.5118,588.00
8.038038,864.5653,621.00
8.038038,864.6189,572.00
8.038038,864.6724,622.00
8.038038,864.7258,574.00
8.038038,864.7794,640.00
8.038038,864.8329,626.00
8.038038,864.8864,662.00
8.038038,864.9398,625.00
8.038038,864.9933,631.00
8.038038,865.0469,572.00
8.038038,865.1003,619.00
8.038038,865.1538,599.00
8.038038,865.2072,636.00
8.038038,865.2607,615.00
8.038038,865.3142,646.00
8.038038,865.3676,617.00
8.038038,865.4211,645.00
8.038038,865.4745,592.00
8.038038,865.5279,609.00
8.038038,865.5814,615.00
8.038038,865.6348,632.00
8.038038,865.6882,586.00
8.038038,865.7416,666.00
8.038038,865.7950,634.00
8.038038,865.8484,653.00
8.038038,865.9019,608.00
8.038038,865.9552,635.00
8.038038,866.0087,639.00
8.038038,866.0620,639.00
8.038038,866.1154,594.00
8.038038,866.1688,682.00
8.038038,866.2222,613.00
8.038038,866.2755,669.00
8.038038,866.3289,623.00
8.038038,866.3822,675.00
8.038038,866.4356,643.00
8.038038,866.4890,626.00
8.038038,866.5423,630.00
8.038038,866.5956,665.00
8.038038,866.6489,617.00
8.038038,866.7023,675.00
8.038038,866.7556,633.00
8.038038,866.8089,655.00
8.038038,866.8622,636.00
8.038038,866.9155,686.00
8.038038,866.9689,609.00
8.038038,867.0222,656.00
8.038038,867.0755,613.00
8.038038,867.1287,642.00
8.038038,867.1820,641.00
8.038038,867.2354,652.00
8.038038,867.2886,634.00
8.038038,867.3419,658.00
8.038038,867.3951,653.00
8.038038,867.4484,648.00
8.038038,867.5016,570.00
8.038038,867.5549,681.00
8.038038,867.6082,617.00
8.038038,867.6614,618.00
8.038038,867.7146,658.00
8.038038,867.7678,657.00
8.038038,867.8211,656.00
8.038038,867.8743,638.00
8.038038,867.9276,595.00
8.038038,867.9807,677.00
8.038038,868.0339,600.00
8.038038,868.0872,668.00
8.038038,868.1403,637.00
8.038038,868.1935,651.00
8.038038,868.2467,616.00
8.038038,868.2999,660.00
8.038038,868.3531,590.00
8.038038,868.4062,670.00
8.038038,868.4594,603.00
8.038038,868.5126,692.00
8.038038,868.5657,646.00
8.038038,868.6189,665.00
8.038038,868.6721,647.00
8.038038,868.7252,647.00
8.038038,868.7783,606.00
8.038038,868.8315,623.00
8.038038,868.8846,592.00
8.038038,868.9377,663.00
8.038038,868.9908,589.00
8.038038,869.0439,663.00
8.038038,869.0970,637.00
8.038038,869.1501,670.00
8.038038,869.2032,613.00
8.038038,869.2564,636.00
8.038038,869.3094,603.00
8.038038,869.3625,640.00
8.038038,869.4156,603.00
8.038038,869.4688,666.00
8.038038,869.5218,618.00
8.038038,869.5748,665.00
8.038038,869.6279,628.00
8.038038,869.6809,589.00
8.038038,869.7340,583.00
8.038038,869.7870,645.00
8.038038,869.8401,624.00
8.038038,869.8931,654.00
8.038038,869.9462,612.00
8.038038,869.9993,635.00
8.038038,870.0522,612.00
8.038038,870.1052,662.00
8.038038,870.1583,625.00
8.038038,870.2112,688.00
8.038038,870.2642,597.00
8.038038,870.3173,684.00
8.038038,870.3702,625.00
8.038038,870.4232,666.00
8.038038,870.4762,606.00
8.038038,870.5292,638.00
8.038038,870.5822,628.00
8.038038,870.6351,666.00
8.038038,870.6881,589.00
8.038038,870.7410,665.00
8.038038,870.7940,629.00
8.038038,870.8470,664.00
8.038038,870.8999,597.00
8.038038,870.9528,682.00
8.038038,871.0057,646.00
8.038038,871.0587,662.00
8.038038,871.1116,642.00
8.038038,871.1646,648.00
8.038038,871.2175,581.00
8.038038,871.2704,677.00
8.038038,871.3232,637.00
8.038038,871.3762,655.00
8.038038,871.4291,628.00
8.038038,871.4820,638.00
8.038038,871.5348,638.00
8.038038,871.5877,692.00
8.038038,871.6406,621.00
8.038038,871.6935,696.00
8.038038,871.7463,633.00
8.038038,871.7992,667.00
8.038038,871.8521,668.00
8.038038,871.9049,658.00
8.038038,871.9578,672.00
8.038038,872.0106,694.00
8.038038,872.0635,591.00
8.038038,872.1162,668.00
8.038038,872.1691,613.00
8.038038,872.2219,716.00
8.038038,872.2747,607.00
8.038038,872.3275,665.00
8.038038,872.3803,652.00
8.038038,872.4332,648.00
8.038038,872.4860,638.00
8.038038,872.5387,677.00
8.038038,872.5915,642.00
8.038038,872.6443,684.00
8.038038,872.6971,674.00
8.038038,872.7499,671.00
8.038038,872.8026,636.00
8.038038,872.8553,685.00
8.038038,872.9081,646.00
8.038038,872.9609,633.00
8.038038,873.0136,615.00
8.038038,873.0663,696.00
8.038038,873.1191,584.00
8.038038,873.1718,669.00
8.038038,873.2245,650.00
8.038038,873.2773,651.00
8.038038,873.3300,620.00
8.038038,873.3827,656.00
8.038038,873.4354,632.00
8.038038,873.4882,727.00
8.038038,873.5408,647.00
8.038038,873.5935,676.00
8.038038,873.6462,644.00
8.038038,873.6989,678.00
8.038038,873.7515,685.00
8.038038,873.8042,633.00
8.038038,873.8569,644.00
8.038038,873.9096,674.00
8.038038,873.9622,579.00
8.038038,874.0149,672.00
8.038038,874.0675,626.00
8.038038,874.1202,666.00
8.038038,874.1729,633.00
8.038038,874.2255,673.00
8.038038,874.2781,638.00
8.038038,874.3307,669.00
8.038038,874.3834,609.00
8.038038,874.4360,660.00
8.038038,874.4885,646.00
8.038038,874.5411,709.00
8.038038,874.5938,632.00
8.038038,874.6463,644.00
8.038038,874.6990,640.00
8.038038,874.7515,671.00
8.038038,874.8041,632.00
8.038038,874.8567,686.00
8.038038,874.9092,646.00
8.038038,874.9619,694.00
8.038038,875.0144,629.00
8.038038,875.0669,684.00
8.038038,875.1194,677.00
8.038038,875.1720,667.00
8.038038,875.2246,595.00
8.038038,875.2772,666.00
8.038038,875.3296,630.00
8.038038,875.3821,708.00
8.038038,875.4346,667.00
8.038038,875.4872,675.00
8.038038,875.5397,667.00
8.038038,875.5922,673.00
8.038038,875.6447,616.00
8.038038,875.6971,647.00
8.038038,875.7498,603.00
8.038038,875.8022,685.00
8.038038,875.8547,614.00
8.038038,875.9071,688.00
8.038038,875.9596,639.00
8.038038,876.0120,669.00
8.038038,876.0646,626.00
8.038038,876.1169,657.00
8.038038,876.1694,624.00
8.038038,876.2219,669.00
8.038038,876.2743,640.00
8.038038,876.3268,701.00
8.038038,876.3792,616.00
8.038038,876.4316,688.00
8.038038,876.4840,658.00
8.038038,876.5364,664.00
8.038038,876.5889,630.00
8.038038,876.6413,726.00
8.038038,876.6937,608.00
8.038038,876.7460,681.00
8.038038,876.7985,664.00
8.038038,876.8509,711.00
8.038038,876.9032,633.00
8.038038,876.9556,682.00
8.038038,877.0079,638.00
8.038038,877.0604,648.00
8.038038,877.1127,589.00
8.038038,877.1651,696.00
8.038038,877.2174,649.00
8.038038,877.2697,673.00
8.038038,877.3221,638.00
8.038038,877.3744,644.00
8.038038,877.4268,634.00
8.038038,877.4791,638.00
8.038038,877.5314,590.00
8.038038,877.5837,659.00
8.038038,877.6360,620.00
8.038038,877.6884,659.00
8.038038,877.7407,613.00
8.038038,877.7930,623.00
8.038038,877.8452,635.00
8.038038,877.8975,628.00
8.038038,877.9498,613.00
8.038038,878.0021,660.00
8.038038,878.0544,599.00
8.038038,878.1066,641.00
8.038038,878.1589,634.00
8.038038,878.2111,654.00
8.038038,878.2634,652.00
8.038038,878.3157,625.00
8.038038,878.3679,602.00
8.038038,878.4202,651.00
8.038038,878.4724,597.00
8.038038,878.5246,686.00
8.038038,878.5768,604.00
8.038038,878.6290,623.00
8.038038,878.6812,637.00
8.038038,878.7335,650.00
8.038038,878.7856,653.00
8.038038,878.8379,582.00
8.038038,878.8901,613.00
8.038038,878.9422,632.00
8.038038,878.9944,615.00
8.038038,879.0466,670.00
8.038038,879.0988,609.00
8.038038,879.1509,660.00
8.038038,879.2031,620.00
8.038038,879.2552,627.00
8.038038,879.3074,629.00
8.038038,879.3596,654.00
8.038038,879.4117,590.00
8.038038,879.4638,672.00
8.038038,879.5159,607.00
8.038038,879.5681,660.00
8.038038,879.6202,619.00
8.038038,879.6723,655.00
8.038038,879.7244,632.00
8.038038,879.7766,653.00
8.038038,879.8287,576.00
8.038038,879.8808,669.00
8.038038,879.9329,581.00
8.038038,879.9849,668.00
8.038038,880.0370,612.00
8.038038,880.0891,654.00
8.038038,880.1412,606.00
8.038038,880.1932,644.00
8.038038,880.2452,554.00
8.038038,880.2973,664.00
8.038038,880.3495,625.00
8.038038,880.4015,677.00
8.038038,880.4536,662.00
8.038038,880.5056,657.00
8.038038,880.5576,642.00
8.038038,880.6096,614.00
8.038038,880.6616,602.00
8.038038,880.7137,629.00
8.038038,880.7656,576.00
8.038038,880.8176,671.00
8.038038,880.8696,599.00
8.038038,880.9217,653.00
8.038038,880.9737,636.00
8.038038,881.0256,630.00
8.038038,881.0776,579.00
8.038038,881.1296,655.00
8.038038,881.1816,566.00
8.038038,881.2336,644.00
8.038038,881.2855,589.00
8.038038,881.3374,639.00
8.038038,881.3893,607.00
8.038038,881.4413,617.00
8.038038,881.4933,614.00
8.038038,881.5452,656.00
8.038038,881.5972,589.00
8.038038,881.6490,635.00
8.038038,881.7010,588.00
8.038038,881.7530,651.00
8.038038,881.8049,588.00
8.038038,881.8568,644.00
8.038038,881.9086,613.00
8.038038,881.9605,598.00
8.038038,882.0125,589.00
8.038038,882.0643,646.00
8.038038,882.1162,564.00
8.038038,882.1681,658.00
8.038038,882.2199,585.00
8.038038,882.2719,632.00
8.038038,882.3237,607.00
8.038038,882.3755,616.00
8.038038,882.4274,553.00
8.038038,882.4792,602.00
8.038038,882.5311,592.00
8.038038,882.5829,623.00
8.038038,882.6348,606.00
8.038038,882.6866,640.00
8.038038,882.7383,611.00
8.038038,882.7902,614.00
8.038038,882.8420,607.00
8.038038,882.8939,621.00
8.038038,882.9457,556.00
8.038038,882.9974,615.00
8.038038,883.0493,577.00
8.038038,883.1011,629.00
8.038038,883.1528,578.00
8.038038,883.2046,652.00
8.038038,883.2563,609.00
8.038038,883.3081,588.00
8.038038,883.3599,576.00
8.038038,883.4116,627.00
8.038038,883.4634,578.00
8.038038,883.5151,670.00
8.038038,883.5668,618.00
8.038038,883.6187,626.00
8.038038,883.6703,627.00
8.038038,883.7220,609.00
8.038038,883.7738,623.00
8.038038,883.8254,635.00
8.038038,883.8773,575.00
8.038038,883.9289,667.00
8.038038,883.9806,572.00
8.038038,884.0323,645.00
8.038038,884.0840,621.00
8.038038,884.1357,623.00
8.038038,884.1874,579.00
8.038038,884.2391,634.00
8.038038,884.2907,550.00
8.038038,884.3423,650.00
8.038038,884.3940,563.00
8.038038,884.4457,621.00
8.038038,884.4974,603.00
8.038038,884.5490,625.00
8.038038,884.6006,589.00
8.038038,884.6523,621.00
8.038038,884.7039,558.00
8.038038,884.7555,659.00
8.038038,884.8071,602.00
8.038038,884.8588,676.00
8.038038,884.9103,638.00
8.038038,884.9620,627.00
8.038038,885.0136,653.00
8.038038,885.0651,643.00
8.038038,885.1168,640.00
8.038038,885.1683,641.00
8.038038,885.2200,633.00
8.038038,885.2715,664.00
8.038038,885.3231,593.00
8.038038,885.3746,648.00
8.038038,885.4262,638.00
8.038038,885.4778,662.00
8.038038,885.5293,626.00
8.038038,885.5809,660.00
8.038038,885.6324,582.00
8.038038,885.6839,629.00
8.038038,885.7355,619.00
8.038038,885.7870,661.00
8.038038,885.8385,604.00
8.038038,885.8900,673.00
8.038038,885.9415,628.00
8.038038,885.9930,637.00
8.038038,886.0446,610.00
8.038038,886.0960,650.00
8.038038,886.1475,598.00
8.038038,886.1990,670.00
8.038038,886.2504,612.00
8.038038,886.3020,651.00
8.038038,886.3534,621.00
8.038038,886.4048,651.00
8.038038,886.4564,627.00
8.038038,886.5078,622.00
8.038038,886.5593,577.00
8.038038,886.6107,680.00
8.038038,886.6621,609.00
8.038038,886.7136,661.00
8.038038,886.7650,643.00
8.038038,886.8164,652.00
8.038038,886.8679,628.00
8.038038,886.9193,644.00
8.038038,886.9706,582.00
8.038038,887.0220,649.00
8.038038,887.0735,574.00
8.038038,887.1249,646.00
8.038038,887.1762,616.00
8.038038,887.2276,673.00
8.038038,887.2789,676.00
8.038038,887.3304,655.00
8.038038,887.3818,597.00
8.038038,887.4331,682.00
8.038038,887.4844,620.00
8.038038,887.5358,680.00
8.038038,887.5871,627.00
8.038038,887.6385,660.00
8.038038,887.6898,681.00
8.038038,887.7411,624.00
8.038038,887.7925,612.00
8.038038,887.8438,643.00
8.038038,887.8951,608.00
8.038038,887.9464,714.00
8.038038,887.9977,642.00
8.038038,888.0490,704.00
8.038038,888.1003,661.00
8.038038,888.1516,662.00
8.038038,888.2029,613.00
8.038038,888.2542,651.00
8.038038,888.3054,614.00
8.038038,888.3567,668.00
8.038038,888.4080,641.00
8.038038,888.4592,664.00
8.038038,888.5105,619.00
8.038038,888.5618,669.00
8.038038,888.6130,648.00
8.038038,888.6642,654.00
8.038038,888.7155,638.00
8.038038,888.7667,699.00
8.038038,888.8179,618.00
8.038038,888.8691,688.00
8.038038,888.9204,647.00
8.038038,888.9716,673.00
8.038038,889.0228,631.00
8.038038,889.0740,685.00
8.038038,889.1252,658.00
8.038038,889.1764,639.00
8.038038,889.2275,640.00
8.038038,889.2787,691.00
8.038038,889.3299,622.00
8.038038,889.3810,689.00
8.038038,889.4322,663.00
8.038038,889.4835,678.00
8.038038,889.5346,661.00
8.038038,889.5857,673.00
8.038038,889.6368,604.00
8.038038,889.6879,667.00
8.038038,889.7391,603.00
8.038038,889.7903,682.00
8.038038,889.8414,608.00
8.038038,889.8925,684.00
8.038038,889.9435,655.00
8.038038,889.9948,665.00
8.038038,890.0458,587.00
8.038038,890.0969,680.00
8.038038,890.1479,592.00
8.038038,890.1990,681.00
8.038038,890.2501,624.00
8.038038,890.3012,647.00
8.038038,890.3523,646.00
8.038038,890.4034,606.00
8.038038,890.4545,630.00
8.038038,890.5054,646.00
8.038038,890.5566,579.00
8.038038,890.6076,659.00
8.038038,890.6586,611.00
8.038038,890.7097,661.00
8.038038,890.7607,629.00
8.038038,890.8117,669.00
8.038038,890.8627,645.00
8.038038,890.9138,637.00
8.038038,890.9647,604.00
8.038038,891.0157,656.00
8.038038,891.0668,602.00
8.038038,891.1178,662.00
8.038038,891.1688,592.00
8.038038,891.2197,648.00
8.038038,891.2707,626.00
8.038038,891.3217,613.00
8.038038,891.3727,599.00
8.038038,891.4236,632.00
8.038038,891.4745,584.00
8.038038,891.5256,641.00
8.038038,891.5765,606.00
8.038038,891.6275,651.00
8.038038,891.6783,610.00
8.038038,891.7293,610.00
8.038038,891.7802,614.00
8.038038,891.8312,609.00
8.038038,891.8821,561.00
8.038038,891.9330,649.00
8.038038,891.9839,567.00
8.038038,892.0348,639.00
8.038038,892.0857,630.00
8.038038,892.1366,650.00
8.038038,892.1875,592.00
8.038038,892.2383,641.00
8.038038,892.2892,611.00
8.038038,892.3401,629.00
8.038038,892.3911,567.00
8.038038,892.4418,654.00
8.038038,892.4927,620.00
8.038038,892.5436,681.00
8.038038,892.5944,630.00
8.038038,892.6452,637.00
8.038038,892.6961,637.00
8.038038,892.7469,668.00
8.038038,892.7977,592.00
8.038038,892.8485,635.00
8.038038,892.8993,630.00
8.038038,892.9502,684.00
8.038038,893.0010,624.00
8.038038,893.0518,624.00
8.038038,893.1025,669.00
8.038038,893.1534,629.00
8.038038,893.2042,588.00
8.038038,893.2549,690.00
8.038038,893.3057,612.00
8.038038,893.3564,668.00
8.038038,893.4072,666.00
8.038038,893.4580,650.00
8.038038,893.5087,617.00
8.038038,893.5595,626.00
8.038038,893.6102,610.00
8.038038,893.6609,697.00
8.038038,893.7117,595.00
8.038038,893.7625,654.00
8.038038,893.8132,623.00
8.038038,893.8639,637.00
8.038038,893.9146,642.00
8.038038,893.9653,629.00
8.038038,894.0160,625.00
8.038038,894.0667,647.00
8.038038,894.1174,608.00
8.038038,894.1681,641.00
8.038038,894.2188,606.00
8.038038,894.2695,674.00
8.038038,894.3201,635.00
8.038038,894.3708,620.00
8.038038,894.4214,606.00
8.038038,894.4720,643.00
8.038038,894.5228,615.00
8.038038,894.5734,689.00
8.038038,894.6240,622.00
8.038038,894.6746,703.00
8.038038,894.7252,679.00
8.038038,894.7759,611.00
8.038038,894.8265,638.00
8.038038,894.8771,667.00
8.038038,894.9277,565.00
8.038038,894.9783,669.00
8.038038,895.0290,591.00
8.038038,895.0795,685.00
8.038038,895.1301,627.00
8.038038,895.1807,674.00
8.038038,895.2313,646.00
8.038038,895.2819,627.00
8.038038,895.3325,618.00
8.038038,895.3830,637.00
8.038038,895.4336,573.00
8.038038,895.4841,689.00
8.038038,895.5347,607.00
8.038038,895.5852,655.00
8.038038,895.6357,640.00
8.038038,895.6863,664.00
8.038038,895.7368,634.00
8.038038,895.7874,627.00
8.038038,895.8379,581.00
8.038038,895.8884,670.00
8.038038,895.9388,602.00
8.038038,895.9893,675.00
8.038038,896.0399,633.00
8.038038,896.0904,644.00
8.038038,896.1408,663.00
8.038038,896.1913,679.00
8.038038,896.2418,605.00
8.038038,896.2922,658.00
8.038038,896.3427,632.00
8.038038,896.3932,711.00
8.038038,896.4437,655.00
8.038038,896.4941,684.00
8.038038,896.5445,637.00
8.038038,896.5950,660.00
8.038038,896.6454,649.00
8.038038,896.6958,649.00
8.038038,896.7462,578.00
8.038038,896.7967,656.00
8.038038,896.8471,618.00
8.038038,896.8975,680.00
8.038038,896.9479,654.00
8.038038,896.9983,671.00
8.038038,897.0486,630.00
8.038038,897.0991,621.00
8.038038,897.1495,608.00
8.038038,897.1998,681.00
8.038038,897.2502,615.00
8.038038,897.3005,705.00
8.038038,897.3510,630.00
8.038038,897.4013,678.00
8.038038,897.4517,664.00
8.038038,897.5020,669.00
8.038038,897.5523,618.00
8.038038,897.6026,687.00
8.038038,897.6530,625.00
8.038038,897.7033,684.00
8.038038,897.7537,622.00
8.038038,897.8040,671.00
8.038038,897.8542,625.00
8.038038,897.9046,654.00
8.038038,897.9549,628.00
8.038038,898.0051,677.00
8.038038,898.0554,633.00
8.038038,898.1057,686.00
8.038038,898.1560,621.00
8.038038,898.2063,672.00
8.038038,898.2565,624.00
8.038038,898.3068,636.00
8.038038,898.3571,661.00
8.038038,898.4073,634.00
8.038038,898.4576,592.00
8.038038,898.5078,642.00
8.038038,898.5580,574.00
8.038038,898.6083,672.00
8.038038,898.6584,663.00
8.038038,898.7087,648.00
8.038038,898.7590,639.00
8.038038,898.8091,625.00
8.038038,898.8593,642.00
8.038038,898.9095,653.00
8.038038,898.9598,586.00
8.038038,899.0099,679.00
8.038038,899.0601,612.00
8.038038,899.1103,647.00
8.038038,899.1605,632.00
8.038038,899.2107,629.00
8.038038,899.2608,599.00
8.038038,899.3109,618.00
8.038038,899.3611,597.00
8.038038,899.4113,682.00
8.038038,899.4614,614.00
8.038038,899.5115,633.00
8.038038,899.5616,647.00
8.038038,899.6118,628.00
8.038038,899.6619,619.00
8.038038,899.7121,619.00
8.038038,899.7622,574.00
8.038038,899.8123,641.00
8.038038,899.8624,600.00
8.038038,899.9124,645.00
8.038038,899.9626,649.00
8.038038,900.0126,653.00
8.038038,900.0627,616.00
8.038038,900.1127,670.00
8.038038,900.1628,574.00
8.038038,900.2130,658.00
8.038038,900.2631,564.00
8.038038,900.3130,634.00
8.038038,900.3631,599.00
8.038038,900.4131,633.00
8.038038,900.4632,599.00
8.038038,900.5132,638.00
8.038038,900.5633,607.00
8.038038,900.6132,627.00
8.038038,900.6632,602.00
8.038038,900.7133,625.00
8.038038,900.7633,577.00
8.038038,900.8133,647.00
8.038038,900.8633,585.00
8.038038,900.9133,633.00
8.038038,900.9633,592.00
8.038038,901.0133,632.00
8.038038,901.0632,587.00
8.038038,901.1132,598.00
8.038038,901.1631,582.00
8.038038,901.2131,664.00
8.038038,901.2631,600.00
8.038038,901.3130,657.00
8.038038,901.3630,617.00
8.038038,901.4129,631.00
8.038038,901.4628,614.00
8.038038,901.5128,638.00
8.038038,901.5627,562.00
8.038038,901.6126,650.00
8.038038,901.6625,601.00
8.038038,901.7124,619.00
8.038038,901.7623,635.00
8.038038,901.8123,613.00
8.038038,901.8621,625.00
8.038038,901.9120,638.00
8.038038,901.9619,583.00
8.038038,902.0117,671.00
8.038038,902.0616,600.00
8.038038,902.1115,666.00
8.038038,902.1613,625.00
8.038038,902.2112,649.00
8.038038,902.2610,617.00
8.038038,902.3109,620.00
8.038038,902.3608,589.00
8.038038,902.4106,652.00
8.038038,902.4604,590.00
8.038038,902.5103,640.00
8.038038,902.5601,604.00
8.038038,902.6099,652.00
8.038038,902.6597,630.00
8.038038,902.7095,643.00
8.038038,902.7592,624.00
8.038038,902.8090,670.00
8.038038,902.8589,550.00
8.038038,902.9086,659.00
8.038038,902.9584,597.00
8.038038,903.0082,642.00
8.038038,903.0580,621.00
8.038038,903.1077,637.00
8.038038,903.1575,601.00
8.038038,903.2072,642.00
8.038038,903.2570,585.00
8.038038,903.3067,674.00
8.038038,903.3564,624.00
8.038038,903.4062,666.00
8.038038,903.4559,639.00
8.038038,903.5056,646.00
8.038038,903.5553,653.00
8.038038,903.6050,634.00
8.038038,903.6547,603.00
8.038038,903.7045,661.00
8.038038,903.7541,577.00
8.038038,903.8038,664.00
8.038038,903.8535,611.00
8.038038,903.9032,619.00
8.038038,903.9528,618.00
8.038038,904.0025,612.00
8.038038,904.0522,600.00
8.038038,904.1019,627.00
8.038038,904.1515,593.00
8.038038,904.2012,663.00
8.038038,904.2507,572.00
8.038038,904.3004,628.00
8.038038,904.3500,583.00
8.038038,904.3997,596.00
8.038038,904.4493,601.00
8.038038,904.4989,600.00
8.038038,904.5485,558.00
8.038038,904.5980,617.00
8.038038,904.6477,576.00
8.038038,904.6973,626.00
8.038038,904.7469,590.00
8.038038,904.7964,659.00
8.038038,904.8460,624.00
8.038038,904.8956,588.00
8.038038,904.9452,581.00
8.038038,904.9947,609.00
8.038038,905.0443,585.00
8.038038,905.0938,644.00
8.038038,905.1434,612.00
8.038038,905.1929,602.00
8.038038,905.2424,630.00
8.038038,905.2919,632.00
8.038038,905.3414,616.00
8.038038,905.3910,630.00
8.038038,905.4406,623.00
8.038038,905.4901,679.00
8.038038,905.5396,590.00
8.038038,905.5890,632.00
8.038038,905.6385,649.00
8.038038,905.6880,627.00
8.038038,905.7375,607.00
8.038038,905.7870,675.00
8.038038,905.8364,584.00
8.038038,905.8859,648.00
8.038038,905.9354,629.00
8.038038,905.9848,681.00
8.038038,906.0342,669.00
8.038038,906.0837,654.00
8.038038,906.1331,598.00
8.038038,906.1826,654.00
8.038038,906.2321,618.00
8.038038,906.2814,644.00
8.038038,906.3309,577.00
8.038038,906.3802,659.00
8.038038,906.4297,625.00
8.038038,906.4791,635.00
8.038038,906.5285,624.00
8.038038,906.5779,604.00
8.038038,906.6273,607.00
8.038038,906.6766,648.00
8.038038,906.7260,597.00
8.038038,906.7754,670.00
8.038038,906.8248,584.00
8.038038,906.8741,665.00
8.038038,906.9235,604.00
8.038038,906.9729,620.00
8.038038,907.0222,621.00
8.038038,907.0715,666.00
8.038038,907.1208,586.00
8.038038,907.1702,652.00
8.038038,907.2195,620.00
8.038038,907.2688,676.00
8.038038,907.3181,595.00
8.038038,907.3674,645.00
8.038038,907.4167,612.00
8.038038,907.4660,646.00
8.038038,907.5153,558.00
8.038038,907.5646,637.00
8.038038,907.6139,596.00
8.038038,907.6631,678.00
8.038038,907.7125,607.00
8.038038,907.7617,647.00
8.038038,907.8110,610.00
8.038038,907.8602,626.00
8.038038,907.9094,607.00
8.038038,907.9587,635.00
8.038038,908.0080,557.00
8.038038,908.0572,671.00
8.038038,908.1064,599.00
8.038038,908.1556,661.00
8.038038,908.2048,629.00
8.038038,908.2541,610.00
8.038038,908.3033,629.00
8.038038,908.3524,613.00
8.038038,908.4017,564.00
8.038038,908.4508,682.00
8.038038,908.5000,619.00
8.038038,908.5493,634.00
8.038038,908.5984,632.00
8.038038,908.6475,614.00
8.038038,908.6967,573.00
8.038038,908.7459,631.00
8.038038,908.7950,577.00
8.038038,908.8442,624.00
8.038038,908.8932,591.00
8.038038,908.9424,646.00
8.038038,908.9916,611.00
8.038038,909.0407,666.00
8.038038,909.0898,652.00
8.038038,909.1389,647.00
8.038038,909.1880,603.00
8.038038,909.2372,655.00
8.038038,909.2863,569.00
8.038038,909.3354,686.00
8.038038,909.3845,579.00
8.038038,909.4335,663.00
8.038038,909.4825,633.00
8.038038,909.5317,612.00
8.038038,909.5807,613.00
8.038038,909.6298,649.00
8.038038,909.6789,573.00
8.038038,909.7280,622.00
8.038038,909.7770,588.00
8.038038,909.8260,644.00
8.038038,909.8751,608.00
8.038038,909.9241,646.00
8.038038,909.9731,607.00
8.038038,910.0222,640.00
8.038038,910.0711,588.00
8.038038,910.1201,634.00
8.038038,910.1691,585.00
8.038038,910.2181,639.00
8.038038,910.2672,618.00
8.038038,910.3162,656.00
8.038038,910.3651,621.00
8.038038,910.4141,642.00
8.038038,910.4631,611.00
8.038038,910.5120,601.00
8.038038,910.5610,592.00
8.038038,910.6099,648.00
8.038038,910.6589,629.00
8.038038,910.7078,671.00
8.038038,910.7568,630.00
8.038038,910.8057,644.00
8.038038,910.8546,638.00
8.038038,910.9036,650.00
8.038038,910.9525,605.00
8.038038,911.0013,661.00
8.038038,911.0503,644.00
8.038038,911.0992,647.00
8.038038,911.1481,621.00
8.038038,911.1970,650.00
8.038038,911.2459,630.00
8.038038,911.2948,632.00
8.038038,911.3436,615.00
8.038038,911.3925,630.00
8.038038,911.4414,625.00
8.038038,911.4902,663.00
8.038038,911.5391,636.00
8.038038,911.5880,619.00
8.038038,911.6368,629.00
8.038038,911.6857,616.00
8.038038,911.7344,611.00
8.038038,911.7833,672.00
8.038038,911.8321,625.00
8.038038,911.8809,654.00
8.038038,911.9297,610.00
8.038038,911.9785,663.00
8.038038,912.0273,642.00
8.038038,912.0762,616.00
8.038038,912.1249,641.00
8.038038,912.1737,637.00
8.038038,912.2225,591.00
8.038038,912.2712,673.00
8.038038,912.3201,630.00
8.038038,912.3688,694.00
8.038038,912.4176,626.00
8.038038,912.4663,647.00
8.038038,912.5150,610.00
8.038038,912.5638,663.00
8.038038,912.6125,617.00
8.038038,912.6613,677.00
8.038038,912.7100,597.00
8.038038,912.7587,667.00
8.038038,912.8074,643.00
8.038038,912.8561,674.00
8.038038,912.9048,654.00
8.038038,912.9535,678.00
8.038038,913.0023,641.00
8.038038,913.0510,657.00
8.038038,913.0996,627.00
8.038038,913.1483,669.00
8.038038,913.1969,629.00
8.038038,913.2456,652.00
8.038038,913.2943,672.00
8.038038,913.3430,679.00
8.038038,913.3916,636.00
8.038038,913.4402,654.00
8.038038,913.4888,624.00
8.038038,913.5375,710.00
8.038038,913.5862,631.00
8.038038,913.6348,666.00
8.038038,913.6834,669.00
8.038038,913.7320,656.00
8.038038,913.7806,669.00
8.038038,913.8292,665.00
8.038038,913.8778,649.00
8.038038,913.9264,656.00
8.038038,913.9750,634.00
8.038038,914.0236,698.00
8.038038,914.0721,660.00
8.038038,914.1207,696.00
8.038038,914.1693,622.00
8.038038,914.2178,671.00
8.038038,914.2664,639.00
8.038038,914.3149,688.00
8.038038,914.3635,638.00
8.038038,914.4120,689.00
8.038038,914.4606,655.00
8.038038,914.5090,713.00
8.038038,914.5576,704.00
8.038038,914.6061,705.00
8.038038,914.6546,662.00
8.038038,914.7031,685.00
8.038038,914.7516,640.00
8.038038,914.8001,712.00
8.038038,914.8486,668.00
8.038038,914.8971,691.00
8.038038,914.9456,642.00
8.038038,914.9941,666.00
8.038038,915.0425,660.00
8.038038,915.0910,652.00
8.038038,915.1395,619.00
8.038038,915.1879,689.00
8.038038,915.2363,639.00
8.038038,915.2849,724.00
8.038038,915.3333,672.00
8.038038,915.3817,709.00
8.038038,915.4301,634.00
8.038038,915.4785,661.00
8.038038,915.5269,624.00
8.038038,915.5754,692.00
8.038038,915.6237,646.00
8.038038,915.6721,705.00
8.038038,915.7205,656.00
8.038038,915.7689,710.00
8.038038,915.8173,662.00
8.038038,915.8657,657.00
8.038038,915.9141,650.00
8.038038,915.9623,704.00
8.038038,916.0107,629.00
8.038038,916.0591,689.00
8.038038,916.1075,628.00
8.038038,916.1558,701.00
8.038038,916.2042,650.00
8.038038,916.2524,674.00
8.038038,916.3008,648.00
8.038038,916.3491,656.00
8.038038,916.3974,610.00
8.038038,916.4457,685.00
8.038038,916.4940,629.00
8.038038,916.5423,666.00
8.038038,916.5907,650.00
8.038038,916.6390,681.00
8.038038,916.6872,656.00
8.038038,916.7355,658.00
8.038038,916.7838,635.00
8.038038,916.8320,695.00
8.038038,916.8803,628.00
8.038038,916.9286,694.00
8.038038,916.9768,631.00
8.038038,917.0250,661.00
8.038038,917.0733,683.00
8.038038,917.1216,668.00
8.038038,917.1698,639.00
8.038038,917.2180,635.00
8.038038,917.2662,600.00
8.038038,917.3145,669.00
8.038038,917.3626,650.00
8.038038,917.4109,685.00
8.038038,917.4590,611.00
8.038038,917.5072,698.00
8.038038,917.5554,642.00
8.038038,917.6036,671.00
8.038038,917.6518,620.00
8.038038,917.7000,687.00
8.038038,917.7481,613.00
8.038038,917.7963,699.00
8.038038,917.8444,641.00
8.038038,917.8926,680.00
8.038038,917.9407,657.00
8.038038,917.9888,666.00
8.038038,918.0369,587.00
8.038038,918.0851,674.00
8.038038,918.1332,618.00
8.038038,918.1813,668.00
8.038038,918.2294,645.00
8.038038,918.2776,703.00
8.038038,918.3257,655.00
8.038038,918.3737,657.00
8.038038,918.4218,642.00
8.038038,918.4699,678.00
8.038038,918.5180,613.00
8.038038,918.5660,643.00
8.038038,918.6142,628.00
8.038038,918.6622,683.00
8.038038,918.7103,649.00
8.038038,918.7583,686.00
8.038038,918.8064,637.00
8.038038,918.8544,672.00
8.038038,918.9025,645.00
8.038038,918.9505,694.00
8.038038,918.9985,625.00
8.038038,919.0464,716.00
8.038038,919.0945,652.00
8.038038,919.1426,724.00
8.038038,919.1905,667.00
8.038038,919.2385,656.00
8.038038,919.2866,632.00
8.038038,919.3345,670.00
8.038038,919.3825,616.00
8.038038,919.4304,675.00
8.038038,919.4785,602.00
8.038038,919.5264,698.00
8.038038,919.5744,659.00
8.038038,919.6224,662.00
8.038038,919.6703,665.00
8.038038,919.7182,653.00
8.038038,919.7661,625.00
8.038038,919.8141,693.00
8.038038,919.8620,677.00
8.038038,919.9100,694.00
8.038038,919.9578,648.00
8.038038,920.0057,708.00
8.038038,920.0536,654.00
8.038038,920.1016,658.00
8.038038,920.1495,637.00
8.038038,920.1973,670.00
8.038038,920.2452,588.00
8.038038,920.2932,683.00
8.038038,920.3410,647.00
8.038038,920.3888,690.00
8.038038,920.4367,651.00
8.038038,920.4846,636.00
8.038038,920.5323,615.00
8.038038,920.5803,625.00
8.038038,920.6281,607.00
8.038038,920.6759,707.00
8.038038,920.7237,672.00
8.038038,920.7715,677.00
8.038038,920.8195,644.00
8.038038,920.8672,631.00
8.038038,920.9150,643.00
8.038038,920.9628,668.00
8.038038,921.0106,650.00
8.038038,921.0584,686.00
8.038038,921.1062,599.00
8.038038,921.1540,685.00
8.038038,921.2017,638.00
8.038038,921.2495,651.00
8.038038,921.2973,645.00
8.038038,921.3450,645.00
8.038038,921.3928,598.00
8.038038,921.4405,657.00
8.038038,921.4882,595.00
8.038038,921.5359,668.00
8.038038,921.5837,658.00
8.038038,921.6315,669.00
8.038038,921.6791,648.00
8.038038,921.7269,675.00
8.038038,921.7746,610.00
8.038038,921.8223,645.00
8.038038,921.8700,604.00
8.038038,921.9177,684.00
8.038038,921.9653,609.00
8.038038,922.0130,687.00
8.038038,922.0607,646.00
8.038038,922.1084,638.00
8.038038,922.1561,632.00
8.038038,922.2037,676.00
8.038038,922.2513,623.00
8.038038,922.2990,671.00
8.038038,922.3467,615.00
8.038038,922.3943,664.00
8.038038,922.4419,614.00
8.038038,922.4895,667.00
8.038038,922.5371,633.00
8.038038,922.5848,645.00
8.038038,922.6324,628.00
8.038038,922.6800,677.00
8.038038,922.7276,599.00
8.038038,922.7752,666.00
8.038038,922.8228,644.00
8.038038,922.8704,686.00
8.038038,922.9179,632.00
8.038038,922.9655,697.00
8.038038,923.0130,659.00
8.038038,923.0607,716.00
8.038038,923.1082,617.00
8.038038,923.1558,724.00
8.038038,923.2032,616.00
8.038038,923.2508,665.00
8.038038,923.2983,678.00
8.038038,923.3459,680.00
8.038038,923.3934,660.00
8.038038,923.4409,664.00
8.038038,923.4884,634.00
8.038038,923.5359,691.00
8.038038,923.5834,614.00
8.038038,923.6309,696.00
8.038038,923.6784,660.00
8.038038,923.7259,687.00
8.038038,923.7734,645.00
8.038038,923.8209,641.00
8.038038,923.8683,598.00
8.038038,923.9158,670.00
8.038038,923.9632,633.00
8.038038,924.0106,702.00
8.038038,924.0581,610.00
8.038038,924.1056,663.00
8.038038,924.1530,639.00
8.038038,924.2004,668.00
8.038038,924.2479,623.00
8.038038,924.2952,627.00
8.038038,924.3427,589.00
8.038038,924.3901,703.00
8.038038,924.4375,642.00
8.038038,924.4849,689.00
8.038038,924.5323,673.00
8.038038,924.5797,640.00
8.038038,924.6270,641.00
8.038038,924.6744,665.00
8.038038,924.7218,608.00
8.038038,924.7692,690.00
8.038038,924.8165,630.00
8.038038,924.8639,670.00
8.038038,924.9112,650.00
8.038038,924.9585,688.00
8.038038,925.0059,683.00
8.038038,925.0532,647.00
8.038038,925.1005,627.00
8.038038,925.1478,657.00
8.038038,925.1952,602.00
8.038038,925.2424,693.00
8.038038,925.2897,635.00
8.038038,925.3370,699.00
8.038038,925.3843,678.00
8.038038,925.4316,683.00
8.038038,925.4789,622.00
8.038038,925.5262,663.00
8.038038,925.5734,633.00
8.038038,925.6207,665.00
8.038038,925.6680,639.00
8.038038,925.7153,707.00
8.038038,925.7625,643.00
8.038038,925.8097,636.00
8.038038,925.8569,664.00
8.038038,925.9042,669.00
8.038038,925.9514,631.00
8.038038,925.9987,689.00
8.038038,926.0458,646.00
8.038038,926.0930,698.00
8.038038,926.1403,624.00
8.038038,926.1874,689.00
8.038038,926.2346,670.00
8.038038,926.2819,697.00
8.038038,926.3290,633.00
8.038038,926.3762,658.00
8.038038,926.4233,620.00
8.038038,926.4705,715.00
8.038038,926.5177,678.00
8.038038,926.5648,714.00
8.038038,926.6120,701.00
8.038038,926.6591,724.00
8.038038,926.7063,643.00
8.038038,926.7534,673.00
8.038038,926.8005,621.00
8.038038,926.8477,708.00
8.038038,926.8947,672.00
8.038038,926.9418,705.00
8.038038,926.9890,680.00
8.038038,927.0361,698.00
8.038038,927.0831,632.00
8.038038,927.1302,686.00
8.038038,927.1773,602.00
8.038038,927.2244,732.00
8.038038,927.2715,663.00
8.038038,927.3185,686.00
8.038038,927.3656,655.00
8.038038,927.4126,707.00
8.038038,927.4597,718.00
8.038038,927.5067,705.00
8.038038,927.5538,655.00
8.038038,927.6008,701.00
8.038038,927.6478,657.00
8.038038,927.6949,745.00
8.038038,927.7419,686.00
8.038038,927.7888,703.00
8.038038,927.8358,690.00
8.038038,927.8829,716.00
8.038038,927.9299,658.00
8.038038,927.9769,739.00
8.038038,928.0239,675.00
8.038038,928.0708,689.00
8.038038,928.1177,650.00
8.038038,928.1648,725.00
8.038038,928.2117,683.00
8.038038,928.2587,675.00
8.038038,928.3056,678.00
8.038038,928.3525,707.00
8.038038,928.3995,660.00
8.038038,928.4465,695.00
8.038038,928.4934,679.00
8.038038,928.5402,685.00
8.038038,928.5872,643.00
8.038038,928.6340,732.00
8.038038,928.6810,663.00
8.038038,928.7279,689.00
8.038038,928.7748,680.00
8.038038,928.8217,713.00
8.038038,928.8685,652.00
8.038038,928.9155,681.00
8.038038,928.9623,630.00
8.038038,929.0092,702.00
8.038038,929.0560,640.00
8.038038,929.1028,660.00
8.038038,929.1498,658.00
8.038038,929.1965,685.00
8.038038,929.2434,657.00
8.038038,929.2902,722.00
8.038038,929.3370,636.00
8.038038,929.3839,699.00
8.038038,929.4307,692.00
8.038038,929.4775,674.00
8.038038,929.5243,659.00
8.038038,929.5710,690.00
8.038038,929.6179,639.00
8.038038,929.6647,664.00
8.038038,929.7115,617.00
8.038038,929.7582,693.00
8.038038,929.8050,639.00
8.038038,929.8517,713.00
8.038038,929.8986,658.00
8.038038,929.9453,670.00
8.038038,929.9921,676.00
8.038038,930.0388,697.00
8.038038,930.0854,646.00
8.038038,930.1323,705.00
8.038038,930.1790,647.00
8.038038,930.2256,686.00
8.038038,930.2724,654.00
8.038038,930.3191,635.00
8.038038,930.3658,662.00
8.038038,930.4125,681.00
8.038038,930.4592,653.00
8.038038,930.5059,709.00
8.038038,930.5526,639.00
8.038038,930.5993,673.00
8.038038,930.6459,702.00
8.038038,930.6926,688.00
8.038038,930.7392,660.00
8.038038,930.7859,701.00
8.038038,930.8325,640.00
8.038038,930.8792,675.00
8.038038,930.9258,636.00
8.038038,930.9725,714.00
8.038038,931.0190,642.00
8.038038,931.0657,700.00
8.038038,931.1123,679.00
8.038038,931.1589,670.00
8.038038,931.2055,629.00
8.038038,931.2521,651.00
8.038038,931.2987,640.00
8.038038,931.3453,699.00
8.038038,931.3919,639.00
8.038038,931.4385,680.00
8.038038,931.4850,677.00
8.038038,931.5316,672.00
8.038038,931.5782,669.00
8.038038,931.6248,671.00
8.038038,931.6713,660.00
8.038038,931.7178,692.00
8.038038,931.7643,650.00
8.038038,931.8109,716.00
8.038038,931.8574,675.00
8.038038,931.9039,700.00
8.038038,931.9504,694.00
8.038038,931.9969,693.00
8.038038,932.0435,654.00
8.038038,932.0900,715.00
8.038038,932.1365,634.00
8.038038,932.1829,707.00
8.038038,932.2294,666.00
8.038038,932.2759,707.00
8.038038,932.3223,653.00
8.038038,932.3688,653.00
8.038038,932.4153,667.00
8.038038,932.4617,703.00
8.038038,932.5082,693.00
8.038038,932.5546,744.00
8.038038,932.6011,678.00
8.038038,932.6475,757.00
8.038038,932.6939,767.00
8.038038,932.7402,746.00
8.038038,932.7867,706.00
8.038038,932.8331,739.00
8.038038,932.8795,696.00
8.038038,932.9259,793.00
8.038038,932.9723,757.00
8.038038,933.0187,873.00
8.038038,933.0651,913.00
8.038038,933.1115,1034.00
8.038038,933.1578,1132.00
8.038038,933.2042,1222.00
8.038038,933.2505,1346.00
8.038038,933.2969,1850.00
8.038038,933.3433,2857.00
8.038038,933.3896,4368.00
8.038038,933.4359,7351.00
8.038038,933.4822,10809.00
8.038038,933.5286,10591.00
8.038038,933.5749,6788.00
8.038038,933.6212,3246.00
8.038038,933.6675,1959.00
8.038038,933.7138,1884.00
8.038038,933.7601,2735.00
8.038038,933.8064,4208.00
8.038038,933.8527,4655.00
8.038038,933.8989,3909.00
8.038038,933.9452,3212.00
8.038038,933.9915,3053.00
8.038038,934.0378,2810.00
8.038038,934.0840,2011.00
8.038038,934.1302,1340.00
8.038038,934.1765,1022.00
8.038038,934.2227,1148.00
8.038038,934.2690,1263.00
8.038038,934.3152,1097.00
8.038038,934.3614,920.00
8.038038,934.4077,849.00
8.038038,934.4539,722.00
8.038038,934.5001,771.00
8.038038,934.5463,676.00
8.038038,934.5925,776.00
8.038038,934.6387,708.00
8.038038,934.6848,731.00
8.038038,934.7310,691.00
8.038038,934.7772,694.00
8.038038,934.8234,676.00
8.038038,934.8695,708.00
8.038038,934.9156,689.00
8.038038,934.9619,715.00
8.038038,935.0080,721.00
8.038038,935.0541,752.00
8.038038,935.1002,752.00
8.038038,935.1464,718.00
8.038038,935.1925,687.00
8.038038,935.2386,736.00
8.038038,935.2847,672.00
8.038038,935.3308,728.00
8.038038,935.3769,659.00
8.038038,935.4230,733.00
8.038038,935.4691,684.00
8.038038,935.5152,732.00
8.038038,935.5613,686.00
8.038038,935.6073,725.00
8.038038,935.6534,652.00
8.038038,935.6995,720.00
8.038038,935.7455,652.00
8.038038,935.7916,729.00
8.038038,935.8376,676.00
8.038038,935.8837,728.00
8.038038,935.9297,656.00
8.038038,935.9757,700.00
8.038038,936.0217,626.00
8.038038,936.0677,662.00
8.038038,936.1137,652.00
8.038038,936.1598,712.00
8.038038,936.2057,652.00
8.038038,936.2518,687.00
8.038038,936.2977,653.00
8.038038,936.3437,680.00
8.038038,936.3896,640.00
8.038038,936.4357,670.00
8.038038,936.4816,607.00
8.038038,936.5275,700.00
8.038038,936.5735,652.00
8.038038,936.6194,702.00
8.038038,936.6654,683.00
8.038038,936.7114,657.00
8.038038,936.7573,598.00
8.038038,936.8032,650.00
8.038038,936.8491,591.00
8.038038,936.8950,659.00
8.038038,936.9409,610.00
8.038038,936.9868,683.00
8.038038,937.0327,625.00
8.038038,937.0786,697.00
8.038038,937.1245,651.00
8.038038,937.1704,653.00
8.038038,937.2162,605.00
8.038038,937.2621,660.00
8.038038,937.3080,598.00
8.038038,937.3539,671.00
8.038038,937.3997,616.00
8.038038,937.4455,696.00
8.038038,937.4913,660.00
8.038038,937.5372,683.00
8.038038,937.5831,621.00
8.038038,937.6289,626.00
8.038038,937.6747,620.00
8.038038,937.7205,690.00
8.038038,937.7663,603.00
8.038038,937.8121,666.00
8.038038,937.8579,629.00
8.038038,937.9037,642.00
8.038038,937.9495,655.00
8.038038,937.9952,695.00
8.038038,938.0410,613.00
8.038038,938.0868,668.00
8.038038,938.1325,575.00
8.038038,938.1783,663.00
8.038038,938.2240,631.00
8.038038,938.2698,668.00
8.038038,938.3155,636.00
8.038038,938.3613,641.00
8.038038,938.4069,591.00
8.038038,938.4527,633.00
8.038038,938.4984,596.00
8.038038,938.5441,704.00
8.038038,938.5898,642.00
8.038038,938.6356,693.00
8.038038,938.6812,632.00
8.038038,938.7269,672.00
8.038038,938.7726,630.00
8.038038,938.8182,669.00
8.038038,938.8640,652.00
8.038038,938.9096,690.00
8.038038,938.9552,614.00
8.038038,939.0010,649.00
8.038038,939.0466,660.00
8.038038,939.0922,696.00
8.038038,939.1378,671.00
8.038038,939.1835,705.00
8.038038,939.2291,612.00
8.038038,939.2747,700.00
8.038038,939.3203,640.00
8.038038,939.3659,697.00
8.038038,939.4115,668.00
8.038038,939.4570,686.00
8.038038,939.5027,686.00
8.038038,939.5483,684.00
8.038038,939.5939,632.00
8.038038,939.6395,702.00
8.038038,939.6851,635.00
8.038038,939.7306,701.00
8.038038,939.7761,656.00
8.038038,939.8217,726.00
8.038038,939.8672,687.00
8.038038,939.9127,691.00
8.038038,939.9583,676.00
8.038038,940.0038,714.00
8.038038,940.0493,669.00
8.038038,940.0948,721.00
8.038038,940.1403,645.00
8.038038,940.1859,738.00
8.038038,940.2314,655.00
8.038038,940.2769,716.00
8.038038,940.3223,638.00
8.038038,940.3678,706.00
8.038038,940.4133,667.00
8.038038,940.4588,701.00
8.038038,940.5042,668.00
8.038038,940.5497,735.00
8.038038,940.5952,633.00
8.038038,940.6406,747.00
8.038038,940.6860,684.00
8.038038,940.7315,698.00
8.038038,940.7769,681.00
8.038038,940.8223,702.00
8.038038,940.8677,661.00
8.038038,940.9132,704.00
8.038038,940.9586,677.00
8.038038,941.0040,742.00
8.038038,941.0494,713.00
8.038038,941.0948,690.00
8.038038,941.1402,676.00
8.038038,941.1855,676.00
8.038038,941.2310,637.00
8.038038,941.2762,738.00
8.038038,941.3216,659.00
8.038038,941.3670,742.00
8.038038,941.4124,680.00
8.038038,941.4577,696.00
8.038038,941.5031,669.00
8.038038,941.5483,687.00
8.038038,941.5937,647.00
8.038038,941.6390,720.00
8.038038,941.6843,652.00
8.038038,941.7296,720.00
8.038038,941.7749,641.00
8.038038,941.8203,685.00
8.038038,941.8655,676.00
8.038038,941.9108,678.00
8.038038,941.9561,676.00
8.038038,942.0013,708.00
8.038038,942.0467,662.00
8.038038,942.0920,720.00
8.038038,942.1372,665.00
8.038038,942.1824,702.00
8.038038,942.2277,684.00
8.038038,942.2729,693.00
8.038038,942.3182,668.00
8.038038,942.3634,708.00
8.038038,942.4086,661.00
8.038038,942.4539,684.00
8.038038,942.4990,644.00
8.038038,942.5443,696.00
8.038038,942.5895,680.00
8.038038,942.6347,706.00
8.038038,942.6798,640.00
8.038038,942.7250,672.00
8.038038,942.7702,658.00
8.038038,942.8154,714.00
8.038038,942.8606,623.00
8.038038,942.9058,712.00
8.038038,942.9508,650.00
8.038038,942.9960,719.00
8.038038,943.0412,651.00
8.038038,943.0864,687.00
8.038038,943.1314,642.00
8.038038,943.1766,707.00
8.038038,943.2217,663.00
8.038038,943.2668,707.00
8.038038,943.3120,645.00
8.038038,943.3571,747.00
8.038038,943.4021,675.00
8.038038,943.4473,699.00
8.038038,943.4923,671.00
8.038038,943.5374,718.00
8.038038,943.5825,679.00
8.038038,943.6276,713.00
8.038038,943.6725,631.00
8.038038,943.7177,711.00
8.038038,943.7627,691.00
8.038038,943.8078,685.00
8.038038,943.8528,672.00
8.038038,943.8978,721.00
8.038038,943.9429,659.00
8.038038,943.9879,711.00
8.038038,944.0330,628.00
8.038038,944.0779,710.00
8.038038,944.1229,658.00
8.038038,944.1679,719.00
8.038038,944.2130,683.00
8.038038,944.2579,710.00
8.038038,944.3029,653.00
8.038038,944.3478,651.00
8.038038,944.3929,623.00
8.038038,944.4379,709.00
8.038038,944.4828,671.00
8.038038,944.5277,714.00
8.038038,944.5727,663.00
8.038038,944.6176,721.00
8.038038,944.6626,662.00
8.038038,944.7076,707.00
8.038038,944.7524,653.00
8.038038,944.7974,701.00
8.038038,944.8423,672.00
8.038038,944.8872,697.00
8.038038,944.9321,689.00
8.038038,944.9770,684.00
8.038038,945.0219,682.00
8.038038,945.0667,690.00
8.038038,945.1116,662.00
8.038038,945.1566,676.00
8.038038,945.2014,638.00
8.038038,945.2463,719.00
8.038038,945.2911,645.00
8.038038,945.3360,731.00
8.038038,945.3808,702.00
8.038038,945.4257,695.00
8.038038,945.4705,639.00
8.038038,945.5153,678.00
8.038038,945.5601,617.00
8.038038,945.6050,753.00
8.038038,945.6498,667.00
8.038038,945.6946,691.00
8.038038,945.7394,663.00
8.038038,945.7842,688.00
8.038038,945.8290,628.00
8.038038,945.8738,703.00
8.038038,945.9186,687.00
8.038038,945.9633,699.00
8.038038,946.0081,640.00
8.038038,946.0529,700.00
8.038038,946.0976,669.00
8.038038,946.1423,693.00
8.038038,946.1871,647.00
8.038038,946.2318,698.00
8.038038,946.2766,606.00
8.038038,946.3213,710.00
8.038038,946.3660,622.00
8.038038,946.4107,697.00
8.038038,946.4554,655.00
8.038038,946.5001,679.00
8.038038,946.5449,677.00
8.038038,946.5895,661.00
8.038038,946.6342,634.00
8.038038,946.6789,709.00
8.038038,946.7236,645.00
8.038038,946.7682,676.00
8.038038,946.8129,648.00
8.038038,946.8575,727.00
8.038038,946.9022,644.00
8.038038,946.9468,708.00
8.038038,946.9915,668.00
8.038038,947.0361,704.00
8.038038,947.0807,645.00
8.038038,947.1253,694.00
8.038038,947.1700,636.00
8.038038,947.2146,700.00
8.038038,947.2592,620.00
8.038038,947.3038,702.00
8.038038,947.3483,667.00
8.038038,947.3929,664.00
8.038038,947.4376,634.00
8.038038,947.4821,694.00
8.038038,947.5267,647.00
8.038038,947.5712,709.00
8.038038,947.6158,658.00
8.038038,947.6604,671.00
8.038038,947.7050,659.00
8.038038,947.7495,665.00
8.038038,947.7939,634.00
8.038038,947.8385,701.00
8.038038,947.8831,619.00
8.038038,947.9276,687.00
8.038038,947.9720,632.00
8.038038,948.0166,655.00
8.038038,948.0611,654.00
8.038038,948.1056,677.00
8.038038,948.1501,647.00
8.038038,948.1945,678.00
8.038038,948.2390,633.00
8.038038,948.2835,653.00
8.038038,948.3279,596.00
8.038038,948.3724,671.00
8.038038,948.4169,635.00
8.038038,948.4613,694.00
8.038038,948.5057,636.00
8.038038,948.5502,676.00
8.038038,948.5947,623.00
8.038038,948.6391,683.00
8.038038,948.6835,637.00
8.038038,948.7279,692.00
8.038038,948.7723,666.00
8.038038,948.8167,673.00
8.038038,948.8611,633.00
8.038038,948.9055,658.00
8.038038,948.9498,630.00
8.038038,948.9943,659.00
8.038038,949.0387,638.00
8.038038,949.0830,686.00
8.038038,949.1273,651.00
8.038038,949.1718,667.00
8.038038,949.2161,647.00
8.038038,949.2604,665.00
8.038038,949.3047,621.00
8.038038,949.3491,653.00
8.038038,949.3934,605.00
8.038038,949.4377,693.00
8.038038,949.4821,616.00
8.038038,949.5264,680.00
8.038038,949.5707,630.00
8.038038,949.6150,648.00
8.038038,949.6592,662.00
8.038038,949.7036,664.00
8.038038,949.7479,646.00
8.038038,949.7921,671.00
8.038038,949.8363,614.00
8.038038,949.8806,675.00
8.038038,949.9249,644.00
8.038038,949.9692,689.00
8.038038,950.0134,647.00
8.038038,950.0576,679.00
8.038038,950.1019,639.00
8.038038,950.1461,694.00
8.038038,950.1903,614.00
8.038038,950.2346,697.00
8.038038,950.2787,661.00
8.038038,950.3229,705.00
8.038038,950.3671,655.00
8.038038,950.4114,675.00
8.038038,950.4555,658.00
8.038038,950.4997,658.00
8.038038,950.5439,664.00
8.038038,950.5880,707.00
8.038038,950.6322,621.00
8.038038,950.6763,669.00
8.038038,950.7205,649.00
8.038038,950.7646,674.00
8.038038,950.8088,661.00
8.038038,950.8530,670.00
8.038038,950.8971,644.00
8.038038,950.9412,672.00
8.038038,950.9853,623.00
8.038038,951.0294,684.00
8.038038,951.0735,621.00
8.038038,951.1177,686.00
8.038038,951.1617,662.00
8.038038,951.2057,661.00
8.038038,951.2499,684.00
8.038038,951.2939,692.00
8.038038,951.3380,637.00
8.038038,951.3821,665.00
8.038038,951.4261,628.00
8.038038,951.4702,690.00
8.038038,951.5142,664.00
8.038038,951.5582,678.00
8.038038,951.6024,632.00
8.038038,951.6464,682.00
8.038038,951.6904,657.00
8.038038,951.7344,704.00
8.038038,951.7784,603.00
8.038038,951.8224,688.00
8.038038,951.8665,641.00
8.038038,951.9104,698.00
8.038038,951.9544,666.00
8.038038,951.9984,663.00
8.038038,952.0424,650.00
8.038038,952.0864,666.00
8.038038,952.1303,633.00
8.038038,952.1743,723.00
8.038038,952.2183,669.00
8.038038,952.2621,697.00
8.038038,952.3061,699.00
8.038038,952.3500,698.00
8.038038,952.3940,659.00
8.038038,952.4379,652.00
8.038038,952.4818,634.00
8.038038,952.5258,717.00
8.038038,952.5696,633.00
8.038038,952.6136,709.00
8.038038,952.6574,660.00
8.038038,952.7014,687.00
8.038038,952.7452,638.00
8.038038,952.7891,654.00
8.038038,952.8330,622.00
8.038038,952.8768,722.00
8.038038,952.9207,673.00
8.038038,952.9645,725.00
8.038038,953.0084,635.00
8.038038,953.0522,687.00
8.038038,953.0961,665.00
8.038038,953.1400,670.00
8.038038,953.1838,656.00
8.038038,953.2275,687.00
8.038038,953.2714,647.00
8.038038,953.3152,724.00
8.038038,953.3589,649.00
8.038038,953.4028,712.00
8.038038,953.4466,655.00
8.038038,953.4904,637.00
8.038038,953.5341,662.00
8.038038,953.5779,644.00
8.038038,953.6217,602.00
8.038038,953.6654,649.00
8.038038,953.7092,628.00
8.038038,953.7529,685.00
8.038038,953.7967,626.00
8.038038,953.8405,655.00
8.038038,953.8842,624.00
8.038038,953.9279,644.00
8.038038,953.9716,630.00
8.038038,954.0153,665.00
8.038038,954.0590,623.00
8.038038,954.1027,638.00
8.038038,954.1464,660.00
8.038038,954.1901,669.00
8.038038,954.2338,658.00
8.038038,954.2774,655.00
8.038038,954.3212,625.00
8.038038,954.3648,672.00
8.038038,954.4084,624.00
8.038038,954.4521,683.00
8.038038,954.4958,633.00
8.038038,954.5394,668.00
8.038038,954.5831,644.00
8.038038,954.6267,664.00
8.038038,954.6703,639.00
8.038038,954.7139,640.00
8.038038,954.7576,616.00
8.038038,954.8012,640.00
8.038038,954.8448,594.00
8.038038,954.8884,637.00
8.038038,954.9319,598.00
8.038038,954.9755,658.00
8.038038,955.0191,624.00
8.038038,955.0627,615.00
8.038038,955.1063,598.00
8.038038,955.1498,653.00
8.038038,955.1934,575.00
8.038038,955.2369,632.00
8.038038,955.2805,575.00
8.038038,955.3240,681.00
8.038038,955.3675,636.00
8.038038,955.4111,637.00
8.038038,955.4546,602.00
8.038038,955.4981,671.00
8.038038,955.5416,604.00
8.038038,955.5851,682.00
8.038038,955.6285,612.00
8.038038,955.6722,667.00
8.038038,955.7156,619.00
8.038038,955.7590,660.00
8.038038,955.8025,633.00
8.038038,955.8460,682.00
8.038038,955.8895,609.00
8.038038,955.9329,659.00
8.038038,955.9764,626.00
8.038038,956.0198,678.00
8.038038,956.0632,619.00
8.038038,956.1067,690.00
8.038038,956.1501,635.00
8.038038,956.1935,661.00
8.038038,956.2369,621.00
8.038038,956.2803,633.00
8.038038,956.3238,587.00
8.038038,956.3671,653.00
8.038038,956.4105,640.00
8.038038,956.4539,672.00
8.038038,956.4973,618.00
8.038038,956.5406,639.00
8.038038,956.5841,636.00
8.038038,956.6274,636.00
8.038038,956.6707,586.00
8.038038,956.7141,699.00
8.038038,956.7575,629.00
8.038038,956.8008,658.00
8.038038,956.8442,622.00
8.038038,956.8875,657.00
8.038038,956.9308,639.00
8.038038,956.9741,624.00
8.038038,957.0174,631.00
8.038038,957.0607,683.00
8.038038,957.1040,598.00
8.038038,957.1473,669.00
8.038038,957.1906,628.00
8.038038,957.2339,669.00
8.038038,957.2772,649.00
8.038038,957.3204,663.00
8.038038,957.3636,610.00
8.038038,957.4069,656.00
8.038038,957.4502,608.00
8.038038,957.4934,700.00
8.038038,957.5366,623.00
8.038038,957.5799,661.00
8.038038,957.6230,618.00
8.038038,957.6664,660.00
8.038038,957.7095,666.00
8.038038,957.7527,671.00
8.038038,957.7959,614.00
8.038038,957.8392,659.00
8.038038,957.8823,626.00
8.038038,957.9255,729.00
8.038038,957.9687,677.00
8.038038,958.0118,667.00
8.038038,958.0551,633.00
8.038038,958.0983,701.00
8.038038,958.1414,616.00
8.038038,958.1845,684.00
8.038038,958.2277,639.00
8.038038,958.2708,700.00
8.038038,958.3139,620.00
8.038038,958.3571,682.00
8.038038,958.4001,648.00
8.038038,958.4432,701.00
8.038038,958.4864,632.00
8.038038,958.5295,686.00
8.038038,958.5726,649.00
8.038038,958.6157,700.00
8.038038,958.6588,640.00
8.038038,958.7018,690.00
8.038038,958.7449,621.00
8.038038,958.7879,682.00
8.038038,958.8311,622.00
8.038038,958.8741,684.00
8.038038,958.9171,613.00
8.038038,958.9601,694.00
8.038038,959.0032,663.00
8.038038,959.0463,711.00
8.038038,959.0893,672.00
8.038038,959.1323,678.00
8.038038,959.1752,645.00
8.038038,959.2183,679.00
8.038038,959.2613,635.00
8.038038,959.3043,670.00
8.038038,959.3472,631.00
8.038038,959.3903,682.00
8.038038,959.4332,657.00
8.038038,959.4763,661.00
8.038038,959.5192,639.00
8.038038,959.5621,651.00
8.038038,959.6051,629.00
8.038038,959.6480,660.00
8.038038,959.6910,578.00
8.038038,959.7339,677.00
8.038038,959.7768,595.00
8.038038,959.8198,666.00
8.038038,959.8627,620.00
8.038038,959.9056,675.00
8.038038,959.9485,620.00
8.038038,959.9915,645.00
8.038038,960.0343,577.00
8.038038,960.0771,662.00
8.038038,960.1201,605.00
8.038038,960.1630,664.00
8.038038,960.2058,658.00
8.038038,960.2487,648.00
8.038038,960.2915,639.00
8.038038,960.3344,642.00
8.038038,960.3773,572.00
8.038038,960.4200,661.00
8.038038,960.4629,606.00
8.038038,960.5057,665.00
8.038038,960.5485,599.00
8.038038,960.5914,648.00
8.038038,960.6342,650.00
8.038038,960.6770,619.00
8.038038,960.7198,624.00
8.038038,960.7626,603.00
8.038038,960.8054,582.00
8.038038,960.8481,667.00
8.038038,960.8909,629.00
8.038038,960.9337,662.00
8.038038,960.9764,609.00
8.038038,961.0192,617.00
8.038038,961.0620,591.00
8.038038,961.1047,614.00
8.038038,961.1475,583.00
8.038038,961.1902,638.00
8.038038,961.2329,596.00
8.038038,961.2757,647.00
8.038038,961.3184,639.00
8.038038,961.3611,609.00
8.038038,961.4037,619.00
8.038038,961.4465,654.00
8.038038,961.4892,621.00
8.038038,961.5319,665.00
8.038038,961.5745,584.00
8.038038,961.6172,683.00
8.038038,961.6599,623.00
8.038038,961.7026,650.00
8.038038,961.7452,626.00
8.038038,961.7878,632.00
8.038038,961.8304,637.00
8.038038,961.8731,655.00
8.038038,961.9157,597.00
8.038038,961.9584,639.00
8.038038,962.0010,634.00
8.038038,962.0436,672.00
8.038038,962.0862,653.00
8.038038,962.1288,642.00
8.038038,962.1714,613.00
8.038038,962.2140,627.00
8.038038,962.2565,578.00
8.038038,962.2991,650.00
8.038038,962.3417,603.00
8.038038,962.3843,658.00
8.038038,962.4268,635.00
8.038038,962.4694,637.00
8.038038,962.5119,637.00
8.038038,962.5545,653.00
8.038038,962.5970,601.00
8.038038,962.6396,681.00
8.038038,962.6821,586.00
8.038038,962.7246,708.00
8.038038,962.7671,636.00
8.038038,962.8096,670.00
8.038038,962.8522,622.00
8.038038,962.8947,625.00
8.038038,962.9371,602.00
8.038038,962.9796,642.00
8.038038,963.0222,613.00
8.038038,963.0646,687.00
8.038038,963.1070,602.00
8.038038,963.1495,629.00
8.038038,963.1919,623.00
8.038038,963.2344,616.00
8.038038,963.2768,623.00
8.038038,963.3193,683.00
8.038038,963.3616,602.00
8.038038,963.4041,665.00
8.038038,963.4465,608.00
8.038038,963.4889,641.00
8.038038,963.5314,651.00
8.038038,963.5737,647.00
8.038038,963.6161,612.00
8.038038,963.6585,630.00
8.038038,963.7009,578.00
8.038038,963.7433,627.00
8.038038,963.7856,613.00
8.038038,963.8280,690.00
8.038038,963.8704,595.00
8.038038,963.9127,623.00
8.038038,963.9551,627.00
8.038038,963.9974,630.00
8.038038,964.0397,607.00
8.038038,964.0820,655.00
8.038038,964.1244,603.00
8.038038,964.1667,673.00
8.038038,964.2090,609.00
8.038038,964.2513,667.00
8.038038,964.2936,625.00
8.038038,964.3359,669.00
8.038038,964.3782,608.00
8.038038,964.4205,648.00
8.038038,964.4627,597.00
8.038038,964.5050,668.00
8.038038,964.5472,582.00
8.038038,964.5895,682.00
8.038038,964.6317,638.00
8.038038,964.6740,640.00
8.038038,964.7162,648.00
8.038038,964.7585,635.00
8.038038,964.8007,611.00
8.038038,964.8429,625.00
8.038038,964.8851,598.00
8.038038,964.9273,662.00
8.038038,964.9695,599.00
8.038038,965.0118,627.00
8.038038,965.0539,634.00
8.038038,965.0961,621.00
8.038038,965.1382,653.00
8.038038,965.1805,643.00
8.038038,965.2226,607.00
8.038038,965.2648,667.00
8.038038,965.3069,616.00
8.038038,965.3491,662.00
8.038038,965.3912,623.00
8.038038,965.4333,655.00
8.038038,965.4755,617.00
8.038038,965.5176,648.00
8.038038,965.5598,585.00
8.038038,965.6019,673.00
8.038038,965.6439,581.00
8.038038,965.6861,650.00
8.038038,965.7281,600.00
8.038038,965.7702,610.00
8.038038,965.8123,586.00
8.038038,965.8543,634.00
8.038038,965.8964,589.00
8.038038,965.9385,630.00
8.038038,965.9806,595.00
8.038038,966.0226,661.00
8.038038,966.0647,593.00
8.038038,966.1068,598.00
8.038038,966.1487,633.00
8.038038,966.1907,629.00
8.038038,966.2328,608.00
8.038038,966.2748,642.00
8.038038,966.3168,619.00
8.038038,966.3588,640.00
8.038038,966.4008,580.00
8.038038,966.4427,628.00
8.038038,966.4848,617.00
8.038038,966.5268,615.00
8.038038,966.5688,602.00
8.038038,966.6107,652.00
8.038038,966.6526,586.00
8.038038,966.6946,660.00
8.038038,966.7366,547.00
8.038038,966.7785,661.00
8.038038,966.8204,612.00
8.038038,966.8624,651.00
8.038038,966.9042,594.00
8.038038,966.9462,631.00
8.038038,966.9881,576.00
8.038038,967.0300,670.00
8.038038,967.0719,579.00
8.038038,967.1138,627.00
8.038038,967.1556,593.00
8.038038,967.1976,656.00
8.038038,967.2394,605.00
8.038038,967.2813,651.00
8.038038,967.3232,585.00
8.038038,967.3651,668.00
8.038038,967.4070,570.00
8.038038,967.4488,664.00
8.038038,967.4906,609.00
8.038038,967.5324,678.00
8.038038,967.5743,650.00
8.038038,967.6161,641.00
8.038038,967.6579,576.00
8.038038,967.6997,624.00
8.038038,967.7415,591.00
8.038038,967.7833,659.00
8.038038,967.8251,584.00
8.038038,967.8669,664.00
8.038038,967.9087,636.00
8.038038,967.9504,615.00
8.038038,967.9922,631.00
8.038038,968.0339,648.00
8.038038,968.0757,604.00
8.038038,968.1174,664.00
8.038038,968.1592,593.00
8.038038,968.2009,661.00
8.038038,968.2427,582.00
8.038038,968.2844,646.00
8.038038,968.3262,674.00
8.038038,968.3679,610.00
8.038038,968.4095,618.00
8.038038,968.4512,647.00
8.038038,968.4930,585.00
8.038038,968.5347,687.00
8.038038,968.5763,641.00
8.038038,968.6180,657.00
8.038038,968.6597,617.00
8.038038,968.7014,684.00
8.038038,968.7430,595.00
8.038038,968.7846,644.00
8.038038,968.8263,580.00
8.038038,968.8679,672.00
8.038038,968.9095,596.00
8.038038,968.9512,691.00
8.038038,968.9928,624.00
8.038038,969.0344,640.00
8.038038,969.0761,622.00
8.038038,969.1177,658.00
8.038038,969.1592,609.00
8.038038,969.2009,656.00
8.038038,969.2424,612.00
8.038038,969.2839,659.00
8.038038,969.3255,611.00
8.038038,969.3672,642.00
8.038038,969.4087,620.00
8.038038,969.4503,678.00
8.038038,969.4918,601.00
8.038038,969.5333,615.00
8.038038,969.5749,561.00
8.038038,969.6165,638.00
8.038038,969.6580,601.00
8.038038,969.6995,658.00
8.038038,969.7410,611.00
8.038038,969.7825,632.00
8.038038,969.8240,623.00
8.038038,969.8655,604.00
8.038038,969.9070,575.00
8.038038,969.9484,667.00
8.038038,969.9899,602.00
8.038038,970.0314,613.00
8.038038,970.0728,634.00
8.038038,970.1143,633.00
8.038038,970.1558,625.00
8.038038,970.1971,645.00
8.038038,970.2386,568.00
8.038038,970.2801,633.00
8.038038,970.3215,576.00
8.038038,970.3629,658.00
8.038038,970.4044,596.00
8.038038,970.4457,652.00
8.038038,970.4872,644.00
8.038038,970.5286,632.00
8.038038,970.5699,593.00
8.038038,970.6113,636.00
8.038038,970.6527,582.00
8.038038,970.6941,614.00
8.038038,970.7354,606.00
8.038038,970.7768,616.00
8.038038,970.8182,632.00
8.038038,970.8595,627.00
8.038038,970.9009,617.00
8.038038,970.9422,597.00
8.038038,970.9835,590.00
8.038038,971.0248,632.00
8.038038,971.0662,567.00
8.038038,971.1075,636.00
8.038038,971.1487,610.00
8.038038,971.1901,627.00
8.038038,971.2314,602.00
8.038038,971.2727,581.00
8.038038,971.3140,578.00
8.038038,971.3552,595.00
8.038038,971.3965,561.00
8.038038,971.4377,635.00
8.038038,971.4789,602.00
8.038038,971.5203,619.00
8.038038,971.5615,621.00
8.038038,971.6027,620.00
8.038038,971.6439,581.00
8.038038,971.6852,593.00
8.038038,971.7264,581.00
8.038038,971.7676,622.00
8.038038,971.8088,562.00
8.038038,971.8500,618.00
8.038038,971.8912,598.00
8.038038,971.9324,658.00
8.038038,971.9736,609.00
8.038038,972.0148,617.00
8.038038,972.0560,609.00
8.038038,972.0972,651.00
8.038038,972.1384,593.00
8.038038,972.1794,668.00
8.038038,972.2206,578.00
8.038038,972.2617,590.00
8.038038,972.3029,607.00
8.038038,972.3439,598.00
8.038038,972.3851,570.00
8.038038,972.4262,601.00
8.038038,972.4673,529.00
8.038038,972.5085,633.00
8.038038,972.5496,593.00
8.038038,972.5907,611.00
8.038038,972.6317,590.00
8.038038,972.6729,612.00
8.038038,972.7139,572.00
8.038038,972.7549,612.00
8.038038,972.7961,547.00
8.038038,972.8371,603.00
8.038038,972.8781,556.00
8.038038,972.9191,652.00
8.038038,972.9602,580.00
8.038038,973.0013,621.00
8.038038,973.0423,591.00
8.038038,973.0833,586.00
8.038038,973.1243,522.00
8.038038,973.1653,608.00
8.038038,973.2064,544.00
8.038038,973.2473,619.00
8.038038,973.2883,599.00
8.038038,973.3293,605.00
8.038038,973.3703,560.00
8.038038,973.4113,644.00
8.038038,973.4522,583.00
8.038038,973.4931,613.00
8.038038,973.5341,552.00
8.038038,973.5750,610.00
8.038038,973.6160,576.00
8.038038,973.6570,645.00
8.038038,973.6978,572.00
8.038038,973.7388,596.00
8.038038,973.7797,583.00
8.038038,973.8206,612.00
8.038038,973.8615,580.00
8.038038,973.9024,606.00
8.038038,973.9433,596.00
8.038038,973.9842,633.00
8.038038,974.0250,580.00
8.038038,974.0660,640.00
8.038038,974.1068,633.00
8.038038,974.1476,626.00
8.038038,974.1885,580.00
8.038038,974.2294,614.00
8.038038,974.2702,596.00
8.038038,974.3110,648.00
8.038038,974.3519,625.00
8.038038,974.3927,638.00
8.038038,974.4335,635.00
8.038038,974.4743,594.00
8.038038,974.5151,574.00
8.038038,974.5559,626.00
8.038038,974.5967,573.00
8.038038,974.6375,639.00
8.038038,974.6783,605.00
8.038038,974.7191,663.00
8.038038,974.7598,623.00
8.038038,974.8006,658.00
8.038038,974.8413,619.00
8.038038,974.8821,626.00
8.038038,974.9229,621.00
8.038038,974.9636,647.00
8.038038,975.0043,619.00
8.038038,975.0450,661.00
8.038038,975.0858,651.00
8.038038,975.1265,652.00
8.038038,975.1672,621.00
8.038038,975.2079,647.00
8.038038,975.2485,608.00
8.038038,975.2892,637.00
8.038038,975.3300,600.00
8.038038,975.3706,660.00
8.038038,975.4113,639.00
8.038038,975.4519,682.00
8.038038,975.4926,640.00
8.038038,975.5333,650.00
8.038038,975.5739,592.00
8.038038,975.6146,661.00
8.038038,975.6552,595.00
8.038038,975.6958,644.00
8.038038,975.7363,579.00
8.038038,975.7770,662.00
8.038038,975.8176,616.00
8.038038,975.8582,659.00
8.038038,975.8989,634.00
8.038038,975.9395,651.00
8.038038,975.9800,631.00
8.038038,976.0206,668.00
8.038038,976.0611,595.00
8.038038,976.1017,683.00
8.038038,976.1423,635.00
8.038038,976.1829,635.00
8.038038,976.2234,608.00
8.038038,976.2639,651.00
8.038038,976.3044,585.00
8.038038,976.3450,645.00
8.038038,976.3855,583.00
8.038038,976.4260,650.00
8.038038,976.4665,645.00
8.038038,976.5070,682.00
8.038038,976.5475,626.00
8.038038,976.5880,643.00
8.038038,976.6285,593.00
8.038038,976.6690,658.00
8.038038,976.7095,563.00
8.038038,976.7500,663.00
8.038038,976.7905,603.00
8.038038,976.8308,680.00
8.038038,976.8713,639.00
8.038038,976.9117,625.00
8.038038,976.9521,627.00
8.038038,976.9926,627.00
8.038038,977.0330,608.00
8.038038,977.0734,651.00
8.038038,977.1139,588.00
8.038038,977.1542,663.00
8.038038,977.1947,597.00
8.038038,977.2350,662.00
8.038038,977.2755,603.00
8.038038,977.3158,620.00
8.038038,977.3562,599.00
8.038038,977.3965,670.00
8.038038,977.4370,587.00
8.038038,977.4773,657.00
8.038038,977.5176,592.00
8.038038,977.5579,615.00
8.038038,977.5983,567.00
8.038038,977.6387,625.00
8.038038,977.6790,570.00
8.038038,977.7192,612.00
8.038038,977.7595,579.00
8.038038,977.7999,661.00
8.038038,977.8402,584.00
8.038038,977.8805,591.00
8.038038,977.9208,554.00
8.038038,977.9610,587.00
8.038038,978.0013,588.00
8.038038,978.0417,600.00
8.038038,978.0819,521.00
8.038038,978.1221,605.00
8.038038,978.1624,555.00
8.038038,978.2026,602.00
8.038038,978.2428,562.00
8.038038,978.2831,614.00
8.038038,978.3233,612.00
8.038038,978.3635,585.00
8.038038,978.4037,561.00
8.038038,978.4440,611.00
8.038038,978.4842,557.00
8.038038,978.5244,614.00
8.038038,978.5645,574.00
8.038038,978.6047,608.00
8.038038,978.6449,565.00
8.038038,978.6851,608.00
8.038038,978.7253,567.00
8.038038,978.7654,587.00
8.038038,978.8055,548.00
8.038038,978.8458,580.00
8.038038,978.8859,548.00
8.038038,978.9260,621.00
8.038038,978.9661,553.00
8.038038,979.0062,582.00
8.038038,979.0463,556.00
8.038038,979.0864,588.00
8.038038,979.1266,512.00
8.038038,979.1666,614.00
8.038038,979.2067,553.00
8.038038,979.2469,588.00
8.038038,979.2869,564.00
8.038038,979.3270,580.00
8.038038,979.3671,587.00
8.038038,979.4071,596.00
8.038038,979.4471,538.00
8.038038,979.4871,602.00
8.038038,979.5272,544.00
8.038038,979.5673,617.00
8.038038,979.6072,588.00
8.038038,979.6473,577.00
8.038038,979.6873,567.00
8.038038,979.7273,576.00
8.038038,979.7673,540.00
8.038038,979.8073,578.00
8.038038,979.8473,550.00
8.038038,979.8873,629.00
8.038038,979.9273,554.00
8.038038,979.9673,594.00
8.038038,980.0072,565.00
8.038038,980.0471,585.00
8.038038,980.0872,574.00
8.038038,980.1271,575.00
8.038038,980.1671,529.00
8.038038,980.2069,606.00
8.038038,980.2469,560.00
8.038038,980.2868,651.00
8.038038,980.3267,553.00
8.038038,980.3666,614.00
8.038038,980.4065,579.00
8.038038,980.4464,580.00
8.038038,980.4863,565.00
8.038038,980.5262,606.00
8.038038,980.5660,537.00
8.038038,980.6060,643.00
8.038038,980.6458,566.00
8.038038,980.6857,594.00
8.038038,980.7255,593.00
8.038038,980.7654,586.00
8.038038,980.8052,575.00
8.038038,980.8450,579.00
8.038038,980.8849,543.00
8.038038,980.9247,580.00
8.038038,980.9645,567.00
8.038038,981.0043,629.00
8.038038,981.0441,611.00
8.038038,981.0839,591.00
8.038038,981.1237,596.00
8.038038,981.1635,621.00
8.038038,981.2033,520.00
8.038038,981.2430,641.00
8.038038,981.2828,555.00
8.038038,981.3226,602.00
8.038038,981.3624,548.00
8.038038,981.4021,586.00
8.038038,981.4418,574.00
8.038038,981.4816,589.00
8.038038,981.5213,547.00
8.038038,981.5610,616.00
8.038038,981.6008,561.00
8.038038,981.6404,627.00
8.038038,981.6802,578.00
8.038038,981.7198,605.00
8.038038,981.7596,574.00
8.038038,981.7993,620.00
8.038038,981.8389,535.00
8.038038,981.8786,601.00
8.038038,981.9182,528.00
8.038038,981.9579,607.00
8.038038,981.9976,550.00
8.038038,982.0372,581.00
8.038038,982.0768,548.00
8.038038,982.1165,590.00
8.038038,982.1561,537.00
8.038038,982.1958,589.00
8.038038,982.2354,534.00
8.038038,982.2750,598.00
8.038038,982.3146,547.00
8.038038,982.3541,606.00
8.038038,982.3937,550.00
8.038038,982.4333,593.00
8.038038,982.4730,551.00
8.038038,982.5125,599.00
8.038038,982.5521,545.00
8.038038,982.5917,575.00
8.038038,982.6312,510.00
8.038038,982.6707,601.00
8.038038,982.7103,533.00
8.038038,982.7498,588.00
8.038038,982.7893,551.00
8.038038,982.8289,575.00
8.038038,982.8683,492.00
8.038038,982.9079,542.00
8.038038,982.9474,520.00
8.038038,982.9869,575.00
8.038038,983.0264,531.00
8.038038,983.0659,594.00
8.038038,983.1053,571.00
8.038038,983.1448,612.00
8.038038,983.1843,577.00
8.038038,983.2238,595.00
8.038038,983.2632,551.00
8.038038,983.3027,597.00
8.038038,983.3420,578.00
8.038038,983.3816,594.00
8.038038,983.4210,583.00
8.038038,983.4604,591.00
8.038038,983.4998,550.00
8.038038,983.5392,555.00
8.038038,983.5786,521.00
8.038038,983.6180,581.00
8.038038,983.6574,517.00
8.038038,983.6968,609.00
8.038038,983.7361,567.00
8.038038,983.7755,594.00
8.038038,983.8149,536.00
8.038038,983.8543,556.00
8.038038,983.8936,542.00
8.038038,983.9329,573.00
8.038038,983.9723,487.00
8.038038,984.0116,592.00
8.038038,984.0510,548.00
8.038038,984.0903,615.00
8.038038,984.1296,576.00
8.038038,984.1689,583.00
8.038038,984.2083,566.00
8.038038,984.2476,570.00
8.038038,984.2868,541.00
8.038038,984.3261,578.00
8.038038,984.3654,527.00
8.038038,984.4046,575.00
8.038038,984.4440,565.00
8.038038,984.4832,580.00
8.038038,984.5225,573.00
8.038038,984.5616,575.00
8.038038,984.6010,509.00
8.038038,984.6402,576.00
8.038038,984.6794,494.00
8.038038,984.7186,612.00
8.038038,984.7578,567.00
8.038038,984.7970,598.00
8.038038,984.8362,592.00
8.038038,984.8755,537.00
8.038038,984.9146,542.00
8.038038,984.9538,555.00
8.038038,984.9930,511.00
8.038038,985.0322,620.00
8.038038,985.0714,526.00
8.038038,985.1105,565.00
8.038038,985.1497,545.00
8.038038,985.1888,555.00
8.038038,985.2279,542.00
8.038038,985.2671,553.00
8.038038,985.3062,552.00
8.038038,985.3453,560.00
8.038038,985.3845,517.00
8.038038,985.4236,557.00
8.038038,985.4626,530.00
8.038038,985.5017,614.00
8.038038,985.5408,578.00
8.038038,985.5799,582.00
8.038038,985.6190,500.00
8.038038,985.6581,595.00
8.038038,985.6971,503.00
8.038038,985.7362,589.00
8.038038,985.7752,539.00
8.038038,985.8143,564.00
8.038038,985.8533,541.00
8.038038,985.8924,573.00
8.038038,985.9314,518.00
8.038038,985.9704,541.00
8.038038,986.0094,514.00
8.038038,986.0484,606.00
8.038038,986.0875,524.00
8.038038,986.1265,591.00
8.038038,986.1655,512.00
8.038038,986.2044,549.00
8.038038,986.2434,535.00
8.038038,986.2823,554.00
8.038038,986.3214,505.00
8.038038,986.3603,540.00
8.038038,986.3992,480.00
8.038038,986.4382,571.00
8.038038,986.4771,537.00
8.038038,986.5161,594.00
8.038038,986.5550,534.00
8.038038,986.5939,562.00
8.038038,986.6329,511.00
8.038038,986.6718,548.00
8.038038,986.7106,495.00
8.038038,986.7495,537.00
8.038038,986.7884,557.00
8.038038,986.8273,563.00
8.038038,986.8661,556.00
8.038038,986.9050,559.00
8.038038,986.9438,518.00
8.038038,986.9828,550.00
8.038038,987.0216,501.00
8.038038,987.0605,598.00
8.038038,987.0993,487.00
8.038038,987.1381,573.00
8.038038,987.1769,543.00
8.038038,987.2158,532.00
8.038038,987.2546,541.00
8.038038,987.2934,569.00
8.038038,987.3322,502.00
8.038038,987.3710,549.00
8.038038,987.4097,474.00
8.038038,987.4486,528.00
8.038038,987.4873,506.00
8.038038,987.5261,557.00
8.038038,987.5649,534.00
8.038038,987.6036,545.00
8.038038,987.6423,510.00
8.038038,987.6812,543.00
8.038038,987.7198,482.00
8.038038,987.7586,601.00
8.038038,987.7972,538.00
8.038038,987.8361,553.00
8.038038,987.8748,513.00
8.038038,987.9135,539.00
8.038038,987.9521,518.00
8.038038,987.9908,575.00
8.038038,988.0295,494.00
8.038038,988.0681,552.00
8.038038,988.1069,479.00
8.038038,988.1456,561.00
8.038038,988.1842,545.00
8.038038,988.2228,547.00
8.038038,988.2615,552.00
8.038038,988.3002,529.00
8.038038,988.3388,472.00
8.038038,988.3774,532.00
8.038038,988.4160,505.00
8.038038,988.4546,528.00
8.038038,988.4933,512.00
8.038038,988.5319,546.00
8.038038,988.5704,540.00
8.038038,988.6090,496.00
8.038038,988.6476,458.00
8.038038,988.6862,556.00
8.038038,988.7248,479.00
8.038038,988.7634,574.00
8.038038,988.8019,512.00
8.038038,988.8405,513.00
8.038038,988.8790,534.00
8.038038,988.9176,533.00
8.038038,988.9561,491.00
8.038038,988.9946,512.00
8.038038,989.0332,514.00
8.038038,989.0717,511.00
8.038038,989.1102,490.00
8.038038,989.1487,535.00
8.038038,989.1871,508.00
8.038038,989.2256,535.00
8.038038,989.2641,535.00
8.038038,989.3027,511.00
8.038038,989.3411,507.00
8.038038,989.3795,544.00
8.038038,989.4180,487.00
8.038038,989.4565,559.00
8.038038,989.4949,495.00
8.038038,989.5334,527.00
8.038038,989.5718,500.00
8.038038,989.6102,507.00
8.038038,989.6486,491.00
8.038038,989.6871,537.00
8.038038,989.7255,499.00
8.038038,989.7639,562.00
8.038038,989.8022,493.00
8.038038,989.8407,521.00
8.038038,989.8791,512.00
8.038038,989.9174,527.00
8.038038,989.9558,497.00
8.038038,989.9941,566.00
8.038038,990.0325,472.00
8.038038,990.0709,574.00
8.038038,990.1093,483.00
8.038038,990.1475,528.00
8.038038,990.1859,543.00
8.038038,990.2242,532.00
8.038038,990.2626,503.00
8.038038,990.3008,507.00
8.038038,990.3391,512.00
8.038038,990.3774,555.00
8.038038,990.4157,516.00
8.038038,990.4540,571.00
8.038038,990.4924,491.00
8.038038,990.5306,570.00
8.038038,990.5688,547.00
8.038038,990.6071,538.00
8.038038,990.6454,519.00
8.038038,990.6837,525.00
8.038038,990.7219,489.00
8.038038,990.7601,569.00
8.038038,990.7983,531.00
8.038038,990.8365,569.00
8.038038,990.8748,560.00
8.038038,990.9130,552.00
8.038038,990.9512,530.00
8.038038,990.9893,543.00
8.038038,991.0276,514.00
8.038038,991.0658,540.00
8.038038,991.1039,512.00
8.038038,991.1421,559.00
8.038038,991.1802,539.00
8.038038,991.2184,559.00
8.038038,991.2565,520.00
8.038038,991.2947,556.00
8.038038,991.3329,467.00
8.038038,991.3710,537.00
8.038038,991.4091,503.00
8.038038,991.4473,618.00
8.038038,991.4854,550.00
8.038038,991.5234,589.00
8.038038,991.5616,524.00
8.038038,991.5997,545.00
8.038038,991.6378,525.00
8.038038,991.6758,595.00
8.038038,991.7139,502.00
8.038038,991.7520,576.00
8.038038,991.7900,524.00
8.038038,991.8282,560.00
8.038038,991.8661,525.00
8.038038,991.9042,541.00
8.038038,991.9422,552.00
8.038038,991.9803,546.00
8.038038,992.0182,504.00
8.038038,992.0563,596.00
8.038038,992.0944,496.00
8.038038,992.1323,564.00
8.038038,992.1703,531.00
8.038038,992.2084,590.00
8.038038,992.2463,556.00
8.038038,992.2844,562.00
8.038038,992.3223,480.00
8.038038,992.3602,569.00
8.038038,992.3982,493.00
8.038038,992.4362,584.00
8.038038,992.4741,539.00
8.038038,992.5120,592.00
8.038038,992.5500,576.00
8.038038,992.5879,534.00
8.038038,992.6259,532.00
8.038038,992.6638,585.00
8.038038,992.7017,534.00
8.038038,992.7396,574.00
8.038038,992.7775,543.00
8.038038,992.8154,576.00
8.038038,992.8533,550.00
8.038038,992.8912,543.00
8.038038,992.9290,565.00
8.038038,992.9669,567.00
8.038038,993.0048,536.00
8.038038,993.0426,589.00
8.038038,993.0804,543.00
8.038038,993.1183,566.00
8.038038,993.1561,529.00
8.038038,993.1940,566.00
8.038038,993.2318,536.00
8.038038,993.2696,555.00
8.038038,993.3074,493.00
8.038038,993.3452,574.00
8.038038,993.3830,515.00
8.038038,993.4208,574.00
8.038038,993.4586,535.00
8.038038,993.4963,562.00
8.038038,993.5341,539.00
8.038038,993.5719,533.00
8.038038,993.6096,517.00
8.038038,993.6474,585.00
8.038038,993.6851,507.00
8.038038,993.7228,531.00
8.038038,993.7606,546.00
8.038038,993.7984,554.00
8.038038,993.8361,528.00
8.038038,993.8738,583.00
8.038038,993.9115,511.00
8.038038,993.9492,545.00
8.038038,993.9869,491.00
8.038038,994.0245,586.00
8.038038,994.0622,509.00
8.038038,994.0999,585.00
8.038038,994.1376,520.00
8.038038,994.1753,541.00
8.038038,994.2130,507.00
8.038038,994.2505,548.00
8.038038,994.2881,506.00
8.038038,994.3258,594.00
8.038038,994.3634,546.00
8.038038,994.4010,589.00
8.038038,994.4387,500.00
8.038038,994.4763,549.00
8.038038,994.5139,549.00
8.038038,994.5515,545.00
8.038038,994.5891,504.00
8.038038,994.6266,554.00
8.038038,994.6642,492.00
8.038038,994.7018,546.00
8.038038,994.7393,510.00
8.038038,994.7769,546.00
8.038038,994.8145,527.00
8.038038,994.8521,542.00
8.038038,994.8895,479.00
8.038038,994.9271,557.00
8.038038,994.9647,509.00
8.038038,995.0022,567.00
8.038038,995.0397,489.00
8.038038,995.0771,539.00
8.038038,995.1146,516.00
8.038038,995.1522,558.00
8.038038,995.1896,493.00
8.038038,995.2271,524.00
8.038038,995.2646,445.00
8.038038,995.3021,548.00
8.038038,995.3396,491.00
8.038038,995.3770,562.00
8.038038,995.4145,502.00
8.038038,995.4518,560.00
8.038038,995.4893,494.00
8.038038,995.5267,517.00
8.038038,995.5641,507.00
8.038038,995.6016,537.00
8.038038,995.6390,474.00
8.038038,995.6765,511.00
8.038038,995.7138,510.00
8.038038,995.7512,497.00
8.038038,995.7886,516.00
8.038038,995.8260,539.00
8.038038,995.8633,491.00
8.038038,995.9007,481.00
8.038038,995.9380,476.00
8.038038,995.9754,504.00
8.038038,996.0128,473.00
8.038038,996.0501,551.00
8.038038,996.0874,528.00
8.038038,996.1248,562.00
8.038038,996.1621,524.00
8.038038,996.1994,560.00
8.038038,996.2367,489.00
8.038038,996.2740,544.00
8.038038,996.3113,507.00
8.038038,996.3486,548.00
8.038038,996.3859,536.00
8.038038,996.4232,540.00
8.038038,996.4604,548.00
8.038038,996.4977,511.00
8.038038,996.5350,476.00
8.038038,996.5722,532.00
8.038038,996.6094,504.00
8.038038,996.6466,554.00
8.038038,996.6838,509.00
8.038038,996.7211,550.00
8.038038,996.7583,520.00
8.038038,996.7955,548.00
8.038038,996.8327,531.00
8.038038,996.8700,556.00
8.038038,996.9072,483.00
8.038038,996.9443,532.00
8.038038,996.9815,504.00
8.038038,997.0187,539.00
8.038038,997.0558,516.00
8.038038,997.0930,531.00
8.038038,997.1301,528.00
8.038038,997.1672,546.00
8.038038,997.2045,515.00
8.038038,997.2416,552.00
8.038038,997.2787,519.00
8.038038,997.3158,608.00
8.038038,997.3530,507.00
8.038038,997.3900,555.00
8.038038,997.4271,520.00
8.038038,997.4642,525.00
8.038038,997.5013,522.00
8.038038,997.5384,533.00
8.038038,997.5754,481.00
8.038038,997.6126,578.00
8.038038,997.6497,498.00
8.038038,997.6867,551.00
8.038038,997.7238,528.00
8.038038,997.7607,592.00
8.038038,997.7978,515.00
8.038038,997.8348,567.00
8.038038,997.8718,507.00
8.038038,997.9088,568.00
8.038038,997.9458,512.00
8.038038,997.9829,573.00
8.038038,998.0200,567.00
8.038038,998.0569,559.00
8.038038,998.0939,522.00
8.038038,998.1309,548.00
8.038038,998.1678,516.00
8.038038,998.2048,607.00
8.038038,998.2417,495.00
8.038038,998.2786,605.00
8.038038,998.3156,510.00
8.038038,998.3525,578.00
8.038038,998.3896,515.00
8.038038,998.4265,535.00
8.038038,998.4633,524.00
8.038038,998.5003,565.00
8.038038,998.5372,513.00
8.038038,998.5740,577.00
8.038038,998.6110,503.00
8.038038,998.6478,548.00
8.038038,998.6847,508.00
8.038038,998.7217,548.00
8.038038,998.7585,520.00
8.038038,998.7953,517.00
8.038038,998.8322,496.00
8.038038,998.8691,576.00
8.038038,998.9059,480.00
8.038038,998.9427,560.00
8.038038,998.9795,516.00
8.038038,999.0163,566.00
8.038038,999.0531,500.00
8.038038,999.0899,530.00
8.038038,999.1267,466.00
8.038038,999.1636,522.00
8.038038,999.2004,505.00
8.038038,999.2372,602.00
8.038038,999.2739,509.00
8.038038,999.3107,565.00
8.038038,999.3474,529.00
8.038038,999.3842,510.00
8.038038,999.4210,501.00
8.038038,999.4576,538.00
8.038038,999.4946,490.00
8.038038,999.5312,572.00
8.038038,999.5680,519.00
8.038038,999.6047,522.00
8.038038,999.6414,507.00
8.038038,999.6780,519.00
8.038038,999.7147,502.00
8.038038,999.7515,531.00
8.038038,999.7881,459.00
8.038038,999.8248,549.00
8.038038,999.8614,463.00
8.038038,999.8981,541.00
8.038038,999.9349,483.00
8.038038,999.9715,537.00
8.038038,1000.0081,516.00
8.038038,1000.0447,499.00
8.038038,1000.0814,504.00
8.038038,1000.1180,503.00
8.038038,1000.1546,456.00
8.038038,1000.1912,536.00
8.038038,1000.2278,499.00
8.038038,1000.2645,540.00
8.038038,1000.3011,527.00
8.038038,1000.3377,518.00
8.038038,1000.3742,518.00
8.038038,1000.4108,511.00
8.038038,1000.4474,508.00
8.038038,1000.4839,507.00
8.038038,1000.5204,467.00
8.038038,1000.5570,535.00
8.038038,1000.5935,471.00
8.038038,1000.6301,516.00
8.038038,1000.6667,459.00
8.038038,1000.7032,513.00
8.038038,1000.7397,485.00
8.038038,1000.7762,509.00
8.038038,1000.8127,446.00
8.038038,1000.8492,527.00
8.038038,1000.8857,498.00
8.038038,1000.9222,508.00
8.038038,1000.9586,492.00
8.038038,1000.9951,507.00
8.038038,1001.0316,479.00
8.038038,1001.0681,539.00
8.038038,1001.1046,508.00
8.038038,1001.1410,542.00
8.038038,1001.1774,485.00
8.038038,1001.2138,483.00
8.038038,1001.2502,501.00
8.038038,1001.2866,494.00
8.038038,1001.3230,491.00
8.038038,1001.3594,496.00
8.038038,1001.3958,475.00
8.038038,1001.4323,528.00
8.038038,1001.4687,487.00
8.038038,1001.5051,537.00
8.038038,1001.5414,530.00
8.038038,1001.5778,505.00
8.038038,1001.6141,468.00
8.038038,1001.6505,485.00
8.038038,1001.6868,472.00
8.038038,1001.7231,513.00
8.038038,1001.7596,460.00
8.038038,1001.7958,518.00
8.038038,1001.8322,444.00
8.038038,1001.8685,524.00
8.038038,1001.9048,476.00
8.038038,1001.9411,490.00
8.038038,1001.9774,461.00
8.038038,1002.0136,500.00
8.038038,1002.0499,468.00
8.038038,1002.0862,548.00
8.038038,1002.1224,443.00
8.038038,1002.1587,534.00
8.038038,1002.1951,478.00
8.038038,1002.2313,496.00
8.038038,1002.2675,512.00
8.038038,1002.3038,513.00
8.038038,1002.3400,441.00
8.038038,1002.3762,501.00
8.038038,1002.4124,438.00
8.038038,1002.4486,540.00
8.038038,1002.4848,438.00
8.038038,1002.5211,518.00
8.038038,1002.5573,474.00
8.038038,1002.5934,517.00
8.038038,1002.6296,482.00
8.038038,1002.6657,511.00
8.038038,1002.7019,445.00
8.038038,1002.7380,517.00
8.038038,1002.7742,498.00
8.038038,1002.8104,515.00
8.038038,1002.8464,477.00
8.038038,1002.8826,510.00
8.038038,1002.9187,472.00
8.038038,1002.9549,521.00
8.038038,1002.9910,489.00
8.038038,1003.0271,552.00
8.038038,1003.0632,465.00
8.038038,1003.0992,540.00
8.038038,1003.1354,478.00
8.038038,1003.1714,506.00
8.038038,1003.2075,548.00
8.038038,1003.2435,538.00
8.038038,1003.2797,480.00
8.038038,1003.3157,555.00
8.038038,1003.3518,497.00
8.038038,1003.3878,540.00
8.038038,1003.4238,515.00
8.038038,1003.4598,538.00
8.038038,1003.4958,507.00
8.038038,1003.5319,504.00
8.038038,1003.5678,482.00
8.038038,1003.6039,569.00
8.038038,1003.6398,471.00
8.038038,1003.6759,539.00
8.038038,1003.7119,516.00
8.038038,1003.7479,503.00
8.038038,1003.7838,492.00
8.038038,1003.8198,507.00
8.038038,1003.8557,487.00
8.038038,1003.8917,530.00
8.038038,1003.9276,441.00
8.038038,1003.9635,496.00
8.038038,1003.9995,491.00
8.038038,1004.0354,511.00
8.038038,1004.0714,505.00
8.038038,1004.1072,488.00
8.038038,1004.1431,496.00
8.038038,1004.1790,511.00
8.038038,1004.2149,439.00
8.038038,1004.2508,544.00
8.038038,1004.2866,432.00
8.038038,1004.3225,540.00
8.038038,1004.3583,475.00
8.038038,1004.3942,493.00
8.038038,1004.4302,476.00
8.038038,1004.4660,490.00
8.038038,1004.5018,450.00
8.038038,1004.5376,491.00
8.038038,1004.5734,456.00
8.038038,1004.6093,524.00
8.038038,1004.6450,507.00
8.038038,1004.6808,537.00
8.038038,1004.7166,485.00
8.038038,1004.7525,516.00
8.038038,1004.7883,502.00
8.038038,1004.8240,509.00
8.038038,1004.8598,454.00
8.038038,1004.8956,532.00
8.038038,1004.9313,460.00
8.038038,1004.9670,553.00
8.038038,1005.0027,492.00
8.038038,1005.0385,475.00
8.038038,1005.0742,492.00
8.038038,1005.1099,492.00
8.038038,1005.1456,472.00
8.038038,1005.1815,522.00
8.038038,1005.2172,479.00
8.038038,1005.2529,502.00
8.038038,1005.2885,528.00
8.038038,1005.3242,496.00
8.038038,1005.3599,485.00
8.038038,1005.3955,493.00
8.038038,1005.4312,463.00
8.038038,1005.4669,518.00
8.038038,1005.5026,482.00
8.038038,1005.5382,576.00
8.038038,1005.5739,508.00
8.038038,1005.6095,523.00
8.038038,1005.6451,529.00
8.038038,1005.6807,469.00
8.038038,1005.7162,530.00
8.038038,1005.7519,484.00
8.038038,1005.7875,475.00
8.038038,1005.8231,552.00
8.038038,1005.8586,474.00
8.038038,1005.8942,527.00
8.038038,1005.9299,480.00
8.038038,1005.9655,517.00
8.038038,1006.0010,484.00
8.038038,1006.0365,517.00
8.038038,1006.0720,497.00
8.038038,1006.1076,524.00
8.038038,1006.1431,488.00
8.038038,1006.1786,530.00
8.038038,1006.2141,504.00
8.038038,1006.2498,512.00
8.038038,1006.2853,484.00
8.038038,1006.3207,484.00
8.038038,1006.3563,489.00
8.038038,1006.3917,530.00
8.038038,1006.4272,490.00
8.038038,1006.4626,562.00
8.038038,1006.4981,506.00
8.038038,1006.5335,522.00
8.038038,1006.5690,537.00
8.038038,1006.6044,533.00
8.038038,1006.6400,497.00
8.038038,1006.6754,543.00
8.038038,1006.7108,447.00
8.038038,1006.7462,568.00
8.038038,1006.7816,508.00
8.038038,1006.8170,554.00
8.038038,1006.8524,539.00
8.038038,1006.8878,531.00
8.038038,1006.9232,518.00
8.038038,1006.9586,536.00
8.038038,1006.9940,503.00
8.038038,1007.0294,523.00
8.038038,1007.0648,493.00
8.038038,1007.1001,575.00
8.038038,1007.1354,534.00
8.038038,1007.1707,569.00
8.038038,1007.2061,533.00
8.038038,1007.2414,548.00
8.038038,1007.2767,503.00
8.038038,1007.3120,571.00
8.038038,1007.3473,512.00
8.038038,1007.3827,564.00
8.038038,1007.4180,532.00
8.038038,1007.4532,553.00
8.038038,1007.4885,501.00
8.038038,1007.5238,534.00
8.038038,1007.5590,516.00
8.038038,1007.5943,546.00
8.038038,1007.6295,496.00
8.038038,1007.6648,612.00
8.038038,1007.7001,519.00
8.038038,1007.7354,552.00
8.038038,1007.7706,527.00
8.038038,1007.8058,514.00
8.038038,1007.8410,518.00
8.038038,1007.8762,551.00
8.038038,1007.9114,502.00
8.038038,1007.9465,515.00
8.038038,1007.9818,533.00
8.038038,1008.0169,557.00
8.038038,1008.0521,513.00
8.038038,1008.0873,561.00
8.038038,1008.1226,467.00
8.038038,1008.1576,500.00
8.038038,1008.1927,484.00
8.038038,1008.2279,558.00
8.038038,1008.2631,478.00
8.038038,1008.2982,545.00
8.038038,1008.3333,534.00
8.038038,1008.3683,524.00
8.038038,1008.4034,545.00
8.038038,1008.4387,511.00
8.038038,1008.4738,518.00
8.038038,1008.5089,527.00
8.038038,1008.5439,484.00
8.038038,1008.5790,598.00
8.038038,1008.6141,505.00
8.038038,1008.6491,539.00
8.038038,1008.6841,495.00
8.038038,1008.7192,510.00
8.038038,1008.7542,497.00
8.038038,1008.7892,528.00
8.038038,1008.8243,461.00
8.038038,1008.8594,531.00
8.038038,1008.8943,485.00
8.038038,1008.9294,514.00
8.038038,1008.9644,506.00
8.038038,1008.9994,522.00
8.038038,1009.0344,497.00
8.038038,1009.0693,526.00
8.038038,1009.1043,479.00
8.038038,1009.1392,545.00
8.038038,1009.1743,455.00
8.038038,1009.2093,562.00
8.038038,1009.2442,509.00
8.038038,1009.2792,549.00
8.038038,1009.3141,488.00
8.038038,1009.3489,503.00
8.038038,1009.3839,449.00
8.038038,1009.4188,528.00
8.038038,1009.4537,462.00
8.038038,1009.4886,580.00
8.038038,1009.5235,485.00
8.038038,1009.5585,520.00
8.038038,1009.5933,496.00
8.038038,1009.6282,497.00
8.038038,1009.6631,466.00
8.038038,1009.6979,520.00
8.038038,1009.7327,450.00
8.038038,1009.7676,496.00
8.038038,1009.8024,456.00
8.038038,1009.8372,539.00
8.038038,1009.8721,462.00
8.038038,1009.9070,515.00
8.038038,1009.9418,502.00
8.038038,1009.9766,522.00
8.038038,1010.0115,471.00
8.038038,1010.0462,501.00
8.038038,1010.0810,489.00
8.038038,1010.1158,537.00
8.038038,1010.1505,483.00
8.038038,1010.1853,491.00
8.038038,1010.2200,466.00
8.038038,1010.2548,494.00
8.038038,1010.2897,474.00
8.038038,1010.3244,517.00
8.038038,1010.3591,483.00
8.038038,1010.3938,507.00
8.038038,1010.4285,493.00
8.038038,1010.4633,527.00
8.038038,1010.4980,520.00
8.038038,1010.5326,509.00
8.038038,1010.5673,467.00
8.038038,1010.6021,522.00
8.038038,1010.6368,441.00
8.038038,1010.6714,504.00
8.038038,1010.7061,442.00
8.038038,1010.7408,511.00
8.038038,1010.7754,491.00
8.038038,1010.8101,504.00
8.038038,1010.8447,472.00
8.038038,1010.8793,521.00
8.038038,1010.9139,453.00
8.038038,1010.9485,517.00
8.038038,1010.9832,424.00
8.038038,1011.0178,546.00
8.038038,1011.0525,490.00
8.038038,1011.0870,532.00
8.038038,1011.1216,450.00
8.038038,1011.1562,514.00
8.038038,1011.1907,487.00
8.038038,1011.2253,519.00
8.038038,1011.2599,420.00
8.038038,1011.2944,555.00
8.038038,1011.3291,483.00
8.038038,1011.3636,517.00
8.038038,1011.3981,483.00
8.038038,1011.4326,496.00
8.038038,1011.4672,487.00
8.038038,1011.5016,489.00
8.038038,1011.5362,448.00
8.038038,1011.5706,505.00
8.038038,1011.6052,452.00
8.038038,1011.6396,501.00
8.038038,1011.6741,442.00
8.038038,1011.7086,514.00
8.038038,1011.7431,490.00
8.038038,1011.7776,532.00
8.038038,1011.8120,488.00
8.038038,1011.8465,523.00
8.038038,1011.8809,459.00
8.038038,1011.9153,519.00
8.038038,1011.9498,472.00
8.038038,1011.9842,506.00
8.038038,1012.0186,469.00
8.038038,1012.0531,475.00
8.038038,1012.0875,479.00
8.038038,1012.1219,514.00
8.038038,1012.1562,471.00
8.038038,1012.1906,492.00
8.038038,1012.2250,457.00
8.038038,1012.2593,513.00
8.038038,1012.2937,491.00
8.038038,1012.3281,497.00
8.038038,1012.3624,462.00
8.038038,1012.3967,474.00
8.038038,1012.4310,440.00
8.038038,1012.4655,501.00
8.038038,1012.4998,428.00
8.038038,1012.5341,533.00
8.038038,1012.5684,473.00
8.038038,1012.6027,538.00
8.038038,1012.6370,476.00
8.038038,1012.6712,472.00
8.038038,1012.7055,488.00
8.038038,1012.7398,522.00
8.038038,1012.7742,449.00
8.038038,1012.8084,484.00
8.038038,1012.8427,462.00
8.038038,1012.8769,468.00
8.038038,1012.9111,491.00
8.038038,1012.9454,488.00
8.038038,1012.9796,488.00
8.038038,1013.0138,505.00
8.038038,1013.0480,412.00
8.038038,1013.0822,511.00
8.038038,1013.1164,436.00
8.038038,1013.1506,526.00
8.038038,1013.1848,458.00
8.038038,1013.2190,480.00
8.038038,1013.2532,497.00
8.038038,1013.2873,510.00
8.038038,1013.3215,459.00
8.038038,1013.3556,489.00
8.038038,1013.3898,418.00
8.038038,1013.4239,538.00
8.038038,1013.4581,493.00
8.038038,1013.4923,513.00
8.038038,1013.5264,486.00
8.038038,1013.5605,487.00
8.038038,1013.5946,471.00
8.038038,1013.6287,538.00
8.038038,1013.6627,480.00
8.038038,1013.6968,545.00
8.038038,1013.7309,463.00
8.038038,1013.7650,501.00
8.038038,1013.7990,495.00
8.038038,1013.8331,480.00
8.038038,1013.8672,466.00
8.038038,1013.9012,509.00
8.038038,1013.9353,454.00
8.038038,1013.9693,535.00
8.038038,1014.0033,456.00
8.038038,1014.0374,519.00
8.038038,1014.0714,516.00
8.038038,1014.1053,503.00
8.038038,1014.1393,515.00
8.038038,1014.1734,522.00
8.038038,1014.2074,479.00
8.038038,1014.2413,524.00
8.038038,1014.2753,471.00
8.038038,1014.3093,561.00
8.038038,1014.3433,509.00
8.038038,1014.3772,551.00
8.038038,1014.4111,520.00
8.038038,1014.4451,509.00
8.038038,1014.4790,498.00
8.038038,1014.5129,518.00
8.038038,1014.5468,465.00
8.038038,1014.5808,572.00
8.038038,1014.6147,528.00
8.038038,1014.6486,573.00
8.038038,1014.6825,525.00
8.038038,1014.7164,522.00
8.038038,1014.7502,470.00
8.038038,1014.7841,510.00
8.038038,1014.8180,504.00
8.038038,1014.8518,544.00
8.038038,1014.8858,479.00
8.038038,1014.9196,565.00
8.038038,1014.9534,519.00
8.038038,1014.9872,528.00
8.038038,1015.0211,514.00
8.038038,1015.0549,513.00
8.038038,1015.0887,502.00
8.038038,1015.1224,535.00
8.038038,1015.1562,514.00
8.038038,1015.1900,591.00
8.038038,1015.2238,526.00
8.038038,1015.2575,557.00
8.038038,1015.2914,499.00
8.038038,1015.3252,541.00
8.038038,1015.3589,485.00
8.038038,1015.3927,527.00
8.038038,1015.4265,518.00
8.038038,1015.4601,565.00
8.038038,1015.4938,496.00
8.038038,1015.5276,584.00
8.038038,1015.5613,529.00
8.038038,1015.5952,541.00
8.038038,1015.6288,490.00
8.038038,1015.6625,542.00
8.038038,1015.6962,464.00
8.038038,1015.7299,556.00
8.038038,1015.7635,492.00
8.038038,1015.7972,549.00
8.038038,1015.8308,533.00
8.038038,1015.8645,542.00
8.038038,1015.8981,504.00
8.038038,1015.9317,534.00
8.038038,1015.9655,474.00
8.038038,1015.9991,568.00
8.038038,1016.0327,483.00
8.038038,1016.0663,528.00
8.038038,1016.0999,539.00
8.038038,1016.1335,535.00
8.038038,1016.1671,540.00
8.038038,1016.2006,511.00
8.038038,1016.2342,516.00
8.038038,1016.2679,545.00
8.038038,1016.3015,503.00
8.038038,1016.3350,550.00
8.038038,1016.3686,505.00
8.038038,1016.4021,556.00
8.038038,1016.4357,530.00
8.038038,1016.4691,565.00
8.038038,1016.5027,501.00
8.038038,1016.5362,546.00
8.038038,1016.5696,486.00
8.038038,1016.6032,573.00
8.038038,1016.6367,514.00
8.038038,1016.6703,568.00
8.038038,1016.7038,511.00
8.038038,1016.7372,527.00
8.038038,1016.7707,506.00
8.038038,1016.8041,509.00
8.038038,1016.8376,504.00
8.038038,1016.8710,535.00
8.038038,1016.9045,471.00
8.038038,1016.9379,555.00
8.038038,1016.9715,512.00
8.038038,1017.0049,538.00
8.038038,1017.0383,551.00
8.038038,1017.0717,497.00
8.038038,1017.1050,495.00
8.038038,1017.1384,504.00
8.038038,1017.1718,491.00
8.038038,1017.2052,571.00
8.038038,1017.2386,486.00
8.038038,1017.2720,547.00
8.038038,1017.3053,540.00
8.038038,1017.3387,543.00
8.038038,1017.3721,519.00
8.038038,1017.4054,509.00
8.038038,1017.4388,469.00
8.038038,1017.4721,538.00
8.038038,1017.5054,493.00
8.038038,1017.5387,569.00
8.038038,1017.5720,532.00
8.038038,1017.6053,538.00
8.038038,1017.6386,545.00
8.038038,1017.6720,528.00
8.038038,1017.7053,496.00
8.038038,1017.7385,558.00
8.038038,1017.7717,499.00
8.038038,1017.8051,566.00
8.038038,1017.8383,526.00
8.038038,1017.8715,576.00
8.038038,1017.9048,553.00
8.038038,1017.9380,535.00
8.038038,1017.9712,537.00
8.038038,1018.0044,567.00
8.038038,1018.0376,496.00
8.038038,1018.0709,594.00
8.038038,1018.1041,523.00
8.038038,1018.1373,594.00
8.038038,1018.1705,529.00
8.038038,1018.2037,566.00
8.038038,1018.2368,515.00
8.038038,1018.2700,515.00
8.038038,1018.3032,501.00
8.038038,1018.3363,568.00
8.038038,1018.3695,523.00
8.038038,1018.4026,587.00
8.038038,1018.4358,557.00
8.038038,1018.4689,532.00
8.038038,1018.5020,560.00
8.038038,1018.5352,569.00
8.038038,1018.5682,523.00
8.038038,1018.6013,560.00
8.038038,1018.6343,524.00
8.038038,1018.6675,578.00
8.038038,1018.7006,514.00
8.038038,1018.7337,585.00
8.038038,1018.7668,572.00
8.038038,1018.7998,520.00
8.038038,1018.8328,535.00
8.038038,1018.8658,553.00
8.038038,1018.8989,520.00
8.038038,1018.9319,582.00
8.038038,1018.9650,518.00
8.038038,1018.9980,593.00
8.038038,1019.0311,580.00
8.038038,1019.0641,596.00
8.038038,1019.0970,507.00
8.038038,1019.1301,569.00
8.038038,1019.1631,506.00
8.038038,1019.1960,576.00
8.038038,1019.2289,500.00
8.038038,1019.2618,587.00
8.038038,1019.2949,544.00
8.038038,1019.3278,559.00
8.038038,1019.3607,562.00
8.038038,1019.3936,526.00
8.038038,1019.4268,481.00
8.038038,1019.4596,562.00
8.038038,1019.4925,513.00
8.038038,1019.5255,557.00
8.038038,1019.5583,505.00
8.038038,1019.5912,550.00
8.038038,1019.6240,535.00
8.038038,1019.6569,570.00
8.038038,1019.6898,528.00
8.038038,1019.7227,522.00
8.038038,1019.7556,461.00
8.038038,1019.7885,565.00
8.038038,1019.8213,489.00
8.038038,1019.8541,574.00
8.038038,1019.8870,521.00
8.038038,1019.9198,532.00
8.038038,1019.9525,542.00
8.038038,1019.9854,542.00
8.038038,1020.0182,487.00
8.038038,1020.0509,580.00
8.038038,1020.0837,522.00
8.038038,1020.1167,557.00
8.038038,1020.1494,541.00
8.038038,1020.1823,519.00
8.038038,1020.2149,508.00
8.038038,1020.2477,539.00
8.038038,1020.2805,488.00
8.038038,1020.3132,528.00
8.038038,1020.3459,517.00
8.038038,1020.3787,568.00
8.038038,1020.4114,501.00
8.038038,1020.4442,518.00
8.038038,1020.4768,520.00
8.038038,1020.5096,542.00
8.038038,1020.5423,476.00
8.038038,1020.5750,564.00
8.038038,1020.6077,467.00
8.038038,1020.6403,546.00
8.038038,1020.6730,511.00
8.038038,1020.7055,544.00
8.038038,1020.7382,500.00
8.038038,1020.7709,509.00
8.038038,1020.8036,495.00
8.038038,1020.8363,493.00
8.038038,1020.8688,450.00
8.038038,1020.9015,574.00
8.038038,1020.9341,490.00
8.038038,1020.9667,561.00
8.038038,1020.9993,488.00
8.038038,1021.0319,523.00
8.038038,1021.0645,505.00
8.038038,1021.0971,527.00
8.038038,1021.1298,470.00
8.038038,1021.1623,540.00
8.038038,1021.1948,483.00
8.038038,1021.2273,576.00
8.038038,1021.2599,501.00
8.038038,1021.2924,543.00
8.038038,1021.3250,510.00
8.038038,1021.3574,505.00
8.038038,1021.3900,468.00
8.038038,1021.4224,512.00
8.038038,1021.4550,421.00
8.038038,1021.4875,477.00
8.038038,1021.5200,480.00
8.038038,1021.5525,534.00
8.038038,1021.5850,472.00
8.038038,1021.6175,510.00
8.038038,1021.6500,452.00
8.038038,1021.6823,536.00
8.038038,1021.7148,425.00
8.038038,1021.7474,538.00
8.038038,1021.7797,491.00
8.038038,1021.8122,528.00
8.038038,1021.8445,482.00
8.038038,1021.8770,582.00
8.038038,1021.9095,531.00
8.038038,1021.9418,497.00
8.038038,1021.9741,470.00
8.038038,1022.0066,507.00
8.038038,1022.0389,485.00
8.038038,1022.0713,551.00
8.038038,1022.1037,468.00
8.038038,1022.1362,593.00
8.038038,1022.1685,547.00
8.038038,1022.2008,530.00
8.038038,1022.2332,487.00
8.038038,1022.2654,516.00
8.038038,1022.2977,502.00
8.038038,1022.3301,553.00
8.038038,1022.3624,497.00
8.038038,1022.3947,595.00
8.038038,1022.4271,492.00
8.038038,1022.4594,517.00
8.038038,1022.4917,532.00
8.038038,1022.5239,558.00
8.038038,1022.5562,503.00
8.038038,1022.5885,546.00
8.038038,1022.6207,504.00
8.038038,1022.6530,576.00
8.038038,1022.6852,527.00
8.038038,1022.7174,563.00
8.038038,1022.7497,479.00
8.038038,1022.7819,522.00
8.038038,1022.8142,504.00
8.038038,1022.8464,523.00
8.038038,1022.8785,515.00
8.038038,1022.9108,573.00
8.038038,1022.9429,505.00
8.038038,1022.9751,544.00
8.038038,1023.0073,499.00
8.038038,1023.0394,517.00
8.038038,1023.0717,518.00
8.038038,1023.1039,550.00
8.038038,1023.1360,498.00
8.038038,1023.1682,559.00
8.038038,1023.2003,496.00
8.038038,1023.2324,541.00
8.038038,1023.2644,513.00
8.038038,1023.2966,541.00
8.038038,1023.3287,469.00
8.038038,1023.3608,512.00
8.038038,1023.3929,494.00
8.038038,1023.4249,516.00
8.038038,1023.4570,500.00
8.038038,1023.4893,546.00
8.038038,1023.5212,500.00
8.038038,1023.5533,507.00
8.038038,1023.5853,474.00
8.038038,1023.6174,522.00
8.038038,1023.6494,477.00
8.038038,1023.6813,540.00
8.038038,1023.7134,425.00
8.038038,1023.7454,519.00
8.038038,1023.7775,497.00
8.038038,1023.8096,494.00
8.038038,1023.8416,492.00
8.038038,1023.8735,506.00
8.038038,1023.9055,457.00
8.038038,1023.9374,484.00
8.038038,1023.9694,445.00
8.038038,1024.0013,506.00
8.038038,1024.0333,479.00
8.038038,1024.0652,526.00
8.038038,1024.0972,508.00
8.038038,1024.1293,534.00
8.038038,1024.1611,475.00
8.038038,1024.1931,539.00
8.038038,1024.2250,455.00
8.038038,1024.2568,548.00
8.038038,1024.2888,467.00
8.038038,1024.3206,525.00
8.038038,1024.3525,505.00
8.038038,1024.3843,497.00
8.038038,1024.4164,488.00
8.038038,1024.4481,521.00
8.038038,1024.4801,494.00
8.038038,1024.5118,516.00
8.038038,1024.5438,464.00
8.038038,1024.5756,528.00
8.038038,1024.6074,496.00
8.038038,1024.6393,503.00
8.038038,1024.6710,524.00
8.038038,1024.7029,480.00
8.038038,1024.7346,472.00
8.038038,1024.7664,508.00
8.038038,1024.7982,461.00
8.038038,1024.8301,546.00
8.038038,1024.8618,482.00
8.038038,1024.8936,540.00
8.038038,1024.9253,474.00
8.038038,1024.9572,508.00
8.038038,1024.9889,499.00
8.038038,1025.0206,525.00
8.038038,1025.0522,430.00
8.038038,1025.0841,545.00
8.038038,1025.1158,490.00
8.038038,1025.1475,539.00
8.038038,1025.1792,500.00
8.038038,1025.2109,511.00
8.038038,1025.2426,502.00
8.038038,1025.2743,521.00
8.038038,1025.3059,499.00
8.038038,1025.3376,568.00
8.038038,1025.3693,431.00
8.038038,1025.4009,547.00
8.038038,1025.4326,472.00
8.038038,1025.4644,535.00
8.038038,1025.4960,478.00
8.038038,1025.5276,497.00
8.038038,1025.5592,521.00
8.038038,1025.5908,534.00
8.038038,1025.6224,475.00
8.038038,1025.6541,573.00
8.038038,1025.6857,512.00
8.038038,1025.7172,568.00
8.038038,1025.7489,545.00
8.038038,1025.7804,553.00
8.038038,1025.8120,556.00
8.038038,1025.8435,530.00
8.038038,1025.8751,546.00
8.038038,1025.9066,566.00
8.038038,1025.9381,482.00
8.038038,1025.9697,546.00
8.038038,1026.0012,519.00
8.038038,1026.0327,553.00
8.038038,1026.0642,517.00
