# Point:,35
# Setpoint:,1.78181818
# Voltage_V:,1.78181818
# Current_A:,0.01523
# Spectrum_Time_s:,5.853220
# Step_Start_s:,5.779300
# Step_End_s:,5.916340
# Spectrum_Duration_ms:,61.271
# Peak_Wavelength_nm:,931.02
# Peak_Intensity:,27764.0
# Avg_Intensity:,644.8
# Num_Pixels:,4094
# NOTE: All wavelengths are captured simultaneously in one CCD exposure
#       The Relative_Time_s column shows when this entire spectrum was acquired

Relative_Time_s,Wavelength_nm,Intensity
5.853220,845.4307,588.00
5.853220,845.4858,504.00
5.853220,845.5410,562.00
5.853220,845.5963,523.00
5.853220,845.6514,590.00
5.853220,845.7065,514.00
5.853220,845.7617,554.00
5.853220,845.8168,509.00
5.853220,845.8721,569.00
5.853220,845.9272,493.00
5.853220,845.9823,549.00
5.853220,846.0374,491.00
5.853220,846.0926,522.00
5.853220,846.1478,494.00
5.853220,846.2029,516.00
5.853220,846.2579,516.00
5.853220,846.3130,549.00
5.853220,846.3682,467.00
5.853220,846.4233,551.00
5.853220,846.4784,490.00
5.853220,846.5335,580.00
5.853220,846.5886,566.00
5.853220,846.6437,535.00
5.853220,846.6987,521.00
5.853220,846.7538,585.00
5.853220,846.8089,496.00
5.853220,846.8640,573.00
5.853220,846.9190,491.00
5.853220,846.9741,582.00
5.853220,847.0292,536.00
5.853220,847.0842,564.00
5.853220,847.1392,548.00
5.853220,847.1943,551.00
5.853220,847.2493,509.00
5.853220,847.3044,588.00
5.853220,847.3594,476.00
5.853220,847.4144,576.00
5.853220,847.4694,537.00
5.853220,847.5244,572.00
5.853220,847.5795,536.00
5.853220,847.6345,552.00
5.853220,847.6895,516.00
5.853220,847.7444,584.00
5.853220,847.7994,506.00
5.853220,847.8544,582.00
5.853220,847.9094,542.00
5.853220,847.9644,568.00
5.853220,848.0193,548.00
5.853220,848.0743,575.00
5.853220,848.1293,549.00
5.853220,848.1843,601.00
5.853220,848.2392,546.00
5.853220,848.2941,596.00
5.853220,848.3491,569.00
5.853220,848.4040,564.00
5.853220,848.4590,578.00
5.853220,848.5139,603.00
5.853220,848.5688,524.00
5.853220,848.6237,598.00
5.853220,848.6786,542.00
5.853220,848.7336,627.00
5.853220,848.7885,555.00
5.853220,848.8434,610.00
5.853220,848.8983,571.00
5.853220,848.9531,595.00
5.853220,849.0081,557.00
5.853220,849.0630,577.00
5.853220,849.1178,525.00
5.853220,849.1727,609.00
5.853220,849.2275,545.00
5.853220,849.2823,650.00
5.853220,849.3373,562.00
5.853220,849.3921,598.00
5.853220,849.4470,574.00
5.853220,849.5018,574.00
5.853220,849.5566,507.00
5.853220,849.6115,617.00
5.853220,849.6663,545.00
5.853220,849.7211,621.00
5.853220,849.7759,571.00
5.853220,849.8307,599.00
5.853220,849.8856,566.00
5.853220,849.9404,596.00
5.853220,849.9952,546.00
5.853220,850.0500,575.00
5.853220,850.1048,519.00
5.853220,850.1596,619.00
5.853220,850.2144,516.00
5.853220,850.2692,621.00
5.853220,850.3239,585.00
5.853220,850.3787,571.00
5.853220,850.4335,583.00
5.853220,850.4882,592.00
5.853220,850.5430,592.00
5.853220,850.5977,596.00
5.853220,850.6525,539.00
5.853220,850.7072,615.00
5.853220,850.7620,558.00
5.853220,850.8167,612.00
5.853220,850.8715,592.00
5.853220,850.9261,593.00
5.853220,850.9808,521.00
5.853220,851.0356,597.00
5.853220,851.0903,584.00
5.853220,851.1450,632.00
5.853220,851.1996,554.00
5.853220,851.2543,634.00
5.853220,851.3091,592.00
5.853220,851.3638,598.00
5.853220,851.4185,552.00
5.853220,851.4731,649.00
5.853220,851.5278,565.00
5.853220,851.5825,664.00
5.853220,851.6371,585.00
5.853220,851.6918,642.00
5.853220,851.7465,600.00
5.853220,851.8011,608.00
5.853220,851.8558,604.00
5.853220,851.9103,632.00
5.853220,851.9650,573.00
5.853220,852.0196,684.00
5.853220,852.0742,612.00
5.853220,852.1289,632.00
5.853220,852.1835,602.00
5.853220,852.2381,658.00
5.853220,852.2927,638.00
5.853220,852.3473,646.00
5.853220,852.4019,644.00
5.853220,852.4565,681.00
5.853220,852.5111,615.00
5.853220,852.5657,655.00
5.853220,852.6202,597.00
5.853220,852.6747,626.00
5.853220,852.7294,644.00
5.853220,852.7839,663.00
5.853220,852.8385,603.00
5.853220,852.8930,668.00
5.853220,852.9476,599.00
5.853220,853.0022,678.00
5.853220,853.0567,625.00
5.853220,853.1112,695.00
5.853220,853.1658,662.00
5.853220,853.2203,663.00
5.853220,853.2748,639.00
5.853220,853.3293,706.00
5.853220,853.3838,629.00
5.853220,853.4383,697.00
5.853220,853.4928,617.00
5.853220,853.5474,679.00
5.853220,853.6019,669.00
5.853220,853.6563,688.00
5.853220,853.7108,658.00
5.853220,853.7653,656.00
5.853220,853.8198,627.00
5.853220,853.8742,662.00
5.853220,853.9286,656.00
5.853220,853.9832,673.00
5.853220,854.0376,634.00
5.853220,854.0920,727.00
5.853220,854.1465,671.00
5.853220,854.2010,690.00
5.853220,854.2554,650.00
5.853220,854.3098,667.00
5.853220,854.3642,599.00
5.853220,854.4186,693.00
5.853220,854.4731,631.00
5.853220,854.5275,699.00
5.853220,854.5819,641.00
5.853220,854.6363,689.00
5.853220,854.6907,636.00
5.853220,854.7451,677.00
5.853220,854.7994,631.00
5.853220,854.8538,670.00
5.853220,854.9082,646.00
5.853220,854.9626,722.00
5.853220,855.0170,656.00
5.853220,855.0714,691.00
5.853220,855.1257,651.00
5.853220,855.1800,649.00
5.853220,855.2344,635.00
5.853220,855.2888,676.00
5.853220,855.3431,589.00
5.853220,855.3975,699.00
5.853220,855.4518,610.00
5.853220,855.5060,711.00
5.853220,855.5604,642.00
5.853220,855.6147,648.00
5.853220,855.6691,635.00
5.853220,855.7233,671.00
5.853220,855.7776,587.00
5.853220,855.8320,681.00
5.853220,855.8862,604.00
5.853220,855.9406,711.00
5.853220,855.9948,621.00
5.853220,856.0491,709.00
5.853220,856.1035,652.00
5.853220,856.1577,654.00
5.853220,856.2119,617.00
5.853220,856.2662,654.00
5.853220,856.3204,606.00
5.853220,856.3748,702.00
5.853220,856.4290,639.00
5.853220,856.4832,680.00
5.853220,856.5374,675.00
5.853220,856.5916,679.00
5.853220,856.6459,597.00
5.853220,856.7001,681.00
5.853220,856.7543,626.00
5.853220,856.8085,689.00
5.853220,856.8627,663.00
5.853220,856.9169,706.00
5.853220,856.9712,652.00
5.853220,857.0253,677.00
5.853220,857.0795,648.00
5.853220,857.1337,659.00
5.853220,857.1879,635.00
5.853220,857.2421,698.00
5.853220,857.2962,652.00
5.853220,857.3504,672.00
5.853220,857.4045,655.00
5.853220,857.4587,661.00
5.853220,857.5129,691.00
5.853220,857.5670,660.00
5.853220,857.6212,626.00
5.853220,857.6753,693.00
5.853220,857.7294,634.00
5.853220,857.7836,667.00
5.853220,857.8377,642.00
5.853220,857.8918,681.00
5.853220,857.9459,674.00
5.853220,858.0000,667.00
5.853220,858.0541,633.00
5.853220,858.1082,683.00
5.853220,858.1624,654.00
5.853220,858.2164,697.00
5.853220,858.2704,665.00
5.853220,858.3245,692.00
5.853220,858.3787,677.00
5.853220,858.4327,657.00
5.853220,858.4868,644.00
5.853220,858.5408,684.00
5.853220,858.5949,638.00
5.853220,858.6489,674.00
5.853220,858.7030,620.00
5.853220,858.7570,708.00
5.853220,858.8110,692.00
5.853220,858.8651,689.00
5.853220,858.9192,685.00
5.853220,858.9732,702.00
5.853220,859.0272,644.00
5.853220,859.0812,716.00
5.853220,859.1352,622.00
5.853220,859.1892,706.00
5.853220,859.2432,635.00
5.853220,859.2972,718.00
5.853220,859.3512,690.00
5.853220,859.4052,655.00
5.853220,859.4592,657.00
5.853220,859.5132,673.00
5.853220,859.5671,615.00
5.853220,859.6210,699.00
5.853220,859.6750,639.00
5.853220,859.7289,694.00
5.853220,859.7830,608.00
5.853220,859.8369,677.00
5.853220,859.8908,667.00
5.853220,859.9447,621.00
5.853220,859.9987,633.00
5.853220,860.0527,690.00
5.853220,860.1065,590.00
5.853220,860.1605,677.00
5.853220,860.2144,646.00
5.853220,860.2682,666.00
5.853220,860.3222,667.00
5.853220,860.3761,661.00
5.853220,860.4299,588.00
5.853220,860.4838,631.00
5.853220,860.5377,587.00
5.853220,860.5916,679.00
5.853220,860.6455,616.00
5.853220,860.6993,680.00
5.853220,860.7532,655.00
5.853220,860.8071,685.00
5.853220,860.8610,625.00
5.853220,860.9148,642.00
5.853220,860.9687,604.00
5.853220,861.0225,677.00
5.853220,861.0763,646.00
5.853220,861.1301,662.00
5.853220,861.1840,611.00
5.853220,861.2378,654.00
5.853220,861.2916,604.00
5.853220,861.3454,699.00
5.853220,861.3992,615.00
5.853220,861.4531,699.00
5.853220,861.5068,605.00
5.853220,861.5606,676.00
5.853220,861.6144,613.00
5.853220,861.6682,643.00
5.853220,861.7220,609.00
5.853220,861.7758,660.00
5.853220,861.8295,636.00
5.853220,861.8833,648.00
5.853220,861.9370,611.00
5.853220,861.9908,686.00
5.853220,862.0446,642.00
5.853220,862.0983,658.00
5.853220,862.1520,638.00
5.853220,862.2057,655.00
5.853220,862.2595,631.00
5.853220,862.3132,649.00
5.853220,862.3669,581.00
5.853220,862.4206,655.00
5.853220,862.4744,581.00
5.853220,862.5281,679.00
5.853220,862.5818,602.00
5.853220,862.6355,664.00
5.853220,862.6891,641.00
5.853220,862.7429,664.00
5.853220,862.7966,633.00
5.853220,862.8502,653.00
5.853220,862.9039,610.00
5.853220,862.9575,682.00
5.853220,863.0112,640.00
5.853220,863.0648,662.00
5.853220,863.1185,628.00
5.853220,863.1722,645.00
5.853220,863.2258,585.00
5.853220,863.2794,670.00
5.853220,863.3330,595.00
5.853220,863.3867,638.00
5.853220,863.4403,590.00
5.853220,863.4940,648.00
5.853220,863.5475,645.00
5.853220,863.6011,623.00
5.853220,863.6548,659.00
5.853220,863.7084,637.00
5.853220,863.7620,610.00
5.853220,863.8156,630.00
5.853220,863.8691,609.00
5.853220,863.9228,629.00
5.853220,863.9763,614.00
5.853220,864.0299,659.00
5.853220,864.0834,609.00
5.853220,864.1370,636.00
5.853220,864.1906,582.00
5.853220,864.2441,667.00
5.853220,864.2977,609.00
5.853220,864.3512,682.00
5.853220,864.4047,620.00
5.853220,864.4583,661.00
5.853220,864.5118,645.00
5.853220,864.5653,644.00
5.853220,864.6189,595.00
5.853220,864.6724,640.00
5.853220,864.7258,604.00
5.853220,864.7794,630.00
5.853220,864.8329,640.00
5.853220,864.8864,679.00
5.853220,864.9398,634.00
5.853220,864.9933,642.00
5.853220,865.0469,579.00
5.853220,865.1003,632.00
5.853220,865.1538,599.00
5.853220,865.2072,633.00
5.853220,865.2607,587.00
5.853220,865.3142,661.00
5.853220,865.3676,618.00
5.853220,865.4211,625.00
5.853220,865.4745,598.00
5.853220,865.5279,631.00
5.853220,865.5814,628.00
5.853220,865.6348,635.00
5.853220,865.6882,600.00
5.853220,865.7416,671.00
5.853220,865.7950,629.00
5.853220,865.8484,682.00
5.853220,865.9019,623.00
5.853220,865.9552,634.00
5.853220,866.0087,627.00
5.853220,866.0620,648.00
5.853220,866.1154,627.00
5.853220,866.1688,681.00
5.853220,866.2222,619.00
5.853220,866.2755,697.00
5.853220,866.3289,658.00
5.853220,866.3822,677.00
5.853220,866.4356,640.00
5.853220,866.4890,641.00
5.853220,866.5423,628.00
5.853220,866.5956,657.00
5.853220,866.6489,604.00
5.853220,866.7023,702.00
5.853220,866.7556,610.00
5.853220,866.8089,650.00
5.853220,866.8622,620.00
5.853220,866.9155,656.00
5.853220,866.9689,625.00
5.853220,867.0222,657.00
5.853220,867.0755,603.00
5.853220,867.1287,640.00
5.853220,867.1820,614.00
5.853220,867.2354,632.00
5.853220,867.2886,638.00
5.853220,867.3419,653.00
5.853220,867.3951,608.00
5.853220,867.4484,653.00
5.853220,867.5016,592.00
5.853220,867.5549,697.00
5.853220,867.6082,622.00
5.853220,867.6614,640.00
5.853220,867.7146,650.00
5.853220,867.7678,646.00
5.853220,867.8211,650.00
5.853220,867.8743,633.00
5.853220,867.9276,616.00
5.853220,867.9807,677.00
5.853220,868.0339,633.00
5.853220,868.0872,685.00
5.853220,868.1403,640.00
5.853220,868.1935,626.00
5.853220,868.2467,628.00
5.853220,868.2999,642.00
5.853220,868.3531,608.00
5.853220,868.4062,684.00
5.853220,868.4594,629.00
5.853220,868.5126,668.00
5.853220,868.5657,619.00
5.853220,868.6189,664.00
5.853220,868.6721,650.00
5.853220,868.7252,622.00
5.853220,868.7783,612.00
5.853220,868.8315,663.00
5.853220,868.8846,596.00
5.853220,868.9377,691.00
5.853220,868.9908,625.00
5.853220,869.0439,676.00
5.853220,869.0970,645.00
5.853220,869.1501,656.00
5.853220,869.2032,615.00
5.853220,869.2564,642.00
5.853220,869.3094,602.00
5.853220,869.3625,652.00
5.853220,869.4156,610.00
5.853220,869.4688,689.00
5.853220,869.5218,617.00
5.853220,869.5748,683.00
5.853220,869.6279,636.00
5.853220,869.6809,619.00
5.853220,869.7340,580.00
5.853220,869.7870,642.00
5.853220,869.8401,669.00
5.853220,869.8931,654.00
5.853220,869.9462,631.00
5.853220,869.9993,638.00
5.853220,870.0522,641.00
5.853220,870.1052,700.00
5.853220,870.1583,617.00
5.853220,870.2112,699.00
5.853220,870.2642,609.00
5.853220,870.3173,674.00
5.853220,870.3702,608.00
5.853220,870.4232,688.00
5.853220,870.4762,629.00
5.853220,870.5292,640.00
5.853220,870.5822,631.00
5.853220,870.6351,676.00
5.853220,870.6881,614.00
5.853220,870.7410,650.00
5.853220,870.7940,610.00
5.853220,870.8470,661.00
5.853220,870.8999,596.00
5.853220,870.9528,693.00
5.853220,871.0057,653.00
5.853220,871.0587,665.00
5.853220,871.1116,634.00
5.853220,871.1646,680.00
5.853220,871.2175,564.00
5.853220,871.2704,684.00
5.853220,871.3232,660.00
5.853220,871.3762,649.00
5.853220,871.4291,650.00
5.853220,871.4820,648.00
5.853220,871.5348,624.00
5.853220,871.5877,654.00
5.853220,871.6406,656.00
5.853220,871.6935,679.00
5.853220,871.7463,620.00
5.853220,871.7992,638.00
5.853220,871.8521,653.00
5.853220,871.9049,638.00
5.853220,871.9578,669.00
5.853220,872.0106,680.00
5.853220,872.0635,605.00
5.853220,872.1162,696.00
5.853220,872.1691,615.00
5.853220,872.2219,698.00
5.853220,872.2747,612.00
5.853220,872.3275,674.00
5.853220,872.3803,670.00
5.853220,872.4332,653.00
5.853220,872.4860,635.00
5.853220,872.5387,674.00
5.853220,872.5915,633.00
5.853220,872.6443,687.00
5.853220,872.6971,650.00
5.853220,872.7499,675.00
5.853220,872.8026,643.00
5.853220,872.8553,648.00
5.853220,872.9081,641.00
5.853220,872.9609,669.00
5.853220,873.0136,593.00
5.853220,873.0663,673.00
5.853220,873.1191,588.00
5.853220,873.1718,682.00
5.853220,873.2245,648.00
5.853220,873.2773,658.00
5.853220,873.3300,636.00
5.853220,873.3827,644.00
5.853220,873.4354,639.00
5.853220,873.4882,710.00
5.853220,873.5408,635.00
5.853220,873.5935,678.00
5.853220,873.6462,650.00
5.853220,873.6989,687.00
5.853220,873.7515,675.00
5.853220,873.8042,687.00
5.853220,873.8569,619.00
5.853220,873.9096,685.00
5.853220,873.9622,587.00
5.853220,874.0149,689.00
5.853220,874.0675,661.00
5.853220,874.1202,653.00
5.853220,874.1729,634.00
5.853220,874.2255,695.00
5.853220,874.2781,650.00
5.853220,874.3307,676.00
5.853220,874.3834,602.00
5.853220,874.4360,685.00
5.853220,874.4885,677.00
5.853220,874.5411,715.00
5.853220,874.5938,634.00
5.853220,874.6463,653.00
5.853220,874.6990,660.00
5.853220,874.7515,654.00
5.853220,874.8041,623.00
5.853220,874.8567,687.00
5.853220,874.9092,638.00
5.853220,874.9619,694.00
5.853220,875.0144,643.00
5.853220,875.0669,693.00
5.853220,875.1194,655.00
5.853220,875.1720,681.00
5.853220,875.2246,643.00
5.853220,875.2772,681.00
5.853220,875.3296,624.00
5.853220,875.3821,685.00
5.853220,875.4346,668.00
5.853220,875.4872,697.00
5.853220,875.5397,658.00
5.853220,875.5922,708.00
5.853220,875.6447,638.00
5.853220,875.6971,690.00
5.853220,875.7498,624.00
5.853220,875.8022,679.00
5.853220,875.8547,612.00
5.853220,875.9071,695.00
5.853220,875.9596,641.00
5.853220,876.0120,660.00
5.853220,876.0646,655.00
5.853220,876.1169,690.00
5.853220,876.1694,647.00
5.853220,876.2219,704.00
5.853220,876.2743,654.00
5.853220,876.3268,713.00
5.853220,876.3792,633.00
5.853220,876.4316,689.00
5.853220,876.4840,678.00
5.853220,876.5364,685.00
5.853220,876.5889,626.00
5.853220,876.6413,730.00
5.853220,876.6937,616.00
5.853220,876.7460,683.00
5.853220,876.7985,660.00
5.853220,876.8509,715.00
5.853220,876.9032,643.00
5.853220,876.9556,678.00
5.853220,877.0079,621.00
5.853220,877.0604,672.00
5.853220,877.1127,601.00
5.853220,877.1651,675.00
5.853220,877.2174,619.00
5.853220,877.2697,656.00
5.853220,877.3221,640.00
5.853220,877.3744,668.00
5.853220,877.4268,643.00
5.853220,877.4791,669.00
5.853220,877.5314,598.00
5.853220,877.5837,656.00
5.853220,877.6360,600.00
5.853220,877.6884,667.00
5.853220,877.7407,616.00
5.853220,877.7930,643.00
5.853220,877.8452,610.00
5.853220,877.8975,646.00
5.853220,877.9498,641.00
5.853220,878.0021,648.00
5.853220,878.0544,643.00
5.853220,878.1066,657.00
5.853220,878.1589,633.00
5.853220,878.2111,636.00
5.853220,878.2634,632.00
5.853220,878.3157,625.00
5.853220,878.3679,592.00
5.853220,878.4202,662.00
5.853220,878.4724,604.00
5.853220,878.5246,680.00
5.853220,878.5768,600.00
5.853220,878.6290,654.00
5.853220,878.6812,665.00
5.853220,878.7335,640.00
5.853220,878.7856,626.00
5.853220,878.8379,618.00
5.853220,878.8901,599.00
5.853220,878.9422,648.00
5.853220,878.9944,630.00
5.853220,879.0466,653.00
5.853220,879.0988,621.00
5.853220,879.1509,669.00
5.853220,879.2031,630.00
5.853220,879.2552,595.00
5.853220,879.3074,634.00
5.853220,879.3596,672.00
5.853220,879.4117,582.00
5.853220,879.4638,683.00
5.853220,879.5159,591.00
5.853220,879.5681,661.00
5.853220,879.6202,642.00
5.853220,879.6723,667.00
5.853220,879.7244,641.00
5.853220,879.7766,645.00
5.853220,879.8287,606.00
5.853220,879.8808,667.00
5.853220,879.9329,567.00
5.853220,879.9849,664.00
5.853220,880.0370,624.00
5.853220,880.0891,657.00
5.853220,880.1412,619.00
5.853220,880.1932,657.00
5.853220,880.2452,578.00
5.853220,880.2973,644.00
5.853220,880.3495,628.00
5.853220,880.4015,685.00
5.853220,880.4536,632.00
5.853220,880.5056,617.00
5.853220,880.5576,658.00
5.853220,880.6096,618.00
5.853220,880.6616,596.00
5.853220,880.7137,652.00
5.853220,880.7656,610.00
5.853220,880.8176,651.00
5.853220,880.8696,575.00
5.853220,880.9217,660.00
5.853220,880.9737,602.00
5.853220,881.0256,649.00
5.853220,881.0776,637.00
5.853220,881.1296,657.00
5.853220,881.1816,576.00
5.853220,881.2336,653.00
5.853220,881.2855,584.00
5.853220,881.3374,638.00
5.853220,881.3893,640.00
5.853220,881.4413,632.00
5.853220,881.4933,610.00
5.853220,881.5452,660.00
5.853220,881.5972,587.00
5.853220,881.6490,642.00
5.853220,881.7010,628.00
5.853220,881.7530,653.00
5.853220,881.8049,614.00
5.853220,881.8568,641.00
5.853220,881.9086,615.00
5.853220,881.9605,608.00
5.853220,882.0125,600.00
5.853220,882.0643,661.00
5.853220,882.1162,574.00
5.853220,882.1681,633.00
5.853220,882.2199,570.00
5.853220,882.2719,640.00
5.853220,882.3237,594.00
5.853220,882.3755,615.00
5.853220,882.4274,570.00
5.853220,882.4792,637.00
5.853220,882.5311,570.00
5.853220,882.5829,607.00
5.853220,882.6348,575.00
5.853220,882.6866,671.00
5.853220,882.7383,612.00
5.853220,882.7902,635.00
5.853220,882.8420,635.00
5.853220,882.8939,629.00
5.853220,882.9457,563.00
5.853220,882.9974,622.00
5.853220,883.0493,577.00
5.853220,883.1011,657.00
5.853220,883.1528,582.00
5.853220,883.2046,649.00
5.853220,883.2563,601.00
5.853220,883.3081,594.00
5.853220,883.3599,612.00
5.853220,883.4116,665.00
5.853220,883.4634,580.00
5.853220,883.5151,662.00
5.853220,883.5668,597.00
5.853220,883.6187,648.00
5.853220,883.6703,630.00
5.853220,883.7220,654.00
5.853220,883.7738,637.00
5.853220,883.8254,630.00
5.853220,883.8773,596.00
5.853220,883.9289,663.00
5.853220,883.9806,579.00
5.853220,884.0323,658.00
5.853220,884.0840,627.00
5.853220,884.1357,634.00
5.853220,884.1874,607.00
5.853220,884.2391,617.00
5.853220,884.2907,547.00
5.853220,884.3423,655.00
5.853220,884.3940,583.00
5.853220,884.4457,631.00
5.853220,884.4974,606.00
5.853220,884.5490,623.00
5.853220,884.6006,597.00
5.853220,884.6523,625.00
5.853220,884.7039,587.00
5.853220,884.7555,667.00
5.853220,884.8071,599.00
5.853220,884.8588,656.00
5.853220,884.9103,630.00
5.853220,884.9620,659.00
5.853220,885.0136,649.00
5.853220,885.0651,625.00
5.853220,885.1168,602.00
5.853220,885.1683,621.00
5.853220,885.2200,603.00
5.853220,885.2715,654.00
5.853220,885.3231,598.00
5.853220,885.3746,669.00
5.853220,885.4262,614.00
5.853220,885.4778,639.00
5.853220,885.5293,657.00
5.853220,885.5809,635.00
5.853220,885.6324,578.00
5.853220,885.6839,643.00
5.853220,885.7355,625.00
5.853220,885.7870,676.00
5.853220,885.8385,619.00
5.853220,885.8900,685.00
5.853220,885.9415,649.00
5.853220,885.9930,656.00
5.853220,886.0446,610.00
5.853220,886.0960,667.00
5.853220,886.1475,602.00
5.853220,886.1990,652.00
5.853220,886.2504,630.00
5.853220,886.3020,663.00
5.853220,886.3534,621.00
5.853220,886.4048,659.00
5.853220,886.4564,628.00
5.853220,886.5078,641.00
5.853220,886.5593,619.00
5.853220,886.6107,678.00
5.853220,886.6621,615.00
5.853220,886.7136,674.00
5.853220,886.7650,578.00
5.853220,886.8164,657.00
5.853220,886.8679,633.00
5.853220,886.9193,669.00
5.853220,886.9706,627.00
5.853220,887.0220,639.00
5.853220,887.0735,582.00
5.853220,887.1249,644.00
5.853220,887.1762,604.00
5.853220,887.2276,677.00
5.853220,887.2789,621.00
5.853220,887.3304,661.00
5.853220,887.3818,626.00
5.853220,887.4331,654.00
5.853220,887.4844,646.00
5.853220,887.5358,678.00
5.853220,887.5871,596.00
5.853220,887.6385,675.00
5.853220,887.6898,643.00
5.853220,887.7411,661.00
5.853220,887.7925,637.00
5.853220,887.8438,646.00
5.853220,887.8951,591.00
5.853220,887.9464,689.00
5.853220,887.9977,620.00
5.853220,888.0490,712.00
5.853220,888.1003,673.00
5.853220,888.1516,649.00
5.853220,888.2029,612.00
5.853220,888.2542,640.00
5.853220,888.3054,596.00
5.853220,888.3567,688.00
5.853220,888.4080,618.00
5.853220,888.4592,674.00
5.853220,888.5105,624.00
5.853220,888.5618,684.00
5.853220,888.6130,648.00
5.853220,888.6642,659.00
5.853220,888.7155,633.00
5.853220,888.7667,662.00
5.853220,888.8179,614.00
5.853220,888.8691,674.00
5.853220,888.9204,645.00
5.853220,888.9716,658.00
5.853220,889.0228,657.00
5.853220,889.0740,675.00
5.853220,889.1252,665.00
5.853220,889.1764,648.00
5.853220,889.2275,631.00
5.853220,889.2787,686.00
5.853220,889.3299,627.00
5.853220,889.3810,682.00
5.853220,889.4322,670.00
5.853220,889.4835,691.00
5.853220,889.5346,649.00
5.853220,889.5857,657.00
5.853220,889.6368,611.00
5.853220,889.6879,657.00
5.853220,889.7391,605.00
5.853220,889.7903,684.00
5.853220,889.8414,614.00
5.853220,889.8925,657.00
5.853220,889.9435,658.00
5.853220,889.9948,636.00
5.853220,890.0458,612.00
5.853220,890.0969,663.00
5.853220,890.1479,624.00
5.853220,890.1990,681.00
5.853220,890.2501,640.00
5.853220,890.3012,638.00
5.853220,890.3523,647.00
5.853220,890.4034,624.00
5.853220,890.4545,620.00
5.853220,890.5054,646.00
5.853220,890.5566,587.00
5.853220,890.6076,647.00
5.853220,890.6586,616.00
5.853220,890.7097,660.00
5.853220,890.7607,615.00
5.853220,890.8117,659.00
5.853220,890.8627,643.00
5.853220,890.9138,620.00
5.853220,890.9647,576.00
5.853220,891.0157,635.00
5.853220,891.0668,593.00
5.853220,891.1178,649.00
5.853220,891.1688,598.00
5.853220,891.2197,658.00
5.853220,891.2707,611.00
5.853220,891.3217,622.00
5.853220,891.3727,596.00
5.853220,891.4236,617.00
5.853220,891.4745,585.00
5.853220,891.5256,647.00
5.853220,891.5765,597.00
5.853220,891.6275,658.00
5.853220,891.6783,616.00
5.853220,891.7293,632.00
5.853220,891.7802,625.00
5.853220,891.8312,624.00
5.853220,891.8821,591.00
5.853220,891.9330,652.00
5.853220,891.9839,580.00
5.853220,892.0348,632.00
5.853220,892.0857,640.00
5.853220,892.1366,627.00
5.853220,892.1875,598.00
5.853220,892.2383,634.00
5.853220,892.2892,606.00
5.853220,892.3401,660.00
5.853220,892.3911,629.00
5.853220,892.4418,675.00
5.853220,892.4927,633.00
5.853220,892.5436,665.00
5.853220,892.5944,648.00
5.853220,892.6452,640.00
5.853220,892.6961,623.00
5.853220,892.7469,640.00
5.853220,892.7977,612.00
5.853220,892.8485,642.00
5.853220,892.8993,644.00
5.853220,892.9502,659.00
5.853220,893.0010,632.00
5.853220,893.0518,658.00
5.853220,893.1025,619.00
5.853220,893.1534,628.00
5.853220,893.2042,591.00
5.853220,893.2549,640.00
5.853220,893.3057,605.00
5.853220,893.3564,709.00
5.853220,893.4072,670.00
5.853220,893.4580,629.00
5.853220,893.5087,620.00
5.853220,893.5595,654.00
5.853220,893.6102,610.00
5.853220,893.6609,675.00
5.853220,893.7117,572.00
5.853220,893.7625,690.00
5.853220,893.8132,621.00
5.853220,893.8639,655.00
5.853220,893.9146,671.00
5.853220,893.9653,622.00
5.853220,894.0160,603.00
5.853220,894.0667,648.00
5.853220,894.1174,621.00
5.853220,894.1681,653.00
5.853220,894.2188,627.00
5.853220,894.2695,663.00
5.853220,894.3201,638.00
5.853220,894.3708,628.00
5.853220,894.4214,618.00
5.853220,894.4720,633.00
5.853220,894.5228,621.00
5.853220,894.5734,707.00
5.853220,894.6240,622.00
5.853220,894.6746,695.00
5.853220,894.7252,680.00
5.853220,894.7759,656.00
5.853220,894.8265,653.00
5.853220,894.8771,671.00
5.853220,894.9277,577.00
5.853220,894.9783,680.00
5.853220,895.0290,614.00
5.853220,895.0795,732.00
5.853220,895.1301,623.00
5.853220,895.1807,660.00
5.853220,895.2313,636.00
5.853220,895.2819,665.00
5.853220,895.3325,628.00
5.853220,895.3830,657.00
5.853220,895.4336,596.00
5.853220,895.4841,692.00
5.853220,895.5347,598.00
5.853220,895.5852,656.00
5.853220,895.6357,638.00
5.853220,895.6863,658.00
5.853220,895.7368,644.00
5.853220,895.7874,641.00
5.853220,895.8379,592.00
5.853220,895.8884,657.00
5.853220,895.9388,593.00
5.853220,895.9893,656.00
5.853220,896.0399,634.00
5.853220,896.0904,630.00
5.853220,896.1408,650.00
5.853220,896.1913,658.00
5.853220,896.2418,636.00
5.853220,896.2922,673.00
5.853220,896.3427,627.00
5.853220,896.3932,701.00
5.853220,896.4437,639.00
5.853220,896.4941,690.00
5.853220,896.5445,654.00
5.853220,896.5950,651.00
5.853220,896.6454,680.00
5.853220,896.6958,627.00
5.853220,896.7462,581.00
5.853220,896.7967,659.00
5.853220,896.8471,631.00
5.853220,896.8975,660.00
5.853220,896.9479,633.00
5.853220,896.9983,670.00
5.853220,897.0486,639.00
5.853220,897.0991,639.00
5.853220,897.1495,612.00
5.853220,897.1998,704.00
5.853220,897.2502,613.00
5.853220,897.3005,679.00
5.853220,897.3510,629.00
5.853220,897.4013,652.00
5.853220,897.4517,670.00
5.853220,897.5020,638.00
5.853220,897.5523,653.00
5.853220,897.6026,686.00
5.853220,897.6530,632.00
5.853220,897.7033,687.00
5.853220,897.7537,625.00
5.853220,897.8040,666.00
5.853220,897.8542,613.00
5.853220,897.9046,628.00
5.853220,897.9549,659.00
5.853220,898.0051,694.00
5.853220,898.0554,605.00
5.853220,898.1057,654.00
5.853220,898.1560,604.00
5.853220,898.2063,681.00
5.853220,898.2565,601.00
5.853220,898.3068,616.00
5.853220,898.3571,633.00
5.853220,898.4073,624.00
5.853220,898.4576,586.00
5.853220,898.5078,682.00
5.853220,898.5580,606.00
5.853220,898.6083,672.00
5.853220,898.6584,650.00
5.853220,898.7087,639.00
5.853220,898.7590,657.00
5.853220,898.8091,633.00
5.853220,898.8593,636.00
5.853220,898.9095,649.00
5.853220,898.9598,601.00
5.853220,899.0099,686.00
5.853220,899.0601,630.00
5.853220,899.1103,656.00
5.853220,899.1605,626.00
5.853220,899.2107,646.00
5.853220,899.2608,621.00
5.853220,899.3109,643.00
5.853220,899.3611,596.00
5.853220,899.4113,663.00
5.853220,899.4614,639.00
5.853220,899.5115,642.00
5.853220,899.5616,629.00
5.853220,899.6118,644.00
5.853220,899.6619,605.00
5.853220,899.7121,621.00
5.853220,899.7622,579.00
5.853220,899.8123,674.00
5.853220,899.8624,602.00
5.853220,899.9124,660.00
5.853220,899.9626,628.00
5.853220,900.0126,639.00
5.853220,900.0627,599.00
5.853220,900.1127,653.00
5.853220,900.1628,580.00
5.853220,900.2130,654.00
5.853220,900.2631,559.00
5.853220,900.3130,635.00
5.853220,900.3631,618.00
5.853220,900.4131,634.00
5.853220,900.4632,605.00
5.853220,900.5132,637.00
5.853220,900.5633,579.00
5.853220,900.6132,621.00
5.853220,900.6632,585.00
5.853220,900.7133,636.00
5.853220,900.7633,568.00
5.853220,900.8133,631.00
5.853220,900.8633,608.00
5.853220,900.9133,636.00
5.853220,900.9633,600.00
5.853220,901.0133,644.00
5.853220,901.0632,581.00
5.853220,901.1132,638.00
5.853220,901.1631,592.00
5.853220,901.2131,654.00
5.853220,901.2631,652.00
5.853220,901.3130,654.00
5.853220,901.3630,605.00
5.853220,901.4129,636.00
5.853220,901.4628,619.00
5.853220,901.5128,618.00
5.853220,901.5627,585.00
5.853220,901.6126,664.00
5.853220,901.6625,614.00
5.853220,901.7124,631.00
5.853220,901.7623,619.00
5.853220,901.8123,624.00
5.853220,901.8621,626.00
5.853220,901.9120,617.00
5.853220,901.9619,583.00
5.853220,902.0117,659.00
5.853220,902.0616,616.00
5.853220,902.1115,691.00
5.853220,902.1613,622.00
5.853220,902.2112,601.00
5.853220,902.2610,623.00
5.853220,902.3109,608.00
5.853220,902.3608,589.00
5.853220,902.4106,653.00
5.853220,902.4604,596.00
5.853220,902.5103,627.00
5.853220,902.5601,614.00
5.853220,902.6099,628.00
5.853220,902.6597,614.00
5.853220,902.7095,628.00
5.853220,902.7592,615.00
5.853220,902.8090,649.00
5.853220,902.8589,588.00
5.853220,902.9086,677.00
5.853220,902.9584,610.00
5.853220,903.0082,665.00
5.853220,903.0580,612.00
5.853220,903.1077,630.00
5.853220,903.1575,606.00
5.853220,903.2072,635.00
5.853220,903.2570,598.00
5.853220,903.3067,642.00
5.853220,903.3564,587.00
5.853220,903.4062,653.00
5.853220,903.4559,647.00
5.853220,903.5056,657.00
5.853220,903.5553,623.00
5.853220,903.6050,617.00
5.853220,903.6547,596.00
5.853220,903.7045,683.00
5.853220,903.7541,578.00
5.853220,903.8038,677.00
5.853220,903.8535,628.00
5.853220,903.9032,628.00
5.853220,903.9528,631.00
5.853220,904.0025,609.00
5.853220,904.0522,588.00
5.853220,904.1019,642.00
5.853220,904.1515,578.00
5.853220,904.2012,671.00
5.853220,904.2507,608.00
5.853220,904.3004,640.00
5.853220,904.3500,583.00
5.853220,904.3997,623.00
5.853220,904.4493,587.00
5.853220,904.4989,628.00
5.853220,904.5485,590.00
5.853220,904.5980,637.00
5.853220,904.6477,585.00
5.853220,904.6973,605.00
5.853220,904.7469,610.00
5.853220,904.7964,651.00
5.853220,904.8460,596.00
5.853220,904.8956,594.00
5.853220,904.9452,564.00
5.853220,904.9947,633.00
5.853220,905.0443,581.00
5.853220,905.0938,658.00
5.853220,905.1434,607.00
5.853220,905.1929,630.00
5.853220,905.2424,620.00
5.853220,905.2919,656.00
5.853220,905.3414,617.00
5.853220,905.3910,601.00
5.853220,905.4406,615.00
5.853220,905.4901,648.00
5.853220,905.5396,584.00
5.853220,905.5890,620.00
5.853220,905.6385,634.00
5.853220,905.6880,625.00
5.853220,905.7375,614.00
5.853220,905.7870,656.00
5.853220,905.8364,600.00
5.853220,905.8859,633.00
5.853220,905.9354,614.00
5.853220,905.9848,663.00
5.853220,906.0342,636.00
5.853220,906.0837,666.00
5.853220,906.1331,616.00
5.853220,906.1826,641.00
5.853220,906.2321,597.00
5.853220,906.2814,672.00
5.853220,906.3309,605.00
5.853220,906.3802,660.00
5.853220,906.4297,620.00
5.853220,906.4791,642.00
5.853220,906.5285,636.00
5.853220,906.5779,630.00
5.853220,906.6273,598.00
5.853220,906.6766,624.00
5.853220,906.7260,585.00
5.853220,906.7754,674.00
5.853220,906.8248,601.00
5.853220,906.8741,653.00
5.853220,906.9235,634.00
5.853220,906.9729,628.00
5.853220,907.0222,633.00
5.853220,907.0715,648.00
5.853220,907.1208,598.00
5.853220,907.1702,675.00
5.853220,907.2195,628.00
5.853220,907.2688,642.00
5.853220,907.3181,604.00
5.853220,907.3674,627.00
5.853220,907.4167,627.00
5.853220,907.4660,638.00
5.853220,907.5153,571.00
5.853220,907.5646,644.00
5.853220,907.6139,583.00
5.853220,907.6631,681.00
5.853220,907.7125,631.00
5.853220,907.7617,627.00
5.853220,907.8110,632.00
5.853220,907.8602,663.00
5.853220,907.9094,586.00
5.853220,907.9587,623.00
5.853220,908.0080,571.00
5.853220,908.0572,698.00
5.853220,908.1064,615.00
5.853220,908.1556,649.00
5.853220,908.2048,657.00
5.853220,908.2541,617.00
5.853220,908.3033,627.00
5.853220,908.3524,631.00
5.853220,908.4017,536.00
5.853220,908.4508,644.00
5.853220,908.5000,614.00
5.853220,908.5493,641.00
5.853220,908.5984,619.00
5.853220,908.6475,628.00
5.853220,908.6967,594.00
5.853220,908.7459,609.00
5.853220,908.7950,596.00
5.853220,908.8442,659.00
5.853220,908.8932,618.00
5.853220,908.9424,627.00
5.853220,908.9916,614.00
5.853220,909.0407,648.00
5.853220,909.0898,651.00
5.853220,909.1389,631.00
5.853220,909.1880,615.00
5.853220,909.2372,669.00
5.853220,909.2863,592.00
5.853220,909.3354,677.00
5.853220,909.3845,577.00
5.853220,909.4335,633.00
5.853220,909.4825,646.00
5.853220,909.5317,628.00
5.853220,909.5807,590.00
5.853220,909.6298,674.00
5.853220,909.6789,592.00
5.853220,909.7280,645.00
5.853220,909.7770,604.00
5.853220,909.8260,633.00
5.853220,909.8751,607.00
5.853220,909.9241,642.00
5.853220,909.9731,632.00
5.853220,910.0222,664.00
5.853220,910.0711,606.00
5.853220,910.1201,625.00
5.853220,910.1691,559.00
5.853220,910.2181,634.00
5.853220,910.2672,604.00
5.853220,910.3162,653.00
5.853220,910.3651,644.00
5.853220,910.4141,633.00
5.853220,910.4631,619.00
5.853220,910.5120,634.00
5.853220,910.5610,576.00
5.853220,910.6099,630.00
5.853220,910.6589,608.00
5.853220,910.7078,639.00
5.853220,910.7568,611.00
5.853220,910.8057,640.00
5.853220,910.8546,621.00
5.853220,910.9036,650.00
5.853220,910.9525,597.00
5.853220,911.0013,657.00
5.853220,911.0503,638.00
5.853220,911.0992,636.00
5.853220,911.1481,627.00
5.853220,911.1970,662.00
5.853220,911.2459,624.00
5.853220,911.2948,631.00
5.853220,911.3436,606.00
5.853220,911.3925,645.00
5.853220,911.4414,633.00
5.853220,911.4902,670.00
5.853220,911.5391,645.00
5.853220,911.5880,641.00
5.853220,911.6368,622.00
5.853220,911.6857,666.00
5.853220,911.7344,601.00
5.853220,911.7833,644.00
5.853220,911.8321,626.00
5.853220,911.8809,683.00
5.853220,911.9297,629.00
5.853220,911.9785,666.00
5.853220,912.0273,654.00
5.853220,912.0762,599.00
5.853220,912.1249,659.00
5.853220,912.1737,650.00
5.853220,912.2225,609.00
5.853220,912.2712,647.00
5.853220,912.3201,655.00
5.853220,912.3688,683.00
5.853220,912.4176,623.00
5.853220,912.4663,650.00
5.853220,912.5150,629.00
5.853220,912.5638,655.00
5.853220,912.6125,639.00
5.853220,912.6613,655.00
5.853220,912.7100,635.00
5.853220,912.7587,656.00
5.853220,912.8074,651.00
5.853220,912.8561,705.00
5.853220,912.9048,651.00
5.853220,912.9535,657.00
5.853220,913.0023,646.00
5.853220,913.0510,631.00
5.853220,913.0996,642.00
5.853220,913.1483,685.00
5.853220,913.1969,622.00
5.853220,913.2456,671.00
5.853220,913.2943,677.00
5.853220,913.3430,667.00
5.853220,913.3916,626.00
5.853220,913.4402,681.00
5.853220,913.4888,631.00
5.853220,913.5375,702.00
5.853220,913.5862,641.00
5.853220,913.6348,699.00
5.853220,913.6834,686.00
5.853220,913.7320,681.00
5.853220,913.7806,659.00
5.853220,913.8292,668.00
5.853220,913.8778,627.00
5.853220,913.9264,673.00
5.853220,913.9750,640.00
5.853220,914.0236,713.00
5.853220,914.0721,656.00
5.853220,914.1207,675.00
5.853220,914.1693,616.00
5.853220,914.2178,676.00
5.853220,914.2664,638.00
5.853220,914.3149,682.00
5.853220,914.3635,631.00
5.853220,914.4120,686.00
5.853220,914.4606,686.00
5.853220,914.5090,699.00
5.853220,914.5576,675.00
5.853220,914.6061,699.00
5.853220,914.6546,663.00
5.853220,914.7031,699.00
5.853220,914.7516,595.00
5.853220,914.8001,707.00
5.853220,914.8486,655.00
5.853220,914.8971,705.00
5.853220,914.9456,649.00
5.853220,914.9941,685.00
5.853220,915.0425,671.00
5.853220,915.0910,661.00
5.853220,915.1395,630.00
5.853220,915.1879,720.00
5.853220,915.2363,626.00
5.853220,915.2849,731.00
5.853220,915.3333,654.00
5.853220,915.3817,697.00
5.853220,915.4301,652.00
5.853220,915.4785,687.00
5.853220,915.5269,619.00
5.853220,915.5754,651.00
5.853220,915.6237,634.00
5.853220,915.6721,710.00
5.853220,915.7205,643.00
5.853220,915.7689,699.00
5.853220,915.8173,675.00
5.853220,915.8657,691.00
5.853220,915.9141,679.00
5.853220,915.9623,697.00
5.853220,916.0107,649.00
5.853220,916.0591,717.00
5.853220,916.1075,637.00
5.853220,916.1558,691.00
5.853220,916.2042,652.00
5.853220,916.2524,672.00
5.853220,916.3008,668.00
5.853220,916.3491,666.00
5.853220,916.3974,633.00
5.853220,916.4457,656.00
5.853220,916.4940,620.00
5.853220,916.5423,682.00
5.853220,916.5907,665.00
5.853220,916.6390,688.00
5.853220,916.6872,650.00
5.853220,916.7355,682.00
5.853220,916.7838,619.00
5.853220,916.8320,694.00
5.853220,916.8803,634.00
5.853220,916.9286,687.00
5.853220,916.9768,603.00
5.853220,917.0250,701.00
5.853220,917.0733,685.00
5.853220,917.1216,661.00
5.853220,917.1698,607.00
5.853220,917.2180,649.00
5.853220,917.2662,626.00
5.853220,917.3145,646.00
5.853220,917.3626,684.00
5.853220,917.4109,677.00
5.853220,917.4590,638.00
5.853220,917.5072,707.00
5.853220,917.5554,633.00
5.853220,917.6036,668.00
5.853220,917.6518,642.00
5.853220,917.7000,679.00
5.853220,917.7481,619.00
5.853220,917.7963,664.00
5.853220,917.8444,632.00
5.853220,917.8926,691.00
5.853220,917.9407,691.00
5.853220,917.9888,687.00
5.853220,918.0369,626.00
5.853220,918.0851,668.00
5.853220,918.1332,633.00
5.853220,918.1813,697.00
5.853220,918.2294,637.00
5.853220,918.2776,735.00
5.853220,918.3257,688.00
5.853220,918.3737,638.00
5.853220,918.4218,642.00
5.853220,918.4699,696.00
5.853220,918.5180,627.00
5.853220,918.5660,668.00
5.853220,918.6142,619.00
5.853220,918.6622,689.00
5.853220,918.7103,670.00
5.853220,918.7583,665.00
5.853220,918.8064,684.00
5.853220,918.8544,665.00
5.853220,918.9025,648.00
5.853220,918.9505,703.00
5.853220,918.9985,636.00
5.853220,919.0464,716.00
5.853220,919.0945,674.00
5.853220,919.1426,712.00
5.853220,919.1905,713.00
5.853220,919.2385,676.00
5.853220,919.2866,662.00
5.853220,919.3345,697.00
5.853220,919.3825,654.00
5.853220,919.4304,684.00
5.853220,919.4785,646.00
5.853220,919.5264,703.00
5.853220,919.5744,686.00
5.853220,919.6224,673.00
5.853220,919.6703,660.00
5.853220,919.7182,661.00
5.853220,919.7661,681.00
5.853220,919.8141,689.00
5.853220,919.8620,654.00
5.853220,919.9100,724.00
5.853220,919.9578,666.00
5.853220,920.0057,740.00
5.853220,920.0536,694.00
5.853220,920.1016,683.00
5.853220,920.1495,658.00
5.853220,920.1973,707.00
5.853220,920.2452,614.00
5.853220,920.2932,693.00
5.853220,920.3410,685.00
5.853220,920.3888,699.00
5.853220,920.4367,661.00
5.853220,920.4846,661.00
5.853220,920.5323,648.00
5.853220,920.5803,678.00
5.853220,920.6281,617.00
5.853220,920.6759,712.00
5.853220,920.7237,644.00
5.853220,920.7715,692.00
5.853220,920.8195,675.00
5.853220,920.8672,686.00
5.853220,920.9150,656.00
5.853220,920.9628,682.00
5.853220,921.0106,636.00
5.853220,921.0584,713.00
5.853220,921.1062,597.00
5.853220,921.1540,706.00
5.853220,921.2017,637.00
5.853220,921.2495,662.00
5.853220,921.2973,674.00
5.853220,921.3450,660.00
5.853220,921.3928,601.00
5.853220,921.4405,678.00
5.853220,921.4882,587.00
5.853220,921.5359,687.00
5.853220,921.5837,656.00
5.853220,921.6315,676.00
5.853220,921.6791,659.00
5.853220,921.7269,671.00
5.853220,921.7746,649.00
5.853220,921.8223,638.00
5.853220,921.8700,612.00
5.853220,921.9177,661.00
5.853220,921.9653,615.00
5.853220,922.0130,678.00
5.853220,922.0607,653.00
5.853220,922.1084,662.00
5.853220,922.1561,652.00
5.853220,922.2037,681.00
5.853220,922.2513,615.00
5.853220,922.2990,672.00
5.853220,922.3467,631.00
5.853220,922.3943,682.00
5.853220,922.4419,660.00
5.853220,922.4895,659.00
5.853220,922.5371,664.00
5.853220,922.5848,661.00
5.853220,922.6324,637.00
5.853220,922.6800,664.00
5.853220,922.7276,611.00
5.853220,922.7752,692.00
5.853220,922.8228,654.00
5.853220,922.8704,702.00
5.853220,922.9179,640.00
5.853220,922.9655,683.00
5.853220,923.0130,674.00
5.853220,923.0607,717.00
5.853220,923.1082,603.00
5.853220,923.1558,690.00
5.853220,923.2032,617.00
5.853220,923.2508,683.00
5.853220,923.2983,678.00
5.853220,923.3459,667.00
5.853220,923.3934,657.00
5.853220,923.4409,678.00
5.853220,923.4884,631.00
5.853220,923.5359,679.00
5.853220,923.5834,593.00
5.853220,923.6309,690.00
5.853220,923.6784,649.00
5.853220,923.7259,675.00
5.853220,923.7734,637.00
5.853220,923.8209,634.00
5.853220,923.8683,625.00
5.853220,923.9158,670.00
5.853220,923.9632,643.00
5.853220,924.0106,682.00
5.853220,924.0581,631.00
5.853220,924.1056,674.00
5.853220,924.1530,663.00
5.853220,924.2004,687.00
5.853220,924.2479,627.00
5.853220,924.2952,639.00
5.853220,924.3427,603.00
5.853220,924.3901,689.00
5.853220,924.4375,641.00
5.853220,924.4849,695.00
5.853220,924.5323,675.00
5.853220,924.5797,657.00
5.853220,924.6270,648.00
5.853220,924.6744,678.00
5.853220,924.7218,641.00
5.853220,924.7692,673.00
5.853220,924.8165,608.00
5.853220,924.8639,692.00
5.853220,924.9112,669.00
5.853220,924.9585,680.00
5.853220,925.0059,686.00
5.853220,925.0532,624.00
5.853220,925.1005,610.00
5.853220,925.1478,678.00
5.853220,925.1952,634.00
5.853220,925.2424,687.00
5.853220,925.2897,634.00
5.853220,925.3370,687.00
5.853220,925.3843,643.00
5.853220,925.4316,673.00
5.853220,925.4789,605.00
5.853220,925.5262,675.00
5.853220,925.5734,625.00
5.853220,925.6207,683.00
5.853220,925.6680,644.00
5.853220,925.7153,694.00
5.853220,925.7625,703.00
5.853220,925.8097,662.00
5.853220,925.8569,661.00
5.853220,925.9042,666.00
5.853220,925.9514,639.00
5.853220,925.9987,679.00
5.853220,926.0458,617.00
5.853220,926.0930,698.00
5.853220,926.1403,645.00
5.853220,926.1874,707.00
5.853220,926.2346,657.00
5.853220,926.2819,698.00
5.853220,926.3290,639.00
5.853220,926.3762,670.00
5.853220,926.4233,603.00
5.853220,926.4705,704.00
5.853220,926.5177,673.00
5.853220,926.5648,719.00
5.853220,926.6120,691.00
5.853220,926.6591,697.00
5.853220,926.7063,652.00
5.853220,926.7534,668.00
5.853220,926.8005,611.00
5.853220,926.8477,725.00
5.853220,926.8947,652.00
5.853220,926.9418,714.00
5.853220,926.9890,694.00
5.853220,927.0361,705.00
5.853220,927.0831,660.00
5.853220,927.1302,710.00
5.853220,927.1773,645.00
5.853220,927.2244,729.00
5.853220,927.2715,660.00
5.853220,927.3185,712.00
5.853220,927.3656,655.00
5.853220,927.4126,712.00
5.853220,927.4597,722.00
5.853220,927.5067,684.00
5.853220,927.5538,644.00
5.853220,927.6008,687.00
5.853220,927.6478,664.00
5.853220,927.6949,723.00
5.853220,927.7419,676.00
5.853220,927.7888,712.00
5.853220,927.8358,721.00
5.853220,927.8829,726.00
5.853220,927.9299,683.00
5.853220,927.9769,722.00
5.853220,928.0239,652.00
5.853220,928.0708,698.00
5.853220,928.1177,657.00
5.853220,928.1648,743.00
5.853220,928.2117,703.00
5.853220,928.2587,698.00
5.853220,928.3056,677.00
5.853220,928.3525,718.00
5.853220,928.3995,657.00
5.853220,928.4465,727.00
5.853220,928.4934,665.00
5.853220,928.5402,712.00
5.853220,928.5872,663.00
5.853220,928.6340,742.00
5.853220,928.6810,683.00
5.853220,928.7279,716.00
5.853220,928.7748,676.00
5.853220,928.8217,695.00
5.853220,928.8685,669.00
5.853220,928.9155,697.00
5.853220,928.9623,648.00
5.853220,929.0092,724.00
5.853220,929.0560,681.00
5.853220,929.1028,702.00
5.853220,929.1498,668.00
5.853220,929.1965,688.00
5.853220,929.2434,698.00
5.853220,929.2902,720.00
5.853220,929.3370,665.00
5.853220,929.3839,718.00
5.853220,929.4307,696.00
5.853220,929.4775,681.00
5.853220,929.5243,708.00
5.853220,929.5710,702.00
5.853220,929.6179,679.00
5.853220,929.6647,704.00
5.853220,929.7115,660.00
5.853220,929.7582,724.00
5.853220,929.8050,685.00
5.853220,929.8517,755.00
5.853220,929.8986,682.00
5.853220,929.9453,714.00
5.853220,929.9921,696.00
5.853220,930.0388,742.00
5.853220,930.0854,683.00
5.853220,930.1323,757.00
5.853220,930.1790,707.00
5.853220,930.2256,790.00
5.853220,930.2724,779.00
5.853220,930.3191,771.00
5.853220,930.3658,770.00
5.853220,930.4125,827.00
5.853220,930.4592,847.00
5.853220,930.5059,943.00
5.853220,930.5526,993.00
5.853220,930.5993,1213.00
5.853220,930.6459,1549.00
5.853220,930.6926,1779.00
5.853220,930.7392,2069.00
5.853220,930.7859,2508.00
5.853220,930.8325,3606.00
5.853220,930.8792,5544.00
5.853220,930.9258,12441.00
5.853220,930.9725,23804.00
5.853220,931.0190,27764.00
5.853220,931.0657,21915.00
5.853220,931.1123,18578.00
5.853220,931.1589,18510.00
5.853220,931.2055,11886.00
5.853220,931.2521,4546.00
5.853220,931.2987,1689.00
5.853220,931.3453,1099.00
5.853220,931.3919,987.00
5.853220,931.4385,919.00
5.853220,931.4850,851.00
5.853220,931.5316,790.00
5.853220,931.5782,801.00
5.853220,931.6248,837.00
5.853220,931.6713,849.00
5.853220,931.7178,865.00
5.853220,931.7643,751.00
5.853220,931.8109,758.00
5.853220,931.8574,694.00
5.853220,931.9039,718.00
5.853220,931.9504,694.00
5.853220,931.9969,741.00
5.853220,932.0435,683.00
5.853220,932.0900,737.00
5.853220,932.1365,629.00
5.853220,932.1829,713.00
5.853220,932.2294,650.00
5.853220,932.2759,727.00
5.853220,932.3223,692.00
5.853220,932.3688,674.00
5.853220,932.4153,682.00
5.853220,932.4617,737.00
5.853220,932.5082,647.00
5.853220,932.5546,718.00
5.853220,932.6011,669.00
5.853220,932.6475,721.00
5.853220,932.6939,740.00
5.853220,932.7402,707.00
5.853220,932.7867,685.00
5.853220,932.8331,716.00
5.853220,932.8795,644.00
5.853220,932.9259,718.00
5.853220,932.9723,663.00
5.853220,933.0187,720.00
5.853220,933.0651,682.00
5.853220,933.1115,704.00
5.853220,933.1578,687.00
5.853220,933.2042,693.00
5.853220,933.2505,668.00
5.853220,933.2969,705.00
5.853220,933.3433,694.00
5.853220,933.3896,715.00
5.853220,933.4359,670.00
5.853220,933.4822,726.00
5.853220,933.5286,662.00
5.853220,933.5749,687.00
5.853220,933.6212,667.00
5.853220,933.6675,729.00
5.853220,933.7138,653.00
5.853220,933.7601,737.00
5.853220,933.8064,683.00
5.853220,933.8527,731.00
5.853220,933.8989,660.00
5.853220,933.9452,700.00
5.853220,933.9915,708.00
5.853220,934.0378,719.00
5.853220,934.0840,667.00
5.853220,934.1302,760.00
5.853220,934.1765,664.00
5.853220,934.2227,732.00
5.853220,934.2690,711.00
5.853220,934.3152,709.00
5.853220,934.3614,660.00
5.853220,934.4077,696.00
5.853220,934.4539,660.00
5.853220,934.5001,719.00
5.853220,934.5463,650.00
5.853220,934.5925,758.00
5.853220,934.6387,726.00
5.853220,934.6848,728.00
5.853220,934.7310,681.00
5.853220,934.7772,721.00
5.853220,934.8234,649.00
5.853220,934.8695,677.00
5.853220,934.9156,630.00
5.853220,934.9619,716.00
5.853220,935.0080,696.00
5.853220,935.0541,716.00
5.853220,935.1002,720.00
5.853220,935.1464,707.00
5.853220,935.1925,672.00
5.853220,935.2386,720.00
5.853220,935.2847,684.00
5.853220,935.3308,718.00
5.853220,935.3769,679.00
5.853220,935.4230,728.00
5.853220,935.4691,698.00
5.853220,935.5152,712.00
5.853220,935.5613,677.00
5.853220,935.6073,709.00
5.853220,935.6534,646.00
5.853220,935.6995,709.00
5.853220,935.7455,652.00
5.853220,935.7916,712.00
5.853220,935.8376,678.00
5.853220,935.8837,723.00
5.853220,935.9297,648.00
5.853220,935.9757,686.00
5.853220,936.0217,670.00
5.853220,936.0677,669.00
5.853220,936.1137,631.00
5.853220,936.1598,712.00
5.853220,936.2057,635.00
5.853220,936.2518,695.00
5.853220,936.2977,664.00
5.853220,936.3437,673.00
5.853220,936.3896,656.00
5.853220,936.4357,675.00
5.853220,936.4816,599.00
5.853220,936.5275,696.00
5.853220,936.5735,614.00
5.853220,936.6194,692.00
5.853220,936.6654,689.00
5.853220,936.7114,659.00
5.853220,936.7573,606.00
5.853220,936.8032,649.00
5.853220,936.8491,592.00
5.853220,936.8950,656.00
5.853220,936.9409,627.00
5.853220,936.9868,695.00
5.853220,937.0327,606.00
5.853220,937.0786,678.00
5.853220,937.1245,642.00
5.853220,937.1704,665.00
5.853220,937.2162,633.00
5.853220,937.2621,667.00
5.853220,937.3080,575.00
5.853220,937.3539,645.00
5.853220,937.3997,612.00
5.853220,937.4455,692.00
5.853220,937.4913,649.00
5.853220,937.5372,687.00
5.853220,937.5831,634.00
5.853220,937.6289,632.00
5.853220,937.6747,614.00
5.853220,937.7205,694.00
5.853220,937.7663,601.00
5.853220,937.8121,683.00
5.853220,937.8579,624.00
5.853220,937.9037,637.00
5.853220,937.9495,653.00
5.853220,937.9952,668.00
5.853220,938.0410,613.00
5.853220,938.0868,702.00
5.853220,938.1325,586.00
5.853220,938.1783,692.00
5.853220,938.2240,632.00
5.853220,938.2698,662.00
5.853220,938.3155,637.00
5.853220,938.3613,635.00
5.853220,938.4069,592.00
5.853220,938.4527,636.00
5.853220,938.4984,615.00
5.853220,938.5441,692.00
5.853220,938.5898,645.00
5.853220,938.6356,686.00
5.853220,938.6812,638.00
5.853220,938.7269,663.00
5.853220,938.7726,638.00
5.853220,938.8182,658.00
5.853220,938.8640,669.00
5.853220,938.9096,703.00
5.853220,938.9552,637.00
5.853220,939.0010,643.00
5.853220,939.0466,675.00
5.853220,939.0922,700.00
5.853220,939.1378,693.00
5.853220,939.1835,698.00
5.853220,939.2291,617.00
5.853220,939.2747,695.00
5.853220,939.3203,658.00
5.853220,939.3659,724.00
5.853220,939.4115,677.00
5.853220,939.4570,714.00
5.853220,939.5027,699.00
5.853220,939.5483,687.00
5.853220,939.5939,642.00
5.853220,939.6395,690.00
5.853220,939.6851,649.00
5.853220,939.7306,701.00
5.853220,939.7761,655.00
5.853220,939.8217,723.00
5.853220,939.8672,685.00
5.853220,939.9127,686.00
5.853220,939.9583,680.00
5.853220,940.0038,717.00
5.853220,940.0493,663.00
5.853220,940.0948,718.00
5.853220,940.1403,661.00
5.853220,940.1859,758.00
5.853220,940.2314,646.00
5.853220,940.2769,721.00
5.853220,940.3223,675.00
5.853220,940.3678,702.00
5.853220,940.4133,645.00
5.853220,940.4588,695.00
5.853220,940.5042,656.00
5.853220,940.5497,741.00
5.853220,940.5952,643.00
5.853220,940.6406,702.00
5.853220,940.6860,689.00
5.853220,940.7315,692.00
5.853220,940.7769,666.00
5.853220,940.8223,709.00
5.853220,940.8677,655.00
5.853220,940.9132,690.00
5.853220,940.9586,656.00
5.853220,941.0040,723.00
5.853220,941.0494,690.00
5.853220,941.0948,701.00
5.853220,941.1402,671.00
5.853220,941.1855,682.00
5.853220,941.2310,639.00
5.853220,941.2762,739.00
5.853220,941.3216,650.00
5.853220,941.3670,751.00
5.853220,941.4124,655.00
5.853220,941.4577,711.00
5.853220,941.5031,669.00
5.853220,941.5483,675.00
5.853220,941.5937,655.00
5.853220,941.6390,713.00
5.853220,941.6843,659.00
5.853220,941.7296,700.00
5.853220,941.7749,667.00
5.853220,941.8203,695.00
5.853220,941.8655,684.00
5.853220,941.9108,683.00
5.853220,941.9561,674.00
5.853220,942.0013,699.00
5.853220,942.0467,651.00
5.853220,942.0920,726.00
5.853220,942.1372,663.00
5.853220,942.1824,695.00
5.853220,942.2277,677.00
5.853220,942.2729,707.00
5.853220,942.3182,647.00
5.853220,942.3634,711.00
5.853220,942.4086,659.00
5.853220,942.4539,678.00
5.853220,942.4990,657.00
5.853220,942.5443,711.00
5.853220,942.5895,671.00
5.853220,942.6347,719.00
5.853220,942.6798,631.00
5.853220,942.7250,676.00
5.853220,942.7702,665.00
5.853220,942.8154,723.00
5.853220,942.8606,635.00
5.853220,942.9058,723.00
5.853220,942.9508,650.00
5.853220,942.9960,716.00
5.853220,943.0412,675.00
5.853220,943.0864,691.00
5.853220,943.1314,627.00
5.853220,943.1766,703.00
5.853220,943.2217,656.00
5.853220,943.2668,719.00
5.853220,943.3120,659.00
5.853220,943.3571,709.00
5.853220,943.4021,667.00
5.853220,943.4473,746.00
5.853220,943.4923,685.00
5.853220,943.5374,663.00
5.853220,943.5825,674.00
5.853220,943.6276,713.00
5.853220,943.6725,639.00
5.853220,943.7177,696.00
5.853220,943.7627,693.00
5.853220,943.8078,667.00
5.853220,943.8528,672.00
5.853220,943.8978,669.00
5.853220,943.9429,670.00
5.853220,943.9879,728.00
5.853220,944.0330,647.00
5.853220,944.0779,718.00
5.853220,944.1229,668.00
5.853220,944.1679,695.00
5.853220,944.2130,660.00
5.853220,944.2579,731.00
5.853220,944.3029,643.00
5.853220,944.3478,686.00
5.853220,944.3929,623.00
5.853220,944.4379,726.00
5.853220,944.4828,663.00
5.853220,944.5277,723.00
5.853220,944.5727,699.00
5.853220,944.6176,695.00
5.853220,944.6626,671.00
5.853220,944.7076,689.00
5.853220,944.7524,651.00
5.853220,944.7974,715.00
5.853220,944.8423,659.00
5.853220,944.8872,711.00
5.853220,944.9321,698.00
5.853220,944.9770,723.00
5.853220,945.0219,681.00
5.853220,945.0667,687.00
5.853220,945.1116,655.00
5.853220,945.1566,671.00
5.853220,945.2014,645.00
5.853220,945.2463,716.00
5.853220,945.2911,655.00
5.853220,945.3360,741.00
5.853220,945.3808,687.00
5.853220,945.4257,726.00
5.853220,945.4705,654.00
5.853220,945.5153,703.00
5.853220,945.5601,678.00
5.853220,945.6050,743.00
5.853220,945.6498,691.00
5.853220,945.6946,681.00
5.853220,945.7394,671.00
5.853220,945.7842,691.00
5.853220,945.8290,649.00
5.853220,945.8738,691.00
5.853220,945.9186,670.00
5.853220,945.9633,715.00
5.853220,946.0081,653.00
5.853220,946.0529,718.00
5.853220,946.0976,659.00
5.853220,946.1423,685.00
5.853220,946.1871,673.00
5.853220,946.2318,704.00
5.853220,946.2766,615.00
5.853220,946.3213,683.00
5.853220,946.3660,636.00
5.853220,946.4107,662.00
5.853220,946.4554,612.00
5.853220,946.5001,699.00
5.853220,946.5449,703.00
5.853220,946.5895,678.00
5.853220,946.6342,647.00
5.853220,946.6789,704.00
5.853220,946.7236,643.00
5.853220,946.7682,687.00
5.853220,946.8129,663.00
5.853220,946.8575,691.00
5.853220,946.9022,650.00
5.853220,946.9468,725.00
5.853220,946.9915,665.00
5.853220,947.0361,703.00
5.853220,947.0807,639.00
5.853220,947.1253,675.00
5.853220,947.1700,616.00
5.853220,947.2146,700.00
5.853220,947.2592,669.00
5.853220,947.3038,729.00
5.853220,947.3483,679.00
5.853220,947.3929,698.00
5.853220,947.4376,640.00
5.853220,947.4821,664.00
5.853220,947.5267,630.00
5.853220,947.5712,717.00
5.853220,947.6158,651.00
5.853220,947.6604,668.00
5.853220,947.7050,638.00
5.853220,947.7495,663.00
5.853220,947.7939,648.00
5.853220,947.8385,675.00
5.853220,947.8831,634.00
5.853220,947.9276,689.00
5.853220,947.9720,625.00
5.853220,948.0166,674.00
5.853220,948.0611,645.00
5.853220,948.1056,633.00
5.853220,948.1501,620.00
5.853220,948.1945,676.00
5.853220,948.2390,617.00
5.853220,948.2835,678.00
5.853220,948.3279,608.00
5.853220,948.3724,700.00
5.853220,948.4169,646.00
5.853220,948.4613,688.00
5.853220,948.5057,635.00
5.853220,948.5502,638.00
5.853220,948.5947,604.00
5.853220,948.6391,677.00
5.853220,948.6835,640.00
5.853220,948.7279,695.00
5.853220,948.7723,643.00
5.853220,948.8167,690.00
5.853220,948.8611,610.00
5.853220,948.9055,650.00
5.853220,948.9498,641.00
5.853220,948.9943,655.00
5.853220,949.0387,639.00
5.853220,949.0830,699.00
5.853220,949.1273,649.00
5.853220,949.1718,674.00
5.853220,949.2161,639.00
5.853220,949.2604,645.00
5.853220,949.3047,607.00
5.853220,949.3491,666.00
5.853220,949.3934,647.00
5.853220,949.4377,659.00
5.853220,949.4821,616.00
5.853220,949.5264,707.00
5.853220,949.5707,643.00
5.853220,949.6150,645.00
5.853220,949.6592,621.00
5.853220,949.7036,632.00
5.853220,949.7479,601.00
5.853220,949.7921,673.00
5.853220,949.8363,638.00
5.853220,949.8806,666.00
5.853220,949.9249,656.00
5.853220,949.9692,682.00
5.853220,950.0134,658.00
5.853220,950.0576,677.00
5.853220,950.1019,657.00
5.853220,950.1461,678.00
5.853220,950.1903,631.00
5.853220,950.2346,699.00
5.853220,950.2787,654.00
5.853220,950.3229,686.00
5.853220,950.3671,657.00
5.853220,950.4114,675.00
5.853220,950.4555,645.00
5.853220,950.4997,687.00
5.853220,950.5439,663.00
5.853220,950.5880,714.00
5.853220,950.6322,621.00
5.853220,950.6763,704.00
5.853220,950.7205,659.00
5.853220,950.7646,659.00
5.853220,950.8088,637.00
5.853220,950.8530,652.00
5.853220,950.8971,670.00
5.853220,950.9412,667.00
5.853220,950.9853,619.00
5.853220,951.0294,702.00
5.853220,951.0735,632.00
5.853220,951.1177,707.00
5.853220,951.1617,661.00
5.853220,951.2057,673.00
5.853220,951.2499,671.00
5.853220,951.2939,690.00
5.853220,951.3380,621.00
5.853220,951.3821,710.00
5.853220,951.4261,636.00
5.853220,951.4702,717.00
5.853220,951.5142,663.00
5.853220,951.5582,692.00
5.853220,951.6024,657.00
5.853220,951.6464,672.00
5.853220,951.6904,658.00
5.853220,951.7344,729.00
5.853220,951.7784,618.00
5.853220,951.8224,700.00
5.853220,951.8665,626.00
5.853220,951.9104,677.00
5.853220,951.9544,640.00
5.853220,951.9984,703.00
5.853220,952.0424,648.00
5.853220,952.0864,671.00
5.853220,952.1303,616.00
5.853220,952.1743,738.00
5.853220,952.2183,671.00
5.853220,952.2621,720.00
5.853220,952.3061,703.00
5.853220,952.3500,666.00
5.853220,952.3940,657.00
5.853220,952.4379,671.00
5.853220,952.4818,630.00
5.853220,952.5258,687.00
5.853220,952.5696,671.00
5.853220,952.6136,712.00
5.853220,952.6574,641.00
5.853220,952.7014,687.00
5.853220,952.7452,641.00
5.853220,952.7891,661.00
5.853220,952.8330,632.00
5.853220,952.8768,712.00
5.853220,952.9207,647.00
5.853220,952.9645,706.00
5.853220,953.0084,650.00
5.853220,953.0522,672.00
5.853220,953.0961,676.00
5.853220,953.1400,665.00
5.853220,953.1838,643.00
5.853220,953.2275,663.00
5.853220,953.2714,642.00
5.853220,953.3152,722.00
5.853220,953.3589,666.00
5.853220,953.4028,695.00
5.853220,953.4466,667.00
5.853220,953.4904,653.00
5.853220,953.5341,663.00
5.853220,953.5779,693.00
5.853220,953.6217,609.00
5.853220,953.6654,667.00
5.853220,953.7092,586.00
5.853220,953.7529,695.00
5.853220,953.7967,628.00
5.853220,953.8405,662.00
5.853220,953.8842,633.00
5.853220,953.9279,629.00
5.853220,953.9716,629.00
5.853220,954.0153,668.00
5.853220,954.0590,621.00
5.853220,954.1027,660.00
5.853220,954.1464,648.00
5.853220,954.1901,672.00
5.853220,954.2338,632.00
5.853220,954.2774,658.00
5.853220,954.3212,642.00
5.853220,954.3648,674.00
5.853220,954.4084,626.00
5.853220,954.4521,648.00
5.853220,954.4958,635.00
5.853220,954.5394,645.00
5.853220,954.5831,627.00
5.853220,954.6267,651.00
5.853220,954.6703,652.00
5.853220,954.7139,661.00
5.853220,954.7576,616.00
5.853220,954.8012,671.00
5.853220,954.8448,601.00
5.853220,954.8884,694.00
5.853220,954.9319,616.00
5.853220,954.9755,682.00
5.853220,955.0191,627.00
5.853220,955.0627,638.00
5.853220,955.1063,587.00
5.853220,955.1498,618.00
5.853220,955.1934,599.00
5.853220,955.2369,641.00
5.853220,955.2805,621.00
5.853220,955.3240,657.00
5.853220,955.3675,651.00
5.853220,955.4111,641.00
5.853220,955.4546,606.00
5.853220,955.4981,664.00
5.853220,955.5416,604.00
5.853220,955.5851,671.00
5.853220,955.6285,646.00
5.853220,955.6722,673.00
5.853220,955.7156,652.00
5.853220,955.7590,676.00
5.853220,955.8025,627.00
5.853220,955.8460,665.00
5.853220,955.8895,576.00
5.853220,955.9329,664.00
5.853220,955.9764,630.00
5.853220,956.0198,677.00
5.853220,956.0632,658.00
5.853220,956.1067,690.00
5.853220,956.1501,650.00
5.853220,956.1935,665.00
5.853220,956.2369,616.00
5.853220,956.2803,649.00
5.853220,956.3238,577.00
5.853220,956.3671,691.00
5.853220,956.4105,636.00
5.853220,956.4539,684.00
5.853220,956.4973,634.00
5.853220,956.5406,614.00
5.853220,956.5841,641.00
5.853220,956.6274,650.00
5.853220,956.6707,608.00
5.853220,956.7141,649.00
5.853220,956.7575,617.00
5.853220,956.8008,658.00
5.853220,956.8442,615.00
5.853220,956.8875,660.00
5.853220,956.9308,632.00
5.853220,956.9741,638.00
5.853220,957.0174,617.00
5.853220,957.0607,647.00
5.853220,957.1040,592.00
5.853220,957.1473,700.00
5.853220,957.1906,625.00
5.853220,957.2339,684.00
5.853220,957.2772,627.00
5.853220,957.3204,676.00
5.853220,957.3636,630.00
5.853220,957.4069,662.00
5.853220,957.4502,626.00
5.853220,957.4934,685.00
5.853220,957.5366,654.00
5.853220,957.5799,659.00
5.853220,957.6230,645.00
5.853220,957.6664,659.00
5.853220,957.7095,660.00
5.853220,957.7527,689.00
5.853220,957.7959,625.00
5.853220,957.8392,690.00
5.853220,957.8823,637.00
5.853220,957.9255,722.00
5.853220,957.9687,658.00
5.853220,958.0118,652.00
5.853220,958.0551,637.00
5.853220,958.0983,682.00
5.853220,958.1414,633.00
5.853220,958.1845,695.00
5.853220,958.2277,644.00
5.853220,958.2708,698.00
5.853220,958.3139,649.00
5.853220,958.3571,702.00
5.853220,958.4001,645.00
5.853220,958.4432,688.00
5.853220,958.4864,659.00
5.853220,958.5295,682.00
5.853220,958.5726,655.00
5.853220,958.6157,658.00
5.853220,958.6588,640.00
5.853220,958.7018,675.00
5.853220,958.7449,617.00
5.853220,958.7879,681.00
5.853220,958.8311,631.00
5.853220,958.8741,664.00
5.853220,958.9171,603.00
5.853220,958.9601,682.00
5.853220,959.0032,636.00
5.853220,959.0463,723.00
5.853220,959.0893,682.00
5.853220,959.1323,661.00
5.853220,959.1752,657.00
5.853220,959.2183,684.00
5.853220,959.2613,649.00
5.853220,959.3043,681.00
5.853220,959.3472,616.00
5.853220,959.3903,670.00
5.853220,959.4332,638.00
5.853220,959.4763,676.00
5.853220,959.5192,616.00
5.853220,959.5621,674.00
5.853220,959.6051,637.00
5.853220,959.6480,663.00
5.853220,959.6910,592.00
5.853220,959.7339,678.00
5.853220,959.7768,607.00
5.853220,959.8198,666.00
5.853220,959.8627,629.00
5.853220,959.9056,642.00
5.853220,959.9485,611.00
5.853220,959.9915,643.00
5.853220,960.0343,579.00
5.853220,960.0771,666.00
5.853220,960.1201,637.00
5.853220,960.1630,657.00
5.853220,960.2058,655.00
5.853220,960.2487,667.00
5.853220,960.2915,599.00
5.853220,960.3344,624.00
5.853220,960.3773,580.00
5.853220,960.4200,651.00
5.853220,960.4629,593.00
5.853220,960.5057,659.00
5.853220,960.5485,606.00
5.853220,960.5914,640.00
5.853220,960.6342,637.00
5.853220,960.6770,628.00
5.853220,960.7198,635.00
5.853220,960.7626,617.00
5.853220,960.8054,600.00
5.853220,960.8481,666.00
5.853220,960.8909,622.00
5.853220,960.9337,669.00
5.853220,960.9764,634.00
5.853220,961.0192,630.00
5.853220,961.0620,605.00
5.853220,961.1047,625.00
5.853220,961.1475,606.00
5.853220,961.1902,657.00
5.853220,961.2329,601.00
5.853220,961.2757,656.00
5.853220,961.3184,656.00
5.853220,961.3611,619.00
5.853220,961.4037,614.00
5.853220,961.4465,640.00
5.853220,961.4892,598.00
5.853220,961.5319,662.00
5.853220,961.5745,557.00
5.853220,961.6172,661.00
5.853220,961.6599,608.00
5.853220,961.7026,675.00
5.853220,961.7452,647.00
5.853220,961.7878,638.00
5.853220,961.8304,624.00
5.853220,961.8731,698.00
5.853220,961.9157,611.00
5.853220,961.9584,643.00
5.853220,962.0010,635.00
5.853220,962.0436,668.00
5.853220,962.0862,659.00
5.853220,962.1288,691.00
5.853220,962.1714,647.00
5.853220,962.2140,645.00
5.853220,962.2565,582.00
5.853220,962.2991,645.00
5.853220,962.3417,609.00
5.853220,962.3843,639.00
5.853220,962.4268,642.00
5.853220,962.4694,663.00
5.853220,962.5119,630.00
5.853220,962.5545,684.00
5.853220,962.5970,613.00
5.853220,962.6396,653.00
5.853220,962.6821,597.00
5.853220,962.7246,717.00
5.853220,962.7671,656.00
5.853220,962.8096,682.00
5.853220,962.8522,642.00
5.853220,962.8947,636.00
5.853220,962.9371,606.00
5.853220,962.9796,648.00
5.853220,963.0222,615.00
5.853220,963.0646,675.00
5.853220,963.1070,608.00
5.853220,963.1495,661.00
5.853220,963.1919,602.00
5.853220,963.2344,633.00
5.853220,963.2768,607.00
5.853220,963.3193,674.00
5.853220,963.3616,612.00
5.853220,963.4041,685.00
5.853220,963.4465,618.00
5.853220,963.4889,677.00
5.853220,963.5314,633.00
5.853220,963.5737,656.00
5.853220,963.6161,586.00
5.853220,963.6585,643.00
5.853220,963.7009,586.00
5.853220,963.7433,644.00
5.853220,963.7856,596.00
5.853220,963.8280,683.00
5.853220,963.8704,611.00
5.853220,963.9127,665.00
5.853220,963.9551,612.00
5.853220,963.9974,626.00
5.853220,964.0397,627.00
5.853220,964.0820,685.00
5.853220,964.1244,618.00
5.853220,964.1667,678.00
5.853220,964.2090,617.00
5.853220,964.2513,655.00
5.853220,964.2936,626.00
5.853220,964.3359,677.00
5.853220,964.3782,611.00
5.853220,964.4205,650.00
5.853220,964.4627,607.00
5.853220,964.5050,669.00
5.853220,964.5472,588.00
5.853220,964.5895,653.00
5.853220,964.6317,633.00
5.853220,964.6740,653.00
5.853220,964.7162,640.00
5.853220,964.7585,638.00
5.853220,964.8007,620.00
5.853220,964.8429,630.00
5.853220,964.8851,588.00
5.853220,964.9273,678.00
5.853220,964.9695,597.00
5.853220,965.0118,606.00
5.853220,965.0539,599.00
5.853220,965.0961,638.00
5.853220,965.1382,651.00
5.853220,965.1805,638.00
5.853220,965.2226,607.00
5.853220,965.2648,643.00
5.853220,965.3069,599.00
5.853220,965.3491,667.00
5.853220,965.3912,633.00
5.853220,965.4333,653.00
5.853220,965.4755,621.00
5.853220,965.5176,641.00
5.853220,965.5598,607.00
5.853220,965.6019,674.00
5.853220,965.6439,606.00
5.853220,965.6861,652.00
5.853220,965.7281,586.00
5.853220,965.7702,613.00
5.853220,965.8123,585.00
5.853220,965.8543,641.00
5.853220,965.8964,588.00
5.853220,965.9385,665.00
5.853220,965.9806,606.00
5.853220,966.0226,656.00
5.853220,966.0647,594.00
5.853220,966.1068,618.00
5.853220,966.1487,654.00
5.853220,966.1907,631.00
5.853220,966.2328,610.00
5.853220,966.2748,647.00
5.853220,966.3168,621.00
5.853220,966.3588,637.00
5.853220,966.4008,585.00
5.853220,966.4427,635.00
5.853220,966.4848,613.00
5.853220,966.5268,620.00
5.853220,966.5688,608.00
5.853220,966.6107,648.00
5.853220,966.6526,587.00
5.853220,966.6946,656.00
5.853220,966.7366,570.00
5.853220,966.7785,656.00
5.853220,966.8204,614.00
5.853220,966.8624,619.00
5.853220,966.9042,624.00
5.853220,966.9462,611.00
5.853220,966.9881,592.00
5.853220,967.0300,675.00
5.853220,967.0719,589.00
5.853220,967.1138,650.00
5.853220,967.1556,591.00
5.853220,967.1976,650.00
5.853220,967.2394,633.00
5.853220,967.2813,632.00
5.853220,967.3232,601.00
5.853220,967.3651,649.00
5.853220,967.4070,575.00
5.853220,967.4488,670.00
5.853220,967.4906,600.00
5.853220,967.5324,682.00
5.853220,967.5743,668.00
5.853220,967.6161,651.00
5.853220,967.6579,589.00
5.853220,967.6997,676.00
5.853220,967.7415,601.00
5.853220,967.7833,650.00
5.853220,967.8251,599.00
5.853220,967.8669,666.00
5.853220,967.9087,620.00
5.853220,967.9504,640.00
5.853220,967.9922,645.00
5.853220,968.0339,649.00
5.853220,968.0757,611.00
5.853220,968.1174,680.00
5.853220,968.1592,616.00
5.853220,968.2009,664.00
5.853220,968.2427,616.00
5.853220,968.2844,663.00
5.853220,968.3262,668.00
5.853220,968.3679,652.00
5.853220,968.4095,582.00
5.853220,968.4512,654.00
5.853220,968.4930,597.00
5.853220,968.5347,676.00
5.853220,968.5763,648.00
5.853220,968.6180,687.00
5.853220,968.6597,609.00
5.853220,968.7014,652.00
5.853220,968.7430,608.00
5.853220,968.7846,660.00
5.853220,968.8263,601.00
5.853220,968.8679,656.00
5.853220,968.9095,600.00
5.853220,968.9512,698.00
5.853220,968.9928,652.00
5.853220,969.0344,662.00
5.853220,969.0761,626.00
5.853220,969.1177,632.00
5.853220,969.1592,611.00
5.853220,969.2009,620.00
5.853220,969.2424,615.00
5.853220,969.2839,683.00
5.853220,969.3255,602.00
5.853220,969.3672,653.00
5.853220,969.4087,630.00
5.853220,969.4503,673.00
5.853220,969.4918,569.00
5.853220,969.5333,641.00
5.853220,969.5749,578.00
5.853220,969.6165,643.00
5.853220,969.6580,612.00
5.853220,969.6995,638.00
5.853220,969.7410,614.00
5.853220,969.7825,643.00
5.853220,969.8240,619.00
5.853220,969.8655,612.00
5.853220,969.9070,603.00
5.853220,969.9484,697.00
5.853220,969.9899,623.00
5.853220,970.0314,643.00
5.853220,970.0728,630.00
5.853220,970.1143,657.00
5.853220,970.1558,640.00
5.853220,970.1971,671.00
5.853220,970.2386,549.00
5.853220,970.2801,637.00
5.853220,970.3215,586.00
5.853220,970.3629,656.00
5.853220,970.4044,611.00
5.853220,970.4457,668.00
5.853220,970.4872,644.00
5.853220,970.5286,621.00
5.853220,970.5699,610.00
5.853220,970.6113,631.00
5.853220,970.6527,566.00
5.853220,970.6941,628.00
5.853220,970.7354,594.00
5.853220,970.7768,621.00
5.853220,970.8182,623.00
5.853220,970.8595,641.00
5.853220,970.9009,612.00
5.853220,970.9422,635.00
5.853220,970.9835,592.00
5.853220,971.0248,625.00
5.853220,971.0662,584.00
5.853220,971.1075,654.00
5.853220,971.1487,635.00
5.853220,971.1901,630.00
5.853220,971.2314,622.00
5.853220,971.2727,594.00
5.853220,971.3140,585.00
5.853220,971.3552,625.00
5.853220,971.3965,563.00
5.853220,971.4377,637.00
5.853220,971.4789,593.00
5.853220,971.5203,644.00
5.853220,971.5615,632.00
5.853220,971.6027,609.00
5.853220,971.6439,606.00
5.853220,971.6852,652.00
5.853220,971.7264,596.00
5.853220,971.7676,620.00
5.853220,971.8088,590.00
5.853220,971.8500,623.00
5.853220,971.8912,606.00
5.853220,971.9324,618.00
5.853220,971.9736,620.00
5.853220,972.0148,625.00
5.853220,972.0560,577.00
5.853220,972.0972,641.00
5.853220,972.1384,591.00
5.853220,972.1794,650.00
5.853220,972.2206,600.00
5.853220,972.2617,596.00
5.853220,972.3029,578.00
5.853220,972.3439,571.00
5.853220,972.3851,575.00
5.853220,972.4262,572.00
5.853220,972.4673,526.00
5.853220,972.5085,627.00
5.853220,972.5496,589.00
5.853220,972.5907,619.00
5.853220,972.6317,598.00
5.853220,972.6729,613.00
5.853220,972.7139,585.00
5.853220,972.7549,620.00
5.853220,972.7961,557.00
5.853220,972.8371,595.00
5.853220,972.8781,604.00
5.853220,972.9191,664.00
5.853220,972.9602,604.00
5.853220,973.0013,602.00
5.853220,973.0423,581.00
5.853220,973.0833,560.00
5.853220,973.1243,514.00
5.853220,973.1653,596.00
5.853220,973.2064,563.00
5.853220,973.2473,628.00
5.853220,973.2883,584.00
5.853220,973.3293,613.00
5.853220,973.3703,562.00
5.853220,973.4113,643.00
5.853220,973.4522,566.00
5.853220,973.4931,626.00
5.853220,973.5341,558.00
5.853220,973.5750,603.00
5.853220,973.6160,565.00
5.853220,973.6570,633.00
5.853220,973.6978,603.00
5.853220,973.7388,609.00
5.853220,973.7797,587.00
5.853220,973.8206,626.00
5.853220,973.8615,584.00
5.853220,973.9024,621.00
5.853220,973.9433,590.00
5.853220,973.9842,655.00
5.853220,974.0250,591.00
5.853220,974.0660,626.00
5.853220,974.1068,608.00
5.853220,974.1476,629.00
5.853220,974.1885,575.00
5.853220,974.2294,637.00
5.853220,974.2702,601.00
5.853220,974.3110,644.00
5.853220,974.3519,620.00
5.853220,974.3927,647.00
5.853220,974.4335,610.00
5.853220,974.4743,638.00
5.853220,974.5151,632.00
5.853220,974.5559,652.00
5.853220,974.5967,563.00
5.853220,974.6375,663.00
5.853220,974.6783,589.00
5.853220,974.7191,658.00
5.853220,974.7598,626.00
5.853220,974.8006,685.00
5.853220,974.8413,627.00
5.853220,974.8821,628.00
5.853220,974.9229,621.00
5.853220,974.9636,655.00
5.853220,975.0043,592.00
5.853220,975.0450,637.00
5.853220,975.0858,602.00
5.853220,975.1265,638.00
5.853220,975.1672,619.00
5.853220,975.2079,644.00
5.853220,975.2485,606.00
5.853220,975.2892,665.00
5.853220,975.3300,617.00
5.853220,975.3706,669.00
5.853220,975.4113,672.00
5.853220,975.4519,685.00
5.853220,975.4926,650.00
5.853220,975.5333,652.00
5.853220,975.5739,582.00
5.853220,975.6146,654.00
5.853220,975.6552,586.00
5.853220,975.6958,639.00
5.853220,975.7363,602.00
5.853220,975.7770,665.00
5.853220,975.8176,607.00
5.853220,975.8582,663.00
5.853220,975.8989,639.00
5.853220,975.9395,627.00
5.853220,975.9800,630.00
5.853220,976.0206,685.00
5.853220,976.0611,609.00
5.853220,976.1017,665.00
5.853220,976.1423,623.00
5.853220,976.1829,685.00
5.853220,976.2234,614.00
5.853220,976.2639,640.00
5.853220,976.3044,594.00
5.853220,976.3450,655.00
5.853220,976.3855,596.00
5.853220,976.4260,659.00
5.853220,976.4665,648.00
5.853220,976.5070,683.00
5.853220,976.5475,621.00
5.853220,976.5880,662.00
5.853220,976.6285,595.00
5.853220,976.6690,668.00
5.853220,976.7095,595.00
5.853220,976.7500,654.00
5.853220,976.7905,605.00
5.853220,976.8308,679.00
5.853220,976.8713,642.00
5.853220,976.9117,617.00
5.853220,976.9521,617.00
5.853220,976.9926,644.00
5.853220,977.0330,601.00
5.853220,977.0734,647.00
5.853220,977.1139,612.00
5.853220,977.1542,648.00
5.853220,977.1947,592.00
5.853220,977.2350,658.00
5.853220,977.2755,603.00
5.853220,977.3158,610.00
5.853220,977.3562,572.00
5.853220,977.3965,652.00
5.853220,977.4370,577.00
5.853220,977.4773,641.00
5.853220,977.5176,583.00
5.853220,977.5579,630.00
5.853220,977.5983,574.00
5.853220,977.6387,622.00
5.853220,977.6790,590.00
5.853220,977.7192,611.00
5.853220,977.7595,591.00
5.853220,977.7999,639.00
5.853220,977.8402,585.00
5.853220,977.8805,617.00
5.853220,977.9208,555.00
5.853220,977.9610,561.00
5.853220,978.0013,559.00
5.853220,978.0417,598.00
5.853220,978.0819,556.00
5.853220,978.1221,609.00
5.853220,978.1624,564.00
5.853220,978.2026,601.00
5.853220,978.2428,561.00
5.853220,978.2831,608.00
5.853220,978.3233,608.00
5.853220,978.3635,582.00
5.853220,978.4037,576.00
5.853220,978.4440,584.00
5.853220,978.4842,548.00
5.853220,978.5244,614.00
5.853220,978.5645,575.00
5.853220,978.6047,594.00
5.853220,978.6449,562.00
5.853220,978.6851,606.00
5.853220,978.7253,557.00
5.853220,978.7654,581.00
5.853220,978.8055,555.00
5.853220,978.8458,607.00
5.853220,978.8859,541.00
5.853220,978.9260,602.00
5.853220,978.9661,562.00
5.853220,979.0062,585.00
5.853220,979.0463,561.00
5.853220,979.0864,582.00
5.853220,979.1266,527.00
5.853220,979.1666,607.00
5.853220,979.2067,546.00
5.853220,979.2469,592.00
5.853220,979.2869,579.00
5.853220,979.3270,627.00
5.853220,979.3671,593.00
5.853220,979.4071,589.00
5.853220,979.4471,560.00
5.853220,979.4871,601.00
5.853220,979.5272,531.00
5.853220,979.5673,614.00
5.853220,979.6072,596.00
5.853220,979.6473,584.00
5.853220,979.6873,578.00
5.853220,979.7273,581.00
5.853220,979.7673,539.00
5.853220,979.8073,590.00
5.853220,979.8473,542.00
5.853220,979.8873,599.00
5.853220,979.9273,576.00
5.853220,979.9673,619.00
5.853220,980.0072,589.00
5.853220,980.0471,577.00
5.853220,980.0872,571.00
5.853220,980.1271,620.00
5.853220,980.1671,547.00
5.853220,980.2069,614.00
5.853220,980.2469,546.00
5.853220,980.2868,621.00
5.853220,980.3267,596.00
5.853220,980.3666,615.00
5.853220,980.4065,565.00
5.853220,980.4464,585.00
5.853220,980.4863,574.00
5.853220,980.5262,608.00
5.853220,980.5660,559.00
5.853220,980.6060,646.00
5.853220,980.6458,560.00
5.853220,980.6857,599.00
5.853220,980.7255,568.00
5.853220,980.7654,599.00
5.853220,980.8052,557.00
5.853220,980.8450,602.00
5.853220,980.8849,557.00
5.853220,980.9247,618.00
5.853220,980.9645,575.00
5.853220,981.0043,598.00
5.853220,981.0441,605.00
5.853220,981.0839,606.00
5.853220,981.1237,589.00
5.853220,981.1635,597.00
5.853220,981.2033,513.00
5.853220,981.2430,626.00
5.853220,981.2828,511.00
5.853220,981.3226,634.00
5.853220,981.3624,558.00
5.853220,981.4021,606.00
5.853220,981.4418,585.00
5.853220,981.4816,603.00
5.853220,981.5213,575.00
5.853220,981.5610,623.00
5.853220,981.6008,549.00
5.853220,981.6404,624.00
5.853220,981.6802,573.00
5.853220,981.7198,601.00
5.853220,981.7596,581.00
5.853220,981.7993,592.00
5.853220,981.8389,534.00
5.853220,981.8786,560.00
5.853220,981.9182,544.00
5.853220,981.9579,590.00
5.853220,981.9976,552.00
5.853220,982.0372,607.00
5.853220,982.0768,532.00
5.853220,982.1165,564.00
5.853220,982.1561,521.00
5.853220,982.1958,588.00
5.853220,982.2354,519.00
5.853220,982.2750,582.00
5.853220,982.3146,536.00
5.853220,982.3541,614.00
5.853220,982.3937,570.00
5.853220,982.4333,593.00
5.853220,982.4730,565.00
5.853220,982.5125,600.00
5.853220,982.5521,537.00
5.853220,982.5917,583.00
5.853220,982.6312,530.00
5.853220,982.6707,594.00
5.853220,982.7103,552.00
5.853220,982.7498,582.00
5.853220,982.7893,563.00
5.853220,982.8289,547.00
5.853220,982.8683,491.00
5.853220,982.9079,548.00
5.853220,982.9474,521.00
5.853220,982.9869,599.00
5.853220,983.0264,525.00
5.853220,983.0659,587.00
5.853220,983.1053,580.00
5.853220,983.1448,588.00
5.853220,983.1843,563.00
5.853220,983.2238,606.00
5.853220,983.2632,555.00
5.853220,983.3027,586.00
5.853220,983.3420,592.00
5.853220,983.3816,589.00
5.853220,983.4210,575.00
5.853220,983.4604,573.00
5.853220,983.4998,557.00
5.853220,983.5392,544.00
5.853220,983.5786,500.00
5.853220,983.6180,571.00
5.853220,983.6574,546.00
5.853220,983.6968,600.00
5.853220,983.7361,582.00
5.853220,983.7755,564.00
5.853220,983.8149,513.00
5.853220,983.8543,555.00
5.853220,983.8936,554.00
5.853220,983.9329,541.00
5.853220,983.9723,496.00
5.853220,984.0116,582.00
5.853220,984.0510,551.00
5.853220,984.0903,625.00
5.853220,984.1296,560.00
5.853220,984.1689,578.00
5.853220,984.2083,593.00
5.853220,984.2476,577.00
5.853220,984.2868,530.00
5.853220,984.3261,566.00
5.853220,984.3654,495.00
5.853220,984.4046,620.00
5.853220,984.4440,554.00
5.853220,984.4832,589.00
5.853220,984.5225,561.00
5.853220,984.5616,543.00
5.853220,984.6010,510.00
5.853220,984.6402,553.00
5.853220,984.6794,506.00
5.853220,984.7186,602.00
5.853220,984.7578,569.00
5.853220,984.7970,611.00
5.853220,984.8362,576.00
5.853220,984.8755,555.00
5.853220,984.9146,549.00
5.853220,984.9538,578.00
5.853220,984.9930,521.00
5.853220,985.0322,610.00
5.853220,985.0714,559.00
5.853220,985.1105,582.00
5.853220,985.1497,535.00
5.853220,985.1888,564.00
5.853220,985.2279,549.00
5.853220,985.2671,569.00
5.853220,985.3062,523.00
5.853220,985.3453,561.00
5.853220,985.3845,542.00
5.853220,985.4236,570.00
5.853220,985.4626,544.00
5.853220,985.5017,579.00
5.853220,985.5408,574.00
5.853220,985.5799,595.00
5.853220,985.6190,531.00
5.853220,985.6581,582.00
5.853220,985.6971,517.00
5.853220,985.7362,597.00
5.853220,985.7752,525.00
5.853220,985.8143,573.00
5.853220,985.8533,533.00
5.853220,985.8924,584.00
5.853220,985.9314,534.00
5.853220,985.9704,572.00
5.853220,986.0094,538.00
5.853220,986.0484,584.00
5.853220,986.0875,516.00
5.853220,986.1265,609.00
5.853220,986.1655,528.00
5.853220,986.2044,555.00
5.853220,986.2434,536.00
5.853220,986.2823,554.00
5.853220,986.3214,518.00
5.853220,986.3603,566.00
5.853220,986.3992,511.00
5.853220,986.4382,576.00
5.853220,986.4771,511.00
5.853220,986.5161,571.00
5.853220,986.5550,569.00
5.853220,986.5939,569.00
5.853220,986.6329,544.00
5.853220,986.6718,551.00
5.853220,986.7106,495.00
5.853220,986.7495,574.00
5.853220,986.7884,536.00
5.853220,986.8273,578.00
5.853220,986.8661,565.00
5.853220,986.9050,565.00
5.853220,986.9438,515.00
5.853220,986.9828,540.00
5.853220,987.0216,519.00
5.853220,987.0605,584.00
5.853220,987.0993,506.00
5.853220,987.1381,577.00
5.853220,987.1769,554.00
5.853220,987.2158,537.00
5.853220,987.2546,526.00
5.853220,987.2934,573.00
5.853220,987.3322,486.00
5.853220,987.3710,563.00
5.853220,987.4097,498.00
5.853220,987.4486,573.00
5.853220,987.4873,536.00
5.853220,987.5261,549.00
5.853220,987.5649,537.00
5.853220,987.6036,537.00
5.853220,987.6423,496.00
5.853220,987.6812,530.00
5.853220,987.7198,504.00
5.853220,987.7586,594.00
5.853220,987.7972,526.00
5.853220,987.8361,554.00
5.853220,987.8748,529.00
5.853220,987.9135,532.00
5.853220,987.9521,537.00
5.853220,987.9908,565.00
5.853220,988.0295,481.00
5.853220,988.0681,544.00
5.853220,988.1069,488.00
5.853220,988.1456,572.00
5.853220,988.1842,528.00
5.853220,988.2228,558.00
5.853220,988.2615,532.00
5.853220,988.3002,556.00
5.853220,988.3388,452.00
5.853220,988.3774,544.00
5.853220,988.4160,499.00
5.853220,988.4546,550.00
5.853220,988.4933,550.00
5.853220,988.5319,532.00
5.853220,988.5704,526.00
5.853220,988.6090,505.00
5.853220,988.6476,487.00
5.853220,988.6862,529.00
5.853220,988.7248,528.00
5.853220,988.7634,593.00
5.853220,988.8019,516.00
5.853220,988.8405,551.00
5.853220,988.8790,522.00
5.853220,988.9176,538.00
5.853220,988.9561,486.00
5.853220,988.9946,522.00
5.853220,989.0332,507.00
5.853220,989.0717,525.00
5.853220,989.1102,507.00
5.853220,989.1487,543.00
5.853220,989.1871,525.00
5.853220,989.2256,535.00
5.853220,989.2641,512.00
5.853220,989.3027,509.00
5.853220,989.3411,521.00
5.853220,989.3795,540.00
5.853220,989.4180,491.00
5.853220,989.4565,564.00
5.853220,989.4949,488.00
5.853220,989.5334,540.00
5.853220,989.5718,522.00
5.853220,989.6102,517.00
5.853220,989.6486,526.00
5.853220,989.6871,552.00
5.853220,989.7255,492.00
5.853220,989.7639,565.00
5.853220,989.8022,522.00
5.853220,989.8407,531.00
5.853220,989.8791,510.00
5.853220,989.9174,568.00
5.853220,989.9558,478.00
5.853220,989.9941,547.00
5.853220,990.0325,483.00
5.853220,990.0709,587.00
5.853220,990.1093,528.00
5.853220,990.1475,583.00
5.853220,990.1859,561.00
5.853220,990.2242,567.00
5.853220,990.2626,509.00
5.853220,990.3008,550.00
5.853220,990.3391,487.00
5.853220,990.3774,568.00
5.853220,990.4157,533.00
5.853220,990.4540,570.00
5.853220,990.4924,493.00
5.853220,990.5306,569.00
5.853220,990.5688,538.00
5.853220,990.6071,552.00
5.853220,990.6454,545.00
5.853220,990.6837,560.00
5.853220,990.7219,488.00
5.853220,990.7601,549.00
5.853220,990.7983,530.00
5.853220,990.8365,562.00
5.853220,990.8748,560.00
5.853220,990.9130,558.00
5.853220,990.9512,536.00
5.853220,990.9893,575.00
5.853220,991.0276,525.00
5.853220,991.0658,552.00
5.853220,991.1039,485.00
5.853220,991.1421,552.00
5.853220,991.1802,539.00
5.853220,991.2184,558.00
5.853220,991.2565,492.00
5.853220,991.2947,538.00
5.853220,991.3329,502.00
5.853220,991.3710,563.00
5.853220,991.4091,519.00
5.853220,991.4473,594.00
5.853220,991.4854,571.00
5.853220,991.5234,597.00
5.853220,991.5616,571.00
5.853220,991.5997,559.00
5.853220,991.6378,533.00
5.853220,991.6758,569.00
5.853220,991.7139,506.00
5.853220,991.7520,579.00
5.853220,991.7900,493.00
5.853220,991.8282,576.00
5.853220,991.8661,556.00
5.853220,991.9042,539.00
5.853220,991.9422,541.00
5.853220,991.9803,534.00
5.853220,992.0182,496.00
5.853220,992.0563,592.00
5.853220,992.0944,507.00
5.853220,992.1323,598.00
5.853220,992.1703,523.00
5.853220,992.2084,556.00
5.853220,992.2463,530.00
5.853220,992.2844,575.00
5.853220,992.3223,523.00
5.853220,992.3602,589.00
5.853220,992.3982,482.00
5.853220,992.4362,587.00
5.853220,992.4741,539.00
5.853220,992.5120,593.00
5.853220,992.5500,578.00
5.853220,992.5879,545.00
5.853220,992.6259,535.00
5.853220,992.6638,573.00
5.853220,992.7017,556.00
5.853220,992.7396,565.00
5.853220,992.7775,546.00
5.853220,992.8154,593.00
5.853220,992.8533,540.00
5.853220,992.8912,526.00
5.853220,992.9290,542.00
5.853220,992.9669,569.00
5.853220,993.0048,548.00
5.853220,993.0426,608.00
5.853220,993.0804,551.00
5.853220,993.1183,583.00
5.853220,993.1561,540.00
5.853220,993.1940,564.00
5.853220,993.2318,566.00
5.853220,993.2696,571.00
5.853220,993.3074,517.00
5.853220,993.3452,576.00
5.853220,993.3830,530.00
5.853220,993.4208,585.00
5.853220,993.4586,541.00
5.853220,993.4963,552.00
5.853220,993.5341,538.00
5.853220,993.5719,521.00
5.853220,993.6096,524.00
5.853220,993.6474,590.00
5.853220,993.6851,502.00
5.853220,993.7228,527.00
5.853220,993.7606,560.00
5.853220,993.7984,574.00
5.853220,993.8361,529.00
5.853220,993.8738,581.00
5.853220,993.9115,541.00
5.853220,993.9492,544.00
5.853220,993.9869,499.00
5.853220,994.0245,588.00
5.853220,994.0622,530.00
5.853220,994.0999,580.00
5.853220,994.1376,538.00
5.853220,994.1753,545.00
5.853220,994.2130,518.00
5.853220,994.2505,559.00
5.853220,994.2881,502.00
5.853220,994.3258,585.00
5.853220,994.3634,516.00
5.853220,994.4010,595.00
5.853220,994.4387,515.00
5.853220,994.4763,559.00
5.853220,994.5139,556.00
5.853220,994.5515,548.00
5.853220,994.5891,521.00
5.853220,994.6266,571.00
5.853220,994.6642,489.00
5.853220,994.7018,542.00
5.853220,994.7393,496.00
5.853220,994.7769,546.00
5.853220,994.8145,537.00
5.853220,994.8521,542.00
5.853220,994.8895,513.00
5.853220,994.9271,576.00
5.853220,994.9647,493.00
5.853220,995.0022,576.00
5.853220,995.0397,489.00
5.853220,995.0771,546.00
5.853220,995.1146,520.00
5.853220,995.1522,512.00
5.853220,995.1896,508.00
5.853220,995.2271,558.00
5.853220,995.2646,449.00
5.853220,995.3021,544.00
5.853220,995.3396,500.00
5.853220,995.3770,556.00
5.853220,995.4145,505.00
5.853220,995.4518,540.00
5.853220,995.4893,534.00
5.853220,995.5267,520.00
5.853220,995.5641,512.00
5.853220,995.6016,520.00
5.853220,995.6390,492.00
5.853220,995.6765,525.00
5.853220,995.7138,504.00
5.853220,995.7512,498.00
5.853220,995.7886,528.00
5.853220,995.8260,506.00
5.853220,995.8633,486.00
5.853220,995.9007,496.00
5.853220,995.9380,471.00
5.853220,995.9754,538.00
5.853220,996.0128,485.00
5.853220,996.0501,565.00
5.853220,996.0874,526.00
5.853220,996.1248,523.00
5.853220,996.1621,533.00
5.853220,996.1994,566.00
5.853220,996.2367,470.00
5.853220,996.2740,531.00
5.853220,996.3113,489.00
5.853220,996.3486,566.00
5.853220,996.3859,527.00
5.853220,996.4232,573.00
5.853220,996.4604,535.00
5.853220,996.4977,514.00
5.853220,996.5350,491.00
5.853220,996.5722,537.00
5.853220,996.6094,494.00
5.853220,996.6466,545.00
5.853220,996.6838,539.00
5.853220,996.7211,575.00
5.853220,996.7583,510.00
5.853220,996.7955,543.00
5.853220,996.8327,506.00
5.853220,996.8700,553.00
5.853220,996.9072,519.00
5.853220,996.9443,537.00
5.853220,996.9815,515.00
5.853220,997.0187,559.00
5.853220,997.0558,506.00
5.853220,997.0930,549.00
5.853220,997.1301,544.00
5.853220,997.1672,571.00
5.853220,997.2045,539.00
5.853220,997.2416,543.00
5.853220,997.2787,498.00
5.853220,997.3158,602.00
5.853220,997.3530,505.00
5.853220,997.3900,533.00
5.853220,997.4271,515.00
5.853220,997.4642,537.00
5.853220,997.5013,541.00
5.853220,997.5384,562.00
5.853220,997.5754,488.00
5.853220,997.6126,583.00
5.853220,997.6497,510.00
5.853220,997.6867,540.00
5.853220,997.7238,547.00
5.853220,997.7607,584.00
5.853220,997.7978,517.00
5.853220,997.8348,587.00
5.853220,997.8718,532.00
5.853220,997.9088,577.00
5.853220,997.9458,520.00
5.853220,997.9829,570.00
5.853220,998.0200,533.00
5.853220,998.0569,552.00
5.853220,998.0939,534.00
5.853220,998.1309,534.00
5.853220,998.1678,513.00
5.853220,998.2048,568.00
5.853220,998.2417,558.00
5.853220,998.2786,603.00
5.853220,998.3156,507.00
5.853220,998.3525,566.00
5.853220,998.3896,526.00
5.853220,998.4265,533.00
5.853220,998.4633,503.00
5.853220,998.5003,555.00
5.853220,998.5372,495.00
5.853220,998.5740,585.00
5.853220,998.6110,506.00
5.853220,998.6478,551.00
5.853220,998.6847,519.00
5.853220,998.7217,555.00
5.853220,998.7585,516.00
5.853220,998.7953,509.00
5.853220,998.8322,511.00
5.853220,998.8691,583.00
5.853220,998.9059,487.00
5.853220,998.9427,568.00
5.853220,998.9795,530.00
5.853220,999.0163,561.00
5.853220,999.0531,515.00
5.853220,999.0899,545.00
5.853220,999.1267,492.00
5.853220,999.1636,543.00
5.853220,999.2004,514.00
5.853220,999.2372,577.00
5.853220,999.2739,514.00
5.853220,999.3107,602.00
5.853220,999.3474,533.00
5.853220,999.3842,517.00
5.853220,999.4210,522.00
5.853220,999.4576,555.00
5.853220,999.4946,489.00
5.853220,999.5312,566.00
5.853220,999.5680,476.00
5.853220,999.6047,533.00
5.853220,999.6414,499.00
5.853220,999.6780,524.00
5.853220,999.7147,501.00
5.853220,999.7515,524.00
5.853220,999.7881,482.00
5.853220,999.8248,529.00
5.853220,999.8614,480.00
5.853220,999.8981,540.00
5.853220,999.9349,514.00
5.853220,999.9715,551.00
5.853220,1000.0081,520.00
5.853220,1000.0447,526.00
5.853220,1000.0814,494.00
5.853220,1000.1180,527.00
5.853220,1000.1546,467.00
5.853220,1000.1912,540.00
5.853220,1000.2278,495.00
5.853220,1000.2645,553.00
5.853220,1000.3011,523.00
5.853220,1000.3377,507.00
5.853220,1000.3742,520.00
5.853220,1000.4108,543.00
5.853220,1000.4474,470.00
5.853220,1000.4839,507.00
5.853220,1000.5204,483.00
5.853220,1000.5570,540.00
5.853220,1000.5935,505.00
5.853220,1000.6301,523.00
5.853220,1000.6667,475.00
5.853220,1000.7032,513.00
5.853220,1000.7397,500.00
5.853220,1000.7762,524.00
5.853220,1000.8127,463.00
5.853220,1000.8492,543.00
5.853220,1000.8857,518.00
5.853220,1000.9222,496.00
5.853220,1000.9586,498.00
5.853220,1000.9951,521.00
5.853220,1001.0316,475.00
5.853220,1001.0681,541.00
5.853220,1001.1046,484.00
5.853220,1001.1410,551.00
5.853220,1001.1774,490.00
5.853220,1001.2138,519.00
5.853220,1001.2502,502.00
5.853220,1001.2866,516.00
5.853220,1001.3230,483.00
5.853220,1001.3594,513.00
5.853220,1001.3958,473.00
5.853220,1001.4323,523.00
5.853220,1001.4687,476.00
5.853220,1001.5051,523.00
5.853220,1001.5414,512.00
5.853220,1001.5778,520.00
5.853220,1001.6141,493.00
5.853220,1001.6505,484.00
5.853220,1001.6868,421.00
5.853220,1001.7231,516.00
5.853220,1001.7596,478.00
5.853220,1001.7958,512.00
5.853220,1001.8322,480.00
5.853220,1001.8685,520.00
5.853220,1001.9048,482.00
5.853220,1001.9411,519.00
5.853220,1001.9774,480.00
5.853220,1002.0136,488.00
5.853220,1002.0499,474.00
5.853220,1002.0862,541.00
5.853220,1002.1224,455.00
5.853220,1002.1587,520.00
5.853220,1002.1951,514.00
5.853220,1002.2313,511.00
5.853220,1002.2675,502.00
5.853220,1002.3038,521.00
5.853220,1002.3400,472.00
5.853220,1002.3762,519.00
5.853220,1002.4124,481.00
5.853220,1002.4486,539.00
5.853220,1002.4848,470.00
5.853220,1002.5211,522.00
5.853220,1002.5573,497.00
5.853220,1002.5934,522.00
5.853220,1002.6296,499.00
5.853220,1002.6657,517.00
5.853220,1002.7019,473.00
5.853220,1002.7380,532.00
5.853220,1002.7742,539.00
5.853220,1002.8104,513.00
5.853220,1002.8464,486.00
5.853220,1002.8826,538.00
5.853220,1002.9187,472.00
5.853220,1002.9549,501.00
5.853220,1002.9910,496.00
5.853220,1003.0271,551.00
5.853220,1003.0632,465.00
5.853220,1003.0992,556.00
5.853220,1003.1354,484.00
5.853220,1003.1714,494.00
5.853220,1003.2075,515.00
5.853220,1003.2435,512.00
5.853220,1003.2797,478.00
5.853220,1003.3157,544.00
5.853220,1003.3518,485.00
5.853220,1003.3878,543.00
5.853220,1003.4238,502.00
5.853220,1003.4598,535.00
5.853220,1003.4958,492.00
5.853220,1003.5319,508.00
5.853220,1003.5678,469.00
5.853220,1003.6039,539.00
5.853220,1003.6398,437.00
5.853220,1003.6759,538.00
5.853220,1003.7119,506.00
5.853220,1003.7479,520.00
5.853220,1003.7838,509.00
5.853220,1003.8198,512.00
5.853220,1003.8557,475.00
5.853220,1003.8917,519.00
5.853220,1003.9276,428.00
5.853220,1003.9635,496.00
5.853220,1003.9995,468.00
5.853220,1004.0354,519.00
5.853220,1004.0714,515.00
5.853220,1004.1072,496.00
5.853220,1004.1431,482.00
5.853220,1004.1790,498.00
5.853220,1004.2149,449.00
5.853220,1004.2508,517.00
5.853220,1004.2866,452.00
5.853220,1004.3225,537.00
5.853220,1004.3583,489.00
5.853220,1004.3942,508.00
5.853220,1004.4302,490.00
5.853220,1004.4660,476.00
5.853220,1004.5018,466.00
5.853220,1004.5376,490.00
5.853220,1004.5734,448.00
5.853220,1004.6093,513.00
5.853220,1004.6450,508.00
5.853220,1004.6808,521.00
5.853220,1004.7166,487.00
5.853220,1004.7525,516.00
5.853220,1004.7883,480.00
5.853220,1004.8240,524.00
5.853220,1004.8598,476.00
5.853220,1004.8956,531.00
5.853220,1004.9313,466.00
5.853220,1004.9670,538.00
5.853220,1005.0027,502.00
5.853220,1005.0385,496.00
5.853220,1005.0742,489.00
5.853220,1005.1099,511.00
5.853220,1005.1456,487.00
5.853220,1005.1815,547.00
5.853220,1005.2172,472.00
5.853220,1005.2529,522.00
5.853220,1005.2885,473.00
5.853220,1005.3242,503.00
5.853220,1005.3599,479.00
5.853220,1005.3955,528.00
5.853220,1005.4312,469.00
5.853220,1005.4669,522.00
5.853220,1005.5026,489.00
5.853220,1005.5382,547.00
5.853220,1005.5739,534.00
5.853220,1005.6095,524.00
5.853220,1005.6451,519.00
5.853220,1005.6807,536.00
5.853220,1005.7162,509.00
5.853220,1005.7519,505.00
5.853220,1005.7875,482.00
5.853220,1005.8231,545.00
5.853220,1005.8586,460.00
5.853220,1005.8942,538.00
5.853220,1005.9299,488.00
5.853220,1005.9655,541.00
5.853220,1006.0010,500.00
5.853220,1006.0365,530.00
5.853220,1006.0720,485.00
5.853220,1006.1076,532.00
5.853220,1006.1431,490.00
5.853220,1006.1786,550.00
5.853220,1006.2141,509.00
5.853220,1006.2498,554.00
5.853220,1006.2853,530.00
5.853220,1006.3207,505.00
5.853220,1006.3563,495.00
5.853220,1006.3917,570.00
5.853220,1006.4272,499.00
5.853220,1006.4626,577.00
5.853220,1006.4981,530.00
5.853220,1006.5335,537.00
5.853220,1006.5690,525.00
5.853220,1006.6044,543.00
5.853220,1006.6400,502.00
5.853220,1006.6754,575.00
5.853220,1006.7108,498.00
5.853220,1006.7462,566.00
5.853220,1006.7816,505.00
5.853220,1006.8170,573.00
5.853220,1006.8524,523.00
5.853220,1006.8878,543.00
5.853220,1006.9232,515.00
5.853220,1006.9586,568.00
5.853220,1006.9940,474.00
5.853220,1007.0294,539.00
5.853220,1007.0648,491.00
5.853220,1007.1001,579.00
5.853220,1007.1354,514.00
5.853220,1007.1707,567.00
5.853220,1007.2061,549.00
5.853220,1007.2414,553.00
5.853220,1007.2767,507.00
5.853220,1007.3120,589.00
5.853220,1007.3473,499.00
5.853220,1007.3827,554.00
5.853220,1007.4180,552.00
5.853220,1007.4532,577.00
5.853220,1007.4885,542.00
5.853220,1007.5238,547.00
5.853220,1007.5590,521.00
5.853220,1007.5943,556.00
5.853220,1007.6295,486.00
5.853220,1007.6648,609.00
5.853220,1007.7001,517.00
5.853220,1007.7354,552.00
5.853220,1007.7706,562.00
5.853220,1007.8058,535.00
5.853220,1007.8410,544.00
5.853220,1007.8762,570.00
5.853220,1007.9114,474.00
5.853220,1007.9465,559.00
5.853220,1007.9818,521.00
5.853220,1008.0169,572.00
5.853220,1008.0521,515.00
5.853220,1008.0873,559.00
5.853220,1008.1226,501.00
5.853220,1008.1576,526.00
5.853220,1008.1927,494.00
5.853220,1008.2279,545.00
5.853220,1008.2631,483.00
5.853220,1008.2982,544.00
5.853220,1008.3333,527.00
5.853220,1008.3683,537.00
5.853220,1008.4034,510.00
5.853220,1008.4387,519.00
5.853220,1008.4738,502.00
5.853220,1008.5089,517.00
5.853220,1008.5439,512.00
5.853220,1008.5790,541.00
5.853220,1008.6141,495.00
5.853220,1008.6491,507.00
5.853220,1008.6841,470.00
5.853220,1008.7192,508.00
5.853220,1008.7542,508.00
5.853220,1008.7892,521.00
5.853220,1008.8243,483.00
5.853220,1008.8594,549.00
5.853220,1008.8943,478.00
5.853220,1008.9294,530.00
5.853220,1008.9644,514.00
5.853220,1008.9994,519.00
5.853220,1009.0344,514.00
5.853220,1009.0693,525.00
5.853220,1009.1043,489.00
5.853220,1009.1392,557.00
5.853220,1009.1743,441.00
5.853220,1009.2093,531.00
5.853220,1009.2442,500.00
5.853220,1009.2792,528.00
5.853220,1009.3141,512.00
5.853220,1009.3489,508.00
5.853220,1009.3839,469.00
5.853220,1009.4188,512.00
5.853220,1009.4537,468.00
5.853220,1009.4886,580.00
5.853220,1009.5235,504.00
5.853220,1009.5585,524.00
5.853220,1009.5933,516.00
5.853220,1009.6282,510.00
5.853220,1009.6631,500.00
5.853220,1009.6979,522.00
5.853220,1009.7327,472.00
5.853220,1009.7676,518.00
5.853220,1009.8024,471.00
5.853220,1009.8372,528.00
5.853220,1009.8721,449.00
5.853220,1009.9070,496.00
5.853220,1009.9418,487.00
5.853220,1009.9766,505.00
5.853220,1010.0115,474.00
5.853220,1010.0462,518.00
5.853220,1010.0810,480.00
5.853220,1010.1158,539.00
5.853220,1010.1505,522.00
5.853220,1010.1853,527.00
5.853220,1010.2200,495.00
5.853220,1010.2548,506.00
5.853220,1010.2897,475.00
5.853220,1010.3244,519.00
5.853220,1010.3591,467.00
5.853220,1010.3938,521.00
5.853220,1010.4285,487.00
5.853220,1010.4633,521.00
5.853220,1010.4980,497.00
5.853220,1010.5326,477.00
5.853220,1010.5673,470.00
5.853220,1010.6021,515.00
5.853220,1010.6368,472.00
5.853220,1010.6714,520.00
5.853220,1010.7061,432.00
5.853220,1010.7408,511.00
5.853220,1010.7754,469.00
5.853220,1010.8101,510.00
5.853220,1010.8447,474.00
5.853220,1010.8793,514.00
5.853220,1010.9139,467.00
5.853220,1010.9485,532.00
5.853220,1010.9832,443.00
5.853220,1011.0178,519.00
5.853220,1011.0525,499.00
5.853220,1011.0870,527.00
5.853220,1011.1216,474.00
5.853220,1011.1562,497.00
5.853220,1011.1907,507.00
5.853220,1011.2253,537.00
5.853220,1011.2599,435.00
5.853220,1011.2944,525.00
5.853220,1011.3291,464.00
5.853220,1011.3636,521.00
5.853220,1011.3981,498.00
5.853220,1011.4326,497.00
5.853220,1011.4672,488.00
5.853220,1011.5016,504.00
5.853220,1011.5362,470.00
5.853220,1011.5706,485.00
5.853220,1011.6052,438.00
5.853220,1011.6396,532.00
5.853220,1011.6741,430.00
5.853220,1011.7086,529.00
5.853220,1011.7431,506.00
5.853220,1011.7776,531.00
5.853220,1011.8120,484.00
5.853220,1011.8465,547.00
5.853220,1011.8809,446.00
5.853220,1011.9153,497.00
5.853220,1011.9498,459.00
5.853220,1011.9842,476.00
5.853220,1012.0186,465.00
5.853220,1012.0531,525.00
5.853220,1012.0875,462.00
5.853220,1012.1219,501.00
5.853220,1012.1562,484.00
5.853220,1012.1906,474.00
5.853220,1012.2250,446.00
5.853220,1012.2593,521.00
5.853220,1012.2937,480.00
5.853220,1012.3281,486.00
5.853220,1012.3624,437.00
5.853220,1012.3967,493.00
5.853220,1012.4310,416.00
5.853220,1012.4655,504.00
5.853220,1012.4998,437.00
5.853220,1012.5341,530.00
5.853220,1012.5684,446.00
5.853220,1012.6027,526.00
5.853220,1012.6370,498.00
5.853220,1012.6712,486.00
5.853220,1012.7055,491.00
5.853220,1012.7398,541.00
5.853220,1012.7742,427.00
5.853220,1012.8084,477.00
5.853220,1012.8427,461.00
5.853220,1012.8769,515.00
5.853220,1012.9111,490.00
5.853220,1012.9454,515.00
5.853220,1012.9796,516.00
5.853220,1013.0138,494.00
5.853220,1013.0480,417.00
5.853220,1013.0822,499.00
5.853220,1013.1164,455.00
5.853220,1013.1506,538.00
5.853220,1013.1848,453.00
5.853220,1013.2190,470.00
5.853220,1013.2532,519.00
5.853220,1013.2873,489.00
5.853220,1013.3215,473.00
5.853220,1013.3556,472.00
5.853220,1013.3898,443.00
5.853220,1013.4239,547.00
5.853220,1013.4581,494.00
5.853220,1013.4923,492.00
5.853220,1013.5264,514.00
5.853220,1013.5605,481.00
5.853220,1013.5946,511.00
5.853220,1013.6287,535.00
5.853220,1013.6627,476.00
5.853220,1013.6968,549.00
5.853220,1013.7309,492.00
5.853220,1013.7650,515.00
5.853220,1013.7990,505.00
5.853220,1013.8331,508.00
5.853220,1013.8672,490.00
5.853220,1013.9012,524.00
5.853220,1013.9353,477.00
5.853220,1013.9693,538.00
5.853220,1014.0033,462.00
5.853220,1014.0374,559.00
5.853220,1014.0714,512.00
5.853220,1014.1053,508.00
5.853220,1014.1393,513.00
5.853220,1014.1734,541.00
5.853220,1014.2074,469.00
5.853220,1014.2413,552.00
5.853220,1014.2753,494.00
5.853220,1014.3093,572.00
5.853220,1014.3433,504.00
5.853220,1014.3772,542.00
5.853220,1014.4111,530.00
5.853220,1014.4451,525.00
5.853220,1014.4790,480.00
5.853220,1014.5129,532.00
5.853220,1014.5468,475.00
5.853220,1014.5808,547.00
5.853220,1014.6147,502.00
5.853220,1014.6486,546.00
5.853220,1014.6825,522.00
5.853220,1014.7164,519.00
5.853220,1014.7502,505.00
5.853220,1014.7841,513.00
5.853220,1014.8180,497.00
5.853220,1014.8518,557.00
5.853220,1014.8858,493.00
5.853220,1014.9196,578.00
5.853220,1014.9534,538.00
5.853220,1014.9872,558.00
5.853220,1015.0211,520.00
5.853220,1015.0549,506.00
5.853220,1015.0887,483.00
5.853220,1015.1224,559.00
5.853220,1015.1562,501.00
5.853220,1015.1900,594.00
5.853220,1015.2238,549.00
5.853220,1015.2575,553.00
5.853220,1015.2914,533.00
5.853220,1015.3252,544.00
5.853220,1015.3589,497.00
5.853220,1015.3927,542.00
5.853220,1015.4265,506.00
5.853220,1015.4601,554.00
5.853220,1015.4938,508.00
5.853220,1015.5276,624.00
5.853220,1015.5613,545.00
5.853220,1015.5952,547.00
5.853220,1015.6288,503.00
5.853220,1015.6625,532.00
5.853220,1015.6962,484.00
5.853220,1015.7299,588.00
5.853220,1015.7635,481.00
5.853220,1015.7972,547.00
5.853220,1015.8308,522.00
5.853220,1015.8645,548.00
5.853220,1015.8981,512.00
5.853220,1015.9317,554.00
5.853220,1015.9655,453.00
5.853220,1015.9991,551.00
5.853220,1016.0327,496.00
5.853220,1016.0663,562.00
5.853220,1016.0999,551.00
5.853220,1016.1335,556.00
5.853220,1016.1671,521.00
5.853220,1016.2006,508.00
5.853220,1016.2342,513.00
5.853220,1016.2679,521.00
5.853220,1016.3015,488.00
5.853220,1016.3350,536.00
5.853220,1016.3686,492.00
5.853220,1016.4021,558.00
5.853220,1016.4357,532.00
5.853220,1016.4691,548.00
5.853220,1016.5027,510.00
5.853220,1016.5362,556.00
5.853220,1016.5696,477.00
5.853220,1016.6032,570.00
5.853220,1016.6367,520.00
5.853220,1016.6703,555.00
5.853220,1016.7038,530.00
5.853220,1016.7372,512.00
5.853220,1016.7707,529.00
5.853220,1016.8041,532.00
5.853220,1016.8376,523.00
5.853220,1016.8710,547.00
5.853220,1016.9045,472.00
5.853220,1016.9379,584.00
5.853220,1016.9715,518.00
5.853220,1017.0049,559.00
5.853220,1017.0383,555.00
5.853220,1017.0717,522.00
5.853220,1017.1050,514.00
5.853220,1017.1384,521.00
5.853220,1017.1718,479.00
5.853220,1017.2052,551.00
5.853220,1017.2386,479.00
5.853220,1017.2720,567.00
5.853220,1017.3053,578.00
5.853220,1017.3387,543.00
5.853220,1017.3721,519.00
5.853220,1017.4054,545.00
5.853220,1017.4388,471.00
5.853220,1017.4721,571.00
5.853220,1017.5054,509.00
5.853220,1017.5387,577.00
5.853220,1017.5720,540.00
5.853220,1017.6053,529.00
5.853220,1017.6386,559.00
5.853220,1017.6720,528.00
5.853220,1017.7053,514.00
5.853220,1017.7385,564.00
5.853220,1017.7717,504.00
5.853220,1017.8051,583.00
5.853220,1017.8383,534.00
5.853220,1017.8715,601.00
5.853220,1017.9048,578.00
5.853220,1017.9380,538.00
5.853220,1017.9712,521.00
5.853220,1018.0044,603.00
5.853220,1018.0376,502.00
5.853220,1018.0709,587.00
5.853220,1018.1041,523.00
5.853220,1018.1373,604.00
5.853220,1018.1705,551.00
5.853220,1018.2037,555.00
5.853220,1018.2368,519.00
5.853220,1018.2700,553.00
5.853220,1018.3032,520.00
5.853220,1018.3363,595.00
5.853220,1018.3695,529.00
5.853220,1018.4026,595.00
5.853220,1018.4358,544.00
5.853220,1018.4689,552.00
5.853220,1018.5020,551.00
5.853220,1018.5352,570.00
5.853220,1018.5682,533.00
5.853220,1018.6013,554.00
5.853220,1018.6343,534.00
5.853220,1018.6675,571.00
5.853220,1018.7006,503.00
5.853220,1018.7337,574.00
5.853220,1018.7668,571.00
5.853220,1018.7998,545.00
5.853220,1018.8328,539.00
5.853220,1018.8658,557.00
5.853220,1018.8989,535.00
5.853220,1018.9319,563.00
5.853220,1018.9650,528.00
5.853220,1018.9980,593.00
5.853220,1019.0311,576.00
5.853220,1019.0641,583.00
5.853220,1019.0970,507.00
5.853220,1019.1301,552.00
5.853220,1019.1631,516.00
5.853220,1019.1960,582.00
5.853220,1019.2289,503.00
5.853220,1019.2618,573.00
5.853220,1019.2949,526.00
5.853220,1019.3278,570.00
5.853220,1019.3607,555.00
5.853220,1019.3936,533.00
5.853220,1019.4268,470.00
5.853220,1019.4596,567.00
5.853220,1019.4925,503.00
5.853220,1019.5255,557.00
5.853220,1019.5583,522.00
5.853220,1019.5912,569.00
5.853220,1019.6240,549.00
5.853220,1019.6569,547.00
5.853220,1019.6898,526.00
5.853220,1019.7227,529.00
5.853220,1019.7556,456.00
5.853220,1019.7885,560.00
5.853220,1019.8213,525.00
5.853220,1019.8541,587.00
5.853220,1019.8870,492.00
5.853220,1019.9198,546.00
5.853220,1019.9525,540.00
5.853220,1019.9854,554.00
5.853220,1020.0182,523.00
5.853220,1020.0509,566.00
5.853220,1020.0837,541.00
5.853220,1020.1167,560.00
5.853220,1020.1494,531.00
5.853220,1020.1823,551.00
5.853220,1020.2149,533.00
5.853220,1020.2477,524.00
5.853220,1020.2805,478.00
5.853220,1020.3132,549.00
5.853220,1020.3459,511.00
5.853220,1020.3787,590.00
5.853220,1020.4114,512.00
5.853220,1020.4442,515.00
5.853220,1020.4768,552.00
5.853220,1020.5096,529.00
5.853220,1020.5423,487.00
5.853220,1020.5750,568.00
5.853220,1020.6077,491.00
5.853220,1020.6403,552.00
5.853220,1020.6730,500.00
5.853220,1020.7055,573.00
5.853220,1020.7382,542.00
5.853220,1020.7709,517.00
5.853220,1020.8036,484.00
5.853220,1020.8363,508.00
5.853220,1020.8688,470.00
5.853220,1020.9015,541.00
5.853220,1020.9341,470.00
5.853220,1020.9667,544.00
5.853220,1020.9993,466.00
5.853220,1021.0319,523.00
5.853220,1021.0645,520.00
5.853220,1021.0971,551.00
5.853220,1021.1298,474.00
5.853220,1021.1623,535.00
5.853220,1021.1948,489.00
5.853220,1021.2273,566.00
5.853220,1021.2599,483.00
5.853220,1021.2924,535.00
5.853220,1021.3250,489.00
5.853220,1021.3574,508.00
5.853220,1021.3900,499.00
5.853220,1021.4224,505.00
5.853220,1021.4550,425.00
5.853220,1021.4875,518.00
5.853220,1021.5200,482.00
5.853220,1021.5525,557.00
5.853220,1021.5850,492.00
5.853220,1021.6175,522.00
5.853220,1021.6500,485.00
5.853220,1021.6823,545.00
5.853220,1021.7148,492.00
5.853220,1021.7474,554.00
5.853220,1021.7797,503.00
5.853220,1021.8122,542.00
5.853220,1021.8445,542.00
5.853220,1021.8770,556.00
5.853220,1021.9095,529.00
5.853220,1021.9418,511.00
5.853220,1021.9741,483.00
5.853220,1022.0066,501.00
5.853220,1022.0389,472.00
5.853220,1022.0713,576.00
5.853220,1022.1037,491.00
5.853220,1022.1362,635.00
5.853220,1022.1685,554.00
5.853220,1022.2008,558.00
5.853220,1022.2332,500.00
5.853220,1022.2654,547.00
5.853220,1022.2977,501.00
5.853220,1022.3301,583.00
5.853220,1022.3624,467.00
5.853220,1022.3947,586.00
5.853220,1022.4271,501.00
5.853220,1022.4594,564.00
5.853220,1022.4917,537.00
5.853220,1022.5239,533.00
5.853220,1022.5562,503.00
5.853220,1022.5885,544.00
5.853220,1022.6207,496.00
5.853220,1022.6530,574.00
5.853220,1022.6852,548.00
5.853220,1022.7174,551.00
5.853220,1022.7497,488.00
5.853220,1022.7819,536.00
5.853220,1022.8142,473.00
5.853220,1022.8464,548.00
5.853220,1022.8785,497.00
5.853220,1022.9108,562.00
5.853220,1022.9429,512.00
5.853220,1022.9751,538.00
5.853220,1023.0073,536.00
5.853220,1023.0394,500.00
5.853220,1023.0717,487.00
5.853220,1023.1039,572.00
5.853220,1023.1360,469.00
5.853220,1023.1682,548.00
5.853220,1023.2003,492.00
5.853220,1023.2324,547.00
5.853220,1023.2644,504.00
5.853220,1023.2966,526.00
5.853220,1023.3287,470.00
5.853220,1023.3608,514.00
5.853220,1023.3929,471.00
5.853220,1023.4249,532.00
5.853220,1023.4570,489.00
5.853220,1023.4893,563.00
5.853220,1023.5212,477.00
5.853220,1023.5533,511.00
5.853220,1023.5853,490.00
5.853220,1023.6174,520.00
5.853220,1023.6494,491.00
5.853220,1023.6813,556.00
5.853220,1023.7134,445.00
5.853220,1023.7454,503.00
5.853220,1023.7775,490.00
5.853220,1023.8096,519.00
5.853220,1023.8416,498.00
5.853220,1023.8735,524.00
5.853220,1023.9055,495.00
5.853220,1023.9374,529.00
5.853220,1023.9694,463.00
5.853220,1024.0013,533.00
5.853220,1024.0333,502.00
5.853220,1024.0652,513.00
5.853220,1024.0972,522.00
5.853220,1024.1293,545.00
5.853220,1024.1611,488.00
5.853220,1024.1931,519.00
5.853220,1024.2250,458.00
5.853220,1024.2568,561.00
5.853220,1024.2888,466.00
5.853220,1024.3206,510.00
5.853220,1024.3525,487.00
5.853220,1024.3843,497.00
5.853220,1024.4164,474.00
5.853220,1024.4481,539.00
5.853220,1024.4801,481.00
5.853220,1024.5118,509.00
5.853220,1024.5438,470.00
5.853220,1024.5756,537.00
5.853220,1024.6074,463.00
5.853220,1024.6393,504.00
5.853220,1024.6710,520.00
5.853220,1024.7029,485.00
5.853220,1024.7346,468.00
5.853220,1024.7664,505.00
5.853220,1024.7982,440.00
5.853220,1024.8301,556.00
5.853220,1024.8618,494.00
5.853220,1024.8936,506.00
5.853220,1024.9253,456.00
5.853220,1024.9572,546.00
5.853220,1024.9889,526.00
5.853220,1025.0206,539.00
5.853220,1025.0522,457.00
5.853220,1025.0841,552.00
5.853220,1025.1158,471.00
5.853220,1025.1475,523.00
5.853220,1025.1792,499.00
5.853220,1025.2109,504.00
5.853220,1025.2426,486.00
5.853220,1025.2743,515.00
5.853220,1025.3059,489.00
5.853220,1025.3376,541.00
5.853220,1025.3693,454.00
5.853220,1025.4009,569.00
5.853220,1025.4326,523.00
5.853220,1025.4644,542.00
5.853220,1025.4960,518.00
5.853220,1025.5276,519.00
5.853220,1025.5592,508.00
5.853220,1025.5908,565.00
5.853220,1025.6224,495.00
5.853220,1025.6541,559.00
5.853220,1025.6857,527.00
5.853220,1025.7172,584.00
5.853220,1025.7489,540.00
5.853220,1025.7804,573.00
5.853220,1025.8120,563.00
5.853220,1025.8435,529.00
5.853220,1025.8751,528.00
5.853220,1025.9066,584.00
5.853220,1025.9381,506.00
5.853220,1025.9697,575.00
5.853220,1026.0012,542.00
5.853220,1026.0327,556.00
5.853220,1026.0642,526.00
