# Point:,23
# Setpoint:,1.17090909
# Voltage_V:,1.17090909
# Current_A:,0.0011425
# Spectrum_Time_s:,4.130358
# Step_Start_s:,4.014732
# Step_End_s:,4.201037
# Spectrum_Duration_ms:,102.139
# Peak_Wavelength_nm:,940.19
# Peak_Intensity:,762.0
# Avg_Intensity:,600.7
# Num_Pixels:,4094
# NOTE: All wavelengths are captured simultaneously in one CCD exposure
#       The Relative_Time_s column shows when this entire spectrum was acquired

Relative_Time_s,Wavelength_nm,Intensity
4.130358,845.4307,545.00
4.130358,845.4858,498.00
4.130358,845.5410,550.00
4.130358,845.5963,510.00
4.130358,845.6514,554.00
4.130358,845.7065,504.00
4.130358,845.7617,531.00
4.130358,845.8168,471.00
4.130358,845.8721,577.00
4.130358,845.9272,471.00
4.130358,845.9823,526.00
4.130358,846.0374,505.00
4.130358,846.0926,509.00
4.130358,846.1478,500.00
4.130358,846.2029,539.00
4.130358,846.2579,481.00
4.130358,846.3130,556.00
4.130358,846.3682,464.00
4.130358,846.4233,566.00
4.130358,846.4784,501.00
4.130358,846.5335,588.00
4.130358,846.5886,542.00
4.130358,846.6437,546.00
4.130358,846.6987,529.00
4.130358,846.7538,568.00
4.130358,846.8089,480.00
4.130358,846.8640,599.00
4.130358,846.9190,481.00
4.130358,846.9741,558.00
4.130358,847.0292,510.00
4.130358,847.0842,570.00
4.130358,847.1392,543.00
4.130358,847.1943,554.00
4.130358,847.2493,499.00
4.130358,847.3044,557.00
4.130358,847.3594,505.00
4.130358,847.4144,585.00
4.130358,847.4694,523.00
4.130358,847.5244,531.00
4.130358,847.5795,524.00
4.130358,847.6345,600.00
4.130358,847.6895,502.00
4.130358,847.7444,551.00
4.130358,847.7994,491.00
4.130358,847.8544,564.00
4.130358,847.9094,546.00
4.130358,847.9644,569.00
4.130358,848.0193,533.00
4.130358,848.0743,561.00
4.130358,848.1293,522.00
4.130358,848.1843,605.00
4.130358,848.2392,534.00
4.130358,848.2941,592.00
4.130358,848.3491,570.00
4.130358,848.4040,567.00
4.130358,848.4590,554.00
4.130358,848.5139,573.00
4.130358,848.5688,536.00
4.130358,848.6237,581.00
4.130358,848.6786,521.00
4.130358,848.7336,609.00
4.130358,848.7885,530.00
4.130358,848.8434,608.00
4.130358,848.8983,558.00
4.130358,848.9531,580.00
4.130358,849.0081,552.00
4.130358,849.0630,565.00
4.130358,849.1178,510.00
4.130358,849.1727,597.00
4.130358,849.2275,546.00
4.130358,849.2823,620.00
4.130358,849.3373,548.00
4.130358,849.3921,583.00
4.130358,849.4470,560.00
4.130358,849.5018,557.00
4.130358,849.5566,536.00
4.130358,849.6115,598.00
4.130358,849.6663,521.00
4.130358,849.7211,604.00
4.130358,849.7759,568.00
4.130358,849.8307,604.00
4.130358,849.8856,547.00
4.130358,849.9404,606.00
4.130358,849.9952,528.00
4.130358,850.0500,606.00
4.130358,850.1048,508.00
4.130358,850.1596,621.00
4.130358,850.2144,503.00
4.130358,850.2692,620.00
4.130358,850.3239,569.00
4.130358,850.3787,570.00
4.130358,850.4335,572.00
4.130358,850.4882,593.00
4.130358,850.5430,550.00
4.130358,850.5977,594.00
4.130358,850.6525,535.00
4.130358,850.7072,598.00
4.130358,850.7620,572.00
4.130358,850.8167,621.00
4.130358,850.8715,575.00
4.130358,850.9261,595.00
4.130358,850.9808,537.00
4.130358,851.0356,586.00
4.130358,851.0903,572.00
4.130358,851.1450,621.00
4.130358,851.1996,571.00
4.130358,851.2543,630.00
4.130358,851.3091,577.00
4.130358,851.3638,590.00
4.130358,851.4185,566.00
4.130358,851.4731,611.00
4.130358,851.5278,551.00
4.130358,851.5825,658.00
4.130358,851.6371,591.00
4.130358,851.6918,639.00
4.130358,851.7465,611.00
4.130358,851.8011,605.00
4.130358,851.8558,573.00
4.130358,851.9103,611.00
4.130358,851.9650,561.00
4.130358,852.0196,677.00
4.130358,852.0742,598.00
4.130358,852.1289,620.00
4.130358,852.1835,591.00
4.130358,852.2381,642.00
4.130358,852.2927,624.00
4.130358,852.3473,631.00
4.130358,852.4019,610.00
4.130358,852.4565,665.00
4.130358,852.5111,591.00
4.130358,852.5657,638.00
4.130358,852.6202,599.00
4.130358,852.6747,665.00
4.130358,852.7294,634.00
4.130358,852.7839,659.00
4.130358,852.8385,599.00
4.130358,852.8930,667.00
4.130358,852.9476,586.00
4.130358,853.0022,665.00
4.130358,853.0567,621.00
4.130358,853.1112,663.00
4.130358,853.1658,647.00
4.130358,853.2203,663.00
4.130358,853.2748,646.00
4.130358,853.3293,674.00
4.130358,853.3838,617.00
4.130358,853.4383,655.00
4.130358,853.4928,599.00
4.130358,853.5474,671.00
4.130358,853.6019,651.00
4.130358,853.6563,678.00
4.130358,853.7108,655.00
4.130358,853.7653,679.00
4.130358,853.8198,633.00
4.130358,853.8742,677.00
4.130358,853.9286,643.00
4.130358,853.9832,671.00
4.130358,854.0376,649.00
4.130358,854.0920,666.00
4.130358,854.1465,658.00
4.130358,854.2010,661.00
4.130358,854.2554,613.00
4.130358,854.3098,658.00
4.130358,854.3642,573.00
4.130358,854.4186,693.00
4.130358,854.4731,614.00
4.130358,854.5275,690.00
4.130358,854.5819,645.00
4.130358,854.6363,690.00
4.130358,854.6907,638.00
4.130358,854.7451,645.00
4.130358,854.7994,615.00
4.130358,854.8538,670.00
4.130358,854.9082,639.00
4.130358,854.9626,711.00
4.130358,855.0170,600.00
4.130358,855.0714,689.00
4.130358,855.1257,639.00
4.130358,855.1800,629.00
4.130358,855.2344,643.00
4.130358,855.2888,686.00
4.130358,855.3431,618.00
4.130358,855.3975,635.00
4.130358,855.4518,580.00
4.130358,855.5060,679.00
4.130358,855.5604,615.00
4.130358,855.6147,627.00
4.130358,855.6691,607.00
4.130358,855.7233,652.00
4.130358,855.7776,591.00
4.130358,855.8320,695.00
4.130358,855.8862,603.00
4.130358,855.9406,691.00
4.130358,855.9948,622.00
4.130358,856.0491,711.00
4.130358,856.1035,673.00
4.130358,856.1577,667.00
4.130358,856.2119,621.00
4.130358,856.2662,661.00
4.130358,856.3204,583.00
4.130358,856.3748,698.00
4.130358,856.4290,625.00
4.130358,856.4832,654.00
4.130358,856.5374,652.00
4.130358,856.5916,687.00
4.130358,856.6459,593.00
4.130358,856.7001,666.00
4.130358,856.7543,607.00
4.130358,856.8085,684.00
4.130358,856.8627,647.00
4.130358,856.9169,688.00
4.130358,856.9712,639.00
4.130358,857.0253,667.00
4.130358,857.0795,620.00
4.130358,857.1337,647.00
4.130358,857.1879,618.00
4.130358,857.2421,695.00
4.130358,857.2962,661.00
4.130358,857.3504,694.00
4.130358,857.4045,653.00
4.130358,857.4587,671.00
4.130358,857.5129,687.00
4.130358,857.5670,668.00
4.130358,857.6212,631.00
4.130358,857.6753,694.00
4.130358,857.7294,613.00
4.130358,857.7836,681.00
4.130358,857.8377,644.00
4.130358,857.8918,681.00
4.130358,857.9459,667.00
4.130358,858.0000,666.00
4.130358,858.0541,634.00
4.130358,858.1082,672.00
4.130358,858.1624,628.00
4.130358,858.2164,699.00
4.130358,858.2704,639.00
4.130358,858.3245,699.00
4.130358,858.3787,674.00
4.130358,858.4327,672.00
4.130358,858.4868,653.00
4.130358,858.5408,695.00
4.130358,858.5949,633.00
4.130358,858.6489,681.00
4.130358,858.7030,646.00
4.130358,858.7570,726.00
4.130358,858.8110,683.00
4.130358,858.8651,710.00
4.130358,858.9192,710.00
4.130358,858.9732,697.00
4.130358,859.0272,661.00
4.130358,859.0812,687.00
4.130358,859.1352,629.00
4.130358,859.1892,701.00
4.130358,859.2432,652.00
4.130358,859.2972,684.00
4.130358,859.3512,685.00
4.130358,859.4052,666.00
4.130358,859.4592,648.00
4.130358,859.5132,652.00
4.130358,859.5671,586.00
4.130358,859.6210,684.00
4.130358,859.6750,621.00
4.130358,859.7289,686.00
4.130358,859.7830,614.00
4.130358,859.8369,651.00
4.130358,859.8908,634.00
4.130358,859.9447,604.00
4.130358,859.9987,601.00
4.130358,860.0527,691.00
4.130358,860.1065,607.00
4.130358,860.1605,681.00
4.130358,860.2144,640.00
4.130358,860.2682,658.00
4.130358,860.3222,647.00
4.130358,860.3761,655.00
4.130358,860.4299,608.00
4.130358,860.4838,690.00
4.130358,860.5377,591.00
4.130358,860.5916,673.00
4.130358,860.6455,615.00
4.130358,860.6993,666.00
4.130358,860.7532,631.00
4.130358,860.8071,663.00
4.130358,860.8610,646.00
4.130358,860.9148,667.00
4.130358,860.9687,585.00
4.130358,861.0225,657.00
4.130358,861.0763,627.00
4.130358,861.1301,661.00
4.130358,861.1840,605.00
4.130358,861.2378,670.00
4.130358,861.2916,608.00
4.130358,861.3454,651.00
4.130358,861.3992,596.00
4.130358,861.4531,682.00
4.130358,861.5068,573.00
4.130358,861.5606,680.00
4.130358,861.6144,621.00
4.130358,861.6682,638.00
4.130358,861.7220,615.00
4.130358,861.7758,642.00
4.130358,861.8295,602.00
4.130358,861.8833,630.00
4.130358,861.9370,613.00
4.130358,861.9908,683.00
4.130358,862.0446,623.00
4.130358,862.0983,683.00
4.130358,862.1520,613.00
4.130358,862.2057,632.00
4.130358,862.2595,619.00
4.130358,862.3132,627.00
4.130358,862.3669,583.00
4.130358,862.4206,642.00
4.130358,862.4744,574.00
4.130358,862.5281,665.00
4.130358,862.5818,633.00
4.130358,862.6355,637.00
4.130358,862.6891,629.00
4.130358,862.7429,647.00
4.130358,862.7966,632.00
4.130358,862.8502,640.00
4.130358,862.9039,584.00
4.130358,862.9575,652.00
4.130358,863.0112,631.00
4.130358,863.0648,634.00
4.130358,863.1185,616.00
4.130358,863.1722,646.00
4.130358,863.2258,574.00
4.130358,863.2794,681.00
4.130358,863.3330,585.00
4.130358,863.3867,656.00
4.130358,863.4403,571.00
4.130358,863.4940,649.00
4.130358,863.5475,632.00
4.130358,863.6011,610.00
4.130358,863.6548,610.00
4.130358,863.7084,633.00
4.130358,863.7620,596.00
4.130358,863.8156,616.00
4.130358,863.8691,571.00
4.130358,863.9228,621.00
4.130358,863.9763,602.00
4.130358,864.0299,642.00
4.130358,864.0834,620.00
4.130358,864.1370,627.00
4.130358,864.1906,588.00
4.130358,864.2441,645.00
4.130358,864.2977,607.00
4.130358,864.3512,658.00
4.130358,864.4047,643.00
4.130358,864.4583,642.00
4.130358,864.5118,616.00
4.130358,864.5653,621.00
4.130358,864.6189,585.00
4.130358,864.6724,623.00
4.130358,864.7258,611.00
4.130358,864.7794,642.00
4.130358,864.8329,580.00
4.130358,864.8864,650.00
4.130358,864.9398,613.00
4.130358,864.9933,625.00
4.130358,865.0469,573.00
4.130358,865.1003,594.00
4.130358,865.1538,593.00
4.130358,865.2072,618.00
4.130358,865.2607,618.00
4.130358,865.3142,654.00
4.130358,865.3676,609.00
4.130358,865.4211,646.00
4.130358,865.4745,603.00
4.130358,865.5279,605.00
4.130358,865.5814,613.00
4.130358,865.6348,646.00
4.130358,865.6882,605.00
4.130358,865.7416,685.00
4.130358,865.7950,620.00
4.130358,865.8484,660.00
4.130358,865.9019,609.00
4.130358,865.9552,640.00
4.130358,866.0087,644.00
4.130358,866.0620,630.00
4.130358,866.1154,620.00
4.130358,866.1688,694.00
4.130358,866.2222,616.00
4.130358,866.2755,680.00
4.130358,866.3289,659.00
4.130358,866.3822,652.00
4.130358,866.4356,639.00
4.130358,866.4890,644.00
4.130358,866.5423,628.00
4.130358,866.5956,663.00
4.130358,866.6489,594.00
4.130358,866.7023,671.00
4.130358,866.7556,604.00
4.130358,866.8089,662.00
4.130358,866.8622,635.00
4.130358,866.9155,675.00
4.130358,866.9689,605.00
4.130358,867.0222,654.00
4.130358,867.0755,615.00
4.130358,867.1287,631.00
4.130358,867.1820,603.00
4.130358,867.2354,664.00
4.130358,867.2886,635.00
4.130358,867.3419,653.00
4.130358,867.3951,621.00
4.130358,867.4484,663.00
4.130358,867.5016,586.00
4.130358,867.5549,671.00
4.130358,867.6082,628.00
4.130358,867.6614,644.00
4.130358,867.7146,675.00
4.130358,867.7678,651.00
4.130358,867.8211,641.00
4.130358,867.8743,664.00
4.130358,867.9276,604.00
4.130358,867.9807,667.00
4.130358,868.0339,615.00
4.130358,868.0872,676.00
4.130358,868.1403,652.00
4.130358,868.1935,638.00
4.130358,868.2467,591.00
4.130358,868.2999,633.00
4.130358,868.3531,590.00
4.130358,868.4062,684.00
4.130358,868.4594,623.00
4.130358,868.5126,657.00
4.130358,868.5657,650.00
4.130358,868.6189,655.00
4.130358,868.6721,636.00
4.130358,868.7252,613.00
4.130358,868.7783,596.00
4.130358,868.8315,661.00
4.130358,868.8846,587.00
4.130358,868.9377,676.00
4.130358,868.9908,610.00
4.130358,869.0439,652.00
4.130358,869.0970,636.00
4.130358,869.1501,665.00
4.130358,869.2032,588.00
4.130358,869.2564,611.00
4.130358,869.3094,576.00
4.130358,869.3625,638.00
4.130358,869.4156,616.00
4.130358,869.4688,670.00
4.130358,869.5218,607.00
4.130358,869.5748,660.00
4.130358,869.6279,645.00
4.130358,869.6809,592.00
4.130358,869.7340,581.00
4.130358,869.7870,627.00
4.130358,869.8401,626.00
4.130358,869.8931,656.00
4.130358,869.9462,624.00
4.130358,869.9993,626.00
4.130358,870.0522,613.00
4.130358,870.1052,663.00
4.130358,870.1583,612.00
4.130358,870.2112,680.00
4.130358,870.2642,607.00
4.130358,870.3173,664.00
4.130358,870.3702,607.00
4.130358,870.4232,668.00
4.130358,870.4762,622.00
4.130358,870.5292,641.00
4.130358,870.5822,596.00
4.130358,870.6351,657.00
4.130358,870.6881,606.00
4.130358,870.7410,627.00
4.130358,870.7940,636.00
4.130358,870.8470,628.00
4.130358,870.8999,606.00
4.130358,870.9528,677.00
4.130358,871.0057,653.00
4.130358,871.0587,630.00
4.130358,871.1116,616.00
4.130358,871.1646,651.00
4.130358,871.2175,594.00
4.130358,871.2704,672.00
4.130358,871.3232,637.00
4.130358,871.3762,646.00
4.130358,871.4291,643.00
4.130358,871.4820,663.00
4.130358,871.5348,628.00
4.130358,871.5877,676.00
4.130358,871.6406,629.00
4.130358,871.6935,721.00
4.130358,871.7463,623.00
4.130358,871.7992,680.00
4.130358,871.8521,660.00
4.130358,871.9049,640.00
4.130358,871.9578,650.00
4.130358,872.0106,657.00
4.130358,872.0635,614.00
4.130358,872.1162,674.00
4.130358,872.1691,614.00
4.130358,872.2219,671.00
4.130358,872.2747,630.00
4.130358,872.3275,669.00
4.130358,872.3803,659.00
4.130358,872.4332,663.00
4.130358,872.4860,621.00
4.130358,872.5387,687.00
4.130358,872.5915,592.00
4.130358,872.6443,673.00
4.130358,872.6971,653.00
4.130358,872.7499,696.00
4.130358,872.8026,633.00
4.130358,872.8553,630.00
4.130358,872.9081,644.00
4.130358,872.9609,658.00
4.130358,873.0136,602.00
4.130358,873.0663,672.00
4.130358,873.1191,589.00
4.130358,873.1718,662.00
4.130358,873.2245,629.00
4.130358,873.2773,631.00
4.130358,873.3300,612.00
4.130358,873.3827,646.00
4.130358,873.4354,631.00
4.130358,873.4882,728.00
4.130358,873.5408,647.00
4.130358,873.5935,674.00
4.130358,873.6462,647.00
4.130358,873.6989,675.00
4.130358,873.7515,668.00
4.130358,873.8042,671.00
4.130358,873.8569,621.00
4.130358,873.9096,671.00
4.130358,873.9622,607.00
4.130358,874.0149,696.00
4.130358,874.0675,663.00
4.130358,874.1202,668.00
4.130358,874.1729,627.00
4.130358,874.2255,671.00
4.130358,874.2781,632.00
4.130358,874.3307,647.00
4.130358,874.3834,598.00
4.130358,874.4360,689.00
4.130358,874.4885,645.00
4.130358,874.5411,692.00
4.130358,874.5938,631.00
4.130358,874.6463,647.00
4.130358,874.6990,630.00
4.130358,874.7515,650.00
4.130358,874.8041,600.00
4.130358,874.8567,683.00
4.130358,874.9092,641.00
4.130358,874.9619,683.00
4.130358,875.0144,621.00
4.130358,875.0669,648.00
4.130358,875.1194,635.00
4.130358,875.1720,658.00
4.130358,875.2246,623.00
4.130358,875.2772,668.00
4.130358,875.3296,624.00
4.130358,875.3821,659.00
4.130358,875.4346,655.00
4.130358,875.4872,675.00
4.130358,875.5397,650.00
4.130358,875.5922,694.00
4.130358,875.6447,641.00
4.130358,875.6971,673.00
4.130358,875.7498,589.00
4.130358,875.8022,677.00
4.130358,875.8547,589.00
4.130358,875.9071,686.00
4.130358,875.9596,628.00
4.130358,876.0120,650.00
4.130358,876.0646,648.00
4.130358,876.1169,664.00
4.130358,876.1694,597.00
4.130358,876.2219,682.00
4.130358,876.2743,639.00
4.130358,876.3268,696.00
4.130358,876.3792,640.00
4.130358,876.4316,656.00
4.130358,876.4840,661.00
4.130358,876.5364,651.00
4.130358,876.5889,612.00
4.130358,876.6413,716.00
4.130358,876.6937,586.00
4.130358,876.7460,682.00
4.130358,876.7985,661.00
4.130358,876.8509,724.00
4.130358,876.9032,644.00
4.130358,876.9556,655.00
4.130358,877.0079,607.00
4.130358,877.0604,640.00
4.130358,877.1127,598.00
4.130358,877.1651,676.00
4.130358,877.2174,633.00
4.130358,877.2697,671.00
4.130358,877.3221,660.00
4.130358,877.3744,653.00
4.130358,877.4268,628.00
4.130358,877.4791,642.00
4.130358,877.5314,597.00
4.130358,877.5837,640.00
4.130358,877.6360,598.00
4.130358,877.6884,644.00
4.130358,877.7407,607.00
4.130358,877.7930,630.00
4.130358,877.8452,618.00
4.130358,877.8975,629.00
4.130358,877.9498,626.00
4.130358,878.0021,633.00
4.130358,878.0544,613.00
4.130358,878.1066,665.00
4.130358,878.1589,612.00
4.130358,878.2111,631.00
4.130358,878.2634,626.00
4.130358,878.3157,608.00
4.130358,878.3679,586.00
4.130358,878.4202,634.00
4.130358,878.4724,591.00
4.130358,878.5246,679.00
4.130358,878.5768,628.00
4.130358,878.6290,665.00
4.130358,878.6812,647.00
4.130358,878.7335,619.00
4.130358,878.7856,623.00
4.130358,878.8379,618.00
4.130358,878.8901,608.00
4.130358,878.9422,635.00
4.130358,878.9944,617.00
4.130358,879.0466,665.00
4.130358,879.0988,623.00
4.130358,879.1509,684.00
4.130358,879.2031,623.00
4.130358,879.2552,624.00
4.130358,879.3074,590.00
4.130358,879.3596,673.00
4.130358,879.4117,572.00
4.130358,879.4638,675.00
4.130358,879.5159,582.00
4.130358,879.5681,639.00
4.130358,879.6202,620.00
4.130358,879.6723,638.00
4.130358,879.7244,625.00
4.130358,879.7766,653.00
4.130358,879.8287,591.00
4.130358,879.8808,660.00
4.130358,879.9329,581.00
4.130358,879.9849,638.00
4.130358,880.0370,620.00
4.130358,880.0891,659.00
4.130358,880.1412,604.00
4.130358,880.1932,650.00
4.130358,880.2452,579.00
4.130358,880.2973,650.00
4.130358,880.3495,633.00
4.130358,880.4015,680.00
4.130358,880.4536,637.00
4.130358,880.5056,657.00
4.130358,880.5576,647.00
4.130358,880.6096,618.00
4.130358,880.6616,592.00
4.130358,880.7137,648.00
4.130358,880.7656,588.00
4.130358,880.8176,647.00
4.130358,880.8696,581.00
4.130358,880.9217,646.00
4.130358,880.9737,594.00
4.130358,881.0256,618.00
4.130358,881.0776,603.00
4.130358,881.1296,634.00
4.130358,881.1816,563.00
4.130358,881.2336,633.00
4.130358,881.2855,573.00
4.130358,881.3374,629.00
4.130358,881.3893,627.00
4.130358,881.4413,621.00
4.130358,881.4933,608.00
4.130358,881.5452,640.00
4.130358,881.5972,564.00
4.130358,881.6490,651.00
4.130358,881.7010,608.00
4.130358,881.7530,648.00
4.130358,881.8049,582.00
4.130358,881.8568,620.00
4.130358,881.9086,573.00
4.130358,881.9605,612.00
4.130358,882.0125,586.00
4.130358,882.0643,617.00
4.130358,882.1162,558.00
4.130358,882.1681,628.00
4.130358,882.2199,566.00
4.130358,882.2719,631.00
4.130358,882.3237,598.00
4.130358,882.3755,573.00
4.130358,882.4274,576.00
4.130358,882.4792,605.00
4.130358,882.5311,581.00
4.130358,882.5829,599.00
4.130358,882.6348,586.00
4.130358,882.6866,644.00
4.130358,882.7383,606.00
4.130358,882.7902,600.00
4.130358,882.8420,591.00
4.130358,882.8939,615.00
4.130358,882.9457,530.00
4.130358,882.9974,619.00
4.130358,883.0493,578.00
4.130358,883.1011,645.00
4.130358,883.1528,553.00
4.130358,883.2046,631.00
4.130358,883.2563,573.00
4.130358,883.3081,561.00
4.130358,883.3599,576.00
4.130358,883.4116,618.00
4.130358,883.4634,597.00
4.130358,883.5151,632.00
4.130358,883.5668,576.00
4.130358,883.6187,600.00
4.130358,883.6703,607.00
4.130358,883.7220,624.00
4.130358,883.7738,576.00
4.130358,883.8254,602.00
4.130358,883.8773,570.00
4.130358,883.9289,653.00
4.130358,883.9806,584.00
4.130358,884.0323,674.00
4.130358,884.0840,637.00
4.130358,884.1357,643.00
4.130358,884.1874,602.00
4.130358,884.2391,616.00
4.130358,884.2907,569.00
4.130358,884.3423,638.00
4.130358,884.3940,587.00
4.130358,884.4457,647.00
4.130358,884.4974,660.00
4.130358,884.5490,620.00
4.130358,884.6006,599.00
4.130358,884.6523,623.00
4.130358,884.7039,577.00
4.130358,884.7555,658.00
4.130358,884.8071,604.00
4.130358,884.8588,675.00
4.130358,884.9103,655.00
4.130358,884.9620,646.00
4.130358,885.0136,649.00
4.130358,885.0651,630.00
4.130358,885.1168,621.00
4.130358,885.1683,635.00
4.130358,885.2200,595.00
4.130358,885.2715,656.00
4.130358,885.3231,591.00
4.130358,885.3746,658.00
4.130358,885.4262,605.00
4.130358,885.4778,647.00
4.130358,885.5293,632.00
4.130358,885.5809,621.00
4.130358,885.6324,577.00
4.130358,885.6839,636.00
4.130358,885.7355,635.00
4.130358,885.7870,676.00
4.130358,885.8385,618.00
4.130358,885.8900,674.00
4.130358,885.9415,620.00
4.130358,885.9930,645.00
4.130358,886.0446,598.00
4.130358,886.0960,649.00
4.130358,886.1475,593.00
4.130358,886.1990,670.00
4.130358,886.2504,616.00
4.130358,886.3020,705.00
4.130358,886.3534,622.00
4.130358,886.4048,634.00
4.130358,886.4564,611.00
4.130358,886.5078,642.00
4.130358,886.5593,602.00
4.130358,886.6107,675.00
4.130358,886.6621,613.00
4.130358,886.7136,639.00
4.130358,886.7650,597.00
4.130358,886.8164,639.00
4.130358,886.8679,621.00
4.130358,886.9193,646.00
4.130358,886.9706,565.00
4.130358,887.0220,662.00
4.130358,887.0735,599.00
4.130358,887.1249,628.00
4.130358,887.1762,615.00
4.130358,887.2276,674.00
4.130358,887.2789,659.00
4.130358,887.3304,663.00
4.130358,887.3818,630.00
4.130358,887.4331,651.00
4.130358,887.4844,631.00
4.130358,887.5358,677.00
4.130358,887.5871,577.00
4.130358,887.6385,663.00
4.130358,887.6898,639.00
4.130358,887.7411,639.00
4.130358,887.7925,616.00
4.130358,887.8438,650.00
4.130358,887.8951,597.00
4.130358,887.9464,685.00
4.130358,887.9977,621.00
4.130358,888.0490,696.00
4.130358,888.1003,645.00
4.130358,888.1516,656.00
4.130358,888.2029,614.00
4.130358,888.2542,650.00
4.130358,888.3054,614.00
4.130358,888.3567,654.00
4.130358,888.4080,628.00
4.130358,888.4592,671.00
4.130358,888.5105,631.00
4.130358,888.5618,675.00
4.130358,888.6130,603.00
4.130358,888.6642,656.00
4.130358,888.7155,641.00
4.130358,888.7667,659.00
4.130358,888.8179,625.00
4.130358,888.8691,677.00
4.130358,888.9204,644.00
4.130358,888.9716,662.00
4.130358,889.0228,613.00
4.130358,889.0740,666.00
4.130358,889.1252,640.00
4.130358,889.1764,646.00
4.130358,889.2275,627.00
4.130358,889.2787,666.00
4.130358,889.3299,617.00
4.130358,889.3810,692.00
4.130358,889.4322,653.00
4.130358,889.4835,675.00
4.130358,889.5346,661.00
4.130358,889.5857,654.00
4.130358,889.6368,602.00
4.130358,889.6879,640.00
4.130358,889.7391,599.00
4.130358,889.7903,696.00
4.130358,889.8414,617.00
4.130358,889.8925,679.00
4.130358,889.9435,678.00
4.130358,889.9948,643.00
4.130358,890.0458,596.00
4.130358,890.0969,684.00
4.130358,890.1479,607.00
4.130358,890.1990,697.00
4.130358,890.2501,633.00
4.130358,890.3012,672.00
4.130358,890.3523,638.00
4.130358,890.4034,617.00
4.130358,890.4545,632.00
4.130358,890.5054,632.00
4.130358,890.5566,580.00
4.130358,890.6076,641.00
4.130358,890.6586,602.00
4.130358,890.7097,664.00
4.130358,890.7607,626.00
4.130358,890.8117,666.00
4.130358,890.8627,630.00
4.130358,890.9138,597.00
4.130358,890.9647,586.00
4.130358,891.0157,623.00
4.130358,891.0668,581.00
4.130358,891.1178,633.00
4.130358,891.1688,604.00
4.130358,891.2197,649.00
4.130358,891.2707,607.00
4.130358,891.3217,618.00
4.130358,891.3727,598.00
4.130358,891.4236,628.00
4.130358,891.4745,600.00
4.130358,891.5256,655.00
4.130358,891.5765,615.00
4.130358,891.6275,645.00
4.130358,891.6783,602.00
4.130358,891.7293,602.00
4.130358,891.7802,597.00
4.130358,891.8312,615.00
4.130358,891.8821,576.00
4.130358,891.9330,655.00
4.130358,891.9839,581.00
4.130358,892.0348,644.00
4.130358,892.0857,599.00
4.130358,892.1366,630.00
4.130358,892.1875,595.00
4.130358,892.2383,632.00
4.130358,892.2892,608.00
4.130358,892.3401,655.00
4.130358,892.3911,585.00
4.130358,892.4418,649.00
4.130358,892.4927,616.00
4.130358,892.5436,664.00
4.130358,892.5944,645.00
4.130358,892.6452,634.00
4.130358,892.6961,592.00
4.130358,892.7469,630.00
4.130358,892.7977,590.00
4.130358,892.8485,614.00
4.130358,892.8993,619.00
4.130358,892.9502,670.00
4.130358,893.0010,625.00
4.130358,893.0518,637.00
4.130358,893.1025,625.00
4.130358,893.1534,627.00
4.130358,893.2042,607.00
4.130358,893.2549,652.00
4.130358,893.3057,616.00
4.130358,893.3564,692.00
4.130358,893.4072,661.00
4.130358,893.4580,619.00
4.130358,893.5087,618.00
4.130358,893.5595,654.00
4.130358,893.6102,584.00
4.130358,893.6609,662.00
4.130358,893.7117,591.00
4.130358,893.7625,689.00
4.130358,893.8132,619.00
4.130358,893.8639,676.00
4.130358,893.9146,667.00
4.130358,893.9653,597.00
4.130358,894.0160,598.00
4.130358,894.0667,659.00
4.130358,894.1174,616.00
4.130358,894.1681,641.00
4.130358,894.2188,608.00
4.130358,894.2695,665.00
4.130358,894.3201,617.00
4.130358,894.3708,646.00
4.130358,894.4214,600.00
4.130358,894.4720,652.00
4.130358,894.5228,610.00
4.130358,894.5734,696.00
4.130358,894.6240,633.00
4.130358,894.6746,668.00
4.130358,894.7252,668.00
4.130358,894.7759,643.00
4.130358,894.8265,622.00
4.130358,894.8771,662.00
4.130358,894.9277,594.00
4.130358,894.9783,672.00
4.130358,895.0290,569.00
4.130358,895.0795,701.00
4.130358,895.1301,605.00
4.130358,895.1807,659.00
4.130358,895.2313,630.00
4.130358,895.2819,652.00
4.130358,895.3325,616.00
4.130358,895.3830,634.00
4.130358,895.4336,583.00
4.130358,895.4841,701.00
4.130358,895.5347,614.00
4.130358,895.5852,630.00
4.130358,895.6357,623.00
4.130358,895.6863,655.00
4.130358,895.7368,634.00
4.130358,895.7874,613.00
4.130358,895.8379,575.00
4.130358,895.8884,657.00
4.130358,895.9388,609.00
4.130358,895.9893,653.00
4.130358,896.0399,610.00
4.130358,896.0904,637.00
4.130358,896.1408,648.00
4.130358,896.1913,644.00
4.130358,896.2418,594.00
4.130358,896.2922,681.00
4.130358,896.3427,624.00
4.130358,896.3932,674.00
4.130358,896.4437,636.00
4.130358,896.4941,675.00
4.130358,896.5445,644.00
4.130358,896.5950,658.00
4.130358,896.6454,683.00
4.130358,896.6958,646.00
4.130358,896.7462,597.00
4.130358,896.7967,658.00
4.130358,896.8471,631.00
4.130358,896.8975,661.00
4.130358,896.9479,639.00
4.130358,896.9983,672.00
4.130358,897.0486,591.00
4.130358,897.0991,673.00
4.130358,897.1495,612.00
4.130358,897.1998,679.00
4.130358,897.2502,618.00
4.130358,897.3005,661.00
4.130358,897.3510,624.00
4.130358,897.4013,674.00
4.130358,897.4517,671.00
4.130358,897.5020,635.00
4.130358,897.5523,630.00
4.130358,897.6026,668.00
4.130358,897.6530,617.00
4.130358,897.7033,673.00
4.130358,897.7537,619.00
4.130358,897.8040,673.00
4.130358,897.8542,612.00
4.130358,897.9046,638.00
4.130358,897.9549,618.00
4.130358,898.0051,691.00
4.130358,898.0554,622.00
4.130358,898.1057,676.00
4.130358,898.1560,613.00
4.130358,898.2063,669.00
4.130358,898.2565,619.00
4.130358,898.3068,631.00
4.130358,898.3571,656.00
4.130358,898.4073,638.00
4.130358,898.4576,580.00
4.130358,898.5078,663.00
4.130358,898.5580,589.00
4.130358,898.6083,680.00
4.130358,898.6584,647.00
4.130358,898.7087,668.00
4.130358,898.7590,633.00
4.130358,898.8091,620.00
4.130358,898.8593,620.00
4.130358,898.9095,663.00
4.130358,898.9598,594.00
4.130358,899.0099,686.00
4.130358,899.0601,600.00
4.130358,899.1103,656.00
4.130358,899.1605,607.00
4.130358,899.2107,625.00
4.130358,899.2608,605.00
4.130358,899.3109,608.00
4.130358,899.3611,588.00
4.130358,899.4113,685.00
4.130358,899.4614,622.00
4.130358,899.5115,650.00
4.130358,899.5616,628.00
4.130358,899.6118,652.00
4.130358,899.6619,620.00
4.130358,899.7121,627.00
4.130358,899.7622,583.00
4.130358,899.8123,654.00
4.130358,899.8624,586.00
4.130358,899.9124,652.00
4.130358,899.9626,619.00
4.130358,900.0126,609.00
4.130358,900.0627,621.00
4.130358,900.1127,633.00
4.130358,900.1628,568.00
4.130358,900.2130,661.00
4.130358,900.2631,550.00
4.130358,900.3130,654.00
4.130358,900.3631,618.00
4.130358,900.4131,644.00
4.130358,900.4632,586.00
4.130358,900.5132,607.00
4.130358,900.5633,581.00
4.130358,900.6132,609.00
4.130358,900.6632,586.00
4.130358,900.7133,613.00
4.130358,900.7633,557.00
4.130358,900.8133,620.00
4.130358,900.8633,584.00
4.130358,900.9133,645.00
4.130358,900.9633,602.00
4.130358,901.0133,636.00
4.130358,901.0632,594.00
4.130358,901.1132,628.00
4.130358,901.1631,570.00
4.130358,901.2131,661.00
4.130358,901.2631,594.00
4.130358,901.3130,663.00
4.130358,901.3630,616.00
4.130358,901.4129,621.00
4.130358,901.4628,620.00
4.130358,901.5128,621.00
4.130358,901.5627,611.00
4.130358,901.6126,646.00
4.130358,901.6625,598.00
4.130358,901.7124,632.00
4.130358,901.7623,638.00
4.130358,901.8123,627.00
4.130358,901.8621,619.00
4.130358,901.9120,629.00
4.130358,901.9619,590.00
4.130358,902.0117,655.00
4.130358,902.0616,617.00
4.130358,902.1115,679.00
4.130358,902.1613,612.00
4.130358,902.2112,629.00
4.130358,902.2610,637.00
4.130358,902.3109,624.00
4.130358,902.3608,585.00
4.130358,902.4106,654.00
4.130358,902.4604,590.00
4.130358,902.5103,628.00
4.130358,902.5601,584.00
4.130358,902.6099,630.00
4.130358,902.6597,617.00
4.130358,902.7095,653.00
4.130358,902.7592,652.00
4.130358,902.8090,632.00
4.130358,902.8589,575.00
4.130358,902.9086,670.00
4.130358,902.9584,620.00
4.130358,903.0082,648.00
4.130358,903.0580,614.00
4.130358,903.1077,635.00
4.130358,903.1575,635.00
4.130358,903.2072,642.00
4.130358,903.2570,608.00
4.130358,903.3067,651.00
4.130358,903.3564,621.00
4.130358,903.4062,675.00
4.130358,903.4559,619.00
4.130358,903.5056,644.00
4.130358,903.5553,637.00
4.130358,903.6050,626.00
4.130358,903.6547,593.00
4.130358,903.7045,655.00
4.130358,903.7541,578.00
4.130358,903.8038,654.00
4.130358,903.8535,609.00
4.130358,903.9032,642.00
4.130358,903.9528,589.00
4.130358,904.0025,609.00
4.130358,904.0522,595.00
4.130358,904.1019,644.00
4.130358,904.1515,599.00
4.130358,904.2012,680.00
4.130358,904.2507,592.00
4.130358,904.3004,643.00
4.130358,904.3500,588.00
4.130358,904.3997,587.00
4.130358,904.4493,584.00
4.130358,904.4989,628.00
4.130358,904.5485,575.00
4.130358,904.5980,654.00
4.130358,904.6477,557.00
4.130358,904.6973,622.00
4.130358,904.7469,578.00
4.130358,904.7964,645.00
4.130358,904.8460,591.00
4.130358,904.8956,580.00
4.130358,904.9452,561.00
4.130358,904.9947,647.00
4.130358,905.0443,576.00
4.130358,905.0938,635.00
4.130358,905.1434,622.00
4.130358,905.1929,634.00
4.130358,905.2424,633.00
4.130358,905.2919,648.00
4.130358,905.3414,611.00
4.130358,905.3910,599.00
4.130358,905.4406,591.00
4.130358,905.4901,664.00
4.130358,905.5396,568.00
4.130358,905.5890,627.00
4.130358,905.6385,623.00
4.130358,905.6880,645.00
4.130358,905.7375,626.00
4.130358,905.7870,666.00
4.130358,905.8364,567.00
4.130358,905.8859,631.00
4.130358,905.9354,614.00
4.130358,905.9848,681.00
4.130358,906.0342,687.00
4.130358,906.0837,655.00
4.130358,906.1331,603.00
4.130358,906.1826,645.00
4.130358,906.2321,606.00
4.130358,906.2814,689.00
4.130358,906.3309,605.00
4.130358,906.3802,669.00
4.130358,906.4297,618.00
4.130358,906.4791,645.00
4.130358,906.5285,608.00
4.130358,906.5779,596.00
4.130358,906.6273,604.00
4.130358,906.6766,635.00
4.130358,906.7260,600.00
4.130358,906.7754,674.00
4.130358,906.8248,582.00
4.130358,906.8741,662.00
4.130358,906.9235,625.00
4.130358,906.9729,642.00
4.130358,907.0222,607.00
4.130358,907.0715,649.00
4.130358,907.1208,591.00
4.130358,907.1702,666.00
4.130358,907.2195,621.00
4.130358,907.2688,641.00
4.130358,907.3181,606.00
4.130358,907.3674,621.00
4.130358,907.4167,607.00
4.130358,907.4660,620.00
4.130358,907.5153,576.00
4.130358,907.5646,615.00
4.130358,907.6139,594.00
4.130358,907.6631,685.00
4.130358,907.7125,594.00
4.130358,907.7617,640.00
4.130358,907.8110,615.00
4.130358,907.8602,637.00
4.130358,907.9094,586.00
4.130358,907.9587,625.00
4.130358,908.0080,556.00
4.130358,908.0572,659.00
4.130358,908.1064,594.00
4.130358,908.1556,655.00
4.130358,908.2048,638.00
4.130358,908.2541,606.00
4.130358,908.3033,635.00
4.130358,908.3524,613.00
4.130358,908.4017,555.00
4.130358,908.4508,627.00
4.130358,908.5000,597.00
4.130358,908.5493,617.00
4.130358,908.5984,634.00
4.130358,908.6475,631.00
4.130358,908.6967,593.00
4.130358,908.7459,606.00
4.130358,908.7950,578.00
4.130358,908.8442,625.00
4.130358,908.8932,605.00
4.130358,908.9424,632.00
4.130358,908.9916,605.00
4.130358,909.0407,657.00
4.130358,909.0898,646.00
4.130358,909.1389,630.00
4.130358,909.1880,588.00
4.130358,909.2372,644.00
4.130358,909.2863,594.00
4.130358,909.3354,667.00
4.130358,909.3845,579.00
4.130358,909.4335,652.00
4.130358,909.4825,634.00
4.130358,909.5317,615.00
4.130358,909.5807,587.00
4.130358,909.6298,637.00
4.130358,909.6789,554.00
4.130358,909.7280,633.00
4.130358,909.7770,579.00
4.130358,909.8260,635.00
4.130358,909.8751,590.00
4.130358,909.9241,663.00
4.130358,909.9731,608.00
4.130358,910.0222,669.00
4.130358,910.0711,627.00
4.130358,910.1201,647.00
4.130358,910.1691,557.00
4.130358,910.2181,612.00
4.130358,910.2672,614.00
4.130358,910.3162,653.00
4.130358,910.3651,639.00
4.130358,910.4141,640.00
4.130358,910.4631,612.00
4.130358,910.5120,625.00
4.130358,910.5610,594.00
4.130358,910.6099,655.00
4.130358,910.6589,608.00
4.130358,910.7078,652.00
4.130358,910.7568,614.00
4.130358,910.8057,645.00
4.130358,910.8546,641.00
4.130358,910.9036,646.00
4.130358,910.9525,592.00
4.130358,911.0013,663.00
4.130358,911.0503,608.00
4.130358,911.0992,676.00
4.130358,911.1481,603.00
4.130358,911.1970,668.00
4.130358,911.2459,623.00
4.130358,911.2948,620.00
4.130358,911.3436,594.00
4.130358,911.3925,655.00
4.130358,911.4414,616.00
4.130358,911.4902,693.00
4.130358,911.5391,646.00
4.130358,911.5880,625.00
4.130358,911.6368,621.00
4.130358,911.6857,640.00
4.130358,911.7344,586.00
4.130358,911.7833,661.00
4.130358,911.8321,614.00
4.130358,911.8809,654.00
4.130358,911.9297,602.00
4.130358,911.9785,671.00
4.130358,912.0273,634.00
4.130358,912.0762,649.00
4.130358,912.1249,649.00
4.130358,912.1737,643.00
4.130358,912.2225,579.00
4.130358,912.2712,671.00
4.130358,912.3201,628.00
4.130358,912.3688,680.00
4.130358,912.4176,601.00
4.130358,912.4663,647.00
4.130358,912.5150,603.00
4.130358,912.5638,660.00
4.130358,912.6125,602.00
4.130358,912.6613,658.00
4.130358,912.7100,607.00
4.130358,912.7587,645.00
4.130358,912.8074,636.00
4.130358,912.8561,659.00
4.130358,912.9048,641.00
4.130358,912.9535,667.00
4.130358,913.0023,616.00
4.130358,913.0510,658.00
4.130358,913.0996,635.00
4.130358,913.1483,664.00
4.130358,913.1969,629.00
4.130358,913.2456,674.00
4.130358,913.2943,673.00
4.130358,913.3430,677.00
4.130358,913.3916,620.00
4.130358,913.4402,628.00
4.130358,913.4888,621.00
4.130358,913.5375,700.00
4.130358,913.5862,628.00
4.130358,913.6348,670.00
4.130358,913.6834,670.00
4.130358,913.7320,646.00
4.130358,913.7806,652.00
4.130358,913.8292,660.00
4.130358,913.8778,613.00
4.130358,913.9264,663.00
4.130358,913.9750,607.00
4.130358,914.0236,676.00
4.130358,914.0721,620.00
4.130358,914.1207,668.00
4.130358,914.1693,647.00
4.130358,914.2178,703.00
4.130358,914.2664,636.00
4.130358,914.3149,666.00
4.130358,914.3635,626.00
4.130358,914.4120,687.00
4.130358,914.4606,685.00
4.130358,914.5090,714.00
4.130358,914.5576,663.00
4.130358,914.6061,691.00
4.130358,914.6546,655.00
4.130358,914.7031,680.00
4.130358,914.7516,633.00
4.130358,914.8001,709.00
4.130358,914.8486,661.00
4.130358,914.8971,701.00
4.130358,914.9456,672.00
4.130358,914.9941,668.00
4.130358,915.0425,656.00
4.130358,915.0910,670.00
4.130358,915.1395,632.00
4.130358,915.1879,720.00
4.130358,915.2363,636.00
4.130358,915.2849,720.00
4.130358,915.3333,687.00
4.130358,915.3817,694.00
4.130358,915.4301,654.00
4.130358,915.4785,676.00
4.130358,915.5269,608.00
4.130358,915.5754,671.00
4.130358,915.6237,631.00
4.130358,915.6721,701.00
4.130358,915.7205,622.00
4.130358,915.7689,704.00
4.130358,915.8173,653.00
4.130358,915.8657,661.00
4.130358,915.9141,634.00
4.130358,915.9623,671.00
4.130358,916.0107,634.00
4.130358,916.0591,690.00
4.130358,916.1075,626.00
4.130358,916.1558,673.00
4.130358,916.2042,663.00
4.130358,916.2524,683.00
4.130358,916.3008,649.00
4.130358,916.3491,671.00
4.130358,916.3974,612.00
4.130358,916.4457,653.00
4.130358,916.4940,597.00
4.130358,916.5423,660.00
4.130358,916.5907,649.00
4.130358,916.6390,682.00
4.130358,916.6872,660.00
4.130358,916.7355,670.00
4.130358,916.7838,606.00
4.130358,916.8320,692.00
4.130358,916.8803,631.00
4.130358,916.9286,684.00
4.130358,916.9768,593.00
4.130358,917.0250,681.00
4.130358,917.0733,664.00
4.130358,917.1216,643.00
4.130358,917.1698,626.00
4.130358,917.2180,644.00
4.130358,917.2662,614.00
4.130358,917.3145,650.00
4.130358,917.3626,635.00
4.130358,917.4109,679.00
4.130358,917.4590,604.00
4.130358,917.5072,711.00
4.130358,917.5554,633.00
4.130358,917.6036,671.00
4.130358,917.6518,611.00
4.130358,917.7000,700.00
4.130358,917.7481,619.00
4.130358,917.7963,688.00
4.130358,917.8444,619.00
4.130358,917.8926,683.00
4.130358,917.9407,662.00
4.130358,917.9888,673.00
4.130358,918.0369,622.00
4.130358,918.0851,653.00
4.130358,918.1332,631.00
4.130358,918.1813,685.00
4.130358,918.2294,644.00
4.130358,918.2776,687.00
4.130358,918.3257,670.00
4.130358,918.3737,659.00
4.130358,918.4218,644.00
4.130358,918.4699,682.00
4.130358,918.5180,613.00
4.130358,918.5660,675.00
4.130358,918.6142,633.00
4.130358,918.6622,684.00
4.130358,918.7103,643.00
4.130358,918.7583,702.00
4.130358,918.8064,699.00
4.130358,918.8544,652.00
4.130358,918.9025,620.00
4.130358,918.9505,695.00
4.130358,918.9985,613.00
4.130358,919.0464,685.00
4.130358,919.0945,670.00
4.130358,919.1426,712.00
4.130358,919.1905,665.00
4.130358,919.2385,632.00
4.130358,919.2866,630.00
4.130358,919.3345,663.00
4.130358,919.3825,628.00
4.130358,919.4304,696.00
4.130358,919.4785,624.00
4.130358,919.5264,691.00
4.130358,919.5744,645.00
4.130358,919.6224,656.00
4.130358,919.6703,648.00
4.130358,919.7182,630.00
4.130358,919.7661,615.00
4.130358,919.8141,680.00
4.130358,919.8620,644.00
4.130358,919.9100,700.00
4.130358,919.9578,661.00
4.130358,920.0057,707.00
4.130358,920.0536,638.00
4.130358,920.1016,654.00
4.130358,920.1495,622.00
4.130358,920.1973,686.00
4.130358,920.2452,579.00
4.130358,920.2932,681.00
4.130358,920.3410,653.00
4.130358,920.3888,673.00
4.130358,920.4367,667.00
4.130358,920.4846,629.00
4.130358,920.5323,608.00
4.130358,920.5803,608.00
4.130358,920.6281,594.00
4.130358,920.6759,691.00
4.130358,920.7237,624.00
4.130358,920.7715,660.00
4.130358,920.8195,628.00
4.130358,920.8672,651.00
4.130358,920.9150,613.00
4.130358,920.9628,648.00
4.130358,921.0106,606.00
4.130358,921.0584,684.00
4.130358,921.1062,585.00
4.130358,921.1540,672.00
4.130358,921.2017,610.00
4.130358,921.2495,643.00
4.130358,921.2973,642.00
4.130358,921.3450,628.00
4.130358,921.3928,584.00
4.130358,921.4405,649.00
4.130358,921.4882,565.00
4.130358,921.5359,659.00
4.130358,921.5837,666.00
4.130358,921.6315,660.00
4.130358,921.6791,652.00
4.130358,921.7269,636.00
4.130358,921.7746,595.00
4.130358,921.8223,597.00
4.130358,921.8700,608.00
4.130358,921.9177,672.00
4.130358,921.9653,610.00
4.130358,922.0130,667.00
4.130358,922.0607,614.00
4.130358,922.1084,678.00
4.130358,922.1561,642.00
4.130358,922.2037,657.00
4.130358,922.2513,629.00
4.130358,922.2990,693.00
4.130358,922.3467,605.00
4.130358,922.3943,653.00
4.130358,922.4419,624.00
4.130358,922.4895,664.00
4.130358,922.5371,642.00
4.130358,922.5848,660.00
4.130358,922.6324,612.00
4.130358,922.6800,630.00
4.130358,922.7276,580.00
4.130358,922.7752,669.00
4.130358,922.8228,612.00
4.130358,922.8704,678.00
4.130358,922.9179,631.00
4.130358,922.9655,684.00
4.130358,923.0130,612.00
4.130358,923.0607,700.00
4.130358,923.1082,601.00
4.130358,923.1558,699.00
4.130358,923.2032,614.00
4.130358,923.2508,660.00
4.130358,923.2983,640.00
4.130358,923.3459,672.00
4.130358,923.3934,643.00
4.130358,923.4409,639.00
4.130358,923.4884,618.00
4.130358,923.5359,654.00
4.130358,923.5834,604.00
4.130358,923.6309,679.00
4.130358,923.6784,647.00
4.130358,923.7259,659.00
4.130358,923.7734,627.00
4.130358,923.8209,626.00
4.130358,923.8683,585.00
4.130358,923.9158,617.00
4.130358,923.9632,613.00
4.130358,924.0106,687.00
4.130358,924.0581,625.00
4.130358,924.1056,620.00
4.130358,924.1530,642.00
4.130358,924.2004,664.00
4.130358,924.2479,609.00
4.130358,924.2952,626.00
4.130358,924.3427,580.00
4.130358,924.3901,681.00
4.130358,924.4375,596.00
4.130358,924.4849,676.00
4.130358,924.5323,653.00
4.130358,924.5797,642.00
4.130358,924.6270,628.00
4.130358,924.6744,666.00
4.130358,924.7218,622.00
4.130358,924.7692,688.00
4.130358,924.8165,599.00
4.130358,924.8639,678.00
4.130358,924.9112,645.00
4.130358,924.9585,661.00
4.130358,925.0059,672.00
4.130358,925.0532,629.00
4.130358,925.1005,611.00
4.130358,925.1478,654.00
4.130358,925.1952,602.00
4.130358,925.2424,694.00
4.130358,925.2897,634.00
4.130358,925.3370,707.00
4.130358,925.3843,631.00
4.130358,925.4316,655.00
4.130358,925.4789,601.00
4.130358,925.5262,667.00
4.130358,925.5734,607.00
4.130358,925.6207,681.00
4.130358,925.6680,627.00
4.130358,925.7153,676.00
4.130358,925.7625,651.00
4.130358,925.8097,631.00
4.130358,925.8569,646.00
4.130358,925.9042,647.00
4.130358,925.9514,598.00
4.130358,925.9987,669.00
4.130358,926.0458,609.00
4.130358,926.0930,671.00
4.130358,926.1403,621.00
4.130358,926.1874,697.00
4.130358,926.2346,640.00
4.130358,926.2819,658.00
4.130358,926.3290,619.00
4.130358,926.3762,674.00
4.130358,926.4233,598.00
4.130358,926.4705,690.00
4.130358,926.5177,673.00
4.130358,926.5648,711.00
4.130358,926.6120,703.00
4.130358,926.6591,695.00
4.130358,926.7063,639.00
4.130358,926.7534,672.00
4.130358,926.8005,585.00
4.130358,926.8477,691.00
4.130358,926.8947,641.00
4.130358,926.9418,703.00
4.130358,926.9890,674.00
4.130358,927.0361,676.00
4.130358,927.0831,657.00
4.130358,927.1302,694.00
4.130358,927.1773,623.00
4.130358,927.2244,711.00
4.130358,927.2715,652.00
4.130358,927.3185,688.00
4.130358,927.3656,661.00
4.130358,927.4126,725.00
4.130358,927.4597,707.00
4.130358,927.5067,666.00
4.130358,927.5538,628.00
4.130358,927.6008,722.00
4.130358,927.6478,650.00
4.130358,927.6949,725.00
4.130358,927.7419,651.00
4.130358,927.7888,680.00
4.130358,927.8358,689.00
4.130358,927.8829,715.00
4.130358,927.9299,646.00
4.130358,927.9769,709.00
4.130358,928.0239,654.00
4.130358,928.0708,674.00
4.130358,928.1177,641.00
4.130358,928.1648,711.00
4.130358,928.2117,692.00
4.130358,928.2587,693.00
4.130358,928.3056,633.00
4.130358,928.3525,672.00
4.130358,928.3995,629.00
4.130358,928.4465,718.00
4.130358,928.4934,664.00
4.130358,928.5402,696.00
4.130358,928.5872,678.00
4.130358,928.6340,706.00
4.130358,928.6810,655.00
4.130358,928.7279,666.00
4.130358,928.7748,678.00
4.130358,928.8217,673.00
4.130358,928.8685,647.00
4.130358,928.9155,695.00
4.130358,928.9623,617.00
4.130358,929.0092,703.00
4.130358,929.0560,642.00
4.130358,929.1028,671.00
4.130358,929.1498,655.00
4.130358,929.1965,678.00
4.130358,929.2434,649.00
4.130358,929.2902,707.00
4.130358,929.3370,625.00
4.130358,929.3839,659.00
4.130358,929.4307,651.00
4.130358,929.4775,668.00
4.130358,929.5243,619.00
4.130358,929.5710,662.00
4.130358,929.6179,623.00
4.130358,929.6647,693.00
4.130358,929.7115,616.00
4.130358,929.7582,699.00
4.130358,929.8050,635.00
4.130358,929.8517,713.00
4.130358,929.8986,622.00
4.130358,929.9453,638.00
4.130358,929.9921,659.00
4.130358,930.0388,699.00
4.130358,930.0854,634.00
4.130358,930.1323,681.00
4.130358,930.1790,643.00
4.130358,930.2256,703.00
4.130358,930.2724,665.00
4.130358,930.3191,675.00
4.130358,930.3658,616.00
4.130358,930.4125,681.00
4.130358,930.4592,603.00
4.130358,930.5059,706.00
4.130358,930.5526,619.00
4.130358,930.5993,650.00
4.130358,930.6459,684.00
4.130358,930.6926,685.00
4.130358,930.7392,665.00
4.130358,930.7859,663.00
4.130358,930.8325,629.00
4.130358,930.8792,690.00
4.130358,930.9258,650.00
4.130358,930.9725,690.00
4.130358,931.0190,637.00
4.130358,931.0657,682.00
4.130358,931.1123,679.00
4.130358,931.1589,645.00
4.130358,931.2055,631.00
4.130358,931.2521,678.00
4.130358,931.2987,639.00
4.130358,931.3453,671.00
4.130358,931.3919,644.00
4.130358,931.4385,687.00
4.130358,931.4850,667.00
4.130358,931.5316,673.00
4.130358,931.5782,617.00
4.130358,931.6248,630.00
4.130358,931.6713,625.00
4.130358,931.7178,677.00
4.130358,931.7643,628.00
4.130358,931.8109,696.00
4.130358,931.8574,655.00
4.130358,931.9039,668.00
4.130358,931.9504,666.00
4.130358,931.9969,668.00
4.130358,932.0435,640.00
4.130358,932.0900,659.00
4.130358,932.1365,610.00
4.130358,932.1829,679.00
4.130358,932.2294,614.00
4.130358,932.2759,694.00
4.130358,932.3223,649.00
4.130358,932.3688,611.00
4.130358,932.4153,641.00
4.130358,932.4617,703.00
4.130358,932.5082,611.00
4.130358,932.5546,690.00
4.130358,932.6011,637.00
4.130358,932.6475,718.00
4.130358,932.6939,699.00
4.130358,932.7402,695.00
4.130358,932.7867,645.00
4.130358,932.8331,678.00
4.130358,932.8795,597.00
4.130358,932.9259,715.00
4.130358,932.9723,629.00
4.130358,933.0187,708.00
4.130358,933.0651,659.00
4.130358,933.1115,674.00
4.130358,933.1578,657.00
4.130358,933.2042,656.00
4.130358,933.2505,630.00
4.130358,933.2969,675.00
4.130358,933.3433,657.00
4.130358,933.3896,702.00
4.130358,933.4359,660.00
4.130358,933.4822,709.00
4.130358,933.5286,655.00
4.130358,933.5749,668.00
4.130358,933.6212,685.00
4.130358,933.6675,666.00
4.130358,933.7138,638.00
4.130358,933.7601,705.00
4.130358,933.8064,652.00
4.130358,933.8527,674.00
4.130358,933.8989,633.00
4.130358,933.9452,685.00
4.130358,933.9915,664.00
4.130358,934.0378,690.00
4.130358,934.0840,675.00
4.130358,934.1302,716.00
4.130358,934.1765,646.00
4.130358,934.2227,720.00
4.130358,934.2690,707.00
4.130358,934.3152,741.00
4.130358,934.3614,686.00
4.130358,934.4077,679.00
4.130358,934.4539,644.00
4.130358,934.5001,739.00
4.130358,934.5463,642.00
4.130358,934.5925,723.00
4.130358,934.6387,707.00
4.130358,934.6848,718.00
4.130358,934.7310,673.00
4.130358,934.7772,679.00
4.130358,934.8234,645.00
4.130358,934.8695,699.00
4.130358,934.9156,599.00
4.130358,934.9619,694.00
4.130358,935.0080,685.00
4.130358,935.0541,704.00
4.130358,935.1002,689.00
4.130358,935.1464,707.00
4.130358,935.1925,639.00
4.130358,935.2386,696.00
4.130358,935.2847,668.00
4.130358,935.3308,716.00
4.130358,935.3769,665.00
4.130358,935.4230,715.00
4.130358,935.4691,674.00
4.130358,935.5152,714.00
4.130358,935.5613,682.00
4.130358,935.6073,728.00
4.130358,935.6534,651.00
4.130358,935.6995,663.00
4.130358,935.7455,641.00
4.130358,935.7916,703.00
4.130358,935.8376,676.00
4.130358,935.8837,737.00
4.130358,935.9297,667.00
4.130358,935.9757,688.00
4.130358,936.0217,641.00
4.130358,936.0677,652.00
4.130358,936.1137,624.00
4.130358,936.1598,693.00
4.130358,936.2057,640.00
4.130358,936.2518,702.00
4.130358,936.2977,644.00
4.130358,936.3437,684.00
4.130358,936.3896,610.00
4.130358,936.4357,656.00
4.130358,936.4816,601.00
4.130358,936.5275,700.00
4.130358,936.5735,610.00
4.130358,936.6194,685.00
4.130358,936.6654,678.00
4.130358,936.7114,650.00
4.130358,936.7573,626.00
4.130358,936.8032,651.00
4.130358,936.8491,588.00
4.130358,936.8950,667.00
4.130358,936.9409,591.00
4.130358,936.9868,703.00
4.130358,937.0327,607.00
4.130358,937.0786,668.00
4.130358,937.1245,659.00
4.130358,937.1704,651.00
4.130358,937.2162,611.00
4.130358,937.2621,657.00
4.130358,937.3080,594.00
4.130358,937.3539,667.00
4.130358,937.3997,619.00
4.130358,937.4455,687.00
4.130358,937.4913,634.00
4.130358,937.5372,669.00
4.130358,937.5831,613.00
4.130358,937.6289,647.00
4.130358,937.6747,593.00
4.130358,937.7205,671.00
4.130358,937.7663,604.00
4.130358,937.8121,678.00
4.130358,937.8579,601.00
4.130358,937.9037,638.00
4.130358,937.9495,639.00
4.130358,937.9952,676.00
4.130358,938.0410,623.00
4.130358,938.0868,656.00
4.130358,938.1325,595.00
4.130358,938.1783,675.00
4.130358,938.2240,628.00
4.130358,938.2698,657.00
4.130358,938.3155,618.00
4.130358,938.3613,643.00
4.130358,938.4069,657.00
4.130358,938.4527,662.00
4.130358,938.4984,610.00
4.130358,938.5441,721.00
4.130358,938.5898,637.00
4.130358,938.6356,682.00
4.130358,938.6812,619.00
4.130358,938.7269,669.00
4.130358,938.7726,640.00
4.130358,938.8182,660.00
4.130358,938.8640,633.00
4.130358,938.9096,693.00
4.130358,938.9552,614.00
4.130358,939.0010,646.00
4.130358,939.0466,674.00
4.130358,939.0922,672.00
4.130358,939.1378,676.00
4.130358,939.1835,675.00
4.130358,939.2291,595.00
4.130358,939.2747,669.00
4.130358,939.3203,622.00
4.130358,939.3659,712.00
4.130358,939.4115,647.00
4.130358,939.4570,695.00
4.130358,939.5027,694.00
4.130358,939.5483,675.00
4.130358,939.5939,616.00
4.130358,939.6395,691.00
4.130358,939.6851,617.00
4.130358,939.7306,723.00
4.130358,939.7761,649.00
4.130358,939.8217,688.00
4.130358,939.8672,643.00
4.130358,939.9127,666.00
4.130358,939.9583,617.00
4.130358,940.0038,676.00
4.130358,940.0493,636.00
4.130358,940.0948,721.00
4.130358,940.1403,645.00
4.130358,940.1859,762.00
4.130358,940.2314,664.00
4.130358,940.2769,698.00
4.130358,940.3223,638.00
4.130358,940.3678,700.00
4.130358,940.4133,653.00
4.130358,940.4588,682.00
4.130358,940.5042,653.00
4.130358,940.5497,711.00
4.130358,940.5952,652.00
4.130358,940.6406,702.00
4.130358,940.6860,693.00
4.130358,940.7315,692.00
4.130358,940.7769,665.00
4.130358,940.8223,706.00
4.130358,940.8677,671.00
4.130358,940.9132,700.00
4.130358,940.9586,654.00
4.130358,941.0040,728.00
4.130358,941.0494,693.00
4.130358,941.0948,683.00
4.130358,941.1402,682.00
4.130358,941.1855,685.00
4.130358,941.2310,618.00
4.130358,941.2762,724.00
4.130358,941.3216,631.00
4.130358,941.3670,723.00
4.130358,941.4124,652.00
4.130358,941.4577,667.00
4.130358,941.5031,658.00
4.130358,941.5483,681.00
4.130358,941.5937,649.00
4.130358,941.6390,688.00
4.130358,941.6843,657.00
4.130358,941.7296,683.00
4.130358,941.7749,652.00
4.130358,941.8203,684.00
4.130358,941.8655,660.00
4.130358,941.9108,666.00
4.130358,941.9561,647.00
4.130358,942.0013,688.00
4.130358,942.0467,650.00
4.130358,942.0920,678.00
4.130358,942.1372,673.00
4.130358,942.1824,703.00
4.130358,942.2277,658.00
4.130358,942.2729,705.00
4.130358,942.3182,661.00
4.130358,942.3634,710.00
4.130358,942.4086,639.00
4.130358,942.4539,659.00
4.130358,942.4990,634.00
4.130358,942.5443,714.00
4.130358,942.5895,645.00
4.130358,942.6347,717.00
4.130358,942.6798,647.00
4.130358,942.7250,677.00
4.130358,942.7702,671.00
4.130358,942.8154,686.00
4.130358,942.8606,604.00
4.130358,942.9058,677.00
4.130358,942.9508,652.00
4.130358,942.9960,711.00
4.130358,943.0412,651.00
4.130358,943.0864,670.00
4.130358,943.1314,618.00
4.130358,943.1766,682.00
4.130358,943.2217,679.00
4.130358,943.2668,719.00
4.130358,943.3120,649.00
4.130358,943.3571,707.00
4.130358,943.4021,653.00
4.130358,943.4473,713.00
4.130358,943.4923,683.00
4.130358,943.5374,662.00
4.130358,943.5825,669.00
4.130358,943.6276,708.00
4.130358,943.6725,642.00
4.130358,943.7177,679.00
4.130358,943.7627,689.00
4.130358,943.8078,654.00
4.130358,943.8528,686.00
4.130358,943.8978,677.00
4.130358,943.9429,649.00
4.130358,943.9879,716.00
4.130358,944.0330,657.00
4.130358,944.0779,705.00
4.130358,944.1229,646.00
4.130358,944.1679,710.00
4.130358,944.2130,674.00
4.130358,944.2579,710.00
4.130358,944.3029,712.00
4.130358,944.3478,659.00
4.130358,944.3929,617.00
4.130358,944.4379,711.00
4.130358,944.4828,675.00
4.130358,944.5277,724.00
4.130358,944.5727,667.00
4.130358,944.6176,688.00
4.130358,944.6626,651.00
4.130358,944.7076,689.00
4.130358,944.7524,662.00
4.130358,944.7974,687.00
4.130358,944.8423,622.00
4.130358,944.8872,683.00
4.130358,944.9321,688.00
4.130358,944.9770,693.00
4.130358,945.0219,683.00
4.130358,945.0667,707.00
4.130358,945.1116,637.00
4.130358,945.1566,644.00
4.130358,945.2014,632.00
4.130358,945.2463,727.00
4.130358,945.2911,637.00
4.130358,945.3360,726.00
4.130358,945.3808,688.00
4.130358,945.4257,680.00
4.130358,945.4705,671.00
4.130358,945.5153,686.00
4.130358,945.5601,623.00
4.130358,945.6050,732.00
4.130358,945.6498,652.00
4.130358,945.6946,641.00
4.130358,945.7394,685.00
4.130358,945.7842,691.00
4.130358,945.8290,640.00
4.130358,945.8738,706.00
4.130358,945.9186,660.00
4.130358,945.9633,704.00
4.130358,946.0081,635.00
4.130358,946.0529,700.00
4.130358,946.0976,667.00
4.130358,946.1423,676.00
4.130358,946.1871,660.00
4.130358,946.2318,701.00
4.130358,946.2766,598.00
4.130358,946.3213,701.00
4.130358,946.3660,620.00
4.130358,946.4107,690.00
4.130358,946.4554,666.00
4.130358,946.5001,713.00
4.130358,946.5449,656.00
4.130358,946.5895,648.00
4.130358,946.6342,629.00
4.130358,946.6789,673.00
4.130358,946.7236,622.00
4.130358,946.7682,656.00
4.130358,946.8129,638.00
4.130358,946.8575,732.00
4.130358,946.9022,640.00
4.130358,946.9468,715.00
4.130358,946.9915,658.00
4.130358,947.0361,699.00
4.130358,947.0807,644.00
4.130358,947.1253,664.00
4.130358,947.1700,595.00
4.130358,947.2146,701.00
4.130358,947.2592,653.00
4.130358,947.3038,702.00
4.130358,947.3483,678.00
4.130358,947.3929,699.00
4.130358,947.4376,624.00
4.130358,947.4821,674.00
4.130358,947.5267,617.00
4.130358,947.5712,725.00
4.130358,947.6158,655.00
4.130358,947.6604,674.00
4.130358,947.7050,657.00
4.130358,947.7495,650.00
4.130358,947.7939,652.00
4.130358,947.8385,677.00
4.130358,947.8831,603.00
4.130358,947.9276,674.00
4.130358,947.9720,625.00
4.130358,948.0166,652.00
4.130358,948.0611,616.00
4.130358,948.1056,657.00
4.130358,948.1501,627.00
4.130358,948.1945,682.00
4.130358,948.2390,646.00
4.130358,948.2835,682.00
4.130358,948.3279,588.00
4.130358,948.3724,661.00
4.130358,948.4169,641.00
4.130358,948.4613,671.00
4.130358,948.5057,609.00
4.130358,948.5502,634.00
4.130358,948.5947,606.00
4.130358,948.6391,708.00
4.130358,948.6835,627.00
4.130358,948.7279,686.00
4.130358,948.7723,653.00
4.130358,948.8167,695.00
4.130358,948.8611,626.00
4.130358,948.9055,633.00
4.130358,948.9498,639.00
4.130358,948.9943,644.00
4.130358,949.0387,637.00
4.130358,949.0830,683.00
4.130358,949.1273,648.00
4.130358,949.1718,677.00
4.130358,949.2161,652.00
4.130358,949.2604,654.00
4.130358,949.3047,605.00
4.130358,949.3491,644.00
4.130358,949.3934,608.00
4.130358,949.4377,664.00
4.130358,949.4821,587.00
4.130358,949.5264,676.00
4.130358,949.5707,646.00
4.130358,949.6150,666.00
4.130358,949.6592,638.00
4.130358,949.7036,655.00
4.130358,949.7479,610.00
4.130358,949.7921,675.00
4.130358,949.8363,615.00
4.130358,949.8806,695.00
4.130358,949.9249,655.00
4.130358,949.9692,673.00
4.130358,950.0134,631.00
4.130358,950.0576,679.00
4.130358,950.1019,643.00
4.130358,950.1461,699.00
4.130358,950.1903,624.00
4.130358,950.2346,685.00
4.130358,950.2787,647.00
4.130358,950.3229,691.00
4.130358,950.3671,637.00
4.130358,950.4114,670.00
4.130358,950.4555,648.00
4.130358,950.4997,663.00
4.130358,950.5439,645.00
4.130358,950.5880,702.00
4.130358,950.6322,593.00
4.130358,950.6763,646.00
4.130358,950.7205,647.00
4.130358,950.7646,670.00
4.130358,950.8088,647.00
4.130358,950.8530,674.00
4.130358,950.8971,655.00
4.130358,950.9412,661.00
4.130358,950.9853,591.00
4.130358,951.0294,707.00
4.130358,951.0735,629.00
4.130358,951.1177,675.00
4.130358,951.1617,664.00
4.130358,951.2057,669.00
4.130358,951.2499,639.00
4.130358,951.2939,668.00
4.130358,951.3380,651.00
4.130358,951.3821,690.00
4.130358,951.4261,648.00
4.130358,951.4702,713.00
4.130358,951.5142,648.00
4.130358,951.5582,661.00
4.130358,951.6024,629.00
4.130358,951.6464,692.00
4.130358,951.6904,654.00
4.130358,951.7344,704.00
4.130358,951.7784,602.00
4.130358,951.8224,690.00
4.130358,951.8665,646.00
4.130358,951.9104,685.00
4.130358,951.9544,646.00
4.130358,951.9984,627.00
4.130358,952.0424,651.00
4.130358,952.0864,679.00
4.130358,952.1303,620.00
4.130358,952.1743,679.00
4.130358,952.2183,663.00
4.130358,952.2621,687.00
4.130358,952.3061,665.00
4.130358,952.3500,690.00
4.130358,952.3940,631.00
4.130358,952.4379,677.00
4.130358,952.4818,613.00
4.130358,952.5258,702.00
4.130358,952.5696,663.00
4.130358,952.6136,727.00
4.130358,952.6574,628.00
4.130358,952.7014,686.00
4.130358,952.7452,621.00
4.130358,952.7891,663.00
4.130358,952.8330,613.00
4.130358,952.8768,688.00
4.130358,952.9207,639.00
4.130358,952.9645,742.00
4.130358,953.0084,641.00
4.130358,953.0522,690.00
4.130358,953.0961,680.00
4.130358,953.1400,647.00
4.130358,953.1838,635.00
4.130358,953.2275,632.00
4.130358,953.2714,633.00
4.130358,953.3152,730.00
4.130358,953.3589,663.00
4.130358,953.4028,699.00
4.130358,953.4466,644.00
4.130358,953.4904,662.00
4.130358,953.5341,637.00
4.130358,953.5779,673.00
4.130358,953.6217,617.00
4.130358,953.6654,666.00
4.130358,953.7092,605.00
4.130358,953.7529,676.00
4.130358,953.7967,604.00
4.130358,953.8405,666.00
4.130358,953.8842,615.00
4.130358,953.9279,624.00
4.130358,953.9716,610.00
4.130358,954.0153,626.00
4.130358,954.0590,601.00
4.130358,954.1027,641.00
4.130358,954.1464,642.00
4.130358,954.1901,663.00
4.130358,954.2338,629.00
4.130358,954.2774,654.00
4.130358,954.3212,616.00
4.130358,954.3648,657.00
4.130358,954.4084,617.00
4.130358,954.4521,650.00
4.130358,954.4958,621.00
4.130358,954.5394,654.00
4.130358,954.5831,652.00
4.130358,954.6267,632.00
4.130358,954.6703,647.00
4.130358,954.7139,642.00
4.130358,954.7576,609.00
4.130358,954.8012,656.00
4.130358,954.8448,628.00
4.130358,954.8884,675.00
4.130358,954.9319,615.00
4.130358,954.9755,646.00
4.130358,955.0191,622.00
4.130358,955.0627,616.00
4.130358,955.1063,579.00
4.130358,955.1498,637.00
4.130358,955.1934,587.00
4.130358,955.2369,631.00
4.130358,955.2805,604.00
4.130358,955.3240,667.00
4.130358,955.3675,636.00
4.130358,955.4111,645.00
4.130358,955.4546,607.00
4.130358,955.4981,668.00
4.130358,955.5416,613.00
4.130358,955.5851,678.00
4.130358,955.6285,618.00
4.130358,955.6722,653.00
4.130358,955.7156,642.00
4.130358,955.7590,640.00
4.130358,955.8025,629.00
4.130358,955.8460,661.00
4.130358,955.8895,568.00
4.130358,955.9329,665.00
4.130358,955.9764,630.00
4.130358,956.0198,672.00
4.130358,956.0632,638.00
4.130358,956.1067,712.00
4.130358,956.1501,636.00
4.130358,956.1935,631.00
4.130358,956.2369,610.00
4.130358,956.2803,639.00
4.130358,956.3238,616.00
4.130358,956.3671,666.00
4.130358,956.4105,619.00
4.130358,956.4539,667.00
4.130358,956.4973,623.00
4.130358,956.5406,626.00
4.130358,956.5841,653.00
4.130358,956.6274,631.00
4.130358,956.6707,567.00
4.130358,956.7141,677.00
4.130358,956.7575,639.00
4.130358,956.8008,676.00
4.130358,956.8442,615.00
4.130358,956.8875,667.00
4.130358,956.9308,648.00
4.130358,956.9741,663.00
4.130358,957.0174,644.00
4.130358,957.0607,677.00
4.130358,957.1040,599.00
4.130358,957.1473,698.00
4.130358,957.1906,609.00
4.130358,957.2339,680.00
4.130358,957.2772,636.00
4.130358,957.3204,683.00
4.130358,957.3636,595.00
4.130358,957.4069,664.00
4.130358,957.4502,606.00
4.130358,957.4934,682.00
4.130358,957.5366,641.00
4.130358,957.5799,655.00
4.130358,957.6230,642.00
4.130358,957.6664,687.00
4.130358,957.7095,643.00
4.130358,957.7527,692.00
4.130358,957.7959,617.00
4.130358,957.8392,687.00
4.130358,957.8823,635.00
4.130358,957.9255,719.00
4.130358,957.9687,652.00
4.130358,958.0118,646.00
4.130358,958.0551,631.00
4.130358,958.0983,693.00
4.130358,958.1414,619.00
4.130358,958.1845,692.00
4.130358,958.2277,633.00
4.130358,958.2708,697.00
4.130358,958.3139,636.00
4.130358,958.3571,655.00
4.130358,958.4001,646.00
4.130358,958.4432,670.00
4.130358,958.4864,658.00
4.130358,958.5295,694.00
4.130358,958.5726,639.00
4.130358,958.6157,669.00
4.130358,958.6588,631.00
4.130358,958.7018,697.00
4.130358,958.7449,645.00
4.130358,958.7879,703.00
4.130358,958.8311,632.00
4.130358,958.8741,677.00
4.130358,958.9171,588.00
4.130358,958.9601,694.00
4.130358,959.0032,639.00
4.130358,959.0463,702.00
4.130358,959.0893,662.00
4.130358,959.1323,660.00
4.130358,959.1752,675.00
4.130358,959.2183,689.00
4.130358,959.2613,631.00
4.130358,959.3043,677.00
4.130358,959.3472,616.00
4.130358,959.3903,669.00
4.130358,959.4332,618.00
4.130358,959.4763,679.00
4.130358,959.5192,626.00
4.130358,959.5621,648.00
4.130358,959.6051,630.00
4.130358,959.6480,681.00
4.130358,959.6910,579.00
4.130358,959.7339,659.00
4.130358,959.7768,618.00
4.130358,959.8198,643.00
4.130358,959.8627,624.00
4.130358,959.9056,637.00
4.130358,959.9485,649.00
4.130358,959.9915,617.00
4.130358,960.0343,587.00
4.130358,960.0771,692.00
4.130358,960.1201,578.00
4.130358,960.1630,672.00
4.130358,960.2058,640.00
4.130358,960.2487,637.00
4.130358,960.2915,634.00
4.130358,960.3344,617.00
4.130358,960.3773,560.00
4.130358,960.4200,656.00
4.130358,960.4629,568.00
4.130358,960.5057,649.00
4.130358,960.5485,614.00
4.130358,960.5914,632.00
4.130358,960.6342,632.00
4.130358,960.6770,614.00
4.130358,960.7198,608.00
4.130358,960.7626,619.00
4.130358,960.8054,596.00
4.130358,960.8481,664.00
4.130358,960.8909,601.00
4.130358,960.9337,674.00
4.130358,960.9764,629.00
4.130358,961.0192,622.00
4.130358,961.0620,620.00
4.130358,961.1047,592.00
4.130358,961.1475,607.00
4.130358,961.1902,632.00
4.130358,961.2329,593.00
4.130358,961.2757,662.00
4.130358,961.3184,658.00
4.130358,961.3611,613.00
4.130358,961.4037,594.00
4.130358,961.4465,646.00
4.130358,961.4892,589.00
4.130358,961.5319,659.00
4.130358,961.5745,570.00
4.130358,961.6172,687.00
4.130358,961.6599,615.00
4.130358,961.7026,672.00
4.130358,961.7452,629.00
4.130358,961.7878,615.00
4.130358,961.8304,613.00
4.130358,961.8731,665.00
4.130358,961.9157,614.00
4.130358,961.9584,628.00
4.130358,962.0010,633.00
4.130358,962.0436,670.00
4.130358,962.0862,626.00
4.130358,962.1288,667.00
4.130358,962.1714,606.00
4.130358,962.2140,646.00
4.130358,962.2565,569.00
4.130358,962.2991,655.00
4.130358,962.3417,591.00
4.130358,962.3843,647.00
4.130358,962.4268,659.00
4.130358,962.4694,630.00
4.130358,962.5119,647.00
4.130358,962.5545,689.00
4.130358,962.5970,603.00
4.130358,962.6396,697.00
4.130358,962.6821,593.00
4.130358,962.7246,691.00
4.130358,962.7671,618.00
4.130358,962.8096,663.00
4.130358,962.8522,618.00
4.130358,962.8947,622.00
4.130358,962.9371,583.00
4.130358,962.9796,647.00
4.130358,963.0222,625.00
4.130358,963.0646,661.00
4.130358,963.1070,603.00
4.130358,963.1495,639.00
4.130358,963.1919,605.00
4.130358,963.2344,630.00
4.130358,963.2768,622.00
4.130358,963.3193,669.00
4.130358,963.3616,607.00
4.130358,963.4041,702.00
4.130358,963.4465,631.00
4.130358,963.4889,657.00
4.130358,963.5314,630.00
4.130358,963.5737,649.00
4.130358,963.6161,623.00
4.130358,963.6585,627.00
4.130358,963.7009,572.00
4.130358,963.7433,645.00
4.130358,963.7856,614.00
4.130358,963.8280,663.00
4.130358,963.8704,595.00
4.130358,963.9127,658.00
4.130358,963.9551,612.00
4.130358,963.9974,629.00
4.130358,964.0397,623.00
4.130358,964.0820,657.00
4.130358,964.1244,599.00
4.130358,964.1667,670.00
4.130358,964.2090,630.00
4.130358,964.2513,667.00
4.130358,964.2936,610.00
4.130358,964.3359,667.00
4.130358,964.3782,597.00
4.130358,964.4205,645.00
4.130358,964.4627,591.00
4.130358,964.5050,653.00
4.130358,964.5472,605.00
4.130358,964.5895,654.00
4.130358,964.6317,614.00
4.130358,964.6740,649.00
4.130358,964.7162,642.00
4.130358,964.7585,628.00
4.130358,964.8007,569.00
4.130358,964.8429,643.00
4.130358,964.8851,584.00
4.130358,964.9273,669.00
4.130358,964.9695,578.00
4.130358,965.0118,614.00
4.130358,965.0539,609.00
4.130358,965.0961,638.00
4.130358,965.1382,636.00
4.130358,965.1805,647.00
4.130358,965.2226,603.00
4.130358,965.2648,670.00
4.130358,965.3069,605.00
4.130358,965.3491,652.00
4.130358,965.3912,619.00
4.130358,965.4333,659.00
4.130358,965.4755,603.00
4.130358,965.5176,638.00
4.130358,965.5598,604.00
4.130358,965.6019,679.00
4.130358,965.6439,599.00
4.130358,965.6861,641.00
4.130358,965.7281,603.00
4.130358,965.7702,610.00
4.130358,965.8123,583.00
4.130358,965.8543,611.00
4.130358,965.8964,582.00
4.130358,965.9385,637.00
4.130358,965.9806,583.00
4.130358,966.0226,655.00
4.130358,966.0647,581.00
4.130358,966.1068,601.00
4.130358,966.1487,622.00
4.130358,966.1907,613.00
4.130358,966.2328,593.00
4.130358,966.2748,612.00
4.130358,966.3168,590.00
4.130358,966.3588,593.00
4.130358,966.4008,584.00
4.130358,966.4427,622.00
4.130358,966.4848,604.00
4.130358,966.5268,627.00
4.130358,966.5688,610.00
4.130358,966.6107,646.00
4.130358,966.6526,591.00
4.130358,966.6946,642.00
4.130358,966.7366,569.00
4.130358,966.7785,643.00
4.130358,966.8204,615.00
4.130358,966.8624,625.00
4.130358,966.9042,655.00
4.130358,966.9462,658.00
4.130358,966.9881,575.00
4.130358,967.0300,669.00
4.130358,967.0719,554.00
4.130358,967.1138,639.00
4.130358,967.1556,611.00
4.130358,967.1976,657.00
4.130358,967.2394,612.00
4.130358,967.2813,635.00
4.130358,967.3232,587.00
4.130358,967.3651,655.00
4.130358,967.4070,566.00
4.130358,967.4488,644.00
4.130358,967.4906,599.00
4.130358,967.5324,681.00
4.130358,967.5743,635.00
4.130358,967.6161,651.00
4.130358,967.6579,620.00
4.130358,967.6997,659.00
4.130358,967.7415,594.00
4.130358,967.7833,671.00
4.130358,967.8251,603.00
4.130358,967.8669,690.00
4.130358,967.9087,637.00
4.130358,967.9504,645.00
4.130358,967.9922,619.00
4.130358,968.0339,623.00
4.130358,968.0757,609.00
4.130358,968.1174,660.00
4.130358,968.1592,604.00
4.130358,968.2009,651.00
4.130358,968.2427,601.00
4.130358,968.2844,624.00
4.130358,968.3262,658.00
4.130358,968.3679,636.00
4.130358,968.4095,603.00
4.130358,968.4512,644.00
4.130358,968.4930,588.00
4.130358,968.5347,683.00
4.130358,968.5763,642.00
4.130358,968.6180,655.00
4.130358,968.6597,602.00
4.130358,968.7014,692.00
4.130358,968.7430,587.00
4.130358,968.7846,643.00
4.130358,968.8263,573.00
4.130358,968.8679,653.00
4.130358,968.9095,602.00
4.130358,968.9512,689.00
4.130358,968.9928,639.00
4.130358,969.0344,636.00
4.130358,969.0761,608.00
4.130358,969.1177,633.00
4.130358,969.1592,602.00
4.130358,969.2009,643.00
4.130358,969.2424,586.00
4.130358,969.2839,670.00
4.130358,969.3255,608.00
4.130358,969.3672,645.00
4.130358,969.4087,599.00
4.130358,969.4503,659.00
4.130358,969.4918,545.00
4.130358,969.5333,612.00
4.130358,969.5749,554.00
4.130358,969.6165,637.00
4.130358,969.6580,607.00
4.130358,969.6995,662.00
4.130358,969.7410,618.00
4.130358,969.7825,641.00
4.130358,969.8240,614.00
4.130358,969.8655,603.00
4.130358,969.9070,601.00
4.130358,969.9484,661.00
4.130358,969.9899,606.00
4.130358,970.0314,629.00
4.130358,970.0728,625.00
4.130358,970.1143,636.00
4.130358,970.1558,632.00
4.130358,970.1971,635.00
4.130358,970.2386,560.00
4.130358,970.2801,616.00
4.130358,970.3215,558.00
4.130358,970.3629,648.00
4.130358,970.4044,571.00
4.130358,970.4457,656.00
4.130358,970.4872,614.00
4.130358,970.5286,619.00
4.130358,970.5699,592.00
4.130358,970.6113,599.00
4.130358,970.6527,596.00
4.130358,970.6941,629.00
4.130358,970.7354,583.00
4.130358,970.7768,618.00
4.130358,970.8182,607.00
4.130358,970.8595,660.00
4.130358,970.9009,610.00
4.130358,970.9422,607.00
4.130358,970.9835,579.00
4.130358,971.0248,629.00
4.130358,971.0662,546.00
4.130358,971.1075,629.00
4.130358,971.1487,595.00
4.130358,971.1901,623.00
4.130358,971.2314,586.00
4.130358,971.2727,619.00
4.130358,971.3140,572.00
4.130358,971.3552,621.00
4.130358,971.3965,557.00
4.130358,971.4377,643.00
4.130358,971.4789,611.00
4.130358,971.5203,594.00
4.130358,971.5615,612.00
4.130358,971.6027,630.00
4.130358,971.6439,567.00
4.130358,971.6852,577.00
4.130358,971.7264,585.00
4.130358,971.7676,624.00
4.130358,971.8088,575.00
4.130358,971.8500,615.00
4.130358,971.8912,588.00
4.130358,971.9324,636.00
4.130358,971.9736,638.00
4.130358,972.0148,609.00
4.130358,972.0560,601.00
4.130358,972.0972,634.00
4.130358,972.1384,584.00
4.130358,972.1794,631.00
4.130358,972.2206,592.00
4.130358,972.2617,604.00
4.130358,972.3029,597.00
4.130358,972.3439,584.00
4.130358,972.3851,569.00
4.130358,972.4262,560.00
4.130358,972.4673,508.00
4.130358,972.5085,618.00
4.130358,972.5496,570.00
4.130358,972.5907,618.00
4.130358,972.6317,572.00
4.130358,972.6729,584.00
4.130358,972.7139,553.00
4.130358,972.7549,605.00
4.130358,972.7961,547.00
4.130358,972.8371,600.00
4.130358,972.8781,538.00
4.130358,972.9191,638.00
4.130358,972.9602,582.00
4.130358,973.0013,615.00
4.130358,973.0423,558.00
4.130358,973.0833,589.00
4.130358,973.1243,529.00
4.130358,973.1653,603.00
4.130358,973.2064,537.00
4.130358,973.2473,627.00
4.130358,973.2883,578.00
4.130358,973.3293,602.00
4.130358,973.3703,563.00
4.130358,973.4113,604.00
4.130358,973.4522,569.00
4.130358,973.4931,613.00
4.130358,973.5341,549.00
4.130358,973.5750,657.00
4.130358,973.6160,584.00
4.130358,973.6570,642.00
4.130358,973.6978,604.00
4.130358,973.7388,594.00
4.130358,973.7797,572.00
4.130358,973.8206,594.00
4.130358,973.8615,557.00
4.130358,973.9024,614.00
4.130358,973.9433,571.00
4.130358,973.9842,644.00
4.130358,974.0250,585.00
4.130358,974.0660,630.00
4.130358,974.1068,615.00
4.130358,974.1476,625.00
4.130358,974.1885,578.00
4.130358,974.2294,624.00
4.130358,974.2702,579.00
4.130358,974.3110,641.00
4.130358,974.3519,604.00
4.130358,974.3927,657.00
4.130358,974.4335,610.00
4.130358,974.4743,623.00
4.130358,974.5151,582.00
4.130358,974.5559,632.00
4.130358,974.5967,562.00
4.130358,974.6375,665.00
4.130358,974.6783,573.00
4.130358,974.7191,673.00
4.130358,974.7598,620.00
4.130358,974.8006,661.00
4.130358,974.8413,638.00
4.130358,974.8821,626.00
4.130358,974.9229,616.00
4.130358,974.9636,666.00
4.130358,975.0043,632.00
4.130358,975.0450,659.00
4.130358,975.0858,607.00
4.130358,975.1265,656.00
4.130358,975.1672,641.00
4.130358,975.2079,640.00
4.130358,975.2485,603.00
4.130358,975.2892,645.00
4.130358,975.3300,612.00
4.130358,975.3706,660.00
4.130358,975.4113,640.00
4.130358,975.4519,697.00
4.130358,975.4926,626.00
4.130358,975.5333,656.00
4.130358,975.5739,618.00
4.130358,975.6146,652.00
4.130358,975.6552,574.00
4.130358,975.6958,651.00
4.130358,975.7363,572.00
4.130358,975.7770,641.00
4.130358,975.8176,622.00
4.130358,975.8582,647.00
4.130358,975.8989,637.00
4.130358,975.9395,632.00
4.130358,975.9800,634.00
4.130358,976.0206,651.00
4.130358,976.0611,593.00
4.130358,976.1017,656.00
4.130358,976.1423,624.00
4.130358,976.1829,651.00
4.130358,976.2234,623.00
4.130358,976.2639,640.00
4.130358,976.3044,610.00
4.130358,976.3450,638.00
4.130358,976.3855,597.00
4.130358,976.4260,651.00
4.130358,976.4665,644.00
4.130358,976.5070,661.00
4.130358,976.5475,641.00
4.130358,976.5880,634.00
4.130358,976.6285,599.00
4.130358,976.6690,664.00
4.130358,976.7095,562.00
4.130358,976.7500,680.00
4.130358,976.7905,615.00
4.130358,976.8308,665.00
4.130358,976.8713,670.00
4.130358,976.9117,617.00
4.130358,976.9521,610.00
4.130358,976.9926,649.00
4.130358,977.0330,596.00
4.130358,977.0734,649.00
4.130358,977.1139,620.00
4.130358,977.1542,643.00
4.130358,977.1947,586.00
4.130358,977.2350,642.00
4.130358,977.2755,610.00
4.130358,977.3158,614.00
4.130358,977.3562,589.00
4.130358,977.3965,639.00
4.130358,977.4370,565.00
4.130358,977.4773,665.00
4.130358,977.5176,577.00
4.130358,977.5579,610.00
4.130358,977.5983,563.00
4.130358,977.6387,644.00
4.130358,977.6790,564.00
4.130358,977.7192,604.00
4.130358,977.7595,561.00
4.130358,977.7999,629.00
4.130358,977.8402,568.00
4.130358,977.8805,592.00
4.130358,977.9208,558.00
4.130358,977.9610,564.00
4.130358,978.0013,582.00
4.130358,978.0417,592.00
4.130358,978.0819,536.00
4.130358,978.1221,617.00
4.130358,978.1624,546.00
4.130358,978.2026,579.00
4.130358,978.2428,548.00
4.130358,978.2831,594.00
4.130358,978.3233,600.00
4.130358,978.3635,571.00
4.130358,978.4037,545.00
4.130358,978.4440,584.00
4.130358,978.4842,541.00
4.130358,978.5244,586.00
4.130358,978.5645,569.00
4.130358,978.6047,596.00
4.130358,978.6449,554.00
4.130358,978.6851,606.00
4.130358,978.7253,543.00
4.130358,978.7654,574.00
4.130358,978.8055,556.00
4.130358,978.8458,607.00
4.130358,978.8859,561.00
4.130358,978.9260,605.00
4.130358,978.9661,579.00
4.130358,979.0062,584.00
4.130358,979.0463,549.00
4.130358,979.0864,564.00
4.130358,979.1266,522.00
4.130358,979.1666,623.00
4.130358,979.2067,536.00
4.130358,979.2469,580.00
4.130358,979.2869,560.00
4.130358,979.3270,603.00
4.130358,979.3671,581.00
4.130358,979.4071,560.00
4.130358,979.4471,550.00
4.130358,979.4871,618.00
4.130358,979.5272,531.00
4.130358,979.5673,620.00
4.130358,979.6072,572.00
4.130358,979.6473,607.00
4.130358,979.6873,577.00
4.130358,979.7273,595.00
4.130358,979.7673,548.00
4.130358,979.8073,594.00
4.130358,979.8473,527.00
4.130358,979.8873,602.00
4.130358,979.9273,551.00
4.130358,979.9673,596.00
4.130358,980.0072,581.00
4.130358,980.0471,573.00
4.130358,980.0872,567.00
4.130358,980.1271,589.00
4.130358,980.1671,524.00
4.130358,980.2069,584.00
4.130358,980.2469,554.00
4.130358,980.2868,599.00
4.130358,980.3267,566.00
4.130358,980.3666,616.00
4.130358,980.4065,616.00
4.130358,980.4464,601.00
4.130358,980.4863,577.00
4.130358,980.5262,607.00
4.130358,980.5660,550.00
4.130358,980.6060,624.00
4.130358,980.6458,548.00
4.130358,980.6857,612.00
4.130358,980.7255,591.00
4.130358,980.7654,581.00
4.130358,980.8052,542.00
4.130358,980.8450,588.00
4.130358,980.8849,552.00
4.130358,980.9247,577.00
4.130358,980.9645,576.00
4.130358,981.0043,599.00
4.130358,981.0441,602.00
4.130358,981.0839,592.00
4.130358,981.1237,592.00
4.130358,981.1635,596.00
4.130358,981.2033,517.00
4.130358,981.2430,621.00
4.130358,981.2828,504.00
4.130358,981.3226,620.00
4.130358,981.3624,534.00
4.130358,981.4021,632.00
4.130358,981.4418,592.00
4.130358,981.4816,598.00
4.130358,981.5213,544.00
4.130358,981.5610,613.00
4.130358,981.6008,552.00
4.130358,981.6404,606.00
4.130358,981.6802,561.00
4.130358,981.7198,584.00
4.130358,981.7596,550.00
4.130358,981.7993,592.00
4.130358,981.8389,535.00
4.130358,981.8786,564.00
4.130358,981.9182,512.00
4.130358,981.9579,603.00
4.130358,981.9976,560.00
4.130358,982.0372,597.00
4.130358,982.0768,542.00
4.130358,982.1165,538.00
4.130358,982.1561,531.00
4.130358,982.1958,606.00
4.130358,982.2354,504.00
4.130358,982.2750,579.00
4.130358,982.3146,519.00
4.130358,982.3541,607.00
4.130358,982.3937,551.00
4.130358,982.4333,574.00
4.130358,982.4730,553.00
4.130358,982.5125,573.00
4.130358,982.5521,539.00
4.130358,982.5917,571.00
4.130358,982.6312,515.00
4.130358,982.6707,566.00
4.130358,982.7103,560.00
4.130358,982.7498,597.00
4.130358,982.7893,535.00
4.130358,982.8289,535.00
4.130358,982.8683,495.00
4.130358,982.9079,586.00
4.130358,982.9474,530.00
4.130358,982.9869,589.00
4.130358,983.0264,513.00
4.130358,983.0659,575.00
4.130358,983.1053,569.00
4.130358,983.1448,559.00
4.130358,983.1843,530.00
4.130358,983.2238,588.00
4.130358,983.2632,551.00
4.130358,983.3027,598.00
4.130358,983.3420,565.00
4.130358,983.3816,577.00
4.130358,983.4210,542.00
4.130358,983.4604,573.00
4.130358,983.4998,549.00
4.130358,983.5392,546.00
4.130358,983.5786,528.00
4.130358,983.6180,561.00
4.130358,983.6574,506.00
4.130358,983.6968,596.00
4.130358,983.7361,553.00
4.130358,983.7755,590.00
4.130358,983.8149,530.00
4.130358,983.8543,561.00
4.130358,983.8936,536.00
4.130358,983.9329,558.00
4.130358,983.9723,483.00
4.130358,984.0116,585.00
4.130358,984.0510,554.00
4.130358,984.0903,602.00
4.130358,984.1296,567.00
4.130358,984.1689,591.00
4.130358,984.2083,554.00
4.130358,984.2476,553.00
4.130358,984.2868,527.00
4.130358,984.3261,583.00
4.130358,984.3654,507.00
4.130358,984.4046,583.00
4.130358,984.4440,538.00
4.130358,984.4832,579.00
4.130358,984.5225,531.00
4.130358,984.5616,547.00
4.130358,984.6010,511.00
4.130358,984.6402,559.00
4.130358,984.6794,513.00
4.130358,984.7186,611.00
4.130358,984.7578,573.00
4.130358,984.7970,627.00
4.130358,984.8362,561.00
4.130358,984.8755,542.00
4.130358,984.9146,563.00
4.130358,984.9538,570.00
4.130358,984.9930,505.00
4.130358,985.0322,586.00
4.130358,985.0714,551.00
4.130358,985.1105,561.00
4.130358,985.1497,547.00
4.130358,985.1888,546.00
4.130358,985.2279,549.00
4.130358,985.2671,559.00
4.130358,985.3062,534.00
4.130358,985.3453,575.00
4.130358,985.3845,515.00
4.130358,985.4236,582.00
4.130358,985.4626,539.00
4.130358,985.5017,603.00
4.130358,985.5408,581.00
4.130358,985.5799,567.00
4.130358,985.6190,525.00
4.130358,985.6581,593.00
4.130358,985.6971,513.00
4.130358,985.7362,600.00
4.130358,985.7752,543.00
4.130358,985.8143,584.00
4.130358,985.8533,536.00
4.130358,985.8924,574.00
4.130358,985.9314,566.00
4.130358,985.9704,555.00
4.130358,986.0094,506.00
4.130358,986.0484,570.00
4.130358,986.0875,535.00
4.130358,986.1265,607.00
4.130358,986.1655,531.00
4.130358,986.2044,545.00
4.130358,986.2434,523.00
4.130358,986.2823,571.00
4.130358,986.3214,499.00
4.130358,986.3603,551.00
4.130358,986.3992,460.00
4.130358,986.4382,587.00
4.130358,986.4771,509.00
4.130358,986.5161,587.00
4.130358,986.5550,525.00
4.130358,986.5939,570.00
4.130358,986.6329,533.00
4.130358,986.6718,550.00
4.130358,986.7106,507.00
4.130358,986.7495,566.00
4.130358,986.7884,561.00
4.130358,986.8273,568.00
4.130358,986.8661,523.00
4.130358,986.9050,567.00
4.130358,986.9438,527.00
4.130358,986.9828,546.00
4.130358,987.0216,514.00
4.130358,987.0605,581.00
4.130358,987.0993,495.00
4.130358,987.1381,579.00
4.130358,987.1769,545.00
4.130358,987.2158,531.00
4.130358,987.2546,556.00
4.130358,987.2934,567.00
4.130358,987.3322,501.00
4.130358,987.3710,564.00
4.130358,987.4097,497.00
4.130358,987.4486,564.00
4.130358,987.4873,513.00
4.130358,987.5261,544.00
4.130358,987.5649,526.00
4.130358,987.6036,544.00
4.130358,987.6423,484.00
4.130358,987.6812,552.00
4.130358,987.7198,494.00
4.130358,987.7586,573.00
4.130358,987.7972,544.00
4.130358,987.8361,562.00
4.130358,987.8748,506.00
4.130358,987.9135,549.00
4.130358,987.9521,522.00
4.130358,987.9908,538.00
4.130358,988.0295,487.00
4.130358,988.0681,539.00
4.130358,988.1069,476.00
4.130358,988.1456,557.00
4.130358,988.1842,553.00
4.130358,988.2228,555.00
4.130358,988.2615,545.00
4.130358,988.3002,562.00
4.130358,988.3388,454.00
4.130358,988.3774,546.00
4.130358,988.4160,497.00
4.130358,988.4546,570.00
4.130358,988.4933,531.00
4.130358,988.5319,545.00
4.130358,988.5704,541.00
4.130358,988.6090,490.00
4.130358,988.6476,479.00
4.130358,988.6862,535.00
4.130358,988.7248,488.00
4.130358,988.7634,574.00
4.130358,988.8019,499.00
4.130358,988.8405,539.00
4.130358,988.8790,545.00
4.130358,988.9176,530.00
4.130358,988.9561,489.00
4.130358,988.9946,525.00
4.130358,989.0332,505.00
4.130358,989.0717,528.00
4.130358,989.1102,495.00
4.130358,989.1487,540.00
4.130358,989.1871,522.00
4.130358,989.2256,548.00
4.130358,989.2641,524.00
4.130358,989.3027,523.00
4.130358,989.3411,510.00
4.130358,989.3795,539.00
4.130358,989.4180,484.00
4.130358,989.4565,558.00
4.130358,989.4949,477.00
4.130358,989.5334,513.00
4.130358,989.5718,513.00
4.130358,989.6102,514.00
4.130358,989.6486,515.00
4.130358,989.6871,548.00
4.130358,989.7255,492.00
4.130358,989.7639,526.00
4.130358,989.8022,513.00
4.130358,989.8407,539.00
4.130358,989.8791,532.00
4.130358,989.9174,538.00
4.130358,989.9558,493.00
4.130358,989.9941,570.00
4.130358,990.0325,485.00
4.130358,990.0709,588.00
4.130358,990.1093,503.00
4.130358,990.1475,554.00
4.130358,990.1859,549.00
4.130358,990.2242,532.00
4.130358,990.2626,508.00
4.130358,990.3008,535.00
4.130358,990.3391,485.00
4.130358,990.3774,566.00
4.130358,990.4157,512.00
4.130358,990.4540,552.00
4.130358,990.4924,513.00
4.130358,990.5306,562.00
4.130358,990.5688,509.00
4.130358,990.6071,554.00
4.130358,990.6454,514.00
4.130358,990.6837,556.00
4.130358,990.7219,481.00
4.130358,990.7601,568.00
4.130358,990.7983,537.00
4.130358,990.8365,585.00
4.130358,990.8748,560.00
4.130358,990.9130,570.00
4.130358,990.9512,550.00
4.130358,990.9893,564.00
4.130358,991.0276,506.00
4.130358,991.0658,556.00
4.130358,991.1039,493.00
4.130358,991.1421,573.00
4.130358,991.1802,546.00
4.130358,991.2184,553.00
4.130358,991.2565,528.00
4.130358,991.2947,546.00
4.130358,991.3329,484.00
4.130358,991.3710,561.00
4.130358,991.4091,502.00
4.130358,991.4473,568.00
4.130358,991.4854,523.00
4.130358,991.5234,566.00
4.130358,991.5616,536.00
4.130358,991.5997,553.00
4.130358,991.6378,542.00
4.130358,991.6758,583.00
4.130358,991.7139,519.00
4.130358,991.7520,540.00
4.130358,991.7900,524.00
4.130358,991.8282,579.00
4.130358,991.8661,527.00
4.130358,991.9042,541.00
4.130358,991.9422,542.00
4.130358,991.9803,564.00
4.130358,992.0182,473.00
4.130358,992.0563,591.00
4.130358,992.0944,502.00
4.130358,992.1323,591.00
4.130358,992.1703,538.00
4.130358,992.2084,566.00
4.130358,992.2463,531.00
4.130358,992.2844,583.00
4.130358,992.3223,513.00
4.130358,992.3602,563.00
4.130358,992.3982,495.00
4.130358,992.4362,609.00
4.130358,992.4741,551.00
4.130358,992.5120,604.00
4.130358,992.5500,569.00
4.130358,992.5879,533.00
4.130358,992.6259,516.00
4.130358,992.6638,583.00
4.130358,992.7017,524.00
4.130358,992.7396,566.00
4.130358,992.7775,534.00
4.130358,992.8154,580.00
4.130358,992.8533,543.00
4.130358,992.8912,558.00
4.130358,992.9290,537.00
4.130358,992.9669,549.00
4.130358,993.0048,546.00
4.130358,993.0426,595.00
4.130358,993.0804,547.00
4.130358,993.1183,574.00
4.130358,993.1561,544.00
4.130358,993.1940,563.00
4.130358,993.2318,551.00
4.130358,993.2696,567.00
4.130358,993.3074,491.00
4.130358,993.3452,544.00
4.130358,993.3830,487.00
4.130358,993.4208,569.00
4.130358,993.4586,519.00
4.130358,993.4963,565.00
4.130358,993.5341,546.00
4.130358,993.5719,537.00
4.130358,993.6096,526.00
4.130358,993.6474,563.00
4.130358,993.6851,514.00
4.130358,993.7228,539.00
4.130358,993.7606,570.00
4.130358,993.7984,565.00
4.130358,993.8361,515.00
4.130358,993.8738,585.00
4.130358,993.9115,525.00
4.130358,993.9492,555.00
4.130358,993.9869,480.00
4.130358,994.0245,575.00
4.130358,994.0622,530.00
4.130358,994.0999,580.00
4.130358,994.1376,547.00
4.130358,994.1753,544.00
4.130358,994.2130,519.00
4.130358,994.2505,541.00
4.130358,994.2881,508.00
4.130358,994.3258,573.00
4.130358,994.3634,496.00
4.130358,994.4010,597.00
4.130358,994.4387,520.00
4.130358,994.4763,562.00
4.130358,994.5139,556.00
4.130358,994.5515,542.00
4.130358,994.5891,490.00
4.130358,994.6266,552.00
4.130358,994.6642,487.00
4.130358,994.7018,552.00
4.130358,994.7393,487.00
4.130358,994.7769,547.00
4.130358,994.8145,526.00
4.130358,994.8521,557.00
4.130358,994.8895,514.00
4.130358,994.9271,563.00
4.130358,994.9647,495.00
4.130358,995.0022,581.00
4.130358,995.0397,504.00
4.130358,995.0771,521.00
4.130358,995.1146,511.00
4.130358,995.1522,513.00
4.130358,995.1896,490.00
4.130358,995.2271,538.00
4.130358,995.2646,498.00
4.130358,995.3021,537.00
4.130358,995.3396,514.00
4.130358,995.3770,561.00
4.130358,995.4145,487.00
4.130358,995.4518,539.00
4.130358,995.4893,482.00
4.130358,995.5267,505.00
4.130358,995.5641,500.00
4.130358,995.6016,507.00
4.130358,995.6390,485.00
4.130358,995.6765,517.00
4.130358,995.7138,502.00
4.130358,995.7512,518.00
4.130358,995.7886,501.00
4.130358,995.8260,520.00
4.130358,995.8633,480.00
4.130358,995.9007,493.00
4.130358,995.9380,485.00
4.130358,995.9754,510.00
4.130358,996.0128,472.00
4.130358,996.0501,574.00
4.130358,996.0874,516.00
4.130358,996.1248,552.00
4.130358,996.1621,523.00
4.130358,996.1994,560.00
4.130358,996.2367,481.00
4.130358,996.2740,522.00
4.130358,996.3113,476.00
4.130358,996.3486,529.00
4.130358,996.3859,496.00
4.130358,996.4232,558.00
4.130358,996.4604,531.00
4.130358,996.4977,502.00
4.130358,996.5350,478.00
4.130358,996.5722,508.00
4.130358,996.6094,463.00
4.130358,996.6466,577.00
4.130358,996.6838,513.00
4.130358,996.7211,543.00
4.130358,996.7583,510.00
4.130358,996.7955,533.00
4.130358,996.8327,534.00
4.130358,996.8700,536.00
4.130358,996.9072,493.00
4.130358,996.9443,535.00
4.130358,996.9815,498.00
4.130358,997.0187,535.00
4.130358,997.0558,546.00
4.130358,997.0930,546.00
4.130358,997.1301,523.00
4.130358,997.1672,559.00
4.130358,997.2045,505.00
4.130358,997.2416,561.00
4.130358,997.2787,513.00
4.130358,997.3158,605.00
4.130358,997.3530,523.00
4.130358,997.3900,536.00
4.130358,997.4271,526.00
4.130358,997.4642,512.00
4.130358,997.5013,518.00
4.130358,997.5384,535.00
4.130358,997.5754,484.00
4.130358,997.6126,583.00
4.130358,997.6497,518.00
4.130358,997.6867,541.00
4.130358,997.7238,523.00
4.130358,997.7607,562.00
4.130358,997.7978,509.00
4.130358,997.8348,557.00
4.130358,997.8718,526.00
4.130358,997.9088,571.00
4.130358,997.9458,535.00
4.130358,997.9829,550.00
4.130358,998.0200,536.00
4.130358,998.0569,549.00
4.130358,998.0939,525.00
4.130358,998.1309,555.00
4.130358,998.1678,501.00
4.130358,998.2048,570.00
4.130358,998.2417,544.00
4.130358,998.2786,612.00
4.130358,998.3156,521.00
4.130358,998.3525,566.00
4.130358,998.3896,519.00
4.130358,998.4265,542.00
4.130358,998.4633,518.00
4.130358,998.5003,570.00
4.130358,998.5372,527.00
4.130358,998.5740,563.00
4.130358,998.6110,527.00
4.130358,998.6478,577.00
4.130358,998.6847,499.00
4.130358,998.7217,537.00
4.130358,998.7585,529.00
4.130358,998.7953,539.00
4.130358,998.8322,468.00
4.130358,998.8691,565.00
4.130358,998.9059,500.00
4.130358,998.9427,588.00
4.130358,998.9795,523.00
4.130358,999.0163,568.00
4.130358,999.0531,524.00
4.130358,999.0899,538.00
4.130358,999.1267,504.00
4.130358,999.1636,553.00
4.130358,999.2004,504.00
4.130358,999.2372,544.00
4.130358,999.2739,523.00
4.130358,999.3107,574.00
4.130358,999.3474,538.00
4.130358,999.3842,526.00
4.130358,999.4210,514.00
4.130358,999.4576,549.00
4.130358,999.4946,499.00
4.130358,999.5312,533.00
4.130358,999.5680,507.00
4.130358,999.6047,511.00
4.130358,999.6414,498.00
4.130358,999.6780,531.00
4.130358,999.7147,512.00
4.130358,999.7515,523.00
4.130358,999.7881,453.00
4.130358,999.8248,531.00
4.130358,999.8614,475.00
4.130358,999.8981,542.00
4.130358,999.9349,483.00
4.130358,999.9715,542.00
4.130358,1000.0081,493.00
4.130358,1000.0447,507.00
4.130358,1000.0814,493.00
4.130358,1000.1180,525.00
4.130358,1000.1546,445.00
4.130358,1000.1912,518.00
4.130358,1000.2278,487.00
4.130358,1000.2645,556.00
4.130358,1000.3011,534.00
4.130358,1000.3377,512.00
4.130358,1000.3742,509.00
4.130358,1000.4108,503.00
4.130358,1000.4474,456.00
4.130358,1000.4839,503.00
4.130358,1000.5204,476.00
4.130358,1000.5570,514.00
4.130358,1000.5935,469.00
4.130358,1000.6301,512.00
4.130358,1000.6667,475.00
4.130358,1000.7032,496.00
4.130358,1000.7397,475.00
4.130358,1000.7762,514.00
4.130358,1000.8127,468.00
4.130358,1000.8492,523.00
4.130358,1000.8857,492.00
4.130358,1000.9222,491.00
4.130358,1000.9586,493.00
4.130358,1000.9951,500.00
4.130358,1001.0316,461.00
4.130358,1001.0681,538.00
4.130358,1001.1046,479.00
4.130358,1001.1410,544.00
4.130358,1001.1774,474.00
4.130358,1001.2138,514.00
4.130358,1001.2502,483.00
4.130358,1001.2866,513.00
4.130358,1001.3230,500.00
4.130358,1001.3594,513.00
4.130358,1001.3958,469.00
4.130358,1001.4323,499.00
4.130358,1001.4687,470.00
4.130358,1001.5051,526.00
4.130358,1001.5414,528.00
4.130358,1001.5778,518.00
4.130358,1001.6141,483.00
4.130358,1001.6505,479.00
4.130358,1001.6868,437.00
4.130358,1001.7231,504.00
4.130358,1001.7596,433.00
4.130358,1001.7958,519.00
4.130358,1001.8322,485.00
4.130358,1001.8685,532.00
4.130358,1001.9048,460.00
4.130358,1001.9411,486.00
4.130358,1001.9774,463.00
4.130358,1002.0136,506.00
4.130358,1002.0499,484.00
4.130358,1002.0862,544.00
4.130358,1002.1224,473.00
4.130358,1002.1587,537.00
4.130358,1002.1951,495.00
4.130358,1002.2313,496.00
4.130358,1002.2675,488.00
4.130358,1002.3038,532.00
4.130358,1002.3400,484.00
4.130358,1002.3762,515.00
4.130358,1002.4124,486.00
4.130358,1002.4486,532.00
4.130358,1002.4848,476.00
4.130358,1002.5211,532.00
4.130358,1002.5573,497.00
4.130358,1002.5934,529.00
4.130358,1002.6296,474.00
4.130358,1002.6657,510.00
4.130358,1002.7019,468.00
4.130358,1002.7380,528.00
4.130358,1002.7742,512.00
4.130358,1002.8104,533.00
4.130358,1002.8464,485.00
4.130358,1002.8826,520.00
4.130358,1002.9187,432.00
4.130358,1002.9549,514.00
4.130358,1002.9910,484.00
4.130358,1003.0271,550.00
4.130358,1003.0632,482.00
4.130358,1003.0992,556.00
4.130358,1003.1354,507.00
4.130358,1003.1714,512.00
4.130358,1003.2075,517.00
4.130358,1003.2435,527.00
4.130358,1003.2797,496.00
4.130358,1003.3157,541.00
4.130358,1003.3518,490.00
4.130358,1003.3878,542.00
4.130358,1003.4238,501.00
4.130358,1003.4598,528.00
4.130358,1003.4958,494.00
4.130358,1003.5319,501.00
4.130358,1003.5678,457.00
4.130358,1003.6039,530.00
4.130358,1003.6398,466.00
4.130358,1003.6759,543.00
4.130358,1003.7119,486.00
4.130358,1003.7479,520.00
4.130358,1003.7838,495.00
4.130358,1003.8198,509.00
4.130358,1003.8557,479.00
4.130358,1003.8917,515.00
4.130358,1003.9276,426.00
4.130358,1003.9635,517.00
4.130358,1003.9995,466.00
4.130358,1004.0354,523.00
4.130358,1004.0714,519.00
4.130358,1004.1072,499.00
4.130358,1004.1431,490.00
4.130358,1004.1790,481.00
4.130358,1004.2149,471.00
4.130358,1004.2508,565.00
4.130358,1004.2866,455.00
4.130358,1004.3225,535.00
4.130358,1004.3583,486.00
4.130358,1004.3942,515.00
4.130358,1004.4302,484.00
4.130358,1004.4660,473.00
4.130358,1004.5018,447.00
4.130358,1004.5376,485.00
4.130358,1004.5734,459.00
4.130358,1004.6093,516.00
4.130358,1004.6450,488.00
4.130358,1004.6808,515.00
4.130358,1004.7166,492.00
4.130358,1004.7525,517.00
4.130358,1004.7883,478.00
4.130358,1004.8240,522.00
4.130358,1004.8598,469.00
4.130358,1004.8956,534.00
4.130358,1004.9313,470.00
4.130358,1004.9670,537.00
4.130358,1005.0027,491.00
4.130358,1005.0385,492.00
4.130358,1005.0742,477.00
4.130358,1005.1099,527.00
4.130358,1005.1456,468.00
4.130358,1005.1815,523.00
4.130358,1005.2172,464.00
4.130358,1005.2529,512.00
4.130358,1005.2885,503.00
4.130358,1005.3242,490.00
4.130358,1005.3599,473.00
4.130358,1005.3955,504.00
4.130358,1005.4312,486.00
4.130358,1005.4669,531.00
4.130358,1005.5026,475.00
4.130358,1005.5382,554.00
4.130358,1005.5739,506.00
4.130358,1005.6095,537.00
4.130358,1005.6451,527.00
4.130358,1005.6807,539.00
4.130358,1005.7162,515.00
4.130358,1005.7519,499.00
4.130358,1005.7875,474.00
4.130358,1005.8231,569.00
4.130358,1005.8586,467.00
4.130358,1005.8942,507.00
4.130358,1005.9299,515.00
4.130358,1005.9655,525.00
4.130358,1006.0010,484.00
4.130358,1006.0365,523.00
4.130358,1006.0720,479.00
4.130358,1006.1076,525.00
4.130358,1006.1431,502.00
4.130358,1006.1786,540.00
4.130358,1006.2141,523.00
4.130358,1006.2498,553.00
4.130358,1006.2853,516.00
4.130358,1006.3207,511.00
4.130358,1006.3563,510.00
4.130358,1006.3917,561.00
4.130358,1006.4272,498.00
4.130358,1006.4626,586.00
4.130358,1006.4981,533.00
4.130358,1006.5335,551.00
4.130358,1006.5690,538.00
4.130358,1006.6044,545.00
4.130358,1006.6400,495.00
4.130358,1006.6754,558.00
4.130358,1006.7108,473.00
4.130358,1006.7462,561.00
4.130358,1006.7816,468.00
4.130358,1006.8170,567.00
4.130358,1006.8524,537.00
4.130358,1006.8878,550.00
4.130358,1006.9232,530.00
4.130358,1006.9586,564.00
4.130358,1006.9940,509.00
4.130358,1007.0294,520.00
4.130358,1007.0648,507.00
4.130358,1007.1001,551.00
4.130358,1007.1354,524.00
4.130358,1007.1707,574.00
4.130358,1007.2061,530.00
4.130358,1007.2414,571.00
4.130358,1007.2767,499.00
4.130358,1007.3120,598.00
4.130358,1007.3473,499.00
4.130358,1007.3827,563.00
4.130358,1007.4180,551.00
4.130358,1007.4532,555.00
4.130358,1007.4885,519.00
4.130358,1007.5238,553.00
4.130358,1007.5590,481.00
4.130358,1007.5943,545.00
4.130358,1007.6295,479.00
4.130358,1007.6648,593.00
4.130358,1007.7001,518.00
4.130358,1007.7354,562.00
4.130358,1007.7706,544.00
4.130358,1007.8058,529.00
4.130358,1007.8410,524.00
4.130358,1007.8762,509.00
4.130358,1007.9114,467.00
4.130358,1007.9465,546.00
4.130358,1007.9818,502.00
4.130358,1008.0169,548.00
4.130358,1008.0521,498.00
4.130358,1008.0873,575.00
4.130358,1008.1226,515.00
4.130358,1008.1576,515.00
4.130358,1008.1927,494.00
4.130358,1008.2279,547.00
4.130358,1008.2631,475.00
4.130358,1008.2982,553.00
4.130358,1008.3333,545.00
4.130358,1008.3683,545.00
4.130358,1008.4034,525.00
4.130358,1008.4387,503.00
4.130358,1008.4738,512.00
4.130358,1008.5089,522.00
4.130358,1008.5439,486.00
4.130358,1008.5790,580.00
4.130358,1008.6141,501.00
4.130358,1008.6491,518.00
4.130358,1008.6841,497.00
4.130358,1008.7192,493.00
4.130358,1008.7542,472.00
4.130358,1008.7892,516.00
4.130358,1008.8243,487.00
4.130358,1008.8594,538.00
4.130358,1008.8943,496.00
4.130358,1008.9294,530.00
4.130358,1008.9644,510.00
4.130358,1008.9994,507.00
4.130358,1009.0344,495.00
4.130358,1009.0693,516.00
4.130358,1009.1043,465.00
4.130358,1009.1392,569.00
4.130358,1009.1743,487.00
4.130358,1009.2093,521.00
4.130358,1009.2442,514.00
4.130358,1009.2792,544.00
4.130358,1009.3141,502.00
4.130358,1009.3489,503.00
4.130358,1009.3839,476.00
4.130358,1009.4188,543.00
4.130358,1009.4537,478.00
4.130358,1009.4886,571.00
4.130358,1009.5235,505.00
4.130358,1009.5585,534.00
4.130358,1009.5933,505.00
4.130358,1009.6282,509.00
4.130358,1009.6631,499.00
4.130358,1009.6979,530.00
4.130358,1009.7327,483.00
4.130358,1009.7676,512.00
4.130358,1009.8024,482.00
4.130358,1009.8372,505.00
4.130358,1009.8721,461.00
4.130358,1009.9070,501.00
4.130358,1009.9418,472.00
4.130358,1009.9766,507.00
4.130358,1010.0115,492.00
4.130358,1010.0462,524.00
4.130358,1010.0810,472.00
4.130358,1010.1158,558.00
4.130358,1010.1505,507.00
4.130358,1010.1853,514.00
4.130358,1010.2200,502.00
4.130358,1010.2548,532.00
4.130358,1010.2897,477.00
4.130358,1010.3244,499.00
4.130358,1010.3591,457.00
4.130358,1010.3938,519.00
4.130358,1010.4285,490.00
4.130358,1010.4633,536.00
4.130358,1010.4980,501.00
4.130358,1010.5326,476.00
4.130358,1010.5673,483.00
4.130358,1010.6021,497.00
4.130358,1010.6368,470.00
4.130358,1010.6714,520.00
4.130358,1010.7061,458.00
4.130358,1010.7408,525.00
4.130358,1010.7754,474.00
4.130358,1010.8101,487.00
4.130358,1010.8447,496.00
4.130358,1010.8793,513.00
4.130358,1010.9139,460.00
4.130358,1010.9485,529.00
4.130358,1010.9832,455.00
4.130358,1011.0178,500.00
4.130358,1011.0525,480.00
4.130358,1011.0870,522.00
4.130358,1011.1216,482.00
4.130358,1011.1562,525.00
4.130358,1011.1907,486.00
4.130358,1011.2253,530.00
4.130358,1011.2599,429.00
4.130358,1011.2944,541.00
4.130358,1011.3291,468.00
4.130358,1011.3636,539.00
4.130358,1011.3981,489.00
4.130358,1011.4326,508.00
4.130358,1011.4672,500.00
4.130358,1011.5016,504.00
4.130358,1011.5362,481.00
4.130358,1011.5706,538.00
4.130358,1011.6052,446.00
4.130358,1011.6396,516.00
4.130358,1011.6741,428.00
4.130358,1011.7086,538.00
4.130358,1011.7431,489.00
4.130358,1011.7776,519.00
4.130358,1011.8120,462.00
4.130358,1011.8465,538.00
4.130358,1011.8809,433.00
4.130358,1011.9153,534.00
4.130358,1011.9498,451.00
4.130358,1011.9842,487.00
4.130358,1012.0186,467.00
4.130358,1012.0531,492.00
4.130358,1012.0875,465.00
4.130358,1012.1219,513.00
4.130358,1012.1562,443.00
4.130358,1012.1906,483.00
4.130358,1012.2250,440.00
4.130358,1012.2593,546.00
4.130358,1012.2937,502.00
4.130358,1012.3281,485.00
4.130358,1012.3624,445.00
4.130358,1012.3967,478.00
4.130358,1012.4310,433.00
4.130358,1012.4655,503.00
4.130358,1012.4998,438.00
4.130358,1012.5341,528.00
4.130358,1012.5684,455.00
4.130358,1012.6027,524.00
4.130358,1012.6370,461.00
4.130358,1012.6712,475.00
4.130358,1012.7055,470.00
4.130358,1012.7398,525.00
4.130358,1012.7742,422.00
4.130358,1012.8084,464.00
4.130358,1012.8427,445.00
4.130358,1012.8769,481.00
4.130358,1012.9111,496.00
4.130358,1012.9454,485.00
4.130358,1012.9796,506.00
4.130358,1013.0138,502.00
4.130358,1013.0480,402.00
4.130358,1013.0822,530.00
4.130358,1013.1164,472.00
4.130358,1013.1506,519.00
4.130358,1013.1848,455.00
4.130358,1013.2190,461.00
4.130358,1013.2532,471.00
4.130358,1013.2873,486.00
4.130358,1013.3215,451.00
4.130358,1013.3556,501.00
4.130358,1013.3898,446.00
4.130358,1013.4239,531.00
4.130358,1013.4581,481.00
4.130358,1013.4923,479.00
4.130358,1013.5264,482.00
4.130358,1013.5605,481.00
4.130358,1013.5946,499.00
4.130358,1013.6287,544.00
4.130358,1013.6627,467.00
4.130358,1013.6968,523.00
4.130358,1013.7309,472.00
4.130358,1013.7650,501.00
4.130358,1013.7990,492.00
4.130358,1013.8331,507.00
4.130358,1013.8672,457.00
4.130358,1013.9012,498.00
4.130358,1013.9353,458.00
4.130358,1013.9693,518.00
4.130358,1014.0033,483.00
4.130358,1014.0374,542.00
4.130358,1014.0714,501.00
4.130358,1014.1053,497.00
4.130358,1014.1393,487.00
4.130358,1014.1734,531.00
4.130358,1014.2074,463.00
4.130358,1014.2413,526.00
4.130358,1014.2753,486.00
4.130358,1014.3093,563.00
4.130358,1014.3433,495.00
4.130358,1014.3772,517.00
4.130358,1014.4111,525.00
4.130358,1014.4451,527.00
4.130358,1014.4790,499.00
4.130358,1014.5129,529.00
4.130358,1014.5468,452.00
4.130358,1014.5808,540.00
4.130358,1014.6147,491.00
4.130358,1014.6486,541.00
4.130358,1014.6825,550.00
4.130358,1014.7164,528.00
4.130358,1014.7502,482.00
4.130358,1014.7841,531.00
4.130358,1014.8180,492.00
4.130358,1014.8518,525.00
4.130358,1014.8858,498.00
4.130358,1014.9196,569.00
4.130358,1014.9534,505.00
4.130358,1014.9872,542.00
4.130358,1015.0211,534.00
4.130358,1015.0549,535.00
4.130358,1015.0887,470.00
4.130358,1015.1224,560.00
4.130358,1015.1562,513.00
4.130358,1015.1900,575.00
4.130358,1015.2238,517.00
4.130358,1015.2575,527.00
4.130358,1015.2914,516.00
4.130358,1015.3252,528.00
4.130358,1015.3589,465.00
4.130358,1015.3927,522.00
4.130358,1015.4265,493.00
4.130358,1015.4601,564.00
4.130358,1015.4938,488.00
4.130358,1015.5276,582.00
4.130358,1015.5613,531.00
4.130358,1015.5952,544.00
4.130358,1015.6288,494.00
4.130358,1015.6625,558.00
4.130358,1015.6962,479.00
4.130358,1015.7299,591.00
4.130358,1015.7635,508.00
4.130358,1015.7972,581.00
4.130358,1015.8308,539.00
4.130358,1015.8645,553.00
4.130358,1015.8981,537.00
4.130358,1015.9317,522.00
4.130358,1015.9655,466.00
4.130358,1015.9991,533.00
4.130358,1016.0327,500.00
4.130358,1016.0663,582.00
4.130358,1016.0999,541.00
4.130358,1016.1335,541.00
4.130358,1016.1671,510.00
4.130358,1016.2006,522.00
4.130358,1016.2342,517.00
4.130358,1016.2679,564.00
4.130358,1016.3015,496.00
4.130358,1016.3350,547.00
4.130358,1016.3686,507.00
4.130358,1016.4021,546.00
4.130358,1016.4357,504.00
4.130358,1016.4691,566.00
4.130358,1016.5027,517.00
4.130358,1016.5362,545.00
4.130358,1016.5696,467.00
4.130358,1016.6032,566.00
4.130358,1016.6367,507.00
4.130358,1016.6703,562.00
4.130358,1016.7038,528.00
4.130358,1016.7372,503.00
4.130358,1016.7707,529.00
4.130358,1016.8041,527.00
4.130358,1016.8376,527.00
4.130358,1016.8710,566.00
4.130358,1016.9045,491.00
4.130358,1016.9379,576.00
4.130358,1016.9715,523.00
4.130358,1017.0049,533.00
4.130358,1017.0383,537.00
4.130358,1017.0717,513.00
4.130358,1017.1050,504.00
4.130358,1017.1384,529.00
4.130358,1017.1718,472.00
4.130358,1017.2052,534.00
4.130358,1017.2386,472.00
4.130358,1017.2720,530.00
4.130358,1017.3053,578.00
4.130358,1017.3387,544.00
4.130358,1017.3721,521.00
4.130358,1017.4054,538.00
4.130358,1017.4388,481.00
4.130358,1017.4721,543.00
4.130358,1017.5054,500.00
4.130358,1017.5387,564.00
4.130358,1017.5720,535.00
4.130358,1017.6053,544.00
4.130358,1017.6386,527.00
4.130358,1017.6720,504.00
4.130358,1017.7053,526.00
4.130358,1017.7385,553.00
4.130358,1017.7717,502.00
4.130358,1017.8051,589.00
4.130358,1017.8383,526.00
4.130358,1017.8715,595.00
4.130358,1017.9048,558.00
4.130358,1017.9380,545.00
4.130358,1017.9712,534.00
4.130358,1018.0044,577.00
4.130358,1018.0376,503.00
4.130358,1018.0709,567.00
4.130358,1018.1041,532.00
4.130358,1018.1373,599.00
4.130358,1018.1705,558.00
4.130358,1018.2037,581.00
4.130358,1018.2368,509.00
4.130358,1018.2700,542.00
4.130358,1018.3032,515.00
4.130358,1018.3363,571.00
4.130358,1018.3695,488.00
4.130358,1018.4026,592.00
4.130358,1018.4358,557.00
4.130358,1018.4689,545.00
4.130358,1018.5020,569.00
4.130358,1018.5352,540.00
4.130358,1018.5682,524.00
4.130358,1018.6013,562.00
4.130358,1018.6343,528.00
4.130358,1018.6675,584.00
4.130358,1018.7006,498.00
4.130358,1018.7337,592.00
4.130358,1018.7668,581.00
4.130358,1018.7998,526.00
4.130358,1018.8328,546.00
4.130358,1018.8658,555.00
4.130358,1018.8989,522.00
4.130358,1018.9319,590.00
4.130358,1018.9650,505.00
4.130358,1018.9980,587.00
4.130358,1019.0311,545.00
4.130358,1019.0641,561.00
4.130358,1019.0970,525.00
4.130358,1019.1301,560.00
4.130358,1019.1631,513.00
4.130358,1019.1960,590.00
4.130358,1019.2289,510.00
4.130358,1019.2618,574.00
4.130358,1019.2949,554.00
4.130358,1019.3278,568.00
4.130358,1019.3607,559.00
4.130358,1019.3936,555.00
4.130358,1019.4268,475.00
4.130358,1019.4596,563.00
4.130358,1019.4925,514.00
4.130358,1019.5255,555.00
4.130358,1019.5583,533.00
4.130358,1019.5912,573.00
4.130358,1019.6240,523.00
4.130358,1019.6569,559.00
4.130358,1019.6898,533.00
4.130358,1019.7227,522.00
4.130358,1019.7556,460.00
4.130358,1019.7885,571.00
4.130358,1019.8213,533.00
4.130358,1019.8541,582.00
4.130358,1019.8870,503.00
4.130358,1019.9198,520.00
4.130358,1019.9525,517.00
4.130358,1019.9854,552.00
4.130358,1020.0182,519.00
4.130358,1020.0509,589.00
4.130358,1020.0837,534.00
4.130358,1020.1167,562.00
4.130358,1020.1494,532.00
4.130358,1020.1823,551.00
4.130358,1020.2149,506.00
4.130358,1020.2477,527.00
4.130358,1020.2805,485.00
4.130358,1020.3132,532.00
4.130358,1020.3459,523.00
4.130358,1020.3787,589.00
4.130358,1020.4114,487.00
4.130358,1020.4442,530.00
4.130358,1020.4768,532.00
4.130358,1020.5096,541.00
4.130358,1020.5423,484.00
4.130358,1020.5750,569.00
4.130358,1020.6077,471.00
4.130358,1020.6403,570.00
4.130358,1020.6730,496.00
4.130358,1020.7055,568.00
4.130358,1020.7382,508.00
4.130358,1020.7709,523.00
4.130358,1020.8036,485.00
4.130358,1020.8363,510.00
4.130358,1020.8688,458.00
4.130358,1020.9015,542.00
4.130358,1020.9341,471.00
4.130358,1020.9667,556.00
4.130358,1020.9993,497.00
4.130358,1021.0319,513.00
4.130358,1021.0645,511.00
4.130358,1021.0971,535.00
4.130358,1021.1298,476.00
4.130358,1021.1623,522.00
4.130358,1021.1948,498.00
4.130358,1021.2273,569.00
4.130358,1021.2599,477.00
4.130358,1021.2924,534.00
4.130358,1021.3250,477.00
4.130358,1021.3574,501.00
4.130358,1021.3900,478.00
4.130358,1021.4224,520.00
4.130358,1021.4550,417.00
4.130358,1021.4875,512.00
4.130358,1021.5200,474.00
4.130358,1021.5525,533.00
4.130358,1021.5850,518.00
4.130358,1021.6175,524.00
4.130358,1021.6500,470.00
4.130358,1021.6823,533.00
4.130358,1021.7148,504.00
4.130358,1021.7474,545.00
4.130358,1021.7797,504.00
4.130358,1021.8122,537.00
4.130358,1021.8445,514.00
4.130358,1021.8770,538.00
4.130358,1021.9095,530.00
4.130358,1021.9418,502.00
4.130358,1021.9741,476.00
4.130358,1022.0066,487.00
4.130358,1022.0389,479.00
4.130358,1022.0713,551.00
4.130358,1022.1037,479.00
4.130358,1022.1362,610.00
4.130358,1022.1685,583.00
4.130358,1022.2008,545.00
4.130358,1022.2332,481.00
4.130358,1022.2654,535.00
4.130358,1022.2977,501.00
4.130358,1022.3301,561.00
4.130358,1022.3624,472.00
4.130358,1022.3947,608.00
4.130358,1022.4271,487.00
4.130358,1022.4594,532.00
4.130358,1022.4917,518.00
4.130358,1022.5239,534.00
4.130358,1022.5562,520.00
4.130358,1022.5885,537.00
4.130358,1022.6207,484.00
4.130358,1022.6530,563.00
4.130358,1022.6852,521.00
4.130358,1022.7174,546.00
4.130358,1022.7497,506.00
4.130358,1022.7819,528.00
4.130358,1022.8142,467.00
4.130358,1022.8464,514.00
4.130358,1022.8785,503.00
4.130358,1022.9108,569.00
4.130358,1022.9429,500.00
4.130358,1022.9751,571.00
4.130358,1023.0073,523.00
4.130358,1023.0394,483.00
4.130358,1023.0717,496.00
4.130358,1023.1039,562.00
4.130358,1023.1360,481.00
4.130358,1023.1682,551.00
4.130358,1023.2003,485.00
4.130358,1023.2324,554.00
4.130358,1023.2644,507.00
4.130358,1023.2966,544.00
4.130358,1023.3287,469.00
4.130358,1023.3608,496.00
4.130358,1023.3929,515.00
4.130358,1023.4249,533.00
4.130358,1023.4570,478.00
4.130358,1023.4893,554.00
4.130358,1023.5212,482.00
4.130358,1023.5533,507.00
4.130358,1023.5853,500.00
4.130358,1023.6174,505.00
4.130358,1023.6494,477.00
4.130358,1023.6813,539.00
4.130358,1023.7134,449.00
4.130358,1023.7454,520.00
4.130358,1023.7775,508.00
4.130358,1023.8096,514.00
4.130358,1023.8416,501.00
4.130358,1023.8735,504.00
4.130358,1023.9055,492.00
4.130358,1023.9374,508.00
4.130358,1023.9694,411.00
4.130358,1024.0013,538.00
4.130358,1024.0333,484.00
4.130358,1024.0652,508.00
4.130358,1024.0972,508.00
4.130358,1024.1293,527.00
4.130358,1024.1611,489.00
4.130358,1024.1931,546.00
4.130358,1024.2250,452.00
4.130358,1024.2568,526.00
4.130358,1024.2888,453.00
4.130358,1024.3206,532.00
4.130358,1024.3525,497.00
4.130358,1024.3843,508.00
4.130358,1024.4164,467.00
4.130358,1024.4481,502.00
4.130358,1024.4801,488.00
4.130358,1024.5118,524.00
4.130358,1024.5438,466.00
4.130358,1024.5756,535.00
4.130358,1024.6074,465.00
4.130358,1024.6393,518.00
4.130358,1024.6710,524.00
4.130358,1024.7029,497.00
4.130358,1024.7346,475.00
4.130358,1024.7664,520.00
4.130358,1024.7982,465.00
4.130358,1024.8301,580.00
4.130358,1024.8618,498.00
4.130358,1024.8936,529.00
4.130358,1024.9253,476.00
4.130358,1024.9572,548.00
4.130358,1024.9889,496.00
4.130358,1025.0206,523.00
4.130358,1025.0522,448.00
4.130358,1025.0841,530.00
4.130358,1025.1158,480.00
4.130358,1025.1475,532.00
4.130358,1025.1792,483.00
4.130358,1025.2109,492.00
4.130358,1025.2426,499.00
4.130358,1025.2743,520.00
4.130358,1025.3059,502.00
4.130358,1025.3376,535.00
4.130358,1025.3693,472.00
4.130358,1025.4009,551.00
4.130358,1025.4326,510.00
4.130358,1025.4644,547.00
4.130358,1025.4960,471.00
4.130358,1025.5276,532.00
4.130358,1025.5592,517.00
4.130358,1025.5908,519.00
4.130358,1025.6224,499.00
4.130358,1025.6541,553.00
4.130358,1025.6857,490.00
4.130358,1025.7172,592.00
4.130358,1025.7489,531.00
4.130358,1025.7804,569.00
4.130358,1025.8120,532.00
4.130358,1025.8435,527.00
4.130358,1025.8751,518.00
4.130358,1025.9066,571.00
4.130358,1025.9381,488.00
4.130358,1025.9697,564.00
4.130358,1026.0012,533.00
4.130358,1026.0327,535.00
4.130358,1026.0642,503.00
