# Point:,51
# Setpoint:,2.59636364
# Voltage_V:,2.59636364
# Current_A:,0.048435
# Spectrum_Time_s:,7.740243
# Step_Start_s:,7.720840
# Step_End_s:,7.815957
# Spectrum_Duration_ms:,10.087
# Peak_Wavelength_nm:,933.81
# Peak_Intensity:,7531.0
# Avg_Intensity:,610.2
# Num_Pixels:,4094
# NOTE: All wavelengths are captured simultaneously in one CCD exposure
#       The Relative_Time_s column shows when this entire spectrum was acquired

Relative_Time_s,Wavelength_nm,Intensity
7.740243,845.4307,539.00
7.740243,845.4858,498.00
7.740243,845.5410,560.00
7.740243,845.5963,497.00
7.740243,845.6514,563.00
7.740243,845.7065,505.00
7.740243,845.7617,547.00
7.740243,845.8168,494.00
7.740243,845.8721,566.00
7.740243,845.9272,483.00
7.740243,845.9823,564.00
7.740243,846.0374,533.00
7.740243,846.0926,521.00
7.740243,846.1478,505.00
7.740243,846.2029,533.00
7.740243,846.2579,498.00
7.740243,846.3130,546.00
7.740243,846.3682,454.00
7.740243,846.4233,566.00
7.740243,846.4784,510.00
7.740243,846.5335,587.00
7.740243,846.5886,545.00
7.740243,846.6437,537.00
7.740243,846.6987,511.00
7.740243,846.7538,565.00
7.740243,846.8089,481.00
7.740243,846.8640,586.00
7.740243,846.9190,482.00
7.740243,846.9741,561.00
7.740243,847.0292,526.00
7.740243,847.0842,536.00
7.740243,847.1392,547.00
7.740243,847.1943,565.00
7.740243,847.2493,476.00
7.740243,847.3044,577.00
7.740243,847.3594,490.00
7.740243,847.4144,563.00
7.740243,847.4694,556.00
7.740243,847.5244,548.00
7.740243,847.5795,540.00
7.740243,847.6345,571.00
7.740243,847.6895,515.00
7.740243,847.7444,594.00
7.740243,847.7994,496.00
7.740243,847.8544,584.00
7.740243,847.9094,523.00
7.740243,847.9644,575.00
7.740243,848.0193,551.00
7.740243,848.0743,578.00
7.740243,848.1293,524.00
7.740243,848.1843,587.00
7.740243,848.2392,547.00
7.740243,848.2941,577.00
7.740243,848.3491,577.00
7.740243,848.4040,556.00
7.740243,848.4590,563.00
7.740243,848.5139,609.00
7.740243,848.5688,560.00
7.740243,848.6237,604.00
7.740243,848.6786,538.00
7.740243,848.7336,605.00
7.740243,848.7885,536.00
7.740243,848.8434,612.00
7.740243,848.8983,572.00
7.740243,848.9531,561.00
7.740243,849.0081,556.00
7.740243,849.0630,564.00
7.740243,849.1178,530.00
7.740243,849.1727,604.00
7.740243,849.2275,540.00
7.740243,849.2823,662.00
7.740243,849.3373,540.00
7.740243,849.3921,579.00
7.740243,849.4470,566.00
7.740243,849.5018,570.00
7.740243,849.5566,537.00
7.740243,849.6115,620.00
7.740243,849.6663,537.00
7.740243,849.7211,603.00
7.740243,849.7759,559.00
7.740243,849.8307,624.00
7.740243,849.8856,548.00
7.740243,849.9404,590.00
7.740243,849.9952,523.00
7.740243,850.0500,585.00
7.740243,850.1048,522.00
7.740243,850.1596,602.00
7.740243,850.2144,523.00
7.740243,850.2692,615.00
7.740243,850.3239,540.00
7.740243,850.3787,583.00
7.740243,850.4335,559.00
7.740243,850.4882,607.00
7.740243,850.5430,579.00
7.740243,850.5977,604.00
7.740243,850.6525,547.00
7.740243,850.7072,621.00
7.740243,850.7620,541.00
7.740243,850.8167,609.00
7.740243,850.8715,588.00
7.740243,850.9261,581.00
7.740243,850.9808,528.00
7.740243,851.0356,598.00
7.740243,851.0903,580.00
7.740243,851.1450,622.00
7.740243,851.1996,564.00
7.740243,851.2543,634.00
7.740243,851.3091,583.00
7.740243,851.3638,606.00
7.740243,851.4185,565.00
7.740243,851.4731,630.00
7.740243,851.5278,549.00
7.740243,851.5825,647.00
7.740243,851.6371,603.00
7.740243,851.6918,668.00
7.740243,851.7465,591.00
7.740243,851.8011,628.00
7.740243,851.8558,587.00
7.740243,851.9103,605.00
7.740243,851.9650,578.00
7.740243,852.0196,669.00
7.740243,852.0742,598.00
7.740243,852.1289,619.00
7.740243,852.1835,590.00
7.740243,852.2381,653.00
7.740243,852.2927,634.00
7.740243,852.3473,637.00
7.740243,852.4019,605.00
7.740243,852.4565,657.00
7.740243,852.5111,606.00
7.740243,852.5657,609.00
7.740243,852.6202,628.00
7.740243,852.6747,626.00
7.740243,852.7294,628.00
7.740243,852.7839,645.00
7.740243,852.8385,582.00
7.740243,852.8930,662.00
7.740243,852.9476,595.00
7.740243,853.0022,672.00
7.740243,853.0567,608.00
7.740243,853.1112,677.00
7.740243,853.1658,641.00
7.740243,853.2203,661.00
7.740243,853.2748,664.00
7.740243,853.3293,710.00
7.740243,853.3838,612.00
7.740243,853.4383,668.00
7.740243,853.4928,606.00
7.740243,853.5474,656.00
7.740243,853.6019,643.00
7.740243,853.6563,652.00
7.740243,853.7108,660.00
7.740243,853.7653,643.00
7.740243,853.8198,630.00
7.740243,853.8742,651.00
7.740243,853.9286,654.00
7.740243,853.9832,670.00
7.740243,854.0376,627.00
7.740243,854.0920,673.00
7.740243,854.1465,641.00
7.740243,854.2010,669.00
7.740243,854.2554,621.00
7.740243,854.3098,661.00
7.740243,854.3642,574.00
7.740243,854.4186,690.00
7.740243,854.4731,606.00
7.740243,854.5275,696.00
7.740243,854.5819,650.00
7.740243,854.6363,651.00
7.740243,854.6907,643.00
7.740243,854.7451,675.00
7.740243,854.7994,624.00
7.740243,854.8538,681.00
7.740243,854.9082,643.00
7.740243,854.9626,715.00
7.740243,855.0170,609.00
7.740243,855.0714,680.00
7.740243,855.1257,622.00
7.740243,855.1800,643.00
7.740243,855.2344,591.00
7.740243,855.2888,644.00
7.740243,855.3431,588.00
7.740243,855.3975,665.00
7.740243,855.4518,627.00
7.740243,855.5060,679.00
7.740243,855.5604,600.00
7.740243,855.6147,660.00
7.740243,855.6691,624.00
7.740243,855.7233,633.00
7.740243,855.7776,583.00
7.740243,855.8320,670.00
7.740243,855.8862,576.00
7.740243,855.9406,662.00
7.740243,855.9948,640.00
7.740243,856.0491,709.00
7.740243,856.1035,643.00
7.740243,856.1577,660.00
7.740243,856.2119,603.00
7.740243,856.2662,660.00
7.740243,856.3204,574.00
7.740243,856.3748,689.00
7.740243,856.4290,616.00
7.740243,856.4832,669.00
7.740243,856.5374,656.00
7.740243,856.5916,673.00
7.740243,856.6459,600.00
7.740243,856.7001,672.00
7.740243,856.7543,606.00
7.740243,856.8085,656.00
7.740243,856.8627,620.00
7.740243,856.9169,674.00
7.740243,856.9712,644.00
7.740243,857.0253,633.00
7.740243,857.0795,626.00
7.740243,857.1337,642.00
7.740243,857.1879,617.00
7.740243,857.2421,670.00
7.740243,857.2962,630.00
7.740243,857.3504,683.00
7.740243,857.4045,641.00
7.740243,857.4587,644.00
7.740243,857.5129,653.00
7.740243,857.5670,693.00
7.740243,857.6212,627.00
7.740243,857.6753,688.00
7.740243,857.7294,618.00
7.740243,857.7836,690.00
7.740243,857.8377,630.00
7.740243,857.8918,667.00
7.740243,857.9459,644.00
7.740243,858.0000,651.00
7.740243,858.0541,639.00
7.740243,858.1082,699.00
7.740243,858.1624,623.00
7.740243,858.2164,694.00
7.740243,858.2704,663.00
7.740243,858.3245,689.00
7.740243,858.3787,651.00
7.740243,858.4327,683.00
7.740243,858.4868,639.00
7.740243,858.5408,661.00
7.740243,858.5949,620.00
7.740243,858.6489,681.00
7.740243,858.7030,629.00
7.740243,858.7570,695.00
7.740243,858.8110,668.00
7.740243,858.8651,682.00
7.740243,858.9192,692.00
7.740243,858.9732,690.00
7.740243,859.0272,665.00
7.740243,859.0812,710.00
7.740243,859.1352,613.00
7.740243,859.1892,686.00
7.740243,859.2432,623.00
7.740243,859.2972,680.00
7.740243,859.3512,671.00
7.740243,859.4052,662.00
7.740243,859.4592,647.00
7.740243,859.5132,665.00
7.740243,859.5671,594.00
7.740243,859.6210,687.00
7.740243,859.6750,617.00
7.740243,859.7289,697.00
7.740243,859.7830,576.00
7.740243,859.8369,641.00
7.740243,859.8908,647.00
7.740243,859.9447,612.00
7.740243,859.9987,606.00
7.740243,860.0527,664.00
7.740243,860.1065,624.00
7.740243,860.1605,665.00
7.740243,860.2144,640.00
7.740243,860.2682,673.00
7.740243,860.3222,632.00
7.740243,860.3761,664.00
7.740243,860.4299,594.00
7.740243,860.4838,654.00
7.740243,860.5377,578.00
7.740243,860.5916,682.00
7.740243,860.6455,624.00
7.740243,860.6993,673.00
7.740243,860.7532,631.00
7.740243,860.8071,655.00
7.740243,860.8610,591.00
7.740243,860.9148,648.00
7.740243,860.9687,608.00
7.740243,861.0225,671.00
7.740243,861.0763,633.00
7.740243,861.1301,647.00
7.740243,861.1840,612.00
7.740243,861.2378,668.00
7.740243,861.2916,619.00
7.740243,861.3454,644.00
7.740243,861.3992,595.00
7.740243,861.4531,678.00
7.740243,861.5068,574.00
7.740243,861.5606,659.00
7.740243,861.6144,608.00
7.740243,861.6682,641.00
7.740243,861.7220,601.00
7.740243,861.7758,663.00
7.740243,861.8295,613.00
7.740243,861.8833,632.00
7.740243,861.9370,622.00
7.740243,861.9908,676.00
7.740243,862.0446,621.00
7.740243,862.0983,680.00
7.740243,862.1520,640.00
7.740243,862.2057,627.00
7.740243,862.2595,598.00
7.740243,862.3132,620.00
7.740243,862.3669,572.00
7.740243,862.4206,670.00
7.740243,862.4744,579.00
7.740243,862.5281,667.00
7.740243,862.5818,596.00
7.740243,862.6355,654.00
7.740243,862.6891,617.00
7.740243,862.7429,647.00
7.740243,862.7966,621.00
7.740243,862.8502,628.00
7.740243,862.9039,593.00
7.740243,862.9575,644.00
7.740243,863.0112,639.00
7.740243,863.0648,626.00
7.740243,863.1185,594.00
7.740243,863.1722,646.00
7.740243,863.2258,578.00
7.740243,863.2794,661.00
7.740243,863.3330,571.00
7.740243,863.3867,641.00
7.740243,863.4403,557.00
7.740243,863.4940,643.00
7.740243,863.5475,628.00
7.740243,863.6011,615.00
7.740243,863.6548,604.00
7.740243,863.7084,624.00
7.740243,863.7620,597.00
7.740243,863.8156,614.00
7.740243,863.8691,581.00
7.740243,863.9228,636.00
7.740243,863.9763,612.00
7.740243,864.0299,654.00
7.740243,864.0834,585.00
7.740243,864.1370,646.00
7.740243,864.1906,584.00
7.740243,864.2441,632.00
7.740243,864.2977,593.00
7.740243,864.3512,662.00
7.740243,864.4047,619.00
7.740243,864.4583,632.00
7.740243,864.5118,606.00
7.740243,864.5653,600.00
7.740243,864.6189,571.00
7.740243,864.6724,607.00
7.740243,864.7258,610.00
7.740243,864.7794,621.00
7.740243,864.8329,600.00
7.740243,864.8864,687.00
7.740243,864.9398,621.00
7.740243,864.9933,637.00
7.740243,865.0469,586.00
7.740243,865.1003,622.00
7.740243,865.1538,593.00
7.740243,865.2072,628.00
7.740243,865.2607,610.00
7.740243,865.3142,657.00
7.740243,865.3676,613.00
7.740243,865.4211,610.00
7.740243,865.4745,608.00
7.740243,865.5279,641.00
7.740243,865.5814,604.00
7.740243,865.6348,642.00
7.740243,865.6882,607.00
7.740243,865.7416,648.00
7.740243,865.7950,636.00
7.740243,865.8484,658.00
7.740243,865.9019,613.00
7.740243,865.9552,629.00
7.740243,866.0087,608.00
7.740243,866.0620,614.00
7.740243,866.1154,603.00
7.740243,866.1688,678.00
7.740243,866.2222,606.00
7.740243,866.2755,656.00
7.740243,866.3289,663.00
7.740243,866.3822,645.00
7.740243,866.4356,631.00
7.740243,866.4890,619.00
7.740243,866.5423,626.00
7.740243,866.5956,635.00
7.740243,866.6489,610.00
7.740243,866.7023,663.00
7.740243,866.7556,601.00
7.740243,866.8089,621.00
7.740243,866.8622,625.00
7.740243,866.9155,667.00
7.740243,866.9689,581.00
7.740243,867.0222,670.00
7.740243,867.0755,574.00
7.740243,867.1287,658.00
7.740243,867.1820,609.00
7.740243,867.2354,652.00
7.740243,867.2886,617.00
7.740243,867.3419,645.00
7.740243,867.3951,623.00
7.740243,867.4484,640.00
7.740243,867.5016,590.00
7.740243,867.5549,672.00
7.740243,867.6082,608.00
7.740243,867.6614,651.00
7.740243,867.7146,648.00
7.740243,867.7678,651.00
7.740243,867.8211,634.00
7.740243,867.8743,642.00
7.740243,867.9276,617.00
7.740243,867.9807,644.00
7.740243,868.0339,593.00
7.740243,868.0872,657.00
7.740243,868.1403,623.00
7.740243,868.1935,620.00
7.740243,868.2467,574.00
7.740243,868.2999,648.00
7.740243,868.3531,576.00
7.740243,868.4062,653.00
7.740243,868.4594,604.00
7.740243,868.5126,659.00
7.740243,868.5657,640.00
7.740243,868.6189,634.00
7.740243,868.6721,624.00
7.740243,868.7252,612.00
7.740243,868.7783,599.00
7.740243,868.8315,622.00
7.740243,868.8846,579.00
7.740243,868.9377,656.00
7.740243,868.9908,606.00
7.740243,869.0439,669.00
7.740243,869.0970,633.00
7.740243,869.1501,633.00
7.740243,869.2032,588.00
7.740243,869.2564,599.00
7.740243,869.3094,576.00
7.740243,869.3625,634.00
7.740243,869.4156,608.00
7.740243,869.4688,652.00
7.740243,869.5218,603.00
7.740243,869.5748,664.00
7.740243,869.6279,615.00
7.740243,869.6809,600.00
7.740243,869.7340,574.00
7.740243,869.7870,621.00
7.740243,869.8401,628.00
7.740243,869.8931,651.00
7.740243,869.9462,622.00
7.740243,869.9993,613.00
7.740243,870.0522,640.00
7.740243,870.1052,644.00
7.740243,870.1583,595.00
7.740243,870.2112,677.00
7.740243,870.2642,578.00
7.740243,870.3173,632.00
7.740243,870.3702,566.00
7.740243,870.4232,669.00
7.740243,870.4762,622.00
7.740243,870.5292,641.00
7.740243,870.5822,608.00
7.740243,870.6351,647.00
7.740243,870.6881,594.00
7.740243,870.7410,651.00
7.740243,870.7940,628.00
7.740243,870.8470,648.00
7.740243,870.8999,593.00
7.740243,870.9528,665.00
7.740243,871.0057,655.00
7.740243,871.0587,646.00
7.740243,871.1116,616.00
7.740243,871.1646,654.00
7.740243,871.2175,604.00
7.740243,871.2704,681.00
7.740243,871.3232,629.00
7.740243,871.3762,654.00
7.740243,871.4291,637.00
7.740243,871.4820,652.00
7.740243,871.5348,620.00
7.740243,871.5877,656.00
7.740243,871.6406,625.00
7.740243,871.6935,700.00
7.740243,871.7463,630.00
7.740243,871.7992,642.00
7.740243,871.8521,652.00
7.740243,871.9049,628.00
7.740243,871.9578,668.00
7.740243,872.0106,665.00
7.740243,872.0635,609.00
7.740243,872.1162,666.00
7.740243,872.1691,616.00
7.740243,872.2219,684.00
7.740243,872.2747,606.00
7.740243,872.3275,638.00
7.740243,872.3803,661.00
7.740243,872.4332,642.00
7.740243,872.4860,640.00
7.740243,872.5387,673.00
7.740243,872.5915,599.00
7.740243,872.6443,662.00
7.740243,872.6971,661.00
7.740243,872.7499,694.00
7.740243,872.8026,622.00
7.740243,872.8553,651.00
7.740243,872.9081,641.00
7.740243,872.9609,648.00
7.740243,873.0136,623.00
7.740243,873.0663,653.00
7.740243,873.1191,561.00
7.740243,873.1718,674.00
7.740243,873.2245,626.00
7.740243,873.2773,661.00
7.740243,873.3300,626.00
7.740243,873.3827,638.00
7.740243,873.4354,627.00
7.740243,873.4882,725.00
7.740243,873.5408,630.00
7.740243,873.5935,671.00
7.740243,873.6462,633.00
7.740243,873.6989,667.00
7.740243,873.7515,650.00
7.740243,873.8042,649.00
7.740243,873.8569,623.00
7.740243,873.9096,662.00
7.740243,873.9622,595.00
7.740243,874.0149,701.00
7.740243,874.0675,640.00
7.740243,874.1202,649.00
7.740243,874.1729,607.00
7.740243,874.2255,651.00
7.740243,874.2781,642.00
7.740243,874.3307,638.00
7.740243,874.3834,600.00
7.740243,874.4360,663.00
7.740243,874.4885,631.00
7.740243,874.5411,675.00
7.740243,874.5938,605.00
7.740243,874.6463,636.00
7.740243,874.6990,627.00
7.740243,874.7515,643.00
7.740243,874.8041,595.00
7.740243,874.8567,678.00
7.740243,874.9092,626.00
7.740243,874.9619,683.00
7.740243,875.0144,627.00
7.740243,875.0669,675.00
7.740243,875.1194,649.00
7.740243,875.1720,669.00
7.740243,875.2246,617.00
7.740243,875.2772,677.00
7.740243,875.3296,621.00
7.740243,875.3821,672.00
7.740243,875.4346,608.00
7.740243,875.4872,666.00
7.740243,875.5397,636.00
7.740243,875.5922,662.00
7.740243,875.6447,618.00
7.740243,875.6971,676.00
7.740243,875.7498,593.00
7.740243,875.8022,672.00
7.740243,875.8547,599.00
7.740243,875.9071,693.00
7.740243,875.9596,628.00
7.740243,876.0120,658.00
7.740243,876.0646,642.00
7.740243,876.1169,659.00
7.740243,876.1694,618.00
7.740243,876.2219,658.00
7.740243,876.2743,629.00
7.740243,876.3268,677.00
7.740243,876.3792,605.00
7.740243,876.4316,663.00
7.740243,876.4840,699.00
7.740243,876.5364,642.00
7.740243,876.5889,598.00
7.740243,876.6413,704.00
7.740243,876.6937,623.00
7.740243,876.7460,681.00
7.740243,876.7985,647.00
7.740243,876.8509,695.00
7.740243,876.9032,632.00
7.740243,876.9556,649.00
7.740243,877.0079,604.00
7.740243,877.0604,667.00
7.740243,877.1127,587.00
7.740243,877.1651,658.00
7.740243,877.2174,616.00
7.740243,877.2697,628.00
7.740243,877.3221,659.00
7.740243,877.3744,631.00
7.740243,877.4268,617.00
7.740243,877.4791,644.00
7.740243,877.5314,596.00
7.740243,877.5837,653.00
7.740243,877.6360,597.00
7.740243,877.6884,648.00
7.740243,877.7407,594.00
7.740243,877.7930,652.00
7.740243,877.8452,626.00
7.740243,877.8975,624.00
7.740243,877.9498,584.00
7.740243,878.0021,671.00
7.740243,878.0544,606.00
7.740243,878.1066,657.00
7.740243,878.1589,612.00
7.740243,878.2111,616.00
7.740243,878.2634,641.00
7.740243,878.3157,613.00
7.740243,878.3679,584.00
7.740243,878.4202,636.00
7.740243,878.4724,598.00
7.740243,878.5246,668.00
7.740243,878.5768,610.00
7.740243,878.6290,652.00
7.740243,878.6812,600.00
7.740243,878.7335,615.00
7.740243,878.7856,638.00
7.740243,878.8379,583.00
7.740243,878.8901,592.00
7.740243,878.9422,638.00
7.740243,878.9944,613.00
7.740243,879.0466,657.00
7.740243,879.0988,599.00
7.740243,879.1509,682.00
7.740243,879.2031,625.00
7.740243,879.2552,594.00
7.740243,879.3074,632.00
7.740243,879.3596,653.00
7.740243,879.4117,587.00
7.740243,879.4638,674.00
7.740243,879.5159,587.00
7.740243,879.5681,634.00
7.740243,879.6202,608.00
7.740243,879.6723,607.00
7.740243,879.7244,633.00
7.740243,879.7766,645.00
7.740243,879.8287,575.00
7.740243,879.8808,658.00
7.740243,879.9329,565.00
7.740243,879.9849,640.00
7.740243,880.0370,584.00
7.740243,880.0891,647.00
7.740243,880.1412,597.00
7.740243,880.1932,646.00
7.740243,880.2452,562.00
7.740243,880.2973,652.00
7.740243,880.3495,611.00
7.740243,880.4015,678.00
7.740243,880.4536,609.00
7.740243,880.5056,623.00
7.740243,880.5576,630.00
7.740243,880.6096,629.00
7.740243,880.6616,569.00
7.740243,880.7137,622.00
7.740243,880.7656,565.00
7.740243,880.8176,647.00
7.740243,880.8696,592.00
7.740243,880.9217,642.00
7.740243,880.9737,603.00
7.740243,881.0256,636.00
7.740243,881.0776,591.00
7.740243,881.1296,656.00
7.740243,881.1816,557.00
7.740243,881.2336,641.00
7.740243,881.2855,602.00
7.740243,881.3374,621.00
7.740243,881.3893,622.00
7.740243,881.4413,610.00
7.740243,881.4933,598.00
7.740243,881.5452,635.00
7.740243,881.5972,582.00
7.740243,881.6490,615.00
7.740243,881.7010,579.00
7.740243,881.7530,631.00
7.740243,881.8049,581.00
7.740243,881.8568,643.00
7.740243,881.9086,595.00
7.740243,881.9605,589.00
7.740243,882.0125,601.00
7.740243,882.0643,632.00
7.740243,882.1162,575.00
7.740243,882.1681,647.00
7.740243,882.2199,570.00
7.740243,882.2719,616.00
7.740243,882.3237,610.00
7.740243,882.3755,585.00
7.740243,882.4274,537.00
7.740243,882.4792,583.00
7.740243,882.5311,564.00
7.740243,882.5829,599.00
7.740243,882.6348,584.00
7.740243,882.6866,634.00
7.740243,882.7383,619.00
7.740243,882.7902,638.00
7.740243,882.8420,619.00
7.740243,882.8939,610.00
7.740243,882.9457,565.00
7.740243,882.9974,627.00
7.740243,883.0493,583.00
7.740243,883.1011,623.00
7.740243,883.1528,553.00
7.740243,883.2046,632.00
7.740243,883.2563,625.00
7.740243,883.3081,589.00
7.740243,883.3599,581.00
7.740243,883.4116,612.00
7.740243,883.4634,566.00
7.740243,883.5151,624.00
7.740243,883.5668,590.00
7.740243,883.6187,610.00
7.740243,883.6703,606.00
7.740243,883.7220,625.00
7.740243,883.7738,624.00
7.740243,883.8254,641.00
7.740243,883.8773,555.00
7.740243,883.9289,673.00
7.740243,883.9806,590.00
7.740243,884.0323,670.00
7.740243,884.0840,628.00
7.740243,884.1357,659.00
7.740243,884.1874,614.00
7.740243,884.2391,637.00
7.740243,884.2907,565.00
7.740243,884.3423,656.00
7.740243,884.3940,573.00
7.740243,884.4457,623.00
7.740243,884.4974,594.00
7.740243,884.5490,610.00
7.740243,884.6006,580.00
7.740243,884.6523,634.00
7.740243,884.7039,577.00
7.740243,884.7555,655.00
7.740243,884.8071,573.00
7.740243,884.8588,664.00
7.740243,884.9103,625.00
7.740243,884.9620,656.00
7.740243,885.0136,661.00
7.740243,885.0651,630.00
7.740243,885.1168,584.00
7.740243,885.1683,646.00
7.740243,885.2200,610.00
7.740243,885.2715,654.00
7.740243,885.3231,591.00
7.740243,885.3746,666.00
7.740243,885.4262,653.00
7.740243,885.4778,641.00
7.740243,885.5293,627.00
7.740243,885.5809,633.00
7.740243,885.6324,565.00
7.740243,885.6839,620.00
7.740243,885.7355,568.00
7.740243,885.7870,667.00
7.740243,885.8385,592.00
7.740243,885.8900,652.00
7.740243,885.9415,612.00
7.740243,885.9930,634.00
7.740243,886.0446,605.00
7.740243,886.0960,666.00
7.740243,886.1475,594.00
7.740243,886.1990,664.00
7.740243,886.2504,635.00
7.740243,886.3020,668.00
7.740243,886.3534,599.00
7.740243,886.4048,641.00
7.740243,886.4564,610.00
7.740243,886.5078,643.00
7.740243,886.5593,604.00
7.740243,886.6107,661.00
7.740243,886.6621,606.00
7.740243,886.7136,667.00
7.740243,886.7650,615.00
7.740243,886.8164,652.00
7.740243,886.8679,638.00
7.740243,886.9193,625.00
7.740243,886.9706,583.00
7.740243,887.0220,639.00
7.740243,887.0735,604.00
7.740243,887.1249,617.00
7.740243,887.1762,598.00
7.740243,887.2276,661.00
7.740243,887.2789,639.00
7.740243,887.3304,602.00
7.740243,887.3818,618.00
7.740243,887.4331,657.00
7.740243,887.4844,604.00
7.740243,887.5358,665.00
7.740243,887.5871,589.00
7.740243,887.6385,655.00
7.740243,887.6898,654.00
7.740243,887.7411,656.00
7.740243,887.7925,638.00
7.740243,887.8438,656.00
7.740243,887.8951,589.00
7.740243,887.9464,681.00
7.740243,887.9977,650.00
7.740243,888.0490,725.00
7.740243,888.1003,628.00
7.740243,888.1516,650.00
7.740243,888.2029,590.00
7.740243,888.2542,645.00
7.740243,888.3054,610.00
7.740243,888.3567,670.00
7.740243,888.4080,637.00
7.740243,888.4592,667.00
7.740243,888.5105,636.00
7.740243,888.5618,681.00
7.740243,888.6130,633.00
7.740243,888.6642,660.00
7.740243,888.7155,623.00
7.740243,888.7667,664.00
7.740243,888.8179,624.00
7.740243,888.8691,666.00
7.740243,888.9204,638.00
7.740243,888.9716,641.00
7.740243,889.0228,650.00
7.740243,889.0740,656.00
7.740243,889.1252,677.00
7.740243,889.1764,651.00
7.740243,889.2275,602.00
7.740243,889.2787,667.00
7.740243,889.3299,636.00
7.740243,889.3810,694.00
7.740243,889.4322,667.00
7.740243,889.4835,667.00
7.740243,889.5346,627.00
7.740243,889.5857,658.00
7.740243,889.6368,617.00
7.740243,889.6879,667.00
7.740243,889.7391,581.00
7.740243,889.7903,643.00
7.740243,889.8414,613.00
7.740243,889.8925,670.00
7.740243,889.9435,651.00
7.740243,889.9948,642.00
7.740243,890.0458,609.00
7.740243,890.0969,662.00
7.740243,890.1479,599.00
7.740243,890.1990,669.00
7.740243,890.2501,615.00
7.740243,890.3012,654.00
7.740243,890.3523,653.00
7.740243,890.4034,621.00
7.740243,890.4545,616.00
7.740243,890.5054,623.00
7.740243,890.5566,583.00
7.740243,890.6076,652.00
7.740243,890.6586,594.00
7.740243,890.7097,642.00
7.740243,890.7607,597.00
7.740243,890.8117,659.00
7.740243,890.8627,624.00
7.740243,890.9138,621.00
7.740243,890.9647,585.00
7.740243,891.0157,624.00
7.740243,891.0668,579.00
7.740243,891.1178,644.00
7.740243,891.1688,588.00
7.740243,891.2197,618.00
7.740243,891.2707,610.00
7.740243,891.3217,599.00
7.740243,891.3727,590.00
7.740243,891.4236,622.00
7.740243,891.4745,567.00
7.740243,891.5256,657.00
7.740243,891.5765,581.00
7.740243,891.6275,633.00
7.740243,891.6783,585.00
7.740243,891.7293,623.00
7.740243,891.7802,598.00
7.740243,891.8312,638.00
7.740243,891.8821,562.00
7.740243,891.9330,666.00
7.740243,891.9839,577.00
7.740243,892.0348,627.00
7.740243,892.0857,597.00
7.740243,892.1366,643.00
7.740243,892.1875,589.00
7.740243,892.2383,630.00
7.740243,892.2892,603.00
7.740243,892.3401,630.00
7.740243,892.3911,581.00
7.740243,892.4418,656.00
7.740243,892.4927,607.00
7.740243,892.5436,659.00
7.740243,892.5944,619.00
7.740243,892.6452,608.00
7.740243,892.6961,616.00
7.740243,892.7469,621.00
7.740243,892.7977,595.00
7.740243,892.8485,601.00
7.740243,892.8993,600.00
7.740243,892.9502,668.00
7.740243,893.0010,598.00
7.740243,893.0518,615.00
7.740243,893.1025,592.00
7.740243,893.1534,614.00
7.740243,893.2042,588.00
7.740243,893.2549,689.00
7.740243,893.3057,601.00
7.740243,893.3564,668.00
7.740243,893.4072,651.00
7.740243,893.4580,608.00
7.740243,893.5087,612.00
7.740243,893.5595,664.00
7.740243,893.6102,582.00
7.740243,893.6609,677.00
7.740243,893.7117,556.00
7.740243,893.7625,668.00
7.740243,893.8132,632.00
7.740243,893.8639,673.00
7.740243,893.9146,632.00
7.740243,893.9653,614.00
7.740243,894.0160,586.00
7.740243,894.0667,628.00
7.740243,894.1174,616.00
7.740243,894.1681,620.00
7.740243,894.2188,603.00
7.740243,894.2695,651.00
7.740243,894.3201,644.00
7.740243,894.3708,626.00
7.740243,894.4214,596.00
7.740243,894.4720,651.00
7.740243,894.5228,597.00
7.740243,894.5734,694.00
7.740243,894.6240,611.00
7.740243,894.6746,660.00
7.740243,894.7252,685.00
7.740243,894.7759,630.00
7.740243,894.8265,643.00
7.740243,894.8771,637.00
7.740243,894.9277,594.00
7.740243,894.9783,646.00
7.740243,895.0290,575.00
7.740243,895.0795,681.00
7.740243,895.1301,608.00
7.740243,895.1807,639.00
7.740243,895.2313,609.00
7.740243,895.2819,609.00
7.740243,895.3325,600.00
7.740243,895.3830,640.00
7.740243,895.4336,563.00
7.740243,895.4841,682.00
7.740243,895.5347,600.00
7.740243,895.5852,644.00
7.740243,895.6357,616.00
7.740243,895.6863,657.00
7.740243,895.7368,619.00
7.740243,895.7874,638.00
7.740243,895.8379,560.00
7.740243,895.8884,642.00
7.740243,895.9388,584.00
7.740243,895.9893,647.00
7.740243,896.0399,611.00
7.740243,896.0904,642.00
7.740243,896.1408,637.00
7.740243,896.1913,632.00
7.740243,896.2418,589.00
7.740243,896.2922,651.00
7.740243,896.3427,623.00
7.740243,896.3932,698.00
7.740243,896.4437,652.00
7.740243,896.4941,686.00
7.740243,896.5445,649.00
7.740243,896.5950,649.00
7.740243,896.6454,667.00
7.740243,896.6958,636.00
7.740243,896.7462,593.00
7.740243,896.7967,654.00
7.740243,896.8471,616.00
7.740243,896.8975,641.00
7.740243,896.9479,626.00
7.740243,896.9983,654.00
7.740243,897.0486,621.00
7.740243,897.0991,624.00
7.740243,897.1495,610.00
7.740243,897.1998,697.00
7.740243,897.2502,573.00
7.740243,897.3005,684.00
7.740243,897.3510,636.00
7.740243,897.4013,637.00
7.740243,897.4517,644.00
7.740243,897.5020,640.00
7.740243,897.5523,620.00
7.740243,897.6026,690.00
7.740243,897.6530,612.00
7.740243,897.7033,650.00
7.740243,897.7537,594.00
7.740243,897.8040,654.00
7.740243,897.8542,627.00
7.740243,897.9046,646.00
7.740243,897.9549,623.00
7.740243,898.0051,667.00
7.740243,898.0554,607.00
7.740243,898.1057,641.00
7.740243,898.1560,615.00
7.740243,898.2063,673.00
7.740243,898.2565,627.00
7.740243,898.3068,603.00
7.740243,898.3571,630.00
7.740243,898.4073,597.00
7.740243,898.4576,566.00
7.740243,898.5078,631.00
7.740243,898.5580,567.00
7.740243,898.6083,687.00
7.740243,898.6584,638.00
7.740243,898.7087,637.00
7.740243,898.7590,623.00
7.740243,898.8091,609.00
7.740243,898.8593,623.00
7.740243,898.9095,645.00
7.740243,898.9598,582.00
7.740243,899.0099,679.00
7.740243,899.0601,594.00
7.740243,899.1103,643.00
7.740243,899.1605,590.00
7.740243,899.2107,601.00
7.740243,899.2608,591.00
7.740243,899.3109,613.00
7.740243,899.3611,581.00
7.740243,899.4113,667.00
7.740243,899.4614,612.00
7.740243,899.5115,661.00
7.740243,899.5616,630.00
7.740243,899.6118,642.00
7.740243,899.6619,605.00
7.740243,899.7121,610.00
7.740243,899.7622,586.00
7.740243,899.8123,633.00
7.740243,899.8624,571.00
7.740243,899.9124,624.00
7.740243,899.9626,589.00
7.740243,900.0126,605.00
7.740243,900.0627,604.00
7.740243,900.1127,623.00
7.740243,900.1628,564.00
7.740243,900.2130,634.00
7.740243,900.2631,546.00
7.740243,900.3130,620.00
7.740243,900.3631,583.00
7.740243,900.4131,640.00
7.740243,900.4632,615.00
7.740243,900.5132,611.00
7.740243,900.5633,566.00
7.740243,900.6132,611.00
7.740243,900.6632,582.00
7.740243,900.7133,621.00
7.740243,900.7633,555.00
7.740243,900.8133,639.00
7.740243,900.8633,567.00
7.740243,900.9133,647.00
7.740243,900.9633,606.00
7.740243,901.0133,605.00
7.740243,901.0632,559.00
7.740243,901.1132,617.00
7.740243,901.1631,591.00
7.740243,901.2131,645.00
7.740243,901.2631,618.00
7.740243,901.3130,625.00
7.740243,901.3630,602.00
7.740243,901.4129,615.00
7.740243,901.4628,606.00
7.740243,901.5128,601.00
7.740243,901.5627,572.00
7.740243,901.6126,647.00
7.740243,901.6625,617.00
7.740243,901.7124,619.00
7.740243,901.7623,606.00
7.740243,901.8123,600.00
7.740243,901.8621,591.00
7.740243,901.9120,614.00
7.740243,901.9619,565.00
7.740243,902.0117,655.00
7.740243,902.0616,602.00
7.740243,902.1115,609.00
7.740243,902.1613,607.00
7.740243,902.2112,592.00
7.740243,902.2610,605.00
7.740243,902.3109,605.00
7.740243,902.3608,584.00
7.740243,902.4106,609.00
7.740243,902.4604,580.00
7.740243,902.5103,646.00
7.740243,902.5601,584.00
7.740243,902.6099,624.00
7.740243,902.6597,600.00
7.740243,902.7095,646.00
7.740243,902.7592,627.00
7.740243,902.8090,624.00
7.740243,902.8589,566.00
7.740243,902.9086,646.00
7.740243,902.9584,623.00
7.740243,903.0082,667.00
7.740243,903.0580,622.00
7.740243,903.1077,631.00
7.740243,903.1575,607.00
7.740243,903.2072,627.00
7.740243,903.2570,595.00
7.740243,903.3067,649.00
7.740243,903.3564,603.00
7.740243,903.4062,649.00
7.740243,903.4559,603.00
7.740243,903.5056,631.00
7.740243,903.5553,622.00
7.740243,903.6050,597.00
7.740243,903.6547,586.00
7.740243,903.7045,647.00
7.740243,903.7541,577.00
7.740243,903.8038,661.00
7.740243,903.8535,600.00
7.740243,903.9032,631.00
7.740243,903.9528,603.00
7.740243,904.0025,650.00
7.740243,904.0522,588.00
7.740243,904.1019,614.00
7.740243,904.1515,559.00
7.740243,904.2012,643.00
7.740243,904.2507,571.00
7.740243,904.3004,646.00
7.740243,904.3500,591.00
7.740243,904.3997,573.00
7.740243,904.4493,599.00
7.740243,904.4989,613.00
7.740243,904.5485,565.00
7.740243,904.5980,635.00
7.740243,904.6477,572.00
7.740243,904.6973,609.00
7.740243,904.7469,566.00
7.740243,904.7964,626.00
7.740243,904.8460,591.00
7.740243,904.8956,572.00
7.740243,904.9452,560.00
7.740243,904.9947,585.00
7.740243,905.0443,537.00
7.740243,905.0938,617.00
7.740243,905.1434,604.00
7.740243,905.1929,594.00
7.740243,905.2424,602.00
7.740243,905.2919,612.00
7.740243,905.3414,586.00
7.740243,905.3910,594.00
7.740243,905.4406,567.00
7.740243,905.4901,661.00
7.740243,905.5396,558.00
7.740243,905.5890,625.00
7.740243,905.6385,615.00
7.740243,905.6880,639.00
7.740243,905.7375,614.00
7.740243,905.7870,663.00
7.740243,905.8364,590.00
7.740243,905.8859,625.00
7.740243,905.9354,601.00
7.740243,905.9848,677.00
7.740243,906.0342,673.00
7.740243,906.0837,649.00
7.740243,906.1331,602.00
7.740243,906.1826,622.00
7.740243,906.2321,598.00
7.740243,906.2814,660.00
7.740243,906.3309,588.00
7.740243,906.3802,639.00
7.740243,906.4297,623.00
7.740243,906.4791,631.00
7.740243,906.5285,616.00
7.740243,906.5779,632.00
7.740243,906.6273,571.00
7.740243,906.6766,629.00
7.740243,906.7260,609.00
7.740243,906.7754,682.00
7.740243,906.8248,576.00
7.740243,906.8741,643.00
7.740243,906.9235,622.00
7.740243,906.9729,620.00
7.740243,907.0222,609.00
7.740243,907.0715,636.00
7.740243,907.1208,579.00
7.740243,907.1702,659.00
7.740243,907.2195,608.00
7.740243,907.2688,652.00
7.740243,907.3181,616.00
7.740243,907.3674,629.00
7.740243,907.4167,601.00
7.740243,907.4660,602.00
7.740243,907.5153,572.00
7.740243,907.5646,632.00
7.740243,907.6139,592.00
7.740243,907.6631,660.00
7.740243,907.7125,615.00
7.740243,907.7617,626.00
7.740243,907.8110,550.00
7.740243,907.8602,610.00
7.740243,907.9094,594.00
7.740243,907.9587,605.00
7.740243,908.0080,547.00
7.740243,908.0572,659.00
7.740243,908.1064,581.00
7.740243,908.1556,649.00
7.740243,908.2048,616.00
7.740243,908.2541,597.00
7.740243,908.3033,631.00
7.740243,908.3524,636.00
7.740243,908.4017,568.00
7.740243,908.4508,622.00
7.740243,908.5000,586.00
7.740243,908.5493,617.00
7.740243,908.5984,618.00
7.740243,908.6475,634.00
7.740243,908.6967,581.00
7.740243,908.7459,611.00
7.740243,908.7950,588.00
7.740243,908.8442,637.00
7.740243,908.8932,601.00
7.740243,908.9424,634.00
7.740243,908.9916,623.00
7.740243,909.0407,656.00
7.740243,909.0898,638.00
7.740243,909.1389,638.00
7.740243,909.1880,583.00
7.740243,909.2372,605.00
7.740243,909.2863,584.00
7.740243,909.3354,659.00
7.740243,909.3845,593.00
7.740243,909.4335,667.00
7.740243,909.4825,622.00
7.740243,909.5317,602.00
7.740243,909.5807,585.00
7.740243,909.6298,650.00
7.740243,909.6789,567.00
7.740243,909.7280,623.00
7.740243,909.7770,599.00
7.740243,909.8260,642.00
7.740243,909.8751,585.00
7.740243,909.9241,631.00
7.740243,909.9731,625.00
7.740243,910.0222,637.00
7.740243,910.0711,621.00
7.740243,910.1201,646.00
7.740243,910.1691,559.00
7.740243,910.2181,626.00
7.740243,910.2672,596.00
7.740243,910.3162,648.00
7.740243,910.3651,613.00
7.740243,910.4141,615.00
7.740243,910.4631,611.00
7.740243,910.5120,592.00
7.740243,910.5610,566.00
7.740243,910.6099,624.00
7.740243,910.6589,613.00
7.740243,910.7078,635.00
7.740243,910.7568,622.00
7.740243,910.8057,645.00
7.740243,910.8546,626.00
7.740243,910.9036,646.00
7.740243,910.9525,577.00
7.740243,911.0013,635.00
7.740243,911.0503,616.00
7.740243,911.0992,639.00
7.740243,911.1481,613.00
7.740243,911.1970,628.00
7.740243,911.2459,613.00
7.740243,911.2948,616.00
7.740243,911.3436,589.00
7.740243,911.3925,620.00
7.740243,911.4414,596.00
7.740243,911.4902,668.00
7.740243,911.5391,652.00
7.740243,911.5880,626.00
7.740243,911.6368,626.00
7.740243,911.6857,624.00
7.740243,911.7344,602.00
7.740243,911.7833,650.00
7.740243,911.8321,597.00
7.740243,911.8809,667.00
7.740243,911.9297,606.00
7.740243,911.9785,651.00
7.740243,912.0273,659.00
7.740243,912.0762,606.00
7.740243,912.1249,649.00
7.740243,912.1737,653.00
7.740243,912.2225,553.00
7.740243,912.2712,639.00
7.740243,912.3201,637.00
7.740243,912.3688,678.00
7.740243,912.4176,626.00
7.740243,912.4663,646.00
7.740243,912.5150,587.00
7.740243,912.5638,674.00
7.740243,912.6125,619.00
7.740243,912.6613,661.00
7.740243,912.7100,589.00
7.740243,912.7587,643.00
7.740243,912.8074,631.00
7.740243,912.8561,647.00
7.740243,912.9048,650.00
7.740243,912.9535,674.00
7.740243,913.0023,643.00
7.740243,913.0510,657.00
7.740243,913.0996,619.00
7.740243,913.1483,679.00
7.740243,913.1969,609.00
7.740243,913.2456,653.00
7.740243,913.2943,668.00
7.740243,913.3430,657.00
7.740243,913.3916,635.00
7.740243,913.4402,660.00
7.740243,913.4888,622.00
7.740243,913.5375,712.00
7.740243,913.5862,618.00
7.740243,913.6348,667.00
7.740243,913.6834,642.00
7.740243,913.7320,669.00
7.740243,913.7806,668.00
7.740243,913.8292,667.00
7.740243,913.8778,633.00
7.740243,913.9264,665.00
7.740243,913.9750,602.00
7.740243,914.0236,682.00
7.740243,914.0721,647.00
7.740243,914.1207,676.00
7.740243,914.1693,618.00
7.740243,914.2178,675.00
7.740243,914.2664,623.00
7.740243,914.3149,649.00
7.740243,914.3635,612.00
7.740243,914.4120,651.00
7.740243,914.4606,661.00
7.740243,914.5090,703.00
7.740243,914.5576,656.00
7.740243,914.6061,680.00
7.740243,914.6546,657.00
7.740243,914.7031,682.00
7.740243,914.7516,609.00
7.740243,914.8001,688.00
7.740243,914.8486,628.00
7.740243,914.8971,678.00
7.740243,914.9456,651.00
7.740243,914.9941,658.00
7.740243,915.0425,646.00
7.740243,915.0910,648.00
7.740243,915.1395,625.00
7.740243,915.1879,685.00
7.740243,915.2363,619.00
7.740243,915.2849,679.00
7.740243,915.3333,652.00
7.740243,915.3817,700.00
7.740243,915.4301,652.00
7.740243,915.4785,679.00
7.740243,915.5269,615.00
7.740243,915.5754,628.00
7.740243,915.6237,600.00
7.740243,915.6721,674.00
7.740243,915.7205,633.00
7.740243,915.7689,701.00
7.740243,915.8173,670.00
7.740243,915.8657,654.00
7.740243,915.9141,621.00
7.740243,915.9623,668.00
7.740243,916.0107,608.00
7.740243,916.0591,669.00
7.740243,916.1075,627.00
7.740243,916.1558,668.00
7.740243,916.2042,624.00
7.740243,916.2524,644.00
7.740243,916.3008,640.00
7.740243,916.3491,681.00
7.740243,916.3974,590.00
7.740243,916.4457,660.00
7.740243,916.4940,604.00
7.740243,916.5423,644.00
7.740243,916.5907,656.00
7.740243,916.6390,655.00
7.740243,916.6872,648.00
7.740243,916.7355,670.00
7.740243,916.7838,610.00
7.740243,916.8320,678.00
7.740243,916.8803,619.00
7.740243,916.9286,668.00
7.740243,916.9768,607.00
7.740243,917.0250,673.00
7.740243,917.0733,689.00
7.740243,917.1216,647.00
7.740243,917.1698,640.00
7.740243,917.2180,643.00
7.740243,917.2662,610.00
7.740243,917.3145,632.00
7.740243,917.3626,623.00
7.740243,917.4109,682.00
7.740243,917.4590,605.00
7.740243,917.5072,679.00
7.740243,917.5554,630.00
7.740243,917.6036,681.00
7.740243,917.6518,615.00
7.740243,917.7000,688.00
7.740243,917.7481,611.00
7.740243,917.7963,685.00
7.740243,917.8444,614.00
7.740243,917.8926,681.00
7.740243,917.9407,658.00
7.740243,917.9888,645.00
7.740243,918.0369,622.00
7.740243,918.0851,669.00
7.740243,918.1332,642.00
7.740243,918.1813,687.00
7.740243,918.2294,626.00
7.740243,918.2776,693.00
7.740243,918.3257,634.00
7.740243,918.3737,659.00
7.740243,918.4218,643.00
7.740243,918.4699,671.00
7.740243,918.5180,602.00
7.740243,918.5660,667.00
7.740243,918.6142,619.00
7.740243,918.6622,679.00
7.740243,918.7103,643.00
7.740243,918.7583,681.00
7.740243,918.8064,673.00
7.740243,918.8544,645.00
7.740243,918.9025,641.00
7.740243,918.9505,661.00
7.740243,918.9985,612.00
7.740243,919.0464,692.00
7.740243,919.0945,644.00
7.740243,919.1426,692.00
7.740243,919.1905,668.00
7.740243,919.2385,646.00
7.740243,919.2866,616.00
7.740243,919.3345,672.00
7.740243,919.3825,614.00
7.740243,919.4304,674.00
7.740243,919.4785,621.00
7.740243,919.5264,670.00
7.740243,919.5744,650.00
7.740243,919.6224,635.00
7.740243,919.6703,635.00
7.740243,919.7182,650.00
7.740243,919.7661,615.00
7.740243,919.8141,677.00
7.740243,919.8620,657.00
7.740243,919.9100,701.00
7.740243,919.9578,643.00
7.740243,920.0057,695.00
7.740243,920.0536,658.00
7.740243,920.1016,634.00
7.740243,920.1495,618.00
7.740243,920.1973,659.00
7.740243,920.2452,567.00
7.740243,920.2932,657.00
7.740243,920.3410,647.00
7.740243,920.3888,691.00
7.740243,920.4367,663.00
7.740243,920.4846,649.00
7.740243,920.5323,630.00
7.740243,920.5803,595.00
7.740243,920.6281,615.00
7.740243,920.6759,653.00
7.740243,920.7237,646.00
7.740243,920.7715,659.00
7.740243,920.8195,635.00
7.740243,920.8672,617.00
7.740243,920.9150,612.00
7.740243,920.9628,661.00
7.740243,921.0106,613.00
7.740243,921.0584,689.00
7.740243,921.1062,604.00
7.740243,921.1540,662.00
7.740243,921.2017,614.00
7.740243,921.2495,634.00
7.740243,921.2973,590.00
7.740243,921.3450,652.00
7.740243,921.3928,583.00
7.740243,921.4405,663.00
7.740243,921.4882,565.00
7.740243,921.5359,657.00
7.740243,921.5837,650.00
7.740243,921.6315,695.00
7.740243,921.6791,625.00
7.740243,921.7269,648.00
7.740243,921.7746,614.00
7.740243,921.8223,611.00
7.740243,921.8700,601.00
7.740243,921.9177,636.00
7.740243,921.9653,608.00
7.740243,922.0130,673.00
7.740243,922.0607,651.00
7.740243,922.1084,650.00
7.740243,922.1561,610.00
7.740243,922.2037,632.00
7.740243,922.2513,628.00
7.740243,922.2990,645.00
7.740243,922.3467,599.00
7.740243,922.3943,669.00
7.740243,922.4419,622.00
7.740243,922.4895,654.00
7.740243,922.5371,634.00
7.740243,922.5848,645.00
7.740243,922.6324,638.00
7.740243,922.6800,641.00
7.740243,922.7276,587.00
7.740243,922.7752,673.00
7.740243,922.8228,618.00
7.740243,922.8704,689.00
7.740243,922.9179,606.00
7.740243,922.9655,657.00
7.740243,923.0130,644.00
7.740243,923.0607,699.00
7.740243,923.1082,608.00
7.740243,923.1558,685.00
7.740243,923.2032,608.00
7.740243,923.2508,652.00
7.740243,923.2983,633.00
7.740243,923.3459,660.00
7.740243,923.3934,632.00
7.740243,923.4409,650.00
7.740243,923.4884,604.00
7.740243,923.5359,662.00
7.740243,923.5834,616.00
7.740243,923.6309,664.00
7.740243,923.6784,623.00
7.740243,923.7259,668.00
7.740243,923.7734,633.00
7.740243,923.8209,600.00
7.740243,923.8683,596.00
7.740243,923.9158,657.00
7.740243,923.9632,644.00
7.740243,924.0106,696.00
7.740243,924.0581,614.00
7.740243,924.1056,654.00
7.740243,924.1530,630.00
7.740243,924.2004,658.00
7.740243,924.2479,624.00
7.740243,924.2952,651.00
7.740243,924.3427,571.00
7.740243,924.3901,683.00
7.740243,924.4375,623.00
7.740243,924.4849,700.00
7.740243,924.5323,623.00
7.740243,924.5797,637.00
7.740243,924.6270,645.00
7.740243,924.6744,655.00
7.740243,924.7218,606.00
7.740243,924.7692,683.00
7.740243,924.8165,582.00
7.740243,924.8639,676.00
7.740243,924.9112,615.00
7.740243,924.9585,671.00
7.740243,925.0059,647.00
7.740243,925.0532,619.00
7.740243,925.1005,628.00
7.740243,925.1478,665.00
7.740243,925.1952,605.00
7.740243,925.2424,675.00
7.740243,925.2897,617.00
7.740243,925.3370,666.00
7.740243,925.3843,634.00
7.740243,925.4316,664.00
7.740243,925.4789,631.00
7.740243,925.5262,672.00
7.740243,925.5734,627.00
7.740243,925.6207,673.00
7.740243,925.6680,638.00
7.740243,925.7153,659.00
7.740243,925.7625,640.00
7.740243,925.8097,621.00
7.740243,925.8569,650.00
7.740243,925.9042,661.00
7.740243,925.9514,595.00
7.740243,925.9987,686.00
7.740243,926.0458,612.00
7.740243,926.0930,691.00
7.740243,926.1403,620.00
7.740243,926.1874,693.00
7.740243,926.2346,625.00
7.740243,926.2819,664.00
7.740243,926.3290,627.00
7.740243,926.3762,656.00
7.740243,926.4233,582.00
7.740243,926.4705,706.00
7.740243,926.5177,646.00
7.740243,926.5648,701.00
7.740243,926.6120,692.00
7.740243,926.6591,713.00
7.740243,926.7063,621.00
7.740243,926.7534,643.00
7.740243,926.8005,590.00
7.740243,926.8477,708.00
7.740243,926.8947,646.00
7.740243,926.9418,694.00
7.740243,926.9890,685.00
7.740243,927.0361,683.00
7.740243,927.0831,626.00
7.740243,927.1302,707.00
7.740243,927.1773,621.00
7.740243,927.2244,706.00
7.740243,927.2715,657.00
7.740243,927.3185,691.00
7.740243,927.3656,661.00
7.740243,927.4126,702.00
7.740243,927.4597,681.00
7.740243,927.5067,646.00
7.740243,927.5538,629.00
7.740243,927.6008,684.00
7.740243,927.6478,637.00
7.740243,927.6949,704.00
7.740243,927.7419,675.00
7.740243,927.7888,680.00
7.740243,927.8358,700.00
7.740243,927.8829,730.00
7.740243,927.9299,634.00
7.740243,927.9769,719.00
7.740243,928.0239,658.00
7.740243,928.0708,702.00
7.740243,928.1177,631.00
7.740243,928.1648,753.00
7.740243,928.2117,649.00
7.740243,928.2587,683.00
7.740243,928.3056,669.00
7.740243,928.3525,665.00
7.740243,928.3995,624.00
7.740243,928.4465,672.00
7.740243,928.4934,653.00
7.740243,928.5402,704.00
7.740243,928.5872,636.00
7.740243,928.6340,694.00
7.740243,928.6810,680.00
7.740243,928.7279,670.00
7.740243,928.7748,656.00
7.740243,928.8217,690.00
7.740243,928.8685,651.00
7.740243,928.9155,678.00
7.740243,928.9623,637.00
7.740243,929.0092,720.00
7.740243,929.0560,647.00
7.740243,929.1028,679.00
7.740243,929.1498,631.00
7.740243,929.1965,676.00
7.740243,929.2434,660.00
7.740243,929.2902,703.00
7.740243,929.3370,623.00
7.740243,929.3839,671.00
7.740243,929.4307,648.00
7.740243,929.4775,682.00
7.740243,929.5243,679.00
7.740243,929.5710,679.00
7.740243,929.6179,619.00
7.740243,929.6647,664.00
7.740243,929.7115,615.00
7.740243,929.7582,677.00
7.740243,929.8050,629.00
7.740243,929.8517,709.00
7.740243,929.8986,634.00
7.740243,929.9453,661.00
7.740243,929.9921,672.00
7.740243,930.0388,700.00
7.740243,930.0854,634.00
7.740243,930.1323,685.00
7.740243,930.1790,628.00
7.740243,930.2256,700.00
7.740243,930.2724,688.00
7.740243,930.3191,655.00
7.740243,930.3658,628.00
7.740243,930.4125,672.00
7.740243,930.4592,608.00
7.740243,930.5059,694.00
7.740243,930.5526,639.00
7.740243,930.5993,676.00
7.740243,930.6459,674.00
7.740243,930.6926,668.00
7.740243,930.7392,679.00
7.740243,930.7859,689.00
7.740243,930.8325,594.00
7.740243,930.8792,677.00
7.740243,930.9258,620.00
7.740243,930.9725,699.00
7.740243,931.0190,654.00
7.740243,931.0657,677.00
7.740243,931.1123,680.00
7.740243,931.1589,666.00
7.740243,931.2055,619.00
7.740243,931.2521,649.00
7.740243,931.2987,622.00
7.740243,931.3453,664.00
7.740243,931.3919,643.00
7.740243,931.4385,683.00
7.740243,931.4850,660.00
7.740243,931.5316,653.00
7.740243,931.5782,624.00
7.740243,931.6248,643.00
7.740243,931.6713,643.00
7.740243,931.7178,688.00
7.740243,931.7643,644.00
7.740243,931.8109,676.00
7.740243,931.8574,673.00
7.740243,931.9039,649.00
7.740243,931.9504,694.00
7.740243,931.9969,642.00
7.740243,932.0435,620.00
7.740243,932.0900,706.00
7.740243,932.1365,628.00
7.740243,932.1829,671.00
7.740243,932.2294,645.00
7.740243,932.2759,690.00
7.740243,932.3223,655.00
7.740243,932.3688,660.00
7.740243,932.4153,657.00
7.740243,932.4617,702.00
7.740243,932.5082,675.00
7.740243,932.5546,721.00
7.740243,932.6011,676.00
7.740243,932.6475,720.00
7.740243,932.6939,709.00
7.740243,932.7402,695.00
7.740243,932.7867,668.00
7.740243,932.8331,716.00
7.740243,932.8795,646.00
7.740243,932.9259,766.00
7.740243,932.9723,669.00
7.740243,933.0187,756.00
7.740243,933.0651,742.00
7.740243,933.1115,791.00
7.740243,933.1578,749.00
7.740243,933.2042,776.00
7.740243,933.2505,796.00
7.740243,933.2969,901.00
7.740243,933.3433,1007.00
7.740243,933.3896,1206.00
7.740243,933.4359,1592.00
7.740243,933.4822,2346.00
7.740243,933.5286,3416.00
7.740243,933.5749,5035.00
7.740243,933.6212,5457.00
7.740243,933.6675,4576.00
7.740243,933.7138,5251.00
7.740243,933.7601,7164.00
7.740243,933.8064,7531.00
7.740243,933.8527,5310.00
7.740243,933.8989,2826.00
7.740243,933.9452,1741.00
7.740243,933.9915,1662.00
7.740243,934.0378,1785.00
7.740243,934.0840,1615.00
7.740243,934.1302,1769.00
7.740243,934.1765,1830.00
7.740243,934.2227,1793.00
7.740243,934.2690,1524.00
7.740243,934.3152,1155.00
7.740243,934.3614,960.00
7.740243,934.4077,981.00
7.740243,934.4539,942.00
7.740243,934.5001,898.00
7.740243,934.5463,725.00
7.740243,934.5925,792.00
7.740243,934.6387,696.00
7.740243,934.6848,719.00
7.740243,934.7310,707.00
7.740243,934.7772,742.00
7.740243,934.8234,660.00
7.740243,934.8695,686.00
7.740243,934.9156,645.00
7.740243,934.9619,725.00
7.740243,935.0080,719.00
7.740243,935.0541,776.00
7.740243,935.1002,753.00
7.740243,935.1464,724.00
7.740243,935.1925,672.00
7.740243,935.2386,701.00
7.740243,935.2847,662.00
7.740243,935.3308,754.00
7.740243,935.3769,674.00
7.740243,935.4230,714.00
7.740243,935.4691,686.00
7.740243,935.5152,709.00
7.740243,935.5613,675.00
7.740243,935.6073,697.00
7.740243,935.6534,637.00
7.740243,935.6995,685.00
7.740243,935.7455,616.00
7.740243,935.7916,717.00
7.740243,935.8376,676.00
7.740243,935.8837,730.00
7.740243,935.9297,660.00
7.740243,935.9757,686.00
7.740243,936.0217,670.00
7.740243,936.0677,670.00
7.740243,936.1137,627.00
7.740243,936.1598,724.00
7.740243,936.2057,659.00
7.740243,936.2518,691.00
7.740243,936.2977,665.00
7.740243,936.3437,669.00
7.740243,936.3896,612.00
7.740243,936.4357,667.00
7.740243,936.4816,603.00
7.740243,936.5275,684.00
7.740243,936.5735,634.00
7.740243,936.6194,660.00
7.740243,936.6654,671.00
7.740243,936.7114,649.00
7.740243,936.7573,626.00
7.740243,936.8032,627.00
7.740243,936.8491,590.00
7.740243,936.8950,661.00
7.740243,936.9409,598.00
7.740243,936.9868,669.00
7.740243,937.0327,611.00
7.740243,937.0786,681.00
7.740243,937.1245,630.00
7.740243,937.1704,653.00
7.740243,937.2162,618.00
7.740243,937.2621,671.00
7.740243,937.3080,590.00
7.740243,937.3539,661.00
7.740243,937.3997,596.00
7.740243,937.4455,665.00
7.740243,937.4913,621.00
7.740243,937.5372,655.00
7.740243,937.5831,622.00
7.740243,937.6289,648.00
7.740243,937.6747,596.00
7.740243,937.7205,680.00
7.740243,937.7663,601.00
7.740243,937.8121,679.00
7.740243,937.8579,604.00
7.740243,937.9037,644.00
7.740243,937.9495,618.00
7.740243,937.9952,668.00
7.740243,938.0410,617.00
7.740243,938.0868,648.00
7.740243,938.1325,600.00
7.740243,938.1783,681.00
7.740243,938.2240,620.00
7.740243,938.2698,662.00
7.740243,938.3155,664.00
7.740243,938.3613,620.00
7.740243,938.4069,588.00
7.740243,938.4527,628.00
7.740243,938.4984,607.00
7.740243,938.5441,680.00
7.740243,938.5898,628.00
7.740243,938.6356,650.00
7.740243,938.6812,648.00
7.740243,938.7269,645.00
7.740243,938.7726,614.00
7.740243,938.8182,636.00
7.740243,938.8640,631.00
7.740243,938.9096,690.00
7.740243,938.9552,606.00
7.740243,939.0010,659.00
7.740243,939.0466,682.00
7.740243,939.0922,685.00
7.740243,939.1378,671.00
7.740243,939.1835,687.00
7.740243,939.2291,603.00
7.740243,939.2747,661.00
7.740243,939.3203,630.00
7.740243,939.3659,699.00
7.740243,939.4115,689.00
7.740243,939.4570,683.00
7.740243,939.5027,672.00
7.740243,939.5483,699.00
7.740243,939.5939,639.00
7.740243,939.6395,678.00
7.740243,939.6851,607.00
7.740243,939.7306,698.00
7.740243,939.7761,675.00
7.740243,939.8217,695.00
7.740243,939.8672,637.00
7.740243,939.9127,675.00
7.740243,939.9583,653.00
7.740243,940.0038,687.00
7.740243,940.0493,631.00
7.740243,940.0948,700.00
7.740243,940.1403,659.00
7.740243,940.1859,738.00
7.740243,940.2314,661.00
7.740243,940.2769,709.00
7.740243,940.3223,650.00
7.740243,940.3678,703.00
7.740243,940.4133,643.00
7.740243,940.4588,686.00
7.740243,940.5042,660.00
7.740243,940.5497,709.00
7.740243,940.5952,651.00
7.740243,940.6406,717.00
7.740243,940.6860,659.00
7.740243,940.7315,694.00
7.740243,940.7769,642.00
7.740243,940.8223,695.00
7.740243,940.8677,620.00
7.740243,940.9132,699.00
7.740243,940.9586,625.00
7.740243,941.0040,737.00
7.740243,941.0494,675.00
7.740243,941.0948,690.00
7.740243,941.1402,671.00
7.740243,941.1855,674.00
7.740243,941.2310,638.00
7.740243,941.2762,713.00
7.740243,941.3216,651.00
7.740243,941.3670,717.00
7.740243,941.4124,645.00
7.740243,941.4577,687.00
7.740243,941.5031,668.00
7.740243,941.5483,657.00
7.740243,941.5937,638.00
7.740243,941.6390,678.00
7.740243,941.6843,649.00
7.740243,941.7296,710.00
7.740243,941.7749,668.00
7.740243,941.8203,671.00
7.740243,941.8655,673.00
7.740243,941.9108,670.00
7.740243,941.9561,649.00
7.740243,942.0013,678.00
7.740243,942.0467,631.00
7.740243,942.0920,716.00
7.740243,942.1372,701.00
7.740243,942.1824,698.00
7.740243,942.2277,667.00
7.740243,942.2729,685.00
7.740243,942.3182,638.00
7.740243,942.3634,700.00
7.740243,942.4086,659.00
7.740243,942.4539,667.00
7.740243,942.4990,638.00
7.740243,942.5443,691.00
7.740243,942.5895,658.00
7.740243,942.6347,693.00
7.740243,942.6798,639.00
7.740243,942.7250,655.00
7.740243,942.7702,641.00
7.740243,942.8154,685.00
7.740243,942.8606,636.00
7.740243,942.9058,725.00
7.740243,942.9508,641.00
7.740243,942.9960,716.00
7.740243,943.0412,654.00
7.740243,943.0864,666.00
7.740243,943.1314,636.00
7.740243,943.1766,702.00
7.740243,943.2217,680.00
7.740243,943.2668,707.00
7.740243,943.3120,651.00
7.740243,943.3571,700.00
7.740243,943.4021,685.00
7.740243,943.4473,714.00
7.740243,943.4923,673.00
7.740243,943.5374,707.00
7.740243,943.5825,662.00
7.740243,943.6276,700.00
7.740243,943.6725,615.00
7.740243,943.7177,702.00
7.740243,943.7627,679.00
7.740243,943.8078,657.00
7.740243,943.8528,664.00
7.740243,943.8978,687.00
7.740243,943.9429,639.00
7.740243,943.9879,715.00
7.740243,944.0330,636.00
7.740243,944.0779,704.00
7.740243,944.1229,663.00
7.740243,944.1679,679.00
7.740243,944.2130,685.00
7.740243,944.2579,688.00
7.740243,944.3029,650.00
7.740243,944.3478,651.00
7.740243,944.3929,633.00
7.740243,944.4379,698.00
7.740243,944.4828,646.00
7.740243,944.5277,737.00
7.740243,944.5727,659.00
7.740243,944.6176,694.00
7.740243,944.6626,651.00
7.740243,944.7076,711.00
7.740243,944.7524,644.00
7.740243,944.7974,689.00
7.740243,944.8423,633.00
7.740243,944.8872,703.00
7.740243,944.9321,673.00
7.740243,944.9770,700.00
7.740243,945.0219,676.00
7.740243,945.0667,688.00
7.740243,945.1116,631.00
7.740243,945.1566,660.00
7.740243,945.2014,654.00
7.740243,945.2463,696.00
7.740243,945.2911,638.00
7.740243,945.3360,733.00
7.740243,945.3808,694.00
7.740243,945.4257,699.00
7.740243,945.4705,670.00
7.740243,945.5153,687.00
7.740243,945.5601,626.00
7.740243,945.6050,755.00
7.740243,945.6498,645.00
7.740243,945.6946,703.00
7.740243,945.7394,673.00
7.740243,945.7842,673.00
7.740243,945.8290,649.00
7.740243,945.8738,692.00
7.740243,945.9186,651.00
7.740243,945.9633,698.00
7.740243,946.0081,620.00
7.740243,946.0529,710.00
7.740243,946.0976,668.00
7.740243,946.1423,679.00
7.740243,946.1871,653.00
7.740243,946.2318,684.00
7.740243,946.2766,589.00
7.740243,946.3213,704.00
7.740243,946.3660,625.00
7.740243,946.4107,710.00
7.740243,946.4554,632.00
7.740243,946.5001,682.00
7.740243,946.5449,666.00
7.740243,946.5895,658.00
7.740243,946.6342,653.00
7.740243,946.6789,674.00
7.740243,946.7236,621.00
7.740243,946.7682,667.00
7.740243,946.8129,653.00
7.740243,946.8575,750.00
7.740243,946.9022,669.00
7.740243,946.9468,720.00
7.740243,946.9915,639.00
7.740243,947.0361,694.00
7.740243,947.0807,645.00
7.740243,947.1253,684.00
7.740243,947.1700,620.00
7.740243,947.2146,711.00
7.740243,947.2592,633.00
7.740243,947.3038,698.00
7.740243,947.3483,642.00
7.740243,947.3929,684.00
7.740243,947.4376,619.00
7.740243,947.4821,676.00
7.740243,947.5267,647.00
7.740243,947.5712,673.00
7.740243,947.6158,680.00
7.740243,947.6604,675.00
7.740243,947.7050,664.00
7.740243,947.7495,661.00
7.740243,947.7939,620.00
7.740243,947.8385,684.00
7.740243,947.8831,601.00
7.740243,947.9276,682.00
7.740243,947.9720,618.00
7.740243,948.0166,644.00
7.740243,948.0611,630.00
7.740243,948.1056,644.00
7.740243,948.1501,613.00
7.740243,948.1945,645.00
7.740243,948.2390,606.00
7.740243,948.2835,677.00
7.740243,948.3279,590.00
7.740243,948.3724,662.00
7.740243,948.4169,622.00
7.740243,948.4613,657.00
7.740243,948.5057,592.00
7.740243,948.5502,625.00
7.740243,948.5947,603.00
7.740243,948.6391,667.00
7.740243,948.6835,614.00
7.740243,948.7279,690.00
7.740243,948.7723,624.00
7.740243,948.8167,651.00
7.740243,948.8611,615.00
7.740243,948.9055,621.00
7.740243,948.9498,609.00
7.740243,948.9943,686.00
7.740243,949.0387,627.00
7.740243,949.0830,661.00
7.740243,949.1273,638.00
7.740243,949.1718,692.00
7.740243,949.2161,629.00
7.740243,949.2604,671.00
7.740243,949.3047,628.00
7.740243,949.3491,667.00
7.740243,949.3934,624.00
7.740243,949.4377,680.00
7.740243,949.4821,593.00
7.740243,949.5264,700.00
7.740243,949.5707,641.00
7.740243,949.6150,640.00
7.740243,949.6592,628.00
7.740243,949.7036,642.00
7.740243,949.7479,588.00
7.740243,949.7921,682.00
7.740243,949.8363,638.00
7.740243,949.8806,650.00
7.740243,949.9249,625.00
7.740243,949.9692,690.00
7.740243,950.0134,625.00
7.740243,950.0576,651.00
7.740243,950.1019,635.00
7.740243,950.1461,676.00
7.740243,950.1903,615.00
7.740243,950.2346,714.00
7.740243,950.2787,635.00
7.740243,950.3229,689.00
7.740243,950.3671,636.00
7.740243,950.4114,667.00
7.740243,950.4555,649.00
7.740243,950.4997,679.00
7.740243,950.5439,666.00
7.740243,950.5880,718.00
7.740243,950.6322,615.00
7.740243,950.6763,676.00
7.740243,950.7205,635.00
7.740243,950.7646,665.00
7.740243,950.8088,643.00
7.740243,950.8530,653.00
7.740243,950.8971,680.00
7.740243,950.9412,671.00
7.740243,950.9853,616.00
7.740243,951.0294,681.00
7.740243,951.0735,630.00
7.740243,951.1177,718.00
7.740243,951.1617,667.00
7.740243,951.2057,662.00
7.740243,951.2499,656.00
7.740243,951.2939,681.00
7.740243,951.3380,633.00
7.740243,951.3821,663.00
7.740243,951.4261,639.00
7.740243,951.4702,696.00
7.740243,951.5142,662.00
7.740243,951.5582,688.00
7.740243,951.6024,639.00
7.740243,951.6464,713.00
7.740243,951.6904,662.00
7.740243,951.7344,693.00
7.740243,951.7784,584.00
7.740243,951.8224,697.00
7.740243,951.8665,626.00
7.740243,951.9104,695.00
7.740243,951.9544,634.00
7.740243,951.9984,646.00
7.740243,952.0424,630.00
7.740243,952.0864,677.00
7.740243,952.1303,617.00
7.740243,952.1743,707.00
7.740243,952.2183,633.00
7.740243,952.2621,697.00
7.740243,952.3061,676.00
7.740243,952.3500,672.00
7.740243,952.3940,665.00
7.740243,952.4379,678.00
7.740243,952.4818,614.00
7.740243,952.5258,696.00
7.740243,952.5696,672.00
7.740243,952.6136,716.00
7.740243,952.6574,645.00
7.740243,952.7014,685.00
7.740243,952.7452,622.00
7.740243,952.7891,660.00
7.740243,952.8330,624.00
7.740243,952.8768,660.00
7.740243,952.9207,644.00
7.740243,952.9645,699.00
7.740243,953.0084,610.00
7.740243,953.0522,656.00
7.740243,953.0961,668.00
7.740243,953.1400,646.00
7.740243,953.1838,619.00
7.740243,953.2275,643.00
7.740243,953.2714,628.00
7.740243,953.3152,718.00
7.740243,953.3589,663.00
7.740243,953.4028,677.00
7.740243,953.4466,645.00
7.740243,953.4904,666.00
7.740243,953.5341,649.00
7.740243,953.5779,669.00
7.740243,953.6217,590.00
7.740243,953.6654,646.00
7.740243,953.7092,585.00
7.740243,953.7529,686.00
7.740243,953.7967,610.00
7.740243,953.8405,669.00
7.740243,953.8842,627.00
7.740243,953.9279,628.00
7.740243,953.9716,605.00
7.740243,954.0153,651.00
7.740243,954.0590,600.00
7.740243,954.1027,643.00
7.740243,954.1464,644.00
7.740243,954.1901,656.00
7.740243,954.2338,625.00
7.740243,954.2774,682.00
7.740243,954.3212,619.00
7.740243,954.3648,646.00
7.740243,954.4084,620.00
7.740243,954.4521,686.00
7.740243,954.4958,627.00
7.740243,954.5394,627.00
7.740243,954.5831,619.00
7.740243,954.6267,620.00
7.740243,954.6703,635.00
7.740243,954.7139,647.00
7.740243,954.7576,611.00
7.740243,954.8012,655.00
7.740243,954.8448,602.00
7.740243,954.8884,669.00
7.740243,954.9319,603.00
7.740243,954.9755,695.00
7.740243,955.0191,627.00
7.740243,955.0627,613.00
7.740243,955.1063,580.00
7.740243,955.1498,627.00
7.740243,955.1934,565.00
7.740243,955.2369,649.00
7.740243,955.2805,608.00
7.740243,955.3240,660.00
7.740243,955.3675,625.00
7.740243,955.4111,646.00
7.740243,955.4546,602.00
7.740243,955.4981,656.00
7.740243,955.5416,602.00
7.740243,955.5851,660.00
7.740243,955.6285,599.00
7.740243,955.6722,627.00
7.740243,955.7156,620.00
7.740243,955.7590,627.00
7.740243,955.8025,630.00
7.740243,955.8460,673.00
7.740243,955.8895,587.00
7.740243,955.9329,662.00
7.740243,955.9764,625.00
7.740243,956.0198,669.00
7.740243,956.0632,684.00
7.740243,956.1067,679.00
7.740243,956.1501,631.00
7.740243,956.1935,650.00
7.740243,956.2369,600.00
7.740243,956.2803,646.00
7.740243,956.3238,587.00
7.740243,956.3671,661.00
7.740243,956.4105,617.00
7.740243,956.4539,658.00
7.740243,956.4973,631.00
7.740243,956.5406,617.00
7.740243,956.5841,640.00
7.740243,956.6274,646.00
7.740243,956.6707,587.00
7.740243,956.7141,675.00
7.740243,956.7575,594.00
7.740243,956.8008,666.00
7.740243,956.8442,619.00
7.740243,956.8875,651.00
7.740243,956.9308,623.00
7.740243,956.9741,669.00
7.740243,957.0174,629.00
7.740243,957.0607,665.00
7.740243,957.1040,621.00
7.740243,957.1473,693.00
7.740243,957.1906,608.00
7.740243,957.2339,674.00
7.740243,957.2772,650.00
7.740243,957.3204,674.00
7.740243,957.3636,584.00
7.740243,957.4069,666.00
7.740243,957.4502,621.00
7.740243,957.4934,659.00
7.740243,957.5366,633.00
7.740243,957.5799,662.00
7.740243,957.6230,629.00
7.740243,957.6664,664.00
7.740243,957.7095,635.00
7.740243,957.7527,662.00
7.740243,957.7959,627.00
7.740243,957.8392,658.00
7.740243,957.8823,638.00
7.740243,957.9255,709.00
7.740243,957.9687,665.00
7.740243,958.0118,657.00
7.740243,958.0551,655.00
7.740243,958.0983,711.00
7.740243,958.1414,634.00
7.740243,958.1845,716.00
7.740243,958.2277,644.00
7.740243,958.2708,709.00
7.740243,958.3139,665.00
7.740243,958.3571,687.00
7.740243,958.4001,664.00
7.740243,958.4432,688.00
7.740243,958.4864,644.00
7.740243,958.5295,688.00
7.740243,958.5726,653.00
7.740243,958.6157,694.00
7.740243,958.6588,630.00
7.740243,958.7018,688.00
7.740243,958.7449,608.00
7.740243,958.7879,666.00
7.740243,958.8311,631.00
7.740243,958.8741,689.00
7.740243,958.9171,604.00
7.740243,958.9601,688.00
7.740243,959.0032,637.00
7.740243,959.0463,709.00
7.740243,959.0893,684.00
7.740243,959.1323,660.00
7.740243,959.1752,676.00
7.740243,959.2183,688.00
7.740243,959.2613,654.00
7.740243,959.3043,664.00
7.740243,959.3472,582.00
7.740243,959.3903,674.00
7.740243,959.4332,620.00
7.740243,959.4763,663.00
7.740243,959.5192,614.00
7.740243,959.5621,637.00
7.740243,959.6051,625.00
7.740243,959.6480,658.00
7.740243,959.6910,585.00
7.740243,959.7339,675.00
7.740243,959.7768,600.00
7.740243,959.8198,662.00
7.740243,959.8627,601.00
7.740243,959.9056,664.00
7.740243,959.9485,587.00
7.740243,959.9915,618.00
7.740243,960.0343,559.00
7.740243,960.0771,666.00
7.740243,960.1201,582.00
7.740243,960.1630,647.00
7.740243,960.2058,625.00
7.740243,960.2487,631.00
7.740243,960.2915,633.00
7.740243,960.3344,619.00
7.740243,960.3773,571.00
7.740243,960.4200,650.00
7.740243,960.4629,587.00
7.740243,960.5057,654.00
7.740243,960.5485,597.00
7.740243,960.5914,655.00
7.740243,960.6342,635.00
7.740243,960.6770,609.00
7.740243,960.7198,601.00
7.740243,960.7626,592.00
7.740243,960.8054,585.00
7.740243,960.8481,639.00
7.740243,960.8909,618.00
7.740243,960.9337,660.00
7.740243,960.9764,636.00
7.740243,961.0192,622.00
7.740243,961.0620,587.00
7.740243,961.1047,611.00
7.740243,961.1475,572.00
7.740243,961.1902,642.00
7.740243,961.2329,585.00
7.740243,961.2757,665.00
7.740243,961.3184,623.00
7.740243,961.3611,592.00
7.740243,961.4037,627.00
7.740243,961.4465,638.00
7.740243,961.4892,572.00
7.740243,961.5319,631.00
7.740243,961.5745,558.00
7.740243,961.6172,663.00
7.740243,961.6599,601.00
7.740243,961.7026,652.00
7.740243,961.7452,623.00
7.740243,961.7878,625.00
7.740243,961.8304,621.00
7.740243,961.8731,658.00
7.740243,961.9157,588.00
7.740243,961.9584,623.00
7.740243,962.0010,636.00
7.740243,962.0436,652.00
7.740243,962.0862,625.00
7.740243,962.1288,638.00
7.740243,962.1714,613.00
7.740243,962.2140,614.00
7.740243,962.2565,578.00
7.740243,962.2991,654.00
7.740243,962.3417,601.00
7.740243,962.3843,638.00
7.740243,962.4268,643.00
7.740243,962.4694,655.00
7.740243,962.5119,623.00
7.740243,962.5545,688.00
7.740243,962.5970,617.00
7.740243,962.6396,657.00
7.740243,962.6821,615.00
7.740243,962.7246,711.00
7.740243,962.7671,630.00
7.740243,962.8096,674.00
7.740243,962.8522,622.00
7.740243,962.8947,597.00
7.740243,962.9371,593.00
7.740243,962.9796,647.00
7.740243,963.0222,597.00
7.740243,963.0646,677.00
7.740243,963.1070,610.00
7.740243,963.1495,640.00
7.740243,963.1919,647.00
7.740243,963.2344,652.00
7.740243,963.2768,604.00
7.740243,963.3193,671.00
7.740243,963.3616,594.00
7.740243,963.4041,661.00
7.740243,963.4465,582.00
7.740243,963.4889,656.00
7.740243,963.5314,645.00
7.740243,963.5737,673.00
7.740243,963.6161,636.00
7.740243,963.6585,625.00
7.740243,963.7009,580.00
7.740243,963.7433,626.00
7.740243,963.7856,618.00
7.740243,963.8280,664.00
7.740243,963.8704,600.00
7.740243,963.9127,662.00
7.740243,963.9551,607.00
7.740243,963.9974,611.00
7.740243,964.0397,622.00
7.740243,964.0820,626.00
7.740243,964.1244,581.00
7.740243,964.1667,657.00
7.740243,964.2090,607.00
7.740243,964.2513,655.00
7.740243,964.2936,585.00
7.740243,964.3359,630.00
7.740243,964.3782,614.00
7.740243,964.4205,617.00
7.740243,964.4627,607.00
7.740243,964.5050,648.00
7.740243,964.5472,583.00
7.740243,964.5895,655.00
7.740243,964.6317,630.00
7.740243,964.6740,645.00
7.740243,964.7162,648.00
7.740243,964.7585,635.00
7.740243,964.8007,601.00
7.740243,964.8429,623.00
7.740243,964.8851,596.00
7.740243,964.9273,680.00
7.740243,964.9695,583.00
7.740243,965.0118,650.00
7.740243,965.0539,617.00
7.740243,965.0961,644.00
7.740243,965.1382,646.00
7.740243,965.1805,661.00
7.740243,965.2226,603.00
7.740243,965.2648,646.00
7.740243,965.3069,578.00
7.740243,965.3491,651.00
7.740243,965.3912,614.00
7.740243,965.4333,633.00
7.740243,965.4755,609.00
7.740243,965.5176,631.00
7.740243,965.5598,585.00
7.740243,965.6019,705.00
7.740243,965.6439,572.00
7.740243,965.6861,626.00
7.740243,965.7281,583.00
7.740243,965.7702,608.00
7.740243,965.8123,600.00
7.740243,965.8543,630.00
7.740243,965.8964,611.00
7.740243,965.9385,625.00
7.740243,965.9806,606.00
7.740243,966.0226,648.00
7.740243,966.0647,563.00
7.740243,966.1068,615.00
7.740243,966.1487,620.00
7.740243,966.1907,615.00
7.740243,966.2328,612.00
7.740243,966.2748,671.00
7.740243,966.3168,575.00
7.740243,966.3588,624.00
7.740243,966.4008,577.00
7.740243,966.4427,662.00
7.740243,966.4848,603.00
7.740243,966.5268,619.00
7.740243,966.5688,576.00
7.740243,966.6107,632.00
7.740243,966.6526,593.00
7.740243,966.6946,659.00
7.740243,966.7366,537.00
7.740243,966.7785,634.00
7.740243,966.8204,600.00
7.740243,966.8624,658.00
7.740243,966.9042,627.00
7.740243,966.9462,596.00
7.740243,966.9881,573.00
7.740243,967.0300,630.00
7.740243,967.0719,551.00
7.740243,967.1138,647.00
7.740243,967.1556,604.00
7.740243,967.1976,624.00
7.740243,967.2394,587.00
7.740243,967.2813,619.00
7.740243,967.3232,573.00
7.740243,967.3651,642.00
7.740243,967.4070,572.00
7.740243,967.4488,645.00
7.740243,967.4906,601.00
7.740243,967.5324,668.00
7.740243,967.5743,657.00
7.740243,967.6161,628.00
7.740243,967.6579,610.00
7.740243,967.6997,660.00
7.740243,967.7415,584.00
7.740243,967.7833,660.00
7.740243,967.8251,570.00
7.740243,967.8669,671.00
7.740243,967.9087,620.00
7.740243,967.9504,642.00
7.740243,967.9922,644.00
7.740243,968.0339,637.00
7.740243,968.0757,573.00
7.740243,968.1174,672.00
7.740243,968.1592,591.00
7.740243,968.2009,672.00
7.740243,968.2427,590.00
7.740243,968.2844,650.00
7.740243,968.3262,652.00
7.740243,968.3679,599.00
7.740243,968.4095,596.00
7.740243,968.4512,623.00
7.740243,968.4930,579.00
7.740243,968.5347,666.00
7.740243,968.5763,633.00
7.740243,968.6180,678.00
7.740243,968.6597,591.00
7.740243,968.7014,665.00
7.740243,968.7430,621.00
7.740243,968.7846,632.00
7.740243,968.8263,579.00
7.740243,968.8679,647.00
7.740243,968.9095,592.00
7.740243,968.9512,654.00
7.740243,968.9928,616.00
7.740243,969.0344,627.00
7.740243,969.0761,633.00
7.740243,969.1177,634.00
7.740243,969.1592,597.00
7.740243,969.2009,630.00
7.740243,969.2424,587.00
7.740243,969.2839,662.00
7.740243,969.3255,589.00
7.740243,969.3672,628.00
7.740243,969.4087,619.00
7.740243,969.4503,657.00
7.740243,969.4918,577.00
7.740243,969.5333,634.00
7.740243,969.5749,570.00
7.740243,969.6165,647.00
7.740243,969.6580,588.00
7.740243,969.6995,648.00
7.740243,969.7410,633.00
7.740243,969.7825,637.00
7.740243,969.8240,619.00
7.740243,969.8655,614.00
7.740243,969.9070,584.00
7.740243,969.9484,660.00
7.740243,969.9899,604.00
7.740243,970.0314,633.00
7.740243,970.0728,633.00
7.740243,970.1143,632.00
7.740243,970.1558,658.00
7.740243,970.1971,640.00
7.740243,970.2386,580.00
7.740243,970.2801,620.00
7.740243,970.3215,574.00
7.740243,970.3629,647.00
7.740243,970.4044,590.00
7.740243,970.4457,662.00
7.740243,970.4872,616.00
7.740243,970.5286,609.00
7.740243,970.5699,589.00
7.740243,970.6113,613.00
7.740243,970.6527,561.00
7.740243,970.6941,598.00
7.740243,970.7354,580.00
7.740243,970.7768,604.00
7.740243,970.8182,606.00
7.740243,970.8595,636.00
7.740243,970.9009,621.00
7.740243,970.9422,598.00
7.740243,970.9835,610.00
7.740243,971.0248,643.00
7.740243,971.0662,556.00
7.740243,971.1075,622.00
7.740243,971.1487,595.00
7.740243,971.1901,597.00
7.740243,971.2314,585.00
7.740243,971.2727,600.00
7.740243,971.3140,581.00
7.740243,971.3552,615.00
7.740243,971.3965,536.00
7.740243,971.4377,628.00
7.740243,971.4789,588.00
7.740243,971.5203,614.00
7.740243,971.5615,615.00
7.740243,971.6027,620.00
7.740243,971.6439,590.00
7.740243,971.6852,606.00
7.740243,971.7264,583.00
7.740243,971.7676,627.00
7.740243,971.8088,578.00
7.740243,971.8500,627.00
7.740243,971.8912,593.00
7.740243,971.9324,637.00
7.740243,971.9736,621.00
7.740243,972.0148,615.00
7.740243,972.0560,591.00
7.740243,972.0972,646.00
7.740243,972.1384,576.00
7.740243,972.1794,640.00
7.740243,972.2206,595.00
7.740243,972.2617,613.00
7.740243,972.3029,615.00
7.740243,972.3439,574.00
7.740243,972.3851,552.00
7.740243,972.4262,597.00
7.740243,972.4673,516.00
7.740243,972.5085,659.00
7.740243,972.5496,551.00
7.740243,972.5907,606.00
7.740243,972.6317,560.00
7.740243,972.6729,570.00
7.740243,972.7139,555.00
7.740243,972.7549,619.00
7.740243,972.7961,529.00
7.740243,972.8371,588.00
7.740243,972.8781,581.00
7.740243,972.9191,641.00
7.740243,972.9602,569.00
7.740243,973.0013,612.00
7.740243,973.0423,572.00
7.740243,973.0833,580.00
7.740243,973.1243,530.00
7.740243,973.1653,594.00
7.740243,973.2064,540.00
7.740243,973.2473,618.00
7.740243,973.2883,598.00
7.740243,973.3293,625.00
7.740243,973.3703,577.00
7.740243,973.4113,616.00
7.740243,973.4522,585.00
7.740243,973.4931,573.00
7.740243,973.5341,552.00
7.740243,973.5750,618.00
7.740243,973.6160,578.00
7.740243,973.6570,640.00
7.740243,973.6978,592.00
7.740243,973.7388,568.00
7.740243,973.7797,561.00
7.740243,973.8206,587.00
7.740243,973.8615,538.00
7.740243,973.9024,590.00
7.740243,973.9433,582.00
7.740243,973.9842,642.00
7.740243,974.0250,581.00
7.740243,974.0660,609.00
7.740243,974.1068,587.00
7.740243,974.1476,587.00
7.740243,974.1885,559.00
7.740243,974.2294,642.00
7.740243,974.2702,536.00
7.740243,974.3110,645.00
7.740243,974.3519,619.00
7.740243,974.3927,607.00
7.740243,974.4335,603.00
7.740243,974.4743,616.00
7.740243,974.5151,600.00
7.740243,974.5559,635.00
7.740243,974.5967,561.00
7.740243,974.6375,641.00
7.740243,974.6783,574.00
7.740243,974.7191,660.00
7.740243,974.7598,613.00
7.740243,974.8006,648.00
7.740243,974.8413,602.00
7.740243,974.8821,631.00
7.740243,974.9229,612.00
7.740243,974.9636,636.00
7.740243,975.0043,578.00
7.740243,975.0450,673.00
7.740243,975.0858,601.00
7.740243,975.1265,634.00
7.740243,975.1672,624.00
7.740243,975.2079,609.00
7.740243,975.2485,590.00
7.740243,975.2892,656.00
7.740243,975.3300,585.00
7.740243,975.3706,664.00
7.740243,975.4113,628.00
7.740243,975.4519,675.00
7.740243,975.4926,638.00
7.740243,975.5333,654.00
7.740243,975.5739,582.00
7.740243,975.6146,638.00
7.740243,975.6552,587.00
7.740243,975.6958,665.00
7.740243,975.7363,601.00
7.740243,975.7770,657.00
7.740243,975.8176,603.00
7.740243,975.8582,653.00
7.740243,975.8989,606.00
7.740243,975.9395,614.00
7.740243,975.9800,638.00
7.740243,976.0206,631.00
7.740243,976.0611,594.00
7.740243,976.1017,683.00
7.740243,976.1423,615.00
7.740243,976.1829,647.00
7.740243,976.2234,623.00
7.740243,976.2639,645.00
7.740243,976.3044,591.00
7.740243,976.3450,633.00
7.740243,976.3855,593.00
7.740243,976.4260,629.00
7.740243,976.4665,634.00
7.740243,976.5070,663.00
7.740243,976.5475,594.00
7.740243,976.5880,640.00
7.740243,976.6285,604.00
7.740243,976.6690,637.00
7.740243,976.7095,581.00
7.740243,976.7500,647.00
7.740243,976.7905,584.00
7.740243,976.8308,658.00
7.740243,976.8713,652.00
7.740243,976.9117,622.00
7.740243,976.9521,611.00
7.740243,976.9926,622.00
7.740243,977.0330,595.00
7.740243,977.0734,630.00
7.740243,977.1139,611.00
7.740243,977.1542,625.00
7.740243,977.1947,595.00
7.740243,977.2350,629.00
7.740243,977.2755,623.00
7.740243,977.3158,609.00
7.740243,977.3562,584.00
7.740243,977.3965,629.00
7.740243,977.4370,588.00
7.740243,977.4773,657.00
7.740243,977.5176,604.00
7.740243,977.5579,608.00
7.740243,977.5983,554.00
7.740243,977.6387,604.00
7.740243,977.6790,566.00
7.740243,977.7192,596.00
7.740243,977.7595,564.00
7.740243,977.7999,637.00
7.740243,977.8402,586.00
7.740243,977.8805,625.00
7.740243,977.9208,570.00
7.740243,977.9610,598.00
7.740243,978.0013,590.00
7.740243,978.0417,593.00
7.740243,978.0819,546.00
7.740243,978.1221,597.00
7.740243,978.1624,557.00
7.740243,978.2026,597.00
7.740243,978.2428,542.00
7.740243,978.2831,601.00
7.740243,978.3233,598.00
7.740243,978.3635,590.00
7.740243,978.4037,550.00
7.740243,978.4440,579.00
7.740243,978.4842,532.00
7.740243,978.5244,603.00
7.740243,978.5645,573.00
7.740243,978.6047,589.00
7.740243,978.6449,539.00
7.740243,978.6851,612.00
7.740243,978.7253,545.00
7.740243,978.7654,606.00
7.740243,978.8055,576.00
7.740243,978.8458,599.00
7.740243,978.8859,544.00
7.740243,978.9260,600.00
7.740243,978.9661,575.00
7.740243,979.0062,580.00
7.740243,979.0463,555.00
7.740243,979.0864,572.00
7.740243,979.1266,520.00
7.740243,979.1666,595.00
7.740243,979.2067,528.00
7.740243,979.2469,603.00
7.740243,979.2869,576.00
7.740243,979.3270,602.00
7.740243,979.3671,589.00
7.740243,979.4071,578.00
7.740243,979.4471,525.00
7.740243,979.4871,586.00
7.740243,979.5272,535.00
7.740243,979.5673,590.00
7.740243,979.6072,587.00
7.740243,979.6473,610.00
7.740243,979.6873,567.00
7.740243,979.7273,577.00
7.740243,979.7673,557.00
7.740243,979.8073,579.00
7.740243,979.8473,543.00
7.740243,979.8873,599.00
7.740243,979.9273,552.00
7.740243,979.9673,628.00
7.740243,980.0072,587.00
7.740243,980.0471,619.00
7.740243,980.0872,567.00
7.740243,980.1271,600.00
7.740243,980.1671,544.00
7.740243,980.2069,613.00
7.740243,980.2469,549.00
7.740243,980.2868,621.00
7.740243,980.3267,560.00
7.740243,980.3666,616.00
7.740243,980.4065,554.00
7.740243,980.4464,608.00
7.740243,980.4863,546.00
7.740243,980.5262,618.00
7.740243,980.5660,550.00
7.740243,980.6060,621.00
7.740243,980.6458,576.00
7.740243,980.6857,575.00
7.740243,980.7255,561.00
7.740243,980.7654,581.00
7.740243,980.8052,536.00
7.740243,980.8450,584.00
7.740243,980.8849,543.00
7.740243,980.9247,588.00
7.740243,980.9645,548.00
7.740243,981.0043,632.00
7.740243,981.0441,604.00
7.740243,981.0839,613.00
7.740243,981.1237,562.00
7.740243,981.1635,606.00
7.740243,981.2033,494.00
7.740243,981.2430,618.00
7.740243,981.2828,520.00
7.740243,981.3226,615.00
7.740243,981.3624,557.00
7.740243,981.4021,595.00
7.740243,981.4418,517.00
7.740243,981.4816,592.00
7.740243,981.5213,517.00
7.740243,981.5610,598.00
7.740243,981.6008,523.00
7.740243,981.6404,594.00
7.740243,981.6802,544.00
7.740243,981.7198,590.00
7.740243,981.7596,577.00
7.740243,981.7993,587.00
7.740243,981.8389,543.00
7.740243,981.8786,580.00
7.740243,981.9182,491.00
7.740243,981.9579,590.00
7.740243,981.9976,545.00
7.740243,982.0372,601.00
7.740243,982.0768,536.00
7.740243,982.1165,539.00
7.740243,982.1561,525.00
7.740243,982.1958,562.00
7.740243,982.2354,508.00
7.740243,982.2750,552.00
7.740243,982.3146,513.00
7.740243,982.3541,586.00
7.740243,982.3937,537.00
7.740243,982.4333,552.00
7.740243,982.4730,548.00
7.740243,982.5125,584.00
7.740243,982.5521,541.00
7.740243,982.5917,562.00
7.740243,982.6312,528.00
7.740243,982.6707,580.00
7.740243,982.7103,530.00
7.740243,982.7498,578.00
7.740243,982.7893,559.00
7.740243,982.8289,554.00
7.740243,982.8683,514.00
7.740243,982.9079,541.00
7.740243,982.9474,517.00
7.740243,982.9869,593.00
7.740243,983.0264,491.00
7.740243,983.0659,557.00
7.740243,983.1053,548.00
7.740243,983.1448,566.00
7.740243,983.1843,560.00
7.740243,983.2238,597.00
7.740243,983.2632,538.00
7.740243,983.3027,590.00
7.740243,983.3420,553.00
7.740243,983.3816,574.00
7.740243,983.4210,542.00
7.740243,983.4604,557.00
7.740243,983.4998,539.00
7.740243,983.5392,534.00
7.740243,983.5786,499.00
7.740243,983.6180,557.00
7.740243,983.6574,536.00
7.740243,983.6968,599.00
7.740243,983.7361,547.00
7.740243,983.7755,597.00
7.740243,983.8149,544.00
7.740243,983.8543,568.00
7.740243,983.8936,545.00
7.740243,983.9329,567.00
7.740243,983.9723,462.00
7.740243,984.0116,550.00
7.740243,984.0510,526.00
7.740243,984.0903,578.00
7.740243,984.1296,583.00
7.740243,984.1689,561.00
7.740243,984.2083,587.00
7.740243,984.2476,539.00
7.740243,984.2868,519.00
7.740243,984.3261,567.00
7.740243,984.3654,498.00
7.740243,984.4046,575.00
7.740243,984.4440,549.00
7.740243,984.4832,593.00
7.740243,984.5225,525.00
7.740243,984.5616,555.00
7.740243,984.6010,497.00
7.740243,984.6402,542.00
7.740243,984.6794,500.00
7.740243,984.7186,616.00
7.740243,984.7578,563.00
7.740243,984.7970,596.00
7.740243,984.8362,561.00
7.740243,984.8755,544.00
7.740243,984.9146,562.00
7.740243,984.9538,563.00
7.740243,984.9930,494.00
7.740243,985.0322,588.00
7.740243,985.0714,534.00
7.740243,985.1105,571.00
7.740243,985.1497,545.00
7.740243,985.1888,547.00
7.740243,985.2279,534.00
7.740243,985.2671,547.00
7.740243,985.3062,505.00
7.740243,985.3453,544.00
7.740243,985.3845,485.00
7.740243,985.4236,553.00
7.740243,985.4626,519.00
7.740243,985.5017,600.00
7.740243,985.5408,564.00
7.740243,985.5799,574.00
7.740243,985.6190,502.00
7.740243,985.6581,571.00
7.740243,985.6971,514.00
7.740243,985.7362,608.00
7.740243,985.7752,529.00
7.740243,985.8143,565.00
7.740243,985.8533,517.00
7.740243,985.8924,549.00
7.740243,985.9314,538.00
7.740243,985.9704,562.00
7.740243,986.0094,510.00
7.740243,986.0484,574.00
7.740243,986.0875,514.00
7.740243,986.1265,589.00
7.740243,986.1655,533.00
7.740243,986.2044,529.00
7.740243,986.2434,529.00
7.740243,986.2823,551.00
7.740243,986.3214,524.00
7.740243,986.3603,558.00
7.740243,986.3992,458.00
7.740243,986.4382,566.00
7.740243,986.4771,529.00
7.740243,986.5161,580.00
7.740243,986.5550,563.00
7.740243,986.5939,561.00
7.740243,986.6329,517.00
7.740243,986.6718,536.00
7.740243,986.7106,498.00
7.740243,986.7495,563.00
7.740243,986.7884,540.00
7.740243,986.8273,544.00
7.740243,986.8661,528.00
7.740243,986.9050,563.00
7.740243,986.9438,523.00
7.740243,986.9828,532.00
7.740243,987.0216,472.00
7.740243,987.0605,588.00
7.740243,987.0993,523.00
7.740243,987.1381,569.00
7.740243,987.1769,506.00
7.740243,987.2158,520.00
7.740243,987.2546,538.00
7.740243,987.2934,569.00
7.740243,987.3322,484.00
7.740243,987.3710,537.00
7.740243,987.4097,486.00
7.740243,987.4486,551.00
7.740243,987.4873,494.00
7.740243,987.5261,556.00
7.740243,987.5649,536.00
7.740243,987.6036,513.00
7.740243,987.6423,499.00
7.740243,987.6812,581.00
7.740243,987.7198,472.00
7.740243,987.7586,560.00
7.740243,987.7972,512.00
7.740243,987.8361,539.00
7.740243,987.8748,504.00
7.740243,987.9135,532.00
7.740243,987.9521,496.00
7.740243,987.9908,546.00
7.740243,988.0295,489.00
7.740243,988.0681,536.00
7.740243,988.1069,492.00
7.740243,988.1456,580.00
7.740243,988.1842,527.00
7.740243,988.2228,564.00
7.740243,988.2615,544.00
7.740243,988.3002,544.00
7.740243,988.3388,460.00
7.740243,988.3774,525.00
7.740243,988.4160,492.00
7.740243,988.4546,544.00
7.740243,988.4933,512.00
7.740243,988.5319,518.00
7.740243,988.5704,526.00
7.740243,988.6090,484.00
7.740243,988.6476,462.00
7.740243,988.6862,520.00
7.740243,988.7248,487.00
7.740243,988.7634,587.00
7.740243,988.8019,504.00
7.740243,988.8405,533.00
7.740243,988.8790,498.00
7.740243,988.9176,535.00
7.740243,988.9561,477.00
7.740243,988.9946,502.00
7.740243,989.0332,496.00
7.740243,989.0717,535.00
7.740243,989.1102,491.00
7.740243,989.1487,548.00
7.740243,989.1871,503.00
7.740243,989.2256,534.00
7.740243,989.2641,531.00
7.740243,989.3027,483.00
7.740243,989.3411,518.00
7.740243,989.3795,541.00
7.740243,989.4180,473.00
7.740243,989.4565,567.00
7.740243,989.4949,475.00
7.740243,989.5334,525.00
7.740243,989.5718,484.00
7.740243,989.6102,494.00
7.740243,989.6486,503.00
7.740243,989.6871,517.00
7.740243,989.7255,490.00
7.740243,989.7639,536.00
7.740243,989.8022,471.00
7.740243,989.8407,523.00
7.740243,989.8791,504.00
7.740243,989.9174,521.00
7.740243,989.9558,482.00
7.740243,989.9941,551.00
7.740243,990.0325,459.00
7.740243,990.0709,578.00
7.740243,990.1093,484.00
7.740243,990.1475,527.00
7.740243,990.1859,535.00
7.740243,990.2242,533.00
7.740243,990.2626,505.00
7.740243,990.3008,530.00
7.740243,990.3391,461.00
7.740243,990.3774,543.00
7.740243,990.4157,504.00
7.740243,990.4540,546.00
7.740243,990.4924,489.00
7.740243,990.5306,546.00
7.740243,990.5688,527.00
7.740243,990.6071,536.00
7.740243,990.6454,529.00
7.740243,990.6837,538.00
7.740243,990.7219,471.00
7.740243,990.7601,541.00
7.740243,990.7983,510.00
7.740243,990.8365,588.00
7.740243,990.8748,569.00
7.740243,990.9130,551.00
7.740243,990.9512,504.00
7.740243,990.9893,555.00
7.740243,991.0276,506.00
7.740243,991.0658,538.00
7.740243,991.1039,505.00
7.740243,991.1421,570.00
7.740243,991.1802,523.00
7.740243,991.2184,569.00
7.740243,991.2565,505.00
7.740243,991.2947,544.00
7.740243,991.3329,477.00
7.740243,991.3710,557.00
7.740243,991.4091,526.00
7.740243,991.4473,578.00
7.740243,991.4854,572.00
7.740243,991.5234,598.00
7.740243,991.5616,560.00
7.740243,991.5997,543.00
7.740243,991.6378,519.00
7.740243,991.6758,588.00
7.740243,991.7139,479.00
7.740243,991.7520,574.00
7.740243,991.7900,507.00
7.740243,991.8282,553.00
7.740243,991.8661,526.00
7.740243,991.9042,545.00
7.740243,991.9422,521.00
7.740243,991.9803,543.00
7.740243,992.0182,470.00
7.740243,992.0563,575.00
7.740243,992.0944,508.00
7.740243,992.1323,584.00
7.740243,992.1703,511.00
7.740243,992.2084,579.00
7.740243,992.2463,533.00
7.740243,992.2844,564.00
7.740243,992.3223,494.00
7.740243,992.3602,555.00
7.740243,992.3982,489.00
7.740243,992.4362,584.00
7.740243,992.4741,550.00
7.740243,992.5120,591.00
7.740243,992.5500,583.00
7.740243,992.5879,522.00
7.740243,992.6259,512.00
7.740243,992.6638,585.00
7.740243,992.7017,507.00
7.740243,992.7396,557.00
7.740243,992.7775,523.00
7.740243,992.8154,578.00
7.740243,992.8533,524.00
7.740243,992.8912,521.00
7.740243,992.9290,532.00
7.740243,992.9669,557.00
7.740243,993.0048,527.00
7.740243,993.0426,588.00
7.740243,993.0804,546.00
7.740243,993.1183,564.00
7.740243,993.1561,538.00
7.740243,993.1940,553.00
7.740243,993.2318,550.00
7.740243,993.2696,565.00
7.740243,993.3074,514.00
7.740243,993.3452,585.00
7.740243,993.3830,488.00
7.740243,993.4208,559.00
7.740243,993.4586,504.00
7.740243,993.4963,565.00
7.740243,993.5341,538.00
7.740243,993.5719,526.00
7.740243,993.6096,517.00
7.740243,993.6474,574.00
7.740243,993.6851,498.00
7.740243,993.7228,529.00
7.740243,993.7606,541.00
7.740243,993.7984,566.00
7.740243,993.8361,513.00
7.740243,993.8738,563.00
7.740243,993.9115,504.00
7.740243,993.9492,536.00
7.740243,993.9869,493.00
7.740243,994.0245,576.00
7.740243,994.0622,525.00
7.740243,994.0999,576.00
7.740243,994.1376,532.00
7.740243,994.1753,516.00
7.740243,994.2130,526.00
7.740243,994.2505,514.00
7.740243,994.2881,494.00
7.740243,994.3258,586.00
7.740243,994.3634,514.00
7.740243,994.4010,573.00
7.740243,994.4387,491.00
7.740243,994.4763,555.00
7.740243,994.5139,531.00
7.740243,994.5515,527.00
7.740243,994.5891,496.00
7.740243,994.6266,535.00
7.740243,994.6642,467.00
7.740243,994.7018,525.00
7.740243,994.7393,497.00
7.740243,994.7769,550.00
7.740243,994.8145,521.00
7.740243,994.8521,523.00
7.740243,994.8895,498.00
7.740243,994.9271,518.00
7.740243,994.9647,499.00
7.740243,995.0022,566.00
7.740243,995.0397,481.00
7.740243,995.0771,517.00
7.740243,995.1146,501.00
7.740243,995.1522,535.00
7.740243,995.1896,479.00
7.740243,995.2271,536.00
7.740243,995.2646,470.00
7.740243,995.3021,530.00
7.740243,995.3396,477.00
7.740243,995.3770,543.00
7.740243,995.4145,484.00
7.740243,995.4518,543.00
7.740243,995.4893,519.00
7.740243,995.5267,518.00
7.740243,995.5641,497.00
7.740243,995.6016,538.00
7.740243,995.6390,499.00
7.740243,995.6765,517.00
7.740243,995.7138,519.00
7.740243,995.7512,508.00
7.740243,995.7886,511.00
7.740243,995.8260,503.00
7.740243,995.8633,472.00
7.740243,995.9007,533.00
7.740243,995.9380,448.00
7.740243,995.9754,509.00
7.740243,996.0128,477.00
7.740243,996.0501,554.00
7.740243,996.0874,514.00
7.740243,996.1248,550.00
7.740243,996.1621,510.00
7.740243,996.1994,546.00
7.740243,996.2367,477.00
7.740243,996.2740,513.00
7.740243,996.3113,471.00
7.740243,996.3486,525.00
7.740243,996.3859,501.00
7.740243,996.4232,562.00
7.740243,996.4604,546.00
7.740243,996.4977,487.00
7.740243,996.5350,506.00
7.740243,996.5722,516.00
7.740243,996.6094,481.00
7.740243,996.6466,575.00
7.740243,996.6838,527.00
7.740243,996.7211,565.00
7.740243,996.7583,528.00
7.740243,996.7955,546.00
7.740243,996.8327,523.00
7.740243,996.8700,541.00
7.740243,996.9072,500.00
7.740243,996.9443,524.00
7.740243,996.9815,491.00
7.740243,997.0187,559.00
7.740243,997.0558,528.00
7.740243,997.0930,524.00
7.740243,997.1301,518.00
7.740243,997.1672,567.00
7.740243,997.2045,503.00
7.740243,997.2416,550.00
7.740243,997.2787,476.00
7.740243,997.3158,601.00
7.740243,997.3530,495.00
7.740243,997.3900,545.00
7.740243,997.4271,553.00
7.740243,997.4642,538.00
7.740243,997.5013,524.00
7.740243,997.5384,535.00
7.740243,997.5754,492.00
7.740243,997.6126,586.00
7.740243,997.6497,513.00
7.740243,997.6867,546.00
7.740243,997.7238,533.00
7.740243,997.7607,544.00
7.740243,997.7978,509.00
7.740243,997.8348,580.00
7.740243,997.8718,503.00
7.740243,997.9088,548.00
7.740243,997.9458,518.00
7.740243,997.9829,580.00
7.740243,998.0200,556.00
7.740243,998.0569,543.00
7.740243,998.0939,520.00
7.740243,998.1309,533.00
7.740243,998.1678,502.00
7.740243,998.2048,546.00
7.740243,998.2417,527.00
7.740243,998.2786,618.00
7.740243,998.3156,482.00
7.740243,998.3525,565.00
7.740243,998.3896,537.00
7.740243,998.4265,525.00
7.740243,998.4633,485.00
7.740243,998.5003,541.00
7.740243,998.5372,504.00
7.740243,998.5740,570.00
7.740243,998.6110,508.00
7.740243,998.6478,566.00
7.740243,998.6847,520.00
7.740243,998.7217,554.00
7.740243,998.7585,529.00
7.740243,998.7953,504.00
7.740243,998.8322,475.00
7.740243,998.8691,542.00
7.740243,998.9059,503.00
7.740243,998.9427,582.00
7.740243,998.9795,534.00
7.740243,999.0163,589.00
7.740243,999.0531,525.00
7.740243,999.0899,539.00
7.740243,999.1267,495.00
7.740243,999.1636,549.00
7.740243,999.2004,520.00
7.740243,999.2372,596.00
7.740243,999.2739,531.00
7.740243,999.3107,547.00
7.740243,999.3474,526.00
7.740243,999.3842,516.00
7.740243,999.4210,502.00
7.740243,999.4576,549.00
7.740243,999.4946,493.00
7.740243,999.5312,565.00
7.740243,999.5680,516.00
7.740243,999.6047,539.00
7.740243,999.6414,510.00
7.740243,999.6780,508.00
7.740243,999.7147,484.00
7.740243,999.7515,530.00
7.740243,999.7881,483.00
7.740243,999.8248,521.00
7.740243,999.8614,480.00
7.740243,999.8981,550.00
7.740243,999.9349,461.00
7.740243,999.9715,539.00
7.740243,1000.0081,492.00
7.740243,1000.0447,504.00
7.740243,1000.0814,497.00
7.740243,1000.1180,496.00
7.740243,1000.1546,461.00
7.740243,1000.1912,544.00
7.740243,1000.2278,474.00
7.740243,1000.2645,540.00
7.740243,1000.3011,498.00
7.740243,1000.3377,480.00
7.740243,1000.3742,490.00
7.740243,1000.4108,517.00
7.740243,1000.4474,420.00
7.740243,1000.4839,495.00
7.740243,1000.5204,480.00
7.740243,1000.5570,523.00
7.740243,1000.5935,448.00
7.740243,1000.6301,514.00
7.740243,1000.6667,473.00
7.740243,1000.7032,522.00
7.740243,1000.7397,475.00
7.740243,1000.7762,512.00
7.740243,1000.8127,437.00
7.740243,1000.8492,502.00
7.740243,1000.8857,481.00
7.740243,1000.9222,483.00
7.740243,1000.9586,490.00
7.740243,1000.9951,506.00
7.740243,1001.0316,477.00
7.740243,1001.0681,538.00
7.740243,1001.1046,473.00
7.740243,1001.1410,525.00
7.740243,1001.1774,477.00
7.740243,1001.2138,500.00
7.740243,1001.2502,487.00
7.740243,1001.2866,502.00
7.740243,1001.3230,514.00
7.740243,1001.3594,500.00
7.740243,1001.3958,472.00
7.740243,1001.4323,533.00
7.740243,1001.4687,465.00
7.740243,1001.5051,541.00
7.740243,1001.5414,514.00
7.740243,1001.5778,498.00
7.740243,1001.6141,480.00
7.740243,1001.6505,494.00
7.740243,1001.6868,426.00
7.740243,1001.7231,541.00
7.740243,1001.7596,455.00
7.740243,1001.7958,504.00
7.740243,1001.8322,461.00
7.740243,1001.8685,523.00
7.740243,1001.9048,464.00
7.740243,1001.9411,475.00
7.740243,1001.9774,468.00
7.740243,1002.0136,486.00
7.740243,1002.0499,433.00
7.740243,1002.0862,540.00
7.740243,1002.1224,445.00
7.740243,1002.1587,504.00
7.740243,1002.1951,497.00
7.740243,1002.2313,452.00
7.740243,1002.2675,482.00
7.740243,1002.3038,526.00
7.740243,1002.3400,476.00
7.740243,1002.3762,512.00
7.740243,1002.4124,462.00
7.740243,1002.4486,523.00
7.740243,1002.4848,467.00
7.740243,1002.5211,534.00
7.740243,1002.5573,486.00
7.740243,1002.5934,525.00
7.740243,1002.6296,479.00
7.740243,1002.6657,519.00
7.740243,1002.7019,423.00
7.740243,1002.7380,537.00
7.740243,1002.7742,496.00
7.740243,1002.8104,485.00
7.740243,1002.8464,473.00
7.740243,1002.8826,507.00
7.740243,1002.9187,468.00
7.740243,1002.9549,510.00
7.740243,1002.9910,470.00
7.740243,1003.0271,562.00
7.740243,1003.0632,441.00
7.740243,1003.0992,548.00
7.740243,1003.1354,507.00
7.740243,1003.1714,497.00
7.740243,1003.2075,491.00
7.740243,1003.2435,492.00
7.740243,1003.2797,476.00
7.740243,1003.3157,543.00
7.740243,1003.3518,486.00
7.740243,1003.3878,537.00
7.740243,1003.4238,490.00
7.740243,1003.4598,526.00
7.740243,1003.4958,505.00
7.740243,1003.5319,473.00
7.740243,1003.5678,464.00
7.740243,1003.6039,553.00
7.740243,1003.6398,475.00
7.740243,1003.6759,536.00
7.740243,1003.7119,498.00
7.740243,1003.7479,484.00
7.740243,1003.7838,490.00
7.740243,1003.8198,493.00
7.740243,1003.8557,464.00
7.740243,1003.8917,529.00
7.740243,1003.9276,430.00
7.740243,1003.9635,499.00
7.740243,1003.9995,444.00
7.740243,1004.0354,484.00
7.740243,1004.0714,478.00
7.740243,1004.1072,491.00
7.740243,1004.1431,489.00
7.740243,1004.1790,482.00
7.740243,1004.2149,454.00
7.740243,1004.2508,503.00
7.740243,1004.2866,427.00
7.740243,1004.3225,544.00
7.740243,1004.3583,477.00
7.740243,1004.3942,503.00
7.740243,1004.4302,469.00
7.740243,1004.4660,475.00
7.740243,1004.5018,460.00
7.740243,1004.5376,520.00
7.740243,1004.5734,437.00
7.740243,1004.6093,492.00
7.740243,1004.6450,483.00
7.740243,1004.6808,492.00
7.740243,1004.7166,480.00
7.740243,1004.7525,512.00
7.740243,1004.7883,450.00
7.740243,1004.8240,517.00
7.740243,1004.8598,462.00
7.740243,1004.8956,540.00
7.740243,1004.9313,474.00
7.740243,1004.9670,559.00
7.740243,1005.0027,490.00
7.740243,1005.0385,493.00
7.740243,1005.0742,458.00
7.740243,1005.1099,509.00
7.740243,1005.1456,461.00
7.740243,1005.1815,531.00
7.740243,1005.2172,454.00
7.740243,1005.2529,497.00
7.740243,1005.2885,508.00
7.740243,1005.3242,510.00
7.740243,1005.3599,485.00
7.740243,1005.3955,519.00
7.740243,1005.4312,488.00
7.740243,1005.4669,542.00
7.740243,1005.5026,483.00
7.740243,1005.5382,576.00
7.740243,1005.5739,493.00
7.740243,1005.6095,522.00
7.740243,1005.6451,505.00
7.740243,1005.6807,501.00
7.740243,1005.7162,520.00
7.740243,1005.7519,486.00
7.740243,1005.7875,461.00
7.740243,1005.8231,528.00
7.740243,1005.8586,478.00
7.740243,1005.8942,532.00
7.740243,1005.9299,479.00
7.740243,1005.9655,514.00
7.740243,1006.0010,508.00
7.740243,1006.0365,523.00
7.740243,1006.0720,492.00
7.740243,1006.1076,531.00
7.740243,1006.1431,495.00
7.740243,1006.1786,556.00
7.740243,1006.2141,509.00
7.740243,1006.2498,536.00
7.740243,1006.2853,535.00
7.740243,1006.3207,495.00
7.740243,1006.3563,520.00
7.740243,1006.3917,562.00
7.740243,1006.4272,490.00
7.740243,1006.4626,563.00
7.740243,1006.4981,489.00
7.740243,1006.5335,528.00
7.740243,1006.5690,539.00
7.740243,1006.6044,535.00
7.740243,1006.6400,499.00
7.740243,1006.6754,578.00
7.740243,1006.7108,504.00
7.740243,1006.7462,579.00
7.740243,1006.7816,483.00
7.740243,1006.8170,531.00
7.740243,1006.8524,517.00
7.740243,1006.8878,536.00
7.740243,1006.9232,511.00
7.740243,1006.9586,559.00
7.740243,1006.9940,493.00
7.740243,1007.0294,520.00
7.740243,1007.0648,500.00
7.740243,1007.1001,561.00
7.740243,1007.1354,523.00
7.740243,1007.1707,538.00
7.740243,1007.2061,546.00
7.740243,1007.2414,540.00
7.740243,1007.2767,492.00
7.740243,1007.3120,561.00
7.740243,1007.3473,467.00
7.740243,1007.3827,557.00
7.740243,1007.4180,524.00
7.740243,1007.4532,554.00
7.740243,1007.4885,536.00
7.740243,1007.5238,535.00
7.740243,1007.5590,502.00
7.740243,1007.5943,540.00
7.740243,1007.6295,469.00
7.740243,1007.6648,580.00
7.740243,1007.7001,511.00
7.740243,1007.7354,537.00
7.740243,1007.7706,534.00
7.740243,1007.8058,528.00
7.740243,1007.8410,532.00
7.740243,1007.8762,523.00
7.740243,1007.9114,488.00
7.740243,1007.9465,549.00
7.740243,1007.9818,524.00
7.740243,1008.0169,544.00
7.740243,1008.0521,533.00
7.740243,1008.0873,576.00
7.740243,1008.1226,480.00
7.740243,1008.1576,506.00
7.740243,1008.1927,486.00
7.740243,1008.2279,534.00
7.740243,1008.2631,470.00
7.740243,1008.2982,540.00
7.740243,1008.3333,515.00
7.740243,1008.3683,523.00
7.740243,1008.4034,517.00
7.740243,1008.4387,505.00
7.740243,1008.4738,504.00
7.740243,1008.5089,515.00
7.740243,1008.5439,469.00
7.740243,1008.5790,560.00
7.740243,1008.6141,510.00
7.740243,1008.6491,502.00
7.740243,1008.6841,479.00
7.740243,1008.7192,510.00
7.740243,1008.7542,480.00
7.740243,1008.7892,511.00
7.740243,1008.8243,463.00
7.740243,1008.8594,523.00
7.740243,1008.8943,475.00
7.740243,1008.9294,520.00
7.740243,1008.9644,509.00
7.740243,1008.9994,501.00
7.740243,1009.0344,507.00
7.740243,1009.0693,493.00
7.740243,1009.1043,478.00
7.740243,1009.1392,562.00
7.740243,1009.1743,474.00
7.740243,1009.2093,533.00
7.740243,1009.2442,500.00
7.740243,1009.2792,537.00
7.740243,1009.3141,535.00
7.740243,1009.3489,499.00
7.740243,1009.3839,462.00
7.740243,1009.4188,520.00
7.740243,1009.4537,464.00
7.740243,1009.4886,539.00
7.740243,1009.5235,509.00
7.740243,1009.5585,515.00
7.740243,1009.5933,510.00
7.740243,1009.6282,496.00
7.740243,1009.6631,503.00
7.740243,1009.6979,516.00
7.740243,1009.7327,481.00
7.740243,1009.7676,517.00
7.740243,1009.8024,464.00
7.740243,1009.8372,503.00
7.740243,1009.8721,472.00
7.740243,1009.9070,510.00
7.740243,1009.9418,488.00
7.740243,1009.9766,492.00
7.740243,1010.0115,485.00
7.740243,1010.0462,508.00
7.740243,1010.0810,477.00
7.740243,1010.1158,552.00
7.740243,1010.1505,512.00
7.740243,1010.1853,508.00
7.740243,1010.2200,484.00
7.740243,1010.2548,522.00
7.740243,1010.2897,462.00
7.740243,1010.3244,528.00
7.740243,1010.3591,486.00
7.740243,1010.3938,518.00
7.740243,1010.4285,471.00
7.740243,1010.4633,509.00
7.740243,1010.4980,494.00
7.740243,1010.5326,485.00
7.740243,1010.5673,491.00
7.740243,1010.6021,493.00
7.740243,1010.6368,446.00
7.740243,1010.6714,517.00
7.740243,1010.7061,456.00
7.740243,1010.7408,527.00
7.740243,1010.7754,460.00
7.740243,1010.8101,527.00
7.740243,1010.8447,486.00
7.740243,1010.8793,522.00
7.740243,1010.9139,451.00
7.740243,1010.9485,498.00
7.740243,1010.9832,443.00
7.740243,1011.0178,505.00
7.740243,1011.0525,457.00
7.740243,1011.0870,531.00
7.740243,1011.1216,467.00
7.740243,1011.1562,503.00
7.740243,1011.1907,508.00
7.740243,1011.2253,536.00
7.740243,1011.2599,447.00
7.740243,1011.2944,553.00
7.740243,1011.3291,489.00
7.740243,1011.3636,496.00
7.740243,1011.3981,508.00
7.740243,1011.4326,501.00
7.740243,1011.4672,490.00
7.740243,1011.5016,498.00
7.740243,1011.5362,454.00
7.740243,1011.5706,480.00
7.740243,1011.6052,462.00
7.740243,1011.6396,489.00
7.740243,1011.6741,451.00
7.740243,1011.7086,535.00
7.740243,1011.7431,462.00
7.740243,1011.7776,501.00
7.740243,1011.8120,452.00
7.740243,1011.8465,515.00
7.740243,1011.8809,433.00
7.740243,1011.9153,497.00
7.740243,1011.9498,452.00
7.740243,1011.9842,488.00
7.740243,1012.0186,479.00
7.740243,1012.0531,498.00
7.740243,1012.0875,470.00
7.740243,1012.1219,504.00
7.740243,1012.1562,442.00
7.740243,1012.1906,483.00
7.740243,1012.2250,441.00
7.740243,1012.2593,525.00
7.740243,1012.2937,476.00
7.740243,1012.3281,469.00
7.740243,1012.3624,451.00
7.740243,1012.3967,488.00
7.740243,1012.4310,440.00
7.740243,1012.4655,514.00
7.740243,1012.4998,432.00
7.740243,1012.5341,557.00
7.740243,1012.5684,472.00
7.740243,1012.6027,502.00
7.740243,1012.6370,467.00
7.740243,1012.6712,506.00
7.740243,1012.7055,468.00
7.740243,1012.7398,526.00
7.740243,1012.7742,425.00
7.740243,1012.8084,477.00
7.740243,1012.8427,445.00
7.740243,1012.8769,484.00
7.740243,1012.9111,459.00
7.740243,1012.9454,482.00
7.740243,1012.9796,482.00
7.740243,1013.0138,500.00
7.740243,1013.0480,408.00
7.740243,1013.0822,507.00
7.740243,1013.1164,453.00
7.740243,1013.1506,515.00
7.740243,1013.1848,466.00
7.740243,1013.2190,474.00
7.740243,1013.2532,471.00
7.740243,1013.2873,458.00
7.740243,1013.3215,433.00
7.740243,1013.3556,517.00
7.740243,1013.3898,445.00
7.740243,1013.4239,533.00
7.740243,1013.4581,461.00
7.740243,1013.4923,482.00
7.740243,1013.5264,504.00
7.740243,1013.5605,502.00
7.740243,1013.5946,492.00
7.740243,1013.6287,518.00
7.740243,1013.6627,457.00
7.740243,1013.6968,516.00
7.740243,1013.7309,449.00
7.740243,1013.7650,496.00
7.740243,1013.7990,513.00
7.740243,1013.8331,486.00
7.740243,1013.8672,466.00
7.740243,1013.9012,488.00
7.740243,1013.9353,442.00
7.740243,1013.9693,548.00
7.740243,1014.0033,459.00
7.740243,1014.0374,535.00
7.740243,1014.0714,500.00
7.740243,1014.1053,513.00
7.740243,1014.1393,492.00
7.740243,1014.1734,515.00
7.740243,1014.2074,443.00
7.740243,1014.2413,532.00
7.740243,1014.2753,490.00
7.740243,1014.3093,548.00
7.740243,1014.3433,469.00
7.740243,1014.3772,513.00
7.740243,1014.4111,516.00
7.740243,1014.4451,491.00
7.740243,1014.4790,484.00
7.740243,1014.5129,538.00
7.740243,1014.5468,462.00
7.740243,1014.5808,548.00
7.740243,1014.6147,517.00
7.740243,1014.6486,546.00
7.740243,1014.6825,515.00
7.740243,1014.7164,501.00
7.740243,1014.7502,492.00
7.740243,1014.7841,510.00
7.740243,1014.8180,507.00
7.740243,1014.8518,549.00
7.740243,1014.8858,484.00
7.740243,1014.9196,560.00
7.740243,1014.9534,525.00
7.740243,1014.9872,527.00
7.740243,1015.0211,502.00
7.740243,1015.0549,516.00
7.740243,1015.0887,466.00
7.740243,1015.1224,548.00
7.740243,1015.1562,495.00
7.740243,1015.1900,569.00
7.740243,1015.2238,530.00
7.740243,1015.2575,529.00
7.740243,1015.2914,518.00
7.740243,1015.3252,551.00
7.740243,1015.3589,464.00
7.740243,1015.3927,527.00
7.740243,1015.4265,484.00
7.740243,1015.4601,539.00
7.740243,1015.4938,497.00
7.740243,1015.5276,590.00
7.740243,1015.5613,533.00
7.740243,1015.5952,562.00
7.740243,1015.6288,521.00
7.740243,1015.6625,544.00
7.740243,1015.6962,455.00
7.740243,1015.7299,552.00
7.740243,1015.7635,489.00
7.740243,1015.7972,558.00
7.740243,1015.8308,538.00
7.740243,1015.8645,501.00
7.740243,1015.8981,528.00
7.740243,1015.9317,552.00
7.740243,1015.9655,481.00
7.740243,1015.9991,565.00
7.740243,1016.0327,468.00
7.740243,1016.0663,570.00
7.740243,1016.0999,534.00
7.740243,1016.1335,538.00
7.740243,1016.1671,520.00
7.740243,1016.2006,520.00
7.740243,1016.2342,485.00
7.740243,1016.2679,525.00
7.740243,1016.3015,505.00
7.740243,1016.3350,564.00
7.740243,1016.3686,536.00
7.740243,1016.4021,538.00
7.740243,1016.4357,526.00
7.740243,1016.4691,570.00
7.740243,1016.5027,494.00
7.740243,1016.5362,546.00
7.740243,1016.5696,461.00
7.740243,1016.6032,567.00
7.740243,1016.6367,513.00
7.740243,1016.6703,585.00
7.740243,1016.7038,519.00
7.740243,1016.7372,546.00
7.740243,1016.7707,527.00
7.740243,1016.8041,524.00
7.740243,1016.8376,520.00
7.740243,1016.8710,541.00
7.740243,1016.9045,465.00
7.740243,1016.9379,553.00
7.740243,1016.9715,492.00
7.740243,1017.0049,550.00
7.740243,1017.0383,550.00
7.740243,1017.0717,490.00
7.740243,1017.1050,510.00
7.740243,1017.1384,528.00
7.740243,1017.1718,465.00
7.740243,1017.2052,537.00
7.740243,1017.2386,491.00
7.740243,1017.2720,543.00
7.740243,1017.3053,556.00
7.740243,1017.3387,538.00
7.740243,1017.3721,504.00
7.740243,1017.4054,543.00
7.740243,1017.4388,459.00
7.740243,1017.4721,556.00
7.740243,1017.5054,537.00
7.740243,1017.5387,564.00
7.740243,1017.5720,541.00
7.740243,1017.6053,537.00
7.740243,1017.6386,526.00
7.740243,1017.6720,522.00
7.740243,1017.7053,506.00
7.740243,1017.7385,568.00
7.740243,1017.7717,488.00
7.740243,1017.8051,549.00
7.740243,1017.8383,527.00
7.740243,1017.8715,581.00
7.740243,1017.9048,560.00
7.740243,1017.9380,528.00
7.740243,1017.9712,516.00
7.740243,1018.0044,565.00
7.740243,1018.0376,474.00
7.740243,1018.0709,562.00
7.740243,1018.1041,524.00
7.740243,1018.1373,616.00
7.740243,1018.1705,538.00
7.740243,1018.2037,547.00
7.740243,1018.2368,533.00
7.740243,1018.2700,556.00
7.740243,1018.3032,506.00
7.740243,1018.3363,575.00
7.740243,1018.3695,493.00
7.740243,1018.4026,572.00
7.740243,1018.4358,568.00
7.740243,1018.4689,553.00
7.740243,1018.5020,569.00
7.740243,1018.5352,568.00
7.740243,1018.5682,512.00
7.740243,1018.6013,562.00
7.740243,1018.6343,538.00
7.740243,1018.6675,568.00
7.740243,1018.7006,498.00
7.740243,1018.7337,574.00
7.740243,1018.7668,573.00
7.740243,1018.7998,557.00
7.740243,1018.8328,526.00
7.740243,1018.8658,561.00
7.740243,1018.8989,543.00
7.740243,1018.9319,596.00
7.740243,1018.9650,534.00
7.740243,1018.9980,585.00
7.740243,1019.0311,562.00
7.740243,1019.0641,585.00
7.740243,1019.0970,498.00
7.740243,1019.1301,557.00
7.740243,1019.1631,524.00
7.740243,1019.1960,567.00
7.740243,1019.2289,494.00
7.740243,1019.2618,575.00
7.740243,1019.2949,542.00
7.740243,1019.3278,568.00
7.740243,1019.3607,561.00
7.740243,1019.3936,519.00
7.740243,1019.4268,447.00
7.740243,1019.4596,567.00
7.740243,1019.4925,510.00
7.740243,1019.5255,540.00
7.740243,1019.5583,527.00
7.740243,1019.5912,571.00
7.740243,1019.6240,525.00
7.740243,1019.6569,561.00
7.740243,1019.6898,540.00
7.740243,1019.7227,521.00
7.740243,1019.7556,465.00
7.740243,1019.7885,548.00
7.740243,1019.8213,508.00
7.740243,1019.8541,584.00
7.740243,1019.8870,506.00
7.740243,1019.9198,542.00
7.740243,1019.9525,520.00
7.740243,1019.9854,528.00
7.740243,1020.0182,514.00
7.740243,1020.0509,553.00
7.740243,1020.0837,505.00
7.740243,1020.1167,550.00
7.740243,1020.1494,528.00
7.740243,1020.1823,525.00
7.740243,1020.2149,498.00
7.740243,1020.2477,524.00
7.740243,1020.2805,491.00
7.740243,1020.3132,534.00
7.740243,1020.3459,510.00
7.740243,1020.3787,581.00
7.740243,1020.4114,484.00
7.740243,1020.4442,535.00
7.740243,1020.4768,507.00
7.740243,1020.5096,551.00
7.740243,1020.5423,498.00
7.740243,1020.5750,578.00
7.740243,1020.6077,469.00
7.740243,1020.6403,561.00
7.740243,1020.6730,515.00
7.740243,1020.7055,573.00
7.740243,1020.7382,507.00
7.740243,1020.7709,494.00
7.740243,1020.8036,466.00
7.740243,1020.8363,507.00
7.740243,1020.8688,462.00
7.740243,1020.9015,551.00
7.740243,1020.9341,471.00
7.740243,1020.9667,531.00
7.740243,1020.9993,497.00
7.740243,1021.0319,539.00
7.740243,1021.0645,517.00
7.740243,1021.0971,533.00
7.740243,1021.1298,477.00
7.740243,1021.1623,530.00
7.740243,1021.1948,497.00
7.740243,1021.2273,540.00
7.740243,1021.2599,474.00
7.740243,1021.2924,518.00
7.740243,1021.3250,489.00
7.740243,1021.3574,476.00
7.740243,1021.3900,482.00
7.740243,1021.4224,507.00
7.740243,1021.4550,433.00
7.740243,1021.4875,482.00
7.740243,1021.5200,464.00
7.740243,1021.5525,539.00
7.740243,1021.5850,499.00
7.740243,1021.6175,510.00
7.740243,1021.6500,459.00
7.740243,1021.6823,518.00
7.740243,1021.7148,453.00
7.740243,1021.7474,543.00
7.740243,1021.7797,489.00
7.740243,1021.8122,527.00
7.740243,1021.8445,529.00
7.740243,1021.8770,556.00
7.740243,1021.9095,503.00
7.740243,1021.9418,510.00
7.740243,1021.9741,463.00
7.740243,1022.0066,484.00
7.740243,1022.0389,474.00
7.740243,1022.0713,557.00
7.740243,1022.1037,467.00
7.740243,1022.1362,601.00
7.740243,1022.1685,546.00
7.740243,1022.2008,555.00
7.740243,1022.2332,488.00
7.740243,1022.2654,525.00
7.740243,1022.2977,470.00
7.740243,1022.3301,573.00
7.740243,1022.3624,463.00
7.740243,1022.3947,602.00
7.740243,1022.4271,488.00
7.740243,1022.4594,519.00
7.740243,1022.4917,528.00
7.740243,1022.5239,553.00
7.740243,1022.5562,481.00
7.740243,1022.5885,546.00
7.740243,1022.6207,475.00
7.740243,1022.6530,576.00
7.740243,1022.6852,532.00
7.740243,1022.7174,536.00
7.740243,1022.7497,499.00
7.740243,1022.7819,525.00
7.740243,1022.8142,488.00
7.740243,1022.8464,536.00
7.740243,1022.8785,476.00
7.740243,1022.9108,571.00
7.740243,1022.9429,498.00
7.740243,1022.9751,528.00
7.740243,1023.0073,526.00
7.740243,1023.0394,502.00
7.740243,1023.0717,509.00
7.740243,1023.1039,539.00
7.740243,1023.1360,490.00
7.740243,1023.1682,547.00
7.740243,1023.2003,489.00
7.740243,1023.2324,558.00
7.740243,1023.2644,505.00
7.740243,1023.2966,521.00
7.740243,1023.3287,493.00
7.740243,1023.3608,498.00
7.740243,1023.3929,509.00
7.740243,1023.4249,516.00
7.740243,1023.4570,500.00
7.740243,1023.4893,566.00
7.740243,1023.5212,483.00
7.740243,1023.5533,492.00
7.740243,1023.5853,494.00
7.740243,1023.6174,496.00
7.740243,1023.6494,477.00
7.740243,1023.6813,511.00
7.740243,1023.7134,442.00
7.740243,1023.7454,499.00
7.740243,1023.7775,470.00
7.740243,1023.8096,510.00
7.740243,1023.8416,511.00
7.740243,1023.8735,509.00
7.740243,1023.9055,489.00
7.740243,1023.9374,499.00
7.740243,1023.9694,453.00
7.740243,1024.0013,543.00
7.740243,1024.0333,480.00
7.740243,1024.0652,516.00
7.740243,1024.0972,511.00
7.740243,1024.1293,542.00
7.740243,1024.1611,489.00
7.740243,1024.1931,540.00
7.740243,1024.2250,464.00
7.740243,1024.2568,531.00
7.740243,1024.2888,479.00
7.740243,1024.3206,512.00
7.740243,1024.3525,478.00
7.740243,1024.3843,510.00
7.740243,1024.4164,489.00
7.740243,1024.4481,505.00
7.740243,1024.4801,450.00
7.740243,1024.5118,527.00
7.740243,1024.5438,471.00
7.740243,1024.5756,512.00
7.740243,1024.6074,472.00
7.740243,1024.6393,491.00
7.740243,1024.6710,547.00
7.740243,1024.7029,477.00
7.740243,1024.7346,444.00
7.740243,1024.7664,494.00
7.740243,1024.7982,443.00
7.740243,1024.8301,553.00
7.740243,1024.8618,506.00
7.740243,1024.8936,528.00
7.740243,1024.9253,481.00
7.740243,1024.9572,537.00
7.740243,1024.9889,500.00
7.740243,1025.0206,503.00
7.740243,1025.0522,446.00
7.740243,1025.0841,538.00
7.740243,1025.1158,486.00
7.740243,1025.1475,540.00
7.740243,1025.1792,495.00
7.740243,1025.2109,505.00
7.740243,1025.2426,489.00
7.740243,1025.2743,517.00
7.740243,1025.3059,496.00
7.740243,1025.3376,531.00
7.740243,1025.3693,456.00
7.740243,1025.4009,550.00
7.740243,1025.4326,484.00
7.740243,1025.4644,546.00
7.740243,1025.4960,489.00
7.740243,1025.5276,510.00
7.740243,1025.5592,503.00
7.740243,1025.5908,504.00
7.740243,1025.6224,467.00
7.740243,1025.6541,552.00
7.740243,1025.6857,511.00
7.740243,1025.7172,557.00
7.740243,1025.7489,508.00
7.740243,1025.7804,537.00
7.740243,1025.8120,494.00
7.740243,1025.8435,541.00
7.740243,1025.8751,518.00
7.740243,1025.9066,568.00
7.740243,1025.9381,458.00
7.740243,1025.9697,541.00
7.740243,1026.0012,510.00
7.740243,1026.0327,525.00
7.740243,1026.0642,522.00
