# Point:,31
# Setpoint:,1.57818182
# Voltage_V:,1.57818182
# Current_A:,0.008067
# Spectrum_Time_s:,5.309297
# Step_Start_s:,5.228836
# Step_End_s:,5.381870
# Spectrum_Duration_ms:,67.330
# Peak_Wavelength_nm:,930.88
# Peak_Intensity:,4346.0
# Avg_Intensity:,607.8
# Num_Pixels:,4094
# NOTE: All wavelengths are captured simultaneously in one CCD exposure
#       The Relative_Time_s column shows when this entire spectrum was acquired

Relative_Time_s,Wavelength_nm,Intensity
5.309297,845.4307,567.00
5.309297,845.4858,513.00
5.309297,845.5410,573.00
5.309297,845.5963,507.00
5.309297,845.6514,547.00
5.309297,845.7065,503.00
5.309297,845.7617,532.00
5.309297,845.8168,478.00
5.309297,845.8721,563.00
5.309297,845.9272,501.00
5.309297,845.9823,549.00
5.309297,846.0374,516.00
5.309297,846.0926,537.00
5.309297,846.1478,501.00
5.309297,846.2029,542.00
5.309297,846.2579,486.00
5.309297,846.3130,526.00
5.309297,846.3682,466.00
5.309297,846.4233,566.00
5.309297,846.4784,509.00
5.309297,846.5335,559.00
5.309297,846.5886,547.00
5.309297,846.6437,551.00
5.309297,846.6987,517.00
5.309297,846.7538,560.00
5.309297,846.8089,479.00
5.309297,846.8640,589.00
5.309297,846.9190,489.00
5.309297,846.9741,556.00
5.309297,847.0292,522.00
5.309297,847.0842,555.00
5.309297,847.1392,546.00
5.309297,847.1943,520.00
5.309297,847.2493,488.00
5.309297,847.3044,595.00
5.309297,847.3594,507.00
5.309297,847.4144,601.00
5.309297,847.4694,536.00
5.309297,847.5244,556.00
5.309297,847.5795,519.00
5.309297,847.6345,575.00
5.309297,847.6895,508.00
5.309297,847.7444,570.00
5.309297,847.7994,502.00
5.309297,847.8544,597.00
5.309297,847.9094,545.00
5.309297,847.9644,556.00
5.309297,848.0193,551.00
5.309297,848.0743,579.00
5.309297,848.1293,538.00
5.309297,848.1843,576.00
5.309297,848.2392,544.00
5.309297,848.2941,589.00
5.309297,848.3491,569.00
5.309297,848.4040,581.00
5.309297,848.4590,560.00
5.309297,848.5139,586.00
5.309297,848.5688,516.00
5.309297,848.6237,590.00
5.309297,848.6786,512.00
5.309297,848.7336,620.00
5.309297,848.7885,545.00
5.309297,848.8434,588.00
5.309297,848.8983,575.00
5.309297,848.9531,570.00
5.309297,849.0081,546.00
5.309297,849.0630,582.00
5.309297,849.1178,520.00
5.309297,849.1727,585.00
5.309297,849.2275,541.00
5.309297,849.2823,637.00
5.309297,849.3373,529.00
5.309297,849.3921,564.00
5.309297,849.4470,572.00
5.309297,849.5018,548.00
5.309297,849.5566,538.00
5.309297,849.6115,598.00
5.309297,849.6663,526.00
5.309297,849.7211,612.00
5.309297,849.7759,566.00
5.309297,849.8307,621.00
5.309297,849.8856,565.00
5.309297,849.9404,615.00
5.309297,849.9952,532.00
5.309297,850.0500,571.00
5.309297,850.1048,504.00
5.309297,850.1596,608.00
5.309297,850.2144,537.00
5.309297,850.2692,638.00
5.309297,850.3239,557.00
5.309297,850.3787,564.00
5.309297,850.4335,568.00
5.309297,850.4882,606.00
5.309297,850.5430,551.00
5.309297,850.5977,614.00
5.309297,850.6525,514.00
5.309297,850.7072,618.00
5.309297,850.7620,557.00
5.309297,850.8167,609.00
5.309297,850.8715,589.00
5.309297,850.9261,581.00
5.309297,850.9808,515.00
5.309297,851.0356,576.00
5.309297,851.0903,554.00
5.309297,851.1450,622.00
5.309297,851.1996,558.00
5.309297,851.2543,649.00
5.309297,851.3091,564.00
5.309297,851.3638,575.00
5.309297,851.4185,553.00
5.309297,851.4731,621.00
5.309297,851.5278,574.00
5.309297,851.5825,678.00
5.309297,851.6371,585.00
5.309297,851.6918,656.00
5.309297,851.7465,604.00
5.309297,851.8011,617.00
5.309297,851.8558,599.00
5.309297,851.9103,586.00
5.309297,851.9650,576.00
5.309297,852.0196,660.00
5.309297,852.0742,580.00
5.309297,852.1289,623.00
5.309297,852.1835,569.00
5.309297,852.2381,674.00
5.309297,852.2927,636.00
5.309297,852.3473,658.00
5.309297,852.4019,605.00
5.309297,852.4565,672.00
5.309297,852.5111,625.00
5.309297,852.5657,642.00
5.309297,852.6202,619.00
5.309297,852.6747,654.00
5.309297,852.7294,610.00
5.309297,852.7839,668.00
5.309297,852.8385,591.00
5.309297,852.8930,669.00
5.309297,852.9476,625.00
5.309297,853.0022,687.00
5.309297,853.0567,612.00
5.309297,853.1112,673.00
5.309297,853.1658,638.00
5.309297,853.2203,664.00
5.309297,853.2748,645.00
5.309297,853.3293,684.00
5.309297,853.3838,622.00
5.309297,853.4383,677.00
5.309297,853.4928,604.00
5.309297,853.5474,664.00
5.309297,853.6019,688.00
5.309297,853.6563,683.00
5.309297,853.7108,628.00
5.309297,853.7653,664.00
5.309297,853.8198,620.00
5.309297,853.8742,672.00
5.309297,853.9286,651.00
5.309297,853.9832,672.00
5.309297,854.0376,670.00
5.309297,854.0920,684.00
5.309297,854.1465,682.00
5.309297,854.2010,671.00
5.309297,854.2554,610.00
5.309297,854.3098,643.00
5.309297,854.3642,582.00
5.309297,854.4186,675.00
5.309297,854.4731,619.00
5.309297,854.5275,685.00
5.309297,854.5819,621.00
5.309297,854.6363,683.00
5.309297,854.6907,655.00
5.309297,854.7451,641.00
5.309297,854.7994,594.00
5.309297,854.8538,676.00
5.309297,854.9082,631.00
5.309297,854.9626,703.00
5.309297,855.0170,608.00
5.309297,855.0714,667.00
5.309297,855.1257,640.00
5.309297,855.1800,663.00
5.309297,855.2344,601.00
5.309297,855.2888,648.00
5.309297,855.3431,605.00
5.309297,855.3975,666.00
5.309297,855.4518,613.00
5.309297,855.5060,710.00
5.309297,855.5604,618.00
5.309297,855.6147,650.00
5.309297,855.6691,627.00
5.309297,855.7233,644.00
5.309297,855.7776,597.00
5.309297,855.8320,687.00
5.309297,855.8862,577.00
5.309297,855.9406,671.00
5.309297,855.9948,634.00
5.309297,856.0491,732.00
5.309297,856.1035,665.00
5.309297,856.1577,670.00
5.309297,856.2119,639.00
5.309297,856.2662,659.00
5.309297,856.3204,588.00
5.309297,856.3748,696.00
5.309297,856.4290,629.00
5.309297,856.4832,687.00
5.309297,856.5374,657.00
5.309297,856.5916,692.00
5.309297,856.6459,630.00
5.309297,856.7001,680.00
5.309297,856.7543,623.00
5.309297,856.8085,676.00
5.309297,856.8627,634.00
5.309297,856.9169,689.00
5.309297,856.9712,624.00
5.309297,857.0253,647.00
5.309297,857.0795,650.00
5.309297,857.1337,665.00
5.309297,857.1879,626.00
5.309297,857.2421,690.00
5.309297,857.2962,621.00
5.309297,857.3504,623.00
5.309297,857.4045,636.00
5.309297,857.4587,661.00
5.309297,857.5129,689.00
5.309297,857.5670,668.00
5.309297,857.6212,637.00
5.309297,857.6753,684.00
5.309297,857.7294,610.00
5.309297,857.7836,682.00
5.309297,857.8377,658.00
5.309297,857.8918,698.00
5.309297,857.9459,676.00
5.309297,858.0000,677.00
5.309297,858.0541,613.00
5.309297,858.1082,693.00
5.309297,858.1624,627.00
5.309297,858.2164,682.00
5.309297,858.2704,656.00
5.309297,858.3245,686.00
5.309297,858.3787,666.00
5.309297,858.4327,683.00
5.309297,858.4868,635.00
5.309297,858.5408,690.00
5.309297,858.5949,649.00
5.309297,858.6489,671.00
5.309297,858.7030,637.00
5.309297,858.7570,699.00
5.309297,858.8110,659.00
5.309297,858.8651,694.00
5.309297,858.9192,665.00
5.309297,858.9732,708.00
5.309297,859.0272,661.00
5.309297,859.0812,699.00
5.309297,859.1352,613.00
5.309297,859.1892,668.00
5.309297,859.2432,652.00
5.309297,859.2972,674.00
5.309297,859.3512,689.00
5.309297,859.4052,636.00
5.309297,859.4592,634.00
5.309297,859.5132,646.00
5.309297,859.5671,603.00
5.309297,859.6210,664.00
5.309297,859.6750,642.00
5.309297,859.7289,719.00
5.309297,859.7830,621.00
5.309297,859.8369,647.00
5.309297,859.8908,640.00
5.309297,859.9447,633.00
5.309297,859.9987,595.00
5.309297,860.0527,676.00
5.309297,860.1065,585.00
5.309297,860.1605,696.00
5.309297,860.2144,640.00
5.309297,860.2682,661.00
5.309297,860.3222,634.00
5.309297,860.3761,674.00
5.309297,860.4299,600.00
5.309297,860.4838,656.00
5.309297,860.5377,614.00
5.309297,860.5916,671.00
5.309297,860.6455,623.00
5.309297,860.6993,664.00
5.309297,860.7532,624.00
5.309297,860.8071,669.00
5.309297,860.8610,635.00
5.309297,860.9148,651.00
5.309297,860.9687,586.00
5.309297,861.0225,678.00
5.309297,861.0763,616.00
5.309297,861.1301,655.00
5.309297,861.1840,615.00
5.309297,861.2378,659.00
5.309297,861.2916,603.00
5.309297,861.3454,680.00
5.309297,861.3992,619.00
5.309297,861.4531,699.00
5.309297,861.5068,581.00
5.309297,861.5606,653.00
5.309297,861.6144,610.00
5.309297,861.6682,641.00
5.309297,861.7220,607.00
5.309297,861.7758,648.00
5.309297,861.8295,620.00
5.309297,861.8833,641.00
5.309297,861.9370,608.00
5.309297,861.9908,673.00
5.309297,862.0446,628.00
5.309297,862.0983,656.00
5.309297,862.1520,640.00
5.309297,862.2057,646.00
5.309297,862.2595,632.00
5.309297,862.3132,634.00
5.309297,862.3669,562.00
5.309297,862.4206,648.00
5.309297,862.4744,571.00
5.309297,862.5281,656.00
5.309297,862.5818,639.00
5.309297,862.6355,663.00
5.309297,862.6891,634.00
5.309297,862.7429,645.00
5.309297,862.7966,638.00
5.309297,862.8502,639.00
5.309297,862.9039,605.00
5.309297,862.9575,649.00
5.309297,863.0112,650.00
5.309297,863.0648,633.00
5.309297,863.1185,623.00
5.309297,863.1722,638.00
5.309297,863.2258,594.00
5.309297,863.2794,643.00
5.309297,863.3330,602.00
5.309297,863.3867,669.00
5.309297,863.4403,579.00
5.309297,863.4940,641.00
5.309297,863.5475,623.00
5.309297,863.6011,623.00
5.309297,863.6548,602.00
5.309297,863.7084,633.00
5.309297,863.7620,624.00
5.309297,863.8156,635.00
5.309297,863.8691,589.00
5.309297,863.9228,649.00
5.309297,863.9763,598.00
5.309297,864.0299,646.00
5.309297,864.0834,591.00
5.309297,864.1370,648.00
5.309297,864.1906,594.00
5.309297,864.2441,643.00
5.309297,864.2977,577.00
5.309297,864.3512,655.00
5.309297,864.4047,620.00
5.309297,864.4583,639.00
5.309297,864.5118,615.00
5.309297,864.5653,644.00
5.309297,864.6189,607.00
5.309297,864.6724,640.00
5.309297,864.7258,585.00
5.309297,864.7794,631.00
5.309297,864.8329,596.00
5.309297,864.8864,649.00
5.309297,864.9398,624.00
5.309297,864.9933,638.00
5.309297,865.0469,571.00
5.309297,865.1003,638.00
5.309297,865.1538,602.00
5.309297,865.2072,648.00
5.309297,865.2607,589.00
5.309297,865.3142,649.00
5.309297,865.3676,639.00
5.309297,865.4211,643.00
5.309297,865.4745,614.00
5.309297,865.5279,618.00
5.309297,865.5814,620.00
5.309297,865.6348,641.00
5.309297,865.6882,599.00
5.309297,865.7416,675.00
5.309297,865.7950,631.00
5.309297,865.8484,632.00
5.309297,865.9019,606.00
5.309297,865.9552,611.00
5.309297,866.0087,623.00
5.309297,866.0620,631.00
5.309297,866.1154,636.00
5.309297,866.1688,693.00
5.309297,866.2222,617.00
5.309297,866.2755,657.00
5.309297,866.3289,623.00
5.309297,866.3822,648.00
5.309297,866.4356,636.00
5.309297,866.4890,632.00
5.309297,866.5423,624.00
5.309297,866.5956,653.00
5.309297,866.6489,616.00
5.309297,866.7023,646.00
5.309297,866.7556,612.00
5.309297,866.8089,652.00
5.309297,866.8622,622.00
5.309297,866.9155,660.00
5.309297,866.9689,613.00
5.309297,867.0222,676.00
5.309297,867.0755,594.00
5.309297,867.1287,655.00
5.309297,867.1820,612.00
5.309297,867.2354,634.00
5.309297,867.2886,636.00
5.309297,867.3419,685.00
5.309297,867.3951,609.00
5.309297,867.4484,658.00
5.309297,867.5016,593.00
5.309297,867.5549,678.00
5.309297,867.6082,634.00
5.309297,867.6614,644.00
5.309297,867.7146,655.00
5.309297,867.7678,650.00
5.309297,867.8211,627.00
5.309297,867.8743,645.00
5.309297,867.9276,626.00
5.309297,867.9807,667.00
5.309297,868.0339,611.00
5.309297,868.0872,679.00
5.309297,868.1403,618.00
5.309297,868.1935,645.00
5.309297,868.2467,589.00
5.309297,868.2999,649.00
5.309297,868.3531,559.00
5.309297,868.4062,643.00
5.309297,868.4594,624.00
5.309297,868.5126,694.00
5.309297,868.5657,640.00
5.309297,868.6189,653.00
5.309297,868.6721,647.00
5.309297,868.7252,648.00
5.309297,868.7783,595.00
5.309297,868.8315,650.00
5.309297,868.8846,578.00
5.309297,868.9377,663.00
5.309297,868.9908,600.00
5.309297,869.0439,673.00
5.309297,869.0970,643.00
5.309297,869.1501,671.00
5.309297,869.2032,593.00
5.309297,869.2564,630.00
5.309297,869.3094,562.00
5.309297,869.3625,625.00
5.309297,869.4156,613.00
5.309297,869.4688,652.00
5.309297,869.5218,613.00
5.309297,869.5748,657.00
5.309297,869.6279,630.00
5.309297,869.6809,634.00
5.309297,869.7340,556.00
5.309297,869.7870,634.00
5.309297,869.8401,582.00
5.309297,869.8931,647.00
5.309297,869.9462,593.00
5.309297,869.9993,626.00
5.309297,870.0522,633.00
5.309297,870.1052,679.00
5.309297,870.1583,617.00
5.309297,870.2112,668.00
5.309297,870.2642,587.00
5.309297,870.3173,644.00
5.309297,870.3702,591.00
5.309297,870.4232,670.00
5.309297,870.4762,614.00
5.309297,870.5292,631.00
5.309297,870.5822,612.00
5.309297,870.6351,673.00
5.309297,870.6881,599.00
5.309297,870.7410,675.00
5.309297,870.7940,613.00
5.309297,870.8470,644.00
5.309297,870.8999,622.00
5.309297,870.9528,671.00
5.309297,871.0057,651.00
5.309297,871.0587,656.00
5.309297,871.1116,632.00
5.309297,871.1646,675.00
5.309297,871.2175,601.00
5.309297,871.2704,669.00
5.309297,871.3232,624.00
5.309297,871.3762,638.00
5.309297,871.4291,643.00
5.309297,871.4820,670.00
5.309297,871.5348,612.00
5.309297,871.5877,670.00
5.309297,871.6406,609.00
5.309297,871.6935,691.00
5.309297,871.7463,621.00
5.309297,871.7992,656.00
5.309297,871.8521,647.00
5.309297,871.9049,640.00
5.309297,871.9578,671.00
5.309297,872.0106,672.00
5.309297,872.0635,594.00
5.309297,872.1162,657.00
5.309297,872.1691,624.00
5.309297,872.2219,693.00
5.309297,872.2747,632.00
5.309297,872.3275,655.00
5.309297,872.3803,666.00
5.309297,872.4332,678.00
5.309297,872.4860,632.00
5.309297,872.5387,672.00
5.309297,872.5915,633.00
5.309297,872.6443,669.00
5.309297,872.6971,653.00
5.309297,872.7499,686.00
5.309297,872.8026,660.00
5.309297,872.8553,668.00
5.309297,872.9081,656.00
5.309297,872.9609,650.00
5.309297,873.0136,619.00
5.309297,873.0663,678.00
5.309297,873.1191,596.00
5.309297,873.1718,692.00
5.309297,873.2245,677.00
5.309297,873.2773,657.00
5.309297,873.3300,635.00
5.309297,873.3827,648.00
5.309297,873.4354,602.00
5.309297,873.4882,712.00
5.309297,873.5408,656.00
5.309297,873.5935,665.00
5.309297,873.6462,656.00
5.309297,873.6989,681.00
5.309297,873.7515,676.00
5.309297,873.8042,658.00
5.309297,873.8569,586.00
5.309297,873.9096,680.00
5.309297,873.9622,606.00
5.309297,874.0149,686.00
5.309297,874.0675,625.00
5.309297,874.1202,665.00
5.309297,874.1729,660.00
5.309297,874.2255,689.00
5.309297,874.2781,657.00
5.309297,874.3307,668.00
5.309297,874.3834,612.00
5.309297,874.4360,662.00
5.309297,874.4885,620.00
5.309297,874.5411,698.00
5.309297,874.5938,648.00
5.309297,874.6463,660.00
5.309297,874.6990,635.00
5.309297,874.7515,652.00
5.309297,874.8041,599.00
5.309297,874.8567,682.00
5.309297,874.9092,618.00
5.309297,874.9619,681.00
5.309297,875.0144,628.00
5.309297,875.0669,659.00
5.309297,875.1194,643.00
5.309297,875.1720,651.00
5.309297,875.2246,614.00
5.309297,875.2772,680.00
5.309297,875.3296,637.00
5.309297,875.3821,687.00
5.309297,875.4346,643.00
5.309297,875.4872,651.00
5.309297,875.5397,654.00
5.309297,875.5922,672.00
5.309297,875.6447,631.00
5.309297,875.6971,669.00
5.309297,875.7498,609.00
5.309297,875.8022,695.00
5.309297,875.8547,614.00
5.309297,875.9071,691.00
5.309297,875.9596,636.00
5.309297,876.0120,650.00
5.309297,876.0646,629.00
5.309297,876.1169,633.00
5.309297,876.1694,621.00
5.309297,876.2219,690.00
5.309297,876.2743,645.00
5.309297,876.3268,676.00
5.309297,876.3792,634.00
5.309297,876.4316,664.00
5.309297,876.4840,653.00
5.309297,876.5364,630.00
5.309297,876.5889,600.00
5.309297,876.6413,713.00
5.309297,876.6937,626.00
5.309297,876.7460,688.00
5.309297,876.7985,655.00
5.309297,876.8509,684.00
5.309297,876.9032,630.00
5.309297,876.9556,639.00
5.309297,877.0079,632.00
5.309297,877.0604,625.00
5.309297,877.1127,584.00
5.309297,877.1651,699.00
5.309297,877.2174,617.00
5.309297,877.2697,638.00
5.309297,877.3221,628.00
5.309297,877.3744,644.00
5.309297,877.4268,623.00
5.309297,877.4791,642.00
5.309297,877.5314,603.00
5.309297,877.5837,638.00
5.309297,877.6360,586.00
5.309297,877.6884,631.00
5.309297,877.7407,627.00
5.309297,877.7930,623.00
5.309297,877.8452,611.00
5.309297,877.8975,635.00
5.309297,877.9498,633.00
5.309297,878.0021,657.00
5.309297,878.0544,621.00
5.309297,878.1066,663.00
5.309297,878.1589,623.00
5.309297,878.2111,628.00
5.309297,878.2634,636.00
5.309297,878.3157,616.00
5.309297,878.3679,611.00
5.309297,878.4202,637.00
5.309297,878.4724,584.00
5.309297,878.5246,678.00
5.309297,878.5768,622.00
5.309297,878.6290,657.00
5.309297,878.6812,620.00
5.309297,878.7335,630.00
5.309297,878.7856,631.00
5.309297,878.8379,623.00
5.309297,878.8901,594.00
5.309297,878.9422,626.00
5.309297,878.9944,607.00
5.309297,879.0466,663.00
5.309297,879.0988,617.00
5.309297,879.1509,661.00
5.309297,879.2031,625.00
5.309297,879.2552,593.00
5.309297,879.3074,613.00
5.309297,879.3596,678.00
5.309297,879.4117,576.00
5.309297,879.4638,652.00
5.309297,879.5159,604.00
5.309297,879.5681,666.00
5.309297,879.6202,611.00
5.309297,879.6723,626.00
5.309297,879.7244,660.00
5.309297,879.7766,622.00
5.309297,879.8287,569.00
5.309297,879.8808,643.00
5.309297,879.9329,569.00
5.309297,879.9849,640.00
5.309297,880.0370,615.00
5.309297,880.0891,666.00
5.309297,880.1412,583.00
5.309297,880.1932,634.00
5.309297,880.2452,584.00
5.309297,880.2973,657.00
5.309297,880.3495,617.00
5.309297,880.4015,695.00
5.309297,880.4536,627.00
5.309297,880.5056,624.00
5.309297,880.5576,622.00
5.309297,880.6096,610.00
5.309297,880.6616,613.00
5.309297,880.7137,645.00
5.309297,880.7656,592.00
5.309297,880.8176,657.00
5.309297,880.8696,629.00
5.309297,880.9217,658.00
5.309297,880.9737,592.00
5.309297,881.0256,620.00
5.309297,881.0776,600.00
5.309297,881.1296,642.00
5.309297,881.1816,567.00
5.309297,881.2336,636.00
5.309297,881.2855,564.00
5.309297,881.3374,646.00
5.309297,881.3893,629.00
5.309297,881.4413,621.00
5.309297,881.4933,576.00
5.309297,881.5452,652.00
5.309297,881.5972,601.00
5.309297,881.6490,666.00
5.309297,881.7010,598.00
5.309297,881.7530,658.00
5.309297,881.8049,590.00
5.309297,881.8568,636.00
5.309297,881.9086,597.00
5.309297,881.9605,611.00
5.309297,882.0125,591.00
5.309297,882.0643,649.00
5.309297,882.1162,566.00
5.309297,882.1681,638.00
5.309297,882.2199,577.00
5.309297,882.2719,637.00
5.309297,882.3237,592.00
5.309297,882.3755,619.00
5.309297,882.4274,557.00
5.309297,882.4792,622.00
5.309297,882.5311,582.00
5.309297,882.5829,642.00
5.309297,882.6348,573.00
5.309297,882.6866,654.00
5.309297,882.7383,635.00
5.309297,882.7902,577.00
5.309297,882.8420,609.00
5.309297,882.8939,632.00
5.309297,882.9457,551.00
5.309297,882.9974,637.00
5.309297,883.0493,588.00
5.309297,883.1011,646.00
5.309297,883.1528,596.00
5.309297,883.2046,643.00
5.309297,883.2563,614.00
5.309297,883.3081,606.00
5.309297,883.3599,583.00
5.309297,883.4116,620.00
5.309297,883.4634,589.00
5.309297,883.5151,641.00
5.309297,883.5668,607.00
5.309297,883.6187,629.00
5.309297,883.6703,614.00
5.309297,883.7220,632.00
5.309297,883.7738,588.00
5.309297,883.8254,631.00
5.309297,883.8773,554.00
5.309297,883.9289,647.00
5.309297,883.9806,616.00
5.309297,884.0323,664.00
5.309297,884.0840,641.00
5.309297,884.1357,635.00
5.309297,884.1874,603.00
5.309297,884.2391,618.00
5.309297,884.2907,578.00
5.309297,884.3423,652.00
5.309297,884.3940,599.00
5.309297,884.4457,629.00
5.309297,884.4974,599.00
5.309297,884.5490,633.00
5.309297,884.6006,596.00
5.309297,884.6523,633.00
5.309297,884.7039,584.00
5.309297,884.7555,659.00
5.309297,884.8071,620.00
5.309297,884.8588,640.00
5.309297,884.9103,658.00
5.309297,884.9620,658.00
5.309297,885.0136,649.00
5.309297,885.0651,636.00
5.309297,885.1168,596.00
5.309297,885.1683,633.00
5.309297,885.2200,621.00
5.309297,885.2715,680.00
5.309297,885.3231,604.00
5.309297,885.3746,672.00
5.309297,885.4262,626.00
5.309297,885.4778,660.00
5.309297,885.5293,646.00
5.309297,885.5809,656.00
5.309297,885.6324,572.00
5.309297,885.6839,633.00
5.309297,885.7355,594.00
5.309297,885.7870,685.00
5.309297,885.8385,622.00
5.309297,885.8900,644.00
5.309297,885.9415,634.00
5.309297,885.9930,675.00
5.309297,886.0446,610.00
5.309297,886.0960,669.00
5.309297,886.1475,614.00
5.309297,886.1990,669.00
5.309297,886.2504,637.00
5.309297,886.3020,695.00
5.309297,886.3534,626.00
5.309297,886.4048,643.00
5.309297,886.4564,642.00
5.309297,886.5078,634.00
5.309297,886.5593,609.00
5.309297,886.6107,687.00
5.309297,886.6621,617.00
5.309297,886.7136,669.00
5.309297,886.7650,579.00
5.309297,886.8164,664.00
5.309297,886.8679,633.00
5.309297,886.9193,654.00
5.309297,886.9706,592.00
5.309297,887.0220,641.00
5.309297,887.0735,580.00
5.309297,887.1249,646.00
5.309297,887.1762,621.00
5.309297,887.2276,676.00
5.309297,887.2789,650.00
5.309297,887.3304,628.00
5.309297,887.3818,627.00
5.309297,887.4331,670.00
5.309297,887.4844,644.00
5.309297,887.5358,693.00
5.309297,887.5871,602.00
5.309297,887.6385,679.00
5.309297,887.6898,649.00
5.309297,887.7411,650.00
5.309297,887.7925,624.00
5.309297,887.8438,655.00
5.309297,887.8951,607.00
5.309297,887.9464,670.00
5.309297,887.9977,631.00
5.309297,888.0490,730.00
5.309297,888.1003,663.00
5.309297,888.1516,663.00
5.309297,888.2029,625.00
5.309297,888.2542,649.00
5.309297,888.3054,607.00
5.309297,888.3567,667.00
5.309297,888.4080,631.00
5.309297,888.4592,662.00
5.309297,888.5105,620.00
5.309297,888.5618,671.00
5.309297,888.6130,663.00
5.309297,888.6642,645.00
5.309297,888.7155,631.00
5.309297,888.7667,688.00
5.309297,888.8179,619.00
5.309297,888.8691,667.00
5.309297,888.9204,656.00
5.309297,888.9716,649.00
5.309297,889.0228,650.00
5.309297,889.0740,669.00
5.309297,889.1252,627.00
5.309297,889.1764,666.00
5.309297,889.2275,610.00
5.309297,889.2787,699.00
5.309297,889.3299,672.00
5.309297,889.3810,681.00
5.309297,889.4322,683.00
5.309297,889.4835,689.00
5.309297,889.5346,653.00
5.309297,889.5857,666.00
5.309297,889.6368,632.00
5.309297,889.6879,675.00
5.309297,889.7391,610.00
5.309297,889.7903,678.00
5.309297,889.8414,627.00
5.309297,889.8925,688.00
5.309297,889.9435,689.00
5.309297,889.9948,667.00
5.309297,890.0458,631.00
5.309297,890.0969,681.00
5.309297,890.1479,610.00
5.309297,890.1990,662.00
5.309297,890.2501,629.00
5.309297,890.3012,667.00
5.309297,890.3523,632.00
5.309297,890.4034,607.00
5.309297,890.4545,653.00
5.309297,890.5054,652.00
5.309297,890.5566,591.00
5.309297,890.6076,650.00
5.309297,890.6586,619.00
5.309297,890.7097,654.00
5.309297,890.7607,614.00
5.309297,890.8117,641.00
5.309297,890.8627,627.00
5.309297,890.9138,621.00
5.309297,890.9647,575.00
5.309297,891.0157,637.00
5.309297,891.0668,592.00
5.309297,891.1178,675.00
5.309297,891.1688,600.00
5.309297,891.2197,639.00
5.309297,891.2707,626.00
5.309297,891.3217,630.00
5.309297,891.3727,631.00
5.309297,891.4236,622.00
5.309297,891.4745,581.00
5.309297,891.5256,637.00
5.309297,891.5765,601.00
5.309297,891.6275,655.00
5.309297,891.6783,603.00
5.309297,891.7293,624.00
5.309297,891.7802,588.00
5.309297,891.8312,626.00
5.309297,891.8821,559.00
5.309297,891.9330,641.00
5.309297,891.9839,558.00
5.309297,892.0348,640.00
5.309297,892.0857,617.00
5.309297,892.1366,649.00
5.309297,892.1875,594.00
5.309297,892.2383,623.00
5.309297,892.2892,586.00
5.309297,892.3401,656.00
5.309297,892.3911,594.00
5.309297,892.4418,673.00
5.309297,892.4927,611.00
5.309297,892.5436,659.00
5.309297,892.5944,612.00
5.309297,892.6452,633.00
5.309297,892.6961,604.00
5.309297,892.7469,641.00
5.309297,892.7977,617.00
5.309297,892.8485,650.00
5.309297,892.8993,640.00
5.309297,892.9502,686.00
5.309297,893.0010,620.00
5.309297,893.0518,634.00
5.309297,893.1025,623.00
5.309297,893.1534,640.00
5.309297,893.2042,583.00
5.309297,893.2549,668.00
5.309297,893.3057,625.00
5.309297,893.3564,693.00
5.309297,893.4072,656.00
5.309297,893.4580,661.00
5.309297,893.5087,634.00
5.309297,893.5595,664.00
5.309297,893.6102,612.00
5.309297,893.6609,682.00
5.309297,893.7117,606.00
5.309297,893.7625,673.00
5.309297,893.8132,604.00
5.309297,893.8639,670.00
5.309297,893.9146,639.00
5.309297,893.9653,629.00
5.309297,894.0160,602.00
5.309297,894.0667,664.00
5.309297,894.1174,633.00
5.309297,894.1681,665.00
5.309297,894.2188,642.00
5.309297,894.2695,675.00
5.309297,894.3201,618.00
5.309297,894.3708,636.00
5.309297,894.4214,602.00
5.309297,894.4720,645.00
5.309297,894.5228,615.00
5.309297,894.5734,675.00
5.309297,894.6240,612.00
5.309297,894.6746,687.00
5.309297,894.7252,674.00
5.309297,894.7759,647.00
5.309297,894.8265,637.00
5.309297,894.8771,658.00
5.309297,894.9277,593.00
5.309297,894.9783,667.00
5.309297,895.0290,585.00
5.309297,895.0795,674.00
5.309297,895.1301,607.00
5.309297,895.1807,668.00
5.309297,895.2313,639.00
5.309297,895.2819,644.00
5.309297,895.3325,617.00
5.309297,895.3830,653.00
5.309297,895.4336,600.00
5.309297,895.4841,681.00
5.309297,895.5347,618.00
5.309297,895.5852,660.00
5.309297,895.6357,640.00
5.309297,895.6863,658.00
5.309297,895.7368,630.00
5.309297,895.7874,651.00
5.309297,895.8379,574.00
5.309297,895.8884,672.00
5.309297,895.9388,609.00
5.309297,895.9893,675.00
5.309297,896.0399,641.00
5.309297,896.0904,637.00
5.309297,896.1408,636.00
5.309297,896.1913,632.00
5.309297,896.2418,631.00
5.309297,896.2922,670.00
5.309297,896.3427,618.00
5.309297,896.3932,704.00
5.309297,896.4437,638.00
5.309297,896.4941,677.00
5.309297,896.5445,647.00
5.309297,896.5950,635.00
5.309297,896.6454,664.00
5.309297,896.6958,647.00
5.309297,896.7462,606.00
5.309297,896.7967,679.00
5.309297,896.8471,625.00
5.309297,896.8975,636.00
5.309297,896.9479,639.00
5.309297,896.9983,673.00
5.309297,897.0486,629.00
5.309297,897.0991,666.00
5.309297,897.1495,630.00
5.309297,897.1998,683.00
5.309297,897.2502,628.00
5.309297,897.3005,698.00
5.309297,897.3510,649.00
5.309297,897.4013,657.00
5.309297,897.4517,645.00
5.309297,897.5020,668.00
5.309297,897.5523,635.00
5.309297,897.6026,664.00
5.309297,897.6530,620.00
5.309297,897.7033,686.00
5.309297,897.7537,630.00
5.309297,897.8040,655.00
5.309297,897.8542,634.00
5.309297,897.9046,640.00
5.309297,897.9549,641.00
5.309297,898.0051,677.00
5.309297,898.0554,627.00
5.309297,898.1057,639.00
5.309297,898.1560,626.00
5.309297,898.2063,658.00
5.309297,898.2565,620.00
5.309297,898.3068,645.00
5.309297,898.3571,637.00
5.309297,898.4073,615.00
5.309297,898.4576,597.00
5.309297,898.5078,626.00
5.309297,898.5580,572.00
5.309297,898.6083,670.00
5.309297,898.6584,669.00
5.309297,898.7087,658.00
5.309297,898.7590,643.00
5.309297,898.8091,642.00
5.309297,898.8593,629.00
5.309297,898.9095,648.00
5.309297,898.9598,591.00
5.309297,899.0099,665.00
5.309297,899.0601,625.00
5.309297,899.1103,632.00
5.309297,899.1605,608.00
5.309297,899.2107,633.00
5.309297,899.2608,616.00
5.309297,899.3109,618.00
5.309297,899.3611,600.00
5.309297,899.4113,684.00
5.309297,899.4614,624.00
5.309297,899.5115,668.00
5.309297,899.5616,607.00
5.309297,899.6118,604.00
5.309297,899.6619,616.00
5.309297,899.7121,616.00
5.309297,899.7622,572.00
5.309297,899.8123,649.00
5.309297,899.8624,610.00
5.309297,899.9124,648.00
5.309297,899.9626,624.00
5.309297,900.0126,668.00
5.309297,900.0627,610.00
5.309297,900.1127,655.00
5.309297,900.1628,586.00
5.309297,900.2130,664.00
5.309297,900.2631,546.00
5.309297,900.3130,631.00
5.309297,900.3631,619.00
5.309297,900.4131,645.00
5.309297,900.4632,582.00
5.309297,900.5132,619.00
5.309297,900.5633,569.00
5.309297,900.6132,619.00
5.309297,900.6632,616.00
5.309297,900.7133,627.00
5.309297,900.7633,555.00
5.309297,900.8133,640.00
5.309297,900.8633,571.00
5.309297,900.9133,638.00
5.309297,900.9633,593.00
5.309297,901.0133,627.00
5.309297,901.0632,586.00
5.309297,901.1132,625.00
5.309297,901.1631,589.00
5.309297,901.2131,644.00
5.309297,901.2631,633.00
5.309297,901.3130,641.00
5.309297,901.3630,598.00
5.309297,901.4129,630.00
5.309297,901.4628,620.00
5.309297,901.5128,640.00
5.309297,901.5627,606.00
5.309297,901.6126,659.00
5.309297,901.6625,595.00
5.309297,901.7124,630.00
5.309297,901.7623,628.00
5.309297,901.8123,641.00
5.309297,901.8621,615.00
5.309297,901.9120,643.00
5.309297,901.9619,579.00
5.309297,902.0117,658.00
5.309297,902.0616,610.00
5.309297,902.1115,667.00
5.309297,902.1613,603.00
5.309297,902.2112,599.00
5.309297,902.2610,609.00
5.309297,902.3109,629.00
5.309297,902.3608,575.00
5.309297,902.4106,675.00
5.309297,902.4604,593.00
5.309297,902.5103,648.00
5.309297,902.5601,598.00
5.309297,902.6099,641.00
5.309297,902.6597,619.00
5.309297,902.7095,660.00
5.309297,902.7592,636.00
5.309297,902.8090,631.00
5.309297,902.8589,580.00
5.309297,902.9086,649.00
5.309297,902.9584,618.00
5.309297,903.0082,648.00
5.309297,903.0580,593.00
5.309297,903.1077,622.00
5.309297,903.1575,618.00
5.309297,903.2072,611.00
5.309297,903.2570,590.00
5.309297,903.3067,666.00
5.309297,903.3564,581.00
5.309297,903.4062,673.00
5.309297,903.4559,627.00
5.309297,903.5056,645.00
5.309297,903.5553,627.00
5.309297,903.6050,632.00
5.309297,903.6547,606.00
5.309297,903.7045,659.00
5.309297,903.7541,568.00
5.309297,903.8038,681.00
5.309297,903.8535,602.00
5.309297,903.9032,627.00
5.309297,903.9528,623.00
5.309297,904.0025,638.00
5.309297,904.0522,602.00
5.309297,904.1019,631.00
5.309297,904.1515,587.00
5.309297,904.2012,663.00
5.309297,904.2507,597.00
5.309297,904.3004,641.00
5.309297,904.3500,591.00
5.309297,904.3997,611.00
5.309297,904.4493,585.00
5.309297,904.4989,604.00
5.309297,904.5485,586.00
5.309297,904.5980,651.00
5.309297,904.6477,565.00
5.309297,904.6973,620.00
5.309297,904.7469,604.00
5.309297,904.7964,635.00
5.309297,904.8460,595.00
5.309297,904.8956,596.00
5.309297,904.9452,590.00
5.309297,904.9947,628.00
5.309297,905.0443,569.00
5.309297,905.0938,651.00
5.309297,905.1434,614.00
5.309297,905.1929,623.00
5.309297,905.2424,622.00
5.309297,905.2919,634.00
5.309297,905.3414,601.00
5.309297,905.3910,637.00
5.309297,905.4406,599.00
5.309297,905.4901,689.00
5.309297,905.5396,559.00
5.309297,905.5890,644.00
5.309297,905.6385,646.00
5.309297,905.6880,613.00
5.309297,905.7375,618.00
5.309297,905.7870,653.00
5.309297,905.8364,592.00
5.309297,905.8859,657.00
5.309297,905.9354,620.00
5.309297,905.9848,687.00
5.309297,906.0342,642.00
5.309297,906.0837,688.00
5.309297,906.1331,610.00
5.309297,906.1826,654.00
5.309297,906.2321,593.00
5.309297,906.2814,665.00
5.309297,906.3309,602.00
5.309297,906.3802,679.00
5.309297,906.4297,637.00
5.309297,906.4791,652.00
5.309297,906.5285,618.00
5.309297,906.5779,615.00
5.309297,906.6273,613.00
5.309297,906.6766,640.00
5.309297,906.7260,596.00
5.309297,906.7754,693.00
5.309297,906.8248,589.00
5.309297,906.8741,644.00
5.309297,906.9235,638.00
5.309297,906.9729,636.00
5.309297,907.0222,634.00
5.309297,907.0715,644.00
5.309297,907.1208,588.00
5.309297,907.1702,675.00
5.309297,907.2195,610.00
5.309297,907.2688,643.00
5.309297,907.3181,606.00
5.309297,907.3674,624.00
5.309297,907.4167,615.00
5.309297,907.4660,613.00
5.309297,907.5153,567.00
5.309297,907.5646,637.00
5.309297,907.6139,610.00
5.309297,907.6631,653.00
5.309297,907.7125,594.00
5.309297,907.7617,645.00
5.309297,907.8110,572.00
5.309297,907.8602,651.00
5.309297,907.9094,594.00
5.309297,907.9587,607.00
5.309297,908.0080,572.00
5.309297,908.0572,662.00
5.309297,908.1064,601.00
5.309297,908.1556,661.00
5.309297,908.2048,647.00
5.309297,908.2541,606.00
5.309297,908.3033,649.00
5.309297,908.3524,620.00
5.309297,908.4017,566.00
5.309297,908.4508,641.00
5.309297,908.5000,591.00
5.309297,908.5493,632.00
5.309297,908.5984,612.00
5.309297,908.6475,629.00
5.309297,908.6967,604.00
5.309297,908.7459,593.00
5.309297,908.7950,556.00
5.309297,908.8442,636.00
5.309297,908.8932,574.00
5.309297,908.9424,634.00
5.309297,908.9916,604.00
5.309297,909.0407,640.00
5.309297,909.0898,636.00
5.309297,909.1389,627.00
5.309297,909.1880,597.00
5.309297,909.2372,634.00
5.309297,909.2863,582.00
5.309297,909.3354,660.00
5.309297,909.3845,579.00
5.309297,909.4335,660.00
5.309297,909.4825,647.00
5.309297,909.5317,607.00
5.309297,909.5807,608.00
5.309297,909.6298,661.00
5.309297,909.6789,566.00
5.309297,909.7280,629.00
5.309297,909.7770,591.00
5.309297,909.8260,646.00
5.309297,909.8751,594.00
5.309297,909.9241,619.00
5.309297,909.9731,628.00
5.309297,910.0222,625.00
5.309297,910.0711,611.00
5.309297,910.1201,661.00
5.309297,910.1691,569.00
5.309297,910.2181,664.00
5.309297,910.2672,622.00
5.309297,910.3162,637.00
5.309297,910.3651,622.00
5.309297,910.4141,638.00
5.309297,910.4631,642.00
5.309297,910.5120,629.00
5.309297,910.5610,596.00
5.309297,910.6099,635.00
5.309297,910.6589,619.00
5.309297,910.7078,633.00
5.309297,910.7568,634.00
5.309297,910.8057,634.00
5.309297,910.8546,645.00
5.309297,910.9036,655.00
5.309297,910.9525,588.00
5.309297,911.0013,675.00
5.309297,911.0503,629.00
5.309297,911.0992,660.00
5.309297,911.1481,627.00
5.309297,911.1970,646.00
5.309297,911.2459,627.00
5.309297,911.2948,640.00
5.309297,911.3436,592.00
5.309297,911.3925,619.00
5.309297,911.4414,621.00
5.309297,911.4902,675.00
5.309297,911.5391,656.00
5.309297,911.5880,628.00
5.309297,911.6368,645.00
5.309297,911.6857,614.00
5.309297,911.7344,597.00
5.309297,911.7833,670.00
5.309297,911.8321,594.00
5.309297,911.8809,662.00
5.309297,911.9297,639.00
5.309297,911.9785,674.00
5.309297,912.0273,669.00
5.309297,912.0762,617.00
5.309297,912.1249,661.00
5.309297,912.1737,647.00
5.309297,912.2225,627.00
5.309297,912.2712,652.00
5.309297,912.3201,656.00
5.309297,912.3688,680.00
5.309297,912.4176,601.00
5.309297,912.4663,655.00
5.309297,912.5150,598.00
5.309297,912.5638,648.00
5.309297,912.6125,632.00
5.309297,912.6613,658.00
5.309297,912.7100,609.00
5.309297,912.7587,653.00
5.309297,912.8074,642.00
5.309297,912.8561,664.00
5.309297,912.9048,647.00
5.309297,912.9535,684.00
5.309297,913.0023,626.00
5.309297,913.0510,667.00
5.309297,913.0996,632.00
5.309297,913.1483,685.00
5.309297,913.1969,624.00
5.309297,913.2456,669.00
5.309297,913.2943,677.00
5.309297,913.3430,650.00
5.309297,913.3916,636.00
5.309297,913.4402,688.00
5.309297,913.4888,638.00
5.309297,913.5375,720.00
5.309297,913.5862,637.00
5.309297,913.6348,682.00
5.309297,913.6834,660.00
5.309297,913.7320,679.00
5.309297,913.7806,662.00
5.309297,913.8292,666.00
5.309297,913.8778,647.00
5.309297,913.9264,698.00
5.309297,913.9750,617.00
5.309297,914.0236,701.00
5.309297,914.0721,665.00
5.309297,914.1207,687.00
5.309297,914.1693,647.00
5.309297,914.2178,676.00
5.309297,914.2664,632.00
5.309297,914.3149,686.00
5.309297,914.3635,631.00
5.309297,914.4120,681.00
5.309297,914.4606,674.00
5.309297,914.5090,714.00
5.309297,914.5576,679.00
5.309297,914.6061,679.00
5.309297,914.6546,662.00
5.309297,914.7031,691.00
5.309297,914.7516,627.00
5.309297,914.8001,693.00
5.309297,914.8486,651.00
5.309297,914.8971,681.00
5.309297,914.9456,655.00
5.309297,914.9941,699.00
5.309297,915.0425,676.00
5.309297,915.0910,669.00
5.309297,915.1395,640.00
5.309297,915.1879,705.00
5.309297,915.2363,633.00
5.309297,915.2849,726.00
5.309297,915.3333,660.00
5.309297,915.3817,706.00
5.309297,915.4301,660.00
5.309297,915.4785,682.00
5.309297,915.5269,627.00
5.309297,915.5754,654.00
5.309297,915.6237,645.00
5.309297,915.6721,710.00
5.309297,915.7205,651.00
5.309297,915.7689,715.00
5.309297,915.8173,659.00
5.309297,915.8657,676.00
5.309297,915.9141,635.00
5.309297,915.9623,685.00
5.309297,916.0107,633.00
5.309297,916.0591,679.00
5.309297,916.1075,650.00
5.309297,916.1558,661.00
5.309297,916.2042,648.00
5.309297,916.2524,658.00
5.309297,916.3008,663.00
5.309297,916.3491,665.00
5.309297,916.3974,606.00
5.309297,916.4457,668.00
5.309297,916.4940,617.00
5.309297,916.5423,681.00
5.309297,916.5907,666.00
5.309297,916.6390,665.00
5.309297,916.6872,656.00
5.309297,916.7355,650.00
5.309297,916.7838,606.00
5.309297,916.8320,693.00
5.309297,916.8803,614.00
5.309297,916.9286,692.00
5.309297,916.9768,599.00
5.309297,917.0250,661.00
5.309297,917.0733,666.00
5.309297,917.1216,663.00
5.309297,917.1698,632.00
5.309297,917.2180,631.00
5.309297,917.2662,624.00
5.309297,917.3145,659.00
5.309297,917.3626,673.00
5.309297,917.4109,694.00
5.309297,917.4590,627.00
5.309297,917.5072,696.00
5.309297,917.5554,619.00
5.309297,917.6036,664.00
5.309297,917.6518,629.00
5.309297,917.7000,707.00
5.309297,917.7481,638.00
5.309297,917.7963,675.00
5.309297,917.8444,632.00
5.309297,917.8926,666.00
5.309297,917.9407,667.00
5.309297,917.9888,677.00
5.309297,918.0369,625.00
5.309297,918.0851,648.00
5.309297,918.1332,629.00
5.309297,918.1813,695.00
5.309297,918.2294,646.00
5.309297,918.2776,678.00
5.309297,918.3257,652.00
5.309297,918.3737,660.00
5.309297,918.4218,645.00
5.309297,918.4699,669.00
5.309297,918.5180,631.00
5.309297,918.5660,658.00
5.309297,918.6142,638.00
5.309297,918.6622,684.00
5.309297,918.7103,678.00
5.309297,918.7583,707.00
5.309297,918.8064,669.00
5.309297,918.8544,677.00
5.309297,918.9025,656.00
5.309297,918.9505,699.00
5.309297,918.9985,639.00
5.309297,919.0464,710.00
5.309297,919.0945,656.00
5.309297,919.1426,708.00
5.309297,919.1905,703.00
5.309297,919.2385,669.00
5.309297,919.2866,621.00
5.309297,919.3345,680.00
5.309297,919.3825,624.00
5.309297,919.4304,665.00
5.309297,919.4785,648.00
5.309297,919.5264,682.00
5.309297,919.5744,644.00
5.309297,919.6224,624.00
5.309297,919.6703,636.00
5.309297,919.7182,652.00
5.309297,919.7661,627.00
5.309297,919.8141,686.00
5.309297,919.8620,650.00
5.309297,919.9100,684.00
5.309297,919.9578,640.00
5.309297,920.0057,705.00
5.309297,920.0536,661.00
5.309297,920.1016,677.00
5.309297,920.1495,664.00
5.309297,920.1973,680.00
5.309297,920.2452,594.00
5.309297,920.2932,662.00
5.309297,920.3410,666.00
5.309297,920.3888,684.00
5.309297,920.4367,650.00
5.309297,920.4846,651.00
5.309297,920.5323,619.00
5.309297,920.5803,625.00
5.309297,920.6281,606.00
5.309297,920.6759,691.00
5.309297,920.7237,645.00
5.309297,920.7715,671.00
5.309297,920.8195,632.00
5.309297,920.8672,637.00
5.309297,920.9150,637.00
5.309297,920.9628,664.00
5.309297,921.0106,613.00
5.309297,921.0584,692.00
5.309297,921.1062,614.00
5.309297,921.1540,678.00
5.309297,921.2017,630.00
5.309297,921.2495,638.00
5.309297,921.2973,616.00
5.309297,921.3450,637.00
5.309297,921.3928,585.00
5.309297,921.4405,657.00
5.309297,921.4882,587.00
5.309297,921.5359,690.00
5.309297,921.5837,656.00
5.309297,921.6315,684.00
5.309297,921.6791,654.00
5.309297,921.7269,651.00
5.309297,921.7746,619.00
5.309297,921.8223,614.00
5.309297,921.8700,584.00
5.309297,921.9177,667.00
5.309297,921.9653,593.00
5.309297,922.0130,647.00
5.309297,922.0607,639.00
5.309297,922.1084,662.00
5.309297,922.1561,605.00
5.309297,922.2037,680.00
5.309297,922.2513,617.00
5.309297,922.2990,647.00
5.309297,922.3467,629.00
5.309297,922.3943,652.00
5.309297,922.4419,612.00
5.309297,922.4895,650.00
5.309297,922.5371,625.00
5.309297,922.5848,636.00
5.309297,922.6324,630.00
5.309297,922.6800,656.00
5.309297,922.7276,571.00
5.309297,922.7752,692.00
5.309297,922.8228,636.00
5.309297,922.8704,663.00
5.309297,922.9179,620.00
5.309297,922.9655,663.00
5.309297,923.0130,624.00
5.309297,923.0607,692.00
5.309297,923.1082,591.00
5.309297,923.1558,700.00
5.309297,923.2032,589.00
5.309297,923.2508,648.00
5.309297,923.2983,632.00
5.309297,923.3459,633.00
5.309297,923.3934,650.00
5.309297,923.4409,650.00
5.309297,923.4884,596.00
5.309297,923.5359,660.00
5.309297,923.5834,590.00
5.309297,923.6309,655.00
5.309297,923.6784,643.00
5.309297,923.7259,678.00
5.309297,923.7734,612.00
5.309297,923.8209,629.00
5.309297,923.8683,603.00
5.309297,923.9158,659.00
5.309297,923.9632,615.00
5.309297,924.0106,700.00
5.309297,924.0581,604.00
5.309297,924.1056,643.00
5.309297,924.1530,631.00
5.309297,924.2004,663.00
5.309297,924.2479,654.00
5.309297,924.2952,640.00
5.309297,924.3427,599.00
5.309297,924.3901,691.00
5.309297,924.4375,649.00
5.309297,924.4849,685.00
5.309297,924.5323,658.00
5.309297,924.5797,613.00
5.309297,924.6270,631.00
5.309297,924.6744,672.00
5.309297,924.7218,600.00
5.309297,924.7692,679.00
5.309297,924.8165,616.00
5.309297,924.8639,697.00
5.309297,924.9112,614.00
5.309297,924.9585,664.00
5.309297,925.0059,653.00
5.309297,925.0532,636.00
5.309297,925.1005,604.00
5.309297,925.1478,647.00
5.309297,925.1952,604.00
5.309297,925.2424,684.00
5.309297,925.2897,646.00
5.309297,925.3370,676.00
5.309297,925.3843,635.00
5.309297,925.4316,658.00
5.309297,925.4789,590.00
5.309297,925.5262,673.00
5.309297,925.5734,598.00
5.309297,925.6207,675.00
5.309297,925.6680,625.00
5.309297,925.7153,693.00
5.309297,925.7625,642.00
5.309297,925.8097,647.00
5.309297,925.8569,659.00
5.309297,925.9042,646.00
5.309297,925.9514,610.00
5.309297,925.9987,655.00
5.309297,926.0458,623.00
5.309297,926.0930,661.00
5.309297,926.1403,615.00
5.309297,926.1874,681.00
5.309297,926.2346,627.00
5.309297,926.2819,671.00
5.309297,926.3290,618.00
5.309297,926.3762,671.00
5.309297,926.4233,592.00
5.309297,926.4705,687.00
5.309297,926.5177,661.00
5.309297,926.5648,713.00
5.309297,926.6120,663.00
5.309297,926.6591,702.00
5.309297,926.7063,647.00
5.309297,926.7534,664.00
5.309297,926.8005,626.00
5.309297,926.8477,689.00
5.309297,926.8947,641.00
5.309297,926.9418,695.00
5.309297,926.9890,666.00
5.309297,927.0361,667.00
5.309297,927.0831,646.00
5.309297,927.1302,676.00
5.309297,927.1773,623.00
5.309297,927.2244,729.00
5.309297,927.2715,645.00
5.309297,927.3185,667.00
5.309297,927.3656,640.00
5.309297,927.4126,679.00
5.309297,927.4597,692.00
5.309297,927.5067,694.00
5.309297,927.5538,637.00
5.309297,927.6008,702.00
5.309297,927.6478,647.00
5.309297,927.6949,696.00
5.309297,927.7419,649.00
5.309297,927.7888,708.00
5.309297,927.8358,691.00
5.309297,927.8829,697.00
5.309297,927.9299,646.00
5.309297,927.9769,698.00
5.309297,928.0239,648.00
5.309297,928.0708,701.00
5.309297,928.1177,654.00
5.309297,928.1648,689.00
5.309297,928.2117,699.00
5.309297,928.2587,696.00
5.309297,928.3056,654.00
5.309297,928.3525,679.00
5.309297,928.3995,654.00
5.309297,928.4465,681.00
5.309297,928.4934,672.00
5.309297,928.5402,689.00
5.309297,928.5872,665.00
5.309297,928.6340,729.00
5.309297,928.6810,666.00
5.309297,928.7279,646.00
5.309297,928.7748,656.00
5.309297,928.8217,688.00
5.309297,928.8685,628.00
5.309297,928.9155,683.00
5.309297,928.9623,609.00
5.309297,929.0092,714.00
5.309297,929.0560,658.00
5.309297,929.1028,648.00
5.309297,929.1498,647.00
5.309297,929.1965,690.00
5.309297,929.2434,657.00
5.309297,929.2902,685.00
5.309297,929.3370,624.00
5.309297,929.3839,687.00
5.309297,929.4307,689.00
5.309297,929.4775,672.00
5.309297,929.5243,672.00
5.309297,929.5710,684.00
5.309297,929.6179,651.00
5.309297,929.6647,678.00
5.309297,929.7115,616.00
5.309297,929.7582,660.00
5.309297,929.8050,630.00
5.309297,929.8517,713.00
5.309297,929.8986,645.00
5.309297,929.9453,668.00
5.309297,929.9921,706.00
5.309297,930.0388,717.00
5.309297,930.0854,682.00
5.309297,930.1323,726.00
5.309297,930.1790,670.00
5.309297,930.2256,735.00
5.309297,930.2724,694.00
5.309297,930.3191,701.00
5.309297,930.3658,709.00
5.309297,930.4125,761.00
5.309297,930.4592,711.00
5.309297,930.5059,815.00
5.309297,930.5526,864.00
5.309297,930.5993,1082.00
5.309297,930.6459,1336.00
5.309297,930.6926,1541.00
5.309297,930.7392,1691.00
5.309297,930.7859,2420.00
5.309297,930.8325,3751.00
5.309297,930.8792,4346.00
5.309297,930.9258,3262.00
5.309297,930.9725,2173.00
5.309297,931.0190,1436.00
5.309297,931.0657,1243.00
5.309297,931.1123,1193.00
5.309297,931.1589,1011.00
5.309297,931.2055,780.00
5.309297,931.2521,698.00
5.309297,931.2987,659.00
5.309297,931.3453,692.00
5.309297,931.3919,661.00
5.309297,931.4385,708.00
5.309297,931.4850,677.00
5.309297,931.5316,685.00
5.309297,931.5782,658.00
5.309297,931.6248,666.00
5.309297,931.6713,632.00
5.309297,931.7178,706.00
5.309297,931.7643,634.00
5.309297,931.8109,691.00
5.309297,931.8574,673.00
5.309297,931.9039,670.00
5.309297,931.9504,653.00
5.309297,931.9969,681.00
5.309297,932.0435,641.00
5.309297,932.0900,690.00
5.309297,932.1365,627.00
5.309297,932.1829,708.00
5.309297,932.2294,648.00
5.309297,932.2759,716.00
5.309297,932.3223,643.00
5.309297,932.3688,627.00
5.309297,932.4153,656.00
5.309297,932.4617,692.00
5.309297,932.5082,638.00
5.309297,932.5546,691.00
5.309297,932.6011,661.00
5.309297,932.6475,708.00
5.309297,932.6939,690.00
5.309297,932.7402,679.00
5.309297,932.7867,647.00
5.309297,932.8331,684.00
5.309297,932.8795,612.00
5.309297,932.9259,695.00
5.309297,932.9723,621.00
5.309297,933.0187,703.00
5.309297,933.0651,668.00
5.309297,933.1115,680.00
5.309297,933.1578,685.00
5.309297,933.2042,654.00
5.309297,933.2505,633.00
5.309297,933.2969,692.00
5.309297,933.3433,692.00
5.309297,933.3896,732.00
5.309297,933.4359,663.00
5.309297,933.4822,696.00
5.309297,933.5286,646.00
5.309297,933.5749,668.00
5.309297,933.6212,666.00
5.309297,933.6675,685.00
5.309297,933.7138,642.00
5.309297,933.7601,713.00
5.309297,933.8064,664.00
5.309297,933.8527,709.00
5.309297,933.8989,664.00
5.309297,933.9452,711.00
5.309297,933.9915,694.00
5.309297,934.0378,704.00
5.309297,934.0840,644.00
5.309297,934.1302,726.00
5.309297,934.1765,645.00
5.309297,934.2227,705.00
5.309297,934.2690,690.00
5.309297,934.3152,730.00
5.309297,934.3614,677.00
5.309297,934.4077,670.00
5.309297,934.4539,660.00
5.309297,934.5001,711.00
5.309297,934.5463,649.00
5.309297,934.5925,728.00
5.309297,934.6387,689.00
5.309297,934.6848,700.00
5.309297,934.7310,681.00
5.309297,934.7772,700.00
5.309297,934.8234,642.00
5.309297,934.8695,712.00
5.309297,934.9156,638.00
5.309297,934.9619,704.00
5.309297,935.0080,672.00
5.309297,935.0541,707.00
5.309297,935.1002,696.00
5.309297,935.1464,699.00
5.309297,935.1925,638.00
5.309297,935.2386,710.00
5.309297,935.2847,671.00
5.309297,935.3308,728.00
5.309297,935.3769,655.00
5.309297,935.4230,723.00
5.309297,935.4691,649.00
5.309297,935.5152,709.00
5.309297,935.5613,648.00
5.309297,935.6073,691.00
5.309297,935.6534,649.00
5.309297,935.6995,706.00
5.309297,935.7455,610.00
5.309297,935.7916,702.00
5.309297,935.8376,685.00
5.309297,935.8837,714.00
5.309297,935.9297,645.00
5.309297,935.9757,681.00
5.309297,936.0217,659.00
5.309297,936.0677,662.00
5.309297,936.1137,623.00
5.309297,936.1598,712.00
5.309297,936.2057,638.00
5.309297,936.2518,701.00
5.309297,936.2977,667.00
5.309297,936.3437,681.00
5.309297,936.3896,642.00
5.309297,936.4357,683.00
5.309297,936.4816,622.00
5.309297,936.5275,721.00
5.309297,936.5735,632.00
5.309297,936.6194,677.00
5.309297,936.6654,671.00
5.309297,936.7114,661.00
5.309297,936.7573,618.00
5.309297,936.8032,644.00
5.309297,936.8491,592.00
5.309297,936.8950,627.00
5.309297,936.9409,612.00
5.309297,936.9868,667.00
5.309297,937.0327,610.00
5.309297,937.0786,660.00
5.309297,937.1245,641.00
5.309297,937.1704,660.00
5.309297,937.2162,603.00
5.309297,937.2621,665.00
5.309297,937.3080,580.00
5.309297,937.3539,648.00
5.309297,937.3997,616.00
5.309297,937.4455,675.00
5.309297,937.4913,636.00
5.309297,937.5372,632.00
5.309297,937.5831,624.00
5.309297,937.6289,656.00
5.309297,937.6747,617.00
5.309297,937.7205,678.00
5.309297,937.7663,608.00
5.309297,937.8121,680.00
5.309297,937.8579,610.00
5.309297,937.9037,646.00
5.309297,937.9495,647.00
5.309297,937.9952,648.00
5.309297,938.0410,618.00
5.309297,938.0868,655.00
5.309297,938.1325,597.00
5.309297,938.1783,701.00
5.309297,938.2240,604.00
5.309297,938.2698,651.00
5.309297,938.3155,627.00
5.309297,938.3613,652.00
5.309297,938.4069,634.00
5.309297,938.4527,660.00
5.309297,938.4984,615.00
5.309297,938.5441,699.00
5.309297,938.5898,644.00
5.309297,938.6356,659.00
5.309297,938.6812,638.00
5.309297,938.7269,661.00
5.309297,938.7726,639.00
5.309297,938.8182,662.00
5.309297,938.8640,659.00
5.309297,938.9096,689.00
5.309297,938.9552,608.00
5.309297,939.0010,653.00
5.309297,939.0466,675.00
5.309297,939.0922,679.00
5.309297,939.1378,658.00
5.309297,939.1835,708.00
5.309297,939.2291,608.00
5.309297,939.2747,681.00
5.309297,939.3203,609.00
5.309297,939.3659,679.00
5.309297,939.4115,666.00
5.309297,939.4570,700.00
5.309297,939.5027,688.00
5.309297,939.5483,666.00
5.309297,939.5939,619.00
5.309297,939.6395,687.00
5.309297,939.6851,642.00
5.309297,939.7306,718.00
5.309297,939.7761,639.00
5.309297,939.8217,695.00
5.309297,939.8672,641.00
5.309297,939.9127,697.00
5.309297,939.9583,657.00
5.309297,940.0038,685.00
5.309297,940.0493,633.00
5.309297,940.0948,724.00
5.309297,940.1403,640.00
5.309297,940.1859,760.00
5.309297,940.2314,668.00
5.309297,940.2769,688.00
5.309297,940.3223,666.00
5.309297,940.3678,716.00
5.309297,940.4133,660.00
5.309297,940.4588,674.00
5.309297,940.5042,652.00
5.309297,940.5497,731.00
5.309297,940.5952,640.00
5.309297,940.6406,700.00
5.309297,940.6860,683.00
5.309297,940.7315,702.00
5.309297,940.7769,651.00
5.309297,940.8223,710.00
5.309297,940.8677,660.00
5.309297,940.9132,713.00
5.309297,940.9586,653.00
5.309297,941.0040,715.00
5.309297,941.0494,703.00
5.309297,941.0948,698.00
5.309297,941.1402,666.00
5.309297,941.1855,670.00
5.309297,941.2310,639.00
5.309297,941.2762,743.00
5.309297,941.3216,629.00
5.309297,941.3670,707.00
5.309297,941.4124,663.00
5.309297,941.4577,691.00
5.309297,941.5031,663.00
5.309297,941.5483,676.00
5.309297,941.5937,665.00
5.309297,941.6390,707.00
5.309297,941.6843,667.00
5.309297,941.7296,681.00
5.309297,941.7749,660.00
5.309297,941.8203,678.00
5.309297,941.8655,665.00
5.309297,941.9108,673.00
5.309297,941.9561,660.00
5.309297,942.0013,708.00
5.309297,942.0467,653.00
5.309297,942.0920,728.00
5.309297,942.1372,674.00
5.309297,942.1824,694.00
5.309297,942.2277,686.00
5.309297,942.2729,674.00
5.309297,942.3182,652.00
5.309297,942.3634,719.00
5.309297,942.4086,659.00
5.309297,942.4539,681.00
5.309297,942.4990,651.00
5.309297,942.5443,704.00
5.309297,942.5895,673.00
5.309297,942.6347,707.00
5.309297,942.6798,672.00
5.309297,942.7250,647.00
5.309297,942.7702,644.00
5.309297,942.8154,714.00
5.309297,942.8606,619.00
5.309297,942.9058,734.00
5.309297,942.9508,645.00
5.309297,942.9960,706.00
5.309297,943.0412,655.00
5.309297,943.0864,699.00
5.309297,943.1314,641.00
5.309297,943.1766,704.00
5.309297,943.2217,669.00
5.309297,943.2668,723.00
5.309297,943.3120,653.00
5.309297,943.3571,722.00
5.309297,943.4021,674.00
5.309297,943.4473,706.00
5.309297,943.4923,663.00
5.309297,943.5374,684.00
5.309297,943.5825,655.00
5.309297,943.6276,699.00
5.309297,943.6725,627.00
5.309297,943.7177,673.00
5.309297,943.7627,692.00
5.309297,943.8078,653.00
5.309297,943.8528,667.00
5.309297,943.8978,693.00
5.309297,943.9429,632.00
5.309297,943.9879,706.00
5.309297,944.0330,634.00
5.309297,944.0779,713.00
5.309297,944.1229,672.00
5.309297,944.1679,692.00
5.309297,944.2130,665.00
5.309297,944.2579,701.00
5.309297,944.3029,666.00
5.309297,944.3478,656.00
5.309297,944.3929,630.00
5.309297,944.4379,712.00
5.309297,944.4828,650.00
5.309297,944.5277,725.00
5.309297,944.5727,666.00
5.309297,944.6176,691.00
5.309297,944.6626,664.00
5.309297,944.7076,709.00
5.309297,944.7524,648.00
5.309297,944.7974,669.00
5.309297,944.8423,653.00
5.309297,944.8872,702.00
5.309297,944.9321,674.00
5.309297,944.9770,698.00
5.309297,945.0219,688.00
5.309297,945.0667,690.00
5.309297,945.1116,633.00
5.309297,945.1566,665.00
5.309297,945.2014,639.00
5.309297,945.2463,710.00
5.309297,945.2911,637.00
5.309297,945.3360,722.00
5.309297,945.3808,684.00
5.309297,945.4257,693.00
5.309297,945.4705,633.00
5.309297,945.5153,672.00
5.309297,945.5601,625.00
5.309297,945.6050,718.00
5.309297,945.6498,674.00
5.309297,945.6946,668.00
5.309297,945.7394,668.00
5.309297,945.7842,662.00
5.309297,945.8290,647.00
5.309297,945.8738,693.00
5.309297,945.9186,660.00
5.309297,945.9633,684.00
5.309297,946.0081,613.00
5.309297,946.0529,703.00
5.309297,946.0976,660.00
5.309297,946.1423,682.00
5.309297,946.1871,662.00
5.309297,946.2318,700.00
5.309297,946.2766,595.00
5.309297,946.3213,678.00
5.309297,946.3660,637.00
5.309297,946.4107,667.00
5.309297,946.4554,644.00
5.309297,946.5001,703.00
5.309297,946.5449,687.00
5.309297,946.5895,664.00
5.309297,946.6342,633.00
5.309297,946.6789,678.00
5.309297,946.7236,645.00
5.309297,946.7682,679.00
5.309297,946.8129,660.00
5.309297,946.8575,694.00
5.309297,946.9022,657.00
5.309297,946.9468,716.00
5.309297,946.9915,663.00
5.309297,947.0361,692.00
5.309297,947.0807,659.00
5.309297,947.1253,688.00
5.309297,947.1700,614.00
5.309297,947.2146,699.00
5.309297,947.2592,634.00
5.309297,947.3038,699.00
5.309297,947.3483,670.00
5.309297,947.3929,695.00
5.309297,947.4376,625.00
5.309297,947.4821,669.00
5.309297,947.5267,635.00
5.309297,947.5712,703.00
5.309297,947.6158,645.00
5.309297,947.6604,694.00
5.309297,947.7050,650.00
5.309297,947.7495,669.00
5.309297,947.7939,633.00
5.309297,947.8385,680.00
5.309297,947.8831,609.00
5.309297,947.9276,679.00
5.309297,947.9720,638.00
5.309297,948.0166,674.00
5.309297,948.0611,624.00
5.309297,948.1056,668.00
5.309297,948.1501,641.00
5.309297,948.1945,655.00
5.309297,948.2390,613.00
5.309297,948.2835,670.00
5.309297,948.3279,598.00
5.309297,948.3724,686.00
5.309297,948.4169,633.00
5.309297,948.4613,696.00
5.309297,948.5057,651.00
5.309297,948.5502,629.00
5.309297,948.5947,599.00
5.309297,948.6391,698.00
5.309297,948.6835,634.00
5.309297,948.7279,703.00
5.309297,948.7723,640.00
5.309297,948.8167,681.00
5.309297,948.8611,631.00
5.309297,948.9055,661.00
5.309297,948.9498,629.00
5.309297,948.9943,660.00
5.309297,949.0387,628.00
5.309297,949.0830,689.00
5.309297,949.1273,648.00
5.309297,949.1718,664.00
5.309297,949.2161,634.00
5.309297,949.2604,660.00
5.309297,949.3047,634.00
5.309297,949.3491,660.00
5.309297,949.3934,636.00
5.309297,949.4377,665.00
5.309297,949.4821,610.00
5.309297,949.5264,699.00
5.309297,949.5707,656.00
5.309297,949.6150,674.00
5.309297,949.6592,620.00
5.309297,949.7036,659.00
5.309297,949.7479,625.00
5.309297,949.7921,680.00
5.309297,949.8363,615.00
5.309297,949.8806,710.00
5.309297,949.9249,639.00
5.309297,949.9692,680.00
5.309297,950.0134,646.00
5.309297,950.0576,695.00
5.309297,950.1019,643.00
5.309297,950.1461,671.00
5.309297,950.1903,628.00
5.309297,950.2346,711.00
5.309297,950.2787,669.00
5.309297,950.3229,697.00
5.309297,950.3671,623.00
5.309297,950.4114,672.00
5.309297,950.4555,653.00
5.309297,950.4997,668.00
5.309297,950.5439,646.00
5.309297,950.5880,703.00
5.309297,950.6322,620.00
5.309297,950.6763,668.00
5.309297,950.7205,640.00
5.309297,950.7646,655.00
5.309297,950.8088,615.00
5.309297,950.8530,660.00
5.309297,950.8971,640.00
5.309297,950.9412,668.00
5.309297,950.9853,599.00
5.309297,951.0294,707.00
5.309297,951.0735,648.00
5.309297,951.1177,698.00
5.309297,951.1617,676.00
5.309297,951.2057,663.00
5.309297,951.2499,653.00
5.309297,951.2939,686.00
5.309297,951.3380,627.00
5.309297,951.3821,682.00
5.309297,951.4261,635.00
5.309297,951.4702,688.00
5.309297,951.5142,681.00
5.309297,951.5582,697.00
5.309297,951.6024,651.00
5.309297,951.6464,645.00
5.309297,951.6904,656.00
5.309297,951.7344,700.00
5.309297,951.7784,604.00
5.309297,951.8224,679.00
5.309297,951.8665,652.00
5.309297,951.9104,688.00
5.309297,951.9544,632.00
5.309297,951.9984,660.00
5.309297,952.0424,623.00
5.309297,952.0864,678.00
5.309297,952.1303,624.00
5.309297,952.1743,692.00
5.309297,952.2183,628.00
5.309297,952.2621,729.00
5.309297,952.3061,647.00
5.309297,952.3500,692.00
5.309297,952.3940,638.00
5.309297,952.4379,676.00
5.309297,952.4818,636.00
5.309297,952.5258,701.00
5.309297,952.5696,656.00
5.309297,952.6136,727.00
5.309297,952.6574,642.00
5.309297,952.7014,680.00
5.309297,952.7452,642.00
5.309297,952.7891,660.00
5.309297,952.8330,619.00
5.309297,952.8768,667.00
5.309297,952.9207,640.00
5.309297,952.9645,683.00
5.309297,953.0084,636.00
5.309297,953.0522,673.00
5.309297,953.0961,667.00
5.309297,953.1400,664.00
5.309297,953.1838,641.00
5.309297,953.2275,634.00
5.309297,953.2714,624.00
5.309297,953.3152,691.00
5.309297,953.3589,660.00
5.309297,953.4028,688.00
5.309297,953.4466,639.00
5.309297,953.4904,664.00
5.309297,953.5341,675.00
5.309297,953.5779,636.00
5.309297,953.6217,628.00
5.309297,953.6654,659.00
5.309297,953.7092,594.00
5.309297,953.7529,709.00
5.309297,953.7967,620.00
5.309297,953.8405,698.00
5.309297,953.8842,627.00
5.309297,953.9279,639.00
5.309297,953.9716,624.00
5.309297,954.0153,666.00
5.309297,954.0590,603.00
5.309297,954.1027,655.00
5.309297,954.1464,631.00
5.309297,954.1901,662.00
5.309297,954.2338,659.00
5.309297,954.2774,677.00
5.309297,954.3212,617.00
5.309297,954.3648,651.00
5.309297,954.4084,579.00
5.309297,954.4521,695.00
5.309297,954.4958,632.00
5.309297,954.5394,632.00
5.309297,954.5831,663.00
5.309297,954.6267,671.00
5.309297,954.6703,653.00
5.309297,954.7139,630.00
5.309297,954.7576,628.00
5.309297,954.8012,675.00
5.309297,954.8448,629.00
5.309297,954.8884,712.00
5.309297,954.9319,645.00
5.309297,954.9755,674.00
5.309297,955.0191,651.00
5.309297,955.0627,620.00
5.309297,955.1063,590.00
5.309297,955.1498,642.00
5.309297,955.1934,603.00
5.309297,955.2369,653.00
5.309297,955.2805,632.00
5.309297,955.3240,651.00
5.309297,955.3675,653.00
5.309297,955.4111,653.00
5.309297,955.4546,624.00
5.309297,955.4981,676.00
5.309297,955.5416,623.00
5.309297,955.5851,660.00
5.309297,955.6285,638.00
5.309297,955.6722,650.00
5.309297,955.7156,632.00
5.309297,955.7590,657.00
5.309297,955.8025,644.00
5.309297,955.8460,659.00
5.309297,955.8895,593.00
5.309297,955.9329,656.00
5.309297,955.9764,632.00
5.309297,956.0198,678.00
5.309297,956.0632,639.00
5.309297,956.1067,690.00
5.309297,956.1501,652.00
5.309297,956.1935,660.00
5.309297,956.2369,617.00
5.309297,956.2803,643.00
5.309297,956.3238,579.00
5.309297,956.3671,674.00
5.309297,956.4105,620.00
5.309297,956.4539,674.00
5.309297,956.4973,649.00
5.309297,956.5406,623.00
5.309297,956.5841,641.00
5.309297,956.6274,678.00
5.309297,956.6707,595.00
5.309297,956.7141,680.00
5.309297,956.7575,625.00
5.309297,956.8008,684.00
5.309297,956.8442,599.00
5.309297,956.8875,663.00
5.309297,956.9308,656.00
5.309297,956.9741,668.00
5.309297,957.0174,624.00
5.309297,957.0607,681.00
5.309297,957.1040,601.00
5.309297,957.1473,688.00
5.309297,957.1906,608.00
5.309297,957.2339,672.00
5.309297,957.2772,656.00
5.309297,957.3204,684.00
5.309297,957.3636,604.00
5.309297,957.4069,646.00
5.309297,957.4502,604.00
5.309297,957.4934,692.00
5.309297,957.5366,620.00
5.309297,957.5799,664.00
5.309297,957.6230,623.00
5.309297,957.6664,662.00
5.309297,957.7095,648.00
5.309297,957.7527,720.00
5.309297,957.7959,616.00
5.309297,957.8392,673.00
5.309297,957.8823,619.00
5.309297,957.9255,740.00
5.309297,957.9687,660.00
5.309297,958.0118,658.00
5.309297,958.0551,634.00
5.309297,958.0983,683.00
5.309297,958.1414,642.00
5.309297,958.1845,690.00
5.309297,958.2277,659.00
5.309297,958.2708,703.00
5.309297,958.3139,639.00
5.309297,958.3571,685.00
5.309297,958.4001,687.00
5.309297,958.4432,663.00
5.309297,958.4864,621.00
5.309297,958.5295,687.00
5.309297,958.5726,656.00
5.309297,958.6157,697.00
5.309297,958.6588,635.00
5.309297,958.7018,716.00
5.309297,958.7449,609.00
5.309297,958.7879,678.00
5.309297,958.8311,636.00
5.309297,958.8741,675.00
5.309297,958.9171,590.00
5.309297,958.9601,694.00
5.309297,959.0032,637.00
5.309297,959.0463,696.00
5.309297,959.0893,695.00
5.309297,959.1323,675.00
5.309297,959.1752,679.00
5.309297,959.2183,662.00
5.309297,959.2613,634.00
5.309297,959.3043,669.00
5.309297,959.3472,619.00
5.309297,959.3903,679.00
5.309297,959.4332,635.00
5.309297,959.4763,687.00
5.309297,959.5192,656.00
5.309297,959.5621,639.00
5.309297,959.6051,647.00
5.309297,959.6480,683.00
5.309297,959.6910,575.00
5.309297,959.7339,718.00
5.309297,959.7768,623.00
5.309297,959.8198,645.00
5.309297,959.8627,627.00
5.309297,959.9056,661.00
5.309297,959.9485,621.00
5.309297,959.9915,645.00
5.309297,960.0343,590.00
5.309297,960.0771,677.00
5.309297,960.1201,588.00
5.309297,960.1630,654.00
5.309297,960.2058,622.00
5.309297,960.2487,641.00
5.309297,960.2915,634.00
5.309297,960.3344,642.00
5.309297,960.3773,593.00
5.309297,960.4200,667.00
5.309297,960.4629,604.00
5.309297,960.5057,651.00
5.309297,960.5485,603.00
5.309297,960.5914,644.00
5.309297,960.6342,667.00
5.309297,960.6770,622.00
5.309297,960.7198,635.00
5.309297,960.7626,621.00
5.309297,960.8054,582.00
5.309297,960.8481,661.00
5.309297,960.8909,631.00
5.309297,960.9337,677.00
5.309297,960.9764,628.00
5.309297,961.0192,635.00
5.309297,961.0620,594.00
5.309297,961.1047,631.00
5.309297,961.1475,608.00
5.309297,961.1902,686.00
5.309297,961.2329,615.00
5.309297,961.2757,655.00
5.309297,961.3184,639.00
5.309297,961.3611,634.00
5.309297,961.4037,629.00
5.309297,961.4465,649.00
5.309297,961.4892,603.00
5.309297,961.5319,659.00
5.309297,961.5745,579.00
5.309297,961.6172,666.00
5.309297,961.6599,616.00
5.309297,961.7026,673.00
5.309297,961.7452,615.00
5.309297,961.7878,633.00
5.309297,961.8304,617.00
5.309297,961.8731,660.00
5.309297,961.9157,606.00
5.309297,961.9584,643.00
5.309297,962.0010,656.00
5.309297,962.0436,656.00
5.309297,962.0862,632.00
5.309297,962.1288,635.00
5.309297,962.1714,615.00
5.309297,962.2140,636.00
5.309297,962.2565,574.00
5.309297,962.2991,646.00
5.309297,962.3417,585.00
5.309297,962.3843,633.00
5.309297,962.4268,658.00
5.309297,962.4694,645.00
5.309297,962.5119,613.00
5.309297,962.5545,662.00
5.309297,962.5970,592.00
5.309297,962.6396,673.00
5.309297,962.6821,586.00
5.309297,962.7246,706.00
5.309297,962.7671,627.00
5.309297,962.8096,660.00
5.309297,962.8522,616.00
5.309297,962.8947,625.00
5.309297,962.9371,611.00
5.309297,962.9796,657.00
5.309297,963.0222,608.00
5.309297,963.0646,688.00
5.309297,963.1070,620.00
5.309297,963.1495,667.00
5.309297,963.1919,614.00
5.309297,963.2344,650.00
5.309297,963.2768,614.00
5.309297,963.3193,668.00
5.309297,963.3616,603.00
5.309297,963.4041,691.00
5.309297,963.4465,623.00
5.309297,963.4889,675.00
5.309297,963.5314,634.00
5.309297,963.5737,655.00
5.309297,963.6161,635.00
5.309297,963.6585,625.00
5.309297,963.7009,605.00
5.309297,963.7433,657.00
5.309297,963.7856,597.00
5.309297,963.8280,677.00
5.309297,963.8704,600.00
5.309297,963.9127,650.00
5.309297,963.9551,634.00
5.309297,963.9974,636.00
5.309297,964.0397,630.00
5.309297,964.0820,680.00
5.309297,964.1244,609.00
5.309297,964.1667,669.00
5.309297,964.2090,602.00
5.309297,964.2513,665.00
5.309297,964.2936,614.00
5.309297,964.3359,658.00
5.309297,964.3782,640.00
5.309297,964.4205,651.00
5.309297,964.4627,606.00
5.309297,964.5050,651.00
5.309297,964.5472,607.00
5.309297,964.5895,668.00
5.309297,964.6317,629.00
5.309297,964.6740,657.00
5.309297,964.7162,667.00
5.309297,964.7585,623.00
5.309297,964.8007,622.00
5.309297,964.8429,624.00
5.309297,964.8851,608.00
5.309297,964.9273,675.00
5.309297,964.9695,607.00
5.309297,965.0118,665.00
5.309297,965.0539,614.00
5.309297,965.0961,624.00
5.309297,965.1382,673.00
5.309297,965.1805,643.00
5.309297,965.2226,604.00
5.309297,965.2648,639.00
5.309297,965.3069,606.00
5.309297,965.3491,622.00
5.309297,965.3912,627.00
5.309297,965.4333,644.00
5.309297,965.4755,619.00
5.309297,965.5176,649.00
5.309297,965.5598,601.00
5.309297,965.6019,673.00
5.309297,965.6439,620.00
5.309297,965.6861,617.00
5.309297,965.7281,612.00
5.309297,965.7702,624.00
5.309297,965.8123,600.00
5.309297,965.8543,642.00
5.309297,965.8964,588.00
5.309297,965.9385,650.00
5.309297,965.9806,590.00
5.309297,966.0226,648.00
5.309297,966.0647,575.00
5.309297,966.1068,594.00
5.309297,966.1487,635.00
5.309297,966.1907,633.00
5.309297,966.2328,622.00
5.309297,966.2748,629.00
5.309297,966.3168,603.00
5.309297,966.3588,633.00
5.309297,966.4008,602.00
5.309297,966.4427,645.00
5.309297,966.4848,598.00
5.309297,966.5268,625.00
5.309297,966.5688,630.00
5.309297,966.6107,655.00
5.309297,966.6526,598.00
5.309297,966.6946,663.00
5.309297,966.7366,538.00
5.309297,966.7785,669.00
5.309297,966.8204,627.00
5.309297,966.8624,645.00
5.309297,966.9042,643.00
5.309297,966.9462,623.00
5.309297,966.9881,606.00
5.309297,967.0300,635.00
5.309297,967.0719,592.00
5.309297,967.1138,665.00
5.309297,967.1556,607.00
5.309297,967.1976,669.00
5.309297,967.2394,625.00
5.309297,967.2813,632.00
5.309297,967.3232,612.00
5.309297,967.3651,665.00
5.309297,967.4070,572.00
5.309297,967.4488,680.00
5.309297,967.4906,596.00
5.309297,967.5324,666.00
5.309297,967.5743,676.00
5.309297,967.6161,642.00
5.309297,967.6579,598.00
5.309297,967.6997,668.00
5.309297,967.7415,599.00
5.309297,967.7833,664.00
5.309297,967.8251,589.00
5.309297,967.8669,683.00
5.309297,967.9087,620.00
5.309297,967.9504,627.00
5.309297,967.9922,624.00
5.309297,968.0339,636.00
5.309297,968.0757,587.00
5.309297,968.1174,678.00
5.309297,968.1592,591.00
5.309297,968.2009,664.00
5.309297,968.2427,610.00
5.309297,968.2844,663.00
5.309297,968.3262,671.00
5.309297,968.3679,619.00
5.309297,968.4095,630.00
5.309297,968.4512,653.00
5.309297,968.4930,587.00
5.309297,968.5347,669.00
5.309297,968.5763,655.00
5.309297,968.6180,683.00
5.309297,968.6597,602.00
5.309297,968.7014,661.00
5.309297,968.7430,618.00
5.309297,968.7846,675.00
5.309297,968.8263,619.00
5.309297,968.8679,653.00
5.309297,968.9095,608.00
5.309297,968.9512,691.00
5.309297,968.9928,647.00
5.309297,969.0344,653.00
5.309297,969.0761,636.00
5.309297,969.1177,640.00
5.309297,969.1592,619.00
5.309297,969.2009,651.00
5.309297,969.2424,604.00
5.309297,969.2839,686.00
5.309297,969.3255,610.00
5.309297,969.3672,661.00
5.309297,969.4087,631.00
5.309297,969.4503,672.00
5.309297,969.4918,593.00
5.309297,969.5333,635.00
5.309297,969.5749,596.00
5.309297,969.6165,661.00
5.309297,969.6580,602.00
5.309297,969.6995,666.00
5.309297,969.7410,649.00
5.309297,969.7825,644.00
5.309297,969.8240,632.00
5.309297,969.8655,635.00
5.309297,969.9070,601.00
5.309297,969.9484,666.00
5.309297,969.9899,612.00
5.309297,970.0314,632.00
5.309297,970.0728,625.00
5.309297,970.1143,624.00
5.309297,970.1558,659.00
5.309297,970.1971,658.00
5.309297,970.2386,590.00
5.309297,970.2801,618.00
5.309297,970.3215,570.00
5.309297,970.3629,673.00
5.309297,970.4044,611.00
5.309297,970.4457,639.00
5.309297,970.4872,631.00
5.309297,970.5286,635.00
5.309297,970.5699,614.00
5.309297,970.6113,637.00
5.309297,970.6527,575.00
5.309297,970.6941,653.00
5.309297,970.7354,581.00
5.309297,970.7768,609.00
5.309297,970.8182,606.00
5.309297,970.8595,645.00
5.309297,970.9009,636.00
5.309297,970.9422,614.00
5.309297,970.9835,600.00
5.309297,971.0248,635.00
5.309297,971.0662,584.00
5.309297,971.1075,636.00
5.309297,971.1487,609.00
5.309297,971.1901,626.00
5.309297,971.2314,607.00
5.309297,971.2727,608.00
5.309297,971.3140,586.00
5.309297,971.3552,630.00
5.309297,971.3965,581.00
5.309297,971.4377,639.00
5.309297,971.4789,594.00
5.309297,971.5203,605.00
5.309297,971.5615,607.00
5.309297,971.6027,632.00
5.309297,971.6439,587.00
5.309297,971.6852,629.00
5.309297,971.7264,604.00
5.309297,971.7676,623.00
5.309297,971.8088,558.00
5.309297,971.8500,639.00
5.309297,971.8912,582.00
5.309297,971.9324,648.00
5.309297,971.9736,621.00
5.309297,972.0148,631.00
5.309297,972.0560,601.00
5.309297,972.0972,653.00
5.309297,972.1384,608.00
5.309297,972.1794,642.00
5.309297,972.2206,599.00
5.309297,972.2617,582.00
5.309297,972.3029,598.00
5.309297,972.3439,598.00
5.309297,972.3851,579.00
5.309297,972.4262,591.00
5.309297,972.4673,535.00
5.309297,972.5085,649.00
5.309297,972.5496,581.00
5.309297,972.5907,625.00
5.309297,972.6317,599.00
5.309297,972.6729,591.00
5.309297,972.7139,556.00
5.309297,972.7549,624.00
5.309297,972.7961,554.00
5.309297,972.8371,617.00
5.309297,972.8781,573.00
5.309297,972.9191,638.00
5.309297,972.9602,582.00
5.309297,973.0013,651.00
5.309297,973.0423,596.00
5.309297,973.0833,584.00
5.309297,973.1243,521.00
5.309297,973.1653,593.00
5.309297,973.2064,571.00
5.309297,973.2473,630.00
5.309297,973.2883,594.00
5.309297,973.3293,610.00
5.309297,973.3703,562.00
5.309297,973.4113,613.00
5.309297,973.4522,585.00
5.309297,973.4931,601.00
5.309297,973.5341,577.00
5.309297,973.5750,645.00
5.309297,973.6160,590.00
5.309297,973.6570,640.00
5.309297,973.6978,606.00
5.309297,973.7388,606.00
5.309297,973.7797,586.00
5.309297,973.8206,623.00
5.309297,973.8615,548.00
5.309297,973.9024,609.00
5.309297,973.9433,565.00
5.309297,973.9842,633.00
5.309297,974.0250,593.00
5.309297,974.0660,618.00
5.309297,974.1068,620.00
5.309297,974.1476,584.00
5.309297,974.1885,580.00
5.309297,974.2294,618.00
5.309297,974.2702,627.00
5.309297,974.3110,636.00
5.309297,974.3519,612.00
5.309297,974.3927,632.00
5.309297,974.4335,611.00
5.309297,974.4743,611.00
5.309297,974.5151,600.00
5.309297,974.5559,654.00
5.309297,974.5967,568.00
5.309297,974.6375,687.00
5.309297,974.6783,609.00
5.309297,974.7191,682.00
5.309297,974.7598,629.00
5.309297,974.8006,672.00
5.309297,974.8413,621.00
5.309297,974.8821,610.00
5.309297,974.9229,607.00
5.309297,974.9636,664.00
5.309297,975.0043,614.00
5.309297,975.0450,670.00
5.309297,975.0858,625.00
5.309297,975.1265,653.00
5.309297,975.1672,640.00
5.309297,975.2079,655.00
5.309297,975.2485,613.00
5.309297,975.2892,668.00
5.309297,975.3300,616.00
5.309297,975.3706,688.00
5.309297,975.4113,635.00
5.309297,975.4519,682.00
5.309297,975.4926,660.00
5.309297,975.5333,640.00
5.309297,975.5739,612.00
5.309297,975.6146,637.00
5.309297,975.6552,573.00
5.309297,975.6958,674.00
5.309297,975.7363,604.00
5.309297,975.7770,676.00
5.309297,975.8176,632.00
5.309297,975.8582,658.00
5.309297,975.8989,631.00
5.309297,975.9395,626.00
5.309297,975.9800,646.00
5.309297,976.0206,644.00
5.309297,976.0611,609.00
5.309297,976.1017,665.00
5.309297,976.1423,611.00
5.309297,976.1829,647.00
5.309297,976.2234,636.00
5.309297,976.2639,626.00
5.309297,976.3044,596.00
5.309297,976.3450,649.00
5.309297,976.3855,607.00
5.309297,976.4260,644.00
5.309297,976.4665,653.00
5.309297,976.5070,674.00
5.309297,976.5475,622.00
5.309297,976.5880,645.00
5.309297,976.6285,614.00
5.309297,976.6690,658.00
5.309297,976.7095,585.00
5.309297,976.7500,677.00
5.309297,976.7905,600.00
5.309297,976.8308,705.00
5.309297,976.8713,671.00
5.309297,976.9117,624.00
5.309297,976.9521,628.00
5.309297,976.9926,628.00
5.309297,977.0330,612.00
5.309297,977.0734,665.00
5.309297,977.1139,598.00
5.309297,977.1542,638.00
5.309297,977.1947,616.00
5.309297,977.2350,670.00
5.309297,977.2755,626.00
5.309297,977.3158,619.00
5.309297,977.3562,591.00
5.309297,977.3965,658.00
5.309297,977.4370,585.00
5.309297,977.4773,635.00
5.309297,977.5176,607.00
5.309297,977.5579,603.00
5.309297,977.5983,583.00
5.309297,977.6387,644.00
5.309297,977.6790,573.00
5.309297,977.7192,615.00
5.309297,977.7595,573.00
5.309297,977.7999,647.00
5.309297,977.8402,594.00
5.309297,977.8805,620.00
5.309297,977.9208,571.00
5.309297,977.9610,626.00
5.309297,978.0013,569.00
5.309297,978.0417,613.00
5.309297,978.0819,546.00
5.309297,978.1221,611.00
5.309297,978.1624,547.00
5.309297,978.2026,588.00
5.309297,978.2428,542.00
5.309297,978.2831,611.00
5.309297,978.3233,593.00
5.309297,978.3635,591.00
5.309297,978.4037,562.00
5.309297,978.4440,597.00
5.309297,978.4842,551.00
5.309297,978.5244,620.00
5.309297,978.5645,557.00
5.309297,978.6047,599.00
5.309297,978.6449,558.00
5.309297,978.6851,625.00
5.309297,978.7253,526.00
5.309297,978.7654,578.00
5.309297,978.8055,567.00
5.309297,978.8458,611.00
5.309297,978.8859,558.00
5.309297,978.9260,593.00
5.309297,978.9661,567.00
5.309297,979.0062,585.00
5.309297,979.0463,557.00
5.309297,979.0864,585.00
5.309297,979.1266,542.00
5.309297,979.1666,627.00
5.309297,979.2067,554.00
5.309297,979.2469,566.00
5.309297,979.2869,574.00
5.309297,979.3270,583.00
5.309297,979.3671,579.00
5.309297,979.4071,605.00
5.309297,979.4471,543.00
5.309297,979.4871,595.00
5.309297,979.5272,521.00
5.309297,979.5673,627.00
5.309297,979.6072,594.00
5.309297,979.6473,587.00
5.309297,979.6873,605.00
5.309297,979.7273,594.00
5.309297,979.7673,543.00
5.309297,979.8073,561.00
5.309297,979.8473,535.00
5.309297,979.8873,628.00
5.309297,979.9273,579.00
5.309297,979.9673,613.00
5.309297,980.0072,576.00
5.309297,980.0471,589.00
5.309297,980.0872,564.00
5.309297,980.1271,583.00
5.309297,980.1671,566.00
5.309297,980.2069,602.00
5.309297,980.2469,534.00
5.309297,980.2868,612.00
5.309297,980.3267,583.00
5.309297,980.3666,635.00
5.309297,980.4065,575.00
5.309297,980.4464,591.00
5.309297,980.4863,562.00
5.309297,980.5262,589.00
5.309297,980.5660,557.00
5.309297,980.6060,635.00
5.309297,980.6458,559.00
5.309297,980.6857,603.00
5.309297,980.7255,586.00
5.309297,980.7654,604.00
5.309297,980.8052,561.00
5.309297,980.8450,569.00
5.309297,980.8849,523.00
5.309297,980.9247,597.00
5.309297,980.9645,562.00
5.309297,981.0043,628.00
5.309297,981.0441,592.00
5.309297,981.0839,597.00
5.309297,981.1237,566.00
5.309297,981.1635,593.00
5.309297,981.2033,482.00
5.309297,981.2430,618.00
5.309297,981.2828,544.00
5.309297,981.3226,615.00
5.309297,981.3624,562.00
5.309297,981.4021,609.00
5.309297,981.4418,525.00
5.309297,981.4816,606.00
5.309297,981.5213,537.00
5.309297,981.5610,613.00
5.309297,981.6008,542.00
5.309297,981.6404,608.00
5.309297,981.6802,585.00
5.309297,981.7198,592.00
5.309297,981.7596,584.00
5.309297,981.7993,583.00
5.309297,981.8389,528.00
5.309297,981.8786,556.00
5.309297,981.9182,522.00
5.309297,981.9579,624.00
5.309297,981.9976,545.00
5.309297,982.0372,594.00
5.309297,982.0768,556.00
5.309297,982.1165,551.00
5.309297,982.1561,534.00
5.309297,982.1958,570.00
5.309297,982.2354,515.00
5.309297,982.2750,590.00
5.309297,982.3146,521.00
5.309297,982.3541,603.00
5.309297,982.3937,551.00
5.309297,982.4333,595.00
5.309297,982.4730,575.00
5.309297,982.5125,594.00
5.309297,982.5521,531.00
5.309297,982.5917,569.00
5.309297,982.6312,527.00
5.309297,982.6707,585.00
5.309297,982.7103,527.00
5.309297,982.7498,583.00
5.309297,982.7893,530.00
5.309297,982.8289,539.00
5.309297,982.8683,526.00
5.309297,982.9079,563.00
5.309297,982.9474,499.00
5.309297,982.9869,597.00
5.309297,983.0264,535.00
5.309297,983.0659,601.00
5.309297,983.1053,555.00
5.309297,983.1448,595.00
5.309297,983.1843,520.00
5.309297,983.2238,583.00
5.309297,983.2632,558.00
5.309297,983.3027,565.00
5.309297,983.3420,551.00
5.309297,983.3816,554.00
5.309297,983.4210,571.00
5.309297,983.4604,581.00
5.309297,983.4998,566.00
5.309297,983.5392,561.00
5.309297,983.5786,529.00
5.309297,983.6180,551.00
5.309297,983.6574,516.00
5.309297,983.6968,599.00
5.309297,983.7361,574.00
5.309297,983.7755,590.00
5.309297,983.8149,523.00
5.309297,983.8543,576.00
5.309297,983.8936,551.00
5.309297,983.9329,545.00
5.309297,983.9723,509.00
5.309297,984.0116,595.00
5.309297,984.0510,554.00
5.309297,984.0903,607.00
5.309297,984.1296,574.00
5.309297,984.1689,582.00
5.309297,984.2083,579.00
5.309297,984.2476,583.00
5.309297,984.2868,533.00
5.309297,984.3261,585.00
5.309297,984.3654,515.00
5.309297,984.4046,601.00
5.309297,984.4440,551.00
5.309297,984.4832,590.00
5.309297,984.5225,514.00
5.309297,984.5616,553.00
5.309297,984.6010,506.00
5.309297,984.6402,557.00
5.309297,984.6794,531.00
5.309297,984.7186,577.00
5.309297,984.7578,562.00
5.309297,984.7970,597.00
5.309297,984.8362,570.00
5.309297,984.8755,551.00
5.309297,984.9146,552.00
5.309297,984.9538,573.00
5.309297,984.9930,538.00
5.309297,985.0322,603.00
5.309297,985.0714,543.00
5.309297,985.1105,566.00
5.309297,985.1497,552.00
5.309297,985.1888,549.00
5.309297,985.2279,547.00
5.309297,985.2671,535.00
5.309297,985.3062,549.00
5.309297,985.3453,574.00
5.309297,985.3845,512.00
5.309297,985.4236,585.00
5.309297,985.4626,539.00
5.309297,985.5017,608.00
5.309297,985.5408,569.00
5.309297,985.5799,564.00
5.309297,985.6190,516.00
5.309297,985.6581,561.00
5.309297,985.6971,512.00
5.309297,985.7362,558.00
5.309297,985.7752,530.00
5.309297,985.8143,580.00
5.309297,985.8533,538.00
5.309297,985.8924,556.00
5.309297,985.9314,553.00
5.309297,985.9704,555.00
5.309297,986.0094,524.00
5.309297,986.0484,585.00
5.309297,986.0875,518.00
5.309297,986.1265,600.00
5.309297,986.1655,531.00
5.309297,986.2044,538.00
5.309297,986.2434,544.00
5.309297,986.2823,551.00
5.309297,986.3214,506.00
5.309297,986.3603,563.00
5.309297,986.3992,507.00
5.309297,986.4382,596.00
5.309297,986.4771,539.00
5.309297,986.5161,583.00
5.309297,986.5550,599.00
5.309297,986.5939,561.00
5.309297,986.6329,532.00
5.309297,986.6718,519.00
5.309297,986.7106,499.00
5.309297,986.7495,553.00
5.309297,986.7884,550.00
5.309297,986.8273,582.00
5.309297,986.8661,547.00
5.309297,986.9050,551.00
5.309297,986.9438,526.00
5.309297,986.9828,551.00
5.309297,987.0216,517.00
5.309297,987.0605,583.00
5.309297,987.0993,491.00
5.309297,987.1381,579.00
5.309297,987.1769,543.00
5.309297,987.2158,536.00
5.309297,987.2546,559.00
5.309297,987.2934,565.00
5.309297,987.3322,495.00
5.309297,987.3710,543.00
5.309297,987.4097,492.00
5.309297,987.4486,529.00
5.309297,987.4873,504.00
5.309297,987.5261,563.00
5.309297,987.5649,545.00
5.309297,987.6036,518.00
5.309297,987.6423,518.00
5.309297,987.6812,542.00
5.309297,987.7198,465.00
5.309297,987.7586,578.00
5.309297,987.7972,527.00
5.309297,987.8361,563.00
5.309297,987.8748,525.00
5.309297,987.9135,550.00
5.309297,987.9521,515.00
5.309297,987.9908,545.00
5.309297,988.0295,483.00
5.309297,988.0681,544.00
5.309297,988.1069,495.00
5.309297,988.1456,581.00
5.309297,988.1842,560.00
5.309297,988.2228,575.00
5.309297,988.2615,562.00
5.309297,988.3002,541.00
5.309297,988.3388,464.00
5.309297,988.3774,556.00
5.309297,988.4160,491.00
5.309297,988.4546,577.00
5.309297,988.4933,510.00
5.309297,988.5319,532.00
5.309297,988.5704,512.00
5.309297,988.6090,487.00
5.309297,988.6476,502.00
5.309297,988.6862,561.00
5.309297,988.7248,488.00
5.309297,988.7634,590.00
5.309297,988.8019,523.00
5.309297,988.8405,519.00
5.309297,988.8790,498.00
5.309297,988.9176,548.00
5.309297,988.9561,481.00
5.309297,988.9946,509.00
5.309297,989.0332,507.00
5.309297,989.0717,539.00
5.309297,989.1102,488.00
5.309297,989.1487,554.00
5.309297,989.1871,500.00
5.309297,989.2256,501.00
5.309297,989.2641,513.00
5.309297,989.3027,538.00
5.309297,989.3411,517.00
5.309297,989.3795,548.00
5.309297,989.4180,458.00
5.309297,989.4565,566.00
5.309297,989.4949,493.00
5.309297,989.5334,542.00
5.309297,989.5718,504.00
5.309297,989.6102,519.00
5.309297,989.6486,505.00
5.309297,989.6871,552.00
5.309297,989.7255,503.00
5.309297,989.7639,548.00
5.309297,989.8022,537.00
5.309297,989.8407,532.00
5.309297,989.8791,508.00
5.309297,989.9174,549.00
5.309297,989.9558,486.00
5.309297,989.9941,562.00
5.309297,990.0325,492.00
5.309297,990.0709,586.00
5.309297,990.1093,508.00
5.309297,990.1475,561.00
5.309297,990.1859,539.00
5.309297,990.2242,534.00
5.309297,990.2626,491.00
5.309297,990.3008,516.00
5.309297,990.3391,486.00
5.309297,990.3774,579.00
5.309297,990.4157,509.00
5.309297,990.4540,553.00
5.309297,990.4924,512.00
5.309297,990.5306,567.00
5.309297,990.5688,523.00
5.309297,990.6071,538.00
5.309297,990.6454,490.00
5.309297,990.6837,544.00
5.309297,990.7219,479.00
5.309297,990.7601,547.00
5.309297,990.7983,521.00
5.309297,990.8365,581.00
5.309297,990.8748,558.00
5.309297,990.9130,551.00
5.309297,990.9512,517.00
5.309297,990.9893,550.00
5.309297,991.0276,514.00
5.309297,991.0658,569.00
5.309297,991.1039,481.00
5.309297,991.1421,572.00
5.309297,991.1802,535.00
5.309297,991.2184,543.00
5.309297,991.2565,498.00
5.309297,991.2947,568.00
5.309297,991.3329,480.00
5.309297,991.3710,565.00
5.309297,991.4091,521.00
5.309297,991.4473,609.00
5.309297,991.4854,554.00
5.309297,991.5234,588.00
5.309297,991.5616,542.00
5.309297,991.5997,546.00
5.309297,991.6378,538.00
5.309297,991.6758,581.00
5.309297,991.7139,494.00
5.309297,991.7520,561.00
5.309297,991.7900,523.00
5.309297,991.8282,575.00
5.309297,991.8661,530.00
5.309297,991.9042,539.00
5.309297,991.9422,540.00
5.309297,991.9803,557.00
5.309297,992.0182,505.00
5.309297,992.0563,569.00
5.309297,992.0944,493.00
5.309297,992.1323,584.00
5.309297,992.1703,520.00
5.309297,992.2084,564.00
5.309297,992.2463,530.00
5.309297,992.2844,574.00
5.309297,992.3223,524.00
5.309297,992.3602,558.00
5.309297,992.3982,520.00
5.309297,992.4362,619.00
5.309297,992.4741,553.00
5.309297,992.5120,584.00
5.309297,992.5500,563.00
5.309297,992.5879,536.00
5.309297,992.6259,529.00
5.309297,992.6638,570.00
5.309297,992.7017,516.00
5.309297,992.7396,579.00
5.309297,992.7775,544.00
5.309297,992.8154,600.00
5.309297,992.8533,549.00
5.309297,992.8912,530.00
5.309297,992.9290,539.00
5.309297,992.9669,566.00
5.309297,993.0048,538.00
5.309297,993.0426,594.00
5.309297,993.0804,557.00
5.309297,993.1183,593.00
5.309297,993.1561,547.00
5.309297,993.1940,559.00
5.309297,993.2318,561.00
5.309297,993.2696,556.00
5.309297,993.3074,496.00
5.309297,993.3452,587.00
5.309297,993.3830,515.00
5.309297,993.4208,570.00
5.309297,993.4586,498.00
5.309297,993.4963,578.00
5.309297,993.5341,539.00
5.309297,993.5719,553.00
5.309297,993.6096,517.00
5.309297,993.6474,563.00
5.309297,993.6851,485.00
5.309297,993.7228,529.00
5.309297,993.7606,552.00
5.309297,993.7984,536.00
5.309297,993.8361,535.00
5.309297,993.8738,550.00
5.309297,993.9115,524.00
5.309297,993.9492,540.00
5.309297,993.9869,498.00
5.309297,994.0245,553.00
5.309297,994.0622,503.00
5.309297,994.0999,560.00
5.309297,994.1376,516.00
5.309297,994.1753,521.00
5.309297,994.2130,528.00
5.309297,994.2505,533.00
5.309297,994.2881,502.00
5.309297,994.3258,602.00
5.309297,994.3634,510.00
5.309297,994.4010,564.00
5.309297,994.4387,516.00
5.309297,994.4763,555.00
5.309297,994.5139,555.00
5.309297,994.5515,531.00
5.309297,994.5891,504.00
5.309297,994.6266,558.00
5.309297,994.6642,493.00
5.309297,994.7018,537.00
5.309297,994.7393,515.00
5.309297,994.7769,552.00
5.309297,994.8145,511.00
5.309297,994.8521,534.00
5.309297,994.8895,496.00
5.309297,994.9271,577.00
5.309297,994.9647,510.00
5.309297,995.0022,561.00
5.309297,995.0397,503.00
5.309297,995.0771,538.00
5.309297,995.1146,520.00
5.309297,995.1522,517.00
5.309297,995.1896,500.00
5.309297,995.2271,545.00
5.309297,995.2646,477.00
5.309297,995.3021,546.00
5.309297,995.3396,508.00
5.309297,995.3770,556.00
5.309297,995.4145,512.00
5.309297,995.4518,542.00
5.309297,995.4893,525.00
5.309297,995.5267,522.00
5.309297,995.5641,510.00
5.309297,995.6016,534.00
5.309297,995.6390,501.00
5.309297,995.6765,526.00
5.309297,995.7138,491.00
5.309297,995.7512,501.00
5.309297,995.7886,527.00
5.309297,995.8260,526.00
5.309297,995.8633,493.00
5.309297,995.9007,519.00
5.309297,995.9380,470.00
5.309297,995.9754,509.00
5.309297,996.0128,477.00
5.309297,996.0501,558.00
5.309297,996.0874,547.00
5.309297,996.1248,557.00
5.309297,996.1621,530.00
5.309297,996.1994,570.00
5.309297,996.2367,493.00
5.309297,996.2740,541.00
5.309297,996.3113,498.00
5.309297,996.3486,533.00
5.309297,996.3859,519.00
5.309297,996.4232,536.00
5.309297,996.4604,516.00
5.309297,996.4977,523.00
5.309297,996.5350,502.00
5.309297,996.5722,519.00
5.309297,996.6094,486.00
5.309297,996.6466,558.00
5.309297,996.6838,531.00
5.309297,996.7211,571.00
5.309297,996.7583,531.00
5.309297,996.7955,535.00
5.309297,996.8327,525.00
5.309297,996.8700,551.00
5.309297,996.9072,505.00
5.309297,996.9443,559.00
5.309297,996.9815,507.00
5.309297,997.0187,558.00
5.309297,997.0558,519.00
5.309297,997.0930,540.00
5.309297,997.1301,527.00
5.309297,997.1672,571.00
5.309297,997.2045,509.00
5.309297,997.2416,569.00
5.309297,997.2787,510.00
5.309297,997.3158,583.00
5.309297,997.3530,505.00
5.309297,997.3900,536.00
5.309297,997.4271,534.00
5.309297,997.4642,551.00
5.309297,997.5013,531.00
5.309297,997.5384,546.00
5.309297,997.5754,482.00
5.309297,997.6126,587.00
5.309297,997.6497,505.00
5.309297,997.6867,555.00
5.309297,997.7238,529.00
5.309297,997.7607,561.00
5.309297,997.7978,503.00
5.309297,997.8348,564.00
5.309297,997.8718,515.00
5.309297,997.9088,572.00
5.309297,997.9458,494.00
5.309297,997.9829,547.00
5.309297,998.0200,542.00
5.309297,998.0569,553.00
5.309297,998.0939,534.00
5.309297,998.1309,533.00
5.309297,998.1678,507.00
5.309297,998.2048,557.00
5.309297,998.2417,510.00
5.309297,998.2786,585.00
5.309297,998.3156,492.00
5.309297,998.3525,579.00
5.309297,998.3896,510.00
5.309297,998.4265,535.00
5.309297,998.4633,504.00
5.309297,998.5003,562.00
5.309297,998.5372,509.00
5.309297,998.5740,603.00
5.309297,998.6110,511.00
5.309297,998.6478,590.00
5.309297,998.6847,517.00
5.309297,998.7217,564.00
5.309297,998.7585,517.00
5.309297,998.7953,543.00
5.309297,998.8322,493.00
5.309297,998.8691,580.00
5.309297,998.9059,470.00
5.309297,998.9427,568.00
5.309297,998.9795,521.00
5.309297,999.0163,564.00
5.309297,999.0531,540.00
5.309297,999.0899,517.00
5.309297,999.1267,490.00
5.309297,999.1636,538.00
5.309297,999.2004,504.00
5.309297,999.2372,556.00
5.309297,999.2739,500.00
5.309297,999.3107,591.00
5.309297,999.3474,517.00
5.309297,999.3842,536.00
5.309297,999.4210,522.00
5.309297,999.4576,544.00
5.309297,999.4946,481.00
5.309297,999.5312,560.00
5.309297,999.5680,532.00
5.309297,999.6047,529.00
5.309297,999.6414,490.00
5.309297,999.6780,530.00
5.309297,999.7147,494.00
5.309297,999.7515,518.00
5.309297,999.7881,454.00
5.309297,999.8248,545.00
5.309297,999.8614,495.00
5.309297,999.8981,539.00
5.309297,999.9349,493.00
5.309297,999.9715,533.00
5.309297,1000.0081,518.00
5.309297,1000.0447,505.00
5.309297,1000.0814,509.00
5.309297,1000.1180,520.00
5.309297,1000.1546,454.00
5.309297,1000.1912,563.00
5.309297,1000.2278,486.00
5.309297,1000.2645,526.00
5.309297,1000.3011,526.00
5.309297,1000.3377,513.00
5.309297,1000.3742,495.00
5.309297,1000.4108,523.00
5.309297,1000.4474,457.00
5.309297,1000.4839,493.00
5.309297,1000.5204,496.00
5.309297,1000.5570,535.00
5.309297,1000.5935,491.00
5.309297,1000.6301,504.00
5.309297,1000.6667,478.00
5.309297,1000.7032,518.00
5.309297,1000.7397,483.00
5.309297,1000.7762,521.00
5.309297,1000.8127,450.00
5.309297,1000.8492,503.00
5.309297,1000.8857,487.00
5.309297,1000.9222,529.00
5.309297,1000.9586,496.00
5.309297,1000.9951,525.00
5.309297,1001.0316,489.00
5.309297,1001.0681,527.00
5.309297,1001.1046,486.00
5.309297,1001.1410,532.00
5.309297,1001.1774,502.00
5.309297,1001.2138,494.00
5.309297,1001.2502,499.00
5.309297,1001.2866,513.00
5.309297,1001.3230,504.00
5.309297,1001.3594,529.00
5.309297,1001.3958,481.00
5.309297,1001.4323,527.00
5.309297,1001.4687,466.00
5.309297,1001.5051,514.00
5.309297,1001.5414,500.00
5.309297,1001.5778,508.00
5.309297,1001.6141,479.00
5.309297,1001.6505,491.00
5.309297,1001.6868,433.00
5.309297,1001.7231,528.00
5.309297,1001.7596,456.00
5.309297,1001.7958,529.00
5.309297,1001.8322,499.00
5.309297,1001.8685,500.00
5.309297,1001.9048,480.00
5.309297,1001.9411,510.00
5.309297,1001.9774,478.00
5.309297,1002.0136,511.00
5.309297,1002.0499,464.00
5.309297,1002.0862,528.00
5.309297,1002.1224,465.00
5.309297,1002.1587,553.00
5.309297,1002.1951,487.00
5.309297,1002.2313,452.00
5.309297,1002.2675,504.00
5.309297,1002.3038,516.00
5.309297,1002.3400,468.00
5.309297,1002.3762,517.00
5.309297,1002.4124,490.00
5.309297,1002.4486,524.00
5.309297,1002.4848,470.00
5.309297,1002.5211,548.00
5.309297,1002.5573,504.00
5.309297,1002.5934,527.00
5.309297,1002.6296,492.00
5.309297,1002.6657,527.00
5.309297,1002.7019,438.00
5.309297,1002.7380,530.00
5.309297,1002.7742,529.00
5.309297,1002.8104,520.00
5.309297,1002.8464,485.00
5.309297,1002.8826,513.00
5.309297,1002.9187,433.00
5.309297,1002.9549,534.00
5.309297,1002.9910,492.00
5.309297,1003.0271,578.00
5.309297,1003.0632,462.00
5.309297,1003.0992,552.00
5.309297,1003.1354,523.00
5.309297,1003.1714,502.00
5.309297,1003.2075,497.00
5.309297,1003.2435,535.00
5.309297,1003.2797,484.00
5.309297,1003.3157,553.00
5.309297,1003.3518,507.00
5.309297,1003.3878,566.00
5.309297,1003.4238,503.00
5.309297,1003.4598,540.00
5.309297,1003.4958,506.00
5.309297,1003.5319,497.00
5.309297,1003.5678,465.00
5.309297,1003.6039,545.00
5.309297,1003.6398,472.00
5.309297,1003.6759,543.00
5.309297,1003.7119,514.00
5.309297,1003.7479,504.00
5.309297,1003.7838,474.00
5.309297,1003.8198,516.00
5.309297,1003.8557,463.00
5.309297,1003.8917,527.00
5.309297,1003.9276,450.00
5.309297,1003.9635,499.00
5.309297,1003.9995,474.00
5.309297,1004.0354,539.00
5.309297,1004.0714,533.00
5.309297,1004.1072,515.00
5.309297,1004.1431,503.00
5.309297,1004.1790,489.00
5.309297,1004.2149,453.00
5.309297,1004.2508,528.00
5.309297,1004.2866,451.00
5.309297,1004.3225,553.00
5.309297,1004.3583,490.00
5.309297,1004.3942,504.00
5.309297,1004.4302,490.00
5.309297,1004.4660,497.00
5.309297,1004.5018,472.00
5.309297,1004.5376,527.00
5.309297,1004.5734,426.00
5.309297,1004.6093,521.00
5.309297,1004.6450,492.00
5.309297,1004.6808,518.00
5.309297,1004.7166,493.00
5.309297,1004.7525,515.00
5.309297,1004.7883,478.00
5.309297,1004.8240,506.00
5.309297,1004.8598,465.00
5.309297,1004.8956,538.00
5.309297,1004.9313,467.00
5.309297,1004.9670,555.00
5.309297,1005.0027,489.00
5.309297,1005.0385,508.00
5.309297,1005.0742,477.00
5.309297,1005.1099,515.00
5.309297,1005.1456,473.00
5.309297,1005.1815,536.00
5.309297,1005.2172,464.00
5.309297,1005.2529,492.00
5.309297,1005.2885,515.00
5.309297,1005.3242,482.00
5.309297,1005.3599,488.00
5.309297,1005.3955,518.00
5.309297,1005.4312,484.00
5.309297,1005.4669,539.00
5.309297,1005.5026,499.00
5.309297,1005.5382,568.00
5.309297,1005.5739,523.00
5.309297,1005.6095,504.00
5.309297,1005.6451,509.00
5.309297,1005.6807,539.00
5.309297,1005.7162,514.00
5.309297,1005.7519,529.00
5.309297,1005.7875,492.00
5.309297,1005.8231,548.00
5.309297,1005.8586,465.00
5.309297,1005.8942,541.00
5.309297,1005.9299,474.00
5.309297,1005.9655,530.00
5.309297,1006.0010,484.00
5.309297,1006.0365,522.00
5.309297,1006.0720,492.00
5.309297,1006.1076,529.00
5.309297,1006.1431,511.00
5.309297,1006.1786,550.00
5.309297,1006.2141,513.00
5.309297,1006.2498,548.00
5.309297,1006.2853,522.00
5.309297,1006.3207,519.00
5.309297,1006.3563,499.00
5.309297,1006.3917,544.00
5.309297,1006.4272,490.00
5.309297,1006.4626,559.00
5.309297,1006.4981,505.00
5.309297,1006.5335,511.00
5.309297,1006.5690,528.00
5.309297,1006.6044,525.00
5.309297,1006.6400,507.00
5.309297,1006.6754,570.00
5.309297,1006.7108,485.00
5.309297,1006.7462,564.00
5.309297,1006.7816,482.00
5.309297,1006.8170,571.00
5.309297,1006.8524,521.00
5.309297,1006.8878,542.00
5.309297,1006.9232,502.00
5.309297,1006.9586,565.00
5.309297,1006.9940,487.00
5.309297,1007.0294,512.00
5.309297,1007.0648,507.00
5.309297,1007.1001,573.00
5.309297,1007.1354,544.00
5.309297,1007.1707,561.00
5.309297,1007.2061,558.00
5.309297,1007.2414,551.00
5.309297,1007.2767,514.00
5.309297,1007.3120,582.00
5.309297,1007.3473,496.00
5.309297,1007.3827,563.00
5.309297,1007.4180,507.00
5.309297,1007.4532,581.00
5.309297,1007.4885,535.00
5.309297,1007.5238,544.00
5.309297,1007.5590,463.00
5.309297,1007.5943,545.00
5.309297,1007.6295,502.00
5.309297,1007.6648,579.00
5.309297,1007.7001,510.00
5.309297,1007.7354,543.00
5.309297,1007.7706,538.00
5.309297,1007.8058,517.00
5.309297,1007.8410,549.00
5.309297,1007.8762,545.00
5.309297,1007.9114,475.00
5.309297,1007.9465,561.00
5.309297,1007.9818,504.00
5.309297,1008.0169,520.00
5.309297,1008.0521,508.00
5.309297,1008.0873,575.00
5.309297,1008.1226,492.00
5.309297,1008.1576,502.00
5.309297,1008.1927,478.00
5.309297,1008.2279,530.00
5.309297,1008.2631,503.00
5.309297,1008.2982,548.00
5.309297,1008.3333,533.00
5.309297,1008.3683,533.00
5.309297,1008.4034,549.00
5.309297,1008.4387,503.00
5.309297,1008.4738,508.00
5.309297,1008.5089,558.00
5.309297,1008.5439,498.00
5.309297,1008.5790,580.00
5.309297,1008.6141,489.00
5.309297,1008.6491,532.00
5.309297,1008.6841,481.00
5.309297,1008.7192,499.00
5.309297,1008.7542,494.00
5.309297,1008.7892,520.00
5.309297,1008.8243,478.00
5.309297,1008.8594,548.00
5.309297,1008.8943,507.00
5.309297,1008.9294,533.00
5.309297,1008.9644,510.00
5.309297,1008.9994,525.00
5.309297,1009.0344,498.00
5.309297,1009.0693,509.00
5.309297,1009.1043,472.00
5.309297,1009.1392,545.00
5.309297,1009.1743,454.00
5.309297,1009.2093,553.00
5.309297,1009.2442,502.00
5.309297,1009.2792,536.00
5.309297,1009.3141,494.00
5.309297,1009.3489,503.00
5.309297,1009.3839,484.00
5.309297,1009.4188,541.00
5.309297,1009.4537,466.00
5.309297,1009.4886,569.00
5.309297,1009.5235,509.00
5.309297,1009.5585,550.00
5.309297,1009.5933,498.00
5.309297,1009.6282,489.00
5.309297,1009.6631,484.00
5.309297,1009.6979,512.00
5.309297,1009.7327,477.00
5.309297,1009.7676,513.00
5.309297,1009.8024,456.00
5.309297,1009.8372,500.00
5.309297,1009.8721,486.00
5.309297,1009.9070,508.00
5.309297,1009.9418,480.00
5.309297,1009.9766,494.00
5.309297,1010.0115,468.00
5.309297,1010.0462,541.00
5.309297,1010.0810,492.00
5.309297,1010.1158,546.00
5.309297,1010.1505,499.00
5.309297,1010.1853,524.00
5.309297,1010.2200,494.00
5.309297,1010.2548,502.00
5.309297,1010.2897,475.00
5.309297,1010.3244,519.00
5.309297,1010.3591,492.00
5.309297,1010.3938,531.00
5.309297,1010.4285,493.00
5.309297,1010.4633,517.00
5.309297,1010.4980,519.00
5.309297,1010.5326,486.00
5.309297,1010.5673,479.00
5.309297,1010.6021,522.00
5.309297,1010.6368,460.00
5.309297,1010.6714,519.00
5.309297,1010.7061,443.00
5.309297,1010.7408,507.00
5.309297,1010.7754,447.00
5.309297,1010.8101,486.00
5.309297,1010.8447,461.00
5.309297,1010.8793,501.00
5.309297,1010.9139,453.00
5.309297,1010.9485,527.00
5.309297,1010.9832,447.00
5.309297,1011.0178,542.00
5.309297,1011.0525,476.00
5.309297,1011.0870,522.00
5.309297,1011.1216,493.00
5.309297,1011.1562,519.00
5.309297,1011.1907,513.00
5.309297,1011.2253,538.00
5.309297,1011.2599,443.00
5.309297,1011.2944,536.00
5.309297,1011.3291,469.00
5.309297,1011.3636,518.00
5.309297,1011.3981,505.00
5.309297,1011.4326,511.00
5.309297,1011.4672,474.00
5.309297,1011.5016,476.00
5.309297,1011.5362,443.00
5.309297,1011.5706,486.00
5.309297,1011.6052,453.00
5.309297,1011.6396,505.00
5.309297,1011.6741,440.00
5.309297,1011.7086,529.00
5.309297,1011.7431,481.00
5.309297,1011.7776,512.00
5.309297,1011.8120,484.00
5.309297,1011.8465,550.00
5.309297,1011.8809,444.00
5.309297,1011.9153,532.00
5.309297,1011.9498,448.00
5.309297,1011.9842,500.00
5.309297,1012.0186,487.00
5.309297,1012.0531,486.00
5.309297,1012.0875,504.00
5.309297,1012.1219,514.00
5.309297,1012.1562,470.00
5.309297,1012.1906,493.00
5.309297,1012.2250,451.00
5.309297,1012.2593,522.00
5.309297,1012.2937,487.00
5.309297,1012.3281,495.00
5.309297,1012.3624,454.00
5.309297,1012.3967,485.00
5.309297,1012.4310,453.00
5.309297,1012.4655,511.00
5.309297,1012.4998,439.00
5.309297,1012.5341,543.00
5.309297,1012.5684,502.00
5.309297,1012.6027,536.00
5.309297,1012.6370,503.00
5.309297,1012.6712,523.00
5.309297,1012.7055,493.00
5.309297,1012.7398,543.00
5.309297,1012.7742,428.00
5.309297,1012.8084,485.00
5.309297,1012.8427,443.00
5.309297,1012.8769,486.00
5.309297,1012.9111,471.00
5.309297,1012.9454,470.00
5.309297,1012.9796,482.00
5.309297,1013.0138,515.00
5.309297,1013.0480,421.00
5.309297,1013.0822,515.00
5.309297,1013.1164,439.00
5.309297,1013.1506,549.00
5.309297,1013.1848,485.00
5.309297,1013.2190,482.00
5.309297,1013.2532,529.00
5.309297,1013.2873,521.00
5.309297,1013.3215,478.00
5.309297,1013.3556,508.00
5.309297,1013.3898,443.00
5.309297,1013.4239,526.00
5.309297,1013.4581,486.00
5.309297,1013.4923,479.00
5.309297,1013.5264,488.00
5.309297,1013.5605,491.00
5.309297,1013.5946,495.00
5.309297,1013.6287,553.00
5.309297,1013.6627,473.00
5.309297,1013.6968,514.00
5.309297,1013.7309,455.00
5.309297,1013.7650,483.00
5.309297,1013.7990,492.00
5.309297,1013.8331,494.00
5.309297,1013.8672,455.00
5.309297,1013.9012,511.00
5.309297,1013.9353,445.00
5.309297,1013.9693,514.00
5.309297,1014.0033,483.00
5.309297,1014.0374,543.00
5.309297,1014.0714,491.00
5.309297,1014.1053,494.00
5.309297,1014.1393,525.00
5.309297,1014.1734,527.00
5.309297,1014.2074,465.00
5.309297,1014.2413,535.00
5.309297,1014.2753,501.00
5.309297,1014.3093,562.00
5.309297,1014.3433,491.00
5.309297,1014.3772,534.00
5.309297,1014.4111,525.00
5.309297,1014.4451,534.00
5.309297,1014.4790,461.00
5.309297,1014.5129,541.00
5.309297,1014.5468,473.00
5.309297,1014.5808,558.00
5.309297,1014.6147,491.00
5.309297,1014.6486,520.00
5.309297,1014.6825,520.00
5.309297,1014.7164,526.00
5.309297,1014.7502,491.00
5.309297,1014.7841,533.00
5.309297,1014.8180,498.00
5.309297,1014.8518,538.00
5.309297,1014.8858,477.00
5.309297,1014.9196,551.00
5.309297,1014.9534,516.00
5.309297,1014.9872,533.00
5.309297,1015.0211,517.00
5.309297,1015.0549,512.00
5.309297,1015.0887,483.00
5.309297,1015.1224,544.00
5.309297,1015.1562,516.00
5.309297,1015.1900,562.00
5.309297,1015.2238,492.00
5.309297,1015.2575,527.00
5.309297,1015.2914,524.00
5.309297,1015.3252,540.00
5.309297,1015.3589,489.00
5.309297,1015.3927,550.00
5.309297,1015.4265,481.00
5.309297,1015.4601,586.00
5.309297,1015.4938,500.00
5.309297,1015.5276,570.00
5.309297,1015.5613,539.00
5.309297,1015.5952,566.00
5.309297,1015.6288,531.00
5.309297,1015.6625,530.00
5.309297,1015.6962,477.00
5.309297,1015.7299,551.00
5.309297,1015.7635,497.00
5.309297,1015.7972,555.00
5.309297,1015.8308,545.00
5.309297,1015.8645,522.00
5.309297,1015.8981,527.00
5.309297,1015.9317,542.00
5.309297,1015.9655,475.00
5.309297,1015.9991,564.00
5.309297,1016.0327,501.00
5.309297,1016.0663,579.00
5.309297,1016.0999,545.00
5.309297,1016.1335,537.00
5.309297,1016.1671,538.00
5.309297,1016.2006,520.00
5.309297,1016.2342,509.00
5.309297,1016.2679,552.00
5.309297,1016.3015,498.00
5.309297,1016.3350,561.00
5.309297,1016.3686,510.00
5.309297,1016.4021,542.00
5.309297,1016.4357,532.00
5.309297,1016.4691,559.00
5.309297,1016.5027,508.00
5.309297,1016.5362,545.00
5.309297,1016.5696,465.00
5.309297,1016.6032,588.00
5.309297,1016.6367,487.00
5.309297,1016.6703,564.00
5.309297,1016.7038,526.00
5.309297,1016.7372,540.00
5.309297,1016.7707,528.00
5.309297,1016.8041,519.00
5.309297,1016.8376,522.00
5.309297,1016.8710,551.00
5.309297,1016.9045,478.00
5.309297,1016.9379,594.00
5.309297,1016.9715,519.00
5.309297,1017.0049,549.00
5.309297,1017.0383,557.00
5.309297,1017.0717,519.00
5.309297,1017.1050,505.00
5.309297,1017.1384,531.00
5.309297,1017.1718,478.00
5.309297,1017.2052,558.00
5.309297,1017.2386,489.00
5.309297,1017.2720,542.00
5.309297,1017.3053,569.00
5.309297,1017.3387,535.00
5.309297,1017.3721,493.00
5.309297,1017.4054,546.00
5.309297,1017.4388,513.00
5.309297,1017.4721,548.00
5.309297,1017.5054,511.00
5.309297,1017.5387,578.00
5.309297,1017.5720,557.00
5.309297,1017.6053,564.00
5.309297,1017.6386,554.00
5.309297,1017.6720,515.00
5.309297,1017.7053,515.00
5.309297,1017.7385,580.00
5.309297,1017.7717,508.00
5.309297,1017.8051,575.00
5.309297,1017.8383,535.00
5.309297,1017.8715,593.00
5.309297,1017.9048,550.00
5.309297,1017.9380,584.00
5.309297,1017.9712,557.00
5.309297,1018.0044,607.00
5.309297,1018.0376,492.00
5.309297,1018.0709,573.00
5.309297,1018.1041,540.00
5.309297,1018.1373,600.00
5.309297,1018.1705,553.00
5.309297,1018.2037,582.00
5.309297,1018.2368,542.00
5.309297,1018.2700,552.00
5.309297,1018.3032,510.00
5.309297,1018.3363,600.00
5.309297,1018.3695,519.00
5.309297,1018.4026,597.00
5.309297,1018.4358,584.00
5.309297,1018.4689,545.00
5.309297,1018.5020,560.00
5.309297,1018.5352,567.00
5.309297,1018.5682,508.00
5.309297,1018.6013,566.00
5.309297,1018.6343,526.00
5.309297,1018.6675,604.00
5.309297,1018.7006,507.00
5.309297,1018.7337,574.00
5.309297,1018.7668,583.00
5.309297,1018.7998,555.00
5.309297,1018.8328,552.00
5.309297,1018.8658,567.00
5.309297,1018.8989,499.00
5.309297,1018.9319,597.00
5.309297,1018.9650,529.00
5.309297,1018.9980,582.00
5.309297,1019.0311,587.00
5.309297,1019.0641,573.00
5.309297,1019.0970,520.00
5.309297,1019.1301,560.00
5.309297,1019.1631,507.00
5.309297,1019.1960,585.00
5.309297,1019.2289,482.00
5.309297,1019.2618,592.00
5.309297,1019.2949,546.00
5.309297,1019.3278,537.00
5.309297,1019.3607,538.00
5.309297,1019.3936,507.00
5.309297,1019.4268,458.00
5.309297,1019.4596,571.00
5.309297,1019.4925,516.00
5.309297,1019.5255,559.00
5.309297,1019.5583,509.00
5.309297,1019.5912,575.00
5.309297,1019.6240,519.00
5.309297,1019.6569,566.00
5.309297,1019.6898,545.00
5.309297,1019.7227,558.00
5.309297,1019.7556,485.00
5.309297,1019.7885,543.00
5.309297,1019.8213,537.00
5.309297,1019.8541,580.00
5.309297,1019.8870,509.00
5.309297,1019.9198,546.00
5.309297,1019.9525,529.00
5.309297,1019.9854,544.00
5.309297,1020.0182,496.00
5.309297,1020.0509,560.00
5.309297,1020.0837,525.00
5.309297,1020.1167,558.00
5.309297,1020.1494,532.00
5.309297,1020.1823,526.00
5.309297,1020.2149,504.00
5.309297,1020.2477,546.00
5.309297,1020.2805,493.00
5.309297,1020.3132,532.00
5.309297,1020.3459,523.00
5.309297,1020.3787,584.00
5.309297,1020.4114,489.00
5.309297,1020.4442,514.00
5.309297,1020.4768,496.00
5.309297,1020.5096,541.00
5.309297,1020.5423,488.00
5.309297,1020.5750,558.00
5.309297,1020.6077,493.00
5.309297,1020.6403,584.00
5.309297,1020.6730,498.00
5.309297,1020.7055,570.00
5.309297,1020.7382,517.00
5.309297,1020.7709,526.00
5.309297,1020.8036,486.00
5.309297,1020.8363,509.00
5.309297,1020.8688,475.00
5.309297,1020.9015,544.00
5.309297,1020.9341,457.00
5.309297,1020.9667,541.00
5.309297,1020.9993,476.00
5.309297,1021.0319,511.00
5.309297,1021.0645,502.00
5.309297,1021.0971,538.00
5.309297,1021.1298,486.00
5.309297,1021.1623,550.00
5.309297,1021.1948,459.00
5.309297,1021.2273,535.00
5.309297,1021.2599,485.00
5.309297,1021.2924,545.00
5.309297,1021.3250,475.00
5.309297,1021.3574,499.00
5.309297,1021.3900,511.00
5.309297,1021.4224,492.00
5.309297,1021.4550,430.00
5.309297,1021.4875,519.00
5.309297,1021.5200,483.00
5.309297,1021.5525,563.00
5.309297,1021.5850,494.00
5.309297,1021.6175,525.00
5.309297,1021.6500,467.00
5.309297,1021.6823,545.00
5.309297,1021.7148,467.00
5.309297,1021.7474,537.00
5.309297,1021.7797,492.00
5.309297,1021.8122,521.00
5.309297,1021.8445,530.00
5.309297,1021.8770,547.00
5.309297,1021.9095,542.00
5.309297,1021.9418,510.00
5.309297,1021.9741,468.00
5.309297,1022.0066,505.00
5.309297,1022.0389,459.00
5.309297,1022.0713,573.00
5.309297,1022.1037,465.00
5.309297,1022.1362,612.00
5.309297,1022.1685,538.00
5.309297,1022.2008,543.00
5.309297,1022.2332,500.00
5.309297,1022.2654,502.00
5.309297,1022.2977,506.00
5.309297,1022.3301,593.00
5.309297,1022.3624,471.00
5.309297,1022.3947,588.00
5.309297,1022.4271,481.00
5.309297,1022.4594,521.00
5.309297,1022.4917,534.00
5.309297,1022.5239,513.00
5.309297,1022.5562,492.00
5.309297,1022.5885,556.00
5.309297,1022.6207,508.00
5.309297,1022.6530,559.00
5.309297,1022.6852,520.00
5.309297,1022.7174,540.00
5.309297,1022.7497,474.00
5.309297,1022.7819,542.00
5.309297,1022.8142,467.00
5.309297,1022.8464,536.00
5.309297,1022.8785,488.00
5.309297,1022.9108,589.00
5.309297,1022.9429,511.00
5.309297,1022.9751,543.00
5.309297,1023.0073,530.00
5.309297,1023.0394,494.00
5.309297,1023.0717,514.00
5.309297,1023.1039,557.00
5.309297,1023.1360,475.00
5.309297,1023.1682,537.00
5.309297,1023.2003,505.00
5.309297,1023.2324,539.00
5.309297,1023.2644,498.00
5.309297,1023.2966,533.00
5.309297,1023.3287,478.00
5.309297,1023.3608,524.00
5.309297,1023.3929,491.00
5.309297,1023.4249,535.00
5.309297,1023.4570,486.00
5.309297,1023.4893,561.00
5.309297,1023.5212,496.00
5.309297,1023.5533,517.00
5.309297,1023.5853,485.00
5.309297,1023.6174,521.00
5.309297,1023.6494,456.00
5.309297,1023.6813,520.00
5.309297,1023.7134,452.00
5.309297,1023.7454,534.00
5.309297,1023.7775,470.00
5.309297,1023.8096,488.00
5.309297,1023.8416,510.00
5.309297,1023.8735,512.00
5.309297,1023.9055,495.00
5.309297,1023.9374,519.00
5.309297,1023.9694,448.00
5.309297,1024.0013,539.00
5.309297,1024.0333,486.00
5.309297,1024.0652,525.00
5.309297,1024.0972,485.00
5.309297,1024.1293,542.00
5.309297,1024.1611,465.00
5.309297,1024.1931,521.00
5.309297,1024.2250,448.00
5.309297,1024.2568,536.00
5.309297,1024.2888,475.00
5.309297,1024.3206,486.00
5.309297,1024.3525,474.00
5.309297,1024.3843,526.00
5.309297,1024.4164,454.00
5.309297,1024.4481,517.00
5.309297,1024.4801,457.00
5.309297,1024.5118,503.00
5.309297,1024.5438,479.00
5.309297,1024.5756,537.00
5.309297,1024.6074,496.00
5.309297,1024.6393,526.00
5.309297,1024.6710,519.00
5.309297,1024.7029,499.00
5.309297,1024.7346,446.00
5.309297,1024.7664,494.00
5.309297,1024.7982,461.00
5.309297,1024.8301,547.00
5.309297,1024.8618,483.00
5.309297,1024.8936,523.00
5.309297,1024.9253,481.00
5.309297,1024.9572,522.00
5.309297,1024.9889,505.00
5.309297,1025.0206,537.00
5.309297,1025.0522,441.00
5.309297,1025.0841,534.00
5.309297,1025.1158,483.00
5.309297,1025.1475,540.00
5.309297,1025.1792,488.00
5.309297,1025.2109,530.00
5.309297,1025.2426,477.00
5.309297,1025.2743,515.00
5.309297,1025.3059,492.00
5.309297,1025.3376,534.00
5.309297,1025.3693,453.00
5.309297,1025.4009,564.00
5.309297,1025.4326,483.00
5.309297,1025.4644,530.00
5.309297,1025.4960,489.00
5.309297,1025.5276,506.00
5.309297,1025.5592,502.00
5.309297,1025.5908,521.00
5.309297,1025.6224,493.00
5.309297,1025.6541,550.00
5.309297,1025.6857,505.00
5.309297,1025.7172,555.00
5.309297,1025.7489,528.00
5.309297,1025.7804,552.00
5.309297,1025.8120,525.00
5.309297,1025.8435,538.00
5.309297,1025.8751,501.00
5.309297,1025.9066,530.00
5.309297,1025.9381,470.00
5.309297,1025.9697,564.00
5.309297,1026.0012,537.00
5.309297,1026.0327,548.00
5.309297,1026.0642,505.00
