# Point:,55
# Setpoint:,2.8
# Voltage_V:,2.8
# Current_A:,0.051945
# Spectrum_Time_s:,8.128251
# Step_Start_s:,8.054837
# Step_End_s:,8.207663
# Spectrum_Duration_ms:,64.737
# Peak_Wavelength_nm:,928.16
# Peak_Intensity:,739.0
# Avg_Intensity:,596.2
# Num_Pixels:,4094
# NOTE: All wavelengths are captured simultaneously in one CCD exposure
#       The Relative_Time_s column shows when this entire spectrum was acquired

Relative_Time_s,Wavelength_nm,Intensity
8.128251,845.4307,550.00
8.128251,845.4858,499.00
8.128251,845.5410,558.00
8.128251,845.5963,517.00
8.128251,845.6514,557.00
8.128251,845.7065,527.00
8.128251,845.7617,537.00
8.128251,845.8168,465.00
8.128251,845.8721,544.00
8.128251,845.9272,458.00
8.128251,845.9823,537.00
8.128251,846.0374,512.00
8.128251,846.0926,502.00
8.128251,846.1478,502.00
8.128251,846.2029,521.00
8.128251,846.2579,476.00
8.128251,846.3130,552.00
8.128251,846.3682,467.00
8.128251,846.4233,565.00
8.128251,846.4784,502.00
8.128251,846.5335,584.00
8.128251,846.5886,526.00
8.128251,846.6437,533.00
8.128251,846.6987,522.00
8.128251,846.7538,567.00
8.128251,846.8089,492.00
8.128251,846.8640,557.00
8.128251,846.9190,474.00
8.128251,846.9741,571.00
8.128251,847.0292,507.00
8.128251,847.0842,556.00
8.128251,847.1392,528.00
8.128251,847.1943,559.00
8.128251,847.2493,483.00
8.128251,847.3044,599.00
8.128251,847.3594,500.00
8.128251,847.4144,586.00
8.128251,847.4694,533.00
8.128251,847.5244,525.00
8.128251,847.5795,525.00
8.128251,847.6345,566.00
8.128251,847.6895,525.00
8.128251,847.7444,564.00
8.128251,847.7994,484.00
8.128251,847.8544,604.00
8.128251,847.9094,541.00
8.128251,847.9644,586.00
8.128251,848.0193,534.00
8.128251,848.0743,584.00
8.128251,848.1293,514.00
8.128251,848.1843,584.00
8.128251,848.2392,525.00
8.128251,848.2941,577.00
8.128251,848.3491,572.00
8.128251,848.4040,555.00
8.128251,848.4590,564.00
8.128251,848.5139,592.00
8.128251,848.5688,516.00
8.128251,848.6237,598.00
8.128251,848.6786,501.00
8.128251,848.7336,622.00
8.128251,848.7885,544.00
8.128251,848.8434,612.00
8.128251,848.8983,555.00
8.128251,848.9531,574.00
8.128251,849.0081,569.00
8.128251,849.0630,578.00
8.128251,849.1178,534.00
8.128251,849.1727,573.00
8.128251,849.2275,537.00
8.128251,849.2823,638.00
8.128251,849.3373,535.00
8.128251,849.3921,577.00
8.128251,849.4470,554.00
8.128251,849.5018,580.00
8.128251,849.5566,523.00
8.128251,849.6115,589.00
8.128251,849.6663,506.00
8.128251,849.7211,623.00
8.128251,849.7759,564.00
8.128251,849.8307,585.00
8.128251,849.8856,554.00
8.128251,849.9404,597.00
8.128251,849.9952,537.00
8.128251,850.0500,562.00
8.128251,850.1048,502.00
8.128251,850.1596,613.00
8.128251,850.2144,530.00
8.128251,850.2692,602.00
8.128251,850.3239,583.00
8.128251,850.3787,575.00
8.128251,850.4335,552.00
8.128251,850.4882,599.00
8.128251,850.5430,545.00
8.128251,850.5977,587.00
8.128251,850.6525,507.00
8.128251,850.7072,604.00
8.128251,850.7620,537.00
8.128251,850.8167,604.00
8.128251,850.8715,577.00
8.128251,850.9261,551.00
8.128251,850.9808,522.00
8.128251,851.0356,576.00
8.128251,851.0903,558.00
8.128251,851.1450,638.00
8.128251,851.1996,531.00
8.128251,851.2543,615.00
8.128251,851.3091,576.00
8.128251,851.3638,591.00
8.128251,851.4185,567.00
8.128251,851.4731,615.00
8.128251,851.5278,537.00
8.128251,851.5825,658.00
8.128251,851.6371,597.00
8.128251,851.6918,651.00
8.128251,851.7465,601.00
8.128251,851.8011,612.00
8.128251,851.8558,607.00
8.128251,851.9103,610.00
8.128251,851.9650,581.00
8.128251,852.0196,652.00
8.128251,852.0742,606.00
8.128251,852.1289,613.00
8.128251,852.1835,577.00
8.128251,852.2381,650.00
8.128251,852.2927,634.00
8.128251,852.3473,627.00
8.128251,852.4019,608.00
8.128251,852.4565,654.00
8.128251,852.5111,601.00
8.128251,852.5657,607.00
8.128251,852.6202,595.00
8.128251,852.6747,632.00
8.128251,852.7294,597.00
8.128251,852.7839,650.00
8.128251,852.8385,577.00
8.128251,852.8930,653.00
8.128251,852.9476,596.00
8.128251,853.0022,662.00
8.128251,853.0567,607.00
8.128251,853.1112,680.00
8.128251,853.1658,658.00
8.128251,853.2203,668.00
8.128251,853.2748,655.00
8.128251,853.3293,679.00
8.128251,853.3838,610.00
8.128251,853.4383,631.00
8.128251,853.4928,616.00
8.128251,853.5474,685.00
8.128251,853.6019,673.00
8.128251,853.6563,703.00
8.128251,853.7108,661.00
8.128251,853.7653,676.00
8.128251,853.8198,606.00
8.128251,853.8742,662.00
8.128251,853.9286,629.00
8.128251,853.9832,670.00
8.128251,854.0376,650.00
8.128251,854.0920,691.00
8.128251,854.1465,649.00
8.128251,854.2010,692.00
8.128251,854.2554,629.00
8.128251,854.3098,647.00
8.128251,854.3642,599.00
8.128251,854.4186,688.00
8.128251,854.4731,600.00
8.128251,854.5275,706.00
8.128251,854.5819,637.00
8.128251,854.6363,679.00
8.128251,854.6907,644.00
8.128251,854.7451,640.00
8.128251,854.7994,585.00
8.128251,854.8538,660.00
8.128251,854.9082,611.00
8.128251,854.9626,690.00
8.128251,855.0170,626.00
8.128251,855.0714,648.00
8.128251,855.1257,626.00
8.128251,855.1800,647.00
8.128251,855.2344,603.00
8.128251,855.2888,653.00
8.128251,855.3431,620.00
8.128251,855.3975,637.00
8.128251,855.4518,633.00
8.128251,855.5060,713.00
8.128251,855.5604,620.00
8.128251,855.6147,650.00
8.128251,855.6691,616.00
8.128251,855.7233,646.00
8.128251,855.7776,582.00
8.128251,855.8320,684.00
8.128251,855.8862,585.00
8.128251,855.9406,682.00
8.128251,855.9948,621.00
8.128251,856.0491,687.00
8.128251,856.1035,648.00
8.128251,856.1577,664.00
8.128251,856.2119,633.00
8.128251,856.2662,644.00
8.128251,856.3204,603.00
8.128251,856.3748,714.00
8.128251,856.4290,632.00
8.128251,856.4832,680.00
8.128251,856.5374,660.00
8.128251,856.5916,673.00
8.128251,856.6459,583.00
8.128251,856.7001,662.00
8.128251,856.7543,630.00
8.128251,856.8085,680.00
8.128251,856.8627,650.00
8.128251,856.9169,697.00
8.128251,856.9712,659.00
8.128251,857.0253,643.00
8.128251,857.0795,612.00
8.128251,857.1337,663.00
8.128251,857.1879,626.00
8.128251,857.2421,685.00
8.128251,857.2962,621.00
8.128251,857.3504,694.00
8.128251,857.4045,649.00
8.128251,857.4587,647.00
8.128251,857.5129,672.00
8.128251,857.5670,664.00
8.128251,857.6212,651.00
8.128251,857.6753,688.00
8.128251,857.7294,601.00
8.128251,857.7836,658.00
8.128251,857.8377,636.00
8.128251,857.8918,701.00
8.128251,857.9459,644.00
8.128251,858.0000,656.00
8.128251,858.0541,603.00
8.128251,858.1082,700.00
8.128251,858.1624,620.00
8.128251,858.2164,706.00
8.128251,858.2704,642.00
8.128251,858.3245,695.00
8.128251,858.3787,686.00
8.128251,858.4327,662.00
8.128251,858.4868,641.00
8.128251,858.5408,679.00
8.128251,858.5949,635.00
8.128251,858.6489,677.00
8.128251,858.7030,637.00
8.128251,858.7570,706.00
8.128251,858.8110,667.00
8.128251,858.8651,679.00
8.128251,858.9192,682.00
8.128251,858.9732,686.00
8.128251,859.0272,639.00
8.128251,859.0812,719.00
8.128251,859.1352,617.00
8.128251,859.1892,687.00
8.128251,859.2432,637.00
8.128251,859.2972,671.00
8.128251,859.3512,675.00
8.128251,859.4052,662.00
8.128251,859.4592,645.00
8.128251,859.5132,668.00
8.128251,859.5671,591.00
8.128251,859.6210,691.00
8.128251,859.6750,621.00
8.128251,859.7289,710.00
8.128251,859.7830,638.00
8.128251,859.8369,647.00
8.128251,859.8908,621.00
8.128251,859.9447,614.00
8.128251,859.9987,633.00
8.128251,860.0527,689.00
8.128251,860.1065,583.00
8.128251,860.1605,670.00
8.128251,860.2144,651.00
8.128251,860.2682,674.00
8.128251,860.3222,632.00
8.128251,860.3761,667.00
8.128251,860.4299,589.00
8.128251,860.4838,625.00
8.128251,860.5377,579.00
8.128251,860.5916,652.00
8.128251,860.6455,621.00
8.128251,860.6993,660.00
8.128251,860.7532,626.00
8.128251,860.8071,657.00
8.128251,860.8610,602.00
8.128251,860.9148,638.00
8.128251,860.9687,594.00
8.128251,861.0225,641.00
8.128251,861.0763,632.00
8.128251,861.1301,659.00
8.128251,861.1840,613.00
8.128251,861.2378,655.00
8.128251,861.2916,638.00
8.128251,861.3454,664.00
8.128251,861.3992,605.00
8.128251,861.4531,682.00
8.128251,861.5068,601.00
8.128251,861.5606,643.00
8.128251,861.6144,620.00
8.128251,861.6682,622.00
8.128251,861.7220,607.00
8.128251,861.7758,634.00
8.128251,861.8295,619.00
8.128251,861.8833,632.00
8.128251,861.9370,613.00
8.128251,861.9908,691.00
8.128251,862.0446,617.00
8.128251,862.0983,651.00
8.128251,862.1520,628.00
8.128251,862.2057,640.00
8.128251,862.2595,601.00
8.128251,862.3132,610.00
8.128251,862.3669,571.00
8.128251,862.4206,644.00
8.128251,862.4744,602.00
8.128251,862.5281,662.00
8.128251,862.5818,629.00
8.128251,862.6355,659.00
8.128251,862.6891,614.00
8.128251,862.7429,645.00
8.128251,862.7966,621.00
8.128251,862.8502,640.00
8.128251,862.9039,595.00
8.128251,862.9575,661.00
8.128251,863.0112,626.00
8.128251,863.0648,616.00
8.128251,863.1185,624.00
8.128251,863.1722,651.00
8.128251,863.2258,594.00
8.128251,863.2794,645.00
8.128251,863.3330,584.00
8.128251,863.3867,650.00
8.128251,863.4403,565.00
8.128251,863.4940,653.00
8.128251,863.5475,612.00
8.128251,863.6011,610.00
8.128251,863.6548,603.00
8.128251,863.7084,650.00
8.128251,863.7620,594.00
8.128251,863.8156,638.00
8.128251,863.8691,575.00
8.128251,863.9228,627.00
8.128251,863.9763,605.00
8.128251,864.0299,641.00
8.128251,864.0834,601.00
8.128251,864.1370,643.00
8.128251,864.1906,585.00
8.128251,864.2441,628.00
8.128251,864.2977,586.00
8.128251,864.3512,670.00
8.128251,864.4047,605.00
8.128251,864.4583,654.00
8.128251,864.5118,616.00
8.128251,864.5653,623.00
8.128251,864.6189,611.00
8.128251,864.6724,614.00
8.128251,864.7258,593.00
8.128251,864.7794,660.00
8.128251,864.8329,593.00
8.128251,864.8864,637.00
8.128251,864.9398,603.00
8.128251,864.9933,614.00
8.128251,865.0469,574.00
8.128251,865.1003,610.00
8.128251,865.1538,604.00
8.128251,865.2072,641.00
8.128251,865.2607,597.00
8.128251,865.3142,653.00
8.128251,865.3676,615.00
8.128251,865.4211,630.00
8.128251,865.4745,590.00
8.128251,865.5279,640.00
8.128251,865.5814,626.00
8.128251,865.6348,651.00
8.128251,865.6882,605.00
8.128251,865.7416,673.00
8.128251,865.7950,642.00
8.128251,865.8484,645.00
8.128251,865.9019,609.00
8.128251,865.9552,608.00
8.128251,866.0087,612.00
8.128251,866.0620,615.00
8.128251,866.1154,596.00
8.128251,866.1688,680.00
8.128251,866.2222,596.00
8.128251,866.2755,634.00
8.128251,866.3289,673.00
8.128251,866.3822,672.00
8.128251,866.4356,620.00
8.128251,866.4890,630.00
8.128251,866.5423,621.00
8.128251,866.5956,636.00
8.128251,866.6489,584.00
8.128251,866.7023,680.00
8.128251,866.7556,627.00
8.128251,866.8089,626.00
8.128251,866.8622,614.00
8.128251,866.9155,628.00
8.128251,866.9689,582.00
8.128251,867.0222,655.00
8.128251,867.0755,563.00
8.128251,867.1287,625.00
8.128251,867.1820,610.00
8.128251,867.2354,661.00
8.128251,867.2886,643.00
8.128251,867.3419,671.00
8.128251,867.3951,608.00
8.128251,867.4484,641.00
8.128251,867.5016,574.00
8.128251,867.5549,675.00
8.128251,867.6082,605.00
8.128251,867.6614,636.00
8.128251,867.7146,634.00
8.128251,867.7678,651.00
8.128251,867.8211,645.00
8.128251,867.8743,662.00
8.128251,867.9276,616.00
8.128251,867.9807,669.00
8.128251,868.0339,617.00
8.128251,868.0872,660.00
8.128251,868.1403,631.00
8.128251,868.1935,630.00
8.128251,868.2467,616.00
8.128251,868.2999,656.00
8.128251,868.3531,566.00
8.128251,868.4062,657.00
8.128251,868.4594,617.00
8.128251,868.5126,670.00
8.128251,868.5657,626.00
8.128251,868.6189,637.00
8.128251,868.6721,630.00
8.128251,868.7252,624.00
8.128251,868.7783,583.00
8.128251,868.8315,633.00
8.128251,868.8846,578.00
8.128251,868.9377,661.00
8.128251,868.9908,598.00
8.128251,869.0439,647.00
8.128251,869.0970,628.00
8.128251,869.1501,647.00
8.128251,869.2032,608.00
8.128251,869.2564,615.00
8.128251,869.3094,585.00
8.128251,869.3625,616.00
8.128251,869.4156,623.00
8.128251,869.4688,660.00
8.128251,869.5218,583.00
8.128251,869.5748,638.00
8.128251,869.6279,650.00
8.128251,869.6809,615.00
8.128251,869.7340,568.00
8.128251,869.7870,635.00
8.128251,869.8401,587.00
8.128251,869.8931,637.00
8.128251,869.9462,585.00
8.128251,869.9993,628.00
8.128251,870.0522,617.00
8.128251,870.1052,681.00
8.128251,870.1583,612.00
8.128251,870.2112,682.00
8.128251,870.2642,590.00
8.128251,870.3173,662.00
8.128251,870.3702,620.00
8.128251,870.4232,688.00
8.128251,870.4762,637.00
8.128251,870.5292,619.00
8.128251,870.5822,615.00
8.128251,870.6351,646.00
8.128251,870.6881,608.00
8.128251,870.7410,646.00
8.128251,870.7940,641.00
8.128251,870.8470,651.00
8.128251,870.8999,593.00
8.128251,870.9528,670.00
8.128251,871.0057,647.00
8.128251,871.0587,646.00
8.128251,871.1116,597.00
8.128251,871.1646,668.00
8.128251,871.2175,587.00
8.128251,871.2704,667.00
8.128251,871.3232,659.00
8.128251,871.3762,628.00
8.128251,871.4291,632.00
8.128251,871.4820,649.00
8.128251,871.5348,621.00
8.128251,871.5877,637.00
8.128251,871.6406,624.00
8.128251,871.6935,700.00
8.128251,871.7463,628.00
8.128251,871.7992,644.00
8.128251,871.8521,636.00
8.128251,871.9049,642.00
8.128251,871.9578,664.00
8.128251,872.0106,684.00
8.128251,872.0635,604.00
8.128251,872.1162,672.00
8.128251,872.1691,599.00
8.128251,872.2219,696.00
8.128251,872.2747,608.00
8.128251,872.3275,636.00
8.128251,872.3803,654.00
8.128251,872.4332,629.00
8.128251,872.4860,632.00
8.128251,872.5387,668.00
8.128251,872.5915,608.00
8.128251,872.6443,709.00
8.128251,872.6971,646.00
8.128251,872.7499,666.00
8.128251,872.8026,610.00
8.128251,872.8553,634.00
8.128251,872.9081,630.00
8.128251,872.9609,651.00
8.128251,873.0136,611.00
8.128251,873.0663,681.00
8.128251,873.1191,583.00
8.128251,873.1718,671.00
8.128251,873.2245,629.00
8.128251,873.2773,623.00
8.128251,873.3300,624.00
8.128251,873.3827,655.00
8.128251,873.4354,627.00
8.128251,873.4882,704.00
8.128251,873.5408,657.00
8.128251,873.5935,666.00
8.128251,873.6462,635.00
8.128251,873.6989,673.00
8.128251,873.7515,670.00
8.128251,873.8042,658.00
8.128251,873.8569,641.00
8.128251,873.9096,673.00
8.128251,873.9622,608.00
8.128251,874.0149,695.00
8.128251,874.0675,627.00
8.128251,874.1202,666.00
8.128251,874.1729,630.00
8.128251,874.2255,684.00
8.128251,874.2781,603.00
8.128251,874.3307,639.00
8.128251,874.3834,583.00
8.128251,874.4360,671.00
8.128251,874.4885,624.00
8.128251,874.5411,685.00
8.128251,874.5938,615.00
8.128251,874.6463,659.00
8.128251,874.6990,613.00
8.128251,874.7515,630.00
8.128251,874.8041,608.00
8.128251,874.8567,703.00
8.128251,874.9092,631.00
8.128251,874.9619,670.00
8.128251,875.0144,619.00
8.128251,875.0669,660.00
8.128251,875.1194,645.00
8.128251,875.1720,649.00
8.128251,875.2246,605.00
8.128251,875.2772,669.00
8.128251,875.3296,614.00
8.128251,875.3821,700.00
8.128251,875.4346,634.00
8.128251,875.4872,646.00
8.128251,875.5397,636.00
8.128251,875.5922,687.00
8.128251,875.6447,624.00
8.128251,875.6971,677.00
8.128251,875.7498,631.00
8.128251,875.8022,708.00
8.128251,875.8547,603.00
8.128251,875.9071,658.00
8.128251,875.9596,624.00
8.128251,876.0120,665.00
8.128251,876.0646,630.00
8.128251,876.1169,641.00
8.128251,876.1694,615.00
8.128251,876.2219,672.00
8.128251,876.2743,640.00
8.128251,876.3268,685.00
8.128251,876.3792,618.00
8.128251,876.4316,687.00
8.128251,876.4840,636.00
8.128251,876.5364,634.00
8.128251,876.5889,600.00
8.128251,876.6413,699.00
8.128251,876.6937,599.00
8.128251,876.7460,674.00
8.128251,876.7985,665.00
8.128251,876.8509,690.00
8.128251,876.9032,631.00
8.128251,876.9556,627.00
8.128251,877.0079,613.00
8.128251,877.0604,634.00
8.128251,877.1127,611.00
8.128251,877.1651,685.00
8.128251,877.2174,615.00
8.128251,877.2697,682.00
8.128251,877.3221,649.00
8.128251,877.3744,645.00
8.128251,877.4268,606.00
8.128251,877.4791,641.00
8.128251,877.5314,573.00
8.128251,877.5837,652.00
8.128251,877.6360,590.00
8.128251,877.6884,647.00
8.128251,877.7407,608.00
8.128251,877.7930,624.00
8.128251,877.8452,622.00
8.128251,877.8975,625.00
8.128251,877.9498,609.00
8.128251,878.0021,638.00
8.128251,878.0544,606.00
8.128251,878.1066,653.00
8.128251,878.1589,612.00
8.128251,878.2111,630.00
8.128251,878.2634,611.00
8.128251,878.3157,599.00
8.128251,878.3679,594.00
8.128251,878.4202,634.00
8.128251,878.4724,583.00
8.128251,878.5246,685.00
8.128251,878.5768,599.00
8.128251,878.6290,623.00
8.128251,878.6812,619.00
8.128251,878.7335,617.00
8.128251,878.7856,612.00
8.128251,878.8379,597.00
8.128251,878.8901,599.00
8.128251,878.9422,613.00
8.128251,878.9944,590.00
8.128251,879.0466,638.00
8.128251,879.0988,602.00
8.128251,879.1509,659.00
8.128251,879.2031,604.00
8.128251,879.2552,615.00
8.128251,879.3074,601.00
8.128251,879.3596,663.00
8.128251,879.4117,585.00
8.128251,879.4638,676.00
8.128251,879.5159,595.00
8.128251,879.5681,670.00
8.128251,879.6202,619.00
8.128251,879.6723,620.00
8.128251,879.7244,610.00
8.128251,879.7766,631.00
8.128251,879.8287,569.00
8.128251,879.8808,657.00
8.128251,879.9329,576.00
8.128251,879.9849,657.00
8.128251,880.0370,613.00
8.128251,880.0891,650.00
8.128251,880.1412,632.00
8.128251,880.1932,634.00
8.128251,880.2452,560.00
8.128251,880.2973,658.00
8.128251,880.3495,625.00
8.128251,880.4015,674.00
8.128251,880.4536,609.00
8.128251,880.5056,616.00
8.128251,880.5576,629.00
8.128251,880.6096,630.00
8.128251,880.6616,587.00
8.128251,880.7137,664.00
8.128251,880.7656,584.00
8.128251,880.8176,660.00
8.128251,880.8696,595.00
8.128251,880.9217,627.00
8.128251,880.9737,614.00
8.128251,881.0256,640.00
8.128251,881.0776,596.00
8.128251,881.1296,631.00
8.128251,881.1816,563.00
8.128251,881.2336,645.00
8.128251,881.2855,586.00
8.128251,881.3374,628.00
8.128251,881.3893,625.00
8.128251,881.4413,621.00
8.128251,881.4933,588.00
8.128251,881.5452,645.00
8.128251,881.5972,580.00
8.128251,881.6490,634.00
8.128251,881.7010,604.00
8.128251,881.7530,660.00
8.128251,881.8049,548.00
8.128251,881.8568,618.00
8.128251,881.9086,581.00
8.128251,881.9605,596.00
8.128251,882.0125,596.00
8.128251,882.0643,632.00
8.128251,882.1162,561.00
8.128251,882.1681,636.00
8.128251,882.2199,564.00
8.128251,882.2719,618.00
8.128251,882.3237,576.00
8.128251,882.3755,590.00
8.128251,882.4274,570.00
8.128251,882.4792,608.00
8.128251,882.5311,559.00
8.128251,882.5829,624.00
8.128251,882.6348,575.00
8.128251,882.6866,639.00
8.128251,882.7383,626.00
8.128251,882.7902,593.00
8.128251,882.8420,598.00
8.128251,882.8939,639.00
8.128251,882.9457,529.00
8.128251,882.9974,601.00
8.128251,883.0493,566.00
8.128251,883.1011,651.00
8.128251,883.1528,565.00
8.128251,883.2046,630.00
8.128251,883.2563,594.00
8.128251,883.3081,583.00
8.128251,883.3599,563.00
8.128251,883.4116,604.00
8.128251,883.4634,591.00
8.128251,883.5151,649.00
8.128251,883.5668,599.00
8.128251,883.6187,627.00
8.128251,883.6703,618.00
8.128251,883.7220,625.00
8.128251,883.7738,564.00
8.128251,883.8254,627.00
8.128251,883.8773,557.00
8.128251,883.9289,645.00
8.128251,883.9806,566.00
8.128251,884.0323,642.00
8.128251,884.0840,627.00
8.128251,884.1357,640.00
8.128251,884.1874,582.00
8.128251,884.2391,629.00
8.128251,884.2907,563.00
8.128251,884.3423,631.00
8.128251,884.3940,542.00
8.128251,884.4457,629.00
8.128251,884.4974,598.00
8.128251,884.5490,633.00
8.128251,884.6006,591.00
8.128251,884.6523,613.00
8.128251,884.7039,572.00
8.128251,884.7555,635.00
8.128251,884.8071,604.00
8.128251,884.8588,621.00
8.128251,884.9103,628.00
8.128251,884.9620,650.00
8.128251,885.0136,623.00
8.128251,885.0651,622.00
8.128251,885.1168,586.00
8.128251,885.1683,656.00
8.128251,885.2200,593.00
8.128251,885.2715,657.00
8.128251,885.3231,575.00
8.128251,885.3746,645.00
8.128251,885.4262,664.00
8.128251,885.4778,638.00
8.128251,885.5293,656.00
8.128251,885.5809,633.00
8.128251,885.6324,558.00
8.128251,885.6839,624.00
8.128251,885.7355,577.00
8.128251,885.7870,660.00
8.128251,885.8385,602.00
8.128251,885.8900,643.00
8.128251,885.9415,630.00
8.128251,885.9930,642.00
8.128251,886.0446,604.00
8.128251,886.0960,657.00
8.128251,886.1475,597.00
8.128251,886.1990,649.00
8.128251,886.2504,619.00
8.128251,886.3020,652.00
8.128251,886.3534,612.00
8.128251,886.4048,636.00
8.128251,886.4564,616.00
8.128251,886.5078,659.00
8.128251,886.5593,582.00
8.128251,886.6107,674.00
8.128251,886.6621,594.00
8.128251,886.7136,646.00
8.128251,886.7650,607.00
8.128251,886.8164,631.00
8.128251,886.8679,639.00
8.128251,886.9193,633.00
8.128251,886.9706,577.00
8.128251,887.0220,649.00
8.128251,887.0735,581.00
8.128251,887.1249,679.00
8.128251,887.1762,616.00
8.128251,887.2276,660.00
8.128251,887.2789,652.00
8.128251,887.3304,646.00
8.128251,887.3818,617.00
8.128251,887.4331,662.00
8.128251,887.4844,618.00
8.128251,887.5358,656.00
8.128251,887.5871,571.00
8.128251,887.6385,664.00
8.128251,887.6898,637.00
8.128251,887.7411,625.00
8.128251,887.7925,606.00
8.128251,887.8438,619.00
8.128251,887.8951,598.00
8.128251,887.9464,666.00
8.128251,887.9977,630.00
8.128251,888.0490,709.00
8.128251,888.1003,645.00
8.128251,888.1516,637.00
8.128251,888.2029,591.00
8.128251,888.2542,637.00
8.128251,888.3054,614.00
8.128251,888.3567,662.00
8.128251,888.4080,632.00
8.128251,888.4592,685.00
8.128251,888.5105,626.00
8.128251,888.5618,657.00
8.128251,888.6130,623.00
8.128251,888.6642,662.00
8.128251,888.7155,626.00
8.128251,888.7667,657.00
8.128251,888.8179,606.00
8.128251,888.8691,665.00
8.128251,888.9204,633.00
8.128251,888.9716,657.00
8.128251,889.0228,632.00
8.128251,889.0740,667.00
8.128251,889.1252,650.00
8.128251,889.1764,652.00
8.128251,889.2275,608.00
8.128251,889.2787,684.00
8.128251,889.3299,629.00
8.128251,889.3810,675.00
8.128251,889.4322,644.00
8.128251,889.4835,670.00
8.128251,889.5346,634.00
8.128251,889.5857,664.00
8.128251,889.6368,619.00
8.128251,889.6879,674.00
8.128251,889.7391,609.00
8.128251,889.7903,679.00
8.128251,889.8414,648.00
8.128251,889.8925,717.00
8.128251,889.9435,631.00
8.128251,889.9948,660.00
8.128251,890.0458,623.00
8.128251,890.0969,688.00
8.128251,890.1479,614.00
8.128251,890.1990,673.00
8.128251,890.2501,624.00
8.128251,890.3012,675.00
8.128251,890.3523,628.00
8.128251,890.4034,601.00
8.128251,890.4545,642.00
8.128251,890.5054,652.00
8.128251,890.5566,603.00
8.128251,890.6076,640.00
8.128251,890.6586,570.00
8.128251,890.7097,643.00
8.128251,890.7607,634.00
8.128251,890.8117,687.00
8.128251,890.8627,634.00
8.128251,890.9138,615.00
8.128251,890.9647,581.00
8.128251,891.0157,627.00
8.128251,891.0668,583.00
8.128251,891.1178,655.00
8.128251,891.1688,577.00
8.128251,891.2197,652.00
8.128251,891.2707,601.00
8.128251,891.3217,645.00
8.128251,891.3727,603.00
8.128251,891.4236,606.00
8.128251,891.4745,574.00
8.128251,891.5256,618.00
8.128251,891.5765,594.00
8.128251,891.6275,631.00
8.128251,891.6783,609.00
8.128251,891.7293,641.00
8.128251,891.7802,605.00
8.128251,891.8312,627.00
8.128251,891.8821,549.00
8.128251,891.9330,650.00
8.128251,891.9839,566.00
8.128251,892.0348,634.00
8.128251,892.0857,573.00
8.128251,892.1366,606.00
8.128251,892.1875,603.00
8.128251,892.2383,617.00
8.128251,892.2892,617.00
8.128251,892.3401,640.00
8.128251,892.3911,577.00
8.128251,892.4418,683.00
8.128251,892.4927,604.00
8.128251,892.5436,644.00
8.128251,892.5944,628.00
8.128251,892.6452,630.00
8.128251,892.6961,615.00
8.128251,892.7469,626.00
8.128251,892.7977,568.00
8.128251,892.8485,612.00
8.128251,892.8993,613.00
8.128251,892.9502,649.00
8.128251,893.0010,611.00
8.128251,893.0518,612.00
8.128251,893.1025,562.00
8.128251,893.1534,588.00
8.128251,893.2042,596.00
8.128251,893.2549,643.00
8.128251,893.3057,610.00
8.128251,893.3564,691.00
8.128251,893.4072,664.00
8.128251,893.4580,648.00
8.128251,893.5087,623.00
8.128251,893.5595,661.00
8.128251,893.6102,587.00
8.128251,893.6609,674.00
8.128251,893.7117,596.00
8.128251,893.7625,681.00
8.128251,893.8132,632.00
8.128251,893.8639,669.00
8.128251,893.9146,633.00
8.128251,893.9653,604.00
8.128251,894.0160,612.00
8.128251,894.0667,650.00
8.128251,894.1174,604.00
8.128251,894.1681,662.00
8.128251,894.2188,604.00
8.128251,894.2695,664.00
8.128251,894.3201,611.00
8.128251,894.3708,642.00
8.128251,894.4214,605.00
8.128251,894.4720,640.00
8.128251,894.5228,608.00
8.128251,894.5734,681.00
8.128251,894.6240,619.00
8.128251,894.6746,686.00
8.128251,894.7252,672.00
8.128251,894.7759,638.00
8.128251,894.8265,638.00
8.128251,894.8771,649.00
8.128251,894.9277,589.00
8.128251,894.9783,666.00
8.128251,895.0290,595.00
8.128251,895.0795,675.00
8.128251,895.1301,610.00
8.128251,895.1807,656.00
8.128251,895.2313,655.00
8.128251,895.2819,641.00
8.128251,895.3325,585.00
8.128251,895.3830,607.00
8.128251,895.4336,586.00
8.128251,895.4841,681.00
8.128251,895.5347,618.00
8.128251,895.5852,656.00
8.128251,895.6357,645.00
8.128251,895.6863,651.00
8.128251,895.7368,616.00
8.128251,895.7874,609.00
8.128251,895.8379,598.00
8.128251,895.8884,670.00
8.128251,895.9388,579.00
8.128251,895.9893,662.00
8.128251,896.0399,628.00
8.128251,896.0904,619.00
8.128251,896.1408,641.00
8.128251,896.1913,645.00
8.128251,896.2418,607.00
8.128251,896.2922,648.00
8.128251,896.3427,627.00
8.128251,896.3932,676.00
8.128251,896.4437,638.00
8.128251,896.4941,691.00
8.128251,896.5445,644.00
8.128251,896.5950,631.00
8.128251,896.6454,634.00
8.128251,896.6958,629.00
8.128251,896.7462,595.00
8.128251,896.7967,686.00
8.128251,896.8471,607.00
8.128251,896.8975,667.00
8.128251,896.9479,626.00
8.128251,896.9983,657.00
8.128251,897.0486,613.00
8.128251,897.0991,647.00
8.128251,897.1495,573.00
8.128251,897.1998,675.00
8.128251,897.2502,608.00
8.128251,897.3005,666.00
8.128251,897.3510,647.00
8.128251,897.4013,650.00
8.128251,897.4517,653.00
8.128251,897.5020,632.00
8.128251,897.5523,609.00
8.128251,897.6026,679.00
8.128251,897.6530,627.00
8.128251,897.7033,690.00
8.128251,897.7537,618.00
8.128251,897.8040,650.00
8.128251,897.8542,619.00
8.128251,897.9046,639.00
8.128251,897.9549,633.00
8.128251,898.0051,683.00
8.128251,898.0554,619.00
8.128251,898.1057,661.00
8.128251,898.1560,625.00
8.128251,898.2063,638.00
8.128251,898.2565,615.00
8.128251,898.3068,617.00
8.128251,898.3571,648.00
8.128251,898.4073,600.00
8.128251,898.4576,571.00
8.128251,898.5078,645.00
8.128251,898.5580,588.00
8.128251,898.6083,672.00
8.128251,898.6584,652.00
8.128251,898.7087,645.00
8.128251,898.7590,628.00
8.128251,898.8091,628.00
8.128251,898.8593,634.00
8.128251,898.9095,638.00
8.128251,898.9598,586.00
8.128251,899.0099,678.00
8.128251,899.0601,600.00
8.128251,899.1103,647.00
8.128251,899.1605,607.00
8.128251,899.2107,623.00
8.128251,899.2608,589.00
8.128251,899.3109,634.00
8.128251,899.3611,597.00
8.128251,899.4113,699.00
8.128251,899.4614,613.00
8.128251,899.5115,636.00
8.128251,899.5616,665.00
8.128251,899.6118,630.00
8.128251,899.6619,591.00
8.128251,899.7121,604.00
8.128251,899.7622,562.00
8.128251,899.8123,646.00
8.128251,899.8624,591.00
8.128251,899.9124,627.00
8.128251,899.9626,632.00
8.128251,900.0126,621.00
8.128251,900.0627,621.00
8.128251,900.1127,651.00
8.128251,900.1628,573.00
8.128251,900.2130,654.00
8.128251,900.2631,542.00
8.128251,900.3130,624.00
8.128251,900.3631,601.00
8.128251,900.4131,622.00
8.128251,900.4632,593.00
8.128251,900.5132,605.00
8.128251,900.5633,588.00
8.128251,900.6132,626.00
8.128251,900.6632,601.00
8.128251,900.7133,620.00
8.128251,900.7633,544.00
8.128251,900.8133,650.00
8.128251,900.8633,571.00
8.128251,900.9133,630.00
8.128251,900.9633,592.00
8.128251,901.0133,630.00
8.128251,901.0632,561.00
8.128251,901.1132,597.00
8.128251,901.1631,581.00
8.128251,901.2131,636.00
8.128251,901.2631,591.00
8.128251,901.3130,648.00
8.128251,901.3630,602.00
8.128251,901.4129,638.00
8.128251,901.4628,620.00
8.128251,901.5128,607.00
8.128251,901.5627,570.00
8.128251,901.6126,639.00
8.128251,901.6625,613.00
8.128251,901.7124,632.00
8.128251,901.7623,607.00
8.128251,901.8123,611.00
8.128251,901.8621,621.00
8.128251,901.9120,644.00
8.128251,901.9619,596.00
8.128251,902.0117,661.00
8.128251,902.0616,609.00
8.128251,902.1115,622.00
8.128251,902.1613,604.00
8.128251,902.2112,610.00
8.128251,902.2610,620.00
8.128251,902.3109,606.00
8.128251,902.3608,597.00
8.128251,902.4106,642.00
8.128251,902.4604,597.00
8.128251,902.5103,646.00
8.128251,902.5601,591.00
8.128251,902.6099,638.00
8.128251,902.6597,603.00
8.128251,902.7095,616.00
8.128251,902.7592,625.00
8.128251,902.8090,625.00
8.128251,902.8589,571.00
8.128251,902.9086,649.00
8.128251,902.9584,578.00
8.128251,903.0082,620.00
8.128251,903.0580,632.00
8.128251,903.1077,643.00
8.128251,903.1575,614.00
8.128251,903.2072,617.00
8.128251,903.2570,578.00
8.128251,903.3067,652.00
8.128251,903.3564,593.00
8.128251,903.4062,669.00
8.128251,903.4559,600.00
8.128251,903.5056,621.00
8.128251,903.5553,600.00
8.128251,903.6050,624.00
8.128251,903.6547,578.00
8.128251,903.7045,648.00
8.128251,903.7541,562.00
8.128251,903.8038,656.00
8.128251,903.8535,636.00
8.128251,903.9032,605.00
8.128251,903.9528,608.00
8.128251,904.0025,643.00
8.128251,904.0522,604.00
8.128251,904.1019,632.00
8.128251,904.1515,594.00
8.128251,904.2012,670.00
8.128251,904.2507,601.00
8.128251,904.3004,642.00
8.128251,904.3500,574.00
8.128251,904.3997,597.00
8.128251,904.4493,583.00
8.128251,904.4989,632.00
8.128251,904.5485,575.00
8.128251,904.5980,635.00
8.128251,904.6477,590.00
8.128251,904.6973,615.00
8.128251,904.7469,572.00
8.128251,904.7964,627.00
8.128251,904.8460,613.00
8.128251,904.8956,593.00
8.128251,904.9452,587.00
8.128251,904.9947,640.00
8.128251,905.0443,563.00
8.128251,905.0938,660.00
8.128251,905.1434,618.00
8.128251,905.1929,595.00
8.128251,905.2424,634.00
8.128251,905.2919,633.00
8.128251,905.3414,586.00
8.128251,905.3910,599.00
8.128251,905.4406,591.00
8.128251,905.4901,655.00
8.128251,905.5396,562.00
8.128251,905.5890,641.00
8.128251,905.6385,617.00
8.128251,905.6880,623.00
8.128251,905.7375,605.00
8.128251,905.7870,651.00
8.128251,905.8364,580.00
8.128251,905.8859,642.00
8.128251,905.9354,621.00
8.128251,905.9848,682.00
8.128251,906.0342,643.00
8.128251,906.0837,614.00
8.128251,906.1331,605.00
8.128251,906.1826,640.00
8.128251,906.2321,589.00
8.128251,906.2814,691.00
8.128251,906.3309,601.00
8.128251,906.3802,656.00
8.128251,906.4297,614.00
8.128251,906.4791,654.00
8.128251,906.5285,613.00
8.128251,906.5779,598.00
8.128251,906.6273,586.00
8.128251,906.6766,625.00
8.128251,906.7260,609.00
8.128251,906.7754,658.00
8.128251,906.8248,583.00
8.128251,906.8741,645.00
8.128251,906.9235,596.00
8.128251,906.9729,616.00
8.128251,907.0222,617.00
8.128251,907.0715,657.00
8.128251,907.1208,570.00
8.128251,907.1702,640.00
8.128251,907.2195,616.00
8.128251,907.2688,668.00
8.128251,907.3181,600.00
8.128251,907.3674,629.00
8.128251,907.4167,602.00
8.128251,907.4660,602.00
8.128251,907.5153,550.00
8.128251,907.5646,600.00
8.128251,907.6139,582.00
8.128251,907.6631,659.00
8.128251,907.7125,591.00
8.128251,907.7617,635.00
8.128251,907.8110,592.00
8.128251,907.8602,655.00
8.128251,907.9094,565.00
8.128251,907.9587,627.00
8.128251,908.0080,557.00
8.128251,908.0572,688.00
8.128251,908.1064,599.00
8.128251,908.1556,654.00
8.128251,908.2048,637.00
8.128251,908.2541,598.00
8.128251,908.3033,634.00
8.128251,908.3524,629.00
8.128251,908.4017,587.00
8.128251,908.4508,650.00
8.128251,908.5000,593.00
8.128251,908.5493,625.00
8.128251,908.5984,616.00
8.128251,908.6475,609.00
8.128251,908.6967,559.00
8.128251,908.7459,586.00
8.128251,908.7950,588.00
8.128251,908.8442,658.00
8.128251,908.8932,580.00
8.128251,908.9424,639.00
8.128251,908.9916,589.00
8.128251,909.0407,660.00
8.128251,909.0898,633.00
8.128251,909.1389,630.00
8.128251,909.1880,591.00
8.128251,909.2372,656.00
8.128251,909.2863,602.00
8.128251,909.3354,630.00
8.128251,909.3845,595.00
8.128251,909.4335,643.00
8.128251,909.4825,626.00
8.128251,909.5317,619.00
8.128251,909.5807,583.00
8.128251,909.6298,633.00
8.128251,909.6789,581.00
8.128251,909.7280,647.00
8.128251,909.7770,593.00
8.128251,909.8260,641.00
8.128251,909.8751,598.00
8.128251,909.9241,626.00
8.128251,909.9731,617.00
8.128251,910.0222,644.00
8.128251,910.0711,608.00
8.128251,910.1201,619.00
8.128251,910.1691,565.00
8.128251,910.2181,620.00
8.128251,910.2672,604.00
8.128251,910.3162,626.00
8.128251,910.3651,595.00
8.128251,910.4141,642.00
8.128251,910.4631,620.00
8.128251,910.5120,634.00
8.128251,910.5610,591.00
8.128251,910.6099,631.00
8.128251,910.6589,599.00
8.128251,910.7078,636.00
8.128251,910.7568,621.00
8.128251,910.8057,643.00
8.128251,910.8546,623.00
8.128251,910.9036,647.00
8.128251,910.9525,594.00
8.128251,911.0013,640.00
8.128251,911.0503,615.00
8.128251,911.0992,661.00
8.128251,911.1481,621.00
8.128251,911.1970,657.00
8.128251,911.2459,654.00
8.128251,911.2948,631.00
8.128251,911.3436,628.00
8.128251,911.3925,604.00
8.128251,911.4414,620.00
8.128251,911.4902,677.00
8.128251,911.5391,633.00
8.128251,911.5880,638.00
8.128251,911.6368,618.00
8.128251,911.6857,616.00
8.128251,911.7344,614.00
8.128251,911.7833,668.00
8.128251,911.8321,597.00
8.128251,911.8809,663.00
8.128251,911.9297,620.00
8.128251,911.9785,661.00
8.128251,912.0273,654.00
8.128251,912.0762,628.00
8.128251,912.1249,631.00
8.128251,912.1737,624.00
8.128251,912.2225,610.00
8.128251,912.2712,673.00
8.128251,912.3201,628.00
8.128251,912.3688,657.00
8.128251,912.4176,614.00
8.128251,912.4663,641.00
8.128251,912.5150,624.00
8.128251,912.5638,642.00
8.128251,912.6125,626.00
8.128251,912.6613,641.00
8.128251,912.7100,584.00
8.128251,912.7587,650.00
8.128251,912.8074,635.00
8.128251,912.8561,641.00
8.128251,912.9048,630.00
8.128251,912.9535,682.00
8.128251,913.0023,627.00
8.128251,913.0510,631.00
8.128251,913.0996,618.00
8.128251,913.1483,647.00
8.128251,913.1969,641.00
8.128251,913.2456,657.00
8.128251,913.2943,681.00
8.128251,913.3430,645.00
8.128251,913.3916,631.00
8.128251,913.4402,660.00
8.128251,913.4888,592.00
8.128251,913.5375,682.00
8.128251,913.5862,630.00
8.128251,913.6348,683.00
8.128251,913.6834,652.00
8.128251,913.7320,686.00
8.128251,913.7806,665.00
8.128251,913.8292,667.00
8.128251,913.8778,609.00
8.128251,913.9264,678.00
8.128251,913.9750,583.00
8.128251,914.0236,682.00
8.128251,914.0721,645.00
8.128251,914.1207,666.00
8.128251,914.1693,623.00
8.128251,914.2178,663.00
8.128251,914.2664,617.00
8.128251,914.3149,660.00
8.128251,914.3635,633.00
8.128251,914.4120,687.00
8.128251,914.4606,665.00
8.128251,914.5090,694.00
8.128251,914.5576,674.00
8.128251,914.6061,682.00
8.128251,914.6546,657.00
8.128251,914.7031,672.00
8.128251,914.7516,589.00
8.128251,914.8001,703.00
8.128251,914.8486,641.00
8.128251,914.8971,696.00
8.128251,914.9456,644.00
8.128251,914.9941,684.00
8.128251,915.0425,655.00
8.128251,915.0910,644.00
8.128251,915.1395,616.00
8.128251,915.1879,702.00
8.128251,915.2363,646.00
8.128251,915.2849,713.00
8.128251,915.3333,656.00
8.128251,915.3817,696.00
8.128251,915.4301,637.00
8.128251,915.4785,673.00
8.128251,915.5269,614.00
8.128251,915.5754,676.00
8.128251,915.6237,618.00
8.128251,915.6721,700.00
8.128251,915.7205,624.00
8.128251,915.7689,701.00
8.128251,915.8173,664.00
8.128251,915.8657,665.00
8.128251,915.9141,634.00
8.128251,915.9623,674.00
8.128251,916.0107,616.00
8.128251,916.0591,714.00
8.128251,916.1075,656.00
8.128251,916.1558,679.00
8.128251,916.2042,643.00
8.128251,916.2524,666.00
8.128251,916.3008,625.00
8.128251,916.3491,662.00
8.128251,916.3974,609.00
8.128251,916.4457,677.00
8.128251,916.4940,611.00
8.128251,916.5423,674.00
8.128251,916.5907,657.00
8.128251,916.6390,666.00
8.128251,916.6872,644.00
8.128251,916.7355,657.00
8.128251,916.7838,611.00
8.128251,916.8320,680.00
8.128251,916.8803,619.00
8.128251,916.9286,682.00
8.128251,916.9768,584.00
8.128251,917.0250,669.00
8.128251,917.0733,670.00
8.128251,917.1216,651.00
8.128251,917.1698,645.00
8.128251,917.2180,652.00
8.128251,917.2662,598.00
8.128251,917.3145,661.00
8.128251,917.3626,621.00
8.128251,917.4109,678.00
8.128251,917.4590,616.00
8.128251,917.5072,679.00
8.128251,917.5554,658.00
8.128251,917.6036,676.00
8.128251,917.6518,603.00
8.128251,917.7000,686.00
8.128251,917.7481,597.00
8.128251,917.7963,663.00
8.128251,917.8444,634.00
8.128251,917.8926,687.00
8.128251,917.9407,633.00
8.128251,917.9888,650.00
8.128251,918.0369,619.00
8.128251,918.0851,649.00
8.128251,918.1332,647.00
8.128251,918.1813,692.00
8.128251,918.2294,631.00
8.128251,918.2776,689.00
8.128251,918.3257,634.00
8.128251,918.3737,659.00
8.128251,918.4218,638.00
8.128251,918.4699,675.00
8.128251,918.5180,622.00
8.128251,918.5660,661.00
8.128251,918.6142,627.00
8.128251,918.6622,659.00
8.128251,918.7103,651.00
8.128251,918.7583,675.00
8.128251,918.8064,686.00
8.128251,918.8544,647.00
8.128251,918.9025,635.00
8.128251,918.9505,685.00
8.128251,918.9985,621.00
8.128251,919.0464,695.00
8.128251,919.0945,659.00
8.128251,919.1426,687.00
8.128251,919.1905,698.00
8.128251,919.2385,648.00
8.128251,919.2866,593.00
8.128251,919.3345,653.00
8.128251,919.3825,613.00
8.128251,919.4304,659.00
8.128251,919.4785,648.00
8.128251,919.5264,686.00
8.128251,919.5744,670.00
8.128251,919.6224,636.00
8.128251,919.6703,639.00
8.128251,919.7182,646.00
8.128251,919.7661,641.00
8.128251,919.8141,679.00
8.128251,919.8620,658.00
8.128251,919.9100,671.00
8.128251,919.9578,655.00
8.128251,920.0057,720.00
8.128251,920.0536,641.00
8.128251,920.1016,647.00
8.128251,920.1495,617.00
8.128251,920.1973,641.00
8.128251,920.2452,586.00
8.128251,920.2932,668.00
8.128251,920.3410,641.00
8.128251,920.3888,656.00
8.128251,920.4367,674.00
8.128251,920.4846,661.00
8.128251,920.5323,590.00
8.128251,920.5803,612.00
8.128251,920.6281,590.00
8.128251,920.6759,671.00
8.128251,920.7237,638.00
8.128251,920.7715,667.00
8.128251,920.8195,622.00
8.128251,920.8672,639.00
8.128251,920.9150,643.00
8.128251,920.9628,661.00
8.128251,921.0106,603.00
8.128251,921.0584,685.00
8.128251,921.1062,585.00
8.128251,921.1540,683.00
8.128251,921.2017,610.00
8.128251,921.2495,635.00
8.128251,921.2973,666.00
8.128251,921.3450,650.00
8.128251,921.3928,591.00
8.128251,921.4405,637.00
8.128251,921.4882,577.00
8.128251,921.5359,663.00
8.128251,921.5837,617.00
8.128251,921.6315,665.00
8.128251,921.6791,620.00
8.128251,921.7269,650.00
8.128251,921.7746,609.00
8.128251,921.8223,598.00
8.128251,921.8700,606.00
8.128251,921.9177,650.00
8.128251,921.9653,579.00
8.128251,922.0130,668.00
8.128251,922.0607,639.00
8.128251,922.1084,645.00
8.128251,922.1561,639.00
8.128251,922.2037,655.00
8.128251,922.2513,620.00
8.128251,922.2990,653.00
8.128251,922.3467,622.00
8.128251,922.3943,655.00
8.128251,922.4419,611.00
8.128251,922.4895,652.00
8.128251,922.5371,656.00
8.128251,922.5848,655.00
8.128251,922.6324,631.00
8.128251,922.6800,627.00
8.128251,922.7276,584.00
8.128251,922.7752,640.00
8.128251,922.8228,595.00
8.128251,922.8704,677.00
8.128251,922.9179,623.00
8.128251,922.9655,692.00
8.128251,923.0130,622.00
8.128251,923.0607,681.00
8.128251,923.1082,602.00
8.128251,923.1558,681.00
8.128251,923.2032,608.00
8.128251,923.2508,643.00
8.128251,923.2983,634.00
8.128251,923.3459,657.00
8.128251,923.3934,622.00
8.128251,923.4409,632.00
8.128251,923.4884,605.00
8.128251,923.5359,649.00
8.128251,923.5834,612.00
8.128251,923.6309,671.00
8.128251,923.6784,656.00
8.128251,923.7259,664.00
8.128251,923.7734,624.00
8.128251,923.8209,632.00
8.128251,923.8683,595.00
8.128251,923.9158,666.00
8.128251,923.9632,624.00
8.128251,924.0106,692.00
8.128251,924.0581,624.00
8.128251,924.1056,637.00
8.128251,924.1530,629.00
8.128251,924.2004,672.00
8.128251,924.2479,626.00
8.128251,924.2952,618.00
8.128251,924.3427,580.00
8.128251,924.3901,674.00
8.128251,924.4375,630.00
8.128251,924.4849,685.00
8.128251,924.5323,639.00
8.128251,924.5797,620.00
8.128251,924.6270,639.00
8.128251,924.6744,657.00
8.128251,924.7218,618.00
8.128251,924.7692,675.00
8.128251,924.8165,600.00
8.128251,924.8639,667.00
8.128251,924.9112,628.00
8.128251,924.9585,657.00
8.128251,925.0059,647.00
8.128251,925.0532,640.00
8.128251,925.1005,609.00
8.128251,925.1478,662.00
8.128251,925.1952,606.00
8.128251,925.2424,663.00
8.128251,925.2897,628.00
8.128251,925.3370,668.00
8.128251,925.3843,659.00
8.128251,925.4316,643.00
8.128251,925.4789,599.00
8.128251,925.5262,658.00
8.128251,925.5734,614.00
8.128251,925.6207,657.00
8.128251,925.6680,613.00
8.128251,925.7153,669.00
8.128251,925.7625,629.00
8.128251,925.8097,623.00
8.128251,925.8569,634.00
8.128251,925.9042,646.00
8.128251,925.9514,580.00
8.128251,925.9987,678.00
8.128251,926.0458,631.00
8.128251,926.0930,667.00
8.128251,926.1403,607.00
8.128251,926.1874,682.00
8.128251,926.2346,657.00
8.128251,926.2819,657.00
8.128251,926.3290,593.00
8.128251,926.3762,661.00
8.128251,926.4233,583.00
8.128251,926.4705,664.00
8.128251,926.5177,640.00
8.128251,926.5648,690.00
8.128251,926.6120,682.00
8.128251,926.6591,673.00
8.128251,926.7063,664.00
8.128251,926.7534,668.00
8.128251,926.8005,583.00
8.128251,926.8477,689.00
8.128251,926.8947,620.00
8.128251,926.9418,700.00
8.128251,926.9890,656.00
8.128251,927.0361,679.00
8.128251,927.0831,650.00
8.128251,927.1302,696.00
8.128251,927.1773,610.00
8.128251,927.2244,690.00
8.128251,927.2715,629.00
8.128251,927.3185,677.00
8.128251,927.3656,636.00
8.128251,927.4126,683.00
8.128251,927.4597,693.00
8.128251,927.5067,646.00
8.128251,927.5538,642.00
8.128251,927.6008,658.00
8.128251,927.6478,629.00
8.128251,927.6949,698.00
8.128251,927.7419,665.00
8.128251,927.7888,665.00
8.128251,927.8358,669.00
8.128251,927.8829,702.00
8.128251,927.9299,631.00
8.128251,927.9769,720.00
8.128251,928.0239,658.00
8.128251,928.0708,684.00
8.128251,928.1177,653.00
8.128251,928.1648,739.00
8.128251,928.2117,658.00
8.128251,928.2587,667.00
8.128251,928.3056,662.00
8.128251,928.3525,672.00
8.128251,928.3995,649.00
8.128251,928.4465,713.00
8.128251,928.4934,643.00
8.128251,928.5402,669.00
8.128251,928.5872,674.00
8.128251,928.6340,728.00
8.128251,928.6810,676.00
8.128251,928.7279,671.00
8.128251,928.7748,656.00
8.128251,928.8217,687.00
8.128251,928.8685,624.00
8.128251,928.9155,688.00
8.128251,928.9623,597.00
8.128251,929.0092,698.00
8.128251,929.0560,619.00
8.128251,929.1028,652.00
8.128251,929.1498,638.00
8.128251,929.1965,654.00
8.128251,929.2434,649.00
8.128251,929.2902,693.00
8.128251,929.3370,622.00
8.128251,929.3839,689.00
8.128251,929.4307,641.00
8.128251,929.4775,620.00
8.128251,929.5243,636.00
8.128251,929.5710,663.00
8.128251,929.6179,632.00
8.128251,929.6647,676.00
8.128251,929.7115,606.00
8.128251,929.7582,650.00
8.128251,929.8050,631.00
8.128251,929.8517,732.00
8.128251,929.8986,644.00
8.128251,929.9453,639.00
8.128251,929.9921,669.00
8.128251,930.0388,697.00
8.128251,930.0854,604.00
8.128251,930.1323,686.00
8.128251,930.1790,639.00
8.128251,930.2256,686.00
8.128251,930.2724,666.00
8.128251,930.3191,684.00
8.128251,930.3658,635.00
8.128251,930.4125,683.00
8.128251,930.4592,627.00
8.128251,930.5059,713.00
8.128251,930.5526,634.00
8.128251,930.5993,673.00
8.128251,930.6459,671.00
8.128251,930.6926,671.00
8.128251,930.7392,650.00
8.128251,930.7859,673.00
8.128251,930.8325,616.00
8.128251,930.8792,653.00
8.128251,930.9258,641.00
8.128251,930.9725,675.00
8.128251,931.0190,654.00
8.128251,931.0657,678.00
8.128251,931.1123,672.00
8.128251,931.1589,648.00
8.128251,931.2055,609.00
8.128251,931.2521,637.00
8.128251,931.2987,603.00
8.128251,931.3453,672.00
8.128251,931.3919,638.00
8.128251,931.4385,682.00
8.128251,931.4850,660.00
8.128251,931.5316,633.00
8.128251,931.5782,610.00
8.128251,931.6248,649.00
8.128251,931.6713,629.00
8.128251,931.7178,702.00
8.128251,931.7643,636.00
8.128251,931.8109,697.00
8.128251,931.8574,644.00
8.128251,931.9039,660.00
8.128251,931.9504,663.00
8.128251,931.9969,660.00
8.128251,932.0435,612.00
8.128251,932.0900,672.00
8.128251,932.1365,616.00
8.128251,932.1829,701.00
8.128251,932.2294,636.00
8.128251,932.2759,694.00
8.128251,932.3223,624.00
8.128251,932.3688,634.00
8.128251,932.4153,640.00
8.128251,932.4617,678.00
8.128251,932.5082,631.00
8.128251,932.5546,680.00
8.128251,932.6011,639.00
8.128251,932.6475,698.00
8.128251,932.6939,687.00
8.128251,932.7402,663.00
8.128251,932.7867,654.00
8.128251,932.8331,679.00
8.128251,932.8795,609.00
8.128251,932.9259,707.00
8.128251,932.9723,629.00
8.128251,933.0187,699.00
8.128251,933.0651,667.00
8.128251,933.1115,672.00
8.128251,933.1578,639.00
8.128251,933.2042,662.00
8.128251,933.2505,635.00
8.128251,933.2969,689.00
8.128251,933.3433,674.00
8.128251,933.3896,701.00
8.128251,933.4359,645.00
8.128251,933.4822,693.00
8.128251,933.5286,638.00
8.128251,933.5749,659.00
8.128251,933.6212,662.00
8.128251,933.6675,666.00
8.128251,933.7138,664.00
8.128251,933.7601,699.00
8.128251,933.8064,651.00
8.128251,933.8527,683.00
8.128251,933.8989,649.00
8.128251,933.9452,682.00
8.128251,933.9915,669.00
8.128251,934.0378,681.00
8.128251,934.0840,647.00
8.128251,934.1302,738.00
8.128251,934.1765,643.00
8.128251,934.2227,698.00
8.128251,934.2690,704.00
8.128251,934.3152,725.00
8.128251,934.3614,659.00
8.128251,934.4077,689.00
8.128251,934.4539,639.00
8.128251,934.5001,720.00
8.128251,934.5463,628.00
8.128251,934.5925,709.00
8.128251,934.6387,680.00
8.128251,934.6848,691.00
8.128251,934.7310,664.00
8.128251,934.7772,710.00
8.128251,934.8234,642.00
8.128251,934.8695,692.00
8.128251,934.9156,625.00
8.128251,934.9619,714.00
8.128251,935.0080,665.00
8.128251,935.0541,695.00
8.128251,935.1002,674.00
8.128251,935.1464,688.00
8.128251,935.1925,641.00
8.128251,935.2386,698.00
8.128251,935.2847,661.00
8.128251,935.3308,721.00
8.128251,935.3769,658.00
8.128251,935.4230,710.00
8.128251,935.4691,665.00
8.128251,935.5152,684.00
8.128251,935.5613,670.00
8.128251,935.6073,701.00
8.128251,935.6534,663.00
8.128251,935.6995,696.00
8.128251,935.7455,634.00
8.128251,935.7916,717.00
8.128251,935.8376,710.00
8.128251,935.8837,723.00
8.128251,935.9297,656.00
8.128251,935.9757,703.00
8.128251,936.0217,650.00
8.128251,936.0677,673.00
8.128251,936.1137,607.00
8.128251,936.1598,690.00
8.128251,936.2057,621.00
8.128251,936.2518,691.00
8.128251,936.2977,662.00
8.128251,936.3437,691.00
8.128251,936.3896,619.00
8.128251,936.4357,676.00
8.128251,936.4816,579.00
8.128251,936.5275,685.00
8.128251,936.5735,627.00
8.128251,936.6194,679.00
8.128251,936.6654,668.00
8.128251,936.7114,653.00
8.128251,936.7573,644.00
8.128251,936.8032,653.00
8.128251,936.8491,589.00
8.128251,936.8950,662.00
8.128251,936.9409,594.00
8.128251,936.9868,686.00
8.128251,937.0327,602.00
8.128251,937.0786,658.00
8.128251,937.1245,615.00
8.128251,937.1704,643.00
8.128251,937.2162,607.00
8.128251,937.2621,671.00
8.128251,937.3080,563.00
8.128251,937.3539,645.00
8.128251,937.3997,603.00
8.128251,937.4455,669.00
8.128251,937.4913,651.00
8.128251,937.5372,645.00
8.128251,937.5831,620.00
8.128251,937.6289,655.00
8.128251,937.6747,614.00
8.128251,937.7205,669.00
8.128251,937.7663,612.00
8.128251,937.8121,686.00
8.128251,937.8579,587.00
8.128251,937.9037,657.00
8.128251,937.9495,624.00
8.128251,937.9952,668.00
8.128251,938.0410,611.00
8.128251,938.0868,671.00
8.128251,938.1325,590.00
8.128251,938.1783,690.00
8.128251,938.2240,602.00
8.128251,938.2698,679.00
8.128251,938.3155,619.00
8.128251,938.3613,613.00
8.128251,938.4069,603.00
8.128251,938.4527,625.00
8.128251,938.4984,613.00
8.128251,938.5441,665.00
8.128251,938.5898,646.00
8.128251,938.6356,647.00
8.128251,938.6812,640.00
8.128251,938.7269,678.00
8.128251,938.7726,628.00
8.128251,938.8182,643.00
8.128251,938.8640,629.00
8.128251,938.9096,662.00
8.128251,938.9552,597.00
8.128251,939.0010,652.00
8.128251,939.0466,673.00
8.128251,939.0922,684.00
8.128251,939.1378,693.00
8.128251,939.1835,682.00
8.128251,939.2291,586.00
8.128251,939.2747,666.00
8.128251,939.3203,630.00
8.128251,939.3659,712.00
8.128251,939.4115,647.00
8.128251,939.4570,669.00
8.128251,939.5027,687.00
8.128251,939.5483,681.00
8.128251,939.5939,612.00
8.128251,939.6395,657.00
8.128251,939.6851,618.00
8.128251,939.7306,707.00
8.128251,939.7761,636.00
8.128251,939.8217,700.00
8.128251,939.8672,648.00
8.128251,939.9127,701.00
8.128251,939.9583,677.00
8.128251,940.0038,694.00
8.128251,940.0493,652.00
8.128251,940.0948,710.00
8.128251,940.1403,638.00
8.128251,940.1859,720.00
8.128251,940.2314,673.00
8.128251,940.2769,704.00
8.128251,940.3223,651.00
8.128251,940.3678,697.00
8.128251,940.4133,650.00
8.128251,940.4588,672.00
8.128251,940.5042,644.00
8.128251,940.5497,737.00
8.128251,940.5952,642.00
8.128251,940.6406,705.00
8.128251,940.6860,664.00
8.128251,940.7315,676.00
8.128251,940.7769,654.00
8.128251,940.8223,709.00
8.128251,940.8677,644.00
8.128251,940.9132,686.00
8.128251,940.9586,650.00
8.128251,941.0040,729.00
8.128251,941.0494,702.00
8.128251,941.0948,692.00
8.128251,941.1402,655.00
8.128251,941.1855,675.00
8.128251,941.2310,628.00
8.128251,941.2762,709.00
8.128251,941.3216,636.00
8.128251,941.3670,707.00
8.128251,941.4124,645.00
8.128251,941.4577,676.00
8.128251,941.5031,654.00
8.128251,941.5483,680.00
8.128251,941.5937,661.00
8.128251,941.6390,690.00
8.128251,941.6843,662.00
8.128251,941.7296,665.00
8.128251,941.7749,660.00
8.128251,941.8203,674.00
8.128251,941.8655,671.00
8.128251,941.9108,671.00
8.128251,941.9561,664.00
8.128251,942.0013,682.00
8.128251,942.0467,647.00
8.128251,942.0920,709.00
8.128251,942.1372,693.00
8.128251,942.1824,682.00
8.128251,942.2277,667.00
8.128251,942.2729,705.00
8.128251,942.3182,656.00
8.128251,942.3634,680.00
8.128251,942.4086,679.00
8.128251,942.4539,679.00
8.128251,942.4990,630.00
8.128251,942.5443,674.00
8.128251,942.5895,622.00
8.128251,942.6347,675.00
8.128251,942.6798,649.00
8.128251,942.7250,659.00
8.128251,942.7702,665.00
8.128251,942.8154,695.00
8.128251,942.8606,625.00
8.128251,942.9058,712.00
8.128251,942.9508,637.00
8.128251,942.9960,670.00
8.128251,943.0412,643.00
8.128251,943.0864,682.00
8.128251,943.1314,640.00
8.128251,943.1766,686.00
8.128251,943.2217,645.00
8.128251,943.2668,695.00
8.128251,943.3120,645.00
8.128251,943.3571,700.00
8.128251,943.4021,669.00
8.128251,943.4473,712.00
8.128251,943.4923,645.00
8.128251,943.5374,686.00
8.128251,943.5825,662.00
8.128251,943.6276,698.00
8.128251,943.6725,620.00
8.128251,943.7177,694.00
8.128251,943.7627,649.00
8.128251,943.8078,661.00
8.128251,943.8528,649.00
8.128251,943.8978,678.00
8.128251,943.9429,645.00
8.128251,943.9879,704.00
8.128251,944.0330,648.00
8.128251,944.0779,684.00
8.128251,944.1229,633.00
8.128251,944.1679,698.00
8.128251,944.2130,696.00
8.128251,944.2579,720.00
8.128251,944.3029,652.00
8.128251,944.3478,642.00
8.128251,944.3929,621.00
8.128251,944.4379,714.00
8.128251,944.4828,642.00
8.128251,944.5277,720.00
8.128251,944.5727,665.00
8.128251,944.6176,676.00
8.128251,944.6626,641.00
8.128251,944.7076,679.00
8.128251,944.7524,628.00
8.128251,944.7974,702.00
8.128251,944.8423,664.00
8.128251,944.8872,712.00
8.128251,944.9321,687.00
8.128251,944.9770,682.00
8.128251,945.0219,665.00
8.128251,945.0667,690.00
8.128251,945.1116,658.00
8.128251,945.1566,665.00
8.128251,945.2014,623.00
8.128251,945.2463,694.00
8.128251,945.2911,605.00
8.128251,945.3360,725.00
8.128251,945.3808,678.00
8.128251,945.4257,669.00
8.128251,945.4705,631.00
8.128251,945.5153,690.00
8.128251,945.5601,616.00
8.128251,945.6050,737.00
8.128251,945.6498,646.00
8.128251,945.6946,665.00
8.128251,945.7394,655.00
8.128251,945.7842,668.00
8.128251,945.8290,628.00
8.128251,945.8738,679.00
8.128251,945.9186,638.00
8.128251,945.9633,693.00
8.128251,946.0081,622.00
8.128251,946.0529,674.00
8.128251,946.0976,675.00
8.128251,946.1423,655.00
8.128251,946.1871,626.00
8.128251,946.2318,675.00
8.128251,946.2766,607.00
8.128251,946.3213,685.00
8.128251,946.3660,631.00
8.128251,946.4107,667.00
8.128251,946.4554,649.00
8.128251,946.5001,675.00
8.128251,946.5449,662.00
8.128251,946.5895,657.00
8.128251,946.6342,631.00
8.128251,946.6789,670.00
8.128251,946.7236,613.00
8.128251,946.7682,673.00
8.128251,946.8129,634.00
8.128251,946.8575,703.00
8.128251,946.9022,637.00
8.128251,946.9468,694.00
8.128251,946.9915,646.00
8.128251,947.0361,679.00
8.128251,947.0807,657.00
8.128251,947.1253,682.00
8.128251,947.1700,587.00
8.128251,947.2146,683.00
8.128251,947.2592,611.00
8.128251,947.3038,700.00
8.128251,947.3483,655.00
8.128251,947.3929,707.00
8.128251,947.4376,627.00
8.128251,947.4821,675.00
8.128251,947.5267,626.00
8.128251,947.5712,699.00
8.128251,947.6158,627.00
8.128251,947.6604,655.00
8.128251,947.7050,619.00
8.128251,947.7495,669.00
8.128251,947.7939,627.00
8.128251,947.8385,693.00
8.128251,947.8831,611.00
8.128251,947.9276,667.00
8.128251,947.9720,614.00
8.128251,948.0166,637.00
8.128251,948.0611,620.00
8.128251,948.1056,643.00
8.128251,948.1501,611.00
8.128251,948.1945,665.00
8.128251,948.2390,634.00
8.128251,948.2835,660.00
8.128251,948.3279,579.00
8.128251,948.3724,679.00
8.128251,948.4169,632.00
8.128251,948.4613,683.00
8.128251,948.5057,614.00
8.128251,948.5502,631.00
8.128251,948.5947,611.00
8.128251,948.6391,682.00
8.128251,948.6835,635.00
8.128251,948.7279,689.00
8.128251,948.7723,623.00
8.128251,948.8167,673.00
8.128251,948.8611,625.00
8.128251,948.9055,627.00
8.128251,948.9498,624.00
8.128251,948.9943,641.00
8.128251,949.0387,620.00
8.128251,949.0830,686.00
8.128251,949.1273,637.00
8.128251,949.1718,670.00
8.128251,949.2161,630.00
8.128251,949.2604,652.00
8.128251,949.3047,613.00
8.128251,949.3491,658.00
8.128251,949.3934,631.00
8.128251,949.4377,675.00
8.128251,949.4821,598.00
8.128251,949.5264,672.00
8.128251,949.5707,643.00
8.128251,949.6150,659.00
8.128251,949.6592,643.00
8.128251,949.7036,649.00
8.128251,949.7479,642.00
8.128251,949.7921,681.00
8.128251,949.8363,631.00
8.128251,949.8806,679.00
8.128251,949.9249,646.00
8.128251,949.9692,667.00
8.128251,950.0134,632.00
8.128251,950.0576,681.00
8.128251,950.1019,623.00
8.128251,950.1461,677.00
8.128251,950.1903,627.00
8.128251,950.2346,702.00
8.128251,950.2787,668.00
8.128251,950.3229,643.00
8.128251,950.3671,588.00
8.128251,950.4114,645.00
8.128251,950.4555,635.00
8.128251,950.4997,680.00
8.128251,950.5439,643.00
8.128251,950.5880,686.00
8.128251,950.6322,612.00
8.128251,950.6763,665.00
8.128251,950.7205,658.00
8.128251,950.7646,653.00
8.128251,950.8088,645.00
8.128251,950.8530,666.00
8.128251,950.8971,620.00
8.128251,950.9412,667.00
8.128251,950.9853,596.00
8.128251,951.0294,664.00
8.128251,951.0735,615.00
8.128251,951.1177,702.00
8.128251,951.1617,649.00
8.128251,951.2057,646.00
8.128251,951.2499,650.00
8.128251,951.2939,671.00
8.128251,951.3380,629.00
8.128251,951.3821,686.00
8.128251,951.4261,639.00
8.128251,951.4702,699.00
8.128251,951.5142,657.00
8.128251,951.5582,658.00
8.128251,951.6024,619.00
8.128251,951.6464,673.00
8.128251,951.6904,639.00
8.128251,951.7344,694.00
8.128251,951.7784,587.00
8.128251,951.8224,683.00
8.128251,951.8665,618.00
8.128251,951.9104,677.00
8.128251,951.9544,641.00
8.128251,951.9984,639.00
8.128251,952.0424,631.00
8.128251,952.0864,661.00
8.128251,952.1303,622.00
8.128251,952.1743,706.00
8.128251,952.2183,643.00
8.128251,952.2621,709.00
8.128251,952.3061,672.00
8.128251,952.3500,675.00
8.128251,952.3940,635.00
8.128251,952.4379,649.00
8.128251,952.4818,624.00
8.128251,952.5258,678.00
8.128251,952.5696,659.00
8.128251,952.6136,699.00
8.128251,952.6574,634.00
8.128251,952.7014,678.00
8.128251,952.7452,649.00
8.128251,952.7891,647.00
8.128251,952.8330,611.00
8.128251,952.8768,677.00
8.128251,952.9207,645.00
8.128251,952.9645,706.00
8.128251,953.0084,613.00
8.128251,953.0522,667.00
8.128251,953.0961,654.00
8.128251,953.1400,634.00
8.128251,953.1838,601.00
8.128251,953.2275,672.00
8.128251,953.2714,629.00
8.128251,953.3152,703.00
8.128251,953.3589,653.00
8.128251,953.4028,642.00
8.128251,953.4466,660.00
8.128251,953.4904,670.00
8.128251,953.5341,649.00
8.128251,953.5779,652.00
8.128251,953.6217,599.00
8.128251,953.6654,634.00
8.128251,953.7092,593.00
8.128251,953.7529,674.00
8.128251,953.7967,610.00
8.128251,953.8405,655.00
8.128251,953.8842,609.00
8.128251,953.9279,610.00
8.128251,953.9716,607.00
8.128251,954.0153,657.00
8.128251,954.0590,579.00
8.128251,954.1027,628.00
8.128251,954.1464,637.00
8.128251,954.1901,641.00
8.128251,954.2338,620.00
8.128251,954.2774,653.00
8.128251,954.3212,594.00
8.128251,954.3648,644.00
8.128251,954.4084,620.00
8.128251,954.4521,676.00
8.128251,954.4958,612.00
8.128251,954.5394,643.00
8.128251,954.5831,626.00
8.128251,954.6267,660.00
8.128251,954.6703,614.00
8.128251,954.7139,634.00
8.128251,954.7576,623.00
8.128251,954.8012,653.00
8.128251,954.8448,588.00
8.128251,954.8884,663.00
8.128251,954.9319,603.00
8.128251,954.9755,671.00
8.128251,955.0191,618.00
8.128251,955.0627,632.00
8.128251,955.1063,595.00
8.128251,955.1498,609.00
8.128251,955.1934,579.00
8.128251,955.2369,631.00
8.128251,955.2805,592.00
8.128251,955.3240,635.00
8.128251,955.3675,626.00
8.128251,955.4111,653.00
8.128251,955.4546,587.00
8.128251,955.4981,676.00
8.128251,955.5416,605.00
8.128251,955.5851,647.00
8.128251,955.6285,614.00
8.128251,955.6722,651.00
8.128251,955.7156,636.00
8.128251,955.7590,652.00
8.128251,955.8025,633.00
8.128251,955.8460,659.00
8.128251,955.8895,589.00
8.128251,955.9329,644.00
8.128251,955.9764,602.00
8.128251,956.0198,648.00
8.128251,956.0632,611.00
8.128251,956.1067,684.00
8.128251,956.1501,636.00
8.128251,956.1935,635.00
8.128251,956.2369,614.00
8.128251,956.2803,627.00
8.128251,956.3238,590.00
8.128251,956.3671,674.00
8.128251,956.4105,611.00
8.128251,956.4539,657.00
8.128251,956.4973,627.00
8.128251,956.5406,619.00
8.128251,956.5841,621.00
8.128251,956.6274,621.00
8.128251,956.6707,584.00
8.128251,956.7141,689.00
8.128251,956.7575,629.00
8.128251,956.8008,660.00
8.128251,956.8442,614.00
8.128251,956.8875,654.00
8.128251,956.9308,638.00
8.128251,956.9741,650.00
8.128251,957.0174,632.00
8.128251,957.0607,637.00
8.128251,957.1040,587.00
8.128251,957.1473,663.00
8.128251,957.1906,601.00
8.128251,957.2339,648.00
8.128251,957.2772,678.00
8.128251,957.3204,675.00
8.128251,957.3636,599.00
8.128251,957.4069,656.00
8.128251,957.4502,598.00
8.128251,957.4934,663.00
8.128251,957.5366,667.00
8.128251,957.5799,641.00
8.128251,957.6230,616.00
8.128251,957.6664,667.00
8.128251,957.7095,627.00
8.128251,957.7527,675.00
8.128251,957.7959,628.00
8.128251,957.8392,624.00
8.128251,957.8823,625.00
8.128251,957.9255,731.00
8.128251,957.9687,637.00
8.128251,958.0118,648.00
8.128251,958.0551,650.00
8.128251,958.0983,700.00
8.128251,958.1414,619.00
8.128251,958.1845,688.00
8.128251,958.2277,634.00
8.128251,958.2708,705.00
8.128251,958.3139,624.00
8.128251,958.3571,657.00
8.128251,958.4001,630.00
8.128251,958.4432,671.00
8.128251,958.4864,628.00
8.128251,958.5295,660.00
8.128251,958.5726,680.00
8.128251,958.6157,715.00
8.128251,958.6588,645.00
8.128251,958.7018,696.00
8.128251,958.7449,620.00
8.128251,958.7879,676.00
8.128251,958.8311,637.00
8.128251,958.8741,656.00
8.128251,958.9171,578.00
8.128251,958.9601,682.00
8.128251,959.0032,642.00
8.128251,959.0463,698.00
8.128251,959.0893,660.00
8.128251,959.1323,665.00
8.128251,959.1752,657.00
8.128251,959.2183,709.00
8.128251,959.2613,635.00
8.128251,959.3043,656.00
8.128251,959.3472,600.00
8.128251,959.3903,660.00
8.128251,959.4332,610.00
8.128251,959.4763,657.00
8.128251,959.5192,616.00
8.128251,959.5621,640.00
8.128251,959.6051,630.00
8.128251,959.6480,667.00
8.128251,959.6910,584.00
8.128251,959.7339,658.00
8.128251,959.7768,590.00
8.128251,959.8198,639.00
8.128251,959.8627,601.00
8.128251,959.9056,624.00
8.128251,959.9485,601.00
8.128251,959.9915,643.00
8.128251,960.0343,569.00
8.128251,960.0771,660.00
8.128251,960.1201,600.00
8.128251,960.1630,638.00
8.128251,960.2058,641.00
8.128251,960.2487,606.00
8.128251,960.2915,618.00
8.128251,960.3344,624.00
8.128251,960.3773,561.00
8.128251,960.4200,650.00
8.128251,960.4629,575.00
8.128251,960.5057,649.00
8.128251,960.5485,596.00
8.128251,960.5914,632.00
8.128251,960.6342,647.00
8.128251,960.6770,583.00
8.128251,960.7198,590.00
8.128251,960.7626,596.00
8.128251,960.8054,572.00
8.128251,960.8481,649.00
8.128251,960.8909,625.00
8.128251,960.9337,649.00
8.128251,960.9764,622.00
8.128251,961.0192,650.00
8.128251,961.0620,592.00
8.128251,961.1047,596.00
8.128251,961.1475,602.00
8.128251,961.1902,589.00
8.128251,961.2329,603.00
8.128251,961.2757,642.00
8.128251,961.3184,656.00
8.128251,961.3611,599.00
8.128251,961.4037,600.00
8.128251,961.4465,631.00
8.128251,961.4892,593.00
8.128251,961.5319,640.00
8.128251,961.5745,541.00
8.128251,961.6172,684.00
8.128251,961.6599,585.00
8.128251,961.7026,660.00
8.128251,961.7452,632.00
8.128251,961.7878,632.00
8.128251,961.8304,630.00
8.128251,961.8731,646.00
8.128251,961.9157,584.00
8.128251,961.9584,628.00
8.128251,962.0010,638.00
8.128251,962.0436,653.00
8.128251,962.0862,623.00
8.128251,962.1288,626.00
8.128251,962.1714,612.00
8.128251,962.2140,627.00
8.128251,962.2565,574.00
8.128251,962.2991,651.00
8.128251,962.3417,569.00
8.128251,962.3843,632.00
8.128251,962.4268,641.00
8.128251,962.4694,631.00
8.128251,962.5119,613.00
8.128251,962.5545,662.00
8.128251,962.5970,602.00
8.128251,962.6396,674.00
8.128251,962.6821,583.00
8.128251,962.7246,694.00
8.128251,962.7671,613.00
8.128251,962.8096,649.00
8.128251,962.8522,627.00
8.128251,962.8947,617.00
8.128251,962.9371,607.00
8.128251,962.9796,638.00
8.128251,963.0222,608.00
8.128251,963.0646,663.00
8.128251,963.1070,590.00
8.128251,963.1495,651.00
8.128251,963.1919,599.00
8.128251,963.2344,624.00
8.128251,963.2768,609.00
8.128251,963.3193,657.00
8.128251,963.3616,601.00
8.128251,963.4041,665.00
8.128251,963.4465,606.00
8.128251,963.4889,652.00
8.128251,963.5314,630.00
8.128251,963.5737,648.00
8.128251,963.6161,610.00
8.128251,963.6585,631.00
8.128251,963.7009,568.00
8.128251,963.7433,641.00
8.128251,963.7856,618.00
8.128251,963.8280,675.00
8.128251,963.8704,589.00
8.128251,963.9127,662.00
8.128251,963.9551,610.00
8.128251,963.9974,615.00
8.128251,964.0397,627.00
8.128251,964.0820,656.00
8.128251,964.1244,611.00
8.128251,964.1667,661.00
8.128251,964.2090,621.00
8.128251,964.2513,653.00
8.128251,964.2936,606.00
8.128251,964.3359,659.00
8.128251,964.3782,584.00
8.128251,964.4205,654.00
8.128251,964.4627,592.00
8.128251,964.5050,641.00
8.128251,964.5472,565.00
8.128251,964.5895,678.00
8.128251,964.6317,603.00
8.128251,964.6740,644.00
8.128251,964.7162,638.00
8.128251,964.7585,624.00
8.128251,964.8007,583.00
8.128251,964.8429,623.00
8.128251,964.8851,598.00
8.128251,964.9273,653.00
8.128251,964.9695,582.00
8.128251,965.0118,629.00
8.128251,965.0539,599.00
8.128251,965.0961,613.00
8.128251,965.1382,614.00
8.128251,965.1805,637.00
8.128251,965.2226,596.00
8.128251,965.2648,641.00
8.128251,965.3069,582.00
8.128251,965.3491,651.00
8.128251,965.3912,592.00
8.128251,965.4333,646.00
8.128251,965.4755,584.00
8.128251,965.5176,633.00
8.128251,965.5598,589.00
8.128251,965.6019,670.00
8.128251,965.6439,587.00
8.128251,965.6861,632.00
8.128251,965.7281,584.00
8.128251,965.7702,634.00
8.128251,965.8123,581.00
8.128251,965.8543,637.00
8.128251,965.8964,614.00
8.128251,965.9385,640.00
8.128251,965.9806,585.00
8.128251,966.0226,644.00
8.128251,966.0647,584.00
8.128251,966.1068,589.00
8.128251,966.1487,630.00
8.128251,966.1907,612.00
8.128251,966.2328,588.00
8.128251,966.2748,656.00
8.128251,966.3168,598.00
8.128251,966.3588,615.00
8.128251,966.4008,576.00
8.128251,966.4427,626.00
8.128251,966.4848,612.00
8.128251,966.5268,613.00
8.128251,966.5688,585.00
8.128251,966.6107,622.00
8.128251,966.6526,581.00
8.128251,966.6946,650.00
8.128251,966.7366,554.00
8.128251,966.7785,650.00
8.128251,966.8204,611.00
8.128251,966.8624,622.00
8.128251,966.9042,619.00
8.128251,966.9462,605.00
8.128251,966.9881,603.00
8.128251,967.0300,603.00
8.128251,967.0719,573.00
8.128251,967.1138,635.00
8.128251,967.1556,586.00
8.128251,967.1976,621.00
8.128251,967.2394,621.00
8.128251,967.2813,612.00
8.128251,967.3232,575.00
8.128251,967.3651,635.00
8.128251,967.4070,552.00
8.128251,967.4488,634.00
8.128251,967.4906,596.00
8.128251,967.5324,677.00
8.128251,967.5743,623.00
8.128251,967.6161,636.00
8.128251,967.6579,595.00
8.128251,967.6997,656.00
8.128251,967.7415,614.00
8.128251,967.7833,663.00
8.128251,967.8251,578.00
8.128251,967.8669,665.00
8.128251,967.9087,610.00
8.128251,967.9504,643.00
8.128251,967.9922,643.00
8.128251,968.0339,655.00
8.128251,968.0757,590.00
8.128251,968.1174,663.00
8.128251,968.1592,589.00
8.128251,968.2009,645.00
8.128251,968.2427,593.00
8.128251,968.2844,637.00
8.128251,968.3262,635.00
8.128251,968.3679,622.00
8.128251,968.4095,612.00
8.128251,968.4512,654.00
8.128251,968.4930,622.00
8.128251,968.5347,691.00
8.128251,968.5763,629.00
8.128251,968.6180,680.00
8.128251,968.6597,593.00
8.128251,968.7014,663.00
8.128251,968.7430,625.00
8.128251,968.7846,656.00
8.128251,968.8263,602.00
8.128251,968.8679,650.00
8.128251,968.9095,593.00
8.128251,968.9512,658.00
8.128251,968.9928,622.00
8.128251,969.0344,627.00
8.128251,969.0761,617.00
8.128251,969.1177,632.00
8.128251,969.1592,593.00
8.128251,969.2009,631.00
8.128251,969.2424,617.00
8.128251,969.2839,668.00
8.128251,969.3255,594.00
8.128251,969.3672,662.00
8.128251,969.4087,619.00
8.128251,969.4503,644.00
8.128251,969.4918,560.00
8.128251,969.5333,613.00
8.128251,969.5749,577.00
8.128251,969.6165,633.00
8.128251,969.6580,598.00
8.128251,969.6995,650.00
8.128251,969.7410,626.00
8.128251,969.7825,624.00
8.128251,969.8240,618.00
8.128251,969.8655,615.00
8.128251,969.9070,579.00
8.128251,969.9484,673.00
8.128251,969.9899,584.00
8.128251,970.0314,613.00
8.128251,970.0728,601.00
8.128251,970.1143,617.00
8.128251,970.1558,622.00
8.128251,970.1971,638.00
8.128251,970.2386,574.00
8.128251,970.2801,624.00
8.128251,970.3215,564.00
8.128251,970.3629,653.00
8.128251,970.4044,601.00
8.128251,970.4457,645.00
8.128251,970.4872,618.00
8.128251,970.5286,614.00
8.128251,970.5699,608.00
8.128251,970.6113,620.00
8.128251,970.6527,584.00
8.128251,970.6941,629.00
8.128251,970.7354,599.00
8.128251,970.7768,598.00
8.128251,970.8182,576.00
8.128251,970.8595,648.00
8.128251,970.9009,608.00
8.128251,970.9422,613.00
8.128251,970.9835,599.00
8.128251,971.0248,626.00
8.128251,971.0662,552.00
8.128251,971.1075,648.00
8.128251,971.1487,612.00
8.128251,971.1901,609.00
8.128251,971.2314,601.00
8.128251,971.2727,596.00
8.128251,971.3140,578.00
8.128251,971.3552,618.00
8.128251,971.3965,556.00
8.128251,971.4377,640.00
8.128251,971.4789,590.00
8.128251,971.5203,593.00
8.128251,971.5615,605.00
8.128251,971.6027,610.00
8.128251,971.6439,584.00
8.128251,971.6852,605.00
8.128251,971.7264,594.00
8.128251,971.7676,644.00
8.128251,971.8088,561.00
8.128251,971.8500,586.00
8.128251,971.8912,604.00
8.128251,971.9324,605.00
8.128251,971.9736,590.00
8.128251,972.0148,600.00
8.128251,972.0560,593.00
8.128251,972.0972,658.00
8.128251,972.1384,574.00
8.128251,972.1794,631.00
8.128251,972.2206,580.00
8.128251,972.2617,592.00
8.128251,972.3029,599.00
8.128251,972.3439,569.00
8.128251,972.3851,555.00
8.128251,972.4262,574.00
8.128251,972.4673,522.00
8.128251,972.5085,639.00
8.128251,972.5496,574.00
8.128251,972.5907,587.00
8.128251,972.6317,567.00
8.128251,972.6729,575.00
8.128251,972.7139,543.00
8.128251,972.7549,579.00
8.128251,972.7961,531.00
8.128251,972.8371,587.00
8.128251,972.8781,555.00
8.128251,972.9191,627.00
8.128251,972.9602,591.00
8.128251,973.0013,619.00
8.128251,973.0423,577.00
8.128251,973.0833,585.00
8.128251,973.1243,541.00
8.128251,973.1653,601.00
8.128251,973.2064,551.00
8.128251,973.2473,610.00
8.128251,973.2883,588.00
8.128251,973.3293,618.00
8.128251,973.3703,552.00
8.128251,973.4113,587.00
8.128251,973.4522,543.00
8.128251,973.4931,614.00
8.128251,973.5341,567.00
8.128251,973.5750,642.00
8.128251,973.6160,567.00
8.128251,973.6570,607.00
8.128251,973.6978,595.00
8.128251,973.7388,583.00
8.128251,973.7797,575.00
8.128251,973.8206,587.00
8.128251,973.8615,539.00
8.128251,973.9024,611.00
8.128251,973.9433,589.00
8.128251,973.9842,645.00
8.128251,974.0250,573.00
8.128251,974.0660,619.00
8.128251,974.1068,593.00
8.128251,974.1476,596.00
8.128251,974.1885,554.00
8.128251,974.2294,626.00
8.128251,974.2702,597.00
8.128251,974.3110,636.00
8.128251,974.3519,582.00
8.128251,974.3927,637.00
8.128251,974.4335,599.00
8.128251,974.4743,614.00
8.128251,974.5151,578.00
8.128251,974.5559,639.00
8.128251,974.5967,554.00
8.128251,974.6375,635.00
8.128251,974.6783,555.00
8.128251,974.7191,667.00
8.128251,974.7598,619.00
8.128251,974.8006,663.00
8.128251,974.8413,609.00
8.128251,974.8821,633.00
8.128251,974.9229,605.00
8.128251,974.9636,669.00
8.128251,975.0043,599.00
8.128251,975.0450,654.00
8.128251,975.0858,598.00
8.128251,975.1265,648.00
8.128251,975.1672,638.00
8.128251,975.2079,633.00
8.128251,975.2485,579.00
8.128251,975.2892,643.00
8.128251,975.3300,604.00
8.128251,975.3706,659.00
8.128251,975.4113,644.00
8.128251,975.4519,679.00
8.128251,975.4926,631.00
8.128251,975.5333,630.00
8.128251,975.5739,591.00
8.128251,975.6146,634.00
8.128251,975.6552,579.00
8.128251,975.6958,667.00
8.128251,975.7363,609.00
8.128251,975.7770,641.00
8.128251,975.8176,609.00
8.128251,975.8582,635.00
8.128251,975.8989,629.00
8.128251,975.9395,616.00
8.128251,975.9800,620.00
8.128251,976.0206,664.00
8.128251,976.0611,607.00
8.128251,976.1017,668.00
8.128251,976.1423,628.00
8.128251,976.1829,646.00
8.128251,976.2234,630.00
8.128251,976.2639,659.00
8.128251,976.3044,576.00
8.128251,976.3450,632.00
8.128251,976.3855,579.00
8.128251,976.4260,617.00
8.128251,976.4665,635.00
8.128251,976.5070,674.00
8.128251,976.5475,626.00
8.128251,976.5880,623.00
8.128251,976.6285,616.00
8.128251,976.6690,621.00
8.128251,976.7095,549.00
8.128251,976.7500,681.00
8.128251,976.7905,591.00
8.128251,976.8308,642.00
8.128251,976.8713,600.00
8.128251,976.9117,610.00
8.128251,976.9521,608.00
8.128251,976.9926,607.00
8.128251,977.0330,579.00
8.128251,977.0734,638.00
8.128251,977.1139,585.00
8.128251,977.1542,632.00
8.128251,977.1947,609.00
8.128251,977.2350,645.00
8.128251,977.2755,611.00
8.128251,977.3158,614.00
8.128251,977.3562,584.00
8.128251,977.3965,646.00
8.128251,977.4370,576.00
8.128251,977.4773,635.00
8.128251,977.5176,597.00
8.128251,977.5579,612.00
8.128251,977.5983,561.00
8.128251,977.6387,618.00
8.128251,977.6790,553.00
8.128251,977.7192,596.00
8.128251,977.7595,550.00
8.128251,977.7999,658.00
8.128251,977.8402,581.00
8.128251,977.8805,608.00
8.128251,977.9208,538.00
8.128251,977.9610,589.00
8.128251,978.0013,565.00
8.128251,978.0417,608.00
8.128251,978.0819,560.00
8.128251,978.1221,635.00
8.128251,978.1624,556.00
8.128251,978.2026,616.00
8.128251,978.2428,546.00
8.128251,978.2831,602.00
8.128251,978.3233,605.00
8.128251,978.3635,548.00
8.128251,978.4037,556.00
8.128251,978.4440,619.00
8.128251,978.4842,545.00
8.128251,978.5244,608.00
8.128251,978.5645,586.00
8.128251,978.6047,582.00
8.128251,978.6449,547.00
8.128251,978.6851,604.00
8.128251,978.7253,550.00
8.128251,978.7654,577.00
8.128251,978.8055,555.00
8.128251,978.8458,575.00
8.128251,978.8859,542.00
8.128251,978.9260,597.00
8.128251,978.9661,550.00
8.128251,979.0062,585.00
8.128251,979.0463,567.00
8.128251,979.0864,595.00
8.128251,979.1266,546.00
8.128251,979.1666,601.00
8.128251,979.2067,538.00
8.128251,979.2469,581.00
8.128251,979.2869,561.00
8.128251,979.3270,601.00
8.128251,979.3671,594.00
8.128251,979.4071,599.00
8.128251,979.4471,526.00
8.128251,979.4871,592.00
8.128251,979.5272,524.00
8.128251,979.5673,621.00
8.128251,979.6072,591.00
8.128251,979.6473,601.00
8.128251,979.6873,572.00
8.128251,979.7273,590.00
8.128251,979.7673,552.00
8.128251,979.8073,581.00
8.128251,979.8473,534.00
8.128251,979.8873,600.00
8.128251,979.9273,525.00
8.128251,979.9673,626.00
8.128251,980.0072,584.00
8.128251,980.0471,585.00
8.128251,980.0872,574.00
8.128251,980.1271,592.00
8.128251,980.1671,559.00
8.128251,980.2069,604.00
8.128251,980.2469,548.00
8.128251,980.2868,645.00
8.128251,980.3267,572.00
8.128251,980.3666,625.00
8.128251,980.4065,556.00
8.128251,980.4464,612.00
8.128251,980.4863,588.00
8.128251,980.5262,618.00
8.128251,980.5660,546.00
8.128251,980.6060,638.00
8.128251,980.6458,582.00
8.128251,980.6857,590.00
8.128251,980.7255,587.00
8.128251,980.7654,603.00
8.128251,980.8052,563.00
8.128251,980.8450,587.00
8.128251,980.8849,547.00
8.128251,980.9247,611.00
8.128251,980.9645,559.00
8.128251,981.0043,619.00
8.128251,981.0441,597.00
8.128251,981.0839,609.00
8.128251,981.1237,583.00
8.128251,981.1635,613.00
8.128251,981.2033,507.00
8.128251,981.2430,610.00
8.128251,981.2828,538.00
8.128251,981.3226,611.00
8.128251,981.3624,570.00
8.128251,981.4021,593.00
8.128251,981.4418,537.00
8.128251,981.4816,589.00
8.128251,981.5213,551.00
8.128251,981.5610,615.00
8.128251,981.6008,554.00
8.128251,981.6404,622.00
8.128251,981.6802,562.00
8.128251,981.7198,603.00
8.128251,981.7596,591.00
8.128251,981.7993,559.00
8.128251,981.8389,527.00
8.128251,981.8786,559.00
8.128251,981.9182,533.00
8.128251,981.9579,597.00
8.128251,981.9976,555.00
8.128251,982.0372,587.00
8.128251,982.0768,525.00
8.128251,982.1165,538.00
8.128251,982.1561,536.00
8.128251,982.1958,543.00
8.128251,982.2354,507.00
8.128251,982.2750,568.00
8.128251,982.3146,521.00
8.128251,982.3541,600.00
8.128251,982.3937,561.00
8.128251,982.4333,557.00
8.128251,982.4730,560.00
8.128251,982.5125,582.00
8.128251,982.5521,522.00
8.128251,982.5917,554.00
8.128251,982.6312,522.00
8.128251,982.6707,574.00
8.128251,982.7103,539.00
8.128251,982.7498,571.00
8.128251,982.7893,557.00
8.128251,982.8289,561.00
8.128251,982.8683,487.00
8.128251,982.9079,561.00
8.128251,982.9474,475.00
8.128251,982.9869,582.00
8.128251,983.0264,500.00
8.128251,983.0659,573.00
8.128251,983.1053,538.00
8.128251,983.1448,559.00
8.128251,983.1843,541.00
8.128251,983.2238,600.00
8.128251,983.2632,550.00
8.128251,983.3027,587.00
8.128251,983.3420,543.00
8.128251,983.3816,564.00
8.128251,983.4210,544.00
8.128251,983.4604,553.00
8.128251,983.4998,535.00
8.128251,983.5392,527.00
8.128251,983.5786,526.00
8.128251,983.6180,558.00
8.128251,983.6574,536.00
8.128251,983.6968,601.00
8.128251,983.7361,575.00
8.128251,983.7755,599.00
8.128251,983.8149,521.00
8.128251,983.8543,546.00
8.128251,983.8936,534.00
8.128251,983.9329,581.00
8.128251,983.9723,511.00
8.128251,984.0116,584.00
8.128251,984.0510,547.00
8.128251,984.0903,601.00
8.128251,984.1296,562.00
8.128251,984.1689,565.00
8.128251,984.2083,568.00
8.128251,984.2476,569.00
8.128251,984.2868,540.00
8.128251,984.3261,569.00
8.128251,984.3654,508.00
8.128251,984.4046,604.00
8.128251,984.4440,552.00
8.128251,984.4832,562.00
8.128251,984.5225,532.00
8.128251,984.5616,552.00
8.128251,984.6010,526.00
8.128251,984.6402,556.00
8.128251,984.6794,487.00
8.128251,984.7186,606.00
8.128251,984.7578,570.00
8.128251,984.7970,599.00
8.128251,984.8362,574.00
8.128251,984.8755,557.00
8.128251,984.9146,549.00
8.128251,984.9538,601.00
8.128251,984.9930,505.00
8.128251,985.0322,597.00
8.128251,985.0714,554.00
8.128251,985.1105,564.00
8.128251,985.1497,538.00
8.128251,985.1888,538.00
8.128251,985.2279,578.00
8.128251,985.2671,555.00
8.128251,985.3062,542.00
8.128251,985.3453,561.00
8.128251,985.3845,515.00
8.128251,985.4236,563.00
8.128251,985.4626,523.00
8.128251,985.5017,599.00
8.128251,985.5408,564.00
8.128251,985.5799,563.00
8.128251,985.6190,517.00
8.128251,985.6581,595.00
8.128251,985.6971,515.00
8.128251,985.7362,584.00
8.128251,985.7752,517.00
8.128251,985.8143,568.00
8.128251,985.8533,523.00
8.128251,985.8924,567.00
8.128251,985.9314,544.00
8.128251,985.9704,566.00
8.128251,986.0094,520.00
8.128251,986.0484,611.00
8.128251,986.0875,505.00
8.128251,986.1265,582.00
8.128251,986.1655,527.00
8.128251,986.2044,552.00
8.128251,986.2434,539.00
8.128251,986.2823,566.00
8.128251,986.3214,513.00
8.128251,986.3603,531.00
8.128251,986.3992,460.00
8.128251,986.4382,555.00
8.128251,986.4771,505.00
8.128251,986.5161,576.00
8.128251,986.5550,551.00
8.128251,986.5939,558.00
8.128251,986.6329,545.00
8.128251,986.6718,544.00
8.128251,986.7106,500.00
8.128251,986.7495,577.00
8.128251,986.7884,527.00
8.128251,986.8273,582.00
8.128251,986.8661,528.00
8.128251,986.9050,568.00
8.128251,986.9438,536.00
8.128251,986.9828,525.00
8.128251,987.0216,495.00
8.128251,987.0605,598.00
8.128251,987.0993,486.00
8.128251,987.1381,578.00
8.128251,987.1769,546.00
8.128251,987.2158,543.00
8.128251,987.2546,553.00
8.128251,987.2934,561.00
8.128251,987.3322,477.00
8.128251,987.3710,571.00
8.128251,987.4097,471.00
8.128251,987.4486,552.00
8.128251,987.4873,510.00
8.128251,987.5261,548.00
8.128251,987.5649,553.00
8.128251,987.6036,523.00
8.128251,987.6423,512.00
8.128251,987.6812,537.00
8.128251,987.7198,474.00
8.128251,987.7586,616.00
8.128251,987.7972,541.00
8.128251,987.8361,558.00
8.128251,987.8748,516.00
8.128251,987.9135,541.00
8.128251,987.9521,504.00
8.128251,987.9908,558.00
8.128251,988.0295,483.00
8.128251,988.0681,554.00
8.128251,988.1069,484.00
8.128251,988.1456,596.00
8.128251,988.1842,549.00
8.128251,988.2228,557.00
8.128251,988.2615,545.00
8.128251,988.3002,530.00
8.128251,988.3388,442.00
8.128251,988.3774,544.00
8.128251,988.4160,510.00
8.128251,988.4546,566.00
8.128251,988.4933,547.00
8.128251,988.5319,515.00
8.128251,988.5704,510.00
8.128251,988.6090,495.00
8.128251,988.6476,487.00
8.128251,988.6862,535.00
8.128251,988.7248,511.00
8.128251,988.7634,587.00
8.128251,988.8019,501.00
8.128251,988.8405,529.00
8.128251,988.8790,529.00
8.128251,988.9176,533.00
8.128251,988.9561,505.00
8.128251,988.9946,520.00
8.128251,989.0332,512.00
8.128251,989.0717,498.00
8.128251,989.1102,486.00
8.128251,989.1487,552.00
8.128251,989.1871,492.00
8.128251,989.2256,542.00
8.128251,989.2641,527.00
8.128251,989.3027,527.00
8.128251,989.3411,500.00
8.128251,989.3795,554.00
8.128251,989.4180,491.00
8.128251,989.4565,571.00
8.128251,989.4949,487.00
8.128251,989.5334,522.00
8.128251,989.5718,487.00
8.128251,989.6102,515.00
8.128251,989.6486,517.00
8.128251,989.6871,541.00
8.128251,989.7255,513.00
8.128251,989.7639,539.00
8.128251,989.8022,503.00
8.128251,989.8407,534.00
8.128251,989.8791,510.00
8.128251,989.9174,532.00
8.128251,989.9558,453.00
8.128251,989.9941,559.00
8.128251,990.0325,493.00
8.128251,990.0709,583.00
8.128251,990.1093,504.00
8.128251,990.1475,572.00
8.128251,990.1859,533.00
8.128251,990.2242,542.00
8.128251,990.2626,487.00
8.128251,990.3008,552.00
8.128251,990.3391,502.00
8.128251,990.3774,562.00
8.128251,990.4157,507.00
8.128251,990.4540,567.00
8.128251,990.4924,508.00
8.128251,990.5306,557.00
8.128251,990.5688,529.00
8.128251,990.6071,541.00
8.128251,990.6454,497.00
8.128251,990.6837,540.00
8.128251,990.7219,474.00
8.128251,990.7601,536.00
8.128251,990.7983,508.00
8.128251,990.8365,578.00
8.128251,990.8748,550.00
8.128251,990.9130,529.00
8.128251,990.9512,544.00
8.128251,990.9893,534.00
8.128251,991.0276,493.00
8.128251,991.0658,537.00
8.128251,991.1039,492.00
8.128251,991.1421,578.00
8.128251,991.1802,539.00
8.128251,991.2184,546.00
8.128251,991.2565,512.00
8.128251,991.2947,554.00
8.128251,991.3329,493.00
8.128251,991.3710,565.00
8.128251,991.4091,505.00
8.128251,991.4473,578.00
8.128251,991.4854,527.00
8.128251,991.5234,558.00
8.128251,991.5616,540.00
8.128251,991.5997,550.00
8.128251,991.6378,523.00
8.128251,991.6758,559.00
8.128251,991.7139,509.00
8.128251,991.7520,546.00
8.128251,991.7900,513.00
8.128251,991.8282,555.00
8.128251,991.8661,539.00
8.128251,991.9042,550.00
8.128251,991.9422,513.00
8.128251,991.9803,552.00
8.128251,992.0182,473.00
8.128251,992.0563,569.00
8.128251,992.0944,501.00
8.128251,992.1323,586.00
8.128251,992.1703,528.00
8.128251,992.2084,570.00
8.128251,992.2463,528.00
8.128251,992.2844,568.00
8.128251,992.3223,513.00
8.128251,992.3602,560.00
8.128251,992.3982,505.00
8.128251,992.4362,570.00
8.128251,992.4741,530.00
8.128251,992.5120,596.00
8.128251,992.5500,568.00
8.128251,992.5879,534.00
8.128251,992.6259,533.00
8.128251,992.6638,557.00
8.128251,992.7017,510.00
8.128251,992.7396,560.00
8.128251,992.7775,529.00
8.128251,992.8154,580.00
8.128251,992.8533,552.00
8.128251,992.8912,539.00
8.128251,992.9290,554.00
8.128251,992.9669,556.00
8.128251,993.0048,538.00
8.128251,993.0426,596.00
8.128251,993.0804,549.00
8.128251,993.1183,559.00
8.128251,993.1561,548.00
8.128251,993.1940,539.00
8.128251,993.2318,534.00
8.128251,993.2696,572.00
8.128251,993.3074,509.00
8.128251,993.3452,582.00
8.128251,993.3830,485.00
8.128251,993.4208,579.00
8.128251,993.4586,510.00
8.128251,993.4963,554.00
8.128251,993.5341,555.00
8.128251,993.5719,546.00
8.128251,993.6096,535.00
8.128251,993.6474,553.00
8.128251,993.6851,495.00
8.128251,993.7228,537.00
8.128251,993.7606,561.00
8.128251,993.7984,551.00
8.128251,993.8361,546.00
8.128251,993.8738,577.00
8.128251,993.9115,522.00
8.128251,993.9492,562.00
8.128251,993.9869,483.00
8.128251,994.0245,577.00
8.128251,994.0622,534.00
8.128251,994.0999,579.00
8.128251,994.1376,533.00
8.128251,994.1753,523.00
8.128251,994.2130,570.00
8.128251,994.2505,561.00
8.128251,994.2881,499.00
8.128251,994.3258,576.00
8.128251,994.3634,511.00
8.128251,994.4010,579.00
8.128251,994.4387,510.00
8.128251,994.4763,573.00
8.128251,994.5139,550.00
8.128251,994.5515,505.00
8.128251,994.5891,515.00
8.128251,994.6266,571.00
8.128251,994.6642,476.00
8.128251,994.7018,547.00
8.128251,994.7393,498.00
8.128251,994.7769,559.00
8.128251,994.8145,517.00
8.128251,994.8521,524.00
8.128251,994.8895,507.00
8.128251,994.9271,523.00
8.128251,994.9647,483.00
8.128251,995.0022,562.00
8.128251,995.0397,490.00
8.128251,995.0771,531.00
8.128251,995.1146,519.00
8.128251,995.1522,497.00
8.128251,995.1896,489.00
8.128251,995.2271,535.00
8.128251,995.2646,453.00
8.128251,995.3021,549.00
8.128251,995.3396,506.00
8.128251,995.3770,556.00
8.128251,995.4145,497.00
8.128251,995.4518,542.00
8.128251,995.4893,506.00
8.128251,995.5267,511.00
8.128251,995.5641,494.00
8.128251,995.6016,516.00
8.128251,995.6390,489.00
8.128251,995.6765,553.00
8.128251,995.7138,487.00
8.128251,995.7512,505.00
8.128251,995.7886,508.00
8.128251,995.8260,502.00
8.128251,995.8633,478.00
8.128251,995.9007,511.00
8.128251,995.9380,490.00
8.128251,995.9754,508.00
8.128251,996.0128,477.00
8.128251,996.0501,543.00
8.128251,996.0874,527.00
8.128251,996.1248,547.00
8.128251,996.1621,538.00
8.128251,996.1994,554.00
8.128251,996.2367,495.00
8.128251,996.2740,511.00
8.128251,996.3113,481.00
8.128251,996.3486,545.00
8.128251,996.3859,519.00
8.128251,996.4232,581.00
8.128251,996.4604,529.00
8.128251,996.4977,516.00
8.128251,996.5350,480.00
8.128251,996.5722,519.00
8.128251,996.6094,466.00
8.128251,996.6466,582.00
8.128251,996.6838,492.00
8.128251,996.7211,584.00
8.128251,996.7583,535.00
8.128251,996.7955,537.00
8.128251,996.8327,501.00
8.128251,996.8700,530.00
8.128251,996.9072,500.00
8.128251,996.9443,549.00
8.128251,996.9815,494.00
8.128251,997.0187,534.00
8.128251,997.0558,527.00
8.128251,997.0930,550.00
8.128251,997.1301,520.00
8.128251,997.1672,533.00
8.128251,997.2045,511.00
8.128251,997.2416,563.00
8.128251,997.2787,467.00
8.128251,997.3158,576.00
8.128251,997.3530,522.00
8.128251,997.3900,549.00
8.128251,997.4271,553.00
8.128251,997.4642,537.00
8.128251,997.5013,512.00
8.128251,997.5384,561.00
8.128251,997.5754,506.00
8.128251,997.6126,570.00
8.128251,997.6497,482.00
8.128251,997.6867,534.00
8.128251,997.7238,502.00
8.128251,997.7607,543.00
8.128251,997.7978,495.00
8.128251,997.8348,565.00
8.128251,997.8718,509.00
8.128251,997.9088,575.00
8.128251,997.9458,489.00
8.128251,997.9829,557.00
8.128251,998.0200,566.00
8.128251,998.0569,544.00
8.128251,998.0939,529.00
8.128251,998.1309,564.00
8.128251,998.1678,498.00
8.128251,998.2048,565.00
8.128251,998.2417,518.00
8.128251,998.2786,576.00
8.128251,998.3156,482.00
8.128251,998.3525,555.00
8.128251,998.3896,496.00
8.128251,998.4265,529.00
8.128251,998.4633,500.00
8.128251,998.5003,563.00
8.128251,998.5372,503.00
8.128251,998.5740,550.00
8.128251,998.6110,514.00
8.128251,998.6478,560.00
8.128251,998.6847,501.00
8.128251,998.7217,539.00
8.128251,998.7585,515.00
8.128251,998.7953,487.00
8.128251,998.8322,490.00
8.128251,998.8691,562.00
8.128251,998.9059,503.00
8.128251,998.9427,589.00
8.128251,998.9795,533.00
8.128251,999.0163,559.00
8.128251,999.0531,529.00
8.128251,999.0899,525.00
8.128251,999.1267,484.00
8.128251,999.1636,542.00
8.128251,999.2004,503.00
8.128251,999.2372,588.00
8.128251,999.2739,540.00
8.128251,999.3107,576.00
8.128251,999.3474,541.00
8.128251,999.3842,513.00
8.128251,999.4210,514.00
8.128251,999.4576,552.00
8.128251,999.4946,488.00
8.128251,999.5312,542.00
8.128251,999.5680,512.00
8.128251,999.6047,545.00
8.128251,999.6414,494.00
8.128251,999.6780,546.00
8.128251,999.7147,487.00
8.128251,999.7515,500.00
8.128251,999.7881,488.00
8.128251,999.8248,531.00
8.128251,999.8614,479.00
8.128251,999.8981,543.00
8.128251,999.9349,512.00
8.128251,999.9715,560.00
8.128251,1000.0081,517.00
8.128251,1000.0447,491.00
8.128251,1000.0814,473.00
8.128251,1000.1180,512.00
8.128251,1000.1546,442.00
8.128251,1000.1912,550.00
8.128251,1000.2278,493.00
8.128251,1000.2645,534.00
8.128251,1000.3011,522.00
8.128251,1000.3377,499.00
8.128251,1000.3742,495.00
8.128251,1000.4108,514.00
8.128251,1000.4474,439.00
8.128251,1000.4839,497.00
8.128251,1000.5204,469.00
8.128251,1000.5570,509.00
8.128251,1000.5935,469.00
8.128251,1000.6301,491.00
8.128251,1000.6667,484.00
8.128251,1000.7032,496.00
8.128251,1000.7397,468.00
8.128251,1000.7762,512.00
8.128251,1000.8127,441.00
8.128251,1000.8492,536.00
8.128251,1000.8857,494.00
8.128251,1000.9222,514.00
8.128251,1000.9586,482.00
8.128251,1000.9951,504.00
8.128251,1001.0316,466.00
8.128251,1001.0681,539.00
8.128251,1001.1046,459.00
8.128251,1001.1410,541.00
8.128251,1001.1774,482.00
8.128251,1001.2138,539.00
8.128251,1001.2502,491.00
8.128251,1001.2866,501.00
8.128251,1001.3230,496.00
8.128251,1001.3594,509.00
8.128251,1001.3958,447.00
8.128251,1001.4323,509.00
8.128251,1001.4687,462.00
8.128251,1001.5051,514.00
8.128251,1001.5414,504.00
8.128251,1001.5778,499.00
8.128251,1001.6141,450.00
8.128251,1001.6505,491.00
8.128251,1001.6868,425.00
8.128251,1001.7231,524.00
8.128251,1001.7596,445.00
8.128251,1001.7958,489.00
8.128251,1001.8322,455.00
8.128251,1001.8685,506.00
8.128251,1001.9048,476.00
8.128251,1001.9411,484.00
8.128251,1001.9774,466.00
8.128251,1002.0136,491.00
8.128251,1002.0499,457.00
8.128251,1002.0862,532.00
8.128251,1002.1224,428.00
8.128251,1002.1587,525.00
8.128251,1002.1951,485.00
8.128251,1002.2313,486.00
8.128251,1002.2675,512.00
8.128251,1002.3038,510.00
8.128251,1002.3400,458.00
8.128251,1002.3762,510.00
8.128251,1002.4124,471.00
8.128251,1002.4486,532.00
8.128251,1002.4848,481.00
8.128251,1002.5211,529.00
8.128251,1002.5573,501.00
8.128251,1002.5934,503.00
8.128251,1002.6296,492.00
8.128251,1002.6657,512.00
8.128251,1002.7019,458.00
8.128251,1002.7380,516.00
8.128251,1002.7742,523.00
8.128251,1002.8104,508.00
8.128251,1002.8464,502.00
8.128251,1002.8826,501.00
8.128251,1002.9187,444.00
8.128251,1002.9549,507.00
8.128251,1002.9910,470.00
8.128251,1003.0271,553.00
8.128251,1003.0632,438.00
8.128251,1003.0992,536.00
8.128251,1003.1354,507.00
8.128251,1003.1714,481.00
8.128251,1003.2075,494.00
8.128251,1003.2435,505.00
8.128251,1003.2797,460.00
8.128251,1003.3157,537.00
8.128251,1003.3518,494.00
8.128251,1003.3878,545.00
8.128251,1003.4238,494.00
8.128251,1003.4598,530.00
8.128251,1003.4958,482.00
8.128251,1003.5319,503.00
8.128251,1003.5678,472.00
8.128251,1003.6039,533.00
8.128251,1003.6398,469.00
8.128251,1003.6759,529.00
8.128251,1003.7119,503.00
8.128251,1003.7479,498.00
8.128251,1003.7838,488.00
8.128251,1003.8198,510.00
8.128251,1003.8557,482.00
8.128251,1003.8917,509.00
8.128251,1003.9276,433.00
8.128251,1003.9635,512.00
8.128251,1003.9995,469.00
8.128251,1004.0354,521.00
8.128251,1004.0714,498.00
8.128251,1004.1072,484.00
8.128251,1004.1431,500.00
8.128251,1004.1790,478.00
8.128251,1004.2149,452.00
8.128251,1004.2508,503.00
8.128251,1004.2866,444.00
8.128251,1004.3225,518.00
8.128251,1004.3583,501.00
8.128251,1004.3942,520.00
8.128251,1004.4302,477.00
8.128251,1004.4660,470.00
8.128251,1004.5018,457.00
8.128251,1004.5376,488.00
8.128251,1004.5734,442.00
8.128251,1004.6093,522.00
8.128251,1004.6450,467.00
8.128251,1004.6808,514.00
8.128251,1004.7166,472.00
8.128251,1004.7525,505.00
8.128251,1004.7883,455.00
8.128251,1004.8240,511.00
8.128251,1004.8598,453.00
8.128251,1004.8956,546.00
8.128251,1004.9313,446.00
8.128251,1004.9670,531.00
8.128251,1005.0027,487.00
8.128251,1005.0385,460.00
8.128251,1005.0742,489.00
8.128251,1005.1099,513.00
8.128251,1005.1456,461.00
8.128251,1005.1815,507.00
8.128251,1005.2172,444.00
8.128251,1005.2529,516.00
8.128251,1005.2885,490.00
8.128251,1005.3242,490.00
8.128251,1005.3599,495.00
8.128251,1005.3955,488.00
8.128251,1005.4312,484.00
8.128251,1005.4669,519.00
8.128251,1005.5026,477.00
8.128251,1005.5382,541.00
8.128251,1005.5739,502.00
8.128251,1005.6095,508.00
8.128251,1005.6451,499.00
8.128251,1005.6807,554.00
8.128251,1005.7162,526.00
8.128251,1005.7519,497.00
8.128251,1005.7875,494.00
8.128251,1005.8231,517.00
8.128251,1005.8586,485.00
8.128251,1005.8942,537.00
8.128251,1005.9299,486.00
8.128251,1005.9655,517.00
8.128251,1006.0010,478.00
8.128251,1006.0365,510.00
8.128251,1006.0720,466.00
8.128251,1006.1076,517.00
8.128251,1006.1431,488.00
8.128251,1006.1786,557.00
8.128251,1006.2141,497.00
8.128251,1006.2498,531.00
8.128251,1006.2853,498.00
8.128251,1006.3207,498.00
8.128251,1006.3563,478.00
8.128251,1006.3917,526.00
8.128251,1006.4272,489.00
8.128251,1006.4626,551.00
8.128251,1006.4981,501.00
8.128251,1006.5335,529.00
8.128251,1006.5690,519.00
8.128251,1006.6044,520.00
8.128251,1006.6400,523.00
8.128251,1006.6754,564.00
8.128251,1006.7108,508.00
8.128251,1006.7462,555.00
8.128251,1006.7816,488.00
8.128251,1006.8170,531.00
8.128251,1006.8524,524.00
8.128251,1006.8878,512.00
8.128251,1006.9232,509.00
8.128251,1006.9586,544.00
8.128251,1006.9940,475.00
8.128251,1007.0294,528.00
8.128251,1007.0648,492.00
8.128251,1007.1001,556.00
8.128251,1007.1354,506.00
8.128251,1007.1707,551.00
8.128251,1007.2061,520.00
8.128251,1007.2414,542.00
8.128251,1007.2767,508.00
8.128251,1007.3120,587.00
8.128251,1007.3473,491.00
8.128251,1007.3827,554.00
8.128251,1007.4180,521.00
8.128251,1007.4532,556.00
8.128251,1007.4885,523.00
8.128251,1007.5238,531.00
8.128251,1007.5590,495.00
8.128251,1007.5943,532.00
8.128251,1007.6295,456.00
8.128251,1007.6648,595.00
8.128251,1007.7001,525.00
8.128251,1007.7354,519.00
8.128251,1007.7706,536.00
8.128251,1007.8058,546.00
8.128251,1007.8410,531.00
8.128251,1007.8762,516.00
8.128251,1007.9114,473.00
8.128251,1007.9465,524.00
8.128251,1007.9818,515.00
8.128251,1008.0169,543.00
8.128251,1008.0521,516.00
8.128251,1008.0873,536.00
8.128251,1008.1226,470.00
8.128251,1008.1576,513.00
8.128251,1008.1927,489.00
8.128251,1008.2279,524.00
8.128251,1008.2631,474.00
8.128251,1008.2982,545.00
8.128251,1008.3333,528.00
8.128251,1008.3683,524.00
8.128251,1008.4034,544.00
8.128251,1008.4387,519.00
8.128251,1008.4738,502.00
8.128251,1008.5089,532.00
8.128251,1008.5439,484.00
8.128251,1008.5790,580.00
8.128251,1008.6141,491.00
8.128251,1008.6491,511.00
8.128251,1008.6841,496.00
8.128251,1008.7192,500.00
8.128251,1008.7542,480.00
8.128251,1008.7892,529.00
8.128251,1008.8243,467.00
8.128251,1008.8594,520.00
8.128251,1008.8943,486.00
8.128251,1008.9294,530.00
8.128251,1008.9644,530.00
8.128251,1008.9994,521.00
8.128251,1009.0344,488.00
8.128251,1009.0693,499.00
8.128251,1009.1043,491.00
8.128251,1009.1392,557.00
8.128251,1009.1743,462.00
8.128251,1009.2093,528.00
8.128251,1009.2442,513.00
8.128251,1009.2792,527.00
8.128251,1009.3141,480.00
8.128251,1009.3489,489.00
8.128251,1009.3839,448.00
8.128251,1009.4188,516.00
8.128251,1009.4537,443.00
8.128251,1009.4886,544.00
8.128251,1009.5235,496.00
8.128251,1009.5585,530.00
8.128251,1009.5933,500.00
8.128251,1009.6282,523.00
8.128251,1009.6631,508.00
8.128251,1009.6979,502.00
8.128251,1009.7327,481.00
8.128251,1009.7676,516.00
8.128251,1009.8024,473.00
8.128251,1009.8372,522.00
8.128251,1009.8721,453.00
8.128251,1009.9070,510.00
8.128251,1009.9418,474.00
8.128251,1009.9766,496.00
8.128251,1010.0115,447.00
8.128251,1010.0462,514.00
8.128251,1010.0810,471.00
8.128251,1010.1158,543.00
8.128251,1010.1505,508.00
8.128251,1010.1853,495.00
8.128251,1010.2200,493.00
8.128251,1010.2548,495.00
8.128251,1010.2897,455.00
8.128251,1010.3244,522.00
8.128251,1010.3591,475.00
8.128251,1010.3938,548.00
8.128251,1010.4285,485.00
8.128251,1010.4633,521.00
8.128251,1010.4980,489.00
8.128251,1010.5326,471.00
8.128251,1010.5673,488.00
8.128251,1010.6021,492.00
8.128251,1010.6368,450.00
8.128251,1010.6714,520.00
8.128251,1010.7061,439.00
8.128251,1010.7408,522.00
8.128251,1010.7754,474.00
8.128251,1010.8101,499.00
8.128251,1010.8447,488.00
8.128251,1010.8793,491.00
8.128251,1010.9139,465.00
8.128251,1010.9485,511.00
8.128251,1010.9832,441.00
8.128251,1011.0178,524.00
8.128251,1011.0525,475.00
8.128251,1011.0870,540.00
8.128251,1011.1216,451.00
8.128251,1011.1562,484.00
8.128251,1011.1907,508.00
8.128251,1011.2253,513.00
8.128251,1011.2599,450.00
8.128251,1011.2944,541.00
8.128251,1011.3291,454.00
8.128251,1011.3636,522.00
8.128251,1011.3981,486.00
8.128251,1011.4326,507.00
8.128251,1011.4672,468.00
8.128251,1011.5016,471.00
8.128251,1011.5362,445.00
8.128251,1011.5706,475.00
8.128251,1011.6052,449.00
8.128251,1011.6396,510.00
8.128251,1011.6741,449.00
8.128251,1011.7086,532.00
8.128251,1011.7431,473.00
8.128251,1011.7776,518.00
8.128251,1011.8120,475.00
8.128251,1011.8465,530.00
8.128251,1011.8809,460.00
8.128251,1011.9153,508.00
8.128251,1011.9498,475.00
8.128251,1011.9842,501.00
8.128251,1012.0186,453.00
8.128251,1012.0531,490.00
8.128251,1012.0875,476.00
8.128251,1012.1219,519.00
8.128251,1012.1562,452.00
8.128251,1012.1906,498.00
8.128251,1012.2250,437.00
8.128251,1012.2593,514.00
8.128251,1012.2937,453.00
8.128251,1012.3281,504.00
8.128251,1012.3624,441.00
8.128251,1012.3967,464.00
8.128251,1012.4310,401.00
8.128251,1012.4655,502.00
8.128251,1012.4998,428.00
8.128251,1012.5341,536.00
8.128251,1012.5684,468.00
8.128251,1012.6027,504.00
8.128251,1012.6370,465.00
8.128251,1012.6712,456.00
8.128251,1012.7055,466.00
8.128251,1012.7398,518.00
8.128251,1012.7742,430.00
8.128251,1012.8084,474.00
8.128251,1012.8427,458.00
8.128251,1012.8769,497.00
8.128251,1012.9111,477.00
8.128251,1012.9454,481.00
8.128251,1012.9796,481.00
8.128251,1013.0138,517.00
8.128251,1013.0480,408.00
8.128251,1013.0822,514.00
8.128251,1013.1164,440.00
8.128251,1013.1506,522.00
8.128251,1013.1848,450.00
8.128251,1013.2190,468.00
8.128251,1013.2532,451.00
8.128251,1013.2873,486.00
8.128251,1013.3215,473.00
8.128251,1013.3556,499.00
8.128251,1013.3898,434.00
8.128251,1013.4239,503.00
8.128251,1013.4581,469.00
8.128251,1013.4923,480.00
8.128251,1013.5264,473.00
8.128251,1013.5605,467.00
8.128251,1013.5946,495.00
8.128251,1013.6287,500.00
8.128251,1013.6627,452.00
8.128251,1013.6968,564.00
8.128251,1013.7309,451.00
8.128251,1013.7650,499.00
8.128251,1013.7990,498.00
8.128251,1013.8331,496.00
8.128251,1013.8672,442.00
8.128251,1013.9012,505.00
8.128251,1013.9353,443.00
8.128251,1013.9693,479.00
8.128251,1014.0033,462.00
8.128251,1014.0374,531.00
8.128251,1014.0714,522.00
8.128251,1014.1053,531.00
8.128251,1014.1393,487.00
8.128251,1014.1734,529.00
8.128251,1014.2074,461.00
8.128251,1014.2413,505.00
8.128251,1014.2753,481.00
8.128251,1014.3093,533.00
8.128251,1014.3433,468.00
8.128251,1014.3772,546.00
8.128251,1014.4111,552.00
8.128251,1014.4451,540.00
8.128251,1014.4790,484.00
8.128251,1014.5129,540.00
8.128251,1014.5468,461.00
8.128251,1014.5808,556.00
8.128251,1014.6147,498.00
8.128251,1014.6486,536.00
8.128251,1014.6825,516.00
8.128251,1014.7164,510.00
8.128251,1014.7502,488.00
8.128251,1014.7841,511.00
8.128251,1014.8180,486.00
8.128251,1014.8518,546.00
8.128251,1014.8858,451.00
8.128251,1014.9196,580.00
8.128251,1014.9534,493.00
8.128251,1014.9872,545.00
8.128251,1015.0211,523.00
8.128251,1015.0549,523.00
8.128251,1015.0887,478.00
8.128251,1015.1224,532.00
8.128251,1015.1562,502.00
8.128251,1015.1900,579.00
8.128251,1015.2238,537.00
8.128251,1015.2575,527.00
8.128251,1015.2914,546.00
8.128251,1015.3252,515.00
8.128251,1015.3589,477.00
8.128251,1015.3927,522.00
8.128251,1015.4265,467.00
8.128251,1015.4601,555.00
8.128251,1015.4938,491.00
8.128251,1015.5276,588.00
8.128251,1015.5613,523.00
8.128251,1015.5952,549.00
8.128251,1015.6288,515.00
8.128251,1015.6625,525.00
8.128251,1015.6962,472.00
8.128251,1015.7299,565.00
8.128251,1015.7635,488.00
8.128251,1015.7972,553.00
8.128251,1015.8308,532.00
8.128251,1015.8645,540.00
8.128251,1015.8981,526.00
8.128251,1015.9317,514.00
8.128251,1015.9655,474.00
8.128251,1015.9991,550.00
8.128251,1016.0327,510.00
8.128251,1016.0663,541.00
8.128251,1016.0999,525.00
8.128251,1016.1335,559.00
8.128251,1016.1671,535.00
8.128251,1016.2006,521.00
8.128251,1016.2342,502.00
8.128251,1016.2679,540.00
8.128251,1016.3015,499.00
8.128251,1016.3350,541.00
8.128251,1016.3686,492.00
8.128251,1016.4021,549.00
8.128251,1016.4357,522.00
8.128251,1016.4691,553.00
8.128251,1016.5027,506.00
8.128251,1016.5362,534.00
8.128251,1016.5696,486.00
8.128251,1016.6032,575.00
8.128251,1016.6367,504.00
8.128251,1016.6703,581.00
8.128251,1016.7038,513.00
8.128251,1016.7372,535.00
8.128251,1016.7707,531.00
8.128251,1016.8041,528.00
8.128251,1016.8376,520.00
8.128251,1016.8710,538.00
8.128251,1016.9045,485.00
8.128251,1016.9379,579.00
8.128251,1016.9715,522.00
8.128251,1017.0049,540.00
8.128251,1017.0383,533.00
8.128251,1017.0717,520.00
8.128251,1017.1050,507.00
8.128251,1017.1384,517.00
8.128251,1017.1718,480.00
8.128251,1017.2052,542.00
8.128251,1017.2386,476.00
8.128251,1017.2720,551.00
8.128251,1017.3053,556.00
8.128251,1017.3387,562.00
8.128251,1017.3721,517.00
8.128251,1017.4054,532.00
8.128251,1017.4388,477.00
8.128251,1017.4721,556.00
8.128251,1017.5054,509.00
8.128251,1017.5387,574.00
8.128251,1017.5720,536.00
8.128251,1017.6053,538.00
8.128251,1017.6386,530.00
8.128251,1017.6720,548.00
8.128251,1017.7053,515.00
8.128251,1017.7385,562.00
8.128251,1017.7717,509.00
8.128251,1017.8051,557.00
8.128251,1017.8383,524.00
8.128251,1017.8715,559.00
8.128251,1017.9048,551.00
8.128251,1017.9380,550.00
8.128251,1017.9712,522.00
8.128251,1018.0044,548.00
8.128251,1018.0376,501.00
8.128251,1018.0709,561.00
8.128251,1018.1041,521.00
8.128251,1018.1373,575.00
8.128251,1018.1705,524.00
8.128251,1018.2037,574.00
8.128251,1018.2368,534.00
8.128251,1018.2700,532.00
8.128251,1018.3032,511.00
8.128251,1018.3363,568.00
8.128251,1018.3695,483.00
8.128251,1018.4026,579.00
8.128251,1018.4358,550.00
8.128251,1018.4689,535.00
8.128251,1018.5020,554.00
8.128251,1018.5352,557.00
8.128251,1018.5682,529.00
8.128251,1018.6013,565.00
8.128251,1018.6343,509.00
8.128251,1018.6675,581.00
8.128251,1018.7006,494.00
8.128251,1018.7337,564.00
8.128251,1018.7668,564.00
8.128251,1018.7998,548.00
8.128251,1018.8328,538.00
8.128251,1018.8658,537.00
8.128251,1018.8989,510.00
8.128251,1018.9319,596.00
8.128251,1018.9650,526.00
8.128251,1018.9980,575.00
8.128251,1019.0311,582.00
8.128251,1019.0641,605.00
8.128251,1019.0970,544.00
8.128251,1019.1301,579.00
8.128251,1019.1631,509.00
8.128251,1019.1960,591.00
8.128251,1019.2289,510.00
8.128251,1019.2618,556.00
8.128251,1019.2949,553.00
8.128251,1019.3278,560.00
8.128251,1019.3607,535.00
8.128251,1019.3936,507.00
8.128251,1019.4268,464.00
8.128251,1019.4596,538.00
8.128251,1019.4925,514.00
8.128251,1019.5255,569.00
8.128251,1019.5583,501.00
8.128251,1019.5912,574.00
8.128251,1019.6240,525.00
8.128251,1019.6569,557.00
8.128251,1019.6898,544.00
8.128251,1019.7227,502.00
8.128251,1019.7556,453.00
8.128251,1019.7885,564.00
8.128251,1019.8213,508.00
8.128251,1019.8541,566.00
8.128251,1019.8870,499.00
8.128251,1019.9198,536.00
8.128251,1019.9525,530.00
8.128251,1019.9854,538.00
8.128251,1020.0182,493.00
8.128251,1020.0509,561.00
8.128251,1020.0837,508.00
8.128251,1020.1167,541.00
8.128251,1020.1494,511.00
8.128251,1020.1823,514.00
8.128251,1020.2149,514.00
8.128251,1020.2477,526.00
8.128251,1020.2805,504.00
8.128251,1020.3132,547.00
8.128251,1020.3459,511.00
8.128251,1020.3787,579.00
8.128251,1020.4114,485.00
8.128251,1020.4442,520.00
8.128251,1020.4768,515.00
8.128251,1020.5096,531.00
8.128251,1020.5423,497.00
8.128251,1020.5750,560.00
8.128251,1020.6077,480.00
8.128251,1020.6403,555.00
8.128251,1020.6730,499.00
8.128251,1020.7055,522.00
8.128251,1020.7382,502.00
8.128251,1020.7709,496.00
8.128251,1020.8036,489.00
8.128251,1020.8363,491.00
8.128251,1020.8688,473.00
8.128251,1020.9015,537.00
8.128251,1020.9341,452.00
8.128251,1020.9667,522.00
8.128251,1020.9993,489.00
8.128251,1021.0319,498.00
8.128251,1021.0645,506.00
8.128251,1021.0971,520.00
8.128251,1021.1298,445.00
8.128251,1021.1623,540.00
8.128251,1021.1948,487.00
8.128251,1021.2273,525.00
8.128251,1021.2599,478.00
8.128251,1021.2924,532.00
8.128251,1021.3250,480.00
8.128251,1021.3574,477.00
8.128251,1021.3900,492.00
8.128251,1021.4224,481.00
8.128251,1021.4550,414.00
8.128251,1021.4875,508.00
8.128251,1021.5200,460.00
8.128251,1021.5525,538.00
8.128251,1021.5850,498.00
8.128251,1021.6175,511.00
8.128251,1021.6500,456.00
8.128251,1021.6823,532.00
8.128251,1021.7148,455.00
8.128251,1021.7474,517.00
8.128251,1021.7797,483.00
8.128251,1021.8122,526.00
8.128251,1021.8445,516.00
8.128251,1021.8770,529.00
8.128251,1021.9095,528.00
8.128251,1021.9418,499.00
8.128251,1021.9741,473.00
8.128251,1022.0066,496.00
8.128251,1022.0389,458.00
8.128251,1022.0713,540.00
8.128251,1022.1037,483.00
8.128251,1022.1362,622.00
8.128251,1022.1685,552.00
8.128251,1022.2008,543.00
8.128251,1022.2332,494.00
8.128251,1022.2654,543.00
8.128251,1022.2977,497.00
8.128251,1022.3301,556.00
8.128251,1022.3624,469.00
8.128251,1022.3947,557.00
8.128251,1022.4271,495.00
8.128251,1022.4594,530.00
8.128251,1022.4917,528.00
8.128251,1022.5239,558.00
8.128251,1022.5562,490.00
8.128251,1022.5885,553.00
8.128251,1022.6207,485.00
8.128251,1022.6530,576.00
8.128251,1022.6852,515.00
8.128251,1022.7174,555.00
8.128251,1022.7497,486.00
8.128251,1022.7819,522.00
8.128251,1022.8142,460.00
8.128251,1022.8464,523.00
8.128251,1022.8785,463.00
8.128251,1022.9108,543.00
8.128251,1022.9429,499.00
8.128251,1022.9751,528.00
8.128251,1023.0073,537.00
8.128251,1023.0394,497.00
8.128251,1023.0717,489.00
8.128251,1023.1039,527.00
8.128251,1023.1360,456.00
8.128251,1023.1682,540.00
8.128251,1023.2003,482.00
8.128251,1023.2324,542.00
8.128251,1023.2644,507.00
8.128251,1023.2966,518.00
8.128251,1023.3287,488.00
8.128251,1023.3608,489.00
8.128251,1023.3929,497.00
8.128251,1023.4249,521.00
8.128251,1023.4570,477.00
8.128251,1023.4893,554.00
8.128251,1023.5212,484.00
8.128251,1023.5533,486.00
8.128251,1023.5853,486.00
8.128251,1023.6174,508.00
8.128251,1023.6494,475.00
8.128251,1023.6813,528.00
8.128251,1023.7134,445.00
8.128251,1023.7454,509.00
8.128251,1023.7775,454.00
8.128251,1023.8096,481.00
8.128251,1023.8416,498.00
8.128251,1023.8735,490.00
8.128251,1023.9055,470.00
8.128251,1023.9374,489.00
8.128251,1023.9694,432.00
8.128251,1024.0013,523.00
8.128251,1024.0333,461.00
8.128251,1024.0652,513.00
8.128251,1024.0972,488.00
8.128251,1024.1293,514.00
8.128251,1024.1611,471.00
8.128251,1024.1931,512.00
8.128251,1024.2250,458.00
8.128251,1024.2568,532.00
8.128251,1024.2888,471.00
8.128251,1024.3206,503.00
8.128251,1024.3525,482.00
8.128251,1024.3843,513.00
8.128251,1024.4164,458.00
8.128251,1024.4481,517.00
8.128251,1024.4801,473.00
8.128251,1024.5118,503.00
8.128251,1024.5438,472.00
8.128251,1024.5756,519.00
8.128251,1024.6074,460.00
8.128251,1024.6393,532.00
8.128251,1024.6710,525.00
8.128251,1024.7029,494.00
8.128251,1024.7346,459.00
8.128251,1024.7664,502.00
8.128251,1024.7982,440.00
8.128251,1024.8301,536.00
8.128251,1024.8618,465.00
8.128251,1024.8936,531.00
8.128251,1024.9253,463.00
8.128251,1024.9572,548.00
8.128251,1024.9889,484.00
8.128251,1025.0206,526.00
8.128251,1025.0522,417.00
8.128251,1025.0841,525.00
8.128251,1025.1158,438.00
8.128251,1025.1475,532.00
8.128251,1025.1792,459.00
8.128251,1025.2109,498.00
8.128251,1025.2426,474.00
8.128251,1025.2743,505.00
8.128251,1025.3059,476.00
8.128251,1025.3376,543.00
8.128251,1025.3693,441.00
8.128251,1025.4009,553.00
8.128251,1025.4326,492.00
8.128251,1025.4644,532.00
8.128251,1025.4960,501.00
8.128251,1025.5276,492.00
8.128251,1025.5592,500.00
8.128251,1025.5908,524.00
8.128251,1025.6224,472.00
8.128251,1025.6541,566.00
8.128251,1025.6857,492.00
8.128251,1025.7172,578.00
8.128251,1025.7489,518.00
8.128251,1025.7804,542.00
8.128251,1025.8120,527.00
8.128251,1025.8435,494.00
8.128251,1025.8751,517.00
8.128251,1025.9066,551.00
8.128251,1025.9381,477.00
8.128251,1025.9697,565.00
8.128251,1026.0012,509.00
8.128251,1026.0327,522.00
8.128251,1026.0642,503.00
