# Point:,27
# Setpoint:,1.37454545
# Voltage_V:,1.37454545
# Current_A:,0.00363
# Spectrum_Time_s:,4.564471
# Step_Start_s:,4.532135
# Step_End_s:,4.638172
# Spectrum_Duration_ms:,18.993
# Peak_Wavelength_nm:,941.37
# Peak_Intensity:,737.0
# Avg_Intensity:,599.6
# Num_Pixels:,4094
# NOTE: All wavelengths are captured simultaneously in one CCD exposure
#       The Relative_Time_s column shows when this entire spectrum was acquired

Relative_Time_s,Wavelength_nm,Intensity
4.564471,845.4307,555.00
4.564471,845.4858,506.00
4.564471,845.5410,559.00
4.564471,845.5963,508.00
4.564471,845.6514,575.00
4.564471,845.7065,521.00
4.564471,845.7617,553.00
4.564471,845.8168,483.00
4.564471,845.8721,574.00
4.564471,845.9272,483.00
4.564471,845.9823,538.00
4.564471,846.0374,522.00
4.564471,846.0926,523.00
4.564471,846.1478,493.00
4.564471,846.2029,527.00
4.564471,846.2579,477.00
4.564471,846.3130,579.00
4.564471,846.3682,437.00
4.564471,846.4233,572.00
4.564471,846.4784,497.00
4.564471,846.5335,588.00
4.564471,846.5886,533.00
4.564471,846.6437,550.00
4.564471,846.6987,536.00
4.564471,846.7538,574.00
4.564471,846.8089,504.00
4.564471,846.8640,550.00
4.564471,846.9190,497.00
4.564471,846.9741,562.00
4.564471,847.0292,555.00
4.564471,847.0842,552.00
4.564471,847.1392,545.00
4.564471,847.1943,558.00
4.564471,847.2493,511.00
4.564471,847.3044,599.00
4.564471,847.3594,488.00
4.564471,847.4144,578.00
4.564471,847.4694,529.00
4.564471,847.5244,541.00
4.564471,847.5795,505.00
4.564471,847.6345,558.00
4.564471,847.6895,517.00
4.564471,847.7444,570.00
4.564471,847.7994,494.00
4.564471,847.8544,580.00
4.564471,847.9094,527.00
4.564471,847.9644,580.00
4.564471,848.0193,549.00
4.564471,848.0743,577.00
4.564471,848.1293,516.00
4.564471,848.1843,569.00
4.564471,848.2392,554.00
4.564471,848.2941,578.00
4.564471,848.3491,572.00
4.564471,848.4040,590.00
4.564471,848.4590,564.00
4.564471,848.5139,561.00
4.564471,848.5688,497.00
4.564471,848.6237,582.00
4.564471,848.6786,541.00
4.564471,848.7336,602.00
4.564471,848.7885,532.00
4.564471,848.8434,592.00
4.564471,848.8983,571.00
4.564471,848.9531,580.00
4.564471,849.0081,535.00
4.564471,849.0630,550.00
4.564471,849.1178,522.00
4.564471,849.1727,593.00
4.564471,849.2275,558.00
4.564471,849.2823,633.00
4.564471,849.3373,543.00
4.564471,849.3921,575.00
4.564471,849.4470,568.00
4.564471,849.5018,565.00
4.564471,849.5566,542.00
4.564471,849.6115,591.00
4.564471,849.6663,545.00
4.564471,849.7211,594.00
4.564471,849.7759,556.00
4.564471,849.8307,593.00
4.564471,849.8856,539.00
4.564471,849.9404,580.00
4.564471,849.9952,537.00
4.564471,850.0500,574.00
4.564471,850.1048,482.00
4.564471,850.1596,611.00
4.564471,850.2144,508.00
4.564471,850.2692,610.00
4.564471,850.3239,557.00
4.564471,850.3787,577.00
4.564471,850.4335,567.00
4.564471,850.4882,560.00
4.564471,850.5430,545.00
4.564471,850.5977,594.00
4.564471,850.6525,518.00
4.564471,850.7072,609.00
4.564471,850.7620,538.00
4.564471,850.8167,612.00
4.564471,850.8715,579.00
4.564471,850.9261,575.00
4.564471,850.9808,504.00
4.564471,851.0356,595.00
4.564471,851.0903,590.00
4.564471,851.1450,639.00
4.564471,851.1996,563.00
4.564471,851.2543,622.00
4.564471,851.3091,573.00
4.564471,851.3638,593.00
4.564471,851.4185,557.00
4.564471,851.4731,643.00
4.564471,851.5278,557.00
4.564471,851.5825,642.00
4.564471,851.6371,598.00
4.564471,851.6918,658.00
4.564471,851.7465,599.00
4.564471,851.8011,610.00
4.564471,851.8558,577.00
4.564471,851.9103,583.00
4.564471,851.9650,555.00
4.564471,852.0196,653.00
4.564471,852.0742,573.00
4.564471,852.1289,630.00
4.564471,852.1835,575.00
4.564471,852.2381,651.00
4.564471,852.2927,626.00
4.564471,852.3473,632.00
4.564471,852.4019,591.00
4.564471,852.4565,663.00
4.564471,852.5111,601.00
4.564471,852.5657,625.00
4.564471,852.6202,624.00
4.564471,852.6747,641.00
4.564471,852.7294,623.00
4.564471,852.7839,656.00
4.564471,852.8385,582.00
4.564471,852.8930,672.00
4.564471,852.9476,606.00
4.564471,853.0022,659.00
4.564471,853.0567,596.00
4.564471,853.1112,667.00
4.564471,853.1658,654.00
4.564471,853.2203,663.00
4.564471,853.2748,641.00
4.564471,853.3293,682.00
4.564471,853.3838,629.00
4.564471,853.4383,673.00
4.564471,853.4928,599.00
4.564471,853.5474,688.00
4.564471,853.6019,667.00
4.564471,853.6563,690.00
4.564471,853.7108,650.00
4.564471,853.7653,653.00
4.564471,853.8198,628.00
4.564471,853.8742,651.00
4.564471,853.9286,649.00
4.564471,853.9832,699.00
4.564471,854.0376,632.00
4.564471,854.0920,708.00
4.564471,854.1465,677.00
4.564471,854.2010,674.00
4.564471,854.2554,583.00
4.564471,854.3098,654.00
4.564471,854.3642,586.00
4.564471,854.4186,672.00
4.564471,854.4731,589.00
4.564471,854.5275,703.00
4.564471,854.5819,621.00
4.564471,854.6363,687.00
4.564471,854.6907,650.00
4.564471,854.7451,638.00
4.564471,854.7994,621.00
4.564471,854.8538,666.00
4.564471,854.9082,613.00
4.564471,854.9626,701.00
4.564471,855.0170,613.00
4.564471,855.0714,678.00
4.564471,855.1257,631.00
4.564471,855.1800,636.00
4.564471,855.2344,632.00
4.564471,855.2888,642.00
4.564471,855.3431,621.00
4.564471,855.3975,661.00
4.564471,855.4518,584.00
4.564471,855.5060,668.00
4.564471,855.5604,631.00
4.564471,855.6147,640.00
4.564471,855.6691,636.00
4.564471,855.7233,630.00
4.564471,855.7776,578.00
4.564471,855.8320,701.00
4.564471,855.8862,586.00
4.564471,855.9406,652.00
4.564471,855.9948,613.00
4.564471,856.0491,703.00
4.564471,856.1035,652.00
4.564471,856.1577,655.00
4.564471,856.2119,604.00
4.564471,856.2662,652.00
4.564471,856.3204,561.00
4.564471,856.3748,686.00
4.564471,856.4290,621.00
4.564471,856.4832,670.00
4.564471,856.5374,650.00
4.564471,856.5916,702.00
4.564471,856.6459,601.00
4.564471,856.7001,682.00
4.564471,856.7543,617.00
4.564471,856.8085,679.00
4.564471,856.8627,635.00
4.564471,856.9169,686.00
4.564471,856.9712,637.00
4.564471,857.0253,670.00
4.564471,857.0795,635.00
4.564471,857.1337,669.00
4.564471,857.1879,627.00
4.564471,857.2421,666.00
4.564471,857.2962,611.00
4.564471,857.3504,717.00
4.564471,857.4045,660.00
4.564471,857.4587,659.00
4.564471,857.5129,669.00
4.564471,857.5670,697.00
4.564471,857.6212,606.00
4.564471,857.6753,672.00
4.564471,857.7294,595.00
4.564471,857.7836,704.00
4.564471,857.8377,632.00
4.564471,857.8918,671.00
4.564471,857.9459,656.00
4.564471,858.0000,657.00
4.564471,858.0541,614.00
4.564471,858.1082,684.00
4.564471,858.1624,625.00
4.564471,858.2164,702.00
4.564471,858.2704,634.00
4.564471,858.3245,687.00
4.564471,858.3787,670.00
4.564471,858.4327,678.00
4.564471,858.4868,613.00
4.564471,858.5408,685.00
4.564471,858.5949,653.00
4.564471,858.6489,687.00
4.564471,858.7030,635.00
4.564471,858.7570,682.00
4.564471,858.8110,662.00
4.564471,858.8651,694.00
4.564471,858.9192,697.00
4.564471,858.9732,701.00
4.564471,859.0272,643.00
4.564471,859.0812,679.00
4.564471,859.1352,611.00
4.564471,859.1892,670.00
4.564471,859.2432,618.00
4.564471,859.2972,719.00
4.564471,859.3512,691.00
4.564471,859.4052,663.00
4.564471,859.4592,645.00
4.564471,859.5132,681.00
4.564471,859.5671,599.00
4.564471,859.6210,711.00
4.564471,859.6750,605.00
4.564471,859.7289,676.00
4.564471,859.7830,612.00
4.564471,859.8369,653.00
4.564471,859.8908,649.00
4.564471,859.9447,624.00
4.564471,859.9987,590.00
4.564471,860.0527,706.00
4.564471,860.1065,584.00
4.564471,860.1605,640.00
4.564471,860.2144,646.00
4.564471,860.2682,673.00
4.564471,860.3222,637.00
4.564471,860.3761,670.00
4.564471,860.4299,594.00
4.564471,860.4838,659.00
4.564471,860.5377,586.00
4.564471,860.5916,654.00
4.564471,860.6455,625.00
4.564471,860.6993,661.00
4.564471,860.7532,623.00
4.564471,860.8071,661.00
4.564471,860.8610,623.00
4.564471,860.9148,628.00
4.564471,860.9687,592.00
4.564471,861.0225,655.00
4.564471,861.0763,642.00
4.564471,861.1301,675.00
4.564471,861.1840,612.00
4.564471,861.2378,696.00
4.564471,861.2916,607.00
4.564471,861.3454,665.00
4.564471,861.3992,603.00
4.564471,861.4531,674.00
4.564471,861.5068,570.00
4.564471,861.5606,663.00
4.564471,861.6144,604.00
4.564471,861.6682,649.00
4.564471,861.7220,603.00
4.564471,861.7758,659.00
4.564471,861.8295,597.00
4.564471,861.8833,632.00
4.564471,861.9370,602.00
4.564471,861.9908,671.00
4.564471,862.0446,625.00
4.564471,862.0983,656.00
4.564471,862.1520,626.00
4.564471,862.2057,651.00
4.564471,862.2595,617.00
4.564471,862.3132,616.00
4.564471,862.3669,600.00
4.564471,862.4206,649.00
4.564471,862.4744,575.00
4.564471,862.5281,650.00
4.564471,862.5818,656.00
4.564471,862.6355,670.00
4.564471,862.6891,652.00
4.564471,862.7429,651.00
4.564471,862.7966,641.00
4.564471,862.8502,648.00
4.564471,862.9039,603.00
4.564471,862.9575,656.00
4.564471,863.0112,619.00
4.564471,863.0648,620.00
4.564471,863.1185,618.00
4.564471,863.1722,649.00
4.564471,863.2258,598.00
4.564471,863.2794,669.00
4.564471,863.3330,582.00
4.564471,863.3867,669.00
4.564471,863.4403,550.00
4.564471,863.4940,645.00
4.564471,863.5475,640.00
4.564471,863.6011,627.00
4.564471,863.6548,624.00
4.564471,863.7084,661.00
4.564471,863.7620,602.00
4.564471,863.8156,630.00
4.564471,863.8691,593.00
4.564471,863.9228,644.00
4.564471,863.9763,604.00
4.564471,864.0299,643.00
4.564471,864.0834,619.00
4.564471,864.1370,630.00
4.564471,864.1906,572.00
4.564471,864.2441,632.00
4.564471,864.2977,593.00
4.564471,864.3512,649.00
4.564471,864.4047,617.00
4.564471,864.4583,628.00
4.564471,864.5118,572.00
4.564471,864.5653,624.00
4.564471,864.6189,588.00
4.564471,864.6724,628.00
4.564471,864.7258,554.00
4.564471,864.7794,614.00
4.564471,864.8329,626.00
4.564471,864.8864,666.00
4.564471,864.9398,602.00
4.564471,864.9933,625.00
4.564471,865.0469,563.00
4.564471,865.1003,597.00
4.564471,865.1538,605.00
4.564471,865.2072,633.00
4.564471,865.2607,636.00
4.564471,865.3142,645.00
4.564471,865.3676,616.00
4.564471,865.4211,644.00
4.564471,865.4745,612.00
4.564471,865.5279,606.00
4.564471,865.5814,606.00
4.564471,865.6348,638.00
4.564471,865.6882,610.00
4.564471,865.7416,654.00
4.564471,865.7950,627.00
4.564471,865.8484,659.00
4.564471,865.9019,613.00
4.564471,865.9552,633.00
4.564471,866.0087,641.00
4.564471,866.0620,615.00
4.564471,866.1154,611.00
4.564471,866.1688,692.00
4.564471,866.2222,602.00
4.564471,866.2755,688.00
4.564471,866.3289,627.00
4.564471,866.3822,677.00
4.564471,866.4356,638.00
4.564471,866.4890,627.00
4.564471,866.5423,630.00
4.564471,866.5956,651.00
4.564471,866.6489,614.00
4.564471,866.7023,677.00
4.564471,866.7556,621.00
4.564471,866.8089,633.00
4.564471,866.8622,631.00
4.564471,866.9155,671.00
4.564471,866.9689,602.00
4.564471,867.0222,658.00
4.564471,867.0755,580.00
4.564471,867.1287,637.00
4.564471,867.1820,605.00
4.564471,867.2354,641.00
4.564471,867.2886,629.00
4.564471,867.3419,662.00
4.564471,867.3951,598.00
4.564471,867.4484,652.00
4.564471,867.5016,556.00
4.564471,867.5549,680.00
4.564471,867.6082,621.00
4.564471,867.6614,667.00
4.564471,867.7146,656.00
4.564471,867.7678,646.00
4.564471,867.8211,630.00
4.564471,867.8743,652.00
4.564471,867.9276,613.00
4.564471,867.9807,668.00
4.564471,868.0339,609.00
4.564471,868.0872,677.00
4.564471,868.1403,628.00
4.564471,868.1935,646.00
4.564471,868.2467,600.00
4.564471,868.2999,656.00
4.564471,868.3531,568.00
4.564471,868.4062,686.00
4.564471,868.4594,615.00
4.564471,868.5126,660.00
4.564471,868.5657,608.00
4.564471,868.6189,658.00
4.564471,868.6721,641.00
4.564471,868.7252,629.00
4.564471,868.7783,590.00
4.564471,868.8315,644.00
4.564471,868.8846,603.00
4.564471,868.9377,644.00
4.564471,868.9908,602.00
4.564471,869.0439,663.00
4.564471,869.0970,640.00
4.564471,869.1501,641.00
4.564471,869.2032,598.00
4.564471,869.2564,635.00
4.564471,869.3094,579.00
4.564471,869.3625,616.00
4.564471,869.4156,618.00
4.564471,869.4688,667.00
4.564471,869.5218,605.00
4.564471,869.5748,661.00
4.564471,869.6279,652.00
4.564471,869.6809,623.00
4.564471,869.7340,573.00
4.564471,869.7870,634.00
4.564471,869.8401,582.00
4.564471,869.8931,654.00
4.564471,869.9462,587.00
4.564471,869.9993,638.00
4.564471,870.0522,637.00
4.564471,870.1052,665.00
4.564471,870.1583,613.00
4.564471,870.2112,687.00
4.564471,870.2642,595.00
4.564471,870.3173,684.00
4.564471,870.3702,606.00
4.564471,870.4232,664.00
4.564471,870.4762,617.00
4.564471,870.5292,629.00
4.564471,870.5822,614.00
4.564471,870.6351,651.00
4.564471,870.6881,598.00
4.564471,870.7410,660.00
4.564471,870.7940,612.00
4.564471,870.8470,653.00
4.564471,870.8999,603.00
4.564471,870.9528,685.00
4.564471,871.0057,634.00
4.564471,871.0587,656.00
4.564471,871.1116,634.00
4.564471,871.1646,679.00
4.564471,871.2175,584.00
4.564471,871.2704,677.00
4.564471,871.3232,644.00
4.564471,871.3762,653.00
4.564471,871.4291,645.00
4.564471,871.4820,662.00
4.564471,871.5348,630.00
4.564471,871.5877,672.00
4.564471,871.6406,638.00
4.564471,871.6935,720.00
4.564471,871.7463,617.00
4.564471,871.7992,657.00
4.564471,871.8521,660.00
4.564471,871.9049,633.00
4.564471,871.9578,664.00
4.564471,872.0106,684.00
4.564471,872.0635,596.00
4.564471,872.1162,674.00
4.564471,872.1691,616.00
4.564471,872.2219,696.00
4.564471,872.2747,608.00
4.564471,872.3275,670.00
4.564471,872.3803,675.00
4.564471,872.4332,676.00
4.564471,872.4860,648.00
4.564471,872.5387,662.00
4.564471,872.5915,611.00
4.564471,872.6443,673.00
4.564471,872.6971,656.00
4.564471,872.7499,690.00
4.564471,872.8026,639.00
4.564471,872.8553,661.00
4.564471,872.9081,638.00
4.564471,872.9609,648.00
4.564471,873.0136,611.00
4.564471,873.0663,683.00
4.564471,873.1191,574.00
4.564471,873.1718,675.00
4.564471,873.2245,646.00
4.564471,873.2773,661.00
4.564471,873.3300,643.00
4.564471,873.3827,651.00
4.564471,873.4354,629.00
4.564471,873.4882,705.00
4.564471,873.5408,652.00
4.564471,873.5935,667.00
4.564471,873.6462,633.00
4.564471,873.6989,658.00
4.564471,873.7515,664.00
4.564471,873.8042,666.00
4.564471,873.8569,601.00
4.564471,873.9096,678.00
4.564471,873.9622,581.00
4.564471,874.0149,686.00
4.564471,874.0675,663.00
4.564471,874.1202,660.00
4.564471,874.1729,645.00
4.564471,874.2255,670.00
4.564471,874.2781,637.00
4.564471,874.3307,655.00
4.564471,874.3834,598.00
4.564471,874.4360,668.00
4.564471,874.4885,639.00
4.564471,874.5411,710.00
4.564471,874.5938,623.00
4.564471,874.6463,657.00
4.564471,874.6990,660.00
4.564471,874.7515,653.00
4.564471,874.8041,583.00
4.564471,874.8567,697.00
4.564471,874.9092,636.00
4.564471,874.9619,692.00
4.564471,875.0144,628.00
4.564471,875.0669,677.00
4.564471,875.1194,652.00
4.564471,875.1720,652.00
4.564471,875.2246,626.00
4.564471,875.2772,686.00
4.564471,875.3296,624.00
4.564471,875.3821,682.00
4.564471,875.4346,650.00
4.564471,875.4872,677.00
4.564471,875.5397,651.00
4.564471,875.5922,670.00
4.564471,875.6447,635.00
4.564471,875.6971,679.00
4.564471,875.7498,612.00
4.564471,875.8022,701.00
4.564471,875.8547,605.00
4.564471,875.9071,681.00
4.564471,875.9596,621.00
4.564471,876.0120,670.00
4.564471,876.0646,650.00
4.564471,876.1169,656.00
4.564471,876.1694,614.00
4.564471,876.2219,690.00
4.564471,876.2743,635.00
4.564471,876.3268,691.00
4.564471,876.3792,644.00
4.564471,876.4316,673.00
4.564471,876.4840,675.00
4.564471,876.5364,655.00
4.564471,876.5889,635.00
4.564471,876.6413,710.00
4.564471,876.6937,598.00
4.564471,876.7460,679.00
4.564471,876.7985,677.00
4.564471,876.8509,695.00
4.564471,876.9032,649.00
4.564471,876.9556,673.00
4.564471,877.0079,609.00
4.564471,877.0604,618.00
4.564471,877.1127,599.00
4.564471,877.1651,684.00
4.564471,877.2174,620.00
4.564471,877.2697,694.00
4.564471,877.3221,623.00
4.564471,877.3744,663.00
4.564471,877.4268,628.00
4.564471,877.4791,646.00
4.564471,877.5314,601.00
4.564471,877.5837,637.00
4.564471,877.6360,583.00
4.564471,877.6884,644.00
4.564471,877.7407,625.00
4.564471,877.7930,642.00
4.564471,877.8452,606.00
4.564471,877.8975,643.00
4.564471,877.9498,600.00
4.564471,878.0021,638.00
4.564471,878.0544,597.00
4.564471,878.1066,655.00
4.564471,878.1589,625.00
4.564471,878.2111,632.00
4.564471,878.2634,629.00
4.564471,878.3157,590.00
4.564471,878.3679,593.00
4.564471,878.4202,626.00
4.564471,878.4724,576.00
4.564471,878.5246,644.00
4.564471,878.5768,585.00
4.564471,878.6290,654.00
4.564471,878.6812,629.00
4.564471,878.7335,606.00
4.564471,878.7856,614.00
4.564471,878.8379,606.00
4.564471,878.8901,587.00
4.564471,878.9422,594.00
4.564471,878.9944,617.00
4.564471,879.0466,661.00
4.564471,879.0988,617.00
4.564471,879.1509,643.00
4.564471,879.2031,621.00
4.564471,879.2552,616.00
4.564471,879.3074,596.00
4.564471,879.3596,650.00
4.564471,879.4117,585.00
4.564471,879.4638,676.00
4.564471,879.5159,590.00
4.564471,879.5681,648.00
4.564471,879.6202,605.00
4.564471,879.6723,626.00
4.564471,879.7244,632.00
4.564471,879.7766,605.00
4.564471,879.8287,566.00
4.564471,879.8808,660.00
4.564471,879.9329,599.00
4.564471,879.9849,648.00
4.564471,880.0370,626.00
4.564471,880.0891,659.00
4.564471,880.1412,612.00
4.564471,880.1932,629.00
4.564471,880.2452,564.00
4.564471,880.2973,645.00
4.564471,880.3495,627.00
4.564471,880.4015,682.00
4.564471,880.4536,608.00
4.564471,880.5056,616.00
4.564471,880.5576,610.00
4.564471,880.6096,619.00
4.564471,880.6616,571.00
4.564471,880.7137,626.00
4.564471,880.7656,574.00
4.564471,880.8176,655.00
4.564471,880.8696,599.00
4.564471,880.9217,643.00
4.564471,880.9737,631.00
4.564471,881.0256,635.00
4.564471,881.0776,609.00
4.564471,881.1296,629.00
4.564471,881.1816,573.00
4.564471,881.2336,655.00
4.564471,881.2855,583.00
4.564471,881.3374,648.00
4.564471,881.3893,620.00
4.564471,881.4413,610.00
4.564471,881.4933,589.00
4.564471,881.5452,657.00
4.564471,881.5972,594.00
4.564471,881.6490,608.00
4.564471,881.7010,631.00
4.564471,881.7530,636.00
4.564471,881.8049,584.00
4.564471,881.8568,611.00
4.564471,881.9086,602.00
4.564471,881.9605,607.00
4.564471,882.0125,602.00
4.564471,882.0643,630.00
4.564471,882.1162,551.00
4.564471,882.1681,635.00
4.564471,882.2199,553.00
4.564471,882.2719,629.00
4.564471,882.3237,585.00
4.564471,882.3755,593.00
4.564471,882.4274,537.00
4.564471,882.4792,594.00
4.564471,882.5311,572.00
4.564471,882.5829,598.00
4.564471,882.6348,570.00
4.564471,882.6866,646.00
4.564471,882.7383,603.00
4.564471,882.7902,546.00
4.564471,882.8420,597.00
4.564471,882.8939,621.00
4.564471,882.9457,551.00
4.564471,882.9974,595.00
4.564471,883.0493,553.00
4.564471,883.1011,636.00
4.564471,883.1528,546.00
4.564471,883.2046,631.00
4.564471,883.2563,599.00
4.564471,883.3081,582.00
4.564471,883.3599,572.00
4.564471,883.4116,609.00
4.564471,883.4634,585.00
4.564471,883.5151,627.00
4.564471,883.5668,611.00
4.564471,883.6187,640.00
4.564471,883.6703,602.00
4.564471,883.7220,624.00
4.564471,883.7738,587.00
4.564471,883.8254,621.00
4.564471,883.8773,570.00
4.564471,883.9289,643.00
4.564471,883.9806,588.00
4.564471,884.0323,637.00
4.564471,884.0840,622.00
4.564471,884.1357,645.00
4.564471,884.1874,571.00
4.564471,884.2391,636.00
4.564471,884.2907,578.00
4.564471,884.3423,653.00
4.564471,884.3940,572.00
4.564471,884.4457,647.00
4.564471,884.4974,596.00
4.564471,884.5490,605.00
4.564471,884.6006,600.00
4.564471,884.6523,628.00
4.564471,884.7039,569.00
4.564471,884.7555,638.00
4.564471,884.8071,562.00
4.564471,884.8588,664.00
4.564471,884.9103,644.00
4.564471,884.9620,648.00
4.564471,885.0136,637.00
4.564471,885.0651,615.00
4.564471,885.1168,582.00
4.564471,885.1683,620.00
4.564471,885.2200,626.00
4.564471,885.2715,650.00
4.564471,885.3231,593.00
4.564471,885.3746,657.00
4.564471,885.4262,616.00
4.564471,885.4778,641.00
4.564471,885.5293,643.00
4.564471,885.5809,654.00
4.564471,885.6324,582.00
4.564471,885.6839,606.00
4.564471,885.7355,636.00
4.564471,885.7870,679.00
4.564471,885.8385,603.00
4.564471,885.8900,681.00
4.564471,885.9415,645.00
4.564471,885.9930,626.00
4.564471,886.0446,581.00
4.564471,886.0960,669.00
4.564471,886.1475,598.00
4.564471,886.1990,668.00
4.564471,886.2504,605.00
4.564471,886.3020,670.00
4.564471,886.3534,654.00
4.564471,886.4048,675.00
4.564471,886.4564,602.00
4.564471,886.5078,640.00
4.564471,886.5593,585.00
4.564471,886.6107,655.00
4.564471,886.6621,593.00
4.564471,886.7136,641.00
4.564471,886.7650,648.00
4.564471,886.8164,650.00
4.564471,886.8679,637.00
4.564471,886.9193,626.00
4.564471,886.9706,586.00
4.564471,887.0220,654.00
4.564471,887.0735,593.00
4.564471,887.1249,646.00
4.564471,887.1762,583.00
4.564471,887.2276,679.00
4.564471,887.2789,647.00
4.564471,887.3304,622.00
4.564471,887.3818,623.00
4.564471,887.4331,659.00
4.564471,887.4844,613.00
4.564471,887.5358,677.00
4.564471,887.5871,575.00
4.564471,887.6385,669.00
4.564471,887.6898,645.00
4.564471,887.7411,630.00
4.564471,887.7925,598.00
4.564471,887.8438,643.00
4.564471,887.8951,576.00
4.564471,887.9464,696.00
4.564471,887.9977,619.00
4.564471,888.0490,693.00
4.564471,888.1003,651.00
4.564471,888.1516,636.00
4.564471,888.2029,616.00
4.564471,888.2542,651.00
4.564471,888.3054,606.00
4.564471,888.3567,653.00
4.564471,888.4080,606.00
4.564471,888.4592,650.00
4.564471,888.5105,631.00
4.564471,888.5618,663.00
4.564471,888.6130,632.00
4.564471,888.6642,657.00
4.564471,888.7155,619.00
4.564471,888.7667,687.00
4.564471,888.8179,591.00
4.564471,888.8691,666.00
4.564471,888.9204,620.00
4.564471,888.9716,661.00
4.564471,889.0228,649.00
4.564471,889.0740,661.00
4.564471,889.1252,651.00
4.564471,889.1764,666.00
4.564471,889.2275,624.00
4.564471,889.2787,684.00
4.564471,889.3299,610.00
4.564471,889.3810,679.00
4.564471,889.4322,665.00
4.564471,889.4835,662.00
4.564471,889.5346,638.00
4.564471,889.5857,651.00
4.564471,889.6368,605.00
4.564471,889.6879,646.00
4.564471,889.7391,601.00
4.564471,889.7903,669.00
4.564471,889.8414,619.00
4.564471,889.8925,680.00
4.564471,889.9435,657.00
4.564471,889.9948,654.00
4.564471,890.0458,604.00
4.564471,890.0969,661.00
4.564471,890.1479,608.00
4.564471,890.1990,686.00
4.564471,890.2501,621.00
4.564471,890.3012,644.00
4.564471,890.3523,634.00
4.564471,890.4034,608.00
4.564471,890.4545,619.00
4.564471,890.5054,624.00
4.564471,890.5566,562.00
4.564471,890.6076,663.00
4.564471,890.6586,590.00
4.564471,890.7097,657.00
4.564471,890.7607,612.00
4.564471,890.8117,667.00
4.564471,890.8627,617.00
4.564471,890.9138,603.00
4.564471,890.9647,582.00
4.564471,891.0157,638.00
4.564471,891.0668,583.00
4.564471,891.1178,662.00
4.564471,891.1688,591.00
4.564471,891.2197,659.00
4.564471,891.2707,621.00
4.564471,891.3217,609.00
4.564471,891.3727,603.00
4.564471,891.4236,595.00
4.564471,891.4745,579.00
4.564471,891.5256,634.00
4.564471,891.5765,580.00
4.564471,891.6275,653.00
4.564471,891.6783,593.00
4.564471,891.7293,615.00
4.564471,891.7802,601.00
4.564471,891.8312,616.00
4.564471,891.8821,556.00
4.564471,891.9330,662.00
4.564471,891.9839,547.00
4.564471,892.0348,616.00
4.564471,892.0857,610.00
4.564471,892.1366,644.00
4.564471,892.1875,575.00
4.564471,892.2383,659.00
4.564471,892.2892,594.00
4.564471,892.3401,627.00
4.564471,892.3911,572.00
4.564471,892.4418,689.00
4.564471,892.4927,619.00
4.564471,892.5436,669.00
4.564471,892.5944,637.00
4.564471,892.6452,630.00
4.564471,892.6961,600.00
4.564471,892.7469,645.00
4.564471,892.7977,612.00
4.564471,892.8485,612.00
4.564471,892.8993,627.00
4.564471,892.9502,674.00
4.564471,893.0010,620.00
4.564471,893.0518,632.00
4.564471,893.1025,580.00
4.564471,893.1534,635.00
4.564471,893.2042,595.00
4.564471,893.2549,652.00
4.564471,893.3057,612.00
4.564471,893.3564,694.00
4.564471,893.4072,649.00
4.564471,893.4580,635.00
4.564471,893.5087,604.00
4.564471,893.5595,660.00
4.564471,893.6102,583.00
4.564471,893.6609,666.00
4.564471,893.7117,575.00
4.564471,893.7625,698.00
4.564471,893.8132,642.00
4.564471,893.8639,671.00
4.564471,893.9146,645.00
4.564471,893.9653,599.00
4.564471,894.0160,597.00
4.564471,894.0667,657.00
4.564471,894.1174,591.00
4.564471,894.1681,668.00
4.564471,894.2188,609.00
4.564471,894.2695,664.00
4.564471,894.3201,644.00
4.564471,894.3708,647.00
4.564471,894.4214,604.00
4.564471,894.4720,650.00
4.564471,894.5228,578.00
4.564471,894.5734,700.00
4.564471,894.6240,617.00
4.564471,894.6746,694.00
4.564471,894.7252,675.00
4.564471,894.7759,661.00
4.564471,894.8265,652.00
4.564471,894.8771,666.00
4.564471,894.9277,567.00
4.564471,894.9783,663.00
4.564471,895.0290,592.00
4.564471,895.0795,706.00
4.564471,895.1301,621.00
4.564471,895.1807,659.00
4.564471,895.2313,631.00
4.564471,895.2819,626.00
4.564471,895.3325,635.00
4.564471,895.3830,624.00
4.564471,895.4336,563.00
4.564471,895.4841,673.00
4.564471,895.5347,631.00
4.564471,895.5852,649.00
4.564471,895.6357,618.00
4.564471,895.6863,659.00
4.564471,895.7368,624.00
4.564471,895.7874,659.00
4.564471,895.8379,592.00
4.564471,895.8884,679.00
4.564471,895.9388,629.00
4.564471,895.9893,654.00
4.564471,896.0399,645.00
4.564471,896.0904,652.00
4.564471,896.1408,661.00
4.564471,896.1913,674.00
4.564471,896.2418,609.00
4.564471,896.2922,648.00
4.564471,896.3427,634.00
4.564471,896.3932,696.00
4.564471,896.4437,655.00
4.564471,896.4941,688.00
4.564471,896.5445,662.00
4.564471,896.5950,641.00
4.564471,896.6454,632.00
4.564471,896.6958,637.00
4.564471,896.7462,600.00
4.564471,896.7967,667.00
4.564471,896.8471,650.00
4.564471,896.8975,682.00
4.564471,896.9479,632.00
4.564471,896.9983,672.00
4.564471,897.0486,637.00
4.564471,897.0991,653.00
4.564471,897.1495,617.00
4.564471,897.1998,682.00
4.564471,897.2502,624.00
4.564471,897.3005,684.00
4.564471,897.3510,630.00
4.564471,897.4013,658.00
4.564471,897.4517,679.00
4.564471,897.5020,654.00
4.564471,897.5523,644.00
4.564471,897.6026,665.00
4.564471,897.6530,613.00
4.564471,897.7033,669.00
4.564471,897.7537,595.00
4.564471,897.8040,652.00
4.564471,897.8542,618.00
4.564471,897.9046,640.00
4.564471,897.9549,640.00
4.564471,898.0051,681.00
4.564471,898.0554,628.00
4.564471,898.1057,673.00
4.564471,898.1560,596.00
4.564471,898.2063,666.00
4.564471,898.2565,622.00
4.564471,898.3068,632.00
4.564471,898.3571,650.00
4.564471,898.4073,630.00
4.564471,898.4576,575.00
4.564471,898.5078,661.00
4.564471,898.5580,584.00
4.564471,898.6083,679.00
4.564471,898.6584,657.00
4.564471,898.7087,649.00
4.564471,898.7590,640.00
4.564471,898.8091,630.00
4.564471,898.8593,625.00
4.564471,898.9095,646.00
4.564471,898.9598,572.00
4.564471,899.0099,704.00
4.564471,899.0601,611.00
4.564471,899.1103,652.00
4.564471,899.1605,627.00
4.564471,899.2107,618.00
4.564471,899.2608,610.00
4.564471,899.3109,641.00
4.564471,899.3611,588.00
4.564471,899.4113,671.00
4.564471,899.4614,607.00
4.564471,899.5115,659.00
4.564471,899.5616,612.00
4.564471,899.6118,644.00
4.564471,899.6619,625.00
4.564471,899.7121,611.00
4.564471,899.7622,575.00
4.564471,899.8123,658.00
4.564471,899.8624,592.00
4.564471,899.9124,632.00
4.564471,899.9626,643.00
4.564471,900.0126,645.00
4.564471,900.0627,613.00
4.564471,900.1127,646.00
4.564471,900.1628,574.00
4.564471,900.2130,655.00
4.564471,900.2631,552.00
4.564471,900.3130,646.00
4.564471,900.3631,589.00
4.564471,900.4131,621.00
4.564471,900.4632,589.00
4.564471,900.5132,638.00
4.564471,900.5633,609.00
4.564471,900.6132,632.00
4.564471,900.6632,584.00
4.564471,900.7133,640.00
4.564471,900.7633,569.00
4.564471,900.8133,624.00
4.564471,900.8633,588.00
4.564471,900.9133,644.00
4.564471,900.9633,608.00
4.564471,901.0133,652.00
4.564471,901.0632,586.00
4.564471,901.1132,614.00
4.564471,901.1631,590.00
4.564471,901.2131,646.00
4.564471,901.2631,616.00
4.564471,901.3130,653.00
4.564471,901.3630,609.00
4.564471,901.4129,623.00
4.564471,901.4628,613.00
4.564471,901.5128,618.00
4.564471,901.5627,552.00
4.564471,901.6126,640.00
4.564471,901.6625,631.00
4.564471,901.7124,626.00
4.564471,901.7623,629.00
4.564471,901.8123,586.00
4.564471,901.8621,606.00
4.564471,901.9120,619.00
4.564471,901.9619,583.00
4.564471,902.0117,662.00
4.564471,902.0616,611.00
4.564471,902.1115,659.00
4.564471,902.1613,629.00
4.564471,902.2112,613.00
4.564471,902.2610,605.00
4.564471,902.3109,627.00
4.564471,902.3608,581.00
4.564471,902.4106,644.00
4.564471,902.4604,596.00
4.564471,902.5103,640.00
4.564471,902.5601,611.00
4.564471,902.6099,664.00
4.564471,902.6597,624.00
4.564471,902.7095,634.00
4.564471,902.7592,602.00
4.564471,902.8090,657.00
4.564471,902.8589,570.00
4.564471,902.9086,662.00
4.564471,902.9584,607.00
4.564471,903.0082,653.00
4.564471,903.0580,610.00
4.564471,903.1077,635.00
4.564471,903.1575,635.00
4.564471,903.2072,631.00
4.564471,903.2570,576.00
4.564471,903.3067,641.00
4.564471,903.3564,613.00
4.564471,903.4062,681.00
4.564471,903.4559,623.00
4.564471,903.5056,626.00
4.564471,903.5553,640.00
4.564471,903.6050,634.00
4.564471,903.6547,596.00
4.564471,903.7045,655.00
4.564471,903.7541,563.00
4.564471,903.8038,682.00
4.564471,903.8535,621.00
4.564471,903.9032,626.00
4.564471,903.9528,619.00
4.564471,904.0025,627.00
4.564471,904.0522,613.00
4.564471,904.1019,644.00
4.564471,904.1515,571.00
4.564471,904.2012,659.00
4.564471,904.2507,605.00
4.564471,904.3004,662.00
4.564471,904.3500,572.00
4.564471,904.3997,597.00
4.564471,904.4493,601.00
4.564471,904.4989,630.00
4.564471,904.5485,561.00
4.564471,904.5980,636.00
4.564471,904.6477,578.00
4.564471,904.6973,626.00
4.564471,904.7469,565.00
4.564471,904.7964,644.00
4.564471,904.8460,614.00
4.564471,904.8956,581.00
4.564471,904.9452,581.00
4.564471,904.9947,646.00
4.564471,905.0443,590.00
4.564471,905.0938,649.00
4.564471,905.1434,608.00
4.564471,905.1929,600.00
4.564471,905.2424,623.00
4.564471,905.2919,625.00
4.564471,905.3414,582.00
4.564471,905.3910,626.00
4.564471,905.4406,580.00
4.564471,905.4901,671.00
4.564471,905.5396,572.00
4.564471,905.5890,621.00
4.564471,905.6385,611.00
4.564471,905.6880,630.00
4.564471,905.7375,611.00
4.564471,905.7870,672.00
4.564471,905.8364,578.00
4.564471,905.8859,649.00
4.564471,905.9354,599.00
4.564471,905.9848,699.00
4.564471,906.0342,666.00
4.564471,906.0837,667.00
4.564471,906.1331,616.00
4.564471,906.1826,663.00
4.564471,906.2321,605.00
4.564471,906.2814,669.00
4.564471,906.3309,573.00
4.564471,906.3802,650.00
4.564471,906.4297,605.00
4.564471,906.4791,638.00
4.564471,906.5285,622.00
4.564471,906.5779,594.00
4.564471,906.6273,593.00
4.564471,906.6766,642.00
4.564471,906.7260,619.00
4.564471,906.7754,649.00
4.564471,906.8248,585.00
4.564471,906.8741,648.00
4.564471,906.9235,607.00
4.564471,906.9729,621.00
4.564471,907.0222,616.00
4.564471,907.0715,650.00
4.564471,907.1208,584.00
4.564471,907.1702,659.00
4.564471,907.2195,608.00
4.564471,907.2688,654.00
4.564471,907.3181,589.00
4.564471,907.3674,602.00
4.564471,907.4167,581.00
4.564471,907.4660,616.00
4.564471,907.5153,539.00
4.564471,907.5646,624.00
4.564471,907.6139,583.00
4.564471,907.6631,656.00
4.564471,907.7125,600.00
4.564471,907.7617,631.00
4.564471,907.8110,594.00
4.564471,907.8602,615.00
4.564471,907.9094,592.00
4.564471,907.9587,620.00
4.564471,908.0080,553.00
4.564471,908.0572,671.00
4.564471,908.1064,579.00
4.564471,908.1556,670.00
4.564471,908.2048,626.00
4.564471,908.2541,624.00
4.564471,908.3033,637.00
4.564471,908.3524,629.00
4.564471,908.4017,577.00
4.564471,908.4508,637.00
4.564471,908.5000,624.00
4.564471,908.5493,626.00
4.564471,908.5984,618.00
4.564471,908.6475,626.00
4.564471,908.6967,580.00
4.564471,908.7459,640.00
4.564471,908.7950,583.00
4.564471,908.8442,631.00
4.564471,908.8932,569.00
4.564471,908.9424,652.00
4.564471,908.9916,592.00
4.564471,909.0407,645.00
4.564471,909.0898,669.00
4.564471,909.1389,652.00
4.564471,909.1880,584.00
4.564471,909.2372,668.00
4.564471,909.2863,590.00
4.564471,909.3354,660.00
4.564471,909.3845,592.00
4.564471,909.4335,652.00
4.564471,909.4825,646.00
4.564471,909.5317,615.00
4.564471,909.5807,570.00
4.564471,909.6298,656.00
4.564471,909.6789,568.00
4.564471,909.7280,609.00
4.564471,909.7770,585.00
4.564471,909.8260,649.00
4.564471,909.8751,594.00
4.564471,909.9241,616.00
4.564471,909.9731,618.00
4.564471,910.0222,660.00
4.564471,910.0711,596.00
4.564471,910.1201,639.00
4.564471,910.1691,570.00
4.564471,910.2181,663.00
4.564471,910.2672,626.00
4.564471,910.3162,634.00
4.564471,910.3651,633.00
4.564471,910.4141,611.00
4.564471,910.4631,595.00
4.564471,910.5120,601.00
4.564471,910.5610,581.00
4.564471,910.6099,632.00
4.564471,910.6589,597.00
4.564471,910.7078,633.00
4.564471,910.7568,604.00
4.564471,910.8057,632.00
4.564471,910.8546,618.00
4.564471,910.9036,646.00
4.564471,910.9525,596.00
4.564471,911.0013,634.00
4.564471,911.0503,644.00
4.564471,911.0992,665.00
4.564471,911.1481,619.00
4.564471,911.1970,630.00
4.564471,911.2459,621.00
4.564471,911.2948,616.00
4.564471,911.3436,582.00
4.564471,911.3925,627.00
4.564471,911.4414,585.00
4.564471,911.4902,650.00
4.564471,911.5391,630.00
4.564471,911.5880,635.00
4.564471,911.6368,601.00
4.564471,911.6857,600.00
4.564471,911.7344,607.00
4.564471,911.7833,675.00
4.564471,911.8321,595.00
4.564471,911.8809,630.00
4.564471,911.9297,632.00
4.564471,911.9785,665.00
4.564471,912.0273,663.00
4.564471,912.0762,635.00
4.564471,912.1249,657.00
4.564471,912.1737,642.00
4.564471,912.2225,626.00
4.564471,912.2712,665.00
4.564471,912.3201,639.00
4.564471,912.3688,688.00
4.564471,912.4176,631.00
4.564471,912.4663,637.00
4.564471,912.5150,586.00
4.564471,912.5638,647.00
4.564471,912.6125,598.00
4.564471,912.6613,669.00
4.564471,912.7100,608.00
4.564471,912.7587,657.00
4.564471,912.8074,643.00
4.564471,912.8561,669.00
4.564471,912.9048,652.00
4.564471,912.9535,654.00
4.564471,913.0023,660.00
4.564471,913.0510,657.00
4.564471,913.0996,610.00
4.564471,913.1483,668.00
4.564471,913.1969,635.00
4.564471,913.2456,662.00
4.564471,913.2943,654.00
4.564471,913.3430,643.00
4.564471,913.3916,626.00
4.564471,913.4402,649.00
4.564471,913.4888,625.00
4.564471,913.5375,681.00
4.564471,913.5862,625.00
4.564471,913.6348,663.00
4.564471,913.6834,660.00
4.564471,913.7320,680.00
4.564471,913.7806,652.00
4.564471,913.8292,660.00
4.564471,913.8778,633.00
4.564471,913.9264,682.00
4.564471,913.9750,618.00
4.564471,914.0236,698.00
4.564471,914.0721,654.00
4.564471,914.1207,694.00
4.564471,914.1693,623.00
4.564471,914.2178,703.00
4.564471,914.2664,637.00
4.564471,914.3149,659.00
4.564471,914.3635,649.00
4.564471,914.4120,663.00
4.564471,914.4606,647.00
4.564471,914.5090,696.00
4.564471,914.5576,661.00
4.564471,914.6061,708.00
4.564471,914.6546,667.00
4.564471,914.7031,669.00
4.564471,914.7516,630.00
4.564471,914.8001,690.00
4.564471,914.8486,632.00
4.564471,914.8971,699.00
4.564471,914.9456,650.00
4.564471,914.9941,669.00
4.564471,915.0425,673.00
4.564471,915.0910,652.00
4.564471,915.1395,619.00
4.564471,915.1879,707.00
4.564471,915.2363,634.00
4.564471,915.2849,734.00
4.564471,915.3333,652.00
4.564471,915.3817,703.00
4.564471,915.4301,665.00
4.564471,915.4785,649.00
4.564471,915.5269,615.00
4.564471,915.5754,678.00
4.564471,915.6237,669.00
4.564471,915.6721,680.00
4.564471,915.7205,648.00
4.564471,915.7689,707.00
4.564471,915.8173,673.00
4.564471,915.8657,654.00
4.564471,915.9141,622.00
4.564471,915.9623,670.00
4.564471,916.0107,615.00
4.564471,916.0591,698.00
4.564471,916.1075,621.00
4.564471,916.1558,657.00
4.564471,916.2042,653.00
4.564471,916.2524,673.00
4.564471,916.3008,661.00
4.564471,916.3491,658.00
4.564471,916.3974,600.00
4.564471,916.4457,686.00
4.564471,916.4940,624.00
4.564471,916.5423,670.00
4.564471,916.5907,655.00
4.564471,916.6390,660.00
4.564471,916.6872,659.00
4.564471,916.7355,624.00
4.564471,916.7838,621.00
4.564471,916.8320,697.00
4.564471,916.8803,630.00
4.564471,916.9286,681.00
4.564471,916.9768,618.00
4.564471,917.0250,660.00
4.564471,917.0733,682.00
4.564471,917.1216,651.00
4.564471,917.1698,628.00
4.564471,917.2180,621.00
4.564471,917.2662,608.00
4.564471,917.3145,671.00
4.564471,917.3626,643.00
4.564471,917.4109,696.00
4.564471,917.4590,590.00
4.564471,917.5072,672.00
4.564471,917.5554,637.00
4.564471,917.6036,693.00
4.564471,917.6518,618.00
4.564471,917.7000,695.00
4.564471,917.7481,614.00
4.564471,917.7963,684.00
4.564471,917.8444,650.00
4.564471,917.8926,705.00
4.564471,917.9407,641.00
4.564471,917.9888,683.00
4.564471,918.0369,616.00
4.564471,918.0851,669.00
4.564471,918.1332,624.00
4.564471,918.1813,698.00
4.564471,918.2294,643.00
4.564471,918.2776,708.00
4.564471,918.3257,620.00
4.564471,918.3737,656.00
4.564471,918.4218,625.00
4.564471,918.4699,707.00
4.564471,918.5180,622.00
4.564471,918.5660,636.00
4.564471,918.6142,626.00
4.564471,918.6622,688.00
4.564471,918.7103,661.00
4.564471,918.7583,701.00
4.564471,918.8064,664.00
4.564471,918.8544,645.00
4.564471,918.9025,642.00
4.564471,918.9505,664.00
4.564471,918.9985,610.00
4.564471,919.0464,690.00
4.564471,919.0945,634.00
4.564471,919.1426,703.00
4.564471,919.1905,668.00
4.564471,919.2385,641.00
4.564471,919.2866,621.00
4.564471,919.3345,687.00
4.564471,919.3825,609.00
4.564471,919.4304,680.00
4.564471,919.4785,642.00
4.564471,919.5264,688.00
4.564471,919.5744,653.00
4.564471,919.6224,658.00
4.564471,919.6703,626.00
4.564471,919.7182,633.00
4.564471,919.7661,646.00
4.564471,919.8141,660.00
4.564471,919.8620,647.00
4.564471,919.9100,691.00
4.564471,919.9578,644.00
4.564471,920.0057,719.00
4.564471,920.0536,656.00
4.564471,920.1016,651.00
4.564471,920.1495,633.00
4.564471,920.1973,654.00
4.564471,920.2452,573.00
4.564471,920.2932,652.00
4.564471,920.3410,649.00
4.564471,920.3888,684.00
4.564471,920.4367,635.00
4.564471,920.4846,626.00
4.564471,920.5323,618.00
4.564471,920.5803,630.00
4.564471,920.6281,586.00
4.564471,920.6759,667.00
4.564471,920.7237,637.00
4.564471,920.7715,651.00
4.564471,920.8195,631.00
4.564471,920.8672,625.00
4.564471,920.9150,641.00
4.564471,920.9628,666.00
4.564471,921.0106,635.00
4.564471,921.0584,683.00
4.564471,921.1062,572.00
4.564471,921.1540,684.00
4.564471,921.2017,621.00
4.564471,921.2495,625.00
4.564471,921.2973,633.00
4.564471,921.3450,662.00
4.564471,921.3928,592.00
4.564471,921.4405,654.00
4.564471,921.4882,588.00
4.564471,921.5359,640.00
4.564471,921.5837,629.00
4.564471,921.6315,642.00
4.564471,921.6791,631.00
4.564471,921.7269,642.00
4.564471,921.7746,600.00
4.564471,921.8223,622.00
4.564471,921.8700,587.00
4.564471,921.9177,675.00
4.564471,921.9653,601.00
4.564471,922.0130,670.00
4.564471,922.0607,617.00
4.564471,922.1084,657.00
4.564471,922.1561,621.00
4.564471,922.2037,640.00
4.564471,922.2513,613.00
4.564471,922.2990,674.00
4.564471,922.3467,606.00
4.564471,922.3943,628.00
4.564471,922.4419,594.00
4.564471,922.4895,660.00
4.564471,922.5371,625.00
4.564471,922.5848,647.00
4.564471,922.6324,612.00
4.564471,922.6800,641.00
4.564471,922.7276,556.00
4.564471,922.7752,668.00
4.564471,922.8228,637.00
4.564471,922.8704,670.00
4.564471,922.9179,622.00
4.564471,922.9655,676.00
4.564471,923.0130,632.00
4.564471,923.0607,674.00
4.564471,923.1082,597.00
4.564471,923.1558,667.00
4.564471,923.2032,628.00
4.564471,923.2508,654.00
4.564471,923.2983,643.00
4.564471,923.3459,648.00
4.564471,923.3934,657.00
4.564471,923.4409,642.00
4.564471,923.4884,619.00
4.564471,923.5359,673.00
4.564471,923.5834,598.00
4.564471,923.6309,650.00
4.564471,923.6784,635.00
4.564471,923.7259,675.00
4.564471,923.7734,636.00
4.564471,923.8209,631.00
4.564471,923.8683,603.00
4.564471,923.9158,649.00
4.564471,923.9632,613.00
4.564471,924.0106,670.00
4.564471,924.0581,593.00
4.564471,924.1056,651.00
4.564471,924.1530,626.00
4.564471,924.2004,684.00
4.564471,924.2479,593.00
4.564471,924.2952,620.00
4.564471,924.3427,579.00
4.564471,924.3901,659.00
4.564471,924.4375,636.00
4.564471,924.4849,686.00
4.564471,924.5323,656.00
4.564471,924.5797,639.00
4.564471,924.6270,635.00
4.564471,924.6744,682.00
4.564471,924.7218,589.00
4.564471,924.7692,650.00
4.564471,924.8165,561.00
4.564471,924.8639,671.00
4.564471,924.9112,635.00
4.564471,924.9585,666.00
4.564471,925.0059,649.00
4.564471,925.0532,634.00
4.564471,925.1005,603.00
4.564471,925.1478,657.00
4.564471,925.1952,587.00
4.564471,925.2424,654.00
4.564471,925.2897,625.00
4.564471,925.3370,685.00
4.564471,925.3843,648.00
4.564471,925.4316,637.00
4.564471,925.4789,595.00
4.564471,925.5262,654.00
4.564471,925.5734,596.00
4.564471,925.6207,680.00
4.564471,925.6680,630.00
4.564471,925.7153,685.00
4.564471,925.7625,649.00
4.564471,925.8097,614.00
4.564471,925.8569,644.00
4.564471,925.9042,657.00
4.564471,925.9514,602.00
4.564471,925.9987,672.00
4.564471,926.0458,605.00
4.564471,926.0930,662.00
4.564471,926.1403,614.00
4.564471,926.1874,659.00
4.564471,926.2346,626.00
4.564471,926.2819,694.00
4.564471,926.3290,603.00
4.564471,926.3762,661.00
4.564471,926.4233,581.00
4.564471,926.4705,679.00
4.564471,926.5177,649.00
4.564471,926.5648,681.00
4.564471,926.6120,694.00
4.564471,926.6591,688.00
4.564471,926.7063,655.00
4.564471,926.7534,686.00
4.564471,926.8005,594.00
4.564471,926.8477,695.00
4.564471,926.8947,630.00
4.564471,926.9418,691.00
4.564471,926.9890,667.00
4.564471,927.0361,679.00
4.564471,927.0831,635.00
4.564471,927.1302,683.00
4.564471,927.1773,629.00
4.564471,927.2244,697.00
4.564471,927.2715,643.00
4.564471,927.3185,667.00
4.564471,927.3656,639.00
4.564471,927.4126,708.00
4.564471,927.4597,688.00
4.564471,927.5067,675.00
4.564471,927.5538,627.00
4.564471,927.6008,699.00
4.564471,927.6478,646.00
4.564471,927.6949,730.00
4.564471,927.7419,681.00
4.564471,927.7888,699.00
4.564471,927.8358,677.00
4.564471,927.8829,695.00
4.564471,927.9299,611.00
4.564471,927.9769,706.00
4.564471,928.0239,659.00
4.564471,928.0708,690.00
4.564471,928.1177,635.00
4.564471,928.1648,707.00
4.564471,928.2117,693.00
4.564471,928.2587,685.00
4.564471,928.3056,659.00
4.564471,928.3525,685.00
4.564471,928.3995,645.00
4.564471,928.4465,696.00
4.564471,928.4934,652.00
4.564471,928.5402,699.00
4.564471,928.5872,680.00
4.564471,928.6340,720.00
4.564471,928.6810,658.00
4.564471,928.7279,658.00
4.564471,928.7748,669.00
4.564471,928.8217,690.00
4.564471,928.8685,660.00
4.564471,928.9155,701.00
4.564471,928.9623,643.00
4.564471,929.0092,696.00
4.564471,929.0560,639.00
4.564471,929.1028,666.00
4.564471,929.1498,638.00
4.564471,929.1965,675.00
4.564471,929.2434,684.00
4.564471,929.2902,689.00
4.564471,929.3370,631.00
4.564471,929.3839,683.00
4.564471,929.4307,675.00
4.564471,929.4775,648.00
4.564471,929.5243,666.00
4.564471,929.5710,669.00
4.564471,929.6179,651.00
4.564471,929.6647,671.00
4.564471,929.7115,614.00
4.564471,929.7582,677.00
4.564471,929.8050,622.00
4.564471,929.8517,735.00
4.564471,929.8986,633.00
4.564471,929.9453,667.00
4.564471,929.9921,638.00
4.564471,930.0388,707.00
4.564471,930.0854,645.00
4.564471,930.1323,674.00
4.564471,930.1790,621.00
4.564471,930.2256,675.00
4.564471,930.2724,653.00
4.564471,930.3191,660.00
4.564471,930.3658,631.00
4.564471,930.4125,660.00
4.564471,930.4592,637.00
4.564471,930.5059,696.00
4.564471,930.5526,642.00
4.564471,930.5993,669.00
4.564471,930.6459,652.00
4.564471,930.6926,678.00
4.564471,930.7392,680.00
4.564471,930.7859,693.00
4.564471,930.8325,606.00
4.564471,930.8792,698.00
4.564471,930.9258,635.00
4.564471,930.9725,682.00
4.564471,931.0190,650.00
4.564471,931.0657,701.00
4.564471,931.1123,681.00
4.564471,931.1589,663.00
4.564471,931.2055,621.00
4.564471,931.2521,677.00
4.564471,931.2987,632.00
4.564471,931.3453,682.00
4.564471,931.3919,615.00
4.564471,931.4385,682.00
4.564471,931.4850,666.00
4.564471,931.5316,660.00
4.564471,931.5782,613.00
4.564471,931.6248,663.00
4.564471,931.6713,627.00
4.564471,931.7178,667.00
4.564471,931.7643,622.00
4.564471,931.8109,674.00
4.564471,931.8574,663.00
4.564471,931.9039,669.00
4.564471,931.9504,689.00
4.564471,931.9969,687.00
4.564471,932.0435,651.00
4.564471,932.0900,705.00
4.564471,932.1365,620.00
4.564471,932.1829,694.00
4.564471,932.2294,651.00
4.564471,932.2759,691.00
4.564471,932.3223,648.00
4.564471,932.3688,640.00
4.564471,932.4153,669.00
4.564471,932.4617,689.00
4.564471,932.5082,631.00
4.564471,932.5546,680.00
4.564471,932.6011,652.00
4.564471,932.6475,706.00
4.564471,932.6939,704.00
4.564471,932.7402,665.00
4.564471,932.7867,650.00
4.564471,932.8331,670.00
4.564471,932.8795,623.00
4.564471,932.9259,692.00
4.564471,932.9723,640.00
4.564471,933.0187,707.00
4.564471,933.0651,705.00
4.564471,933.1115,699.00
4.564471,933.1578,668.00
4.564471,933.2042,674.00
4.564471,933.2505,629.00
4.564471,933.2969,688.00
4.564471,933.3433,689.00
4.564471,933.3896,708.00
4.564471,933.4359,665.00
4.564471,933.4822,682.00
4.564471,933.5286,660.00
4.564471,933.5749,678.00
4.564471,933.6212,654.00
4.564471,933.6675,686.00
4.564471,933.7138,655.00
4.564471,933.7601,698.00
4.564471,933.8064,635.00
4.564471,933.8527,685.00
4.564471,933.8989,657.00
4.564471,933.9452,689.00
4.564471,933.9915,673.00
4.564471,934.0378,663.00
4.564471,934.0840,626.00
4.564471,934.1302,720.00
4.564471,934.1765,636.00
4.564471,934.2227,720.00
4.564471,934.2690,689.00
4.564471,934.3152,695.00
4.564471,934.3614,680.00
4.564471,934.4077,682.00
4.564471,934.4539,658.00
4.564471,934.5001,732.00
4.564471,934.5463,647.00
4.564471,934.5925,724.00
4.564471,934.6387,699.00
4.564471,934.6848,697.00
4.564471,934.7310,654.00
4.564471,934.7772,679.00
4.564471,934.8234,658.00
4.564471,934.8695,705.00
4.564471,934.9156,636.00
4.564471,934.9619,701.00
4.564471,935.0080,671.00
4.564471,935.0541,705.00
4.564471,935.1002,676.00
4.564471,935.1464,698.00
4.564471,935.1925,656.00
4.564471,935.2386,701.00
4.564471,935.2847,682.00
4.564471,935.3308,724.00
4.564471,935.3769,651.00
4.564471,935.4230,732.00
4.564471,935.4691,674.00
4.564471,935.5152,687.00
4.564471,935.5613,658.00
4.564471,935.6073,709.00
4.564471,935.6534,632.00
4.564471,935.6995,697.00
4.564471,935.7455,645.00
4.564471,935.7916,699.00
4.564471,935.8376,672.00
4.564471,935.8837,688.00
4.564471,935.9297,644.00
4.564471,935.9757,692.00
4.564471,936.0217,649.00
4.564471,936.0677,674.00
4.564471,936.1137,614.00
4.564471,936.1598,702.00
4.564471,936.2057,638.00
4.564471,936.2518,706.00
4.564471,936.2977,651.00
4.564471,936.3437,671.00
4.564471,936.3896,617.00
4.564471,936.4357,653.00
4.564471,936.4816,617.00
4.564471,936.5275,687.00
4.564471,936.5735,609.00
4.564471,936.6194,696.00
4.564471,936.6654,668.00
4.564471,936.7114,676.00
4.564471,936.7573,615.00
4.564471,936.8032,644.00
4.564471,936.8491,574.00
4.564471,936.8950,630.00
4.564471,936.9409,600.00
4.564471,936.9868,679.00
4.564471,937.0327,618.00
4.564471,937.0786,689.00
4.564471,937.1245,641.00
4.564471,937.1704,652.00
4.564471,937.2162,619.00
4.564471,937.2621,643.00
4.564471,937.3080,582.00
4.564471,937.3539,666.00
4.564471,937.3997,600.00
4.564471,937.4455,661.00
4.564471,937.4913,625.00
4.564471,937.5372,669.00
4.564471,937.5831,623.00
4.564471,937.6289,638.00
4.564471,937.6747,620.00
4.564471,937.7205,678.00
4.564471,937.7663,616.00
4.564471,937.8121,663.00
4.564471,937.8579,617.00
4.564471,937.9037,634.00
4.564471,937.9495,643.00
4.564471,937.9952,654.00
4.564471,938.0410,615.00
4.564471,938.0868,674.00
4.564471,938.1325,577.00
4.564471,938.1783,693.00
4.564471,938.2240,629.00
4.564471,938.2698,669.00
4.564471,938.3155,649.00
4.564471,938.3613,646.00
4.564471,938.4069,588.00
4.564471,938.4527,648.00
4.564471,938.4984,612.00
4.564471,938.5441,698.00
4.564471,938.5898,649.00
4.564471,938.6356,668.00
4.564471,938.6812,650.00
4.564471,938.7269,658.00
4.564471,938.7726,645.00
4.564471,938.8182,652.00
4.564471,938.8640,640.00
4.564471,938.9096,677.00
4.564471,938.9552,631.00
4.564471,939.0010,652.00
4.564471,939.0466,646.00
4.564471,939.0922,674.00
4.564471,939.1378,664.00
4.564471,939.1835,689.00
4.564471,939.2291,584.00
4.564471,939.2747,667.00
4.564471,939.3203,619.00
4.564471,939.3659,700.00
4.564471,939.4115,654.00
4.564471,939.4570,690.00
4.564471,939.5027,697.00
4.564471,939.5483,677.00
4.564471,939.5939,638.00
4.564471,939.6395,687.00
4.564471,939.6851,651.00
4.564471,939.7306,688.00
4.564471,939.7761,654.00
4.564471,939.8217,697.00
4.564471,939.8672,665.00
4.564471,939.9127,671.00
4.564471,939.9583,684.00
4.564471,940.0038,691.00
4.564471,940.0493,668.00
4.564471,940.0948,734.00
4.564471,940.1403,631.00
4.564471,940.1859,716.00
4.564471,940.2314,653.00
4.564471,940.2769,696.00
4.564471,940.3223,673.00
4.564471,940.3678,687.00
4.564471,940.4133,658.00
4.564471,940.4588,698.00
4.564471,940.5042,654.00
4.564471,940.5497,732.00
4.564471,940.5952,663.00
4.564471,940.6406,709.00
4.564471,940.6860,669.00
4.564471,940.7315,677.00
4.564471,940.7769,674.00
4.564471,940.8223,689.00
4.564471,940.8677,650.00
4.564471,940.9132,682.00
4.564471,940.9586,646.00
4.564471,941.0040,713.00
4.564471,941.0494,692.00
4.564471,941.0948,705.00
4.564471,941.1402,675.00
4.564471,941.1855,687.00
4.564471,941.2310,628.00
4.564471,941.2762,728.00
4.564471,941.3216,626.00
4.564471,941.3670,737.00
4.564471,941.4124,645.00
4.564471,941.4577,692.00
4.564471,941.5031,662.00
4.564471,941.5483,657.00
4.564471,941.5937,658.00
4.564471,941.6390,712.00
4.564471,941.6843,642.00
4.564471,941.7296,685.00
4.564471,941.7749,660.00
4.564471,941.8203,703.00
4.564471,941.8655,672.00
4.564471,941.9108,651.00
4.564471,941.9561,656.00
4.564471,942.0013,700.00
4.564471,942.0467,645.00
4.564471,942.0920,732.00
4.564471,942.1372,673.00
4.564471,942.1824,720.00
4.564471,942.2277,662.00
4.564471,942.2729,708.00
4.564471,942.3182,638.00
4.564471,942.3634,706.00
4.564471,942.4086,666.00
4.564471,942.4539,673.00
4.564471,942.4990,652.00
4.564471,942.5443,691.00
4.564471,942.5895,673.00
4.564471,942.6347,693.00
4.564471,942.6798,628.00
4.564471,942.7250,676.00
4.564471,942.7702,663.00
4.564471,942.8154,686.00
4.564471,942.8606,618.00
4.564471,942.9058,704.00
4.564471,942.9508,656.00
4.564471,942.9960,703.00
4.564471,943.0412,641.00
4.564471,943.0864,667.00
4.564471,943.1314,630.00
4.564471,943.1766,702.00
4.564471,943.2217,665.00
4.564471,943.2668,714.00
4.564471,943.3120,649.00
4.564471,943.3571,723.00
4.564471,943.4021,669.00
4.564471,943.4473,720.00
4.564471,943.4923,649.00
4.564471,943.5374,690.00
4.564471,943.5825,691.00
4.564471,943.6276,686.00
4.564471,943.6725,608.00
4.564471,943.7177,694.00
4.564471,943.7627,693.00
4.564471,943.8078,665.00
4.564471,943.8528,665.00
4.564471,943.8978,692.00
4.564471,943.9429,669.00
4.564471,943.9879,710.00
4.564471,944.0330,642.00
4.564471,944.0779,700.00
4.564471,944.1229,670.00
4.564471,944.1679,712.00
4.564471,944.2130,677.00
4.564471,944.2579,723.00
4.564471,944.3029,668.00
4.564471,944.3478,653.00
4.564471,944.3929,640.00
4.564471,944.4379,710.00
4.564471,944.4828,665.00
4.564471,944.5277,724.00
4.564471,944.5727,628.00
4.564471,944.6176,696.00
4.564471,944.6626,685.00
4.564471,944.7076,698.00
4.564471,944.7524,632.00
4.564471,944.7974,690.00
4.564471,944.8423,620.00
4.564471,944.8872,698.00
4.564471,944.9321,683.00
4.564471,944.9770,688.00
4.564471,945.0219,685.00
4.564471,945.0667,698.00
4.564471,945.1116,639.00
4.564471,945.1566,657.00
4.564471,945.2014,642.00
4.564471,945.2463,698.00
4.564471,945.2911,623.00
4.564471,945.3360,723.00
4.564471,945.3808,656.00
4.564471,945.4257,725.00
4.564471,945.4705,651.00
4.564471,945.5153,687.00
4.564471,945.5601,601.00
4.564471,945.6050,718.00
4.564471,945.6498,650.00
4.564471,945.6946,701.00
4.564471,945.7394,675.00
4.564471,945.7842,692.00
4.564471,945.8290,669.00
4.564471,945.8738,709.00
4.564471,945.9186,638.00
4.564471,945.9633,675.00
4.564471,946.0081,632.00
4.564471,946.0529,674.00
4.564471,946.0976,660.00
4.564471,946.1423,671.00
4.564471,946.1871,659.00
4.564471,946.2318,686.00
4.564471,946.2766,601.00
4.564471,946.3213,674.00
4.564471,946.3660,633.00
4.564471,946.4107,701.00
4.564471,946.4554,655.00
4.564471,946.5001,696.00
4.564471,946.5449,683.00
4.564471,946.5895,662.00
4.564471,946.6342,654.00
4.564471,946.6789,675.00
4.564471,946.7236,646.00
4.564471,946.7682,677.00
4.564471,946.8129,651.00
4.564471,946.8575,733.00
4.564471,946.9022,653.00
4.564471,946.9468,725.00
4.564471,946.9915,650.00
4.564471,947.0361,675.00
4.564471,947.0807,656.00
4.564471,947.1253,660.00
4.564471,947.1700,614.00
4.564471,947.2146,713.00
4.564471,947.2592,637.00
4.564471,947.3038,662.00
4.564471,947.3483,652.00
4.564471,947.3929,691.00
4.564471,947.4376,626.00
4.564471,947.4821,678.00
4.564471,947.5267,625.00
4.564471,947.5712,694.00
4.564471,947.6158,637.00
4.564471,947.6604,683.00
4.564471,947.7050,651.00
4.564471,947.7495,656.00
4.564471,947.7939,635.00
4.564471,947.8385,688.00
4.564471,947.8831,615.00
4.564471,947.9276,673.00
4.564471,947.9720,656.00
4.564471,948.0166,649.00
4.564471,948.0611,630.00
4.564471,948.1056,653.00
4.564471,948.1501,634.00
4.564471,948.1945,646.00
4.564471,948.2390,618.00
4.564471,948.2835,667.00
4.564471,948.3279,630.00
4.564471,948.3724,681.00
4.564471,948.4169,631.00
4.564471,948.4613,689.00
4.564471,948.5057,637.00
4.564471,948.5502,635.00
4.564471,948.5947,608.00
4.564471,948.6391,689.00
4.564471,948.6835,646.00
4.564471,948.7279,678.00
4.564471,948.7723,647.00
4.564471,948.8167,672.00
4.564471,948.8611,608.00
4.564471,948.9055,617.00
4.564471,948.9498,623.00
4.564471,948.9943,641.00
4.564471,949.0387,612.00
4.564471,949.0830,678.00
4.564471,949.1273,640.00
4.564471,949.1718,671.00
4.564471,949.2161,640.00
4.564471,949.2604,662.00
4.564471,949.3047,615.00
4.564471,949.3491,640.00
4.564471,949.3934,623.00
4.564471,949.4377,652.00
4.564471,949.4821,607.00
4.564471,949.5264,671.00
4.564471,949.5707,662.00
4.564471,949.6150,671.00
4.564471,949.6592,650.00
4.564471,949.7036,637.00
4.564471,949.7479,613.00
4.564471,949.7921,705.00
4.564471,949.8363,621.00
4.564471,949.8806,673.00
4.564471,949.9249,656.00
4.564471,949.9692,694.00
4.564471,950.0134,650.00
4.564471,950.0576,686.00
4.564471,950.1019,638.00
4.564471,950.1461,700.00
4.564471,950.1903,609.00
4.564471,950.2346,709.00
4.564471,950.2787,635.00
4.564471,950.3229,659.00
4.564471,950.3671,614.00
4.564471,950.4114,676.00
4.564471,950.4555,656.00
4.564471,950.4997,683.00
4.564471,950.5439,641.00
4.564471,950.5880,695.00
4.564471,950.6322,618.00
4.564471,950.6763,664.00
4.564471,950.7205,637.00
4.564471,950.7646,660.00
4.564471,950.8088,635.00
4.564471,950.8530,667.00
4.564471,950.8971,670.00
4.564471,950.9412,668.00
4.564471,950.9853,576.00
4.564471,951.0294,673.00
4.564471,951.0735,635.00
4.564471,951.1177,713.00
4.564471,951.1617,656.00
4.564471,951.2057,684.00
4.564471,951.2499,660.00
4.564471,951.2939,669.00
4.564471,951.3380,624.00
4.564471,951.3821,688.00
4.564471,951.4261,644.00
4.564471,951.4702,690.00
4.564471,951.5142,662.00
4.564471,951.5582,672.00
4.564471,951.6024,634.00
4.564471,951.6464,690.00
4.564471,951.6904,669.00
4.564471,951.7344,693.00
4.564471,951.7784,600.00
4.564471,951.8224,697.00
4.564471,951.8665,633.00
4.564471,951.9104,692.00
4.564471,951.9544,644.00
4.564471,951.9984,640.00
4.564471,952.0424,664.00
4.564471,952.0864,686.00
4.564471,952.1303,626.00
4.564471,952.1743,716.00
4.564471,952.2183,678.00
4.564471,952.2621,694.00
4.564471,952.3061,659.00
4.564471,952.3500,695.00
4.564471,952.3940,646.00
4.564471,952.4379,677.00
4.564471,952.4818,621.00
4.564471,952.5258,687.00
4.564471,952.5696,655.00
4.564471,952.6136,715.00
4.564471,952.6574,646.00
4.564471,952.7014,688.00
4.564471,952.7452,653.00
4.564471,952.7891,667.00
4.564471,952.8330,631.00
4.564471,952.8768,699.00
4.564471,952.9207,630.00
4.564471,952.9645,698.00
4.564471,953.0084,651.00
4.564471,953.0522,689.00
4.564471,953.0961,657.00
4.564471,953.1400,651.00
4.564471,953.1838,631.00
4.564471,953.2275,655.00
4.564471,953.2714,636.00
4.564471,953.3152,730.00
4.564471,953.3589,647.00
4.564471,953.4028,701.00
4.564471,953.4466,653.00
4.564471,953.4904,650.00
4.564471,953.5341,649.00
4.564471,953.5779,641.00
4.564471,953.6217,602.00
4.564471,953.6654,640.00
4.564471,953.7092,597.00
4.564471,953.7529,698.00
4.564471,953.7967,624.00
4.564471,953.8405,661.00
4.564471,953.8842,610.00
4.564471,953.9279,618.00
4.564471,953.9716,607.00
4.564471,954.0153,660.00
4.564471,954.0590,612.00
4.564471,954.1027,655.00
4.564471,954.1464,653.00
4.564471,954.1901,641.00
4.564471,954.2338,644.00
4.564471,954.2774,642.00
4.564471,954.3212,627.00
4.564471,954.3648,666.00
4.564471,954.4084,640.00
4.564471,954.4521,670.00
4.564471,954.4958,631.00
4.564471,954.5394,635.00
4.564471,954.5831,615.00
4.564471,954.6267,666.00
4.564471,954.6703,627.00
4.564471,954.7139,655.00
4.564471,954.7576,619.00
4.564471,954.8012,663.00
4.564471,954.8448,571.00
4.564471,954.8884,673.00
4.564471,954.9319,625.00
4.564471,954.9755,697.00
4.564471,955.0191,637.00
4.564471,955.0627,627.00
4.564471,955.1063,574.00
4.564471,955.1498,638.00
4.564471,955.1934,592.00
4.564471,955.2369,636.00
4.564471,955.2805,609.00
4.564471,955.3240,653.00
4.564471,955.3675,633.00
4.564471,955.4111,646.00
4.564471,955.4546,586.00
4.564471,955.4981,648.00
4.564471,955.5416,590.00
4.564471,955.5851,650.00
4.564471,955.6285,587.00
4.564471,955.6722,671.00
4.564471,955.7156,606.00
4.564471,955.7590,643.00
4.564471,955.8025,631.00
4.564471,955.8460,669.00
4.564471,955.8895,597.00
4.564471,955.9329,649.00
4.564471,955.9764,635.00
4.564471,956.0198,693.00
4.564471,956.0632,608.00
4.564471,956.1067,684.00
4.564471,956.1501,656.00
4.564471,956.1935,677.00
4.564471,956.2369,612.00
4.564471,956.2803,646.00
4.564471,956.3238,606.00
4.564471,956.3671,656.00
4.564471,956.4105,628.00
4.564471,956.4539,666.00
4.564471,956.4973,639.00
4.564471,956.5406,611.00
4.564471,956.5841,600.00
4.564471,956.6274,638.00
4.564471,956.6707,615.00
4.564471,956.7141,663.00
4.564471,956.7575,611.00
4.564471,956.8008,668.00
4.564471,956.8442,625.00
4.564471,956.8875,637.00
4.564471,956.9308,633.00
4.564471,956.9741,687.00
4.564471,957.0174,642.00
4.564471,957.0607,628.00
4.564471,957.1040,602.00
4.564471,957.1473,686.00
4.564471,957.1906,615.00
4.564471,957.2339,665.00
4.564471,957.2772,668.00
4.564471,957.3204,675.00
4.564471,957.3636,609.00
4.564471,957.4069,667.00
4.564471,957.4502,604.00
4.564471,957.4934,684.00
4.564471,957.5366,637.00
4.564471,957.5799,666.00
4.564471,957.6230,615.00
4.564471,957.6664,648.00
4.564471,957.7095,654.00
4.564471,957.7527,684.00
4.564471,957.7959,625.00
4.564471,957.8392,669.00
4.564471,957.8823,634.00
4.564471,957.9255,689.00
4.564471,957.9687,652.00
4.564471,958.0118,678.00
4.564471,958.0551,654.00
4.564471,958.0983,675.00
4.564471,958.1414,628.00
4.564471,958.1845,676.00
4.564471,958.2277,637.00
4.564471,958.2708,683.00
4.564471,958.3139,631.00
4.564471,958.3571,684.00
4.564471,958.4001,648.00
4.564471,958.4432,650.00
4.564471,958.4864,653.00
4.564471,958.5295,681.00
4.564471,958.5726,648.00
4.564471,958.6157,714.00
4.564471,958.6588,635.00
4.564471,958.7018,696.00
4.564471,958.7449,622.00
4.564471,958.7879,672.00
4.564471,958.8311,629.00
4.564471,958.8741,667.00
4.564471,958.9171,614.00
4.564471,958.9601,695.00
4.564471,959.0032,612.00
4.564471,959.0463,684.00
4.564471,959.0893,677.00
4.564471,959.1323,657.00
4.564471,959.1752,685.00
4.564471,959.2183,680.00
4.564471,959.2613,644.00
4.564471,959.3043,686.00
4.564471,959.3472,620.00
4.564471,959.3903,678.00
4.564471,959.4332,638.00
4.564471,959.4763,654.00
4.564471,959.5192,637.00
4.564471,959.5621,644.00
4.564471,959.6051,633.00
4.564471,959.6480,675.00
4.564471,959.6910,579.00
4.564471,959.7339,684.00
4.564471,959.7768,614.00
4.564471,959.8198,634.00
4.564471,959.8627,605.00
4.564471,959.9056,665.00
4.564471,959.9485,620.00
4.564471,959.9915,617.00
4.564471,960.0343,573.00
4.564471,960.0771,670.00
4.564471,960.1201,606.00
4.564471,960.1630,650.00
4.564471,960.2058,646.00
4.564471,960.2487,632.00
4.564471,960.2915,607.00
4.564471,960.3344,617.00
4.564471,960.3773,571.00
4.564471,960.4200,661.00
4.564471,960.4629,588.00
4.564471,960.5057,673.00
4.564471,960.5485,600.00
4.564471,960.5914,633.00
4.564471,960.6342,624.00
4.564471,960.6770,622.00
4.564471,960.7198,602.00
4.564471,960.7626,606.00
4.564471,960.8054,562.00
4.564471,960.8481,644.00
4.564471,960.8909,625.00
4.564471,960.9337,651.00
4.564471,960.9764,631.00
4.564471,961.0192,633.00
4.564471,961.0620,596.00
4.564471,961.1047,604.00
4.564471,961.1475,603.00
4.564471,961.1902,673.00
4.564471,961.2329,586.00
4.564471,961.2757,640.00
4.564471,961.3184,640.00
4.564471,961.3611,605.00
4.564471,961.4037,610.00
4.564471,961.4465,641.00
4.564471,961.4892,598.00
4.564471,961.5319,626.00
4.564471,961.5745,586.00
4.564471,961.6172,669.00
4.564471,961.6599,600.00
4.564471,961.7026,661.00
4.564471,961.7452,615.00
4.564471,961.7878,649.00
4.564471,961.8304,624.00
4.564471,961.8731,650.00
4.564471,961.9157,588.00
4.564471,961.9584,635.00
4.564471,962.0010,624.00
4.564471,962.0436,664.00
4.564471,962.0862,629.00
4.564471,962.1288,670.00
4.564471,962.1714,609.00
4.564471,962.2140,624.00
4.564471,962.2565,578.00
4.564471,962.2991,656.00
4.564471,962.3417,577.00
4.564471,962.3843,638.00
4.564471,962.4268,636.00
4.564471,962.4694,635.00
4.564471,962.5119,608.00
4.564471,962.5545,664.00
4.564471,962.5970,573.00
4.564471,962.6396,648.00
4.564471,962.6821,585.00
4.564471,962.7246,682.00
4.564471,962.7671,622.00
4.564471,962.8096,670.00
4.564471,962.8522,630.00
4.564471,962.8947,624.00
4.564471,962.9371,573.00
4.564471,962.9796,639.00
4.564471,963.0222,609.00
4.564471,963.0646,669.00
4.564471,963.1070,578.00
4.564471,963.1495,646.00
4.564471,963.1919,603.00
4.564471,963.2344,614.00
4.564471,963.2768,602.00
4.564471,963.3193,655.00
4.564471,963.3616,599.00
4.564471,963.4041,697.00
4.564471,963.4465,589.00
4.564471,963.4889,659.00
4.564471,963.5314,633.00
4.564471,963.5737,623.00
4.564471,963.6161,602.00
4.564471,963.6585,620.00
4.564471,963.7009,589.00
4.564471,963.7433,636.00
4.564471,963.7856,619.00
4.564471,963.8280,677.00
4.564471,963.8704,588.00
4.564471,963.9127,678.00
4.564471,963.9551,626.00
4.564471,963.9974,627.00
4.564471,964.0397,614.00
4.564471,964.0820,652.00
4.564471,964.1244,585.00
4.564471,964.1667,691.00
4.564471,964.2090,627.00
4.564471,964.2513,675.00
4.564471,964.2936,618.00
4.564471,964.3359,664.00
4.564471,964.3782,609.00
4.564471,964.4205,663.00
4.564471,964.4627,603.00
4.564471,964.5050,661.00
4.564471,964.5472,594.00
4.564471,964.5895,666.00
4.564471,964.6317,629.00
4.564471,964.6740,649.00
4.564471,964.7162,648.00
4.564471,964.7585,615.00
4.564471,964.8007,587.00
4.564471,964.8429,618.00
4.564471,964.8851,588.00
4.564471,964.9273,668.00
4.564471,964.9695,603.00
4.564471,965.0118,645.00
4.564471,965.0539,601.00
4.564471,965.0961,618.00
4.564471,965.1382,660.00
4.564471,965.1805,641.00
4.564471,965.2226,606.00
4.564471,965.2648,652.00
4.564471,965.3069,605.00
4.564471,965.3491,634.00
4.564471,965.3912,624.00
4.564471,965.4333,655.00
4.564471,965.4755,622.00
4.564471,965.5176,630.00
4.564471,965.5598,583.00
4.564471,965.6019,696.00
4.564471,965.6439,605.00
4.564471,965.6861,653.00
4.564471,965.7281,589.00
4.564471,965.7702,633.00
4.564471,965.8123,604.00
4.564471,965.8543,636.00
4.564471,965.8964,618.00
4.564471,965.9385,662.00
4.564471,965.9806,606.00
4.564471,966.0226,674.00
4.564471,966.0647,594.00
4.564471,966.1068,611.00
4.564471,966.1487,635.00
4.564471,966.1907,635.00
4.564471,966.2328,595.00
4.564471,966.2748,639.00
4.564471,966.3168,603.00
4.564471,966.3588,637.00
4.564471,966.4008,567.00
4.564471,966.4427,613.00
4.564471,966.4848,619.00
4.564471,966.5268,621.00
4.564471,966.5688,616.00
4.564471,966.6107,661.00
4.564471,966.6526,578.00
4.564471,966.6946,639.00
4.564471,966.7366,558.00
4.564471,966.7785,658.00
4.564471,966.8204,608.00
4.564471,966.8624,641.00
4.564471,966.9042,637.00
4.564471,966.9462,615.00
4.564471,966.9881,591.00
4.564471,967.0300,650.00
4.564471,967.0719,594.00
4.564471,967.1138,658.00
4.564471,967.1556,619.00
4.564471,967.1976,651.00
4.564471,967.2394,627.00
4.564471,967.2813,633.00
4.564471,967.3232,599.00
4.564471,967.3651,665.00
4.564471,967.4070,593.00
4.564471,967.4488,673.00
4.564471,967.4906,618.00
4.564471,967.5324,693.00
4.564471,967.5743,664.00
4.564471,967.6161,644.00
4.564471,967.6579,612.00
4.564471,967.6997,639.00
4.564471,967.7415,592.00
4.564471,967.7833,680.00
4.564471,967.8251,600.00
4.564471,967.8669,672.00
4.564471,967.9087,637.00
4.564471,967.9504,640.00
4.564471,967.9922,638.00
4.564471,968.0339,646.00
4.564471,968.0757,610.00
4.564471,968.1174,666.00
4.564471,968.1592,574.00
4.564471,968.2009,641.00
4.564471,968.2427,591.00
4.564471,968.2844,637.00
4.564471,968.3262,659.00
4.564471,968.3679,633.00
4.564471,968.4095,624.00
4.564471,968.4512,659.00
4.564471,968.4930,602.00
4.564471,968.5347,669.00
4.564471,968.5763,634.00
4.564471,968.6180,672.00
4.564471,968.6597,615.00
4.564471,968.7014,671.00
4.564471,968.7430,608.00
4.564471,968.7846,647.00
4.564471,968.8263,574.00
4.564471,968.8679,655.00
4.564471,968.9095,577.00
4.564471,968.9512,672.00
4.564471,968.9928,633.00
4.564471,969.0344,639.00
4.564471,969.0761,635.00
4.564471,969.1177,592.00
4.564471,969.1592,606.00
4.564471,969.2009,644.00
4.564471,969.2424,589.00
4.564471,969.2839,665.00
4.564471,969.3255,602.00
4.564471,969.3672,631.00
4.564471,969.4087,624.00
4.564471,969.4503,654.00
4.564471,969.4918,582.00
4.564471,969.5333,641.00
4.564471,969.5749,597.00
4.564471,969.6165,642.00
4.564471,969.6580,579.00
4.564471,969.6995,655.00
4.564471,969.7410,650.00
4.564471,969.7825,656.00
4.564471,969.8240,605.00
4.564471,969.8655,617.00
4.564471,969.9070,565.00
4.564471,969.9484,661.00
4.564471,969.9899,576.00
4.564471,970.0314,646.00
4.564471,970.0728,622.00
4.564471,970.1143,640.00
4.564471,970.1558,638.00
4.564471,970.1971,644.00
4.564471,970.2386,569.00
4.564471,970.2801,617.00
4.564471,970.3215,582.00
4.564471,970.3629,627.00
4.564471,970.4044,586.00
4.564471,970.4457,622.00
4.564471,970.4872,624.00
4.564471,970.5286,603.00
4.564471,970.5699,589.00
4.564471,970.6113,617.00
4.564471,970.6527,559.00
4.564471,970.6941,612.00
4.564471,970.7354,589.00
4.564471,970.7768,608.00
4.564471,970.8182,606.00
4.564471,970.8595,639.00
4.564471,970.9009,618.00
4.564471,970.9422,608.00
4.564471,970.9835,584.00
4.564471,971.0248,635.00
4.564471,971.0662,555.00
4.564471,971.1075,617.00
4.564471,971.1487,606.00
4.564471,971.1901,628.00
4.564471,971.2314,605.00
4.564471,971.2727,601.00
4.564471,971.3140,572.00
4.564471,971.3552,607.00
4.564471,971.3965,568.00
4.564471,971.4377,634.00
4.564471,971.4789,600.00
4.564471,971.5203,630.00
4.564471,971.5615,607.00
4.564471,971.6027,606.00
4.564471,971.6439,575.00
4.564471,971.6852,624.00
4.564471,971.7264,601.00
4.564471,971.7676,629.00
4.564471,971.8088,569.00
4.564471,971.8500,581.00
4.564471,971.8912,620.00
4.564471,971.9324,626.00
4.564471,971.9736,624.00
4.564471,972.0148,614.00
4.564471,972.0560,578.00
4.564471,972.0972,632.00
4.564471,972.1384,591.00
4.564471,972.1794,644.00
4.564471,972.2206,599.00
4.564471,972.2617,589.00
4.564471,972.3029,610.00
4.564471,972.3439,585.00
4.564471,972.3851,564.00
4.564471,972.4262,585.00
4.564471,972.4673,526.00
4.564471,972.5085,641.00
4.564471,972.5496,562.00
4.564471,972.5907,616.00
4.564471,972.6317,568.00
4.564471,972.6729,573.00
4.564471,972.7139,566.00
4.564471,972.7549,607.00
4.564471,972.7961,526.00
4.564471,972.8371,604.00
4.564471,972.8781,582.00
4.564471,972.9191,629.00
4.564471,972.9602,599.00
4.564471,973.0013,659.00
4.564471,973.0423,590.00
4.564471,973.0833,577.00
4.564471,973.1243,508.00
4.564471,973.1653,585.00
4.564471,973.2064,561.00
4.564471,973.2473,633.00
4.564471,973.2883,590.00
4.564471,973.3293,600.00
4.564471,973.3703,564.00
4.564471,973.4113,618.00
4.564471,973.4522,572.00
4.564471,973.4931,601.00
4.564471,973.5341,566.00
4.564471,973.5750,616.00
4.564471,973.6160,577.00
4.564471,973.6570,656.00
4.564471,973.6978,612.00
4.564471,973.7388,585.00
4.564471,973.7797,554.00
4.564471,973.8206,612.00
4.564471,973.8615,556.00
4.564471,973.9024,614.00
4.564471,973.9433,576.00
4.564471,973.9842,637.00
4.564471,974.0250,584.00
4.564471,974.0660,644.00
4.564471,974.1068,623.00
4.564471,974.1476,614.00
4.564471,974.1885,572.00
4.564471,974.2294,602.00
4.564471,974.2702,594.00
4.564471,974.3110,643.00
4.564471,974.3519,607.00
4.564471,974.3927,626.00
4.564471,974.4335,623.00
4.564471,974.4743,619.00
4.564471,974.5151,599.00
4.564471,974.5559,637.00
4.564471,974.5967,579.00
4.564471,974.6375,655.00
4.564471,974.6783,581.00
4.564471,974.7191,679.00
4.564471,974.7598,622.00
4.564471,974.8006,643.00
4.564471,974.8413,603.00
4.564471,974.8821,618.00
4.564471,974.9229,621.00
4.564471,974.9636,663.00
4.564471,975.0043,601.00
4.564471,975.0450,641.00
4.564471,975.0858,627.00
4.564471,975.1265,618.00
4.564471,975.1672,607.00
4.564471,975.2079,648.00
4.564471,975.2485,606.00
4.564471,975.2892,667.00
4.564471,975.3300,611.00
4.564471,975.3706,679.00
4.564471,975.4113,646.00
4.564471,975.4519,693.00
4.564471,975.4926,655.00
4.564471,975.5333,651.00
4.564471,975.5739,587.00
4.564471,975.6146,663.00
4.564471,975.6552,602.00
4.564471,975.6958,669.00
4.564471,975.7363,603.00
4.564471,975.7770,663.00
4.564471,975.8176,621.00
4.564471,975.8582,663.00
4.564471,975.8989,636.00
4.564471,975.9395,635.00
4.564471,975.9800,655.00
4.564471,976.0206,660.00
4.564471,976.0611,589.00
4.564471,976.1017,684.00
4.564471,976.1423,631.00
4.564471,976.1829,639.00
4.564471,976.2234,652.00
4.564471,976.2639,642.00
4.564471,976.3044,614.00
4.564471,976.3450,665.00
4.564471,976.3855,595.00
4.564471,976.4260,650.00
4.564471,976.4665,645.00
4.564471,976.5070,671.00
4.564471,976.5475,630.00
4.564471,976.5880,633.00
4.564471,976.6285,587.00
4.564471,976.6690,642.00
4.564471,976.7095,571.00
4.564471,976.7500,655.00
4.564471,976.7905,580.00
4.564471,976.8308,645.00
4.564471,976.8713,595.00
4.564471,976.9117,607.00
4.564471,976.9521,609.00
4.564471,976.9926,652.00
4.564471,977.0330,608.00
4.564471,977.0734,653.00
4.564471,977.1139,615.00
4.564471,977.1542,634.00
4.564471,977.1947,578.00
4.564471,977.2350,658.00
4.564471,977.2755,614.00
4.564471,977.3158,627.00
4.564471,977.3562,595.00
4.564471,977.3965,631.00
4.564471,977.4370,611.00
4.564471,977.4773,643.00
4.564471,977.5176,619.00
4.564471,977.5579,623.00
4.564471,977.5983,545.00
4.564471,977.6387,603.00
4.564471,977.6790,573.00
4.564471,977.7192,613.00
4.564471,977.7595,563.00
4.564471,977.7999,664.00
4.564471,977.8402,595.00
4.564471,977.8805,592.00
4.564471,977.9208,564.00
4.564471,977.9610,595.00
4.564471,978.0013,588.00
4.564471,978.0417,621.00
4.564471,978.0819,560.00
4.564471,978.1221,614.00
4.564471,978.1624,567.00
4.564471,978.2026,598.00
4.564471,978.2428,550.00
4.564471,978.2831,582.00
4.564471,978.3233,599.00
4.564471,978.3635,583.00
4.564471,978.4037,555.00
4.564471,978.4440,599.00
4.564471,978.4842,549.00
4.564471,978.5244,595.00
4.564471,978.5645,589.00
4.564471,978.6047,587.00
4.564471,978.6449,563.00
4.564471,978.6851,582.00
4.564471,978.7253,537.00
4.564471,978.7654,588.00
4.564471,978.8055,547.00
4.564471,978.8458,607.00
4.564471,978.8859,535.00
4.564471,978.9260,602.00
4.564471,978.9661,568.00
4.564471,979.0062,561.00
4.564471,979.0463,569.00
4.564471,979.0864,589.00
4.564471,979.1266,523.00
4.564471,979.1666,630.00
4.564471,979.2067,562.00
4.564471,979.2469,614.00
4.564471,979.2869,582.00
4.564471,979.3270,599.00
4.564471,979.3671,601.00
4.564471,979.4071,603.00
4.564471,979.4471,581.00
4.564471,979.4871,609.00
4.564471,979.5272,551.00
4.564471,979.5673,616.00
4.564471,979.6072,585.00
4.564471,979.6473,600.00
4.564471,979.6873,590.00
4.564471,979.7273,589.00
4.564471,979.7673,552.00
4.564471,979.8073,602.00
4.564471,979.8473,536.00
4.564471,979.8873,613.00
4.564471,979.9273,548.00
4.564471,979.9673,614.00
4.564471,980.0072,589.00
4.564471,980.0471,580.00
4.564471,980.0872,592.00
4.564471,980.1271,590.00
4.564471,980.1671,555.00
4.564471,980.2069,610.00
4.564471,980.2469,568.00
4.564471,980.2868,646.00
4.564471,980.3267,569.00
4.564471,980.3666,651.00
4.564471,980.4065,595.00
4.564471,980.4464,602.00
4.564471,980.4863,575.00
4.564471,980.5262,620.00
4.564471,980.5660,549.00
4.564471,980.6060,635.00
4.564471,980.6458,547.00
4.564471,980.6857,611.00
4.564471,980.7255,590.00
4.564471,980.7654,598.00
4.564471,980.8052,565.00
4.564471,980.8450,597.00
4.564471,980.8849,523.00
4.564471,980.9247,619.00
4.564471,980.9645,585.00
4.564471,981.0043,616.00
4.564471,981.0441,596.00
4.564471,981.0839,605.00
4.564471,981.1237,581.00
4.564471,981.1635,610.00
4.564471,981.2033,512.00
4.564471,981.2430,632.00
4.564471,981.2828,558.00
4.564471,981.3226,624.00
4.564471,981.3624,551.00
4.564471,981.4021,624.00
4.564471,981.4418,548.00
4.564471,981.4816,583.00
4.564471,981.5213,540.00
4.564471,981.5610,605.00
4.564471,981.6008,538.00
4.564471,981.6404,618.00
4.564471,981.6802,561.00
4.564471,981.7198,604.00
4.564471,981.7596,590.00
4.564471,981.7993,577.00
4.564471,981.8389,543.00
4.564471,981.8786,564.00
4.564471,981.9182,508.00
4.564471,981.9579,583.00
4.564471,981.9976,562.00
4.564471,982.0372,605.00
4.564471,982.0768,534.00
4.564471,982.1165,574.00
4.564471,982.1561,555.00
4.564471,982.1958,575.00
4.564471,982.2354,504.00
4.564471,982.2750,565.00
4.564471,982.3146,523.00
4.564471,982.3541,583.00
4.564471,982.3937,547.00
4.564471,982.4333,582.00
4.564471,982.4730,566.00
4.564471,982.5125,585.00
4.564471,982.5521,519.00
4.564471,982.5917,589.00
4.564471,982.6312,539.00
4.564471,982.6707,603.00
4.564471,982.7103,552.00
4.564471,982.7498,589.00
4.564471,982.7893,566.00
4.564471,982.8289,559.00
4.564471,982.8683,513.00
4.564471,982.9079,550.00
4.564471,982.9474,518.00
4.564471,982.9869,575.00
4.564471,983.0264,501.00
4.564471,983.0659,574.00
4.564471,983.1053,573.00
4.564471,983.1448,585.00
4.564471,983.1843,567.00
4.564471,983.2238,568.00
4.564471,983.2632,533.00
4.564471,983.3027,586.00
4.564471,983.3420,562.00
4.564471,983.3816,573.00
4.564471,983.4210,562.00
4.564471,983.4604,568.00
4.564471,983.4998,569.00
4.564471,983.5392,583.00
4.564471,983.5786,534.00
4.564471,983.6180,569.00
4.564471,983.6574,518.00
4.564471,983.6968,600.00
4.564471,983.7361,567.00
4.564471,983.7755,587.00
4.564471,983.8149,518.00
4.564471,983.8543,561.00
4.564471,983.8936,556.00
4.564471,983.9329,555.00
4.564471,983.9723,497.00
4.564471,984.0116,595.00
4.564471,984.0510,530.00
4.564471,984.0903,614.00
4.564471,984.1296,579.00
4.564471,984.1689,566.00
4.564471,984.2083,569.00
4.564471,984.2476,571.00
4.564471,984.2868,527.00
4.564471,984.3261,581.00
4.564471,984.3654,507.00
4.564471,984.4046,594.00
4.564471,984.4440,549.00
4.564471,984.4832,587.00
4.564471,984.5225,514.00
4.564471,984.5616,573.00
4.564471,984.6010,493.00
4.564471,984.6402,562.00
4.564471,984.6794,509.00
4.564471,984.7186,617.00
4.564471,984.7578,568.00
4.564471,984.7970,606.00
4.564471,984.8362,559.00
4.564471,984.8755,532.00
4.564471,984.9146,550.00
4.564471,984.9538,556.00
4.564471,984.9930,507.00
4.564471,985.0322,583.00
4.564471,985.0714,552.00
4.564471,985.1105,543.00
4.564471,985.1497,526.00
4.564471,985.1888,555.00
4.564471,985.2279,547.00
4.564471,985.2671,554.00
4.564471,985.3062,527.00
4.564471,985.3453,563.00
4.564471,985.3845,511.00
4.564471,985.4236,555.00
4.564471,985.4626,529.00
4.564471,985.5017,643.00
4.564471,985.5408,583.00
4.564471,985.5799,571.00
4.564471,985.6190,505.00
4.564471,985.6581,584.00
4.564471,985.6971,525.00
4.564471,985.7362,587.00
4.564471,985.7752,539.00
4.564471,985.8143,564.00
4.564471,985.8533,512.00
4.564471,985.8924,546.00
4.564471,985.9314,543.00
4.564471,985.9704,535.00
4.564471,986.0094,510.00
4.564471,986.0484,600.00
4.564471,986.0875,503.00
4.564471,986.1265,587.00
4.564471,986.1655,527.00
4.564471,986.2044,539.00
4.564471,986.2434,530.00
4.564471,986.2823,563.00
4.564471,986.3214,509.00
4.564471,986.3603,535.00
4.564471,986.3992,483.00
4.564471,986.4382,557.00
4.564471,986.4771,509.00
4.564471,986.5161,592.00
4.564471,986.5550,537.00
4.564471,986.5939,561.00
4.564471,986.6329,520.00
4.564471,986.6718,538.00
4.564471,986.7106,488.00
4.564471,986.7495,530.00
4.564471,986.7884,516.00
4.564471,986.8273,556.00
4.564471,986.8661,511.00
4.564471,986.9050,544.00
4.564471,986.9438,515.00
4.564471,986.9828,534.00
4.564471,987.0216,488.00
4.564471,987.0605,583.00
4.564471,987.0993,494.00
4.564471,987.1381,591.00
4.564471,987.1769,513.00
4.564471,987.2158,530.00
4.564471,987.2546,539.00
4.564471,987.2934,567.00
4.564471,987.3322,501.00
4.564471,987.3710,528.00
4.564471,987.4097,475.00
4.564471,987.4486,559.00
4.564471,987.4873,511.00
4.564471,987.5261,536.00
4.564471,987.5649,534.00
4.564471,987.6036,541.00
4.564471,987.6423,497.00
4.564471,987.6812,543.00
4.564471,987.7198,486.00
4.564471,987.7586,583.00
4.564471,987.7972,532.00
4.564471,987.8361,566.00
4.564471,987.8748,551.00
4.564471,987.9135,543.00
4.564471,987.9521,527.00
4.564471,987.9908,544.00
4.564471,988.0295,493.00
4.564471,988.0681,555.00
4.564471,988.1069,507.00
4.564471,988.1456,585.00
4.564471,988.1842,552.00
4.564471,988.2228,552.00
4.564471,988.2615,531.00
4.564471,988.3002,529.00
4.564471,988.3388,468.00
4.564471,988.3774,548.00
4.564471,988.4160,506.00
4.564471,988.4546,565.00
4.564471,988.4933,542.00
4.564471,988.5319,538.00
4.564471,988.5704,512.00
4.564471,988.6090,465.00
4.564471,988.6476,476.00
4.564471,988.6862,535.00
4.564471,988.7248,463.00
4.564471,988.7634,592.00
4.564471,988.8019,510.00
4.564471,988.8405,524.00
4.564471,988.8790,517.00
4.564471,988.9176,523.00
4.564471,988.9561,492.00
4.564471,988.9946,507.00
4.564471,989.0332,512.00
4.564471,989.0717,524.00
4.564471,989.1102,481.00
4.564471,989.1487,566.00
4.564471,989.1871,519.00
4.564471,989.2256,556.00
4.564471,989.2641,528.00
4.564471,989.3027,562.00
4.564471,989.3411,509.00
4.564471,989.3795,543.00
4.564471,989.4180,474.00
4.564471,989.4565,560.00
4.564471,989.4949,513.00
4.564471,989.5334,524.00
4.564471,989.5718,517.00
4.564471,989.6102,511.00
4.564471,989.6486,502.00
4.564471,989.6871,536.00
4.564471,989.7255,502.00
4.564471,989.7639,534.00
4.564471,989.8022,467.00
4.564471,989.8407,541.00
4.564471,989.8791,492.00
4.564471,989.9174,551.00
4.564471,989.9558,477.00
4.564471,989.9941,557.00
4.564471,990.0325,484.00
4.564471,990.0709,602.00
4.564471,990.1093,501.00
4.564471,990.1475,554.00
4.564471,990.1859,558.00
4.564471,990.2242,540.00
4.564471,990.2626,531.00
4.564471,990.3008,510.00
4.564471,990.3391,493.00
4.564471,990.3774,553.00
4.564471,990.4157,538.00
4.564471,990.4540,561.00
4.564471,990.4924,509.00
4.564471,990.5306,538.00
4.564471,990.5688,498.00
4.564471,990.6071,539.00
4.564471,990.6454,500.00
4.564471,990.6837,552.00
4.564471,990.7219,477.00
4.564471,990.7601,555.00
4.564471,990.7983,511.00
4.564471,990.8365,570.00
4.564471,990.8748,544.00
4.564471,990.9130,552.00
4.564471,990.9512,531.00
4.564471,990.9893,553.00
4.564471,991.0276,503.00
4.564471,991.0658,550.00
4.564471,991.1039,502.00
4.564471,991.1421,575.00
4.564471,991.1802,546.00
4.564471,991.2184,553.00
4.564471,991.2565,511.00
4.564471,991.2947,555.00
4.564471,991.3329,495.00
4.564471,991.3710,567.00
4.564471,991.4091,520.00
4.564471,991.4473,589.00
4.564471,991.4854,541.00
4.564471,991.5234,589.00
4.564471,991.5616,521.00
4.564471,991.5997,540.00
4.564471,991.6378,520.00
4.564471,991.6758,580.00
4.564471,991.7139,504.00
4.564471,991.7520,564.00
4.564471,991.7900,502.00
4.564471,991.8282,586.00
4.564471,991.8661,536.00
4.564471,991.9042,550.00
4.564471,991.9422,548.00
4.564471,991.9803,547.00
4.564471,992.0182,455.00
4.564471,992.0563,584.00
4.564471,992.0944,495.00
4.564471,992.1323,590.00
4.564471,992.1703,529.00
4.564471,992.2084,539.00
4.564471,992.2463,552.00
4.564471,992.2844,545.00
4.564471,992.3223,501.00
4.564471,992.3602,550.00
4.564471,992.3982,503.00
4.564471,992.4362,590.00
4.564471,992.4741,534.00
4.564471,992.5120,606.00
4.564471,992.5500,555.00
4.564471,992.5879,543.00
4.564471,992.6259,521.00
4.564471,992.6638,573.00
4.564471,992.7017,535.00
4.564471,992.7396,559.00
4.564471,992.7775,549.00
4.564471,992.8154,572.00
4.564471,992.8533,530.00
4.564471,992.8912,547.00
4.564471,992.9290,531.00
4.564471,992.9669,574.00
4.564471,993.0048,538.00
4.564471,993.0426,591.00
4.564471,993.0804,549.00
4.564471,993.1183,555.00
4.564471,993.1561,513.00
4.564471,993.1940,561.00
4.564471,993.2318,533.00
4.564471,993.2696,556.00
4.564471,993.3074,487.00
4.564471,993.3452,562.00
4.564471,993.3830,518.00
4.564471,993.4208,586.00
4.564471,993.4586,524.00
4.564471,993.4963,577.00
4.564471,993.5341,539.00
4.564471,993.5719,541.00
4.564471,993.6096,531.00
4.564471,993.6474,564.00
4.564471,993.6851,506.00
4.564471,993.7228,541.00
4.564471,993.7606,552.00
4.564471,993.7984,555.00
4.564471,993.8361,514.00
4.564471,993.8738,559.00
4.564471,993.9115,516.00
4.564471,993.9492,530.00
4.564471,993.9869,493.00
4.564471,994.0245,575.00
4.564471,994.0622,521.00
4.564471,994.0999,590.00
4.564471,994.1376,541.00
4.564471,994.1753,540.00
4.564471,994.2130,537.00
4.564471,994.2505,562.00
4.564471,994.2881,497.00
4.564471,994.3258,588.00
4.564471,994.3634,486.00
4.564471,994.4010,586.00
4.564471,994.4387,517.00
4.564471,994.4763,556.00
4.564471,994.5139,564.00
4.564471,994.5515,537.00
4.564471,994.5891,483.00
4.564471,994.6266,530.00
4.564471,994.6642,468.00
4.564471,994.7018,516.00
4.564471,994.7393,484.00
4.564471,994.7769,539.00
4.564471,994.8145,513.00
4.564471,994.8521,524.00
4.564471,994.8895,496.00
4.564471,994.9271,540.00
4.564471,994.9647,489.00
4.564471,995.0022,574.00
4.564471,995.0397,496.00
4.564471,995.0771,528.00
4.564471,995.1146,522.00
4.564471,995.1522,534.00
4.564471,995.1896,491.00
4.564471,995.2271,528.00
4.564471,995.2646,474.00
4.564471,995.3021,529.00
4.564471,995.3396,485.00
4.564471,995.3770,539.00
4.564471,995.4145,524.00
4.564471,995.4518,533.00
4.564471,995.4893,526.00
4.564471,995.5267,512.00
4.564471,995.5641,509.00
4.564471,995.6016,520.00
4.564471,995.6390,466.00
4.564471,995.6765,511.00
4.564471,995.7138,492.00
4.564471,995.7512,498.00
4.564471,995.7886,494.00
4.564471,995.8260,501.00
4.564471,995.8633,491.00
4.564471,995.9007,498.00
4.564471,995.9380,475.00
4.564471,995.9754,497.00
4.564471,996.0128,464.00
4.564471,996.0501,553.00
4.564471,996.0874,531.00
4.564471,996.1248,529.00
4.564471,996.1621,506.00
4.564471,996.1994,562.00
4.564471,996.2367,466.00
4.564471,996.2740,503.00
4.564471,996.3113,490.00
4.564471,996.3486,543.00
4.564471,996.3859,511.00
4.564471,996.4232,549.00
4.564471,996.4604,537.00
4.564471,996.4977,509.00
4.564471,996.5350,507.00
4.564471,996.5722,515.00
4.564471,996.6094,494.00
4.564471,996.6466,586.00
4.564471,996.6838,518.00
4.564471,996.7211,579.00
4.564471,996.7583,505.00
4.564471,996.7955,541.00
4.564471,996.8327,473.00
4.564471,996.8700,561.00
4.564471,996.9072,501.00
4.564471,996.9443,550.00
4.564471,996.9815,512.00
4.564471,997.0187,530.00
4.564471,997.0558,540.00
4.564471,997.0930,538.00
4.564471,997.1301,523.00
4.564471,997.1672,558.00
4.564471,997.2045,483.00
4.564471,997.2416,556.00
4.564471,997.2787,497.00
4.564471,997.3158,589.00
4.564471,997.3530,501.00
4.564471,997.3900,525.00
4.564471,997.4271,508.00
4.564471,997.4642,534.00
4.564471,997.5013,498.00
4.564471,997.5384,534.00
4.564471,997.5754,508.00
4.564471,997.6126,592.00
4.564471,997.6497,501.00
4.564471,997.6867,535.00
4.564471,997.7238,511.00
4.564471,997.7607,580.00
4.564471,997.7978,502.00
4.564471,997.8348,576.00
4.564471,997.8718,521.00
4.564471,997.9088,561.00
4.564471,997.9458,518.00
4.564471,997.9829,557.00
4.564471,998.0200,534.00
4.564471,998.0569,536.00
4.564471,998.0939,504.00
4.564471,998.1309,509.00
4.564471,998.1678,494.00
4.564471,998.2048,567.00
4.564471,998.2417,534.00
4.564471,998.2786,600.00
4.564471,998.3156,504.00
4.564471,998.3525,565.00
4.564471,998.3896,541.00
4.564471,998.4265,525.00
4.564471,998.4633,496.00
4.564471,998.5003,560.00
4.564471,998.5372,500.00
4.564471,998.5740,570.00
4.564471,998.6110,522.00
4.564471,998.6478,584.00
4.564471,998.6847,514.00
4.564471,998.7217,540.00
4.564471,998.7585,513.00
4.564471,998.7953,519.00
4.564471,998.8322,484.00
4.564471,998.8691,569.00
4.564471,998.9059,538.00
4.564471,998.9427,584.00
4.564471,998.9795,505.00
4.564471,999.0163,560.00
4.564471,999.0531,520.00
4.564471,999.0899,541.00
4.564471,999.1267,496.00
4.564471,999.1636,548.00
4.564471,999.2004,502.00
4.564471,999.2372,582.00
4.564471,999.2739,514.00
4.564471,999.3107,574.00
4.564471,999.3474,550.00
4.564471,999.3842,513.00
4.564471,999.4210,517.00
4.564471,999.4576,547.00
4.564471,999.4946,463.00
4.564471,999.5312,545.00
4.564471,999.5680,518.00
4.564471,999.6047,526.00
4.564471,999.6414,519.00
4.564471,999.6780,551.00
4.564471,999.7147,494.00
4.564471,999.7515,523.00
4.564471,999.7881,451.00
4.564471,999.8248,521.00
4.564471,999.8614,467.00
4.564471,999.8981,531.00
4.564471,999.9349,515.00
4.564471,999.9715,555.00
4.564471,1000.0081,476.00
4.564471,1000.0447,509.00
4.564471,1000.0814,505.00
4.564471,1000.1180,515.00
4.564471,1000.1546,447.00
4.564471,1000.1912,540.00
4.564471,1000.2278,480.00
4.564471,1000.2645,538.00
4.564471,1000.3011,557.00
4.564471,1000.3377,503.00
4.564471,1000.3742,486.00
4.564471,1000.4108,514.00
4.564471,1000.4474,457.00
4.564471,1000.4839,514.00
4.564471,1000.5204,491.00
4.564471,1000.5570,523.00
4.564471,1000.5935,475.00
4.564471,1000.6301,484.00
4.564471,1000.6667,483.00
4.564471,1000.7032,511.00
4.564471,1000.7397,485.00
4.564471,1000.7762,511.00
4.564471,1000.8127,456.00
4.564471,1000.8492,525.00
4.564471,1000.8857,497.00
4.564471,1000.9222,504.00
4.564471,1000.9586,489.00
4.564471,1000.9951,494.00
4.564471,1001.0316,472.00
4.564471,1001.0681,546.00
4.564471,1001.1046,490.00
4.564471,1001.1410,552.00
4.564471,1001.1774,487.00
4.564471,1001.2138,496.00
4.564471,1001.2502,493.00
4.564471,1001.2866,491.00
4.564471,1001.3230,486.00
4.564471,1001.3594,505.00
4.564471,1001.3958,486.00
4.564471,1001.4323,524.00
4.564471,1001.4687,463.00
4.564471,1001.5051,539.00
4.564471,1001.5414,514.00
4.564471,1001.5778,499.00
4.564471,1001.6141,476.00
4.564471,1001.6505,507.00
4.564471,1001.6868,433.00
4.564471,1001.7231,519.00
4.564471,1001.7596,447.00
4.564471,1001.7958,504.00
4.564471,1001.8322,459.00
4.564471,1001.8685,500.00
4.564471,1001.9048,471.00
4.564471,1001.9411,507.00
4.564471,1001.9774,454.00
4.564471,1002.0136,493.00
4.564471,1002.0499,458.00
4.564471,1002.0862,531.00
4.564471,1002.1224,457.00
4.564471,1002.1587,511.00
4.564471,1002.1951,498.00
4.564471,1002.2313,489.00
4.564471,1002.2675,497.00
4.564471,1002.3038,526.00
4.564471,1002.3400,465.00
4.564471,1002.3762,503.00
4.564471,1002.4124,476.00
4.564471,1002.4486,522.00
4.564471,1002.4848,481.00
4.564471,1002.5211,512.00
4.564471,1002.5573,479.00
4.564471,1002.5934,538.00
4.564471,1002.6296,479.00
4.564471,1002.6657,520.00
4.564471,1002.7019,456.00
4.564471,1002.7380,527.00
4.564471,1002.7742,497.00
4.564471,1002.8104,493.00
4.564471,1002.8464,494.00
4.564471,1002.8826,542.00
4.564471,1002.9187,439.00
4.564471,1002.9549,502.00
4.564471,1002.9910,478.00
4.564471,1003.0271,567.00
4.564471,1003.0632,445.00
4.564471,1003.0992,543.00
4.564471,1003.1354,503.00
4.564471,1003.1714,477.00
4.564471,1003.2075,521.00
4.564471,1003.2435,508.00
4.564471,1003.2797,485.00
4.564471,1003.3157,539.00
4.564471,1003.3518,482.00
4.564471,1003.3878,548.00
4.564471,1003.4238,508.00
4.564471,1003.4598,504.00
4.564471,1003.4958,481.00
4.564471,1003.5319,487.00
4.564471,1003.5678,462.00
4.564471,1003.6039,550.00
4.564471,1003.6398,458.00
4.564471,1003.6759,556.00
4.564471,1003.7119,517.00
4.564471,1003.7479,495.00
4.564471,1003.7838,487.00
4.564471,1003.8198,503.00
4.564471,1003.8557,488.00
4.564471,1003.8917,510.00
4.564471,1003.9276,451.00
4.564471,1003.9635,503.00
4.564471,1003.9995,461.00
4.564471,1004.0354,508.00
4.564471,1004.0714,483.00
4.564471,1004.1072,493.00
4.564471,1004.1431,489.00
4.564471,1004.1790,502.00
4.564471,1004.2149,444.00
4.564471,1004.2508,513.00
4.564471,1004.2866,458.00
4.564471,1004.3225,540.00
4.564471,1004.3583,497.00
4.564471,1004.3942,512.00
4.564471,1004.4302,470.00
4.564471,1004.4660,497.00
4.564471,1004.5018,444.00
4.564471,1004.5376,502.00
4.564471,1004.5734,440.00
4.564471,1004.6093,533.00
4.564471,1004.6450,516.00
4.564471,1004.6808,498.00
4.564471,1004.7166,507.00
4.564471,1004.7525,500.00
4.564471,1004.7883,444.00
4.564471,1004.8240,496.00
4.564471,1004.8598,463.00
4.564471,1004.8956,539.00
4.564471,1004.9313,478.00
4.564471,1004.9670,530.00
4.564471,1005.0027,502.00
4.564471,1005.0385,507.00
4.564471,1005.0742,495.00
4.564471,1005.1099,503.00
4.564471,1005.1456,463.00
4.564471,1005.1815,533.00
4.564471,1005.2172,469.00
4.564471,1005.2529,519.00
4.564471,1005.2885,507.00
4.564471,1005.3242,507.00
4.564471,1005.3599,490.00
4.564471,1005.3955,542.00
4.564471,1005.4312,497.00
4.564471,1005.4669,549.00
4.564471,1005.5026,485.00
4.564471,1005.5382,567.00
4.564471,1005.5739,501.00
4.564471,1005.6095,508.00
4.564471,1005.6451,504.00
4.564471,1005.6807,524.00
4.564471,1005.7162,501.00
4.564471,1005.7519,518.00
4.564471,1005.7875,474.00
4.564471,1005.8231,534.00
4.564471,1005.8586,482.00
4.564471,1005.8942,538.00
4.564471,1005.9299,511.00
4.564471,1005.9655,497.00
4.564471,1006.0010,501.00
4.564471,1006.0365,535.00
4.564471,1006.0720,481.00
4.564471,1006.1076,541.00
4.564471,1006.1431,502.00
4.564471,1006.1786,550.00
4.564471,1006.2141,505.00
4.564471,1006.2498,524.00
4.564471,1006.2853,516.00
4.564471,1006.3207,501.00
4.564471,1006.3563,515.00
4.564471,1006.3917,558.00
4.564471,1006.4272,500.00
4.564471,1006.4626,566.00
4.564471,1006.4981,486.00
4.564471,1006.5335,517.00
4.564471,1006.5690,545.00
4.564471,1006.6044,544.00
4.564471,1006.6400,491.00
4.564471,1006.6754,555.00
4.564471,1006.7108,482.00
4.564471,1006.7462,544.00
4.564471,1006.7816,480.00
4.564471,1006.8170,555.00
4.564471,1006.8524,507.00
4.564471,1006.8878,535.00
4.564471,1006.9232,510.00
4.564471,1006.9586,552.00
4.564471,1006.9940,491.00
4.564471,1007.0294,517.00
4.564471,1007.0648,485.00
4.564471,1007.1001,579.00
4.564471,1007.1354,524.00
4.564471,1007.1707,549.00
4.564471,1007.2061,542.00
4.564471,1007.2414,542.00
4.564471,1007.2767,511.00
4.564471,1007.3120,574.00
4.564471,1007.3473,488.00
4.564471,1007.3827,569.00
4.564471,1007.4180,529.00
4.564471,1007.4532,573.00
4.564471,1007.4885,513.00
4.564471,1007.5238,532.00
4.564471,1007.5590,488.00
4.564471,1007.5943,538.00
4.564471,1007.6295,464.00
4.564471,1007.6648,572.00
4.564471,1007.7001,502.00
4.564471,1007.7354,556.00
4.564471,1007.7706,539.00
4.564471,1007.8058,536.00
4.564471,1007.8410,514.00
4.564471,1007.8762,547.00
4.564471,1007.9114,462.00
4.564471,1007.9465,551.00
4.564471,1007.9818,498.00
4.564471,1008.0169,553.00
4.564471,1008.0521,497.00
4.564471,1008.0873,555.00
4.564471,1008.1226,469.00
4.564471,1008.1576,505.00
4.564471,1008.1927,492.00
4.564471,1008.2279,542.00
4.564471,1008.2631,475.00
4.564471,1008.2982,530.00
4.564471,1008.3333,546.00
4.564471,1008.3683,532.00
4.564471,1008.4034,531.00
4.564471,1008.4387,487.00
4.564471,1008.4738,487.00
4.564471,1008.5089,507.00
4.564471,1008.5439,504.00
4.564471,1008.5790,601.00
4.564471,1008.6141,517.00
4.564471,1008.6491,507.00
4.564471,1008.6841,509.00
4.564471,1008.7192,510.00
4.564471,1008.7542,482.00
4.564471,1008.7892,508.00
4.564471,1008.8243,485.00
4.564471,1008.8594,534.00
4.564471,1008.8943,491.00
4.564471,1008.9294,543.00
4.564471,1008.9644,524.00
4.564471,1008.9994,524.00
4.564471,1009.0344,485.00
4.564471,1009.0693,521.00
4.564471,1009.1043,479.00
4.564471,1009.1392,560.00
4.564471,1009.1743,454.00
4.564471,1009.2093,554.00
4.564471,1009.2442,508.00
4.564471,1009.2792,539.00
4.564471,1009.3141,488.00
4.564471,1009.3489,501.00
4.564471,1009.3839,457.00
4.564471,1009.4188,532.00
4.564471,1009.4537,483.00
4.564471,1009.4886,564.00
4.564471,1009.5235,506.00
4.564471,1009.5585,522.00
4.564471,1009.5933,504.00
4.564471,1009.6282,495.00
4.564471,1009.6631,488.00
4.564471,1009.6979,517.00
4.564471,1009.7327,473.00
4.564471,1009.7676,528.00
4.564471,1009.8024,469.00
4.564471,1009.8372,522.00
4.564471,1009.8721,440.00
4.564471,1009.9070,514.00
4.564471,1009.9418,468.00
4.564471,1009.9766,514.00
4.564471,1010.0115,499.00
4.564471,1010.0462,506.00
4.564471,1010.0810,445.00
4.564471,1010.1158,546.00
4.564471,1010.1505,497.00
4.564471,1010.1853,515.00
4.564471,1010.2200,501.00
4.564471,1010.2548,510.00
4.564471,1010.2897,473.00
4.564471,1010.3244,518.00
4.564471,1010.3591,471.00
4.564471,1010.3938,514.00
4.564471,1010.4285,489.00
4.564471,1010.4633,514.00
4.564471,1010.4980,505.00
4.564471,1010.5326,483.00
4.564471,1010.5673,479.00
4.564471,1010.6021,492.00
4.564471,1010.6368,459.00
4.564471,1010.6714,492.00
4.564471,1010.7061,453.00
4.564471,1010.7408,537.00
4.564471,1010.7754,494.00
4.564471,1010.8101,509.00
4.564471,1010.8447,488.00
4.564471,1010.8793,498.00
4.564471,1010.9139,484.00
4.564471,1010.9485,521.00
4.564471,1010.9832,432.00
4.564471,1011.0178,516.00
4.564471,1011.0525,493.00
4.564471,1011.0870,524.00
4.564471,1011.1216,462.00
4.564471,1011.1562,480.00
4.564471,1011.1907,516.00
4.564471,1011.2253,538.00
4.564471,1011.2599,436.00
4.564471,1011.2944,545.00
4.564471,1011.3291,462.00
4.564471,1011.3636,546.00
4.564471,1011.3981,495.00
4.564471,1011.4326,500.00
4.564471,1011.4672,470.00
4.564471,1011.5016,513.00
4.564471,1011.5362,465.00
4.564471,1011.5706,467.00
4.564471,1011.6052,466.00
4.564471,1011.6396,499.00
4.564471,1011.6741,458.00
4.564471,1011.7086,534.00
4.564471,1011.7431,453.00
4.564471,1011.7776,491.00
4.564471,1011.8120,455.00
4.564471,1011.8465,527.00
4.564471,1011.8809,429.00
4.564471,1011.9153,510.00
4.564471,1011.9498,459.00
4.564471,1011.9842,491.00
4.564471,1012.0186,479.00
4.564471,1012.0531,514.00
4.564471,1012.0875,463.00
4.564471,1012.1219,521.00
4.564471,1012.1562,429.00
4.564471,1012.1906,481.00
4.564471,1012.2250,443.00
4.564471,1012.2593,553.00
4.564471,1012.2937,474.00
4.564471,1012.3281,498.00
4.564471,1012.3624,440.00
4.564471,1012.3967,497.00
4.564471,1012.4310,438.00
4.564471,1012.4655,515.00
4.564471,1012.4998,441.00
4.564471,1012.5341,550.00
4.564471,1012.5684,474.00
4.564471,1012.6027,529.00
4.564471,1012.6370,477.00
4.564471,1012.6712,470.00
4.564471,1012.7055,495.00
4.564471,1012.7398,501.00
4.564471,1012.7742,466.00
4.564471,1012.8084,474.00
4.564471,1012.8427,467.00
4.564471,1012.8769,501.00
4.564471,1012.9111,500.00
4.564471,1012.9454,465.00
4.564471,1012.9796,493.00
4.564471,1013.0138,499.00
4.564471,1013.0480,408.00
4.564471,1013.0822,502.00
4.564471,1013.1164,470.00
4.564471,1013.1506,504.00
4.564471,1013.1848,471.00
4.564471,1013.2190,460.00
4.564471,1013.2532,491.00
4.564471,1013.2873,491.00
4.564471,1013.3215,482.00
4.564471,1013.3556,535.00
4.564471,1013.3898,452.00
4.564471,1013.4239,515.00
4.564471,1013.4581,481.00
4.564471,1013.4923,499.00
4.564471,1013.5264,491.00
4.564471,1013.5605,506.00
4.564471,1013.5946,501.00
4.564471,1013.6287,536.00
4.564471,1013.6627,469.00
4.564471,1013.6968,525.00
4.564471,1013.7309,463.00
4.564471,1013.7650,492.00
4.564471,1013.7990,494.00
4.564471,1013.8331,508.00
4.564471,1013.8672,466.00
4.564471,1013.9012,495.00
4.564471,1013.9353,450.00
4.564471,1013.9693,513.00
4.564471,1014.0033,472.00
4.564471,1014.0374,539.00
4.564471,1014.0714,509.00
4.564471,1014.1053,495.00
4.564471,1014.1393,484.00
4.564471,1014.1734,534.00
4.564471,1014.2074,453.00
4.564471,1014.2413,544.00
4.564471,1014.2753,483.00
4.564471,1014.3093,568.00
4.564471,1014.3433,477.00
4.564471,1014.3772,520.00
4.564471,1014.4111,528.00
4.564471,1014.4451,527.00
4.564471,1014.4790,480.00
4.564471,1014.5129,534.00
4.564471,1014.5468,468.00
4.564471,1014.5808,564.00
4.564471,1014.6147,489.00
4.564471,1014.6486,534.00
4.564471,1014.6825,513.00
4.564471,1014.7164,536.00
4.564471,1014.7502,468.00
4.564471,1014.7841,534.00
4.564471,1014.8180,499.00
4.564471,1014.8518,552.00
4.564471,1014.8858,492.00
4.564471,1014.9196,564.00
4.564471,1014.9534,497.00
4.564471,1014.9872,519.00
4.564471,1015.0211,510.00
4.564471,1015.0549,498.00
4.564471,1015.0887,502.00
4.564471,1015.1224,548.00
4.564471,1015.1562,491.00
4.564471,1015.1900,557.00
4.564471,1015.2238,527.00
4.564471,1015.2575,545.00
4.564471,1015.2914,520.00
4.564471,1015.3252,531.00
4.564471,1015.3589,484.00
4.564471,1015.3927,533.00
4.564471,1015.4265,502.00
4.564471,1015.4601,574.00
4.564471,1015.4938,501.00
4.564471,1015.5276,580.00
4.564471,1015.5613,520.00
4.564471,1015.5952,523.00
4.564471,1015.6288,477.00
4.564471,1015.6625,536.00
4.564471,1015.6962,474.00
4.564471,1015.7299,580.00
4.564471,1015.7635,493.00
4.564471,1015.7972,552.00
4.564471,1015.8308,546.00
4.564471,1015.8645,525.00
4.564471,1015.8981,526.00
4.564471,1015.9317,516.00
4.564471,1015.9655,468.00
4.564471,1015.9991,561.00
4.564471,1016.0327,498.00
4.564471,1016.0663,567.00
4.564471,1016.0999,506.00
4.564471,1016.1335,538.00
4.564471,1016.1671,510.00
4.564471,1016.2006,513.00
4.564471,1016.2342,519.00
4.564471,1016.2679,525.00
4.564471,1016.3015,505.00
4.564471,1016.3350,549.00
4.564471,1016.3686,474.00
4.564471,1016.4021,555.00
4.564471,1016.4357,530.00
4.564471,1016.4691,554.00
4.564471,1016.5027,518.00
4.564471,1016.5362,545.00
4.564471,1016.5696,465.00
4.564471,1016.6032,567.00
4.564471,1016.6367,521.00
4.564471,1016.6703,581.00
4.564471,1016.7038,522.00
4.564471,1016.7372,524.00
4.564471,1016.7707,505.00
4.564471,1016.8041,556.00
4.564471,1016.8376,524.00
4.564471,1016.8710,555.00
4.564471,1016.9045,482.00
4.564471,1016.9379,580.00
4.564471,1016.9715,514.00
4.564471,1017.0049,568.00
4.564471,1017.0383,555.00
4.564471,1017.0717,525.00
4.564471,1017.1050,500.00
4.564471,1017.1384,521.00
4.564471,1017.1718,472.00
4.564471,1017.2052,547.00
4.564471,1017.2386,486.00
4.564471,1017.2720,576.00
4.564471,1017.3053,564.00
4.564471,1017.3387,542.00
4.564471,1017.3721,515.00
4.564471,1017.4054,547.00
4.564471,1017.4388,494.00
4.564471,1017.4721,578.00
4.564471,1017.5054,503.00
4.564471,1017.5387,553.00
4.564471,1017.5720,551.00
4.564471,1017.6053,521.00
4.564471,1017.6386,541.00
4.564471,1017.6720,507.00
4.564471,1017.7053,514.00
4.564471,1017.7385,569.00
4.564471,1017.7717,516.00
4.564471,1017.8051,564.00
4.564471,1017.8383,511.00
4.564471,1017.8715,573.00
4.564471,1017.9048,534.00
4.564471,1017.9380,560.00
4.564471,1017.9712,528.00
4.564471,1018.0044,587.00
4.564471,1018.0376,500.00
4.564471,1018.0709,567.00
4.564471,1018.1041,536.00
4.564471,1018.1373,600.00
4.564471,1018.1705,547.00
4.564471,1018.2037,558.00
4.564471,1018.2368,495.00
4.564471,1018.2700,540.00
4.564471,1018.3032,490.00
4.564471,1018.3363,585.00
4.564471,1018.3695,531.00
4.564471,1018.4026,603.00
4.564471,1018.4358,540.00
4.564471,1018.4689,555.00
4.564471,1018.5020,568.00
4.564471,1018.5352,561.00
4.564471,1018.5682,533.00
4.564471,1018.6013,546.00
4.564471,1018.6343,521.00
4.564471,1018.6675,556.00
4.564471,1018.7006,514.00
4.564471,1018.7337,602.00
4.564471,1018.7668,587.00
4.564471,1018.7998,568.00
4.564471,1018.8328,536.00
4.564471,1018.8658,551.00
4.564471,1018.8989,519.00
4.564471,1018.9319,573.00
4.564471,1018.9650,540.00
4.564471,1018.9980,596.00
4.564471,1019.0311,547.00
4.564471,1019.0641,589.00
4.564471,1019.0970,536.00
4.564471,1019.1301,558.00
4.564471,1019.1631,498.00
4.564471,1019.1960,587.00
4.564471,1019.2289,508.00
4.564471,1019.2618,610.00
4.564471,1019.2949,541.00
4.564471,1019.3278,553.00
4.564471,1019.3607,519.00
4.564471,1019.3936,550.00
4.564471,1019.4268,475.00
4.564471,1019.4596,572.00
4.564471,1019.4925,524.00
4.564471,1019.5255,561.00
4.564471,1019.5583,529.00
4.564471,1019.5912,559.00
4.564471,1019.6240,512.00
4.564471,1019.6569,546.00
4.564471,1019.6898,532.00
4.564471,1019.7227,512.00
4.564471,1019.7556,457.00
4.564471,1019.7885,554.00
4.564471,1019.8213,515.00
4.564471,1019.8541,566.00
4.564471,1019.8870,512.00
4.564471,1019.9198,544.00
4.564471,1019.9525,501.00
4.564471,1019.9854,535.00
4.564471,1020.0182,493.00
4.564471,1020.0509,570.00
4.564471,1020.0837,522.00
4.564471,1020.1167,544.00
4.564471,1020.1494,537.00
4.564471,1020.1823,524.00
4.564471,1020.2149,517.00
4.564471,1020.2477,517.00
4.564471,1020.2805,502.00
4.564471,1020.3132,524.00
4.564471,1020.3459,510.00
4.564471,1020.3787,592.00
4.564471,1020.4114,512.00
4.564471,1020.4442,547.00
4.564471,1020.4768,508.00
4.564471,1020.5096,521.00
4.564471,1020.5423,476.00
4.564471,1020.5750,568.00
4.564471,1020.6077,465.00
4.564471,1020.6403,592.00
4.564471,1020.6730,496.00
4.564471,1020.7055,556.00
4.564471,1020.7382,490.00
4.564471,1020.7709,516.00
4.564471,1020.8036,458.00
4.564471,1020.8363,506.00
4.564471,1020.8688,476.00
4.564471,1020.9015,533.00
4.564471,1020.9341,446.00
4.564471,1020.9667,543.00
4.564471,1020.9993,485.00
4.564471,1021.0319,510.00
4.564471,1021.0645,500.00
4.564471,1021.0971,521.00
4.564471,1021.1298,487.00
4.564471,1021.1623,538.00
4.564471,1021.1948,463.00
4.564471,1021.2273,554.00
4.564471,1021.2599,488.00
4.564471,1021.2924,527.00
4.564471,1021.3250,499.00
4.564471,1021.3574,491.00
4.564471,1021.3900,495.00
4.564471,1021.4224,502.00
4.564471,1021.4550,433.00
4.564471,1021.4875,507.00
4.564471,1021.5200,473.00
4.564471,1021.5525,543.00
4.564471,1021.5850,495.00
4.564471,1021.6175,512.00
4.564471,1021.6500,459.00
4.564471,1021.6823,540.00
4.564471,1021.7148,495.00
4.564471,1021.7474,539.00
4.564471,1021.7797,504.00
4.564471,1021.8122,543.00
4.564471,1021.8445,530.00
4.564471,1021.8770,545.00
4.564471,1021.9095,505.00
4.564471,1021.9418,494.00
4.564471,1021.9741,469.00
4.564471,1022.0066,503.00
4.564471,1022.0389,458.00
4.564471,1022.0713,560.00
4.564471,1022.1037,479.00
4.564471,1022.1362,626.00
4.564471,1022.1685,545.00
4.564471,1022.2008,527.00
4.564471,1022.2332,488.00
4.564471,1022.2654,537.00
4.564471,1022.2977,499.00
4.564471,1022.3301,570.00
4.564471,1022.3624,479.00
4.564471,1022.3947,580.00
4.564471,1022.4271,512.00
4.564471,1022.4594,511.00
4.564471,1022.4917,511.00
4.564471,1022.5239,511.00
4.564471,1022.5562,506.00
4.564471,1022.5885,550.00
4.564471,1022.6207,493.00
4.564471,1022.6530,567.00
4.564471,1022.6852,507.00
4.564471,1022.7174,533.00
4.564471,1022.7497,515.00
4.564471,1022.7819,538.00
4.564471,1022.8142,479.00
4.564471,1022.8464,515.00
4.564471,1022.8785,470.00
4.564471,1022.9108,551.00
4.564471,1022.9429,497.00
4.564471,1022.9751,507.00
4.564471,1023.0073,535.00
4.564471,1023.0394,473.00
4.564471,1023.0717,497.00
4.564471,1023.1039,544.00
4.564471,1023.1360,465.00
4.564471,1023.1682,539.00
4.564471,1023.2003,480.00
4.564471,1023.2324,552.00
4.564471,1023.2644,486.00
4.564471,1023.2966,518.00
4.564471,1023.3287,497.00
4.564471,1023.3608,502.00
4.564471,1023.3929,502.00
4.564471,1023.4249,531.00
4.564471,1023.4570,467.00
4.564471,1023.4893,554.00
4.564471,1023.5212,493.00
4.564471,1023.5533,511.00
4.564471,1023.5853,487.00
4.564471,1023.6174,523.00
4.564471,1023.6494,505.00
4.564471,1023.6813,518.00
4.564471,1023.7134,463.00
4.564471,1023.7454,519.00
4.564471,1023.7775,485.00
4.564471,1023.8096,488.00
4.564471,1023.8416,499.00
4.564471,1023.8735,501.00
4.564471,1023.9055,487.00
4.564471,1023.9374,510.00
4.564471,1023.9694,422.00
4.564471,1024.0013,537.00
4.564471,1024.0333,466.00
4.564471,1024.0652,539.00
4.564471,1024.0972,499.00
4.564471,1024.1293,537.00
4.564471,1024.1611,478.00
4.564471,1024.1931,519.00
4.564471,1024.2250,429.00
4.564471,1024.2568,519.00
4.564471,1024.2888,438.00
4.564471,1024.3206,505.00
4.564471,1024.3525,469.00
4.564471,1024.3843,498.00
4.564471,1024.4164,455.00
4.564471,1024.4481,525.00
4.564471,1024.4801,464.00
4.564471,1024.5118,500.00
4.564471,1024.5438,467.00
4.564471,1024.5756,519.00
4.564471,1024.6074,460.00
4.564471,1024.6393,522.00
4.564471,1024.6710,508.00
4.564471,1024.7029,477.00
4.564471,1024.7346,459.00
4.564471,1024.7664,514.00
4.564471,1024.7982,465.00
4.564471,1024.8301,544.00
4.564471,1024.8618,466.00
4.564471,1024.8936,499.00
4.564471,1024.9253,463.00
4.564471,1024.9572,522.00
4.564471,1024.9889,478.00
4.564471,1025.0206,511.00
4.564471,1025.0522,457.00
4.564471,1025.0841,527.00
4.564471,1025.1158,465.00
4.564471,1025.1475,515.00
4.564471,1025.1792,501.00
4.564471,1025.2109,508.00
4.564471,1025.2426,509.00
4.564471,1025.2743,504.00
4.564471,1025.3059,487.00
4.564471,1025.3376,506.00
4.564471,1025.3693,440.00
4.564471,1025.4009,574.00
4.564471,1025.4326,502.00
4.564471,1025.4644,549.00
4.564471,1025.4960,507.00
4.564471,1025.5276,520.00
4.564471,1025.5592,499.00
4.564471,1025.5908,525.00
4.564471,1025.6224,492.00
4.564471,1025.6541,535.00
4.564471,1025.6857,498.00
4.564471,1025.7172,547.00
4.564471,1025.7489,556.00
4.564471,1025.7804,566.00
4.564471,1025.8120,537.00
4.564471,1025.8435,521.00
4.564471,1025.8751,493.00
4.564471,1025.9066,558.00
4.564471,1025.9381,473.00
4.564471,1025.9697,546.00
4.564471,1026.0012,508.00
4.564471,1026.0327,528.00
4.564471,1026.0642,499.00
