# Point:,27
# Setpoint:,1.37454545
# Voltage_V:,1.37454545
# Current_A:,0.0030815
# Spectrum_Time_s:,4.520761
# Step_Start_s:,4.421956
# Step_End_s:,4.581803
# Spectrum_Duration_ms:,87.552
# Peak_Wavelength_nm:,952.53
# Peak_Intensity:,743.0
# Avg_Intensity:,605.7
# Num_Pixels:,4094
# NOTE: All wavelengths are captured simultaneously in one CCD exposure
#       The Relative_Time_s column shows when this entire spectrum was acquired

Relative_Time_s,Wavelength_nm,Intensity
4.520761,845.4307,577.00
4.520761,845.4858,508.00
4.520761,845.5410,553.00
4.520761,845.5963,525.00
4.520761,845.6514,578.00
4.520761,845.7065,524.00
4.520761,845.7617,558.00
4.520761,845.8168,506.00
4.520761,845.8721,574.00
4.520761,845.9272,479.00
4.520761,845.9823,566.00
4.520761,846.0374,515.00
4.520761,846.0926,527.00
4.520761,846.1478,505.00
4.520761,846.2029,541.00
4.520761,846.2579,501.00
4.520761,846.3130,555.00
4.520761,846.3682,471.00
4.520761,846.4233,566.00
4.520761,846.4784,496.00
4.520761,846.5335,570.00
4.520761,846.5886,523.00
4.520761,846.6437,529.00
4.520761,846.6987,505.00
4.520761,846.7538,562.00
4.520761,846.8089,507.00
4.520761,846.8640,565.00
4.520761,846.9190,510.00
4.520761,846.9741,568.00
4.520761,847.0292,507.00
4.520761,847.0842,581.00
4.520761,847.1392,538.00
4.520761,847.1943,563.00
4.520761,847.2493,490.00
4.520761,847.3044,587.00
4.520761,847.3594,496.00
4.520761,847.4144,577.00
4.520761,847.4694,525.00
4.520761,847.5244,549.00
4.520761,847.5795,537.00
4.520761,847.6345,564.00
4.520761,847.6895,524.00
4.520761,847.7444,582.00
4.520761,847.7994,498.00
4.520761,847.8544,578.00
4.520761,847.9094,556.00
4.520761,847.9644,594.00
4.520761,848.0193,525.00
4.520761,848.0743,575.00
4.520761,848.1293,539.00
4.520761,848.1843,604.00
4.520761,848.2392,525.00
4.520761,848.2941,580.00
4.520761,848.3491,569.00
4.520761,848.4040,551.00
4.520761,848.4590,576.00
4.520761,848.5139,590.00
4.520761,848.5688,504.00
4.520761,848.6237,604.00
4.520761,848.6786,533.00
4.520761,848.7336,622.00
4.520761,848.7885,563.00
4.520761,848.8434,594.00
4.520761,848.8983,574.00
4.520761,848.9531,572.00
4.520761,849.0081,581.00
4.520761,849.0630,577.00
4.520761,849.1178,569.00
4.520761,849.1727,595.00
4.520761,849.2275,540.00
4.520761,849.2823,656.00
4.520761,849.3373,558.00
4.520761,849.3921,594.00
4.520761,849.4470,577.00
4.520761,849.5018,560.00
4.520761,849.5566,518.00
4.520761,849.6115,601.00
4.520761,849.6663,523.00
4.520761,849.7211,600.00
4.520761,849.7759,556.00
4.520761,849.8307,579.00
4.520761,849.8856,552.00
4.520761,849.9404,593.00
4.520761,849.9952,528.00
4.520761,850.0500,608.00
4.520761,850.1048,515.00
4.520761,850.1596,628.00
4.520761,850.2144,528.00
4.520761,850.2692,632.00
4.520761,850.3239,566.00
4.520761,850.3787,601.00
4.520761,850.4335,562.00
4.520761,850.4882,602.00
4.520761,850.5430,550.00
4.520761,850.5977,609.00
4.520761,850.6525,542.00
4.520761,850.7072,625.00
4.520761,850.7620,551.00
4.520761,850.8167,623.00
4.520761,850.8715,600.00
4.520761,850.9261,605.00
4.520761,850.9808,534.00
4.520761,851.0356,583.00
4.520761,851.0903,567.00
4.520761,851.1450,634.00
4.520761,851.1996,580.00
4.520761,851.2543,631.00
4.520761,851.3091,585.00
4.520761,851.3638,603.00
4.520761,851.4185,559.00
4.520761,851.4731,628.00
4.520761,851.5278,569.00
4.520761,851.5825,650.00
4.520761,851.6371,593.00
4.520761,851.6918,675.00
4.520761,851.7465,604.00
4.520761,851.8011,644.00
4.520761,851.8558,571.00
4.520761,851.9103,608.00
4.520761,851.9650,577.00
4.520761,852.0196,662.00
4.520761,852.0742,582.00
4.520761,852.1289,605.00
4.520761,852.1835,582.00
4.520761,852.2381,668.00
4.520761,852.2927,653.00
4.520761,852.3473,635.00
4.520761,852.4019,628.00
4.520761,852.4565,663.00
4.520761,852.5111,608.00
4.520761,852.5657,652.00
4.520761,852.6202,607.00
4.520761,852.6747,658.00
4.520761,852.7294,633.00
4.520761,852.7839,674.00
4.520761,852.8385,590.00
4.520761,852.8930,657.00
4.520761,852.9476,597.00
4.520761,853.0022,678.00
4.520761,853.0567,607.00
4.520761,853.1112,671.00
4.520761,853.1658,670.00
4.520761,853.2203,686.00
4.520761,853.2748,653.00
4.520761,853.3293,687.00
4.520761,853.3838,591.00
4.520761,853.4383,665.00
4.520761,853.4928,607.00
4.520761,853.5474,670.00
4.520761,853.6019,659.00
4.520761,853.6563,697.00
4.520761,853.7108,680.00
4.520761,853.7653,683.00
4.520761,853.8198,623.00
4.520761,853.8742,669.00
4.520761,853.9286,634.00
4.520761,853.9832,662.00
4.520761,854.0376,651.00
4.520761,854.0920,699.00
4.520761,854.1465,668.00
4.520761,854.2010,671.00
4.520761,854.2554,617.00
4.520761,854.3098,637.00
4.520761,854.3642,599.00
4.520761,854.4186,686.00
4.520761,854.4731,629.00
4.520761,854.5275,706.00
4.520761,854.5819,642.00
4.520761,854.6363,699.00
4.520761,854.6907,647.00
4.520761,854.7451,638.00
4.520761,854.7994,609.00
4.520761,854.8538,685.00
4.520761,854.9082,641.00
4.520761,854.9626,699.00
4.520761,855.0170,617.00
4.520761,855.0714,690.00
4.520761,855.1257,630.00
4.520761,855.1800,638.00
4.520761,855.2344,649.00
4.520761,855.2888,666.00
4.520761,855.3431,625.00
4.520761,855.3975,663.00
4.520761,855.4518,597.00
4.520761,855.5060,702.00
4.520761,855.5604,635.00
4.520761,855.6147,636.00
4.520761,855.6691,619.00
4.520761,855.7233,646.00
4.520761,855.7776,587.00
4.520761,855.8320,685.00
4.520761,855.8862,594.00
4.520761,855.9406,675.00
4.520761,855.9948,649.00
4.520761,856.0491,709.00
4.520761,856.1035,656.00
4.520761,856.1577,673.00
4.520761,856.2119,647.00
4.520761,856.2662,644.00
4.520761,856.3204,582.00
4.520761,856.3748,704.00
4.520761,856.4290,644.00
4.520761,856.4832,683.00
4.520761,856.5374,652.00
4.520761,856.5916,685.00
4.520761,856.6459,604.00
4.520761,856.7001,692.00
4.520761,856.7543,627.00
4.520761,856.8085,666.00
4.520761,856.8627,646.00
4.520761,856.9169,682.00
4.520761,856.9712,648.00
4.520761,857.0253,665.00
4.520761,857.0795,627.00
4.520761,857.1337,627.00
4.520761,857.1879,611.00
4.520761,857.2421,680.00
4.520761,857.2962,628.00
4.520761,857.3504,711.00
4.520761,857.4045,653.00
4.520761,857.4587,663.00
4.520761,857.5129,676.00
4.520761,857.5670,652.00
4.520761,857.6212,639.00
4.520761,857.6753,710.00
4.520761,857.7294,623.00
4.520761,857.7836,674.00
4.520761,857.8377,656.00
4.520761,857.8918,695.00
4.520761,857.9459,677.00
4.520761,858.0000,677.00
4.520761,858.0541,657.00
4.520761,858.1082,686.00
4.520761,858.1624,633.00
4.520761,858.2164,712.00
4.520761,858.2704,662.00
4.520761,858.3245,668.00
4.520761,858.3787,669.00
4.520761,858.4327,660.00
4.520761,858.4868,632.00
4.520761,858.5408,671.00
4.520761,858.5949,670.00
4.520761,858.6489,680.00
4.520761,858.7030,656.00
4.520761,858.7570,726.00
4.520761,858.8110,695.00
4.520761,858.8651,665.00
4.520761,858.9192,700.00
4.520761,858.9732,698.00
4.520761,859.0272,645.00
4.520761,859.0812,715.00
4.520761,859.1352,648.00
4.520761,859.1892,698.00
4.520761,859.2432,637.00
4.520761,859.2972,672.00
4.520761,859.3512,663.00
4.520761,859.4052,634.00
4.520761,859.4592,647.00
4.520761,859.5132,670.00
4.520761,859.5671,626.00
4.520761,859.6210,701.00
4.520761,859.6750,631.00
4.520761,859.7289,697.00
4.520761,859.7830,609.00
4.520761,859.8369,647.00
4.520761,859.8908,624.00
4.520761,859.9447,611.00
4.520761,859.9987,624.00
4.520761,860.0527,726.00
4.520761,860.1065,609.00
4.520761,860.1605,682.00
4.520761,860.2144,631.00
4.520761,860.2682,680.00
4.520761,860.3222,649.00
4.520761,860.3761,664.00
4.520761,860.4299,609.00
4.520761,860.4838,667.00
4.520761,860.5377,606.00
4.520761,860.5916,688.00
4.520761,860.6455,644.00
4.520761,860.6993,690.00
4.520761,860.7532,643.00
4.520761,860.8071,661.00
4.520761,860.8610,622.00
4.520761,860.9148,660.00
4.520761,860.9687,575.00
4.520761,861.0225,655.00
4.520761,861.0763,642.00
4.520761,861.1301,653.00
4.520761,861.1840,632.00
4.520761,861.2378,669.00
4.520761,861.2916,621.00
4.520761,861.3454,669.00
4.520761,861.3992,602.00
4.520761,861.4531,674.00
4.520761,861.5068,592.00
4.520761,861.5606,664.00
4.520761,861.6144,618.00
4.520761,861.6682,641.00
4.520761,861.7220,645.00
4.520761,861.7758,658.00
4.520761,861.8295,600.00
4.520761,861.8833,647.00
4.520761,861.9370,604.00
4.520761,861.9908,698.00
4.520761,862.0446,631.00
4.520761,862.0983,660.00
4.520761,862.1520,653.00
4.520761,862.2057,654.00
4.520761,862.2595,637.00
4.520761,862.3132,621.00
4.520761,862.3669,608.00
4.520761,862.4206,664.00
4.520761,862.4744,591.00
4.520761,862.5281,686.00
4.520761,862.5818,632.00
4.520761,862.6355,680.00
4.520761,862.6891,658.00
4.520761,862.7429,649.00
4.520761,862.7966,643.00
4.520761,862.8502,658.00
4.520761,862.9039,610.00
4.520761,862.9575,675.00
4.520761,863.0112,618.00
4.520761,863.0648,637.00
4.520761,863.1185,609.00
4.520761,863.1722,653.00
4.520761,863.2258,591.00
4.520761,863.2794,687.00
4.520761,863.3330,608.00
4.520761,863.3867,662.00
4.520761,863.4403,578.00
4.520761,863.4940,671.00
4.520761,863.5475,621.00
4.520761,863.6011,634.00
4.520761,863.6548,601.00
4.520761,863.7084,637.00
4.520761,863.7620,595.00
4.520761,863.8156,620.00
4.520761,863.8691,587.00
4.520761,863.9228,634.00
4.520761,863.9763,600.00
4.520761,864.0299,659.00
4.520761,864.0834,620.00
4.520761,864.1370,643.00
4.520761,864.1906,575.00
4.520761,864.2441,668.00
4.520761,864.2977,605.00
4.520761,864.3512,652.00
4.520761,864.4047,629.00
4.520761,864.4583,641.00
4.520761,864.5118,638.00
4.520761,864.5653,646.00
4.520761,864.6189,602.00
4.520761,864.6724,648.00
4.520761,864.7258,564.00
4.520761,864.7794,659.00
4.520761,864.8329,613.00
4.520761,864.8864,643.00
4.520761,864.9398,622.00
4.520761,864.9933,626.00
4.520761,865.0469,585.00
4.520761,865.1003,630.00
4.520761,865.1538,615.00
4.520761,865.2072,671.00
4.520761,865.2607,641.00
4.520761,865.3142,664.00
4.520761,865.3676,639.00
4.520761,865.4211,647.00
4.520761,865.4745,601.00
4.520761,865.5279,612.00
4.520761,865.5814,618.00
4.520761,865.6348,651.00
4.520761,865.6882,613.00
4.520761,865.7416,676.00
4.520761,865.7950,624.00
4.520761,865.8484,669.00
4.520761,865.9019,621.00
4.520761,865.9552,630.00
4.520761,866.0087,642.00
4.520761,866.0620,620.00
4.520761,866.1154,642.00
4.520761,866.1688,688.00
4.520761,866.2222,601.00
4.520761,866.2755,719.00
4.520761,866.3289,646.00
4.520761,866.3822,673.00
4.520761,866.4356,632.00
4.520761,866.4890,648.00
4.520761,866.5423,639.00
4.520761,866.5956,657.00
4.520761,866.6489,614.00
4.520761,866.7023,664.00
4.520761,866.7556,622.00
4.520761,866.8089,665.00
4.520761,866.8622,626.00
4.520761,866.9155,665.00
4.520761,866.9689,612.00
4.520761,867.0222,695.00
4.520761,867.0755,598.00
4.520761,867.1287,649.00
4.520761,867.1820,624.00
4.520761,867.2354,666.00
4.520761,867.2886,651.00
4.520761,867.3419,657.00
4.520761,867.3951,638.00
4.520761,867.4484,654.00
4.520761,867.5016,585.00
4.520761,867.5549,687.00
4.520761,867.6082,632.00
4.520761,867.6614,641.00
4.520761,867.7146,657.00
4.520761,867.7678,666.00
4.520761,867.8211,637.00
4.520761,867.8743,668.00
4.520761,867.9276,644.00
4.520761,867.9807,676.00
4.520761,868.0339,629.00
4.520761,868.0872,664.00
4.520761,868.1403,646.00
4.520761,868.1935,634.00
4.520761,868.2467,616.00
4.520761,868.2999,638.00
4.520761,868.3531,580.00
4.520761,868.4062,663.00
4.520761,868.4594,589.00
4.520761,868.5126,678.00
4.520761,868.5657,615.00
4.520761,868.6189,666.00
4.520761,868.6721,643.00
4.520761,868.7252,630.00
4.520761,868.7783,581.00
4.520761,868.8315,647.00
4.520761,868.8846,593.00
4.520761,868.9377,669.00
4.520761,868.9908,627.00
4.520761,869.0439,670.00
4.520761,869.0970,641.00
4.520761,869.1501,662.00
4.520761,869.2032,598.00
4.520761,869.2564,615.00
4.520761,869.3094,589.00
4.520761,869.3625,620.00
4.520761,869.4156,603.00
4.520761,869.4688,679.00
4.520761,869.5218,617.00
4.520761,869.5748,688.00
4.520761,869.6279,648.00
4.520761,869.6809,625.00
4.520761,869.7340,595.00
4.520761,869.7870,624.00
4.520761,869.8401,642.00
4.520761,869.8931,682.00
4.520761,869.9462,660.00
4.520761,869.9993,671.00
4.520761,870.0522,616.00
4.520761,870.1052,699.00
4.520761,870.1583,607.00
4.520761,870.2112,684.00
4.520761,870.2642,599.00
4.520761,870.3173,658.00
4.520761,870.3702,615.00
4.520761,870.4232,685.00
4.520761,870.4762,624.00
4.520761,870.5292,645.00
4.520761,870.5822,643.00
4.520761,870.6351,657.00
4.520761,870.6881,602.00
4.520761,870.7410,688.00
4.520761,870.7940,644.00
4.520761,870.8470,667.00
4.520761,870.8999,608.00
4.520761,870.9528,695.00
4.520761,871.0057,648.00
4.520761,871.0587,638.00
4.520761,871.1116,627.00
4.520761,871.1646,670.00
4.520761,871.2175,593.00
4.520761,871.2704,676.00
4.520761,871.3232,639.00
4.520761,871.3762,647.00
4.520761,871.4291,651.00
4.520761,871.4820,638.00
4.520761,871.5348,644.00
4.520761,871.5877,685.00
4.520761,871.6406,645.00
4.520761,871.6935,721.00
4.520761,871.7463,629.00
4.520761,871.7992,678.00
4.520761,871.8521,656.00
4.520761,871.9049,652.00
4.520761,871.9578,690.00
4.520761,872.0106,670.00
4.520761,872.0635,607.00
4.520761,872.1162,696.00
4.520761,872.1691,608.00
4.520761,872.2219,693.00
4.520761,872.2747,643.00
4.520761,872.3275,653.00
4.520761,872.3803,676.00
4.520761,872.4332,684.00
4.520761,872.4860,626.00
4.520761,872.5387,673.00
4.520761,872.5915,612.00
4.520761,872.6443,682.00
4.520761,872.6971,668.00
4.520761,872.7499,693.00
4.520761,872.8026,668.00
4.520761,872.8553,662.00
4.520761,872.9081,647.00
4.520761,872.9609,692.00
4.520761,873.0136,610.00
4.520761,873.0663,682.00
4.520761,873.1191,611.00
4.520761,873.1718,669.00
4.520761,873.2245,648.00
4.520761,873.2773,661.00
4.520761,873.3300,629.00
4.520761,873.3827,677.00
4.520761,873.4354,632.00
4.520761,873.4882,722.00
4.520761,873.5408,650.00
4.520761,873.5935,664.00
4.520761,873.6462,660.00
4.520761,873.6989,682.00
4.520761,873.7515,655.00
4.520761,873.8042,683.00
4.520761,873.8569,602.00
4.520761,873.9096,674.00
4.520761,873.9622,589.00
4.520761,874.0149,685.00
4.520761,874.0675,645.00
4.520761,874.1202,663.00
4.520761,874.1729,647.00
4.520761,874.2255,682.00
4.520761,874.2781,632.00
4.520761,874.3307,648.00
4.520761,874.3834,617.00
4.520761,874.4360,685.00
4.520761,874.4885,647.00
4.520761,874.5411,686.00
4.520761,874.5938,634.00
4.520761,874.6463,640.00
4.520761,874.6990,628.00
4.520761,874.7515,643.00
4.520761,874.8041,617.00
4.520761,874.8567,707.00
4.520761,874.9092,600.00
4.520761,874.9619,684.00
4.520761,875.0144,659.00
4.520761,875.0669,678.00
4.520761,875.1194,653.00
4.520761,875.1720,664.00
4.520761,875.2246,600.00
4.520761,875.2772,673.00
4.520761,875.3296,613.00
4.520761,875.3821,688.00
4.520761,875.4346,632.00
4.520761,875.4872,684.00
4.520761,875.5397,652.00
4.520761,875.5922,682.00
4.520761,875.6447,620.00
4.520761,875.6971,668.00
4.520761,875.7498,588.00
4.520761,875.8022,696.00
4.520761,875.8547,633.00
4.520761,875.9071,686.00
4.520761,875.9596,618.00
4.520761,876.0120,660.00
4.520761,876.0646,644.00
4.520761,876.1169,662.00
4.520761,876.1694,639.00
4.520761,876.2219,681.00
4.520761,876.2743,642.00
4.520761,876.3268,724.00
4.520761,876.3792,605.00
4.520761,876.4316,643.00
4.520761,876.4840,622.00
4.520761,876.5364,643.00
4.520761,876.5889,618.00
4.520761,876.6413,710.00
4.520761,876.6937,599.00
4.520761,876.7460,669.00
4.520761,876.7985,655.00
4.520761,876.8509,703.00
4.520761,876.9032,661.00
4.520761,876.9556,675.00
4.520761,877.0079,626.00
4.520761,877.0604,625.00
4.520761,877.1127,593.00
4.520761,877.1651,710.00
4.520761,877.2174,617.00
4.520761,877.2697,663.00
4.520761,877.3221,636.00
4.520761,877.3744,650.00
4.520761,877.4268,607.00
4.520761,877.4791,656.00
4.520761,877.5314,607.00
4.520761,877.5837,650.00
4.520761,877.6360,605.00
4.520761,877.6884,665.00
4.520761,877.7407,598.00
4.520761,877.7930,651.00
4.520761,877.8452,615.00
4.520761,877.8975,620.00
4.520761,877.9498,622.00
4.520761,878.0021,635.00
4.520761,878.0544,607.00
4.520761,878.1066,631.00
4.520761,878.1589,630.00
4.520761,878.2111,627.00
4.520761,878.2634,621.00
4.520761,878.3157,603.00
4.520761,878.3679,607.00
4.520761,878.4202,653.00
4.520761,878.4724,585.00
4.520761,878.5246,684.00
4.520761,878.5768,611.00
4.520761,878.6290,659.00
4.520761,878.6812,618.00
4.520761,878.7335,630.00
4.520761,878.7856,642.00
4.520761,878.8379,617.00
4.520761,878.8901,615.00
4.520761,878.9422,625.00
4.520761,878.9944,613.00
4.520761,879.0466,673.00
4.520761,879.0988,622.00
4.520761,879.1509,659.00
4.520761,879.2031,640.00
4.520761,879.2552,614.00
4.520761,879.3074,602.00
4.520761,879.3596,663.00
4.520761,879.4117,565.00
4.520761,879.4638,678.00
4.520761,879.5159,611.00
4.520761,879.5681,671.00
4.520761,879.6202,621.00
4.520761,879.6723,624.00
4.520761,879.7244,645.00
4.520761,879.7766,637.00
4.520761,879.8287,577.00
4.520761,879.8808,650.00
4.520761,879.9329,594.00
4.520761,879.9849,660.00
4.520761,880.0370,638.00
4.520761,880.0891,644.00
4.520761,880.1412,615.00
4.520761,880.1932,657.00
4.520761,880.2452,588.00
4.520761,880.2973,653.00
4.520761,880.3495,614.00
4.520761,880.4015,687.00
4.520761,880.4536,638.00
4.520761,880.5056,636.00
4.520761,880.5576,624.00
4.520761,880.6096,655.00
4.520761,880.6616,595.00
4.520761,880.7137,657.00
4.520761,880.7656,580.00
4.520761,880.8176,656.00
4.520761,880.8696,593.00
4.520761,880.9217,651.00
4.520761,880.9737,622.00
4.520761,881.0256,636.00
4.520761,881.0776,600.00
4.520761,881.1296,630.00
4.520761,881.1816,583.00
4.520761,881.2336,653.00
4.520761,881.2855,592.00
4.520761,881.3374,656.00
4.520761,881.3893,623.00
4.520761,881.4413,629.00
4.520761,881.4933,584.00
4.520761,881.5452,640.00
4.520761,881.5972,608.00
4.520761,881.6490,641.00
4.520761,881.7010,584.00
4.520761,881.7530,658.00
4.520761,881.8049,604.00
4.520761,881.8568,626.00
4.520761,881.9086,600.00
4.520761,881.9605,632.00
4.520761,882.0125,615.00
4.520761,882.0643,620.00
4.520761,882.1162,557.00
4.520761,882.1681,670.00
4.520761,882.2199,560.00
4.520761,882.2719,623.00
4.520761,882.3237,596.00
4.520761,882.3755,594.00
4.520761,882.4274,553.00
4.520761,882.4792,608.00
4.520761,882.5311,565.00
4.520761,882.5829,594.00
4.520761,882.6348,603.00
4.520761,882.6866,632.00
4.520761,882.7383,618.00
4.520761,882.7902,630.00
4.520761,882.8420,607.00
4.520761,882.8939,633.00
4.520761,882.9457,570.00
4.520761,882.9974,649.00
4.520761,883.0493,609.00
4.520761,883.1011,639.00
4.520761,883.1528,594.00
4.520761,883.2046,667.00
4.520761,883.2563,614.00
4.520761,883.3081,594.00
4.520761,883.3599,575.00
4.520761,883.4116,641.00
4.520761,883.4634,597.00
4.520761,883.5151,669.00
4.520761,883.5668,613.00
4.520761,883.6187,619.00
4.520761,883.6703,616.00
4.520761,883.7220,624.00
4.520761,883.7738,612.00
4.520761,883.8254,638.00
4.520761,883.8773,571.00
4.520761,883.9289,642.00
4.520761,883.9806,584.00
4.520761,884.0323,664.00
4.520761,884.0840,635.00
4.520761,884.1357,637.00
4.520761,884.1874,583.00
4.520761,884.2391,618.00
4.520761,884.2907,580.00
4.520761,884.3423,633.00
4.520761,884.3940,582.00
4.520761,884.4457,647.00
4.520761,884.4974,619.00
4.520761,884.5490,624.00
4.520761,884.6006,588.00
4.520761,884.6523,637.00
4.520761,884.7039,603.00
4.520761,884.7555,653.00
4.520761,884.8071,590.00
4.520761,884.8588,666.00
4.520761,884.9103,632.00
4.520761,884.9620,653.00
4.520761,885.0136,660.00
4.520761,885.0651,625.00
4.520761,885.1168,601.00
4.520761,885.1683,628.00
4.520761,885.2200,606.00
4.520761,885.2715,670.00
4.520761,885.3231,620.00
4.520761,885.3746,674.00
4.520761,885.4262,674.00
4.520761,885.4778,637.00
4.520761,885.5293,667.00
4.520761,885.5809,664.00
4.520761,885.6324,569.00
4.520761,885.6839,645.00
4.520761,885.7355,632.00
4.520761,885.7870,677.00
4.520761,885.8385,600.00
4.520761,885.8900,702.00
4.520761,885.9415,632.00
4.520761,885.9930,630.00
4.520761,886.0446,574.00
4.520761,886.0960,684.00
4.520761,886.1475,625.00
4.520761,886.1990,662.00
4.520761,886.2504,643.00
4.520761,886.3020,675.00
4.520761,886.3534,620.00
4.520761,886.4048,656.00
4.520761,886.4564,619.00
4.520761,886.5078,655.00
4.520761,886.5593,607.00
4.520761,886.6107,690.00
4.520761,886.6621,618.00
4.520761,886.7136,633.00
4.520761,886.7650,631.00
4.520761,886.8164,653.00
4.520761,886.8679,619.00
4.520761,886.9193,635.00
4.520761,886.9706,610.00
4.520761,887.0220,649.00
4.520761,887.0735,614.00
4.520761,887.1249,645.00
4.520761,887.1762,599.00
4.520761,887.2276,687.00
4.520761,887.2789,652.00
4.520761,887.3304,635.00
4.520761,887.3818,612.00
4.520761,887.4331,657.00
4.520761,887.4844,629.00
4.520761,887.5358,688.00
4.520761,887.5871,591.00
4.520761,887.6385,672.00
4.520761,887.6898,656.00
4.520761,887.7411,646.00
4.520761,887.7925,630.00
4.520761,887.8438,629.00
4.520761,887.8951,606.00
4.520761,887.9464,696.00
4.520761,887.9977,617.00
4.520761,888.0490,711.00
4.520761,888.1003,644.00
4.520761,888.1516,649.00
4.520761,888.2029,626.00
4.520761,888.2542,660.00
4.520761,888.3054,613.00
4.520761,888.3567,674.00
4.520761,888.4080,646.00
4.520761,888.4592,659.00
4.520761,888.5105,632.00
4.520761,888.5618,682.00
4.520761,888.6130,661.00
4.520761,888.6642,659.00
4.520761,888.7155,637.00
4.520761,888.7667,666.00
4.520761,888.8179,619.00
4.520761,888.8691,694.00
4.520761,888.9204,669.00
4.520761,888.9716,666.00
4.520761,889.0228,659.00
4.520761,889.0740,685.00
4.520761,889.1252,667.00
4.520761,889.1764,666.00
4.520761,889.2275,623.00
4.520761,889.2787,711.00
4.520761,889.3299,638.00
4.520761,889.3810,683.00
4.520761,889.4322,667.00
4.520761,889.4835,683.00
4.520761,889.5346,653.00
4.520761,889.5857,653.00
4.520761,889.6368,637.00
4.520761,889.6879,663.00
4.520761,889.7391,621.00
4.520761,889.7903,660.00
4.520761,889.8414,608.00
4.520761,889.8925,692.00
4.520761,889.9435,647.00
4.520761,889.9948,656.00
4.520761,890.0458,616.00
4.520761,890.0969,674.00
4.520761,890.1479,614.00
4.520761,890.1990,667.00
4.520761,890.2501,618.00
4.520761,890.3012,674.00
4.520761,890.3523,645.00
4.520761,890.4034,623.00
4.520761,890.4545,619.00
4.520761,890.5054,643.00
4.520761,890.5566,603.00
4.520761,890.6076,654.00
4.520761,890.6586,609.00
4.520761,890.7097,669.00
4.520761,890.7607,649.00
4.520761,890.8117,661.00
4.520761,890.8627,647.00
4.520761,890.9138,634.00
4.520761,890.9647,596.00
4.520761,891.0157,646.00
4.520761,891.0668,604.00
4.520761,891.1178,663.00
4.520761,891.1688,607.00
4.520761,891.2197,662.00
4.520761,891.2707,593.00
4.520761,891.3217,632.00
4.520761,891.3727,591.00
4.520761,891.4236,627.00
4.520761,891.4745,577.00
4.520761,891.5256,638.00
4.520761,891.5765,598.00
4.520761,891.6275,657.00
4.520761,891.6783,603.00
4.520761,891.7293,634.00
4.520761,891.7802,609.00
4.520761,891.8312,617.00
4.520761,891.8821,576.00
4.520761,891.9330,643.00
4.520761,891.9839,549.00
4.520761,892.0348,624.00
4.520761,892.0857,606.00
4.520761,892.1366,622.00
4.520761,892.1875,609.00
4.520761,892.2383,636.00
4.520761,892.2892,622.00
4.520761,892.3401,653.00
4.520761,892.3911,573.00
4.520761,892.4418,644.00
4.520761,892.4927,598.00
4.520761,892.5436,685.00
4.520761,892.5944,626.00
4.520761,892.6452,622.00
4.520761,892.6961,606.00
4.520761,892.7469,655.00
4.520761,892.7977,622.00
4.520761,892.8485,639.00
4.520761,892.8993,663.00
4.520761,892.9502,677.00
4.520761,893.0010,637.00
4.520761,893.0518,657.00
4.520761,893.1025,631.00
4.520761,893.1534,619.00
4.520761,893.2042,622.00
4.520761,893.2549,660.00
4.520761,893.3057,606.00
4.520761,893.3564,681.00
4.520761,893.4072,675.00
4.520761,893.4580,627.00
4.520761,893.5087,622.00
4.520761,893.5595,649.00
4.520761,893.6102,588.00
4.520761,893.6609,683.00
4.520761,893.7117,593.00
4.520761,893.7625,695.00
4.520761,893.8132,628.00
4.520761,893.8639,682.00
4.520761,893.9146,635.00
4.520761,893.9653,638.00
4.520761,894.0160,627.00
4.520761,894.0667,656.00
4.520761,894.1174,609.00
4.520761,894.1681,665.00
4.520761,894.2188,637.00
4.520761,894.2695,657.00
4.520761,894.3201,644.00
4.520761,894.3708,640.00
4.520761,894.4214,606.00
4.520761,894.4720,656.00
4.520761,894.5228,604.00
4.520761,894.5734,706.00
4.520761,894.6240,624.00
4.520761,894.6746,697.00
4.520761,894.7252,688.00
4.520761,894.7759,650.00
4.520761,894.8265,619.00
4.520761,894.8771,668.00
4.520761,894.9277,592.00
4.520761,894.9783,688.00
4.520761,895.0290,587.00
4.520761,895.0795,693.00
4.520761,895.1301,622.00
4.520761,895.1807,684.00
4.520761,895.2313,648.00
4.520761,895.2819,649.00
4.520761,895.3325,618.00
4.520761,895.3830,647.00
4.520761,895.4336,594.00
4.520761,895.4841,714.00
4.520761,895.5347,644.00
4.520761,895.5852,655.00
4.520761,895.6357,635.00
4.520761,895.6863,667.00
4.520761,895.7368,643.00
4.520761,895.7874,634.00
4.520761,895.8379,589.00
4.520761,895.8884,677.00
4.520761,895.9388,573.00
4.520761,895.9893,683.00
4.520761,896.0399,641.00
4.520761,896.0904,636.00
4.520761,896.1408,636.00
4.520761,896.1913,646.00
4.520761,896.2418,629.00
4.520761,896.2922,684.00
4.520761,896.3427,638.00
4.520761,896.3932,676.00
4.520761,896.4437,649.00
4.520761,896.4941,684.00
4.520761,896.5445,672.00
4.520761,896.5950,651.00
4.520761,896.6454,608.00
4.520761,896.6958,618.00
4.520761,896.7462,594.00
4.520761,896.7967,676.00
4.520761,896.8471,607.00
4.520761,896.8975,662.00
4.520761,896.9479,629.00
4.520761,896.9983,657.00
4.520761,897.0486,652.00
4.520761,897.0991,629.00
4.520761,897.1495,603.00
4.520761,897.1998,698.00
4.520761,897.2502,584.00
4.520761,897.3005,676.00
4.520761,897.3510,642.00
4.520761,897.4013,655.00
4.520761,897.4517,639.00
4.520761,897.5020,654.00
4.520761,897.5523,606.00
4.520761,897.6026,681.00
4.520761,897.6530,619.00
4.520761,897.7033,689.00
4.520761,897.7537,635.00
4.520761,897.8040,661.00
4.520761,897.8542,622.00
4.520761,897.9046,659.00
4.520761,897.9549,654.00
4.520761,898.0051,683.00
4.520761,898.0554,610.00
4.520761,898.1057,665.00
4.520761,898.1560,617.00
4.520761,898.2063,651.00
4.520761,898.2565,605.00
4.520761,898.3068,617.00
4.520761,898.3571,614.00
4.520761,898.4073,632.00
4.520761,898.4576,599.00
4.520761,898.5078,664.00
4.520761,898.5580,588.00
4.520761,898.6083,667.00
4.520761,898.6584,646.00
4.520761,898.7087,649.00
4.520761,898.7590,630.00
4.520761,898.8091,620.00
4.520761,898.8593,649.00
4.520761,898.9095,645.00
4.520761,898.9598,588.00
4.520761,899.0099,675.00
4.520761,899.0601,616.00
4.520761,899.1103,646.00
4.520761,899.1605,614.00
4.520761,899.2107,632.00
4.520761,899.2608,593.00
4.520761,899.3109,650.00
4.520761,899.3611,611.00
4.520761,899.4113,687.00
4.520761,899.4614,630.00
4.520761,899.5115,650.00
4.520761,899.5616,637.00
4.520761,899.6118,661.00
4.520761,899.6619,627.00
4.520761,899.7121,631.00
4.520761,899.7622,581.00
4.520761,899.8123,654.00
4.520761,899.8624,610.00
4.520761,899.9124,665.00
4.520761,899.9626,627.00
4.520761,900.0126,656.00
4.520761,900.0627,623.00
4.520761,900.1127,629.00
4.520761,900.1628,578.00
4.520761,900.2130,653.00
4.520761,900.2631,578.00
4.520761,900.3130,655.00
4.520761,900.3631,584.00
4.520761,900.4131,627.00
4.520761,900.4632,612.00
4.520761,900.5132,621.00
4.520761,900.5633,591.00
4.520761,900.6132,602.00
4.520761,900.6632,597.00
4.520761,900.7133,616.00
4.520761,900.7633,570.00
4.520761,900.8133,625.00
4.520761,900.8633,579.00
4.520761,900.9133,650.00
4.520761,900.9633,626.00
4.520761,901.0133,643.00
4.520761,901.0632,614.00
4.520761,901.1132,621.00
4.520761,901.1631,593.00
4.520761,901.2131,645.00
4.520761,901.2631,613.00
4.520761,901.3130,649.00
4.520761,901.3630,616.00
4.520761,901.4129,598.00
4.520761,901.4628,610.00
4.520761,901.5128,610.00
4.520761,901.5627,560.00
4.520761,901.6126,658.00
4.520761,901.6625,615.00
4.520761,901.7124,641.00
4.520761,901.7623,639.00
4.520761,901.8123,628.00
4.520761,901.8621,639.00
4.520761,901.9120,635.00
4.520761,901.9619,604.00
4.520761,902.0117,679.00
4.520761,902.0616,624.00
4.520761,902.1115,651.00
4.520761,902.1613,635.00
4.520761,902.2112,636.00
4.520761,902.2610,613.00
4.520761,902.3109,616.00
4.520761,902.3608,619.00
4.520761,902.4106,675.00
4.520761,902.4604,594.00
4.520761,902.5103,668.00
4.520761,902.5601,608.00
4.520761,902.6099,653.00
4.520761,902.6597,617.00
4.520761,902.7095,663.00
4.520761,902.7592,638.00
4.520761,902.8090,646.00
4.520761,902.8589,562.00
4.520761,902.9086,660.00
4.520761,902.9584,621.00
4.520761,903.0082,659.00
4.520761,903.0580,599.00
4.520761,903.1077,595.00
4.520761,903.1575,600.00
4.520761,903.2072,624.00
4.520761,903.2570,603.00
4.520761,903.3067,643.00
4.520761,903.3564,585.00
4.520761,903.4062,680.00
4.520761,903.4559,632.00
4.520761,903.5056,641.00
4.520761,903.5553,621.00
4.520761,903.6050,620.00
4.520761,903.6547,584.00
4.520761,903.7045,668.00
4.520761,903.7541,578.00
4.520761,903.8038,652.00
4.520761,903.8535,608.00
4.520761,903.9032,628.00
4.520761,903.9528,622.00
4.520761,904.0025,629.00
4.520761,904.0522,600.00
4.520761,904.1019,662.00
4.520761,904.1515,588.00
4.520761,904.2012,649.00
4.520761,904.2507,600.00
4.520761,904.3004,656.00
4.520761,904.3500,599.00
4.520761,904.3997,620.00
4.520761,904.4493,582.00
4.520761,904.4989,612.00
4.520761,904.5485,596.00
4.520761,904.5980,647.00
4.520761,904.6477,582.00
4.520761,904.6973,611.00
4.520761,904.7469,566.00
4.520761,904.7964,642.00
4.520761,904.8460,617.00
4.520761,904.8956,603.00
4.520761,904.9452,591.00
4.520761,904.9947,665.00
4.520761,905.0443,581.00
4.520761,905.0938,638.00
4.520761,905.1434,643.00
4.520761,905.1929,611.00
4.520761,905.2424,626.00
4.520761,905.2919,650.00
4.520761,905.3414,597.00
4.520761,905.3910,599.00
4.520761,905.4406,585.00
4.520761,905.4901,651.00
4.520761,905.5396,573.00
4.520761,905.5890,628.00
4.520761,905.6385,615.00
4.520761,905.6880,634.00
4.520761,905.7375,633.00
4.520761,905.7870,684.00
4.520761,905.8364,594.00
4.520761,905.8859,635.00
4.520761,905.9354,617.00
4.520761,905.9848,686.00
4.520761,906.0342,646.00
4.520761,906.0837,675.00
4.520761,906.1331,621.00
4.520761,906.1826,638.00
4.520761,906.2321,601.00
4.520761,906.2814,669.00
4.520761,906.3309,615.00
4.520761,906.3802,650.00
4.520761,906.4297,629.00
4.520761,906.4791,646.00
4.520761,906.5285,648.00
4.520761,906.5779,601.00
4.520761,906.6273,585.00
4.520761,906.6766,630.00
4.520761,906.7260,599.00
4.520761,906.7754,704.00
4.520761,906.8248,582.00
4.520761,906.8741,660.00
4.520761,906.9235,639.00
4.520761,906.9729,629.00
4.520761,907.0222,634.00
4.520761,907.0715,683.00
4.520761,907.1208,578.00
4.520761,907.1702,653.00
4.520761,907.2195,644.00
4.520761,907.2688,643.00
4.520761,907.3181,609.00
4.520761,907.3674,647.00
4.520761,907.4167,610.00
4.520761,907.4660,600.00
4.520761,907.5153,563.00
4.520761,907.5646,646.00
4.520761,907.6139,577.00
4.520761,907.6631,675.00
4.520761,907.7125,612.00
4.520761,907.7617,633.00
4.520761,907.8110,581.00
4.520761,907.8602,634.00
4.520761,907.9094,587.00
4.520761,907.9587,644.00
4.520761,908.0080,548.00
4.520761,908.0572,692.00
4.520761,908.1064,601.00
4.520761,908.1556,655.00
4.520761,908.2048,644.00
4.520761,908.2541,608.00
4.520761,908.3033,616.00
4.520761,908.3524,634.00
4.520761,908.4017,571.00
4.520761,908.4508,648.00
4.520761,908.5000,606.00
4.520761,908.5493,618.00
4.520761,908.5984,615.00
4.520761,908.6475,619.00
4.520761,908.6967,598.00
4.520761,908.7459,655.00
4.520761,908.7950,569.00
4.520761,908.8442,647.00
4.520761,908.8932,565.00
4.520761,908.9424,645.00
4.520761,908.9916,621.00
4.520761,909.0407,654.00
4.520761,909.0898,665.00
4.520761,909.1389,620.00
4.520761,909.1880,614.00
4.520761,909.2372,652.00
4.520761,909.2863,571.00
4.520761,909.3354,686.00
4.520761,909.3845,576.00
4.520761,909.4335,657.00
4.520761,909.4825,624.00
4.520761,909.5317,623.00
4.520761,909.5807,603.00
4.520761,909.6298,662.00
4.520761,909.6789,568.00
4.520761,909.7280,638.00
4.520761,909.7770,615.00
4.520761,909.8260,655.00
4.520761,909.8751,605.00
4.520761,909.9241,658.00
4.520761,909.9731,633.00
4.520761,910.0222,659.00
4.520761,910.0711,601.00
4.520761,910.1201,644.00
4.520761,910.1691,587.00
4.520761,910.2181,654.00
4.520761,910.2672,627.00
4.520761,910.3162,634.00
4.520761,910.3651,620.00
4.520761,910.4141,647.00
4.520761,910.4631,619.00
4.520761,910.5120,605.00
4.520761,910.5610,577.00
4.520761,910.6099,648.00
4.520761,910.6589,645.00
4.520761,910.7078,637.00
4.520761,910.7568,624.00
4.520761,910.8057,650.00
4.520761,910.8546,630.00
4.520761,910.9036,664.00
4.520761,910.9525,600.00
4.520761,911.0013,658.00
4.520761,911.0503,609.00
4.520761,911.0992,665.00
4.520761,911.1481,620.00
4.520761,911.1970,622.00
4.520761,911.2459,623.00
4.520761,911.2948,648.00
4.520761,911.3436,608.00
4.520761,911.3925,646.00
4.520761,911.4414,641.00
4.520761,911.4902,675.00
4.520761,911.5391,638.00
4.520761,911.5880,642.00
4.520761,911.6368,637.00
4.520761,911.6857,640.00
4.520761,911.7344,623.00
4.520761,911.7833,675.00
4.520761,911.8321,591.00
4.520761,911.8809,652.00
4.520761,911.9297,632.00
4.520761,911.9785,679.00
4.520761,912.0273,681.00
4.520761,912.0762,615.00
4.520761,912.1249,642.00
4.520761,912.1737,662.00
4.520761,912.2225,585.00
4.520761,912.2712,660.00
4.520761,912.3201,653.00
4.520761,912.3688,699.00
4.520761,912.4176,637.00
4.520761,912.4663,650.00
4.520761,912.5150,614.00
4.520761,912.5638,668.00
4.520761,912.6125,603.00
4.520761,912.6613,676.00
4.520761,912.7100,629.00
4.520761,912.7587,685.00
4.520761,912.8074,658.00
4.520761,912.8561,669.00
4.520761,912.9048,632.00
4.520761,912.9535,660.00
4.520761,913.0023,624.00
4.520761,913.0510,651.00
4.520761,913.0996,630.00
4.520761,913.1483,684.00
4.520761,913.1969,630.00
4.520761,913.2456,652.00
4.520761,913.2943,705.00
4.520761,913.3430,681.00
4.520761,913.3916,648.00
4.520761,913.4402,665.00
4.520761,913.4888,626.00
4.520761,913.5375,696.00
4.520761,913.5862,626.00
4.520761,913.6348,694.00
4.520761,913.6834,674.00
4.520761,913.7320,673.00
4.520761,913.7806,642.00
4.520761,913.8292,665.00
4.520761,913.8778,601.00
4.520761,913.9264,687.00
4.520761,913.9750,602.00
4.520761,914.0236,701.00
4.520761,914.0721,658.00
4.520761,914.1207,688.00
4.520761,914.1693,641.00
4.520761,914.2178,679.00
4.520761,914.2664,638.00
4.520761,914.3149,665.00
4.520761,914.3635,614.00
4.520761,914.4120,676.00
4.520761,914.4606,679.00
4.520761,914.5090,715.00
4.520761,914.5576,688.00
4.520761,914.6061,695.00
4.520761,914.6546,668.00
4.520761,914.7031,699.00
4.520761,914.7516,633.00
4.520761,914.8001,724.00
4.520761,914.8486,667.00
4.520761,914.8971,712.00
4.520761,914.9456,671.00
4.520761,914.9941,698.00
4.520761,915.0425,700.00
4.520761,915.0910,663.00
4.520761,915.1395,646.00
4.520761,915.1879,721.00
4.520761,915.2363,639.00
4.520761,915.2849,730.00
4.520761,915.3333,681.00
4.520761,915.3817,711.00
4.520761,915.4301,666.00
4.520761,915.4785,673.00
4.520761,915.5269,625.00
4.520761,915.5754,694.00
4.520761,915.6237,655.00
4.520761,915.6721,695.00
4.520761,915.7205,640.00
4.520761,915.7689,712.00
4.520761,915.8173,669.00
4.520761,915.8657,671.00
4.520761,915.9141,663.00
4.520761,915.9623,670.00
4.520761,916.0107,636.00
4.520761,916.0591,694.00
4.520761,916.1075,619.00
4.520761,916.1558,675.00
4.520761,916.2042,667.00
4.520761,916.2524,670.00
4.520761,916.3008,639.00
4.520761,916.3491,671.00
4.520761,916.3974,619.00
4.520761,916.4457,683.00
4.520761,916.4940,631.00
4.520761,916.5423,695.00
4.520761,916.5907,645.00
4.520761,916.6390,659.00
4.520761,916.6872,653.00
4.520761,916.7355,645.00
4.520761,916.7838,613.00
4.520761,916.8320,696.00
4.520761,916.8803,621.00
4.520761,916.9286,688.00
4.520761,916.9768,628.00
4.520761,917.0250,676.00
4.520761,917.0733,676.00
4.520761,917.1216,638.00
4.520761,917.1698,618.00
4.520761,917.2180,640.00
4.520761,917.2662,626.00
4.520761,917.3145,662.00
4.520761,917.3626,619.00
4.520761,917.4109,687.00
4.520761,917.4590,618.00
4.520761,917.5072,699.00
4.520761,917.5554,667.00
4.520761,917.6036,647.00
4.520761,917.6518,617.00
4.520761,917.7000,691.00
4.520761,917.7481,633.00
4.520761,917.7963,667.00
4.520761,917.8444,633.00
4.520761,917.8926,674.00
4.520761,917.9407,647.00
4.520761,917.9888,690.00
4.520761,918.0369,655.00
4.520761,918.0851,670.00
4.520761,918.1332,643.00
4.520761,918.1813,689.00
4.520761,918.2294,645.00
4.520761,918.2776,707.00
4.520761,918.3257,655.00
4.520761,918.3737,675.00
4.520761,918.4218,640.00
4.520761,918.4699,686.00
4.520761,918.5180,635.00
4.520761,918.5660,659.00
4.520761,918.6142,631.00
4.520761,918.6622,670.00
4.520761,918.7103,677.00
4.520761,918.7583,723.00
4.520761,918.8064,685.00
4.520761,918.8544,661.00
4.520761,918.9025,637.00
4.520761,918.9505,708.00
4.520761,918.9985,643.00
4.520761,919.0464,724.00
4.520761,919.0945,670.00
4.520761,919.1426,698.00
4.520761,919.1905,682.00
4.520761,919.2385,641.00
4.520761,919.2866,624.00
4.520761,919.3345,655.00
4.520761,919.3825,613.00
4.520761,919.4304,673.00
4.520761,919.4785,628.00
4.520761,919.5264,686.00
4.520761,919.5744,667.00
4.520761,919.6224,672.00
4.520761,919.6703,650.00
4.520761,919.7182,666.00
4.520761,919.7661,629.00
4.520761,919.8141,687.00
4.520761,919.8620,652.00
4.520761,919.9100,707.00
4.520761,919.9578,641.00
4.520761,920.0057,718.00
4.520761,920.0536,629.00
4.520761,920.1016,678.00
4.520761,920.1495,629.00
4.520761,920.1973,674.00
4.520761,920.2452,597.00
4.520761,920.2932,676.00
4.520761,920.3410,665.00
4.520761,920.3888,690.00
4.520761,920.4367,639.00
4.520761,920.4846,650.00
4.520761,920.5323,628.00
4.520761,920.5803,636.00
4.520761,920.6281,633.00
4.520761,920.6759,711.00
4.520761,920.7237,639.00
4.520761,920.7715,674.00
4.520761,920.8195,634.00
4.520761,920.8672,650.00
4.520761,920.9150,645.00
4.520761,920.9628,649.00
4.520761,921.0106,625.00
4.520761,921.0584,685.00
4.520761,921.1062,593.00
4.520761,921.1540,692.00
4.520761,921.2017,608.00
4.520761,921.2495,644.00
4.520761,921.2973,656.00
4.520761,921.3450,638.00
4.520761,921.3928,584.00
4.520761,921.4405,640.00
4.520761,921.4882,580.00
4.520761,921.5359,652.00
4.520761,921.5837,633.00
4.520761,921.6315,632.00
4.520761,921.6791,604.00
4.520761,921.7269,668.00
4.520761,921.7746,596.00
4.520761,921.8223,620.00
4.520761,921.8700,602.00
4.520761,921.9177,630.00
4.520761,921.9653,608.00
4.520761,922.0130,660.00
4.520761,922.0607,648.00
4.520761,922.1084,659.00
4.520761,922.1561,639.00
4.520761,922.2037,682.00
4.520761,922.2513,626.00
4.520761,922.2990,666.00
4.520761,922.3467,599.00
4.520761,922.3943,661.00
4.520761,922.4419,583.00
4.520761,922.4895,659.00
4.520761,922.5371,629.00
4.520761,922.5848,643.00
4.520761,922.6324,618.00
4.520761,922.6800,643.00
4.520761,922.7276,635.00
4.520761,922.7752,670.00
4.520761,922.8228,631.00
4.520761,922.8704,667.00
4.520761,922.9179,625.00
4.520761,922.9655,649.00
4.520761,923.0130,627.00
4.520761,923.0607,681.00
4.520761,923.1082,629.00
4.520761,923.1558,696.00
4.520761,923.2032,604.00
4.520761,923.2508,669.00
4.520761,923.2983,642.00
4.520761,923.3459,658.00
4.520761,923.3934,646.00
4.520761,923.4409,624.00
4.520761,923.4884,606.00
4.520761,923.5359,643.00
4.520761,923.5834,599.00
4.520761,923.6309,635.00
4.520761,923.6784,634.00
4.520761,923.7259,657.00
4.520761,923.7734,627.00
4.520761,923.8209,615.00
4.520761,923.8683,583.00
4.520761,923.9158,667.00
4.520761,923.9632,592.00
4.520761,924.0106,689.00
4.520761,924.0581,623.00
4.520761,924.1056,651.00
4.520761,924.1530,615.00
4.520761,924.2004,652.00
4.520761,924.2479,646.00
4.520761,924.2952,627.00
4.520761,924.3427,573.00
4.520761,924.3901,677.00
4.520761,924.4375,620.00
4.520761,924.4849,685.00
4.520761,924.5323,643.00
4.520761,924.5797,642.00
4.520761,924.6270,660.00
4.520761,924.6744,662.00
4.520761,924.7218,594.00
4.520761,924.7692,681.00
4.520761,924.8165,595.00
4.520761,924.8639,674.00
4.520761,924.9112,645.00
4.520761,924.9585,659.00
4.520761,925.0059,660.00
4.520761,925.0532,645.00
4.520761,925.1005,627.00
4.520761,925.1478,668.00
4.520761,925.1952,609.00
4.520761,925.2424,676.00
4.520761,925.2897,626.00
4.520761,925.3370,675.00
4.520761,925.3843,646.00
4.520761,925.4316,672.00
4.520761,925.4789,608.00
4.520761,925.5262,651.00
4.520761,925.5734,593.00
4.520761,925.6207,713.00
4.520761,925.6680,646.00
4.520761,925.7153,678.00
4.520761,925.7625,679.00
4.520761,925.8097,650.00
4.520761,925.8569,638.00
4.520761,925.9042,659.00
4.520761,925.9514,599.00
4.520761,925.9987,679.00
4.520761,926.0458,621.00
4.520761,926.0930,667.00
4.520761,926.1403,655.00
4.520761,926.1874,675.00
4.520761,926.2346,651.00
4.520761,926.2819,672.00
4.520761,926.3290,629.00
4.520761,926.3762,657.00
4.520761,926.4233,617.00
4.520761,926.4705,681.00
4.520761,926.5177,668.00
4.520761,926.5648,682.00
4.520761,926.6120,662.00
4.520761,926.6591,694.00
4.520761,926.7063,646.00
4.520761,926.7534,676.00
4.520761,926.8005,617.00
4.520761,926.8477,723.00
4.520761,926.8947,667.00
4.520761,926.9418,703.00
4.520761,926.9890,674.00
4.520761,927.0361,678.00
4.520761,927.0831,653.00
4.520761,927.1302,723.00
4.520761,927.1773,639.00
4.520761,927.2244,729.00
4.520761,927.2715,655.00
4.520761,927.3185,684.00
4.520761,927.3656,665.00
4.520761,927.4126,705.00
4.520761,927.4597,710.00
4.520761,927.5067,659.00
4.520761,927.5538,634.00
4.520761,927.6008,692.00
4.520761,927.6478,660.00
4.520761,927.6949,725.00
4.520761,927.7419,647.00
4.520761,927.7888,697.00
4.520761,927.8358,696.00
4.520761,927.8829,702.00
4.520761,927.9299,644.00
4.520761,927.9769,733.00
4.520761,928.0239,638.00
4.520761,928.0708,714.00
4.520761,928.1177,649.00
4.520761,928.1648,710.00
4.520761,928.2117,682.00
4.520761,928.2587,667.00
4.520761,928.3056,659.00
4.520761,928.3525,664.00
4.520761,928.3995,659.00
4.520761,928.4465,713.00
4.520761,928.4934,645.00
4.520761,928.5402,689.00
4.520761,928.5872,644.00
4.520761,928.6340,741.00
4.520761,928.6810,668.00
4.520761,928.7279,684.00
4.520761,928.7748,664.00
4.520761,928.8217,690.00
4.520761,928.8685,658.00
4.520761,928.9155,678.00
4.520761,928.9623,626.00
4.520761,929.0092,698.00
4.520761,929.0560,631.00
4.520761,929.1028,661.00
4.520761,929.1498,627.00
4.520761,929.1965,683.00
4.520761,929.2434,671.00
4.520761,929.2902,693.00
4.520761,929.3370,642.00
4.520761,929.3839,681.00
4.520761,929.4307,679.00
4.520761,929.4775,681.00
4.520761,929.5243,658.00
4.520761,929.5710,673.00
4.520761,929.6179,654.00
4.520761,929.6647,707.00
4.520761,929.7115,626.00
4.520761,929.7582,679.00
4.520761,929.8050,642.00
4.520761,929.8517,697.00
4.520761,929.8986,665.00
4.520761,929.9453,665.00
4.520761,929.9921,647.00
4.520761,930.0388,703.00
4.520761,930.0854,646.00
4.520761,930.1323,704.00
4.520761,930.1790,642.00
4.520761,930.2256,691.00
4.520761,930.2724,669.00
4.520761,930.3191,649.00
4.520761,930.3658,630.00
4.520761,930.4125,701.00
4.520761,930.4592,629.00
4.520761,930.5059,696.00
4.520761,930.5526,632.00
4.520761,930.5993,673.00
4.520761,930.6459,672.00
4.520761,930.6926,702.00
4.520761,930.7392,680.00
4.520761,930.7859,690.00
4.520761,930.8325,634.00
4.520761,930.8792,688.00
4.520761,930.9258,645.00
4.520761,930.9725,696.00
4.520761,931.0190,649.00
4.520761,931.0657,701.00
4.520761,931.1123,672.00
4.520761,931.1589,668.00
4.520761,931.2055,638.00
4.520761,931.2521,678.00
4.520761,931.2987,626.00
4.520761,931.3453,680.00
4.520761,931.3919,646.00
4.520761,931.4385,691.00
4.520761,931.4850,639.00
4.520761,931.5316,641.00
4.520761,931.5782,626.00
4.520761,931.6248,675.00
4.520761,931.6713,655.00
4.520761,931.7178,713.00
4.520761,931.7643,638.00
4.520761,931.8109,697.00
4.520761,931.8574,671.00
4.520761,931.9039,663.00
4.520761,931.9504,680.00
4.520761,931.9969,697.00
4.520761,932.0435,646.00
4.520761,932.0900,699.00
4.520761,932.1365,619.00
4.520761,932.1829,654.00
4.520761,932.2294,640.00
4.520761,932.2759,697.00
4.520761,932.3223,633.00
4.520761,932.3688,649.00
4.520761,932.4153,627.00
4.520761,932.4617,706.00
4.520761,932.5082,648.00
4.520761,932.5546,704.00
4.520761,932.6011,646.00
4.520761,932.6475,711.00
4.520761,932.6939,681.00
4.520761,932.7402,692.00
4.520761,932.7867,662.00
4.520761,932.8331,673.00
4.520761,932.8795,601.00
4.520761,932.9259,686.00
4.520761,932.9723,638.00
4.520761,933.0187,697.00
4.520761,933.0651,666.00
4.520761,933.1115,684.00
4.520761,933.1578,653.00
4.520761,933.2042,663.00
4.520761,933.2505,640.00
4.520761,933.2969,701.00
4.520761,933.3433,660.00
4.520761,933.3896,726.00
4.520761,933.4359,649.00
4.520761,933.4822,716.00
4.520761,933.5286,646.00
4.520761,933.5749,680.00
4.520761,933.6212,659.00
4.520761,933.6675,704.00
4.520761,933.7138,650.00
4.520761,933.7601,709.00
4.520761,933.8064,662.00
4.520761,933.8527,695.00
4.520761,933.8989,666.00
4.520761,933.9452,679.00
4.520761,933.9915,688.00
4.520761,934.0378,683.00
4.520761,934.0840,631.00
4.520761,934.1302,733.00
4.520761,934.1765,639.00
4.520761,934.2227,706.00
4.520761,934.2690,715.00
4.520761,934.3152,723.00
4.520761,934.3614,664.00
4.520761,934.4077,689.00
4.520761,934.4539,683.00
4.520761,934.5001,735.00
4.520761,934.5463,635.00
4.520761,934.5925,734.00
4.520761,934.6387,684.00
4.520761,934.6848,721.00
4.520761,934.7310,661.00
4.520761,934.7772,697.00
4.520761,934.8234,633.00
4.520761,934.8695,682.00
4.520761,934.9156,612.00
4.520761,934.9619,698.00
4.520761,935.0080,672.00
4.520761,935.0541,722.00
4.520761,935.1002,699.00
4.520761,935.1464,678.00
4.520761,935.1925,659.00
4.520761,935.2386,718.00
4.520761,935.2847,677.00
4.520761,935.3308,731.00
4.520761,935.3769,673.00
4.520761,935.4230,733.00
4.520761,935.4691,683.00
4.520761,935.5152,696.00
4.520761,935.5613,665.00
4.520761,935.6073,710.00
4.520761,935.6534,644.00
4.520761,935.6995,697.00
4.520761,935.7455,628.00
4.520761,935.7916,718.00
4.520761,935.8376,683.00
4.520761,935.8837,716.00
4.520761,935.9297,666.00
4.520761,935.9757,692.00
4.520761,936.0217,637.00
4.520761,936.0677,665.00
4.520761,936.1137,634.00
4.520761,936.1598,705.00
4.520761,936.2057,626.00
4.520761,936.2518,698.00
4.520761,936.2977,668.00
4.520761,936.3437,695.00
4.520761,936.3896,628.00
4.520761,936.4357,655.00
4.520761,936.4816,615.00
4.520761,936.5275,710.00
4.520761,936.5735,619.00
4.520761,936.6194,694.00
4.520761,936.6654,667.00
4.520761,936.7114,675.00
4.520761,936.7573,613.00
4.520761,936.8032,661.00
4.520761,936.8491,585.00
4.520761,936.8950,647.00
4.520761,936.9409,615.00
4.520761,936.9868,692.00
4.520761,937.0327,642.00
4.520761,937.0786,724.00
4.520761,937.1245,625.00
4.520761,937.1704,647.00
4.520761,937.2162,608.00
4.520761,937.2621,687.00
4.520761,937.3080,586.00
4.520761,937.3539,658.00
4.520761,937.3997,589.00
4.520761,937.4455,688.00
4.520761,937.4913,667.00
4.520761,937.5372,653.00
4.520761,937.5831,615.00
4.520761,937.6289,622.00
4.520761,937.6747,626.00
4.520761,937.7205,679.00
4.520761,937.7663,592.00
4.520761,937.8121,689.00
4.520761,937.8579,621.00
4.520761,937.9037,641.00
4.520761,937.9495,625.00
4.520761,937.9952,670.00
4.520761,938.0410,602.00
4.520761,938.0868,656.00
4.520761,938.1325,610.00
4.520761,938.1783,690.00
4.520761,938.2240,623.00
4.520761,938.2698,645.00
4.520761,938.3155,618.00
4.520761,938.3613,621.00
4.520761,938.4069,605.00
4.520761,938.4527,645.00
4.520761,938.4984,614.00
4.520761,938.5441,683.00
4.520761,938.5898,636.00
4.520761,938.6356,662.00
4.520761,938.6812,636.00
4.520761,938.7269,667.00
4.520761,938.7726,633.00
4.520761,938.8182,656.00
4.520761,938.8640,637.00
4.520761,938.9096,678.00
4.520761,938.9552,615.00
4.520761,939.0010,656.00
4.520761,939.0466,664.00
4.520761,939.0922,674.00
4.520761,939.1378,675.00
4.520761,939.1835,683.00
4.520761,939.2291,608.00
4.520761,939.2747,672.00
4.520761,939.3203,639.00
4.520761,939.3659,705.00
4.520761,939.4115,655.00
4.520761,939.4570,708.00
4.520761,939.5027,692.00
4.520761,939.5483,673.00
4.520761,939.5939,646.00
4.520761,939.6395,675.00
4.520761,939.6851,624.00
4.520761,939.7306,692.00
4.520761,939.7761,652.00
4.520761,939.8217,691.00
4.520761,939.8672,653.00
4.520761,939.9127,676.00
4.520761,939.9583,660.00
4.520761,940.0038,686.00
4.520761,940.0493,645.00
4.520761,940.0948,702.00
4.520761,940.1403,628.00
4.520761,940.1859,736.00
4.520761,940.2314,649.00
4.520761,940.2769,720.00
4.520761,940.3223,683.00
4.520761,940.3678,690.00
4.520761,940.4133,664.00
4.520761,940.4588,672.00
4.520761,940.5042,646.00
4.520761,940.5497,725.00
4.520761,940.5952,645.00
4.520761,940.6406,704.00
4.520761,940.6860,690.00
4.520761,940.7315,713.00
4.520761,940.7769,676.00
4.520761,940.8223,708.00
4.520761,940.8677,662.00
4.520761,940.9132,691.00
4.520761,940.9586,664.00
4.520761,941.0040,724.00
4.520761,941.0494,714.00
4.520761,941.0948,689.00
4.520761,941.1402,685.00
4.520761,941.1855,694.00
4.520761,941.2310,620.00
4.520761,941.2762,711.00
4.520761,941.3216,652.00
4.520761,941.3670,724.00
4.520761,941.4124,631.00
4.520761,941.4577,696.00
4.520761,941.5031,659.00
4.520761,941.5483,674.00
4.520761,941.5937,654.00
4.520761,941.6390,701.00
4.520761,941.6843,644.00
4.520761,941.7296,719.00
4.520761,941.7749,659.00
4.520761,941.8203,721.00
4.520761,941.8655,700.00
4.520761,941.9108,676.00
4.520761,941.9561,639.00
4.520761,942.0013,697.00
4.520761,942.0467,658.00
4.520761,942.0920,722.00
4.520761,942.1372,682.00
4.520761,942.1824,715.00
4.520761,942.2277,670.00
4.520761,942.2729,705.00
4.520761,942.3182,649.00
4.520761,942.3634,711.00
4.520761,942.4086,667.00
4.520761,942.4539,679.00
4.520761,942.4990,636.00
4.520761,942.5443,698.00
4.520761,942.5895,657.00
4.520761,942.6347,689.00
4.520761,942.6798,641.00
4.520761,942.7250,658.00
4.520761,942.7702,653.00
4.520761,942.8154,702.00
4.520761,942.8606,624.00
4.520761,942.9058,724.00
4.520761,942.9508,661.00
4.520761,942.9960,718.00
4.520761,943.0412,645.00
4.520761,943.0864,678.00
4.520761,943.1314,648.00
4.520761,943.1766,718.00
4.520761,943.2217,663.00
4.520761,943.2668,728.00
4.520761,943.3120,661.00
4.520761,943.3571,738.00
4.520761,943.4021,693.00
4.520761,943.4473,705.00
4.520761,943.4923,692.00
4.520761,943.5374,686.00
4.520761,943.5825,661.00
4.520761,943.6276,710.00
4.520761,943.6725,624.00
4.520761,943.7177,684.00
4.520761,943.7627,695.00
4.520761,943.8078,676.00
4.520761,943.8528,673.00
4.520761,943.8978,682.00
4.520761,943.9429,652.00
4.520761,943.9879,721.00
4.520761,944.0330,650.00
4.520761,944.0779,704.00
4.520761,944.1229,657.00
4.520761,944.1679,720.00
4.520761,944.2130,686.00
4.520761,944.2579,711.00
4.520761,944.3029,672.00
4.520761,944.3478,630.00
4.520761,944.3929,642.00
4.520761,944.4379,719.00
4.520761,944.4828,649.00
4.520761,944.5277,720.00
4.520761,944.5727,651.00
4.520761,944.6176,709.00
4.520761,944.6626,665.00
4.520761,944.7076,682.00
4.520761,944.7524,650.00
4.520761,944.7974,707.00
4.520761,944.8423,654.00
4.520761,944.8872,738.00
4.520761,944.9321,679.00
4.520761,944.9770,691.00
4.520761,945.0219,667.00
4.520761,945.0667,703.00
4.520761,945.1116,643.00
4.520761,945.1566,669.00
4.520761,945.2014,645.00
4.520761,945.2463,717.00
4.520761,945.2911,639.00
4.520761,945.3360,731.00
4.520761,945.3808,690.00
4.520761,945.4257,696.00
4.520761,945.4705,672.00
4.520761,945.5153,685.00
4.520761,945.5601,623.00
4.520761,945.6050,731.00
4.520761,945.6498,674.00
4.520761,945.6946,690.00
4.520761,945.7394,676.00
4.520761,945.7842,701.00
4.520761,945.8290,639.00
4.520761,945.8738,699.00
4.520761,945.9186,659.00
4.520761,945.9633,714.00
4.520761,946.0081,642.00
4.520761,946.0529,695.00
4.520761,946.0976,679.00
4.520761,946.1423,693.00
4.520761,946.1871,657.00
4.520761,946.2318,709.00
4.520761,946.2766,585.00
4.520761,946.3213,685.00
4.520761,946.3660,616.00
4.520761,946.4107,708.00
4.520761,946.4554,652.00
4.520761,946.5001,692.00
4.520761,946.5449,664.00
4.520761,946.5895,656.00
4.520761,946.6342,624.00
4.520761,946.6789,682.00
4.520761,946.7236,620.00
4.520761,946.7682,672.00
4.520761,946.8129,642.00
4.520761,946.8575,704.00
4.520761,946.9022,645.00
4.520761,946.9468,690.00
4.520761,946.9915,670.00
4.520761,947.0361,691.00
4.520761,947.0807,654.00
4.520761,947.1253,648.00
4.520761,947.1700,653.00
4.520761,947.2146,713.00
4.520761,947.2592,667.00
4.520761,947.3038,699.00
4.520761,947.3483,658.00
4.520761,947.3929,682.00
4.520761,947.4376,634.00
4.520761,947.4821,667.00
4.520761,947.5267,615.00
4.520761,947.5712,699.00
4.520761,947.6158,651.00
4.520761,947.6604,685.00
4.520761,947.7050,663.00
4.520761,947.7495,663.00
4.520761,947.7939,643.00
4.520761,947.8385,671.00
4.520761,947.8831,630.00
4.520761,947.9276,687.00
4.520761,947.9720,653.00
4.520761,948.0166,669.00
4.520761,948.0611,631.00
4.520761,948.1056,657.00
4.520761,948.1501,641.00
4.520761,948.1945,668.00
4.520761,948.2390,620.00
4.520761,948.2835,685.00
4.520761,948.3279,620.00
4.520761,948.3724,670.00
4.520761,948.4169,634.00
4.520761,948.4613,686.00
4.520761,948.5057,654.00
4.520761,948.5502,650.00
4.520761,948.5947,595.00
4.520761,948.6391,685.00
4.520761,948.6835,611.00
4.520761,948.7279,691.00
4.520761,948.7723,661.00
4.520761,948.8167,659.00
4.520761,948.8611,626.00
4.520761,948.9055,631.00
4.520761,948.9498,609.00
4.520761,948.9943,620.00
4.520761,949.0387,639.00
4.520761,949.0830,679.00
4.520761,949.1273,667.00
4.520761,949.1718,676.00
4.520761,949.2161,642.00
4.520761,949.2604,667.00
4.520761,949.3047,619.00
4.520761,949.3491,649.00
4.520761,949.3934,624.00
4.520761,949.4377,681.00
4.520761,949.4821,607.00
4.520761,949.5264,711.00
4.520761,949.5707,674.00
4.520761,949.6150,668.00
4.520761,949.6592,666.00
4.520761,949.7036,667.00
4.520761,949.7479,631.00
4.520761,949.7921,699.00
4.520761,949.8363,650.00
4.520761,949.8806,693.00
4.520761,949.9249,637.00
4.520761,949.9692,681.00
4.520761,950.0134,635.00
4.520761,950.0576,677.00
4.520761,950.1019,660.00
4.520761,950.1461,692.00
4.520761,950.1903,642.00
4.520761,950.2346,699.00
4.520761,950.2787,640.00
4.520761,950.3229,680.00
4.520761,950.3671,628.00
4.520761,950.4114,673.00
4.520761,950.4555,645.00
4.520761,950.4997,684.00
4.520761,950.5439,656.00
4.520761,950.5880,688.00
4.520761,950.6322,630.00
4.520761,950.6763,662.00
4.520761,950.7205,644.00
4.520761,950.7646,674.00
4.520761,950.8088,666.00
4.520761,950.8530,669.00
4.520761,950.8971,669.00
4.520761,950.9412,668.00
4.520761,950.9853,625.00
4.520761,951.0294,723.00
4.520761,951.0735,650.00
4.520761,951.1177,704.00
4.520761,951.1617,672.00
4.520761,951.2057,688.00
4.520761,951.2499,635.00
4.520761,951.2939,661.00
4.520761,951.3380,632.00
4.520761,951.3821,662.00
4.520761,951.4261,662.00
4.520761,951.4702,711.00
4.520761,951.5142,682.00
4.520761,951.5582,698.00
4.520761,951.6024,653.00
4.520761,951.6464,693.00
4.520761,951.6904,659.00
4.520761,951.7344,699.00
4.520761,951.7784,599.00
4.520761,951.8224,698.00
4.520761,951.8665,660.00
4.520761,951.9104,705.00
4.520761,951.9544,651.00
4.520761,951.9984,673.00
4.520761,952.0424,645.00
4.520761,952.0864,666.00
4.520761,952.1303,628.00
4.520761,952.1743,705.00
4.520761,952.2183,652.00
4.520761,952.2621,718.00
4.520761,952.3061,655.00
4.520761,952.3500,678.00
4.520761,952.3940,652.00
4.520761,952.4379,680.00
4.520761,952.4818,627.00
4.520761,952.5258,743.00
4.520761,952.5696,653.00
4.520761,952.6136,716.00
4.520761,952.6574,642.00
4.520761,952.7014,685.00
4.520761,952.7452,621.00
4.520761,952.7891,686.00
4.520761,952.8330,644.00
4.520761,952.8768,677.00
4.520761,952.9207,642.00
4.520761,952.9645,730.00
4.520761,953.0084,651.00
4.520761,953.0522,698.00
4.520761,953.0961,662.00
4.520761,953.1400,663.00
4.520761,953.1838,649.00
4.520761,953.2275,677.00
4.520761,953.2714,617.00
4.520761,953.3152,733.00
4.520761,953.3589,669.00
4.520761,953.4028,676.00
4.520761,953.4466,658.00
4.520761,953.4904,660.00
4.520761,953.5341,658.00
4.520761,953.5779,664.00
4.520761,953.6217,598.00
4.520761,953.6654,655.00
4.520761,953.7092,610.00
4.520761,953.7529,699.00
4.520761,953.7967,638.00
4.520761,953.8405,679.00
4.520761,953.8842,639.00
4.520761,953.9279,661.00
4.520761,953.9716,641.00
4.520761,954.0153,671.00
4.520761,954.0590,631.00
4.520761,954.1027,655.00
4.520761,954.1464,652.00
4.520761,954.1901,680.00
4.520761,954.2338,645.00
4.520761,954.2774,679.00
4.520761,954.3212,615.00
4.520761,954.3648,674.00
4.520761,954.4084,640.00
4.520761,954.4521,674.00
4.520761,954.4958,621.00
4.520761,954.5394,641.00
4.520761,954.5831,645.00
4.520761,954.6267,650.00
4.520761,954.6703,649.00
4.520761,954.7139,666.00
4.520761,954.7576,602.00
4.520761,954.8012,654.00
4.520761,954.8448,615.00
4.520761,954.8884,680.00
4.520761,954.9319,641.00
4.520761,954.9755,675.00
4.520761,955.0191,641.00
4.520761,955.0627,625.00
4.520761,955.1063,612.00
4.520761,955.1498,628.00
4.520761,955.1934,577.00
4.520761,955.2369,648.00
4.520761,955.2805,588.00
4.520761,955.3240,672.00
4.520761,955.3675,660.00
4.520761,955.4111,678.00
4.520761,955.4546,616.00
4.520761,955.4981,634.00
4.520761,955.5416,584.00
4.520761,955.5851,680.00
4.520761,955.6285,615.00
4.520761,955.6722,664.00
4.520761,955.7156,635.00
4.520761,955.7590,628.00
4.520761,955.8025,622.00
4.520761,955.8460,669.00
4.520761,955.8895,588.00
4.520761,955.9329,667.00
4.520761,955.9764,626.00
4.520761,956.0198,679.00
4.520761,956.0632,636.00
4.520761,956.1067,678.00
4.520761,956.1501,623.00
4.520761,956.1935,671.00
4.520761,956.2369,623.00
4.520761,956.2803,630.00
4.520761,956.3238,611.00
4.520761,956.3671,685.00
4.520761,956.4105,639.00
4.520761,956.4539,653.00
4.520761,956.4973,649.00
4.520761,956.5406,643.00
4.520761,956.5841,638.00
4.520761,956.6274,647.00
4.520761,956.6707,592.00
4.520761,956.7141,668.00
4.520761,956.7575,613.00
4.520761,956.8008,657.00
4.520761,956.8442,631.00
4.520761,956.8875,674.00
4.520761,956.9308,628.00
4.520761,956.9741,652.00
4.520761,957.0174,616.00
4.520761,957.0607,687.00
4.520761,957.1040,591.00
4.520761,957.1473,700.00
4.520761,957.1906,630.00
4.520761,957.2339,678.00
4.520761,957.2772,647.00
4.520761,957.3204,637.00
4.520761,957.3636,622.00
4.520761,957.4069,673.00
4.520761,957.4502,627.00
4.520761,957.4934,671.00
4.520761,957.5366,632.00
4.520761,957.5799,669.00
4.520761,957.6230,636.00
4.520761,957.6664,689.00
4.520761,957.7095,637.00
4.520761,957.7527,690.00
4.520761,957.7959,628.00
4.520761,957.8392,708.00
4.520761,957.8823,626.00
4.520761,957.9255,704.00
4.520761,957.9687,657.00
4.520761,958.0118,652.00
4.520761,958.0551,644.00
4.520761,958.0983,695.00
4.520761,958.1414,622.00
4.520761,958.1845,686.00
4.520761,958.2277,628.00
4.520761,958.2708,700.00
4.520761,958.3139,639.00
4.520761,958.3571,701.00
4.520761,958.4001,653.00
4.520761,958.4432,678.00
4.520761,958.4864,654.00
4.520761,958.5295,685.00
4.520761,958.5726,636.00
4.520761,958.6157,690.00
4.520761,958.6588,655.00
4.520761,958.7018,689.00
4.520761,958.7449,638.00
4.520761,958.7879,670.00
4.520761,958.8311,631.00
4.520761,958.8741,695.00
4.520761,958.9171,618.00
4.520761,958.9601,689.00
4.520761,959.0032,639.00
4.520761,959.0463,701.00
4.520761,959.0893,669.00
4.520761,959.1323,669.00
4.520761,959.1752,684.00
4.520761,959.2183,701.00
4.520761,959.2613,646.00
4.520761,959.3043,666.00
4.520761,959.3472,590.00
4.520761,959.3903,682.00
4.520761,959.4332,652.00
4.520761,959.4763,675.00
4.520761,959.5192,613.00
4.520761,959.5621,663.00
4.520761,959.6051,629.00
4.520761,959.6480,670.00
4.520761,959.6910,563.00
4.520761,959.7339,690.00
4.520761,959.7768,605.00
4.520761,959.8198,634.00
4.520761,959.8627,607.00
4.520761,959.9056,645.00
4.520761,959.9485,619.00
4.520761,959.9915,656.00
4.520761,960.0343,595.00
4.520761,960.0771,677.00
4.520761,960.1201,594.00
4.520761,960.1630,663.00
4.520761,960.2058,632.00
4.520761,960.2487,621.00
4.520761,960.2915,632.00
4.520761,960.3344,635.00
4.520761,960.3773,573.00
4.520761,960.4200,662.00
4.520761,960.4629,584.00
4.520761,960.5057,692.00
4.520761,960.5485,613.00
4.520761,960.5914,656.00
4.520761,960.6342,619.00
4.520761,960.6770,616.00
4.520761,960.7198,596.00
4.520761,960.7626,598.00
4.520761,960.8054,570.00
4.520761,960.8481,639.00
4.520761,960.8909,626.00
4.520761,960.9337,652.00
4.520761,960.9764,641.00
4.520761,961.0192,633.00
4.520761,961.0620,597.00
4.520761,961.1047,615.00
4.520761,961.1475,618.00
4.520761,961.1902,700.00
4.520761,961.2329,612.00
4.520761,961.2757,660.00
4.520761,961.3184,639.00
4.520761,961.3611,593.00
4.520761,961.4037,612.00
4.520761,961.4465,638.00
4.520761,961.4892,580.00
4.520761,961.5319,643.00
4.520761,961.5745,568.00
4.520761,961.6172,670.00
4.520761,961.6599,619.00
4.520761,961.7026,654.00
4.520761,961.7452,637.00
4.520761,961.7878,624.00
4.520761,961.8304,639.00
4.520761,961.8731,665.00
4.520761,961.9157,609.00
4.520761,961.9584,636.00
4.520761,962.0010,630.00
4.520761,962.0436,665.00
4.520761,962.0862,648.00
4.520761,962.1288,642.00
4.520761,962.1714,616.00
4.520761,962.2140,633.00
4.520761,962.2565,588.00
4.520761,962.2991,642.00
4.520761,962.3417,587.00
4.520761,962.3843,646.00
4.520761,962.4268,662.00
4.520761,962.4694,668.00
4.520761,962.5119,641.00
4.520761,962.5545,665.00
4.520761,962.5970,603.00
4.520761,962.6396,681.00
4.520761,962.6821,608.00
4.520761,962.7246,708.00
4.520761,962.7671,630.00
4.520761,962.8096,671.00
4.520761,962.8522,618.00
4.520761,962.8947,628.00
4.520761,962.9371,588.00
4.520761,962.9796,651.00
4.520761,963.0222,591.00
4.520761,963.0646,655.00
4.520761,963.1070,606.00
4.520761,963.1495,630.00
4.520761,963.1919,645.00
4.520761,963.2344,621.00
4.520761,963.2768,613.00
4.520761,963.3193,689.00
4.520761,963.3616,595.00
4.520761,963.4041,696.00
4.520761,963.4465,588.00
4.520761,963.4889,664.00
4.520761,963.5314,620.00
4.520761,963.5737,647.00
4.520761,963.6161,638.00
4.520761,963.6585,644.00
4.520761,963.7009,600.00
4.520761,963.7433,624.00
4.520761,963.7856,617.00
4.520761,963.8280,669.00
4.520761,963.8704,604.00
4.520761,963.9127,654.00
4.520761,963.9551,628.00
4.520761,963.9974,640.00
4.520761,964.0397,598.00
4.520761,964.0820,670.00
4.520761,964.1244,601.00
4.520761,964.1667,660.00
4.520761,964.2090,596.00
4.520761,964.2513,659.00
4.520761,964.2936,625.00
4.520761,964.3359,674.00
4.520761,964.3782,582.00
4.520761,964.4205,636.00
4.520761,964.4627,603.00
4.520761,964.5050,660.00
4.520761,964.5472,609.00
4.520761,964.5895,683.00
4.520761,964.6317,620.00
4.520761,964.6740,641.00
4.520761,964.7162,654.00
4.520761,964.7585,630.00
4.520761,964.8007,591.00
4.520761,964.8429,628.00
4.520761,964.8851,602.00
4.520761,964.9273,675.00
4.520761,964.9695,603.00
4.520761,965.0118,645.00
4.520761,965.0539,606.00
4.520761,965.0961,617.00
4.520761,965.1382,661.00
4.520761,965.1805,637.00
4.520761,965.2226,618.00
4.520761,965.2648,657.00
4.520761,965.3069,610.00
4.520761,965.3491,658.00
4.520761,965.3912,610.00
4.520761,965.4333,645.00
4.520761,965.4755,614.00
4.520761,965.5176,647.00
4.520761,965.5598,607.00
4.520761,965.6019,687.00
4.520761,965.6439,594.00
4.520761,965.6861,689.00
4.520761,965.7281,605.00
4.520761,965.7702,633.00
4.520761,965.8123,599.00
4.520761,965.8543,635.00
4.520761,965.8964,600.00
4.520761,965.9385,648.00
4.520761,965.9806,606.00
4.520761,966.0226,677.00
4.520761,966.0647,587.00
4.520761,966.1068,608.00
4.520761,966.1487,628.00
4.520761,966.1907,607.00
4.520761,966.2328,616.00
4.520761,966.2748,611.00
4.520761,966.3168,592.00
4.520761,966.3588,664.00
4.520761,966.4008,587.00
4.520761,966.4427,626.00
4.520761,966.4848,593.00
4.520761,966.5268,626.00
4.520761,966.5688,610.00
4.520761,966.6107,637.00
4.520761,966.6526,593.00
4.520761,966.6946,652.00
4.520761,966.7366,557.00
4.520761,966.7785,665.00
4.520761,966.8204,630.00
4.520761,966.8624,628.00
4.520761,966.9042,618.00
4.520761,966.9462,634.00
4.520761,966.9881,572.00
4.520761,967.0300,613.00
4.520761,967.0719,578.00
4.520761,967.1138,655.00
4.520761,967.1556,615.00
4.520761,967.1976,672.00
4.520761,967.2394,616.00
4.520761,967.2813,623.00
4.520761,967.3232,611.00
4.520761,967.3651,641.00
4.520761,967.4070,578.00
4.520761,967.4488,658.00
4.520761,967.4906,599.00
4.520761,967.5324,659.00
4.520761,967.5743,624.00
4.520761,967.6161,665.00
4.520761,967.6579,647.00
4.520761,967.6997,663.00
4.520761,967.7415,593.00
4.520761,967.7833,662.00
4.520761,967.8251,580.00
4.520761,967.8669,671.00
4.520761,967.9087,615.00
4.520761,967.9504,636.00
4.520761,967.9922,631.00
4.520761,968.0339,636.00
4.520761,968.0757,593.00
4.520761,968.1174,689.00
4.520761,968.1592,612.00
4.520761,968.2009,651.00
4.520761,968.2427,600.00
4.520761,968.2844,646.00
4.520761,968.3262,654.00
4.520761,968.3679,626.00
4.520761,968.4095,589.00
4.520761,968.4512,630.00
4.520761,968.4930,609.00
4.520761,968.5347,673.00
4.520761,968.5763,651.00
4.520761,968.6180,680.00
4.520761,968.6597,611.00
4.520761,968.7014,650.00
4.520761,968.7430,604.00
4.520761,968.7846,657.00
4.520761,968.8263,618.00
4.520761,968.8679,671.00
4.520761,968.9095,615.00
4.520761,968.9512,692.00
4.520761,968.9928,642.00
4.520761,969.0344,633.00
4.520761,969.0761,631.00
4.520761,969.1177,629.00
4.520761,969.1592,606.00
4.520761,969.2009,633.00
4.520761,969.2424,614.00
4.520761,969.2839,681.00
4.520761,969.3255,620.00
4.520761,969.3672,663.00
4.520761,969.4087,624.00
4.520761,969.4503,675.00
4.520761,969.4918,594.00
4.520761,969.5333,626.00
4.520761,969.5749,585.00
4.520761,969.6165,638.00
4.520761,969.6580,599.00
4.520761,969.6995,645.00
4.520761,969.7410,651.00
4.520761,969.7825,660.00
4.520761,969.8240,621.00
4.520761,969.8655,633.00
4.520761,969.9070,606.00
4.520761,969.9484,677.00
4.520761,969.9899,612.00
4.520761,970.0314,648.00
4.520761,970.0728,652.00
4.520761,970.1143,641.00
4.520761,970.1558,652.00
4.520761,970.1971,636.00
4.520761,970.2386,602.00
4.520761,970.2801,626.00
4.520761,970.3215,602.00
4.520761,970.3629,664.00
4.520761,970.4044,590.00
4.520761,970.4457,657.00
4.520761,970.4872,613.00
4.520761,970.5286,623.00
4.520761,970.5699,602.00
4.520761,970.6113,607.00
4.520761,970.6527,578.00
4.520761,970.6941,640.00
4.520761,970.7354,591.00
4.520761,970.7768,617.00
4.520761,970.8182,609.00
4.520761,970.8595,639.00
4.520761,970.9009,626.00
4.520761,970.9422,617.00
4.520761,970.9835,574.00
4.520761,971.0248,626.00
4.520761,971.0662,571.00
4.520761,971.1075,651.00
4.520761,971.1487,592.00
4.520761,971.1901,617.00
4.520761,971.2314,601.00
4.520761,971.2727,605.00
4.520761,971.3140,587.00
4.520761,971.3552,620.00
4.520761,971.3965,582.00
4.520761,971.4377,658.00
4.520761,971.4789,572.00
4.520761,971.5203,621.00
4.520761,971.5615,614.00
4.520761,971.6027,577.00
4.520761,971.6439,587.00
4.520761,971.6852,600.00
4.520761,971.7264,582.00
4.520761,971.7676,623.00
4.520761,971.8088,568.00
4.520761,971.8500,591.00
4.520761,971.8912,586.00
4.520761,971.9324,619.00
4.520761,971.9736,605.00
4.520761,972.0148,618.00
4.520761,972.0560,613.00
4.520761,972.0972,641.00
4.520761,972.1384,577.00
4.520761,972.1794,634.00
4.520761,972.2206,569.00
4.520761,972.2617,598.00
4.520761,972.3029,588.00
4.520761,972.3439,590.00
4.520761,972.3851,575.00
4.520761,972.4262,588.00
4.520761,972.4673,519.00
4.520761,972.5085,638.00
4.520761,972.5496,577.00
4.520761,972.5907,601.00
4.520761,972.6317,572.00
4.520761,972.6729,575.00
4.520761,972.7139,567.00
4.520761,972.7549,610.00
4.520761,972.7961,530.00
4.520761,972.8371,620.00
4.520761,972.8781,597.00
4.520761,972.9191,643.00
4.520761,972.9602,573.00
4.520761,973.0013,619.00
4.520761,973.0423,584.00
4.520761,973.0833,576.00
4.520761,973.1243,567.00
4.520761,973.1653,624.00
4.520761,973.2064,553.00
4.520761,973.2473,632.00
4.520761,973.2883,618.00
4.520761,973.3293,599.00
4.520761,973.3703,566.00
4.520761,973.4113,622.00
4.520761,973.4522,586.00
4.520761,973.4931,589.00
4.520761,973.5341,553.00
4.520761,973.5750,617.00
4.520761,973.6160,585.00
4.520761,973.6570,637.00
4.520761,973.6978,630.00
4.520761,973.7388,600.00
4.520761,973.7797,580.00
4.520761,973.8206,630.00
4.520761,973.8615,598.00
4.520761,973.9024,613.00
4.520761,973.9433,588.00
4.520761,973.9842,646.00
4.520761,974.0250,587.00
4.520761,974.0660,635.00
4.520761,974.1068,618.00
4.520761,974.1476,620.00
4.520761,974.1885,565.00
4.520761,974.2294,641.00
4.520761,974.2702,589.00
4.520761,974.3110,651.00
4.520761,974.3519,610.00
4.520761,974.3927,648.00
4.520761,974.4335,620.00
4.520761,974.4743,628.00
4.520761,974.5151,563.00
4.520761,974.5559,659.00
4.520761,974.5967,604.00
4.520761,974.6375,658.00
4.520761,974.6783,594.00
4.520761,974.7191,671.00
4.520761,974.7598,625.00
4.520761,974.8006,642.00
4.520761,974.8413,621.00
4.520761,974.8821,607.00
4.520761,974.9229,617.00
4.520761,974.9636,660.00
4.520761,975.0043,627.00
4.520761,975.0450,680.00
4.520761,975.0858,617.00
4.520761,975.1265,656.00
4.520761,975.1672,638.00
4.520761,975.2079,669.00
4.520761,975.2485,632.00
4.520761,975.2892,678.00
4.520761,975.3300,632.00
4.520761,975.3706,677.00
4.520761,975.4113,624.00
4.520761,975.4519,692.00
4.520761,975.4926,623.00
4.520761,975.5333,642.00
4.520761,975.5739,590.00
4.520761,975.6146,660.00
4.520761,975.6552,596.00
4.520761,975.6958,647.00
4.520761,975.7363,601.00
4.520761,975.7770,661.00
4.520761,975.8176,620.00
4.520761,975.8582,666.00
4.520761,975.8989,639.00
4.520761,975.9395,630.00
4.520761,975.9800,626.00
4.520761,976.0206,664.00
4.520761,976.0611,609.00
4.520761,976.1017,679.00
4.520761,976.1423,635.00
4.520761,976.1829,647.00
4.520761,976.2234,626.00
4.520761,976.2639,674.00
4.520761,976.3044,625.00
4.520761,976.3450,631.00
4.520761,976.3855,581.00
4.520761,976.4260,621.00
4.520761,976.4665,649.00
4.520761,976.5070,688.00
4.520761,976.5475,621.00
4.520761,976.5880,638.00
4.520761,976.6285,602.00
4.520761,976.6690,650.00
4.520761,976.7095,584.00
4.520761,976.7500,688.00
4.520761,976.7905,621.00
4.520761,976.8308,665.00
4.520761,976.8713,647.00
4.520761,976.9117,632.00
4.520761,976.9521,620.00
4.520761,976.9926,654.00
4.520761,977.0330,600.00
4.520761,977.0734,673.00
4.520761,977.1139,610.00
4.520761,977.1542,658.00
4.520761,977.1947,601.00
4.520761,977.2350,646.00
4.520761,977.2755,660.00
4.520761,977.3158,631.00
4.520761,977.3562,589.00
4.520761,977.3965,642.00
4.520761,977.4370,595.00
4.520761,977.4773,644.00
4.520761,977.5176,593.00
4.520761,977.5579,612.00
4.520761,977.5983,565.00
4.520761,977.6387,641.00
4.520761,977.6790,580.00
4.520761,977.7192,610.00
4.520761,977.7595,584.00
4.520761,977.7999,630.00
4.520761,977.8402,582.00
4.520761,977.8805,618.00
4.520761,977.9208,571.00
4.520761,977.9610,614.00
4.520761,978.0013,587.00
4.520761,978.0417,593.00
4.520761,978.0819,551.00
4.520761,978.1221,623.00
4.520761,978.1624,569.00
4.520761,978.2026,601.00
4.520761,978.2428,564.00
4.520761,978.2831,617.00
4.520761,978.3233,623.00
4.520761,978.3635,590.00
4.520761,978.4037,552.00
4.520761,978.4440,612.00
4.520761,978.4842,566.00
4.520761,978.5244,611.00
4.520761,978.5645,563.00
4.520761,978.6047,604.00
4.520761,978.6449,562.00
4.520761,978.6851,621.00
4.520761,978.7253,559.00
4.520761,978.7654,617.00
4.520761,978.8055,578.00
4.520761,978.8458,635.00
4.520761,978.8859,554.00
4.520761,978.9260,597.00
4.520761,978.9661,590.00
4.520761,979.0062,603.00
4.520761,979.0463,563.00
4.520761,979.0864,597.00
4.520761,979.1266,532.00
4.520761,979.1666,627.00
4.520761,979.2067,561.00
4.520761,979.2469,605.00
4.520761,979.2869,570.00
4.520761,979.3270,612.00
4.520761,979.3671,603.00
4.520761,979.4071,608.00
4.520761,979.4471,552.00
4.520761,979.4871,613.00
4.520761,979.5272,558.00
4.520761,979.5673,649.00
4.520761,979.6072,604.00
4.520761,979.6473,584.00
4.520761,979.6873,604.00
4.520761,979.7273,611.00
4.520761,979.7673,560.00
4.520761,979.8073,600.00
4.520761,979.8473,574.00
4.520761,979.8873,618.00
4.520761,979.9273,553.00
4.520761,979.9673,628.00
4.520761,980.0072,580.00
4.520761,980.0471,587.00
4.520761,980.0872,579.00
4.520761,980.1271,602.00
4.520761,980.1671,562.00
4.520761,980.2069,642.00
4.520761,980.2469,557.00
4.520761,980.2868,621.00
4.520761,980.3267,555.00
4.520761,980.3666,617.00
4.520761,980.4065,589.00
4.520761,980.4464,602.00
4.520761,980.4863,590.00
4.520761,980.5262,629.00
4.520761,980.5660,562.00
4.520761,980.6060,648.00
4.520761,980.6458,591.00
4.520761,980.6857,623.00
4.520761,980.7255,574.00
4.520761,980.7654,605.00
4.520761,980.8052,582.00
4.520761,980.8450,609.00
4.520761,980.8849,545.00
4.520761,980.9247,589.00
4.520761,980.9645,564.00
4.520761,981.0043,641.00
4.520761,981.0441,598.00
4.520761,981.0839,614.00
4.520761,981.1237,592.00
4.520761,981.1635,616.00
4.520761,981.2033,526.00
4.520761,981.2430,607.00
4.520761,981.2828,539.00
4.520761,981.3226,626.00
4.520761,981.3624,568.00
4.520761,981.4021,603.00
4.520761,981.4418,559.00
4.520761,981.4816,601.00
4.520761,981.5213,577.00
4.520761,981.5610,626.00
4.520761,981.6008,553.00
4.520761,981.6404,609.00
4.520761,981.6802,558.00
4.520761,981.7198,628.00
4.520761,981.7596,587.00
4.520761,981.7993,584.00
4.520761,981.8389,542.00
4.520761,981.8786,571.00
4.520761,981.9182,536.00
4.520761,981.9579,613.00
4.520761,981.9976,550.00
4.520761,982.0372,621.00
4.520761,982.0768,551.00
4.520761,982.1165,572.00
4.520761,982.1561,556.00
4.520761,982.1958,559.00
4.520761,982.2354,520.00
4.520761,982.2750,587.00
4.520761,982.3146,538.00
4.520761,982.3541,614.00
4.520761,982.3937,561.00
4.520761,982.4333,574.00
4.520761,982.4730,575.00
4.520761,982.5125,607.00
4.520761,982.5521,535.00
4.520761,982.5917,590.00
4.520761,982.6312,553.00
4.520761,982.6707,621.00
4.520761,982.7103,569.00
4.520761,982.7498,607.00
4.520761,982.7893,571.00
4.520761,982.8289,556.00
4.520761,982.8683,494.00
4.520761,982.9079,574.00
4.520761,982.9474,549.00
4.520761,982.9869,601.00
4.520761,983.0264,510.00
4.520761,983.0659,583.00
4.520761,983.1053,579.00
4.520761,983.1448,564.00
4.520761,983.1843,566.00
4.520761,983.2238,597.00
4.520761,983.2632,585.00
4.520761,983.3027,615.00
4.520761,983.3420,566.00
4.520761,983.3816,593.00
4.520761,983.4210,578.00
4.520761,983.4604,574.00
4.520761,983.4998,537.00
4.520761,983.5392,569.00
4.520761,983.5786,532.00
4.520761,983.6180,565.00
4.520761,983.6574,517.00
4.520761,983.6968,598.00
4.520761,983.7361,570.00
4.520761,983.7755,594.00
4.520761,983.8149,538.00
4.520761,983.8543,576.00
4.520761,983.8936,531.00
4.520761,983.9329,569.00
4.520761,983.9723,517.00
4.520761,984.0116,593.00
4.520761,984.0510,570.00
4.520761,984.0903,617.00
4.520761,984.1296,546.00
4.520761,984.1689,594.00
4.520761,984.2083,584.00
4.520761,984.2476,575.00
4.520761,984.2868,558.00
4.520761,984.3261,595.00
4.520761,984.3654,539.00
4.520761,984.4046,616.00
4.520761,984.4440,557.00
4.520761,984.4832,595.00
4.520761,984.5225,531.00
4.520761,984.5616,565.00
4.520761,984.6010,508.00
4.520761,984.6402,584.00
4.520761,984.6794,499.00
4.520761,984.7186,625.00
4.520761,984.7578,570.00
4.520761,984.7970,584.00
4.520761,984.8362,566.00
4.520761,984.8755,541.00
4.520761,984.9146,580.00
4.520761,984.9538,579.00
4.520761,984.9930,508.00
4.520761,985.0322,603.00
4.520761,985.0714,566.00
4.520761,985.1105,586.00
4.520761,985.1497,555.00
4.520761,985.1888,572.00
4.520761,985.2279,547.00
4.520761,985.2671,569.00
4.520761,985.3062,557.00
4.520761,985.3453,571.00
4.520761,985.3845,556.00
4.520761,985.4236,559.00
4.520761,985.4626,552.00
4.520761,985.5017,592.00
4.520761,985.5408,577.00
4.520761,985.5799,574.00
4.520761,985.6190,525.00
4.520761,985.6581,572.00
4.520761,985.6971,504.00
4.520761,985.7362,600.00
4.520761,985.7752,555.00
4.520761,985.8143,586.00
4.520761,985.8533,550.00
4.520761,985.8924,580.00
4.520761,985.9314,570.00
4.520761,985.9704,565.00
4.520761,986.0094,523.00
4.520761,986.0484,605.00
4.520761,986.0875,526.00
4.520761,986.1265,605.00
4.520761,986.1655,538.00
4.520761,986.2044,539.00
4.520761,986.2434,562.00
4.520761,986.2823,569.00
4.520761,986.3214,524.00
4.520761,986.3603,555.00
4.520761,986.3992,457.00
4.520761,986.4382,553.00
4.520761,986.4771,530.00
4.520761,986.5161,606.00
4.520761,986.5550,577.00
4.520761,986.5939,602.00
4.520761,986.6329,540.00
4.520761,986.6718,545.00
4.520761,986.7106,501.00
4.520761,986.7495,560.00
4.520761,986.7884,555.00
4.520761,986.8273,568.00
4.520761,986.8661,548.00
4.520761,986.9050,556.00
4.520761,986.9438,516.00
4.520761,986.9828,553.00
4.520761,987.0216,496.00
4.520761,987.0605,598.00
4.520761,987.0993,496.00
4.520761,987.1381,568.00
4.520761,987.1769,532.00
4.520761,987.2158,542.00
4.520761,987.2546,563.00
4.520761,987.2934,582.00
4.520761,987.3322,502.00
4.520761,987.3710,552.00
4.520761,987.4097,475.00
4.520761,987.4486,551.00
4.520761,987.4873,509.00
4.520761,987.5261,551.00
4.520761,987.5649,540.00
4.520761,987.6036,527.00
4.520761,987.6423,505.00
4.520761,987.6812,538.00
4.520761,987.7198,479.00
4.520761,987.7586,584.00
4.520761,987.7972,531.00
4.520761,987.8361,558.00
4.520761,987.8748,551.00
4.520761,987.9135,561.00
4.520761,987.9521,510.00
4.520761,987.9908,563.00
4.520761,988.0295,489.00
4.520761,988.0681,549.00
4.520761,988.1069,504.00
4.520761,988.1456,589.00
4.520761,988.1842,555.00
4.520761,988.2228,560.00
4.520761,988.2615,534.00
4.520761,988.3002,562.00
4.520761,988.3388,474.00
4.520761,988.3774,551.00
4.520761,988.4160,504.00
4.520761,988.4546,557.00
4.520761,988.4933,529.00
4.520761,988.5319,553.00
4.520761,988.5704,527.00
4.520761,988.6090,502.00
4.520761,988.6476,494.00
4.520761,988.6862,566.00
4.520761,988.7248,532.00
4.520761,988.7634,589.00
4.520761,988.8019,503.00
4.520761,988.8405,555.00
4.520761,988.8790,523.00
4.520761,988.9176,556.00
4.520761,988.9561,508.00
4.520761,988.9946,527.00
4.520761,989.0332,509.00
4.520761,989.0717,543.00
4.520761,989.1102,492.00
4.520761,989.1487,558.00
4.520761,989.1871,517.00
4.520761,989.2256,562.00
4.520761,989.2641,517.00
4.520761,989.3027,524.00
4.520761,989.3411,537.00
4.520761,989.3795,578.00
4.520761,989.4180,501.00
4.520761,989.4565,584.00
4.520761,989.4949,488.00
4.520761,989.5334,534.00
4.520761,989.5718,513.00
4.520761,989.6102,512.00
4.520761,989.6486,526.00
4.520761,989.6871,536.00
4.520761,989.7255,481.00
4.520761,989.7639,536.00
4.520761,989.8022,500.00
4.520761,989.8407,563.00
4.520761,989.8791,506.00
4.520761,989.9174,548.00
4.520761,989.9558,500.00
4.520761,989.9941,548.00
4.520761,990.0325,501.00
4.520761,990.0709,585.00
4.520761,990.1093,512.00
4.520761,990.1475,542.00
4.520761,990.1859,540.00
4.520761,990.2242,552.00
4.520761,990.2626,502.00
4.520761,990.3008,522.00
4.520761,990.3391,493.00
4.520761,990.3774,576.00
4.520761,990.4157,530.00
4.520761,990.4540,571.00
4.520761,990.4924,511.00
4.520761,990.5306,566.00
4.520761,990.5688,530.00
4.520761,990.6071,557.00
4.520761,990.6454,519.00
4.520761,990.6837,545.00
4.520761,990.7219,465.00
4.520761,990.7601,559.00
4.520761,990.7983,528.00
4.520761,990.8365,589.00
4.520761,990.8748,538.00
4.520761,990.9130,558.00
4.520761,990.9512,515.00
4.520761,990.9893,568.00
4.520761,991.0276,502.00
4.520761,991.0658,567.00
4.520761,991.1039,487.00
4.520761,991.1421,569.00
4.520761,991.1802,546.00
4.520761,991.2184,557.00
4.520761,991.2565,519.00
4.520761,991.2947,553.00
4.520761,991.3329,492.00
4.520761,991.3710,571.00
4.520761,991.4091,534.00
4.520761,991.4473,597.00
4.520761,991.4854,554.00
4.520761,991.5234,564.00
4.520761,991.5616,527.00
4.520761,991.5997,559.00
4.520761,991.6378,534.00
4.520761,991.6758,575.00
4.520761,991.7139,502.00
4.520761,991.7520,565.00
4.520761,991.7900,509.00
4.520761,991.8282,561.00
4.520761,991.8661,539.00
4.520761,991.9042,571.00
4.520761,991.9422,536.00
4.520761,991.9803,540.00
4.520761,992.0182,486.00
4.520761,992.0563,589.00
4.520761,992.0944,497.00
4.520761,992.1323,588.00
4.520761,992.1703,542.00
4.520761,992.2084,587.00
4.520761,992.2463,532.00
4.520761,992.2844,562.00
4.520761,992.3223,538.00
4.520761,992.3602,585.00
4.520761,992.3982,497.00
4.520761,992.4362,586.00
4.520761,992.4741,549.00
4.520761,992.5120,595.00
4.520761,992.5500,566.00
4.520761,992.5879,544.00
4.520761,992.6259,545.00
4.520761,992.6638,608.00
4.520761,992.7017,525.00
4.520761,992.7396,573.00
4.520761,992.7775,542.00
4.520761,992.8154,592.00
4.520761,992.8533,558.00
4.520761,992.8912,546.00
4.520761,992.9290,550.00
4.520761,992.9669,557.00
4.520761,993.0048,532.00
4.520761,993.0426,589.00
4.520761,993.0804,547.00
4.520761,993.1183,583.00
4.520761,993.1561,538.00
4.520761,993.1940,574.00
4.520761,993.2318,548.00
4.520761,993.2696,575.00
4.520761,993.3074,487.00
4.520761,993.3452,549.00
4.520761,993.3830,507.00
4.520761,993.4208,582.00
4.520761,993.4586,533.00
4.520761,993.4963,581.00
4.520761,993.5341,542.00
4.520761,993.5719,559.00
4.520761,993.6096,509.00
4.520761,993.6474,566.00
4.520761,993.6851,508.00
4.520761,993.7228,543.00
4.520761,993.7606,565.00
4.520761,993.7984,532.00
4.520761,993.8361,529.00
4.520761,993.8738,600.00
4.520761,993.9115,529.00
4.520761,993.9492,544.00
4.520761,993.9869,504.00
4.520761,994.0245,582.00
4.520761,994.0622,492.00
4.520761,994.0999,578.00
4.520761,994.1376,554.00
4.520761,994.1753,522.00
4.520761,994.2130,539.00
4.520761,994.2505,550.00
4.520761,994.2881,507.00
4.520761,994.3258,605.00
4.520761,994.3634,519.00
4.520761,994.4010,585.00
4.520761,994.4387,531.00
4.520761,994.4763,575.00
4.520761,994.5139,548.00
4.520761,994.5515,533.00
4.520761,994.5891,500.00
4.520761,994.6266,539.00
4.520761,994.6642,505.00
4.520761,994.7018,542.00
4.520761,994.7393,502.00
4.520761,994.7769,550.00
4.520761,994.8145,527.00
4.520761,994.8521,544.00
4.520761,994.8895,547.00
4.520761,994.9271,525.00
4.520761,994.9647,483.00
4.520761,995.0022,557.00
4.520761,995.0397,502.00
4.520761,995.0771,543.00
4.520761,995.1146,522.00
4.520761,995.1522,537.00
4.520761,995.1896,494.00
4.520761,995.2271,545.00
4.520761,995.2646,465.00
4.520761,995.3021,535.00
4.520761,995.3396,506.00
4.520761,995.3770,553.00
4.520761,995.4145,512.00
4.520761,995.4518,564.00
4.520761,995.4893,555.00
4.520761,995.5267,517.00
4.520761,995.5641,506.00
4.520761,995.6016,536.00
4.520761,995.6390,502.00
4.520761,995.6765,545.00
4.520761,995.7138,522.00
4.520761,995.7512,513.00
4.520761,995.7886,512.00
4.520761,995.8260,525.00
4.520761,995.8633,496.00
4.520761,995.9007,499.00
4.520761,995.9380,496.00
4.520761,995.9754,520.00
4.520761,996.0128,466.00
4.520761,996.0501,572.00
4.520761,996.0874,543.00
4.520761,996.1248,554.00
4.520761,996.1621,524.00
4.520761,996.1994,567.00
4.520761,996.2367,492.00
4.520761,996.2740,529.00
4.520761,996.3113,505.00
4.520761,996.3486,550.00
4.520761,996.3859,537.00
4.520761,996.4232,544.00
4.520761,996.4604,552.00
4.520761,996.4977,520.00
4.520761,996.5350,485.00
4.520761,996.5722,520.00
4.520761,996.6094,482.00
4.520761,996.6466,576.00
4.520761,996.6838,530.00
4.520761,996.7211,584.00
4.520761,996.7583,550.00
4.520761,996.7955,543.00
4.520761,996.8327,550.00
4.520761,996.8700,567.00
4.520761,996.9072,500.00
4.520761,996.9443,555.00
4.520761,996.9815,483.00
4.520761,997.0187,547.00
4.520761,997.0558,533.00
4.520761,997.0930,554.00
4.520761,997.1301,545.00
4.520761,997.1672,569.00
4.520761,997.2045,535.00
4.520761,997.2416,566.00
4.520761,997.2787,509.00
4.520761,997.3158,602.00
4.520761,997.3530,494.00
4.520761,997.3900,571.00
4.520761,997.4271,545.00
4.520761,997.4642,550.00
4.520761,997.5013,561.00
4.520761,997.5384,549.00
4.520761,997.5754,493.00
4.520761,997.6126,574.00
4.520761,997.6497,521.00
4.520761,997.6867,546.00
4.520761,997.7238,532.00
4.520761,997.7607,554.00
4.520761,997.7978,507.00
4.520761,997.8348,576.00
4.520761,997.8718,509.00
4.520761,997.9088,554.00
4.520761,997.9458,545.00
4.520761,997.9829,591.00
4.520761,998.0200,530.00
4.520761,998.0569,556.00
4.520761,998.0939,523.00
4.520761,998.1309,546.00
4.520761,998.1678,527.00
4.520761,998.2048,573.00
4.520761,998.2417,544.00
4.520761,998.2786,615.00
4.520761,998.3156,517.00
4.520761,998.3525,555.00
4.520761,998.3896,496.00
4.520761,998.4265,552.00
4.520761,998.4633,519.00
4.520761,998.5003,596.00
4.520761,998.5372,497.00
4.520761,998.5740,576.00
4.520761,998.6110,522.00
4.520761,998.6478,571.00
4.520761,998.6847,536.00
4.520761,998.7217,550.00
4.520761,998.7585,538.00
4.520761,998.7953,529.00
4.520761,998.8322,495.00
4.520761,998.8691,602.00
4.520761,998.9059,491.00
4.520761,998.9427,575.00
4.520761,998.9795,520.00
4.520761,999.0163,565.00
4.520761,999.0531,533.00
4.520761,999.0899,535.00
4.520761,999.1267,487.00
4.520761,999.1636,564.00
4.520761,999.2004,520.00
4.520761,999.2372,582.00
4.520761,999.2739,511.00
4.520761,999.3107,583.00
4.520761,999.3474,522.00
4.520761,999.3842,512.00
4.520761,999.4210,537.00
4.520761,999.4576,545.00
4.520761,999.4946,479.00
4.520761,999.5312,555.00
4.520761,999.5680,510.00
4.520761,999.6047,542.00
4.520761,999.6414,530.00
4.520761,999.6780,539.00
4.520761,999.7147,525.00
4.520761,999.7515,523.00
4.520761,999.7881,469.00
4.520761,999.8248,545.00
4.520761,999.8614,497.00
4.520761,999.8981,552.00
4.520761,999.9349,497.00
4.520761,999.9715,522.00
4.520761,1000.0081,524.00
4.520761,1000.0447,522.00
4.520761,1000.0814,480.00
4.520761,1000.1180,520.00
4.520761,1000.1546,447.00
4.520761,1000.1912,524.00
4.520761,1000.2278,501.00
4.520761,1000.2645,540.00
4.520761,1000.3011,540.00
4.520761,1000.3377,501.00
4.520761,1000.3742,508.00
4.520761,1000.4108,546.00
4.520761,1000.4474,474.00
4.520761,1000.4839,538.00
4.520761,1000.5204,484.00
4.520761,1000.5570,538.00
4.520761,1000.5935,497.00
4.520761,1000.6301,519.00
4.520761,1000.6667,465.00
4.520761,1000.7032,514.00
4.520761,1000.7397,487.00
4.520761,1000.7762,544.00
4.520761,1000.8127,459.00
4.520761,1000.8492,532.00
4.520761,1000.8857,521.00
4.520761,1000.9222,503.00
4.520761,1000.9586,510.00
4.520761,1000.9951,507.00
4.520761,1001.0316,474.00
4.520761,1001.0681,552.00
4.520761,1001.1046,487.00
4.520761,1001.1410,547.00
4.520761,1001.1774,495.00
4.520761,1001.2138,513.00
4.520761,1001.2502,496.00
4.520761,1001.2866,525.00
4.520761,1001.3230,497.00
4.520761,1001.3594,511.00
4.520761,1001.3958,468.00
4.520761,1001.4323,536.00
4.520761,1001.4687,472.00
4.520761,1001.5051,556.00
4.520761,1001.5414,555.00
4.520761,1001.5778,510.00
4.520761,1001.6141,482.00
4.520761,1001.6505,512.00
4.520761,1001.6868,446.00
4.520761,1001.7231,535.00
4.520761,1001.7596,493.00
4.520761,1001.7958,505.00
4.520761,1001.8322,482.00
4.520761,1001.8685,525.00
4.520761,1001.9048,479.00
4.520761,1001.9411,482.00
4.520761,1001.9774,456.00
4.520761,1002.0136,489.00
4.520761,1002.0499,460.00
4.520761,1002.0862,549.00
4.520761,1002.1224,447.00
4.520761,1002.1587,560.00
4.520761,1002.1951,490.00
4.520761,1002.2313,482.00
4.520761,1002.2675,504.00
4.520761,1002.3038,515.00
4.520761,1002.3400,468.00
4.520761,1002.3762,521.00
4.520761,1002.4124,509.00
4.520761,1002.4486,540.00
4.520761,1002.4848,487.00
4.520761,1002.5211,554.00
4.520761,1002.5573,502.00
4.520761,1002.5934,524.00
4.520761,1002.6296,494.00
4.520761,1002.6657,531.00
4.520761,1002.7019,453.00
4.520761,1002.7380,503.00
4.520761,1002.7742,514.00
4.520761,1002.8104,509.00
4.520761,1002.8464,497.00
4.520761,1002.8826,526.00
4.520761,1002.9187,465.00
4.520761,1002.9549,531.00
4.520761,1002.9910,476.00
4.520761,1003.0271,574.00
4.520761,1003.0632,475.00
4.520761,1003.0992,542.00
4.520761,1003.1354,505.00
4.520761,1003.1714,498.00
4.520761,1003.2075,537.00
4.520761,1003.2435,515.00
4.520761,1003.2797,505.00
4.520761,1003.3157,568.00
4.520761,1003.3518,477.00
4.520761,1003.3878,556.00
4.520761,1003.4238,483.00
4.520761,1003.4598,534.00
4.520761,1003.4958,510.00
4.520761,1003.5319,490.00
4.520761,1003.5678,462.00
4.520761,1003.6039,539.00
4.520761,1003.6398,477.00
4.520761,1003.6759,551.00
4.520761,1003.7119,519.00
4.520761,1003.7479,513.00
4.520761,1003.7838,469.00
4.520761,1003.8198,488.00
4.520761,1003.8557,475.00
4.520761,1003.8917,513.00
4.520761,1003.9276,428.00
4.520761,1003.9635,502.00
4.520761,1003.9995,500.00
4.520761,1004.0354,541.00
4.520761,1004.0714,496.00
4.520761,1004.1072,506.00
4.520761,1004.1431,497.00
4.520761,1004.1790,518.00
4.520761,1004.2149,440.00
4.520761,1004.2508,532.00
4.520761,1004.2866,453.00
4.520761,1004.3225,558.00
4.520761,1004.3583,487.00
4.520761,1004.3942,518.00
4.520761,1004.4302,484.00
4.520761,1004.4660,502.00
4.520761,1004.5018,459.00
4.520761,1004.5376,535.00
4.520761,1004.5734,453.00
4.520761,1004.6093,524.00
4.520761,1004.6450,517.00
4.520761,1004.6808,527.00
4.520761,1004.7166,507.00
4.520761,1004.7525,498.00
4.520761,1004.7883,474.00
4.520761,1004.8240,534.00
4.520761,1004.8598,481.00
4.520761,1004.8956,525.00
4.520761,1004.9313,483.00
4.520761,1004.9670,561.00
4.520761,1005.0027,505.00
4.520761,1005.0385,494.00
4.520761,1005.0742,500.00
4.520761,1005.1099,521.00
4.520761,1005.1456,472.00
4.520761,1005.1815,520.00
4.520761,1005.2172,445.00
4.520761,1005.2529,522.00
4.520761,1005.2885,502.00
4.520761,1005.3242,488.00
4.520761,1005.3599,488.00
4.520761,1005.3955,528.00
4.520761,1005.4312,469.00
4.520761,1005.4669,533.00
4.520761,1005.5026,472.00
4.520761,1005.5382,552.00
4.520761,1005.5739,526.00
4.520761,1005.6095,514.00
4.520761,1005.6451,528.00
4.520761,1005.6807,556.00
4.520761,1005.7162,514.00
4.520761,1005.7519,511.00
4.520761,1005.7875,483.00
4.520761,1005.8231,550.00
4.520761,1005.8586,482.00
4.520761,1005.8942,547.00
4.520761,1005.9299,517.00
4.520761,1005.9655,531.00
4.520761,1006.0010,471.00
4.520761,1006.0365,545.00
4.520761,1006.0720,489.00
4.520761,1006.1076,526.00
4.520761,1006.1431,525.00
4.520761,1006.1786,573.00
4.520761,1006.2141,514.00
4.520761,1006.2498,518.00
4.520761,1006.2853,523.00
4.520761,1006.3207,518.00
4.520761,1006.3563,500.00
4.520761,1006.3917,557.00
4.520761,1006.4272,503.00
4.520761,1006.4626,593.00
4.520761,1006.4981,523.00
4.520761,1006.5335,544.00
4.520761,1006.5690,552.00
4.520761,1006.6044,535.00
4.520761,1006.6400,498.00
4.520761,1006.6754,583.00
4.520761,1006.7108,480.00
4.520761,1006.7462,570.00
4.520761,1006.7816,491.00
4.520761,1006.8170,579.00
4.520761,1006.8524,517.00
4.520761,1006.8878,542.00
4.520761,1006.9232,523.00
4.520761,1006.9586,567.00
4.520761,1006.9940,495.00
4.520761,1007.0294,536.00
4.520761,1007.0648,509.00
4.520761,1007.1001,603.00
4.520761,1007.1354,537.00
4.520761,1007.1707,561.00
4.520761,1007.2061,562.00
4.520761,1007.2414,542.00
4.520761,1007.2767,493.00
4.520761,1007.3120,572.00
4.520761,1007.3473,486.00
4.520761,1007.3827,563.00
4.520761,1007.4180,533.00
4.520761,1007.4532,568.00
4.520761,1007.4885,540.00
4.520761,1007.5238,555.00
4.520761,1007.5590,491.00
4.520761,1007.5943,536.00
4.520761,1007.6295,468.00
4.520761,1007.6648,606.00
4.520761,1007.7001,515.00
4.520761,1007.7354,541.00
4.520761,1007.7706,542.00
4.520761,1007.8058,540.00
4.520761,1007.8410,545.00
4.520761,1007.8762,535.00
4.520761,1007.9114,478.00
4.520761,1007.9465,567.00
4.520761,1007.9818,510.00
4.520761,1008.0169,552.00
4.520761,1008.0521,511.00
4.520761,1008.0873,581.00
4.520761,1008.1226,491.00
4.520761,1008.1576,505.00
4.520761,1008.1927,502.00
4.520761,1008.2279,533.00
4.520761,1008.2631,508.00
4.520761,1008.2982,553.00
4.520761,1008.3333,532.00
4.520761,1008.3683,551.00
4.520761,1008.4034,560.00
4.520761,1008.4387,522.00
4.520761,1008.4738,500.00
4.520761,1008.5089,510.00
4.520761,1008.5439,483.00
4.520761,1008.5790,608.00
4.520761,1008.6141,515.00
4.520761,1008.6491,518.00
4.520761,1008.6841,509.00
4.520761,1008.7192,517.00
4.520761,1008.7542,498.00
4.520761,1008.7892,505.00
4.520761,1008.8243,491.00
4.520761,1008.8594,536.00
4.520761,1008.8943,488.00
4.520761,1008.9294,541.00
4.520761,1008.9644,532.00
4.520761,1008.9994,541.00
4.520761,1009.0344,506.00
4.520761,1009.0693,512.00
4.520761,1009.1043,466.00
4.520761,1009.1392,560.00
4.520761,1009.1743,474.00
4.520761,1009.2093,533.00
4.520761,1009.2442,492.00
4.520761,1009.2792,557.00
4.520761,1009.3141,498.00
4.520761,1009.3489,519.00
4.520761,1009.3839,458.00
4.520761,1009.4188,522.00
4.520761,1009.4537,454.00
4.520761,1009.4886,553.00
4.520761,1009.5235,503.00
4.520761,1009.5585,535.00
4.520761,1009.5933,525.00
4.520761,1009.6282,501.00
4.520761,1009.6631,506.00
4.520761,1009.6979,517.00
4.520761,1009.7327,475.00
4.520761,1009.7676,522.00
4.520761,1009.8024,464.00
4.520761,1009.8372,535.00
4.520761,1009.8721,476.00
4.520761,1009.9070,521.00
4.520761,1009.9418,485.00
4.520761,1009.9766,516.00
4.520761,1010.0115,499.00
4.520761,1010.0462,508.00
4.520761,1010.0810,464.00
4.520761,1010.1158,568.00
4.520761,1010.1505,508.00
4.520761,1010.1853,519.00
4.520761,1010.2200,498.00
4.520761,1010.2548,504.00
4.520761,1010.2897,482.00
4.520761,1010.3244,526.00
4.520761,1010.3591,471.00
4.520761,1010.3938,545.00
4.520761,1010.4285,490.00
4.520761,1010.4633,531.00
4.520761,1010.4980,505.00
4.520761,1010.5326,479.00
4.520761,1010.5673,482.00
4.520761,1010.6021,499.00
4.520761,1010.6368,457.00
4.520761,1010.6714,530.00
4.520761,1010.7061,445.00
4.520761,1010.7408,535.00
4.520761,1010.7754,473.00
4.520761,1010.8101,490.00
4.520761,1010.8447,519.00
4.520761,1010.8793,528.00
4.520761,1010.9139,483.00
4.520761,1010.9485,536.00
4.520761,1010.9832,441.00
4.520761,1011.0178,527.00
4.520761,1011.0525,510.00
4.520761,1011.0870,535.00
4.520761,1011.1216,480.00
4.520761,1011.1562,532.00
4.520761,1011.1907,511.00
4.520761,1011.2253,523.00
4.520761,1011.2599,431.00
4.520761,1011.2944,514.00
4.520761,1011.3291,482.00
4.520761,1011.3636,537.00
4.520761,1011.3981,513.00
4.520761,1011.4326,507.00
4.520761,1011.4672,481.00
4.520761,1011.5016,517.00
4.520761,1011.5362,452.00
4.520761,1011.5706,500.00
4.520761,1011.6052,439.00
4.520761,1011.6396,502.00
4.520761,1011.6741,450.00
4.520761,1011.7086,532.00
4.520761,1011.7431,478.00
4.520761,1011.7776,515.00
4.520761,1011.8120,469.00
4.520761,1011.8465,517.00
4.520761,1011.8809,448.00
4.520761,1011.9153,557.00
4.520761,1011.9498,471.00
4.520761,1011.9842,508.00
4.520761,1012.0186,472.00
4.520761,1012.0531,514.00
4.520761,1012.0875,478.00
4.520761,1012.1219,521.00
4.520761,1012.1562,464.00
4.520761,1012.1906,486.00
4.520761,1012.2250,455.00
4.520761,1012.2593,515.00
4.520761,1012.2937,488.00
4.520761,1012.3281,502.00
4.520761,1012.3624,445.00
4.520761,1012.3967,493.00
4.520761,1012.4310,433.00
4.520761,1012.4655,508.00
4.520761,1012.4998,479.00
4.520761,1012.5341,534.00
4.520761,1012.5684,490.00
4.520761,1012.6027,532.00
4.520761,1012.6370,504.00
4.520761,1012.6712,531.00
4.520761,1012.7055,457.00
4.520761,1012.7398,535.00
4.520761,1012.7742,418.00
4.520761,1012.8084,494.00
4.520761,1012.8427,465.00
4.520761,1012.8769,514.00
4.520761,1012.9111,481.00
4.520761,1012.9454,483.00
4.520761,1012.9796,481.00
4.520761,1013.0138,500.00
4.520761,1013.0480,413.00
4.520761,1013.0822,514.00
4.520761,1013.1164,453.00
4.520761,1013.1506,522.00
4.520761,1013.1848,472.00
4.520761,1013.2190,478.00
4.520761,1013.2532,469.00
4.520761,1013.2873,488.00
4.520761,1013.3215,493.00
4.520761,1013.3556,544.00
4.520761,1013.3898,457.00
4.520761,1013.4239,534.00
4.520761,1013.4581,490.00
4.520761,1013.4923,504.00
4.520761,1013.5264,478.00
4.520761,1013.5605,488.00
4.520761,1013.5946,501.00
4.520761,1013.6287,535.00
4.520761,1013.6627,476.00
4.520761,1013.6968,541.00
4.520761,1013.7309,452.00
4.520761,1013.7650,502.00
4.520761,1013.7990,493.00
4.520761,1013.8331,496.00
4.520761,1013.8672,466.00
4.520761,1013.9012,504.00
4.520761,1013.9353,405.00
4.520761,1013.9693,516.00
4.520761,1014.0033,448.00
4.520761,1014.0374,535.00
4.520761,1014.0714,496.00
4.520761,1014.1053,498.00
4.520761,1014.1393,482.00
4.520761,1014.1734,528.00
4.520761,1014.2074,457.00
4.520761,1014.2413,522.00
4.520761,1014.2753,495.00
4.520761,1014.3093,537.00
4.520761,1014.3433,482.00
4.520761,1014.3772,546.00
4.520761,1014.4111,519.00
4.520761,1014.4451,527.00
4.520761,1014.4790,476.00
4.520761,1014.5129,505.00
4.520761,1014.5468,467.00
4.520761,1014.5808,543.00
4.520761,1014.6147,491.00
4.520761,1014.6486,562.00
4.520761,1014.6825,538.00
4.520761,1014.7164,533.00
4.520761,1014.7502,483.00
4.520761,1014.7841,513.00
4.520761,1014.8180,503.00
4.520761,1014.8518,545.00
4.520761,1014.8858,482.00
4.520761,1014.9196,575.00
4.520761,1014.9534,532.00
4.520761,1014.9872,515.00
4.520761,1015.0211,512.00
4.520761,1015.0549,511.00
4.520761,1015.0887,475.00
4.520761,1015.1224,534.00
4.520761,1015.1562,489.00
4.520761,1015.1900,574.00
4.520761,1015.2238,533.00
4.520761,1015.2575,529.00
4.520761,1015.2914,539.00
4.520761,1015.3252,544.00
4.520761,1015.3589,481.00
4.520761,1015.3927,530.00
4.520761,1015.4265,486.00
4.520761,1015.4601,577.00
4.520761,1015.4938,502.00
4.520761,1015.5276,580.00
4.520761,1015.5613,533.00
4.520761,1015.5952,529.00
4.520761,1015.6288,500.00
4.520761,1015.6625,543.00
4.520761,1015.6962,478.00
4.520761,1015.7299,562.00
4.520761,1015.7635,472.00
4.520761,1015.7972,552.00
4.520761,1015.8308,527.00
4.520761,1015.8645,533.00
4.520761,1015.8981,529.00
4.520761,1015.9317,546.00
4.520761,1015.9655,472.00
4.520761,1015.9991,579.00
4.520761,1016.0327,506.00
4.520761,1016.0663,586.00
4.520761,1016.0999,511.00
4.520761,1016.1335,562.00
4.520761,1016.1671,521.00
4.520761,1016.2006,531.00
4.520761,1016.2342,527.00
4.520761,1016.2679,549.00
4.520761,1016.3015,487.00
4.520761,1016.3350,564.00
4.520761,1016.3686,523.00
4.520761,1016.4021,553.00
4.520761,1016.4357,532.00
4.520761,1016.4691,577.00
4.520761,1016.5027,516.00
4.520761,1016.5362,549.00
4.520761,1016.5696,494.00
4.520761,1016.6032,578.00
4.520761,1016.6367,514.00
4.520761,1016.6703,570.00
4.520761,1016.7038,518.00
4.520761,1016.7372,541.00
4.520761,1016.7707,527.00
4.520761,1016.8041,569.00
4.520761,1016.8376,515.00
4.520761,1016.8710,535.00
4.520761,1016.9045,480.00
4.520761,1016.9379,563.00
4.520761,1016.9715,502.00
4.520761,1017.0049,535.00
4.520761,1017.0383,543.00
4.520761,1017.0717,508.00
4.520761,1017.1050,513.00
4.520761,1017.1384,545.00
4.520761,1017.1718,467.00
4.520761,1017.2052,533.00
4.520761,1017.2386,486.00
4.520761,1017.2720,538.00
4.520761,1017.3053,572.00
4.520761,1017.3387,517.00
4.520761,1017.3721,512.00
4.520761,1017.4054,559.00
4.520761,1017.4388,491.00
4.520761,1017.4721,544.00
4.520761,1017.5054,522.00
4.520761,1017.5387,584.00
4.520761,1017.5720,577.00
4.520761,1017.6053,527.00
4.520761,1017.6386,542.00
4.520761,1017.6720,519.00
4.520761,1017.7053,510.00
4.520761,1017.7385,560.00
4.520761,1017.7717,499.00
4.520761,1017.8051,581.00
4.520761,1017.8383,509.00
4.520761,1017.8715,589.00
4.520761,1017.9048,576.00
4.520761,1017.9380,543.00
4.520761,1017.9712,552.00
4.520761,1018.0044,574.00
4.520761,1018.0376,498.00
4.520761,1018.0709,576.00
4.520761,1018.1041,541.00
4.520761,1018.1373,588.00
4.520761,1018.1705,545.00
4.520761,1018.2037,527.00
4.520761,1018.2368,526.00
4.520761,1018.2700,572.00
4.520761,1018.3032,502.00
4.520761,1018.3363,582.00
4.520761,1018.3695,501.00
4.520761,1018.4026,601.00
4.520761,1018.4358,546.00
4.520761,1018.4689,569.00
4.520761,1018.5020,599.00
4.520761,1018.5352,560.00
4.520761,1018.5682,526.00
4.520761,1018.6013,549.00
4.520761,1018.6343,506.00
4.520761,1018.6675,597.00
4.520761,1018.7006,490.00
4.520761,1018.7337,589.00
4.520761,1018.7668,554.00
4.520761,1018.7998,551.00
4.520761,1018.8328,528.00
4.520761,1018.8658,569.00
4.520761,1018.8989,554.00
4.520761,1018.9319,593.00
4.520761,1018.9650,529.00
4.520761,1018.9980,594.00
4.520761,1019.0311,558.00
4.520761,1019.0641,599.00
4.520761,1019.0970,526.00
4.520761,1019.1301,560.00
4.520761,1019.1631,511.00
4.520761,1019.1960,587.00
4.520761,1019.2289,521.00
4.520761,1019.2618,601.00
4.520761,1019.2949,544.00
4.520761,1019.3278,557.00
4.520761,1019.3607,545.00
4.520761,1019.3936,540.00
4.520761,1019.4268,456.00
4.520761,1019.4596,584.00
4.520761,1019.4925,520.00
4.520761,1019.5255,574.00
4.520761,1019.5583,526.00
4.520761,1019.5912,576.00
4.520761,1019.6240,538.00
4.520761,1019.6569,554.00
4.520761,1019.6898,539.00
4.520761,1019.7227,531.00
4.520761,1019.7556,468.00
4.520761,1019.7885,549.00
4.520761,1019.8213,503.00
4.520761,1019.8541,573.00
4.520761,1019.8870,519.00
4.520761,1019.9198,546.00
4.520761,1019.9525,522.00
4.520761,1019.9854,513.00
4.520761,1020.0182,492.00
4.520761,1020.0509,571.00
4.520761,1020.0837,535.00
4.520761,1020.1167,563.00
4.520761,1020.1494,542.00
4.520761,1020.1823,546.00
4.520761,1020.2149,503.00
4.520761,1020.2477,541.00
4.520761,1020.2805,493.00
4.520761,1020.3132,535.00
4.520761,1020.3459,527.00
4.520761,1020.3787,583.00
4.520761,1020.4114,508.00
4.520761,1020.4442,522.00
4.520761,1020.4768,533.00
4.520761,1020.5096,533.00
4.520761,1020.5423,479.00
4.520761,1020.5750,574.00
4.520761,1020.6077,489.00
4.520761,1020.6403,586.00
4.520761,1020.6730,508.00
4.520761,1020.7055,573.00
4.520761,1020.7382,493.00
4.520761,1020.7709,514.00
4.520761,1020.8036,473.00
4.520761,1020.8363,488.00
4.520761,1020.8688,470.00
4.520761,1020.9015,538.00
4.520761,1020.9341,463.00
4.520761,1020.9667,564.00
4.520761,1020.9993,480.00
4.520761,1021.0319,527.00
4.520761,1021.0645,509.00
4.520761,1021.0971,521.00
4.520761,1021.1298,476.00
4.520761,1021.1623,534.00
4.520761,1021.1948,477.00
4.520761,1021.2273,554.00
4.520761,1021.2599,486.00
4.520761,1021.2924,532.00
4.520761,1021.3250,515.00
4.520761,1021.3574,502.00
4.520761,1021.3900,505.00
4.520761,1021.4224,459.00
4.520761,1021.4550,424.00
4.520761,1021.4875,493.00
4.520761,1021.5200,491.00
4.520761,1021.5525,554.00
4.520761,1021.5850,491.00
4.520761,1021.6175,512.00
4.520761,1021.6500,464.00
4.520761,1021.6823,553.00
4.520761,1021.7148,489.00
4.520761,1021.7474,555.00
4.520761,1021.7797,502.00
4.520761,1021.8122,534.00
4.520761,1021.8445,500.00
4.520761,1021.8770,552.00
4.520761,1021.9095,519.00
4.520761,1021.9418,509.00
4.520761,1021.9741,491.00
4.520761,1022.0066,510.00
4.520761,1022.0389,490.00
4.520761,1022.0713,551.00
4.520761,1022.1037,502.00
4.520761,1022.1362,615.00
4.520761,1022.1685,549.00
4.520761,1022.2008,531.00
4.520761,1022.2332,499.00
4.520761,1022.2654,533.00
4.520761,1022.2977,481.00
4.520761,1022.3301,576.00
4.520761,1022.3624,481.00
4.520761,1022.3947,589.00
4.520761,1022.4271,510.00
4.520761,1022.4594,552.00
4.520761,1022.4917,548.00
4.520761,1022.5239,528.00
4.520761,1022.5562,520.00
4.520761,1022.5885,533.00
4.520761,1022.6207,514.00
4.520761,1022.6530,550.00
4.520761,1022.6852,508.00
4.520761,1022.7174,554.00
4.520761,1022.7497,488.00
4.520761,1022.7819,547.00
4.520761,1022.8142,503.00
4.520761,1022.8464,554.00
4.520761,1022.8785,497.00
4.520761,1022.9108,578.00
4.520761,1022.9429,511.00
4.520761,1022.9751,539.00
4.520761,1023.0073,537.00
4.520761,1023.0394,508.00
4.520761,1023.0717,511.00
4.520761,1023.1039,555.00
4.520761,1023.1360,489.00
4.520761,1023.1682,550.00
4.520761,1023.2003,514.00
4.520761,1023.2324,549.00
4.520761,1023.2644,515.00
4.520761,1023.2966,550.00
4.520761,1023.3287,481.00
4.520761,1023.3608,525.00
4.520761,1023.3929,510.00
4.520761,1023.4249,519.00
4.520761,1023.4570,497.00
4.520761,1023.4893,540.00
4.520761,1023.5212,506.00
4.520761,1023.5533,489.00
4.520761,1023.5853,485.00
4.520761,1023.6174,518.00
4.520761,1023.6494,490.00
4.520761,1023.6813,521.00
4.520761,1023.7134,440.00
4.520761,1023.7454,536.00
4.520761,1023.7775,499.00
4.520761,1023.8096,505.00
4.520761,1023.8416,502.00
4.520761,1023.8735,530.00
4.520761,1023.9055,490.00
4.520761,1023.9374,499.00
4.520761,1023.9694,442.00
4.520761,1024.0013,531.00
4.520761,1024.0333,487.00
4.520761,1024.0652,509.00
4.520761,1024.0972,503.00
4.520761,1024.1293,513.00
4.520761,1024.1611,483.00
4.520761,1024.1931,533.00
4.520761,1024.2250,462.00
4.520761,1024.2568,511.00
4.520761,1024.2888,450.00
4.520761,1024.3206,531.00
4.520761,1024.3525,488.00
4.520761,1024.3843,519.00
4.520761,1024.4164,461.00
4.520761,1024.4481,513.00
4.520761,1024.4801,457.00
4.520761,1024.5118,514.00
4.520761,1024.5438,493.00
4.520761,1024.5756,538.00
4.520761,1024.6074,468.00
4.520761,1024.6393,506.00
4.520761,1024.6710,519.00
4.520761,1024.7029,506.00
4.520761,1024.7346,475.00
4.520761,1024.7664,528.00
4.520761,1024.7982,459.00
4.520761,1024.8301,549.00
4.520761,1024.8618,497.00
4.520761,1024.8936,517.00
4.520761,1024.9253,480.00
4.520761,1024.9572,519.00
4.520761,1024.9889,516.00
4.520761,1025.0206,542.00
4.520761,1025.0522,452.00
4.520761,1025.0841,546.00
4.520761,1025.1158,473.00
4.520761,1025.1475,518.00
4.520761,1025.1792,489.00
4.520761,1025.2109,536.00
4.520761,1025.2426,495.00
4.520761,1025.2743,512.00
4.520761,1025.3059,509.00
4.520761,1025.3376,540.00
4.520761,1025.3693,470.00
4.520761,1025.4009,565.00
4.520761,1025.4326,470.00
4.520761,1025.4644,536.00
4.520761,1025.4960,490.00
4.520761,1025.5276,501.00
4.520761,1025.5592,510.00
4.520761,1025.5908,525.00
4.520761,1025.6224,490.00
4.520761,1025.6541,565.00
4.520761,1025.6857,514.00
4.520761,1025.7172,565.00
4.520761,1025.7489,548.00
4.520761,1025.7804,585.00
4.520761,1025.8120,504.00
4.520761,1025.8435,533.00
4.520761,1025.8751,524.00
4.520761,1025.9066,578.00
4.520761,1025.9381,522.00
4.520761,1025.9697,574.00
4.520761,1026.0012,534.00
4.520761,1026.0327,564.00
4.520761,1026.0642,529.00
