# Point:,47
# Setpoint:,2.39272727
# Voltage_V:,2.39272727
# Current_A:,0.041395
# Spectrum_Time_s:,7.292354
# Step_Start_s:,7.194633
# Step_End_s:,7.352510
# Spectrum_Duration_ms:,88.450
# Peak_Wavelength_nm:,934.32
# Peak_Intensity:,7346.0
# Avg_Intensity:,613.9
# Num_Pixels:,4094
# NOTE: All wavelengths are captured simultaneously in one CCD exposure
#       The Relative_Time_s column shows when this entire spectrum was acquired

Relative_Time_s,Wavelength_nm,Intensity
7.292354,845.4307,578.00
7.292354,845.4858,497.00
7.292354,845.5410,558.00
7.292354,845.5963,508.00
7.292354,845.6514,553.00
7.292354,845.7065,495.00
7.292354,845.7617,524.00
7.292354,845.8168,495.00
7.292354,845.8721,550.00
7.292354,845.9272,500.00
7.292354,845.9823,547.00
7.292354,846.0374,462.00
7.292354,846.0926,489.00
7.292354,846.1478,491.00
7.292354,846.2029,518.00
7.292354,846.2579,489.00
7.292354,846.3130,543.00
7.292354,846.3682,448.00
7.292354,846.4233,577.00
7.292354,846.4784,479.00
7.292354,846.5335,574.00
7.292354,846.5886,531.00
7.292354,846.6437,532.00
7.292354,846.6987,498.00
7.292354,846.7538,567.00
7.292354,846.8089,481.00
7.292354,846.8640,559.00
7.292354,846.9190,490.00
7.292354,846.9741,535.00
7.292354,847.0292,537.00
7.292354,847.0842,570.00
7.292354,847.1392,527.00
7.292354,847.1943,559.00
7.292354,847.2493,511.00
7.292354,847.3044,586.00
7.292354,847.3594,487.00
7.292354,847.4144,547.00
7.292354,847.4694,515.00
7.292354,847.5244,551.00
7.292354,847.5795,497.00
7.292354,847.6345,535.00
7.292354,847.6895,483.00
7.292354,847.7444,557.00
7.292354,847.7994,501.00
7.292354,847.8544,580.00
7.292354,847.9094,519.00
7.292354,847.9644,551.00
7.292354,848.0193,526.00
7.292354,848.0743,554.00
7.292354,848.1293,506.00
7.292354,848.1843,581.00
7.292354,848.2392,529.00
7.292354,848.2941,583.00
7.292354,848.3491,543.00
7.292354,848.4040,565.00
7.292354,848.4590,558.00
7.292354,848.5139,546.00
7.292354,848.5688,555.00
7.292354,848.6237,567.00
7.292354,848.6786,534.00
7.292354,848.7336,591.00
7.292354,848.7885,537.00
7.292354,848.8434,583.00
7.292354,848.8983,547.00
7.292354,848.9531,551.00
7.292354,849.0081,553.00
7.292354,849.0630,556.00
7.292354,849.1178,513.00
7.292354,849.1727,577.00
7.292354,849.2275,577.00
7.292354,849.2823,654.00
7.292354,849.3373,558.00
7.292354,849.3921,552.00
7.292354,849.4470,540.00
7.292354,849.5018,558.00
7.292354,849.5566,505.00
7.292354,849.6115,595.00
7.292354,849.6663,534.00
7.292354,849.7211,590.00
7.292354,849.7759,541.00
7.292354,849.8307,586.00
7.292354,849.8856,547.00
7.292354,849.9404,599.00
7.292354,849.9952,549.00
7.292354,850.0500,582.00
7.292354,850.1048,503.00
7.292354,850.1596,625.00
7.292354,850.2144,525.00
7.292354,850.2692,600.00
7.292354,850.3239,569.00
7.292354,850.3787,591.00
7.292354,850.4335,534.00
7.292354,850.4882,600.00
7.292354,850.5430,552.00
7.292354,850.5977,590.00
7.292354,850.6525,517.00
7.292354,850.7072,595.00
7.292354,850.7620,542.00
7.292354,850.8167,604.00
7.292354,850.8715,571.00
7.292354,850.9261,568.00
7.292354,850.9808,517.00
7.292354,851.0356,583.00
7.292354,851.0903,574.00
7.292354,851.1450,629.00
7.292354,851.1996,560.00
7.292354,851.2543,622.00
7.292354,851.3091,559.00
7.292354,851.3638,603.00
7.292354,851.4185,540.00
7.292354,851.4731,668.00
7.292354,851.5278,571.00
7.292354,851.5825,665.00
7.292354,851.6371,581.00
7.292354,851.6918,642.00
7.292354,851.7465,596.00
7.292354,851.8011,619.00
7.292354,851.8558,562.00
7.292354,851.9103,592.00
7.292354,851.9650,567.00
7.292354,852.0196,674.00
7.292354,852.0742,571.00
7.292354,852.1289,637.00
7.292354,852.1835,574.00
7.292354,852.2381,651.00
7.292354,852.2927,629.00
7.292354,852.3473,619.00
7.292354,852.4019,624.00
7.292354,852.4565,643.00
7.292354,852.5111,609.00
7.292354,852.5657,636.00
7.292354,852.6202,641.00
7.292354,852.6747,636.00
7.292354,852.7294,615.00
7.292354,852.7839,682.00
7.292354,852.8385,586.00
7.292354,852.8930,666.00
7.292354,852.9476,610.00
7.292354,853.0022,665.00
7.292354,853.0567,607.00
7.292354,853.1112,675.00
7.292354,853.1658,623.00
7.292354,853.2203,659.00
7.292354,853.2748,644.00
7.292354,853.3293,705.00
7.292354,853.3838,635.00
7.292354,853.4383,651.00
7.292354,853.4928,591.00
7.292354,853.5474,686.00
7.292354,853.6019,656.00
7.292354,853.6563,709.00
7.292354,853.7108,657.00
7.292354,853.7653,643.00
7.292354,853.8198,617.00
7.292354,853.8742,682.00
7.292354,853.9286,656.00
7.292354,853.9832,676.00
7.292354,854.0376,641.00
7.292354,854.0920,710.00
7.292354,854.1465,659.00
7.292354,854.2010,656.00
7.292354,854.2554,614.00
7.292354,854.3098,642.00
7.292354,854.3642,577.00
7.292354,854.4186,691.00
7.292354,854.4731,588.00
7.292354,854.5275,685.00
7.292354,854.5819,631.00
7.292354,854.6363,656.00
7.292354,854.6907,633.00
7.292354,854.7451,626.00
7.292354,854.7994,592.00
7.292354,854.8538,637.00
7.292354,854.9082,640.00
7.292354,854.9626,696.00
7.292354,855.0170,619.00
7.292354,855.0714,668.00
7.292354,855.1257,624.00
7.292354,855.1800,654.00
7.292354,855.2344,608.00
7.292354,855.2888,681.00
7.292354,855.3431,592.00
7.292354,855.3975,622.00
7.292354,855.4518,603.00
7.292354,855.5060,674.00
7.292354,855.5604,594.00
7.292354,855.6147,634.00
7.292354,855.6691,617.00
7.292354,855.7233,615.00
7.292354,855.7776,579.00
7.292354,855.8320,707.00
7.292354,855.8862,603.00
7.292354,855.9406,682.00
7.292354,855.9948,659.00
7.292354,856.0491,699.00
7.292354,856.1035,649.00
7.292354,856.1577,659.00
7.292354,856.2119,613.00
7.292354,856.2662,639.00
7.292354,856.3204,571.00
7.292354,856.3748,710.00
7.292354,856.4290,627.00
7.292354,856.4832,678.00
7.292354,856.5374,633.00
7.292354,856.5916,665.00
7.292354,856.6459,609.00
7.292354,856.7001,673.00
7.292354,856.7543,599.00
7.292354,856.8085,682.00
7.292354,856.8627,640.00
7.292354,856.9169,690.00
7.292354,856.9712,618.00
7.292354,857.0253,649.00
7.292354,857.0795,615.00
7.292354,857.1337,658.00
7.292354,857.1879,611.00
7.292354,857.2421,679.00
7.292354,857.2962,660.00
7.292354,857.3504,651.00
7.292354,857.4045,633.00
7.292354,857.4587,653.00
7.292354,857.5129,667.00
7.292354,857.5670,636.00
7.292354,857.6212,615.00
7.292354,857.6753,678.00
7.292354,857.7294,636.00
7.292354,857.7836,697.00
7.292354,857.8377,632.00
7.292354,857.8918,663.00
7.292354,857.9459,641.00
7.292354,858.0000,660.00
7.292354,858.0541,610.00
7.292354,858.1082,674.00
7.292354,858.1624,615.00
7.292354,858.2164,718.00
7.292354,858.2704,610.00
7.292354,858.3245,683.00
7.292354,858.3787,673.00
7.292354,858.4327,655.00
7.292354,858.4868,633.00
7.292354,858.5408,663.00
7.292354,858.5949,629.00
7.292354,858.6489,674.00
7.292354,858.7030,611.00
7.292354,858.7570,710.00
7.292354,858.8110,665.00
7.292354,858.8651,686.00
7.292354,858.9192,659.00
7.292354,858.9732,677.00
7.292354,859.0272,657.00
7.292354,859.0812,684.00
7.292354,859.1352,603.00
7.292354,859.1892,683.00
7.292354,859.2432,634.00
7.292354,859.2972,704.00
7.292354,859.3512,680.00
7.292354,859.4052,655.00
7.292354,859.4592,643.00
7.292354,859.5132,651.00
7.292354,859.5671,596.00
7.292354,859.6210,666.00
7.292354,859.6750,625.00
7.292354,859.7289,709.00
7.292354,859.7830,605.00
7.292354,859.8369,644.00
7.292354,859.8908,627.00
7.292354,859.9447,616.00
7.292354,859.9987,628.00
7.292354,860.0527,678.00
7.292354,860.1065,570.00
7.292354,860.1605,667.00
7.292354,860.2144,668.00
7.292354,860.2682,652.00
7.292354,860.3222,653.00
7.292354,860.3761,661.00
7.292354,860.4299,585.00
7.292354,860.4838,624.00
7.292354,860.5377,572.00
7.292354,860.5916,678.00
7.292354,860.6455,632.00
7.292354,860.6993,672.00
7.292354,860.7532,616.00
7.292354,860.8071,650.00
7.292354,860.8610,613.00
7.292354,860.9148,662.00
7.292354,860.9687,596.00
7.292354,861.0225,666.00
7.292354,861.0763,613.00
7.292354,861.1301,658.00
7.292354,861.1840,611.00
7.292354,861.2378,646.00
7.292354,861.2916,601.00
7.292354,861.3454,652.00
7.292354,861.3992,605.00
7.292354,861.4531,677.00
7.292354,861.5068,569.00
7.292354,861.5606,634.00
7.292354,861.6144,598.00
7.292354,861.6682,658.00
7.292354,861.7220,590.00
7.292354,861.7758,652.00
7.292354,861.8295,607.00
7.292354,861.8833,631.00
7.292354,861.9370,601.00
7.292354,861.9908,673.00
7.292354,862.0446,598.00
7.292354,862.0983,665.00
7.292354,862.1520,605.00
7.292354,862.2057,648.00
7.292354,862.2595,620.00
7.292354,862.3132,605.00
7.292354,862.3669,570.00
7.292354,862.4206,620.00
7.292354,862.4744,580.00
7.292354,862.5281,668.00
7.292354,862.5818,616.00
7.292354,862.6355,651.00
7.292354,862.6891,614.00
7.292354,862.7429,644.00
7.292354,862.7966,616.00
7.292354,862.8502,620.00
7.292354,862.9039,579.00
7.292354,862.9575,641.00
7.292354,863.0112,634.00
7.292354,863.0648,626.00
7.292354,863.1185,618.00
7.292354,863.1722,629.00
7.292354,863.2258,562.00
7.292354,863.2794,659.00
7.292354,863.3330,583.00
7.292354,863.3867,653.00
7.292354,863.4403,554.00
7.292354,863.4940,643.00
7.292354,863.5475,633.00
7.292354,863.6011,595.00
7.292354,863.6548,598.00
7.292354,863.7084,633.00
7.292354,863.7620,611.00
7.292354,863.8156,620.00
7.292354,863.8691,585.00
7.292354,863.9228,639.00
7.292354,863.9763,608.00
7.292354,864.0299,617.00
7.292354,864.0834,608.00
7.292354,864.1370,646.00
7.292354,864.1906,597.00
7.292354,864.2441,658.00
7.292354,864.2977,568.00
7.292354,864.3512,664.00
7.292354,864.4047,607.00
7.292354,864.4583,646.00
7.292354,864.5118,585.00
7.292354,864.5653,620.00
7.292354,864.6189,602.00
7.292354,864.6724,619.00
7.292354,864.7258,563.00
7.292354,864.7794,634.00
7.292354,864.8329,594.00
7.292354,864.8864,667.00
7.292354,864.9398,583.00
7.292354,864.9933,629.00
7.292354,865.0469,591.00
7.292354,865.1003,595.00
7.292354,865.1538,603.00
7.292354,865.2072,611.00
7.292354,865.2607,580.00
7.292354,865.3142,625.00
7.292354,865.3676,627.00
7.292354,865.4211,633.00
7.292354,865.4745,561.00
7.292354,865.5279,626.00
7.292354,865.5814,602.00
7.292354,865.6348,637.00
7.292354,865.6882,598.00
7.292354,865.7416,656.00
7.292354,865.7950,635.00
7.292354,865.8484,649.00
7.292354,865.9019,620.00
7.292354,865.9552,623.00
7.292354,866.0087,614.00
7.292354,866.0620,611.00
7.292354,866.1154,590.00
7.292354,866.1688,672.00
7.292354,866.2222,615.00
7.292354,866.2755,671.00
7.292354,866.3289,621.00
7.292354,866.3822,631.00
7.292354,866.4356,644.00
7.292354,866.4890,617.00
7.292354,866.5423,615.00
7.292354,866.5956,682.00
7.292354,866.6489,603.00
7.292354,866.7023,650.00
7.292354,866.7556,608.00
7.292354,866.8089,631.00
7.292354,866.8622,635.00
7.292354,866.9155,657.00
7.292354,866.9689,593.00
7.292354,867.0222,660.00
7.292354,867.0755,591.00
7.292354,867.1287,659.00
7.292354,867.1820,608.00
7.292354,867.2354,660.00
7.292354,867.2886,638.00
7.292354,867.3419,657.00
7.292354,867.3951,635.00
7.292354,867.4484,630.00
7.292354,867.5016,558.00
7.292354,867.5549,687.00
7.292354,867.6082,628.00
7.292354,867.6614,643.00
7.292354,867.7146,647.00
7.292354,867.7678,665.00
7.292354,867.8211,625.00
7.292354,867.8743,646.00
7.292354,867.9276,609.00
7.292354,867.9807,679.00
7.292354,868.0339,614.00
7.292354,868.0872,678.00
7.292354,868.1403,637.00
7.292354,868.1935,640.00
7.292354,868.2467,613.00
7.292354,868.2999,653.00
7.292354,868.3531,571.00
7.292354,868.4062,648.00
7.292354,868.4594,598.00
7.292354,868.5126,678.00
7.292354,868.5657,624.00
7.292354,868.6189,643.00
7.292354,868.6721,636.00
7.292354,868.7252,623.00
7.292354,868.7783,589.00
7.292354,868.8315,642.00
7.292354,868.8846,575.00
7.292354,868.9377,634.00
7.292354,868.9908,581.00
7.292354,869.0439,650.00
7.292354,869.0970,647.00
7.292354,869.1501,645.00
7.292354,869.2032,599.00
7.292354,869.2564,596.00
7.292354,869.3094,605.00
7.292354,869.3625,593.00
7.292354,869.4156,608.00
7.292354,869.4688,663.00
7.292354,869.5218,600.00
7.292354,869.5748,662.00
7.292354,869.6279,612.00
7.292354,869.6809,622.00
7.292354,869.7340,587.00
7.292354,869.7870,662.00
7.292354,869.8401,605.00
7.292354,869.8931,676.00
7.292354,869.9462,601.00
7.292354,869.9993,629.00
7.292354,870.0522,627.00
7.292354,870.1052,672.00
7.292354,870.1583,620.00
7.292354,870.2112,654.00
7.292354,870.2642,606.00
7.292354,870.3173,675.00
7.292354,870.3702,606.00
7.292354,870.4232,668.00
7.292354,870.4762,607.00
7.292354,870.5292,625.00
7.292354,870.5822,631.00
7.292354,870.6351,653.00
7.292354,870.6881,598.00
7.292354,870.7410,649.00
7.292354,870.7940,640.00
7.292354,870.8470,661.00
7.292354,870.8999,598.00
7.292354,870.9528,661.00
7.292354,871.0057,648.00
7.292354,871.0587,660.00
7.292354,871.1116,616.00
7.292354,871.1646,667.00
7.292354,871.2175,580.00
7.292354,871.2704,674.00
7.292354,871.3232,634.00
7.292354,871.3762,654.00
7.292354,871.4291,637.00
7.292354,871.4820,656.00
7.292354,871.5348,619.00
7.292354,871.5877,689.00
7.292354,871.6406,615.00
7.292354,871.6935,704.00
7.292354,871.7463,620.00
7.292354,871.7992,665.00
7.292354,871.8521,660.00
7.292354,871.9049,645.00
7.292354,871.9578,666.00
7.292354,872.0106,688.00
7.292354,872.0635,584.00
7.292354,872.1162,682.00
7.292354,872.1691,630.00
7.292354,872.2219,709.00
7.292354,872.2747,610.00
7.292354,872.3275,668.00
7.292354,872.3803,643.00
7.292354,872.4332,661.00
7.292354,872.4860,626.00
7.292354,872.5387,673.00
7.292354,872.5915,644.00
7.292354,872.6443,657.00
7.292354,872.6971,654.00
7.292354,872.7499,679.00
7.292354,872.8026,664.00
7.292354,872.8553,660.00
7.292354,872.9081,654.00
7.292354,872.9609,649.00
7.292354,873.0136,607.00
7.292354,873.0663,706.00
7.292354,873.1191,592.00
7.292354,873.1718,675.00
7.292354,873.2245,646.00
7.292354,873.2773,647.00
7.292354,873.3300,597.00
7.292354,873.3827,650.00
7.292354,873.4354,607.00
7.292354,873.4882,729.00
7.292354,873.5408,653.00
7.292354,873.5935,684.00
7.292354,873.6462,673.00
7.292354,873.6989,677.00
7.292354,873.7515,674.00
7.292354,873.8042,652.00
7.292354,873.8569,628.00
7.292354,873.9096,692.00
7.292354,873.9622,590.00
7.292354,874.0149,697.00
7.292354,874.0675,630.00
7.292354,874.1202,662.00
7.292354,874.1729,640.00
7.292354,874.2255,651.00
7.292354,874.2781,634.00
7.292354,874.3307,655.00
7.292354,874.3834,583.00
7.292354,874.4360,676.00
7.292354,874.4885,633.00
7.292354,874.5411,695.00
7.292354,874.5938,603.00
7.292354,874.6463,623.00
7.292354,874.6990,616.00
7.292354,874.7515,640.00
7.292354,874.8041,599.00
7.292354,874.8567,703.00
7.292354,874.9092,633.00
7.292354,874.9619,666.00
7.292354,875.0144,630.00
7.292354,875.0669,681.00
7.292354,875.1194,645.00
7.292354,875.1720,678.00
7.292354,875.2246,601.00
7.292354,875.2772,687.00
7.292354,875.3296,646.00
7.292354,875.3821,690.00
7.292354,875.4346,647.00
7.292354,875.4872,672.00
7.292354,875.5397,635.00
7.292354,875.5922,693.00
7.292354,875.6447,633.00
7.292354,875.6971,659.00
7.292354,875.7498,608.00
7.292354,875.8022,697.00
7.292354,875.8547,600.00
7.292354,875.9071,680.00
7.292354,875.9596,627.00
7.292354,876.0120,660.00
7.292354,876.0646,654.00
7.292354,876.1169,674.00
7.292354,876.1694,594.00
7.292354,876.2219,683.00
7.292354,876.2743,640.00
7.292354,876.3268,723.00
7.292354,876.3792,615.00
7.292354,876.4316,693.00
7.292354,876.4840,647.00
7.292354,876.5364,656.00
7.292354,876.5889,627.00
7.292354,876.6413,717.00
7.292354,876.6937,586.00
7.292354,876.7460,681.00
7.292354,876.7985,650.00
7.292354,876.8509,703.00
7.292354,876.9032,622.00
7.292354,876.9556,663.00
7.292354,877.0079,604.00
7.292354,877.0604,675.00
7.292354,877.1127,585.00
7.292354,877.1651,707.00
7.292354,877.2174,609.00
7.292354,877.2697,650.00
7.292354,877.3221,629.00
7.292354,877.3744,666.00
7.292354,877.4268,633.00
7.292354,877.4791,638.00
7.292354,877.5314,603.00
7.292354,877.5837,646.00
7.292354,877.6360,591.00
7.292354,877.6884,628.00
7.292354,877.7407,625.00
7.292354,877.7930,637.00
7.292354,877.8452,609.00
7.292354,877.8975,625.00
7.292354,877.9498,608.00
7.292354,878.0021,630.00
7.292354,878.0544,596.00
7.292354,878.1066,646.00
7.292354,878.1589,612.00
7.292354,878.2111,630.00
7.292354,878.2634,629.00
7.292354,878.3157,628.00
7.292354,878.3679,589.00
7.292354,878.4202,652.00
7.292354,878.4724,585.00
7.292354,878.5246,688.00
7.292354,878.5768,604.00
7.292354,878.6290,688.00
7.292354,878.6812,626.00
7.292354,878.7335,624.00
7.292354,878.7856,642.00
7.292354,878.8379,596.00
7.292354,878.8901,576.00
7.292354,878.9422,637.00
7.292354,878.9944,606.00
7.292354,879.0466,663.00
7.292354,879.0988,602.00
7.292354,879.1509,656.00
7.292354,879.2031,626.00
7.292354,879.2552,605.00
7.292354,879.3074,641.00
7.292354,879.3596,649.00
7.292354,879.4117,588.00
7.292354,879.4638,667.00
7.292354,879.5159,580.00
7.292354,879.5681,678.00
7.292354,879.6202,618.00
7.292354,879.6723,642.00
7.292354,879.7244,647.00
7.292354,879.7766,650.00
7.292354,879.8287,573.00
7.292354,879.8808,643.00
7.292354,879.9329,581.00
7.292354,879.9849,665.00
7.292354,880.0370,635.00
7.292354,880.0891,624.00
7.292354,880.1412,609.00
7.292354,880.1932,656.00
7.292354,880.2452,572.00
7.292354,880.2973,637.00
7.292354,880.3495,622.00
7.292354,880.4015,676.00
7.292354,880.4536,626.00
7.292354,880.5056,624.00
7.292354,880.5576,642.00
7.292354,880.6096,613.00
7.292354,880.6616,570.00
7.292354,880.7137,645.00
7.292354,880.7656,566.00
7.292354,880.8176,649.00
7.292354,880.8696,582.00
7.292354,880.9217,643.00
7.292354,880.9737,600.00
7.292354,881.0256,615.00
7.292354,881.0776,580.00
7.292354,881.1296,627.00
7.292354,881.1816,559.00
7.292354,881.2336,630.00
7.292354,881.2855,567.00
7.292354,881.3374,624.00
7.292354,881.3893,635.00
7.292354,881.4413,611.00
7.292354,881.4933,581.00
7.292354,881.5452,647.00
7.292354,881.5972,616.00
7.292354,881.6490,617.00
7.292354,881.7010,613.00
7.292354,881.7530,644.00
7.292354,881.8049,577.00
7.292354,881.8568,596.00
7.292354,881.9086,588.00
7.292354,881.9605,628.00
7.292354,882.0125,596.00
7.292354,882.0643,638.00
7.292354,882.1162,546.00
7.292354,882.1681,634.00
7.292354,882.2199,572.00
7.292354,882.2719,648.00
7.292354,882.3237,591.00
7.292354,882.3755,597.00
7.292354,882.4274,563.00
7.292354,882.4792,584.00
7.292354,882.5311,582.00
7.292354,882.5829,611.00
7.292354,882.6348,574.00
7.292354,882.6866,627.00
7.292354,882.7383,612.00
7.292354,882.7902,595.00
7.292354,882.8420,621.00
7.292354,882.8939,647.00
7.292354,882.9457,551.00
7.292354,882.9974,614.00
7.292354,883.0493,587.00
7.292354,883.1011,634.00
7.292354,883.1528,563.00
7.292354,883.2046,617.00
7.292354,883.2563,605.00
7.292354,883.3081,585.00
7.292354,883.3599,577.00
7.292354,883.4116,589.00
7.292354,883.4634,566.00
7.292354,883.5151,658.00
7.292354,883.5668,600.00
7.292354,883.6187,628.00
7.292354,883.6703,616.00
7.292354,883.7220,635.00
7.292354,883.7738,565.00
7.292354,883.8254,642.00
7.292354,883.8773,564.00
7.292354,883.9289,658.00
7.292354,883.9806,577.00
7.292354,884.0323,652.00
7.292354,884.0840,631.00
7.292354,884.1357,636.00
7.292354,884.1874,603.00
7.292354,884.2391,662.00
7.292354,884.2907,558.00
7.292354,884.3423,661.00
7.292354,884.3940,556.00
7.292354,884.4457,621.00
7.292354,884.4974,623.00
7.292354,884.5490,631.00
7.292354,884.6006,576.00
7.292354,884.6523,620.00
7.292354,884.7039,598.00
7.292354,884.7555,637.00
7.292354,884.8071,605.00
7.292354,884.8588,676.00
7.292354,884.9103,630.00
7.292354,884.9620,629.00
7.292354,885.0136,664.00
7.292354,885.0651,632.00
7.292354,885.1168,604.00
7.292354,885.1683,655.00
7.292354,885.2200,630.00
7.292354,885.2715,678.00
7.292354,885.3231,592.00
7.292354,885.3746,674.00
7.292354,885.4262,637.00
7.292354,885.4778,645.00
7.292354,885.5293,633.00
7.292354,885.5809,680.00
7.292354,885.6324,585.00
7.292354,885.6839,644.00
7.292354,885.7355,626.00
7.292354,885.7870,664.00
7.292354,885.8385,582.00
7.292354,885.8900,646.00
7.292354,885.9415,642.00
7.292354,885.9930,653.00
7.292354,886.0446,604.00
7.292354,886.0960,647.00
7.292354,886.1475,611.00
7.292354,886.1990,677.00
7.292354,886.2504,610.00
7.292354,886.3020,676.00
7.292354,886.3534,609.00
7.292354,886.4048,637.00
7.292354,886.4564,628.00
7.292354,886.5078,623.00
7.292354,886.5593,624.00
7.292354,886.6107,686.00
7.292354,886.6621,616.00
7.292354,886.7136,658.00
7.292354,886.7650,611.00
7.292354,886.8164,654.00
7.292354,886.8679,629.00
7.292354,886.9193,634.00
7.292354,886.9706,581.00
7.292354,887.0220,619.00
7.292354,887.0735,589.00
7.292354,887.1249,648.00
7.292354,887.1762,629.00
7.292354,887.2276,678.00
7.292354,887.2789,645.00
7.292354,887.3304,654.00
7.292354,887.3818,642.00
7.292354,887.4331,664.00
7.292354,887.4844,619.00
7.292354,887.5358,684.00
7.292354,887.5871,587.00
7.292354,887.6385,653.00
7.292354,887.6898,658.00
7.292354,887.7411,637.00
7.292354,887.7925,616.00
7.292354,887.8438,641.00
7.292354,887.8951,594.00
7.292354,887.9464,709.00
7.292354,887.9977,604.00
7.292354,888.0490,706.00
7.292354,888.1003,652.00
7.292354,888.1516,637.00
7.292354,888.2029,636.00
7.292354,888.2542,650.00
7.292354,888.3054,609.00
7.292354,888.3567,668.00
7.292354,888.4080,626.00
7.292354,888.4592,692.00
7.292354,888.5105,643.00
7.292354,888.5618,686.00
7.292354,888.6130,630.00
7.292354,888.6642,657.00
7.292354,888.7155,616.00
7.292354,888.7667,685.00
7.292354,888.8179,621.00
7.292354,888.8691,669.00
7.292354,888.9204,642.00
7.292354,888.9716,660.00
7.292354,889.0228,648.00
7.292354,889.0740,670.00
7.292354,889.1252,634.00
7.292354,889.1764,647.00
7.292354,889.2275,638.00
7.292354,889.2787,694.00
7.292354,889.3299,641.00
7.292354,889.3810,693.00
7.292354,889.4322,659.00
7.292354,889.4835,703.00
7.292354,889.5346,639.00
7.292354,889.5857,654.00
7.292354,889.6368,608.00
7.292354,889.6879,667.00
7.292354,889.7391,589.00
7.292354,889.7903,689.00
7.292354,889.8414,589.00
7.292354,889.8925,660.00
7.292354,889.9435,635.00
7.292354,889.9948,662.00
7.292354,890.0458,608.00
7.292354,890.0969,690.00
7.292354,890.1479,622.00
7.292354,890.1990,671.00
7.292354,890.2501,621.00
7.292354,890.3012,652.00
7.292354,890.3523,639.00
7.292354,890.4034,623.00
7.292354,890.4545,625.00
7.292354,890.5054,636.00
7.292354,890.5566,590.00
7.292354,890.6076,669.00
7.292354,890.6586,593.00
7.292354,890.7097,654.00
7.292354,890.7607,628.00
7.292354,890.8117,667.00
7.292354,890.8627,640.00
7.292354,890.9138,622.00
7.292354,890.9647,581.00
7.292354,891.0157,626.00
7.292354,891.0668,569.00
7.292354,891.1178,644.00
7.292354,891.1688,607.00
7.292354,891.2197,650.00
7.292354,891.2707,595.00
7.292354,891.3217,608.00
7.292354,891.3727,620.00
7.292354,891.4236,625.00
7.292354,891.4745,587.00
7.292354,891.5256,637.00
7.292354,891.5765,578.00
7.292354,891.6275,632.00
7.292354,891.6783,578.00
7.292354,891.7293,603.00
7.292354,891.7802,586.00
7.292354,891.8312,603.00
7.292354,891.8821,542.00
7.292354,891.9330,669.00
7.292354,891.9839,573.00
7.292354,892.0348,629.00
7.292354,892.0857,605.00
7.292354,892.1366,625.00
7.292354,892.1875,612.00
7.292354,892.2383,634.00
7.292354,892.2892,622.00
7.292354,892.3401,648.00
7.292354,892.3911,572.00
7.292354,892.4418,676.00
7.292354,892.4927,605.00
7.292354,892.5436,669.00
7.292354,892.5944,632.00
7.292354,892.6452,618.00
7.292354,892.6961,608.00
7.292354,892.7469,640.00
7.292354,892.7977,600.00
7.292354,892.8485,634.00
7.292354,892.8993,617.00
7.292354,892.9502,674.00
7.292354,893.0010,610.00
7.292354,893.0518,632.00
7.292354,893.1025,609.00
7.292354,893.1534,636.00
7.292354,893.2042,603.00
7.292354,893.2549,659.00
7.292354,893.3057,614.00
7.292354,893.3564,688.00
7.292354,893.4072,660.00
7.292354,893.4580,639.00
7.292354,893.5087,617.00
7.292354,893.5595,641.00
7.292354,893.6102,582.00
7.292354,893.6609,670.00
7.292354,893.7117,563.00
7.292354,893.7625,668.00
7.292354,893.8132,606.00
7.292354,893.8639,663.00
7.292354,893.9146,621.00
7.292354,893.9653,609.00
7.292354,894.0160,594.00
7.292354,894.0667,649.00
7.292354,894.1174,611.00
7.292354,894.1681,638.00
7.292354,894.2188,616.00
7.292354,894.2695,637.00
7.292354,894.3201,640.00
7.292354,894.3708,645.00
7.292354,894.4214,593.00
7.292354,894.4720,648.00
7.292354,894.5228,608.00
7.292354,894.5734,710.00
7.292354,894.6240,618.00
7.292354,894.6746,658.00
7.292354,894.7252,646.00
7.292354,894.7759,652.00
7.292354,894.8265,621.00
7.292354,894.8771,641.00
7.292354,894.9277,591.00
7.292354,894.9783,643.00
7.292354,895.0290,590.00
7.292354,895.0795,676.00
7.292354,895.1301,630.00
7.292354,895.1807,687.00
7.292354,895.2313,637.00
7.292354,895.2819,647.00
7.292354,895.3325,614.00
7.292354,895.3830,641.00
7.292354,895.4336,593.00
7.292354,895.4841,678.00
7.292354,895.5347,611.00
7.292354,895.5852,655.00
7.292354,895.6357,638.00
7.292354,895.6863,668.00
7.292354,895.7368,625.00
7.292354,895.7874,657.00
7.292354,895.8379,583.00
7.292354,895.8884,661.00
7.292354,895.9388,596.00
7.292354,895.9893,676.00
7.292354,896.0399,632.00
7.292354,896.0904,637.00
7.292354,896.1408,644.00
7.292354,896.1913,656.00
7.292354,896.2418,622.00
7.292354,896.2922,678.00
7.292354,896.3427,610.00
7.292354,896.3932,690.00
7.292354,896.4437,634.00
7.292354,896.4941,663.00
7.292354,896.5445,633.00
7.292354,896.5950,659.00
7.292354,896.6454,653.00
7.292354,896.6958,669.00
7.292354,896.7462,583.00
7.292354,896.7967,668.00
7.292354,896.8471,629.00
7.292354,896.8975,672.00
7.292354,896.9479,620.00
7.292354,896.9983,655.00
7.292354,897.0486,606.00
7.292354,897.0991,640.00
7.292354,897.1495,602.00
7.292354,897.1998,690.00
7.292354,897.2502,595.00
7.292354,897.3005,667.00
7.292354,897.3510,628.00
7.292354,897.4013,629.00
7.292354,897.4517,649.00
7.292354,897.5020,639.00
7.292354,897.5523,595.00
7.292354,897.6026,674.00
7.292354,897.6530,588.00
7.292354,897.7033,670.00
7.292354,897.7537,605.00
7.292354,897.8040,647.00
7.292354,897.8542,643.00
7.292354,897.9046,630.00
7.292354,897.9549,655.00
7.292354,898.0051,696.00
7.292354,898.0554,631.00
7.292354,898.1057,657.00
7.292354,898.1560,605.00
7.292354,898.2063,643.00
7.292354,898.2565,622.00
7.292354,898.3068,619.00
7.292354,898.3571,652.00
7.292354,898.4073,630.00
7.292354,898.4576,593.00
7.292354,898.5078,657.00
7.292354,898.5580,593.00
7.292354,898.6083,668.00
7.292354,898.6584,645.00
7.292354,898.7087,656.00
7.292354,898.7590,628.00
7.292354,898.8091,618.00
7.292354,898.8593,628.00
7.292354,898.9095,624.00
7.292354,898.9598,578.00
7.292354,899.0099,676.00
7.292354,899.0601,635.00
7.292354,899.1103,644.00
7.292354,899.1605,626.00
7.292354,899.2107,617.00
7.292354,899.2608,598.00
7.292354,899.3109,615.00
7.292354,899.3611,584.00
7.292354,899.4113,677.00
7.292354,899.4614,616.00
7.292354,899.5115,647.00
7.292354,899.5616,637.00
7.292354,899.6118,622.00
7.292354,899.6619,608.00
7.292354,899.7121,610.00
7.292354,899.7622,559.00
7.292354,899.8123,642.00
7.292354,899.8624,583.00
7.292354,899.9124,640.00
7.292354,899.9626,611.00
7.292354,900.0126,635.00
7.292354,900.0627,627.00
7.292354,900.1127,655.00
7.292354,900.1628,576.00
7.292354,900.2130,649.00
7.292354,900.2631,549.00
7.292354,900.3130,629.00
7.292354,900.3631,609.00
7.292354,900.4131,634.00
7.292354,900.4632,590.00
7.292354,900.5132,620.00
7.292354,900.5633,576.00
7.292354,900.6132,604.00
7.292354,900.6632,575.00
7.292354,900.7133,641.00
7.292354,900.7633,552.00
7.292354,900.8133,644.00
7.292354,900.8633,582.00
7.292354,900.9133,617.00
7.292354,900.9633,586.00
7.292354,901.0133,648.00
7.292354,901.0632,590.00
7.292354,901.1132,623.00
7.292354,901.1631,592.00
7.292354,901.2131,647.00
7.292354,901.2631,620.00
7.292354,901.3130,633.00
7.292354,901.3630,609.00
7.292354,901.4129,642.00
7.292354,901.4628,611.00
7.292354,901.5128,632.00
7.292354,901.5627,596.00
7.292354,901.6126,642.00
7.292354,901.6625,613.00
7.292354,901.7124,629.00
7.292354,901.7623,612.00
7.292354,901.8123,634.00
7.292354,901.8621,619.00
7.292354,901.9120,612.00
7.292354,901.9619,584.00
7.292354,902.0117,646.00
7.292354,902.0616,601.00
7.292354,902.1115,649.00
7.292354,902.1613,600.00
7.292354,902.2112,598.00
7.292354,902.2610,623.00
7.292354,902.3109,642.00
7.292354,902.3608,580.00
7.292354,902.4106,658.00
7.292354,902.4604,609.00
7.292354,902.5103,641.00
7.292354,902.5601,617.00
7.292354,902.6099,646.00
7.292354,902.6597,613.00
7.292354,902.7095,642.00
7.292354,902.7592,614.00
7.292354,902.8090,634.00
7.292354,902.8589,561.00
7.292354,902.9086,692.00
7.292354,902.9584,613.00
7.292354,903.0082,643.00
7.292354,903.0580,621.00
7.292354,903.1077,638.00
7.292354,903.1575,622.00
7.292354,903.2072,622.00
7.292354,903.2570,613.00
7.292354,903.3067,652.00
7.292354,903.3564,585.00
7.292354,903.4062,653.00
7.292354,903.4559,637.00
7.292354,903.5056,618.00
7.292354,903.5553,644.00
7.292354,903.6050,622.00
7.292354,903.6547,588.00
7.292354,903.7045,648.00
7.292354,903.7541,575.00
7.292354,903.8038,668.00
7.292354,903.8535,599.00
7.292354,903.9032,600.00
7.292354,903.9528,612.00
7.292354,904.0025,629.00
7.292354,904.0522,604.00
7.292354,904.1019,625.00
7.292354,904.1515,578.00
7.292354,904.2012,640.00
7.292354,904.2507,594.00
7.292354,904.3004,648.00
7.292354,904.3500,568.00
7.292354,904.3997,593.00
7.292354,904.4493,568.00
7.292354,904.4989,619.00
7.292354,904.5485,586.00
7.292354,904.5980,656.00
7.292354,904.6477,574.00
7.292354,904.6973,608.00
7.292354,904.7469,573.00
7.292354,904.7964,619.00
7.292354,904.8460,606.00
7.292354,904.8956,595.00
7.292354,904.9452,580.00
7.292354,904.9947,620.00
7.292354,905.0443,575.00
7.292354,905.0938,661.00
7.292354,905.1434,627.00
7.292354,905.1929,634.00
7.292354,905.2424,632.00
7.292354,905.2919,631.00
7.292354,905.3414,604.00
7.292354,905.3910,593.00
7.292354,905.4406,575.00
7.292354,905.4901,664.00
7.292354,905.5396,591.00
7.292354,905.5890,620.00
7.292354,905.6385,620.00
7.292354,905.6880,623.00
7.292354,905.7375,606.00
7.292354,905.7870,665.00
7.292354,905.8364,614.00
7.292354,905.8859,654.00
7.292354,905.9354,621.00
7.292354,905.9848,669.00
7.292354,906.0342,656.00
7.292354,906.0837,657.00
7.292354,906.1331,599.00
7.292354,906.1826,658.00
7.292354,906.2321,588.00
7.292354,906.2814,662.00
7.292354,906.3309,590.00
7.292354,906.3802,647.00
7.292354,906.4297,633.00
7.292354,906.4791,650.00
7.292354,906.5285,619.00
7.292354,906.5779,599.00
7.292354,906.6273,589.00
7.292354,906.6766,656.00
7.292354,906.7260,587.00
7.292354,906.7754,687.00
7.292354,906.8248,561.00
7.292354,906.8741,638.00
7.292354,906.9235,622.00
7.292354,906.9729,623.00
7.292354,907.0222,615.00
7.292354,907.0715,652.00
7.292354,907.1208,557.00
7.292354,907.1702,655.00
7.292354,907.2195,613.00
7.292354,907.2688,629.00
7.292354,907.3181,626.00
7.292354,907.3674,622.00
7.292354,907.4167,607.00
7.292354,907.4660,628.00
7.292354,907.5153,584.00
7.292354,907.5646,655.00
7.292354,907.6139,607.00
7.292354,907.6631,673.00
7.292354,907.7125,620.00
7.292354,907.7617,628.00
7.292354,907.8110,599.00
7.292354,907.8602,621.00
7.292354,907.9094,594.00
7.292354,907.9587,634.00
7.292354,908.0080,558.00
7.292354,908.0572,665.00
7.292354,908.1064,614.00
7.292354,908.1556,649.00
7.292354,908.2048,621.00
7.292354,908.2541,603.00
7.292354,908.3033,630.00
7.292354,908.3524,631.00
7.292354,908.4017,562.00
7.292354,908.4508,660.00
7.292354,908.5000,597.00
7.292354,908.5493,625.00
7.292354,908.5984,601.00
7.292354,908.6475,619.00
7.292354,908.6967,564.00
7.292354,908.7459,602.00
7.292354,908.7950,576.00
7.292354,908.8442,636.00
7.292354,908.8932,573.00
7.292354,908.9424,642.00
7.292354,908.9916,585.00
7.292354,909.0407,650.00
7.292354,909.0898,668.00
7.292354,909.1389,660.00
7.292354,909.1880,595.00
7.292354,909.2372,660.00
7.292354,909.2863,583.00
7.292354,909.3354,650.00
7.292354,909.3845,592.00
7.292354,909.4335,637.00
7.292354,909.4825,622.00
7.292354,909.5317,593.00
7.292354,909.5807,593.00
7.292354,909.6298,632.00
7.292354,909.6789,566.00
7.292354,909.7280,637.00
7.292354,909.7770,594.00
7.292354,909.8260,636.00
7.292354,909.8751,612.00
7.292354,909.9241,643.00
7.292354,909.9731,620.00
7.292354,910.0222,633.00
7.292354,910.0711,606.00
7.292354,910.1201,644.00
7.292354,910.1691,569.00
7.292354,910.2181,622.00
7.292354,910.2672,626.00
7.292354,910.3162,627.00
7.292354,910.3651,628.00
7.292354,910.4141,626.00
7.292354,910.4631,615.00
7.292354,910.5120,621.00
7.292354,910.5610,571.00
7.292354,910.6099,630.00
7.292354,910.6589,623.00
7.292354,910.7078,645.00
7.292354,910.7568,616.00
7.292354,910.8057,647.00
7.292354,910.8546,641.00
7.292354,910.9036,653.00
7.292354,910.9525,602.00
7.292354,911.0013,654.00
7.292354,911.0503,631.00
7.292354,911.0992,654.00
7.292354,911.1481,630.00
7.292354,911.1970,663.00
7.292354,911.2459,631.00
7.292354,911.2948,655.00
7.292354,911.3436,609.00
7.292354,911.3925,613.00
7.292354,911.4414,609.00
7.292354,911.4902,667.00
7.292354,911.5391,643.00
7.292354,911.5880,630.00
7.292354,911.6368,606.00
7.292354,911.6857,610.00
7.292354,911.7344,593.00
7.292354,911.7833,669.00
7.292354,911.8321,589.00
7.292354,911.8809,675.00
7.292354,911.9297,595.00
7.292354,911.9785,658.00
7.292354,912.0273,674.00
7.292354,912.0762,624.00
7.292354,912.1249,641.00
7.292354,912.1737,643.00
7.292354,912.2225,603.00
7.292354,912.2712,659.00
7.292354,912.3201,654.00
7.292354,912.3688,670.00
7.292354,912.4176,617.00
7.292354,912.4663,645.00
7.292354,912.5150,601.00
7.292354,912.5638,649.00
7.292354,912.6125,597.00
7.292354,912.6613,668.00
7.292354,912.7100,602.00
7.292354,912.7587,646.00
7.292354,912.8074,648.00
7.292354,912.8561,664.00
7.292354,912.9048,672.00
7.292354,912.9535,657.00
7.292354,913.0023,641.00
7.292354,913.0510,640.00
7.292354,913.0996,622.00
7.292354,913.1483,672.00
7.292354,913.1969,624.00
7.292354,913.2456,642.00
7.292354,913.2943,708.00
7.292354,913.3430,641.00
7.292354,913.3916,646.00
7.292354,913.4402,626.00
7.292354,913.4888,633.00
7.292354,913.5375,688.00
7.292354,913.5862,620.00
7.292354,913.6348,675.00
7.292354,913.6834,679.00
7.292354,913.7320,686.00
7.292354,913.7806,668.00
7.292354,913.8292,680.00
7.292354,913.8778,611.00
7.292354,913.9264,669.00
7.292354,913.9750,633.00
7.292354,914.0236,682.00
7.292354,914.0721,658.00
7.292354,914.1207,695.00
7.292354,914.1693,636.00
7.292354,914.2178,682.00
7.292354,914.2664,655.00
7.292354,914.3149,663.00
7.292354,914.3635,631.00
7.292354,914.4120,662.00
7.292354,914.4606,651.00
7.292354,914.5090,697.00
7.292354,914.5576,671.00
7.292354,914.6061,665.00
7.292354,914.6546,657.00
7.292354,914.7031,661.00
7.292354,914.7516,632.00
7.292354,914.8001,693.00
7.292354,914.8486,604.00
7.292354,914.8971,696.00
7.292354,914.9456,654.00
7.292354,914.9941,694.00
7.292354,915.0425,654.00
7.292354,915.0910,654.00
7.292354,915.1395,636.00
7.292354,915.1879,705.00
7.292354,915.2363,637.00
7.292354,915.2849,707.00
7.292354,915.3333,671.00
7.292354,915.3817,696.00
7.292354,915.4301,670.00
7.292354,915.4785,658.00
7.292354,915.5269,615.00
7.292354,915.5754,653.00
7.292354,915.6237,642.00
7.292354,915.6721,685.00
7.292354,915.7205,639.00
7.292354,915.7689,709.00
7.292354,915.8173,658.00
7.292354,915.8657,687.00
7.292354,915.9141,642.00
7.292354,915.9623,695.00
7.292354,916.0107,636.00
7.292354,916.0591,717.00
7.292354,916.1075,617.00
7.292354,916.1558,675.00
7.292354,916.2042,645.00
7.292354,916.2524,672.00
7.292354,916.3008,656.00
7.292354,916.3491,684.00
7.292354,916.3974,613.00
7.292354,916.4457,682.00
7.292354,916.4940,602.00
7.292354,916.5423,698.00
7.292354,916.5907,648.00
7.292354,916.6390,660.00
7.292354,916.6872,671.00
7.292354,916.7355,633.00
7.292354,916.7838,617.00
7.292354,916.8320,688.00
7.292354,916.8803,624.00
7.292354,916.9286,715.00
7.292354,916.9768,600.00
7.292354,917.0250,662.00
7.292354,917.0733,660.00
7.292354,917.1216,652.00
7.292354,917.1698,609.00
7.292354,917.2180,656.00
7.292354,917.2662,599.00
7.292354,917.3145,670.00
7.292354,917.3626,636.00
7.292354,917.4109,686.00
7.292354,917.4590,614.00
7.292354,917.5072,677.00
7.292354,917.5554,637.00
7.292354,917.6036,664.00
7.292354,917.6518,625.00
7.292354,917.7000,689.00
7.292354,917.7481,622.00
7.292354,917.7963,666.00
7.292354,917.8444,618.00
7.292354,917.8926,688.00
7.292354,917.9407,662.00
7.292354,917.9888,665.00
7.292354,918.0369,603.00
7.292354,918.0851,665.00
7.292354,918.1332,616.00
7.292354,918.1813,667.00
7.292354,918.2294,604.00
7.292354,918.2776,691.00
7.292354,918.3257,644.00
7.292354,918.3737,652.00
7.292354,918.4218,635.00
7.292354,918.4699,678.00
7.292354,918.5180,603.00
7.292354,918.5660,678.00
7.292354,918.6142,616.00
7.292354,918.6622,665.00
7.292354,918.7103,639.00
7.292354,918.7583,639.00
7.292354,918.8064,653.00
7.292354,918.8544,656.00
7.292354,918.9025,656.00
7.292354,918.9505,709.00
7.292354,918.9985,595.00
7.292354,919.0464,696.00
7.292354,919.0945,648.00
7.292354,919.1426,684.00
7.292354,919.1905,670.00
7.292354,919.2385,663.00
7.292354,919.2866,634.00
7.292354,919.3345,672.00
7.292354,919.3825,632.00
7.292354,919.4304,683.00
7.292354,919.4785,639.00
7.292354,919.5264,685.00
7.292354,919.5744,664.00
7.292354,919.6224,642.00
7.292354,919.6703,653.00
7.292354,919.7182,665.00
7.292354,919.7661,630.00
7.292354,919.8141,700.00
7.292354,919.8620,651.00
7.292354,919.9100,684.00
7.292354,919.9578,636.00
7.292354,920.0057,707.00
7.292354,920.0536,640.00
7.292354,920.1016,663.00
7.292354,920.1495,650.00
7.292354,920.1973,644.00
7.292354,920.2452,573.00
7.292354,920.2932,676.00
7.292354,920.3410,633.00
7.292354,920.3888,665.00
7.292354,920.4367,640.00
7.292354,920.4846,638.00
7.292354,920.5323,612.00
7.292354,920.5803,614.00
7.292354,920.6281,596.00
7.292354,920.6759,690.00
7.292354,920.7237,647.00
7.292354,920.7715,670.00
7.292354,920.8195,643.00
7.292354,920.8672,646.00
7.292354,920.9150,621.00
7.292354,920.9628,645.00
7.292354,921.0106,567.00
7.292354,921.0584,679.00
7.292354,921.1062,599.00
7.292354,921.1540,688.00
7.292354,921.2017,602.00
7.292354,921.2495,651.00
7.292354,921.2973,629.00
7.292354,921.3450,625.00
7.292354,921.3928,574.00
7.292354,921.4405,651.00
7.292354,921.4882,579.00
7.292354,921.5359,656.00
7.292354,921.5837,642.00
7.292354,921.6315,693.00
7.292354,921.6791,629.00
7.292354,921.7269,625.00
7.292354,921.7746,614.00
7.292354,921.8223,585.00
7.292354,921.8700,610.00
7.292354,921.9177,650.00
7.292354,921.9653,604.00
7.292354,922.0130,637.00
7.292354,922.0607,630.00
7.292354,922.1084,613.00
7.292354,922.1561,625.00
7.292354,922.2037,664.00
7.292354,922.2513,634.00
7.292354,922.2990,663.00
7.292354,922.3467,598.00
7.292354,922.3943,648.00
7.292354,922.4419,610.00
7.292354,922.4895,657.00
7.292354,922.5371,609.00
7.292354,922.5848,657.00
7.292354,922.6324,642.00
7.292354,922.6800,645.00
7.292354,922.7276,590.00
7.292354,922.7752,652.00
7.292354,922.8228,636.00
7.292354,922.8704,667.00
7.292354,922.9179,616.00
7.292354,922.9655,663.00
7.292354,923.0130,618.00
7.292354,923.0607,672.00
7.292354,923.1082,595.00
7.292354,923.1558,682.00
7.292354,923.2032,627.00
7.292354,923.2508,649.00
7.292354,923.2983,656.00
7.292354,923.3459,661.00
7.292354,923.3934,661.00
7.292354,923.4409,665.00
7.292354,923.4884,622.00
7.292354,923.5359,680.00
7.292354,923.5834,602.00
7.292354,923.6309,648.00
7.292354,923.6784,632.00
7.292354,923.7259,679.00
7.292354,923.7734,644.00
7.292354,923.8209,633.00
7.292354,923.8683,598.00
7.292354,923.9158,674.00
7.292354,923.9632,627.00
7.292354,924.0106,704.00
7.292354,924.0581,622.00
7.292354,924.1056,663.00
7.292354,924.1530,639.00
7.292354,924.2004,651.00
7.292354,924.2479,612.00
7.292354,924.2952,625.00
7.292354,924.3427,601.00
7.292354,924.3901,673.00
7.292354,924.4375,607.00
7.292354,924.4849,682.00
7.292354,924.5323,640.00
7.292354,924.5797,654.00
7.292354,924.6270,652.00
7.292354,924.6744,673.00
7.292354,924.7218,611.00
7.292354,924.7692,670.00
7.292354,924.8165,591.00
7.292354,924.8639,678.00
7.292354,924.9112,658.00
7.292354,924.9585,665.00
7.292354,925.0059,669.00
7.292354,925.0532,657.00
7.292354,925.1005,607.00
7.292354,925.1478,679.00
7.292354,925.1952,596.00
7.292354,925.2424,646.00
7.292354,925.2897,620.00
7.292354,925.3370,705.00
7.292354,925.3843,641.00
7.292354,925.4316,670.00
7.292354,925.4789,601.00
7.292354,925.5262,684.00
7.292354,925.5734,626.00
7.292354,925.6207,694.00
7.292354,925.6680,629.00
7.292354,925.7153,678.00
7.292354,925.7625,666.00
7.292354,925.8097,653.00
7.292354,925.8569,653.00
7.292354,925.9042,682.00
7.292354,925.9514,615.00
7.292354,925.9987,661.00
7.292354,926.0458,636.00
7.292354,926.0930,684.00
7.292354,926.1403,653.00
7.292354,926.1874,689.00
7.292354,926.2346,674.00
7.292354,926.2819,694.00
7.292354,926.3290,624.00
7.292354,926.3762,670.00
7.292354,926.4233,596.00
7.292354,926.4705,709.00
7.292354,926.5177,663.00
7.292354,926.5648,714.00
7.292354,926.6120,687.00
7.292354,926.6591,688.00
7.292354,926.7063,662.00
7.292354,926.7534,675.00
7.292354,926.8005,623.00
7.292354,926.8477,691.00
7.292354,926.8947,648.00
7.292354,926.9418,683.00
7.292354,926.9890,701.00
7.292354,927.0361,683.00
7.292354,927.0831,653.00
7.292354,927.1302,704.00
7.292354,927.1773,651.00
7.292354,927.2244,730.00
7.292354,927.2715,657.00
7.292354,927.3185,704.00
7.292354,927.3656,654.00
7.292354,927.4126,703.00
7.292354,927.4597,697.00
7.292354,927.5067,694.00
7.292354,927.5538,662.00
7.292354,927.6008,689.00
7.292354,927.6478,665.00
7.292354,927.6949,716.00
7.292354,927.7419,671.00
7.292354,927.7888,687.00
7.292354,927.8358,700.00
7.292354,927.8829,710.00
7.292354,927.9299,644.00
7.292354,927.9769,715.00
7.292354,928.0239,645.00
7.292354,928.0708,700.00
7.292354,928.1177,645.00
7.292354,928.1648,690.00
7.292354,928.2117,663.00
7.292354,928.2587,688.00
7.292354,928.3056,650.00
7.292354,928.3525,680.00
7.292354,928.3995,651.00
7.292354,928.4465,721.00
7.292354,928.4934,662.00
7.292354,928.5402,679.00
7.292354,928.5872,674.00
7.292354,928.6340,723.00
7.292354,928.6810,668.00
7.292354,928.7279,681.00
7.292354,928.7748,681.00
7.292354,928.8217,677.00
7.292354,928.8685,643.00
7.292354,928.9155,686.00
7.292354,928.9623,620.00
7.292354,929.0092,688.00
7.292354,929.0560,632.00
7.292354,929.1028,683.00
7.292354,929.1498,653.00
7.292354,929.1965,684.00
7.292354,929.2434,700.00
7.292354,929.2902,690.00
7.292354,929.3370,635.00
7.292354,929.3839,692.00
7.292354,929.4307,680.00
7.292354,929.4775,680.00
7.292354,929.5243,657.00
7.292354,929.5710,695.00
7.292354,929.6179,648.00
7.292354,929.6647,686.00
7.292354,929.7115,620.00
7.292354,929.7582,672.00
7.292354,929.8050,629.00
7.292354,929.8517,722.00
7.292354,929.8986,657.00
7.292354,929.9453,664.00
7.292354,929.9921,670.00
7.292354,930.0388,708.00
7.292354,930.0854,629.00
7.292354,930.1323,684.00
7.292354,930.1790,634.00
7.292354,930.2256,687.00
7.292354,930.2724,684.00
7.292354,930.3191,672.00
7.292354,930.3658,636.00
7.292354,930.4125,703.00
7.292354,930.4592,605.00
7.292354,930.5059,696.00
7.292354,930.5526,642.00
7.292354,930.5993,668.00
7.292354,930.6459,659.00
7.292354,930.6926,684.00
7.292354,930.7392,660.00
7.292354,930.7859,675.00
7.292354,930.8325,636.00
7.292354,930.8792,661.00
7.292354,930.9258,646.00
7.292354,930.9725,698.00
7.292354,931.0190,663.00
7.292354,931.0657,682.00
7.292354,931.1123,674.00
7.292354,931.1589,665.00
7.292354,931.2055,641.00
7.292354,931.2521,657.00
7.292354,931.2987,635.00
7.292354,931.3453,669.00
7.292354,931.3919,620.00
7.292354,931.4385,700.00
7.292354,931.4850,682.00
7.292354,931.5316,679.00
7.292354,931.5782,642.00
7.292354,931.6248,658.00
7.292354,931.6713,636.00
7.292354,931.7178,721.00
7.292354,931.7643,631.00
7.292354,931.8109,691.00
7.292354,931.8574,651.00
7.292354,931.9039,678.00
7.292354,931.9504,678.00
7.292354,931.9969,701.00
7.292354,932.0435,637.00
7.292354,932.0900,695.00
7.292354,932.1365,635.00
7.292354,932.1829,701.00
7.292354,932.2294,660.00
7.292354,932.2759,712.00
7.292354,932.3223,657.00
7.292354,932.3688,639.00
7.292354,932.4153,662.00
7.292354,932.4617,728.00
7.292354,932.5082,668.00
7.292354,932.5546,732.00
7.292354,932.6011,693.00
7.292354,932.6475,723.00
7.292354,932.6939,724.00
7.292354,932.7402,720.00
7.292354,932.7867,654.00
7.292354,932.8331,688.00
7.292354,932.8795,637.00
7.292354,932.9259,734.00
7.292354,932.9723,674.00
7.292354,933.0187,749.00
7.292354,933.0651,720.00
7.292354,933.1115,722.00
7.292354,933.1578,737.00
7.292354,933.2042,751.00
7.292354,933.2505,748.00
7.292354,933.2969,884.00
7.292354,933.3433,1027.00
7.292354,933.3896,1272.00
7.292354,933.4359,1393.00
7.292354,933.4822,1378.00
7.292354,933.5286,1416.00
7.292354,933.5749,1701.00
7.292354,933.6212,2326.00
7.292354,933.6675,3976.00
7.292354,933.7138,5459.00
7.292354,933.7601,4786.00
7.292354,933.8064,2778.00
7.292354,933.8527,1591.00
7.292354,933.8989,1330.00
7.292354,933.9452,1491.00
7.292354,933.9915,1641.00
7.292354,934.0378,1951.00
7.292354,934.0840,2465.00
7.292354,934.1302,2855.00
7.292354,934.1765,2743.00
7.292354,934.2227,3448.00
7.292354,934.2690,5229.00
7.292354,934.3152,7346.00
7.292354,934.3614,6919.00
7.292354,934.4077,4255.00
7.292354,934.4539,2074.00
7.292354,934.5001,1282.00
7.292354,934.5463,863.00
7.292354,934.5925,823.00
7.292354,934.6387,763.00
7.292354,934.6848,767.00
7.292354,934.7310,709.00
7.292354,934.7772,751.00
7.292354,934.8234,705.00
7.292354,934.8695,751.00
7.292354,934.9156,743.00
7.292354,934.9619,834.00
7.292354,935.0080,761.00
7.292354,935.0541,742.00
7.292354,935.1002,713.00
7.292354,935.1464,701.00
7.292354,935.1925,655.00
7.292354,935.2386,718.00
7.292354,935.2847,673.00
7.292354,935.3308,742.00
7.292354,935.3769,664.00
7.292354,935.4230,745.00
7.292354,935.4691,691.00
7.292354,935.5152,714.00
7.292354,935.5613,687.00
7.292354,935.6073,710.00
7.292354,935.6534,642.00
7.292354,935.6995,699.00
7.292354,935.7455,641.00
7.292354,935.7916,727.00
7.292354,935.8376,665.00
7.292354,935.8837,725.00
7.292354,935.9297,675.00
7.292354,935.9757,664.00
7.292354,936.0217,637.00
7.292354,936.0677,678.00
7.292354,936.1137,620.00
7.292354,936.1598,691.00
7.292354,936.2057,638.00
7.292354,936.2518,680.00
7.292354,936.2977,659.00
7.292354,936.3437,678.00
7.292354,936.3896,617.00
7.292354,936.4357,651.00
7.292354,936.4816,598.00
7.292354,936.5275,721.00
7.292354,936.5735,649.00
7.292354,936.6194,686.00
7.292354,936.6654,671.00
7.292354,936.7114,647.00
7.292354,936.7573,608.00
7.292354,936.8032,630.00
7.292354,936.8491,581.00
7.292354,936.8950,683.00
7.292354,936.9409,583.00
7.292354,936.9868,682.00
7.292354,937.0327,615.00
7.292354,937.0786,690.00
7.292354,937.1245,643.00
7.292354,937.1704,649.00
7.292354,937.2162,619.00
7.292354,937.2621,671.00
7.292354,937.3080,607.00
7.292354,937.3539,679.00
7.292354,937.3997,622.00
7.292354,937.4455,679.00
7.292354,937.4913,639.00
7.292354,937.5372,663.00
7.292354,937.5831,609.00
7.292354,937.6289,623.00
7.292354,937.6747,621.00
7.292354,937.7205,693.00
7.292354,937.7663,589.00
7.292354,937.8121,690.00
7.292354,937.8579,617.00
7.292354,937.9037,644.00
7.292354,937.9495,638.00
7.292354,937.9952,660.00
7.292354,938.0410,599.00
7.292354,938.0868,662.00
7.292354,938.1325,586.00
7.292354,938.1783,669.00
7.292354,938.2240,614.00
7.292354,938.2698,671.00
7.292354,938.3155,613.00
7.292354,938.3613,647.00
7.292354,938.4069,594.00
7.292354,938.4527,647.00
7.292354,938.4984,627.00
7.292354,938.5441,686.00
7.292354,938.5898,629.00
7.292354,938.6356,691.00
7.292354,938.6812,617.00
7.292354,938.7269,663.00
7.292354,938.7726,613.00
7.292354,938.8182,660.00
7.292354,938.8640,623.00
7.292354,938.9096,646.00
7.292354,938.9552,615.00
7.292354,939.0010,658.00
7.292354,939.0466,668.00
7.292354,939.0922,675.00
7.292354,939.1378,677.00
7.292354,939.1835,689.00
7.292354,939.2291,611.00
7.292354,939.2747,666.00
7.292354,939.3203,635.00
7.292354,939.3659,702.00
7.292354,939.4115,666.00
7.292354,939.4570,693.00
7.292354,939.5027,719.00
7.292354,939.5483,675.00
7.292354,939.5939,621.00
7.292354,939.6395,687.00
7.292354,939.6851,648.00
7.292354,939.7306,701.00
7.292354,939.7761,665.00
7.292354,939.8217,714.00
7.292354,939.8672,679.00
7.292354,939.9127,696.00
7.292354,939.9583,656.00
7.292354,940.0038,706.00
7.292354,940.0493,641.00
7.292354,940.0948,743.00
7.292354,940.1403,620.00
7.292354,940.1859,726.00
7.292354,940.2314,663.00
7.292354,940.2769,720.00
7.292354,940.3223,665.00
7.292354,940.3678,698.00
7.292354,940.4133,663.00
7.292354,940.4588,701.00
7.292354,940.5042,678.00
7.292354,940.5497,738.00
7.292354,940.5952,643.00
7.292354,940.6406,711.00
7.292354,940.6860,684.00
7.292354,940.7315,691.00
7.292354,940.7769,685.00
7.292354,940.8223,705.00
7.292354,940.8677,653.00
7.292354,940.9132,714.00
7.292354,940.9586,645.00
7.292354,941.0040,710.00
7.292354,941.0494,686.00
7.292354,941.0948,696.00
7.292354,941.1402,665.00
7.292354,941.1855,700.00
7.292354,941.2310,635.00
7.292354,941.2762,715.00
7.292354,941.3216,636.00
7.292354,941.3670,730.00
7.292354,941.4124,664.00
7.292354,941.4577,699.00
7.292354,941.5031,659.00
7.292354,941.5483,674.00
7.292354,941.5937,661.00
7.292354,941.6390,718.00
7.292354,941.6843,649.00
7.292354,941.7296,703.00
7.292354,941.7749,621.00
7.292354,941.8203,662.00
7.292354,941.8655,677.00
7.292354,941.9108,684.00
7.292354,941.9561,655.00
7.292354,942.0013,692.00
7.292354,942.0467,651.00
7.292354,942.0920,710.00
7.292354,942.1372,696.00
7.292354,942.1824,693.00
7.292354,942.2277,660.00
7.292354,942.2729,689.00
7.292354,942.3182,643.00
7.292354,942.3634,698.00
7.292354,942.4086,652.00
7.292354,942.4539,676.00
7.292354,942.4990,650.00
7.292354,942.5443,697.00
7.292354,942.5895,673.00
7.292354,942.6347,710.00
7.292354,942.6798,644.00
7.292354,942.7250,661.00
7.292354,942.7702,664.00
7.292354,942.8154,708.00
7.292354,942.8606,637.00
7.292354,942.9058,702.00
7.292354,942.9508,646.00
7.292354,942.9960,678.00
7.292354,943.0412,656.00
7.292354,943.0864,678.00
7.292354,943.1314,655.00
7.292354,943.1766,709.00
7.292354,943.2217,653.00
7.292354,943.2668,698.00
7.292354,943.3120,649.00
7.292354,943.3571,729.00
7.292354,943.4021,674.00
7.292354,943.4473,708.00
7.292354,943.4923,671.00
7.292354,943.5374,670.00
7.292354,943.5825,674.00
7.292354,943.6276,683.00
7.292354,943.6725,622.00
7.292354,943.7177,683.00
7.292354,943.7627,677.00
7.292354,943.8078,675.00
7.292354,943.8528,671.00
7.292354,943.8978,681.00
7.292354,943.9429,645.00
7.292354,943.9879,708.00
7.292354,944.0330,669.00
7.292354,944.0779,703.00
7.292354,944.1229,650.00
7.292354,944.1679,702.00
7.292354,944.2130,696.00
7.292354,944.2579,710.00
7.292354,944.3029,663.00
7.292354,944.3478,691.00
7.292354,944.3929,631.00
7.292354,944.4379,714.00
7.292354,944.4828,661.00
7.292354,944.5277,715.00
7.292354,944.5727,657.00
7.292354,944.6176,691.00
7.292354,944.6626,667.00
7.292354,944.7076,674.00
7.292354,944.7524,625.00
7.292354,944.7974,702.00
7.292354,944.8423,667.00
7.292354,944.8872,707.00
7.292354,944.9321,673.00
7.292354,944.9770,716.00
7.292354,945.0219,679.00
7.292354,945.0667,713.00
7.292354,945.1116,657.00
7.292354,945.1566,660.00
7.292354,945.2014,644.00
7.292354,945.2463,711.00
7.292354,945.2911,642.00
7.292354,945.3360,732.00
7.292354,945.3808,686.00
7.292354,945.4257,702.00
7.292354,945.4705,669.00
7.292354,945.5153,687.00
7.292354,945.5601,628.00
7.292354,945.6050,745.00
7.292354,945.6498,655.00
7.292354,945.6946,668.00
7.292354,945.7394,677.00
7.292354,945.7842,674.00
7.292354,945.8290,654.00
7.292354,945.8738,709.00
7.292354,945.9186,648.00
7.292354,945.9633,688.00
7.292354,946.0081,651.00
7.292354,946.0529,715.00
7.292354,946.0976,666.00
7.292354,946.1423,672.00
7.292354,946.1871,658.00
7.292354,946.2318,713.00
7.292354,946.2766,613.00
7.292354,946.3213,703.00
7.292354,946.3660,634.00
7.292354,946.4107,683.00
7.292354,946.4554,622.00
7.292354,946.5001,702.00
7.292354,946.5449,661.00
7.292354,946.5895,675.00
7.292354,946.6342,687.00
7.292354,946.6789,691.00
7.292354,946.7236,655.00
7.292354,946.7682,670.00
7.292354,946.8129,641.00
7.292354,946.8575,735.00
7.292354,946.9022,657.00
7.292354,946.9468,709.00
7.292354,946.9915,669.00
7.292354,947.0361,692.00
7.292354,947.0807,633.00
7.292354,947.1253,688.00
7.292354,947.1700,626.00
7.292354,947.2146,688.00
7.292354,947.2592,642.00
7.292354,947.3038,694.00
7.292354,947.3483,672.00
7.292354,947.3929,681.00
7.292354,947.4376,610.00
7.292354,947.4821,687.00
7.292354,947.5267,613.00
7.292354,947.5712,694.00
7.292354,947.6158,678.00
7.292354,947.6604,689.00
7.292354,947.7050,659.00
7.292354,947.7495,674.00
7.292354,947.7939,637.00
7.292354,947.8385,683.00
7.292354,947.8831,600.00
7.292354,947.9276,675.00
7.292354,947.9720,629.00
7.292354,948.0166,662.00
7.292354,948.0611,631.00
7.292354,948.1056,658.00
7.292354,948.1501,621.00
7.292354,948.1945,634.00
7.292354,948.2390,629.00
7.292354,948.2835,671.00
7.292354,948.3279,607.00
7.292354,948.3724,676.00
7.292354,948.4169,643.00
7.292354,948.4613,692.00
7.292354,948.5057,631.00
7.292354,948.5502,643.00
7.292354,948.5947,606.00
7.292354,948.6391,675.00
7.292354,948.6835,634.00
7.292354,948.7279,687.00
7.292354,948.7723,663.00
7.292354,948.8167,659.00
7.292354,948.8611,645.00
7.292354,948.9055,629.00
7.292354,948.9498,621.00
7.292354,948.9943,641.00
7.292354,949.0387,643.00
7.292354,949.0830,680.00
7.292354,949.1273,620.00
7.292354,949.1718,682.00
7.292354,949.2161,620.00
7.292354,949.2604,649.00
7.292354,949.3047,642.00
7.292354,949.3491,646.00
7.292354,949.3934,615.00
7.292354,949.4377,652.00
7.292354,949.4821,584.00
7.292354,949.5264,711.00
7.292354,949.5707,665.00
7.292354,949.6150,679.00
7.292354,949.6592,642.00
7.292354,949.7036,654.00
7.292354,949.7479,635.00
7.292354,949.7921,698.00
7.292354,949.8363,625.00
7.292354,949.8806,677.00
7.292354,949.9249,669.00
7.292354,949.9692,695.00
7.292354,950.0134,637.00
7.292354,950.0576,678.00
7.292354,950.1019,654.00
7.292354,950.1461,690.00
7.292354,950.1903,631.00
7.292354,950.2346,706.00
7.292354,950.2787,651.00
7.292354,950.3229,677.00
7.292354,950.3671,637.00
7.292354,950.4114,673.00
7.292354,950.4555,669.00
7.292354,950.4997,683.00
7.292354,950.5439,646.00
7.292354,950.5880,732.00
7.292354,950.6322,618.00
7.292354,950.6763,692.00
7.292354,950.7205,663.00
7.292354,950.7646,675.00
7.292354,950.8088,652.00
7.292354,950.8530,665.00
7.292354,950.8971,664.00
7.292354,950.9412,657.00
7.292354,950.9853,607.00
7.292354,951.0294,696.00
7.292354,951.0735,646.00
7.292354,951.1177,696.00
7.292354,951.1617,686.00
7.292354,951.2057,675.00
7.292354,951.2499,678.00
7.292354,951.2939,693.00
7.292354,951.3380,644.00
7.292354,951.3821,665.00
7.292354,951.4261,623.00
7.292354,951.4702,701.00
7.292354,951.5142,668.00
7.292354,951.5582,674.00
7.292354,951.6024,658.00
7.292354,951.6464,709.00
7.292354,951.6904,664.00
7.292354,951.7344,686.00
7.292354,951.7784,627.00
7.292354,951.8224,693.00
7.292354,951.8665,616.00
7.292354,951.9104,682.00
7.292354,951.9544,653.00
7.292354,951.9984,647.00
7.292354,952.0424,656.00
7.292354,952.0864,684.00
7.292354,952.1303,613.00
7.292354,952.1743,726.00
7.292354,952.2183,649.00
7.292354,952.2621,696.00
7.292354,952.3061,680.00
7.292354,952.3500,696.00
7.292354,952.3940,633.00
7.292354,952.4379,658.00
7.292354,952.4818,610.00
7.292354,952.5258,706.00
7.292354,952.5696,668.00
7.292354,952.6136,722.00
7.292354,952.6574,637.00
7.292354,952.7014,683.00
7.292354,952.7452,649.00
7.292354,952.7891,678.00
7.292354,952.8330,637.00
7.292354,952.8768,694.00
7.292354,952.9207,647.00
7.292354,952.9645,728.00
7.292354,953.0084,633.00
7.292354,953.0522,694.00
7.292354,953.0961,673.00
7.292354,953.1400,657.00
7.292354,953.1838,630.00
7.292354,953.2275,682.00
7.292354,953.2714,621.00
7.292354,953.3152,710.00
7.292354,953.3589,670.00
7.292354,953.4028,705.00
7.292354,953.4466,677.00
7.292354,953.4904,668.00
7.292354,953.5341,661.00
7.292354,953.5779,647.00
7.292354,953.6217,628.00
7.292354,953.6654,676.00
7.292354,953.7092,584.00
7.292354,953.7529,692.00
7.292354,953.7967,621.00
7.292354,953.8405,680.00
7.292354,953.8842,646.00
7.292354,953.9279,638.00
7.292354,953.9716,636.00
7.292354,954.0153,658.00
7.292354,954.0590,618.00
7.292354,954.1027,655.00
7.292354,954.1464,643.00
7.292354,954.1901,668.00
7.292354,954.2338,647.00
7.292354,954.2774,687.00
7.292354,954.3212,643.00
7.292354,954.3648,659.00
7.292354,954.4084,600.00
7.292354,954.4521,669.00
7.292354,954.4958,623.00
7.292354,954.5394,649.00
7.292354,954.5831,679.00
7.292354,954.6267,678.00
7.292354,954.6703,664.00
7.292354,954.7139,635.00
7.292354,954.7576,618.00
7.292354,954.8012,675.00
7.292354,954.8448,613.00
7.292354,954.8884,660.00
7.292354,954.9319,623.00
7.292354,954.9755,671.00
7.292354,955.0191,647.00
7.292354,955.0627,608.00
7.292354,955.1063,602.00
7.292354,955.1498,625.00
7.292354,955.1934,575.00
7.292354,955.2369,655.00
7.292354,955.2805,600.00
7.292354,955.3240,647.00
7.292354,955.3675,656.00
7.292354,955.4111,645.00
7.292354,955.4546,607.00
7.292354,955.4981,678.00
7.292354,955.5416,609.00
7.292354,955.5851,666.00
7.292354,955.6285,606.00
7.292354,955.6722,671.00
7.292354,955.7156,619.00
7.292354,955.7590,636.00
7.292354,955.8025,645.00
7.292354,955.8460,657.00
7.292354,955.8895,583.00
7.292354,955.9329,661.00
7.292354,955.9764,624.00
7.292354,956.0198,668.00
7.292354,956.0632,646.00
7.292354,956.1067,689.00
7.292354,956.1501,664.00
7.292354,956.1935,658.00
7.292354,956.2369,614.00
7.292354,956.2803,643.00
7.292354,956.3238,588.00
7.292354,956.3671,666.00
7.292354,956.4105,635.00
7.292354,956.4539,665.00
7.292354,956.4973,651.00
7.292354,956.5406,606.00
7.292354,956.5841,639.00
7.292354,956.6274,633.00
7.292354,956.6707,610.00
7.292354,956.7141,685.00
7.292354,956.7575,633.00
7.292354,956.8008,661.00
7.292354,956.8442,636.00
7.292354,956.8875,651.00
7.292354,956.9308,638.00
7.292354,956.9741,652.00
7.292354,957.0174,640.00
7.292354,957.0607,698.00
7.292354,957.1040,607.00
7.292354,957.1473,683.00
7.292354,957.1906,604.00
7.292354,957.2339,668.00
7.292354,957.2772,633.00
7.292354,957.3204,671.00
7.292354,957.3636,619.00
7.292354,957.4069,662.00
7.292354,957.4502,610.00
7.292354,957.4934,682.00
7.292354,957.5366,641.00
7.292354,957.5799,677.00
7.292354,957.6230,643.00
7.292354,957.6664,657.00
7.292354,957.7095,623.00
7.292354,957.7527,664.00
7.292354,957.7959,630.00
7.292354,957.8392,649.00
7.292354,957.8823,656.00
7.292354,957.9255,703.00
7.292354,957.9687,644.00
7.292354,958.0118,675.00
7.292354,958.0551,632.00
7.292354,958.0983,704.00
7.292354,958.1414,641.00
7.292354,958.1845,688.00
7.292354,958.2277,625.00
7.292354,958.2708,692.00
7.292354,958.3139,640.00
7.292354,958.3571,688.00
7.292354,958.4001,666.00
7.292354,958.4432,682.00
7.292354,958.4864,644.00
7.292354,958.5295,676.00
7.292354,958.5726,650.00
7.292354,958.6157,679.00
7.292354,958.6588,641.00
7.292354,958.7018,696.00
7.292354,958.7449,620.00
7.292354,958.7879,689.00
7.292354,958.8311,647.00
7.292354,958.8741,674.00
7.292354,958.9171,618.00
7.292354,958.9601,680.00
7.292354,959.0032,652.00
7.292354,959.0463,699.00
7.292354,959.0893,645.00
7.292354,959.1323,659.00
7.292354,959.1752,654.00
7.292354,959.2183,698.00
7.292354,959.2613,643.00
7.292354,959.3043,662.00
7.292354,959.3472,617.00
7.292354,959.3903,685.00
7.292354,959.4332,635.00
7.292354,959.4763,649.00
7.292354,959.5192,631.00
7.292354,959.5621,636.00
7.292354,959.6051,638.00
7.292354,959.6480,673.00
7.292354,959.6910,580.00
7.292354,959.7339,651.00
7.292354,959.7768,600.00
7.292354,959.8198,641.00
7.292354,959.8627,612.00
7.292354,959.9056,664.00
7.292354,959.9485,609.00
7.292354,959.9915,642.00
7.292354,960.0343,562.00
7.292354,960.0771,660.00
7.292354,960.1201,618.00
7.292354,960.1630,656.00
7.292354,960.2058,643.00
7.292354,960.2487,611.00
7.292354,960.2915,600.00
7.292354,960.3344,629.00
7.292354,960.3773,566.00
7.292354,960.4200,667.00
7.292354,960.4629,589.00
7.292354,960.5057,684.00
7.292354,960.5485,604.00
7.292354,960.5914,637.00
7.292354,960.6342,639.00
7.292354,960.6770,606.00
7.292354,960.7198,610.00
7.292354,960.7626,602.00
7.292354,960.8054,596.00
7.292354,960.8481,627.00
7.292354,960.8909,619.00
7.292354,960.9337,677.00
7.292354,960.9764,597.00
7.292354,961.0192,642.00
7.292354,961.0620,587.00
7.292354,961.1047,617.00
7.292354,961.1475,592.00
7.292354,961.1902,662.00
7.292354,961.2329,599.00
7.292354,961.2757,637.00
7.292354,961.3184,650.00
7.292354,961.3611,600.00
7.292354,961.4037,631.00
7.292354,961.4465,629.00
7.292354,961.4892,600.00
7.292354,961.5319,651.00
7.292354,961.5745,560.00
7.292354,961.6172,665.00
7.292354,961.6599,612.00
7.292354,961.7026,658.00
7.292354,961.7452,633.00
7.292354,961.7878,630.00
7.292354,961.8304,614.00
7.292354,961.8731,638.00
7.292354,961.9157,609.00
7.292354,961.9584,650.00
7.292354,962.0010,605.00
7.292354,962.0436,639.00
7.292354,962.0862,617.00
7.292354,962.1288,670.00
7.292354,962.1714,605.00
7.292354,962.2140,610.00
7.292354,962.2565,563.00
7.292354,962.2991,636.00
7.292354,962.3417,585.00
7.292354,962.3843,632.00
7.292354,962.4268,635.00
7.292354,962.4694,635.00
7.292354,962.5119,614.00
7.292354,962.5545,658.00
7.292354,962.5970,600.00
7.292354,962.6396,653.00
7.292354,962.6821,595.00
7.292354,962.7246,697.00
7.292354,962.7671,619.00
7.292354,962.8096,672.00
7.292354,962.8522,608.00
7.292354,962.8947,599.00
7.292354,962.9371,612.00
7.292354,962.9796,617.00
7.292354,963.0222,600.00
7.292354,963.0646,656.00
7.292354,963.1070,569.00
7.292354,963.1495,636.00
7.292354,963.1919,598.00
7.292354,963.2344,634.00
7.292354,963.2768,604.00
7.292354,963.3193,672.00
7.292354,963.3616,600.00
7.292354,963.4041,669.00
7.292354,963.4465,597.00
7.292354,963.4889,666.00
7.292354,963.5314,632.00
7.292354,963.5737,620.00
7.292354,963.6161,610.00
7.292354,963.6585,610.00
7.292354,963.7009,569.00
7.292354,963.7433,628.00
7.292354,963.7856,594.00
7.292354,963.8280,671.00
7.292354,963.8704,603.00
7.292354,963.9127,650.00
7.292354,963.9551,608.00
7.292354,963.9974,627.00
7.292354,964.0397,627.00
7.292354,964.0820,655.00
7.292354,964.1244,597.00
7.292354,964.1667,680.00
7.292354,964.2090,591.00
7.292354,964.2513,649.00
7.292354,964.2936,613.00
7.292354,964.3359,670.00
7.292354,964.3782,598.00
7.292354,964.4205,637.00
7.292354,964.4627,582.00
7.292354,964.5050,650.00
7.292354,964.5472,599.00
7.292354,964.5895,665.00
7.292354,964.6317,622.00
7.292354,964.6740,649.00
7.292354,964.7162,635.00
7.292354,964.7585,637.00
7.292354,964.8007,592.00
7.292354,964.8429,615.00
7.292354,964.8851,596.00
7.292354,964.9273,651.00
7.292354,964.9695,578.00
7.292354,965.0118,652.00
7.292354,965.0539,621.00
7.292354,965.0961,628.00
7.292354,965.1382,639.00
7.292354,965.1805,659.00
7.292354,965.2226,578.00
7.292354,965.2648,650.00
7.292354,965.3069,600.00
7.292354,965.3491,643.00
7.292354,965.3912,607.00
7.292354,965.4333,647.00
7.292354,965.4755,589.00
7.292354,965.5176,628.00
7.292354,965.5598,579.00
7.292354,965.6019,681.00
7.292354,965.6439,569.00
7.292354,965.6861,620.00
7.292354,965.7281,574.00
7.292354,965.7702,591.00
7.292354,965.8123,594.00
7.292354,965.8543,620.00
7.292354,965.8964,566.00
7.292354,965.9385,639.00
7.292354,965.9806,605.00
7.292354,966.0226,657.00
7.292354,966.0647,592.00
7.292354,966.1068,617.00
7.292354,966.1487,613.00
7.292354,966.1907,606.00
7.292354,966.2328,612.00
7.292354,966.2748,646.00
7.292354,966.3168,598.00
7.292354,966.3588,612.00
7.292354,966.4008,589.00
7.292354,966.4427,640.00
7.292354,966.4848,575.00
7.292354,966.5268,623.00
7.292354,966.5688,622.00
7.292354,966.6107,604.00
7.292354,966.6526,592.00
7.292354,966.6946,657.00
7.292354,966.7366,585.00
7.292354,966.7785,649.00
7.292354,966.8204,594.00
7.292354,966.8624,658.00
7.292354,966.9042,630.00
7.292354,966.9462,624.00
7.292354,966.9881,596.00
7.292354,967.0300,639.00
7.292354,967.0719,579.00
7.292354,967.1138,649.00
7.292354,967.1556,602.00
7.292354,967.1976,664.00
7.292354,967.2394,607.00
7.292354,967.2813,623.00
7.292354,967.3232,612.00
7.292354,967.3651,669.00
7.292354,967.4070,564.00
7.292354,967.4488,665.00
7.292354,967.4906,609.00
7.292354,967.5324,688.00
7.292354,967.5743,652.00
7.292354,967.6161,660.00
7.292354,967.6579,622.00
7.292354,967.6997,658.00
7.292354,967.7415,592.00
7.292354,967.7833,652.00
7.292354,967.8251,588.00
7.292354,967.8669,677.00
7.292354,967.9087,605.00
7.292354,967.9504,638.00
7.292354,967.9922,620.00
7.292354,968.0339,626.00
7.292354,968.0757,582.00
7.292354,968.1174,656.00
7.292354,968.1592,569.00
7.292354,968.2009,634.00
7.292354,968.2427,575.00
7.292354,968.2844,629.00
7.292354,968.3262,676.00
7.292354,968.3679,622.00
7.292354,968.4095,627.00
7.292354,968.4512,639.00
7.292354,968.4930,602.00
7.292354,968.5347,670.00
7.292354,968.5763,645.00
7.292354,968.6180,677.00
7.292354,968.6597,579.00
7.292354,968.7014,653.00
7.292354,968.7430,613.00
7.292354,968.7846,654.00
7.292354,968.8263,562.00
7.292354,968.8679,653.00
7.292354,968.9095,590.00
7.292354,968.9512,664.00
7.292354,968.9928,651.00
7.292354,969.0344,635.00
7.292354,969.0761,616.00
7.292354,969.1177,631.00
7.292354,969.1592,588.00
7.292354,969.2009,643.00
7.292354,969.2424,597.00
7.292354,969.2839,678.00
7.292354,969.3255,617.00
7.292354,969.3672,648.00
7.292354,969.4087,627.00
7.292354,969.4503,650.00
7.292354,969.4918,577.00
7.292354,969.5333,608.00
7.292354,969.5749,574.00
7.292354,969.6165,643.00
7.292354,969.6580,599.00
7.292354,969.6995,642.00
7.292354,969.7410,620.00
7.292354,969.7825,631.00
7.292354,969.8240,611.00
7.292354,969.8655,625.00
7.292354,969.9070,593.00
7.292354,969.9484,678.00
7.292354,969.9899,579.00
7.292354,970.0314,627.00
7.292354,970.0728,596.00
7.292354,970.1143,616.00
7.292354,970.1558,629.00
7.292354,970.1971,633.00
7.292354,970.2386,553.00
7.292354,970.2801,634.00
7.292354,970.3215,586.00
7.292354,970.3629,640.00
7.292354,970.4044,570.00
7.292354,970.4457,656.00
7.292354,970.4872,619.00
7.292354,970.5286,605.00
7.292354,970.5699,612.00
7.292354,970.6113,627.00
7.292354,970.6527,576.00
7.292354,970.6941,639.00
7.292354,970.7354,590.00
7.292354,970.7768,606.00
7.292354,970.8182,569.00
7.292354,970.8595,630.00
7.292354,970.9009,589.00
7.292354,970.9422,605.00
7.292354,970.9835,573.00
7.292354,971.0248,628.00
7.292354,971.0662,561.00
7.292354,971.1075,622.00
7.292354,971.1487,578.00
7.292354,971.1901,624.00
7.292354,971.2314,584.00
7.292354,971.2727,590.00
7.292354,971.3140,567.00
7.292354,971.3552,597.00
7.292354,971.3965,548.00
7.292354,971.4377,632.00
7.292354,971.4789,595.00
7.292354,971.5203,603.00
7.292354,971.5615,602.00
7.292354,971.6027,608.00
7.292354,971.6439,570.00
7.292354,971.6852,621.00
7.292354,971.7264,593.00
7.292354,971.7676,615.00
7.292354,971.8088,584.00
7.292354,971.8500,599.00
7.292354,971.8912,588.00
7.292354,971.9324,622.00
7.292354,971.9736,611.00
7.292354,972.0148,612.00
7.292354,972.0560,597.00
7.292354,972.0972,650.00
7.292354,972.1384,581.00
7.292354,972.1794,639.00
7.292354,972.2206,588.00
7.292354,972.2617,582.00
7.292354,972.3029,581.00
7.292354,972.3439,596.00
7.292354,972.3851,577.00
7.292354,972.4262,576.00
7.292354,972.4673,517.00
7.292354,972.5085,628.00
7.292354,972.5496,570.00
7.292354,972.5907,612.00
7.292354,972.6317,590.00
7.292354,972.6729,578.00
7.292354,972.7139,538.00
7.292354,972.7549,621.00
7.292354,972.7961,548.00
7.292354,972.8371,581.00
7.292354,972.8781,575.00
7.292354,972.9191,639.00
7.292354,972.9602,604.00
7.292354,973.0013,622.00
7.292354,973.0423,594.00
7.292354,973.0833,589.00
7.292354,973.1243,537.00
7.292354,973.1653,604.00
7.292354,973.2064,541.00
7.292354,973.2473,647.00
7.292354,973.2883,576.00
7.292354,973.3293,602.00
7.292354,973.3703,554.00
7.292354,973.4113,618.00
7.292354,973.4522,565.00
7.292354,973.4931,618.00
7.292354,973.5341,557.00
7.292354,973.5750,619.00
7.292354,973.6160,565.00
7.292354,973.6570,648.00
7.292354,973.6978,621.00
7.292354,973.7388,620.00
7.292354,973.7797,589.00
7.292354,973.8206,604.00
7.292354,973.8615,562.00
7.292354,973.9024,606.00
7.292354,973.9433,578.00
7.292354,973.9842,630.00
7.292354,974.0250,580.00
7.292354,974.0660,625.00
7.292354,974.1068,607.00
7.292354,974.1476,629.00
7.292354,974.1885,567.00
7.292354,974.2294,620.00
7.292354,974.2702,570.00
7.292354,974.3110,617.00
7.292354,974.3519,612.00
7.292354,974.3927,639.00
7.292354,974.4335,612.00
7.292354,974.4743,617.00
7.292354,974.5151,600.00
7.292354,974.5559,646.00
7.292354,974.5967,565.00
7.292354,974.6375,682.00
7.292354,974.6783,602.00
7.292354,974.7191,650.00
7.292354,974.7598,593.00
7.292354,974.8006,644.00
7.292354,974.8413,613.00
7.292354,974.8821,611.00
7.292354,974.9229,597.00
7.292354,974.9636,636.00
7.292354,975.0043,590.00
7.292354,975.0450,638.00
7.292354,975.0858,617.00
7.292354,975.1265,652.00
7.292354,975.1672,636.00
7.292354,975.2079,657.00
7.292354,975.2485,603.00
7.292354,975.2892,674.00
7.292354,975.3300,638.00
7.292354,975.3706,670.00
7.292354,975.4113,648.00
7.292354,975.4519,697.00
7.292354,975.4926,635.00
7.292354,975.5333,641.00
7.292354,975.5739,575.00
7.292354,975.6146,648.00
7.292354,975.6552,612.00
7.292354,975.6958,661.00
7.292354,975.7363,612.00
7.292354,975.7770,641.00
7.292354,975.8176,634.00
7.292354,975.8582,666.00
7.292354,975.8989,622.00
7.292354,975.9395,628.00
7.292354,975.9800,630.00
7.292354,976.0206,665.00
7.292354,976.0611,609.00
7.292354,976.1017,663.00
7.292354,976.1423,632.00
7.292354,976.1829,653.00
7.292354,976.2234,632.00
7.292354,976.2639,610.00
7.292354,976.3044,589.00
7.292354,976.3450,644.00
7.292354,976.3855,594.00
7.292354,976.4260,646.00
7.292354,976.4665,625.00
7.292354,976.5070,664.00
7.292354,976.5475,626.00
7.292354,976.5880,657.00
7.292354,976.6285,551.00
7.292354,976.6690,650.00
7.292354,976.7095,580.00
7.292354,976.7500,653.00
7.292354,976.7905,592.00
7.292354,976.8308,641.00
7.292354,976.8713,687.00
7.292354,976.9117,636.00
7.292354,976.9521,598.00
7.292354,976.9926,618.00
7.292354,977.0330,598.00
7.292354,977.0734,651.00
7.292354,977.1139,596.00
7.292354,977.1542,645.00
7.292354,977.1947,607.00
7.292354,977.2350,651.00
7.292354,977.2755,619.00
7.292354,977.3158,628.00
7.292354,977.3562,570.00
7.292354,977.3965,677.00
7.292354,977.4370,583.00
7.292354,977.4773,647.00
7.292354,977.5176,584.00
7.292354,977.5579,611.00
7.292354,977.5983,582.00
7.292354,977.6387,625.00
7.292354,977.6790,561.00
7.292354,977.7192,598.00
7.292354,977.7595,577.00
7.292354,977.7999,643.00
7.292354,977.8402,612.00
7.292354,977.8805,606.00
7.292354,977.9208,561.00
7.292354,977.9610,566.00
7.292354,978.0013,573.00
7.292354,978.0417,596.00
7.292354,978.0819,527.00
7.292354,978.1221,604.00
7.292354,978.1624,569.00
7.292354,978.2026,596.00
7.292354,978.2428,538.00
7.292354,978.2831,601.00
7.292354,978.3233,616.00
7.292354,978.3635,562.00
7.292354,978.4037,546.00
7.292354,978.4440,571.00
7.292354,978.4842,562.00
7.292354,978.5244,594.00
7.292354,978.5645,593.00
7.292354,978.6047,595.00
7.292354,978.6449,535.00
7.292354,978.6851,617.00
7.292354,978.7253,541.00
7.292354,978.7654,572.00
7.292354,978.8055,569.00
7.292354,978.8458,597.00
7.292354,978.8859,548.00
7.292354,978.9260,606.00
7.292354,978.9661,574.00
7.292354,979.0062,594.00
7.292354,979.0463,554.00
7.292354,979.0864,600.00
7.292354,979.1266,529.00
7.292354,979.1666,611.00
7.292354,979.2067,539.00
7.292354,979.2469,571.00
7.292354,979.2869,568.00
7.292354,979.3270,580.00
7.292354,979.3671,587.00
7.292354,979.4071,595.00
7.292354,979.4471,569.00
7.292354,979.4871,594.00
7.292354,979.5272,522.00
7.292354,979.5673,611.00
7.292354,979.6072,613.00
7.292354,979.6473,600.00
7.292354,979.6873,583.00
7.292354,979.7273,583.00
7.292354,979.7673,547.00
7.292354,979.8073,568.00
7.292354,979.8473,556.00
7.292354,979.8873,621.00
7.292354,979.9273,559.00
7.292354,979.9673,613.00
7.292354,980.0072,572.00
7.292354,980.0471,570.00
7.292354,980.0872,596.00
7.292354,980.1271,585.00
7.292354,980.1671,536.00
7.292354,980.2069,608.00
7.292354,980.2469,555.00
7.292354,980.2868,620.00
7.292354,980.3267,550.00
7.292354,980.3666,634.00
7.292354,980.4065,574.00
7.292354,980.4464,585.00
7.292354,980.4863,540.00
7.292354,980.5262,605.00
7.292354,980.5660,539.00
7.292354,980.6060,633.00
7.292354,980.6458,568.00
7.292354,980.6857,616.00
7.292354,980.7255,576.00
7.292354,980.7654,593.00
7.292354,980.8052,560.00
7.292354,980.8450,586.00
7.292354,980.8849,534.00
7.292354,980.9247,602.00
7.292354,980.9645,554.00
7.292354,981.0043,606.00
7.292354,981.0441,601.00
7.292354,981.0839,579.00
7.292354,981.1237,577.00
7.292354,981.1635,587.00
7.292354,981.2033,509.00
7.292354,981.2430,606.00
7.292354,981.2828,553.00
7.292354,981.3226,628.00
7.292354,981.3624,573.00
7.292354,981.4021,596.00
7.292354,981.4418,553.00
7.292354,981.4816,606.00
7.292354,981.5213,534.00
7.292354,981.5610,604.00
7.292354,981.6008,542.00
7.292354,981.6404,610.00
7.292354,981.6802,559.00
7.292354,981.7198,605.00
7.292354,981.7596,560.00
7.292354,981.7993,581.00
7.292354,981.8389,547.00
7.292354,981.8786,575.00
7.292354,981.9182,536.00
7.292354,981.9579,590.00
7.292354,981.9976,548.00
7.292354,982.0372,593.00
7.292354,982.0768,525.00
7.292354,982.1165,544.00
7.292354,982.1561,561.00
7.292354,982.1958,578.00
7.292354,982.2354,508.00
7.292354,982.2750,574.00
7.292354,982.3146,510.00
7.292354,982.3541,564.00
7.292354,982.3937,577.00
7.292354,982.4333,562.00
7.292354,982.4730,575.00
7.292354,982.5125,583.00
7.292354,982.5521,548.00
7.292354,982.5917,580.00
7.292354,982.6312,533.00
7.292354,982.6707,585.00
7.292354,982.7103,549.00
7.292354,982.7498,596.00
7.292354,982.7893,522.00
7.292354,982.8289,570.00
7.292354,982.8683,504.00
7.292354,982.9079,550.00
7.292354,982.9474,524.00
7.292354,982.9869,575.00
7.292354,983.0264,515.00
7.292354,983.0659,576.00
7.292354,983.1053,555.00
7.292354,983.1448,556.00
7.292354,983.1843,547.00
7.292354,983.2238,587.00
7.292354,983.2632,572.00
7.292354,983.3027,579.00
7.292354,983.3420,524.00
7.292354,983.3816,593.00
7.292354,983.4210,573.00
7.292354,983.4604,588.00
7.292354,983.4998,545.00
7.292354,983.5392,534.00
7.292354,983.5786,518.00
7.292354,983.6180,550.00
7.292354,983.6574,504.00
7.292354,983.6968,592.00
7.292354,983.7361,547.00
7.292354,983.7755,583.00
7.292354,983.8149,521.00
7.292354,983.8543,572.00
7.292354,983.8936,530.00
7.292354,983.9329,547.00
7.292354,983.9723,471.00
7.292354,984.0116,596.00
7.292354,984.0510,532.00
7.292354,984.0903,595.00
7.292354,984.1296,567.00
7.292354,984.1689,571.00
7.292354,984.2083,564.00
7.292354,984.2476,566.00
7.292354,984.2868,521.00
7.292354,984.3261,595.00
7.292354,984.3654,511.00
7.292354,984.4046,604.00
7.292354,984.4440,497.00
7.292354,984.4832,588.00
7.292354,984.5225,533.00
7.292354,984.5616,549.00
7.292354,984.6010,518.00
7.292354,984.6402,564.00
7.292354,984.6794,486.00
7.292354,984.7186,600.00
7.292354,984.7578,558.00
7.292354,984.7970,609.00
7.292354,984.8362,568.00
7.292354,984.8755,533.00
7.292354,984.9146,540.00
7.292354,984.9538,571.00
7.292354,984.9930,528.00
7.292354,985.0322,608.00
7.292354,985.0714,564.00
7.292354,985.1105,550.00
7.292354,985.1497,533.00
7.292354,985.1888,556.00
7.292354,985.2279,522.00
7.292354,985.2671,570.00
7.292354,985.3062,533.00
7.292354,985.3453,556.00
7.292354,985.3845,514.00
7.292354,985.4236,559.00
7.292354,985.4626,557.00
7.292354,985.5017,614.00
7.292354,985.5408,564.00
7.292354,985.5799,577.00
7.292354,985.6190,525.00
7.292354,985.6581,584.00
7.292354,985.6971,483.00
7.292354,985.7362,580.00
7.292354,985.7752,518.00
7.292354,985.8143,588.00
7.292354,985.8533,542.00
7.292354,985.8924,575.00
7.292354,985.9314,528.00
7.292354,985.9704,557.00
7.292354,986.0094,514.00
7.292354,986.0484,591.00
7.292354,986.0875,519.00
7.292354,986.1265,600.00
7.292354,986.1655,526.00
7.292354,986.2044,553.00
7.292354,986.2434,527.00
7.292354,986.2823,557.00
7.292354,986.3214,526.00
7.292354,986.3603,559.00
7.292354,986.3992,476.00
7.292354,986.4382,547.00
7.292354,986.4771,528.00
7.292354,986.5161,603.00
7.292354,986.5550,557.00
7.292354,986.5939,574.00
7.292354,986.6329,517.00
7.292354,986.6718,560.00
7.292354,986.7106,481.00
7.292354,986.7495,590.00
7.292354,986.7884,551.00
7.292354,986.8273,592.00
7.292354,986.8661,534.00
7.292354,986.9050,580.00
7.292354,986.9438,509.00
7.292354,986.9828,545.00
7.292354,987.0216,490.00
7.292354,987.0605,585.00
7.292354,987.0993,504.00
7.292354,987.1381,564.00
7.292354,987.1769,548.00
7.292354,987.2158,515.00
7.292354,987.2546,522.00
7.292354,987.2934,554.00
7.292354,987.3322,496.00
7.292354,987.3710,548.00
7.292354,987.4097,509.00
7.292354,987.4486,549.00
7.292354,987.4873,493.00
7.292354,987.5261,542.00
7.292354,987.5649,540.00
7.292354,987.6036,536.00
7.292354,987.6423,516.00
7.292354,987.6812,550.00
7.292354,987.7198,495.00
7.292354,987.7586,584.00
7.292354,987.7972,530.00
7.292354,987.8361,532.00
7.292354,987.8748,517.00
7.292354,987.9135,527.00
7.292354,987.9521,502.00
7.292354,987.9908,545.00
7.292354,988.0295,490.00
7.292354,988.0681,532.00
7.292354,988.1069,489.00
7.292354,988.1456,577.00
7.292354,988.1842,516.00
7.292354,988.2228,553.00
7.292354,988.2615,520.00
7.292354,988.3002,534.00
7.292354,988.3388,470.00
7.292354,988.3774,532.00
7.292354,988.4160,510.00
7.292354,988.4546,542.00
7.292354,988.4933,537.00
7.292354,988.5319,517.00
7.292354,988.5704,528.00
7.292354,988.6090,491.00
7.292354,988.6476,479.00
7.292354,988.6862,544.00
7.292354,988.7248,470.00
7.292354,988.7634,582.00
7.292354,988.8019,489.00
7.292354,988.8405,523.00
7.292354,988.8790,514.00
7.292354,988.9176,517.00
7.292354,988.9561,483.00
7.292354,988.9946,536.00
7.292354,989.0332,507.00
7.292354,989.0717,527.00
7.292354,989.1102,502.00
7.292354,989.1487,545.00
7.292354,989.1871,492.00
7.292354,989.2256,547.00
7.292354,989.2641,531.00
7.292354,989.3027,519.00
7.292354,989.3411,502.00
7.292354,989.3795,540.00
7.292354,989.4180,485.00
7.292354,989.4565,561.00
7.292354,989.4949,477.00
7.292354,989.5334,507.00
7.292354,989.5718,522.00
7.292354,989.6102,474.00
7.292354,989.6486,498.00
7.292354,989.6871,546.00
7.292354,989.7255,479.00
7.292354,989.7639,547.00
7.292354,989.8022,463.00
7.292354,989.8407,533.00
7.292354,989.8791,517.00
7.292354,989.9174,527.00
7.292354,989.9558,465.00
7.292354,989.9941,513.00
7.292354,990.0325,480.00
7.292354,990.0709,570.00
7.292354,990.1093,493.00
7.292354,990.1475,544.00
7.292354,990.1859,530.00
7.292354,990.2242,532.00
7.292354,990.2626,481.00
7.292354,990.3008,500.00
7.292354,990.3391,466.00
7.292354,990.3774,521.00
7.292354,990.4157,508.00
7.292354,990.4540,544.00
7.292354,990.4924,498.00
7.292354,990.5306,567.00
7.292354,990.5688,526.00
7.292354,990.6071,514.00
7.292354,990.6454,494.00
7.292354,990.6837,557.00
7.292354,990.7219,473.00
7.292354,990.7601,547.00
7.292354,990.7983,535.00
7.292354,990.8365,559.00
7.292354,990.8748,544.00
7.292354,990.9130,556.00
7.292354,990.9512,519.00
7.292354,990.9893,555.00
7.292354,991.0276,491.00
7.292354,991.0658,550.00
7.292354,991.1039,482.00
7.292354,991.1421,565.00
7.292354,991.1802,521.00
7.292354,991.2184,535.00
7.292354,991.2565,503.00
7.292354,991.2947,549.00
7.292354,991.3329,476.00
7.292354,991.3710,532.00
7.292354,991.4091,501.00
7.292354,991.4473,583.00
7.292354,991.4854,538.00
7.292354,991.5234,556.00
7.292354,991.5616,540.00
7.292354,991.5997,542.00
7.292354,991.6378,529.00
7.292354,991.6758,581.00
7.292354,991.7139,504.00
7.292354,991.7520,580.00
7.292354,991.7900,519.00
7.292354,991.8282,552.00
7.292354,991.8661,504.00
7.292354,991.9042,558.00
7.292354,991.9422,530.00
7.292354,991.9803,557.00
7.292354,992.0182,508.00
7.292354,992.0563,570.00
7.292354,992.0944,497.00
7.292354,992.1323,587.00
7.292354,992.1703,512.00
7.292354,992.2084,568.00
7.292354,992.2463,555.00
7.292354,992.2844,564.00
7.292354,992.3223,525.00
7.292354,992.3602,570.00
7.292354,992.3982,528.00
7.292354,992.4362,583.00
7.292354,992.4741,542.00
7.292354,992.5120,590.00
7.292354,992.5500,557.00
7.292354,992.5879,530.00
7.292354,992.6259,529.00
7.292354,992.6638,595.00
7.292354,992.7017,531.00
7.292354,992.7396,566.00
7.292354,992.7775,533.00
7.292354,992.8154,566.00
7.292354,992.8533,549.00
7.292354,992.8912,547.00
7.292354,992.9290,563.00
7.292354,992.9669,552.00
7.292354,993.0048,533.00
7.292354,993.0426,578.00
7.292354,993.0804,547.00
7.292354,993.1183,579.00
7.292354,993.1561,542.00
7.292354,993.1940,574.00
7.292354,993.2318,563.00
7.292354,993.2696,573.00
7.292354,993.3074,507.00
7.292354,993.3452,585.00
7.292354,993.3830,513.00
7.292354,993.4208,583.00
7.292354,993.4586,512.00
7.292354,993.4963,557.00
7.292354,993.5341,550.00
7.292354,993.5719,532.00
7.292354,993.6096,489.00
7.292354,993.6474,566.00
7.292354,993.6851,492.00
7.292354,993.7228,521.00
7.292354,993.7606,562.00
7.292354,993.7984,554.00
7.292354,993.8361,513.00
7.292354,993.8738,566.00
7.292354,993.9115,516.00
7.292354,993.9492,537.00
7.292354,993.9869,495.00
7.292354,994.0245,574.00
7.292354,994.0622,531.00
7.292354,994.0999,588.00
7.292354,994.1376,546.00
7.292354,994.1753,549.00
7.292354,994.2130,539.00
7.292354,994.2505,527.00
7.292354,994.2881,502.00
7.292354,994.3258,591.00
7.292354,994.3634,498.00
7.292354,994.4010,559.00
7.292354,994.4387,519.00
7.292354,994.4763,547.00
7.292354,994.5139,543.00
7.292354,994.5515,527.00
7.292354,994.5891,495.00
7.292354,994.6266,533.00
7.292354,994.6642,479.00
7.292354,994.7018,531.00
7.292354,994.7393,501.00
7.292354,994.7769,543.00
7.292354,994.8145,526.00
7.292354,994.8521,537.00
7.292354,994.8895,525.00
7.292354,994.9271,572.00
7.292354,994.9647,475.00
7.292354,995.0022,557.00
7.292354,995.0397,464.00
7.292354,995.0771,530.00
7.292354,995.1146,484.00
7.292354,995.1522,535.00
7.292354,995.1896,494.00
7.292354,995.2271,534.00
7.292354,995.2646,487.00
7.292354,995.3021,542.00
7.292354,995.3396,499.00
7.292354,995.3770,527.00
7.292354,995.4145,515.00
7.292354,995.4518,565.00
7.292354,995.4893,507.00
7.292354,995.5267,515.00
7.292354,995.5641,503.00
7.292354,995.6016,539.00
7.292354,995.6390,506.00
7.292354,995.6765,535.00
7.292354,995.7138,513.00
7.292354,995.7512,533.00
7.292354,995.7886,505.00
7.292354,995.8260,511.00
7.292354,995.8633,487.00
7.292354,995.9007,526.00
7.292354,995.9380,482.00
7.292354,995.9754,524.00
7.292354,996.0128,487.00
7.292354,996.0501,509.00
7.292354,996.0874,535.00
7.292354,996.1248,543.00
7.292354,996.1621,530.00
7.292354,996.1994,563.00
7.292354,996.2367,506.00
7.292354,996.2740,517.00
7.292354,996.3113,475.00
7.292354,996.3486,543.00
7.292354,996.3859,521.00
7.292354,996.4232,547.00
7.292354,996.4604,530.00
7.292354,996.4977,523.00
7.292354,996.5350,489.00
7.292354,996.5722,516.00
7.292354,996.6094,501.00
7.292354,996.6466,573.00
7.292354,996.6838,525.00
7.292354,996.7211,556.00
7.292354,996.7583,510.00
7.292354,996.7955,524.00
7.292354,996.8327,470.00
7.292354,996.8700,552.00
7.292354,996.9072,524.00
7.292354,996.9443,519.00
7.292354,996.9815,512.00
7.292354,997.0187,543.00
7.292354,997.0558,522.00
7.292354,997.0930,544.00
7.292354,997.1301,535.00
7.292354,997.1672,554.00
7.292354,997.2045,523.00
7.292354,997.2416,543.00
7.292354,997.2787,482.00
7.292354,997.3158,597.00
7.292354,997.3530,501.00
7.292354,997.3900,545.00
7.292354,997.4271,533.00
7.292354,997.4642,531.00
7.292354,997.5013,514.00
7.292354,997.5384,534.00
7.292354,997.5754,484.00
7.292354,997.6126,570.00
7.292354,997.6497,509.00
7.292354,997.6867,537.00
7.292354,997.7238,523.00
7.292354,997.7607,546.00
7.292354,997.7978,531.00
7.292354,997.8348,580.00
7.292354,997.8718,494.00
7.292354,997.9088,563.00
7.292354,997.9458,519.00
7.292354,997.9829,571.00
7.292354,998.0200,528.00
7.292354,998.0569,555.00
7.292354,998.0939,507.00
7.292354,998.1309,565.00
7.292354,998.1678,493.00
7.292354,998.2048,556.00
7.292354,998.2417,535.00
7.292354,998.2786,593.00
7.292354,998.3156,512.00
7.292354,998.3525,572.00
7.292354,998.3896,512.00
7.292354,998.4265,531.00
7.292354,998.4633,520.00
7.292354,998.5003,566.00
7.292354,998.5372,498.00
7.292354,998.5740,572.00
7.292354,998.6110,517.00
7.292354,998.6478,580.00
7.292354,998.6847,507.00
7.292354,998.7217,543.00
7.292354,998.7585,508.00
7.292354,998.7953,518.00
7.292354,998.8322,496.00
7.292354,998.8691,583.00
7.292354,998.9059,455.00
7.292354,998.9427,586.00
7.292354,998.9795,541.00
7.292354,999.0163,572.00
7.292354,999.0531,513.00
7.292354,999.0899,527.00
7.292354,999.1267,487.00
7.292354,999.1636,552.00
7.292354,999.2004,498.00
7.292354,999.2372,560.00
7.292354,999.2739,527.00
7.292354,999.3107,569.00
7.292354,999.3474,542.00
7.292354,999.3842,515.00
7.292354,999.4210,488.00
7.292354,999.4576,541.00
7.292354,999.4946,504.00
7.292354,999.5312,565.00
7.292354,999.5680,527.00
7.292354,999.6047,538.00
7.292354,999.6414,512.00
7.292354,999.6780,532.00
7.292354,999.7147,498.00
7.292354,999.7515,517.00
7.292354,999.7881,445.00
7.292354,999.8248,528.00
7.292354,999.8614,500.00
7.292354,999.8981,541.00
7.292354,999.9349,460.00
7.292354,999.9715,534.00
7.292354,1000.0081,490.00
7.292354,1000.0447,508.00
7.292354,1000.0814,504.00
7.292354,1000.1180,512.00
7.292354,1000.1546,457.00
7.292354,1000.1912,535.00
7.292354,1000.2278,506.00
7.292354,1000.2645,532.00
7.292354,1000.3011,516.00
7.292354,1000.3377,514.00
7.292354,1000.3742,501.00
7.292354,1000.4108,517.00
7.292354,1000.4474,478.00
7.292354,1000.4839,512.00
7.292354,1000.5204,483.00
7.292354,1000.5570,530.00
7.292354,1000.5935,466.00
7.292354,1000.6301,509.00
7.292354,1000.6667,470.00
7.292354,1000.7032,507.00
7.292354,1000.7397,491.00
7.292354,1000.7762,537.00
7.292354,1000.8127,464.00
7.292354,1000.8492,539.00
7.292354,1000.8857,505.00
7.292354,1000.9222,465.00
7.292354,1000.9586,494.00
7.292354,1000.9951,508.00
7.292354,1001.0316,489.00
7.292354,1001.0681,538.00
7.292354,1001.1046,500.00
7.292354,1001.1410,527.00
7.292354,1001.1774,506.00
7.292354,1001.2138,510.00
7.292354,1001.2502,483.00
7.292354,1001.2866,514.00
7.292354,1001.3230,485.00
7.292354,1001.3594,523.00
7.292354,1001.3958,481.00
7.292354,1001.4323,533.00
7.292354,1001.4687,467.00
7.292354,1001.5051,546.00
7.292354,1001.5414,513.00
7.292354,1001.5778,500.00
7.292354,1001.6141,480.00
7.292354,1001.6505,503.00
7.292354,1001.6868,439.00
7.292354,1001.7231,506.00
7.292354,1001.7596,442.00
7.292354,1001.7958,522.00
7.292354,1001.8322,471.00
7.292354,1001.8685,507.00
7.292354,1001.9048,475.00
7.292354,1001.9411,497.00
7.292354,1001.9774,475.00
7.292354,1002.0136,509.00
7.292354,1002.0499,471.00
7.292354,1002.0862,547.00
7.292354,1002.1224,460.00
7.292354,1002.1587,531.00
7.292354,1002.1951,500.00
7.292354,1002.2313,519.00
7.292354,1002.2675,495.00
7.292354,1002.3038,504.00
7.292354,1002.3400,475.00
7.292354,1002.3762,504.00
7.292354,1002.4124,485.00
7.292354,1002.4486,525.00
7.292354,1002.4848,480.00
7.292354,1002.5211,529.00
7.292354,1002.5573,490.00
7.292354,1002.5934,506.00
7.292354,1002.6296,470.00
7.292354,1002.6657,526.00
7.292354,1002.7019,470.00
7.292354,1002.7380,529.00
7.292354,1002.7742,507.00
7.292354,1002.8104,513.00
7.292354,1002.8464,493.00
7.292354,1002.8826,515.00
7.292354,1002.9187,450.00
7.292354,1002.9549,507.00
7.292354,1002.9910,488.00
7.292354,1003.0271,556.00
7.292354,1003.0632,447.00
7.292354,1003.0992,539.00
7.292354,1003.1354,475.00
7.292354,1003.1714,496.00
7.292354,1003.2075,550.00
7.292354,1003.2435,521.00
7.292354,1003.2797,455.00
7.292354,1003.3157,551.00
7.292354,1003.3518,492.00
7.292354,1003.3878,533.00
7.292354,1003.4238,492.00
7.292354,1003.4598,531.00
7.292354,1003.4958,479.00
7.292354,1003.5319,496.00
7.292354,1003.5678,478.00
7.292354,1003.6039,544.00
7.292354,1003.6398,447.00
7.292354,1003.6759,539.00
7.292354,1003.7119,464.00
7.292354,1003.7479,481.00
7.292354,1003.7838,472.00
7.292354,1003.8198,501.00
7.292354,1003.8557,467.00
7.292354,1003.8917,520.00
7.292354,1003.9276,440.00
7.292354,1003.9635,500.00
7.292354,1003.9995,454.00
7.292354,1004.0354,501.00
7.292354,1004.0714,496.00
7.292354,1004.1072,510.00
7.292354,1004.1431,498.00
7.292354,1004.1790,481.00
7.292354,1004.2149,436.00
7.292354,1004.2508,540.00
7.292354,1004.2866,437.00
7.292354,1004.3225,503.00
7.292354,1004.3583,486.00
7.292354,1004.3942,520.00
7.292354,1004.4302,452.00
7.292354,1004.4660,466.00
7.292354,1004.5018,439.00
7.292354,1004.5376,481.00
7.292354,1004.5734,440.00
7.292354,1004.6093,518.00
7.292354,1004.6450,477.00
7.292354,1004.6808,519.00
7.292354,1004.7166,518.00
7.292354,1004.7525,504.00
7.292354,1004.7883,465.00
7.292354,1004.8240,498.00
7.292354,1004.8598,455.00
7.292354,1004.8956,551.00
7.292354,1004.9313,464.00
7.292354,1004.9670,542.00
7.292354,1005.0027,465.00
7.292354,1005.0385,493.00
7.292354,1005.0742,471.00
7.292354,1005.1099,508.00
7.292354,1005.1456,453.00
7.292354,1005.1815,518.00
7.292354,1005.2172,440.00
7.292354,1005.2529,495.00
7.292354,1005.2885,508.00
7.292354,1005.3242,498.00
7.292354,1005.3599,481.00
7.292354,1005.3955,502.00
7.292354,1005.4312,483.00
7.292354,1005.4669,540.00
7.292354,1005.5026,479.00
7.292354,1005.5382,562.00
7.292354,1005.5739,513.00
7.292354,1005.6095,515.00
7.292354,1005.6451,512.00
7.292354,1005.6807,469.00
7.292354,1005.7162,505.00
7.292354,1005.7519,502.00
7.292354,1005.7875,453.00
7.292354,1005.8231,538.00
7.292354,1005.8586,462.00
7.292354,1005.8942,534.00
7.292354,1005.9299,499.00
7.292354,1005.9655,518.00
7.292354,1006.0010,475.00
7.292354,1006.0365,517.00
7.292354,1006.0720,473.00
7.292354,1006.1076,513.00
7.292354,1006.1431,505.00
7.292354,1006.1786,553.00
7.292354,1006.2141,510.00
7.292354,1006.2498,518.00
7.292354,1006.2853,510.00
7.292354,1006.3207,502.00
7.292354,1006.3563,494.00
7.292354,1006.3917,543.00
7.292354,1006.4272,513.00
7.292354,1006.4626,575.00
7.292354,1006.4981,517.00
7.292354,1006.5335,537.00
7.292354,1006.5690,515.00
7.292354,1006.6044,516.00
7.292354,1006.6400,483.00
7.292354,1006.6754,560.00
7.292354,1006.7108,482.00
7.292354,1006.7462,563.00
7.292354,1006.7816,506.00
7.292354,1006.8170,561.00
7.292354,1006.8524,512.00
7.292354,1006.8878,541.00
7.292354,1006.9232,531.00
7.292354,1006.9586,571.00
7.292354,1006.9940,500.00
7.292354,1007.0294,516.00
7.292354,1007.0648,500.00
7.292354,1007.1001,615.00
7.292354,1007.1354,531.00
7.292354,1007.1707,554.00
7.292354,1007.2061,556.00
7.292354,1007.2414,558.00
7.292354,1007.2767,525.00
7.292354,1007.3120,587.00
7.292354,1007.3473,491.00
7.292354,1007.3827,566.00
7.292354,1007.4180,541.00
7.292354,1007.4532,592.00
7.292354,1007.4885,537.00
7.292354,1007.5238,527.00
7.292354,1007.5590,513.00
7.292354,1007.5943,548.00
7.292354,1007.6295,480.00
7.292354,1007.6648,580.00
7.292354,1007.7001,529.00
7.292354,1007.7354,552.00
7.292354,1007.7706,542.00
7.292354,1007.8058,544.00
7.292354,1007.8410,548.00
7.292354,1007.8762,576.00
7.292354,1007.9114,484.00
7.292354,1007.9465,545.00
7.292354,1007.9818,532.00
7.292354,1008.0169,542.00
7.292354,1008.0521,512.00
7.292354,1008.0873,572.00
7.292354,1008.1226,482.00
7.292354,1008.1576,492.00
7.292354,1008.1927,485.00
7.292354,1008.2279,532.00
7.292354,1008.2631,476.00
7.292354,1008.2982,581.00
7.292354,1008.3333,550.00
7.292354,1008.3683,534.00
7.292354,1008.4034,568.00
7.292354,1008.4387,494.00
7.292354,1008.4738,494.00
7.292354,1008.5089,523.00
7.292354,1008.5439,469.00
7.292354,1008.5790,570.00
7.292354,1008.6141,471.00
7.292354,1008.6491,513.00
7.292354,1008.6841,503.00
7.292354,1008.7192,506.00
7.292354,1008.7542,491.00
7.292354,1008.7892,521.00
7.292354,1008.8243,462.00
7.292354,1008.8594,543.00
7.292354,1008.8943,503.00
7.292354,1008.9294,535.00
7.292354,1008.9644,510.00
7.292354,1008.9994,517.00
7.292354,1009.0344,511.00
7.292354,1009.0693,511.00
7.292354,1009.1043,457.00
7.292354,1009.1392,549.00
7.292354,1009.1743,470.00
7.292354,1009.2093,547.00
7.292354,1009.2442,523.00
7.292354,1009.2792,520.00
7.292354,1009.3141,488.00
7.292354,1009.3489,499.00
7.292354,1009.3839,459.00
7.292354,1009.4188,527.00
7.292354,1009.4537,466.00
7.292354,1009.4886,562.00
7.292354,1009.5235,513.00
7.292354,1009.5585,541.00
7.292354,1009.5933,503.00
7.292354,1009.6282,491.00
7.292354,1009.6631,497.00
7.292354,1009.6979,518.00
7.292354,1009.7327,478.00
7.292354,1009.7676,509.00
7.292354,1009.8024,447.00
7.292354,1009.8372,534.00
7.292354,1009.8721,471.00
7.292354,1009.9070,537.00
7.292354,1009.9418,470.00
7.292354,1009.9766,501.00
7.292354,1010.0115,485.00
7.292354,1010.0462,485.00
7.292354,1010.0810,484.00
7.292354,1010.1158,547.00
7.292354,1010.1505,504.00
7.292354,1010.1853,488.00
7.292354,1010.2200,478.00
7.292354,1010.2548,494.00
7.292354,1010.2897,477.00
7.292354,1010.3244,508.00
7.292354,1010.3591,466.00
7.292354,1010.3938,561.00
7.292354,1010.4285,467.00
7.292354,1010.4633,506.00
7.292354,1010.4980,486.00
7.292354,1010.5326,479.00
7.292354,1010.5673,490.00
7.292354,1010.6021,503.00
7.292354,1010.6368,469.00
7.292354,1010.6714,513.00
7.292354,1010.7061,423.00
7.292354,1010.7408,537.00
7.292354,1010.7754,471.00
7.292354,1010.8101,504.00
7.292354,1010.8447,482.00
7.292354,1010.8793,493.00
7.292354,1010.9139,478.00
7.292354,1010.9485,519.00
7.292354,1010.9832,434.00
7.292354,1011.0178,533.00
7.292354,1011.0525,498.00
7.292354,1011.0870,537.00
7.292354,1011.1216,471.00
7.292354,1011.1562,515.00
7.292354,1011.1907,500.00
7.292354,1011.2253,527.00
7.292354,1011.2599,440.00
7.292354,1011.2944,539.00
7.292354,1011.3291,471.00
7.292354,1011.3636,518.00
7.292354,1011.3981,469.00
7.292354,1011.4326,492.00
7.292354,1011.4672,487.00
7.292354,1011.5016,503.00
7.292354,1011.5362,473.00
7.292354,1011.5706,484.00
7.292354,1011.6052,468.00
7.292354,1011.6396,513.00
7.292354,1011.6741,457.00
7.292354,1011.7086,538.00
7.292354,1011.7431,492.00
7.292354,1011.7776,512.00
7.292354,1011.8120,458.00
7.292354,1011.8465,532.00
7.292354,1011.8809,433.00
7.292354,1011.9153,538.00
7.292354,1011.9498,458.00
7.292354,1011.9842,495.00
7.292354,1012.0186,464.00
7.292354,1012.0531,500.00
7.292354,1012.0875,503.00
7.292354,1012.1219,509.00
7.292354,1012.1562,465.00
7.292354,1012.1906,484.00
7.292354,1012.2250,462.00
7.292354,1012.2593,521.00
7.292354,1012.2937,494.00
7.292354,1012.3281,496.00
7.292354,1012.3624,448.00
7.292354,1012.3967,491.00
7.292354,1012.4310,466.00
7.292354,1012.4655,533.00
7.292354,1012.4998,430.00
7.292354,1012.5341,550.00
7.292354,1012.5684,451.00
7.292354,1012.6027,535.00
7.292354,1012.6370,490.00
7.292354,1012.6712,487.00
7.292354,1012.7055,485.00
7.292354,1012.7398,533.00
7.292354,1012.7742,445.00
7.292354,1012.8084,477.00
7.292354,1012.8427,459.00
7.292354,1012.8769,490.00
7.292354,1012.9111,482.00
7.292354,1012.9454,472.00
7.292354,1012.9796,480.00
7.292354,1013.0138,499.00
7.292354,1013.0480,405.00
7.292354,1013.0822,489.00
7.292354,1013.1164,446.00
7.292354,1013.1506,514.00
7.292354,1013.1848,453.00
7.292354,1013.2190,498.00
7.292354,1013.2532,494.00
7.292354,1013.2873,499.00
7.292354,1013.3215,449.00
7.292354,1013.3556,470.00
7.292354,1013.3898,435.00
7.292354,1013.4239,515.00
7.292354,1013.4581,465.00
7.292354,1013.4923,472.00
7.292354,1013.5264,501.00
7.292354,1013.5605,475.00
7.292354,1013.5946,493.00
7.292354,1013.6287,524.00
7.292354,1013.6627,488.00
7.292354,1013.6968,540.00
7.292354,1013.7309,473.00
7.292354,1013.7650,502.00
7.292354,1013.7990,462.00
7.292354,1013.8331,494.00
7.292354,1013.8672,478.00
7.292354,1013.9012,500.00
7.292354,1013.9353,459.00
7.292354,1013.9693,523.00
7.292354,1014.0033,475.00
7.292354,1014.0374,537.00
7.292354,1014.0714,500.00
7.292354,1014.1053,519.00
7.292354,1014.1393,483.00
7.292354,1014.1734,509.00
7.292354,1014.2074,456.00
7.292354,1014.2413,512.00
7.292354,1014.2753,489.00
7.292354,1014.3093,553.00
7.292354,1014.3433,470.00
7.292354,1014.3772,526.00
7.292354,1014.4111,536.00
7.292354,1014.4451,522.00
7.292354,1014.4790,466.00
7.292354,1014.5129,529.00
7.292354,1014.5468,457.00
7.292354,1014.5808,540.00
7.292354,1014.6147,511.00
7.292354,1014.6486,545.00
7.292354,1014.6825,514.00
7.292354,1014.7164,534.00
7.292354,1014.7502,488.00
7.292354,1014.7841,513.00
7.292354,1014.8180,504.00
7.292354,1014.8518,543.00
7.292354,1014.8858,461.00
7.292354,1014.9196,578.00
7.292354,1014.9534,532.00
7.292354,1014.9872,536.00
7.292354,1015.0211,523.00
7.292354,1015.0549,526.00
7.292354,1015.0887,485.00
7.292354,1015.1224,528.00
7.292354,1015.1562,482.00
7.292354,1015.1900,571.00
7.292354,1015.2238,527.00
7.292354,1015.2575,550.00
7.292354,1015.2914,520.00
7.292354,1015.3252,549.00
7.292354,1015.3589,473.00
7.292354,1015.3927,519.00
7.292354,1015.4265,473.00
7.292354,1015.4601,558.00
7.292354,1015.4938,494.00
7.292354,1015.5276,572.00
7.292354,1015.5613,537.00
7.292354,1015.5952,556.00
7.292354,1015.6288,515.00
7.292354,1015.6625,545.00
7.292354,1015.6962,500.00
7.292354,1015.7299,578.00
7.292354,1015.7635,502.00
7.292354,1015.7972,561.00
7.292354,1015.8308,538.00
7.292354,1015.8645,540.00
7.292354,1015.8981,523.00
7.292354,1015.9317,529.00
7.292354,1015.9655,480.00
7.292354,1015.9991,575.00
7.292354,1016.0327,504.00
7.292354,1016.0663,573.00
7.292354,1016.0999,536.00
7.292354,1016.1335,556.00
7.292354,1016.1671,523.00
7.292354,1016.2006,516.00
7.292354,1016.2342,514.00
7.292354,1016.2679,550.00
7.292354,1016.3015,476.00
7.292354,1016.3350,569.00
7.292354,1016.3686,492.00
7.292354,1016.4021,551.00
7.292354,1016.4357,531.00
7.292354,1016.4691,566.00
7.292354,1016.5027,496.00
7.292354,1016.5362,538.00
7.292354,1016.5696,475.00
7.292354,1016.6032,557.00
7.292354,1016.6367,493.00
7.292354,1016.6703,576.00
7.292354,1016.7038,511.00
7.292354,1016.7372,551.00
7.292354,1016.7707,522.00
7.292354,1016.8041,526.00
7.292354,1016.8376,540.00
7.292354,1016.8710,543.00
7.292354,1016.9045,489.00
7.292354,1016.9379,571.00
7.292354,1016.9715,521.00
7.292354,1017.0049,590.00
7.292354,1017.0383,543.00
7.292354,1017.0717,500.00
7.292354,1017.1050,517.00
7.292354,1017.1384,528.00
7.292354,1017.1718,461.00
7.292354,1017.2052,565.00
7.292354,1017.2386,492.00
7.292354,1017.2720,550.00
7.292354,1017.3053,554.00
7.292354,1017.3387,542.00
7.292354,1017.3721,500.00
7.292354,1017.4054,536.00
7.292354,1017.4388,477.00
7.292354,1017.4721,557.00
7.292354,1017.5054,517.00
7.292354,1017.5387,582.00
7.292354,1017.5720,548.00
7.292354,1017.6053,542.00
7.292354,1017.6386,528.00
7.292354,1017.6720,528.00
7.292354,1017.7053,517.00
7.292354,1017.7385,560.00
7.292354,1017.7717,475.00
7.292354,1017.8051,578.00
7.292354,1017.8383,528.00
7.292354,1017.8715,588.00
7.292354,1017.9048,542.00
7.292354,1017.9380,543.00
7.292354,1017.9712,523.00
7.292354,1018.0044,588.00
7.292354,1018.0376,480.00
7.292354,1018.0709,585.00
7.292354,1018.1041,545.00
7.292354,1018.1373,597.00
7.292354,1018.1705,556.00
7.292354,1018.2037,550.00
7.292354,1018.2368,530.00
7.292354,1018.2700,528.00
7.292354,1018.3032,522.00
7.292354,1018.3363,592.00
7.292354,1018.3695,513.00
7.292354,1018.4026,631.00
7.292354,1018.4358,540.00
7.292354,1018.4689,559.00
7.292354,1018.5020,572.00
7.292354,1018.5352,568.00
7.292354,1018.5682,531.00
7.292354,1018.6013,580.00
7.292354,1018.6343,515.00
7.292354,1018.6675,596.00
7.292354,1018.7006,512.00
7.292354,1018.7337,565.00
7.292354,1018.7668,556.00
7.292354,1018.7998,525.00
7.292354,1018.8328,522.00
7.292354,1018.8658,538.00
7.292354,1018.8989,514.00
7.292354,1018.9319,588.00
7.292354,1018.9650,520.00
7.292354,1018.9980,583.00
7.292354,1019.0311,559.00
7.292354,1019.0641,585.00
7.292354,1019.0970,510.00
7.292354,1019.1301,546.00
7.292354,1019.1631,515.00
7.292354,1019.1960,565.00
7.292354,1019.2289,508.00
7.292354,1019.2618,563.00
7.292354,1019.2949,535.00
7.292354,1019.3278,559.00
7.292354,1019.3607,548.00
7.292354,1019.3936,532.00
7.292354,1019.4268,471.00
7.292354,1019.4596,577.00
7.292354,1019.4925,523.00
7.292354,1019.5255,546.00
7.292354,1019.5583,500.00
7.292354,1019.5912,565.00
7.292354,1019.6240,532.00
7.292354,1019.6569,545.00
7.292354,1019.6898,481.00
7.292354,1019.7227,510.00
7.292354,1019.7556,468.00
7.292354,1019.7885,566.00
7.292354,1019.8213,506.00
7.292354,1019.8541,566.00
7.292354,1019.8870,509.00
7.292354,1019.9198,516.00
7.292354,1019.9525,545.00
7.292354,1019.9854,515.00
7.292354,1020.0182,505.00
7.292354,1020.0509,576.00
7.292354,1020.0837,480.00
7.292354,1020.1167,540.00
7.292354,1020.1494,531.00
7.292354,1020.1823,534.00
7.292354,1020.2149,524.00
7.292354,1020.2477,530.00
7.292354,1020.2805,482.00
7.292354,1020.3132,525.00
7.292354,1020.3459,513.00
7.292354,1020.3787,578.00
7.292354,1020.4114,487.00
7.292354,1020.4442,505.00
7.292354,1020.4768,542.00
7.292354,1020.5096,560.00
7.292354,1020.5423,499.00
7.292354,1020.5750,573.00
7.292354,1020.6077,476.00
7.292354,1020.6403,573.00
7.292354,1020.6730,504.00
7.292354,1020.7055,541.00
7.292354,1020.7382,526.00
7.292354,1020.7709,518.00
7.292354,1020.8036,488.00
7.292354,1020.8363,486.00
7.292354,1020.8688,448.00
7.292354,1020.9015,549.00
7.292354,1020.9341,483.00
7.292354,1020.9667,562.00
7.292354,1020.9993,491.00
7.292354,1021.0319,506.00
7.292354,1021.0645,528.00
7.292354,1021.0971,547.00
7.292354,1021.1298,481.00
7.292354,1021.1623,527.00
7.292354,1021.1948,463.00
7.292354,1021.2273,564.00
7.292354,1021.2599,469.00
7.292354,1021.2924,536.00
7.292354,1021.3250,471.00
7.292354,1021.3574,485.00
7.292354,1021.3900,470.00
7.292354,1021.4224,498.00
7.292354,1021.4550,424.00
7.292354,1021.4875,521.00
7.292354,1021.5200,462.00
7.292354,1021.5525,535.00
7.292354,1021.5850,465.00
7.292354,1021.6175,506.00
7.292354,1021.6500,446.00
7.292354,1021.6823,537.00
7.292354,1021.7148,437.00
7.292354,1021.7474,530.00
7.292354,1021.7797,465.00
7.292354,1021.8122,531.00
7.292354,1021.8445,520.00
7.292354,1021.8770,548.00
7.292354,1021.9095,515.00
7.292354,1021.9418,498.00
7.292354,1021.9741,493.00
7.292354,1022.0066,508.00
7.292354,1022.0389,476.00
7.292354,1022.0713,559.00
7.292354,1022.1037,481.00
7.292354,1022.1362,622.00
7.292354,1022.1685,534.00
7.292354,1022.2008,540.00
7.292354,1022.2332,495.00
7.292354,1022.2654,524.00
7.292354,1022.2977,499.00
7.292354,1022.3301,579.00
7.292354,1022.3624,470.00
7.292354,1022.3947,579.00
7.292354,1022.4271,484.00
7.292354,1022.4594,535.00
7.292354,1022.4917,535.00
7.292354,1022.5239,501.00
7.292354,1022.5562,497.00
7.292354,1022.5885,526.00
7.292354,1022.6207,503.00
7.292354,1022.6530,581.00
7.292354,1022.6852,506.00
7.292354,1022.7174,556.00
7.292354,1022.7497,505.00
7.292354,1022.7819,533.00
7.292354,1022.8142,506.00
7.292354,1022.8464,541.00
7.292354,1022.8785,478.00
7.292354,1022.9108,578.00
7.292354,1022.9429,518.00
7.292354,1022.9751,541.00
7.292354,1023.0073,516.00
7.292354,1023.0394,487.00
7.292354,1023.0717,469.00
7.292354,1023.1039,535.00
7.292354,1023.1360,480.00
7.292354,1023.1682,562.00
7.292354,1023.2003,491.00
7.292354,1023.2324,554.00
7.292354,1023.2644,501.00
7.292354,1023.2966,530.00
7.292354,1023.3287,513.00
7.292354,1023.3608,527.00
7.292354,1023.3929,503.00
7.292354,1023.4249,496.00
7.292354,1023.4570,471.00
7.292354,1023.4893,548.00
7.292354,1023.5212,473.00
7.292354,1023.5533,491.00
7.292354,1023.5853,488.00
7.292354,1023.6174,507.00
7.292354,1023.6494,496.00
7.292354,1023.6813,496.00
7.292354,1023.7134,437.00
7.292354,1023.7454,510.00
7.292354,1023.7775,479.00
7.292354,1023.8096,520.00
7.292354,1023.8416,496.00
7.292354,1023.8735,516.00
7.292354,1023.9055,467.00
7.292354,1023.9374,501.00
7.292354,1023.9694,448.00
7.292354,1024.0013,522.00
7.292354,1024.0333,472.00
7.292354,1024.0652,517.00
7.292354,1024.0972,510.00
7.292354,1024.1293,522.00
7.292354,1024.1611,503.00
7.292354,1024.1931,512.00
7.292354,1024.2250,466.00
7.292354,1024.2568,531.00
7.292354,1024.2888,439.00
7.292354,1024.3206,497.00
7.292354,1024.3525,480.00
7.292354,1024.3843,503.00
7.292354,1024.4164,465.00
7.292354,1024.4481,505.00
7.292354,1024.4801,468.00
7.292354,1024.5118,522.00
7.292354,1024.5438,461.00
7.292354,1024.5756,524.00
7.292354,1024.6074,468.00
7.292354,1024.6393,530.00
7.292354,1024.6710,515.00
7.292354,1024.7029,494.00
7.292354,1024.7346,466.00
7.292354,1024.7664,518.00
7.292354,1024.7982,439.00
7.292354,1024.8301,521.00
7.292354,1024.8618,497.00
7.292354,1024.8936,545.00
7.292354,1024.9253,487.00
7.292354,1024.9572,527.00
7.292354,1024.9889,488.00
7.292354,1025.0206,512.00
7.292354,1025.0522,448.00
7.292354,1025.0841,523.00
7.292354,1025.1158,487.00
7.292354,1025.1475,502.00
7.292354,1025.1792,480.00
7.292354,1025.2109,504.00
7.292354,1025.2426,499.00
7.292354,1025.2743,511.00
7.292354,1025.3059,493.00
7.292354,1025.3376,524.00
7.292354,1025.3693,448.00
7.292354,1025.4009,553.00
7.292354,1025.4326,475.00
7.292354,1025.4644,530.00
7.292354,1025.4960,506.00
7.292354,1025.5276,484.00
7.292354,1025.5592,508.00
7.292354,1025.5908,513.00
7.292354,1025.6224,485.00
7.292354,1025.6541,569.00
7.292354,1025.6857,494.00
7.292354,1025.7172,552.00
7.292354,1025.7489,532.00
7.292354,1025.7804,564.00
7.292354,1025.8120,536.00
7.292354,1025.8435,513.00
7.292354,1025.8751,500.00
7.292354,1025.9066,564.00
7.292354,1025.9381,458.00
7.292354,1025.9697,544.00
7.292354,1026.0012,542.00
7.292354,1026.0327,532.00
7.292354,1026.0642,488.00
