# Point:,27
# Setpoint:,1.37454545
# Voltage_V:,1.37454545
# Current_A:,0.0024945
# Spectrum_Time_s:,4.724024
# Step_Start_s:,4.623059
# Step_End_s:,4.791731
# Spectrum_Duration_ms:,90.177
# Peak_Wavelength_nm:,934.13
# Peak_Intensity:,763.0
# Avg_Intensity:,605.5
# Num_Pixels:,4094
# NOTE: All wavelengths are captured simultaneously in one CCD exposure
#       The Relative_Time_s column shows when this entire spectrum was acquired

Relative_Time_s,Wavelength_nm,Intensity
4.724024,845.4307,576.00
4.724024,845.4858,510.00
4.724024,845.5410,569.00
4.724024,845.5963,516.00
4.724024,845.6514,576.00
4.724024,845.7065,540.00
4.724024,845.7617,551.00
4.724024,845.8168,524.00
4.724024,845.8721,574.00
4.724024,845.9272,470.00
4.724024,845.9823,556.00
4.724024,846.0374,481.00
4.724024,846.0926,518.00
4.724024,846.1478,501.00
4.724024,846.2029,545.00
4.724024,846.2579,498.00
4.724024,846.3130,558.00
4.724024,846.3682,461.00
4.724024,846.4233,564.00
4.724024,846.4784,490.00
4.724024,846.5335,595.00
4.724024,846.5886,563.00
4.724024,846.6437,536.00
4.724024,846.6987,524.00
4.724024,846.7538,571.00
4.724024,846.8089,499.00
4.724024,846.8640,577.00
4.724024,846.9190,530.00
4.724024,846.9741,588.00
4.724024,847.0292,539.00
4.724024,847.0842,585.00
4.724024,847.1392,538.00
4.724024,847.1943,563.00
4.724024,847.2493,496.00
4.724024,847.3044,575.00
4.724024,847.3594,498.00
4.724024,847.4144,547.00
4.724024,847.4694,543.00
4.724024,847.5244,532.00
4.724024,847.5795,511.00
4.724024,847.6345,557.00
4.724024,847.6895,519.00
4.724024,847.7444,553.00
4.724024,847.7994,520.00
4.724024,847.8544,609.00
4.724024,847.9094,564.00
4.724024,847.9644,579.00
4.724024,848.0193,544.00
4.724024,848.0743,574.00
4.724024,848.1293,546.00
4.724024,848.1843,576.00
4.724024,848.2392,549.00
4.724024,848.2941,600.00
4.724024,848.3491,593.00
4.724024,848.4040,575.00
4.724024,848.4590,578.00
4.724024,848.5139,582.00
4.724024,848.5688,514.00
4.724024,848.6237,608.00
4.724024,848.6786,519.00
4.724024,848.7336,605.00
4.724024,848.7885,547.00
4.724024,848.8434,601.00
4.724024,848.8983,560.00
4.724024,848.9531,589.00
4.724024,849.0081,578.00
4.724024,849.0630,553.00
4.724024,849.1178,526.00
4.724024,849.1727,608.00
4.724024,849.2275,550.00
4.724024,849.2823,645.00
4.724024,849.3373,558.00
4.724024,849.3921,603.00
4.724024,849.4470,576.00
4.724024,849.5018,573.00
4.724024,849.5566,542.00
4.724024,849.6115,617.00
4.724024,849.6663,557.00
4.724024,849.7211,600.00
4.724024,849.7759,522.00
4.724024,849.8307,613.00
4.724024,849.8856,558.00
4.724024,849.9404,576.00
4.724024,849.9952,576.00
4.724024,850.0500,561.00
4.724024,850.1048,506.00
4.724024,850.1596,609.00
4.724024,850.2144,544.00
4.724024,850.2692,626.00
4.724024,850.3239,564.00
4.724024,850.3787,573.00
4.724024,850.4335,572.00
4.724024,850.4882,604.00
4.724024,850.5430,549.00
4.724024,850.5977,610.00
4.724024,850.6525,530.00
4.724024,850.7072,608.00
4.724024,850.7620,554.00
4.724024,850.8167,606.00
4.724024,850.8715,583.00
4.724024,850.9261,593.00
4.724024,850.9808,548.00
4.724024,851.0356,587.00
4.724024,851.0903,593.00
4.724024,851.1450,637.00
4.724024,851.1996,562.00
4.724024,851.2543,628.00
4.724024,851.3091,589.00
4.724024,851.3638,606.00
4.724024,851.4185,578.00
4.724024,851.4731,615.00
4.724024,851.5278,554.00
4.724024,851.5825,658.00
4.724024,851.6371,589.00
4.724024,851.6918,663.00
4.724024,851.7465,599.00
4.724024,851.8011,629.00
4.724024,851.8558,593.00
4.724024,851.9103,610.00
4.724024,851.9650,571.00
4.724024,852.0196,663.00
4.724024,852.0742,604.00
4.724024,852.1289,652.00
4.724024,852.1835,597.00
4.724024,852.2381,667.00
4.724024,852.2927,663.00
4.724024,852.3473,646.00
4.724024,852.4019,642.00
4.724024,852.4565,682.00
4.724024,852.5111,623.00
4.724024,852.5657,647.00
4.724024,852.6202,609.00
4.724024,852.6747,641.00
4.724024,852.7294,647.00
4.724024,852.7839,659.00
4.724024,852.8385,613.00
4.724024,852.8930,674.00
4.724024,852.9476,594.00
4.724024,853.0022,663.00
4.724024,853.0567,629.00
4.724024,853.1112,686.00
4.724024,853.1658,665.00
4.724024,853.2203,689.00
4.724024,853.2748,641.00
4.724024,853.3293,708.00
4.724024,853.3838,621.00
4.724024,853.4383,692.00
4.724024,853.4928,632.00
4.724024,853.5474,660.00
4.724024,853.6019,654.00
4.724024,853.6563,686.00
4.724024,853.7108,682.00
4.724024,853.7653,662.00
4.724024,853.8198,620.00
4.724024,853.8742,653.00
4.724024,853.9286,635.00
4.724024,853.9832,685.00
4.724024,854.0376,639.00
4.724024,854.0920,714.00
4.724024,854.1465,674.00
4.724024,854.2010,685.00
4.724024,854.2554,636.00
4.724024,854.3098,675.00
4.724024,854.3642,589.00
4.724024,854.4186,671.00
4.724024,854.4731,624.00
4.724024,854.5275,694.00
4.724024,854.5819,635.00
4.724024,854.6363,658.00
4.724024,854.6907,635.00
4.724024,854.7451,658.00
4.724024,854.7994,617.00
4.724024,854.8538,673.00
4.724024,854.9082,669.00
4.724024,854.9626,715.00
4.724024,855.0170,625.00
4.724024,855.0714,696.00
4.724024,855.1257,638.00
4.724024,855.1800,646.00
4.724024,855.2344,641.00
4.724024,855.2888,666.00
4.724024,855.3431,640.00
4.724024,855.3975,665.00
4.724024,855.4518,585.00
4.724024,855.5060,658.00
4.724024,855.5604,611.00
4.724024,855.6147,644.00
4.724024,855.6691,636.00
4.724024,855.7233,644.00
4.724024,855.7776,603.00
4.724024,855.8320,685.00
4.724024,855.8862,626.00
4.724024,855.9406,678.00
4.724024,855.9948,596.00
4.724024,856.0491,701.00
4.724024,856.1035,640.00
4.724024,856.1577,669.00
4.724024,856.2119,619.00
4.724024,856.2662,658.00
4.724024,856.3204,578.00
4.724024,856.3748,720.00
4.724024,856.4290,642.00
4.724024,856.4832,667.00
4.724024,856.5374,645.00
4.724024,856.5916,675.00
4.724024,856.6459,608.00
4.724024,856.7001,677.00
4.724024,856.7543,617.00
4.724024,856.8085,678.00
4.724024,856.8627,613.00
4.724024,856.9169,688.00
4.724024,856.9712,632.00
4.724024,857.0253,670.00
4.724024,857.0795,625.00
4.724024,857.1337,650.00
4.724024,857.1879,646.00
4.724024,857.2421,700.00
4.724024,857.2962,629.00
4.724024,857.3504,666.00
4.724024,857.4045,669.00
4.724024,857.4587,665.00
4.724024,857.5129,672.00
4.724024,857.5670,684.00
4.724024,857.6212,635.00
4.724024,857.6753,690.00
4.724024,857.7294,622.00
4.724024,857.7836,702.00
4.724024,857.8377,648.00
4.724024,857.8918,691.00
4.724024,857.9459,669.00
4.724024,858.0000,661.00
4.724024,858.0541,623.00
4.724024,858.1082,706.00
4.724024,858.1624,645.00
4.724024,858.2164,712.00
4.724024,858.2704,646.00
4.724024,858.3245,681.00
4.724024,858.3787,683.00
4.724024,858.4327,682.00
4.724024,858.4868,632.00
4.724024,858.5408,671.00
4.724024,858.5949,642.00
4.724024,858.6489,687.00
4.724024,858.7030,613.00
4.724024,858.7570,722.00
4.724024,858.8110,661.00
4.724024,858.8651,685.00
4.724024,858.9192,685.00
4.724024,858.9732,678.00
4.724024,859.0272,645.00
4.724024,859.0812,706.00
4.724024,859.1352,616.00
4.724024,859.1892,674.00
4.724024,859.2432,619.00
4.724024,859.2972,688.00
4.724024,859.3512,707.00
4.724024,859.4052,660.00
4.724024,859.4592,651.00
4.724024,859.5132,643.00
4.724024,859.5671,624.00
4.724024,859.6210,679.00
4.724024,859.6750,630.00
4.724024,859.7289,707.00
4.724024,859.7830,599.00
4.724024,859.8369,660.00
4.724024,859.8908,649.00
4.724024,859.9447,639.00
4.724024,859.9987,601.00
4.724024,860.0527,687.00
4.724024,860.1065,596.00
4.724024,860.1605,664.00
4.724024,860.2144,631.00
4.724024,860.2682,680.00
4.724024,860.3222,633.00
4.724024,860.3761,660.00
4.724024,860.4299,606.00
4.724024,860.4838,619.00
4.724024,860.5377,602.00
4.724024,860.5916,684.00
4.724024,860.6455,648.00
4.724024,860.6993,695.00
4.724024,860.7532,631.00
4.724024,860.8071,671.00
4.724024,860.8610,626.00
4.724024,860.9148,656.00
4.724024,860.9687,603.00
4.724024,861.0225,645.00
4.724024,861.0763,633.00
4.724024,861.1301,675.00
4.724024,861.1840,614.00
4.724024,861.2378,681.00
4.724024,861.2916,612.00
4.724024,861.3454,662.00
4.724024,861.3992,607.00
4.724024,861.4531,675.00
4.724024,861.5068,566.00
4.724024,861.5606,676.00
4.724024,861.6144,617.00
4.724024,861.6682,653.00
4.724024,861.7220,597.00
4.724024,861.7758,629.00
4.724024,861.8295,624.00
4.724024,861.8833,646.00
4.724024,861.9370,596.00
4.724024,861.9908,704.00
4.724024,862.0446,626.00
4.724024,862.0983,664.00
4.724024,862.1520,635.00
4.724024,862.2057,648.00
4.724024,862.2595,622.00
4.724024,862.3132,647.00
4.724024,862.3669,588.00
4.724024,862.4206,663.00
4.724024,862.4744,572.00
4.724024,862.5281,663.00
4.724024,862.5818,629.00
4.724024,862.6355,660.00
4.724024,862.6891,631.00
4.724024,862.7429,676.00
4.724024,862.7966,641.00
4.724024,862.8502,636.00
4.724024,862.9039,610.00
4.724024,862.9575,659.00
4.724024,863.0112,634.00
4.724024,863.0648,640.00
4.724024,863.1185,606.00
4.724024,863.1722,639.00
4.724024,863.2258,599.00
4.724024,863.2794,671.00
4.724024,863.3330,584.00
4.724024,863.3867,637.00
4.724024,863.4403,565.00
4.724024,863.4940,639.00
4.724024,863.5475,615.00
4.724024,863.6011,638.00
4.724024,863.6548,604.00
4.724024,863.7084,640.00
4.724024,863.7620,613.00
4.724024,863.8156,615.00
4.724024,863.8691,599.00
4.724024,863.9228,634.00
4.724024,863.9763,630.00
4.724024,864.0299,660.00
4.724024,864.0834,593.00
4.724024,864.1370,657.00
4.724024,864.1906,617.00
4.724024,864.2441,661.00
4.724024,864.2977,598.00
4.724024,864.3512,642.00
4.724024,864.4047,636.00
4.724024,864.4583,658.00
4.724024,864.5118,604.00
4.724024,864.5653,621.00
4.724024,864.6189,585.00
4.724024,864.6724,628.00
4.724024,864.7258,581.00
4.724024,864.7794,632.00
4.724024,864.8329,620.00
4.724024,864.8864,664.00
4.724024,864.9398,608.00
4.724024,864.9933,632.00
4.724024,865.0469,588.00
4.724024,865.1003,612.00
4.724024,865.1538,582.00
4.724024,865.2072,656.00
4.724024,865.2607,616.00
4.724024,865.3142,636.00
4.724024,865.3676,622.00
4.724024,865.4211,627.00
4.724024,865.4745,600.00
4.724024,865.5279,636.00
4.724024,865.5814,598.00
4.724024,865.6348,675.00
4.724024,865.6882,597.00
4.724024,865.7416,654.00
4.724024,865.7950,648.00
4.724024,865.8484,679.00
4.724024,865.9019,627.00
4.724024,865.9552,618.00
4.724024,866.0087,607.00
4.724024,866.0620,610.00
4.724024,866.1154,619.00
4.724024,866.1688,691.00
4.724024,866.2222,603.00
4.724024,866.2755,683.00
4.724024,866.3289,653.00
4.724024,866.3822,671.00
4.724024,866.4356,627.00
4.724024,866.4890,649.00
4.724024,866.5423,633.00
4.724024,866.5956,684.00
4.724024,866.6489,607.00
4.724024,866.7023,653.00
4.724024,866.7556,614.00
4.724024,866.8089,652.00
4.724024,866.8622,646.00
4.724024,866.9155,675.00
4.724024,866.9689,612.00
4.724024,867.0222,665.00
4.724024,867.0755,590.00
4.724024,867.1287,657.00
4.724024,867.1820,603.00
4.724024,867.2354,686.00
4.724024,867.2886,630.00
4.724024,867.3419,663.00
4.724024,867.3951,614.00
4.724024,867.4484,663.00
4.724024,867.5016,573.00
4.724024,867.5549,683.00
4.724024,867.6082,619.00
4.724024,867.6614,667.00
4.724024,867.7146,645.00
4.724024,867.7678,632.00
4.724024,867.8211,645.00
4.724024,867.8743,647.00
4.724024,867.9276,629.00
4.724024,867.9807,656.00
4.724024,868.0339,612.00
4.724024,868.0872,678.00
4.724024,868.1403,643.00
4.724024,868.1935,640.00
4.724024,868.2467,618.00
4.724024,868.2999,666.00
4.724024,868.3531,601.00
4.724024,868.4062,683.00
4.724024,868.4594,608.00
4.724024,868.5126,679.00
4.724024,868.5657,635.00
4.724024,868.6189,658.00
4.724024,868.6721,649.00
4.724024,868.7252,654.00
4.724024,868.7783,579.00
4.724024,868.8315,641.00
4.724024,868.8846,585.00
4.724024,868.9377,652.00
4.724024,868.9908,601.00
4.724024,869.0439,669.00
4.724024,869.0970,642.00
4.724024,869.1501,670.00
4.724024,869.2032,608.00
4.724024,869.2564,624.00
4.724024,869.3094,592.00
4.724024,869.3625,631.00
4.724024,869.4156,607.00
4.724024,869.4688,674.00
4.724024,869.5218,594.00
4.724024,869.5748,666.00
4.724024,869.6279,657.00
4.724024,869.6809,605.00
4.724024,869.7340,571.00
4.724024,869.7870,625.00
4.724024,869.8401,629.00
4.724024,869.8931,666.00
4.724024,869.9462,598.00
4.724024,869.9993,619.00
4.724024,870.0522,620.00
4.724024,870.1052,668.00
4.724024,870.1583,623.00
4.724024,870.2112,675.00
4.724024,870.2642,589.00
4.724024,870.3173,640.00
4.724024,870.3702,602.00
4.724024,870.4232,665.00
4.724024,870.4762,613.00
4.724024,870.5292,640.00
4.724024,870.5822,640.00
4.724024,870.6351,661.00
4.724024,870.6881,598.00
4.724024,870.7410,642.00
4.724024,870.7940,632.00
4.724024,870.8470,672.00
4.724024,870.8999,614.00
4.724024,870.9528,663.00
4.724024,871.0057,655.00
4.724024,871.0587,646.00
4.724024,871.1116,636.00
4.724024,871.1646,645.00
4.724024,871.2175,581.00
4.724024,871.2704,681.00
4.724024,871.3232,643.00
4.724024,871.3762,648.00
4.724024,871.4291,634.00
4.724024,871.4820,648.00
4.724024,871.5348,646.00
4.724024,871.5877,675.00
4.724024,871.6406,658.00
4.724024,871.6935,721.00
4.724024,871.7463,610.00
4.724024,871.7992,655.00
4.724024,871.8521,657.00
4.724024,871.9049,609.00
4.724024,871.9578,650.00
4.724024,872.0106,681.00
4.724024,872.0635,595.00
4.724024,872.1162,656.00
4.724024,872.1691,616.00
4.724024,872.2219,695.00
4.724024,872.2747,616.00
4.724024,872.3275,681.00
4.724024,872.3803,656.00
4.724024,872.4332,674.00
4.724024,872.4860,617.00
4.724024,872.5387,662.00
4.724024,872.5915,600.00
4.724024,872.6443,704.00
4.724024,872.6971,657.00
4.724024,872.7499,686.00
4.724024,872.8026,633.00
4.724024,872.8553,648.00
4.724024,872.9081,654.00
4.724024,872.9609,654.00
4.724024,873.0136,639.00
4.724024,873.0663,692.00
4.724024,873.1191,582.00
4.724024,873.1718,691.00
4.724024,873.2245,625.00
4.724024,873.2773,641.00
4.724024,873.3300,630.00
4.724024,873.3827,655.00
4.724024,873.4354,631.00
4.724024,873.4882,718.00
4.724024,873.5408,648.00
4.724024,873.5935,685.00
4.724024,873.6462,671.00
4.724024,873.6989,677.00
4.724024,873.7515,649.00
4.724024,873.8042,666.00
4.724024,873.8569,656.00
4.724024,873.9096,669.00
4.724024,873.9622,578.00
4.724024,874.0149,682.00
4.724024,874.0675,643.00
4.724024,874.1202,668.00
4.724024,874.1729,624.00
4.724024,874.2255,685.00
4.724024,874.2781,635.00
4.724024,874.3307,651.00
4.724024,874.3834,594.00
4.724024,874.4360,668.00
4.724024,874.4885,646.00
4.724024,874.5411,689.00
4.724024,874.5938,609.00
4.724024,874.6463,655.00
4.724024,874.6990,636.00
4.724024,874.7515,657.00
4.724024,874.8041,614.00
4.724024,874.8567,690.00
4.724024,874.9092,667.00
4.724024,874.9619,674.00
4.724024,875.0144,630.00
4.724024,875.0669,671.00
4.724024,875.1194,635.00
4.724024,875.1720,673.00
4.724024,875.2246,645.00
4.724024,875.2772,677.00
4.724024,875.3296,609.00
4.724024,875.3821,689.00
4.724024,875.4346,652.00
4.724024,875.4872,696.00
4.724024,875.5397,652.00
4.724024,875.5922,684.00
4.724024,875.6447,630.00
4.724024,875.6971,672.00
4.724024,875.7498,586.00
4.724024,875.8022,710.00
4.724024,875.8547,634.00
4.724024,875.9071,659.00
4.724024,875.9596,626.00
4.724024,876.0120,649.00
4.724024,876.0646,637.00
4.724024,876.1169,635.00
4.724024,876.1694,619.00
4.724024,876.2219,667.00
4.724024,876.2743,618.00
4.724024,876.3268,704.00
4.724024,876.3792,617.00
4.724024,876.4316,661.00
4.724024,876.4840,667.00
4.724024,876.5364,639.00
4.724024,876.5889,610.00
4.724024,876.6413,702.00
4.724024,876.6937,622.00
4.724024,876.7460,691.00
4.724024,876.7985,661.00
4.724024,876.8509,707.00
4.724024,876.9032,665.00
4.724024,876.9556,667.00
4.724024,877.0079,629.00
4.724024,877.0604,630.00
4.724024,877.1127,599.00
4.724024,877.1651,704.00
4.724024,877.2174,617.00
4.724024,877.2697,658.00
4.724024,877.3221,629.00
4.724024,877.3744,661.00
4.724024,877.4268,602.00
4.724024,877.4791,612.00
4.724024,877.5314,561.00
4.724024,877.5837,640.00
4.724024,877.6360,596.00
4.724024,877.6884,677.00
4.724024,877.7407,588.00
4.724024,877.7930,614.00
4.724024,877.8452,618.00
4.724024,877.8975,626.00
4.724024,877.9498,628.00
4.724024,878.0021,638.00
4.724024,878.0544,633.00
4.724024,878.1066,669.00
4.724024,878.1589,605.00
4.724024,878.2111,648.00
4.724024,878.2634,615.00
4.724024,878.3157,622.00
4.724024,878.3679,600.00
4.724024,878.4202,634.00
4.724024,878.4724,602.00
4.724024,878.5246,671.00
4.724024,878.5768,615.00
4.724024,878.6290,650.00
4.724024,878.6812,647.00
4.724024,878.7335,641.00
4.724024,878.7856,623.00
4.724024,878.8379,631.00
4.724024,878.8901,599.00
4.724024,878.9422,621.00
4.724024,878.9944,608.00
4.724024,879.0466,669.00
4.724024,879.0988,621.00
4.724024,879.1509,643.00
4.724024,879.2031,652.00
4.724024,879.2552,614.00
4.724024,879.3074,640.00
4.724024,879.3596,666.00
4.724024,879.4117,593.00
4.724024,879.4638,652.00
4.724024,879.5159,611.00
4.724024,879.5681,658.00
4.724024,879.6202,619.00
4.724024,879.6723,620.00
4.724024,879.7244,642.00
4.724024,879.7766,647.00
4.724024,879.8287,599.00
4.724024,879.8808,653.00
4.724024,879.9329,586.00
4.724024,879.9849,655.00
4.724024,880.0370,637.00
4.724024,880.0891,653.00
4.724024,880.1412,608.00
4.724024,880.1932,645.00
4.724024,880.2452,583.00
4.724024,880.2973,660.00
4.724024,880.3495,618.00
4.724024,880.4015,692.00
4.724024,880.4536,632.00
4.724024,880.5056,633.00
4.724024,880.5576,640.00
4.724024,880.6096,639.00
4.724024,880.6616,586.00
4.724024,880.7137,644.00
4.724024,880.7656,576.00
4.724024,880.8176,640.00
4.724024,880.8696,591.00
4.724024,880.9217,659.00
4.724024,880.9737,608.00
4.724024,881.0256,644.00
4.724024,881.0776,578.00
4.724024,881.1296,655.00
4.724024,881.1816,575.00
4.724024,881.2336,676.00
4.724024,881.2855,576.00
4.724024,881.3374,635.00
4.724024,881.3893,645.00
4.724024,881.4413,611.00
4.724024,881.4933,568.00
4.724024,881.5452,652.00
4.724024,881.5972,607.00
4.724024,881.6490,616.00
4.724024,881.7010,583.00
4.724024,881.7530,644.00
4.724024,881.8049,576.00
4.724024,881.8568,635.00
4.724024,881.9086,604.00
4.724024,881.9605,601.00
4.724024,882.0125,596.00
4.724024,882.0643,636.00
4.724024,882.1162,559.00
4.724024,882.1681,628.00
4.724024,882.2199,550.00
4.724024,882.2719,636.00
4.724024,882.3237,600.00
4.724024,882.3755,593.00
4.724024,882.4274,536.00
4.724024,882.4792,599.00
4.724024,882.5311,574.00
4.724024,882.5829,616.00
4.724024,882.6348,612.00
4.724024,882.6866,650.00
4.724024,882.7383,619.00
4.724024,882.7902,571.00
4.724024,882.8420,616.00
4.724024,882.8939,624.00
4.724024,882.9457,551.00
4.724024,882.9974,611.00
4.724024,883.0493,563.00
4.724024,883.1011,646.00
4.724024,883.1528,580.00
4.724024,883.2046,647.00
4.724024,883.2563,601.00
4.724024,883.3081,583.00
4.724024,883.3599,573.00
4.724024,883.4116,644.00
4.724024,883.4634,563.00
4.724024,883.5151,644.00
4.724024,883.5668,591.00
4.724024,883.6187,636.00
4.724024,883.6703,628.00
4.724024,883.7220,619.00
4.724024,883.7738,596.00
4.724024,883.8254,639.00
4.724024,883.8773,580.00
4.724024,883.9289,644.00
4.724024,883.9806,581.00
4.724024,884.0323,668.00
4.724024,884.0840,623.00
4.724024,884.1357,620.00
4.724024,884.1874,604.00
4.724024,884.2391,634.00
4.724024,884.2907,564.00
4.724024,884.3423,643.00
4.724024,884.3940,564.00
4.724024,884.4457,652.00
4.724024,884.4974,605.00
4.724024,884.5490,634.00
4.724024,884.6006,587.00
4.724024,884.6523,630.00
4.724024,884.7039,596.00
4.724024,884.7555,640.00
4.724024,884.8071,603.00
4.724024,884.8588,647.00
4.724024,884.9103,627.00
4.724024,884.9620,624.00
4.724024,885.0136,676.00
4.724024,885.0651,627.00
4.724024,885.1168,621.00
4.724024,885.1683,663.00
4.724024,885.2200,620.00
4.724024,885.2715,654.00
4.724024,885.3231,591.00
4.724024,885.3746,682.00
4.724024,885.4262,643.00
4.724024,885.4778,644.00
4.724024,885.5293,665.00
4.724024,885.5809,643.00
4.724024,885.6324,593.00
4.724024,885.6839,649.00
4.724024,885.7355,612.00
4.724024,885.7870,684.00
4.724024,885.8385,605.00
4.724024,885.8900,660.00
4.724024,885.9415,650.00
4.724024,885.9930,640.00
4.724024,886.0446,580.00
4.724024,886.0960,640.00
4.724024,886.1475,604.00
4.724024,886.1990,671.00
4.724024,886.2504,622.00
4.724024,886.3020,660.00
4.724024,886.3534,620.00
4.724024,886.4048,664.00
4.724024,886.4564,619.00
4.724024,886.5078,657.00
4.724024,886.5593,602.00
4.724024,886.6107,656.00
4.724024,886.6621,636.00
4.724024,886.7136,655.00
4.724024,886.7650,618.00
4.724024,886.8164,647.00
4.724024,886.8679,628.00
4.724024,886.9193,646.00
4.724024,886.9706,619.00
4.724024,887.0220,675.00
4.724024,887.0735,633.00
4.724024,887.1249,666.00
4.724024,887.1762,627.00
4.724024,887.2276,673.00
4.724024,887.2789,639.00
4.724024,887.3304,612.00
4.724024,887.3818,645.00
4.724024,887.4331,675.00
4.724024,887.4844,636.00
4.724024,887.5358,673.00
4.724024,887.5871,600.00
4.724024,887.6385,710.00
4.724024,887.6898,681.00
4.724024,887.7411,644.00
4.724024,887.7925,618.00
4.724024,887.8438,662.00
4.724024,887.8951,609.00
4.724024,887.9464,684.00
4.724024,887.9977,644.00
4.724024,888.0490,731.00
4.724024,888.1003,655.00
4.724024,888.1516,664.00
4.724024,888.2029,628.00
4.724024,888.2542,666.00
4.724024,888.3054,623.00
4.724024,888.3567,683.00
4.724024,888.4080,650.00
4.724024,888.4592,684.00
4.724024,888.5105,643.00
4.724024,888.5618,671.00
4.724024,888.6130,659.00
4.724024,888.6642,659.00
4.724024,888.7155,640.00
4.724024,888.7667,681.00
4.724024,888.8179,607.00
4.724024,888.8691,667.00
4.724024,888.9204,647.00
4.724024,888.9716,660.00
4.724024,889.0228,658.00
4.724024,889.0740,677.00
4.724024,889.1252,665.00
4.724024,889.1764,657.00
4.724024,889.2275,636.00
4.724024,889.2787,679.00
4.724024,889.3299,644.00
4.724024,889.3810,658.00
4.724024,889.4322,656.00
4.724024,889.4835,672.00
4.724024,889.5346,655.00
4.724024,889.5857,656.00
4.724024,889.6368,611.00
4.724024,889.6879,642.00
4.724024,889.7391,600.00
4.724024,889.7903,699.00
4.724024,889.8414,628.00
4.724024,889.8925,661.00
4.724024,889.9435,675.00
4.724024,889.9948,668.00
4.724024,890.0458,613.00
4.724024,890.0969,672.00
4.724024,890.1479,602.00
4.724024,890.1990,689.00
4.724024,890.2501,634.00
4.724024,890.3012,648.00
4.724024,890.3523,642.00
4.724024,890.4034,613.00
4.724024,890.4545,606.00
4.724024,890.5054,625.00
4.724024,890.5566,556.00
4.724024,890.6076,655.00
4.724024,890.6586,606.00
4.724024,890.7097,663.00
4.724024,890.7607,648.00
4.724024,890.8117,682.00
4.724024,890.8627,651.00
4.724024,890.9138,611.00
4.724024,890.9647,585.00
4.724024,891.0157,634.00
4.724024,891.0668,611.00
4.724024,891.1178,671.00
4.724024,891.1688,595.00
4.724024,891.2197,668.00
4.724024,891.2707,613.00
4.724024,891.3217,643.00
4.724024,891.3727,617.00
4.724024,891.4236,649.00
4.724024,891.4745,584.00
4.724024,891.5256,652.00
4.724024,891.5765,613.00
4.724024,891.6275,664.00
4.724024,891.6783,614.00
4.724024,891.7293,626.00
4.724024,891.7802,612.00
4.724024,891.8312,620.00
4.724024,891.8821,580.00
4.724024,891.9330,655.00
4.724024,891.9839,587.00
4.724024,892.0348,660.00
4.724024,892.0857,612.00
4.724024,892.1366,654.00
4.724024,892.1875,587.00
4.724024,892.2383,637.00
4.724024,892.2892,622.00
4.724024,892.3401,664.00
4.724024,892.3911,593.00
4.724024,892.4418,667.00
4.724024,892.4927,622.00
4.724024,892.5436,667.00
4.724024,892.5944,636.00
4.724024,892.6452,630.00
4.724024,892.6961,619.00
4.724024,892.7469,639.00
4.724024,892.7977,629.00
4.724024,892.8485,656.00
4.724024,892.8993,635.00
4.724024,892.9502,665.00
4.724024,893.0010,601.00
4.724024,893.0518,644.00
4.724024,893.1025,592.00
4.724024,893.1534,623.00
4.724024,893.2042,612.00
4.724024,893.2549,682.00
4.724024,893.3057,620.00
4.724024,893.3564,690.00
4.724024,893.4072,647.00
4.724024,893.4580,648.00
4.724024,893.5087,607.00
4.724024,893.5595,642.00
4.724024,893.6102,613.00
4.724024,893.6609,677.00
4.724024,893.7117,600.00
4.724024,893.7625,683.00
4.724024,893.8132,639.00
4.724024,893.8639,664.00
4.724024,893.9146,632.00
4.724024,893.9653,616.00
4.724024,894.0160,611.00
4.724024,894.0667,643.00
4.724024,894.1174,634.00
4.724024,894.1681,652.00
4.724024,894.2188,626.00
4.724024,894.2695,661.00
4.724024,894.3201,647.00
4.724024,894.3708,649.00
4.724024,894.4214,596.00
4.724024,894.4720,653.00
4.724024,894.5228,606.00
4.724024,894.5734,695.00
4.724024,894.6240,626.00
4.724024,894.6746,682.00
4.724024,894.7252,662.00
4.724024,894.7759,657.00
4.724024,894.8265,625.00
4.724024,894.8771,665.00
4.724024,894.9277,573.00
4.724024,894.9783,679.00
4.724024,895.0290,580.00
4.724024,895.0795,684.00
4.724024,895.1301,608.00
4.724024,895.1807,676.00
4.724024,895.2313,637.00
4.724024,895.2819,632.00
4.724024,895.3325,626.00
4.724024,895.3830,656.00
4.724024,895.4336,600.00
4.724024,895.4841,680.00
4.724024,895.5347,622.00
4.724024,895.5852,669.00
4.724024,895.6357,648.00
4.724024,895.6863,668.00
4.724024,895.7368,644.00
4.724024,895.7874,663.00
4.724024,895.8379,582.00
4.724024,895.8884,676.00
4.724024,895.9388,604.00
4.724024,895.9893,688.00
4.724024,896.0399,647.00
4.724024,896.0904,641.00
4.724024,896.1408,658.00
4.724024,896.1913,642.00
4.724024,896.2418,592.00
4.724024,896.2922,659.00
4.724024,896.3427,642.00
4.724024,896.3932,711.00
4.724024,896.4437,669.00
4.724024,896.4941,682.00
4.724024,896.5445,635.00
4.724024,896.5950,685.00
4.724024,896.6454,649.00
4.724024,896.6958,650.00
4.724024,896.7462,599.00
4.724024,896.7967,665.00
4.724024,896.8471,646.00
4.724024,896.8975,696.00
4.724024,896.9479,649.00
4.724024,896.9983,659.00
4.724024,897.0486,632.00
4.724024,897.0991,677.00
4.724024,897.1495,600.00
4.724024,897.1998,690.00
4.724024,897.2502,601.00
4.724024,897.3005,674.00
4.724024,897.3510,634.00
4.724024,897.4013,642.00
4.724024,897.4517,667.00
4.724024,897.5020,648.00
4.724024,897.5523,605.00
4.724024,897.6026,659.00
4.724024,897.6530,643.00
4.724024,897.7033,683.00
4.724024,897.7537,632.00
4.724024,897.8040,686.00
4.724024,897.8542,629.00
4.724024,897.9046,655.00
4.724024,897.9549,639.00
4.724024,898.0051,696.00
4.724024,898.0554,635.00
4.724024,898.1057,674.00
4.724024,898.1560,647.00
4.724024,898.2063,667.00
4.724024,898.2565,624.00
4.724024,898.3068,637.00
4.724024,898.3571,655.00
4.724024,898.4073,641.00
4.724024,898.4576,551.00
4.724024,898.5078,660.00
4.724024,898.5580,590.00
4.724024,898.6083,677.00
4.724024,898.6584,644.00
4.724024,898.7087,671.00
4.724024,898.7590,648.00
4.724024,898.8091,649.00
4.724024,898.8593,644.00
4.724024,898.9095,658.00
4.724024,898.9598,585.00
4.724024,899.0099,688.00
4.724024,899.0601,610.00
4.724024,899.1103,658.00
4.724024,899.1605,611.00
4.724024,899.2107,626.00
4.724024,899.2608,600.00
4.724024,899.3109,639.00
4.724024,899.3611,593.00
4.724024,899.4113,673.00
4.724024,899.4614,623.00
4.724024,899.5115,642.00
4.724024,899.5616,629.00
4.724024,899.6118,656.00
4.724024,899.6619,636.00
4.724024,899.7121,625.00
4.724024,899.7622,559.00
4.724024,899.8123,666.00
4.724024,899.8624,586.00
4.724024,899.9124,642.00
4.724024,899.9626,640.00
4.724024,900.0126,633.00
4.724024,900.0627,635.00
4.724024,900.1127,651.00
4.724024,900.1628,579.00
4.724024,900.2130,644.00
4.724024,900.2631,572.00
4.724024,900.3130,639.00
4.724024,900.3631,589.00
4.724024,900.4131,647.00
4.724024,900.4632,596.00
4.724024,900.5132,662.00
4.724024,900.5633,599.00
4.724024,900.6132,628.00
4.724024,900.6632,587.00
4.724024,900.7133,648.00
4.724024,900.7633,565.00
4.724024,900.8133,643.00
4.724024,900.8633,576.00
4.724024,900.9133,633.00
4.724024,900.9633,620.00
4.724024,901.0133,642.00
4.724024,901.0632,597.00
4.724024,901.1132,644.00
4.724024,901.1631,602.00
4.724024,901.2131,656.00
4.724024,901.2631,621.00
4.724024,901.3130,664.00
4.724024,901.3630,612.00
4.724024,901.4129,623.00
4.724024,901.4628,622.00
4.724024,901.5128,644.00
4.724024,901.5627,564.00
4.724024,901.6126,664.00
4.724024,901.6625,607.00
4.724024,901.7124,619.00
4.724024,901.7623,606.00
4.724024,901.8123,636.00
4.724024,901.8621,610.00
4.724024,901.9120,647.00
4.724024,901.9619,595.00
4.724024,902.0117,651.00
4.724024,902.0616,628.00
4.724024,902.1115,669.00
4.724024,902.1613,619.00
4.724024,902.2112,591.00
4.724024,902.2610,603.00
4.724024,902.3109,618.00
4.724024,902.3608,590.00
4.724024,902.4106,661.00
4.724024,902.4604,579.00
4.724024,902.5103,641.00
4.724024,902.5601,613.00
4.724024,902.6099,643.00
4.724024,902.6597,624.00
4.724024,902.7095,657.00
4.724024,902.7592,628.00
4.724024,902.8090,644.00
4.724024,902.8589,589.00
4.724024,902.9086,648.00
4.724024,902.9584,622.00
4.724024,903.0082,646.00
4.724024,903.0580,636.00
4.724024,903.1077,638.00
4.724024,903.1575,616.00
4.724024,903.2072,605.00
4.724024,903.2570,595.00
4.724024,903.3067,632.00
4.724024,903.3564,613.00
4.724024,903.4062,666.00
4.724024,903.4559,646.00
4.724024,903.5056,633.00
4.724024,903.5553,626.00
4.724024,903.6050,636.00
4.724024,903.6547,591.00
4.724024,903.7045,683.00
4.724024,903.7541,550.00
4.724024,903.8038,671.00
4.724024,903.8535,616.00
4.724024,903.9032,627.00
4.724024,903.9528,603.00
4.724024,904.0025,639.00
4.724024,904.0522,617.00
4.724024,904.1019,628.00
4.724024,904.1515,587.00
4.724024,904.2012,679.00
4.724024,904.2507,593.00
4.724024,904.3004,642.00
4.724024,904.3500,598.00
4.724024,904.3997,595.00
4.724024,904.4493,587.00
4.724024,904.4989,634.00
4.724024,904.5485,573.00
4.724024,904.5980,623.00
4.724024,904.6477,563.00
4.724024,904.6973,625.00
4.724024,904.7469,589.00
4.724024,904.7964,630.00
4.724024,904.8460,589.00
4.724024,904.8956,599.00
4.724024,904.9452,580.00
4.724024,904.9947,630.00
4.724024,905.0443,591.00
4.724024,905.0938,648.00
4.724024,905.1434,625.00
4.724024,905.1929,612.00
4.724024,905.2424,623.00
4.724024,905.2919,625.00
4.724024,905.3414,574.00
4.724024,905.3910,602.00
4.724024,905.4406,590.00
4.724024,905.4901,685.00
4.724024,905.5396,602.00
4.724024,905.5890,631.00
4.724024,905.6385,601.00
4.724024,905.6880,635.00
4.724024,905.7375,618.00
4.724024,905.7870,679.00
4.724024,905.8364,605.00
4.724024,905.8859,622.00
4.724024,905.9354,615.00
4.724024,905.9848,681.00
4.724024,906.0342,673.00
4.724024,906.0837,660.00
4.724024,906.1331,603.00
4.724024,906.1826,663.00
4.724024,906.2321,592.00
4.724024,906.2814,672.00
4.724024,906.3309,596.00
4.724024,906.3802,667.00
4.724024,906.4297,641.00
4.724024,906.4791,662.00
4.724024,906.5285,608.00
4.724024,906.5779,620.00
4.724024,906.6273,595.00
4.724024,906.6766,646.00
4.724024,906.7260,603.00
4.724024,906.7754,670.00
4.724024,906.8248,590.00
4.724024,906.8741,669.00
4.724024,906.9235,613.00
4.724024,906.9729,631.00
4.724024,907.0222,599.00
4.724024,907.0715,647.00
4.724024,907.1208,588.00
4.724024,907.1702,668.00
4.724024,907.2195,629.00
4.724024,907.2688,661.00
4.724024,907.3181,615.00
4.724024,907.3674,652.00
4.724024,907.4167,616.00
4.724024,907.4660,640.00
4.724024,907.5153,598.00
4.724024,907.5646,689.00
4.724024,907.6139,608.00
4.724024,907.6631,666.00
4.724024,907.7125,602.00
4.724024,907.7617,653.00
4.724024,907.8110,628.00
4.724024,907.8602,634.00
4.724024,907.9094,591.00
4.724024,907.9587,637.00
4.724024,908.0080,544.00
4.724024,908.0572,654.00
4.724024,908.1064,593.00
4.724024,908.1556,665.00
4.724024,908.2048,608.00
4.724024,908.2541,616.00
4.724024,908.3033,613.00
4.724024,908.3524,622.00
4.724024,908.4017,580.00
4.724024,908.4508,638.00
4.724024,908.5000,590.00
4.724024,908.5493,644.00
4.724024,908.5984,625.00
4.724024,908.6475,630.00
4.724024,908.6967,611.00
4.724024,908.7459,603.00
4.724024,908.7950,568.00
4.724024,908.8442,658.00
4.724024,908.8932,597.00
4.724024,908.9424,627.00
4.724024,908.9916,597.00
4.724024,909.0407,654.00
4.724024,909.0898,657.00
4.724024,909.1389,630.00
4.724024,909.1880,627.00
4.724024,909.2372,638.00
4.724024,909.2863,589.00
4.724024,909.3354,650.00
4.724024,909.3845,591.00
4.724024,909.4335,653.00
4.724024,909.4825,631.00
4.724024,909.5317,596.00
4.724024,909.5807,607.00
4.724024,909.6298,627.00
4.724024,909.6789,584.00
4.724024,909.7280,635.00
4.724024,909.7770,600.00
4.724024,909.8260,641.00
4.724024,909.8751,597.00
4.724024,909.9241,642.00
4.724024,909.9731,629.00
4.724024,910.0222,648.00
4.724024,910.0711,616.00
4.724024,910.1201,660.00
4.724024,910.1691,581.00
4.724024,910.2181,616.00
4.724024,910.2672,610.00
4.724024,910.3162,620.00
4.724024,910.3651,604.00
4.724024,910.4141,642.00
4.724024,910.4631,630.00
4.724024,910.5120,635.00
4.724024,910.5610,586.00
4.724024,910.6099,632.00
4.724024,910.6589,617.00
4.724024,910.7078,671.00
4.724024,910.7568,599.00
4.724024,910.8057,631.00
4.724024,910.8546,624.00
4.724024,910.9036,666.00
4.724024,910.9525,597.00
4.724024,911.0013,661.00
4.724024,911.0503,623.00
4.724024,911.0992,650.00
4.724024,911.1481,629.00
4.724024,911.1970,670.00
4.724024,911.2459,618.00
4.724024,911.2948,655.00
4.724024,911.3436,597.00
4.724024,911.3925,634.00
4.724024,911.4414,627.00
4.724024,911.4902,683.00
4.724024,911.5391,629.00
4.724024,911.5880,628.00
4.724024,911.6368,631.00
4.724024,911.6857,633.00
4.724024,911.7344,605.00
4.724024,911.7833,658.00
4.724024,911.8321,608.00
4.724024,911.8809,665.00
4.724024,911.9297,628.00
4.724024,911.9785,690.00
4.724024,912.0273,633.00
4.724024,912.0762,626.00
4.724024,912.1249,650.00
4.724024,912.1737,660.00
4.724024,912.2225,591.00
4.724024,912.2712,658.00
4.724024,912.3201,627.00
4.724024,912.3688,673.00
4.724024,912.4176,632.00
4.724024,912.4663,655.00
4.724024,912.5150,595.00
4.724024,912.5638,641.00
4.724024,912.6125,620.00
4.724024,912.6613,692.00
4.724024,912.7100,611.00
4.724024,912.7587,667.00
4.724024,912.8074,658.00
4.724024,912.8561,686.00
4.724024,912.9048,646.00
4.724024,912.9535,687.00
4.724024,913.0023,629.00
4.724024,913.0510,673.00
4.724024,913.0996,635.00
4.724024,913.1483,677.00
4.724024,913.1969,639.00
4.724024,913.2456,682.00
4.724024,913.2943,706.00
4.724024,913.3430,679.00
4.724024,913.3916,660.00
4.724024,913.4402,661.00
4.724024,913.4888,625.00
4.724024,913.5375,727.00
4.724024,913.5862,637.00
4.724024,913.6348,710.00
4.724024,913.6834,668.00
4.724024,913.7320,672.00
4.724024,913.7806,661.00
4.724024,913.8292,692.00
4.724024,913.8778,637.00
4.724024,913.9264,674.00
4.724024,913.9750,622.00
4.724024,914.0236,722.00
4.724024,914.0721,688.00
4.724024,914.1207,692.00
4.724024,914.1693,651.00
4.724024,914.2178,683.00
4.724024,914.2664,653.00
4.724024,914.3149,674.00
4.724024,914.3635,636.00
4.724024,914.4120,667.00
4.724024,914.4606,657.00
4.724024,914.5090,700.00
4.724024,914.5576,685.00
4.724024,914.6061,704.00
4.724024,914.6546,647.00
4.724024,914.7031,712.00
4.724024,914.7516,628.00
4.724024,914.8001,718.00
4.724024,914.8486,652.00
4.724024,914.8971,679.00
4.724024,914.9456,634.00
4.724024,914.9941,676.00
4.724024,915.0425,657.00
4.724024,915.0910,668.00
4.724024,915.1395,637.00
4.724024,915.1879,713.00
4.724024,915.2363,658.00
4.724024,915.2849,708.00
4.724024,915.3333,678.00
4.724024,915.3817,722.00
4.724024,915.4301,672.00
4.724024,915.4785,677.00
4.724024,915.5269,624.00
4.724024,915.5754,687.00
4.724024,915.6237,637.00
4.724024,915.6721,698.00
4.724024,915.7205,640.00
4.724024,915.7689,706.00
4.724024,915.8173,675.00
4.724024,915.8657,682.00
4.724024,915.9141,639.00
4.724024,915.9623,692.00
4.724024,916.0107,651.00
4.724024,916.0591,703.00
4.724024,916.1075,669.00
4.724024,916.1558,713.00
4.724024,916.2042,646.00
4.724024,916.2524,675.00
4.724024,916.3008,669.00
4.724024,916.3491,670.00
4.724024,916.3974,612.00
4.724024,916.4457,663.00
4.724024,916.4940,643.00
4.724024,916.5423,688.00
4.724024,916.5907,669.00
4.724024,916.6390,676.00
4.724024,916.6872,655.00
4.724024,916.7355,641.00
4.724024,916.7838,620.00
4.724024,916.8320,688.00
4.724024,916.8803,626.00
4.724024,916.9286,725.00
4.724024,916.9768,606.00
4.724024,917.0250,688.00
4.724024,917.0733,670.00
4.724024,917.1216,667.00
4.724024,917.1698,654.00
4.724024,917.2180,661.00
4.724024,917.2662,626.00
4.724024,917.3145,673.00
4.724024,917.3626,627.00
4.724024,917.4109,667.00
4.724024,917.4590,628.00
4.724024,917.5072,685.00
4.724024,917.5554,674.00
4.724024,917.6036,667.00
4.724024,917.6518,633.00
4.724024,917.7000,692.00
4.724024,917.7481,608.00
4.724024,917.7963,679.00
4.724024,917.8444,655.00
4.724024,917.8926,680.00
4.724024,917.9407,660.00
4.724024,917.9888,678.00
4.724024,918.0369,601.00
4.724024,918.0851,669.00
4.724024,918.1332,624.00
4.724024,918.1813,710.00
4.724024,918.2294,645.00
4.724024,918.2776,712.00
4.724024,918.3257,646.00
4.724024,918.3737,668.00
4.724024,918.4218,669.00
4.724024,918.4699,674.00
4.724024,918.5180,654.00
4.724024,918.5660,681.00
4.724024,918.6142,646.00
4.724024,918.6622,668.00
4.724024,918.7103,667.00
4.724024,918.7583,713.00
4.724024,918.8064,676.00
4.724024,918.8544,677.00
4.724024,918.9025,656.00
4.724024,918.9505,667.00
4.724024,918.9985,636.00
4.724024,919.0464,726.00
4.724024,919.0945,670.00
4.724024,919.1426,726.00
4.724024,919.1905,685.00
4.724024,919.2385,656.00
4.724024,919.2866,631.00
4.724024,919.3345,687.00
4.724024,919.3825,595.00
4.724024,919.4304,710.00
4.724024,919.4785,650.00
4.724024,919.5264,691.00
4.724024,919.5744,665.00
4.724024,919.6224,647.00
4.724024,919.6703,639.00
4.724024,919.7182,673.00
4.724024,919.7661,645.00
4.724024,919.8141,672.00
4.724024,919.8620,639.00
4.724024,919.9100,713.00
4.724024,919.9578,650.00
4.724024,920.0057,696.00
4.724024,920.0536,650.00
4.724024,920.1016,665.00
4.724024,920.1495,646.00
4.724024,920.1973,657.00
4.724024,920.2452,596.00
4.724024,920.2932,669.00
4.724024,920.3410,650.00
4.724024,920.3888,689.00
4.724024,920.4367,660.00
4.724024,920.4846,658.00
4.724024,920.5323,622.00
4.724024,920.5803,647.00
4.724024,920.6281,608.00
4.724024,920.6759,694.00
4.724024,920.7237,635.00
4.724024,920.7715,687.00
4.724024,920.8195,645.00
4.724024,920.8672,644.00
4.724024,920.9150,605.00
4.724024,920.9628,679.00
4.724024,921.0106,637.00
4.724024,921.0584,688.00
4.724024,921.1062,600.00
4.724024,921.1540,668.00
4.724024,921.2017,621.00
4.724024,921.2495,644.00
4.724024,921.2973,598.00
4.724024,921.3450,648.00
4.724024,921.3928,612.00
4.724024,921.4405,670.00
4.724024,921.4882,590.00
4.724024,921.5359,659.00
4.724024,921.5837,608.00
4.724024,921.6315,648.00
4.724024,921.6791,645.00
4.724024,921.7269,667.00
4.724024,921.7746,631.00
4.724024,921.8223,628.00
4.724024,921.8700,596.00
4.724024,921.9177,648.00
4.724024,921.9653,613.00
4.724024,922.0130,657.00
4.724024,922.0607,634.00
4.724024,922.1084,626.00
4.724024,922.1561,660.00
4.724024,922.2037,642.00
4.724024,922.2513,646.00
4.724024,922.2990,675.00
4.724024,922.3467,597.00
4.724024,922.3943,662.00
4.724024,922.4419,619.00
4.724024,922.4895,675.00
4.724024,922.5371,633.00
4.724024,922.5848,632.00
4.724024,922.6324,629.00
4.724024,922.6800,657.00
4.724024,922.7276,577.00
4.724024,922.7752,672.00
4.724024,922.8228,628.00
4.724024,922.8704,670.00
4.724024,922.9179,624.00
4.724024,922.9655,680.00
4.724024,923.0130,630.00
4.724024,923.0607,678.00
4.724024,923.1082,617.00
4.724024,923.1558,676.00
4.724024,923.2032,650.00
4.724024,923.2508,651.00
4.724024,923.2983,655.00
4.724024,923.3459,656.00
4.724024,923.3934,644.00
4.724024,923.4409,647.00
4.724024,923.4884,615.00
4.724024,923.5359,653.00
4.724024,923.5834,588.00
4.724024,923.6309,660.00
4.724024,923.6784,617.00
4.724024,923.7259,675.00
4.724024,923.7734,614.00
4.724024,923.8209,638.00
4.724024,923.8683,582.00
4.724024,923.9158,676.00
4.724024,923.9632,619.00
4.724024,924.0106,679.00
4.724024,924.0581,619.00
4.724024,924.1056,649.00
4.724024,924.1530,650.00
4.724024,924.2004,673.00
4.724024,924.2479,599.00
4.724024,924.2952,645.00
4.724024,924.3427,588.00
4.724024,924.3901,681.00
4.724024,924.4375,624.00
4.724024,924.4849,691.00
4.724024,924.5323,660.00
4.724024,924.5797,642.00
4.724024,924.6270,660.00
4.724024,924.6744,668.00
4.724024,924.7218,623.00
4.724024,924.7692,676.00
4.724024,924.8165,613.00
4.724024,924.8639,672.00
4.724024,924.9112,642.00
4.724024,924.9585,665.00
4.724024,925.0059,678.00
4.724024,925.0532,630.00
4.724024,925.1005,624.00
4.724024,925.1478,709.00
4.724024,925.1952,634.00
4.724024,925.2424,681.00
4.724024,925.2897,645.00
4.724024,925.3370,684.00
4.724024,925.3843,654.00
4.724024,925.4316,661.00
4.724024,925.4789,618.00
4.724024,925.5262,672.00
4.724024,925.5734,626.00
4.724024,925.6207,681.00
4.724024,925.6680,636.00
4.724024,925.7153,687.00
4.724024,925.7625,658.00
4.724024,925.8097,667.00
4.724024,925.8569,666.00
4.724024,925.9042,656.00
4.724024,925.9514,613.00
4.724024,925.9987,691.00
4.724024,926.0458,617.00
4.724024,926.0930,679.00
4.724024,926.1403,638.00
4.724024,926.1874,672.00
4.724024,926.2346,659.00
4.724024,926.2819,678.00
4.724024,926.3290,627.00
4.724024,926.3762,645.00
4.724024,926.4233,596.00
4.724024,926.4705,707.00
4.724024,926.5177,661.00
4.724024,926.5648,697.00
4.724024,926.6120,696.00
4.724024,926.6591,688.00
4.724024,926.7063,679.00
4.724024,926.7534,654.00
4.724024,926.8005,604.00
4.724024,926.8477,692.00
4.724024,926.8947,678.00
4.724024,926.9418,713.00
4.724024,926.9890,673.00
4.724024,927.0361,690.00
4.724024,927.0831,654.00
4.724024,927.1302,689.00
4.724024,927.1773,634.00
4.724024,927.2244,694.00
4.724024,927.2715,659.00
4.724024,927.3185,683.00
4.724024,927.3656,648.00
4.724024,927.4126,701.00
4.724024,927.4597,713.00
4.724024,927.5067,663.00
4.724024,927.5538,627.00
4.724024,927.6008,718.00
4.724024,927.6478,660.00
4.724024,927.6949,718.00
4.724024,927.7419,661.00
4.724024,927.7888,701.00
4.724024,927.8358,687.00
4.724024,927.8829,704.00
4.724024,927.9299,639.00
4.724024,927.9769,722.00
4.724024,928.0239,658.00
4.724024,928.0708,699.00
4.724024,928.1177,664.00
4.724024,928.1648,727.00
4.724024,928.2117,683.00
4.724024,928.2587,671.00
4.724024,928.3056,653.00
4.724024,928.3525,698.00
4.724024,928.3995,621.00
4.724024,928.4465,705.00
4.724024,928.4934,661.00
4.724024,928.5402,704.00
4.724024,928.5872,665.00
4.724024,928.6340,704.00
4.724024,928.6810,680.00
4.724024,928.7279,662.00
4.724024,928.7748,652.00
4.724024,928.8217,698.00
4.724024,928.8685,642.00
4.724024,928.9155,694.00
4.724024,928.9623,645.00
4.724024,929.0092,694.00
4.724024,929.0560,641.00
4.724024,929.1028,667.00
4.724024,929.1498,653.00
4.724024,929.1965,678.00
4.724024,929.2434,651.00
4.724024,929.2902,696.00
4.724024,929.3370,625.00
4.724024,929.3839,682.00
4.724024,929.4307,653.00
4.724024,929.4775,663.00
4.724024,929.5243,648.00
4.724024,929.5710,662.00
4.724024,929.6179,647.00
4.724024,929.6647,690.00
4.724024,929.7115,627.00
4.724024,929.7582,660.00
4.724024,929.8050,635.00
4.724024,929.8517,705.00
4.724024,929.8986,663.00
4.724024,929.9453,673.00
4.724024,929.9921,648.00
4.724024,930.0388,695.00
4.724024,930.0854,624.00
4.724024,930.1323,685.00
4.724024,930.1790,636.00
4.724024,930.2256,700.00
4.724024,930.2724,643.00
4.724024,930.3191,674.00
4.724024,930.3658,648.00
4.724024,930.4125,670.00
4.724024,930.4592,614.00
4.724024,930.5059,685.00
4.724024,930.5526,641.00
4.724024,930.5993,688.00
4.724024,930.6459,659.00
4.724024,930.6926,665.00
4.724024,930.7392,654.00
4.724024,930.7859,684.00
4.724024,930.8325,614.00
4.724024,930.8792,689.00
4.724024,930.9258,664.00
4.724024,930.9725,717.00
4.724024,931.0190,650.00
4.724024,931.0657,691.00
4.724024,931.1123,674.00
4.724024,931.1589,666.00
4.724024,931.2055,636.00
4.724024,931.2521,671.00
4.724024,931.2987,621.00
4.724024,931.3453,677.00
4.724024,931.3919,655.00
4.724024,931.4385,690.00
4.724024,931.4850,667.00
4.724024,931.5316,686.00
4.724024,931.5782,640.00
4.724024,931.6248,649.00
4.724024,931.6713,637.00
4.724024,931.7178,711.00
4.724024,931.7643,653.00
4.724024,931.8109,716.00
4.724024,931.8574,688.00
4.724024,931.9039,664.00
4.724024,931.9504,667.00
4.724024,931.9969,692.00
4.724024,932.0435,624.00
4.724024,932.0900,676.00
4.724024,932.1365,624.00
4.724024,932.1829,703.00
4.724024,932.2294,640.00
4.724024,932.2759,694.00
4.724024,932.3223,624.00
4.724024,932.3688,646.00
4.724024,932.4153,655.00
4.724024,932.4617,704.00
4.724024,932.5082,637.00
4.724024,932.5546,670.00
4.724024,932.6011,629.00
4.724024,932.6475,709.00
4.724024,932.6939,700.00
4.724024,932.7402,676.00
4.724024,932.7867,643.00
4.724024,932.8331,690.00
4.724024,932.8795,616.00
4.724024,932.9259,706.00
4.724024,932.9723,636.00
4.724024,933.0187,707.00
4.724024,933.0651,679.00
4.724024,933.1115,664.00
4.724024,933.1578,659.00
4.724024,933.2042,664.00
4.724024,933.2505,635.00
4.724024,933.2969,701.00
4.724024,933.3433,668.00
4.724024,933.3896,709.00
4.724024,933.4359,658.00
4.724024,933.4822,731.00
4.724024,933.5286,640.00
4.724024,933.5749,682.00
4.724024,933.6212,682.00
4.724024,933.6675,699.00
4.724024,933.7138,641.00
4.724024,933.7601,734.00
4.724024,933.8064,681.00
4.724024,933.8527,673.00
4.724024,933.8989,659.00
4.724024,933.9452,694.00
4.724024,933.9915,689.00
4.724024,934.0378,688.00
4.724024,934.0840,630.00
4.724024,934.1302,763.00
4.724024,934.1765,647.00
4.724024,934.2227,728.00
4.724024,934.2690,688.00
4.724024,934.3152,697.00
4.724024,934.3614,687.00
4.724024,934.4077,705.00
4.724024,934.4539,648.00
4.724024,934.5001,716.00
4.724024,934.5463,642.00
4.724024,934.5925,727.00
4.724024,934.6387,702.00
4.724024,934.6848,696.00
4.724024,934.7310,668.00
4.724024,934.7772,707.00
4.724024,934.8234,653.00
4.724024,934.8695,667.00
4.724024,934.9156,638.00
4.724024,934.9619,720.00
4.724024,935.0080,679.00
4.724024,935.0541,720.00
4.724024,935.1002,715.00
4.724024,935.1464,705.00
4.724024,935.1925,660.00
4.724024,935.2386,717.00
4.724024,935.2847,696.00
4.724024,935.3308,733.00
4.724024,935.3769,684.00
4.724024,935.4230,746.00
4.724024,935.4691,666.00
4.724024,935.5152,716.00
4.724024,935.5613,684.00
4.724024,935.6073,700.00
4.724024,935.6534,661.00
4.724024,935.6995,697.00
4.724024,935.7455,652.00
4.724024,935.7916,714.00
4.724024,935.8376,678.00
4.724024,935.8837,732.00
4.724024,935.9297,666.00
4.724024,935.9757,686.00
4.724024,936.0217,639.00
4.724024,936.0677,661.00
4.724024,936.1137,624.00
4.724024,936.1598,693.00
4.724024,936.2057,655.00
4.724024,936.2518,705.00
4.724024,936.2977,658.00
4.724024,936.3437,698.00
4.724024,936.3896,642.00
4.724024,936.4357,681.00
4.724024,936.4816,620.00
4.724024,936.5275,687.00
4.724024,936.5735,621.00
4.724024,936.6194,685.00
4.724024,936.6654,666.00
4.724024,936.7114,650.00
4.724024,936.7573,623.00
4.724024,936.8032,656.00
4.724024,936.8491,588.00
4.724024,936.8950,631.00
4.724024,936.9409,611.00
4.724024,936.9868,671.00
4.724024,937.0327,620.00
4.724024,937.0786,712.00
4.724024,937.1245,641.00
4.724024,937.1704,641.00
4.724024,937.2162,605.00
4.724024,937.2621,670.00
4.724024,937.3080,600.00
4.724024,937.3539,650.00
4.724024,937.3997,600.00
4.724024,937.4455,676.00
4.724024,937.4913,633.00
4.724024,937.5372,674.00
4.724024,937.5831,619.00
4.724024,937.6289,622.00
4.724024,937.6747,610.00
4.724024,937.7205,684.00
4.724024,937.7663,585.00
4.724024,937.8121,665.00
4.724024,937.8579,613.00
4.724024,937.9037,643.00
4.724024,937.9495,648.00
4.724024,937.9952,648.00
4.724024,938.0410,616.00
4.724024,938.0868,644.00
4.724024,938.1325,585.00
4.724024,938.1783,674.00
4.724024,938.2240,594.00
4.724024,938.2698,668.00
4.724024,938.3155,618.00
4.724024,938.3613,624.00
4.724024,938.4069,609.00
4.724024,938.4527,607.00
4.724024,938.4984,604.00
4.724024,938.5441,669.00
4.724024,938.5898,620.00
4.724024,938.6356,680.00
4.724024,938.6812,643.00
4.724024,938.7269,680.00
4.724024,938.7726,632.00
4.724024,938.8182,664.00
4.724024,938.8640,646.00
4.724024,938.9096,681.00
4.724024,938.9552,618.00
4.724024,939.0010,678.00
4.724024,939.0466,676.00
4.724024,939.0922,679.00
4.724024,939.1378,670.00
4.724024,939.1835,677.00
4.724024,939.2291,601.00
4.724024,939.2747,678.00
4.724024,939.3203,623.00
4.724024,939.3659,701.00
4.724024,939.4115,694.00
4.724024,939.4570,682.00
4.724024,939.5027,667.00
4.724024,939.5483,691.00
4.724024,939.5939,620.00
4.724024,939.6395,683.00
4.724024,939.6851,633.00
4.724024,939.7306,715.00
4.724024,939.7761,639.00
4.724024,939.8217,696.00
4.724024,939.8672,657.00
4.724024,939.9127,702.00
4.724024,939.9583,661.00
4.724024,940.0038,675.00
4.724024,940.0493,622.00
4.724024,940.0948,710.00
4.724024,940.1403,655.00
4.724024,940.1859,758.00
4.724024,940.2314,677.00
4.724024,940.2769,679.00
4.724024,940.3223,657.00
4.724024,940.3678,691.00
4.724024,940.4133,659.00
4.724024,940.4588,678.00
4.724024,940.5042,653.00
4.724024,940.5497,726.00
4.724024,940.5952,629.00
4.724024,940.6406,719.00
4.724024,940.6860,693.00
4.724024,940.7315,696.00
4.724024,940.7769,671.00
4.724024,940.8223,694.00
4.724024,940.8677,669.00
4.724024,940.9132,698.00
4.724024,940.9586,662.00
4.724024,941.0040,741.00
4.724024,941.0494,703.00
4.724024,941.0948,696.00
4.724024,941.1402,671.00
4.724024,941.1855,679.00
4.724024,941.2310,628.00
4.724024,941.2762,719.00
4.724024,941.3216,648.00
4.724024,941.3670,725.00
4.724024,941.4124,639.00
4.724024,941.4577,680.00
4.724024,941.5031,657.00
4.724024,941.5483,690.00
4.724024,941.5937,656.00
4.724024,941.6390,701.00
4.724024,941.6843,632.00
4.724024,941.7296,710.00
4.724024,941.7749,647.00
4.724024,941.8203,692.00
4.724024,941.8655,662.00
4.724024,941.9108,682.00
4.724024,941.9561,651.00
4.724024,942.0013,671.00
4.724024,942.0467,650.00
4.724024,942.0920,705.00
4.724024,942.1372,665.00
4.724024,942.1824,703.00
4.724024,942.2277,643.00
4.724024,942.2729,679.00
4.724024,942.3182,648.00
4.724024,942.3634,702.00
4.724024,942.4086,647.00
4.724024,942.4539,683.00
4.724024,942.4990,635.00
4.724024,942.5443,714.00
4.724024,942.5895,655.00
4.724024,942.6347,711.00
4.724024,942.6798,633.00
4.724024,942.7250,657.00
4.724024,942.7702,637.00
4.724024,942.8154,711.00
4.724024,942.8606,627.00
4.724024,942.9058,710.00
4.724024,942.9508,664.00
4.724024,942.9960,694.00
4.724024,943.0412,659.00
4.724024,943.0864,689.00
4.724024,943.1314,633.00
4.724024,943.1766,714.00
4.724024,943.2217,673.00
4.724024,943.2668,701.00
4.724024,943.3120,648.00
4.724024,943.3571,738.00
4.724024,943.4021,683.00
4.724024,943.4473,732.00
4.724024,943.4923,666.00
4.724024,943.5374,722.00
4.724024,943.5825,663.00
4.724024,943.6276,691.00
4.724024,943.6725,620.00
4.724024,943.7177,717.00
4.724024,943.7627,681.00
4.724024,943.8078,665.00
4.724024,943.8528,657.00
4.724024,943.8978,736.00
4.724024,943.9429,664.00
4.724024,943.9879,698.00
4.724024,944.0330,662.00
4.724024,944.0779,714.00
4.724024,944.1229,700.00
4.724024,944.1679,734.00
4.724024,944.2130,691.00
4.724024,944.2579,707.00
4.724024,944.3029,677.00
4.724024,944.3478,648.00
4.724024,944.3929,649.00
4.724024,944.4379,727.00
4.724024,944.4828,651.00
4.724024,944.5277,730.00
4.724024,944.5727,672.00
4.724024,944.6176,722.00
4.724024,944.6626,669.00
4.724024,944.7076,717.00
4.724024,944.7524,637.00
4.724024,944.7974,698.00
4.724024,944.8423,655.00
4.724024,944.8872,730.00
4.724024,944.9321,702.00
4.724024,944.9770,708.00
4.724024,945.0219,681.00
4.724024,945.0667,709.00
4.724024,945.1116,669.00
4.724024,945.1566,679.00
4.724024,945.2014,654.00
4.724024,945.2463,732.00
4.724024,945.2911,664.00
4.724024,945.3360,736.00
4.724024,945.3808,697.00
4.724024,945.4257,685.00
4.724024,945.4705,652.00
4.724024,945.5153,696.00
4.724024,945.5601,632.00
4.724024,945.6050,750.00
4.724024,945.6498,664.00
4.724024,945.6946,670.00
4.724024,945.7394,680.00
4.724024,945.7842,680.00
4.724024,945.8290,653.00
4.724024,945.8738,712.00
4.724024,945.9186,671.00
4.724024,945.9633,700.00
4.724024,946.0081,632.00
4.724024,946.0529,712.00
4.724024,946.0976,662.00
4.724024,946.1423,665.00
4.724024,946.1871,636.00
4.724024,946.2318,710.00
4.724024,946.2766,616.00
4.724024,946.3213,681.00
4.724024,946.3660,646.00
4.724024,946.4107,674.00
4.724024,946.4554,643.00
4.724024,946.5001,682.00
4.724024,946.5449,650.00
4.724024,946.5895,653.00
4.724024,946.6342,599.00
4.724024,946.6789,693.00
4.724024,946.7236,645.00
4.724024,946.7682,695.00
4.724024,946.8129,648.00
4.724024,946.8575,751.00
4.724024,946.9022,652.00
4.724024,946.9468,714.00
4.724024,946.9915,655.00
4.724024,947.0361,692.00
4.724024,947.0807,649.00
4.724024,947.1253,678.00
4.724024,947.1700,607.00
4.724024,947.2146,695.00
4.724024,947.2592,626.00
4.724024,947.3038,690.00
4.724024,947.3483,675.00
4.724024,947.3929,709.00
4.724024,947.4376,637.00
4.724024,947.4821,667.00
4.724024,947.5267,647.00
4.724024,947.5712,709.00
4.724024,947.6158,642.00
4.724024,947.6604,672.00
4.724024,947.7050,659.00
4.724024,947.7495,627.00
4.724024,947.7939,650.00
4.724024,947.8385,665.00
4.724024,947.8831,612.00
4.724024,947.9276,677.00
4.724024,947.9720,635.00
4.724024,948.0166,679.00
4.724024,948.0611,620.00
4.724024,948.1056,662.00
4.724024,948.1501,624.00
4.724024,948.1945,665.00
4.724024,948.2390,627.00
4.724024,948.2835,682.00
4.724024,948.3279,583.00
4.724024,948.3724,688.00
4.724024,948.4169,644.00
4.724024,948.4613,695.00
4.724024,948.5057,645.00
4.724024,948.5502,623.00
4.724024,948.5947,602.00
4.724024,948.6391,688.00
4.724024,948.6835,641.00
4.724024,948.7279,710.00
4.724024,948.7723,645.00
4.724024,948.8167,657.00
4.724024,948.8611,608.00
4.724024,948.9055,648.00
4.724024,948.9498,621.00
4.724024,948.9943,672.00
4.724024,949.0387,626.00
4.724024,949.0830,670.00
4.724024,949.1273,636.00
4.724024,949.1718,682.00
4.724024,949.2161,658.00
4.724024,949.2604,693.00
4.724024,949.3047,625.00
4.724024,949.3491,636.00
4.724024,949.3934,621.00
4.724024,949.4377,679.00
4.724024,949.4821,606.00
4.724024,949.5264,692.00
4.724024,949.5707,650.00
4.724024,949.6150,654.00
4.724024,949.6592,649.00
4.724024,949.7036,651.00
4.724024,949.7479,606.00
4.724024,949.7921,695.00
4.724024,949.8363,637.00
4.724024,949.8806,670.00
4.724024,949.9249,651.00
4.724024,949.9692,703.00
4.724024,950.0134,609.00
4.724024,950.0576,684.00
4.724024,950.1019,627.00
4.724024,950.1461,679.00
4.724024,950.1903,615.00
4.724024,950.2346,698.00
4.724024,950.2787,664.00
4.724024,950.3229,717.00
4.724024,950.3671,671.00
4.724024,950.4114,673.00
4.724024,950.4555,657.00
4.724024,950.4997,658.00
4.724024,950.5439,654.00
4.724024,950.5880,727.00
4.724024,950.6322,638.00
4.724024,950.6763,674.00
4.724024,950.7205,651.00
4.724024,950.7646,673.00
4.724024,950.8088,633.00
4.724024,950.8530,679.00
4.724024,950.8971,675.00
4.724024,950.9412,681.00
4.724024,950.9853,632.00
4.724024,951.0294,692.00
4.724024,951.0735,647.00
4.724024,951.1177,713.00
4.724024,951.1617,668.00
4.724024,951.2057,686.00
4.724024,951.2499,692.00
4.724024,951.2939,673.00
4.724024,951.3380,642.00
4.724024,951.3821,698.00
4.724024,951.4261,651.00
4.724024,951.4702,678.00
4.724024,951.5142,664.00
4.724024,951.5582,685.00
4.724024,951.6024,639.00
4.724024,951.6464,699.00
4.724024,951.6904,651.00
4.724024,951.7344,696.00
4.724024,951.7784,604.00
4.724024,951.8224,699.00
4.724024,951.8665,649.00
4.724024,951.9104,699.00
4.724024,951.9544,652.00
4.724024,951.9984,668.00
4.724024,952.0424,641.00
4.724024,952.0864,694.00
4.724024,952.1303,627.00
4.724024,952.1743,738.00
4.724024,952.2183,682.00
4.724024,952.2621,706.00
4.724024,952.3061,675.00
4.724024,952.3500,693.00
4.724024,952.3940,669.00
4.724024,952.4379,671.00
4.724024,952.4818,645.00
4.724024,952.5258,705.00
4.724024,952.5696,674.00
4.724024,952.6136,724.00
4.724024,952.6574,629.00
4.724024,952.7014,684.00
4.724024,952.7452,624.00
4.724024,952.7891,671.00
4.724024,952.8330,642.00
4.724024,952.8768,684.00
4.724024,952.9207,640.00
4.724024,952.9645,742.00
4.724024,953.0084,653.00
4.724024,953.0522,685.00
4.724024,953.0961,688.00
4.724024,953.1400,672.00
4.724024,953.1838,655.00
4.724024,953.2275,670.00
4.724024,953.2714,630.00
4.724024,953.3152,720.00
4.724024,953.3589,680.00
4.724024,953.4028,703.00
4.724024,953.4466,647.00
4.724024,953.4904,663.00
4.724024,953.5341,654.00
4.724024,953.5779,670.00
4.724024,953.6217,647.00
4.724024,953.6654,653.00
4.724024,953.7092,623.00
4.724024,953.7529,725.00
4.724024,953.7967,617.00
4.724024,953.8405,691.00
4.724024,953.8842,640.00
4.724024,953.9279,651.00
4.724024,953.9716,638.00
4.724024,954.0153,694.00
4.724024,954.0590,617.00
4.724024,954.1027,638.00
4.724024,954.1464,641.00
4.724024,954.1901,665.00
4.724024,954.2338,649.00
4.724024,954.2774,684.00
4.724024,954.3212,641.00
4.724024,954.3648,674.00
4.724024,954.4084,616.00
4.724024,954.4521,668.00
4.724024,954.4958,650.00
4.724024,954.5394,670.00
4.724024,954.5831,635.00
4.724024,954.6267,668.00
4.724024,954.6703,654.00
4.724024,954.7139,653.00
4.724024,954.7576,631.00
4.724024,954.8012,683.00
4.724024,954.8448,594.00
4.724024,954.8884,673.00
4.724024,954.9319,626.00
4.724024,954.9755,673.00
4.724024,955.0191,645.00
4.724024,955.0627,623.00
4.724024,955.1063,604.00
4.724024,955.1498,659.00
4.724024,955.1934,608.00
4.724024,955.2369,654.00
4.724024,955.2805,607.00
4.724024,955.3240,664.00
4.724024,955.3675,627.00
4.724024,955.4111,658.00
4.724024,955.4546,627.00
4.724024,955.4981,673.00
4.724024,955.5416,612.00
4.724024,955.5851,673.00
4.724024,955.6285,635.00
4.724024,955.6722,665.00
4.724024,955.7156,636.00
4.724024,955.7590,654.00
4.724024,955.8025,652.00
4.724024,955.8460,669.00
4.724024,955.8895,594.00
4.724024,955.9329,660.00
4.724024,955.9764,635.00
4.724024,956.0198,678.00
4.724024,956.0632,642.00
4.724024,956.1067,673.00
4.724024,956.1501,656.00
4.724024,956.1935,665.00
4.724024,956.2369,607.00
4.724024,956.2803,643.00
4.724024,956.3238,590.00
4.724024,956.3671,698.00
4.724024,956.4105,624.00
4.724024,956.4539,685.00
4.724024,956.4973,633.00
4.724024,956.5406,617.00
4.724024,956.5841,641.00
4.724024,956.6274,662.00
4.724024,956.6707,602.00
4.724024,956.7141,702.00
4.724024,956.7575,626.00
4.724024,956.8008,674.00
4.724024,956.8442,627.00
4.724024,956.8875,675.00
4.724024,956.9308,629.00
4.724024,956.9741,659.00
4.724024,957.0174,641.00
4.724024,957.0607,629.00
4.724024,957.1040,585.00
4.724024,957.1473,688.00
4.724024,957.1906,605.00
4.724024,957.2339,684.00
4.724024,957.2772,672.00
4.724024,957.3204,670.00
4.724024,957.3636,632.00
4.724024,957.4069,684.00
4.724024,957.4502,612.00
4.724024,957.4934,678.00
4.724024,957.5366,643.00
4.724024,957.5799,652.00
4.724024,957.6230,648.00
4.724024,957.6664,664.00
4.724024,957.7095,655.00
4.724024,957.7527,711.00
4.724024,957.7959,610.00
4.724024,957.8392,674.00
4.724024,957.8823,624.00
4.724024,957.9255,735.00
4.724024,957.9687,673.00
4.724024,958.0118,659.00
4.724024,958.0551,629.00
4.724024,958.0983,706.00
4.724024,958.1414,619.00
4.724024,958.1845,698.00
4.724024,958.2277,643.00
4.724024,958.2708,712.00
4.724024,958.3139,643.00
4.724024,958.3571,691.00
4.724024,958.4001,665.00
4.724024,958.4432,685.00
4.724024,958.4864,648.00
4.724024,958.5295,667.00
4.724024,958.5726,657.00
4.724024,958.6157,696.00
4.724024,958.6588,648.00
4.724024,958.7018,708.00
4.724024,958.7449,645.00
4.724024,958.7879,702.00
4.724024,958.8311,644.00
4.724024,958.8741,686.00
4.724024,958.9171,632.00
4.724024,958.9601,712.00
4.724024,959.0032,649.00
4.724024,959.0463,712.00
4.724024,959.0893,667.00
4.724024,959.1323,676.00
4.724024,959.1752,658.00
4.724024,959.2183,704.00
4.724024,959.2613,642.00
4.724024,959.3043,675.00
4.724024,959.3472,622.00
4.724024,959.3903,661.00
4.724024,959.4332,616.00
4.724024,959.4763,665.00
4.724024,959.5192,647.00
4.724024,959.5621,627.00
4.724024,959.6051,636.00
4.724024,959.6480,678.00
4.724024,959.6910,586.00
4.724024,959.7339,677.00
4.724024,959.7768,615.00
4.724024,959.8198,668.00
4.724024,959.8627,617.00
4.724024,959.9056,651.00
4.724024,959.9485,608.00
4.724024,959.9915,647.00
4.724024,960.0343,560.00
4.724024,960.0771,678.00
4.724024,960.1201,621.00
4.724024,960.1630,656.00
4.724024,960.2058,625.00
4.724024,960.2487,626.00
4.724024,960.2915,653.00
4.724024,960.3344,620.00
4.724024,960.3773,576.00
4.724024,960.4200,664.00
4.724024,960.4629,565.00
4.724024,960.5057,652.00
4.724024,960.5485,606.00
4.724024,960.5914,642.00
4.724024,960.6342,638.00
4.724024,960.6770,622.00
4.724024,960.7198,622.00
4.724024,960.7626,633.00
4.724024,960.8054,595.00
4.724024,960.8481,635.00
4.724024,960.8909,635.00
4.724024,960.9337,669.00
4.724024,960.9764,612.00
4.724024,961.0192,637.00
4.724024,961.0620,609.00
4.724024,961.1047,659.00
4.724024,961.1475,604.00
4.724024,961.1902,648.00
4.724024,961.2329,602.00
4.724024,961.2757,662.00
4.724024,961.3184,641.00
4.724024,961.3611,630.00
4.724024,961.4037,634.00
4.724024,961.4465,647.00
4.724024,961.4892,589.00
4.724024,961.5319,664.00
4.724024,961.5745,589.00
4.724024,961.6172,667.00
4.724024,961.6599,635.00
4.724024,961.7026,696.00
4.724024,961.7452,638.00
4.724024,961.7878,642.00
4.724024,961.8304,645.00
4.724024,961.8731,677.00
4.724024,961.9157,600.00
4.724024,961.9584,657.00
4.724024,962.0010,647.00
4.724024,962.0436,660.00
4.724024,962.0862,634.00
4.724024,962.1288,626.00
4.724024,962.1714,618.00
4.724024,962.2140,637.00
4.724024,962.2565,586.00
4.724024,962.2991,659.00
4.724024,962.3417,595.00
4.724024,962.3843,669.00
4.724024,962.4268,648.00
4.724024,962.4694,645.00
4.724024,962.5119,629.00
4.724024,962.5545,685.00
4.724024,962.5970,592.00
4.724024,962.6396,662.00
4.724024,962.6821,590.00
4.724024,962.7246,710.00
4.724024,962.7671,642.00
4.724024,962.8096,676.00
4.724024,962.8522,637.00
4.724024,962.8947,631.00
4.724024,962.9371,601.00
4.724024,962.9796,627.00
4.724024,963.0222,628.00
4.724024,963.0646,658.00
4.724024,963.1070,601.00
4.724024,963.1495,644.00
4.724024,963.1919,623.00
4.724024,963.2344,634.00
4.724024,963.2768,613.00
4.724024,963.3193,652.00
4.724024,963.3616,628.00
4.724024,963.4041,657.00
4.724024,963.4465,595.00
4.724024,963.4889,670.00
4.724024,963.5314,634.00
4.724024,963.5737,652.00
4.724024,963.6161,620.00
4.724024,963.6585,641.00
4.724024,963.7009,579.00
4.724024,963.7433,637.00
4.724024,963.7856,624.00
4.724024,963.8280,690.00
4.724024,963.8704,594.00
4.724024,963.9127,665.00
4.724024,963.9551,644.00
4.724024,963.9974,632.00
4.724024,964.0397,629.00
4.724024,964.0820,631.00
4.724024,964.1244,606.00
4.724024,964.1667,672.00
4.724024,964.2090,630.00
4.724024,964.2513,668.00
4.724024,964.2936,633.00
4.724024,964.3359,647.00
4.724024,964.3782,636.00
4.724024,964.4205,641.00
4.724024,964.4627,588.00
4.724024,964.5050,644.00
4.724024,964.5472,609.00
4.724024,964.5895,664.00
4.724024,964.6317,628.00
4.724024,964.6740,638.00
4.724024,964.7162,630.00
4.724024,964.7585,622.00
4.724024,964.8007,612.00
4.724024,964.8429,646.00
4.724024,964.8851,589.00
4.724024,964.9273,685.00
4.724024,964.9695,595.00
4.724024,965.0118,652.00
4.724024,965.0539,617.00
4.724024,965.0961,670.00
4.724024,965.1382,662.00
4.724024,965.1805,653.00
4.724024,965.2226,590.00
4.724024,965.2648,670.00
4.724024,965.3069,603.00
4.724024,965.3491,639.00
4.724024,965.3912,628.00
4.724024,965.4333,639.00
4.724024,965.4755,631.00
4.724024,965.5176,655.00
4.724024,965.5598,595.00
4.724024,965.6019,688.00
4.724024,965.6439,601.00
4.724024,965.6861,661.00
4.724024,965.7281,577.00
4.724024,965.7702,619.00
4.724024,965.8123,604.00
4.724024,965.8543,646.00
4.724024,965.8964,590.00
4.724024,965.9385,662.00
4.724024,965.9806,627.00
4.724024,966.0226,658.00
4.724024,966.0647,629.00
4.724024,966.1068,627.00
4.724024,966.1487,627.00
4.724024,966.1907,635.00
4.724024,966.2328,613.00
4.724024,966.2748,630.00
4.724024,966.3168,613.00
4.724024,966.3588,631.00
4.724024,966.4008,603.00
4.724024,966.4427,636.00
4.724024,966.4848,607.00
4.724024,966.5268,624.00
4.724024,966.5688,609.00
4.724024,966.6107,657.00
4.724024,966.6526,586.00
4.724024,966.6946,677.00
4.724024,966.7366,566.00
4.724024,966.7785,668.00
4.724024,966.8204,606.00
4.724024,966.8624,677.00
4.724024,966.9042,634.00
4.724024,966.9462,599.00
4.724024,966.9881,600.00
4.724024,967.0300,607.00
4.724024,967.0719,566.00
4.724024,967.1138,661.00
4.724024,967.1556,593.00
4.724024,967.1976,678.00
4.724024,967.2394,637.00
4.724024,967.2813,621.00
4.724024,967.3232,598.00
4.724024,967.3651,666.00
4.724024,967.4070,583.00
4.724024,967.4488,664.00
4.724024,967.4906,578.00
4.724024,967.5324,669.00
4.724024,967.5743,649.00
4.724024,967.6161,655.00
4.724024,967.6579,632.00
4.724024,967.6997,661.00
4.724024,967.7415,596.00
4.724024,967.7833,656.00
4.724024,967.8251,577.00
4.724024,967.8669,678.00
4.724024,967.9087,638.00
4.724024,967.9504,634.00
4.724024,967.9922,646.00
4.724024,968.0339,662.00
4.724024,968.0757,613.00
4.724024,968.1174,659.00
4.724024,968.1592,607.00
4.724024,968.2009,655.00
4.724024,968.2427,579.00
4.724024,968.2844,660.00
4.724024,968.3262,673.00
4.724024,968.3679,637.00
4.724024,968.4095,635.00
4.724024,968.4512,641.00
4.724024,968.4930,590.00
4.724024,968.5347,694.00
4.724024,968.5763,658.00
4.724024,968.6180,675.00
4.724024,968.6597,588.00
4.724024,968.7014,675.00
4.724024,968.7430,607.00
4.724024,968.7846,649.00
4.724024,968.8263,593.00
4.724024,968.8679,664.00
4.724024,968.9095,615.00
4.724024,968.9512,691.00
4.724024,968.9928,640.00
4.724024,969.0344,650.00
4.724024,969.0761,614.00
4.724024,969.1177,645.00
4.724024,969.1592,603.00
4.724024,969.2009,640.00
4.724024,969.2424,601.00
4.724024,969.2839,653.00
4.724024,969.3255,600.00
4.724024,969.3672,655.00
4.724024,969.4087,632.00
4.724024,969.4503,678.00
4.724024,969.4918,580.00
4.724024,969.5333,634.00
4.724024,969.5749,561.00
4.724024,969.6165,666.00
4.724024,969.6580,607.00
4.724024,969.6995,646.00
4.724024,969.7410,653.00
4.724024,969.7825,632.00
4.724024,969.8240,645.00
4.724024,969.8655,633.00
4.724024,969.9070,595.00
4.724024,969.9484,658.00
4.724024,969.9899,594.00
4.724024,970.0314,622.00
4.724024,970.0728,622.00
4.724024,970.1143,633.00
4.724024,970.1558,647.00
4.724024,970.1971,673.00
4.724024,970.2386,591.00
4.724024,970.2801,661.00
4.724024,970.3215,594.00
4.724024,970.3629,665.00
4.724024,970.4044,616.00
4.724024,970.4457,657.00
4.724024,970.4872,652.00
4.724024,970.5286,621.00
4.724024,970.5699,614.00
4.724024,970.6113,620.00
4.724024,970.6527,596.00
4.724024,970.6941,652.00
4.724024,970.7354,636.00
4.724024,970.7768,611.00
4.724024,970.8182,608.00
4.724024,970.8595,656.00
4.724024,970.9009,612.00
4.724024,970.9422,602.00
4.724024,970.9835,571.00
4.724024,971.0248,644.00
4.724024,971.0662,574.00
4.724024,971.1075,652.00
4.724024,971.1487,609.00
4.724024,971.1901,617.00
4.724024,971.2314,604.00
4.724024,971.2727,597.00
4.724024,971.3140,562.00
4.724024,971.3552,612.00
4.724024,971.3965,542.00
4.724024,971.4377,638.00
4.724024,971.4789,596.00
4.724024,971.5203,607.00
4.724024,971.5615,602.00
4.724024,971.6027,605.00
4.724024,971.6439,575.00
4.724024,971.6852,632.00
4.724024,971.7264,583.00
4.724024,971.7676,639.00
4.724024,971.8088,576.00
4.724024,971.8500,609.00
4.724024,971.8912,604.00
4.724024,971.9324,627.00
4.724024,971.9736,631.00
4.724024,972.0148,604.00
4.724024,972.0560,630.00
4.724024,972.0972,660.00
4.724024,972.1384,591.00
4.724024,972.1794,631.00
4.724024,972.2206,600.00
4.724024,972.2617,603.00
4.724024,972.3029,592.00
4.724024,972.3439,599.00
4.724024,972.3851,575.00
4.724024,972.4262,598.00
4.724024,972.4673,511.00
4.724024,972.5085,642.00
4.724024,972.5496,563.00
4.724024,972.5907,609.00
4.724024,972.6317,581.00
4.724024,972.6729,579.00
4.724024,972.7139,567.00
4.724024,972.7549,589.00
4.724024,972.7961,520.00
4.724024,972.8371,616.00
4.724024,972.8781,585.00
4.724024,972.9191,655.00
4.724024,972.9602,578.00
4.724024,973.0013,608.00
4.724024,973.0423,608.00
4.724024,973.0833,602.00
4.724024,973.1243,551.00
4.724024,973.1653,607.00
4.724024,973.2064,564.00
4.724024,973.2473,644.00
4.724024,973.2883,615.00
4.724024,973.3293,629.00
4.724024,973.3703,567.00
4.724024,973.4113,614.00
4.724024,973.4522,586.00
4.724024,973.4931,609.00
4.724024,973.5341,584.00
4.724024,973.5750,639.00
4.724024,973.6160,593.00
4.724024,973.6570,659.00
4.724024,973.6978,628.00
4.724024,973.7388,612.00
4.724024,973.7797,599.00
4.724024,973.8206,612.00
4.724024,973.8615,545.00
4.724024,973.9024,602.00
4.724024,973.9433,576.00
4.724024,973.9842,647.00
4.724024,974.0250,588.00
4.724024,974.0660,640.00
4.724024,974.1068,625.00
4.724024,974.1476,608.00
4.724024,974.1885,563.00
4.724024,974.2294,598.00
4.724024,974.2702,580.00
4.724024,974.3110,638.00
4.724024,974.3519,604.00
4.724024,974.3927,641.00
4.724024,974.4335,613.00
4.724024,974.4743,598.00
4.724024,974.5151,583.00
4.724024,974.5559,628.00
4.724024,974.5967,568.00
4.724024,974.6375,658.00
4.724024,974.6783,575.00
4.724024,974.7191,667.00
4.724024,974.7598,638.00
4.724024,974.8006,642.00
4.724024,974.8413,615.00
4.724024,974.8821,633.00
4.724024,974.9229,633.00
4.724024,974.9636,635.00
4.724024,975.0043,609.00
4.724024,975.0450,647.00
4.724024,975.0858,612.00
4.724024,975.1265,648.00
4.724024,975.1672,647.00
4.724024,975.2079,650.00
4.724024,975.2485,581.00
4.724024,975.2892,682.00
4.724024,975.3300,600.00
4.724024,975.3706,677.00
4.724024,975.4113,657.00
4.724024,975.4519,674.00
4.724024,975.4926,657.00
4.724024,975.5333,658.00
4.724024,975.5739,584.00
4.724024,975.6146,648.00
4.724024,975.6552,583.00
4.724024,975.6958,666.00
4.724024,975.7363,599.00
4.724024,975.7770,664.00
4.724024,975.8176,652.00
4.724024,975.8582,659.00
4.724024,975.8989,643.00
4.724024,975.9395,637.00
4.724024,975.9800,636.00
4.724024,976.0206,670.00
4.724024,976.0611,587.00
4.724024,976.1017,701.00
4.724024,976.1423,626.00
4.724024,976.1829,658.00
4.724024,976.2234,637.00
4.724024,976.2639,691.00
4.724024,976.3044,616.00
4.724024,976.3450,657.00
4.724024,976.3855,607.00
4.724024,976.4260,652.00
4.724024,976.4665,657.00
4.724024,976.5070,678.00
4.724024,976.5475,626.00
4.724024,976.5880,637.00
4.724024,976.6285,592.00
4.724024,976.6690,640.00
4.724024,976.7095,561.00
4.724024,976.7500,667.00
4.724024,976.7905,616.00
4.724024,976.8308,678.00
4.724024,976.8713,620.00
4.724024,976.9117,634.00
4.724024,976.9521,613.00
4.724024,976.9926,650.00
4.724024,977.0330,603.00
4.724024,977.0734,658.00
4.724024,977.1139,615.00
4.724024,977.1542,650.00
4.724024,977.1947,597.00
4.724024,977.2350,639.00
4.724024,977.2755,615.00
4.724024,977.3158,607.00
4.724024,977.3562,583.00
4.724024,977.3965,646.00
4.724024,977.4370,569.00
4.724024,977.4773,651.00
4.724024,977.5176,585.00
4.724024,977.5579,625.00
4.724024,977.5983,579.00
4.724024,977.6387,624.00
4.724024,977.6790,571.00
4.724024,977.7192,612.00
4.724024,977.7595,588.00
4.724024,977.7999,645.00
4.724024,977.8402,616.00
4.724024,977.8805,593.00
4.724024,977.9208,578.00
4.724024,977.9610,572.00
4.724024,978.0013,558.00
4.724024,978.0417,610.00
4.724024,978.0819,540.00
4.724024,978.1221,623.00
4.724024,978.1624,566.00
4.724024,978.2026,601.00
4.724024,978.2428,555.00
4.724024,978.2831,586.00
4.724024,978.3233,609.00
4.724024,978.3635,575.00
4.724024,978.4037,556.00
4.724024,978.4440,603.00
4.724024,978.4842,543.00
4.724024,978.5244,614.00
4.724024,978.5645,561.00
4.724024,978.6047,572.00
4.724024,978.6449,527.00
4.724024,978.6851,593.00
4.724024,978.7253,535.00
4.724024,978.7654,578.00
4.724024,978.8055,544.00
4.724024,978.8458,575.00
4.724024,978.8859,556.00
4.724024,978.9260,631.00
4.724024,978.9661,559.00
4.724024,979.0062,574.00
4.724024,979.0463,559.00
4.724024,979.0864,598.00
4.724024,979.1266,499.00
4.724024,979.1666,631.00
4.724024,979.2067,571.00
4.724024,979.2469,591.00
4.724024,979.2869,605.00
4.724024,979.3270,613.00
4.724024,979.3671,599.00
4.724024,979.4071,597.00
4.724024,979.4471,553.00
4.724024,979.4871,584.00
4.724024,979.5272,546.00
4.724024,979.5673,635.00
4.724024,979.6072,592.00
4.724024,979.6473,590.00
4.724024,979.6873,586.00
4.724024,979.7273,591.00
4.724024,979.7673,573.00
4.724024,979.8073,600.00
4.724024,979.8473,535.00
4.724024,979.8873,621.00
4.724024,979.9273,587.00
4.724024,979.9673,618.00
4.724024,980.0072,570.00
4.724024,980.0471,575.00
4.724024,980.0872,594.00
4.724024,980.1271,603.00
4.724024,980.1671,553.00
4.724024,980.2069,633.00
4.724024,980.2469,547.00
4.724024,980.2868,615.00
4.724024,980.3267,563.00
4.724024,980.3666,628.00
4.724024,980.4065,584.00
4.724024,980.4464,609.00
4.724024,980.4863,575.00
4.724024,980.5262,623.00
4.724024,980.5660,546.00
4.724024,980.6060,640.00
4.724024,980.6458,576.00
4.724024,980.6857,625.00
4.724024,980.7255,571.00
4.724024,980.7654,591.00
4.724024,980.8052,572.00
4.724024,980.8450,610.00
4.724024,980.8849,568.00
4.724024,980.9247,607.00
4.724024,980.9645,575.00
4.724024,981.0043,606.00
4.724024,981.0441,609.00
4.724024,981.0839,600.00
4.724024,981.1237,591.00
4.724024,981.1635,621.00
4.724024,981.2033,513.00
4.724024,981.2430,620.00
4.724024,981.2828,524.00
4.724024,981.3226,625.00
4.724024,981.3624,560.00
4.724024,981.4021,584.00
4.724024,981.4418,564.00
4.724024,981.4816,604.00
4.724024,981.5213,552.00
4.724024,981.5610,628.00
4.724024,981.6008,548.00
4.724024,981.6404,608.00
4.724024,981.6802,554.00
4.724024,981.7198,602.00
4.724024,981.7596,592.00
4.724024,981.7993,580.00
4.724024,981.8389,538.00
4.724024,981.8786,585.00
4.724024,981.9182,537.00
4.724024,981.9579,600.00
4.724024,981.9976,558.00
4.724024,982.0372,607.00
4.724024,982.0768,534.00
4.724024,982.1165,552.00
4.724024,982.1561,554.00
4.724024,982.1958,603.00
4.724024,982.2354,519.00
4.724024,982.2750,587.00
4.724024,982.3146,522.00
4.724024,982.3541,591.00
4.724024,982.3937,555.00
4.724024,982.4333,571.00
4.724024,982.4730,563.00
4.724024,982.5125,571.00
4.724024,982.5521,533.00
4.724024,982.5917,561.00
4.724024,982.6312,527.00
4.724024,982.6707,601.00
4.724024,982.7103,571.00
4.724024,982.7498,566.00
4.724024,982.7893,550.00
4.724024,982.8289,565.00
4.724024,982.8683,520.00
4.724024,982.9079,545.00
4.724024,982.9474,521.00
4.724024,982.9869,601.00
4.724024,983.0264,510.00
4.724024,983.0659,598.00
4.724024,983.1053,560.00
4.724024,983.1448,594.00
4.724024,983.1843,546.00
4.724024,983.2238,599.00
4.724024,983.2632,555.00
4.724024,983.3027,606.00
4.724024,983.3420,563.00
4.724024,983.3816,567.00
4.724024,983.4210,581.00
4.724024,983.4604,573.00
4.724024,983.4998,551.00
4.724024,983.5392,551.00
4.724024,983.5786,509.00
4.724024,983.6180,550.00
4.724024,983.6574,552.00
4.724024,983.6968,585.00
4.724024,983.7361,565.00
4.724024,983.7755,596.00
4.724024,983.8149,515.00
4.724024,983.8543,574.00
4.724024,983.8936,548.00
4.724024,983.9329,580.00
4.724024,983.9723,494.00
4.724024,984.0116,579.00
4.724024,984.0510,539.00
4.724024,984.0903,592.00
4.724024,984.1296,574.00
4.724024,984.1689,595.00
4.724024,984.2083,587.00
4.724024,984.2476,563.00
4.724024,984.2868,532.00
4.724024,984.3261,573.00
4.724024,984.3654,503.00
4.724024,984.4046,589.00
4.724024,984.4440,519.00
4.724024,984.4832,618.00
4.724024,984.5225,516.00
4.724024,984.5616,551.00
4.724024,984.6010,516.00
4.724024,984.6402,575.00
4.724024,984.6794,501.00
4.724024,984.7186,596.00
4.724024,984.7578,563.00
4.724024,984.7970,612.00
4.724024,984.8362,551.00
4.724024,984.8755,552.00
4.724024,984.9146,576.00
4.724024,984.9538,569.00
4.724024,984.9930,510.00
4.724024,985.0322,619.00
4.724024,985.0714,560.00
4.724024,985.1105,594.00
4.724024,985.1497,556.00
4.724024,985.1888,553.00
4.724024,985.2279,547.00
4.724024,985.2671,546.00
4.724024,985.3062,541.00
4.724024,985.3453,570.00
4.724024,985.3845,534.00
4.724024,985.4236,563.00
4.724024,985.4626,553.00
4.724024,985.5017,596.00
4.724024,985.5408,601.00
4.724024,985.5799,599.00
4.724024,985.6190,527.00
4.724024,985.6581,602.00
4.724024,985.6971,500.00
4.724024,985.7362,580.00
4.724024,985.7752,535.00
4.724024,985.8143,573.00
4.724024,985.8533,533.00
4.724024,985.8924,572.00
4.724024,985.9314,554.00
4.724024,985.9704,579.00
4.724024,986.0094,516.00
4.724024,986.0484,598.00
4.724024,986.0875,518.00
4.724024,986.1265,605.00
4.724024,986.1655,535.00
4.724024,986.2044,546.00
4.724024,986.2434,543.00
4.724024,986.2823,569.00
4.724024,986.3214,500.00
4.724024,986.3603,553.00
4.724024,986.3992,477.00
4.724024,986.4382,573.00
4.724024,986.4771,528.00
4.724024,986.5161,584.00
4.724024,986.5550,536.00
4.724024,986.5939,548.00
4.724024,986.6329,542.00
4.724024,986.6718,566.00
4.724024,986.7106,498.00
4.724024,986.7495,564.00
4.724024,986.7884,556.00
4.724024,986.8273,561.00
4.724024,986.8661,531.00
4.724024,986.9050,575.00
4.724024,986.9438,522.00
4.724024,986.9828,534.00
4.724024,987.0216,510.00
4.724024,987.0605,575.00
4.724024,987.0993,505.00
4.724024,987.1381,573.00
4.724024,987.1769,553.00
4.724024,987.2158,541.00
4.724024,987.2546,539.00
4.724024,987.2934,582.00
4.724024,987.3322,486.00
4.724024,987.3710,558.00
4.724024,987.4097,486.00
4.724024,987.4486,547.00
4.724024,987.4873,509.00
4.724024,987.5261,557.00
4.724024,987.5649,537.00
4.724024,987.6036,521.00
4.724024,987.6423,505.00
4.724024,987.6812,528.00
4.724024,987.7198,480.00
4.724024,987.7586,592.00
4.724024,987.7972,516.00
4.724024,987.8361,566.00
4.724024,987.8748,494.00
4.724024,987.9135,518.00
4.724024,987.9521,516.00
4.724024,987.9908,536.00
4.724024,988.0295,521.00
4.724024,988.0681,555.00
4.724024,988.1069,485.00
4.724024,988.1456,572.00
4.724024,988.1842,552.00
4.724024,988.2228,550.00
4.724024,988.2615,531.00
4.724024,988.3002,530.00
4.724024,988.3388,460.00
4.724024,988.3774,528.00
4.724024,988.4160,517.00
4.724024,988.4546,543.00
4.724024,988.4933,531.00
4.724024,988.5319,534.00
4.724024,988.5704,530.00
4.724024,988.6090,510.00
4.724024,988.6476,495.00
4.724024,988.6862,545.00
4.724024,988.7248,529.00
4.724024,988.7634,569.00
4.724024,988.8019,517.00
4.724024,988.8405,537.00
4.724024,988.8790,512.00
4.724024,988.9176,544.00
4.724024,988.9561,486.00
4.724024,988.9946,522.00
4.724024,989.0332,504.00
4.724024,989.0717,532.00
4.724024,989.1102,492.00
4.724024,989.1487,537.00
4.724024,989.1871,513.00
4.724024,989.2256,532.00
4.724024,989.2641,536.00
4.724024,989.3027,532.00
4.724024,989.3411,508.00
4.724024,989.3795,548.00
4.724024,989.4180,466.00
4.724024,989.4565,550.00
4.724024,989.4949,494.00
4.724024,989.5334,536.00
4.724024,989.5718,532.00
4.724024,989.6102,513.00
4.724024,989.6486,507.00
4.724024,989.6871,563.00
4.724024,989.7255,494.00
4.724024,989.7639,546.00
4.724024,989.8022,512.00
4.724024,989.8407,561.00
4.724024,989.8791,503.00
4.724024,989.9174,533.00
4.724024,989.9558,493.00
4.724024,989.9941,558.00
4.724024,990.0325,490.00
4.724024,990.0709,599.00
4.724024,990.1093,502.00
4.724024,990.1475,562.00
4.724024,990.1859,531.00
4.724024,990.2242,539.00
4.724024,990.2626,497.00
4.724024,990.3008,525.00
4.724024,990.3391,489.00
4.724024,990.3774,549.00
4.724024,990.4157,517.00
4.724024,990.4540,536.00
4.724024,990.4924,480.00
4.724024,990.5306,552.00
4.724024,990.5688,556.00
4.724024,990.6071,546.00
4.724024,990.6454,516.00
4.724024,990.6837,532.00
4.724024,990.7219,466.00
4.724024,990.7601,550.00
4.724024,990.7983,531.00
4.724024,990.8365,582.00
4.724024,990.8748,544.00
4.724024,990.9130,565.00
4.724024,990.9512,515.00
4.724024,990.9893,551.00
4.724024,991.0276,511.00
4.724024,991.0658,558.00
4.724024,991.1039,496.00
4.724024,991.1421,569.00
4.724024,991.1802,533.00
4.724024,991.2184,531.00
4.724024,991.2565,523.00
4.724024,991.2947,550.00
4.724024,991.3329,498.00
4.724024,991.3710,546.00
4.724024,991.4091,515.00
4.724024,991.4473,605.00
4.724024,991.4854,571.00
4.724024,991.5234,587.00
4.724024,991.5616,555.00
4.724024,991.5997,541.00
4.724024,991.6378,552.00
4.724024,991.6758,583.00
4.724024,991.7139,509.00
4.724024,991.7520,573.00
4.724024,991.7900,530.00
4.724024,991.8282,568.00
4.724024,991.8661,549.00
4.724024,991.9042,546.00
4.724024,991.9422,532.00
4.724024,991.9803,545.00
4.724024,992.0182,508.00
4.724024,992.0563,600.00
4.724024,992.0944,509.00
4.724024,992.1323,600.00
4.724024,992.1703,558.00
4.724024,992.2084,574.00
4.724024,992.2463,554.00
4.724024,992.2844,560.00
4.724024,992.3223,522.00
4.724024,992.3602,591.00
4.724024,992.3982,509.00
4.724024,992.4362,601.00
4.724024,992.4741,544.00
4.724024,992.5120,611.00
4.724024,992.5500,567.00
4.724024,992.5879,538.00
4.724024,992.6259,534.00
4.724024,992.6638,598.00
4.724024,992.7017,531.00
4.724024,992.7396,567.00
4.724024,992.7775,551.00
4.724024,992.8154,607.00
4.724024,992.8533,561.00
4.724024,992.8912,563.00
4.724024,992.9290,559.00
4.724024,992.9669,567.00
4.724024,993.0048,529.00
4.724024,993.0426,592.00
4.724024,993.0804,537.00
4.724024,993.1183,597.00
4.724024,993.1561,555.00
4.724024,993.1940,546.00
4.724024,993.2318,546.00
4.724024,993.2696,556.00
4.724024,993.3074,520.00
4.724024,993.3452,585.00
4.724024,993.3830,545.00
4.724024,993.4208,605.00
4.724024,993.4586,522.00
4.724024,993.4963,578.00
4.724024,993.5341,530.00
4.724024,993.5719,518.00
4.724024,993.6096,522.00
4.724024,993.6474,571.00
4.724024,993.6851,509.00
4.724024,993.7228,543.00
4.724024,993.7606,563.00
4.724024,993.7984,557.00
4.724024,993.8361,537.00
4.724024,993.8738,580.00
4.724024,993.9115,541.00
4.724024,993.9492,563.00
4.724024,993.9869,516.00
4.724024,994.0245,572.00
4.724024,994.0622,508.00
4.724024,994.0999,572.00
4.724024,994.1376,553.00
4.724024,994.1753,564.00
4.724024,994.2130,538.00
4.724024,994.2505,550.00
4.724024,994.2881,532.00
4.724024,994.3258,580.00
4.724024,994.3634,516.00
4.724024,994.4010,591.00
4.724024,994.4387,507.00
4.724024,994.4763,586.00
4.724024,994.5139,560.00
4.724024,994.5515,530.00
4.724024,994.5891,507.00
4.724024,994.6266,535.00
4.724024,994.6642,497.00
4.724024,994.7018,540.00
4.724024,994.7393,531.00
4.724024,994.7769,557.00
4.724024,994.8145,527.00
4.724024,994.8521,558.00
4.724024,994.8895,520.00
4.724024,994.9271,583.00
4.724024,994.9647,514.00
4.724024,995.0022,575.00
4.724024,995.0397,485.00
4.724024,995.0771,540.00
4.724024,995.1146,527.00
4.724024,995.1522,553.00
4.724024,995.1896,501.00
4.724024,995.2271,548.00
4.724024,995.2646,492.00
4.724024,995.3021,533.00
4.724024,995.3396,508.00
4.724024,995.3770,546.00
4.724024,995.4145,486.00
4.724024,995.4518,548.00
4.724024,995.4893,500.00
4.724024,995.5267,520.00
4.724024,995.5641,491.00
4.724024,995.6016,531.00
4.724024,995.6390,496.00
4.724024,995.6765,530.00
4.724024,995.7138,526.00
4.724024,995.7512,507.00
4.724024,995.7886,539.00
4.724024,995.8260,540.00
4.724024,995.8633,485.00
4.724024,995.9007,521.00
4.724024,995.9380,495.00
4.724024,995.9754,527.00
4.724024,996.0128,494.00
4.724024,996.0501,552.00
4.724024,996.0874,522.00
4.724024,996.1248,563.00
4.724024,996.1621,523.00
4.724024,996.1994,569.00
4.724024,996.2367,508.00
4.724024,996.2740,531.00
4.724024,996.3113,489.00
4.724024,996.3486,549.00
4.724024,996.3859,516.00
4.724024,996.4232,564.00
4.724024,996.4604,555.00
4.724024,996.4977,502.00
4.724024,996.5350,482.00
4.724024,996.5722,520.00
4.724024,996.6094,474.00
4.724024,996.6466,557.00
4.724024,996.6838,541.00
4.724024,996.7211,553.00
4.724024,996.7583,532.00
4.724024,996.7955,541.00
4.724024,996.8327,548.00
4.724024,996.8700,548.00
4.724024,996.9072,506.00
4.724024,996.9443,546.00
4.724024,996.9815,516.00
4.724024,997.0187,548.00
4.724024,997.0558,532.00
4.724024,997.0930,539.00
4.724024,997.1301,539.00
4.724024,997.1672,554.00
4.724024,997.2045,508.00
4.724024,997.2416,578.00
4.724024,997.2787,513.00
4.724024,997.3158,585.00
4.724024,997.3530,501.00
4.724024,997.3900,548.00
4.724024,997.4271,527.00
4.724024,997.4642,540.00
4.724024,997.5013,546.00
4.724024,997.5384,560.00
4.724024,997.5754,502.00
4.724024,997.6126,583.00
4.724024,997.6497,502.00
4.724024,997.6867,543.00
4.724024,997.7238,536.00
4.724024,997.7607,565.00
4.724024,997.7978,503.00
4.724024,997.8348,565.00
4.724024,997.8718,505.00
4.724024,997.9088,552.00
4.724024,997.9458,552.00
4.724024,997.9829,593.00
4.724024,998.0200,544.00
4.724024,998.0569,558.00
4.724024,998.0939,524.00
4.724024,998.1309,582.00
4.724024,998.1678,516.00
4.724024,998.2048,594.00
4.724024,998.2417,497.00
4.724024,998.2786,598.00
4.724024,998.3156,513.00
4.724024,998.3525,580.00
4.724024,998.3896,533.00
4.724024,998.4265,562.00
4.724024,998.4633,533.00
4.724024,998.5003,578.00
4.724024,998.5372,512.00
4.724024,998.5740,596.00
4.724024,998.6110,515.00
4.724024,998.6478,570.00
4.724024,998.6847,503.00
4.724024,998.7217,568.00
4.724024,998.7585,514.00
4.724024,998.7953,499.00
4.724024,998.8322,503.00
4.724024,998.8691,573.00
4.724024,998.9059,526.00
4.724024,998.9427,569.00
4.724024,998.9795,541.00
4.724024,999.0163,569.00
4.724024,999.0531,508.00
4.724024,999.0899,549.00
4.724024,999.1267,516.00
4.724024,999.1636,558.00
4.724024,999.2004,540.00
4.724024,999.2372,580.00
4.724024,999.2739,514.00
4.724024,999.3107,564.00
4.724024,999.3474,525.00
4.724024,999.3842,534.00
4.724024,999.4210,502.00
4.724024,999.4576,549.00
4.724024,999.4946,476.00
4.724024,999.5312,536.00
4.724024,999.5680,523.00
4.724024,999.6047,523.00
4.724024,999.6414,508.00
4.724024,999.6780,532.00
4.724024,999.7147,494.00
4.724024,999.7515,545.00
4.724024,999.7881,475.00
4.724024,999.8248,520.00
4.724024,999.8614,490.00
4.724024,999.8981,539.00
4.724024,999.9349,510.00
4.724024,999.9715,541.00
4.724024,1000.0081,502.00
4.724024,1000.0447,515.00
4.724024,1000.0814,495.00
4.724024,1000.1180,519.00
4.724024,1000.1546,450.00
4.724024,1000.1912,507.00
4.724024,1000.2278,493.00
4.724024,1000.2645,539.00
4.724024,1000.3011,509.00
4.724024,1000.3377,509.00
4.724024,1000.3742,481.00
4.724024,1000.4108,496.00
4.724024,1000.4474,479.00
4.724024,1000.4839,500.00
4.724024,1000.5204,478.00
4.724024,1000.5570,538.00
4.724024,1000.5935,492.00
4.724024,1000.6301,501.00
4.724024,1000.6667,464.00
4.724024,1000.7032,511.00
4.724024,1000.7397,477.00
4.724024,1000.7762,520.00
4.724024,1000.8127,454.00
4.724024,1000.8492,534.00
4.724024,1000.8857,501.00
4.724024,1000.9222,470.00
4.724024,1000.9586,490.00
4.724024,1000.9951,499.00
4.724024,1001.0316,473.00
4.724024,1001.0681,558.00
4.724024,1001.1046,493.00
4.724024,1001.1410,547.00
4.724024,1001.1774,489.00
4.724024,1001.2138,522.00
4.724024,1001.2502,505.00
4.724024,1001.2866,518.00
4.724024,1001.3230,517.00
4.724024,1001.3594,522.00
4.724024,1001.3958,479.00
4.724024,1001.4323,524.00
4.724024,1001.4687,449.00
4.724024,1001.5051,528.00
4.724024,1001.5414,507.00
4.724024,1001.5778,527.00
4.724024,1001.6141,498.00
4.724024,1001.6505,492.00
4.724024,1001.6868,418.00
4.724024,1001.7231,507.00
4.724024,1001.7596,467.00
4.724024,1001.7958,525.00
4.724024,1001.8322,480.00
4.724024,1001.8685,519.00
4.724024,1001.9048,461.00
4.724024,1001.9411,497.00
4.724024,1001.9774,440.00
4.724024,1002.0136,488.00
4.724024,1002.0499,457.00
4.724024,1002.0862,552.00
4.724024,1002.1224,444.00
4.724024,1002.1587,516.00
4.724024,1002.1951,482.00
4.724024,1002.2313,502.00
4.724024,1002.2675,504.00
4.724024,1002.3038,520.00
4.724024,1002.3400,464.00
4.724024,1002.3762,501.00
4.724024,1002.4124,493.00
4.724024,1002.4486,532.00
4.724024,1002.4848,466.00
4.724024,1002.5211,534.00
4.724024,1002.5573,512.00
4.724024,1002.5934,508.00
4.724024,1002.6296,484.00
4.724024,1002.6657,531.00
4.724024,1002.7019,419.00
4.724024,1002.7380,530.00
4.724024,1002.7742,536.00
4.724024,1002.8104,542.00
4.724024,1002.8464,479.00
4.724024,1002.8826,523.00
4.724024,1002.9187,483.00
4.724024,1002.9549,534.00
4.724024,1002.9910,501.00
4.724024,1003.0271,573.00
4.724024,1003.0632,455.00
4.724024,1003.0992,529.00
4.724024,1003.1354,513.00
4.724024,1003.1714,498.00
4.724024,1003.2075,538.00
4.724024,1003.2435,507.00
4.724024,1003.2797,456.00
4.724024,1003.3157,548.00
4.724024,1003.3518,503.00
4.724024,1003.3878,553.00
4.724024,1003.4238,493.00
4.724024,1003.4598,532.00
4.724024,1003.4958,504.00
4.724024,1003.5319,485.00
4.724024,1003.5678,476.00
4.724024,1003.6039,534.00
4.724024,1003.6398,462.00
4.724024,1003.6759,548.00
4.724024,1003.7119,506.00
4.724024,1003.7479,510.00
4.724024,1003.7838,501.00
4.724024,1003.8198,501.00
4.724024,1003.8557,486.00
4.724024,1003.8917,511.00
4.724024,1003.9276,451.00
4.724024,1003.9635,514.00
4.724024,1003.9995,472.00
4.724024,1004.0354,537.00
4.724024,1004.0714,509.00
4.724024,1004.1072,509.00
4.724024,1004.1431,491.00
4.724024,1004.1790,486.00
4.724024,1004.2149,454.00
4.724024,1004.2508,508.00
4.724024,1004.2866,446.00
4.724024,1004.3225,531.00
4.724024,1004.3583,479.00
4.724024,1004.3942,521.00
4.724024,1004.4302,496.00
4.724024,1004.4660,479.00
4.724024,1004.5018,455.00
4.724024,1004.5376,491.00
4.724024,1004.5734,446.00
4.724024,1004.6093,536.00
4.724024,1004.6450,515.00
4.724024,1004.6808,517.00
4.724024,1004.7166,509.00
4.724024,1004.7525,491.00
4.724024,1004.7883,468.00
4.724024,1004.8240,493.00
4.724024,1004.8598,468.00
4.724024,1004.8956,538.00
4.724024,1004.9313,477.00
4.724024,1004.9670,536.00
4.724024,1005.0027,500.00
4.724024,1005.0385,496.00
4.724024,1005.0742,479.00
4.724024,1005.1099,506.00
4.724024,1005.1456,472.00
4.724024,1005.1815,548.00
4.724024,1005.2172,440.00
4.724024,1005.2529,519.00
4.724024,1005.2885,509.00
4.724024,1005.3242,492.00
4.724024,1005.3599,494.00
4.724024,1005.3955,508.00
4.724024,1005.4312,483.00
4.724024,1005.4669,548.00
4.724024,1005.5026,474.00
4.724024,1005.5382,559.00
4.724024,1005.5739,510.00
4.724024,1005.6095,503.00
4.724024,1005.6451,516.00
4.724024,1005.6807,561.00
4.724024,1005.7162,523.00
4.724024,1005.7519,511.00
4.724024,1005.7875,465.00
4.724024,1005.8231,542.00
4.724024,1005.8586,476.00
4.724024,1005.8942,557.00
4.724024,1005.9299,519.00
4.724024,1005.9655,540.00
4.724024,1006.0010,501.00
4.724024,1006.0365,520.00
4.724024,1006.0720,478.00
4.724024,1006.1076,539.00
4.724024,1006.1431,502.00
4.724024,1006.1786,566.00
4.724024,1006.2141,520.00
4.724024,1006.2498,565.00
4.724024,1006.2853,541.00
4.724024,1006.3207,531.00
4.724024,1006.3563,501.00
4.724024,1006.3917,542.00
4.724024,1006.4272,496.00
4.724024,1006.4626,588.00
4.724024,1006.4981,551.00
4.724024,1006.5335,556.00
4.724024,1006.5690,527.00
4.724024,1006.6044,530.00
4.724024,1006.6400,504.00
4.724024,1006.6754,575.00
4.724024,1006.7108,506.00
4.724024,1006.7462,563.00
4.724024,1006.7816,507.00
4.724024,1006.8170,548.00
4.724024,1006.8524,517.00
4.724024,1006.8878,525.00
4.724024,1006.9232,509.00
4.724024,1006.9586,563.00
4.724024,1006.9940,492.00
4.724024,1007.0294,540.00
4.724024,1007.0648,500.00
4.724024,1007.1001,564.00
4.724024,1007.1354,527.00
4.724024,1007.1707,576.00
4.724024,1007.2061,560.00
4.724024,1007.2414,530.00
4.724024,1007.2767,518.00
4.724024,1007.3120,579.00
4.724024,1007.3473,492.00
4.724024,1007.3827,570.00
4.724024,1007.4180,527.00
4.724024,1007.4532,583.00
4.724024,1007.4885,531.00
4.724024,1007.5238,544.00
4.724024,1007.5590,523.00
4.724024,1007.5943,569.00
4.724024,1007.6295,485.00
4.724024,1007.6648,593.00
4.724024,1007.7001,522.00
4.724024,1007.7354,569.00
4.724024,1007.7706,542.00
4.724024,1007.8058,550.00
4.724024,1007.8410,524.00
4.724024,1007.8762,555.00
4.724024,1007.9114,488.00
4.724024,1007.9465,575.00
4.724024,1007.9818,519.00
4.724024,1008.0169,570.00
4.724024,1008.0521,497.00
4.724024,1008.0873,564.00
4.724024,1008.1226,497.00
4.724024,1008.1576,491.00
4.724024,1008.1927,495.00
4.724024,1008.2279,540.00
4.724024,1008.2631,490.00
4.724024,1008.2982,568.00
4.724024,1008.3333,523.00
4.724024,1008.3683,565.00
4.724024,1008.4034,566.00
4.724024,1008.4387,521.00
4.724024,1008.4738,488.00
4.724024,1008.5089,531.00
4.724024,1008.5439,480.00
4.724024,1008.5790,579.00
4.724024,1008.6141,514.00
4.724024,1008.6491,526.00
4.724024,1008.6841,521.00
4.724024,1008.7192,532.00
4.724024,1008.7542,515.00
4.724024,1008.7892,513.00
4.724024,1008.8243,489.00
4.724024,1008.8594,532.00
4.724024,1008.8943,488.00
4.724024,1008.9294,517.00
4.724024,1008.9644,528.00
4.724024,1008.9994,542.00
4.724024,1009.0344,506.00
4.724024,1009.0693,532.00
4.724024,1009.1043,468.00
4.724024,1009.1392,552.00
4.724024,1009.1743,485.00
4.724024,1009.2093,561.00
4.724024,1009.2442,510.00
4.724024,1009.2792,526.00
4.724024,1009.3141,494.00
4.724024,1009.3489,512.00
4.724024,1009.3839,466.00
4.724024,1009.4188,529.00
4.724024,1009.4537,461.00
4.724024,1009.4886,565.00
4.724024,1009.5235,522.00
4.724024,1009.5585,539.00
4.724024,1009.5933,502.00
4.724024,1009.6282,496.00
4.724024,1009.6631,514.00
4.724024,1009.6979,523.00
4.724024,1009.7327,479.00
4.724024,1009.7676,529.00
4.724024,1009.8024,440.00
4.724024,1009.8372,503.00
4.724024,1009.8721,465.00
4.724024,1009.9070,533.00
4.724024,1009.9418,498.00
4.724024,1009.9766,518.00
4.724024,1010.0115,497.00
4.724024,1010.0462,504.00
4.724024,1010.0810,492.00
4.724024,1010.1158,533.00
4.724024,1010.1505,519.00
4.724024,1010.1853,524.00
4.724024,1010.2200,490.00
4.724024,1010.2548,532.00
4.724024,1010.2897,464.00
4.724024,1010.3244,517.00
4.724024,1010.3591,480.00
4.724024,1010.3938,549.00
4.724024,1010.4285,502.00
4.724024,1010.4633,522.00
4.724024,1010.4980,496.00
4.724024,1010.5326,468.00
4.724024,1010.5673,472.00
4.724024,1010.6021,503.00
4.724024,1010.6368,467.00
4.724024,1010.6714,522.00
4.724024,1010.7061,446.00
4.724024,1010.7408,532.00
4.724024,1010.7754,463.00
4.724024,1010.8101,501.00
4.724024,1010.8447,517.00
4.724024,1010.8793,535.00
4.724024,1010.9139,476.00
4.724024,1010.9485,527.00
4.724024,1010.9832,456.00
4.724024,1011.0178,548.00
4.724024,1011.0525,479.00
4.724024,1011.0870,540.00
4.724024,1011.1216,455.00
4.724024,1011.1562,522.00
4.724024,1011.1907,516.00
4.724024,1011.2253,529.00
4.724024,1011.2599,430.00
4.724024,1011.2944,533.00
4.724024,1011.3291,485.00
4.724024,1011.3636,544.00
4.724024,1011.3981,496.00
4.724024,1011.4326,493.00
4.724024,1011.4672,502.00
4.724024,1011.5016,484.00
4.724024,1011.5362,474.00
4.724024,1011.5706,496.00
4.724024,1011.6052,470.00
4.724024,1011.6396,531.00
4.724024,1011.6741,462.00
4.724024,1011.7086,537.00
4.724024,1011.7431,496.00
4.724024,1011.7776,531.00
4.724024,1011.8120,479.00
4.724024,1011.8465,555.00
4.724024,1011.8809,444.00
4.724024,1011.9153,530.00
4.724024,1011.9498,447.00
4.724024,1011.9842,509.00
4.724024,1012.0186,443.00
4.724024,1012.0531,514.00
4.724024,1012.0875,471.00
4.724024,1012.1219,505.00
4.724024,1012.1562,466.00
4.724024,1012.1906,491.00
4.724024,1012.2250,465.00
4.724024,1012.2593,543.00
4.724024,1012.2937,476.00
4.724024,1012.3281,505.00
4.724024,1012.3624,457.00
4.724024,1012.3967,498.00
4.724024,1012.4310,437.00
4.724024,1012.4655,488.00
4.724024,1012.4998,436.00
4.724024,1012.5341,538.00
4.724024,1012.5684,461.00
4.724024,1012.6027,536.00
4.724024,1012.6370,488.00
4.724024,1012.6712,482.00
4.724024,1012.7055,471.00
4.724024,1012.7398,542.00
4.724024,1012.7742,430.00
4.724024,1012.8084,486.00
4.724024,1012.8427,473.00
4.724024,1012.8769,521.00
4.724024,1012.9111,479.00
4.724024,1012.9454,479.00
4.724024,1012.9796,471.00
4.724024,1013.0138,502.00
4.724024,1013.0480,420.00
4.724024,1013.0822,503.00
4.724024,1013.1164,457.00
4.724024,1013.1506,513.00
4.724024,1013.1848,471.00
4.724024,1013.2190,490.00
4.724024,1013.2532,489.00
4.724024,1013.2873,504.00
4.724024,1013.3215,462.00
4.724024,1013.3556,551.00
4.724024,1013.3898,441.00
4.724024,1013.4239,508.00
4.724024,1013.4581,484.00
4.724024,1013.4923,505.00
4.724024,1013.5264,511.00
4.724024,1013.5605,506.00
4.724024,1013.5946,508.00
4.724024,1013.6287,532.00
4.724024,1013.6627,450.00
4.724024,1013.6968,537.00
4.724024,1013.7309,461.00
4.724024,1013.7650,498.00
4.724024,1013.7990,492.00
4.724024,1013.8331,507.00
4.724024,1013.8672,480.00
4.724024,1013.9012,494.00
4.724024,1013.9353,435.00
4.724024,1013.9693,512.00
4.724024,1014.0033,475.00
4.724024,1014.0374,552.00
4.724024,1014.0714,515.00
4.724024,1014.1053,513.00
4.724024,1014.1393,490.00
4.724024,1014.1734,517.00
4.724024,1014.2074,456.00
4.724024,1014.2413,519.00
4.724024,1014.2753,496.00
4.724024,1014.3093,581.00
4.724024,1014.3433,494.00
4.724024,1014.3772,528.00
4.724024,1014.4111,523.00
4.724024,1014.4451,510.00
4.724024,1014.4790,494.00
4.724024,1014.5129,535.00
4.724024,1014.5468,502.00
4.724024,1014.5808,565.00
4.724024,1014.6147,501.00
4.724024,1014.6486,545.00
4.724024,1014.6825,515.00
4.724024,1014.7164,507.00
4.724024,1014.7502,478.00
4.724024,1014.7841,540.00
4.724024,1014.8180,512.00
4.724024,1014.8518,533.00
4.724024,1014.8858,501.00
4.724024,1014.9196,573.00
4.724024,1014.9534,494.00
4.724024,1014.9872,546.00
4.724024,1015.0211,510.00
4.724024,1015.0549,530.00
4.724024,1015.0887,506.00
4.724024,1015.1224,535.00
4.724024,1015.1562,505.00
4.724024,1015.1900,587.00
4.724024,1015.2238,533.00
4.724024,1015.2575,555.00
4.724024,1015.2914,547.00
4.724024,1015.3252,544.00
4.724024,1015.3589,473.00
4.724024,1015.3927,536.00
4.724024,1015.4265,497.00
4.724024,1015.4601,569.00
4.724024,1015.4938,520.00
4.724024,1015.5276,560.00
4.724024,1015.5613,540.00
4.724024,1015.5952,552.00
4.724024,1015.6288,502.00
4.724024,1015.6625,538.00
4.724024,1015.6962,468.00
4.724024,1015.7299,568.00
4.724024,1015.7635,504.00
4.724024,1015.7972,559.00
4.724024,1015.8308,551.00
4.724024,1015.8645,514.00
4.724024,1015.8981,524.00
4.724024,1015.9317,546.00
4.724024,1015.9655,505.00
4.724024,1015.9991,565.00
4.724024,1016.0327,519.00
4.724024,1016.0663,574.00
4.724024,1016.0999,537.00
4.724024,1016.1335,568.00
4.724024,1016.1671,534.00
4.724024,1016.2006,515.00
4.724024,1016.2342,523.00
4.724024,1016.2679,522.00
4.724024,1016.3015,514.00
4.724024,1016.3350,563.00
4.724024,1016.3686,509.00
4.724024,1016.4021,573.00
4.724024,1016.4357,507.00
4.724024,1016.4691,565.00
4.724024,1016.5027,509.00
4.724024,1016.5362,560.00
4.724024,1016.5696,480.00
4.724024,1016.6032,569.00
4.724024,1016.6367,516.00
4.724024,1016.6703,566.00
4.724024,1016.7038,524.00
4.724024,1016.7372,534.00
4.724024,1016.7707,522.00
4.724024,1016.8041,544.00
4.724024,1016.8376,531.00
4.724024,1016.8710,556.00
4.724024,1016.9045,487.00
4.724024,1016.9379,565.00
4.724024,1016.9715,516.00
4.724024,1017.0049,579.00
4.724024,1017.0383,554.00
4.724024,1017.0717,531.00
4.724024,1017.1050,504.00
4.724024,1017.1384,548.00
4.724024,1017.1718,475.00
4.724024,1017.2052,559.00
4.724024,1017.2386,499.00
4.724024,1017.2720,544.00
4.724024,1017.3053,574.00
4.724024,1017.3387,535.00
4.724024,1017.3721,511.00
4.724024,1017.4054,541.00
4.724024,1017.4388,490.00
4.724024,1017.4721,553.00
4.724024,1017.5054,523.00
4.724024,1017.5387,567.00
4.724024,1017.5720,542.00
4.724024,1017.6053,553.00
4.724024,1017.6386,544.00
4.724024,1017.6720,541.00
4.724024,1017.7053,519.00
4.724024,1017.7385,579.00
4.724024,1017.7717,480.00
4.724024,1017.8051,592.00
4.724024,1017.8383,544.00
4.724024,1017.8715,605.00
4.724024,1017.9048,579.00
4.724024,1017.9380,556.00
4.724024,1017.9712,548.00
4.724024,1018.0044,576.00
4.724024,1018.0376,486.00
4.724024,1018.0709,579.00
4.724024,1018.1041,508.00
4.724024,1018.1373,600.00
4.724024,1018.1705,554.00
4.724024,1018.2037,573.00
4.724024,1018.2368,541.00
4.724024,1018.2700,538.00
4.724024,1018.3032,512.00
4.724024,1018.3363,593.00
4.724024,1018.3695,512.00
4.724024,1018.4026,608.00
4.724024,1018.4358,545.00
4.724024,1018.4689,552.00
4.724024,1018.5020,586.00
4.724024,1018.5352,564.00
4.724024,1018.5682,520.00
4.724024,1018.6013,562.00
4.724024,1018.6343,540.00
4.724024,1018.6675,575.00
4.724024,1018.7006,514.00
4.724024,1018.7337,600.00
4.724024,1018.7668,585.00
4.724024,1018.7998,560.00
4.724024,1018.8328,539.00
4.724024,1018.8658,533.00
4.724024,1018.8989,514.00
4.724024,1018.9319,578.00
4.724024,1018.9650,526.00
4.724024,1018.9980,583.00
4.724024,1019.0311,562.00
4.724024,1019.0641,563.00
4.724024,1019.0970,509.00
4.724024,1019.1301,579.00
4.724024,1019.1631,523.00
4.724024,1019.1960,583.00
4.724024,1019.2289,517.00
4.724024,1019.2618,586.00
4.724024,1019.2949,551.00
4.724024,1019.3278,563.00
4.724024,1019.3607,559.00
4.724024,1019.3936,540.00
4.724024,1019.4268,455.00
4.724024,1019.4596,571.00
4.724024,1019.4925,505.00
4.724024,1019.5255,541.00
4.724024,1019.5583,524.00
4.724024,1019.5912,571.00
4.724024,1019.6240,545.00
4.724024,1019.6569,558.00
4.724024,1019.6898,496.00
4.724024,1019.7227,530.00
4.724024,1019.7556,447.00
4.724024,1019.7885,586.00
4.724024,1019.8213,501.00
4.724024,1019.8541,582.00
4.724024,1019.8870,507.00
4.724024,1019.9198,561.00
4.724024,1019.9525,545.00
4.724024,1019.9854,538.00
4.724024,1020.0182,511.00
4.724024,1020.0509,549.00
4.724024,1020.0837,542.00
4.724024,1020.1167,556.00
4.724024,1020.1494,551.00
4.724024,1020.1823,535.00
4.724024,1020.2149,542.00
4.724024,1020.2477,525.00
4.724024,1020.2805,488.00
4.724024,1020.3132,541.00
4.724024,1020.3459,531.00
4.724024,1020.3787,589.00
4.724024,1020.4114,492.00
4.724024,1020.4442,540.00
4.724024,1020.4768,518.00
4.724024,1020.5096,549.00
4.724024,1020.5423,488.00
4.724024,1020.5750,562.00
4.724024,1020.6077,474.00
4.724024,1020.6403,579.00
4.724024,1020.6730,512.00
4.724024,1020.7055,570.00
4.724024,1020.7382,493.00
4.724024,1020.7709,523.00
4.724024,1020.8036,495.00
4.724024,1020.8363,504.00
4.724024,1020.8688,477.00
4.724024,1020.9015,558.00
4.724024,1020.9341,465.00
4.724024,1020.9667,545.00
4.724024,1020.9993,508.00
4.724024,1021.0319,516.00
4.724024,1021.0645,529.00
4.724024,1021.0971,538.00
4.724024,1021.1298,498.00
4.724024,1021.1623,560.00
4.724024,1021.1948,480.00
4.724024,1021.2273,570.00
4.724024,1021.2599,515.00
4.724024,1021.2924,555.00
4.724024,1021.3250,500.00
4.724024,1021.3574,504.00
4.724024,1021.3900,497.00
4.724024,1021.4224,511.00
4.724024,1021.4550,437.00
4.724024,1021.4875,512.00
4.724024,1021.5200,478.00
4.724024,1021.5525,566.00
4.724024,1021.5850,485.00
4.724024,1021.6175,518.00
4.724024,1021.6500,474.00
4.724024,1021.6823,527.00
4.724024,1021.7148,469.00
4.724024,1021.7474,542.00
4.724024,1021.7797,491.00
4.724024,1021.8122,525.00
4.724024,1021.8445,505.00
4.724024,1021.8770,574.00
4.724024,1021.9095,521.00
4.724024,1021.9418,515.00
4.724024,1021.9741,476.00
4.724024,1022.0066,508.00
4.724024,1022.0389,477.00
4.724024,1022.0713,572.00
4.724024,1022.1037,505.00
4.724024,1022.1362,624.00
4.724024,1022.1685,550.00
4.724024,1022.2008,550.00
4.724024,1022.2332,522.00
4.724024,1022.2654,532.00
4.724024,1022.2977,498.00
4.724024,1022.3301,575.00
4.724024,1022.3624,471.00
4.724024,1022.3947,573.00
4.724024,1022.4271,512.00
4.724024,1022.4594,527.00
4.724024,1022.4917,523.00
4.724024,1022.5239,539.00
4.724024,1022.5562,500.00
4.724024,1022.5885,554.00
4.724024,1022.6207,491.00
4.724024,1022.6530,565.00
4.724024,1022.6852,513.00
4.724024,1022.7174,554.00
4.724024,1022.7497,497.00
4.724024,1022.7819,539.00
4.724024,1022.8142,502.00
4.724024,1022.8464,534.00
4.724024,1022.8785,481.00
4.724024,1022.9108,580.00
4.724024,1022.9429,537.00
4.724024,1022.9751,557.00
4.724024,1023.0073,535.00
4.724024,1023.0394,494.00
4.724024,1023.0717,508.00
4.724024,1023.1039,580.00
4.724024,1023.1360,492.00
4.724024,1023.1682,571.00
4.724024,1023.2003,493.00
4.724024,1023.2324,536.00
4.724024,1023.2644,508.00
4.724024,1023.2966,522.00
4.724024,1023.3287,491.00
4.724024,1023.3608,490.00
4.724024,1023.3929,504.00
4.724024,1023.4249,542.00
4.724024,1023.4570,483.00
4.724024,1023.4893,573.00
4.724024,1023.5212,507.00
4.724024,1023.5533,536.00
4.724024,1023.5853,497.00
4.724024,1023.6174,521.00
4.724024,1023.6494,492.00
4.724024,1023.6813,515.00
4.724024,1023.7134,444.00
4.724024,1023.7454,556.00
4.724024,1023.7775,506.00
4.724024,1023.8096,524.00
4.724024,1023.8416,505.00
4.724024,1023.8735,528.00
4.724024,1023.9055,506.00
4.724024,1023.9374,511.00
4.724024,1023.9694,468.00
4.724024,1024.0013,544.00
4.724024,1024.0333,472.00
4.724024,1024.0652,537.00
4.724024,1024.0972,497.00
4.724024,1024.1293,538.00
4.724024,1024.1611,498.00
4.724024,1024.1931,522.00
4.724024,1024.2250,438.00
4.724024,1024.2568,536.00
4.724024,1024.2888,467.00
4.724024,1024.3206,521.00
4.724024,1024.3525,515.00
4.724024,1024.3843,517.00
4.724024,1024.4164,478.00
4.724024,1024.4481,511.00
4.724024,1024.4801,486.00
4.724024,1024.5118,523.00
4.724024,1024.5438,498.00
4.724024,1024.5756,549.00
4.724024,1024.6074,461.00
4.724024,1024.6393,529.00
4.724024,1024.6710,527.00
4.724024,1024.7029,517.00
4.724024,1024.7346,476.00
4.724024,1024.7664,518.00
4.724024,1024.7982,470.00
4.724024,1024.8301,541.00
4.724024,1024.8618,528.00
4.724024,1024.8936,520.00
4.724024,1024.9253,471.00
4.724024,1024.9572,565.00
4.724024,1024.9889,506.00
4.724024,1025.0206,540.00
4.724024,1025.0522,496.00
4.724024,1025.0841,541.00
4.724024,1025.1158,464.00
4.724024,1025.1475,547.00
4.724024,1025.1792,492.00
4.724024,1025.2109,518.00
4.724024,1025.2426,490.00
4.724024,1025.2743,524.00
4.724024,1025.3059,521.00
4.724024,1025.3376,520.00
4.724024,1025.3693,465.00
4.724024,1025.4009,563.00
4.724024,1025.4326,510.00
4.724024,1025.4644,550.00
4.724024,1025.4960,528.00
4.724024,1025.5276,526.00
4.724024,1025.5592,505.00
4.724024,1025.5908,533.00
4.724024,1025.6224,501.00
4.724024,1025.6541,566.00
4.724024,1025.6857,497.00
4.724024,1025.7172,572.00
4.724024,1025.7489,538.00
4.724024,1025.7804,564.00
4.724024,1025.8120,519.00
4.724024,1025.8435,536.00
4.724024,1025.8751,526.00
4.724024,1025.9066,565.00
4.724024,1025.9381,466.00
4.724024,1025.9697,551.00
4.724024,1026.0012,536.00
4.724024,1026.0327,569.00
4.724024,1026.0642,538.00
