# Point:,31
# Setpoint:,1.57818182
# Voltage_V:,1.57818182
# Current_A:,0.007892
# Spectrum_Time_s:,5.342944
# Step_Start_s:,5.263218
# Step_End_s:,5.414849
# Spectrum_Duration_ms:,69.515
# Peak_Wavelength_nm:,927.98
# Peak_Intensity:,6189.0
# Avg_Intensity:,610.7
# Num_Pixels:,4094
# NOTE: All wavelengths are captured simultaneously in one CCD exposure
#       The Relative_Time_s column shows when this entire spectrum was acquired

Relative_Time_s,Wavelength_nm,Intensity
5.342944,845.4307,586.00
5.342944,845.4858,497.00
5.342944,845.5410,577.00
5.342944,845.5963,517.00
5.342944,845.6514,581.00
5.342944,845.7065,505.00
5.342944,845.7617,534.00
5.342944,845.8168,476.00
5.342944,845.8721,578.00
5.342944,845.9272,488.00
5.342944,845.9823,544.00
5.342944,846.0374,517.00
5.342944,846.0926,504.00
5.342944,846.1478,515.00
5.342944,846.2029,526.00
5.342944,846.2579,498.00
5.342944,846.3130,562.00
5.342944,846.3682,460.00
5.342944,846.4233,565.00
5.342944,846.4784,503.00
5.342944,846.5335,569.00
5.342944,846.5886,543.00
5.342944,846.6437,542.00
5.342944,846.6987,512.00
5.342944,846.7538,565.00
5.342944,846.8089,496.00
5.342944,846.8640,599.00
5.342944,846.9190,507.00
5.342944,846.9741,576.00
5.342944,847.0292,526.00
5.342944,847.0842,560.00
5.342944,847.1392,537.00
5.342944,847.1943,547.00
5.342944,847.2493,496.00
5.342944,847.3044,583.00
5.342944,847.3594,500.00
5.342944,847.4144,564.00
5.342944,847.4694,545.00
5.342944,847.5244,550.00
5.342944,847.5795,553.00
5.342944,847.6345,572.00
5.342944,847.6895,510.00
5.342944,847.7444,574.00
5.342944,847.7994,505.00
5.342944,847.8544,586.00
5.342944,847.9094,558.00
5.342944,847.9644,557.00
5.342944,848.0193,549.00
5.342944,848.0743,584.00
5.342944,848.1293,537.00
5.342944,848.1843,587.00
5.342944,848.2392,542.00
5.342944,848.2941,580.00
5.342944,848.3491,562.00
5.342944,848.4040,606.00
5.342944,848.4590,571.00
5.342944,848.5139,585.00
5.342944,848.5688,516.00
5.342944,848.6237,607.00
5.342944,848.6786,529.00
5.342944,848.7336,617.00
5.342944,848.7885,538.00
5.342944,848.8434,606.00
5.342944,848.8983,567.00
5.342944,848.9531,584.00
5.342944,849.0081,554.00
5.342944,849.0630,587.00
5.342944,849.1178,555.00
5.342944,849.1727,587.00
5.342944,849.2275,568.00
5.342944,849.2823,653.00
5.342944,849.3373,571.00
5.342944,849.3921,581.00
5.342944,849.4470,545.00
5.342944,849.5018,566.00
5.342944,849.5566,518.00
5.342944,849.6115,591.00
5.342944,849.6663,560.00
5.342944,849.7211,600.00
5.342944,849.7759,557.00
5.342944,849.8307,603.00
5.342944,849.8856,543.00
5.342944,849.9404,606.00
5.342944,849.9952,554.00
5.342944,850.0500,596.00
5.342944,850.1048,513.00
5.342944,850.1596,637.00
5.342944,850.2144,531.00
5.342944,850.2692,659.00
5.342944,850.3239,560.00
5.342944,850.3787,574.00
5.342944,850.4335,580.00
5.342944,850.4882,601.00
5.342944,850.5430,563.00
5.342944,850.5977,618.00
5.342944,850.6525,535.00
5.342944,850.7072,634.00
5.342944,850.7620,536.00
5.342944,850.8167,637.00
5.342944,850.8715,597.00
5.342944,850.9261,589.00
5.342944,850.9808,533.00
5.342944,851.0356,620.00
5.342944,851.0903,600.00
5.342944,851.1450,640.00
5.342944,851.1996,570.00
5.342944,851.2543,664.00
5.342944,851.3091,572.00
5.342944,851.3638,600.00
5.342944,851.4185,564.00
5.342944,851.4731,621.00
5.342944,851.5278,546.00
5.342944,851.5825,646.00
5.342944,851.6371,564.00
5.342944,851.6918,658.00
5.342944,851.7465,606.00
5.342944,851.8011,605.00
5.342944,851.8558,589.00
5.342944,851.9103,610.00
5.342944,851.9650,565.00
5.342944,852.0196,677.00
5.342944,852.0742,596.00
5.342944,852.1289,626.00
5.342944,852.1835,567.00
5.342944,852.2381,674.00
5.342944,852.2927,646.00
5.342944,852.3473,626.00
5.342944,852.4019,621.00
5.342944,852.4565,655.00
5.342944,852.5111,615.00
5.342944,852.5657,649.00
5.342944,852.6202,643.00
5.342944,852.6747,642.00
5.342944,852.7294,625.00
5.342944,852.7839,661.00
5.342944,852.8385,606.00
5.342944,852.8930,663.00
5.342944,852.9476,587.00
5.342944,853.0022,682.00
5.342944,853.0567,616.00
5.342944,853.1112,691.00
5.342944,853.1658,643.00
5.342944,853.2203,659.00
5.342944,853.2748,645.00
5.342944,853.3293,696.00
5.342944,853.3838,633.00
5.342944,853.4383,677.00
5.342944,853.4928,603.00
5.342944,853.5474,686.00
5.342944,853.6019,656.00
5.342944,853.6563,698.00
5.342944,853.7108,646.00
5.342944,853.7653,671.00
5.342944,853.8198,619.00
5.342944,853.8742,682.00
5.342944,853.9286,655.00
5.342944,853.9832,673.00
5.342944,854.0376,639.00
5.342944,854.0920,713.00
5.342944,854.1465,649.00
5.342944,854.2010,667.00
5.342944,854.2554,652.00
5.342944,854.3098,651.00
5.342944,854.3642,594.00
5.342944,854.4186,688.00
5.342944,854.4731,625.00
5.342944,854.5275,700.00
5.342944,854.5819,633.00
5.342944,854.6363,699.00
5.342944,854.6907,636.00
5.342944,854.7451,636.00
5.342944,854.7994,618.00
5.342944,854.8538,670.00
5.342944,854.9082,639.00
5.342944,854.9626,700.00
5.342944,855.0170,606.00
5.342944,855.0714,675.00
5.342944,855.1257,623.00
5.342944,855.1800,661.00
5.342944,855.2344,626.00
5.342944,855.2888,673.00
5.342944,855.3431,623.00
5.342944,855.3975,643.00
5.342944,855.4518,598.00
5.342944,855.5060,713.00
5.342944,855.5604,638.00
5.342944,855.6147,635.00
5.342944,855.6691,633.00
5.342944,855.7233,645.00
5.342944,855.7776,614.00
5.342944,855.8320,705.00
5.342944,855.8862,583.00
5.342944,855.9406,682.00
5.342944,855.9948,626.00
5.342944,856.0491,673.00
5.342944,856.1035,652.00
5.342944,856.1577,677.00
5.342944,856.2119,603.00
5.342944,856.2662,639.00
5.342944,856.3204,572.00
5.342944,856.3748,684.00
5.342944,856.4290,630.00
5.342944,856.4832,673.00
5.342944,856.5374,657.00
5.342944,856.5916,698.00
5.342944,856.6459,628.00
5.342944,856.7001,677.00
5.342944,856.7543,614.00
5.342944,856.8085,690.00
5.342944,856.8627,631.00
5.342944,856.9169,696.00
5.342944,856.9712,654.00
5.342944,857.0253,647.00
5.342944,857.0795,645.00
5.342944,857.1337,659.00
5.342944,857.1879,640.00
5.342944,857.2421,685.00
5.342944,857.2962,633.00
5.342944,857.3504,712.00
5.342944,857.4045,645.00
5.342944,857.4587,668.00
5.342944,857.5129,678.00
5.342944,857.5670,688.00
5.342944,857.6212,650.00
5.342944,857.6753,694.00
5.342944,857.7294,634.00
5.342944,857.7836,675.00
5.342944,857.8377,626.00
5.342944,857.8918,687.00
5.342944,857.9459,647.00
5.342944,858.0000,657.00
5.342944,858.0541,597.00
5.342944,858.1082,693.00
5.342944,858.1624,631.00
5.342944,858.2164,707.00
5.342944,858.2704,646.00
5.342944,858.3245,702.00
5.342944,858.3787,660.00
5.342944,858.4327,675.00
5.342944,858.4868,637.00
5.342944,858.5408,675.00
5.342944,858.5949,639.00
5.342944,858.6489,694.00
5.342944,858.7030,637.00
5.342944,858.7570,722.00
5.342944,858.8110,673.00
5.342944,858.8651,695.00
5.342944,858.9192,717.00
5.342944,858.9732,702.00
5.342944,859.0272,651.00
5.342944,859.0812,698.00
5.342944,859.1352,619.00
5.342944,859.1892,696.00
5.342944,859.2432,641.00
5.342944,859.2972,685.00
5.342944,859.3512,677.00
5.342944,859.4052,653.00
5.342944,859.4592,644.00
5.342944,859.5132,686.00
5.342944,859.5671,620.00
5.342944,859.6210,694.00
5.342944,859.6750,644.00
5.342944,859.7289,704.00
5.342944,859.7830,627.00
5.342944,859.8369,640.00
5.342944,859.8908,633.00
5.342944,859.9447,634.00
5.342944,859.9987,628.00
5.342944,860.0527,689.00
5.342944,860.1065,604.00
5.342944,860.1605,688.00
5.342944,860.2144,643.00
5.342944,860.2682,668.00
5.342944,860.3222,662.00
5.342944,860.3761,660.00
5.342944,860.4299,604.00
5.342944,860.4838,665.00
5.342944,860.5377,598.00
5.342944,860.5916,675.00
5.342944,860.6455,638.00
5.342944,860.6993,660.00
5.342944,860.7532,630.00
5.342944,860.8071,689.00
5.342944,860.8610,633.00
5.342944,860.9148,631.00
5.342944,860.9687,602.00
5.342944,861.0225,675.00
5.342944,861.0763,642.00
5.342944,861.1301,654.00
5.342944,861.1840,599.00
5.342944,861.2378,679.00
5.342944,861.2916,625.00
5.342944,861.3454,675.00
5.342944,861.3992,597.00
5.342944,861.4531,671.00
5.342944,861.5068,593.00
5.342944,861.5606,664.00
5.342944,861.6144,639.00
5.342944,861.6682,656.00
5.342944,861.7220,617.00
5.342944,861.7758,664.00
5.342944,861.8295,616.00
5.342944,861.8833,641.00
5.342944,861.9370,602.00
5.342944,861.9908,684.00
5.342944,862.0446,606.00
5.342944,862.0983,658.00
5.342944,862.1520,612.00
5.342944,862.2057,641.00
5.342944,862.2595,626.00
5.342944,862.3132,623.00
5.342944,862.3669,583.00
5.342944,862.4206,650.00
5.342944,862.4744,584.00
5.342944,862.5281,671.00
5.342944,862.5818,609.00
5.342944,862.6355,657.00
5.342944,862.6891,621.00
5.342944,862.7429,658.00
5.342944,862.7966,623.00
5.342944,862.8502,634.00
5.342944,862.9039,626.00
5.342944,862.9575,664.00
5.342944,863.0112,635.00
5.342944,863.0648,627.00
5.342944,863.1185,617.00
5.342944,863.1722,635.00
5.342944,863.2258,604.00
5.342944,863.2794,651.00
5.342944,863.3330,603.00
5.342944,863.3867,660.00
5.342944,863.4403,567.00
5.342944,863.4940,636.00
5.342944,863.5475,621.00
5.342944,863.6011,607.00
5.342944,863.6548,620.00
5.342944,863.7084,627.00
5.342944,863.7620,604.00
5.342944,863.8156,626.00
5.342944,863.8691,593.00
5.342944,863.9228,624.00
5.342944,863.9763,617.00
5.342944,864.0299,624.00
5.342944,864.0834,603.00
5.342944,864.1370,660.00
5.342944,864.1906,574.00
5.342944,864.2441,626.00
5.342944,864.2977,578.00
5.342944,864.3512,643.00
5.342944,864.4047,620.00
5.342944,864.4583,629.00
5.342944,864.5118,603.00
5.342944,864.5653,619.00
5.342944,864.6189,587.00
5.342944,864.6724,616.00
5.342944,864.7258,578.00
5.342944,864.7794,651.00
5.342944,864.8329,623.00
5.342944,864.8864,653.00
5.342944,864.9398,616.00
5.342944,864.9933,633.00
5.342944,865.0469,589.00
5.342944,865.1003,583.00
5.342944,865.1538,588.00
5.342944,865.2072,626.00
5.342944,865.2607,560.00
5.342944,865.3142,630.00
5.342944,865.3676,617.00
5.342944,865.4211,634.00
5.342944,865.4745,597.00
5.342944,865.5279,626.00
5.342944,865.5814,601.00
5.342944,865.6348,660.00
5.342944,865.6882,591.00
5.342944,865.7416,644.00
5.342944,865.7950,625.00
5.342944,865.8484,672.00
5.342944,865.9019,614.00
5.342944,865.9552,635.00
5.342944,866.0087,612.00
5.342944,866.0620,612.00
5.342944,866.1154,596.00
5.342944,866.1688,685.00
5.342944,866.2222,615.00
5.342944,866.2755,684.00
5.342944,866.3289,674.00
5.342944,866.3822,692.00
5.342944,866.4356,648.00
5.342944,866.4890,633.00
5.342944,866.5423,620.00
5.342944,866.5956,693.00
5.342944,866.6489,584.00
5.342944,866.7023,664.00
5.342944,866.7556,612.00
5.342944,866.8089,622.00
5.342944,866.8622,630.00
5.342944,866.9155,670.00
5.342944,866.9689,606.00
5.342944,867.0222,688.00
5.342944,867.0755,613.00
5.342944,867.1287,645.00
5.342944,867.1820,631.00
5.342944,867.2354,661.00
5.342944,867.2886,652.00
5.342944,867.3419,658.00
5.342944,867.3951,596.00
5.342944,867.4484,655.00
5.342944,867.5016,576.00
5.342944,867.5549,692.00
5.342944,867.6082,619.00
5.342944,867.6614,632.00
5.342944,867.7146,655.00
5.342944,867.7678,650.00
5.342944,867.8211,638.00
5.342944,867.8743,655.00
5.342944,867.9276,650.00
5.342944,867.9807,649.00
5.342944,868.0339,609.00
5.342944,868.0872,653.00
5.342944,868.1403,635.00
5.342944,868.1935,629.00
5.342944,868.2467,604.00
5.342944,868.2999,624.00
5.342944,868.3531,556.00
5.342944,868.4062,639.00
5.342944,868.4594,618.00
5.342944,868.5126,654.00
5.342944,868.5657,622.00
5.342944,868.6189,644.00
5.342944,868.6721,625.00
5.342944,868.7252,623.00
5.342944,868.7783,603.00
5.342944,868.8315,639.00
5.342944,868.8846,588.00
5.342944,868.9377,662.00
5.342944,868.9908,617.00
5.342944,869.0439,675.00
5.342944,869.0970,623.00
5.342944,869.1501,668.00
5.342944,869.2032,581.00
5.342944,869.2564,628.00
5.342944,869.3094,593.00
5.342944,869.3625,623.00
5.342944,869.4156,618.00
5.342944,869.4688,680.00
5.342944,869.5218,602.00
5.342944,869.5748,660.00
5.342944,869.6279,653.00
5.342944,869.6809,617.00
5.342944,869.7340,582.00
5.342944,869.7870,645.00
5.342944,869.8401,608.00
5.342944,869.8931,658.00
5.342944,869.9462,596.00
5.342944,869.9993,625.00
5.342944,870.0522,616.00
5.342944,870.1052,670.00
5.342944,870.1583,597.00
5.342944,870.2112,700.00
5.342944,870.2642,594.00
5.342944,870.3173,666.00
5.342944,870.3702,601.00
5.342944,870.4232,672.00
5.342944,870.4762,610.00
5.342944,870.5292,629.00
5.342944,870.5822,613.00
5.342944,870.6351,654.00
5.342944,870.6881,602.00
5.342944,870.7410,645.00
5.342944,870.7940,622.00
5.342944,870.8470,668.00
5.342944,870.8999,613.00
5.342944,870.9528,687.00
5.342944,871.0057,634.00
5.342944,871.0587,651.00
5.342944,871.1116,618.00
5.342944,871.1646,662.00
5.342944,871.2175,577.00
5.342944,871.2704,661.00
5.342944,871.3232,643.00
5.342944,871.3762,647.00
5.342944,871.4291,631.00
5.342944,871.4820,652.00
5.342944,871.5348,630.00
5.342944,871.5877,689.00
5.342944,871.6406,631.00
5.342944,871.6935,699.00
5.342944,871.7463,610.00
5.342944,871.7992,671.00
5.342944,871.8521,684.00
5.342944,871.9049,643.00
5.342944,871.9578,679.00
5.342944,872.0106,681.00
5.342944,872.0635,595.00
5.342944,872.1162,666.00
5.342944,872.1691,617.00
5.342944,872.2219,693.00
5.342944,872.2747,622.00
5.342944,872.3275,643.00
5.342944,872.3803,657.00
5.342944,872.4332,664.00
5.342944,872.4860,650.00
5.342944,872.5387,689.00
5.342944,872.5915,609.00
5.342944,872.6443,672.00
5.342944,872.6971,674.00
5.342944,872.7499,685.00
5.342944,872.8026,640.00
5.342944,872.8553,646.00
5.342944,872.9081,660.00
5.342944,872.9609,675.00
5.342944,873.0136,632.00
5.342944,873.0663,682.00
5.342944,873.1191,591.00
5.342944,873.1718,682.00
5.342944,873.2245,655.00
5.342944,873.2773,670.00
5.342944,873.3300,643.00
5.342944,873.3827,641.00
5.342944,873.4354,639.00
5.342944,873.4882,729.00
5.342944,873.5408,643.00
5.342944,873.5935,641.00
5.342944,873.6462,658.00
5.342944,873.6989,671.00
5.342944,873.7515,678.00
5.342944,873.8042,665.00
5.342944,873.8569,624.00
5.342944,873.9096,695.00
5.342944,873.9622,579.00
5.342944,874.0149,691.00
5.342944,874.0675,654.00
5.342944,874.1202,660.00
5.342944,874.1729,609.00
5.342944,874.2255,665.00
5.342944,874.2781,663.00
5.342944,874.3307,629.00
5.342944,874.3834,606.00
5.342944,874.4360,670.00
5.342944,874.4885,658.00
5.342944,874.5411,693.00
5.342944,874.5938,614.00
5.342944,874.6463,657.00
5.342944,874.6990,637.00
5.342944,874.7515,657.00
5.342944,874.8041,580.00
5.342944,874.8567,687.00
5.342944,874.9092,652.00
5.342944,874.9619,672.00
5.342944,875.0144,632.00
5.342944,875.0669,658.00
5.342944,875.1194,653.00
5.342944,875.1720,664.00
5.342944,875.2246,610.00
5.342944,875.2772,668.00
5.342944,875.3296,621.00
5.342944,875.3821,680.00
5.342944,875.4346,628.00
5.342944,875.4872,687.00
5.342944,875.5397,660.00
5.342944,875.5922,678.00
5.342944,875.6447,612.00
5.342944,875.6971,680.00
5.342944,875.7498,591.00
5.342944,875.8022,712.00
5.342944,875.8547,599.00
5.342944,875.9071,680.00
5.342944,875.9596,646.00
5.342944,876.0120,645.00
5.342944,876.0646,654.00
5.342944,876.1169,659.00
5.342944,876.1694,612.00
5.342944,876.2219,665.00
5.342944,876.2743,650.00
5.342944,876.3268,703.00
5.342944,876.3792,623.00
5.342944,876.4316,674.00
5.342944,876.4840,650.00
5.342944,876.5364,665.00
5.342944,876.5889,607.00
5.342944,876.6413,709.00
5.342944,876.6937,615.00
5.342944,876.7460,693.00
5.342944,876.7985,664.00
5.342944,876.8509,703.00
5.342944,876.9032,654.00
5.342944,876.9556,695.00
5.342944,877.0079,616.00
5.342944,877.0604,652.00
5.342944,877.1127,601.00
5.342944,877.1651,705.00
5.342944,877.2174,633.00
5.342944,877.2697,674.00
5.342944,877.3221,614.00
5.342944,877.3744,652.00
5.342944,877.4268,622.00
5.342944,877.4791,640.00
5.342944,877.5314,585.00
5.342944,877.5837,647.00
5.342944,877.6360,610.00
5.342944,877.6884,629.00
5.342944,877.7407,610.00
5.342944,877.7930,628.00
5.342944,877.8452,621.00
5.342944,877.8975,637.00
5.342944,877.9498,610.00
5.342944,878.0021,647.00
5.342944,878.0544,596.00
5.342944,878.1066,656.00
5.342944,878.1589,604.00
5.342944,878.2111,657.00
5.342944,878.2634,605.00
5.342944,878.3157,590.00
5.342944,878.3679,598.00
5.342944,878.4202,652.00
5.342944,878.4724,604.00
5.342944,878.5246,682.00
5.342944,878.5768,583.00
5.342944,878.6290,649.00
5.342944,878.6812,638.00
5.342944,878.7335,618.00
5.342944,878.7856,629.00
5.342944,878.8379,639.00
5.342944,878.8901,598.00
5.342944,878.9422,621.00
5.342944,878.9944,615.00
5.342944,879.0466,664.00
5.342944,879.0988,629.00
5.342944,879.1509,665.00
5.342944,879.2031,630.00
5.342944,879.2552,605.00
5.342944,879.3074,624.00
5.342944,879.3596,666.00
5.342944,879.4117,586.00
5.342944,879.4638,669.00
5.342944,879.5159,572.00
5.342944,879.5681,666.00
5.342944,879.6202,629.00
5.342944,879.6723,647.00
5.342944,879.7244,632.00
5.342944,879.7766,638.00
5.342944,879.8287,583.00
5.342944,879.8808,662.00
5.342944,879.9329,583.00
5.342944,879.9849,650.00
5.342944,880.0370,639.00
5.342944,880.0891,663.00
5.342944,880.1412,611.00
5.342944,880.1932,645.00
5.342944,880.2452,563.00
5.342944,880.2973,661.00
5.342944,880.3495,641.00
5.342944,880.4015,671.00
5.342944,880.4536,642.00
5.342944,880.5056,639.00
5.342944,880.5576,628.00
5.342944,880.6096,642.00
5.342944,880.6616,601.00
5.342944,880.7137,659.00
5.342944,880.7656,599.00
5.342944,880.8176,652.00
5.342944,880.8696,593.00
5.342944,880.9217,656.00
5.342944,880.9737,619.00
5.342944,881.0256,637.00
5.342944,881.0776,610.00
5.342944,881.1296,638.00
5.342944,881.1816,578.00
5.342944,881.2336,627.00
5.342944,881.2855,582.00
5.342944,881.3374,661.00
5.342944,881.3893,631.00
5.342944,881.4413,613.00
5.342944,881.4933,595.00
5.342944,881.5452,647.00
5.342944,881.5972,580.00
5.342944,881.6490,649.00
5.342944,881.7010,588.00
5.342944,881.7530,635.00
5.342944,881.8049,553.00
5.342944,881.8568,616.00
5.342944,881.9086,590.00
5.342944,881.9605,610.00
5.342944,882.0125,589.00
5.342944,882.0643,640.00
5.342944,882.1162,580.00
5.342944,882.1681,647.00
5.342944,882.2199,577.00
5.342944,882.2719,598.00
5.342944,882.3237,620.00
5.342944,882.3755,598.00
5.342944,882.4274,551.00
5.342944,882.4792,616.00
5.342944,882.5311,571.00
5.342944,882.5829,616.00
5.342944,882.6348,589.00
5.342944,882.6866,635.00
5.342944,882.7383,630.00
5.342944,882.7902,641.00
5.342944,882.8420,616.00
5.342944,882.8939,636.00
5.342944,882.9457,571.00
5.342944,882.9974,615.00
5.342944,883.0493,590.00
5.342944,883.1011,652.00
5.342944,883.1528,546.00
5.342944,883.2046,625.00
5.342944,883.2563,609.00
5.342944,883.3081,609.00
5.342944,883.3599,582.00
5.342944,883.4116,629.00
5.342944,883.4634,588.00
5.342944,883.5151,644.00
5.342944,883.5668,614.00
5.342944,883.6187,623.00
5.342944,883.6703,606.00
5.342944,883.7220,612.00
5.342944,883.7738,614.00
5.342944,883.8254,635.00
5.342944,883.8773,581.00
5.342944,883.9289,659.00
5.342944,883.9806,576.00
5.342944,884.0323,657.00
5.342944,884.0840,621.00
5.342944,884.1357,652.00
5.342944,884.1874,593.00
5.342944,884.2391,628.00
5.342944,884.2907,578.00
5.342944,884.3423,652.00
5.342944,884.3940,582.00
5.342944,884.4457,652.00
5.342944,884.4974,620.00
5.342944,884.5490,643.00
5.342944,884.6006,570.00
5.342944,884.6523,625.00
5.342944,884.7039,568.00
5.342944,884.7555,640.00
5.342944,884.8071,613.00
5.342944,884.8588,649.00
5.342944,884.9103,626.00
5.342944,884.9620,666.00
5.342944,885.0136,654.00
5.342944,885.0651,606.00
5.342944,885.1168,596.00
5.342944,885.1683,631.00
5.342944,885.2200,617.00
5.342944,885.2715,683.00
5.342944,885.3231,599.00
5.342944,885.3746,690.00
5.342944,885.4262,681.00
5.342944,885.4778,678.00
5.342944,885.5293,657.00
5.342944,885.5809,685.00
5.342944,885.6324,567.00
5.342944,885.6839,626.00
5.342944,885.7355,589.00
5.342944,885.7870,670.00
5.342944,885.8385,600.00
5.342944,885.8900,661.00
5.342944,885.9415,627.00
5.342944,885.9930,658.00
5.342944,886.0446,593.00
5.342944,886.0960,664.00
5.342944,886.1475,600.00
5.342944,886.1990,663.00
5.342944,886.2504,621.00
5.342944,886.3020,666.00
5.342944,886.3534,632.00
5.342944,886.4048,688.00
5.342944,886.4564,631.00
5.342944,886.5078,652.00
5.342944,886.5593,601.00
5.342944,886.6107,662.00
5.342944,886.6621,612.00
5.342944,886.7136,635.00
5.342944,886.7650,630.00
5.342944,886.8164,636.00
5.342944,886.8679,643.00
5.342944,886.9193,614.00
5.342944,886.9706,581.00
5.342944,887.0220,651.00
5.342944,887.0735,594.00
5.342944,887.1249,613.00
5.342944,887.1762,599.00
5.342944,887.2276,664.00
5.342944,887.2789,641.00
5.342944,887.3304,649.00
5.342944,887.3818,622.00
5.342944,887.4331,657.00
5.342944,887.4844,596.00
5.342944,887.5358,678.00
5.342944,887.5871,586.00
5.342944,887.6385,659.00
5.342944,887.6898,638.00
5.342944,887.7411,630.00
5.342944,887.7925,627.00
5.342944,887.8438,641.00
5.342944,887.8951,599.00
5.342944,887.9464,691.00
5.342944,887.9977,615.00
5.342944,888.0490,715.00
5.342944,888.1003,654.00
5.342944,888.1516,639.00
5.342944,888.2029,615.00
5.342944,888.2542,647.00
5.342944,888.3054,615.00
5.342944,888.3567,673.00
5.342944,888.4080,631.00
5.342944,888.4592,665.00
5.342944,888.5105,653.00
5.342944,888.5618,667.00
5.342944,888.6130,646.00
5.342944,888.6642,671.00
5.342944,888.7155,644.00
5.342944,888.7667,664.00
5.342944,888.8179,619.00
5.342944,888.8691,675.00
5.342944,888.9204,635.00
5.342944,888.9716,676.00
5.342944,889.0228,654.00
5.342944,889.0740,643.00
5.342944,889.1252,669.00
5.342944,889.1764,671.00
5.342944,889.2275,622.00
5.342944,889.2787,691.00
5.342944,889.3299,635.00
5.342944,889.3810,686.00
5.342944,889.4322,671.00
5.342944,889.4835,661.00
5.342944,889.5346,655.00
5.342944,889.5857,661.00
5.342944,889.6368,623.00
5.342944,889.6879,667.00
5.342944,889.7391,596.00
5.342944,889.7903,681.00
5.342944,889.8414,624.00
5.342944,889.8925,677.00
5.342944,889.9435,631.00
5.342944,889.9948,668.00
5.342944,890.0458,616.00
5.342944,890.0969,656.00
5.342944,890.1479,602.00
5.342944,890.1990,679.00
5.342944,890.2501,630.00
5.342944,890.3012,670.00
5.342944,890.3523,658.00
5.342944,890.4034,633.00
5.342944,890.4545,623.00
5.342944,890.5054,627.00
5.342944,890.5566,591.00
5.342944,890.6076,649.00
5.342944,890.6586,618.00
5.342944,890.7097,665.00
5.342944,890.7607,625.00
5.342944,890.8117,639.00
5.342944,890.8627,622.00
5.342944,890.9138,641.00
5.342944,890.9647,588.00
5.342944,891.0157,638.00
5.342944,891.0668,597.00
5.342944,891.1178,643.00
5.342944,891.1688,610.00
5.342944,891.2197,652.00
5.342944,891.2707,613.00
5.342944,891.3217,624.00
5.342944,891.3727,629.00
5.342944,891.4236,643.00
5.342944,891.4745,570.00
5.342944,891.5256,628.00
5.342944,891.5765,594.00
5.342944,891.6275,638.00
5.342944,891.6783,613.00
5.342944,891.7293,617.00
5.342944,891.7802,594.00
5.342944,891.8312,605.00
5.342944,891.8821,579.00
5.342944,891.9330,654.00
5.342944,891.9839,552.00
5.342944,892.0348,635.00
5.342944,892.0857,616.00
5.342944,892.1366,639.00
5.342944,892.1875,615.00
5.342944,892.2383,620.00
5.342944,892.2892,591.00
5.342944,892.3401,674.00
5.342944,892.3911,581.00
5.342944,892.4418,669.00
5.342944,892.4927,606.00
5.342944,892.5436,653.00
5.342944,892.5944,653.00
5.342944,892.6452,646.00
5.342944,892.6961,606.00
5.342944,892.7469,639.00
5.342944,892.7977,618.00
5.342944,892.8485,596.00
5.342944,892.8993,631.00
5.342944,892.9502,691.00
5.342944,893.0010,617.00
5.342944,893.0518,659.00
5.342944,893.1025,614.00
5.342944,893.1534,655.00
5.342944,893.2042,593.00
5.342944,893.2549,660.00
5.342944,893.3057,607.00
5.342944,893.3564,683.00
5.342944,893.4072,671.00
5.342944,893.4580,630.00
5.342944,893.5087,622.00
5.342944,893.5595,637.00
5.342944,893.6102,599.00
5.342944,893.6609,691.00
5.342944,893.7117,587.00
5.342944,893.7625,691.00
5.342944,893.8132,644.00
5.342944,893.8639,681.00
5.342944,893.9146,647.00
5.342944,893.9653,621.00
5.342944,894.0160,631.00
5.342944,894.0667,650.00
5.342944,894.1174,622.00
5.342944,894.1681,651.00
5.342944,894.2188,610.00
5.342944,894.2695,645.00
5.342944,894.3201,629.00
5.342944,894.3708,649.00
5.342944,894.4214,615.00
5.342944,894.4720,673.00
5.342944,894.5228,564.00
5.342944,894.5734,702.00
5.342944,894.6240,618.00
5.342944,894.6746,701.00
5.342944,894.7252,682.00
5.342944,894.7759,674.00
5.342944,894.8265,633.00
5.342944,894.8771,667.00
5.342944,894.9277,588.00
5.342944,894.9783,681.00
5.342944,895.0290,583.00
5.342944,895.0795,698.00
5.342944,895.1301,617.00
5.342944,895.1807,666.00
5.342944,895.2313,652.00
5.342944,895.2819,619.00
5.342944,895.3325,635.00
5.342944,895.3830,656.00
5.342944,895.4336,609.00
5.342944,895.4841,664.00
5.342944,895.5347,645.00
5.342944,895.5852,659.00
5.342944,895.6357,654.00
5.342944,895.6863,654.00
5.342944,895.7368,624.00
5.342944,895.7874,642.00
5.342944,895.8379,579.00
5.342944,895.8884,683.00
5.342944,895.9388,615.00
5.342944,895.9893,670.00
5.342944,896.0399,625.00
5.342944,896.0904,643.00
5.342944,896.1408,659.00
5.342944,896.1913,649.00
5.342944,896.2418,587.00
5.342944,896.2922,682.00
5.342944,896.3427,633.00
5.342944,896.3932,677.00
5.342944,896.4437,622.00
5.342944,896.4941,671.00
5.342944,896.5445,625.00
5.342944,896.5950,640.00
5.342944,896.6454,650.00
5.342944,896.6958,645.00
5.342944,896.7462,605.00
5.342944,896.7967,668.00
5.342944,896.8471,648.00
5.342944,896.8975,659.00
5.342944,896.9479,650.00
5.342944,896.9983,680.00
5.342944,897.0486,646.00
5.342944,897.0991,650.00
5.342944,897.1495,613.00
5.342944,897.1998,691.00
5.342944,897.2502,610.00
5.342944,897.3005,679.00
5.342944,897.3510,627.00
5.342944,897.4013,662.00
5.342944,897.4517,651.00
5.342944,897.5020,649.00
5.342944,897.5523,631.00
5.342944,897.6026,673.00
5.342944,897.6530,603.00
5.342944,897.7033,685.00
5.342944,897.7537,638.00
5.342944,897.8040,675.00
5.342944,897.8542,618.00
5.342944,897.9046,637.00
5.342944,897.9549,634.00
5.342944,898.0051,669.00
5.342944,898.0554,621.00
5.342944,898.1057,675.00
5.342944,898.1560,614.00
5.342944,898.2063,691.00
5.342944,898.2565,630.00
5.342944,898.3068,634.00
5.342944,898.3571,635.00
5.342944,898.4073,633.00
5.342944,898.4576,587.00
5.342944,898.5078,671.00
5.342944,898.5580,579.00
5.342944,898.6083,681.00
5.342944,898.6584,638.00
5.342944,898.7087,661.00
5.342944,898.7590,629.00
5.342944,898.8091,625.00
5.342944,898.8593,620.00
5.342944,898.9095,639.00
5.342944,898.9598,588.00
5.342944,899.0099,668.00
5.342944,899.0601,618.00
5.342944,899.1103,640.00
5.342944,899.1605,627.00
5.342944,899.2107,618.00
5.342944,899.2608,592.00
5.342944,899.3109,617.00
5.342944,899.3611,602.00
5.342944,899.4113,659.00
5.342944,899.4614,615.00
5.342944,899.5115,656.00
5.342944,899.5616,618.00
5.342944,899.6118,643.00
5.342944,899.6619,593.00
5.342944,899.7121,597.00
5.342944,899.7622,566.00
5.342944,899.8123,641.00
5.342944,899.8624,595.00
5.342944,899.9124,672.00
5.342944,899.9626,602.00
5.342944,900.0126,605.00
5.342944,900.0627,606.00
5.342944,900.1127,651.00
5.342944,900.1628,578.00
5.342944,900.2130,655.00
5.342944,900.2631,572.00
5.342944,900.3130,651.00
5.342944,900.3631,611.00
5.342944,900.4131,641.00
5.342944,900.4632,595.00
5.342944,900.5132,620.00
5.342944,900.5633,561.00
5.342944,900.6132,613.00
5.342944,900.6632,594.00
5.342944,900.7133,615.00
5.342944,900.7633,574.00
5.342944,900.8133,640.00
5.342944,900.8633,582.00
5.342944,900.9133,663.00
5.342944,900.9633,605.00
5.342944,901.0133,633.00
5.342944,901.0632,604.00
5.342944,901.1132,621.00
5.342944,901.1631,601.00
5.342944,901.2131,658.00
5.342944,901.2631,636.00
5.342944,901.3130,662.00
5.342944,901.3630,620.00
5.342944,901.4129,630.00
5.342944,901.4628,607.00
5.342944,901.5128,638.00
5.342944,901.5627,559.00
5.342944,901.6126,632.00
5.342944,901.6625,611.00
5.342944,901.7124,605.00
5.342944,901.7623,641.00
5.342944,901.8123,617.00
5.342944,901.8621,628.00
5.342944,901.9120,653.00
5.342944,901.9619,598.00
5.342944,902.0117,658.00
5.342944,902.0616,622.00
5.342944,902.1115,656.00
5.342944,902.1613,604.00
5.342944,902.2112,619.00
5.342944,902.2610,591.00
5.342944,902.3109,629.00
5.342944,902.3608,562.00
5.342944,902.4106,652.00
5.342944,902.4604,617.00
5.342944,902.5103,645.00
5.342944,902.5601,614.00
5.342944,902.6099,653.00
5.342944,902.6597,614.00
5.342944,902.7095,648.00
5.342944,902.7592,618.00
5.342944,902.8090,641.00
5.342944,902.8589,570.00
5.342944,902.9086,657.00
5.342944,902.9584,602.00
5.342944,903.0082,659.00
5.342944,903.0580,600.00
5.342944,903.1077,633.00
5.342944,903.1575,608.00
5.342944,903.2072,625.00
5.342944,903.2570,609.00
5.342944,903.3067,654.00
5.342944,903.3564,580.00
5.342944,903.4062,674.00
5.342944,903.4559,630.00
5.342944,903.5056,632.00
5.342944,903.5553,599.00
5.342944,903.6050,600.00
5.342944,903.6547,601.00
5.342944,903.7045,679.00
5.342944,903.7541,568.00
5.342944,903.8038,673.00
5.342944,903.8535,620.00
5.342944,903.9032,624.00
5.342944,903.9528,609.00
5.342944,904.0025,640.00
5.342944,904.0522,584.00
5.342944,904.1019,638.00
5.342944,904.1515,610.00
5.342944,904.2012,656.00
5.342944,904.2507,604.00
5.342944,904.3004,650.00
5.342944,904.3500,575.00
5.342944,904.3997,593.00
5.342944,904.4493,594.00
5.342944,904.4989,616.00
5.342944,904.5485,595.00
5.342944,904.5980,635.00
5.342944,904.6477,590.00
5.342944,904.6973,629.00
5.342944,904.7469,606.00
5.342944,904.7964,647.00
5.342944,904.8460,599.00
5.342944,904.8956,587.00
5.342944,904.9452,556.00
5.342944,904.9947,631.00
5.342944,905.0443,579.00
5.342944,905.0938,639.00
5.342944,905.1434,623.00
5.342944,905.1929,604.00
5.342944,905.2424,629.00
5.342944,905.2919,643.00
5.342944,905.3414,601.00
5.342944,905.3910,595.00
5.342944,905.4406,572.00
5.342944,905.4901,654.00
5.342944,905.5396,551.00
5.342944,905.5890,632.00
5.342944,905.6385,609.00
5.342944,905.6880,638.00
5.342944,905.7375,617.00
5.342944,905.7870,673.00
5.342944,905.8364,602.00
5.342944,905.8859,646.00
5.342944,905.9354,609.00
5.342944,905.9848,642.00
5.342944,906.0342,632.00
5.342944,906.0837,671.00
5.342944,906.1331,599.00
5.342944,906.1826,636.00
5.342944,906.2321,603.00
5.342944,906.2814,676.00
5.342944,906.3309,593.00
5.342944,906.3802,679.00
5.342944,906.4297,626.00
5.342944,906.4791,633.00
5.342944,906.5285,624.00
5.342944,906.5779,608.00
5.342944,906.6273,607.00
5.342944,906.6766,647.00
5.342944,906.7260,596.00
5.342944,906.7754,674.00
5.342944,906.8248,586.00
5.342944,906.8741,659.00
5.342944,906.9235,611.00
5.342944,906.9729,624.00
5.342944,907.0222,627.00
5.342944,907.0715,651.00
5.342944,907.1208,601.00
5.342944,907.1702,661.00
5.342944,907.2195,582.00
5.342944,907.2688,655.00
5.342944,907.3181,623.00
5.342944,907.3674,624.00
5.342944,907.4167,602.00
5.342944,907.4660,623.00
5.342944,907.5153,573.00
5.342944,907.5646,651.00
5.342944,907.6139,584.00
5.342944,907.6631,677.00
5.342944,907.7125,577.00
5.342944,907.7617,604.00
5.342944,907.8110,563.00
5.342944,907.8602,626.00
5.342944,907.9094,558.00
5.342944,907.9587,620.00
5.342944,908.0080,546.00
5.342944,908.0572,649.00
5.342944,908.1064,615.00
5.342944,908.1556,623.00
5.342944,908.2048,638.00
5.342944,908.2541,589.00
5.342944,908.3033,618.00
5.342944,908.3524,649.00
5.342944,908.4017,573.00
5.342944,908.4508,645.00
5.342944,908.5000,594.00
5.342944,908.5493,615.00
5.342944,908.5984,630.00
5.342944,908.6475,638.00
5.342944,908.6967,596.00
5.342944,908.7459,631.00
5.342944,908.7950,585.00
5.342944,908.8442,623.00
5.342944,908.8932,597.00
5.342944,908.9424,652.00
5.342944,908.9916,601.00
5.342944,909.0407,664.00
5.342944,909.0898,659.00
5.342944,909.1389,620.00
5.342944,909.1880,604.00
5.342944,909.2372,666.00
5.342944,909.2863,544.00
5.342944,909.3354,653.00
5.342944,909.3845,586.00
5.342944,909.4335,652.00
5.342944,909.4825,635.00
5.342944,909.5317,624.00
5.342944,909.5807,600.00
5.342944,909.6298,637.00
5.342944,909.6789,580.00
5.342944,909.7280,635.00
5.342944,909.7770,588.00
5.342944,909.8260,634.00
5.342944,909.8751,612.00
5.342944,909.9241,616.00
5.342944,909.9731,613.00
5.342944,910.0222,650.00
5.342944,910.0711,613.00
5.342944,910.1201,634.00
5.342944,910.1691,568.00
5.342944,910.2181,646.00
5.342944,910.2672,619.00
5.342944,910.3162,638.00
5.342944,910.3651,615.00
5.342944,910.4141,634.00
5.342944,910.4631,631.00
5.342944,910.5120,611.00
5.342944,910.5610,589.00
5.342944,910.6099,641.00
5.342944,910.6589,619.00
5.342944,910.7078,641.00
5.342944,910.7568,611.00
5.342944,910.8057,624.00
5.342944,910.8546,610.00
5.342944,910.9036,637.00
5.342944,910.9525,624.00
5.342944,911.0013,655.00
5.342944,911.0503,620.00
5.342944,911.0992,649.00
5.342944,911.1481,630.00
5.342944,911.1970,652.00
5.342944,911.2459,649.00
5.342944,911.2948,640.00
5.342944,911.3436,594.00
5.342944,911.3925,605.00
5.342944,911.4414,594.00
5.342944,911.4902,662.00
5.342944,911.5391,646.00
5.342944,911.5880,631.00
5.342944,911.6368,612.00
5.342944,911.6857,657.00
5.342944,911.7344,599.00
5.342944,911.7833,655.00
5.342944,911.8321,605.00
5.342944,911.8809,656.00
5.342944,911.9297,612.00
5.342944,911.9785,677.00
5.342944,912.0273,679.00
5.342944,912.0762,606.00
5.342944,912.1249,662.00
5.342944,912.1737,654.00
5.342944,912.2225,610.00
5.342944,912.2712,667.00
5.342944,912.3201,651.00
5.342944,912.3688,689.00
5.342944,912.4176,629.00
5.342944,912.4663,651.00
5.342944,912.5150,613.00
5.342944,912.5638,643.00
5.342944,912.6125,592.00
5.342944,912.6613,654.00
5.342944,912.7100,605.00
5.342944,912.7587,668.00
5.342944,912.8074,635.00
5.342944,912.8561,672.00
5.342944,912.9048,667.00
5.342944,912.9535,688.00
5.342944,913.0023,616.00
5.342944,913.0510,627.00
5.342944,913.0996,588.00
5.342944,913.1483,669.00
5.342944,913.1969,624.00
5.342944,913.2456,670.00
5.342944,913.2943,699.00
5.342944,913.3430,670.00
5.342944,913.3916,626.00
5.342944,913.4402,612.00
5.342944,913.4888,609.00
5.342944,913.5375,727.00
5.342944,913.5862,615.00
5.342944,913.6348,693.00
5.342944,913.6834,676.00
5.342944,913.7320,680.00
5.342944,913.7806,653.00
5.342944,913.8292,683.00
5.342944,913.8778,630.00
5.342944,913.9264,654.00
5.342944,913.9750,604.00
5.342944,914.0236,692.00
5.342944,914.0721,659.00
5.342944,914.1207,691.00
5.342944,914.1693,631.00
5.342944,914.2178,646.00
5.342944,914.2664,632.00
5.342944,914.3149,689.00
5.342944,914.3635,641.00
5.342944,914.4120,689.00
5.342944,914.4606,655.00
5.342944,914.5090,696.00
5.342944,914.5576,648.00
5.342944,914.6061,694.00
5.342944,914.6546,632.00
5.342944,914.7031,703.00
5.342944,914.7516,620.00
5.342944,914.8001,712.00
5.342944,914.8486,647.00
5.342944,914.8971,720.00
5.342944,914.9456,653.00
5.342944,914.9941,684.00
5.342944,915.0425,668.00
5.342944,915.0910,661.00
5.342944,915.1395,622.00
5.342944,915.1879,680.00
5.342944,915.2363,644.00
5.342944,915.2849,722.00
5.342944,915.3333,688.00
5.342944,915.3817,697.00
5.342944,915.4301,676.00
5.342944,915.4785,670.00
5.342944,915.5269,637.00
5.342944,915.5754,670.00
5.342944,915.6237,614.00
5.342944,915.6721,710.00
5.342944,915.7205,635.00
5.342944,915.7689,712.00
5.342944,915.8173,665.00
5.342944,915.8657,667.00
5.342944,915.9141,627.00
5.342944,915.9623,659.00
5.342944,916.0107,622.00
5.342944,916.0591,696.00
5.342944,916.1075,631.00
5.342944,916.1558,687.00
5.342944,916.2042,633.00
5.342944,916.2524,667.00
5.342944,916.3008,686.00
5.342944,916.3491,675.00
5.342944,916.3974,607.00
5.342944,916.4457,682.00
5.342944,916.4940,641.00
5.342944,916.5423,681.00
5.342944,916.5907,663.00
5.342944,916.6390,669.00
5.342944,916.6872,655.00
5.342944,916.7355,652.00
5.342944,916.7838,626.00
5.342944,916.8320,689.00
5.342944,916.8803,624.00
5.342944,916.9286,699.00
5.342944,916.9768,624.00
5.342944,917.0250,673.00
5.342944,917.0733,698.00
5.342944,917.1216,660.00
5.342944,917.1698,647.00
5.342944,917.2180,662.00
5.342944,917.2662,630.00
5.342944,917.3145,671.00
5.342944,917.3626,630.00
5.342944,917.4109,689.00
5.342944,917.4590,631.00
5.342944,917.5072,723.00
5.342944,917.5554,645.00
5.342944,917.6036,685.00
5.342944,917.6518,622.00
5.342944,917.7000,687.00
5.342944,917.7481,625.00
5.342944,917.7963,692.00
5.342944,917.8444,644.00
5.342944,917.8926,689.00
5.342944,917.9407,679.00
5.342944,917.9888,686.00
5.342944,918.0369,626.00
5.342944,918.0851,654.00
5.342944,918.1332,646.00
5.342944,918.1813,691.00
5.342944,918.2294,641.00
5.342944,918.2776,699.00
5.342944,918.3257,665.00
5.342944,918.3737,663.00
5.342944,918.4218,663.00
5.342944,918.4699,680.00
5.342944,918.5180,627.00
5.342944,918.5660,682.00
5.342944,918.6142,627.00
5.342944,918.6622,677.00
5.342944,918.7103,658.00
5.342944,918.7583,677.00
5.342944,918.8064,659.00
5.342944,918.8544,661.00
5.342944,918.9025,636.00
5.342944,918.9505,679.00
5.342944,918.9985,624.00
5.342944,919.0464,725.00
5.342944,919.0945,676.00
5.342944,919.1426,702.00
5.342944,919.1905,683.00
5.342944,919.2385,666.00
5.342944,919.2866,656.00
5.342944,919.3345,670.00
5.342944,919.3825,637.00
5.342944,919.4304,681.00
5.342944,919.4785,623.00
5.342944,919.5264,706.00
5.342944,919.5744,667.00
5.342944,919.6224,706.00
5.342944,919.6703,664.00
5.342944,919.7182,661.00
5.342944,919.7661,639.00
5.342944,919.8141,681.00
5.342944,919.8620,657.00
5.342944,919.9100,712.00
5.342944,919.9578,654.00
5.342944,920.0057,703.00
5.342944,920.0536,658.00
5.342944,920.1016,666.00
5.342944,920.1495,632.00
5.342944,920.1973,681.00
5.342944,920.2452,585.00
5.342944,920.2932,669.00
5.342944,920.3410,657.00
5.342944,920.3888,682.00
5.342944,920.4367,644.00
5.342944,920.4846,650.00
5.342944,920.5323,630.00
5.342944,920.5803,628.00
5.342944,920.6281,617.00
5.342944,920.6759,690.00
5.342944,920.7237,673.00
5.342944,920.7715,689.00
5.342944,920.8195,618.00
5.342944,920.8672,646.00
5.342944,920.9150,655.00
5.342944,920.9628,692.00
5.342944,921.0106,648.00
5.342944,921.0584,693.00
5.342944,921.1062,601.00
5.342944,921.1540,683.00
5.342944,921.2017,624.00
5.342944,921.2495,660.00
5.342944,921.2973,636.00
5.342944,921.3450,650.00
5.342944,921.3928,587.00
5.342944,921.4405,664.00
5.342944,921.4882,574.00
5.342944,921.5359,660.00
5.342944,921.5837,643.00
5.342944,921.6315,643.00
5.342944,921.6791,640.00
5.342944,921.7269,663.00
5.342944,921.7746,614.00
5.342944,921.8223,627.00
5.342944,921.8700,627.00
5.342944,921.9177,676.00
5.342944,921.9653,609.00
5.342944,922.0130,657.00
5.342944,922.0607,637.00
5.342944,922.1084,633.00
5.342944,922.1561,610.00
5.342944,922.2037,664.00
5.342944,922.2513,622.00
5.342944,922.2990,654.00
5.342944,922.3467,600.00
5.342944,922.3943,641.00
5.342944,922.4419,600.00
5.342944,922.4895,663.00
5.342944,922.5371,635.00
5.342944,922.5848,656.00
5.342944,922.6324,628.00
5.342944,922.6800,638.00
5.342944,922.7276,591.00
5.342944,922.7752,667.00
5.342944,922.8228,638.00
5.342944,922.8704,680.00
5.342944,922.9179,611.00
5.342944,922.9655,669.00
5.342944,923.0130,637.00
5.342944,923.0607,693.00
5.342944,923.1082,618.00
5.342944,923.1558,679.00
5.342944,923.2032,620.00
5.342944,923.2508,642.00
5.342944,923.2983,660.00
5.342944,923.3459,651.00
5.342944,923.3934,651.00
5.342944,923.4409,648.00
5.342944,923.4884,617.00
5.342944,923.5359,660.00
5.342944,923.5834,617.00
5.342944,923.6309,675.00
5.342944,923.6784,644.00
5.342944,923.7259,686.00
5.342944,923.7734,632.00
5.342944,923.8209,636.00
5.342944,923.8683,615.00
5.342944,923.9158,680.00
5.342944,923.9632,619.00
5.342944,924.0106,692.00
5.342944,924.0581,634.00
5.342944,924.1056,673.00
5.342944,924.1530,660.00
5.342944,924.2004,665.00
5.342944,924.2479,626.00
5.342944,924.2952,627.00
5.342944,924.3427,580.00
5.342944,924.3901,672.00
5.342944,924.4375,638.00
5.342944,924.4849,687.00
5.342944,924.5323,657.00
5.342944,924.5797,640.00
5.342944,924.6270,646.00
5.342944,924.6744,673.00
5.342944,924.7218,591.00
5.342944,924.7692,672.00
5.342944,924.8165,592.00
5.342944,924.8639,683.00
5.342944,924.9112,642.00
5.342944,924.9585,667.00
5.342944,925.0059,660.00
5.342944,925.0532,644.00
5.342944,925.1005,613.00
5.342944,925.1478,693.00
5.342944,925.1952,599.00
5.342944,925.2424,668.00
5.342944,925.2897,624.00
5.342944,925.3370,664.00
5.342944,925.3843,646.00
5.342944,925.4316,657.00
5.342944,925.4789,602.00
5.342944,925.5262,676.00
5.342944,925.5734,606.00
5.342944,925.6207,665.00
5.342944,925.6680,646.00
5.342944,925.7153,675.00
5.342944,925.7625,676.00
5.342944,925.8097,645.00
5.342944,925.8569,634.00
5.342944,925.9042,667.00
5.342944,925.9514,601.00
5.342944,925.9987,688.00
5.342944,926.0458,612.00
5.342944,926.0930,677.00
5.342944,926.1403,617.00
5.342944,926.1874,670.00
5.342944,926.2346,616.00
5.342944,926.2819,678.00
5.342944,926.3290,646.00
5.342944,926.3762,688.00
5.342944,926.4233,589.00
5.342944,926.4705,722.00
5.342944,926.5177,685.00
5.342944,926.5648,685.00
5.342944,926.6120,692.00
5.342944,926.6591,708.00
5.342944,926.7063,657.00
5.342944,926.7534,686.00
5.342944,926.8005,618.00
5.342944,926.8477,724.00
5.342944,926.8947,650.00
5.342944,926.9418,728.00
5.342944,926.9890,695.00
5.342944,927.0361,697.00
5.342944,927.0831,676.00
5.342944,927.1302,727.00
5.342944,927.1773,658.00
5.342944,927.2244,765.00
5.342944,927.2715,690.00
5.342944,927.3185,744.00
5.342944,927.3656,691.00
5.342944,927.4126,739.00
5.342944,927.4597,756.00
5.342944,927.5067,767.00
5.342944,927.5538,750.00
5.342944,927.6008,859.00
5.342944,927.6478,965.00
5.342944,927.6949,1238.00
5.342944,927.7419,1415.00
5.342944,927.7888,1597.00
5.342944,927.8358,2109.00
5.342944,927.8829,3394.00
5.342944,927.9299,5175.00
5.342944,927.9769,6189.00
5.342944,928.0239,5600.00
5.342944,928.0708,4076.00
5.342944,928.1177,2775.00
5.342944,928.1648,2623.00
5.342944,928.2117,2708.00
5.342944,928.2587,2158.00
5.342944,928.3056,1434.00
5.342944,928.3525,1073.00
5.342944,928.3995,993.00
5.342944,928.4465,1026.00
5.342944,928.4934,819.00
5.342944,928.5402,763.00
5.342944,928.5872,706.00
5.342944,928.6340,756.00
5.342944,928.6810,709.00
5.342944,928.7279,735.00
5.342944,928.7748,691.00
5.342944,928.8217,703.00
5.342944,928.8685,668.00
5.342944,928.9155,702.00
5.342944,928.9623,617.00
5.342944,929.0092,687.00
5.342944,929.0560,673.00
5.342944,929.1028,672.00
5.342944,929.1498,649.00
5.342944,929.1965,692.00
5.342944,929.2434,659.00
5.342944,929.2902,702.00
5.342944,929.3370,654.00
5.342944,929.3839,702.00
5.342944,929.4307,664.00
5.342944,929.4775,707.00
5.342944,929.5243,685.00
5.342944,929.5710,681.00
5.342944,929.6179,635.00
5.342944,929.6647,688.00
5.342944,929.7115,617.00
5.342944,929.7582,670.00
5.342944,929.8050,648.00
5.342944,929.8517,721.00
5.342944,929.8986,652.00
5.342944,929.9453,646.00
5.342944,929.9921,645.00
5.342944,930.0388,704.00
5.342944,930.0854,636.00
5.342944,930.1323,702.00
5.342944,930.1790,629.00
5.342944,930.2256,702.00
5.342944,930.2724,680.00
5.342944,930.3191,676.00
5.342944,930.3658,629.00
5.342944,930.4125,694.00
5.342944,930.4592,649.00
5.342944,930.5059,710.00
5.342944,930.5526,632.00
5.342944,930.5993,674.00
5.342944,930.6459,675.00
5.342944,930.6926,694.00
5.342944,930.7392,643.00
5.342944,930.7859,666.00
5.342944,930.8325,607.00
5.342944,930.8792,687.00
5.342944,930.9258,637.00
5.342944,930.9725,697.00
5.342944,931.0190,671.00
5.342944,931.0657,699.00
5.342944,931.1123,713.00
5.342944,931.1589,660.00
5.342944,931.2055,650.00
5.342944,931.2521,661.00
5.342944,931.2987,633.00
5.342944,931.3453,690.00
5.342944,931.3919,624.00
5.342944,931.4385,701.00
5.342944,931.4850,678.00
5.342944,931.5316,680.00
5.342944,931.5782,633.00
5.342944,931.6248,680.00
5.342944,931.6713,634.00
5.342944,931.7178,689.00
5.342944,931.7643,646.00
5.342944,931.8109,702.00
5.342944,931.8574,666.00
5.342944,931.9039,679.00
5.342944,931.9504,660.00
5.342944,931.9969,689.00
5.342944,932.0435,643.00
5.342944,932.0900,693.00
5.342944,932.1365,603.00
5.342944,932.1829,688.00
5.342944,932.2294,626.00
5.342944,932.2759,695.00
5.342944,932.3223,654.00
5.342944,932.3688,647.00
5.342944,932.4153,650.00
5.342944,932.4617,667.00
5.342944,932.5082,651.00
5.342944,932.5546,695.00
5.342944,932.6011,659.00
5.342944,932.6475,709.00
5.342944,932.6939,685.00
5.342944,932.7402,687.00
5.342944,932.7867,633.00
5.342944,932.8331,707.00
5.342944,932.8795,620.00
5.342944,932.9259,722.00
5.342944,932.9723,645.00
5.342944,933.0187,712.00
5.342944,933.0651,699.00
5.342944,933.1115,682.00
5.342944,933.1578,681.00
5.342944,933.2042,680.00
5.342944,933.2505,644.00
5.342944,933.2969,715.00
5.342944,933.3433,661.00
5.342944,933.3896,710.00
5.342944,933.4359,654.00
5.342944,933.4822,718.00
5.342944,933.5286,671.00
5.342944,933.5749,674.00
5.342944,933.6212,707.00
5.342944,933.6675,685.00
5.342944,933.7138,673.00
5.342944,933.7601,727.00
5.342944,933.8064,683.00
5.342944,933.8527,685.00
5.342944,933.8989,656.00
5.342944,933.9452,700.00
5.342944,933.9915,689.00
5.342944,934.0378,659.00
5.342944,934.0840,626.00
5.342944,934.1302,732.00
5.342944,934.1765,622.00
5.342944,934.2227,700.00
5.342944,934.2690,697.00
5.342944,934.3152,701.00
5.342944,934.3614,690.00
5.342944,934.4077,693.00
5.342944,934.4539,650.00
5.342944,934.5001,708.00
5.342944,934.5463,626.00
5.342944,934.5925,723.00
5.342944,934.6387,678.00
5.342944,934.6848,713.00
5.342944,934.7310,680.00
5.342944,934.7772,695.00
5.342944,934.8234,661.00
5.342944,934.8695,687.00
5.342944,934.9156,668.00
5.342944,934.9619,740.00
5.342944,935.0080,695.00
5.342944,935.0541,724.00
5.342944,935.1002,697.00
5.342944,935.1464,678.00
5.342944,935.1925,654.00
5.342944,935.2386,729.00
5.342944,935.2847,678.00
5.342944,935.3308,704.00
5.342944,935.3769,657.00
5.342944,935.4230,723.00
5.342944,935.4691,668.00
5.342944,935.5152,713.00
5.342944,935.5613,664.00
5.342944,935.6073,718.00
5.342944,935.6534,641.00
5.342944,935.6995,708.00
5.342944,935.7455,632.00
5.342944,935.7916,722.00
5.342944,935.8376,663.00
5.342944,935.8837,708.00
5.342944,935.9297,648.00
5.342944,935.9757,682.00
5.342944,936.0217,643.00
5.342944,936.0677,663.00
5.342944,936.1137,646.00
5.342944,936.1598,698.00
5.342944,936.2057,657.00
5.342944,936.2518,695.00
5.342944,936.2977,671.00
5.342944,936.3437,685.00
5.342944,936.3896,631.00
5.342944,936.4357,674.00
5.342944,936.4816,599.00
5.342944,936.5275,695.00
5.342944,936.5735,612.00
5.342944,936.6194,673.00
5.342944,936.6654,687.00
5.342944,936.7114,655.00
5.342944,936.7573,605.00
5.342944,936.8032,656.00
5.342944,936.8491,580.00
5.342944,936.8950,643.00
5.342944,936.9409,621.00
5.342944,936.9868,674.00
5.342944,937.0327,620.00
5.342944,937.0786,672.00
5.342944,937.1245,615.00
5.342944,937.1704,634.00
5.342944,937.2162,609.00
5.342944,937.2621,658.00
5.342944,937.3080,578.00
5.342944,937.3539,631.00
5.342944,937.3997,623.00
5.342944,937.4455,666.00
5.342944,937.4913,633.00
5.342944,937.5372,655.00
5.342944,937.5831,605.00
5.342944,937.6289,637.00
5.342944,937.6747,615.00
5.342944,937.7205,672.00
5.342944,937.7663,599.00
5.342944,937.8121,688.00
5.342944,937.8579,624.00
5.342944,937.9037,625.00
5.342944,937.9495,634.00
5.342944,937.9952,661.00
5.342944,938.0410,608.00
5.342944,938.0868,638.00
5.342944,938.1325,582.00
5.342944,938.1783,697.00
5.342944,938.2240,606.00
5.342944,938.2698,674.00
5.342944,938.3155,639.00
5.342944,938.3613,641.00
5.342944,938.4069,622.00
5.342944,938.4527,659.00
5.342944,938.4984,625.00
5.342944,938.5441,675.00
5.342944,938.5898,640.00
5.342944,938.6356,663.00
5.342944,938.6812,639.00
5.342944,938.7269,654.00
5.342944,938.7726,613.00
5.342944,938.8182,656.00
5.342944,938.8640,643.00
5.342944,938.9096,673.00
5.342944,938.9552,625.00
5.342944,939.0010,630.00
5.342944,939.0466,654.00
5.342944,939.0922,671.00
5.342944,939.1378,680.00
5.342944,939.1835,678.00
5.342944,939.2291,595.00
5.342944,939.2747,675.00
5.342944,939.3203,625.00
5.342944,939.3659,716.00
5.342944,939.4115,659.00
5.342944,939.4570,671.00
5.342944,939.5027,667.00
5.342944,939.5483,674.00
5.342944,939.5939,640.00
5.342944,939.6395,677.00
5.342944,939.6851,615.00
5.342944,939.7306,705.00
5.342944,939.7761,641.00
5.342944,939.8217,696.00
5.342944,939.8672,642.00
5.342944,939.9127,675.00
5.342944,939.9583,658.00
5.342944,940.0038,690.00
5.342944,940.0493,680.00
5.342944,940.0948,713.00
5.342944,940.1403,645.00
5.342944,940.1859,731.00
5.342944,940.2314,651.00
5.342944,940.2769,708.00
5.342944,940.3223,648.00
5.342944,940.3678,696.00
5.342944,940.4133,655.00
5.342944,940.4588,697.00
5.342944,940.5042,664.00
5.342944,940.5497,734.00
5.342944,940.5952,644.00
5.342944,940.6406,701.00
5.342944,940.6860,674.00
5.342944,940.7315,662.00
5.342944,940.7769,671.00
5.342944,940.8223,700.00
5.342944,940.8677,628.00
5.342944,940.9132,693.00
5.342944,940.9586,645.00
5.342944,941.0040,743.00
5.342944,941.0494,688.00
5.342944,941.0948,692.00
5.342944,941.1402,664.00
5.342944,941.1855,684.00
5.342944,941.2310,633.00
5.342944,941.2762,698.00
5.342944,941.3216,644.00
5.342944,941.3670,720.00
5.342944,941.4124,676.00
5.342944,941.4577,682.00
5.342944,941.5031,647.00
5.342944,941.5483,686.00
5.342944,941.5937,654.00
5.342944,941.6390,722.00
5.342944,941.6843,659.00
5.342944,941.7296,693.00
5.342944,941.7749,673.00
5.342944,941.8203,673.00
5.342944,941.8655,669.00
5.342944,941.9108,677.00
5.342944,941.9561,662.00
5.342944,942.0013,700.00
5.342944,942.0467,670.00
5.342944,942.0920,702.00
5.342944,942.1372,688.00
5.342944,942.1824,691.00
5.342944,942.2277,670.00
5.342944,942.2729,685.00
5.342944,942.3182,651.00
5.342944,942.3634,718.00
5.342944,942.4086,681.00
5.342944,942.4539,677.00
5.342944,942.4990,636.00
5.342944,942.5443,713.00
5.342944,942.5895,691.00
5.342944,942.6347,694.00
5.342944,942.6798,630.00
5.342944,942.7250,680.00
5.342944,942.7702,668.00
5.342944,942.8154,705.00
5.342944,942.8606,627.00
5.342944,942.9058,707.00
5.342944,942.9508,660.00
5.342944,942.9960,710.00
5.342944,943.0412,652.00
5.342944,943.0864,695.00
5.342944,943.1314,651.00
5.342944,943.1766,714.00
5.342944,943.2217,671.00
5.342944,943.2668,718.00
5.342944,943.3120,643.00
5.342944,943.3571,703.00
5.342944,943.4021,675.00
5.342944,943.4473,721.00
5.342944,943.4923,649.00
5.342944,943.5374,679.00
5.342944,943.5825,653.00
5.342944,943.6276,681.00
5.342944,943.6725,608.00
5.342944,943.7177,668.00
5.342944,943.7627,673.00
5.342944,943.8078,660.00
5.342944,943.8528,668.00
5.342944,943.8978,688.00
5.342944,943.9429,634.00
5.342944,943.9879,694.00
5.342944,944.0330,628.00
5.342944,944.0779,700.00
5.342944,944.1229,654.00
5.342944,944.1679,697.00
5.342944,944.2130,683.00
5.342944,944.2579,678.00
5.342944,944.3029,630.00
5.342944,944.3478,643.00
5.342944,944.3929,626.00
5.342944,944.4379,701.00
5.342944,944.4828,657.00
5.342944,944.5277,707.00
5.342944,944.5727,675.00
5.342944,944.6176,679.00
5.342944,944.6626,660.00
5.342944,944.7076,698.00
5.342944,944.7524,647.00
5.342944,944.7974,691.00
5.342944,944.8423,691.00
5.342944,944.8872,714.00
5.342944,944.9321,693.00
5.342944,944.9770,729.00
5.342944,945.0219,687.00
5.342944,945.0667,673.00
5.342944,945.1116,651.00
5.342944,945.1566,674.00
5.342944,945.2014,656.00
5.342944,945.2463,711.00
5.342944,945.2911,656.00
5.342944,945.3360,743.00
5.342944,945.3808,679.00
5.342944,945.4257,704.00
5.342944,945.4705,665.00
5.342944,945.5153,686.00
5.342944,945.5601,629.00
5.342944,945.6050,737.00
5.342944,945.6498,660.00
5.342944,945.6946,666.00
5.342944,945.7394,639.00
5.342944,945.7842,676.00
5.342944,945.8290,646.00
5.342944,945.8738,698.00
5.342944,945.9186,637.00
5.342944,945.9633,705.00
5.342944,946.0081,654.00
5.342944,946.0529,699.00
5.342944,946.0976,677.00
5.342944,946.1423,678.00
5.342944,946.1871,646.00
5.342944,946.2318,703.00
5.342944,946.2766,589.00
5.342944,946.3213,680.00
5.342944,946.3660,623.00
5.342944,946.4107,683.00
5.342944,946.4554,621.00
5.342944,946.5001,706.00
5.342944,946.5449,670.00
5.342944,946.5895,647.00
5.342944,946.6342,637.00
5.342944,946.6789,664.00
5.342944,946.7236,629.00
5.342944,946.7682,691.00
5.342944,946.8129,655.00
5.342944,946.8575,674.00
5.342944,946.9022,614.00
5.342944,946.9468,716.00
5.342944,946.9915,663.00
5.342944,947.0361,677.00
5.342944,947.0807,623.00
5.342944,947.1253,679.00
5.342944,947.1700,618.00
5.342944,947.2146,697.00
5.342944,947.2592,636.00
5.342944,947.3038,709.00
5.342944,947.3483,671.00
5.342944,947.3929,673.00
5.342944,947.4376,614.00
5.342944,947.4821,670.00
5.342944,947.5267,622.00
5.342944,947.5712,693.00
5.342944,947.6158,660.00
5.342944,947.6604,677.00
5.342944,947.7050,645.00
5.342944,947.7495,653.00
5.342944,947.7939,628.00
5.342944,947.8385,676.00
5.342944,947.8831,590.00
5.342944,947.9276,688.00
5.342944,947.9720,642.00
5.342944,948.0166,648.00
5.342944,948.0611,620.00
5.342944,948.1056,631.00
5.342944,948.1501,580.00
5.342944,948.1945,649.00
5.342944,948.2390,624.00
5.342944,948.2835,680.00
5.342944,948.3279,589.00
5.342944,948.3724,666.00
5.342944,948.4169,628.00
5.342944,948.4613,690.00
5.342944,948.5057,640.00
5.342944,948.5502,628.00
5.342944,948.5947,617.00
5.342944,948.6391,672.00
5.342944,948.6835,627.00
5.342944,948.7279,682.00
5.342944,948.7723,638.00
5.342944,948.8167,678.00
5.342944,948.8611,624.00
5.342944,948.9055,639.00
5.342944,948.9498,613.00
5.342944,948.9943,649.00
5.342944,949.0387,631.00
5.342944,949.0830,694.00
5.342944,949.1273,623.00
5.342944,949.1718,682.00
5.342944,949.2161,640.00
5.342944,949.2604,639.00
5.342944,949.3047,639.00
5.342944,949.3491,633.00
5.342944,949.3934,615.00
5.342944,949.4377,664.00
5.342944,949.4821,613.00
5.342944,949.5264,687.00
5.342944,949.5707,636.00
5.342944,949.6150,671.00
5.342944,949.6592,648.00
5.342944,949.7036,648.00
5.342944,949.7479,605.00
5.342944,949.7921,714.00
5.342944,949.8363,613.00
5.342944,949.8806,686.00
5.342944,949.9249,644.00
5.342944,949.9692,670.00
5.342944,950.0134,619.00
5.342944,950.0576,676.00
5.342944,950.1019,645.00
5.342944,950.1461,698.00
5.342944,950.1903,597.00
5.342944,950.2346,687.00
5.342944,950.2787,646.00
5.342944,950.3229,662.00
5.342944,950.3671,619.00
5.342944,950.4114,668.00
5.342944,950.4555,671.00
5.342944,950.4997,679.00
5.342944,950.5439,659.00
5.342944,950.5880,713.00
5.342944,950.6322,624.00
5.342944,950.6763,655.00
5.342944,950.7205,649.00
5.342944,950.7646,669.00
5.342944,950.8088,630.00
5.342944,950.8530,672.00
5.342944,950.8971,649.00
5.342944,950.9412,672.00
5.342944,950.9853,582.00
5.342944,951.0294,671.00
5.342944,951.0735,636.00
5.342944,951.1177,702.00
5.342944,951.1617,654.00
5.342944,951.2057,693.00
5.342944,951.2499,643.00
5.342944,951.2939,676.00
5.342944,951.3380,627.00
5.342944,951.3821,685.00
5.342944,951.4261,626.00
5.342944,951.4702,699.00
5.342944,951.5142,684.00
5.342944,951.5582,665.00
5.342944,951.6024,616.00
5.342944,951.6464,711.00
5.342944,951.6904,663.00
5.342944,951.7344,678.00
5.342944,951.7784,574.00
5.342944,951.8224,694.00
5.342944,951.8665,631.00
5.342944,951.9104,697.00
5.342944,951.9544,661.00
5.342944,951.9984,657.00
5.342944,952.0424,651.00
5.342944,952.0864,687.00
5.342944,952.1303,622.00
5.342944,952.1743,706.00
5.342944,952.2183,662.00
5.342944,952.2621,721.00
5.342944,952.3061,681.00
5.342944,952.3500,693.00
5.342944,952.3940,649.00
5.342944,952.4379,659.00
5.342944,952.4818,622.00
5.342944,952.5258,704.00
5.342944,952.5696,680.00
5.342944,952.6136,708.00
5.342944,952.6574,633.00
5.342944,952.7014,681.00
5.342944,952.7452,622.00
5.342944,952.7891,654.00
5.342944,952.8330,630.00
5.342944,952.8768,700.00
5.342944,952.9207,640.00
5.342944,952.9645,729.00
5.342944,953.0084,637.00
5.342944,953.0522,665.00
5.342944,953.0961,664.00
5.342944,953.1400,658.00
5.342944,953.1838,658.00
5.342944,953.2275,648.00
5.342944,953.2714,632.00
5.342944,953.3152,720.00
5.342944,953.3589,655.00
5.342944,953.4028,701.00
5.342944,953.4466,628.00
5.342944,953.4904,666.00
5.342944,953.5341,636.00
5.342944,953.5779,657.00
5.342944,953.6217,566.00
5.342944,953.6654,654.00
5.342944,953.7092,609.00
5.342944,953.7529,692.00
5.342944,953.7967,612.00
5.342944,953.8405,661.00
5.342944,953.8842,629.00
5.342944,953.9279,660.00
5.342944,953.9716,638.00
5.342944,954.0153,674.00
5.342944,954.0590,630.00
5.342944,954.1027,656.00
5.342944,954.1464,628.00
5.342944,954.1901,655.00
5.342944,954.2338,633.00
5.342944,954.2774,677.00
5.342944,954.3212,608.00
5.342944,954.3648,674.00
5.342944,954.4084,623.00
5.342944,954.4521,646.00
5.342944,954.4958,606.00
5.342944,954.5394,654.00
5.342944,954.5831,659.00
5.342944,954.6267,661.00
5.342944,954.6703,643.00
5.342944,954.7139,653.00
5.342944,954.7576,617.00
5.342944,954.8012,655.00
5.342944,954.8448,602.00
5.342944,954.8884,687.00
5.342944,954.9319,632.00
5.342944,954.9755,648.00
5.342944,955.0191,613.00
5.342944,955.0627,629.00
5.342944,955.1063,585.00
5.342944,955.1498,642.00
5.342944,955.1934,594.00
5.342944,955.2369,642.00
5.342944,955.2805,596.00
5.342944,955.3240,660.00
5.342944,955.3675,665.00
5.342944,955.4111,649.00
5.342944,955.4546,587.00
5.342944,955.4981,646.00
5.342944,955.5416,594.00
5.342944,955.5851,676.00
5.342944,955.6285,610.00
5.342944,955.6722,665.00
5.342944,955.7156,635.00
5.342944,955.7590,655.00
5.342944,955.8025,624.00
5.342944,955.8460,657.00
5.342944,955.8895,588.00
5.342944,955.9329,669.00
5.342944,955.9764,637.00
5.342944,956.0198,666.00
5.342944,956.0632,634.00
5.342944,956.1067,700.00
5.342944,956.1501,636.00
5.342944,956.1935,648.00
5.342944,956.2369,609.00
5.342944,956.2803,617.00
5.342944,956.3238,608.00
5.342944,956.3671,674.00
5.342944,956.4105,632.00
5.342944,956.4539,676.00
5.342944,956.4973,640.00
5.342944,956.5406,616.00
5.342944,956.5841,635.00
5.342944,956.6274,648.00
5.342944,956.6707,600.00
5.342944,956.7141,714.00
5.342944,956.7575,622.00
5.342944,956.8008,673.00
5.342944,956.8442,640.00
5.342944,956.8875,642.00
5.342944,956.9308,651.00
5.342944,956.9741,661.00
5.342944,957.0174,620.00
5.342944,957.0607,658.00
5.342944,957.1040,581.00
5.342944,957.1473,669.00
5.342944,957.1906,614.00
5.342944,957.2339,670.00
5.342944,957.2772,635.00
5.342944,957.3204,652.00
5.342944,957.3636,610.00
5.342944,957.4069,671.00
5.342944,957.4502,597.00
5.342944,957.4934,651.00
5.342944,957.5366,620.00
5.342944,957.5799,651.00
5.342944,957.6230,619.00
5.342944,957.6664,682.00
5.342944,957.7095,641.00
5.342944,957.7527,690.00
5.342944,957.7959,633.00
5.342944,957.8392,699.00
5.342944,957.8823,637.00
5.342944,957.9255,726.00
5.342944,957.9687,649.00
5.342944,958.0118,666.00
5.342944,958.0551,647.00
5.342944,958.0983,686.00
5.342944,958.1414,623.00
5.342944,958.1845,688.00
5.342944,958.2277,641.00
5.342944,958.2708,701.00
5.342944,958.3139,655.00
5.342944,958.3571,671.00
5.342944,958.4001,666.00
5.342944,958.4432,670.00
5.342944,958.4864,644.00
5.342944,958.5295,689.00
5.342944,958.5726,651.00
5.342944,958.6157,709.00
5.342944,958.6588,629.00
5.342944,958.7018,686.00
5.342944,958.7449,620.00
5.342944,958.7879,681.00
5.342944,958.8311,636.00
5.342944,958.8741,676.00
5.342944,958.9171,601.00
5.342944,958.9601,708.00
5.342944,959.0032,630.00
5.342944,959.0463,684.00
5.342944,959.0893,654.00
5.342944,959.1323,676.00
5.342944,959.1752,680.00
5.342944,959.2183,669.00
5.342944,959.2613,628.00
5.342944,959.3043,681.00
5.342944,959.3472,608.00
5.342944,959.3903,678.00
5.342944,959.4332,656.00
5.342944,959.4763,664.00
5.342944,959.5192,634.00
5.342944,959.5621,650.00
5.342944,959.6051,623.00
5.342944,959.6480,682.00
5.342944,959.6910,606.00
5.342944,959.7339,663.00
5.342944,959.7768,621.00
5.342944,959.8198,675.00
5.342944,959.8627,611.00
5.342944,959.9056,643.00
5.342944,959.9485,617.00
5.342944,959.9915,646.00
5.342944,960.0343,589.00
5.342944,960.0771,665.00
5.342944,960.1201,623.00
5.342944,960.1630,664.00
5.342944,960.2058,639.00
5.342944,960.2487,622.00
5.342944,960.2915,622.00
5.342944,960.3344,609.00
5.342944,960.3773,582.00
5.342944,960.4200,651.00
5.342944,960.4629,583.00
5.342944,960.5057,669.00
5.342944,960.5485,608.00
5.342944,960.5914,627.00
5.342944,960.6342,643.00
5.342944,960.6770,591.00
5.342944,960.7198,604.00
5.342944,960.7626,618.00
5.342944,960.8054,583.00
5.342944,960.8481,665.00
5.342944,960.8909,613.00
5.342944,960.9337,658.00
5.342944,960.9764,621.00
5.342944,961.0192,651.00
5.342944,961.0620,590.00
5.342944,961.1047,590.00
5.342944,961.1475,585.00
5.342944,961.1902,654.00
5.342944,961.2329,589.00
5.342944,961.2757,669.00
5.342944,961.3184,647.00
5.342944,961.3611,610.00
5.342944,961.4037,621.00
5.342944,961.4465,620.00
5.342944,961.4892,580.00
5.342944,961.5319,639.00
5.342944,961.5745,565.00
5.342944,961.6172,684.00
5.342944,961.6599,620.00
5.342944,961.7026,670.00
5.342944,961.7452,619.00
5.342944,961.7878,606.00
5.342944,961.8304,616.00
5.342944,961.8731,670.00
5.342944,961.9157,587.00
5.342944,961.9584,633.00
5.342944,962.0010,623.00
5.342944,962.0436,664.00
5.342944,962.0862,621.00
5.342944,962.1288,635.00
5.342944,962.1714,592.00
5.342944,962.2140,643.00
5.342944,962.2565,578.00
5.342944,962.2991,640.00
5.342944,962.3417,591.00
5.342944,962.3843,656.00
5.342944,962.4268,653.00
5.342944,962.4694,669.00
5.342944,962.5119,638.00
5.342944,962.5545,663.00
5.342944,962.5970,596.00
5.342944,962.6396,676.00
5.342944,962.6821,592.00
5.342944,962.7246,689.00
5.342944,962.7671,629.00
5.342944,962.8096,654.00
5.342944,962.8522,606.00
5.342944,962.8947,634.00
5.342944,962.9371,598.00
5.342944,962.9796,648.00
5.342944,963.0222,579.00
5.342944,963.0646,627.00
5.342944,963.1070,627.00
5.342944,963.1495,633.00
5.342944,963.1919,626.00
5.342944,963.2344,655.00
5.342944,963.2768,599.00
5.342944,963.3193,661.00
5.342944,963.3616,594.00
5.342944,963.4041,729.00
5.342944,963.4465,601.00
5.342944,963.4889,653.00
5.342944,963.5314,618.00
5.342944,963.5737,653.00
5.342944,963.6161,644.00
5.342944,963.6585,618.00
5.342944,963.7009,562.00
5.342944,963.7433,641.00
5.342944,963.7856,612.00
5.342944,963.8280,688.00
5.342944,963.8704,591.00
5.342944,963.9127,649.00
5.342944,963.9551,634.00
5.342944,963.9974,626.00
5.342944,964.0397,628.00
5.342944,964.0820,665.00
5.342944,964.1244,614.00
5.342944,964.1667,655.00
5.342944,964.2090,605.00
5.342944,964.2513,664.00
5.342944,964.2936,606.00
5.342944,964.3359,633.00
5.342944,964.3782,623.00
5.342944,964.4205,648.00
5.342944,964.4627,588.00
5.342944,964.5050,647.00
5.342944,964.5472,606.00
5.342944,964.5895,663.00
5.342944,964.6317,624.00
5.342944,964.6740,658.00
5.342944,964.7162,657.00
5.342944,964.7585,641.00
5.342944,964.8007,593.00
5.342944,964.8429,634.00
5.342944,964.8851,601.00
5.342944,964.9273,666.00
5.342944,964.9695,606.00
5.342944,965.0118,636.00
5.342944,965.0539,579.00
5.342944,965.0961,636.00
5.342944,965.1382,655.00
5.342944,965.1805,637.00
5.342944,965.2226,590.00
5.342944,965.2648,667.00
5.342944,965.3069,600.00
5.342944,965.3491,649.00
5.342944,965.3912,618.00
5.342944,965.4333,643.00
5.342944,965.4755,593.00
5.342944,965.5176,632.00
5.342944,965.5598,592.00
5.342944,965.6019,667.00
5.342944,965.6439,593.00
5.342944,965.6861,618.00
5.342944,965.7281,616.00
5.342944,965.7702,600.00
5.342944,965.8123,587.00
5.342944,965.8543,636.00
5.342944,965.8964,579.00
5.342944,965.9385,630.00
5.342944,965.9806,598.00
5.342944,966.0226,673.00
5.342944,966.0647,588.00
5.342944,966.1068,597.00
5.342944,966.1487,617.00
5.342944,966.1907,647.00
5.342944,966.2328,614.00
5.342944,966.2748,680.00
5.342944,966.3168,602.00
5.342944,966.3588,644.00
5.342944,966.4008,607.00
5.342944,966.4427,625.00
5.342944,966.4848,604.00
5.342944,966.5268,609.00
5.342944,966.5688,602.00
5.342944,966.6107,625.00
5.342944,966.6526,588.00
5.342944,966.6946,662.00
5.342944,966.7366,570.00
5.342944,966.7785,671.00
5.342944,966.8204,624.00
5.342944,966.8624,646.00
5.342944,966.9042,641.00
5.342944,966.9462,629.00
5.342944,966.9881,589.00
5.342944,967.0300,648.00
5.342944,967.0719,567.00
5.342944,967.1138,672.00
5.342944,967.1556,596.00
5.342944,967.1976,654.00
5.342944,967.2394,618.00
5.342944,967.2813,621.00
5.342944,967.3232,584.00
5.342944,967.3651,644.00
5.342944,967.4070,603.00
5.342944,967.4488,661.00
5.342944,967.4906,600.00
5.342944,967.5324,694.00
5.342944,967.5743,650.00
5.342944,967.6161,651.00
5.342944,967.6579,612.00
5.342944,967.6997,660.00
5.342944,967.7415,593.00
5.342944,967.7833,663.00
5.342944,967.8251,597.00
5.342944,967.8669,694.00
5.342944,967.9087,620.00
5.342944,967.9504,634.00
5.342944,967.9922,633.00
5.342944,968.0339,654.00
5.342944,968.0757,595.00
5.342944,968.1174,690.00
5.342944,968.1592,593.00
5.342944,968.2009,694.00
5.342944,968.2427,609.00
5.342944,968.2844,649.00
5.342944,968.3262,657.00
5.342944,968.3679,630.00
5.342944,968.4095,615.00
5.342944,968.4512,658.00
5.342944,968.4930,588.00
5.342944,968.5347,692.00
5.342944,968.5763,629.00
5.342944,968.6180,673.00
5.342944,968.6597,581.00
5.342944,968.7014,664.00
5.342944,968.7430,622.00
5.342944,968.7846,652.00
5.342944,968.8263,604.00
5.342944,968.8679,648.00
5.342944,968.9095,592.00
5.342944,968.9512,697.00
5.342944,968.9928,646.00
5.342944,969.0344,644.00
5.342944,969.0761,644.00
5.342944,969.1177,654.00
5.342944,969.1592,600.00
5.342944,969.2009,631.00
5.342944,969.2424,600.00
5.342944,969.2839,688.00
5.342944,969.3255,597.00
5.342944,969.3672,660.00
5.342944,969.4087,621.00
5.342944,969.4503,672.00
5.342944,969.4918,584.00
5.342944,969.5333,618.00
5.342944,969.5749,590.00
5.342944,969.6165,618.00
5.342944,969.6580,600.00
5.342944,969.6995,650.00
5.342944,969.7410,615.00
5.342944,969.7825,629.00
5.342944,969.8240,607.00
5.342944,969.8655,634.00
5.342944,969.9070,621.00
5.342944,969.9484,675.00
5.342944,969.9899,602.00
5.342944,970.0314,631.00
5.342944,970.0728,627.00
5.342944,970.1143,632.00
5.342944,970.1558,625.00
5.342944,970.1971,631.00
5.342944,970.2386,613.00
5.342944,970.2801,627.00
5.342944,970.3215,590.00
5.342944,970.3629,662.00
5.342944,970.4044,591.00
5.342944,970.4457,652.00
5.342944,970.4872,637.00
5.342944,970.5286,633.00
5.342944,970.5699,609.00
5.342944,970.6113,627.00
5.342944,970.6527,570.00
5.342944,970.6941,622.00
5.342944,970.7354,594.00
5.342944,970.7768,626.00
5.342944,970.8182,615.00
5.342944,970.8595,643.00
5.342944,970.9009,599.00
5.342944,970.9422,609.00
5.342944,970.9835,583.00
5.342944,971.0248,629.00
5.342944,971.0662,557.00
5.342944,971.1075,647.00
5.342944,971.1487,598.00
5.342944,971.1901,613.00
5.342944,971.2314,606.00
5.342944,971.2727,612.00
5.342944,971.3140,591.00
5.342944,971.3552,613.00
5.342944,971.3965,556.00
5.342944,971.4377,621.00
5.342944,971.4789,598.00
5.342944,971.5203,605.00
5.342944,971.5615,628.00
5.342944,971.6027,596.00
5.342944,971.6439,578.00
5.342944,971.6852,619.00
5.342944,971.7264,574.00
5.342944,971.7676,642.00
5.342944,971.8088,562.00
5.342944,971.8500,637.00
5.342944,971.8912,595.00
5.342944,971.9324,605.00
5.342944,971.9736,623.00
5.342944,972.0148,619.00
5.342944,972.0560,592.00
5.342944,972.0972,635.00
5.342944,972.1384,578.00
5.342944,972.1794,645.00
5.342944,972.2206,585.00
5.342944,972.2617,608.00
5.342944,972.3029,603.00
5.342944,972.3439,585.00
5.342944,972.3851,564.00
5.342944,972.4262,586.00
5.342944,972.4673,550.00
5.342944,972.5085,629.00
5.342944,972.5496,564.00
5.342944,972.5907,616.00
5.342944,972.6317,561.00
5.342944,972.6729,571.00
5.342944,972.7139,546.00
5.342944,972.7549,608.00
5.342944,972.7961,550.00
5.342944,972.8371,608.00
5.342944,972.8781,557.00
5.342944,972.9191,651.00
5.342944,972.9602,574.00
5.342944,973.0013,615.00
5.342944,973.0423,578.00
5.342944,973.0833,574.00
5.342944,973.1243,517.00
5.342944,973.1653,597.00
5.342944,973.2064,541.00
5.342944,973.2473,611.00
5.342944,973.2883,571.00
5.342944,973.3293,610.00
5.342944,973.3703,572.00
5.342944,973.4113,610.00
5.342944,973.4522,573.00
5.342944,973.4931,605.00
5.342944,973.5341,563.00
5.342944,973.5750,624.00
5.342944,973.6160,593.00
5.342944,973.6570,622.00
5.342944,973.6978,582.00
5.342944,973.7388,581.00
5.342944,973.7797,566.00
5.342944,973.8206,570.00
5.342944,973.8615,545.00
5.342944,973.9024,601.00
5.342944,973.9433,590.00
5.342944,973.9842,635.00
5.342944,974.0250,557.00
5.342944,974.0660,624.00
5.342944,974.1068,612.00
5.342944,974.1476,625.00
5.342944,974.1885,589.00
5.342944,974.2294,620.00
5.342944,974.2702,584.00
5.342944,974.3110,642.00
5.342944,974.3519,600.00
5.342944,974.3927,650.00
5.342944,974.4335,614.00
5.342944,974.4743,622.00
5.342944,974.5151,607.00
5.342944,974.5559,662.00
5.342944,974.5967,565.00
5.342944,974.6375,647.00
5.342944,974.6783,595.00
5.342944,974.7191,671.00
5.342944,974.7598,615.00
5.342944,974.8006,644.00
5.342944,974.8413,591.00
5.342944,974.8821,629.00
5.342944,974.9229,611.00
5.342944,974.9636,649.00
5.342944,975.0043,624.00
5.342944,975.0450,655.00
5.342944,975.0858,618.00
5.342944,975.1265,631.00
5.342944,975.1672,610.00
5.342944,975.2079,628.00
5.342944,975.2485,579.00
5.342944,975.2892,681.00
5.342944,975.3300,599.00
5.342944,975.3706,661.00
5.342944,975.4113,658.00
5.342944,975.4519,667.00
5.342944,975.4926,636.00
5.342944,975.5333,635.00
5.342944,975.5739,590.00
5.342944,975.6146,625.00
5.342944,975.6552,575.00
5.342944,975.6958,664.00
5.342944,975.7363,583.00
5.342944,975.7770,645.00
5.342944,975.8176,640.00
5.342944,975.8582,645.00
5.342944,975.8989,638.00
5.342944,975.9395,655.00
5.342944,975.9800,612.00
5.342944,976.0206,660.00
5.342944,976.0611,602.00
5.342944,976.1017,681.00
5.342944,976.1423,619.00
5.342944,976.1829,656.00
5.342944,976.2234,620.00
5.342944,976.2639,625.00
5.342944,976.3044,608.00
5.342944,976.3450,607.00
5.342944,976.3855,554.00
5.342944,976.4260,642.00
5.342944,976.4665,658.00
5.342944,976.5070,638.00
5.342944,976.5475,627.00
5.342944,976.5880,629.00
5.342944,976.6285,593.00
5.342944,976.6690,661.00
5.342944,976.7095,579.00
5.342944,976.7500,677.00
5.342944,976.7905,600.00
5.342944,976.8308,652.00
5.342944,976.8713,586.00
5.342944,976.9117,625.00
5.342944,976.9521,614.00
5.342944,976.9926,618.00
5.342944,977.0330,584.00
5.342944,977.0734,629.00
5.342944,977.1139,590.00
5.342944,977.1542,657.00
5.342944,977.1947,603.00
5.342944,977.2350,648.00
5.342944,977.2755,608.00
5.342944,977.3158,621.00
5.342944,977.3562,594.00
5.342944,977.3965,647.00
5.342944,977.4370,578.00
5.342944,977.4773,636.00
5.342944,977.5176,588.00
5.342944,977.5579,629.00
5.342944,977.5983,577.00
5.342944,977.6387,615.00
5.342944,977.6790,574.00
5.342944,977.7192,600.00
5.342944,977.7595,572.00
5.342944,977.7999,646.00
5.342944,977.8402,589.00
5.342944,977.8805,595.00
5.342944,977.9208,558.00
5.342944,977.9610,600.00
5.342944,978.0013,575.00
5.342944,978.0417,598.00
5.342944,978.0819,517.00
5.342944,978.1221,601.00
5.342944,978.1624,562.00
5.342944,978.2026,593.00
5.342944,978.2428,549.00
5.342944,978.2831,612.00
5.342944,978.3233,604.00
5.342944,978.3635,569.00
5.342944,978.4037,548.00
5.342944,978.4440,632.00
5.342944,978.4842,554.00
5.342944,978.5244,604.00
5.342944,978.5645,600.00
5.342944,978.6047,594.00
5.342944,978.6449,552.00
5.342944,978.6851,603.00
5.342944,978.7253,530.00
5.342944,978.7654,600.00
5.342944,978.8055,563.00
5.342944,978.8458,606.00
5.342944,978.8859,523.00
5.342944,978.9260,603.00
5.342944,978.9661,570.00
5.342944,979.0062,581.00
5.342944,979.0463,575.00
5.342944,979.0864,587.00
5.342944,979.1266,515.00
5.342944,979.1666,609.00
5.342944,979.2067,550.00
5.342944,979.2469,607.00
5.342944,979.2869,559.00
5.342944,979.3270,591.00
5.342944,979.3671,584.00
5.342944,979.4071,591.00
5.342944,979.4471,539.00
5.342944,979.4871,587.00
5.342944,979.5272,523.00
5.342944,979.5673,612.00
5.342944,979.6072,587.00
5.342944,979.6473,607.00
5.342944,979.6873,563.00
5.342944,979.7273,555.00
5.342944,979.7673,536.00
5.342944,979.8073,595.00
5.342944,979.8473,543.00
5.342944,979.8873,593.00
5.342944,979.9273,539.00
5.342944,979.9673,606.00
5.342944,980.0072,609.00
5.342944,980.0471,569.00
5.342944,980.0872,562.00
5.342944,980.1271,591.00
5.342944,980.1671,549.00
5.342944,980.2069,610.00
5.342944,980.2469,560.00
5.342944,980.2868,651.00
5.342944,980.3267,551.00
5.342944,980.3666,640.00
5.342944,980.4065,575.00
5.342944,980.4464,600.00
5.342944,980.4863,563.00
5.342944,980.5262,635.00
5.342944,980.5660,576.00
5.342944,980.6060,623.00
5.342944,980.6458,584.00
5.342944,980.6857,607.00
5.342944,980.7255,567.00
5.342944,980.7654,594.00
5.342944,980.8052,555.00
5.342944,980.8450,582.00
5.342944,980.8849,535.00
5.342944,980.9247,617.00
5.342944,980.9645,571.00
5.342944,981.0043,629.00
5.342944,981.0441,583.00
5.342944,981.0839,575.00
5.342944,981.1237,548.00
5.342944,981.1635,601.00
5.342944,981.2033,510.00
5.342944,981.2430,639.00
5.342944,981.2828,499.00
5.342944,981.3226,608.00
5.342944,981.3624,584.00
5.342944,981.4021,607.00
5.342944,981.4418,551.00
5.342944,981.4816,583.00
5.342944,981.5213,568.00
5.342944,981.5610,600.00
5.342944,981.6008,527.00
5.342944,981.6404,613.00
5.342944,981.6802,551.00
5.342944,981.7198,610.00
5.342944,981.7596,586.00
5.342944,981.7993,561.00
5.342944,981.8389,538.00
5.342944,981.8786,553.00
5.342944,981.9182,545.00
5.342944,981.9579,619.00
5.342944,981.9976,542.00
5.342944,982.0372,605.00
5.342944,982.0768,538.00
5.342944,982.1165,540.00
5.342944,982.1561,537.00
5.342944,982.1958,529.00
5.342944,982.2354,488.00
5.342944,982.2750,595.00
5.342944,982.3146,508.00
5.342944,982.3541,592.00
5.342944,982.3937,572.00
5.342944,982.4333,572.00
5.342944,982.4730,571.00
5.342944,982.5125,558.00
5.342944,982.5521,544.00
5.342944,982.5917,574.00
5.342944,982.6312,540.00
5.342944,982.6707,601.00
5.342944,982.7103,531.00
5.342944,982.7498,572.00
5.342944,982.7893,523.00
5.342944,982.8289,558.00
5.342944,982.8683,504.00
5.342944,982.9079,551.00
5.342944,982.9474,514.00
5.342944,982.9869,585.00
5.342944,983.0264,543.00
5.342944,983.0659,572.00
5.342944,983.1053,555.00
5.342944,983.1448,581.00
5.342944,983.1843,582.00
5.342944,983.2238,583.00
5.342944,983.2632,564.00
5.342944,983.3027,591.00
5.342944,983.3420,588.00
5.342944,983.3816,593.00
5.342944,983.4210,551.00
5.342944,983.4604,586.00
5.342944,983.4998,549.00
5.342944,983.5392,566.00
5.342944,983.5786,526.00
5.342944,983.6180,583.00
5.342944,983.6574,549.00
5.342944,983.6968,610.00
5.342944,983.7361,579.00
5.342944,983.7755,595.00
5.342944,983.8149,527.00
5.342944,983.8543,530.00
5.342944,983.8936,555.00
5.342944,983.9329,585.00
5.342944,983.9723,529.00
5.342944,984.0116,573.00
5.342944,984.0510,553.00
5.342944,984.0903,611.00
5.342944,984.1296,554.00
5.342944,984.1689,594.00
5.342944,984.2083,576.00
5.342944,984.2476,570.00
5.342944,984.2868,547.00
5.342944,984.3261,585.00
5.342944,984.3654,531.00
5.342944,984.4046,598.00
5.342944,984.4440,531.00
5.342944,984.4832,573.00
5.342944,984.5225,532.00
5.342944,984.5616,555.00
5.342944,984.6010,507.00
5.342944,984.6402,561.00
5.342944,984.6794,498.00
5.342944,984.7186,614.00
5.342944,984.7578,563.00
5.342944,984.7970,597.00
5.342944,984.8362,552.00
5.342944,984.8755,553.00
5.342944,984.9146,547.00
5.342944,984.9538,581.00
5.342944,984.9930,520.00
5.342944,985.0322,588.00
5.342944,985.0714,544.00
5.342944,985.1105,575.00
5.342944,985.1497,522.00
5.342944,985.1888,558.00
5.342944,985.2279,550.00
5.342944,985.2671,566.00
5.342944,985.3062,533.00
5.342944,985.3453,569.00
5.342944,985.3845,541.00
5.342944,985.4236,575.00
5.342944,985.4626,557.00
5.342944,985.5017,618.00
5.342944,985.5408,586.00
5.342944,985.5799,598.00
5.342944,985.6190,545.00
5.342944,985.6581,604.00
5.342944,985.6971,525.00
5.342944,985.7362,597.00
5.342944,985.7752,533.00
5.342944,985.8143,594.00
5.342944,985.8533,542.00
5.342944,985.8924,572.00
5.342944,985.9314,534.00
5.342944,985.9704,572.00
5.342944,986.0094,529.00
5.342944,986.0484,605.00
5.342944,986.0875,530.00
5.342944,986.1265,599.00
5.342944,986.1655,528.00
5.342944,986.2044,560.00
5.342944,986.2434,540.00
5.342944,986.2823,565.00
5.342944,986.3214,515.00
5.342944,986.3603,556.00
5.342944,986.3992,466.00
5.342944,986.4382,564.00
5.342944,986.4771,540.00
5.342944,986.5161,609.00
5.342944,986.5550,540.00
5.342944,986.5939,575.00
5.342944,986.6329,526.00
5.342944,986.6718,560.00
5.342944,986.7106,500.00
5.342944,986.7495,570.00
5.342944,986.7884,555.00
5.342944,986.8273,569.00
5.342944,986.8661,546.00
5.342944,986.9050,564.00
5.342944,986.9438,533.00
5.342944,986.9828,549.00
5.342944,987.0216,506.00
5.342944,987.0605,589.00
5.342944,987.0993,496.00
5.342944,987.1381,578.00
5.342944,987.1769,544.00
5.342944,987.2158,531.00
5.342944,987.2546,540.00
5.342944,987.2934,572.00
5.342944,987.3322,467.00
5.342944,987.3710,552.00
5.342944,987.4097,487.00
5.342944,987.4486,548.00
5.342944,987.4873,512.00
5.342944,987.5261,527.00
5.342944,987.5649,532.00
5.342944,987.6036,515.00
5.342944,987.6423,488.00
5.342944,987.6812,578.00
5.342944,987.7198,479.00
5.342944,987.7586,576.00
5.342944,987.7972,503.00
5.342944,987.8361,560.00
5.342944,987.8748,521.00
5.342944,987.9135,523.00
5.342944,987.9521,518.00
5.342944,987.9908,531.00
5.342944,988.0295,502.00
5.342944,988.0681,532.00
5.342944,988.1069,497.00
5.342944,988.1456,579.00
5.342944,988.1842,547.00
5.342944,988.2228,559.00
5.342944,988.2615,536.00
5.342944,988.3002,532.00
5.342944,988.3388,451.00
5.342944,988.3774,547.00
5.342944,988.4160,499.00
5.342944,988.4546,540.00
5.342944,988.4933,540.00
5.342944,988.5319,545.00
5.342944,988.5704,531.00
5.342944,988.6090,479.00
5.342944,988.6476,478.00
5.342944,988.6862,536.00
5.342944,988.7248,482.00
5.342944,988.7634,563.00
5.342944,988.8019,517.00
5.342944,988.8405,529.00
5.342944,988.8790,494.00
5.342944,988.9176,533.00
5.342944,988.9561,477.00
5.342944,988.9946,498.00
5.342944,989.0332,504.00
5.342944,989.0717,529.00
5.342944,989.1102,484.00
5.342944,989.1487,556.00
5.342944,989.1871,495.00
5.342944,989.2256,532.00
5.342944,989.2641,532.00
5.342944,989.3027,544.00
5.342944,989.3411,516.00
5.342944,989.3795,545.00
5.342944,989.4180,460.00
5.342944,989.4565,552.00
5.342944,989.4949,468.00
5.342944,989.5334,504.00
5.342944,989.5718,502.00
5.342944,989.6102,514.00
5.342944,989.6486,510.00
5.342944,989.6871,580.00
5.342944,989.7255,482.00
5.342944,989.7639,543.00
5.342944,989.8022,495.00
5.342944,989.8407,511.00
5.342944,989.8791,506.00
5.342944,989.9174,539.00
5.342944,989.9558,529.00
5.342944,989.9941,579.00
5.342944,990.0325,481.00
5.342944,990.0709,607.00
5.342944,990.1093,475.00
5.342944,990.1475,524.00
5.342944,990.1859,527.00
5.342944,990.2242,554.00
5.342944,990.2626,503.00
5.342944,990.3008,511.00
5.342944,990.3391,506.00
5.342944,990.3774,571.00
5.342944,990.4157,501.00
5.342944,990.4540,553.00
5.342944,990.4924,513.00
5.342944,990.5306,573.00
5.342944,990.5688,535.00
5.342944,990.6071,542.00
5.342944,990.6454,492.00
5.342944,990.6837,550.00
5.342944,990.7219,490.00
5.342944,990.7601,567.00
5.342944,990.7983,513.00
5.342944,990.8365,586.00
5.342944,990.8748,537.00
5.342944,990.9130,549.00
5.342944,990.9512,531.00
5.342944,990.9893,554.00
5.342944,991.0276,519.00
5.342944,991.0658,554.00
5.342944,991.1039,508.00
5.342944,991.1421,583.00
5.342944,991.1802,535.00
5.342944,991.2184,575.00
5.342944,991.2565,529.00
5.342944,991.2947,544.00
5.342944,991.3329,505.00
5.342944,991.3710,563.00
5.342944,991.4091,501.00
5.342944,991.4473,584.00
5.342944,991.4854,550.00
5.342944,991.5234,594.00
5.342944,991.5616,551.00
5.342944,991.5997,560.00
5.342944,991.6378,524.00
5.342944,991.6758,575.00
5.342944,991.7139,517.00
5.342944,991.7520,575.00
5.342944,991.7900,506.00
5.342944,991.8282,576.00
5.342944,991.8661,509.00
5.342944,991.9042,562.00
5.342944,991.9422,545.00
5.342944,991.9803,559.00
5.342944,992.0182,482.00
5.342944,992.0563,588.00
5.342944,992.0944,509.00
5.342944,992.1323,564.00
5.342944,992.1703,529.00
5.342944,992.2084,589.00
5.342944,992.2463,538.00
5.342944,992.2844,534.00
5.342944,992.3223,486.00
5.342944,992.3602,568.00
5.342944,992.3982,504.00
5.342944,992.4362,609.00
5.342944,992.4741,557.00
5.342944,992.5120,599.00
5.342944,992.5500,554.00
5.342944,992.5879,540.00
5.342944,992.6259,546.00
5.342944,992.6638,582.00
5.342944,992.7017,517.00
5.342944,992.7396,583.00
5.342944,992.7775,538.00
5.342944,992.8154,581.00
5.342944,992.8533,539.00
5.342944,992.8912,538.00
5.342944,992.9290,529.00
5.342944,992.9669,545.00
5.342944,993.0048,546.00
5.342944,993.0426,579.00
5.342944,993.0804,541.00
5.342944,993.1183,560.00
5.342944,993.1561,544.00
5.342944,993.1940,553.00
5.342944,993.2318,549.00
5.342944,993.2696,556.00
5.342944,993.3074,490.00
5.342944,993.3452,564.00
5.342944,993.3830,488.00
5.342944,993.4208,570.00
5.342944,993.4586,534.00
5.342944,993.4963,559.00
5.342944,993.5341,534.00
5.342944,993.5719,534.00
5.342944,993.6096,495.00
5.342944,993.6474,591.00
5.342944,993.6851,503.00
5.342944,993.7228,539.00
5.342944,993.7606,571.00
5.342944,993.7984,557.00
5.342944,993.8361,511.00
5.342944,993.8738,569.00
5.342944,993.9115,535.00
5.342944,993.9492,537.00
5.342944,993.9869,512.00
5.342944,994.0245,579.00
5.342944,994.0622,514.00
5.342944,994.0999,583.00
5.342944,994.1376,520.00
5.342944,994.1753,538.00
5.342944,994.2130,543.00
5.342944,994.2505,563.00
5.342944,994.2881,493.00
5.342944,994.3258,600.00
5.342944,994.3634,507.00
5.342944,994.4010,551.00
5.342944,994.4387,523.00
5.342944,994.4763,562.00
5.342944,994.5139,554.00
5.342944,994.5515,523.00
5.342944,994.5891,515.00
5.342944,994.6266,529.00
5.342944,994.6642,479.00
5.342944,994.7018,537.00
5.342944,994.7393,501.00
5.342944,994.7769,541.00
5.342944,994.8145,526.00
5.342944,994.8521,527.00
5.342944,994.8895,528.00
5.342944,994.9271,564.00
5.342944,994.9647,476.00
5.342944,995.0022,551.00
5.342944,995.0397,487.00
5.342944,995.0771,528.00
5.342944,995.1146,528.00
5.342944,995.1522,500.00
5.342944,995.1896,483.00
5.342944,995.2271,525.00
5.342944,995.2646,460.00
5.342944,995.3021,530.00
5.342944,995.3396,510.00
5.342944,995.3770,539.00
5.342944,995.4145,506.00
5.342944,995.4518,544.00
5.342944,995.4893,523.00
5.342944,995.5267,501.00
5.342944,995.5641,511.00
5.342944,995.6016,501.00
5.342944,995.6390,496.00
5.342944,995.6765,529.00
5.342944,995.7138,502.00
5.342944,995.7512,529.00
5.342944,995.7886,536.00
5.342944,995.8260,528.00
5.342944,995.8633,492.00
5.342944,995.9007,511.00
5.342944,995.9380,452.00
5.342944,995.9754,520.00
5.342944,996.0128,468.00
5.342944,996.0501,546.00
5.342944,996.0874,531.00
5.342944,996.1248,542.00
5.342944,996.1621,528.00
5.342944,996.1994,576.00
5.342944,996.2367,479.00
5.342944,996.2740,533.00
5.342944,996.3113,479.00
5.342944,996.3486,552.00
5.342944,996.3859,504.00
5.342944,996.4232,573.00
5.342944,996.4604,522.00
5.342944,996.4977,529.00
5.342944,996.5350,480.00
5.342944,996.5722,522.00
5.342944,996.6094,494.00
5.342944,996.6466,541.00
5.342944,996.6838,502.00
5.342944,996.7211,552.00
5.342944,996.7583,523.00
5.342944,996.7955,539.00
5.342944,996.8327,560.00
5.342944,996.8700,553.00
5.342944,996.9072,496.00
5.342944,996.9443,541.00
5.342944,996.9815,501.00
5.342944,997.0187,548.00
5.342944,997.0558,526.00
5.342944,997.0930,542.00
5.342944,997.1301,536.00
5.342944,997.1672,568.00
5.342944,997.2045,522.00
5.342944,997.2416,565.00
5.342944,997.2787,513.00
5.342944,997.3158,606.00
5.342944,997.3530,490.00
5.342944,997.3900,543.00
5.342944,997.4271,504.00
5.342944,997.4642,518.00
5.342944,997.5013,523.00
5.342944,997.5384,569.00
5.342944,997.5754,493.00
5.342944,997.6126,578.00
5.342944,997.6497,523.00
5.342944,997.6867,561.00
5.342944,997.7238,504.00
5.342944,997.7607,590.00
5.342944,997.7978,495.00
5.342944,997.8348,571.00
5.342944,997.8718,512.00
5.342944,997.9088,572.00
5.342944,997.9458,519.00
5.342944,997.9829,573.00
5.342944,998.0200,527.00
5.342944,998.0569,546.00
5.342944,998.0939,534.00
5.342944,998.1309,567.00
5.342944,998.1678,504.00
5.342944,998.2048,541.00
5.342944,998.2417,569.00
5.342944,998.2786,611.00
5.342944,998.3156,495.00
5.342944,998.3525,554.00
5.342944,998.3896,512.00
5.342944,998.4265,534.00
5.342944,998.4633,529.00
5.342944,998.5003,547.00
5.342944,998.5372,505.00
5.342944,998.5740,554.00
5.342944,998.6110,505.00
5.342944,998.6478,560.00
5.342944,998.6847,533.00
5.342944,998.7217,556.00
5.342944,998.7585,507.00
5.342944,998.7953,510.00
5.342944,998.8322,492.00
5.342944,998.8691,586.00
5.342944,998.9059,492.00
5.342944,998.9427,591.00
5.342944,998.9795,545.00
5.342944,999.0163,568.00
5.342944,999.0531,501.00
5.342944,999.0899,536.00
5.342944,999.1267,477.00
5.342944,999.1636,528.00
5.342944,999.2004,528.00
5.342944,999.2372,566.00
5.342944,999.2739,508.00
5.342944,999.3107,548.00
5.342944,999.3474,524.00
5.342944,999.3842,512.00
5.342944,999.4210,529.00
5.342944,999.4576,542.00
5.342944,999.4946,476.00
5.342944,999.5312,546.00
5.342944,999.5680,512.00
5.342944,999.6047,556.00
5.342944,999.6414,503.00
5.342944,999.6780,538.00
5.342944,999.7147,489.00
5.342944,999.7515,540.00
5.342944,999.7881,472.00
5.342944,999.8248,511.00
5.342944,999.8614,501.00
5.342944,999.8981,550.00
5.342944,999.9349,498.00
5.342944,999.9715,550.00
5.342944,1000.0081,519.00
5.342944,1000.0447,492.00
5.342944,1000.0814,495.00
5.342944,1000.1180,523.00
5.342944,1000.1546,445.00
5.342944,1000.1912,535.00
5.342944,1000.2278,470.00
5.342944,1000.2645,537.00
5.342944,1000.3011,511.00
5.342944,1000.3377,488.00
5.342944,1000.3742,501.00
5.342944,1000.4108,511.00
5.342944,1000.4474,434.00
5.342944,1000.4839,505.00
5.342944,1000.5204,466.00
5.342944,1000.5570,532.00
5.342944,1000.5935,469.00
5.342944,1000.6301,501.00
5.342944,1000.6667,474.00
5.342944,1000.7032,493.00
5.342944,1000.7397,482.00
5.342944,1000.7762,540.00
5.342944,1000.8127,450.00
5.342944,1000.8492,537.00
5.342944,1000.8857,510.00
5.342944,1000.9222,495.00
5.342944,1000.9586,478.00
5.342944,1000.9951,503.00
5.342944,1001.0316,482.00
5.342944,1001.0681,567.00
5.342944,1001.1046,471.00
5.342944,1001.1410,569.00
5.342944,1001.1774,463.00
5.342944,1001.2138,515.00
5.342944,1001.2502,489.00
5.342944,1001.2866,511.00
5.342944,1001.3230,486.00
5.342944,1001.3594,489.00
5.342944,1001.3958,467.00
5.342944,1001.4323,536.00
5.342944,1001.4687,481.00
5.342944,1001.5051,519.00
5.342944,1001.5414,524.00
5.342944,1001.5778,493.00
5.342944,1001.6141,488.00
5.342944,1001.6505,476.00
5.342944,1001.6868,425.00
5.342944,1001.7231,530.00
5.342944,1001.7596,448.00
5.342944,1001.7958,482.00
5.342944,1001.8322,458.00
5.342944,1001.8685,498.00
5.342944,1001.9048,475.00
5.342944,1001.9411,512.00
5.342944,1001.9774,487.00
5.342944,1002.0136,483.00
5.342944,1002.0499,475.00
5.342944,1002.0862,527.00
5.342944,1002.1224,450.00
5.342944,1002.1587,543.00
5.342944,1002.1951,479.00
5.342944,1002.2313,489.00
5.342944,1002.2675,467.00
5.342944,1002.3038,507.00
5.342944,1002.3400,455.00
5.342944,1002.3762,503.00
5.342944,1002.4124,488.00
5.342944,1002.4486,531.00
5.342944,1002.4848,479.00
5.342944,1002.5211,529.00
5.342944,1002.5573,475.00
5.342944,1002.5934,512.00
5.342944,1002.6296,483.00
5.342944,1002.6657,505.00
5.342944,1002.7019,450.00
5.342944,1002.7380,521.00
5.342944,1002.7742,502.00
5.342944,1002.8104,511.00
5.342944,1002.8464,484.00
5.342944,1002.8826,519.00
5.342944,1002.9187,458.00
5.342944,1002.9549,515.00
5.342944,1002.9910,499.00
5.342944,1003.0271,552.00
5.342944,1003.0632,455.00
5.342944,1003.0992,511.00
5.342944,1003.1354,509.00
5.342944,1003.1714,503.00
5.342944,1003.2075,532.00
5.342944,1003.2435,519.00
5.342944,1003.2797,471.00
5.342944,1003.3157,542.00
5.342944,1003.3518,483.00
5.342944,1003.3878,532.00
5.342944,1003.4238,505.00
5.342944,1003.4598,537.00
5.342944,1003.4958,505.00
5.342944,1003.5319,493.00
5.342944,1003.5678,460.00
5.342944,1003.6039,542.00
5.342944,1003.6398,486.00
5.342944,1003.6759,566.00
5.342944,1003.7119,482.00
5.342944,1003.7479,496.00
5.342944,1003.7838,483.00
5.342944,1003.8198,501.00
5.342944,1003.8557,463.00
5.342944,1003.8917,523.00
5.342944,1003.9276,442.00
5.342944,1003.9635,499.00
5.342944,1003.9995,476.00
5.342944,1004.0354,513.00
5.342944,1004.0714,507.00
5.342944,1004.1072,505.00
5.342944,1004.1431,511.00
5.342944,1004.1790,512.00
5.342944,1004.2149,452.00
5.342944,1004.2508,513.00
5.342944,1004.2866,458.00
5.342944,1004.3225,523.00
5.342944,1004.3583,510.00
5.342944,1004.3942,504.00
5.342944,1004.4302,472.00
5.342944,1004.4660,497.00
5.342944,1004.5018,479.00
5.342944,1004.5376,521.00
5.342944,1004.5734,454.00
5.342944,1004.6093,528.00
5.342944,1004.6450,504.00
5.342944,1004.6808,539.00
5.342944,1004.7166,500.00
5.342944,1004.7525,519.00
5.342944,1004.7883,480.00
5.342944,1004.8240,524.00
5.342944,1004.8598,459.00
5.342944,1004.8956,554.00
5.342944,1004.9313,473.00
5.342944,1004.9670,556.00
5.342944,1005.0027,506.00
5.342944,1005.0385,501.00
5.342944,1005.0742,473.00
5.342944,1005.1099,512.00
5.342944,1005.1456,460.00
5.342944,1005.1815,525.00
5.342944,1005.2172,484.00
5.342944,1005.2529,508.00
5.342944,1005.2885,492.00
5.342944,1005.3242,498.00
5.342944,1005.3599,492.00
5.342944,1005.3955,508.00
5.342944,1005.4312,470.00
5.342944,1005.4669,522.00
5.342944,1005.5026,479.00
5.342944,1005.5382,564.00
5.342944,1005.5739,532.00
5.342944,1005.6095,539.00
5.342944,1005.6451,523.00
5.342944,1005.6807,513.00
5.342944,1005.7162,518.00
5.342944,1005.7519,516.00
5.342944,1005.7875,475.00
5.342944,1005.8231,547.00
5.342944,1005.8586,466.00
5.342944,1005.8942,529.00
5.342944,1005.9299,506.00
5.342944,1005.9655,515.00
5.342944,1006.0010,479.00
5.342944,1006.0365,527.00
5.342944,1006.0720,490.00
5.342944,1006.1076,525.00
5.342944,1006.1431,503.00
5.342944,1006.1786,535.00
5.342944,1006.2141,515.00
5.342944,1006.2498,549.00
5.342944,1006.2853,512.00
5.342944,1006.3207,513.00
5.342944,1006.3563,489.00
5.342944,1006.3917,559.00
5.342944,1006.4272,492.00
5.342944,1006.4626,554.00
5.342944,1006.4981,526.00
5.342944,1006.5335,544.00
5.342944,1006.5690,529.00
5.342944,1006.6044,526.00
5.342944,1006.6400,529.00
5.342944,1006.6754,565.00
5.342944,1006.7108,494.00
5.342944,1006.7462,542.00
5.342944,1006.7816,477.00
5.342944,1006.8170,538.00
5.342944,1006.8524,518.00
5.342944,1006.8878,533.00
5.342944,1006.9232,519.00
5.342944,1006.9586,550.00
5.342944,1006.9940,489.00
5.342944,1007.0294,509.00
5.342944,1007.0648,484.00
5.342944,1007.1001,581.00
5.342944,1007.1354,523.00
5.342944,1007.1707,564.00
5.342944,1007.2061,534.00
5.342944,1007.2414,520.00
5.342944,1007.2767,498.00
5.342944,1007.3120,563.00
5.342944,1007.3473,492.00
5.342944,1007.3827,543.00
5.342944,1007.4180,514.00
5.342944,1007.4532,567.00
5.342944,1007.4885,523.00
5.342944,1007.5238,524.00
5.342944,1007.5590,503.00
5.342944,1007.5943,551.00
5.342944,1007.6295,479.00
5.342944,1007.6648,559.00
5.342944,1007.7001,530.00
5.342944,1007.7354,547.00
5.342944,1007.7706,527.00
5.342944,1007.8058,517.00
5.342944,1007.8410,521.00
5.342944,1007.8762,575.00
5.342944,1007.9114,473.00
5.342944,1007.9465,527.00
5.342944,1007.9818,512.00
5.342944,1008.0169,548.00
5.342944,1008.0521,509.00
5.342944,1008.0873,566.00
5.342944,1008.1226,475.00
5.342944,1008.1576,510.00
5.342944,1008.1927,490.00
5.342944,1008.2279,532.00
5.342944,1008.2631,463.00
5.342944,1008.2982,553.00
5.342944,1008.3333,527.00
5.342944,1008.3683,563.00
5.342944,1008.4034,552.00
5.342944,1008.4387,511.00
5.342944,1008.4738,530.00
5.342944,1008.5089,527.00
5.342944,1008.5439,479.00
5.342944,1008.5790,592.00
5.342944,1008.6141,505.00
5.342944,1008.6491,511.00
5.342944,1008.6841,503.00
5.342944,1008.7192,501.00
5.342944,1008.7542,496.00
5.342944,1008.7892,538.00
5.342944,1008.8243,481.00
5.342944,1008.8594,537.00
5.342944,1008.8943,484.00
5.342944,1008.9294,552.00
5.342944,1008.9644,499.00
5.342944,1008.9994,532.00
5.342944,1009.0344,482.00
5.342944,1009.0693,512.00
5.342944,1009.1043,508.00
5.342944,1009.1392,547.00
5.342944,1009.1743,474.00
5.342944,1009.2093,575.00
5.342944,1009.2442,530.00
5.342944,1009.2792,508.00
5.342944,1009.3141,503.00
5.342944,1009.3489,505.00
5.342944,1009.3839,445.00
5.342944,1009.4188,511.00
5.342944,1009.4537,460.00
5.342944,1009.4886,571.00
5.342944,1009.5235,500.00
5.342944,1009.5585,526.00
5.342944,1009.5933,495.00
5.342944,1009.6282,510.00
5.342944,1009.6631,497.00
5.342944,1009.6979,514.00
5.342944,1009.7327,449.00
5.342944,1009.7676,503.00
5.342944,1009.8024,461.00
5.342944,1009.8372,512.00
5.342944,1009.8721,487.00
5.342944,1009.9070,526.00
5.342944,1009.9418,477.00
5.342944,1009.9766,504.00
5.342944,1010.0115,474.00
5.342944,1010.0462,501.00
5.342944,1010.0810,459.00
5.342944,1010.1158,568.00
5.342944,1010.1505,474.00
5.342944,1010.1853,503.00
5.342944,1010.2200,494.00
5.342944,1010.2548,513.00
5.342944,1010.2897,472.00
5.342944,1010.3244,549.00
5.342944,1010.3591,455.00
5.342944,1010.3938,533.00
5.342944,1010.4285,500.00
5.342944,1010.4633,518.00
5.342944,1010.4980,524.00
5.342944,1010.5326,493.00
5.342944,1010.5673,480.00
5.342944,1010.6021,506.00
5.342944,1010.6368,475.00
5.342944,1010.6714,528.00
5.342944,1010.7061,438.00
5.342944,1010.7408,516.00
5.342944,1010.7754,451.00
5.342944,1010.8101,491.00
5.342944,1010.8447,492.00
5.342944,1010.8793,509.00
5.342944,1010.9139,492.00
5.342944,1010.9485,527.00
5.342944,1010.9832,449.00
5.342944,1011.0178,532.00
5.342944,1011.0525,500.00
5.342944,1011.0870,524.00
5.342944,1011.1216,477.00
5.342944,1011.1562,534.00
5.342944,1011.1907,506.00
5.342944,1011.2253,530.00
5.342944,1011.2599,446.00
5.342944,1011.2944,526.00
5.342944,1011.3291,485.00
5.342944,1011.3636,549.00
5.342944,1011.3981,489.00
5.342944,1011.4326,483.00
5.342944,1011.4672,479.00
5.342944,1011.5016,508.00
5.342944,1011.5362,452.00
5.342944,1011.5706,486.00
5.342944,1011.6052,447.00
5.342944,1011.6396,501.00
5.342944,1011.6741,444.00
5.342944,1011.7086,532.00
5.342944,1011.7431,471.00
5.342944,1011.7776,519.00
5.342944,1011.8120,472.00
5.342944,1011.8465,546.00
5.342944,1011.8809,450.00
5.342944,1011.9153,481.00
5.342944,1011.9498,453.00
5.342944,1011.9842,516.00
5.342944,1012.0186,447.00
5.342944,1012.0531,499.00
5.342944,1012.0875,460.00
5.342944,1012.1219,476.00
5.342944,1012.1562,452.00
5.342944,1012.1906,485.00
5.342944,1012.2250,429.00
5.342944,1012.2593,526.00
5.342944,1012.2937,456.00
5.342944,1012.3281,494.00
5.342944,1012.3624,440.00
5.342944,1012.3967,502.00
5.342944,1012.4310,425.00
5.342944,1012.4655,496.00
5.342944,1012.4998,445.00
5.342944,1012.5341,536.00
5.342944,1012.5684,467.00
5.342944,1012.6027,522.00
5.342944,1012.6370,498.00
5.342944,1012.6712,470.00
5.342944,1012.7055,480.00
5.342944,1012.7398,521.00
5.342944,1012.7742,437.00
5.342944,1012.8084,485.00
5.342944,1012.8427,459.00
5.342944,1012.8769,496.00
5.342944,1012.9111,488.00
5.342944,1012.9454,506.00
5.342944,1012.9796,482.00
5.342944,1013.0138,477.00
5.342944,1013.0480,394.00
5.342944,1013.0822,512.00
5.342944,1013.1164,461.00
5.342944,1013.1506,537.00
5.342944,1013.1848,472.00
5.342944,1013.2190,463.00
5.342944,1013.2532,484.00
5.342944,1013.2873,482.00
5.342944,1013.3215,464.00
5.342944,1013.3556,496.00
5.342944,1013.3898,433.00
5.342944,1013.4239,510.00
5.342944,1013.4581,461.00
5.342944,1013.4923,496.00
5.342944,1013.5264,492.00
5.342944,1013.5605,482.00
5.342944,1013.5946,481.00
5.342944,1013.6287,526.00
5.342944,1013.6627,458.00
5.342944,1013.6968,522.00
5.342944,1013.7309,441.00
5.342944,1013.7650,498.00
5.342944,1013.7990,491.00
5.342944,1013.8331,481.00
5.342944,1013.8672,463.00
5.342944,1013.9012,500.00
5.342944,1013.9353,467.00
5.342944,1013.9693,533.00
5.342944,1014.0033,478.00
5.342944,1014.0374,545.00
5.342944,1014.0714,492.00
5.342944,1014.1053,491.00
5.342944,1014.1393,508.00
5.342944,1014.1734,537.00
5.342944,1014.2074,470.00
5.342944,1014.2413,522.00
5.342944,1014.2753,513.00
5.342944,1014.3093,540.00
5.342944,1014.3433,470.00
5.342944,1014.3772,525.00
5.342944,1014.4111,515.00
5.342944,1014.4451,512.00
5.342944,1014.4790,472.00
5.342944,1014.5129,531.00
5.342944,1014.5468,442.00
5.342944,1014.5808,543.00
5.342944,1014.6147,490.00
5.342944,1014.6486,540.00
5.342944,1014.6825,521.00
5.342944,1014.7164,509.00
5.342944,1014.7502,493.00
5.342944,1014.7841,525.00
5.342944,1014.8180,518.00
5.342944,1014.8518,554.00
5.342944,1014.8858,478.00
5.342944,1014.9196,558.00
5.342944,1014.9534,522.00
5.342944,1014.9872,533.00
5.342944,1015.0211,507.00
5.342944,1015.0549,537.00
5.342944,1015.0887,479.00
5.342944,1015.1224,543.00
5.342944,1015.1562,492.00
5.342944,1015.1900,573.00
5.342944,1015.2238,530.00
5.342944,1015.2575,523.00
5.342944,1015.2914,529.00
5.342944,1015.3252,540.00
5.342944,1015.3589,474.00
5.342944,1015.3927,545.00
5.342944,1015.4265,485.00
5.342944,1015.4601,572.00
5.342944,1015.4938,514.00
5.342944,1015.5276,579.00
5.342944,1015.5613,532.00
5.342944,1015.5952,544.00
5.342944,1015.6288,492.00
5.342944,1015.6625,523.00
5.342944,1015.6962,475.00
5.342944,1015.7299,576.00
5.342944,1015.7635,478.00
5.342944,1015.7972,564.00
5.342944,1015.8308,561.00
5.342944,1015.8645,531.00
5.342944,1015.8981,538.00
5.342944,1015.9317,537.00
5.342944,1015.9655,522.00
5.342944,1015.9991,548.00
5.342944,1016.0327,491.00
5.342944,1016.0663,557.00
5.342944,1016.0999,534.00
5.342944,1016.1335,547.00
5.342944,1016.1671,518.00
5.342944,1016.2006,517.00
5.342944,1016.2342,504.00
5.342944,1016.2679,557.00
5.342944,1016.3015,487.00
5.342944,1016.3350,561.00
5.342944,1016.3686,496.00
5.342944,1016.4021,552.00
5.342944,1016.4357,536.00
5.342944,1016.4691,559.00
5.342944,1016.5027,490.00
5.342944,1016.5362,552.00
5.342944,1016.5696,466.00
5.342944,1016.6032,582.00
5.342944,1016.6367,497.00
5.342944,1016.6703,571.00
5.342944,1016.7038,518.00
5.342944,1016.7372,537.00
5.342944,1016.7707,493.00
5.342944,1016.8041,544.00
5.342944,1016.8376,521.00
5.342944,1016.8710,519.00
5.342944,1016.9045,476.00
5.342944,1016.9379,552.00
5.342944,1016.9715,524.00
5.342944,1017.0049,544.00
5.342944,1017.0383,553.00
5.342944,1017.0717,498.00
5.342944,1017.1050,506.00
5.342944,1017.1384,524.00
5.342944,1017.1718,490.00
5.342944,1017.2052,548.00
5.342944,1017.2386,477.00
5.342944,1017.2720,539.00
5.342944,1017.3053,542.00
5.342944,1017.3387,539.00
5.342944,1017.3721,518.00
5.342944,1017.4054,558.00
5.342944,1017.4388,503.00
5.342944,1017.4721,539.00
5.342944,1017.5054,505.00
5.342944,1017.5387,557.00
5.342944,1017.5720,527.00
5.342944,1017.6053,529.00
5.342944,1017.6386,531.00
5.342944,1017.6720,522.00
5.342944,1017.7053,516.00
5.342944,1017.7385,563.00
5.342944,1017.7717,494.00
5.342944,1017.8051,577.00
5.342944,1017.8383,489.00
5.342944,1017.8715,594.00
5.342944,1017.9048,571.00
5.342944,1017.9380,537.00
5.342944,1017.9712,542.00
5.342944,1018.0044,582.00
5.342944,1018.0376,473.00
5.342944,1018.0709,573.00
5.342944,1018.1041,534.00
5.342944,1018.1373,583.00
5.342944,1018.1705,531.00
5.342944,1018.2037,566.00
5.342944,1018.2368,520.00
5.342944,1018.2700,521.00
5.342944,1018.3032,503.00
5.342944,1018.3363,583.00
5.342944,1018.3695,501.00
5.342944,1018.4026,606.00
5.342944,1018.4358,582.00
5.342944,1018.4689,563.00
5.342944,1018.5020,559.00
5.342944,1018.5352,542.00
5.342944,1018.5682,509.00
5.342944,1018.6013,567.00
5.342944,1018.6343,513.00
5.342944,1018.6675,591.00
5.342944,1018.7006,503.00
5.342944,1018.7337,574.00
5.342944,1018.7668,575.00
5.342944,1018.7998,552.00
5.342944,1018.8328,543.00
5.342944,1018.8658,541.00
5.342944,1018.8989,521.00
5.342944,1018.9319,579.00
5.342944,1018.9650,532.00
5.342944,1018.9980,585.00
5.342944,1019.0311,566.00
5.342944,1019.0641,576.00
5.342944,1019.0970,535.00
5.342944,1019.1301,574.00
5.342944,1019.1631,518.00
5.342944,1019.1960,573.00
5.342944,1019.2289,506.00
5.342944,1019.2618,579.00
5.342944,1019.2949,529.00
5.342944,1019.3278,567.00
5.342944,1019.3607,532.00
5.342944,1019.3936,533.00
5.342944,1019.4268,479.00
5.342944,1019.4596,564.00
5.342944,1019.4925,523.00
5.342944,1019.5255,560.00
5.342944,1019.5583,506.00
5.342944,1019.5912,565.00
5.342944,1019.6240,550.00
5.342944,1019.6569,527.00
5.342944,1019.6898,498.00
5.342944,1019.7227,535.00
5.342944,1019.7556,474.00
5.342944,1019.7885,575.00
5.342944,1019.8213,513.00
5.342944,1019.8541,571.00
5.342944,1019.8870,509.00
5.342944,1019.9198,549.00
5.342944,1019.9525,527.00
5.342944,1019.9854,530.00
5.342944,1020.0182,499.00
5.342944,1020.0509,570.00
5.342944,1020.0837,520.00
5.342944,1020.1167,539.00
5.342944,1020.1494,535.00
5.342944,1020.1823,523.00
5.342944,1020.2149,521.00
5.342944,1020.2477,552.00
5.342944,1020.2805,497.00
5.342944,1020.3132,533.00
5.342944,1020.3459,521.00
5.342944,1020.3787,606.00
5.342944,1020.4114,528.00
5.342944,1020.4442,534.00
5.342944,1020.4768,522.00
5.342944,1020.5096,554.00
5.342944,1020.5423,477.00
5.342944,1020.5750,562.00
5.342944,1020.6077,493.00
5.342944,1020.6403,587.00
5.342944,1020.6730,503.00
5.342944,1020.7055,556.00
5.342944,1020.7382,517.00
5.342944,1020.7709,518.00
5.342944,1020.8036,489.00
5.342944,1020.8363,499.00
5.342944,1020.8688,474.00
5.342944,1020.9015,544.00
5.342944,1020.9341,473.00
5.342944,1020.9667,548.00
5.342944,1020.9993,509.00
5.342944,1021.0319,515.00
5.342944,1021.0645,510.00
5.342944,1021.0971,528.00
5.342944,1021.1298,478.00
5.342944,1021.1623,544.00
5.342944,1021.1948,487.00
5.342944,1021.2273,577.00
5.342944,1021.2599,500.00
5.342944,1021.2924,543.00
5.342944,1021.3250,484.00
5.342944,1021.3574,485.00
5.342944,1021.3900,482.00
5.342944,1021.4224,494.00
5.342944,1021.4550,433.00
5.342944,1021.4875,502.00
5.342944,1021.5200,466.00
5.342944,1021.5525,553.00
5.342944,1021.5850,499.00
5.342944,1021.6175,522.00
5.342944,1021.6500,489.00
5.342944,1021.6823,537.00
5.342944,1021.7148,454.00
5.342944,1021.7474,541.00
5.342944,1021.7797,533.00
5.342944,1021.8122,530.00
5.342944,1021.8445,522.00
5.342944,1021.8770,573.00
5.342944,1021.9095,512.00
5.342944,1021.9418,484.00
5.342944,1021.9741,451.00
5.342944,1022.0066,507.00
5.342944,1022.0389,470.00
5.342944,1022.0713,558.00
5.342944,1022.1037,502.00
5.342944,1022.1362,593.00
5.342944,1022.1685,547.00
5.342944,1022.2008,555.00
5.342944,1022.2332,507.00
5.342944,1022.2654,527.00
5.342944,1022.2977,510.00
5.342944,1022.3301,563.00
5.342944,1022.3624,475.00
5.342944,1022.3947,585.00
5.342944,1022.4271,507.00
5.342944,1022.4594,527.00
5.342944,1022.4917,527.00
5.342944,1022.5239,519.00
5.342944,1022.5562,524.00
5.342944,1022.5885,551.00
5.342944,1022.6207,513.00
5.342944,1022.6530,581.00
5.342944,1022.6852,533.00
5.342944,1022.7174,548.00
5.342944,1022.7497,481.00
5.342944,1022.7819,546.00
5.342944,1022.8142,510.00
5.342944,1022.8464,536.00
5.342944,1022.8785,490.00
5.342944,1022.9108,566.00
5.342944,1022.9429,501.00
5.342944,1022.9751,523.00
5.342944,1023.0073,534.00
5.342944,1023.0394,495.00
5.342944,1023.0717,499.00
5.342944,1023.1039,540.00
5.342944,1023.1360,463.00
5.342944,1023.1682,567.00
5.342944,1023.2003,489.00
5.342944,1023.2324,551.00
5.342944,1023.2644,500.00
5.342944,1023.2966,531.00
5.342944,1023.3287,493.00
5.342944,1023.3608,506.00
5.342944,1023.3929,501.00
5.342944,1023.4249,514.00
5.342944,1023.4570,471.00
5.342944,1023.4893,556.00
5.342944,1023.5212,481.00
5.342944,1023.5533,498.00
5.342944,1023.5853,483.00
5.342944,1023.6174,511.00
5.342944,1023.6494,490.00
5.342944,1023.6813,542.00
5.342944,1023.7134,447.00
5.342944,1023.7454,525.00
5.342944,1023.7775,475.00
5.342944,1023.8096,517.00
5.342944,1023.8416,511.00
5.342944,1023.8735,519.00
5.342944,1023.9055,502.00
5.342944,1023.9374,495.00
5.342944,1023.9694,460.00
5.342944,1024.0013,545.00
5.342944,1024.0333,493.00
5.342944,1024.0652,545.00
5.342944,1024.0972,521.00
5.342944,1024.1293,524.00
5.342944,1024.1611,466.00
5.342944,1024.1931,506.00
5.342944,1024.2250,444.00
5.342944,1024.2568,534.00
5.342944,1024.2888,468.00
5.342944,1024.3206,513.00
5.342944,1024.3525,483.00
5.342944,1024.3843,538.00
5.342944,1024.4164,479.00
5.342944,1024.4481,504.00
5.342944,1024.4801,462.00
5.342944,1024.5118,505.00
5.342944,1024.5438,473.00
5.342944,1024.5756,519.00
5.342944,1024.6074,476.00
5.342944,1024.6393,515.00
5.342944,1024.6710,540.00
5.342944,1024.7029,488.00
5.342944,1024.7346,457.00
5.342944,1024.7664,498.00
5.342944,1024.7982,447.00
5.342944,1024.8301,530.00
5.342944,1024.8618,472.00
5.342944,1024.8936,520.00
5.342944,1024.9253,475.00
5.342944,1024.9572,515.00
5.342944,1024.9889,525.00
5.342944,1025.0206,526.00
5.342944,1025.0522,438.00
5.342944,1025.0841,549.00
5.342944,1025.1158,477.00
5.342944,1025.1475,528.00
5.342944,1025.1792,495.00
5.342944,1025.2109,517.00
5.342944,1025.2426,518.00
5.342944,1025.2743,502.00
5.342944,1025.3059,506.00
5.342944,1025.3376,513.00
5.342944,1025.3693,452.00
5.342944,1025.4009,575.00
5.342944,1025.4326,521.00
5.342944,1025.4644,545.00
5.342944,1025.4960,484.00
5.342944,1025.5276,520.00
5.342944,1025.5592,493.00
5.342944,1025.5908,520.00
5.342944,1025.6224,474.00
5.342944,1025.6541,548.00
5.342944,1025.6857,502.00
5.342944,1025.7172,578.00
5.342944,1025.7489,506.00
5.342944,1025.7804,551.00
5.342944,1025.8120,536.00
5.342944,1025.8435,533.00
5.342944,1025.8751,529.00
5.342944,1025.9066,567.00
5.342944,1025.9381,465.00
5.342944,1025.9697,550.00
5.342944,1026.0012,520.00
5.342944,1026.0327,540.00
5.342944,1026.0642,505.00
