# Point:,23
# Setpoint:,1.17090909
# Voltage_V:,1.17090909
# Current_A:,0.0006759
# Spectrum_Time_s:,4.070279
# Step_Start_s:,3.981714
# Step_End_s:,4.148179
# Spectrum_Duration_ms:,74.230
# Peak_Wavelength_nm:,928.63
# Peak_Intensity:,746.0
# Avg_Intensity:,596.4
# Num_Pixels:,4094
# NOTE: All wavelengths are captured simultaneously in one CCD exposure
#       The Relative_Time_s column shows when this entire spectrum was acquired

Relative_Time_s,Wavelength_nm,Intensity
4.070279,845.4307,573.00
4.070279,845.4858,508.00
4.070279,845.5410,543.00
4.070279,845.5963,516.00
4.070279,845.6514,565.00
4.070279,845.7065,504.00
4.070279,845.7617,550.00
4.070279,845.8168,463.00
4.070279,845.8721,542.00
4.070279,845.9272,482.00
4.070279,845.9823,542.00
4.070279,846.0374,499.00
4.070279,846.0926,499.00
4.070279,846.1478,489.00
4.070279,846.2029,525.00
4.070279,846.2579,481.00
4.070279,846.3130,543.00
4.070279,846.3682,447.00
4.070279,846.4233,552.00
4.070279,846.4784,486.00
4.070279,846.5335,572.00
4.070279,846.5886,537.00
4.070279,846.6437,509.00
4.070279,846.6987,526.00
4.070279,846.7538,567.00
4.070279,846.8089,454.00
4.070279,846.8640,594.00
4.070279,846.9190,480.00
4.070279,846.9741,549.00
4.070279,847.0292,525.00
4.070279,847.0842,557.00
4.070279,847.1392,539.00
4.070279,847.1943,562.00
4.070279,847.2493,498.00
4.070279,847.3044,586.00
4.070279,847.3594,492.00
4.070279,847.4144,585.00
4.070279,847.4694,533.00
4.070279,847.5244,545.00
4.070279,847.5795,513.00
4.070279,847.6345,566.00
4.070279,847.6895,514.00
4.070279,847.7444,560.00
4.070279,847.7994,486.00
4.070279,847.8544,588.00
4.070279,847.9094,529.00
4.070279,847.9644,553.00
4.070279,848.0193,540.00
4.070279,848.0743,559.00
4.070279,848.1293,504.00
4.070279,848.1843,596.00
4.070279,848.2392,532.00
4.070279,848.2941,586.00
4.070279,848.3491,549.00
4.070279,848.4040,560.00
4.070279,848.4590,556.00
4.070279,848.5139,598.00
4.070279,848.5688,525.00
4.070279,848.6237,572.00
4.070279,848.6786,504.00
4.070279,848.7336,598.00
4.070279,848.7885,535.00
4.070279,848.8434,604.00
4.070279,848.8983,580.00
4.070279,848.9531,562.00
4.070279,849.0081,559.00
4.070279,849.0630,593.00
4.070279,849.1178,518.00
4.070279,849.1727,588.00
4.070279,849.2275,559.00
4.070279,849.2823,649.00
4.070279,849.3373,510.00
4.070279,849.3921,575.00
4.070279,849.4470,536.00
4.070279,849.5018,557.00
4.070279,849.5566,526.00
4.070279,849.6115,587.00
4.070279,849.6663,537.00
4.070279,849.7211,592.00
4.070279,849.7759,554.00
4.070279,849.8307,583.00
4.070279,849.8856,537.00
4.070279,849.9404,580.00
4.070279,849.9952,528.00
4.070279,850.0500,587.00
4.070279,850.1048,497.00
4.070279,850.1596,622.00
4.070279,850.2144,512.00
4.070279,850.2692,618.00
4.070279,850.3239,527.00
4.070279,850.3787,576.00
4.070279,850.4335,569.00
4.070279,850.4882,580.00
4.070279,850.5430,541.00
4.070279,850.5977,583.00
4.070279,850.6525,510.00
4.070279,850.7072,596.00
4.070279,850.7620,534.00
4.070279,850.8167,640.00
4.070279,850.8715,567.00
4.070279,850.9261,561.00
4.070279,850.9808,518.00
4.070279,851.0356,561.00
4.070279,851.0903,566.00
4.070279,851.1450,645.00
4.070279,851.1996,560.00
4.070279,851.2543,613.00
4.070279,851.3091,566.00
4.070279,851.3638,581.00
4.070279,851.4185,540.00
4.070279,851.4731,616.00
4.070279,851.5278,554.00
4.070279,851.5825,639.00
4.070279,851.6371,580.00
4.070279,851.6918,648.00
4.070279,851.7465,602.00
4.070279,851.8011,629.00
4.070279,851.8558,581.00
4.070279,851.9103,598.00
4.070279,851.9650,570.00
4.070279,852.0196,669.00
4.070279,852.0742,584.00
4.070279,852.1289,632.00
4.070279,852.1835,581.00
4.070279,852.2381,673.00
4.070279,852.2927,640.00
4.070279,852.3473,612.00
4.070279,852.4019,598.00
4.070279,852.4565,652.00
4.070279,852.5111,592.00
4.070279,852.5657,614.00
4.070279,852.6202,594.00
4.070279,852.6747,641.00
4.070279,852.7294,628.00
4.070279,852.7839,640.00
4.070279,852.8385,591.00
4.070279,852.8930,645.00
4.070279,852.9476,602.00
4.070279,853.0022,682.00
4.070279,853.0567,610.00
4.070279,853.1112,671.00
4.070279,853.1658,624.00
4.070279,853.2203,651.00
4.070279,853.2748,641.00
4.070279,853.3293,693.00
4.070279,853.3838,611.00
4.070279,853.4383,646.00
4.070279,853.4928,611.00
4.070279,853.5474,654.00
4.070279,853.6019,664.00
4.070279,853.6563,675.00
4.070279,853.7108,639.00
4.070279,853.7653,655.00
4.070279,853.8198,609.00
4.070279,853.8742,666.00
4.070279,853.9286,657.00
4.070279,853.9832,653.00
4.070279,854.0376,625.00
4.070279,854.0920,686.00
4.070279,854.1465,653.00
4.070279,854.2010,658.00
4.070279,854.2554,624.00
4.070279,854.3098,674.00
4.070279,854.3642,585.00
4.070279,854.4186,686.00
4.070279,854.4731,629.00
4.070279,854.5275,678.00
4.070279,854.5819,635.00
4.070279,854.6363,680.00
4.070279,854.6907,641.00
4.070279,854.7451,654.00
4.070279,854.7994,605.00
4.070279,854.8538,671.00
4.070279,854.9082,658.00
4.070279,854.9626,704.00
4.070279,855.0170,609.00
4.070279,855.0714,706.00
4.070279,855.1257,621.00
4.070279,855.1800,647.00
4.070279,855.2344,640.00
4.070279,855.2888,648.00
4.070279,855.3431,603.00
4.070279,855.3975,656.00
4.070279,855.4518,593.00
4.070279,855.5060,672.00
4.070279,855.5604,628.00
4.070279,855.6147,641.00
4.070279,855.6691,620.00
4.070279,855.7233,648.00
4.070279,855.7776,606.00
4.070279,855.8320,666.00
4.070279,855.8862,588.00
4.070279,855.9406,678.00
4.070279,855.9948,622.00
4.070279,856.0491,709.00
4.070279,856.1035,647.00
4.070279,856.1577,670.00
4.070279,856.2119,617.00
4.070279,856.2662,635.00
4.070279,856.3204,566.00
4.070279,856.3748,677.00
4.070279,856.4290,641.00
4.070279,856.4832,678.00
4.070279,856.5374,663.00
4.070279,856.5916,655.00
4.070279,856.6459,598.00
4.070279,856.7001,696.00
4.070279,856.7543,603.00
4.070279,856.8085,675.00
4.070279,856.8627,639.00
4.070279,856.9169,691.00
4.070279,856.9712,624.00
4.070279,857.0253,637.00
4.070279,857.0795,627.00
4.070279,857.1337,651.00
4.070279,857.1879,619.00
4.070279,857.2421,698.00
4.070279,857.2962,638.00
4.070279,857.3504,711.00
4.070279,857.4045,631.00
4.070279,857.4587,635.00
4.070279,857.5129,671.00
4.070279,857.5670,643.00
4.070279,857.6212,593.00
4.070279,857.6753,683.00
4.070279,857.7294,613.00
4.070279,857.7836,689.00
4.070279,857.8377,623.00
4.070279,857.8918,656.00
4.070279,857.9459,631.00
4.070279,858.0000,638.00
4.070279,858.0541,616.00
4.070279,858.1082,683.00
4.070279,858.1624,624.00
4.070279,858.2164,697.00
4.070279,858.2704,631.00
4.070279,858.3245,668.00
4.070279,858.3787,657.00
4.070279,858.4327,686.00
4.070279,858.4868,630.00
4.070279,858.5408,679.00
4.070279,858.5949,634.00
4.070279,858.6489,662.00
4.070279,858.7030,599.00
4.070279,858.7570,695.00
4.070279,858.8110,653.00
4.070279,858.8651,671.00
4.070279,858.9192,669.00
4.070279,858.9732,663.00
4.070279,859.0272,623.00
4.070279,859.0812,686.00
4.070279,859.1352,613.00
4.070279,859.1892,686.00
4.070279,859.2432,619.00
4.070279,859.2972,675.00
4.070279,859.3512,669.00
4.070279,859.4052,650.00
4.070279,859.4592,647.00
4.070279,859.5132,667.00
4.070279,859.5671,615.00
4.070279,859.6210,702.00
4.070279,859.6750,625.00
4.070279,859.7289,685.00
4.070279,859.7830,611.00
4.070279,859.8369,647.00
4.070279,859.8908,631.00
4.070279,859.9447,638.00
4.070279,859.9987,604.00
4.070279,860.0527,691.00
4.070279,860.1065,613.00
4.070279,860.1605,657.00
4.070279,860.2144,631.00
4.070279,860.2682,660.00
4.070279,860.3222,629.00
4.070279,860.3761,650.00
4.070279,860.4299,602.00
4.070279,860.4838,621.00
4.070279,860.5377,580.00
4.070279,860.5916,654.00
4.070279,860.6455,619.00
4.070279,860.6993,677.00
4.070279,860.7532,602.00
4.070279,860.8071,638.00
4.070279,860.8610,613.00
4.070279,860.9148,645.00
4.070279,860.9687,582.00
4.070279,861.0225,653.00
4.070279,861.0763,617.00
4.070279,861.1301,670.00
4.070279,861.1840,620.00
4.070279,861.2378,671.00
4.070279,861.2916,612.00
4.070279,861.3454,662.00
4.070279,861.3992,583.00
4.070279,861.4531,666.00
4.070279,861.5068,559.00
4.070279,861.5606,646.00
4.070279,861.6144,605.00
4.070279,861.6682,631.00
4.070279,861.7220,593.00
4.070279,861.7758,639.00
4.070279,861.8295,617.00
4.070279,861.8833,650.00
4.070279,861.9370,591.00
4.070279,861.9908,662.00
4.070279,862.0446,591.00
4.070279,862.0983,672.00
4.070279,862.1520,619.00
4.070279,862.2057,655.00
4.070279,862.2595,647.00
4.070279,862.3132,615.00
4.070279,862.3669,598.00
4.070279,862.4206,661.00
4.070279,862.4744,569.00
4.070279,862.5281,669.00
4.070279,862.5818,631.00
4.070279,862.6355,641.00
4.070279,862.6891,606.00
4.070279,862.7429,650.00
4.070279,862.7966,620.00
4.070279,862.8502,635.00
4.070279,862.9039,572.00
4.070279,862.9575,641.00
4.070279,863.0112,625.00
4.070279,863.0648,608.00
4.070279,863.1185,599.00
4.070279,863.1722,620.00
4.070279,863.2258,594.00
4.070279,863.2794,640.00
4.070279,863.3330,582.00
4.070279,863.3867,647.00
4.070279,863.4403,560.00
4.070279,863.4940,639.00
4.070279,863.5475,634.00
4.070279,863.6011,617.00
4.070279,863.6548,593.00
4.070279,863.7084,632.00
4.070279,863.7620,601.00
4.070279,863.8156,639.00
4.070279,863.8691,564.00
4.070279,863.9228,646.00
4.070279,863.9763,610.00
4.070279,864.0299,650.00
4.070279,864.0834,609.00
4.070279,864.1370,642.00
4.070279,864.1906,597.00
4.070279,864.2441,647.00
4.070279,864.2977,593.00
4.070279,864.3512,630.00
4.070279,864.4047,601.00
4.070279,864.4583,636.00
4.070279,864.5118,581.00
4.070279,864.5653,622.00
4.070279,864.6189,579.00
4.070279,864.6724,626.00
4.070279,864.7258,590.00
4.070279,864.7794,646.00
4.070279,864.8329,593.00
4.070279,864.8864,645.00
4.070279,864.9398,647.00
4.070279,864.9933,629.00
4.070279,865.0469,571.00
4.070279,865.1003,608.00
4.070279,865.1538,610.00
4.070279,865.2072,621.00
4.070279,865.2607,620.00
4.070279,865.3142,647.00
4.070279,865.3676,612.00
4.070279,865.4211,657.00
4.070279,865.4745,584.00
4.070279,865.5279,628.00
4.070279,865.5814,601.00
4.070279,865.6348,650.00
4.070279,865.6882,604.00
4.070279,865.7416,660.00
4.070279,865.7950,640.00
4.070279,865.8484,664.00
4.070279,865.9019,635.00
4.070279,865.9552,614.00
4.070279,866.0087,612.00
4.070279,866.0620,628.00
4.070279,866.1154,602.00
4.070279,866.1688,675.00
4.070279,866.2222,605.00
4.070279,866.2755,648.00
4.070279,866.3289,648.00
4.070279,866.3822,657.00
4.070279,866.4356,623.00
4.070279,866.4890,626.00
4.070279,866.5423,606.00
4.070279,866.5956,646.00
4.070279,866.6489,620.00
4.070279,866.7023,707.00
4.070279,866.7556,611.00
4.070279,866.8089,625.00
4.070279,866.8622,631.00
4.070279,866.9155,658.00
4.070279,866.9689,597.00
4.070279,867.0222,659.00
4.070279,867.0755,592.00
4.070279,867.1287,629.00
4.070279,867.1820,615.00
4.070279,867.2354,640.00
4.070279,867.2886,619.00
4.070279,867.3419,656.00
4.070279,867.3951,622.00
4.070279,867.4484,633.00
4.070279,867.5016,580.00
4.070279,867.5549,671.00
4.070279,867.6082,604.00
4.070279,867.6614,665.00
4.070279,867.7146,644.00
4.070279,867.7678,654.00
4.070279,867.8211,637.00
4.070279,867.8743,630.00
4.070279,867.9276,614.00
4.070279,867.9807,670.00
4.070279,868.0339,603.00
4.070279,868.0872,654.00
4.070279,868.1403,635.00
4.070279,868.1935,623.00
4.070279,868.2467,601.00
4.070279,868.2999,635.00
4.070279,868.3531,567.00
4.070279,868.4062,687.00
4.070279,868.4594,589.00
4.070279,868.5126,660.00
4.070279,868.5657,621.00
4.070279,868.6189,657.00
4.070279,868.6721,615.00
4.070279,868.7252,630.00
4.070279,868.7783,598.00
4.070279,868.8315,618.00
4.070279,868.8846,572.00
4.070279,868.9377,649.00
4.070279,868.9908,599.00
4.070279,869.0439,661.00
4.070279,869.0970,643.00
4.070279,869.1501,648.00
4.070279,869.2032,606.00
4.070279,869.2564,623.00
4.070279,869.3094,574.00
4.070279,869.3625,603.00
4.070279,869.4156,608.00
4.070279,869.4688,675.00
4.070279,869.5218,611.00
4.070279,869.5748,657.00
4.070279,869.6279,617.00
4.070279,869.6809,632.00
4.070279,869.7340,573.00
4.070279,869.7870,623.00
4.070279,869.8401,616.00
4.070279,869.8931,656.00
4.070279,869.9462,588.00
4.070279,869.9993,622.00
4.070279,870.0522,613.00
4.070279,870.1052,660.00
4.070279,870.1583,614.00
4.070279,870.2112,686.00
4.070279,870.2642,621.00
4.070279,870.3173,672.00
4.070279,870.3702,636.00
4.070279,870.4232,675.00
4.070279,870.4762,613.00
4.070279,870.5292,638.00
4.070279,870.5822,636.00
4.070279,870.6351,650.00
4.070279,870.6881,599.00
4.070279,870.7410,630.00
4.070279,870.7940,617.00
4.070279,870.8470,652.00
4.070279,870.8999,599.00
4.070279,870.9528,685.00
4.070279,871.0057,671.00
4.070279,871.0587,646.00
4.070279,871.1116,612.00
4.070279,871.1646,657.00
4.070279,871.2175,578.00
4.070279,871.2704,671.00
4.070279,871.3232,635.00
4.070279,871.3762,660.00
4.070279,871.4291,638.00
4.070279,871.4820,657.00
4.070279,871.5348,621.00
4.070279,871.5877,673.00
4.070279,871.6406,638.00
4.070279,871.6935,697.00
4.070279,871.7463,616.00
4.070279,871.7992,640.00
4.070279,871.8521,646.00
4.070279,871.9049,649.00
4.070279,871.9578,656.00
4.070279,872.0106,676.00
4.070279,872.0635,598.00
4.070279,872.1162,663.00
4.070279,872.1691,636.00
4.070279,872.2219,694.00
4.070279,872.2747,606.00
4.070279,872.3275,649.00
4.070279,872.3803,655.00
4.070279,872.4332,660.00
4.070279,872.4860,649.00
4.070279,872.5387,677.00
4.070279,872.5915,622.00
4.070279,872.6443,669.00
4.070279,872.6971,654.00
4.070279,872.7499,664.00
4.070279,872.8026,648.00
4.070279,872.8553,675.00
4.070279,872.9081,622.00
4.070279,872.9609,657.00
4.070279,873.0136,612.00
4.070279,873.0663,666.00
4.070279,873.1191,579.00
4.070279,873.1718,677.00
4.070279,873.2245,656.00
4.070279,873.2773,648.00
4.070279,873.3300,631.00
4.070279,873.3827,651.00
4.070279,873.4354,618.00
4.070279,873.4882,710.00
4.070279,873.5408,638.00
4.070279,873.5935,649.00
4.070279,873.6462,635.00
4.070279,873.6989,669.00
4.070279,873.7515,649.00
4.070279,873.8042,635.00
4.070279,873.8569,592.00
4.070279,873.9096,685.00
4.070279,873.9622,570.00
4.070279,874.0149,670.00
4.070279,874.0675,657.00
4.070279,874.1202,662.00
4.070279,874.1729,624.00
4.070279,874.2255,655.00
4.070279,874.2781,645.00
4.070279,874.3307,662.00
4.070279,874.3834,581.00
4.070279,874.4360,676.00
4.070279,874.4885,649.00
4.070279,874.5411,692.00
4.070279,874.5938,633.00
4.070279,874.6463,658.00
4.070279,874.6990,658.00
4.070279,874.7515,624.00
4.070279,874.8041,606.00
4.070279,874.8567,672.00
4.070279,874.9092,655.00
4.070279,874.9619,663.00
4.070279,875.0144,642.00
4.070279,875.0669,651.00
4.070279,875.1194,642.00
4.070279,875.1720,677.00
4.070279,875.2246,615.00
4.070279,875.2772,675.00
4.070279,875.3296,625.00
4.070279,875.3821,673.00
4.070279,875.4346,648.00
4.070279,875.4872,677.00
4.070279,875.5397,665.00
4.070279,875.5922,674.00
4.070279,875.6447,640.00
4.070279,875.6971,670.00
4.070279,875.7498,574.00
4.070279,875.8022,696.00
4.070279,875.8547,617.00
4.070279,875.9071,706.00
4.070279,875.9596,647.00
4.070279,876.0120,673.00
4.070279,876.0646,656.00
4.070279,876.1169,650.00
4.070279,876.1694,629.00
4.070279,876.2219,687.00
4.070279,876.2743,622.00
4.070279,876.3268,692.00
4.070279,876.3792,623.00
4.070279,876.4316,658.00
4.070279,876.4840,651.00
4.070279,876.5364,629.00
4.070279,876.5889,608.00
4.070279,876.6413,675.00
4.070279,876.6937,619.00
4.070279,876.7460,665.00
4.070279,876.7985,658.00
4.070279,876.8509,716.00
4.070279,876.9032,643.00
4.070279,876.9556,635.00
4.070279,877.0079,612.00
4.070279,877.0604,627.00
4.070279,877.1127,616.00
4.070279,877.1651,707.00
4.070279,877.2174,629.00
4.070279,877.2697,650.00
4.070279,877.3221,643.00
4.070279,877.3744,652.00
4.070279,877.4268,635.00
4.070279,877.4791,630.00
4.070279,877.5314,595.00
4.070279,877.5837,655.00
4.070279,877.6360,596.00
4.070279,877.6884,649.00
4.070279,877.7407,613.00
4.070279,877.7930,639.00
4.070279,877.8452,605.00
4.070279,877.8975,630.00
4.070279,877.9498,618.00
4.070279,878.0021,680.00
4.070279,878.0544,633.00
4.070279,878.1066,678.00
4.070279,878.1589,647.00
4.070279,878.2111,635.00
4.070279,878.2634,636.00
4.070279,878.3157,616.00
4.070279,878.3679,569.00
4.070279,878.4202,641.00
4.070279,878.4724,599.00
4.070279,878.5246,670.00
4.070279,878.5768,594.00
4.070279,878.6290,638.00
4.070279,878.6812,644.00
4.070279,878.7335,607.00
4.070279,878.7856,605.00
4.070279,878.8379,601.00
4.070279,878.8901,593.00
4.070279,878.9422,648.00
4.070279,878.9944,603.00
4.070279,879.0466,656.00
4.070279,879.0988,598.00
4.070279,879.1509,670.00
4.070279,879.2031,604.00
4.070279,879.2552,599.00
4.070279,879.3074,636.00
4.070279,879.3596,685.00
4.070279,879.4117,569.00
4.070279,879.4638,644.00
4.070279,879.5159,577.00
4.070279,879.5681,642.00
4.070279,879.6202,620.00
4.070279,879.6723,656.00
4.070279,879.7244,632.00
4.070279,879.7766,634.00
4.070279,879.8287,593.00
4.070279,879.8808,650.00
4.070279,879.9329,592.00
4.070279,879.9849,630.00
4.070279,880.0370,617.00
4.070279,880.0891,654.00
4.070279,880.1412,585.00
4.070279,880.1932,658.00
4.070279,880.2452,577.00
4.070279,880.2973,658.00
4.070279,880.3495,611.00
4.070279,880.4015,682.00
4.070279,880.4536,629.00
4.070279,880.5056,630.00
4.070279,880.5576,605.00
4.070279,880.6096,631.00
4.070279,880.6616,579.00
4.070279,880.7137,644.00
4.070279,880.7656,583.00
4.070279,880.8176,642.00
4.070279,880.8696,569.00
4.070279,880.9217,653.00
4.070279,880.9737,602.00
4.070279,881.0256,629.00
4.070279,881.0776,605.00
4.070279,881.1296,660.00
4.070279,881.1816,584.00
4.070279,881.2336,641.00
4.070279,881.2855,600.00
4.070279,881.3374,636.00
4.070279,881.3893,604.00
4.070279,881.4413,620.00
4.070279,881.4933,582.00
4.070279,881.5452,632.00
4.070279,881.5972,592.00
4.070279,881.6490,638.00
4.070279,881.7010,608.00
4.070279,881.7530,665.00
4.070279,881.8049,594.00
4.070279,881.8568,602.00
4.070279,881.9086,603.00
4.070279,881.9605,610.00
4.070279,882.0125,590.00
4.070279,882.0643,645.00
4.070279,882.1162,567.00
4.070279,882.1681,635.00
4.070279,882.2199,547.00
4.070279,882.2719,633.00
4.070279,882.3237,586.00
4.070279,882.3755,591.00
4.070279,882.4274,547.00
4.070279,882.4792,603.00
4.070279,882.5311,582.00
4.070279,882.5829,623.00
4.070279,882.6348,589.00
4.070279,882.6866,639.00
4.070279,882.7383,607.00
4.070279,882.7902,643.00
4.070279,882.8420,595.00
4.070279,882.8939,630.00
4.070279,882.9457,499.00
4.070279,882.9974,629.00
4.070279,883.0493,561.00
4.070279,883.1011,643.00
4.070279,883.1528,567.00
4.070279,883.2046,625.00
4.070279,883.2563,594.00
4.070279,883.3081,590.00
4.070279,883.3599,589.00
4.070279,883.4116,605.00
4.070279,883.4634,594.00
4.070279,883.5151,639.00
4.070279,883.5668,601.00
4.070279,883.6187,630.00
4.070279,883.6703,610.00
4.070279,883.7220,643.00
4.070279,883.7738,609.00
4.070279,883.8254,626.00
4.070279,883.8773,539.00
4.070279,883.9289,641.00
4.070279,883.9806,579.00
4.070279,884.0323,650.00
4.070279,884.0840,611.00
4.070279,884.1357,645.00
4.070279,884.1874,564.00
4.070279,884.2391,607.00
4.070279,884.2907,549.00
4.070279,884.3423,635.00
4.070279,884.3940,550.00
4.070279,884.4457,630.00
4.070279,884.4974,611.00
4.070279,884.5490,612.00
4.070279,884.6006,567.00
4.070279,884.6523,633.00
4.070279,884.7039,587.00
4.070279,884.7555,643.00
4.070279,884.8071,602.00
4.070279,884.8588,657.00
4.070279,884.9103,664.00
4.070279,884.9620,631.00
4.070279,885.0136,639.00
4.070279,885.0651,611.00
4.070279,885.1168,594.00
4.070279,885.1683,630.00
4.070279,885.2200,597.00
4.070279,885.2715,673.00
4.070279,885.3231,573.00
4.070279,885.3746,671.00
4.070279,885.4262,631.00
4.070279,885.4778,636.00
4.070279,885.5293,630.00
4.070279,885.5809,652.00
4.070279,885.6324,591.00
4.070279,885.6839,621.00
4.070279,885.7355,598.00
4.070279,885.7870,669.00
4.070279,885.8385,612.00
4.070279,885.8900,635.00
4.070279,885.9415,640.00
4.070279,885.9930,645.00
4.070279,886.0446,584.00
4.070279,886.0960,662.00
4.070279,886.1475,593.00
4.070279,886.1990,656.00
4.070279,886.2504,602.00
4.070279,886.3020,670.00
4.070279,886.3534,613.00
4.070279,886.4048,640.00
4.070279,886.4564,612.00
4.070279,886.5078,621.00
4.070279,886.5593,589.00
4.070279,886.6107,650.00
4.070279,886.6621,622.00
4.070279,886.7136,652.00
4.070279,886.7650,592.00
4.070279,886.8164,636.00
4.070279,886.8679,629.00
4.070279,886.9193,621.00
4.070279,886.9706,570.00
4.070279,887.0220,662.00
4.070279,887.0735,570.00
4.070279,887.1249,638.00
4.070279,887.1762,608.00
4.070279,887.2276,649.00
4.070279,887.2789,667.00
4.070279,887.3304,643.00
4.070279,887.3818,611.00
4.070279,887.4331,664.00
4.070279,887.4844,622.00
4.070279,887.5358,681.00
4.070279,887.5871,597.00
4.070279,887.6385,659.00
4.070279,887.6898,662.00
4.070279,887.7411,617.00
4.070279,887.7925,624.00
4.070279,887.8438,646.00
4.070279,887.8951,601.00
4.070279,887.9464,685.00
4.070279,887.9977,642.00
4.070279,888.0490,706.00
4.070279,888.1003,669.00
4.070279,888.1516,660.00
4.070279,888.2029,596.00
4.070279,888.2542,647.00
4.070279,888.3054,593.00
4.070279,888.3567,648.00
4.070279,888.4080,622.00
4.070279,888.4592,668.00
4.070279,888.5105,633.00
4.070279,888.5618,672.00
4.070279,888.6130,630.00
4.070279,888.6642,657.00
4.070279,888.7155,614.00
4.070279,888.7667,682.00
4.070279,888.8179,612.00
4.070279,888.8691,675.00
4.070279,888.9204,656.00
4.070279,888.9716,647.00
4.070279,889.0228,623.00
4.070279,889.0740,686.00
4.070279,889.1252,623.00
4.070279,889.1764,644.00
4.070279,889.2275,611.00
4.070279,889.2787,697.00
4.070279,889.3299,601.00
4.070279,889.3810,673.00
4.070279,889.4322,654.00
4.070279,889.4835,675.00
4.070279,889.5346,634.00
4.070279,889.5857,662.00
4.070279,889.6368,606.00
4.070279,889.6879,649.00
4.070279,889.7391,573.00
4.070279,889.7903,671.00
4.070279,889.8414,613.00
4.070279,889.8925,683.00
4.070279,889.9435,634.00
4.070279,889.9948,646.00
4.070279,890.0458,597.00
4.070279,890.0969,668.00
4.070279,890.1479,603.00
4.070279,890.1990,669.00
4.070279,890.2501,615.00
4.070279,890.3012,656.00
4.070279,890.3523,626.00
4.070279,890.4034,613.00
4.070279,890.4545,614.00
4.070279,890.5054,613.00
4.070279,890.5566,556.00
4.070279,890.6076,637.00
4.070279,890.6586,584.00
4.070279,890.7097,651.00
4.070279,890.7607,626.00
4.070279,890.8117,672.00
4.070279,890.8627,632.00
4.070279,890.9138,602.00
4.070279,890.9647,579.00
4.070279,891.0157,633.00
4.070279,891.0668,586.00
4.070279,891.1178,632.00
4.070279,891.1688,589.00
4.070279,891.2197,653.00
4.070279,891.2707,614.00
4.070279,891.3217,619.00
4.070279,891.3727,580.00
4.070279,891.4236,620.00
4.070279,891.4745,584.00
4.070279,891.5256,633.00
4.070279,891.5765,605.00
4.070279,891.6275,644.00
4.070279,891.6783,598.00
4.070279,891.7293,604.00
4.070279,891.7802,598.00
4.070279,891.8312,592.00
4.070279,891.8821,548.00
4.070279,891.9330,643.00
4.070279,891.9839,576.00
4.070279,892.0348,639.00
4.070279,892.0857,616.00
4.070279,892.1366,630.00
4.070279,892.1875,583.00
4.070279,892.2383,604.00
4.070279,892.2892,591.00
4.070279,892.3401,636.00
4.070279,892.3911,585.00
4.070279,892.4418,657.00
4.070279,892.4927,626.00
4.070279,892.5436,653.00
4.070279,892.5944,632.00
4.070279,892.6452,634.00
4.070279,892.6961,578.00
4.070279,892.7469,627.00
4.070279,892.7977,592.00
4.070279,892.8485,618.00
4.070279,892.8993,637.00
4.070279,892.9502,657.00
4.070279,893.0010,595.00
4.070279,893.0518,626.00
4.070279,893.1025,587.00
4.070279,893.1534,628.00
4.070279,893.2042,572.00
4.070279,893.2549,645.00
4.070279,893.3057,611.00
4.070279,893.3564,675.00
4.070279,893.4072,642.00
4.070279,893.4580,636.00
4.070279,893.5087,598.00
4.070279,893.5595,645.00
4.070279,893.6102,573.00
4.070279,893.6609,671.00
4.070279,893.7117,562.00
4.070279,893.7625,691.00
4.070279,893.8132,632.00
4.070279,893.8639,672.00
4.070279,893.9146,633.00
4.070279,893.9653,607.00
4.070279,894.0160,617.00
4.070279,894.0667,642.00
4.070279,894.1174,614.00
4.070279,894.1681,648.00
4.070279,894.2188,581.00
4.070279,894.2695,644.00
4.070279,894.3201,661.00
4.070279,894.3708,641.00
4.070279,894.4214,604.00
4.070279,894.4720,644.00
4.070279,894.5228,612.00
4.070279,894.5734,700.00
4.070279,894.6240,602.00
4.070279,894.6746,676.00
4.070279,894.7252,666.00
4.070279,894.7759,658.00
4.070279,894.8265,636.00
4.070279,894.8771,645.00
4.070279,894.9277,580.00
4.070279,894.9783,673.00
4.070279,895.0290,585.00
4.070279,895.0795,700.00
4.070279,895.1301,610.00
4.070279,895.1807,676.00
4.070279,895.2313,622.00
4.070279,895.2819,666.00
4.070279,895.3325,616.00
4.070279,895.3830,633.00
4.070279,895.4336,574.00
4.070279,895.4841,695.00
4.070279,895.5347,623.00
4.070279,895.5852,658.00
4.070279,895.6357,658.00
4.070279,895.6863,651.00
4.070279,895.7368,633.00
4.070279,895.7874,635.00
4.070279,895.8379,585.00
4.070279,895.8884,667.00
4.070279,895.9388,583.00
4.070279,895.9893,668.00
4.070279,896.0399,601.00
4.070279,896.0904,634.00
4.070279,896.1408,639.00
4.070279,896.1913,651.00
4.070279,896.2418,588.00
4.070279,896.2922,658.00
4.070279,896.3427,629.00
4.070279,896.3932,687.00
4.070279,896.4437,599.00
4.070279,896.4941,672.00
4.070279,896.5445,635.00
4.070279,896.5950,648.00
4.070279,896.6454,633.00
4.070279,896.6958,627.00
4.070279,896.7462,594.00
4.070279,896.7967,655.00
4.070279,896.8471,644.00
4.070279,896.8975,662.00
4.070279,896.9479,629.00
4.070279,896.9983,657.00
4.070279,897.0486,623.00
4.070279,897.0991,606.00
4.070279,897.1495,581.00
4.070279,897.1998,690.00
4.070279,897.2502,628.00
4.070279,897.3005,657.00
4.070279,897.3510,617.00
4.070279,897.4013,658.00
4.070279,897.4517,629.00
4.070279,897.5020,644.00
4.070279,897.5523,634.00
4.070279,897.6026,654.00
4.070279,897.6530,611.00
4.070279,897.7033,656.00
4.070279,897.7537,598.00
4.070279,897.8040,639.00
4.070279,897.8542,593.00
4.070279,897.9046,637.00
4.070279,897.9549,616.00
4.070279,898.0051,663.00
4.070279,898.0554,605.00
4.070279,898.1057,650.00
4.070279,898.1560,590.00
4.070279,898.2063,684.00
4.070279,898.2565,619.00
4.070279,898.3068,610.00
4.070279,898.3571,633.00
4.070279,898.4073,623.00
4.070279,898.4576,584.00
4.070279,898.5078,649.00
4.070279,898.5580,583.00
4.070279,898.6083,678.00
4.070279,898.6584,647.00
4.070279,898.7087,660.00
4.070279,898.7590,636.00
4.070279,898.8091,613.00
4.070279,898.8593,619.00
4.070279,898.9095,647.00
4.070279,898.9598,582.00
4.070279,899.0099,656.00
4.070279,899.0601,616.00
4.070279,899.1103,649.00
4.070279,899.1605,615.00
4.070279,899.2107,617.00
4.070279,899.2608,586.00
4.070279,899.3109,622.00
4.070279,899.3611,598.00
4.070279,899.4113,667.00
4.070279,899.4614,626.00
4.070279,899.5115,635.00
4.070279,899.5616,653.00
4.070279,899.6118,615.00
4.070279,899.6619,603.00
4.070279,899.7121,617.00
4.070279,899.7622,573.00
4.070279,899.8123,636.00
4.070279,899.8624,617.00
4.070279,899.9124,657.00
4.070279,899.9626,608.00
4.070279,900.0126,660.00
4.070279,900.0627,600.00
4.070279,900.1127,644.00
4.070279,900.1628,584.00
4.070279,900.2130,648.00
4.070279,900.2631,532.00
4.070279,900.3130,634.00
4.070279,900.3631,592.00
4.070279,900.4131,638.00
4.070279,900.4632,592.00
4.070279,900.5132,630.00
4.070279,900.5633,575.00
4.070279,900.6132,614.00
4.070279,900.6632,573.00
4.070279,900.7133,630.00
4.070279,900.7633,571.00
4.070279,900.8133,619.00
4.070279,900.8633,581.00
4.070279,900.9133,632.00
4.070279,900.9633,599.00
4.070279,901.0133,659.00
4.070279,901.0632,587.00
4.070279,901.1132,606.00
4.070279,901.1631,586.00
4.070279,901.2131,623.00
4.070279,901.2631,619.00
4.070279,901.3130,647.00
4.070279,901.3630,599.00
4.070279,901.4129,641.00
4.070279,901.4628,599.00
4.070279,901.5128,621.00
4.070279,901.5627,577.00
4.070279,901.6126,653.00
4.070279,901.6625,582.00
4.070279,901.7124,625.00
4.070279,901.7623,620.00
4.070279,901.8123,606.00
4.070279,901.8621,602.00
4.070279,901.9120,617.00
4.070279,901.9619,588.00
4.070279,902.0117,660.00
4.070279,902.0616,635.00
4.070279,902.1115,657.00
4.070279,902.1613,632.00
4.070279,902.2112,614.00
4.070279,902.2610,642.00
4.070279,902.3109,599.00
4.070279,902.3608,578.00
4.070279,902.4106,642.00
4.070279,902.4604,599.00
4.070279,902.5103,657.00
4.070279,902.5601,603.00
4.070279,902.6099,637.00
4.070279,902.6597,595.00
4.070279,902.7095,641.00
4.070279,902.7592,624.00
4.070279,902.8090,635.00
4.070279,902.8589,562.00
4.070279,902.9086,655.00
4.070279,902.9584,628.00
4.070279,903.0082,658.00
4.070279,903.0580,617.00
4.070279,903.1077,625.00
4.070279,903.1575,617.00
4.070279,903.2072,634.00
4.070279,903.2570,599.00
4.070279,903.3067,638.00
4.070279,903.3564,612.00
4.070279,903.4062,680.00
4.070279,903.4559,631.00
4.070279,903.5056,631.00
4.070279,903.5553,619.00
4.070279,903.6050,624.00
4.070279,903.6547,610.00
4.070279,903.7045,673.00
4.070279,903.7541,573.00
4.070279,903.8038,661.00
4.070279,903.8535,606.00
4.070279,903.9032,627.00
4.070279,903.9528,600.00
4.070279,904.0025,620.00
4.070279,904.0522,612.00
4.070279,904.1019,623.00
4.070279,904.1515,581.00
4.070279,904.2012,646.00
4.070279,904.2507,572.00
4.070279,904.3004,640.00
4.070279,904.3500,589.00
4.070279,904.3997,596.00
4.070279,904.4493,589.00
4.070279,904.4989,628.00
4.070279,904.5485,598.00
4.070279,904.5980,648.00
4.070279,904.6477,568.00
4.070279,904.6973,636.00
4.070279,904.7469,582.00
4.070279,904.7964,637.00
4.070279,904.8460,606.00
4.070279,904.8956,588.00
4.070279,904.9452,596.00
4.070279,904.9947,629.00
4.070279,905.0443,578.00
4.070279,905.0938,621.00
4.070279,905.1434,604.00
4.070279,905.1929,604.00
4.070279,905.2424,614.00
4.070279,905.2919,637.00
4.070279,905.3414,620.00
4.070279,905.3910,606.00
4.070279,905.4406,584.00
4.070279,905.4901,655.00
4.070279,905.5396,574.00
4.070279,905.5890,634.00
4.070279,905.6385,617.00
4.070279,905.6880,622.00
4.070279,905.7375,603.00
4.070279,905.7870,645.00
4.070279,905.8364,617.00
4.070279,905.8859,638.00
4.070279,905.9354,577.00
4.070279,905.9848,665.00
4.070279,906.0342,638.00
4.070279,906.0837,660.00
4.070279,906.1331,605.00
4.070279,906.1826,630.00
4.070279,906.2321,606.00
4.070279,906.2814,645.00
4.070279,906.3309,592.00
4.070279,906.3802,654.00
4.070279,906.4297,619.00
4.070279,906.4791,651.00
4.070279,906.5285,618.00
4.070279,906.5779,644.00
4.070279,906.6273,583.00
4.070279,906.6766,641.00
4.070279,906.7260,589.00
4.070279,906.7754,683.00
4.070279,906.8248,582.00
4.070279,906.8741,643.00
4.070279,906.9235,628.00
4.070279,906.9729,618.00
4.070279,907.0222,599.00
4.070279,907.0715,639.00
4.070279,907.1208,587.00
4.070279,907.1702,662.00
4.070279,907.2195,619.00
4.070279,907.2688,655.00
4.070279,907.3181,613.00
4.070279,907.3674,647.00
4.070279,907.4167,609.00
4.070279,907.4660,611.00
4.070279,907.5153,569.00
4.070279,907.5646,636.00
4.070279,907.6139,603.00
4.070279,907.6631,656.00
4.070279,907.7125,591.00
4.070279,907.7617,628.00
4.070279,907.8110,598.00
4.070279,907.8602,623.00
4.070279,907.9094,572.00
4.070279,907.9587,597.00
4.070279,908.0080,532.00
4.070279,908.0572,683.00
4.070279,908.1064,615.00
4.070279,908.1556,652.00
4.070279,908.2048,630.00
4.070279,908.2541,590.00
4.070279,908.3033,631.00
4.070279,908.3524,631.00
4.070279,908.4017,572.00
4.070279,908.4508,683.00
4.070279,908.5000,605.00
4.070279,908.5493,641.00
4.070279,908.5984,637.00
4.070279,908.6475,642.00
4.070279,908.6967,567.00
4.070279,908.7459,618.00
4.070279,908.7950,576.00
4.070279,908.8442,648.00
4.070279,908.8932,581.00
4.070279,908.9424,635.00
4.070279,908.9916,587.00
4.070279,909.0407,640.00
4.070279,909.0898,656.00
4.070279,909.1389,612.00
4.070279,909.1880,605.00
4.070279,909.2372,651.00
4.070279,909.2863,562.00
4.070279,909.3354,658.00
4.070279,909.3845,576.00
4.070279,909.4335,666.00
4.070279,909.4825,633.00
4.070279,909.5317,623.00
4.070279,909.5807,585.00
4.070279,909.6298,642.00
4.070279,909.6789,557.00
4.070279,909.7280,648.00
4.070279,909.7770,597.00
4.070279,909.8260,640.00
4.070279,909.8751,593.00
4.070279,909.9241,632.00
4.070279,909.9731,628.00
4.070279,910.0222,612.00
4.070279,910.0711,580.00
4.070279,910.1201,638.00
4.070279,910.1691,584.00
4.070279,910.2181,632.00
4.070279,910.2672,626.00
4.070279,910.3162,640.00
4.070279,910.3651,621.00
4.070279,910.4141,648.00
4.070279,910.4631,632.00
4.070279,910.5120,607.00
4.070279,910.5610,592.00
4.070279,910.6099,628.00
4.070279,910.6589,608.00
4.070279,910.7078,644.00
4.070279,910.7568,625.00
4.070279,910.8057,626.00
4.070279,910.8546,632.00
4.070279,910.9036,626.00
4.070279,910.9525,598.00
4.070279,911.0013,654.00
4.070279,911.0503,607.00
4.070279,911.0992,650.00
4.070279,911.1481,615.00
4.070279,911.1970,673.00
4.070279,911.2459,643.00
4.070279,911.2948,615.00
4.070279,911.3436,591.00
4.070279,911.3925,639.00
4.070279,911.4414,602.00
4.070279,911.4902,669.00
4.070279,911.5391,647.00
4.070279,911.5880,621.00
4.070279,911.6368,607.00
4.070279,911.6857,659.00
4.070279,911.7344,608.00
4.070279,911.7833,675.00
4.070279,911.8321,582.00
4.070279,911.8809,649.00
4.070279,911.9297,611.00
4.070279,911.9785,668.00
4.070279,912.0273,671.00
4.070279,912.0762,613.00
4.070279,912.1249,654.00
4.070279,912.1737,643.00
4.070279,912.2225,570.00
4.070279,912.2712,653.00
4.070279,912.3201,634.00
4.070279,912.3688,655.00
4.070279,912.4176,637.00
4.070279,912.4663,639.00
4.070279,912.5150,614.00
4.070279,912.5638,637.00
4.070279,912.6125,607.00
4.070279,912.6613,676.00
4.070279,912.7100,609.00
4.070279,912.7587,647.00
4.070279,912.8074,666.00
4.070279,912.8561,627.00
4.070279,912.9048,634.00
4.070279,912.9535,658.00
4.070279,913.0023,619.00
4.070279,913.0510,637.00
4.070279,913.0996,613.00
4.070279,913.1483,669.00
4.070279,913.1969,621.00
4.070279,913.2456,667.00
4.070279,913.2943,672.00
4.070279,913.3430,660.00
4.070279,913.3916,626.00
4.070279,913.4402,666.00
4.070279,913.4888,619.00
4.070279,913.5375,710.00
4.070279,913.5862,622.00
4.070279,913.6348,687.00
4.070279,913.6834,643.00
4.070279,913.7320,677.00
4.070279,913.7806,643.00
4.070279,913.8292,679.00
4.070279,913.8778,653.00
4.070279,913.9264,669.00
4.070279,913.9750,614.00
4.070279,914.0236,699.00
4.070279,914.0721,667.00
4.070279,914.1207,672.00
4.070279,914.1693,624.00
4.070279,914.2178,697.00
4.070279,914.2664,631.00
4.070279,914.3149,669.00
4.070279,914.3635,630.00
4.070279,914.4120,666.00
4.070279,914.4606,666.00
4.070279,914.5090,717.00
4.070279,914.5576,688.00
4.070279,914.6061,683.00
4.070279,914.6546,651.00
4.070279,914.7031,691.00
4.070279,914.7516,622.00
4.070279,914.8001,720.00
4.070279,914.8486,667.00
4.070279,914.8971,695.00
4.070279,914.9456,667.00
4.070279,914.9941,677.00
4.070279,915.0425,658.00
4.070279,915.0910,641.00
4.070279,915.1395,637.00
4.070279,915.1879,693.00
4.070279,915.2363,640.00
4.070279,915.2849,685.00
4.070279,915.3333,668.00
4.070279,915.3817,690.00
4.070279,915.4301,644.00
4.070279,915.4785,666.00
4.070279,915.5269,624.00
4.070279,915.5754,656.00
4.070279,915.6237,621.00
4.070279,915.6721,690.00
4.070279,915.7205,653.00
4.070279,915.7689,732.00
4.070279,915.8173,646.00
4.070279,915.8657,668.00
4.070279,915.9141,615.00
4.070279,915.9623,674.00
4.070279,916.0107,624.00
4.070279,916.0591,693.00
4.070279,916.1075,606.00
4.070279,916.1558,713.00
4.070279,916.2042,631.00
4.070279,916.2524,668.00
4.070279,916.3008,662.00
4.070279,916.3491,651.00
4.070279,916.3974,606.00
4.070279,916.4457,673.00
4.070279,916.4940,618.00
4.070279,916.5423,657.00
4.070279,916.5907,649.00
4.070279,916.6390,655.00
4.070279,916.6872,644.00
4.070279,916.7355,653.00
4.070279,916.7838,614.00
4.070279,916.8320,678.00
4.070279,916.8803,643.00
4.070279,916.9286,718.00
4.070279,916.9768,624.00
4.070279,917.0250,675.00
4.070279,917.0733,667.00
4.070279,917.1216,633.00
4.070279,917.1698,627.00
4.070279,917.2180,618.00
4.070279,917.2662,609.00
4.070279,917.3145,665.00
4.070279,917.3626,656.00
4.070279,917.4109,691.00
4.070279,917.4590,601.00
4.070279,917.5072,700.00
4.070279,917.5554,638.00
4.070279,917.6036,656.00
4.070279,917.6518,607.00
4.070279,917.7000,698.00
4.070279,917.7481,614.00
4.070279,917.7963,671.00
4.070279,917.8444,630.00
4.070279,917.8926,681.00
4.070279,917.9407,649.00
4.070279,917.9888,687.00
4.070279,918.0369,605.00
4.070279,918.0851,679.00
4.070279,918.1332,610.00
4.070279,918.1813,666.00
4.070279,918.2294,647.00
4.070279,918.2776,690.00
4.070279,918.3257,615.00
4.070279,918.3737,633.00
4.070279,918.4218,629.00
4.070279,918.4699,673.00
4.070279,918.5180,627.00
4.070279,918.5660,679.00
4.070279,918.6142,610.00
4.070279,918.6622,670.00
4.070279,918.7103,656.00
4.070279,918.7583,683.00
4.070279,918.8064,665.00
4.070279,918.8544,643.00
4.070279,918.9025,631.00
4.070279,918.9505,688.00
4.070279,918.9985,597.00
4.070279,919.0464,690.00
4.070279,919.0945,651.00
4.070279,919.1426,681.00
4.070279,919.1905,666.00
4.070279,919.2385,656.00
4.070279,919.2866,623.00
4.070279,919.3345,671.00
4.070279,919.3825,630.00
4.070279,919.4304,689.00
4.070279,919.4785,636.00
4.070279,919.5264,689.00
4.070279,919.5744,645.00
4.070279,919.6224,641.00
4.070279,919.6703,628.00
4.070279,919.7182,654.00
4.070279,919.7661,608.00
4.070279,919.8141,678.00
4.070279,919.8620,648.00
4.070279,919.9100,672.00
4.070279,919.9578,623.00
4.070279,920.0057,710.00
4.070279,920.0536,625.00
4.070279,920.1016,646.00
4.070279,920.1495,596.00
4.070279,920.1973,631.00
4.070279,920.2452,587.00
4.070279,920.2932,640.00
4.070279,920.3410,625.00
4.070279,920.3888,670.00
4.070279,920.4367,617.00
4.070279,920.4846,645.00
4.070279,920.5323,608.00
4.070279,920.5803,640.00
4.070279,920.6281,595.00
4.070279,920.6759,686.00
4.070279,920.7237,638.00
4.070279,920.7715,680.00
4.070279,920.8195,626.00
4.070279,920.8672,625.00
4.070279,920.9150,609.00
4.070279,920.9628,635.00
4.070279,921.0106,602.00
4.070279,921.0584,681.00
4.070279,921.1062,562.00
4.070279,921.1540,686.00
4.070279,921.2017,597.00
4.070279,921.2495,637.00
4.070279,921.2973,614.00
4.070279,921.3450,631.00
4.070279,921.3928,597.00
4.070279,921.4405,658.00
4.070279,921.4882,578.00
4.070279,921.5359,655.00
4.070279,921.5837,613.00
4.070279,921.6315,650.00
4.070279,921.6791,621.00
4.070279,921.7269,665.00
4.070279,921.7746,621.00
4.070279,921.8223,608.00
4.070279,921.8700,579.00
4.070279,921.9177,668.00
4.070279,921.9653,594.00
4.070279,922.0130,670.00
4.070279,922.0607,636.00
4.070279,922.1084,643.00
4.070279,922.1561,658.00
4.070279,922.2037,655.00
4.070279,922.2513,615.00
4.070279,922.2990,668.00
4.070279,922.3467,583.00
4.070279,922.3943,653.00
4.070279,922.4419,635.00
4.070279,922.4895,659.00
4.070279,922.5371,626.00
4.070279,922.5848,641.00
4.070279,922.6324,632.00
4.070279,922.6800,619.00
4.070279,922.7276,589.00
4.070279,922.7752,655.00
4.070279,922.8228,624.00
4.070279,922.8704,682.00
4.070279,922.9179,629.00
4.070279,922.9655,646.00
4.070279,923.0130,613.00
4.070279,923.0607,690.00
4.070279,923.1082,595.00
4.070279,923.1558,694.00
4.070279,923.2032,623.00
4.070279,923.2508,616.00
4.070279,923.2983,639.00
4.070279,923.3459,649.00
4.070279,923.3934,651.00
4.070279,923.4409,657.00
4.070279,923.4884,628.00
4.070279,923.5359,655.00
4.070279,923.5834,592.00
4.070279,923.6309,637.00
4.070279,923.6784,624.00
4.070279,923.7259,678.00
4.070279,923.7734,635.00
4.070279,923.8209,628.00
4.070279,923.8683,608.00
4.070279,923.9158,660.00
4.070279,923.9632,621.00
4.070279,924.0106,689.00
4.070279,924.0581,616.00
4.070279,924.1056,636.00
4.070279,924.1530,622.00
4.070279,924.2004,668.00
4.070279,924.2479,622.00
4.070279,924.2952,624.00
4.070279,924.3427,594.00
4.070279,924.3901,681.00
4.070279,924.4375,600.00
4.070279,924.4849,701.00
4.070279,924.5323,658.00
4.070279,924.5797,639.00
4.070279,924.6270,642.00
4.070279,924.6744,654.00
4.070279,924.7218,596.00
4.070279,924.7692,665.00
4.070279,924.8165,577.00
4.070279,924.8639,683.00
4.070279,924.9112,613.00
4.070279,924.9585,660.00
4.070279,925.0059,630.00
4.070279,925.0532,630.00
4.070279,925.1005,595.00
4.070279,925.1478,638.00
4.070279,925.1952,608.00
4.070279,925.2424,675.00
4.070279,925.2897,633.00
4.070279,925.3370,669.00
4.070279,925.3843,613.00
4.070279,925.4316,644.00
4.070279,925.4789,599.00
4.070279,925.5262,660.00
4.070279,925.5734,616.00
4.070279,925.6207,652.00
4.070279,925.6680,620.00
4.070279,925.7153,671.00
4.070279,925.7625,652.00
4.070279,925.8097,636.00
4.070279,925.8569,660.00
4.070279,925.9042,648.00
4.070279,925.9514,591.00
4.070279,925.9987,670.00
4.070279,926.0458,606.00
4.070279,926.0930,660.00
4.070279,926.1403,632.00
4.070279,926.1874,675.00
4.070279,926.2346,661.00
4.070279,926.2819,675.00
4.070279,926.3290,608.00
4.070279,926.3762,650.00
4.070279,926.4233,581.00
4.070279,926.4705,686.00
4.070279,926.5177,677.00
4.070279,926.5648,710.00
4.070279,926.6120,659.00
4.070279,926.6591,680.00
4.070279,926.7063,619.00
4.070279,926.7534,648.00
4.070279,926.8005,615.00
4.070279,926.8477,707.00
4.070279,926.8947,644.00
4.070279,926.9418,699.00
4.070279,926.9890,664.00
4.070279,927.0361,685.00
4.070279,927.0831,633.00
4.070279,927.1302,704.00
4.070279,927.1773,617.00
4.070279,927.2244,702.00
4.070279,927.2715,626.00
4.070279,927.3185,668.00
4.070279,927.3656,668.00
4.070279,927.4126,688.00
4.070279,927.4597,689.00
4.070279,927.5067,673.00
4.070279,927.5538,628.00
4.070279,927.6008,660.00
4.070279,927.6478,646.00
4.070279,927.6949,706.00
4.070279,927.7419,654.00
4.070279,927.7888,688.00
4.070279,927.8358,668.00
4.070279,927.8829,687.00
4.070279,927.9299,647.00
4.070279,927.9769,719.00
4.070279,928.0239,652.00
4.070279,928.0708,694.00
4.070279,928.1177,645.00
4.070279,928.1648,723.00
4.070279,928.2117,683.00
4.070279,928.2587,684.00
4.070279,928.3056,665.00
4.070279,928.3525,662.00
4.070279,928.3995,645.00
4.070279,928.4465,713.00
4.070279,928.4934,638.00
4.070279,928.5402,670.00
4.070279,928.5872,643.00
4.070279,928.6340,746.00
4.070279,928.6810,664.00
4.070279,928.7279,665.00
4.070279,928.7748,657.00
4.070279,928.8217,665.00
4.070279,928.8685,625.00
4.070279,928.9155,690.00
4.070279,928.9623,604.00
4.070279,929.0092,684.00
4.070279,929.0560,628.00
4.070279,929.1028,662.00
4.070279,929.1498,641.00
4.070279,929.1965,660.00
4.070279,929.2434,658.00
4.070279,929.2902,682.00
4.070279,929.3370,629.00
4.070279,929.3839,658.00
4.070279,929.4307,662.00
4.070279,929.4775,659.00
4.070279,929.5243,651.00
4.070279,929.5710,672.00
4.070279,929.6179,645.00
4.070279,929.6647,683.00
4.070279,929.7115,609.00
4.070279,929.7582,653.00
4.070279,929.8050,616.00
4.070279,929.8517,714.00
4.070279,929.8986,627.00
4.070279,929.9453,656.00
4.070279,929.9921,638.00
4.070279,930.0388,670.00
4.070279,930.0854,633.00
4.070279,930.1323,673.00
4.070279,930.1790,642.00
4.070279,930.2256,699.00
4.070279,930.2724,659.00
4.070279,930.3191,680.00
4.070279,930.3658,630.00
4.070279,930.4125,679.00
4.070279,930.4592,623.00
4.070279,930.5059,661.00
4.070279,930.5526,618.00
4.070279,930.5993,681.00
4.070279,930.6459,669.00
4.070279,930.6926,679.00
4.070279,930.7392,666.00
4.070279,930.7859,683.00
4.070279,930.8325,624.00
4.070279,930.8792,672.00
4.070279,930.9258,641.00
4.070279,930.9725,695.00
4.070279,931.0190,623.00
4.070279,931.0657,678.00
4.070279,931.1123,670.00
4.070279,931.1589,652.00
4.070279,931.2055,639.00
4.070279,931.2521,677.00
4.070279,931.2987,629.00
4.070279,931.3453,665.00
4.070279,931.3919,646.00
4.070279,931.4385,675.00
4.070279,931.4850,684.00
4.070279,931.5316,652.00
4.070279,931.5782,618.00
4.070279,931.6248,637.00
4.070279,931.6713,619.00
4.070279,931.7178,674.00
4.070279,931.7643,636.00
4.070279,931.8109,685.00
4.070279,931.8574,668.00
4.070279,931.9039,669.00
4.070279,931.9504,665.00
4.070279,931.9969,672.00
4.070279,932.0435,616.00
4.070279,932.0900,700.00
4.070279,932.1365,622.00
4.070279,932.1829,660.00
4.070279,932.2294,638.00
4.070279,932.2759,696.00
4.070279,932.3223,654.00
4.070279,932.3688,625.00
4.070279,932.4153,648.00
4.070279,932.4617,689.00
4.070279,932.5082,638.00
4.070279,932.5546,681.00
4.070279,932.6011,670.00
4.070279,932.6475,726.00
4.070279,932.6939,704.00
4.070279,932.7402,691.00
4.070279,932.7867,654.00
4.070279,932.8331,693.00
4.070279,932.8795,605.00
4.070279,932.9259,710.00
4.070279,932.9723,635.00
4.070279,933.0187,699.00
4.070279,933.0651,666.00
4.070279,933.1115,690.00
4.070279,933.1578,649.00
4.070279,933.2042,675.00
4.070279,933.2505,625.00
4.070279,933.2969,705.00
4.070279,933.3433,673.00
4.070279,933.3896,692.00
4.070279,933.4359,631.00
4.070279,933.4822,692.00
4.070279,933.5286,640.00
4.070279,933.5749,674.00
4.070279,933.6212,656.00
4.070279,933.6675,679.00
4.070279,933.7138,626.00
4.070279,933.7601,702.00
4.070279,933.8064,639.00
4.070279,933.8527,698.00
4.070279,933.8989,641.00
4.070279,933.9452,667.00
4.070279,933.9915,681.00
4.070279,934.0378,673.00
4.070279,934.0840,647.00
4.070279,934.1302,722.00
4.070279,934.1765,653.00
4.070279,934.2227,706.00
4.070279,934.2690,692.00
4.070279,934.3152,651.00
4.070279,934.3614,657.00
4.070279,934.4077,694.00
4.070279,934.4539,665.00
4.070279,934.5001,714.00
4.070279,934.5463,643.00
4.070279,934.5925,734.00
4.070279,934.6387,675.00
4.070279,934.6848,700.00
4.070279,934.7310,679.00
4.070279,934.7772,693.00
4.070279,934.8234,663.00
4.070279,934.8695,667.00
4.070279,934.9156,624.00
4.070279,934.9619,691.00
4.070279,935.0080,652.00
4.070279,935.0541,691.00
4.070279,935.1002,671.00
4.070279,935.1464,700.00
4.070279,935.1925,623.00
4.070279,935.2386,702.00
4.070279,935.2847,661.00
4.070279,935.3308,717.00
4.070279,935.3769,640.00
4.070279,935.4230,717.00
4.070279,935.4691,669.00
4.070279,935.5152,676.00
4.070279,935.5613,666.00
4.070279,935.6073,716.00
4.070279,935.6534,638.00
4.070279,935.6995,684.00
4.070279,935.7455,638.00
4.070279,935.7916,725.00
4.070279,935.8376,680.00
4.070279,935.8837,695.00
4.070279,935.9297,626.00
4.070279,935.9757,683.00
4.070279,936.0217,648.00
4.070279,936.0677,664.00
4.070279,936.1137,607.00
4.070279,936.1598,687.00
4.070279,936.2057,619.00
4.070279,936.2518,686.00
4.070279,936.2977,662.00
4.070279,936.3437,673.00
4.070279,936.3896,613.00
4.070279,936.4357,659.00
4.070279,936.4816,599.00
4.070279,936.5275,687.00
4.070279,936.5735,608.00
4.070279,936.6194,706.00
4.070279,936.6654,637.00
4.070279,936.7114,645.00
4.070279,936.7573,613.00
4.070279,936.8032,624.00
4.070279,936.8491,571.00
4.070279,936.8950,662.00
4.070279,936.9409,596.00
4.070279,936.9868,704.00
4.070279,937.0327,596.00
4.070279,937.0786,693.00
4.070279,937.1245,615.00
4.070279,937.1704,640.00
4.070279,937.2162,640.00
4.070279,937.2621,654.00
4.070279,937.3080,574.00
4.070279,937.3539,645.00
4.070279,937.3997,616.00
4.070279,937.4455,658.00
4.070279,937.4913,633.00
4.070279,937.5372,665.00
4.070279,937.5831,608.00
4.070279,937.6289,602.00
4.070279,937.6747,609.00
4.070279,937.7205,674.00
4.070279,937.7663,584.00
4.070279,937.8121,682.00
4.070279,937.8579,601.00
4.070279,937.9037,632.00
4.070279,937.9495,619.00
4.070279,937.9952,624.00
4.070279,938.0410,597.00
4.070279,938.0868,650.00
4.070279,938.1325,596.00
4.070279,938.1783,691.00
4.070279,938.2240,630.00
4.070279,938.2698,646.00
4.070279,938.3155,609.00
4.070279,938.3613,626.00
4.070279,938.4069,585.00
4.070279,938.4527,623.00
4.070279,938.4984,599.00
4.070279,938.5441,670.00
4.070279,938.5898,613.00
4.070279,938.6356,656.00
4.070279,938.6812,643.00
4.070279,938.7269,657.00
4.070279,938.7726,621.00
4.070279,938.8182,640.00
4.070279,938.8640,628.00
4.070279,938.9096,683.00
4.070279,938.9552,622.00
4.070279,939.0010,642.00
4.070279,939.0466,686.00
4.070279,939.0922,674.00
4.070279,939.1378,671.00
4.070279,939.1835,669.00
4.070279,939.2291,595.00
4.070279,939.2747,693.00
4.070279,939.3203,653.00
4.070279,939.3659,695.00
4.070279,939.4115,636.00
4.070279,939.4570,685.00
4.070279,939.5027,686.00
4.070279,939.5483,672.00
4.070279,939.5939,605.00
4.070279,939.6395,692.00
4.070279,939.6851,630.00
4.070279,939.7306,679.00
4.070279,939.7761,626.00
4.070279,939.8217,688.00
4.070279,939.8672,670.00
4.070279,939.9127,685.00
4.070279,939.9583,649.00
4.070279,940.0038,697.00
4.070279,940.0493,622.00
4.070279,940.0948,739.00
4.070279,940.1403,630.00
4.070279,940.1859,720.00
4.070279,940.2314,662.00
4.070279,940.2769,677.00
4.070279,940.3223,619.00
4.070279,940.3678,699.00
4.070279,940.4133,658.00
4.070279,940.4588,679.00
4.070279,940.5042,650.00
4.070279,940.5497,719.00
4.070279,940.5952,647.00
4.070279,940.6406,713.00
4.070279,940.6860,685.00
4.070279,940.7315,681.00
4.070279,940.7769,657.00
4.070279,940.8223,701.00
4.070279,940.8677,654.00
4.070279,940.9132,696.00
4.070279,940.9586,634.00
4.070279,941.0040,724.00
4.070279,941.0494,684.00
4.070279,941.0948,701.00
4.070279,941.1402,672.00
4.070279,941.1855,673.00
4.070279,941.2310,614.00
4.070279,941.2762,712.00
4.070279,941.3216,648.00
4.070279,941.3670,722.00
4.070279,941.4124,652.00
4.070279,941.4577,663.00
4.070279,941.5031,654.00
4.070279,941.5483,694.00
4.070279,941.5937,647.00
4.070279,941.6390,688.00
4.070279,941.6843,637.00
4.070279,941.7296,693.00
4.070279,941.7749,631.00
4.070279,941.8203,687.00
4.070279,941.8655,684.00
4.070279,941.9108,690.00
4.070279,941.9561,660.00
4.070279,942.0013,701.00
4.070279,942.0467,639.00
4.070279,942.0920,704.00
4.070279,942.1372,687.00
4.070279,942.1824,694.00
4.070279,942.2277,664.00
4.070279,942.2729,699.00
4.070279,942.3182,666.00
4.070279,942.3634,691.00
4.070279,942.4086,659.00
4.070279,942.4539,664.00
4.070279,942.4990,639.00
4.070279,942.5443,701.00
4.070279,942.5895,655.00
4.070279,942.6347,689.00
4.070279,942.6798,664.00
4.070279,942.7250,669.00
4.070279,942.7702,636.00
4.070279,942.8154,689.00
4.070279,942.8606,626.00
4.070279,942.9058,702.00
4.070279,942.9508,656.00
4.070279,942.9960,714.00
4.070279,943.0412,662.00
4.070279,943.0864,683.00
4.070279,943.1314,637.00
4.070279,943.1766,706.00
4.070279,943.2217,655.00
4.070279,943.2668,723.00
4.070279,943.3120,651.00
4.070279,943.3571,712.00
4.070279,943.4021,691.00
4.070279,943.4473,721.00
4.070279,943.4923,663.00
4.070279,943.5374,673.00
4.070279,943.5825,656.00
4.070279,943.6276,693.00
4.070279,943.6725,606.00
4.070279,943.7177,697.00
4.070279,943.7627,694.00
4.070279,943.8078,642.00
4.070279,943.8528,676.00
4.070279,943.8978,685.00
4.070279,943.9429,646.00
4.070279,943.9879,703.00
4.070279,944.0330,639.00
4.070279,944.0779,704.00
4.070279,944.1229,644.00
4.070279,944.1679,695.00
4.070279,944.2130,675.00
4.070279,944.2579,717.00
4.070279,944.3029,666.00
4.070279,944.3478,664.00
4.070279,944.3929,639.00
4.070279,944.4379,713.00
4.070279,944.4828,660.00
4.070279,944.5277,713.00
4.070279,944.5727,662.00
4.070279,944.6176,701.00
4.070279,944.6626,652.00
4.070279,944.7076,690.00
4.070279,944.7524,620.00
4.070279,944.7974,683.00
4.070279,944.8423,634.00
4.070279,944.8872,700.00
4.070279,944.9321,695.00
4.070279,944.9770,676.00
4.070279,945.0219,677.00
4.070279,945.0667,685.00
4.070279,945.1116,632.00
4.070279,945.1566,651.00
4.070279,945.2014,624.00
4.070279,945.2463,710.00
4.070279,945.2911,634.00
4.070279,945.3360,736.00
4.070279,945.3808,661.00
4.070279,945.4257,688.00
4.070279,945.4705,655.00
4.070279,945.5153,681.00
4.070279,945.5601,616.00
4.070279,945.6050,726.00
4.070279,945.6498,662.00
4.070279,945.6946,675.00
4.070279,945.7394,654.00
4.070279,945.7842,668.00
4.070279,945.8290,643.00
4.070279,945.8738,699.00
4.070279,945.9186,655.00
4.070279,945.9633,689.00
4.070279,946.0081,610.00
4.070279,946.0529,701.00
4.070279,946.0976,655.00
4.070279,946.1423,653.00
4.070279,946.1871,634.00
4.070279,946.2318,681.00
4.070279,946.2766,614.00
4.070279,946.3213,683.00
4.070279,946.3660,616.00
4.070279,946.4107,709.00
4.070279,946.4554,640.00
4.070279,946.5001,703.00
4.070279,946.5449,643.00
4.070279,946.5895,658.00
4.070279,946.6342,620.00
4.070279,946.6789,684.00
4.070279,946.7236,631.00
4.070279,946.7682,685.00
4.070279,946.8129,647.00
4.070279,946.8575,710.00
4.070279,946.9022,636.00
4.070279,946.9468,697.00
4.070279,946.9915,666.00
4.070279,947.0361,661.00
4.070279,947.0807,641.00
4.070279,947.1253,664.00
4.070279,947.1700,592.00
4.070279,947.2146,689.00
4.070279,947.2592,632.00
4.070279,947.3038,702.00
4.070279,947.3483,662.00
4.070279,947.3929,684.00
4.070279,947.4376,628.00
4.070279,947.4821,664.00
4.070279,947.5267,641.00
4.070279,947.5712,693.00
4.070279,947.6158,636.00
4.070279,947.6604,692.00
4.070279,947.7050,638.00
4.070279,947.7495,666.00
4.070279,947.7939,648.00
4.070279,947.8385,702.00
4.070279,947.8831,614.00
4.070279,947.9276,689.00
4.070279,947.9720,631.00
4.070279,948.0166,674.00
4.070279,948.0611,607.00
4.070279,948.1056,641.00
4.070279,948.1501,654.00
4.070279,948.1945,675.00
4.070279,948.2390,639.00
4.070279,948.2835,677.00
4.070279,948.3279,572.00
4.070279,948.3724,647.00
4.070279,948.4169,637.00
4.070279,948.4613,673.00
4.070279,948.5057,658.00
4.070279,948.5502,642.00
4.070279,948.5947,615.00
4.070279,948.6391,654.00
4.070279,948.6835,620.00
4.070279,948.7279,685.00
4.070279,948.7723,643.00
4.070279,948.8167,687.00
4.070279,948.8611,643.00
4.070279,948.9055,654.00
4.070279,948.9498,630.00
4.070279,948.9943,671.00
4.070279,949.0387,641.00
4.070279,949.0830,677.00
4.070279,949.1273,631.00
4.070279,949.1718,659.00
4.070279,949.2161,621.00
4.070279,949.2604,652.00
4.070279,949.3047,608.00
4.070279,949.3491,651.00
4.070279,949.3934,611.00
4.070279,949.4377,670.00
4.070279,949.4821,570.00
4.070279,949.5264,696.00
4.070279,949.5707,645.00
4.070279,949.6150,667.00
4.070279,949.6592,629.00
4.070279,949.7036,665.00
4.070279,949.7479,614.00
4.070279,949.7921,684.00
4.070279,949.8363,629.00
4.070279,949.8806,682.00
4.070279,949.9249,626.00
4.070279,949.9692,695.00
4.070279,950.0134,640.00
4.070279,950.0576,676.00
4.070279,950.1019,623.00
4.070279,950.1461,697.00
4.070279,950.1903,627.00
4.070279,950.2346,696.00
4.070279,950.2787,664.00
4.070279,950.3229,701.00
4.070279,950.3671,640.00
4.070279,950.4114,669.00
4.070279,950.4555,654.00
4.070279,950.4997,692.00
4.070279,950.5439,632.00
4.070279,950.5880,706.00
4.070279,950.6322,618.00
4.070279,950.6763,655.00
4.070279,950.7205,646.00
4.070279,950.7646,666.00
4.070279,950.8088,619.00
4.070279,950.8530,655.00
4.070279,950.8971,633.00
4.070279,950.9412,645.00
4.070279,950.9853,605.00
4.070279,951.0294,689.00
4.070279,951.0735,631.00
4.070279,951.1177,690.00
4.070279,951.1617,676.00
4.070279,951.2057,684.00
4.070279,951.2499,646.00
4.070279,951.2939,693.00
4.070279,951.3380,635.00
4.070279,951.3821,666.00
4.070279,951.4261,640.00
4.070279,951.4702,687.00
4.070279,951.5142,666.00
4.070279,951.5582,703.00
4.070279,951.6024,621.00
4.070279,951.6464,684.00
4.070279,951.6904,647.00
4.070279,951.7344,707.00
4.070279,951.7784,603.00
4.070279,951.8224,690.00
4.070279,951.8665,628.00
4.070279,951.9104,685.00
4.070279,951.9544,641.00
4.070279,951.9984,639.00
4.070279,952.0424,641.00
4.070279,952.0864,692.00
4.070279,952.1303,626.00
4.070279,952.1743,736.00
4.070279,952.2183,643.00
4.070279,952.2621,706.00
4.070279,952.3061,684.00
4.070279,952.3500,691.00
4.070279,952.3940,634.00
4.070279,952.4379,671.00
4.070279,952.4818,627.00
4.070279,952.5258,692.00
4.070279,952.5696,645.00
4.070279,952.6136,725.00
4.070279,952.6574,619.00
4.070279,952.7014,661.00
4.070279,952.7452,632.00
4.070279,952.7891,646.00
4.070279,952.8330,632.00
4.070279,952.8768,685.00
4.070279,952.9207,648.00
4.070279,952.9645,692.00
4.070279,953.0084,619.00
4.070279,953.0522,686.00
4.070279,953.0961,666.00
4.070279,953.1400,658.00
4.070279,953.1838,640.00
4.070279,953.2275,663.00
4.070279,953.2714,627.00
4.070279,953.3152,711.00
4.070279,953.3589,639.00
4.070279,953.4028,700.00
4.070279,953.4466,635.00
4.070279,953.4904,677.00
4.070279,953.5341,649.00
4.070279,953.5779,665.00
4.070279,953.6217,612.00
4.070279,953.6654,671.00
4.070279,953.7092,606.00
4.070279,953.7529,698.00
4.070279,953.7967,598.00
4.070279,953.8405,670.00
4.070279,953.8842,621.00
4.070279,953.9279,643.00
4.070279,953.9716,637.00
4.070279,954.0153,637.00
4.070279,954.0590,609.00
4.070279,954.1027,646.00
4.070279,954.1464,649.00
4.070279,954.1901,686.00
4.070279,954.2338,642.00
4.070279,954.2774,668.00
4.070279,954.3212,611.00
4.070279,954.3648,676.00
4.070279,954.4084,619.00
4.070279,954.4521,653.00
4.070279,954.4958,618.00
4.070279,954.5394,653.00
4.070279,954.5831,662.00
4.070279,954.6267,649.00
4.070279,954.6703,640.00
4.070279,954.7139,661.00
4.070279,954.7576,594.00
4.070279,954.8012,671.00
4.070279,954.8448,588.00
4.070279,954.8884,706.00
4.070279,954.9319,640.00
4.070279,954.9755,687.00
4.070279,955.0191,589.00
4.070279,955.0627,624.00
4.070279,955.1063,583.00
4.070279,955.1498,644.00
4.070279,955.1934,583.00
4.070279,955.2369,650.00
4.070279,955.2805,590.00
4.070279,955.3240,665.00
4.070279,955.3675,660.00
4.070279,955.4111,645.00
4.070279,955.4546,589.00
4.070279,955.4981,657.00
4.070279,955.5416,596.00
4.070279,955.5851,676.00
4.070279,955.6285,614.00
4.070279,955.6722,656.00
4.070279,955.7156,624.00
4.070279,955.7590,640.00
4.070279,955.8025,642.00
4.070279,955.8460,675.00
4.070279,955.8895,592.00
4.070279,955.9329,664.00
4.070279,955.9764,612.00
4.070279,956.0198,679.00
4.070279,956.0632,635.00
4.070279,956.1067,694.00
4.070279,956.1501,668.00
4.070279,956.1935,670.00
4.070279,956.2369,621.00
4.070279,956.2803,645.00
4.070279,956.3238,593.00
4.070279,956.3671,688.00
4.070279,956.4105,615.00
4.070279,956.4539,666.00
4.070279,956.4973,634.00
4.070279,956.5406,618.00
4.070279,956.5841,620.00
4.070279,956.6274,655.00
4.070279,956.6707,591.00
4.070279,956.7141,665.00
4.070279,956.7575,629.00
4.070279,956.8008,668.00
4.070279,956.8442,623.00
4.070279,956.8875,657.00
4.070279,956.9308,648.00
4.070279,956.9741,616.00
4.070279,957.0174,624.00
4.070279,957.0607,645.00
4.070279,957.1040,580.00
4.070279,957.1473,666.00
4.070279,957.1906,608.00
4.070279,957.2339,666.00
4.070279,957.2772,660.00
4.070279,957.3204,670.00
4.070279,957.3636,605.00
4.070279,957.4069,636.00
4.070279,957.4502,617.00
4.070279,957.4934,670.00
4.070279,957.5366,641.00
4.070279,957.5799,650.00
4.070279,957.6230,626.00
4.070279,957.6664,658.00
4.070279,957.7095,633.00
4.070279,957.7527,684.00
4.070279,957.7959,625.00
4.070279,957.8392,675.00
4.070279,957.8823,639.00
4.070279,957.9255,696.00
4.070279,957.9687,642.00
4.070279,958.0118,682.00
4.070279,958.0551,631.00
4.070279,958.0983,677.00
4.070279,958.1414,610.00
4.070279,958.1845,681.00
4.070279,958.2277,649.00
4.070279,958.2708,717.00
4.070279,958.3139,612.00
4.070279,958.3571,679.00
4.070279,958.4001,680.00
4.070279,958.4432,664.00
4.070279,958.4864,650.00
4.070279,958.5295,688.00
4.070279,958.5726,639.00
4.070279,958.6157,680.00
4.070279,958.6588,632.00
4.070279,958.7018,697.00
4.070279,958.7449,628.00
4.070279,958.7879,669.00
4.070279,958.8311,604.00
4.070279,958.8741,674.00
4.070279,958.9171,606.00
4.070279,958.9601,694.00
4.070279,959.0032,640.00
4.070279,959.0463,700.00
4.070279,959.0893,667.00
4.070279,959.1323,653.00
4.070279,959.1752,663.00
4.070279,959.2183,688.00
4.070279,959.2613,654.00
4.070279,959.3043,669.00
4.070279,959.3472,602.00
4.070279,959.3903,659.00
4.070279,959.4332,618.00
4.070279,959.4763,663.00
4.070279,959.5192,632.00
4.070279,959.5621,633.00
4.070279,959.6051,611.00
4.070279,959.6480,669.00
4.070279,959.6910,579.00
4.070279,959.7339,682.00
4.070279,959.7768,606.00
4.070279,959.8198,637.00
4.070279,959.8627,616.00
4.070279,959.9056,641.00
4.070279,959.9485,625.00
4.070279,959.9915,637.00
4.070279,960.0343,554.00
4.070279,960.0771,662.00
4.070279,960.1201,592.00
4.070279,960.1630,660.00
4.070279,960.2058,640.00
4.070279,960.2487,629.00
4.070279,960.2915,585.00
4.070279,960.3344,618.00
4.070279,960.3773,576.00
4.070279,960.4200,630.00
4.070279,960.4629,588.00
4.070279,960.5057,668.00
4.070279,960.5485,583.00
4.070279,960.5914,642.00
4.070279,960.6342,645.00
4.070279,960.6770,602.00
4.070279,960.7198,608.00
4.070279,960.7626,621.00
4.070279,960.8054,577.00
4.070279,960.8481,648.00
4.070279,960.8909,623.00
4.070279,960.9337,690.00
4.070279,960.9764,612.00
4.070279,961.0192,628.00
4.070279,961.0620,614.00
4.070279,961.1047,617.00
4.070279,961.1475,605.00
4.070279,961.1902,646.00
4.070279,961.2329,606.00
4.070279,961.2757,645.00
4.070279,961.3184,638.00
4.070279,961.3611,600.00
4.070279,961.4037,645.00
4.070279,961.4465,651.00
4.070279,961.4892,622.00
4.070279,961.5319,641.00
4.070279,961.5745,566.00
4.070279,961.6172,654.00
4.070279,961.6599,597.00
4.070279,961.7026,651.00
4.070279,961.7452,612.00
4.070279,961.7878,611.00
4.070279,961.8304,609.00
4.070279,961.8731,644.00
4.070279,961.9157,587.00
4.070279,961.9584,628.00
4.070279,962.0010,619.00
4.070279,962.0436,658.00
4.070279,962.0862,622.00
4.070279,962.1288,615.00
4.070279,962.1714,580.00
4.070279,962.2140,623.00
4.070279,962.2565,587.00
4.070279,962.2991,653.00
4.070279,962.3417,567.00
4.070279,962.3843,650.00
4.070279,962.4268,625.00
4.070279,962.4694,623.00
4.070279,962.5119,610.00
4.070279,962.5545,655.00
4.070279,962.5970,603.00
4.070279,962.6396,650.00
4.070279,962.6821,577.00
4.070279,962.7246,701.00
4.070279,962.7671,613.00
4.070279,962.8096,679.00
4.070279,962.8522,627.00
4.070279,962.8947,602.00
4.070279,962.9371,584.00
4.070279,962.9796,638.00
4.070279,963.0222,593.00
4.070279,963.0646,663.00
4.070279,963.1070,633.00
4.070279,963.1495,662.00
4.070279,963.1919,611.00
4.070279,963.2344,634.00
4.070279,963.2768,611.00
4.070279,963.3193,666.00
4.070279,963.3616,607.00
4.070279,963.4041,671.00
4.070279,963.4465,615.00
4.070279,963.4889,661.00
4.070279,963.5314,627.00
4.070279,963.5737,635.00
4.070279,963.6161,613.00
4.070279,963.6585,617.00
4.070279,963.7009,564.00
4.070279,963.7433,661.00
4.070279,963.7856,609.00
4.070279,963.8280,656.00
4.070279,963.8704,592.00
4.070279,963.9127,650.00
4.070279,963.9551,616.00
4.070279,963.9974,628.00
4.070279,964.0397,616.00
4.070279,964.0820,648.00
4.070279,964.1244,603.00
4.070279,964.1667,664.00
4.070279,964.2090,594.00
4.070279,964.2513,670.00
4.070279,964.2936,622.00
4.070279,964.3359,639.00
4.070279,964.3782,582.00
4.070279,964.4205,637.00
4.070279,964.4627,603.00
4.070279,964.5050,663.00
4.070279,964.5472,583.00
4.070279,964.5895,677.00
4.070279,964.6317,636.00
4.070279,964.6740,643.00
4.070279,964.7162,635.00
4.070279,964.7585,647.00
4.070279,964.8007,582.00
4.070279,964.8429,640.00
4.070279,964.8851,591.00
4.070279,964.9273,667.00
4.070279,964.9695,593.00
4.070279,965.0118,639.00
4.070279,965.0539,616.00
4.070279,965.0961,635.00
4.070279,965.1382,649.00
4.070279,965.1805,646.00
4.070279,965.2226,609.00
4.070279,965.2648,650.00
4.070279,965.3069,575.00
4.070279,965.3491,664.00
4.070279,965.3912,611.00
4.070279,965.4333,654.00
4.070279,965.4755,621.00
4.070279,965.5176,613.00
4.070279,965.5598,592.00
4.070279,965.6019,627.00
4.070279,965.6439,613.00
4.070279,965.6861,628.00
4.070279,965.7281,598.00
4.070279,965.7702,612.00
4.070279,965.8123,595.00
4.070279,965.8543,630.00
4.070279,965.8964,570.00
4.070279,965.9385,639.00
4.070279,965.9806,568.00
4.070279,966.0226,657.00
4.070279,966.0647,577.00
4.070279,966.1068,597.00
4.070279,966.1487,613.00
4.070279,966.1907,640.00
4.070279,966.2328,622.00
4.070279,966.2748,650.00
4.070279,966.3168,590.00
4.070279,966.3588,650.00
4.070279,966.4008,590.00
4.070279,966.4427,637.00
4.070279,966.4848,597.00
4.070279,966.5268,605.00
4.070279,966.5688,599.00
4.070279,966.6107,631.00
4.070279,966.6526,602.00
4.070279,966.6946,658.00
4.070279,966.7366,572.00
4.070279,966.7785,671.00
4.070279,966.8204,601.00
4.070279,966.8624,635.00
4.070279,966.9042,617.00
4.070279,966.9462,624.00
4.070279,966.9881,573.00
4.070279,967.0300,634.00
4.070279,967.0719,555.00
4.070279,967.1138,642.00
4.070279,967.1556,608.00
4.070279,967.1976,636.00
4.070279,967.2394,625.00
4.070279,967.2813,639.00
4.070279,967.3232,579.00
4.070279,967.3651,648.00
4.070279,967.4070,584.00
4.070279,967.4488,672.00
4.070279,967.4906,605.00
4.070279,967.5324,653.00
4.070279,967.5743,636.00
4.070279,967.6161,654.00
4.070279,967.6579,608.00
4.070279,967.6997,642.00
4.070279,967.7415,580.00
4.070279,967.7833,652.00
4.070279,967.8251,597.00
4.070279,967.8669,662.00
4.070279,967.9087,625.00
4.070279,967.9504,620.00
4.070279,967.9922,636.00
4.070279,968.0339,644.00
4.070279,968.0757,589.00
4.070279,968.1174,664.00
4.070279,968.1592,612.00
4.070279,968.2009,660.00
4.070279,968.2427,600.00
4.070279,968.2844,662.00
4.070279,968.3262,664.00
4.070279,968.3679,628.00
4.070279,968.4095,638.00
4.070279,968.4512,666.00
4.070279,968.4930,603.00
4.070279,968.5347,684.00
4.070279,968.5763,650.00
4.070279,968.6180,653.00
4.070279,968.6597,605.00
4.070279,968.7014,667.00
4.070279,968.7430,608.00
4.070279,968.7846,649.00
4.070279,968.8263,570.00
4.070279,968.8679,674.00
4.070279,968.9095,605.00
4.070279,968.9512,702.00
4.070279,968.9928,642.00
4.070279,969.0344,639.00
4.070279,969.0761,623.00
4.070279,969.1177,622.00
4.070279,969.1592,599.00
4.070279,969.2009,625.00
4.070279,969.2424,611.00
4.070279,969.2839,655.00
4.070279,969.3255,583.00
4.070279,969.3672,645.00
4.070279,969.4087,588.00
4.070279,969.4503,649.00
4.070279,969.4918,563.00
4.070279,969.5333,629.00
4.070279,969.5749,566.00
4.070279,969.6165,626.00
4.070279,969.6580,610.00
4.070279,969.6995,663.00
4.070279,969.7410,666.00
4.070279,969.7825,633.00
4.070279,969.8240,611.00
4.070279,969.8655,647.00
4.070279,969.9070,607.00
4.070279,969.9484,681.00
4.070279,969.9899,590.00
4.070279,970.0314,627.00
4.070279,970.0728,603.00
4.070279,970.1143,625.00
4.070279,970.1558,630.00
4.070279,970.1971,639.00
4.070279,970.2386,569.00
4.070279,970.2801,625.00
4.070279,970.3215,576.00
4.070279,970.3629,641.00
4.070279,970.4044,577.00
4.070279,970.4457,634.00
4.070279,970.4872,636.00
4.070279,970.5286,618.00
4.070279,970.5699,568.00
4.070279,970.6113,622.00
4.070279,970.6527,583.00
4.070279,970.6941,616.00
4.070279,970.7354,575.00
4.070279,970.7768,594.00
4.070279,970.8182,597.00
4.070279,970.8595,637.00
4.070279,970.9009,606.00
4.070279,970.9422,607.00
4.070279,970.9835,589.00
4.070279,971.0248,608.00
4.070279,971.0662,558.00
4.070279,971.1075,607.00
4.070279,971.1487,599.00
4.070279,971.1901,604.00
4.070279,971.2314,620.00
4.070279,971.2727,611.00
4.070279,971.3140,559.00
4.070279,971.3552,609.00
4.070279,971.3965,594.00
4.070279,971.4377,632.00
4.070279,971.4789,613.00
4.070279,971.5203,617.00
4.070279,971.5615,606.00
4.070279,971.6027,627.00
4.070279,971.6439,586.00
4.070279,971.6852,598.00
4.070279,971.7264,574.00
4.070279,971.7676,657.00
4.070279,971.8088,571.00
4.070279,971.8500,637.00
4.070279,971.8912,603.00
4.070279,971.9324,653.00
4.070279,971.9736,606.00
4.070279,972.0148,609.00
4.070279,972.0560,584.00
4.070279,972.0972,629.00
4.070279,972.1384,584.00
4.070279,972.1794,655.00
4.070279,972.2206,592.00
4.070279,972.2617,602.00
4.070279,972.3029,586.00
4.070279,972.3439,576.00
4.070279,972.3851,555.00
4.070279,972.4262,588.00
4.070279,972.4673,537.00
4.070279,972.5085,637.00
4.070279,972.5496,584.00
4.070279,972.5907,635.00
4.070279,972.6317,586.00
4.070279,972.6729,608.00
4.070279,972.7139,566.00
4.070279,972.7549,612.00
4.070279,972.7961,545.00
4.070279,972.8371,617.00
4.070279,972.8781,568.00
4.070279,972.9191,641.00
4.070279,972.9602,594.00
4.070279,973.0013,604.00
4.070279,973.0423,586.00
4.070279,973.0833,584.00
4.070279,973.1243,542.00
4.070279,973.1653,609.00
4.070279,973.2064,546.00
4.070279,973.2473,615.00
4.070279,973.2883,578.00
4.070279,973.3293,617.00
4.070279,973.3703,574.00
4.070279,973.4113,621.00
4.070279,973.4522,575.00
4.070279,973.4931,601.00
4.070279,973.5341,564.00
4.070279,973.5750,631.00
4.070279,973.6160,586.00
4.070279,973.6570,633.00
4.070279,973.6978,578.00
4.070279,973.7388,592.00
4.070279,973.7797,583.00
4.070279,973.8206,619.00
4.070279,973.8615,560.00
4.070279,973.9024,623.00
4.070279,973.9433,580.00
4.070279,973.9842,649.00
4.070279,974.0250,581.00
4.070279,974.0660,616.00
4.070279,974.1068,605.00
4.070279,974.1476,606.00
4.070279,974.1885,564.00
4.070279,974.2294,628.00
4.070279,974.2702,594.00
4.070279,974.3110,628.00
4.070279,974.3519,597.00
4.070279,974.3927,636.00
4.070279,974.4335,618.00
4.070279,974.4743,615.00
4.070279,974.5151,568.00
4.070279,974.5559,634.00
4.070279,974.5967,574.00
4.070279,974.6375,649.00
4.070279,974.6783,597.00
4.070279,974.7191,650.00
4.070279,974.7598,619.00
4.070279,974.8006,655.00
4.070279,974.8413,600.00
4.070279,974.8821,610.00
4.070279,974.9229,613.00
4.070279,974.9636,647.00
4.070279,975.0043,591.00
4.070279,975.0450,672.00
4.070279,975.0858,615.00
4.070279,975.1265,634.00
4.070279,975.1672,619.00
4.070279,975.2079,627.00
4.070279,975.2485,606.00
4.070279,975.2892,649.00
4.070279,975.3300,629.00
4.070279,975.3706,673.00
4.070279,975.4113,619.00
4.070279,975.4519,695.00
4.070279,975.4926,650.00
4.070279,975.5333,638.00
4.070279,975.5739,584.00
4.070279,975.6146,643.00
4.070279,975.6552,581.00
4.070279,975.6958,657.00
4.070279,975.7363,617.00
4.070279,975.7770,666.00
4.070279,975.8176,609.00
4.070279,975.8582,636.00
4.070279,975.8989,618.00
4.070279,975.9395,642.00
4.070279,975.9800,607.00
4.070279,976.0206,658.00
4.070279,976.0611,632.00
4.070279,976.1017,679.00
4.070279,976.1423,631.00
4.070279,976.1829,641.00
4.070279,976.2234,601.00
4.070279,976.2639,652.00
4.070279,976.3044,605.00
4.070279,976.3450,621.00
4.070279,976.3855,580.00
4.070279,976.4260,634.00
4.070279,976.4665,648.00
4.070279,976.5070,670.00
4.070279,976.5475,628.00
4.070279,976.5880,614.00
4.070279,976.6285,573.00
4.070279,976.6690,648.00
4.070279,976.7095,583.00
4.070279,976.7500,654.00
4.070279,976.7905,615.00
4.070279,976.8308,680.00
4.070279,976.8713,648.00
4.070279,976.9117,619.00
4.070279,976.9521,593.00
4.070279,976.9926,623.00
4.070279,977.0330,598.00
4.070279,977.0734,650.00
4.070279,977.1139,605.00
4.070279,977.1542,632.00
4.070279,977.1947,583.00
4.070279,977.2350,667.00
4.070279,977.2755,611.00
4.070279,977.3158,600.00
4.070279,977.3562,550.00
4.070279,977.3965,629.00
4.070279,977.4370,573.00
4.070279,977.4773,641.00
4.070279,977.5176,616.00
4.070279,977.5579,623.00
4.070279,977.5983,554.00
4.070279,977.6387,624.00
4.070279,977.6790,572.00
4.070279,977.7192,596.00
4.070279,977.7595,569.00
4.070279,977.7999,647.00
4.070279,977.8402,590.00
4.070279,977.8805,592.00
4.070279,977.9208,554.00
4.070279,977.9610,628.00
4.070279,978.0013,585.00
4.070279,978.0417,589.00
4.070279,978.0819,522.00
4.070279,978.1221,613.00
4.070279,978.1624,560.00
4.070279,978.2026,596.00
4.070279,978.2428,550.00
4.070279,978.2831,597.00
4.070279,978.3233,626.00
4.070279,978.3635,592.00
4.070279,978.4037,534.00
4.070279,978.4440,605.00
4.070279,978.4842,528.00
4.070279,978.5244,603.00
4.070279,978.5645,564.00
4.070279,978.6047,585.00
4.070279,978.6449,534.00
4.070279,978.6851,612.00
4.070279,978.7253,533.00
4.070279,978.7654,594.00
4.070279,978.8055,514.00
4.070279,978.8458,581.00
4.070279,978.8859,522.00
4.070279,978.9260,584.00
4.070279,978.9661,549.00
4.070279,979.0062,567.00
4.070279,979.0463,538.00
4.070279,979.0864,577.00
4.070279,979.1266,524.00
4.070279,979.1666,598.00
4.070279,979.2067,541.00
4.070279,979.2469,557.00
4.070279,979.2869,564.00
4.070279,979.3270,596.00
4.070279,979.3671,583.00
4.070279,979.4071,574.00
4.070279,979.4471,558.00
4.070279,979.4871,590.00
4.070279,979.5272,526.00
4.070279,979.5673,611.00
4.070279,979.6072,599.00
4.070279,979.6473,603.00
4.070279,979.6873,585.00
4.070279,979.7273,591.00
4.070279,979.7673,559.00
4.070279,979.8073,581.00
4.070279,979.8473,547.00
4.070279,979.8873,606.00
4.070279,979.9273,541.00
4.070279,979.9673,627.00
4.070279,980.0072,580.00
4.070279,980.0471,587.00
4.070279,980.0872,571.00
4.070279,980.1271,574.00
4.070279,980.1671,529.00
4.070279,980.2069,602.00
4.070279,980.2469,557.00
4.070279,980.2868,629.00
4.070279,980.3267,573.00
4.070279,980.3666,626.00
4.070279,980.4065,571.00
4.070279,980.4464,606.00
4.070279,980.4863,566.00
4.070279,980.5262,610.00
4.070279,980.5660,565.00
4.070279,980.6060,639.00
4.070279,980.6458,611.00
4.070279,980.6857,611.00
4.070279,980.7255,607.00
4.070279,980.7654,582.00
4.070279,980.8052,531.00
4.070279,980.8450,563.00
4.070279,980.8849,557.00
4.070279,980.9247,601.00
4.070279,980.9645,563.00
4.070279,981.0043,621.00
4.070279,981.0441,601.00
4.070279,981.0839,574.00
4.070279,981.1237,572.00
4.070279,981.1635,591.00
4.070279,981.2033,516.00
4.070279,981.2430,620.00
4.070279,981.2828,537.00
4.070279,981.3226,604.00
4.070279,981.3624,547.00
4.070279,981.4021,590.00
4.070279,981.4418,552.00
4.070279,981.4816,598.00
4.070279,981.5213,550.00
4.070279,981.5610,601.00
4.070279,981.6008,527.00
4.070279,981.6404,598.00
4.070279,981.6802,551.00
4.070279,981.7198,607.00
4.070279,981.7596,584.00
4.070279,981.7993,601.00
4.070279,981.8389,531.00
4.070279,981.8786,571.00
4.070279,981.9182,515.00
4.070279,981.9579,594.00
4.070279,981.9976,546.00
4.070279,982.0372,593.00
4.070279,982.0768,529.00
4.070279,982.1165,563.00
4.070279,982.1561,533.00
4.070279,982.1958,579.00
4.070279,982.2354,492.00
4.070279,982.2750,572.00
4.070279,982.3146,511.00
4.070279,982.3541,598.00
4.070279,982.3937,567.00
4.070279,982.4333,566.00
4.070279,982.4730,590.00
4.070279,982.5125,591.00
4.070279,982.5521,533.00
4.070279,982.5917,547.00
4.070279,982.6312,517.00
4.070279,982.6707,577.00
4.070279,982.7103,535.00
4.070279,982.7498,584.00
4.070279,982.7893,525.00
4.070279,982.8289,534.00
4.070279,982.8683,494.00
4.070279,982.9079,537.00
4.070279,982.9474,504.00
4.070279,982.9869,566.00
4.070279,983.0264,511.00
4.070279,983.0659,533.00
4.070279,983.1053,544.00
4.070279,983.1448,558.00
4.070279,983.1843,563.00
4.070279,983.2238,613.00
4.070279,983.2632,552.00
4.070279,983.3027,602.00
4.070279,983.3420,563.00
4.070279,983.3816,571.00
4.070279,983.4210,552.00
4.070279,983.4604,578.00
4.070279,983.4998,537.00
4.070279,983.5392,543.00
4.070279,983.5786,499.00
4.070279,983.6180,558.00
4.070279,983.6574,519.00
4.070279,983.6968,586.00
4.070279,983.7361,553.00
4.070279,983.7755,571.00
4.070279,983.8149,525.00
4.070279,983.8543,547.00
4.070279,983.8936,549.00
4.070279,983.9329,578.00
4.070279,983.9723,505.00
4.070279,984.0116,562.00
4.070279,984.0510,541.00
4.070279,984.0903,598.00
4.070279,984.1296,565.00
4.070279,984.1689,550.00
4.070279,984.2083,577.00
4.070279,984.2476,556.00
4.070279,984.2868,537.00
4.070279,984.3261,554.00
4.070279,984.3654,513.00
4.070279,984.4046,592.00
4.070279,984.4440,530.00
4.070279,984.4832,572.00
4.070279,984.5225,527.00
4.070279,984.5616,562.00
4.070279,984.6010,492.00
4.070279,984.6402,567.00
4.070279,984.6794,516.00
4.070279,984.7186,585.00
4.070279,984.7578,549.00
4.070279,984.7970,592.00
4.070279,984.8362,565.00
4.070279,984.8755,540.00
4.070279,984.9146,556.00
4.070279,984.9538,564.00
4.070279,984.9930,500.00
4.070279,985.0322,600.00
4.070279,985.0714,552.00
4.070279,985.1105,558.00
4.070279,985.1497,516.00
4.070279,985.1888,556.00
4.070279,985.2279,542.00
4.070279,985.2671,562.00
4.070279,985.3062,527.00
4.070279,985.3453,566.00
4.070279,985.3845,512.00
4.070279,985.4236,547.00
4.070279,985.4626,523.00
4.070279,985.5017,603.00
4.070279,985.5408,553.00
4.070279,985.5799,562.00
4.070279,985.6190,517.00
4.070279,985.6581,571.00
4.070279,985.6971,475.00
4.070279,985.7362,546.00
4.070279,985.7752,551.00
4.070279,985.8143,566.00
4.070279,985.8533,523.00
4.070279,985.8924,563.00
4.070279,985.9314,535.00
4.070279,985.9704,545.00
4.070279,986.0094,531.00
4.070279,986.0484,587.00
4.070279,986.0875,527.00
4.070279,986.1265,557.00
4.070279,986.1655,516.00
4.070279,986.2044,543.00
4.070279,986.2434,529.00
4.070279,986.2823,535.00
4.070279,986.3214,498.00
4.070279,986.3603,544.00
4.070279,986.3992,477.00
4.070279,986.4382,594.00
4.070279,986.4771,521.00
4.070279,986.5161,589.00
4.070279,986.5550,542.00
4.070279,986.5939,552.00
4.070279,986.6329,503.00
4.070279,986.6718,550.00
4.070279,986.7106,518.00
4.070279,986.7495,567.00
4.070279,986.7884,514.00
4.070279,986.8273,581.00
4.070279,986.8661,519.00
4.070279,986.9050,531.00
4.070279,986.9438,525.00
4.070279,986.9828,529.00
4.070279,987.0216,500.00
4.070279,987.0605,571.00
4.070279,987.0993,487.00
4.070279,987.1381,568.00
4.070279,987.1769,522.00
4.070279,987.2158,514.00
4.070279,987.2546,537.00
4.070279,987.2934,567.00
4.070279,987.3322,494.00
4.070279,987.3710,539.00
4.070279,987.4097,479.00
4.070279,987.4486,554.00
4.070279,987.4873,501.00
4.070279,987.5261,535.00
4.070279,987.5649,513.00
4.070279,987.6036,531.00
4.070279,987.6423,499.00
4.070279,987.6812,560.00
4.070279,987.7198,479.00
4.070279,987.7586,586.00
4.070279,987.7972,555.00
4.070279,987.8361,557.00
4.070279,987.8748,508.00
4.070279,987.9135,521.00
4.070279,987.9521,501.00
4.070279,987.9908,539.00
4.070279,988.0295,478.00
4.070279,988.0681,534.00
4.070279,988.1069,494.00
4.070279,988.1456,566.00
4.070279,988.1842,535.00
4.070279,988.2228,541.00
4.070279,988.2615,531.00
4.070279,988.3002,531.00
4.070279,988.3388,437.00
4.070279,988.3774,519.00
4.070279,988.4160,480.00
4.070279,988.4546,549.00
4.070279,988.4933,511.00
4.070279,988.5319,510.00
4.070279,988.5704,503.00
4.070279,988.6090,470.00
4.070279,988.6476,472.00
4.070279,988.6862,537.00
4.070279,988.7248,481.00
4.070279,988.7634,565.00
4.070279,988.8019,503.00
4.070279,988.8405,524.00
4.070279,988.8790,516.00
4.070279,988.9176,544.00
4.070279,988.9561,498.00
4.070279,988.9946,507.00
4.070279,989.0332,482.00
4.070279,989.0717,532.00
4.070279,989.1102,486.00
4.070279,989.1487,539.00
4.070279,989.1871,499.00
4.070279,989.2256,527.00
4.070279,989.2641,516.00
4.070279,989.3027,547.00
4.070279,989.3411,515.00
4.070279,989.3795,533.00
4.070279,989.4180,473.00
4.070279,989.4565,550.00
4.070279,989.4949,485.00
4.070279,989.5334,517.00
4.070279,989.5718,480.00
4.070279,989.6102,502.00
4.070279,989.6486,509.00
4.070279,989.6871,514.00
4.070279,989.7255,490.00
4.070279,989.7639,556.00
4.070279,989.8022,505.00
4.070279,989.8407,540.00
4.070279,989.8791,505.00
4.070279,989.9174,561.00
4.070279,989.9558,486.00
4.070279,989.9941,582.00
4.070279,990.0325,488.00
4.070279,990.0709,550.00
4.070279,990.1093,496.00
4.070279,990.1475,551.00
4.070279,990.1859,519.00
4.070279,990.2242,534.00
4.070279,990.2626,501.00
4.070279,990.3008,506.00
4.070279,990.3391,471.00
4.070279,990.3774,571.00
4.070279,990.4157,489.00
4.070279,990.4540,576.00
4.070279,990.4924,503.00
4.070279,990.5306,549.00
4.070279,990.5688,519.00
4.070279,990.6071,518.00
4.070279,990.6454,512.00
4.070279,990.6837,549.00
4.070279,990.7219,474.00
4.070279,990.7601,535.00
4.070279,990.7983,505.00
4.070279,990.8365,584.00
4.070279,990.8748,550.00
4.070279,990.9130,523.00
4.070279,990.9512,533.00
4.070279,990.9893,544.00
4.070279,991.0276,482.00
4.070279,991.0658,553.00
4.070279,991.1039,473.00
4.070279,991.1421,558.00
4.070279,991.1802,518.00
4.070279,991.2184,549.00
4.070279,991.2565,508.00
4.070279,991.2947,536.00
4.070279,991.3329,491.00
4.070279,991.3710,539.00
4.070279,991.4091,492.00
4.070279,991.4473,598.00
4.070279,991.4854,502.00
4.070279,991.5234,577.00
4.070279,991.5616,551.00
4.070279,991.5997,540.00
4.070279,991.6378,523.00
4.070279,991.6758,569.00
4.070279,991.7139,502.00
4.070279,991.7520,561.00
4.070279,991.7900,506.00
4.070279,991.8282,545.00
4.070279,991.8661,522.00
4.070279,991.9042,531.00
4.070279,991.9422,546.00
4.070279,991.9803,539.00
4.070279,992.0182,480.00
4.070279,992.0563,587.00
4.070279,992.0944,497.00
4.070279,992.1323,601.00
4.070279,992.1703,525.00
4.070279,992.2084,572.00
4.070279,992.2463,523.00
4.070279,992.2844,562.00
4.070279,992.3223,514.00
4.070279,992.3602,550.00
4.070279,992.3982,498.00
4.070279,992.4362,577.00
4.070279,992.4741,517.00
4.070279,992.5120,573.00
4.070279,992.5500,541.00
4.070279,992.5879,521.00
4.070279,992.6259,532.00
4.070279,992.6638,588.00
4.070279,992.7017,520.00
4.070279,992.7396,582.00
4.070279,992.7775,544.00
4.070279,992.8154,578.00
4.070279,992.8533,540.00
4.070279,992.8912,530.00
4.070279,992.9290,537.00
4.070279,992.9669,562.00
4.070279,993.0048,529.00
4.070279,993.0426,558.00
4.070279,993.0804,529.00
4.070279,993.1183,556.00
4.070279,993.1561,505.00
4.070279,993.1940,550.00
4.070279,993.2318,523.00
4.070279,993.2696,540.00
4.070279,993.3074,488.00
4.070279,993.3452,560.00
4.070279,993.3830,511.00
4.070279,993.4208,575.00
4.070279,993.4586,502.00
4.070279,993.4963,550.00
4.070279,993.5341,502.00
4.070279,993.5719,541.00
4.070279,993.6096,527.00
4.070279,993.6474,577.00
4.070279,993.6851,489.00
4.070279,993.7228,529.00
4.070279,993.7606,560.00
4.070279,993.7984,537.00
4.070279,993.8361,524.00
4.070279,993.8738,568.00
4.070279,993.9115,512.00
4.070279,993.9492,538.00
4.070279,993.9869,480.00
4.070279,994.0245,576.00
4.070279,994.0622,504.00
4.070279,994.0999,562.00
4.070279,994.1376,529.00
4.070279,994.1753,516.00
4.070279,994.2130,544.00
4.070279,994.2505,524.00
4.070279,994.2881,481.00
4.070279,994.3258,574.00
4.070279,994.3634,494.00
4.070279,994.4010,564.00
4.070279,994.4387,502.00
4.070279,994.4763,560.00
4.070279,994.5139,535.00
4.070279,994.5515,525.00
4.070279,994.5891,514.00
4.070279,994.6266,527.00
4.070279,994.6642,506.00
4.070279,994.7018,531.00
4.070279,994.7393,494.00
4.070279,994.7769,549.00
4.070279,994.8145,527.00
4.070279,994.8521,523.00
4.070279,994.8895,525.00
4.070279,994.9271,533.00
4.070279,994.9647,482.00
4.070279,995.0022,539.00
4.070279,995.0397,465.00
4.070279,995.0771,534.00
4.070279,995.1146,502.00
4.070279,995.1522,537.00
4.070279,995.1896,473.00
4.070279,995.2271,534.00
4.070279,995.2646,479.00
4.070279,995.3021,533.00
4.070279,995.3396,484.00
4.070279,995.3770,540.00
4.070279,995.4145,473.00
4.070279,995.4518,543.00
4.070279,995.4893,492.00
4.070279,995.5267,502.00
4.070279,995.5641,498.00
4.070279,995.6016,540.00
4.070279,995.6390,487.00
4.070279,995.6765,518.00
4.070279,995.7138,495.00
4.070279,995.7512,489.00
4.070279,995.7886,510.00
4.070279,995.8260,529.00
4.070279,995.8633,471.00
4.070279,995.9007,495.00
4.070279,995.9380,474.00
4.070279,995.9754,531.00
4.070279,996.0128,488.00
4.070279,996.0501,539.00
4.070279,996.0874,529.00
4.070279,996.1248,531.00
4.070279,996.1621,517.00
4.070279,996.1994,536.00
4.070279,996.2367,475.00
4.070279,996.2740,528.00
4.070279,996.3113,475.00
4.070279,996.3486,564.00
4.070279,996.3859,506.00
4.070279,996.4232,539.00
4.070279,996.4604,554.00
4.070279,996.4977,499.00
4.070279,996.5350,512.00
4.070279,996.5722,513.00
4.070279,996.6094,499.00
4.070279,996.6466,577.00
4.070279,996.6838,509.00
4.070279,996.7211,542.00
4.070279,996.7583,512.00
4.070279,996.7955,543.00
4.070279,996.8327,536.00
4.070279,996.8700,554.00
4.070279,996.9072,517.00
4.070279,996.9443,568.00
4.070279,996.9815,489.00
4.070279,997.0187,546.00
4.070279,997.0558,511.00
4.070279,997.0930,522.00
4.070279,997.1301,524.00
4.070279,997.1672,564.00
4.070279,997.2045,525.00
4.070279,997.2416,555.00
4.070279,997.2787,493.00
4.070279,997.3158,570.00
4.070279,997.3530,488.00
4.070279,997.3900,520.00
4.070279,997.4271,527.00
4.070279,997.4642,518.00
4.070279,997.5013,535.00
4.070279,997.5384,538.00
4.070279,997.5754,486.00
4.070279,997.6126,585.00
4.070279,997.6497,481.00
4.070279,997.6867,533.00
4.070279,997.7238,537.00
4.070279,997.7607,587.00
4.070279,997.7978,500.00
4.070279,997.8348,576.00
4.070279,997.8718,496.00
4.070279,997.9088,556.00
4.070279,997.9458,513.00
4.070279,997.9829,552.00
4.070279,998.0200,544.00
4.070279,998.0569,540.00
4.070279,998.0939,506.00
4.070279,998.1309,560.00
4.070279,998.1678,500.00
4.070279,998.2048,562.00
4.070279,998.2417,526.00
4.070279,998.2786,601.00
4.070279,998.3156,472.00
4.070279,998.3525,574.00
4.070279,998.3896,519.00
4.070279,998.4265,525.00
4.070279,998.4633,508.00
4.070279,998.5003,556.00
4.070279,998.5372,487.00
4.070279,998.5740,577.00
4.070279,998.6110,494.00
4.070279,998.6478,554.00
4.070279,998.6847,492.00
4.070279,998.7217,543.00
4.070279,998.7585,522.00
4.070279,998.7953,511.00
4.070279,998.8322,471.00
4.070279,998.8691,538.00
4.070279,998.9059,521.00
4.070279,998.9427,575.00
4.070279,998.9795,507.00
4.070279,999.0163,551.00
4.070279,999.0531,513.00
4.070279,999.0899,514.00
4.070279,999.1267,489.00
4.070279,999.1636,543.00
4.070279,999.2004,485.00
4.070279,999.2372,542.00
4.070279,999.2739,501.00
4.070279,999.3107,584.00
4.070279,999.3474,509.00
4.070279,999.3842,514.00
4.070279,999.4210,497.00
4.070279,999.4576,530.00
4.070279,999.4946,486.00
4.070279,999.5312,538.00
4.070279,999.5680,503.00
4.070279,999.6047,528.00
4.070279,999.6414,479.00
4.070279,999.6780,547.00
4.070279,999.7147,501.00
4.070279,999.7515,511.00
4.070279,999.7881,466.00
4.070279,999.8248,513.00
4.070279,999.8614,477.00
4.070279,999.8981,542.00
4.070279,999.9349,481.00
4.070279,999.9715,533.00
4.070279,1000.0081,516.00
4.070279,1000.0447,508.00
4.070279,1000.0814,485.00
4.070279,1000.1180,502.00
4.070279,1000.1546,432.00
4.070279,1000.1912,524.00
4.070279,1000.2278,482.00
4.070279,1000.2645,552.00
4.070279,1000.3011,503.00
4.070279,1000.3377,492.00
4.070279,1000.3742,482.00
4.070279,1000.4108,497.00
4.070279,1000.4474,458.00
4.070279,1000.4839,507.00
4.070279,1000.5204,450.00
4.070279,1000.5570,527.00
4.070279,1000.5935,462.00
4.070279,1000.6301,495.00
4.070279,1000.6667,453.00
4.070279,1000.7032,499.00
4.070279,1000.7397,475.00
4.070279,1000.7762,515.00
4.070279,1000.8127,437.00
4.070279,1000.8492,518.00
4.070279,1000.8857,487.00
4.070279,1000.9222,489.00
4.070279,1000.9586,459.00
4.070279,1000.9951,490.00
4.070279,1001.0316,467.00
4.070279,1001.0681,531.00
4.070279,1001.1046,492.00
4.070279,1001.1410,513.00
4.070279,1001.1774,469.00
4.070279,1001.2138,509.00
4.070279,1001.2502,473.00
4.070279,1001.2866,478.00
4.070279,1001.3230,492.00
4.070279,1001.3594,498.00
4.070279,1001.3958,458.00
4.070279,1001.4323,510.00
4.070279,1001.4687,477.00
4.070279,1001.5051,514.00
4.070279,1001.5414,463.00
4.070279,1001.5778,525.00
4.070279,1001.6141,481.00
4.070279,1001.6505,474.00
4.070279,1001.6868,423.00
4.070279,1001.7231,523.00
4.070279,1001.7596,446.00
4.070279,1001.7958,506.00
4.070279,1001.8322,485.00
4.070279,1001.8685,495.00
4.070279,1001.9048,465.00
4.070279,1001.9411,505.00
4.070279,1001.9774,457.00
4.070279,1002.0136,466.00
4.070279,1002.0499,451.00
4.070279,1002.0862,516.00
4.070279,1002.1224,450.00
4.070279,1002.1587,516.00
4.070279,1002.1951,471.00
4.070279,1002.2313,521.00
4.070279,1002.2675,476.00
4.070279,1002.3038,499.00
4.070279,1002.3400,466.00
4.070279,1002.3762,499.00
4.070279,1002.4124,448.00
4.070279,1002.4486,514.00
4.070279,1002.4848,465.00
4.070279,1002.5211,525.00
4.070279,1002.5573,467.00
4.070279,1002.5934,494.00
4.070279,1002.6296,461.00
4.070279,1002.6657,522.00
4.070279,1002.7019,412.00
4.070279,1002.7380,519.00
4.070279,1002.7742,501.00
4.070279,1002.8104,504.00
4.070279,1002.8464,473.00
4.070279,1002.8826,526.00
4.070279,1002.9187,455.00
4.070279,1002.9549,516.00
4.070279,1002.9910,456.00
4.070279,1003.0271,544.00
4.070279,1003.0632,443.00
4.070279,1003.0992,527.00
4.070279,1003.1354,484.00
4.070279,1003.1714,484.00
4.070279,1003.2075,516.00
4.070279,1003.2435,503.00
4.070279,1003.2797,449.00
4.070279,1003.3157,546.00
4.070279,1003.3518,470.00
4.070279,1003.3878,560.00
4.070279,1003.4238,479.00
4.070279,1003.4598,530.00
4.070279,1003.4958,493.00
4.070279,1003.5319,473.00
4.070279,1003.5678,476.00
4.070279,1003.6039,563.00
4.070279,1003.6398,449.00
4.070279,1003.6759,532.00
4.070279,1003.7119,488.00
4.070279,1003.7479,490.00
4.070279,1003.7838,477.00
4.070279,1003.8198,500.00
4.070279,1003.8557,480.00
4.070279,1003.8917,524.00
4.070279,1003.9276,443.00
4.070279,1003.9635,512.00
4.070279,1003.9995,452.00
4.070279,1004.0354,500.00
4.070279,1004.0714,502.00
4.070279,1004.1072,481.00
4.070279,1004.1431,474.00
4.070279,1004.1790,498.00
4.070279,1004.2149,438.00
4.070279,1004.2508,507.00
4.070279,1004.2866,426.00
4.070279,1004.3225,509.00
4.070279,1004.3583,481.00
4.070279,1004.3942,485.00
4.070279,1004.4302,459.00
4.070279,1004.4660,491.00
4.070279,1004.5018,428.00
4.070279,1004.5376,500.00
4.070279,1004.5734,434.00
4.070279,1004.6093,479.00
4.070279,1004.6450,485.00
4.070279,1004.6808,510.00
4.070279,1004.7166,480.00
4.070279,1004.7525,515.00
4.070279,1004.7883,471.00
4.070279,1004.8240,516.00
4.070279,1004.8598,453.00
4.070279,1004.8956,534.00
4.070279,1004.9313,445.00
4.070279,1004.9670,531.00
4.070279,1005.0027,492.00
4.070279,1005.0385,478.00
4.070279,1005.0742,471.00
4.070279,1005.1099,508.00
4.070279,1005.1456,457.00
4.070279,1005.1815,528.00
4.070279,1005.2172,433.00
4.070279,1005.2529,501.00
4.070279,1005.2885,474.00
4.070279,1005.3242,472.00
4.070279,1005.3599,514.00
4.070279,1005.3955,504.00
4.070279,1005.4312,462.00
4.070279,1005.4669,543.00
4.070279,1005.5026,480.00
4.070279,1005.5382,561.00
4.070279,1005.5739,502.00
4.070279,1005.6095,531.00
4.070279,1005.6451,497.00
4.070279,1005.6807,538.00
4.070279,1005.7162,510.00
4.070279,1005.7519,509.00
4.070279,1005.7875,481.00
4.070279,1005.8231,552.00
4.070279,1005.8586,483.00
4.070279,1005.8942,539.00
4.070279,1005.9299,480.00
4.070279,1005.9655,508.00
4.070279,1006.0010,482.00
4.070279,1006.0365,539.00
4.070279,1006.0720,469.00
4.070279,1006.1076,514.00
4.070279,1006.1431,508.00
4.070279,1006.1786,549.00
4.070279,1006.2141,529.00
4.070279,1006.2498,530.00
4.070279,1006.2853,519.00
4.070279,1006.3207,484.00
4.070279,1006.3563,490.00
4.070279,1006.3917,564.00
4.070279,1006.4272,495.00
4.070279,1006.4626,571.00
4.070279,1006.4981,518.00
4.070279,1006.5335,527.00
4.070279,1006.5690,548.00
4.070279,1006.6044,549.00
4.070279,1006.6400,501.00
4.070279,1006.6754,565.00
4.070279,1006.7108,471.00
4.070279,1006.7462,568.00
4.070279,1006.7816,482.00
4.070279,1006.8170,568.00
4.070279,1006.8524,518.00
4.070279,1006.8878,527.00
4.070279,1006.9232,488.00
4.070279,1006.9586,559.00
4.070279,1006.9940,480.00
4.070279,1007.0294,521.00
4.070279,1007.0648,505.00
4.070279,1007.1001,562.00
4.070279,1007.1354,511.00
4.070279,1007.1707,548.00
4.070279,1007.2061,540.00
4.070279,1007.2414,534.00
4.070279,1007.2767,501.00
4.070279,1007.3120,547.00
4.070279,1007.3473,472.00
4.070279,1007.3827,544.00
4.070279,1007.4180,501.00
4.070279,1007.4532,546.00
4.070279,1007.4885,497.00
4.070279,1007.5238,518.00
4.070279,1007.5590,492.00
4.070279,1007.5943,528.00
4.070279,1007.6295,453.00
4.070279,1007.6648,586.00
4.070279,1007.7001,511.00
4.070279,1007.7354,542.00
4.070279,1007.7706,532.00
4.070279,1007.8058,542.00
4.070279,1007.8410,537.00
4.070279,1007.8762,545.00
4.070279,1007.9114,453.00
4.070279,1007.9465,582.00
4.070279,1007.9818,505.00
4.070279,1008.0169,546.00
4.070279,1008.0521,506.00
4.070279,1008.0873,572.00
4.070279,1008.1226,493.00
4.070279,1008.1576,502.00
4.070279,1008.1927,497.00
4.070279,1008.2279,517.00
4.070279,1008.2631,466.00
4.070279,1008.2982,556.00
4.070279,1008.3333,533.00
4.070279,1008.3683,534.00
4.070279,1008.4034,540.00
4.070279,1008.4387,509.00
4.070279,1008.4738,476.00
4.070279,1008.5089,524.00
4.070279,1008.5439,485.00
4.070279,1008.5790,570.00
4.070279,1008.6141,500.00
4.070279,1008.6491,506.00
4.070279,1008.6841,484.00
4.070279,1008.7192,516.00
4.070279,1008.7542,479.00
4.070279,1008.7892,512.00
4.070279,1008.8243,459.00
4.070279,1008.8594,526.00
4.070279,1008.8943,468.00
4.070279,1008.9294,511.00
4.070279,1008.9644,490.00
4.070279,1008.9994,511.00
4.070279,1009.0344,491.00
4.070279,1009.0693,514.00
4.070279,1009.1043,443.00
4.070279,1009.1392,555.00
4.070279,1009.1743,459.00
4.070279,1009.2093,575.00
4.070279,1009.2442,481.00
4.070279,1009.2792,531.00
4.070279,1009.3141,495.00
4.070279,1009.3489,509.00
4.070279,1009.3839,467.00
4.070279,1009.4188,508.00
4.070279,1009.4537,465.00
4.070279,1009.4886,563.00
4.070279,1009.5235,466.00
4.070279,1009.5585,527.00
4.070279,1009.5933,508.00
4.070279,1009.6282,486.00
4.070279,1009.6631,479.00
4.070279,1009.6979,515.00
4.070279,1009.7327,471.00
4.070279,1009.7676,520.00
4.070279,1009.8024,471.00
4.070279,1009.8372,519.00
4.070279,1009.8721,471.00
4.070279,1009.9070,515.00
4.070279,1009.9418,466.00
4.070279,1009.9766,507.00
4.070279,1010.0115,505.00
4.070279,1010.0462,499.00
4.070279,1010.0810,479.00
4.070279,1010.1158,539.00
4.070279,1010.1505,507.00
4.070279,1010.1853,492.00
4.070279,1010.2200,499.00
4.070279,1010.2548,495.00
4.070279,1010.2897,453.00
4.070279,1010.3244,517.00
4.070279,1010.3591,464.00
4.070279,1010.3938,515.00
4.070279,1010.4285,515.00
4.070279,1010.4633,536.00
4.070279,1010.4980,494.00
4.070279,1010.5326,460.00
4.070279,1010.5673,451.00
4.070279,1010.6021,503.00
4.070279,1010.6368,464.00
4.070279,1010.6714,503.00
4.070279,1010.7061,430.00
4.070279,1010.7408,527.00
4.070279,1010.7754,473.00
4.070279,1010.8101,514.00
4.070279,1010.8447,475.00
4.070279,1010.8793,513.00
4.070279,1010.9139,459.00
4.070279,1010.9485,500.00
4.070279,1010.9832,439.00
4.070279,1011.0178,527.00
4.070279,1011.0525,462.00
4.070279,1011.0870,545.00
4.070279,1011.1216,460.00
4.070279,1011.1562,497.00
4.070279,1011.1907,481.00
4.070279,1011.2253,503.00
4.070279,1011.2599,414.00
4.070279,1011.2944,544.00
4.070279,1011.3291,456.00
4.070279,1011.3636,530.00
4.070279,1011.3981,495.00
4.070279,1011.4326,495.00
4.070279,1011.4672,450.00
4.070279,1011.5016,480.00
4.070279,1011.5362,453.00
4.070279,1011.5706,503.00
4.070279,1011.6052,447.00
4.070279,1011.6396,503.00
4.070279,1011.6741,446.00
4.070279,1011.7086,512.00
4.070279,1011.7431,473.00
4.070279,1011.7776,527.00
4.070279,1011.8120,461.00
4.070279,1011.8465,513.00
4.070279,1011.8809,424.00
4.070279,1011.9153,524.00
4.070279,1011.9498,467.00
4.070279,1011.9842,484.00
4.070279,1012.0186,476.00
4.070279,1012.0531,486.00
4.070279,1012.0875,456.00
4.070279,1012.1219,511.00
4.070279,1012.1562,484.00
4.070279,1012.1906,500.00
4.070279,1012.2250,443.00
4.070279,1012.2593,528.00
4.070279,1012.2937,477.00
4.070279,1012.3281,490.00
4.070279,1012.3624,424.00
4.070279,1012.3967,469.00
4.070279,1012.4310,430.00
4.070279,1012.4655,480.00
4.070279,1012.4998,441.00
4.070279,1012.5341,550.00
4.070279,1012.5684,466.00
4.070279,1012.6027,511.00
4.070279,1012.6370,460.00
4.070279,1012.6712,490.00
4.070279,1012.7055,449.00
4.070279,1012.7398,515.00
4.070279,1012.7742,423.00
4.070279,1012.8084,486.00
4.070279,1012.8427,447.00
4.070279,1012.8769,468.00
4.070279,1012.9111,465.00
4.070279,1012.9454,491.00
4.070279,1012.9796,479.00
4.070279,1013.0138,487.00
4.070279,1013.0480,386.00
4.070279,1013.0822,498.00
4.070279,1013.1164,459.00
4.070279,1013.1506,531.00
4.070279,1013.1848,447.00
4.070279,1013.2190,495.00
4.070279,1013.2532,479.00
4.070279,1013.2873,467.00
4.070279,1013.3215,441.00
4.070279,1013.3556,533.00
4.070279,1013.3898,465.00
4.070279,1013.4239,515.00
4.070279,1013.4581,481.00
4.070279,1013.4923,508.00
4.070279,1013.5264,494.00
4.070279,1013.5605,472.00
4.070279,1013.5946,495.00
4.070279,1013.6287,532.00
4.070279,1013.6627,448.00
4.070279,1013.6968,499.00
4.070279,1013.7309,464.00
4.070279,1013.7650,453.00
4.070279,1013.7990,474.00
4.070279,1013.8331,498.00
4.070279,1013.8672,447.00
4.070279,1013.9012,498.00
4.070279,1013.9353,438.00
4.070279,1013.9693,503.00
4.070279,1014.0033,459.00
4.070279,1014.0374,531.00
4.070279,1014.0714,505.00
4.070279,1014.1053,509.00
4.070279,1014.1393,485.00
4.070279,1014.1734,533.00
4.070279,1014.2074,459.00
4.070279,1014.2413,550.00
4.070279,1014.2753,506.00
4.070279,1014.3093,542.00
4.070279,1014.3433,496.00
4.070279,1014.3772,517.00
4.070279,1014.4111,503.00
4.070279,1014.4451,531.00
4.070279,1014.4790,487.00
4.070279,1014.5129,534.00
4.070279,1014.5468,454.00
4.070279,1014.5808,537.00
4.070279,1014.6147,493.00
4.070279,1014.6486,535.00
4.070279,1014.6825,507.00
4.070279,1014.7164,531.00
4.070279,1014.7502,482.00
4.070279,1014.7841,514.00
4.070279,1014.8180,521.00
4.070279,1014.8518,537.00
4.070279,1014.8858,473.00
4.070279,1014.9196,559.00
4.070279,1014.9534,485.00
4.070279,1014.9872,520.00
4.070279,1015.0211,504.00
4.070279,1015.0549,530.00
4.070279,1015.0887,489.00
4.070279,1015.1224,544.00
4.070279,1015.1562,490.00
4.070279,1015.1900,552.00
4.070279,1015.2238,537.00
4.070279,1015.2575,506.00
4.070279,1015.2914,498.00
4.070279,1015.3252,529.00
4.070279,1015.3589,460.00
4.070279,1015.3927,526.00
4.070279,1015.4265,481.00
4.070279,1015.4601,577.00
4.070279,1015.4938,510.00
4.070279,1015.5276,578.00
4.070279,1015.5613,525.00
4.070279,1015.5952,544.00
4.070279,1015.6288,488.00
4.070279,1015.6625,509.00
4.070279,1015.6962,483.00
4.070279,1015.7299,554.00
4.070279,1015.7635,480.00
4.070279,1015.7972,544.00
4.070279,1015.8308,518.00
4.070279,1015.8645,523.00
4.070279,1015.8981,499.00
4.070279,1015.9317,526.00
4.070279,1015.9655,470.00
4.070279,1015.9991,551.00
4.070279,1016.0327,513.00
4.070279,1016.0663,559.00
4.070279,1016.0999,529.00
4.070279,1016.1335,535.00
4.070279,1016.1671,523.00
4.070279,1016.2006,510.00
4.070279,1016.2342,495.00
4.070279,1016.2679,548.00
4.070279,1016.3015,491.00
4.070279,1016.3350,557.00
4.070279,1016.3686,517.00
4.070279,1016.4021,543.00
4.070279,1016.4357,560.00
4.070279,1016.4691,549.00
4.070279,1016.5027,498.00
4.070279,1016.5362,556.00
4.070279,1016.5696,475.00
4.070279,1016.6032,556.00
4.070279,1016.6367,512.00
4.070279,1016.6703,559.00
4.070279,1016.7038,514.00
4.070279,1016.7372,519.00
4.070279,1016.7707,512.00
4.070279,1016.8041,526.00
4.070279,1016.8376,517.00
4.070279,1016.8710,549.00
4.070279,1016.9045,471.00
4.070279,1016.9379,544.00
4.070279,1016.9715,503.00
4.070279,1017.0049,548.00
4.070279,1017.0383,570.00
4.070279,1017.0717,517.00
4.070279,1017.1050,514.00
4.070279,1017.1384,531.00
4.070279,1017.1718,470.00
4.070279,1017.2052,539.00
4.070279,1017.2386,490.00
4.070279,1017.2720,519.00
4.070279,1017.3053,549.00
4.070279,1017.3387,537.00
4.070279,1017.3721,503.00
4.070279,1017.4054,535.00
4.070279,1017.4388,465.00
4.070279,1017.4721,532.00
4.070279,1017.5054,492.00
4.070279,1017.5387,547.00
4.070279,1017.5720,533.00
4.070279,1017.6053,542.00
4.070279,1017.6386,526.00
4.070279,1017.6720,530.00
4.070279,1017.7053,521.00
4.070279,1017.7385,560.00
4.070279,1017.7717,509.00
4.070279,1017.8051,569.00
4.070279,1017.8383,505.00
4.070279,1017.8715,562.00
4.070279,1017.9048,564.00
4.070279,1017.9380,562.00
4.070279,1017.9712,530.00
4.070279,1018.0044,590.00
4.070279,1018.0376,481.00
4.070279,1018.0709,584.00
4.070279,1018.1041,531.00
4.070279,1018.1373,589.00
4.070279,1018.1705,543.00
4.070279,1018.2037,560.00
4.070279,1018.2368,556.00
4.070279,1018.2700,553.00
4.070279,1018.3032,518.00
4.070279,1018.3363,577.00
4.070279,1018.3695,506.00
4.070279,1018.4026,580.00
4.070279,1018.4358,540.00
4.070279,1018.4689,549.00
4.070279,1018.5020,552.00
4.070279,1018.5352,567.00
4.070279,1018.5682,502.00
4.070279,1018.6013,552.00
4.070279,1018.6343,494.00
4.070279,1018.6675,584.00
4.070279,1018.7006,499.00
4.070279,1018.7337,569.00
4.070279,1018.7668,580.00
4.070279,1018.7998,541.00
4.070279,1018.8328,522.00
4.070279,1018.8658,531.00
4.070279,1018.8989,524.00
4.070279,1018.9319,584.00
4.070279,1018.9650,514.00
4.070279,1018.9980,577.00
4.070279,1019.0311,541.00
4.070279,1019.0641,582.00
4.070279,1019.0970,516.00
4.070279,1019.1301,573.00
4.070279,1019.1631,502.00
4.070279,1019.1960,556.00
4.070279,1019.2289,495.00
4.070279,1019.2618,576.00
4.070279,1019.2949,556.00
4.070279,1019.3278,547.00
4.070279,1019.3607,534.00
4.070279,1019.3936,525.00
4.070279,1019.4268,464.00
4.070279,1019.4596,556.00
4.070279,1019.4925,495.00
4.070279,1019.5255,541.00
4.070279,1019.5583,504.00
4.070279,1019.5912,544.00
4.070279,1019.6240,526.00
4.070279,1019.6569,553.00
4.070279,1019.6898,486.00
4.070279,1019.7227,502.00
4.070279,1019.7556,490.00
4.070279,1019.7885,563.00
4.070279,1019.8213,510.00
4.070279,1019.8541,567.00
4.070279,1019.8870,511.00
4.070279,1019.9198,531.00
4.070279,1019.9525,513.00
4.070279,1019.9854,525.00
4.070279,1020.0182,503.00
4.070279,1020.0509,575.00
4.070279,1020.0837,521.00
4.070279,1020.1167,538.00
4.070279,1020.1494,524.00
4.070279,1020.1823,545.00
4.070279,1020.2149,493.00
4.070279,1020.2477,530.00
4.070279,1020.2805,459.00
4.070279,1020.3132,532.00
4.070279,1020.3459,516.00
4.070279,1020.3787,582.00
4.070279,1020.4114,489.00
4.070279,1020.4442,519.00
4.070279,1020.4768,536.00
4.070279,1020.5096,526.00
4.070279,1020.5423,499.00
4.070279,1020.5750,558.00
4.070279,1020.6077,479.00
4.070279,1020.6403,570.00
4.070279,1020.6730,501.00
4.070279,1020.7055,557.00
4.070279,1020.7382,507.00
4.070279,1020.7709,533.00
4.070279,1020.8036,471.00
4.070279,1020.8363,474.00
4.070279,1020.8688,472.00
4.070279,1020.9015,539.00
4.070279,1020.9341,476.00
4.070279,1020.9667,565.00
4.070279,1020.9993,497.00
4.070279,1021.0319,510.00
4.070279,1021.0645,525.00
4.070279,1021.0971,526.00
4.070279,1021.1298,442.00
4.070279,1021.1623,540.00
4.070279,1021.1948,473.00
4.070279,1021.2273,564.00
4.070279,1021.2599,483.00
4.070279,1021.2924,513.00
4.070279,1021.3250,486.00
4.070279,1021.3574,510.00
4.070279,1021.3900,476.00
4.070279,1021.4224,501.00
4.070279,1021.4550,434.00
4.070279,1021.4875,495.00
4.070279,1021.5200,461.00
4.070279,1021.5525,538.00
4.070279,1021.5850,482.00
4.070279,1021.6175,507.00
4.070279,1021.6500,477.00
4.070279,1021.6823,506.00
4.070279,1021.7148,481.00
4.070279,1021.7474,561.00
4.070279,1021.7797,511.00
4.070279,1021.8122,524.00
4.070279,1021.8445,499.00
4.070279,1021.8770,582.00
4.070279,1021.9095,532.00
4.070279,1021.9418,489.00
4.070279,1021.9741,488.00
4.070279,1022.0066,487.00
4.070279,1022.0389,465.00
4.070279,1022.0713,554.00
4.070279,1022.1037,470.00
4.070279,1022.1362,612.00
4.070279,1022.1685,531.00
4.070279,1022.2008,528.00
4.070279,1022.2332,479.00
4.070279,1022.2654,519.00
4.070279,1022.2977,502.00
4.070279,1022.3301,553.00
4.070279,1022.3624,480.00
4.070279,1022.3947,563.00
4.070279,1022.4271,469.00
4.070279,1022.4594,503.00
4.070279,1022.4917,510.00
4.070279,1022.5239,538.00
4.070279,1022.5562,505.00
4.070279,1022.5885,558.00
4.070279,1022.6207,475.00
4.070279,1022.6530,541.00
4.070279,1022.6852,517.00
4.070279,1022.7174,544.00
4.070279,1022.7497,515.00
4.070279,1022.7819,533.00
4.070279,1022.8142,474.00
4.070279,1022.8464,514.00
4.070279,1022.8785,470.00
4.070279,1022.9108,569.00
4.070279,1022.9429,504.00
4.070279,1022.9751,531.00
4.070279,1023.0073,501.00
4.070279,1023.0394,525.00
4.070279,1023.0717,480.00
4.070279,1023.1039,538.00
4.070279,1023.1360,479.00
4.070279,1023.1682,548.00
4.070279,1023.2003,482.00
4.070279,1023.2324,544.00
4.070279,1023.2644,517.00
4.070279,1023.2966,547.00
4.070279,1023.3287,470.00
4.070279,1023.3608,491.00
4.070279,1023.3929,492.00
4.070279,1023.4249,520.00
4.070279,1023.4570,481.00
4.070279,1023.4893,551.00
4.070279,1023.5212,481.00
4.070279,1023.5533,498.00
4.070279,1023.5853,484.00
4.070279,1023.6174,516.00
4.070279,1023.6494,481.00
4.070279,1023.6813,514.00
4.070279,1023.7134,443.00
4.070279,1023.7454,530.00
4.070279,1023.7775,464.00
4.070279,1023.8096,496.00
4.070279,1023.8416,497.00
4.070279,1023.8735,507.00
4.070279,1023.9055,483.00
4.070279,1023.9374,496.00
4.070279,1023.9694,466.00
4.070279,1024.0013,538.00
4.070279,1024.0333,473.00
4.070279,1024.0652,541.00
4.070279,1024.0972,508.00
4.070279,1024.1293,525.00
4.070279,1024.1611,469.00
4.070279,1024.1931,532.00
4.070279,1024.2250,438.00
4.070279,1024.2568,516.00
4.070279,1024.2888,456.00
4.070279,1024.3206,514.00
4.070279,1024.3525,484.00
4.070279,1024.3843,493.00
4.070279,1024.4164,436.00
4.070279,1024.4481,508.00
4.070279,1024.4801,465.00
4.070279,1024.5118,508.00
4.070279,1024.5438,460.00
4.070279,1024.5756,532.00
4.070279,1024.6074,472.00
4.070279,1024.6393,510.00
4.070279,1024.6710,514.00
4.070279,1024.7029,478.00
4.070279,1024.7346,482.00
4.070279,1024.7664,488.00
4.070279,1024.7982,457.00
4.070279,1024.8301,523.00
4.070279,1024.8618,463.00
4.070279,1024.8936,503.00
4.070279,1024.9253,472.00
4.070279,1024.9572,530.00
4.070279,1024.9889,495.00
4.070279,1025.0206,515.00
4.070279,1025.0522,439.00
4.070279,1025.0841,522.00
4.070279,1025.1158,461.00
4.070279,1025.1475,535.00
4.070279,1025.1792,479.00
4.070279,1025.2109,503.00
4.070279,1025.2426,511.00
4.070279,1025.2743,514.00
4.070279,1025.3059,499.00
4.070279,1025.3376,517.00
4.070279,1025.3693,425.00
4.070279,1025.4009,529.00
4.070279,1025.4326,471.00
4.070279,1025.4644,537.00
4.070279,1025.4960,508.00
4.070279,1025.5276,526.00
4.070279,1025.5592,528.00
4.070279,1025.5908,529.00
4.070279,1025.6224,476.00
4.070279,1025.6541,538.00
4.070279,1025.6857,511.00
4.070279,1025.7172,576.00
4.070279,1025.7489,534.00
4.070279,1025.7804,538.00
4.070279,1025.8120,549.00
4.070279,1025.8435,511.00
4.070279,1025.8751,502.00
4.070279,1025.9066,561.00
4.070279,1025.9381,459.00
4.070279,1025.9697,546.00
4.070279,1026.0012,535.00
4.070279,1026.0327,541.00
4.070279,1026.0642,532.00
