# Point:,47
# Setpoint:,2.39272727
# Voltage_V:,2.39272727
# Current_A:,0.040315
# Spectrum_Time_s:,7.515468
# Step_Start_s:,7.441643
# Step_End_s:,7.578355
# Spectrum_Duration_ms:,63.874
# Peak_Wavelength_nm:,929.62
# Peak_Intensity:,11421.0
# Avg_Intensity:,623.5
# Num_Pixels:,4094
# NOTE: All wavelengths are captured simultaneously in one CCD exposure
#       The Relative_Time_s column shows when this entire spectrum was acquired

Relative_Time_s,Wavelength_nm,Intensity
7.515468,845.4307,586.00
7.515468,845.4858,515.00
7.515468,845.5410,539.00
7.515468,845.5963,514.00
7.515468,845.6514,570.00
7.515468,845.7065,501.00
7.515468,845.7617,537.00
7.515468,845.8168,487.00
7.515468,845.8721,559.00
7.515468,845.9272,487.00
7.515468,845.9823,556.00
7.515468,846.0374,518.00
7.515468,846.0926,505.00
7.515468,846.1478,519.00
7.515468,846.2029,519.00
7.515468,846.2579,484.00
7.515468,846.3130,563.00
7.515468,846.3682,448.00
7.515468,846.4233,567.00
7.515468,846.4784,491.00
7.515468,846.5335,562.00
7.515468,846.5886,525.00
7.515468,846.6437,526.00
7.515468,846.6987,513.00
7.515468,846.7538,557.00
7.515468,846.8089,483.00
7.515468,846.8640,562.00
7.515468,846.9190,481.00
7.515468,846.9741,552.00
7.515468,847.0292,550.00
7.515468,847.0842,541.00
7.515468,847.1392,533.00
7.515468,847.1943,548.00
7.515468,847.2493,486.00
7.515468,847.3044,589.00
7.515468,847.3594,512.00
7.515468,847.4144,562.00
7.515468,847.4694,522.00
7.515468,847.5244,539.00
7.515468,847.5795,516.00
7.515468,847.6345,560.00
7.515468,847.6895,511.00
7.515468,847.7444,557.00
7.515468,847.7994,485.00
7.515468,847.8544,578.00
7.515468,847.9094,528.00
7.515468,847.9644,571.00
7.515468,848.0193,526.00
7.515468,848.0743,556.00
7.515468,848.1293,519.00
7.515468,848.1843,572.00
7.515468,848.2392,535.00
7.515468,848.2941,591.00
7.515468,848.3491,562.00
7.515468,848.4040,577.00
7.515468,848.4590,564.00
7.515468,848.5139,555.00
7.515468,848.5688,543.00
7.515468,848.6237,567.00
7.515468,848.6786,524.00
7.515468,848.7336,612.00
7.515468,848.7885,533.00
7.515468,848.8434,593.00
7.515468,848.8983,539.00
7.515468,848.9531,570.00
7.515468,849.0081,542.00
7.515468,849.0630,558.00
7.515468,849.1178,542.00
7.515468,849.1727,613.00
7.515468,849.2275,559.00
7.515468,849.2823,627.00
7.515468,849.3373,563.00
7.515468,849.3921,569.00
7.515468,849.4470,544.00
7.515468,849.5018,563.00
7.515468,849.5566,513.00
7.515468,849.6115,589.00
7.515468,849.6663,516.00
7.515468,849.7211,578.00
7.515468,849.7759,545.00
7.515468,849.8307,592.00
7.515468,849.8856,548.00
7.515468,849.9404,552.00
7.515468,849.9952,517.00
7.515468,850.0500,594.00
7.515468,850.1048,500.00
7.515468,850.1596,612.00
7.515468,850.2144,552.00
7.515468,850.2692,650.00
7.515468,850.3239,551.00
7.515468,850.3787,576.00
7.515468,850.4335,574.00
7.515468,850.4882,574.00
7.515468,850.5430,565.00
7.515468,850.5977,597.00
7.515468,850.6525,528.00
7.515468,850.7072,595.00
7.515468,850.7620,543.00
7.515468,850.8167,610.00
7.515468,850.8715,564.00
7.515468,850.9261,584.00
7.515468,850.9808,499.00
7.515468,851.0356,571.00
7.515468,851.0903,545.00
7.515468,851.1450,614.00
7.515468,851.1996,570.00
7.515468,851.2543,621.00
7.515468,851.3091,551.00
7.515468,851.3638,578.00
7.515468,851.4185,561.00
7.515468,851.4731,605.00
7.515468,851.5278,544.00
7.515468,851.5825,627.00
7.515468,851.6371,571.00
7.515468,851.6918,658.00
7.515468,851.7465,598.00
7.515468,851.8011,616.00
7.515468,851.8558,577.00
7.515468,851.9103,593.00
7.515468,851.9650,565.00
7.515468,852.0196,681.00
7.515468,852.0742,592.00
7.515468,852.1289,636.00
7.515468,852.1835,590.00
7.515468,852.2381,640.00
7.515468,852.2927,618.00
7.515468,852.3473,630.00
7.515468,852.4019,618.00
7.515468,852.4565,651.00
7.515468,852.5111,594.00
7.515468,852.5657,631.00
7.515468,852.6202,595.00
7.515468,852.6747,649.00
7.515468,852.7294,613.00
7.515468,852.7839,677.00
7.515468,852.8385,601.00
7.515468,852.8930,661.00
7.515468,852.9476,598.00
7.515468,853.0022,684.00
7.515468,853.0567,612.00
7.515468,853.1112,668.00
7.515468,853.1658,638.00
7.515468,853.2203,659.00
7.515468,853.2748,646.00
7.515468,853.3293,678.00
7.515468,853.3838,612.00
7.515468,853.4383,663.00
7.515468,853.4928,613.00
7.515468,853.5474,671.00
7.515468,853.6019,665.00
7.515468,853.6563,690.00
7.515468,853.7108,651.00
7.515468,853.7653,662.00
7.515468,853.8198,627.00
7.515468,853.8742,680.00
7.515468,853.9286,661.00
7.515468,853.9832,681.00
7.515468,854.0376,635.00
7.515468,854.0920,675.00
7.515468,854.1465,688.00
7.515468,854.2010,654.00
7.515468,854.2554,638.00
7.515468,854.3098,669.00
7.515468,854.3642,597.00
7.515468,854.4186,692.00
7.515468,854.4731,605.00
7.515468,854.5275,695.00
7.515468,854.5819,628.00
7.515468,854.6363,674.00
7.515468,854.6907,640.00
7.515468,854.7451,624.00
7.515468,854.7994,601.00
7.515468,854.8538,676.00
7.515468,854.9082,627.00
7.515468,854.9626,696.00
7.515468,855.0170,606.00
7.515468,855.0714,676.00
7.515468,855.1257,616.00
7.515468,855.1800,641.00
7.515468,855.2344,612.00
7.515468,855.2888,657.00
7.515468,855.3431,602.00
7.515468,855.3975,658.00
7.515468,855.4518,606.00
7.515468,855.5060,662.00
7.515468,855.5604,620.00
7.515468,855.6147,633.00
7.515468,855.6691,631.00
7.515468,855.7233,629.00
7.515468,855.7776,591.00
7.515468,855.8320,676.00
7.515468,855.8862,584.00
7.515468,855.9406,663.00
7.515468,855.9948,632.00
7.515468,856.0491,687.00
7.515468,856.1035,636.00
7.515468,856.1577,662.00
7.515468,856.2119,621.00
7.515468,856.2662,660.00
7.515468,856.3204,607.00
7.515468,856.3748,732.00
7.515468,856.4290,631.00
7.515468,856.4832,686.00
7.515468,856.5374,644.00
7.515468,856.5916,661.00
7.515468,856.6459,576.00
7.515468,856.7001,671.00
7.515468,856.7543,613.00
7.515468,856.8085,668.00
7.515468,856.8627,634.00
7.515468,856.9169,682.00
7.515468,856.9712,633.00
7.515468,857.0253,648.00
7.515468,857.0795,630.00
7.515468,857.1337,663.00
7.515468,857.1879,627.00
7.515468,857.2421,688.00
7.515468,857.2962,636.00
7.515468,857.3504,649.00
7.515468,857.4045,645.00
7.515468,857.4587,643.00
7.515468,857.5129,686.00
7.515468,857.5670,690.00
7.515468,857.6212,624.00
7.515468,857.6753,686.00
7.515468,857.7294,619.00
7.515468,857.7836,689.00
7.515468,857.8377,625.00
7.515468,857.8918,696.00
7.515468,857.9459,667.00
7.515468,858.0000,647.00
7.515468,858.0541,634.00
7.515468,858.1082,688.00
7.515468,858.1624,626.00
7.515468,858.2164,693.00
7.515468,858.2704,655.00
7.515468,858.3245,693.00
7.515468,858.3787,652.00
7.515468,858.4327,693.00
7.515468,858.4868,624.00
7.515468,858.5408,649.00
7.515468,858.5949,642.00
7.515468,858.6489,676.00
7.515468,858.7030,648.00
7.515468,858.7570,700.00
7.515468,858.8110,668.00
7.515468,858.8651,655.00
7.515468,858.9192,674.00
7.515468,858.9732,682.00
7.515468,859.0272,636.00
7.515468,859.0812,688.00
7.515468,859.1352,629.00
7.515468,859.1892,693.00
7.515468,859.2432,613.00
7.515468,859.2972,692.00
7.515468,859.3512,670.00
7.515468,859.4052,672.00
7.515468,859.4592,624.00
7.515468,859.5132,676.00
7.515468,859.5671,602.00
7.515468,859.6210,669.00
7.515468,859.6750,638.00
7.515468,859.7289,674.00
7.515468,859.7830,596.00
7.515468,859.8369,643.00
7.515468,859.8908,650.00
7.515468,859.9447,605.00
7.515468,859.9987,623.00
7.515468,860.0527,692.00
7.515468,860.1065,585.00
7.515468,860.1605,665.00
7.515468,860.2144,620.00
7.515468,860.2682,641.00
7.515468,860.3222,624.00
7.515468,860.3761,646.00
7.515468,860.4299,570.00
7.515468,860.4838,626.00
7.515468,860.5377,564.00
7.515468,860.5916,666.00
7.515468,860.6455,615.00
7.515468,860.6993,673.00
7.515468,860.7532,641.00
7.515468,860.8071,658.00
7.515468,860.8610,613.00
7.515468,860.9148,615.00
7.515468,860.9687,598.00
7.515468,861.0225,650.00
7.515468,861.0763,619.00
7.515468,861.1301,650.00
7.515468,861.1840,603.00
7.515468,861.2378,649.00
7.515468,861.2916,623.00
7.515468,861.3454,661.00
7.515468,861.3992,587.00
7.515468,861.4531,683.00
7.515468,861.5068,574.00
7.515468,861.5606,649.00
7.515468,861.6144,608.00
7.515468,861.6682,653.00
7.515468,861.7220,597.00
7.515468,861.7758,643.00
7.515468,861.8295,614.00
7.515468,861.8833,650.00
7.515468,861.9370,616.00
7.515468,861.9908,686.00
7.515468,862.0446,619.00
7.515468,862.0983,677.00
7.515468,862.1520,647.00
7.515468,862.2057,648.00
7.515468,862.2595,647.00
7.515468,862.3132,643.00
7.515468,862.3669,582.00
7.515468,862.4206,665.00
7.515468,862.4744,582.00
7.515468,862.5281,661.00
7.515468,862.5818,617.00
7.515468,862.6355,647.00
7.515468,862.6891,616.00
7.515468,862.7429,649.00
7.515468,862.7966,640.00
7.515468,862.8502,640.00
7.515468,862.9039,603.00
7.515468,862.9575,648.00
7.515468,863.0112,644.00
7.515468,863.0648,636.00
7.515468,863.1185,628.00
7.515468,863.1722,635.00
7.515468,863.2258,586.00
7.515468,863.2794,662.00
7.515468,863.3330,594.00
7.515468,863.3867,672.00
7.515468,863.4403,553.00
7.515468,863.4940,651.00
7.515468,863.5475,653.00
7.515468,863.6011,605.00
7.515468,863.6548,610.00
7.515468,863.7084,628.00
7.515468,863.7620,591.00
7.515468,863.8156,618.00
7.515468,863.8691,598.00
7.515468,863.9228,631.00
7.515468,863.9763,596.00
7.515468,864.0299,627.00
7.515468,864.0834,565.00
7.515468,864.1370,635.00
7.515468,864.1906,579.00
7.515468,864.2441,616.00
7.515468,864.2977,587.00
7.515468,864.3512,676.00
7.515468,864.4047,613.00
7.515468,864.4583,621.00
7.515468,864.5118,594.00
7.515468,864.5653,621.00
7.515468,864.6189,568.00
7.515468,864.6724,630.00
7.515468,864.7258,566.00
7.515468,864.7794,639.00
7.515468,864.8329,622.00
7.515468,864.8864,666.00
7.515468,864.9398,601.00
7.515468,864.9933,651.00
7.515468,865.0469,561.00
7.515468,865.1003,607.00
7.515468,865.1538,601.00
7.515468,865.2072,614.00
7.515468,865.2607,613.00
7.515468,865.3142,660.00
7.515468,865.3676,619.00
7.515468,865.4211,638.00
7.515468,865.4745,583.00
7.515468,865.5279,636.00
7.515468,865.5814,602.00
7.515468,865.6348,641.00
7.515468,865.6882,605.00
7.515468,865.7416,663.00
7.515468,865.7950,618.00
7.515468,865.8484,643.00
7.515468,865.9019,628.00
7.515468,865.9552,616.00
7.515468,866.0087,623.00
7.515468,866.0620,619.00
7.515468,866.1154,613.00
7.515468,866.1688,690.00
7.515468,866.2222,608.00
7.515468,866.2755,673.00
7.515468,866.3289,633.00
7.515468,866.3822,640.00
7.515468,866.4356,609.00
7.515468,866.4890,634.00
7.515468,866.5423,622.00
7.515468,866.5956,640.00
7.515468,866.6489,588.00
7.515468,866.7023,692.00
7.515468,866.7556,595.00
7.515468,866.8089,637.00
7.515468,866.8622,606.00
7.515468,866.9155,642.00
7.515468,866.9689,608.00
7.515468,867.0222,677.00
7.515468,867.0755,588.00
7.515468,867.1287,673.00
7.515468,867.1820,603.00
7.515468,867.2354,656.00
7.515468,867.2886,642.00
7.515468,867.3419,626.00
7.515468,867.3951,632.00
7.515468,867.4484,643.00
7.515468,867.5016,560.00
7.515468,867.5549,667.00
7.515468,867.6082,627.00
7.515468,867.6614,640.00
7.515468,867.7146,649.00
7.515468,867.7678,638.00
7.515468,867.8211,641.00
7.515468,867.8743,669.00
7.515468,867.9276,624.00
7.515468,867.9807,670.00
7.515468,868.0339,581.00
7.515468,868.0872,662.00
7.515468,868.1403,598.00
7.515468,868.1935,632.00
7.515468,868.2467,593.00
7.515468,868.2999,638.00
7.515468,868.3531,589.00
7.515468,868.4062,655.00
7.515468,868.4594,616.00
7.515468,868.5126,686.00
7.515468,868.5657,615.00
7.515468,868.6189,646.00
7.515468,868.6721,629.00
7.515468,868.7252,620.00
7.515468,868.7783,611.00
7.515468,868.8315,627.00
7.515468,868.8846,577.00
7.515468,868.9377,670.00
7.515468,868.9908,606.00
7.515468,869.0439,659.00
7.515468,869.0970,645.00
7.515468,869.1501,640.00
7.515468,869.2032,571.00
7.515468,869.2564,597.00
7.515468,869.3094,591.00
7.515468,869.3625,610.00
7.515468,869.4156,608.00
7.515468,869.4688,663.00
7.515468,869.5218,614.00
7.515468,869.5748,637.00
7.515468,869.6279,633.00
7.515468,869.6809,636.00
7.515468,869.7340,579.00
7.515468,869.7870,617.00
7.515468,869.8401,592.00
7.515468,869.8931,664.00
7.515468,869.9462,586.00
7.515468,869.9993,625.00
7.515468,870.0522,634.00
7.515468,870.1052,646.00
7.515468,870.1583,614.00
7.515468,870.2112,657.00
7.515468,870.2642,604.00
7.515468,870.3173,661.00
7.515468,870.3702,607.00
7.515468,870.4232,655.00
7.515468,870.4762,636.00
7.515468,870.5292,642.00
7.515468,870.5822,634.00
7.515468,870.6351,663.00
7.515468,870.6881,607.00
7.515468,870.7410,650.00
7.515468,870.7940,613.00
7.515468,870.8470,633.00
7.515468,870.8999,605.00
7.515468,870.9528,671.00
7.515468,871.0057,623.00
7.515468,871.0587,656.00
7.515468,871.1116,628.00
7.515468,871.1646,662.00
7.515468,871.2175,589.00
7.515468,871.2704,663.00
7.515468,871.3232,604.00
7.515468,871.3762,644.00
7.515468,871.4291,637.00
7.515468,871.4820,640.00
7.515468,871.5348,633.00
7.515468,871.5877,668.00
7.515468,871.6406,622.00
7.515468,871.6935,698.00
7.515468,871.7463,642.00
7.515468,871.7992,664.00
7.515468,871.8521,674.00
7.515468,871.9049,639.00
7.515468,871.9578,645.00
7.515468,872.0106,665.00
7.515468,872.0635,600.00
7.515468,872.1162,677.00
7.515468,872.1691,613.00
7.515468,872.2219,698.00
7.515468,872.2747,620.00
7.515468,872.3275,658.00
7.515468,872.3803,638.00
7.515468,872.4332,676.00
7.515468,872.4860,633.00
7.515468,872.5387,662.00
7.515468,872.5915,613.00
7.515468,872.6443,659.00
7.515468,872.6971,682.00
7.515468,872.7499,674.00
7.515468,872.8026,661.00
7.515468,872.8553,640.00
7.515468,872.9081,641.00
7.515468,872.9609,653.00
7.515468,873.0136,615.00
7.515468,873.0663,682.00
7.515468,873.1191,582.00
7.515468,873.1718,692.00
7.515468,873.2245,664.00
7.515468,873.2773,651.00
7.515468,873.3300,615.00
7.515468,873.3827,661.00
7.515468,873.4354,626.00
7.515468,873.4882,700.00
7.515468,873.5408,635.00
7.515468,873.5935,651.00
7.515468,873.6462,628.00
7.515468,873.6989,671.00
7.515468,873.7515,670.00
7.515468,873.8042,677.00
7.515468,873.8569,623.00
7.515468,873.9096,668.00
7.515468,873.9622,581.00
7.515468,874.0149,677.00
7.515468,874.0675,652.00
7.515468,874.1202,663.00
7.515468,874.1729,636.00
7.515468,874.2255,672.00
7.515468,874.2781,632.00
7.515468,874.3307,644.00
7.515468,874.3834,609.00
7.515468,874.4360,674.00
7.515468,874.4885,636.00
7.515468,874.5411,678.00
7.515468,874.5938,626.00
7.515468,874.6463,680.00
7.515468,874.6990,641.00
7.515468,874.7515,646.00
7.515468,874.8041,583.00
7.515468,874.8567,687.00
7.515468,874.9092,634.00
7.515468,874.9619,682.00
7.515468,875.0144,651.00
7.515468,875.0669,649.00
7.515468,875.1194,631.00
7.515468,875.1720,685.00
7.515468,875.2246,603.00
7.515468,875.2772,673.00
7.515468,875.3296,606.00
7.515468,875.3821,655.00
7.515468,875.4346,648.00
7.515468,875.4872,659.00
7.515468,875.5397,666.00
7.515468,875.5922,689.00
7.515468,875.6447,603.00
7.515468,875.6971,668.00
7.515468,875.7498,587.00
7.515468,875.8022,671.00
7.515468,875.8547,600.00
7.515468,875.9071,699.00
7.515468,875.9596,624.00
7.515468,876.0120,641.00
7.515468,876.0646,627.00
7.515468,876.1169,678.00
7.515468,876.1694,611.00
7.515468,876.2219,664.00
7.515468,876.2743,626.00
7.515468,876.3268,709.00
7.515468,876.3792,625.00
7.515468,876.4316,677.00
7.515468,876.4840,656.00
7.515468,876.5364,643.00
7.515468,876.5889,598.00
7.515468,876.6413,714.00
7.515468,876.6937,578.00
7.515468,876.7460,690.00
7.515468,876.7985,651.00
7.515468,876.8509,705.00
7.515468,876.9032,633.00
7.515468,876.9556,659.00
7.515468,877.0079,619.00
7.515468,877.0604,599.00
7.515468,877.1127,588.00
7.515468,877.1651,674.00
7.515468,877.2174,603.00
7.515468,877.2697,629.00
7.515468,877.3221,617.00
7.515468,877.3744,656.00
7.515468,877.4268,603.00
7.515468,877.4791,625.00
7.515468,877.5314,586.00
7.515468,877.5837,636.00
7.515468,877.6360,594.00
7.515468,877.6884,649.00
7.515468,877.7407,608.00
7.515468,877.7930,637.00
7.515468,877.8452,626.00
7.515468,877.8975,635.00
7.515468,877.9498,618.00
7.515468,878.0021,644.00
7.515468,878.0544,628.00
7.515468,878.1066,655.00
7.515468,878.1589,629.00
7.515468,878.2111,605.00
7.515468,878.2634,656.00
7.515468,878.3157,630.00
7.515468,878.3679,595.00
7.515468,878.4202,642.00
7.515468,878.4724,592.00
7.515468,878.5246,656.00
7.515468,878.5768,585.00
7.515468,878.6290,643.00
7.515468,878.6812,629.00
7.515468,878.7335,624.00
7.515468,878.7856,624.00
7.515468,878.8379,608.00
7.515468,878.8901,583.00
7.515468,878.9422,608.00
7.515468,878.9944,604.00
7.515468,879.0466,648.00
7.515468,879.0988,620.00
7.515468,879.1509,649.00
7.515468,879.2031,604.00
7.515468,879.2552,602.00
7.515468,879.3074,630.00
7.515468,879.3596,630.00
7.515468,879.4117,596.00
7.515468,879.4638,664.00
7.515468,879.5159,557.00
7.515468,879.5681,645.00
7.515468,879.6202,621.00
7.515468,879.6723,620.00
7.515468,879.7244,624.00
7.515468,879.7766,632.00
7.515468,879.8287,558.00
7.515468,879.8808,634.00
7.515468,879.9329,584.00
7.515468,879.9849,622.00
7.515468,880.0370,604.00
7.515468,880.0891,643.00
7.515468,880.1412,603.00
7.515468,880.1932,644.00
7.515468,880.2452,567.00
7.515468,880.2973,646.00
7.515468,880.3495,623.00
7.515468,880.4015,677.00
7.515468,880.4536,624.00
7.515468,880.5056,617.00
7.515468,880.5576,625.00
7.515468,880.6096,593.00
7.515468,880.6616,560.00
7.515468,880.7137,630.00
7.515468,880.7656,558.00
7.515468,880.8176,662.00
7.515468,880.8696,566.00
7.515468,880.9217,674.00
7.515468,880.9737,617.00
7.515468,881.0256,621.00
7.515468,881.0776,575.00
7.515468,881.1296,599.00
7.515468,881.1816,545.00
7.515468,881.2336,656.00
7.515468,881.2855,586.00
7.515468,881.3374,623.00
7.515468,881.3893,615.00
7.515468,881.4413,594.00
7.515468,881.4933,576.00
7.515468,881.5452,645.00
7.515468,881.5972,589.00
7.515468,881.6490,661.00
7.515468,881.7010,575.00
7.515468,881.7530,650.00
7.515468,881.8049,594.00
7.515468,881.8568,612.00
7.515468,881.9086,584.00
7.515468,881.9605,589.00
7.515468,882.0125,579.00
7.515468,882.0643,615.00
7.515468,882.1162,536.00
7.515468,882.1681,624.00
7.515468,882.2199,558.00
7.515468,882.2719,649.00
7.515468,882.3237,567.00
7.515468,882.3755,640.00
7.515468,882.4274,558.00
7.515468,882.4792,613.00
7.515468,882.5311,580.00
7.515468,882.5829,615.00
7.515468,882.6348,584.00
7.515468,882.6866,621.00
7.515468,882.7383,620.00
7.515468,882.7902,582.00
7.515468,882.8420,601.00
7.515468,882.8939,620.00
7.515468,882.9457,556.00
7.515468,882.9974,628.00
7.515468,883.0493,573.00
7.515468,883.1011,648.00
7.515468,883.1528,560.00
7.515468,883.2046,648.00
7.515468,883.2563,618.00
7.515468,883.3081,592.00
7.515468,883.3599,562.00
7.515468,883.4116,602.00
7.515468,883.4634,592.00
7.515468,883.5151,637.00
7.515468,883.5668,600.00
7.515468,883.6187,629.00
7.515468,883.6703,627.00
7.515468,883.7220,630.00
7.515468,883.7738,594.00
7.515468,883.8254,618.00
7.515468,883.8773,568.00
7.515468,883.9289,649.00
7.515468,883.9806,579.00
7.515468,884.0323,647.00
7.515468,884.0840,625.00
7.515468,884.1357,634.00
7.515468,884.1874,594.00
7.515468,884.2391,631.00
7.515468,884.2907,559.00
7.515468,884.3423,646.00
7.515468,884.3940,573.00
7.515468,884.4457,619.00
7.515468,884.4974,609.00
7.515468,884.5490,635.00
7.515468,884.6006,587.00
7.515468,884.6523,632.00
7.515468,884.7039,585.00
7.515468,884.7555,642.00
7.515468,884.8071,609.00
7.515468,884.8588,677.00
7.515468,884.9103,620.00
7.515468,884.9620,654.00
7.515468,885.0136,633.00
7.515468,885.0651,632.00
7.515468,885.1168,606.00
7.515468,885.1683,648.00
7.515468,885.2200,619.00
7.515468,885.2715,654.00
7.515468,885.3231,614.00
7.515468,885.3746,669.00
7.515468,885.4262,626.00
7.515468,885.4778,659.00
7.515468,885.5293,653.00
7.515468,885.5809,655.00
7.515468,885.6324,568.00
7.515468,885.6839,617.00
7.515468,885.7355,607.00
7.515468,885.7870,650.00
7.515468,885.8385,577.00
7.515468,885.8900,662.00
7.515468,885.9415,646.00
7.515468,885.9930,639.00
7.515468,886.0446,605.00
7.515468,886.0960,656.00
7.515468,886.1475,611.00
7.515468,886.1990,663.00
7.515468,886.2504,631.00
7.515468,886.3020,650.00
7.515468,886.3534,636.00
7.515468,886.4048,659.00
7.515468,886.4564,621.00
7.515468,886.5078,645.00
7.515468,886.5593,575.00
7.515468,886.6107,710.00
7.515468,886.6621,599.00
7.515468,886.7136,650.00
7.515468,886.7650,604.00
7.515468,886.8164,643.00
7.515468,886.8679,627.00
7.515468,886.9193,645.00
7.515468,886.9706,615.00
7.515468,887.0220,638.00
7.515468,887.0735,607.00
7.515468,887.1249,625.00
7.515468,887.1762,620.00
7.515468,887.2276,649.00
7.515468,887.2789,651.00
7.515468,887.3304,637.00
7.515468,887.3818,624.00
7.515468,887.4331,634.00
7.515468,887.4844,632.00
7.515468,887.5358,675.00
7.515468,887.5871,608.00
7.515468,887.6385,686.00
7.515468,887.6898,663.00
7.515468,887.7411,632.00
7.515468,887.7925,613.00
7.515468,887.8438,658.00
7.515468,887.8951,613.00
7.515468,887.9464,679.00
7.515468,887.9977,614.00
7.515468,888.0490,718.00
7.515468,888.1003,655.00
7.515468,888.1516,658.00
7.515468,888.2029,589.00
7.515468,888.2542,653.00
7.515468,888.3054,593.00
7.515468,888.3567,657.00
7.515468,888.4080,629.00
7.515468,888.4592,654.00
7.515468,888.5105,626.00
7.515468,888.5618,670.00
7.515468,888.6130,642.00
7.515468,888.6642,648.00
7.515468,888.7155,617.00
7.515468,888.7667,689.00
7.515468,888.8179,595.00
7.515468,888.8691,663.00
7.515468,888.9204,640.00
7.515468,888.9716,650.00
7.515468,889.0228,626.00
7.515468,889.0740,665.00
7.515468,889.1252,623.00
7.515468,889.1764,676.00
7.515468,889.2275,611.00
7.515468,889.2787,707.00
7.515468,889.3299,640.00
7.515468,889.3810,677.00
7.515468,889.4322,636.00
7.515468,889.4835,695.00
7.515468,889.5346,651.00
7.515468,889.5857,644.00
7.515468,889.6368,616.00
7.515468,889.6879,648.00
7.515468,889.7391,599.00
7.515468,889.7903,693.00
7.515468,889.8414,616.00
7.515468,889.8925,680.00
7.515468,889.9435,652.00
7.515468,889.9948,633.00
7.515468,890.0458,602.00
7.515468,890.0969,670.00
7.515468,890.1479,602.00
7.515468,890.1990,670.00
7.515468,890.2501,610.00
7.515468,890.3012,661.00
7.515468,890.3523,641.00
7.515468,890.4034,619.00
7.515468,890.4545,631.00
7.515468,890.5054,609.00
7.515468,890.5566,568.00
7.515468,890.6076,636.00
7.515468,890.6586,601.00
7.515468,890.7097,639.00
7.515468,890.7607,632.00
7.515468,890.8117,664.00
7.515468,890.8627,628.00
7.515468,890.9138,630.00
7.515468,890.9647,587.00
7.515468,891.0157,620.00
7.515468,891.0668,586.00
7.515468,891.1178,650.00
7.515468,891.1688,613.00
7.515468,891.2197,645.00
7.515468,891.2707,604.00
7.515468,891.3217,623.00
7.515468,891.3727,579.00
7.515468,891.4236,620.00
7.515468,891.4745,576.00
7.515468,891.5256,666.00
7.515468,891.5765,593.00
7.515468,891.6275,647.00
7.515468,891.6783,592.00
7.515468,891.7293,616.00
7.515468,891.7802,571.00
7.515468,891.8312,620.00
7.515468,891.8821,547.00
7.515468,891.9330,622.00
7.515468,891.9839,580.00
7.515468,892.0348,625.00
7.515468,892.0857,616.00
7.515468,892.1366,627.00
7.515468,892.1875,599.00
7.515468,892.2383,654.00
7.515468,892.2892,618.00
7.515468,892.3401,660.00
7.515468,892.3911,601.00
7.515468,892.4418,657.00
7.515468,892.4927,605.00
7.515468,892.5436,647.00
7.515468,892.5944,596.00
7.515468,892.6452,630.00
7.515468,892.6961,626.00
7.515468,892.7469,648.00
7.515468,892.7977,597.00
7.515468,892.8485,630.00
7.515468,892.8993,631.00
7.515468,892.9502,671.00
7.515468,893.0010,616.00
7.515468,893.0518,630.00
7.515468,893.1025,627.00
7.515468,893.1534,625.00
7.515468,893.2042,597.00
7.515468,893.2549,652.00
7.515468,893.3057,613.00
7.515468,893.3564,685.00
7.515468,893.4072,646.00
7.515468,893.4580,624.00
7.515468,893.5087,592.00
7.515468,893.5595,648.00
7.515468,893.6102,598.00
7.515468,893.6609,665.00
7.515468,893.7117,574.00
7.515468,893.7625,692.00
7.515468,893.8132,626.00
7.515468,893.8639,663.00
7.515468,893.9146,648.00
7.515468,893.9653,631.00
7.515468,894.0160,608.00
7.515468,894.0667,629.00
7.515468,894.1174,613.00
7.515468,894.1681,662.00
7.515468,894.2188,623.00
7.515468,894.2695,654.00
7.515468,894.3201,596.00
7.515468,894.3708,644.00
7.515468,894.4214,587.00
7.515468,894.4720,659.00
7.515468,894.5228,597.00
7.515468,894.5734,674.00
7.515468,894.6240,606.00
7.515468,894.6746,677.00
7.515468,894.7252,653.00
7.515468,894.7759,658.00
7.515468,894.8265,625.00
7.515468,894.8771,637.00
7.515468,894.9277,592.00
7.515468,894.9783,678.00
7.515468,895.0290,571.00
7.515468,895.0795,698.00
7.515468,895.1301,592.00
7.515468,895.1807,666.00
7.515468,895.2313,629.00
7.515468,895.2819,657.00
7.515468,895.3325,605.00
7.515468,895.3830,652.00
7.515468,895.4336,585.00
7.515468,895.4841,676.00
7.515468,895.5347,626.00
7.515468,895.5852,668.00
7.515468,895.6357,646.00
7.515468,895.6863,658.00
7.515468,895.7368,630.00
7.515468,895.7874,651.00
7.515468,895.8379,588.00
7.515468,895.8884,675.00
7.515468,895.9388,591.00
7.515468,895.9893,683.00
7.515468,896.0399,633.00
7.515468,896.0904,660.00
7.515468,896.1408,641.00
7.515468,896.1913,661.00
7.515468,896.2418,625.00
7.515468,896.2922,666.00
7.515468,896.3427,640.00
7.515468,896.3932,690.00
7.515468,896.4437,644.00
7.515468,896.4941,674.00
7.515468,896.5445,623.00
7.515468,896.5950,626.00
7.515468,896.6454,645.00
7.515468,896.6958,638.00
7.515468,896.7462,609.00
7.515468,896.7967,675.00
7.515468,896.8471,605.00
7.515468,896.8975,666.00
7.515468,896.9479,645.00
7.515468,896.9983,642.00
7.515468,897.0486,599.00
7.515468,897.0991,648.00
7.515468,897.1495,585.00
7.515468,897.1998,680.00
7.515468,897.2502,589.00
7.515468,897.3005,679.00
7.515468,897.3510,638.00
7.515468,897.4013,628.00
7.515468,897.4517,662.00
7.515468,897.5020,668.00
7.515468,897.5523,641.00
7.515468,897.6026,673.00
7.515468,897.6530,590.00
7.515468,897.7033,693.00
7.515468,897.7537,620.00
7.515468,897.8040,670.00
7.515468,897.8542,600.00
7.515468,897.9046,637.00
7.515468,897.9549,632.00
7.515468,898.0051,680.00
7.515468,898.0554,613.00
7.515468,898.1057,672.00
7.515468,898.1560,602.00
7.515468,898.2063,670.00
7.515468,898.2565,628.00
7.515468,898.3068,620.00
7.515468,898.3571,638.00
7.515468,898.4073,629.00
7.515468,898.4576,573.00
7.515468,898.5078,666.00
7.515468,898.5580,594.00
7.515468,898.6083,665.00
7.515468,898.6584,674.00
7.515468,898.7087,640.00
7.515468,898.7590,629.00
7.515468,898.8091,631.00
7.515468,898.8593,594.00
7.515468,898.9095,643.00
7.515468,898.9598,594.00
7.515468,899.0099,674.00
7.515468,899.0601,617.00
7.515468,899.1103,647.00
7.515468,899.1605,611.00
7.515468,899.2107,627.00
7.515468,899.2608,597.00
7.515468,899.3109,604.00
7.515468,899.3611,575.00
7.515468,899.4113,689.00
7.515468,899.4614,627.00
7.515468,899.5115,654.00
7.515468,899.5616,634.00
7.515468,899.6118,631.00
7.515468,899.6619,604.00
7.515468,899.7121,607.00
7.515468,899.7622,591.00
7.515468,899.8123,661.00
7.515468,899.8624,591.00
7.515468,899.9124,622.00
7.515468,899.9626,605.00
7.515468,900.0126,633.00
7.515468,900.0627,626.00
7.515468,900.1127,663.00
7.515468,900.1628,589.00
7.515468,900.2130,650.00
7.515468,900.2631,590.00
7.515468,900.3130,653.00
7.515468,900.3631,609.00
7.515468,900.4131,628.00
7.515468,900.4632,591.00
7.515468,900.5132,615.00
7.515468,900.5633,620.00
7.515468,900.6132,602.00
7.515468,900.6632,596.00
7.515468,900.7133,631.00
7.515468,900.7633,577.00
7.515468,900.8133,626.00
7.515468,900.8633,579.00
7.515468,900.9133,622.00
7.515468,900.9633,603.00
7.515468,901.0133,630.00
7.515468,901.0632,587.00
7.515468,901.1132,629.00
7.515468,901.1631,583.00
7.515468,901.2131,657.00
7.515468,901.2631,615.00
7.515468,901.3130,651.00
7.515468,901.3630,618.00
7.515468,901.4129,639.00
7.515468,901.4628,608.00
7.515468,901.5128,593.00
7.515468,901.5627,573.00
7.515468,901.6126,661.00
7.515468,901.6625,595.00
7.515468,901.7124,638.00
7.515468,901.7623,612.00
7.515468,901.8123,632.00
7.515468,901.8621,604.00
7.515468,901.9120,629.00
7.515468,901.9619,567.00
7.515468,902.0117,648.00
7.515468,902.0616,622.00
7.515468,902.1115,658.00
7.515468,902.1613,626.00
7.515468,902.2112,613.00
7.515468,902.2610,598.00
7.515468,902.3109,605.00
7.515468,902.3608,569.00
7.515468,902.4106,627.00
7.515468,902.4604,592.00
7.515468,902.5103,631.00
7.515468,902.5601,600.00
7.515468,902.6099,648.00
7.515468,902.6597,617.00
7.515468,902.7095,642.00
7.515468,902.7592,605.00
7.515468,902.8090,644.00
7.515468,902.8589,562.00
7.515468,902.9086,660.00
7.515468,902.9584,617.00
7.515468,903.0082,634.00
7.515468,903.0580,592.00
7.515468,903.1077,619.00
7.515468,903.1575,608.00
7.515468,903.2072,626.00
7.515468,903.2570,589.00
7.515468,903.3067,652.00
7.515468,903.3564,599.00
7.515468,903.4062,692.00
7.515468,903.4559,639.00
7.515468,903.5056,630.00
7.515468,903.5553,590.00
7.515468,903.6050,621.00
7.515468,903.6547,600.00
7.515468,903.7045,647.00
7.515468,903.7541,569.00
7.515468,903.8038,661.00
7.515468,903.8535,614.00
7.515468,903.9032,622.00
7.515468,903.9528,615.00
7.515468,904.0025,634.00
7.515468,904.0522,606.00
7.515468,904.1019,655.00
7.515468,904.1515,591.00
7.515468,904.2012,641.00
7.515468,904.2507,581.00
7.515468,904.3004,629.00
7.515468,904.3500,585.00
7.515468,904.3997,587.00
7.515468,904.4493,578.00
7.515468,904.4989,642.00
7.515468,904.5485,568.00
7.515468,904.5980,654.00
7.515468,904.6477,585.00
7.515468,904.6973,593.00
7.515468,904.7469,585.00
7.515468,904.7964,670.00
7.515468,904.8460,599.00
7.515468,904.8956,594.00
7.515468,904.9452,566.00
7.515468,904.9947,652.00
7.515468,905.0443,549.00
7.515468,905.0938,623.00
7.515468,905.1434,611.00
7.515468,905.1929,595.00
7.515468,905.2424,614.00
7.515468,905.2919,628.00
7.515468,905.3414,585.00
7.515468,905.3910,617.00
7.515468,905.4406,591.00
7.515468,905.4901,653.00
7.515468,905.5396,580.00
7.515468,905.5890,636.00
7.515468,905.6385,616.00
7.515468,905.6880,615.00
7.515468,905.7375,624.00
7.515468,905.7870,658.00
7.515468,905.8364,600.00
7.515468,905.8859,644.00
7.515468,905.9354,605.00
7.515468,905.9848,636.00
7.515468,906.0342,671.00
7.515468,906.0837,640.00
7.515468,906.1331,584.00
7.515468,906.1826,642.00
7.515468,906.2321,604.00
7.515468,906.2814,673.00
7.515468,906.3309,594.00
7.515468,906.3802,640.00
7.515468,906.4297,633.00
7.515468,906.4791,640.00
7.515468,906.5285,628.00
7.515468,906.5779,607.00
7.515468,906.6273,590.00
7.515468,906.6766,648.00
7.515468,906.7260,606.00
7.515468,906.7754,660.00
7.515468,906.8248,583.00
7.515468,906.8741,665.00
7.515468,906.9235,616.00
7.515468,906.9729,623.00
7.515468,907.0222,608.00
7.515468,907.0715,655.00
7.515468,907.1208,576.00
7.515468,907.1702,658.00
7.515468,907.2195,603.00
7.515468,907.2688,634.00
7.515468,907.3181,599.00
7.515468,907.3674,618.00
7.515468,907.4167,611.00
7.515468,907.4660,619.00
7.515468,907.5153,555.00
7.515468,907.5646,633.00
7.515468,907.6139,579.00
7.515468,907.6631,669.00
7.515468,907.7125,593.00
7.515468,907.7617,611.00
7.515468,907.8110,602.00
7.515468,907.8602,637.00
7.515468,907.9094,588.00
7.515468,907.9587,624.00
7.515468,908.0080,559.00
7.515468,908.0572,663.00
7.515468,908.1064,594.00
7.515468,908.1556,664.00
7.515468,908.2048,624.00
7.515468,908.2541,605.00
7.515468,908.3033,611.00
7.515468,908.3524,625.00
7.515468,908.4017,566.00
7.515468,908.4508,642.00
7.515468,908.5000,634.00
7.515468,908.5493,639.00
7.515468,908.5984,610.00
7.515468,908.6475,601.00
7.515468,908.6967,579.00
7.515468,908.7459,621.00
7.515468,908.7950,567.00
7.515468,908.8442,647.00
7.515468,908.8932,592.00
7.515468,908.9424,659.00
7.515468,908.9916,604.00
7.515468,909.0407,665.00
7.515468,909.0898,653.00
7.515468,909.1389,620.00
7.515468,909.1880,597.00
7.515468,909.2372,632.00
7.515468,909.2863,584.00
7.515468,909.3354,672.00
7.515468,909.3845,592.00
7.515468,909.4335,654.00
7.515468,909.4825,620.00
7.515468,909.5317,598.00
7.515468,909.5807,596.00
7.515468,909.6298,634.00
7.515468,909.6789,535.00
7.515468,909.7280,624.00
7.515468,909.7770,603.00
7.515468,909.8260,616.00
7.515468,909.8751,605.00
7.515468,909.9241,619.00
7.515468,909.9731,590.00
7.515468,910.0222,659.00
7.515468,910.0711,596.00
7.515468,910.1201,662.00
7.515468,910.1691,597.00
7.515468,910.2181,639.00
7.515468,910.2672,631.00
7.515468,910.3162,630.00
7.515468,910.3651,603.00
7.515468,910.4141,634.00
7.515468,910.4631,639.00
7.515468,910.5120,593.00
7.515468,910.5610,571.00
7.515468,910.6099,625.00
7.515468,910.6589,633.00
7.515468,910.7078,633.00
7.515468,910.7568,642.00
7.515468,910.8057,627.00
7.515468,910.8546,626.00
7.515468,910.9036,640.00
7.515468,910.9525,598.00
7.515468,911.0013,643.00
7.515468,911.0503,621.00
7.515468,911.0992,649.00
7.515468,911.1481,608.00
7.515468,911.1970,595.00
7.515468,911.2459,621.00
7.515468,911.2948,636.00
7.515468,911.3436,590.00
7.515468,911.3925,604.00
7.515468,911.4414,607.00
7.515468,911.4902,678.00
7.515468,911.5391,650.00
7.515468,911.5880,613.00
7.515468,911.6368,642.00
7.515468,911.6857,641.00
7.515468,911.7344,623.00
7.515468,911.7833,649.00
7.515468,911.8321,576.00
7.515468,911.8809,661.00
7.515468,911.9297,608.00
7.515468,911.9785,653.00
7.515468,912.0273,650.00
7.515468,912.0762,622.00
7.515468,912.1249,654.00
7.515468,912.1737,648.00
7.515468,912.2225,616.00
7.515468,912.2712,649.00
7.515468,912.3201,631.00
7.515468,912.3688,679.00
7.515468,912.4176,622.00
7.515468,912.4663,650.00
7.515468,912.5150,616.00
7.515468,912.5638,663.00
7.515468,912.6125,621.00
7.515468,912.6613,657.00
7.515468,912.7100,607.00
7.515468,912.7587,660.00
7.515468,912.8074,649.00
7.515468,912.8561,660.00
7.515468,912.9048,646.00
7.515468,912.9535,665.00
7.515468,913.0023,634.00
7.515468,913.0510,638.00
7.515468,913.0996,604.00
7.515468,913.1483,677.00
7.515468,913.1969,632.00
7.515468,913.2456,669.00
7.515468,913.2943,697.00
7.515468,913.3430,664.00
7.515468,913.3916,624.00
7.515468,913.4402,664.00
7.515468,913.4888,624.00
7.515468,913.5375,694.00
7.515468,913.5862,616.00
7.515468,913.6348,686.00
7.515468,913.6834,664.00
7.515468,913.7320,682.00
7.515468,913.7806,679.00
7.515468,913.8292,666.00
7.515468,913.8778,635.00
7.515468,913.9264,660.00
7.515468,913.9750,605.00
7.515468,914.0236,695.00
7.515468,914.0721,645.00
7.515468,914.1207,671.00
7.515468,914.1693,618.00
7.515468,914.2178,676.00
7.515468,914.2664,637.00
7.515468,914.3149,670.00
7.515468,914.3635,627.00
7.515468,914.4120,655.00
7.515468,914.4606,694.00
7.515468,914.5090,690.00
7.515468,914.5576,679.00
7.515468,914.6061,693.00
7.515468,914.6546,627.00
7.515468,914.7031,685.00
7.515468,914.7516,617.00
7.515468,914.8001,721.00
7.515468,914.8486,638.00
7.515468,914.8971,713.00
7.515468,914.9456,658.00
7.515468,914.9941,696.00
7.515468,915.0425,684.00
7.515468,915.0910,655.00
7.515468,915.1395,622.00
7.515468,915.1879,693.00
7.515468,915.2363,642.00
7.515468,915.2849,746.00
7.515468,915.3333,657.00
7.515468,915.3817,695.00
7.515468,915.4301,668.00
7.515468,915.4785,677.00
7.515468,915.5269,615.00
7.515468,915.5754,654.00
7.515468,915.6237,639.00
7.515468,915.6721,692.00
7.515468,915.7205,634.00
7.515468,915.7689,729.00
7.515468,915.8173,675.00
7.515468,915.8657,673.00
7.515468,915.9141,628.00
7.515468,915.9623,687.00
7.515468,916.0107,632.00
7.515468,916.0591,701.00
7.515468,916.1075,638.00
7.515468,916.1558,674.00
7.515468,916.2042,637.00
7.515468,916.2524,682.00
7.515468,916.3008,626.00
7.515468,916.3491,659.00
7.515468,916.3974,619.00
7.515468,916.4457,674.00
7.515468,916.4940,637.00
7.515468,916.5423,679.00
7.515468,916.5907,671.00
7.515468,916.6390,649.00
7.515468,916.6872,653.00
7.515468,916.7355,656.00
7.515468,916.7838,591.00
7.515468,916.8320,705.00
7.515468,916.8803,616.00
7.515468,916.9286,700.00
7.515468,916.9768,630.00
7.515468,917.0250,675.00
7.515468,917.0733,678.00
7.515468,917.1216,646.00
7.515468,917.1698,614.00
7.515468,917.2180,641.00
7.515468,917.2662,615.00
7.515468,917.3145,667.00
7.515468,917.3626,651.00
7.515468,917.4109,701.00
7.515468,917.4590,630.00
7.515468,917.5072,695.00
7.515468,917.5554,649.00
7.515468,917.6036,659.00
7.515468,917.6518,606.00
7.515468,917.7000,691.00
7.515468,917.7481,629.00
7.515468,917.7963,684.00
7.515468,917.8444,641.00
7.515468,917.8926,675.00
7.515468,917.9407,679.00
7.515468,917.9888,676.00
7.515468,918.0369,632.00
7.515468,918.0851,672.00
7.515468,918.1332,633.00
7.515468,918.1813,679.00
7.515468,918.2294,646.00
7.515468,918.2776,700.00
7.515468,918.3257,642.00
7.515468,918.3737,658.00
7.515468,918.4218,657.00
7.515468,918.4699,701.00
7.515468,918.5180,642.00
7.515468,918.5660,695.00
7.515468,918.6142,639.00
7.515468,918.6622,670.00
7.515468,918.7103,650.00
7.515468,918.7583,701.00
7.515468,918.8064,693.00
7.515468,918.8544,653.00
7.515468,918.9025,625.00
7.515468,918.9505,705.00
7.515468,918.9985,612.00
7.515468,919.0464,706.00
7.515468,919.0945,672.00
7.515468,919.1426,712.00
7.515468,919.1905,686.00
7.515468,919.2385,676.00
7.515468,919.2866,629.00
7.515468,919.3345,690.00
7.515468,919.3825,618.00
7.515468,919.4304,699.00
7.515468,919.4785,622.00
7.515468,919.5264,692.00
7.515468,919.5744,667.00
7.515468,919.6224,693.00
7.515468,919.6703,653.00
7.515468,919.7182,663.00
7.515468,919.7661,646.00
7.515468,919.8141,693.00
7.515468,919.8620,656.00
7.515468,919.9100,692.00
7.515468,919.9578,667.00
7.515468,920.0057,703.00
7.515468,920.0536,658.00
7.515468,920.1016,656.00
7.515468,920.1495,638.00
7.515468,920.1973,659.00
7.515468,920.2452,595.00
7.515468,920.2932,659.00
7.515468,920.3410,662.00
7.515468,920.3888,687.00
7.515468,920.4367,685.00
7.515468,920.4846,637.00
7.515468,920.5323,619.00
7.515468,920.5803,649.00
7.515468,920.6281,587.00
7.515468,920.6759,716.00
7.515468,920.7237,642.00
7.515468,920.7715,687.00
7.515468,920.8195,636.00
7.515468,920.8672,643.00
7.515468,920.9150,640.00
7.515468,920.9628,669.00
7.515468,921.0106,609.00
7.515468,921.0584,684.00
7.515468,921.1062,589.00
7.515468,921.1540,692.00
7.515468,921.2017,634.00
7.515468,921.2495,650.00
7.515468,921.2973,620.00
7.515468,921.3450,654.00
7.515468,921.3928,594.00
7.515468,921.4405,667.00
7.515468,921.4882,605.00
7.515468,921.5359,660.00
7.515468,921.5837,643.00
7.515468,921.6315,667.00
7.515468,921.6791,645.00
7.515468,921.7269,676.00
7.515468,921.7746,624.00
7.515468,921.8223,619.00
7.515468,921.8700,595.00
7.515468,921.9177,662.00
7.515468,921.9653,604.00
7.515468,922.0130,662.00
7.515468,922.0607,641.00
7.515468,922.1084,639.00
7.515468,922.1561,635.00
7.515468,922.2037,682.00
7.515468,922.2513,613.00
7.515468,922.2990,680.00
7.515468,922.3467,587.00
7.515468,922.3943,659.00
7.515468,922.4419,619.00
7.515468,922.4895,664.00
7.515468,922.5371,668.00
7.515468,922.5848,677.00
7.515468,922.6324,643.00
7.515468,922.6800,645.00
7.515468,922.7276,574.00
7.515468,922.7752,684.00
7.515468,922.8228,628.00
7.515468,922.8704,677.00
7.515468,922.9179,628.00
7.515468,922.9655,669.00
7.515468,923.0130,656.00
7.515468,923.0607,698.00
7.515468,923.1082,604.00
7.515468,923.1558,708.00
7.515468,923.2032,598.00
7.515468,923.2508,644.00
7.515468,923.2983,661.00
7.515468,923.3459,656.00
7.515468,923.3934,634.00
7.515468,923.4409,653.00
7.515468,923.4884,628.00
7.515468,923.5359,684.00
7.515468,923.5834,600.00
7.515468,923.6309,665.00
7.515468,923.6784,652.00
7.515468,923.7259,674.00
7.515468,923.7734,624.00
7.515468,923.8209,620.00
7.515468,923.8683,622.00
7.515468,923.9158,660.00
7.515468,923.9632,631.00
7.515468,924.0106,702.00
7.515468,924.0581,634.00
7.515468,924.1056,653.00
7.515468,924.1530,646.00
7.515468,924.2004,639.00
7.515468,924.2479,615.00
7.515468,924.2952,611.00
7.515468,924.3427,578.00
7.515468,924.3901,701.00
7.515468,924.4375,625.00
7.515468,924.4849,687.00
7.515468,924.5323,655.00
7.515468,924.5797,653.00
7.515468,924.6270,642.00
7.515468,924.6744,682.00
7.515468,924.7218,615.00
7.515468,924.7692,673.00
7.515468,924.8165,618.00
7.515468,924.8639,671.00
7.515468,924.9112,639.00
7.515468,924.9585,667.00
7.515468,925.0059,668.00
7.515468,925.0532,635.00
7.515468,925.1005,609.00
7.515468,925.1478,681.00
7.515468,925.1952,611.00
7.515468,925.2424,666.00
7.515468,925.2897,625.00
7.515468,925.3370,686.00
7.515468,925.3843,634.00
7.515468,925.4316,645.00
7.515468,925.4789,601.00
7.515468,925.5262,662.00
7.515468,925.5734,617.00
7.515468,925.6207,691.00
7.515468,925.6680,618.00
7.515468,925.7153,698.00
7.515468,925.7625,633.00
7.515468,925.8097,644.00
7.515468,925.8569,663.00
7.515468,925.9042,659.00
7.515468,925.9514,621.00
7.515468,925.9987,662.00
7.515468,926.0458,628.00
7.515468,926.0930,679.00
7.515468,926.1403,617.00
7.515468,926.1874,682.00
7.515468,926.2346,631.00
7.515468,926.2819,680.00
7.515468,926.3290,631.00
7.515468,926.3762,670.00
7.515468,926.4233,591.00
7.515468,926.4705,691.00
7.515468,926.5177,684.00
7.515468,926.5648,695.00
7.515468,926.6120,687.00
7.515468,926.6591,709.00
7.515468,926.7063,647.00
7.515468,926.7534,664.00
7.515468,926.8005,621.00
7.515468,926.8477,721.00
7.515468,926.8947,662.00
7.515468,926.9418,701.00
7.515468,926.9890,690.00
7.515468,927.0361,690.00
7.515468,927.0831,664.00
7.515468,927.1302,657.00
7.515468,927.1773,616.00
7.515468,927.2244,729.00
7.515468,927.2715,651.00
7.515468,927.3185,706.00
7.515468,927.3656,662.00
7.515468,927.4126,738.00
7.515468,927.4597,720.00
7.515468,927.5067,671.00
7.515468,927.5538,649.00
7.515468,927.6008,723.00
7.515468,927.6478,675.00
7.515468,927.6949,742.00
7.515468,927.7419,683.00
7.515468,927.7888,688.00
7.515468,927.8358,707.00
7.515468,927.8829,713.00
7.515468,927.9299,649.00
7.515468,927.9769,719.00
7.515468,928.0239,688.00
7.515468,928.0708,723.00
7.515468,928.1177,658.00
7.515468,928.1648,756.00
7.515468,928.2117,725.00
7.515468,928.2587,738.00
7.515468,928.3056,717.00
7.515468,928.3525,749.00
7.515468,928.3995,776.00
7.515468,928.4465,918.00
7.515468,928.4934,1093.00
7.515468,928.5402,1370.00
7.515468,928.5872,1364.00
7.515468,928.6340,1084.00
7.515468,928.6810,859.00
7.515468,928.7279,804.00
7.515468,928.7748,851.00
7.515468,928.8217,1020.00
7.515468,928.8685,1174.00
7.515468,928.9155,1629.00
7.515468,928.9623,2110.00
7.515468,929.0092,2211.00
7.515468,929.0560,1694.00
7.515468,929.1028,1385.00
7.515468,929.1498,1478.00
7.515468,929.1965,1871.00
7.515468,929.2434,2149.00
7.515468,929.2902,2723.00
7.515468,929.3370,3562.00
7.515468,929.3839,5939.00
7.515468,929.4307,9825.00
7.515468,929.4775,10300.00
7.515468,929.5243,7863.00
7.515468,929.5710,8353.00
7.515468,929.6179,11421.00
7.515468,929.6647,10294.00
7.515468,929.7115,5278.00
7.515468,929.7582,2463.00
7.515468,929.8050,1808.00
7.515468,929.8517,2192.00
7.515468,929.8986,2777.00
7.515468,929.9453,2885.00
7.515468,929.9921,2817.00
7.515468,930.0388,2694.00
7.515468,930.0854,2384.00
7.515468,930.1323,1760.00
7.515468,930.1790,1234.00
7.515468,930.2256,1334.00
7.515468,930.2724,1499.00
7.515468,930.3191,1778.00
7.515468,930.3658,1914.00
7.515468,930.4125,1569.00
7.515468,930.4592,1005.00
7.515468,930.5059,773.00
7.515468,930.5526,695.00
7.515468,930.5993,711.00
7.515468,930.6459,722.00
7.515468,930.6926,710.00
7.515468,930.7392,700.00
7.515468,930.7859,733.00
7.515468,930.8325,681.00
7.515468,930.8792,769.00
7.515468,930.9258,697.00
7.515468,930.9725,710.00
7.515468,931.0190,678.00
7.515468,931.0657,700.00
7.515468,931.1123,702.00
7.515468,931.1589,674.00
7.515468,931.2055,655.00
7.515468,931.2521,689.00
7.515468,931.2987,648.00
7.515468,931.3453,675.00
7.515468,931.3919,655.00
7.515468,931.4385,693.00
7.515468,931.4850,656.00
7.515468,931.5316,684.00
7.515468,931.5782,633.00
7.515468,931.6248,645.00
7.515468,931.6713,636.00
7.515468,931.7178,698.00
7.515468,931.7643,664.00
7.515468,931.8109,692.00
7.515468,931.8574,652.00
7.515468,931.9039,662.00
7.515468,931.9504,679.00
7.515468,931.9969,672.00
7.515468,932.0435,628.00
7.515468,932.0900,690.00
7.515468,932.1365,627.00
7.515468,932.1829,687.00
7.515468,932.2294,632.00
7.515468,932.2759,696.00
7.515468,932.3223,637.00
7.515468,932.3688,651.00
7.515468,932.4153,669.00
7.515468,932.4617,690.00
7.515468,932.5082,648.00
7.515468,932.5546,692.00
7.515468,932.6011,659.00
7.515468,932.6475,706.00
7.515468,932.6939,695.00
7.515468,932.7402,680.00
7.515468,932.7867,646.00
7.515468,932.8331,699.00
7.515468,932.8795,613.00
7.515468,932.9259,697.00
7.515468,932.9723,636.00
7.515468,933.0187,727.00
7.515468,933.0651,689.00
7.515468,933.1115,682.00
7.515468,933.1578,684.00
7.515468,933.2042,680.00
7.515468,933.2505,641.00
7.515468,933.2969,716.00
7.515468,933.3433,657.00
7.515468,933.3896,708.00
7.515468,933.4359,654.00
7.515468,933.4822,720.00
7.515468,933.5286,656.00
7.515468,933.5749,646.00
7.515468,933.6212,698.00
7.515468,933.6675,681.00
7.515468,933.7138,640.00
7.515468,933.7601,716.00
7.515468,933.8064,659.00
7.515468,933.8527,687.00
7.515468,933.8989,626.00
7.515468,933.9452,676.00
7.515468,933.9915,680.00
7.515468,934.0378,685.00
7.515468,934.0840,619.00
7.515468,934.1302,745.00
7.515468,934.1765,632.00
7.515468,934.2227,718.00
7.515468,934.2690,696.00
7.515468,934.3152,679.00
7.515468,934.3614,670.00
7.515468,934.4077,666.00
7.515468,934.4539,633.00
7.515468,934.5001,734.00
7.515468,934.5463,647.00
7.515468,934.5925,715.00
7.515468,934.6387,677.00
7.515468,934.6848,718.00
7.515468,934.7310,673.00
7.515468,934.7772,717.00
7.515468,934.8234,629.00
7.515468,934.8695,688.00
7.515468,934.9156,645.00
7.515468,934.9619,720.00
7.515468,935.0080,668.00
7.515468,935.0541,704.00
7.515468,935.1002,672.00
7.515468,935.1464,710.00
7.515468,935.1925,646.00
7.515468,935.2386,706.00
7.515468,935.2847,674.00
7.515468,935.3308,728.00
7.515468,935.3769,667.00
7.515468,935.4230,713.00
7.515468,935.4691,661.00
7.515468,935.5152,703.00
7.515468,935.5613,662.00
7.515468,935.6073,713.00
7.515468,935.6534,648.00
7.515468,935.6995,686.00
7.515468,935.7455,629.00
7.515468,935.7916,699.00
7.515468,935.8376,656.00
7.515468,935.8837,710.00
7.515468,935.9297,663.00
7.515468,935.9757,706.00
7.515468,936.0217,643.00
7.515468,936.0677,658.00
7.515468,936.1137,627.00
7.515468,936.1598,701.00
7.515468,936.2057,641.00
7.515468,936.2518,697.00
7.515468,936.2977,663.00
7.515468,936.3437,661.00
7.515468,936.3896,614.00
7.515468,936.4357,660.00
7.515468,936.4816,594.00
7.515468,936.5275,699.00
7.515468,936.5735,632.00
7.515468,936.6194,671.00
7.515468,936.6654,684.00
7.515468,936.7114,663.00
7.515468,936.7573,595.00
7.515468,936.8032,648.00
7.515468,936.8491,573.00
7.515468,936.8950,676.00
7.515468,936.9409,615.00
7.515468,936.9868,669.00
7.515468,937.0327,614.00
7.515468,937.0786,686.00
7.515468,937.1245,646.00
7.515468,937.1704,661.00
7.515468,937.2162,644.00
7.515468,937.2621,661.00
7.515468,937.3080,601.00
7.515468,937.3539,651.00
7.515468,937.3997,620.00
7.515468,937.4455,684.00
7.515468,937.4913,636.00
7.515468,937.5372,666.00
7.515468,937.5831,627.00
7.515468,937.6289,638.00
7.515468,937.6747,620.00
7.515468,937.7205,676.00
7.515468,937.7663,579.00
7.515468,937.8121,671.00
7.515468,937.8579,613.00
7.515468,937.9037,632.00
7.515468,937.9495,632.00
7.515468,937.9952,679.00
7.515468,938.0410,625.00
7.515468,938.0868,646.00
7.515468,938.1325,588.00
7.515468,938.1783,700.00
7.515468,938.2240,625.00
7.515468,938.2698,668.00
7.515468,938.3155,631.00
7.515468,938.3613,636.00
7.515468,938.4069,650.00
7.515468,938.4527,610.00
7.515468,938.4984,592.00
7.515468,938.5441,661.00
7.515468,938.5898,608.00
7.515468,938.6356,669.00
7.515468,938.6812,621.00
7.515468,938.7269,668.00
7.515468,938.7726,614.00
7.515468,938.8182,652.00
7.515468,938.8640,654.00
7.515468,938.9096,676.00
7.515468,938.9552,624.00
7.515468,939.0010,641.00
7.515468,939.0466,686.00
7.515468,939.0922,653.00
7.515468,939.1378,668.00
7.515468,939.1835,698.00
7.515468,939.2291,620.00
7.515468,939.2747,707.00
7.515468,939.3203,636.00
7.515468,939.3659,718.00
7.515468,939.4115,665.00
7.515468,939.4570,690.00
7.515468,939.5027,691.00
7.515468,939.5483,680.00
7.515468,939.5939,613.00
7.515468,939.6395,650.00
7.515468,939.6851,619.00
7.515468,939.7306,691.00
7.515468,939.7761,640.00
7.515468,939.8217,670.00
7.515468,939.8672,657.00
7.515468,939.9127,681.00
7.515468,939.9583,667.00
7.515468,940.0038,684.00
7.515468,940.0493,645.00
7.515468,940.0948,714.00
7.515468,940.1403,642.00
7.515468,940.1859,739.00
7.515468,940.2314,646.00
7.515468,940.2769,684.00
7.515468,940.3223,637.00
7.515468,940.3678,705.00
7.515468,940.4133,649.00
7.515468,940.4588,697.00
7.515468,940.5042,658.00
7.515468,940.5497,714.00
7.515468,940.5952,644.00
7.515468,940.6406,698.00
7.515468,940.6860,676.00
7.515468,940.7315,701.00
7.515468,940.7769,665.00
7.515468,940.8223,722.00
7.515468,940.8677,637.00
7.515468,940.9132,714.00
7.515468,940.9586,654.00
7.515468,941.0040,730.00
7.515468,941.0494,695.00
7.515468,941.0948,694.00
7.515468,941.1402,677.00
7.515468,941.1855,677.00
7.515468,941.2310,631.00
7.515468,941.2762,709.00
7.515468,941.3216,645.00
7.515468,941.3670,732.00
7.515468,941.4124,650.00
7.515468,941.4577,675.00
7.515468,941.5031,656.00
7.515468,941.5483,696.00
7.515468,941.5937,650.00
7.515468,941.6390,703.00
7.515468,941.6843,649.00
7.515468,941.7296,686.00
7.515468,941.7749,644.00
7.515468,941.8203,697.00
7.515468,941.8655,679.00
7.515468,941.9108,668.00
7.515468,941.9561,647.00
7.515468,942.0013,708.00
7.515468,942.0467,634.00
7.515468,942.0920,703.00
7.515468,942.1372,632.00
7.515468,942.1824,697.00
7.515468,942.2277,674.00
7.515468,942.2729,703.00
7.515468,942.3182,611.00
7.515468,942.3634,684.00
7.515468,942.4086,636.00
7.515468,942.4539,653.00
7.515468,942.4990,635.00
7.515468,942.5443,693.00
7.515468,942.5895,662.00
7.515468,942.6347,676.00
7.515468,942.6798,614.00
7.515468,942.7250,647.00
7.515468,942.7702,668.00
7.515468,942.8154,683.00
7.515468,942.8606,622.00
7.515468,942.9058,707.00
7.515468,942.9508,637.00
7.515468,942.9960,696.00
7.515468,943.0412,625.00
7.515468,943.0864,679.00
7.515468,943.1314,619.00
7.515468,943.1766,688.00
7.515468,943.2217,674.00
7.515468,943.2668,720.00
7.515468,943.3120,637.00
7.515468,943.3571,713.00
7.515468,943.4021,668.00
7.515468,943.4473,713.00
7.515468,943.4923,664.00
7.515468,943.5374,646.00
7.515468,943.5825,656.00
7.515468,943.6276,692.00
7.515468,943.6725,624.00
7.515468,943.7177,674.00
7.515468,943.7627,675.00
7.515468,943.8078,654.00
7.515468,943.8528,658.00
7.515468,943.8978,696.00
7.515468,943.9429,637.00
7.515468,943.9879,705.00
7.515468,944.0330,661.00
7.515468,944.0779,717.00
7.515468,944.1229,664.00
7.515468,944.1679,698.00
7.515468,944.2130,690.00
7.515468,944.2579,700.00
7.515468,944.3029,702.00
7.515468,944.3478,636.00
7.515468,944.3929,627.00
7.515468,944.4379,707.00
7.515468,944.4828,658.00
7.515468,944.5277,729.00
7.515468,944.5727,646.00
7.515468,944.6176,711.00
7.515468,944.6626,673.00
7.515468,944.7076,693.00
7.515468,944.7524,624.00
7.515468,944.7974,689.00
7.515468,944.8423,643.00
7.515468,944.8872,712.00
7.515468,944.9321,664.00
7.515468,944.9770,696.00
7.515468,945.0219,662.00
7.515468,945.0667,663.00
7.515468,945.1116,634.00
7.515468,945.1566,660.00
7.515468,945.2014,628.00
7.515468,945.2463,695.00
7.515468,945.2911,635.00
7.515468,945.3360,729.00
7.515468,945.3808,672.00
7.515468,945.4257,694.00
7.515468,945.4705,645.00
7.515468,945.5153,705.00
7.515468,945.5601,634.00
7.515468,945.6050,734.00
7.515468,945.6498,643.00
7.515468,945.6946,652.00
7.515468,945.7394,640.00
7.515468,945.7842,683.00
7.515468,945.8290,645.00
7.515468,945.8738,683.00
7.515468,945.9186,658.00
7.515468,945.9633,720.00
7.515468,946.0081,637.00
7.515468,946.0529,708.00
7.515468,946.0976,637.00
7.515468,946.1423,661.00
7.515468,946.1871,660.00
7.515468,946.2318,678.00
7.515468,946.2766,612.00
7.515468,946.3213,690.00
7.515468,946.3660,632.00
7.515468,946.4107,646.00
7.515468,946.4554,615.00
7.515468,946.5001,714.00
7.515468,946.5449,647.00
7.515468,946.5895,660.00
7.515468,946.6342,601.00
7.515468,946.6789,673.00
7.515468,946.7236,641.00
7.515468,946.7682,679.00
7.515468,946.8129,658.00
7.515468,946.8575,712.00
7.515468,946.9022,638.00
7.515468,946.9468,706.00
7.515468,946.9915,661.00
7.515468,947.0361,681.00
7.515468,947.0807,658.00
7.515468,947.1253,675.00
7.515468,947.1700,583.00
7.515468,947.2146,720.00
7.515468,947.2592,622.00
7.515468,947.3038,693.00
7.515468,947.3483,677.00
7.515468,947.3929,689.00
7.515468,947.4376,626.00
7.515468,947.4821,669.00
7.515468,947.5267,630.00
7.515468,947.5712,708.00
7.515468,947.6158,676.00
7.515468,947.6604,681.00
7.515468,947.7050,658.00
7.515468,947.7495,653.00
7.515468,947.7939,620.00
7.515468,947.8385,678.00
7.515468,947.8831,618.00
7.515468,947.9276,655.00
7.515468,947.9720,650.00
7.515468,948.0166,656.00
7.515468,948.0611,619.00
7.515468,948.1056,649.00
7.515468,948.1501,593.00
7.515468,948.1945,637.00
7.515468,948.2390,634.00
7.515468,948.2835,645.00
7.515468,948.3279,590.00
7.515468,948.3724,652.00
7.515468,948.4169,636.00
7.515468,948.4613,679.00
7.515468,948.5057,640.00
7.515468,948.5502,625.00
7.515468,948.5947,614.00
7.515468,948.6391,676.00
7.515468,948.6835,621.00
7.515468,948.7279,682.00
7.515468,948.7723,658.00
7.515468,948.8167,659.00
7.515468,948.8611,608.00
7.515468,948.9055,624.00
7.515468,948.9498,607.00
7.515468,948.9943,657.00
7.515468,949.0387,631.00
7.515468,949.0830,664.00
7.515468,949.1273,634.00
7.515468,949.1718,673.00
7.515468,949.2161,652.00
7.515468,949.2604,647.00
7.515468,949.3047,596.00
7.515468,949.3491,649.00
7.515468,949.3934,646.00
7.515468,949.4377,654.00
7.515468,949.4821,595.00
7.515468,949.5264,686.00
7.515468,949.5707,638.00
7.515468,949.6150,647.00
7.515468,949.6592,655.00
7.515468,949.7036,659.00
7.515468,949.7479,625.00
7.515468,949.7921,665.00
7.515468,949.8363,605.00
7.515468,949.8806,677.00
7.515468,949.9249,635.00
7.515468,949.9692,678.00
7.515468,950.0134,632.00
7.515468,950.0576,660.00
7.515468,950.1019,656.00
7.515468,950.1461,673.00
7.515468,950.1903,603.00
7.515468,950.2346,698.00
7.515468,950.2787,638.00
7.515468,950.3229,670.00
7.515468,950.3671,626.00
7.515468,950.4114,669.00
7.515468,950.4555,649.00
7.515468,950.4997,655.00
7.515468,950.5439,643.00
7.515468,950.5880,703.00
7.515468,950.6322,598.00
7.515468,950.6763,658.00
7.515468,950.7205,649.00
7.515468,950.7646,661.00
7.515468,950.8088,617.00
7.515468,950.8530,655.00
7.515468,950.8971,633.00
7.515468,950.9412,652.00
7.515468,950.9853,598.00
7.515468,951.0294,672.00
7.515468,951.0735,617.00
7.515468,951.1177,706.00
7.515468,951.1617,668.00
7.515468,951.2057,657.00
7.515468,951.2499,656.00
7.515468,951.2939,670.00
7.515468,951.3380,615.00
7.515468,951.3821,652.00
7.515468,951.4261,652.00
7.515468,951.4702,674.00
7.515468,951.5142,657.00
7.515468,951.5582,665.00
7.515468,951.6024,638.00
7.515468,951.6464,662.00
7.515468,951.6904,641.00
7.515468,951.7344,692.00
7.515468,951.7784,588.00
7.515468,951.8224,661.00
7.515468,951.8665,623.00
7.515468,951.9104,682.00
7.515468,951.9544,638.00
7.515468,951.9984,662.00
7.515468,952.0424,626.00
7.515468,952.0864,679.00
7.515468,952.1303,623.00
7.515468,952.1743,703.00
7.515468,952.2183,645.00
7.515468,952.2621,693.00
7.515468,952.3061,669.00
7.515468,952.3500,675.00
7.515468,952.3940,633.00
7.515468,952.4379,662.00
7.515468,952.4818,622.00
7.515468,952.5258,678.00
7.515468,952.5696,651.00
7.515468,952.6136,716.00
7.515468,952.6574,663.00
7.515468,952.7014,697.00
7.515468,952.7452,649.00
7.515468,952.7891,663.00
7.515468,952.8330,632.00
7.515468,952.8768,681.00
7.515468,952.9207,656.00
7.515468,952.9645,734.00
7.515468,953.0084,619.00
7.515468,953.0522,646.00
7.515468,953.0961,650.00
7.515468,953.1400,654.00
7.515468,953.1838,629.00
7.515468,953.2275,633.00
7.515468,953.2714,621.00
7.515468,953.3152,701.00
7.515468,953.3589,639.00
7.515468,953.4028,676.00
7.515468,953.4466,638.00
7.515468,953.4904,644.00
7.515468,953.5341,662.00
7.515468,953.5779,633.00
7.515468,953.6217,586.00
7.515468,953.6654,645.00
7.515468,953.7092,578.00
7.515468,953.7529,663.00
7.515468,953.7967,606.00
7.515468,953.8405,639.00
7.515468,953.8842,628.00
7.515468,953.9279,625.00
7.515468,953.9716,621.00
7.515468,954.0153,669.00
7.515468,954.0590,619.00
7.515468,954.1027,658.00
7.515468,954.1464,628.00
7.515468,954.1901,668.00
7.515468,954.2338,636.00
7.515468,954.2774,667.00
7.515468,954.3212,593.00
7.515468,954.3648,658.00
7.515468,954.4084,624.00
7.515468,954.4521,676.00
7.515468,954.4958,617.00
7.515468,954.5394,628.00
7.515468,954.5831,625.00
7.515468,954.6267,652.00
7.515468,954.6703,628.00
7.515468,954.7139,662.00
7.515468,954.7576,588.00
7.515468,954.8012,666.00
7.515468,954.8448,584.00
7.515468,954.8884,684.00
7.515468,954.9319,605.00
7.515468,954.9755,654.00
7.515468,955.0191,617.00
7.515468,955.0627,616.00
7.515468,955.1063,590.00
7.515468,955.1498,628.00
7.515468,955.1934,581.00
7.515468,955.2369,652.00
7.515468,955.2805,590.00
7.515468,955.3240,641.00
7.515468,955.3675,632.00
7.515468,955.4111,618.00
7.515468,955.4546,596.00
7.515468,955.4981,651.00
7.515468,955.5416,602.00
7.515468,955.5851,666.00
7.515468,955.6285,611.00
7.515468,955.6722,648.00
7.515468,955.7156,611.00
7.515468,955.7590,629.00
7.515468,955.8025,625.00
7.515468,955.8460,647.00
7.515468,955.8895,576.00
7.515468,955.9329,657.00
7.515468,955.9764,622.00
7.515468,956.0198,662.00
7.515468,956.0632,639.00
7.515468,956.1067,694.00
7.515468,956.1501,666.00
7.515468,956.1935,657.00
7.515468,956.2369,597.00
7.515468,956.2803,631.00
7.515468,956.3238,575.00
7.515468,956.3671,671.00
7.515468,956.4105,622.00
7.515468,956.4539,652.00
7.515468,956.4973,635.00
7.515468,956.5406,597.00
7.515468,956.5841,627.00
7.515468,956.6274,653.00
7.515468,956.6707,578.00
7.515468,956.7141,653.00
7.515468,956.7575,614.00
7.515468,956.8008,667.00
7.515468,956.8442,626.00
7.515468,956.8875,667.00
7.515468,956.9308,618.00
7.515468,956.9741,661.00
7.515468,957.0174,613.00
7.515468,957.0607,647.00
7.515468,957.1040,579.00
7.515468,957.1473,677.00
7.515468,957.1906,620.00
7.515468,957.2339,662.00
7.515468,957.2772,621.00
7.515468,957.3204,653.00
7.515468,957.3636,606.00
7.515468,957.4069,652.00
7.515468,957.4502,603.00
7.515468,957.4934,652.00
7.515468,957.5366,616.00
7.515468,957.5799,649.00
7.515468,957.6230,620.00
7.515468,957.6664,665.00
7.515468,957.7095,632.00
7.515468,957.7527,670.00
7.515468,957.7959,620.00
7.515468,957.8392,690.00
7.515468,957.8823,638.00
7.515468,957.9255,704.00
7.515468,957.9687,653.00
7.515468,958.0118,678.00
7.515468,958.0551,649.00
7.515468,958.0983,655.00
7.515468,958.1414,620.00
7.515468,958.1845,694.00
7.515468,958.2277,631.00
7.515468,958.2708,698.00
7.515468,958.3139,623.00
7.515468,958.3571,670.00
7.515468,958.4001,661.00
7.515468,958.4432,673.00
7.515468,958.4864,635.00
7.515468,958.5295,665.00
7.515468,958.5726,643.00
7.515468,958.6157,686.00
7.515468,958.6588,650.00
7.515468,958.7018,689.00
7.515468,958.7449,598.00
7.515468,958.7879,677.00
7.515468,958.8311,643.00
7.515468,958.8741,663.00
7.515468,958.9171,624.00
7.515468,958.9601,691.00
7.515468,959.0032,634.00
7.515468,959.0463,697.00
7.515468,959.0893,665.00
7.515468,959.1323,660.00
7.515468,959.1752,667.00
7.515468,959.2183,673.00
7.515468,959.2613,638.00
7.515468,959.3043,674.00
7.515468,959.3472,628.00
7.515468,959.3903,673.00
7.515468,959.4332,630.00
7.515468,959.4763,647.00
7.515468,959.5192,621.00
7.515468,959.5621,634.00
7.515468,959.6051,620.00
7.515468,959.6480,685.00
7.515468,959.6910,595.00
7.515468,959.7339,668.00
7.515468,959.7768,601.00
7.515468,959.8198,650.00
7.515468,959.8627,614.00
7.515468,959.9056,651.00
7.515468,959.9485,610.00
7.515468,959.9915,638.00
7.515468,960.0343,577.00
7.515468,960.0771,685.00
7.515468,960.1201,589.00
7.515468,960.1630,667.00
7.515468,960.2058,621.00
7.515468,960.2487,642.00
7.515468,960.2915,642.00
7.515468,960.3344,644.00
7.515468,960.3773,587.00
7.515468,960.4200,668.00
7.515468,960.4629,583.00
7.515468,960.5057,655.00
7.515468,960.5485,604.00
7.515468,960.5914,615.00
7.515468,960.6342,614.00
7.515468,960.6770,607.00
7.515468,960.7198,599.00
7.515468,960.7626,614.00
7.515468,960.8054,593.00
7.515468,960.8481,629.00
7.515468,960.8909,607.00
7.515468,960.9337,651.00
7.515468,960.9764,605.00
7.515468,961.0192,644.00
7.515468,961.0620,588.00
7.515468,961.1047,585.00
7.515468,961.1475,595.00
7.515468,961.1902,596.00
7.515468,961.2329,582.00
7.515468,961.2757,646.00
7.515468,961.3184,618.00
7.515468,961.3611,597.00
7.515468,961.4037,628.00
7.515468,961.4465,635.00
7.515468,961.4892,595.00
7.515468,961.5319,659.00
7.515468,961.5745,578.00
7.515468,961.6172,648.00
7.515468,961.6599,595.00
7.515468,961.7026,667.00
7.515468,961.7452,601.00
7.515468,961.7878,625.00
7.515468,961.8304,618.00
7.515468,961.8731,629.00
7.515468,961.9157,579.00
7.515468,961.9584,640.00
7.515468,962.0010,656.00
7.515468,962.0436,675.00
7.515468,962.0862,644.00
7.515468,962.1288,623.00
7.515468,962.1714,592.00
7.515468,962.2140,634.00
7.515468,962.2565,561.00
7.515468,962.2991,628.00
7.515468,962.3417,589.00
7.515468,962.3843,646.00
7.515468,962.4268,633.00
7.515468,962.4694,652.00
7.515468,962.5119,634.00
7.515468,962.5545,644.00
7.515468,962.5970,599.00
7.515468,962.6396,654.00
7.515468,962.6821,594.00
7.515468,962.7246,701.00
7.515468,962.7671,638.00
7.515468,962.8096,675.00
7.515468,962.8522,625.00
7.515468,962.8947,613.00
7.515468,962.9371,590.00
7.515468,962.9796,631.00
7.515468,963.0222,619.00
7.515468,963.0646,656.00
7.515468,963.1070,596.00
7.515468,963.1495,653.00
7.515468,963.1919,621.00
7.515468,963.2344,635.00
7.515468,963.2768,592.00
7.515468,963.3193,668.00
7.515468,963.3616,606.00
7.515468,963.4041,670.00
7.515468,963.4465,599.00
7.515468,963.4889,654.00
7.515468,963.5314,632.00
7.515468,963.5737,643.00
7.515468,963.6161,625.00
7.515468,963.6585,597.00
7.515468,963.7009,579.00
7.515468,963.7433,610.00
7.515468,963.7856,611.00
7.515468,963.8280,700.00
7.515468,963.8704,606.00
7.515468,963.9127,637.00
7.515468,963.9551,621.00
7.515468,963.9974,605.00
7.515468,964.0397,608.00
7.515468,964.0820,669.00
7.515468,964.1244,622.00
7.515468,964.1667,656.00
7.515468,964.2090,602.00
7.515468,964.2513,674.00
7.515468,964.2936,602.00
7.515468,964.3359,629.00
7.515468,964.3782,600.00
7.515468,964.4205,647.00
7.515468,964.4627,589.00
7.515468,964.5050,647.00
7.515468,964.5472,584.00
7.515468,964.5895,662.00
7.515468,964.6317,607.00
7.515468,964.6740,636.00
7.515468,964.7162,629.00
7.515468,964.7585,612.00
7.515468,964.8007,583.00
7.515468,964.8429,633.00
7.515468,964.8851,586.00
7.515468,964.9273,624.00
7.515468,964.9695,602.00
7.515468,965.0118,631.00
7.515468,965.0539,612.00
7.515468,965.0961,619.00
7.515468,965.1382,648.00
7.515468,965.1805,655.00
7.515468,965.2226,605.00
7.515468,965.2648,636.00
7.515468,965.3069,609.00
7.515468,965.3491,650.00
7.515468,965.3912,619.00
7.515468,965.4333,668.00
7.515468,965.4755,624.00
7.515468,965.5176,648.00
7.515468,965.5598,579.00
7.515468,965.6019,675.00
7.515468,965.6439,592.00
7.515468,965.6861,648.00
7.515468,965.7281,600.00
7.515468,965.7702,631.00
7.515468,965.8123,577.00
7.515468,965.8543,620.00
7.515468,965.8964,568.00
7.515468,965.9385,642.00
7.515468,965.9806,599.00
7.515468,966.0226,626.00
7.515468,966.0647,584.00
7.515468,966.1068,612.00
7.515468,966.1487,645.00
7.515468,966.1907,619.00
7.515468,966.2328,597.00
7.515468,966.2748,624.00
7.515468,966.3168,596.00
7.515468,966.3588,622.00
7.515468,966.4008,589.00
7.515468,966.4427,612.00
7.515468,966.4848,600.00
7.515468,966.5268,628.00
7.515468,966.5688,599.00
7.515468,966.6107,624.00
7.515468,966.6526,592.00
7.515468,966.6946,660.00
7.515468,966.7366,594.00
7.515468,966.7785,651.00
7.515468,966.8204,608.00
7.515468,966.8624,612.00
7.515468,966.9042,624.00
7.515468,966.9462,605.00
7.515468,966.9881,581.00
7.515468,967.0300,628.00
7.515468,967.0719,564.00
7.515468,967.1138,660.00
7.515468,967.1556,590.00
7.515468,967.1976,650.00
7.515468,967.2394,612.00
7.515468,967.2813,612.00
7.515468,967.3232,582.00
7.515468,967.3651,623.00
7.515468,967.4070,561.00
7.515468,967.4488,622.00
7.515468,967.4906,576.00
7.515468,967.5324,675.00
7.515468,967.5743,627.00
7.515468,967.6161,648.00
7.515468,967.6579,613.00
7.515468,967.6997,632.00
7.515468,967.7415,587.00
7.515468,967.7833,649.00
7.515468,967.8251,576.00
7.515468,967.8669,702.00
7.515468,967.9087,634.00
7.515468,967.9504,647.00
7.515468,967.9922,638.00
7.515468,968.0339,646.00
7.515468,968.0757,605.00
7.515468,968.1174,653.00
7.515468,968.1592,579.00
7.515468,968.2009,633.00
7.515468,968.2427,591.00
7.515468,968.2844,636.00
7.515468,968.3262,650.00
7.515468,968.3679,615.00
7.515468,968.4095,612.00
7.515468,968.4512,633.00
7.515468,968.4930,590.00
7.515468,968.5347,679.00
7.515468,968.5763,649.00
7.515468,968.6180,676.00
7.515468,968.6597,616.00
7.515468,968.7014,659.00
7.515468,968.7430,607.00
7.515468,968.7846,638.00
7.515468,968.8263,616.00
7.515468,968.8679,628.00
7.515468,968.9095,611.00
7.515468,968.9512,703.00
7.515468,968.9928,645.00
7.515468,969.0344,644.00
7.515468,969.0761,630.00
7.515468,969.1177,627.00
7.515468,969.1592,597.00
7.515468,969.2009,620.00
7.515468,969.2424,608.00
7.515468,969.2839,671.00
7.515468,969.3255,591.00
7.515468,969.3672,624.00
7.515468,969.4087,602.00
7.515468,969.4503,644.00
7.515468,969.4918,591.00
7.515468,969.5333,617.00
7.515468,969.5749,556.00
7.515468,969.6165,637.00
7.515468,969.6580,592.00
7.515468,969.6995,625.00
7.515468,969.7410,624.00
7.515468,969.7825,636.00
7.515468,969.8240,594.00
7.515468,969.8655,612.00
7.515468,969.9070,578.00
7.515468,969.9484,664.00
7.515468,969.9899,570.00
7.515468,970.0314,609.00
7.515468,970.0728,622.00
7.515468,970.1143,625.00
7.515468,970.1558,620.00
7.515468,970.1971,637.00
7.515468,970.2386,560.00
7.515468,970.2801,635.00
7.515468,970.3215,562.00
7.515468,970.3629,660.00
7.515468,970.4044,596.00
7.515468,970.4457,616.00
7.515468,970.4872,623.00
7.515468,970.5286,621.00
7.515468,970.5699,594.00
7.515468,970.6113,606.00
7.515468,970.6527,566.00
7.515468,970.6941,627.00
7.515468,970.7354,600.00
7.515468,970.7768,623.00
7.515468,970.8182,585.00
7.515468,970.8595,637.00
7.515468,970.9009,625.00
7.515468,970.9422,600.00
7.515468,970.9835,597.00
7.515468,971.0248,632.00
7.515468,971.0662,558.00
7.515468,971.1075,632.00
7.515468,971.1487,578.00
7.515468,971.1901,620.00
7.515468,971.2314,588.00
7.515468,971.2727,571.00
7.515468,971.3140,568.00
7.515468,971.3552,609.00
7.515468,971.3965,536.00
7.515468,971.4377,634.00
7.515468,971.4789,601.00
7.515468,971.5203,598.00
7.515468,971.5615,624.00
7.515468,971.6027,614.00
7.515468,971.6439,553.00
7.515468,971.6852,610.00
7.515468,971.7264,573.00
7.515468,971.7676,642.00
7.515468,971.8088,565.00
7.515468,971.8500,650.00
7.515468,971.8912,587.00
7.515468,971.9324,614.00
7.515468,971.9736,601.00
7.515468,972.0148,610.00
7.515468,972.0560,569.00
7.515468,972.0972,617.00
7.515468,972.1384,571.00
7.515468,972.1794,630.00
7.515468,972.2206,583.00
7.515468,972.2617,606.00
7.515468,972.3029,604.00
7.515468,972.3439,601.00
7.515468,972.3851,575.00
7.515468,972.4262,573.00
7.515468,972.4673,517.00
7.515468,972.5085,636.00
7.515468,972.5496,576.00
7.515468,972.5907,617.00
7.515468,972.6317,544.00
7.515468,972.6729,592.00
7.515468,972.7139,540.00
7.515468,972.7549,600.00
7.515468,972.7961,526.00
7.515468,972.8371,588.00
7.515468,972.8781,564.00
7.515468,972.9191,654.00
7.515468,972.9602,580.00
7.515468,973.0013,631.00
7.515468,973.0423,578.00
7.515468,973.0833,588.00
7.515468,973.1243,537.00
7.515468,973.1653,598.00
7.515468,973.2064,557.00
7.515468,973.2473,625.00
7.515468,973.2883,586.00
7.515468,973.3293,614.00
7.515468,973.3703,583.00
7.515468,973.4113,620.00
7.515468,973.4522,558.00
7.515468,973.4931,639.00
7.515468,973.5341,575.00
7.515468,973.5750,635.00
7.515468,973.6160,582.00
7.515468,973.6570,663.00
7.515468,973.6978,601.00
7.515468,973.7388,579.00
7.515468,973.7797,575.00
7.515468,973.8206,591.00
7.515468,973.8615,555.00
7.515468,973.9024,600.00
7.515468,973.9433,571.00
7.515468,973.9842,651.00
7.515468,974.0250,581.00
7.515468,974.0660,599.00
7.515468,974.1068,614.00
7.515468,974.1476,595.00
7.515468,974.1885,591.00
7.515468,974.2294,628.00
7.515468,974.2702,577.00
7.515468,974.3110,629.00
7.515468,974.3519,611.00
7.515468,974.3927,631.00
7.515468,974.4335,616.00
7.515468,974.4743,594.00
7.515468,974.5151,578.00
7.515468,974.5559,655.00
7.515468,974.5967,569.00
7.515468,974.6375,658.00
7.515468,974.6783,567.00
7.515468,974.7191,653.00
7.515468,974.7598,611.00
7.515468,974.8006,640.00
7.515468,974.8413,627.00
7.515468,974.8821,615.00
7.515468,974.9229,606.00
7.515468,974.9636,655.00
7.515468,975.0043,586.00
7.515468,975.0450,669.00
7.515468,975.0858,615.00
7.515468,975.1265,621.00
7.515468,975.1672,617.00
7.515468,975.2079,649.00
7.515468,975.2485,600.00
7.515468,975.2892,657.00
7.515468,975.3300,610.00
7.515468,975.3706,662.00
7.515468,975.4113,654.00
7.515468,975.4519,676.00
7.515468,975.4926,636.00
7.515468,975.5333,647.00
7.515468,975.5739,607.00
7.515468,975.6146,643.00
7.515468,975.6552,590.00
7.515468,975.6958,656.00
7.515468,975.7363,601.00
7.515468,975.7770,635.00
7.515468,975.8176,621.00
7.515468,975.8582,639.00
7.515468,975.8989,646.00
7.515468,975.9395,632.00
7.515468,975.9800,619.00
7.515468,976.0206,656.00
7.515468,976.0611,603.00
7.515468,976.1017,677.00
7.515468,976.1423,642.00
7.515468,976.1829,639.00
7.515468,976.2234,644.00
7.515468,976.2639,669.00
7.515468,976.3044,584.00
7.515468,976.3450,649.00
7.515468,976.3855,589.00
7.515468,976.4260,654.00
7.515468,976.4665,652.00
7.515468,976.5070,652.00
7.515468,976.5475,642.00
7.515468,976.5880,648.00
7.515468,976.6285,605.00
7.515468,976.6690,646.00
7.515468,976.7095,566.00
7.515468,976.7500,669.00
7.515468,976.7905,630.00
7.515468,976.8308,646.00
7.515468,976.8713,623.00
7.515468,976.9117,633.00
7.515468,976.9521,600.00
7.515468,976.9926,621.00
7.515468,977.0330,577.00
7.515468,977.0734,635.00
7.515468,977.1139,586.00
7.515468,977.1542,640.00
7.515468,977.1947,576.00
7.515468,977.2350,642.00
7.515468,977.2755,603.00
7.515468,977.3158,613.00
7.515468,977.3562,574.00
7.515468,977.3965,630.00
7.515468,977.4370,571.00
7.515468,977.4773,627.00
7.515468,977.5176,614.00
7.515468,977.5579,607.00
7.515468,977.5983,593.00
7.515468,977.6387,635.00
7.515468,977.6790,579.00
7.515468,977.7192,607.00
7.515468,977.7595,573.00
7.515468,977.7999,656.00
7.515468,977.8402,589.00
7.515468,977.8805,605.00
7.515468,977.9208,571.00
7.515468,977.9610,564.00
7.515468,978.0013,584.00
7.515468,978.0417,586.00
7.515468,978.0819,548.00
7.515468,978.1221,619.00
7.515468,978.1624,568.00
7.515468,978.2026,586.00
7.515468,978.2428,539.00
7.515468,978.2831,590.00
7.515468,978.3233,605.00
7.515468,978.3635,582.00
7.515468,978.4037,563.00
7.515468,978.4440,627.00
7.515468,978.4842,549.00
7.515468,978.5244,582.00
7.515468,978.5645,571.00
7.515468,978.6047,593.00
7.515468,978.6449,549.00
7.515468,978.6851,592.00
7.515468,978.7253,541.00
7.515468,978.7654,587.00
7.515468,978.8055,552.00
7.515468,978.8458,578.00
7.515468,978.8859,530.00
7.515468,978.9260,610.00
7.515468,978.9661,567.00
7.515468,979.0062,560.00
7.515468,979.0463,557.00
7.515468,979.0864,565.00
7.515468,979.1266,511.00
7.515468,979.1666,601.00
7.515468,979.2067,540.00
7.515468,979.2469,586.00
7.515468,979.2869,582.00
7.515468,979.3270,593.00
7.515468,979.3671,596.00
7.515468,979.4071,598.00
7.515468,979.4471,543.00
7.515468,979.4871,607.00
7.515468,979.5272,540.00
7.515468,979.5673,624.00
7.515468,979.6072,611.00
7.515468,979.6473,605.00
7.515468,979.6873,583.00
7.515468,979.7273,580.00
7.515468,979.7673,534.00
7.515468,979.8073,601.00
7.515468,979.8473,546.00
7.515468,979.8873,605.00
7.515468,979.9273,532.00
7.515468,979.9673,621.00
7.515468,980.0072,584.00
7.515468,980.0471,551.00
7.515468,980.0872,566.00
7.515468,980.1271,586.00
7.515468,980.1671,544.00
7.515468,980.2069,598.00
7.515468,980.2469,553.00
7.515468,980.2868,623.00
7.515468,980.3267,557.00
7.515468,980.3666,632.00
7.515468,980.4065,577.00
7.515468,980.4464,584.00
7.515468,980.4863,543.00
7.515468,980.5262,606.00
7.515468,980.5660,536.00
7.515468,980.6060,632.00
7.515468,980.6458,576.00
7.515468,980.6857,613.00
7.515468,980.7255,549.00
7.515468,980.7654,584.00
7.515468,980.8052,554.00
7.515468,980.8450,596.00
7.515468,980.8849,534.00
7.515468,980.9247,584.00
7.515468,980.9645,548.00
7.515468,981.0043,597.00
7.515468,981.0441,612.00
7.515468,981.0839,587.00
7.515468,981.1237,568.00
7.515468,981.1635,620.00
7.515468,981.2033,496.00
7.515468,981.2430,650.00
7.515468,981.2828,525.00
7.515468,981.3226,622.00
7.515468,981.3624,568.00
7.515468,981.4021,600.00
7.515468,981.4418,555.00
7.515468,981.4816,600.00
7.515468,981.5213,557.00
7.515468,981.5610,606.00
7.515468,981.6008,542.00
7.515468,981.6404,607.00
7.515468,981.6802,552.00
7.515468,981.7198,586.00
7.515468,981.7596,557.00
7.515468,981.7993,549.00
7.515468,981.8389,515.00
7.515468,981.8786,552.00
7.515468,981.9182,519.00
7.515468,981.9579,592.00
7.515468,981.9976,530.00
7.515468,982.0372,599.00
7.515468,982.0768,524.00
7.515468,982.1165,553.00
7.515468,982.1561,554.00
7.515468,982.1958,541.00
7.515468,982.2354,505.00
7.515468,982.2750,574.00
7.515468,982.3146,530.00
7.515468,982.3541,587.00
7.515468,982.3937,558.00
7.515468,982.4333,586.00
7.515468,982.4730,553.00
7.515468,982.5125,573.00
7.515468,982.5521,521.00
7.515468,982.5917,575.00
7.515468,982.6312,533.00
7.515468,982.6707,582.00
7.515468,982.7103,542.00
7.515468,982.7498,590.00
7.515468,982.7893,521.00
7.515468,982.8289,564.00
7.515468,982.8683,493.00
7.515468,982.9079,555.00
7.515468,982.9474,527.00
7.515468,982.9869,612.00
7.515468,983.0264,514.00
7.515468,983.0659,570.00
7.515468,983.1053,547.00
7.515468,983.1448,587.00
7.515468,983.1843,512.00
7.515468,983.2238,601.00
7.515468,983.2632,559.00
7.515468,983.3027,599.00
7.515468,983.3420,557.00
7.515468,983.3816,600.00
7.515468,983.4210,516.00
7.515468,983.4604,589.00
7.515468,983.4998,527.00
7.515468,983.5392,564.00
7.515468,983.5786,502.00
7.515468,983.6180,560.00
7.515468,983.6574,532.00
7.515468,983.6968,609.00
7.515468,983.7361,572.00
7.515468,983.7755,589.00
7.515468,983.8149,500.00
7.515468,983.8543,554.00
7.515468,983.8936,542.00
7.515468,983.9329,578.00
7.515468,983.9723,516.00
7.515468,984.0116,586.00
7.515468,984.0510,541.00
7.515468,984.0903,601.00
7.515468,984.1296,539.00
7.515468,984.1689,568.00
7.515468,984.2083,567.00
7.515468,984.2476,556.00
7.515468,984.2868,548.00
7.515468,984.3261,595.00
7.515468,984.3654,512.00
7.515468,984.4046,607.00
7.515468,984.4440,536.00
7.515468,984.4832,576.00
7.515468,984.5225,563.00
7.515468,984.5616,548.00
7.515468,984.6010,523.00
7.515468,984.6402,542.00
7.515468,984.6794,518.00
7.515468,984.7186,605.00
7.515468,984.7578,560.00
7.515468,984.7970,605.00
7.515468,984.8362,565.00
7.515468,984.8755,551.00
7.515468,984.9146,548.00
7.515468,984.9538,582.00
7.515468,984.9930,502.00
7.515468,985.0322,594.00
7.515468,985.0714,537.00
7.515468,985.1105,568.00
7.515468,985.1497,535.00
7.515468,985.1888,547.00
7.515468,985.2279,551.00
7.515468,985.2671,548.00
7.515468,985.3062,512.00
7.515468,985.3453,571.00
7.515468,985.3845,527.00
7.515468,985.4236,559.00
7.515468,985.4626,544.00
7.515468,985.5017,614.00
7.515468,985.5408,577.00
7.515468,985.5799,589.00
7.515468,985.6190,513.00
7.515468,985.6581,568.00
7.515468,985.6971,519.00
7.515468,985.7362,588.00
7.515468,985.7752,534.00
7.515468,985.8143,560.00
7.515468,985.8533,526.00
7.515468,985.8924,569.00
7.515468,985.9314,556.00
7.515468,985.9704,545.00
7.515468,986.0094,526.00
7.515468,986.0484,593.00
7.515468,986.0875,532.00
7.515468,986.1265,576.00
7.515468,986.1655,532.00
7.515468,986.2044,551.00
7.515468,986.2434,532.00
7.515468,986.2823,560.00
7.515468,986.3214,496.00
7.515468,986.3603,566.00
7.515468,986.3992,461.00
7.515468,986.4382,554.00
7.515468,986.4771,532.00
7.515468,986.5161,586.00
7.515468,986.5550,557.00
7.515468,986.5939,534.00
7.515468,986.6329,509.00
7.515468,986.6718,544.00
7.515468,986.7106,513.00
7.515468,986.7495,576.00
7.515468,986.7884,547.00
7.515468,986.8273,568.00
7.515468,986.8661,504.00
7.515468,986.9050,566.00
7.515468,986.9438,514.00
7.515468,986.9828,553.00
7.515468,987.0216,510.00
7.515468,987.0605,568.00
7.515468,987.0993,471.00
7.515468,987.1381,575.00
7.515468,987.1769,540.00
7.515468,987.2158,541.00
7.515468,987.2546,538.00
7.515468,987.2934,569.00
7.515468,987.3322,485.00
7.515468,987.3710,552.00
7.515468,987.4097,468.00
7.515468,987.4486,577.00
7.515468,987.4873,500.00
7.515468,987.5261,518.00
7.515468,987.5649,516.00
7.515468,987.6036,530.00
7.515468,987.6423,496.00
7.515468,987.6812,558.00
7.515468,987.7198,475.00
7.515468,987.7586,554.00
7.515468,987.7972,509.00
7.515468,987.8361,534.00
7.515468,987.8748,531.00
7.515468,987.9135,529.00
7.515468,987.9521,501.00
7.515468,987.9908,554.00
7.515468,988.0295,483.00
7.515468,988.0681,521.00
7.515468,988.1069,478.00
7.515468,988.1456,562.00
7.515468,988.1842,547.00
7.515468,988.2228,545.00
7.515468,988.2615,534.00
7.515468,988.3002,527.00
7.515468,988.3388,459.00
7.515468,988.3774,509.00
7.515468,988.4160,494.00
7.515468,988.4546,573.00
7.515468,988.4933,517.00
7.515468,988.5319,541.00
7.515468,988.5704,514.00
7.515468,988.6090,481.00
7.515468,988.6476,472.00
7.515468,988.6862,542.00
7.515468,988.7248,462.00
7.515468,988.7634,571.00
7.515468,988.8019,496.00
7.515468,988.8405,514.00
7.515468,988.8790,525.00
7.515468,988.9176,511.00
7.515468,988.9561,483.00
7.515468,988.9946,514.00
7.515468,989.0332,493.00
7.515468,989.0717,540.00
7.515468,989.1102,495.00
7.515468,989.1487,543.00
7.515468,989.1871,501.00
7.515468,989.2256,548.00
7.515468,989.2641,510.00
7.515468,989.3027,513.00
7.515468,989.3411,519.00
7.515468,989.3795,520.00
7.515468,989.4180,484.00
7.515468,989.4565,547.00
7.515468,989.4949,474.00
7.515468,989.5334,535.00
7.515468,989.5718,520.00
7.515468,989.6102,508.00
7.515468,989.6486,509.00
7.515468,989.6871,543.00
7.515468,989.7255,477.00
7.515468,989.7639,528.00
7.515468,989.8022,526.00
7.515468,989.8407,532.00
7.515468,989.8791,529.00
7.515468,989.9174,524.00
7.515468,989.9558,470.00
7.515468,989.9941,525.00
7.515468,990.0325,466.00
7.515468,990.0709,592.00
7.515468,990.1093,518.00
7.515468,990.1475,535.00
7.515468,990.1859,536.00
7.515468,990.2242,521.00
7.515468,990.2626,514.00
7.515468,990.3008,511.00
7.515468,990.3391,485.00
7.515468,990.3774,536.00
7.515468,990.4157,516.00
7.515468,990.4540,537.00
7.515468,990.4924,489.00
7.515468,990.5306,560.00
7.515468,990.5688,518.00
7.515468,990.6071,514.00
7.515468,990.6454,486.00
7.515468,990.6837,534.00
7.515468,990.7219,466.00
7.515468,990.7601,541.00
7.515468,990.7983,525.00
7.515468,990.8365,567.00
7.515468,990.8748,521.00
7.515468,990.9130,553.00
7.515468,990.9512,504.00
7.515468,990.9893,546.00
7.515468,991.0276,499.00
7.515468,991.0658,536.00
7.515468,991.1039,490.00
7.515468,991.1421,548.00
7.515468,991.1802,515.00
7.515468,991.2184,557.00
7.515468,991.2565,516.00
7.515468,991.2947,539.00
7.515468,991.3329,458.00
7.515468,991.3710,547.00
7.515468,991.4091,512.00
7.515468,991.4473,612.00
7.515468,991.4854,529.00
7.515468,991.5234,579.00
7.515468,991.5616,523.00
7.515468,991.5997,540.00
7.515468,991.6378,532.00
7.515468,991.6758,578.00
7.515468,991.7139,511.00
7.515468,991.7520,563.00
7.515468,991.7900,512.00
7.515468,991.8282,572.00
7.515468,991.8661,529.00
7.515468,991.9042,547.00
7.515468,991.9422,515.00
7.515468,991.9803,548.00
7.515468,992.0182,460.00
7.515468,992.0563,556.00
7.515468,992.0944,503.00
7.515468,992.1323,599.00
7.515468,992.1703,524.00
7.515468,992.2084,552.00
7.515468,992.2463,544.00
7.515468,992.2844,537.00
7.515468,992.3223,509.00
7.515468,992.3602,568.00
7.515468,992.3982,516.00
7.515468,992.4362,578.00
7.515468,992.4741,532.00
7.515468,992.5120,586.00
7.515468,992.5500,540.00
7.515468,992.5879,536.00
7.515468,992.6259,513.00
7.515468,992.6638,568.00
7.515468,992.7017,497.00
7.515468,992.7396,560.00
7.515468,992.7775,524.00
7.515468,992.8154,582.00
7.515468,992.8533,536.00
7.515468,992.8912,548.00
7.515468,992.9290,528.00
7.515468,992.9669,584.00
7.515468,993.0048,531.00
7.515468,993.0426,564.00
7.515468,993.0804,528.00
7.515468,993.1183,570.00
7.515468,993.1561,534.00
7.515468,993.1940,555.00
7.515468,993.2318,550.00
7.515468,993.2696,568.00
7.515468,993.3074,503.00
7.515468,993.3452,545.00
7.515468,993.3830,509.00
7.515468,993.4208,575.00
7.515468,993.4586,484.00
7.515468,993.4963,571.00
7.515468,993.5341,538.00
7.515468,993.5719,534.00
7.515468,993.6096,531.00
7.515468,993.6474,596.00
7.515468,993.6851,507.00
7.515468,993.7228,547.00
7.515468,993.7606,565.00
7.515468,993.7984,547.00
7.515468,993.8361,512.00
7.515468,993.8738,563.00
7.515468,993.9115,519.00
7.515468,993.9492,554.00
7.515468,993.9869,497.00
7.515468,994.0245,572.00
7.515468,994.0622,495.00
7.515468,994.0999,573.00
7.515468,994.1376,531.00
7.515468,994.1753,544.00
7.515468,994.2130,546.00
7.515468,994.2505,563.00
7.515468,994.2881,510.00
7.515468,994.3258,581.00
7.515468,994.3634,510.00
7.515468,994.4010,581.00
7.515468,994.4387,539.00
7.515468,994.4763,593.00
7.515468,994.5139,550.00
7.515468,994.5515,519.00
7.515468,994.5891,498.00
7.515468,994.6266,539.00
7.515468,994.6642,476.00
7.515468,994.7018,529.00
7.515468,994.7393,515.00
7.515468,994.7769,557.00
7.515468,994.8145,489.00
7.515468,994.8521,520.00
7.515468,994.8895,494.00
7.515468,994.9271,563.00
7.515468,994.9647,484.00
7.515468,995.0022,572.00
7.515468,995.0397,476.00
7.515468,995.0771,523.00
7.515468,995.1146,497.00
7.515468,995.1522,512.00
7.515468,995.1896,470.00
7.515468,995.2271,528.00
7.515468,995.2646,469.00
7.515468,995.3021,548.00
7.515468,995.3396,508.00
7.515468,995.3770,535.00
7.515468,995.4145,496.00
7.515468,995.4518,538.00
7.515468,995.4893,492.00
7.515468,995.5267,516.00
7.515468,995.5641,495.00
7.515468,995.6016,518.00
7.515468,995.6390,507.00
7.515468,995.6765,524.00
7.515468,995.7138,500.00
7.515468,995.7512,497.00
7.515468,995.7886,503.00
7.515468,995.8260,533.00
7.515468,995.8633,472.00
7.515468,995.9007,520.00
7.515468,995.9380,474.00
7.515468,995.9754,535.00
7.515468,996.0128,470.00
7.515468,996.0501,542.00
7.515468,996.0874,526.00
7.515468,996.1248,537.00
7.515468,996.1621,507.00
7.515468,996.1994,561.00
7.515468,996.2367,467.00
7.515468,996.2740,533.00
7.515468,996.3113,500.00
7.515468,996.3486,527.00
7.515468,996.3859,498.00
7.515468,996.4232,533.00
7.515468,996.4604,540.00
7.515468,996.4977,512.00
7.515468,996.5350,485.00
7.515468,996.5722,513.00
7.515468,996.6094,500.00
7.515468,996.6466,574.00
7.515468,996.6838,534.00
7.515468,996.7211,568.00
7.515468,996.7583,508.00
7.515468,996.7955,532.00
7.515468,996.8327,521.00
7.515468,996.8700,543.00
7.515468,996.9072,510.00
7.515468,996.9443,552.00
7.515468,996.9815,510.00
7.515468,997.0187,544.00
7.515468,997.0558,517.00
7.515468,997.0930,553.00
7.515468,997.1301,546.00
7.515468,997.1672,571.00
7.515468,997.2045,504.00
7.515468,997.2416,566.00
7.515468,997.2787,488.00
7.515468,997.3158,577.00
7.515468,997.3530,519.00
7.515468,997.3900,534.00
7.515468,997.4271,523.00
7.515468,997.4642,552.00
7.515468,997.5013,516.00
7.515468,997.5384,547.00
7.515468,997.5754,485.00
7.515468,997.6126,577.00
7.515468,997.6497,502.00
7.515468,997.6867,536.00
7.515468,997.7238,517.00
7.515468,997.7607,570.00
7.515468,997.7978,518.00
7.515468,997.8348,565.00
7.515468,997.8718,506.00
7.515468,997.9088,572.00
7.515468,997.9458,521.00
7.515468,997.9829,573.00
7.515468,998.0200,542.00
7.515468,998.0569,547.00
7.515468,998.0939,532.00
7.515468,998.1309,550.00
7.515468,998.1678,498.00
7.515468,998.2048,577.00
7.515468,998.2417,517.00
7.515468,998.2786,592.00
7.515468,998.3156,501.00
7.515468,998.3525,579.00
7.515468,998.3896,522.00
7.515468,998.4265,526.00
7.515468,998.4633,502.00
7.515468,998.5003,558.00
7.515468,998.5372,479.00
7.515468,998.5740,583.00
7.515468,998.6110,501.00
7.515468,998.6478,599.00
7.515468,998.6847,519.00
7.515468,998.7217,557.00
7.515468,998.7585,507.00
7.515468,998.7953,504.00
7.515468,998.8322,461.00
7.515468,998.8691,573.00
7.515468,998.9059,494.00
7.515468,998.9427,567.00
7.515468,998.9795,518.00
7.515468,999.0163,562.00
7.515468,999.0531,512.00
7.515468,999.0899,513.00
7.515468,999.1267,471.00
7.515468,999.1636,553.00
7.515468,999.2004,501.00
7.515468,999.2372,564.00
7.515468,999.2739,534.00
7.515468,999.3107,575.00
7.515468,999.3474,518.00
7.515468,999.3842,510.00
7.515468,999.4210,492.00
7.515468,999.4576,535.00
7.515468,999.4946,491.00
7.515468,999.5312,555.00
7.515468,999.5680,515.00
7.515468,999.6047,520.00
7.515468,999.6414,491.00
7.515468,999.6780,553.00
7.515468,999.7147,461.00
7.515468,999.7515,533.00
7.515468,999.7881,436.00
7.515468,999.8248,531.00
7.515468,999.8614,476.00
7.515468,999.8981,540.00
7.515468,999.9349,518.00
7.515468,999.9715,550.00
7.515468,1000.0081,511.00
7.515468,1000.0447,488.00
7.515468,1000.0814,496.00
7.515468,1000.1180,509.00
7.515468,1000.1546,453.00
7.515468,1000.1912,535.00
7.515468,1000.2278,472.00
7.515468,1000.2645,538.00
7.515468,1000.3011,510.00
7.515468,1000.3377,500.00
7.515468,1000.3742,503.00
7.515468,1000.4108,484.00
7.515468,1000.4474,463.00
7.515468,1000.4839,493.00
7.515468,1000.5204,470.00
7.515468,1000.5570,533.00
7.515468,1000.5935,478.00
7.515468,1000.6301,501.00
7.515468,1000.6667,446.00
7.515468,1000.7032,503.00
7.515468,1000.7397,466.00
7.515468,1000.7762,517.00
7.515468,1000.8127,468.00
7.515468,1000.8492,525.00
7.515468,1000.8857,489.00
7.515468,1000.9222,473.00
7.515468,1000.9586,466.00
7.515468,1000.9951,504.00
7.515468,1001.0316,458.00
7.515468,1001.0681,528.00
7.515468,1001.1046,470.00
7.515468,1001.1410,531.00
7.515468,1001.1774,478.00
7.515468,1001.2138,505.00
7.515468,1001.2502,484.00
7.515468,1001.2866,525.00
7.515468,1001.3230,513.00
7.515468,1001.3594,517.00
7.515468,1001.3958,456.00
7.515468,1001.4323,520.00
7.515468,1001.4687,476.00
7.515468,1001.5051,526.00
7.515468,1001.5414,540.00
7.515468,1001.5778,476.00
7.515468,1001.6141,464.00
7.515468,1001.6505,472.00
7.515468,1001.6868,427.00
7.515468,1001.7231,502.00
7.515468,1001.7596,444.00
7.515468,1001.7958,506.00
7.515468,1001.8322,468.00
7.515468,1001.8685,505.00
7.515468,1001.9048,473.00
7.515468,1001.9411,506.00
7.515468,1001.9774,453.00
7.515468,1002.0136,460.00
7.515468,1002.0499,448.00
7.515468,1002.0862,536.00
7.515468,1002.1224,459.00
7.515468,1002.1587,518.00
7.515468,1002.1951,498.00
7.515468,1002.2313,506.00
7.515468,1002.2675,490.00
7.515468,1002.3038,525.00
7.515468,1002.3400,455.00
7.515468,1002.3762,515.00
7.515468,1002.4124,449.00
7.515468,1002.4486,531.00
7.515468,1002.4848,460.00
7.515468,1002.5211,509.00
7.515468,1002.5573,487.00
7.515468,1002.5934,522.00
7.515468,1002.6296,457.00
7.515468,1002.6657,534.00
7.515468,1002.7019,456.00
7.515468,1002.7380,525.00
7.515468,1002.7742,495.00
7.515468,1002.8104,506.00
7.515468,1002.8464,465.00
7.515468,1002.8826,542.00
7.515468,1002.9187,452.00
7.515468,1002.9549,513.00
7.515468,1002.9910,473.00
7.515468,1003.0271,562.00
7.515468,1003.0632,479.00
7.515468,1003.0992,532.00
7.515468,1003.1354,494.00
7.515468,1003.1714,486.00
7.515468,1003.2075,531.00
7.515468,1003.2435,515.00
7.515468,1003.2797,472.00
7.515468,1003.3157,531.00
7.515468,1003.3518,475.00
7.515468,1003.3878,553.00
7.515468,1003.4238,495.00
7.515468,1003.4598,518.00
7.515468,1003.4958,489.00
7.515468,1003.5319,515.00
7.515468,1003.5678,478.00
7.515468,1003.6039,545.00
7.515468,1003.6398,455.00
7.515468,1003.6759,534.00
7.515468,1003.7119,513.00
7.515468,1003.7479,503.00
7.515468,1003.7838,480.00
7.515468,1003.8198,509.00
7.515468,1003.8557,461.00
7.515468,1003.8917,538.00
7.515468,1003.9276,431.00
7.515468,1003.9635,498.00
7.515468,1003.9995,476.00
7.515468,1004.0354,494.00
7.515468,1004.0714,501.00
7.515468,1004.1072,495.00
7.515468,1004.1431,483.00
7.515468,1004.1790,514.00
7.515468,1004.2149,443.00
7.515468,1004.2508,498.00
7.515468,1004.2866,451.00
7.515468,1004.3225,519.00
7.515468,1004.3583,487.00
7.515468,1004.3942,495.00
7.515468,1004.4302,459.00
7.515468,1004.4660,475.00
7.515468,1004.5018,455.00
7.515468,1004.5376,507.00
7.515468,1004.5734,437.00
7.515468,1004.6093,519.00
7.515468,1004.6450,481.00
7.515468,1004.6808,517.00
7.515468,1004.7166,501.00
7.515468,1004.7525,508.00
7.515468,1004.7883,461.00
7.515468,1004.8240,506.00
7.515468,1004.8598,456.00
7.515468,1004.8956,528.00
7.515468,1004.9313,470.00
7.515468,1004.9670,536.00
7.515468,1005.0027,451.00
7.515468,1005.0385,490.00
7.515468,1005.0742,458.00
7.515468,1005.1099,523.00
7.515468,1005.1456,482.00
7.515468,1005.1815,531.00
7.515468,1005.2172,459.00
7.515468,1005.2529,519.00
7.515468,1005.2885,503.00
7.515468,1005.3242,499.00
7.515468,1005.3599,469.00
7.515468,1005.3955,491.00
7.515468,1005.4312,457.00
7.515468,1005.4669,511.00
7.515468,1005.5026,461.00
7.515468,1005.5382,558.00
7.515468,1005.5739,499.00
7.515468,1005.6095,520.00
7.515468,1005.6451,495.00
7.515468,1005.6807,490.00
7.515468,1005.7162,507.00
7.515468,1005.7519,491.00
7.515468,1005.7875,476.00
7.515468,1005.8231,523.00
7.515468,1005.8586,477.00
7.515468,1005.8942,543.00
7.515468,1005.9299,491.00
7.515468,1005.9655,534.00
7.515468,1006.0010,491.00
7.515468,1006.0365,522.00
7.515468,1006.0720,491.00
7.515468,1006.1076,539.00
7.515468,1006.1431,501.00
7.515468,1006.1786,555.00
7.515468,1006.2141,513.00
7.515468,1006.2498,525.00
7.515468,1006.2853,509.00
7.515468,1006.3207,516.00
7.515468,1006.3563,503.00
7.515468,1006.3917,542.00
7.515468,1006.4272,510.00
7.515468,1006.4626,554.00
7.515468,1006.4981,516.00
7.515468,1006.5335,519.00
7.515468,1006.5690,533.00
7.515468,1006.6044,539.00
7.515468,1006.6400,501.00
7.515468,1006.6754,560.00
7.515468,1006.7108,511.00
7.515468,1006.7462,548.00
7.515468,1006.7816,483.00
7.515468,1006.8170,562.00
7.515468,1006.8524,530.00
7.515468,1006.8878,515.00
7.515468,1006.9232,520.00
7.515468,1006.9586,547.00
7.515468,1006.9940,485.00
7.515468,1007.0294,527.00
7.515468,1007.0648,477.00
7.515468,1007.1001,594.00
7.515468,1007.1354,529.00
7.515468,1007.1707,572.00
7.515468,1007.2061,533.00
7.515468,1007.2414,550.00
7.515468,1007.2767,525.00
7.515468,1007.3120,566.00
7.515468,1007.3473,488.00
7.515468,1007.3827,552.00
7.515468,1007.4180,521.00
7.515468,1007.4532,546.00
7.515468,1007.4885,527.00
7.515468,1007.5238,522.00
7.515468,1007.5590,520.00
7.515468,1007.5943,538.00
7.515468,1007.6295,481.00
7.515468,1007.6648,567.00
7.515468,1007.7001,509.00
7.515468,1007.7354,542.00
7.515468,1007.7706,549.00
7.515468,1007.8058,552.00
7.515468,1007.8410,521.00
7.515468,1007.8762,536.00
7.515468,1007.9114,489.00
7.515468,1007.9465,542.00
7.515468,1007.9818,524.00
7.515468,1008.0169,536.00
7.515468,1008.0521,498.00
7.515468,1008.0873,592.00
7.515468,1008.1226,465.00
7.515468,1008.1576,498.00
7.515468,1008.1927,480.00
7.515468,1008.2279,521.00
7.515468,1008.2631,460.00
7.515468,1008.2982,548.00
7.515468,1008.3333,517.00
7.515468,1008.3683,526.00
7.515468,1008.4034,508.00
7.515468,1008.4387,480.00
7.515468,1008.4738,492.00
7.515468,1008.5089,528.00
7.515468,1008.5439,489.00
7.515468,1008.5790,558.00
7.515468,1008.6141,476.00
7.515468,1008.6491,502.00
7.515468,1008.6841,490.00
7.515468,1008.7192,512.00
7.515468,1008.7542,487.00
7.515468,1008.7892,514.00
7.515468,1008.8243,483.00
7.515468,1008.8594,527.00
7.515468,1008.8943,490.00
7.515468,1008.9294,519.00
7.515468,1008.9644,511.00
7.515468,1008.9994,523.00
7.515468,1009.0344,501.00
7.515468,1009.0693,503.00
7.515468,1009.1043,467.00
7.515468,1009.1392,565.00
7.515468,1009.1743,487.00
7.515468,1009.2093,546.00
7.515468,1009.2442,485.00
7.515468,1009.2792,515.00
7.515468,1009.3141,506.00
7.515468,1009.3489,509.00
7.515468,1009.3839,483.00
7.515468,1009.4188,500.00
7.515468,1009.4537,467.00
7.515468,1009.4886,547.00
7.515468,1009.5235,494.00
7.515468,1009.5585,515.00
7.515468,1009.5933,524.00
7.515468,1009.6282,515.00
7.515468,1009.6631,479.00
7.515468,1009.6979,495.00
7.515468,1009.7327,463.00
7.515468,1009.7676,526.00
7.515468,1009.8024,465.00
7.515468,1009.8372,515.00
7.515468,1009.8721,459.00
7.515468,1009.9070,491.00
7.515468,1009.9418,463.00
7.515468,1009.9766,522.00
7.515468,1010.0115,487.00
7.515468,1010.0462,527.00
7.515468,1010.0810,451.00
7.515468,1010.1158,551.00
7.515468,1010.1505,499.00
7.515468,1010.1853,505.00
7.515468,1010.2200,497.00
7.515468,1010.2548,491.00
7.515468,1010.2897,437.00
7.515468,1010.3244,511.00
7.515468,1010.3591,488.00
7.515468,1010.3938,522.00
7.515468,1010.4285,455.00
7.515468,1010.4633,512.00
7.515468,1010.4980,503.00
7.515468,1010.5326,462.00
7.515468,1010.5673,477.00
7.515468,1010.6021,479.00
7.515468,1010.6368,438.00
7.515468,1010.6714,493.00
7.515468,1010.7061,439.00
7.515468,1010.7408,514.00
7.515468,1010.7754,459.00
7.515468,1010.8101,519.00
7.515468,1010.8447,486.00
7.515468,1010.8793,515.00
7.515468,1010.9139,495.00
7.515468,1010.9485,537.00
7.515468,1010.9832,461.00
7.515468,1011.0178,527.00
7.515468,1011.0525,491.00
7.515468,1011.0870,521.00
7.515468,1011.1216,472.00
7.515468,1011.1562,500.00
7.515468,1011.1907,503.00
7.515468,1011.2253,531.00
7.515468,1011.2599,442.00
7.515468,1011.2944,494.00
7.515468,1011.3291,482.00
7.515468,1011.3636,527.00
7.515468,1011.3981,491.00
7.515468,1011.4326,479.00
7.515468,1011.4672,443.00
7.515468,1011.5016,491.00
7.515468,1011.5362,457.00
7.515468,1011.5706,471.00
7.515468,1011.6052,423.00
7.515468,1011.6396,507.00
7.515468,1011.6741,443.00
7.515468,1011.7086,520.00
7.515468,1011.7431,477.00
7.515468,1011.7776,499.00
7.515468,1011.8120,473.00
7.515468,1011.8465,527.00
7.515468,1011.8809,420.00
7.515468,1011.9153,520.00
7.515468,1011.9498,453.00
7.515468,1011.9842,480.00
7.515468,1012.0186,441.00
7.515468,1012.0531,486.00
7.515468,1012.0875,466.00
7.515468,1012.1219,498.00
7.515468,1012.1562,442.00
7.515468,1012.1906,478.00
7.515468,1012.2250,439.00
7.515468,1012.2593,547.00
7.515468,1012.2937,513.00
7.515468,1012.3281,483.00
7.515468,1012.3624,451.00
7.515468,1012.3967,493.00
7.515468,1012.4310,427.00
7.515468,1012.4655,500.00
7.515468,1012.4998,441.00
7.515468,1012.5341,531.00
7.515468,1012.5684,490.00
7.515468,1012.6027,525.00
7.515468,1012.6370,468.00
7.515468,1012.6712,474.00
7.515468,1012.7055,469.00
7.515468,1012.7398,535.00
7.515468,1012.7742,434.00
7.515468,1012.8084,496.00
7.515468,1012.8427,469.00
7.515468,1012.8769,508.00
7.515468,1012.9111,483.00
7.515468,1012.9454,479.00
7.515468,1012.9796,494.00
7.515468,1013.0138,510.00
7.515468,1013.0480,408.00
7.515468,1013.0822,511.00
7.515468,1013.1164,455.00
7.515468,1013.1506,511.00
7.515468,1013.1848,471.00
7.515468,1013.2190,492.00
7.515468,1013.2532,495.00
7.515468,1013.2873,495.00
7.515468,1013.3215,425.00
7.515468,1013.3556,511.00
7.515468,1013.3898,456.00
7.515468,1013.4239,539.00
7.515468,1013.4581,491.00
7.515468,1013.4923,488.00
7.515468,1013.5264,475.00
7.515468,1013.5605,478.00
7.515468,1013.5946,481.00
7.515468,1013.6287,533.00
7.515468,1013.6627,476.00
7.515468,1013.6968,529.00
7.515468,1013.7309,453.00
7.515468,1013.7650,494.00
7.515468,1013.7990,476.00
7.515468,1013.8331,494.00
7.515468,1013.8672,466.00
7.515468,1013.9012,496.00
7.515468,1013.9353,443.00
7.515468,1013.9693,512.00
7.515468,1014.0033,451.00
7.515468,1014.0374,555.00
7.515468,1014.0714,506.00
7.515468,1014.1053,483.00
7.515468,1014.1393,504.00
7.515468,1014.1734,517.00
7.515468,1014.2074,455.00
7.515468,1014.2413,523.00
7.515468,1014.2753,491.00
7.515468,1014.3093,542.00
7.515468,1014.3433,482.00
7.515468,1014.3772,521.00
7.515468,1014.4111,521.00
7.515468,1014.4451,507.00
7.515468,1014.4790,471.00
7.515468,1014.5129,541.00
7.515468,1014.5468,458.00
7.515468,1014.5808,560.00
7.515468,1014.6147,499.00
7.515468,1014.6486,527.00
7.515468,1014.6825,522.00
7.515468,1014.7164,513.00
7.515468,1014.7502,472.00
7.515468,1014.7841,507.00
7.515468,1014.8180,489.00
7.515468,1014.8518,547.00
7.515468,1014.8858,496.00
7.515468,1014.9196,572.00
7.515468,1014.9534,519.00
7.515468,1014.9872,544.00
7.515468,1015.0211,505.00
7.515468,1015.0549,506.00
7.515468,1015.0887,506.00
7.515468,1015.1224,529.00
7.515468,1015.1562,480.00
7.515468,1015.1900,590.00
7.515468,1015.2238,525.00
7.515468,1015.2575,515.00
7.515468,1015.2914,522.00
7.515468,1015.3252,532.00
7.515468,1015.3589,469.00
7.515468,1015.3927,526.00
7.515468,1015.4265,505.00
7.515468,1015.4601,553.00
7.515468,1015.4938,488.00
7.515468,1015.5276,578.00
7.515468,1015.5613,539.00
7.515468,1015.5952,544.00
7.515468,1015.6288,480.00
7.515468,1015.6625,542.00
7.515468,1015.6962,467.00
7.515468,1015.7299,543.00
7.515468,1015.7635,462.00
7.515468,1015.7972,546.00
7.515468,1015.8308,545.00
7.515468,1015.8645,531.00
7.515468,1015.8981,529.00
7.515468,1015.9317,523.00
7.515468,1015.9655,483.00
7.515468,1015.9991,536.00
7.515468,1016.0327,499.00
7.515468,1016.0663,554.00
7.515468,1016.0999,521.00
7.515468,1016.1335,551.00
7.515468,1016.1671,542.00
7.515468,1016.2006,527.00
7.515468,1016.2342,521.00
7.515468,1016.2679,544.00
7.515468,1016.3015,469.00
7.515468,1016.3350,587.00
7.515468,1016.3686,497.00
7.515468,1016.4021,550.00
7.515468,1016.4357,532.00
7.515468,1016.4691,560.00
7.515468,1016.5027,491.00
7.515468,1016.5362,538.00
7.515468,1016.5696,457.00
7.515468,1016.6032,570.00
7.515468,1016.6367,512.00
7.515468,1016.6703,561.00
7.515468,1016.7038,527.00
7.515468,1016.7372,510.00
7.515468,1016.7707,511.00
7.515468,1016.8041,526.00
7.515468,1016.8376,510.00
7.515468,1016.8710,555.00
7.515468,1016.9045,503.00
7.515468,1016.9379,561.00
7.515468,1016.9715,489.00
7.515468,1017.0049,545.00
7.515468,1017.0383,533.00
7.515468,1017.0717,521.00
7.515468,1017.1050,510.00
7.515468,1017.1384,508.00
7.515468,1017.1718,448.00
7.515468,1017.2052,538.00
7.515468,1017.2386,478.00
7.515468,1017.2720,545.00
7.515468,1017.3053,542.00
7.515468,1017.3387,550.00
7.515468,1017.3721,489.00
7.515468,1017.4054,527.00
7.515468,1017.4388,474.00
7.515468,1017.4721,549.00
7.515468,1017.5054,489.00
7.515468,1017.5387,558.00
7.515468,1017.5720,523.00
7.515468,1017.6053,527.00
7.515468,1017.6386,546.00
7.515468,1017.6720,528.00
7.515468,1017.7053,509.00
7.515468,1017.7385,561.00
7.515468,1017.7717,479.00
7.515468,1017.8051,571.00
7.515468,1017.8383,520.00
7.515468,1017.8715,574.00
7.515468,1017.9048,570.00
7.515468,1017.9380,531.00
7.515468,1017.9712,529.00
7.515468,1018.0044,574.00
7.515468,1018.0376,495.00
7.515468,1018.0709,587.00
7.515468,1018.1041,511.00
7.515468,1018.1373,602.00
7.515468,1018.1705,539.00
7.515468,1018.2037,567.00
7.515468,1018.2368,513.00
7.515468,1018.2700,531.00
7.515468,1018.3032,513.00
7.515468,1018.3363,605.00
7.515468,1018.3695,503.00
7.515468,1018.4026,588.00
7.515468,1018.4358,565.00
7.515468,1018.4689,552.00
7.515468,1018.5020,584.00
7.515468,1018.5352,525.00
7.515468,1018.5682,506.00
7.515468,1018.6013,554.00
7.515468,1018.6343,530.00
7.515468,1018.6675,604.00
7.515468,1018.7006,512.00
7.515468,1018.7337,587.00
7.515468,1018.7668,567.00
7.515468,1018.7998,529.00
7.515468,1018.8328,562.00
7.515468,1018.8658,546.00
7.515468,1018.8989,543.00
7.515468,1018.9319,587.00
7.515468,1018.9650,520.00
7.515468,1018.9980,587.00
7.515468,1019.0311,573.00
7.515468,1019.0641,559.00
7.515468,1019.0970,523.00
7.515468,1019.1301,582.00
7.515468,1019.1631,495.00
7.515468,1019.1960,560.00
7.515468,1019.2289,503.00
7.515468,1019.2618,579.00
7.515468,1019.2949,541.00
7.515468,1019.3278,549.00
7.515468,1019.3607,544.00
7.515468,1019.3936,509.00
7.515468,1019.4268,461.00
7.515468,1019.4596,542.00
7.515468,1019.4925,520.00
7.515468,1019.5255,574.00
7.515468,1019.5583,502.00
7.515468,1019.5912,578.00
7.515468,1019.6240,529.00
7.515468,1019.6569,554.00
7.515468,1019.6898,525.00
7.515468,1019.7227,515.00
7.515468,1019.7556,465.00
7.515468,1019.7885,548.00
7.515468,1019.8213,499.00
7.515468,1019.8541,572.00
7.515468,1019.8870,507.00
7.515468,1019.9198,520.00
7.515468,1019.9525,538.00
7.515468,1019.9854,563.00
7.515468,1020.0182,498.00
7.515468,1020.0509,581.00
7.515468,1020.0837,512.00
7.515468,1020.1167,539.00
7.515468,1020.1494,527.00
7.515468,1020.1823,521.00
7.515468,1020.2149,514.00
7.515468,1020.2477,512.00
7.515468,1020.2805,499.00
7.515468,1020.3132,505.00
7.515468,1020.3459,516.00
7.515468,1020.3787,571.00
7.515468,1020.4114,500.00
7.515468,1020.4442,517.00
7.515468,1020.4768,516.00
7.515468,1020.5096,554.00
7.515468,1020.5423,487.00
7.515468,1020.5750,574.00
7.515468,1020.6077,464.00
7.515468,1020.6403,576.00
7.515468,1020.6730,497.00
7.515468,1020.7055,559.00
7.515468,1020.7382,521.00
7.515468,1020.7709,536.00
7.515468,1020.8036,484.00
7.515468,1020.8363,494.00
7.515468,1020.8688,449.00
7.515468,1020.9015,570.00
7.515468,1020.9341,474.00
7.515468,1020.9667,552.00
7.515468,1020.9993,465.00
7.515468,1021.0319,532.00
7.515468,1021.0645,503.00
7.515468,1021.0971,519.00
7.515468,1021.1298,486.00
7.515468,1021.1623,534.00
7.515468,1021.1948,460.00
7.515468,1021.2273,573.00
7.515468,1021.2599,497.00
7.515468,1021.2924,553.00
7.515468,1021.3250,485.00
7.515468,1021.3574,496.00
7.515468,1021.3900,492.00
7.515468,1021.4224,500.00
7.515468,1021.4550,426.00
7.515468,1021.4875,490.00
7.515468,1021.5200,488.00
7.515468,1021.5525,536.00
7.515468,1021.5850,490.00
7.515468,1021.6175,489.00
7.515468,1021.6500,455.00
7.515468,1021.6823,526.00
7.515468,1021.7148,492.00
7.515468,1021.7474,549.00
7.515468,1021.7797,488.00
7.515468,1021.8122,537.00
7.515468,1021.8445,509.00
7.515468,1021.8770,538.00
7.515468,1021.9095,512.00
7.515468,1021.9418,492.00
7.515468,1021.9741,468.00
7.515468,1022.0066,494.00
7.515468,1022.0389,463.00
7.515468,1022.0713,546.00
7.515468,1022.1037,474.00
7.515468,1022.1362,606.00
7.515468,1022.1685,541.00
7.515468,1022.2008,525.00
7.515468,1022.2332,467.00
7.515468,1022.2654,537.00
7.515468,1022.2977,507.00
7.515468,1022.3301,574.00
7.515468,1022.3624,496.00
7.515468,1022.3947,571.00
7.515468,1022.4271,506.00
7.515468,1022.4594,537.00
7.515468,1022.4917,521.00
7.515468,1022.5239,558.00
7.515468,1022.5562,507.00
7.515468,1022.5885,561.00
7.515468,1022.6207,494.00
7.515468,1022.6530,546.00
7.515468,1022.6852,533.00
7.515468,1022.7174,513.00
7.515468,1022.7497,496.00
7.515468,1022.7819,533.00
7.515468,1022.8142,487.00
7.515468,1022.8464,522.00
7.515468,1022.8785,472.00
7.515468,1022.9108,572.00
7.515468,1022.9429,522.00
7.515468,1022.9751,547.00
7.515468,1023.0073,517.00
7.515468,1023.0394,506.00
7.515468,1023.0717,514.00
7.515468,1023.1039,539.00
7.515468,1023.1360,455.00
7.515468,1023.1682,558.00
7.515468,1023.2003,481.00
7.515468,1023.2324,539.00
7.515468,1023.2644,525.00
7.515468,1023.2966,531.00
7.515468,1023.3287,479.00
7.515468,1023.3608,494.00
7.515468,1023.3929,475.00
7.515468,1023.4249,516.00
7.515468,1023.4570,477.00
7.515468,1023.4893,547.00
7.515468,1023.5212,477.00
7.515468,1023.5533,505.00
7.515468,1023.5853,498.00
7.515468,1023.6174,508.00
7.515468,1023.6494,483.00
7.515468,1023.6813,548.00
7.515468,1023.7134,450.00
7.515468,1023.7454,523.00
7.515468,1023.7775,466.00
7.515468,1023.8096,509.00
7.515468,1023.8416,502.00
7.515468,1023.8735,499.00
7.515468,1023.9055,481.00
7.515468,1023.9374,507.00
7.515468,1023.9694,444.00
7.515468,1024.0013,529.00
7.515468,1024.0333,475.00
7.515468,1024.0652,556.00
7.515468,1024.0972,507.00
7.515468,1024.1293,500.00
7.515468,1024.1611,496.00
7.515468,1024.1931,519.00
7.515468,1024.2250,458.00
7.515468,1024.2568,531.00
7.515468,1024.2888,446.00
7.515468,1024.3206,514.00
7.515468,1024.3525,477.00
7.515468,1024.3843,513.00
7.515468,1024.4164,449.00
7.515468,1024.4481,499.00
7.515468,1024.4801,485.00
7.515468,1024.5118,500.00
7.515468,1024.5438,470.00
7.515468,1024.5756,510.00
7.515468,1024.6074,475.00
7.515468,1024.6393,530.00
7.515468,1024.6710,536.00
7.515468,1024.7029,487.00
7.515468,1024.7346,459.00
7.515468,1024.7664,503.00
7.515468,1024.7982,469.00
7.515468,1024.8301,544.00
7.515468,1024.8618,503.00
7.515468,1024.8936,515.00
7.515468,1024.9253,461.00
7.515468,1024.9572,500.00
7.515468,1024.9889,486.00
7.515468,1025.0206,523.00
7.515468,1025.0522,437.00
7.515468,1025.0841,520.00
7.515468,1025.1158,468.00
7.515468,1025.1475,533.00
7.515468,1025.1792,495.00
7.515468,1025.2109,522.00
7.515468,1025.2426,498.00
7.515468,1025.2743,492.00
7.515468,1025.3059,508.00
7.515468,1025.3376,523.00
7.515468,1025.3693,465.00
7.515468,1025.4009,559.00
7.515468,1025.4326,458.00
7.515468,1025.4644,536.00
7.515468,1025.4960,485.00
7.515468,1025.5276,512.00
7.515468,1025.5592,515.00
7.515468,1025.5908,529.00
7.515468,1025.6224,486.00
7.515468,1025.6541,548.00
7.515468,1025.6857,490.00
7.515468,1025.7172,573.00
7.515468,1025.7489,526.00
7.515468,1025.7804,549.00
7.515468,1025.8120,552.00
7.515468,1025.8435,543.00
7.515468,1025.8751,528.00
7.515468,1025.9066,565.00
7.515468,1025.9381,484.00
7.515468,1025.9697,544.00
7.515468,1026.0012,521.00
7.515468,1026.0327,546.00
7.515468,1026.0642,506.00
