# Point:,35
# Setpoint:,1.78181818
# Voltage_V:,1.78181818
# Current_A:,0.01517
# Spectrum_Time_s:,5.888184
# Step_Start_s:,5.865301
# Step_End_s:,5.954142
# Spectrum_Duration_ms:,15.382
# Peak_Wavelength_nm:,928.40
# Peak_Intensity:,11652.0
# Avg_Intensity:,619.7
# Num_Pixels:,4094
# NOTE: All wavelengths are captured simultaneously in one CCD exposure
#       The Relative_Time_s column shows when this entire spectrum was acquired

Relative_Time_s,Wavelength_nm,Intensity
5.888184,845.4307,556.00
5.888184,845.4858,506.00
5.888184,845.5410,566.00
5.888184,845.5963,538.00
5.888184,845.6514,590.00
5.888184,845.7065,506.00
5.888184,845.7617,533.00
5.888184,845.8168,495.00
5.888184,845.8721,551.00
5.888184,845.9272,513.00
5.888184,845.9823,543.00
5.888184,846.0374,546.00
5.888184,846.0926,493.00
5.888184,846.1478,487.00
5.888184,846.2029,550.00
5.888184,846.2579,479.00
5.888184,846.3130,565.00
5.888184,846.3682,462.00
5.888184,846.4233,581.00
5.888184,846.4784,489.00
5.888184,846.5335,591.00
5.888184,846.5886,550.00
5.888184,846.6437,535.00
5.888184,846.6987,496.00
5.888184,846.7538,572.00
5.888184,846.8089,497.00
5.888184,846.8640,575.00
5.888184,846.9190,487.00
5.888184,846.9741,588.00
5.888184,847.0292,546.00
5.888184,847.0842,578.00
5.888184,847.1392,535.00
5.888184,847.1943,567.00
5.888184,847.2493,494.00
5.888184,847.3044,583.00
5.888184,847.3594,491.00
5.888184,847.4144,611.00
5.888184,847.4694,533.00
5.888184,847.5244,557.00
5.888184,847.5795,527.00
5.888184,847.6345,581.00
5.888184,847.6895,515.00
5.888184,847.7444,562.00
5.888184,847.7994,488.00
5.888184,847.8544,565.00
5.888184,847.9094,532.00
5.888184,847.9644,581.00
5.888184,848.0193,537.00
5.888184,848.0743,588.00
5.888184,848.1293,548.00
5.888184,848.1843,582.00
5.888184,848.2392,542.00
5.888184,848.2941,590.00
5.888184,848.3491,560.00
5.888184,848.4040,582.00
5.888184,848.4590,599.00
5.888184,848.5139,607.00
5.888184,848.5688,511.00
5.888184,848.6237,590.00
5.888184,848.6786,525.00
5.888184,848.7336,629.00
5.888184,848.7885,551.00
5.888184,848.8434,603.00
5.888184,848.8983,581.00
5.888184,848.9531,566.00
5.888184,849.0081,538.00
5.888184,849.0630,589.00
5.888184,849.1178,537.00
5.888184,849.1727,590.00
5.888184,849.2275,547.00
5.888184,849.2823,631.00
5.888184,849.3373,562.00
5.888184,849.3921,584.00
5.888184,849.4470,553.00
5.888184,849.5018,573.00
5.888184,849.5566,537.00
5.888184,849.6115,603.00
5.888184,849.6663,538.00
5.888184,849.7211,620.00
5.888184,849.7759,550.00
5.888184,849.8307,602.00
5.888184,849.8856,557.00
5.888184,849.9404,597.00
5.888184,849.9952,538.00
5.888184,850.0500,609.00
5.888184,850.1048,499.00
5.888184,850.1596,630.00
5.888184,850.2144,538.00
5.888184,850.2692,615.00
5.888184,850.3239,580.00
5.888184,850.3787,595.00
5.888184,850.4335,577.00
5.888184,850.4882,597.00
5.888184,850.5430,567.00
5.888184,850.5977,600.00
5.888184,850.6525,525.00
5.888184,850.7072,588.00
5.888184,850.7620,550.00
5.888184,850.8167,629.00
5.888184,850.8715,576.00
5.888184,850.9261,578.00
5.888184,850.9808,514.00
5.888184,851.0356,599.00
5.888184,851.0903,566.00
5.888184,851.1450,616.00
5.888184,851.1996,575.00
5.888184,851.2543,639.00
5.888184,851.3091,581.00
5.888184,851.3638,595.00
5.888184,851.4185,564.00
5.888184,851.4731,635.00
5.888184,851.5278,525.00
5.888184,851.5825,630.00
5.888184,851.6371,585.00
5.888184,851.6918,650.00
5.888184,851.7465,607.00
5.888184,851.8011,618.00
5.888184,851.8558,591.00
5.888184,851.9103,616.00
5.888184,851.9650,597.00
5.888184,852.0196,667.00
5.888184,852.0742,587.00
5.888184,852.1289,599.00
5.888184,852.1835,596.00
5.888184,852.2381,660.00
5.888184,852.2927,635.00
5.888184,852.3473,645.00
5.888184,852.4019,627.00
5.888184,852.4565,670.00
5.888184,852.5111,618.00
5.888184,852.5657,631.00
5.888184,852.6202,604.00
5.888184,852.6747,641.00
5.888184,852.7294,621.00
5.888184,852.7839,665.00
5.888184,852.8385,601.00
5.888184,852.8930,676.00
5.888184,852.9476,598.00
5.888184,853.0022,680.00
5.888184,853.0567,634.00
5.888184,853.1112,672.00
5.888184,853.1658,628.00
5.888184,853.2203,659.00
5.888184,853.2748,644.00
5.888184,853.3293,689.00
5.888184,853.3838,616.00
5.888184,853.4383,664.00
5.888184,853.4928,615.00
5.888184,853.5474,666.00
5.888184,853.6019,664.00
5.888184,853.6563,698.00
5.888184,853.7108,652.00
5.888184,853.7653,695.00
5.888184,853.8198,613.00
5.888184,853.8742,664.00
5.888184,853.9286,661.00
5.888184,853.9832,650.00
5.888184,854.0376,631.00
5.888184,854.0920,690.00
5.888184,854.1465,672.00
5.888184,854.2010,674.00
5.888184,854.2554,629.00
5.888184,854.3098,649.00
5.888184,854.3642,599.00
5.888184,854.4186,690.00
5.888184,854.4731,615.00
5.888184,854.5275,690.00
5.888184,854.5819,632.00
5.888184,854.6363,651.00
5.888184,854.6907,637.00
5.888184,854.7451,653.00
5.888184,854.7994,603.00
5.888184,854.8538,662.00
5.888184,854.9082,645.00
5.888184,854.9626,700.00
5.888184,855.0170,628.00
5.888184,855.0714,691.00
5.888184,855.1257,617.00
5.888184,855.1800,652.00
5.888184,855.2344,616.00
5.888184,855.2888,656.00
5.888184,855.3431,617.00
5.888184,855.3975,686.00
5.888184,855.4518,616.00
5.888184,855.5060,670.00
5.888184,855.5604,638.00
5.888184,855.6147,672.00
5.888184,855.6691,617.00
5.888184,855.7233,634.00
5.888184,855.7776,573.00
5.888184,855.8320,703.00
5.888184,855.8862,612.00
5.888184,855.9406,666.00
5.888184,855.9948,635.00
5.888184,856.0491,720.00
5.888184,856.1035,659.00
5.888184,856.1577,656.00
5.888184,856.2119,629.00
5.888184,856.2662,657.00
5.888184,856.3204,606.00
5.888184,856.3748,719.00
5.888184,856.4290,656.00
5.888184,856.4832,674.00
5.888184,856.5374,658.00
5.888184,856.5916,677.00
5.888184,856.6459,611.00
5.888184,856.7001,672.00
5.888184,856.7543,603.00
5.888184,856.8085,679.00
5.888184,856.8627,648.00
5.888184,856.9169,691.00
5.888184,856.9712,646.00
5.888184,857.0253,653.00
5.888184,857.0795,645.00
5.888184,857.1337,648.00
5.888184,857.1879,615.00
5.888184,857.2421,675.00
5.888184,857.2962,614.00
5.888184,857.3504,688.00
5.888184,857.4045,654.00
5.888184,857.4587,681.00
5.888184,857.5129,661.00
5.888184,857.5670,677.00
5.888184,857.6212,622.00
5.888184,857.6753,691.00
5.888184,857.7294,630.00
5.888184,857.7836,698.00
5.888184,857.8377,638.00
5.888184,857.8918,693.00
5.888184,857.9459,661.00
5.888184,858.0000,655.00
5.888184,858.0541,627.00
5.888184,858.1082,667.00
5.888184,858.1624,630.00
5.888184,858.2164,690.00
5.888184,858.2704,641.00
5.888184,858.3245,689.00
5.888184,858.3787,677.00
5.888184,858.4327,677.00
5.888184,858.4868,653.00
5.888184,858.5408,648.00
5.888184,858.5949,666.00
5.888184,858.6489,684.00
5.888184,858.7030,630.00
5.888184,858.7570,732.00
5.888184,858.8110,668.00
5.888184,858.8651,685.00
5.888184,858.9192,676.00
5.888184,858.9732,691.00
5.888184,859.0272,638.00
5.888184,859.0812,708.00
5.888184,859.1352,600.00
5.888184,859.1892,694.00
5.888184,859.2432,637.00
5.888184,859.2972,693.00
5.888184,859.3512,674.00
5.888184,859.4052,658.00
5.888184,859.4592,629.00
5.888184,859.5132,672.00
5.888184,859.5671,580.00
5.888184,859.6210,683.00
5.888184,859.6750,627.00
5.888184,859.7289,686.00
5.888184,859.7830,584.00
5.888184,859.8369,642.00
5.888184,859.8908,629.00
5.888184,859.9447,621.00
5.888184,859.9987,619.00
5.888184,860.0527,664.00
5.888184,860.1065,603.00
5.888184,860.1605,660.00
5.888184,860.2144,628.00
5.888184,860.2682,663.00
5.888184,860.3222,636.00
5.888184,860.3761,655.00
5.888184,860.4299,598.00
5.888184,860.4838,650.00
5.888184,860.5377,619.00
5.888184,860.5916,680.00
5.888184,860.6455,619.00
5.888184,860.6993,665.00
5.888184,860.7532,629.00
5.888184,860.8071,661.00
5.888184,860.8610,620.00
5.888184,860.9148,653.00
5.888184,860.9687,596.00
5.888184,861.0225,650.00
5.888184,861.0763,644.00
5.888184,861.1301,666.00
5.888184,861.1840,622.00
5.888184,861.2378,670.00
5.888184,861.2916,613.00
5.888184,861.3454,664.00
5.888184,861.3992,595.00
5.888184,861.4531,655.00
5.888184,861.5068,551.00
5.888184,861.5606,656.00
5.888184,861.6144,598.00
5.888184,861.6682,633.00
5.888184,861.7220,611.00
5.888184,861.7758,649.00
5.888184,861.8295,622.00
5.888184,861.8833,641.00
5.888184,861.9370,598.00
5.888184,861.9908,677.00
5.888184,862.0446,614.00
5.888184,862.0983,663.00
5.888184,862.1520,642.00
5.888184,862.2057,657.00
5.888184,862.2595,618.00
5.888184,862.3132,641.00
5.888184,862.3669,555.00
5.888184,862.4206,645.00
5.888184,862.4744,568.00
5.888184,862.5281,657.00
5.888184,862.5818,630.00
5.888184,862.6355,649.00
5.888184,862.6891,596.00
5.888184,862.7429,644.00
5.888184,862.7966,626.00
5.888184,862.8502,653.00
5.888184,862.9039,600.00
5.888184,862.9575,648.00
5.888184,863.0112,648.00
5.888184,863.0648,621.00
5.888184,863.1185,608.00
5.888184,863.1722,648.00
5.888184,863.2258,580.00
5.888184,863.2794,634.00
5.888184,863.3330,588.00
5.888184,863.3867,656.00
5.888184,863.4403,574.00
5.888184,863.4940,620.00
5.888184,863.5475,629.00
5.888184,863.6011,604.00
5.888184,863.6548,590.00
5.888184,863.7084,625.00
5.888184,863.7620,608.00
5.888184,863.8156,614.00
5.888184,863.8691,602.00
5.888184,863.9228,621.00
5.888184,863.9763,616.00
5.888184,864.0299,642.00
5.888184,864.0834,615.00
5.888184,864.1370,621.00
5.888184,864.1906,586.00
5.888184,864.2441,634.00
5.888184,864.2977,587.00
5.888184,864.3512,647.00
5.888184,864.4047,622.00
5.888184,864.4583,621.00
5.888184,864.5118,579.00
5.888184,864.5653,607.00
5.888184,864.6189,563.00
5.888184,864.6724,615.00
5.888184,864.7258,554.00
5.888184,864.7794,645.00
5.888184,864.8329,613.00
5.888184,864.8864,667.00
5.888184,864.9398,623.00
5.888184,864.9933,643.00
5.888184,865.0469,580.00
5.888184,865.1003,630.00
5.888184,865.1538,593.00
5.888184,865.2072,627.00
5.888184,865.2607,629.00
5.888184,865.3142,654.00
5.888184,865.3676,615.00
5.888184,865.4211,638.00
5.888184,865.4745,585.00
5.888184,865.5279,618.00
5.888184,865.5814,595.00
5.888184,865.6348,669.00
5.888184,865.6882,595.00
5.888184,865.7416,678.00
5.888184,865.7950,633.00
5.888184,865.8484,691.00
5.888184,865.9019,610.00
5.888184,865.9552,629.00
5.888184,866.0087,609.00
5.888184,866.0620,630.00
5.888184,866.1154,621.00
5.888184,866.1688,689.00
5.888184,866.2222,604.00
5.888184,866.2755,658.00
5.888184,866.3289,649.00
5.888184,866.3822,668.00
5.888184,866.4356,652.00
5.888184,866.4890,644.00
5.888184,866.5423,631.00
5.888184,866.5956,660.00
5.888184,866.6489,604.00
5.888184,866.7023,674.00
5.888184,866.7556,606.00
5.888184,866.8089,611.00
5.888184,866.8622,638.00
5.888184,866.9155,658.00
5.888184,866.9689,595.00
5.888184,867.0222,675.00
5.888184,867.0755,599.00
5.888184,867.1287,655.00
5.888184,867.1820,625.00
5.888184,867.2354,647.00
5.888184,867.2886,627.00
5.888184,867.3419,635.00
5.888184,867.3951,625.00
5.888184,867.4484,652.00
5.888184,867.5016,563.00
5.888184,867.5549,695.00
5.888184,867.6082,641.00
5.888184,867.6614,670.00
5.888184,867.7146,660.00
5.888184,867.7678,655.00
5.888184,867.8211,627.00
5.888184,867.8743,646.00
5.888184,867.9276,645.00
5.888184,867.9807,676.00
5.888184,868.0339,603.00
5.888184,868.0872,703.00
5.888184,868.1403,655.00
5.888184,868.1935,646.00
5.888184,868.2467,630.00
5.888184,868.2999,675.00
5.888184,868.3531,597.00
5.888184,868.4062,663.00
5.888184,868.4594,615.00
5.888184,868.5126,669.00
5.888184,868.5657,621.00
5.888184,868.6189,656.00
5.888184,868.6721,639.00
5.888184,868.7252,637.00
5.888184,868.7783,582.00
5.888184,868.8315,626.00
5.888184,868.8846,592.00
5.888184,868.9377,661.00
5.888184,868.9908,606.00
5.888184,869.0439,653.00
5.888184,869.0970,637.00
5.888184,869.1501,644.00
5.888184,869.2032,602.00
5.888184,869.2564,625.00
5.888184,869.3094,604.00
5.888184,869.3625,642.00
5.888184,869.4156,610.00
5.888184,869.4688,687.00
5.888184,869.5218,592.00
5.888184,869.5748,666.00
5.888184,869.6279,623.00
5.888184,869.6809,615.00
5.888184,869.7340,577.00
5.888184,869.7870,648.00
5.888184,869.8401,625.00
5.888184,869.8931,651.00
5.888184,869.9462,605.00
5.888184,869.9993,626.00
5.888184,870.0522,630.00
5.888184,870.1052,676.00
5.888184,870.1583,631.00
5.888184,870.2112,686.00
5.888184,870.2642,607.00
5.888184,870.3173,689.00
5.888184,870.3702,640.00
5.888184,870.4232,679.00
5.888184,870.4762,639.00
5.888184,870.5292,623.00
5.888184,870.5822,628.00
5.888184,870.6351,672.00
5.888184,870.6881,625.00
5.888184,870.7410,671.00
5.888184,870.7940,651.00
5.888184,870.8470,648.00
5.888184,870.8999,612.00
5.888184,870.9528,668.00
5.888184,871.0057,669.00
5.888184,871.0587,649.00
5.888184,871.1116,610.00
5.888184,871.1646,672.00
5.888184,871.2175,598.00
5.888184,871.2704,682.00
5.888184,871.3232,646.00
5.888184,871.3762,667.00
5.888184,871.4291,656.00
5.888184,871.4820,677.00
5.888184,871.5348,621.00
5.888184,871.5877,683.00
5.888184,871.6406,645.00
5.888184,871.6935,716.00
5.888184,871.7463,664.00
5.888184,871.7992,652.00
5.888184,871.8521,649.00
5.888184,871.9049,652.00
5.888184,871.9578,676.00
5.888184,872.0106,670.00
5.888184,872.0635,592.00
5.888184,872.1162,692.00
5.888184,872.1691,614.00
5.888184,872.2219,686.00
5.888184,872.2747,613.00
5.888184,872.3275,674.00
5.888184,872.3803,692.00
5.888184,872.4332,683.00
5.888184,872.4860,641.00
5.888184,872.5387,682.00
5.888184,872.5915,605.00
5.888184,872.6443,696.00
5.888184,872.6971,665.00
5.888184,872.7499,684.00
5.888184,872.8026,663.00
5.888184,872.8553,662.00
5.888184,872.9081,644.00
5.888184,872.9609,686.00
5.888184,873.0136,646.00
5.888184,873.0663,695.00
5.888184,873.1191,615.00
5.888184,873.1718,668.00
5.888184,873.2245,647.00
5.888184,873.2773,651.00
5.888184,873.3300,635.00
5.888184,873.3827,653.00
5.888184,873.4354,630.00
5.888184,873.4882,715.00
5.888184,873.5408,633.00
5.888184,873.5935,669.00
5.888184,873.6462,648.00
5.888184,873.6989,677.00
5.888184,873.7515,669.00
5.888184,873.8042,646.00
5.888184,873.8569,644.00
5.888184,873.9096,658.00
5.888184,873.9622,608.00
5.888184,874.0149,696.00
5.888184,874.0675,667.00
5.888184,874.1202,654.00
5.888184,874.1729,615.00
5.888184,874.2255,672.00
5.888184,874.2781,650.00
5.888184,874.3307,657.00
5.888184,874.3834,591.00
5.888184,874.4360,675.00
5.888184,874.4885,640.00
5.888184,874.5411,705.00
5.888184,874.5938,622.00
5.888184,874.6463,663.00
5.888184,874.6990,655.00
5.888184,874.7515,632.00
5.888184,874.8041,624.00
5.888184,874.8567,707.00
5.888184,874.9092,639.00
5.888184,874.9619,693.00
5.888184,875.0144,650.00
5.888184,875.0669,668.00
5.888184,875.1194,633.00
5.888184,875.1720,679.00
5.888184,875.2246,610.00
5.888184,875.2772,697.00
5.888184,875.3296,628.00
5.888184,875.3821,700.00
5.888184,875.4346,667.00
5.888184,875.4872,669.00
5.888184,875.5397,648.00
5.888184,875.5922,686.00
5.888184,875.6447,658.00
5.888184,875.6971,681.00
5.888184,875.7498,598.00
5.888184,875.8022,700.00
5.888184,875.8547,617.00
5.888184,875.9071,665.00
5.888184,875.9596,632.00
5.888184,876.0120,659.00
5.888184,876.0646,632.00
5.888184,876.1169,658.00
5.888184,876.1694,618.00
5.888184,876.2219,676.00
5.888184,876.2743,639.00
5.888184,876.3268,726.00
5.888184,876.3792,641.00
5.888184,876.4316,659.00
5.888184,876.4840,672.00
5.888184,876.5364,649.00
5.888184,876.5889,605.00
5.888184,876.6413,718.00
5.888184,876.6937,639.00
5.888184,876.7460,686.00
5.888184,876.7985,668.00
5.888184,876.8509,694.00
5.888184,876.9032,639.00
5.888184,876.9556,641.00
5.888184,877.0079,599.00
5.888184,877.0604,644.00
5.888184,877.1127,623.00
5.888184,877.1651,689.00
5.888184,877.2174,618.00
5.888184,877.2697,673.00
5.888184,877.3221,634.00
5.888184,877.3744,643.00
5.888184,877.4268,614.00
5.888184,877.4791,655.00
5.888184,877.5314,594.00
5.888184,877.5837,643.00
5.888184,877.6360,605.00
5.888184,877.6884,627.00
5.888184,877.7407,597.00
5.888184,877.7930,645.00
5.888184,877.8452,625.00
5.888184,877.8975,644.00
5.888184,877.9498,609.00
5.888184,878.0021,654.00
5.888184,878.0544,606.00
5.888184,878.1066,682.00
5.888184,878.1589,630.00
5.888184,878.2111,640.00
5.888184,878.2634,593.00
5.888184,878.3157,609.00
5.888184,878.3679,589.00
5.888184,878.4202,641.00
5.888184,878.4724,592.00
5.888184,878.5246,658.00
5.888184,878.5768,616.00
5.888184,878.6290,662.00
5.888184,878.6812,630.00
5.888184,878.7335,610.00
5.888184,878.7856,617.00
5.888184,878.8379,598.00
5.888184,878.8901,581.00
5.888184,878.9422,611.00
5.888184,878.9944,633.00
5.888184,879.0466,654.00
5.888184,879.0988,615.00
5.888184,879.1509,664.00
5.888184,879.2031,633.00
5.888184,879.2552,620.00
5.888184,879.3074,635.00
5.888184,879.3596,653.00
5.888184,879.4117,596.00
5.888184,879.4638,672.00
5.888184,879.5159,590.00
5.888184,879.5681,655.00
5.888184,879.6202,646.00
5.888184,879.6723,660.00
5.888184,879.7244,642.00
5.888184,879.7766,661.00
5.888184,879.8287,603.00
5.888184,879.8808,669.00
5.888184,879.9329,580.00
5.888184,879.9849,659.00
5.888184,880.0370,628.00
5.888184,880.0891,689.00
5.888184,880.1412,612.00
5.888184,880.1932,672.00
5.888184,880.2452,591.00
5.888184,880.2973,662.00
5.888184,880.3495,632.00
5.888184,880.4015,672.00
5.888184,880.4536,628.00
5.888184,880.5056,619.00
5.888184,880.5576,639.00
5.888184,880.6096,636.00
5.888184,880.6616,576.00
5.888184,880.7137,640.00
5.888184,880.7656,605.00
5.888184,880.8176,653.00
5.888184,880.8696,594.00
5.888184,880.9217,660.00
5.888184,880.9737,636.00
5.888184,881.0256,636.00
5.888184,881.0776,610.00
5.888184,881.1296,627.00
5.888184,881.1816,582.00
5.888184,881.2336,654.00
5.888184,881.2855,580.00
5.888184,881.3374,651.00
5.888184,881.3893,617.00
5.888184,881.4413,637.00
5.888184,881.4933,583.00
5.888184,881.5452,644.00
5.888184,881.5972,581.00
5.888184,881.6490,644.00
5.888184,881.7010,592.00
5.888184,881.7530,635.00
5.888184,881.8049,620.00
5.888184,881.8568,648.00
5.888184,881.9086,610.00
5.888184,881.9605,618.00
5.888184,882.0125,577.00
5.888184,882.0643,630.00
5.888184,882.1162,566.00
5.888184,882.1681,657.00
5.888184,882.2199,557.00
5.888184,882.2719,644.00
5.888184,882.3237,609.00
5.888184,882.3755,575.00
5.888184,882.4274,576.00
5.888184,882.4792,618.00
5.888184,882.5311,572.00
5.888184,882.5829,622.00
5.888184,882.6348,575.00
5.888184,882.6866,642.00
5.888184,882.7383,627.00
5.888184,882.7902,584.00
5.888184,882.8420,619.00
5.888184,882.8939,613.00
5.888184,882.9457,539.00
5.888184,882.9974,619.00
5.888184,883.0493,582.00
5.888184,883.1011,645.00
5.888184,883.1528,562.00
5.888184,883.2046,655.00
5.888184,883.2563,595.00
5.888184,883.3081,587.00
5.888184,883.3599,584.00
5.888184,883.4116,617.00
5.888184,883.4634,591.00
5.888184,883.5151,657.00
5.888184,883.5668,615.00
5.888184,883.6187,640.00
5.888184,883.6703,624.00
5.888184,883.7220,637.00
5.888184,883.7738,574.00
5.888184,883.8254,617.00
5.888184,883.8773,578.00
5.888184,883.9289,672.00
5.888184,883.9806,582.00
5.888184,884.0323,653.00
5.888184,884.0840,632.00
5.888184,884.1357,651.00
5.888184,884.1874,600.00
5.888184,884.2391,641.00
5.888184,884.2907,594.00
5.888184,884.3423,642.00
5.888184,884.3940,577.00
5.888184,884.4457,634.00
5.888184,884.4974,628.00
5.888184,884.5490,621.00
5.888184,884.6006,615.00
5.888184,884.6523,642.00
5.888184,884.7039,585.00
5.888184,884.7555,672.00
5.888184,884.8071,606.00
5.888184,884.8588,645.00
5.888184,884.9103,645.00
5.888184,884.9620,650.00
5.888184,885.0136,652.00
5.888184,885.0651,645.00
5.888184,885.1168,616.00
5.888184,885.1683,640.00
5.888184,885.2200,595.00
5.888184,885.2715,686.00
5.888184,885.3231,602.00
5.888184,885.3746,678.00
5.888184,885.4262,650.00
5.888184,885.4778,661.00
5.888184,885.5293,667.00
5.888184,885.5809,635.00
5.888184,885.6324,589.00
5.888184,885.6839,623.00
5.888184,885.7355,626.00
5.888184,885.7870,685.00
5.888184,885.8385,611.00
5.888184,885.8900,664.00
5.888184,885.9415,635.00
5.888184,885.9930,643.00
5.888184,886.0446,618.00
5.888184,886.0960,667.00
5.888184,886.1475,610.00
5.888184,886.1990,671.00
5.888184,886.2504,609.00
5.888184,886.3020,687.00
5.888184,886.3534,633.00
5.888184,886.4048,653.00
5.888184,886.4564,617.00
5.888184,886.5078,658.00
5.888184,886.5593,583.00
5.888184,886.6107,664.00
5.888184,886.6621,626.00
5.888184,886.7136,642.00
5.888184,886.7650,663.00
5.888184,886.8164,651.00
5.888184,886.8679,626.00
5.888184,886.9193,635.00
5.888184,886.9706,599.00
5.888184,887.0220,629.00
5.888184,887.0735,585.00
5.888184,887.1249,663.00
5.888184,887.1762,633.00
5.888184,887.2276,659.00
5.888184,887.2789,642.00
5.888184,887.3304,658.00
5.888184,887.3818,641.00
5.888184,887.4331,670.00
5.888184,887.4844,621.00
5.888184,887.5358,683.00
5.888184,887.5871,597.00
5.888184,887.6385,688.00
5.888184,887.6898,641.00
5.888184,887.7411,642.00
5.888184,887.7925,599.00
5.888184,887.8438,650.00
5.888184,887.8951,596.00
5.888184,887.9464,694.00
5.888184,887.9977,635.00
5.888184,888.0490,715.00
5.888184,888.1003,679.00
5.888184,888.1516,676.00
5.888184,888.2029,629.00
5.888184,888.2542,647.00
5.888184,888.3054,611.00
5.888184,888.3567,705.00
5.888184,888.4080,634.00
5.888184,888.4592,660.00
5.888184,888.5105,641.00
5.888184,888.5618,671.00
5.888184,888.6130,620.00
5.888184,888.6642,657.00
5.888184,888.7155,628.00
5.888184,888.7667,646.00
5.888184,888.8179,609.00
5.888184,888.8691,684.00
5.888184,888.9204,644.00
5.888184,888.9716,660.00
5.888184,889.0228,637.00
5.888184,889.0740,666.00
5.888184,889.1252,642.00
5.888184,889.1764,664.00
5.888184,889.2275,614.00
5.888184,889.2787,688.00
5.888184,889.3299,645.00
5.888184,889.3810,691.00
5.888184,889.4322,684.00
5.888184,889.4835,687.00
5.888184,889.5346,638.00
5.888184,889.5857,676.00
5.888184,889.6368,603.00
5.888184,889.6879,650.00
5.888184,889.7391,623.00
5.888184,889.7903,687.00
5.888184,889.8414,604.00
5.888184,889.8925,697.00
5.888184,889.9435,667.00
5.888184,889.9948,647.00
5.888184,890.0458,613.00
5.888184,890.0969,662.00
5.888184,890.1479,614.00
5.888184,890.1990,669.00
5.888184,890.2501,625.00
5.888184,890.3012,658.00
5.888184,890.3523,651.00
5.888184,890.4034,621.00
5.888184,890.4545,630.00
5.888184,890.5054,638.00
5.888184,890.5566,587.00
5.888184,890.6076,665.00
5.888184,890.6586,610.00
5.888184,890.7097,691.00
5.888184,890.7607,631.00
5.888184,890.8117,671.00
5.888184,890.8627,664.00
5.888184,890.9138,619.00
5.888184,890.9647,581.00
5.888184,891.0157,657.00
5.888184,891.0668,579.00
5.888184,891.1178,664.00
5.888184,891.1688,611.00
5.888184,891.2197,642.00
5.888184,891.2707,598.00
5.888184,891.3217,623.00
5.888184,891.3727,600.00
5.888184,891.4236,619.00
5.888184,891.4745,577.00
5.888184,891.5256,655.00
5.888184,891.5765,603.00
5.888184,891.6275,658.00
5.888184,891.6783,577.00
5.888184,891.7293,632.00
5.888184,891.7802,611.00
5.888184,891.8312,619.00
5.888184,891.8821,577.00
5.888184,891.9330,658.00
5.888184,891.9839,564.00
5.888184,892.0348,619.00
5.888184,892.0857,597.00
5.888184,892.1366,630.00
5.888184,892.1875,619.00
5.888184,892.2383,630.00
5.888184,892.2892,605.00
5.888184,892.3401,646.00
5.888184,892.3911,593.00
5.888184,892.4418,667.00
5.888184,892.4927,637.00
5.888184,892.5436,678.00
5.888184,892.5944,629.00
5.888184,892.6452,648.00
5.888184,892.6961,607.00
5.888184,892.7469,644.00
5.888184,892.7977,601.00
5.888184,892.8485,652.00
5.888184,892.8993,654.00
5.888184,892.9502,693.00
5.888184,893.0010,622.00
5.888184,893.0518,622.00
5.888184,893.1025,660.00
5.888184,893.1534,617.00
5.888184,893.2042,600.00
5.888184,893.2549,665.00
5.888184,893.3057,607.00
5.888184,893.3564,680.00
5.888184,893.4072,664.00
5.888184,893.4580,646.00
5.888184,893.5087,604.00
5.888184,893.5595,649.00
5.888184,893.6102,608.00
5.888184,893.6609,676.00
5.888184,893.7117,593.00
5.888184,893.7625,702.00
5.888184,893.8132,622.00
5.888184,893.8639,674.00
5.888184,893.9146,634.00
5.888184,893.9653,628.00
5.888184,894.0160,633.00
5.888184,894.0667,647.00
5.888184,894.1174,633.00
5.888184,894.1681,643.00
5.888184,894.2188,622.00
5.888184,894.2695,668.00
5.888184,894.3201,653.00
5.888184,894.3708,646.00
5.888184,894.4214,621.00
5.888184,894.4720,675.00
5.888184,894.5228,602.00
5.888184,894.5734,686.00
5.888184,894.6240,615.00
5.888184,894.6746,666.00
5.888184,894.7252,685.00
5.888184,894.7759,635.00
5.888184,894.8265,647.00
5.888184,894.8771,653.00
5.888184,894.9277,601.00
5.888184,894.9783,680.00
5.888184,895.0290,583.00
5.888184,895.0795,689.00
5.888184,895.1301,616.00
5.888184,895.1807,658.00
5.888184,895.2313,634.00
5.888184,895.2819,633.00
5.888184,895.3325,606.00
5.888184,895.3830,662.00
5.888184,895.4336,577.00
5.888184,895.4841,687.00
5.888184,895.5347,630.00
5.888184,895.5852,673.00
5.888184,895.6357,619.00
5.888184,895.6863,664.00
5.888184,895.7368,631.00
5.888184,895.7874,635.00
5.888184,895.8379,572.00
5.888184,895.8884,655.00
5.888184,895.9388,590.00
5.888184,895.9893,679.00
5.888184,896.0399,637.00
5.888184,896.0904,632.00
5.888184,896.1408,645.00
5.888184,896.1913,631.00
5.888184,896.2418,615.00
5.888184,896.2922,670.00
5.888184,896.3427,640.00
5.888184,896.3932,682.00
5.888184,896.4437,647.00
5.888184,896.4941,687.00
5.888184,896.5445,639.00
5.888184,896.5950,646.00
5.888184,896.6454,647.00
5.888184,896.6958,635.00
5.888184,896.7462,615.00
5.888184,896.7967,661.00
5.888184,896.8471,641.00
5.888184,896.8975,663.00
5.888184,896.9479,623.00
5.888184,896.9983,659.00
5.888184,897.0486,618.00
5.888184,897.0991,648.00
5.888184,897.1495,597.00
5.888184,897.1998,669.00
5.888184,897.2502,629.00
5.888184,897.3005,677.00
5.888184,897.3510,628.00
5.888184,897.4013,700.00
5.888184,897.4517,648.00
5.888184,897.5020,638.00
5.888184,897.5523,614.00
5.888184,897.6026,656.00
5.888184,897.6530,598.00
5.888184,897.7033,682.00
5.888184,897.7537,631.00
5.888184,897.8040,643.00
5.888184,897.8542,630.00
5.888184,897.9046,657.00
5.888184,897.9549,617.00
5.888184,898.0051,667.00
5.888184,898.0554,609.00
5.888184,898.1057,669.00
5.888184,898.1560,618.00
5.888184,898.2063,656.00
5.888184,898.2565,629.00
5.888184,898.3068,640.00
5.888184,898.3571,634.00
5.888184,898.4073,627.00
5.888184,898.4576,578.00
5.888184,898.5078,646.00
5.888184,898.5580,618.00
5.888184,898.6083,665.00
5.888184,898.6584,645.00
5.888184,898.7087,679.00
5.888184,898.7590,631.00
5.888184,898.8091,615.00
5.888184,898.8593,620.00
5.888184,898.9095,658.00
5.888184,898.9598,575.00
5.888184,899.0099,677.00
5.888184,899.0601,645.00
5.888184,899.1103,662.00
5.888184,899.1605,623.00
5.888184,899.2107,619.00
5.888184,899.2608,602.00
5.888184,899.3109,634.00
5.888184,899.3611,599.00
5.888184,899.4113,677.00
5.888184,899.4614,629.00
5.888184,899.5115,645.00
5.888184,899.5616,661.00
5.888184,899.6118,627.00
5.888184,899.6619,610.00
5.888184,899.7121,588.00
5.888184,899.7622,576.00
5.888184,899.8123,622.00
5.888184,899.8624,605.00
5.888184,899.9124,653.00
5.888184,899.9626,616.00
5.888184,900.0126,634.00
5.888184,900.0627,619.00
5.888184,900.1127,634.00
5.888184,900.1628,572.00
5.888184,900.2130,658.00
5.888184,900.2631,553.00
5.888184,900.3130,665.00
5.888184,900.3631,611.00
5.888184,900.4131,630.00
5.888184,900.4632,583.00
5.888184,900.5132,620.00
5.888184,900.5633,588.00
5.888184,900.6132,625.00
5.888184,900.6632,607.00
5.888184,900.7133,617.00
5.888184,900.7633,560.00
5.888184,900.8133,626.00
5.888184,900.8633,584.00
5.888184,900.9133,635.00
5.888184,900.9633,606.00
5.888184,901.0133,650.00
5.888184,901.0632,593.00
5.888184,901.1132,628.00
5.888184,901.1631,601.00
5.888184,901.2131,657.00
5.888184,901.2631,613.00
5.888184,901.3130,662.00
5.888184,901.3630,604.00
5.888184,901.4129,626.00
5.888184,901.4628,610.00
5.888184,901.5128,604.00
5.888184,901.5627,577.00
5.888184,901.6126,640.00
5.888184,901.6625,605.00
5.888184,901.7124,621.00
5.888184,901.7623,628.00
5.888184,901.8123,606.00
5.888184,901.8621,630.00
5.888184,901.9120,646.00
5.888184,901.9619,582.00
5.888184,902.0117,640.00
5.888184,902.0616,607.00
5.888184,902.1115,681.00
5.888184,902.1613,605.00
5.888184,902.2112,617.00
5.888184,902.2610,624.00
5.888184,902.3109,619.00
5.888184,902.3608,562.00
5.888184,902.4106,652.00
5.888184,902.4604,590.00
5.888184,902.5103,628.00
5.888184,902.5601,599.00
5.888184,902.6099,679.00
5.888184,902.6597,632.00
5.888184,902.7095,661.00
5.888184,902.7592,634.00
5.888184,902.8090,663.00
5.888184,902.8589,559.00
5.888184,902.9086,664.00
5.888184,902.9584,596.00
5.888184,903.0082,665.00
5.888184,903.0580,611.00
5.888184,903.1077,621.00
5.888184,903.1575,618.00
5.888184,903.2072,632.00
5.888184,903.2570,614.00
5.888184,903.3067,641.00
5.888184,903.3564,602.00
5.888184,903.4062,685.00
5.888184,903.4559,628.00
5.888184,903.5056,655.00
5.888184,903.5553,634.00
5.888184,903.6050,645.00
5.888184,903.6547,612.00
5.888184,903.7045,662.00
5.888184,903.7541,595.00
5.888184,903.8038,689.00
5.888184,903.8535,610.00
5.888184,903.9032,632.00
5.888184,903.9528,645.00
5.888184,904.0025,609.00
5.888184,904.0522,588.00
5.888184,904.1019,645.00
5.888184,904.1515,588.00
5.888184,904.2012,662.00
5.888184,904.2507,616.00
5.888184,904.3004,632.00
5.888184,904.3500,604.00
5.888184,904.3997,624.00
5.888184,904.4493,609.00
5.888184,904.4989,644.00
5.888184,904.5485,582.00
5.888184,904.5980,614.00
5.888184,904.6477,588.00
5.888184,904.6973,630.00
5.888184,904.7469,540.00
5.888184,904.7964,635.00
5.888184,904.8460,621.00
5.888184,904.8956,582.00
5.888184,904.9452,587.00
5.888184,904.9947,604.00
5.888184,905.0443,591.00
5.888184,905.0938,664.00
5.888184,905.1434,603.00
5.888184,905.1929,627.00
5.888184,905.2424,642.00
5.888184,905.2919,633.00
5.888184,905.3414,594.00
5.888184,905.3910,631.00
5.888184,905.4406,585.00
5.888184,905.4901,671.00
5.888184,905.5396,570.00
5.888184,905.5890,647.00
5.888184,905.6385,625.00
5.888184,905.6880,652.00
5.888184,905.7375,627.00
5.888184,905.7870,671.00
5.888184,905.8364,597.00
5.888184,905.8859,620.00
5.888184,905.9354,624.00
5.888184,905.9848,697.00
5.888184,906.0342,671.00
5.888184,906.0837,686.00
5.888184,906.1331,586.00
5.888184,906.1826,656.00
5.888184,906.2321,620.00
5.888184,906.2814,675.00
5.888184,906.3309,625.00
5.888184,906.3802,645.00
5.888184,906.4297,630.00
5.888184,906.4791,654.00
5.888184,906.5285,639.00
5.888184,906.5779,622.00
5.888184,906.6273,586.00
5.888184,906.6766,641.00
5.888184,906.7260,605.00
5.888184,906.7754,681.00
5.888184,906.8248,595.00
5.888184,906.8741,649.00
5.888184,906.9235,614.00
5.888184,906.9729,620.00
5.888184,907.0222,600.00
5.888184,907.0715,659.00
5.888184,907.1208,604.00
5.888184,907.1702,689.00
5.888184,907.2195,644.00
5.888184,907.2688,668.00
5.888184,907.3181,629.00
5.888184,907.3674,630.00
5.888184,907.4167,598.00
5.888184,907.4660,626.00
5.888184,907.5153,598.00
5.888184,907.5646,628.00
5.888184,907.6139,573.00
5.888184,907.6631,655.00
5.888184,907.7125,603.00
5.888184,907.7617,629.00
5.888184,907.8110,628.00
5.888184,907.8602,636.00
5.888184,907.9094,597.00
5.888184,907.9587,631.00
5.888184,908.0080,564.00
5.888184,908.0572,660.00
5.888184,908.1064,590.00
5.888184,908.1556,662.00
5.888184,908.2048,619.00
5.888184,908.2541,598.00
5.888184,908.3033,636.00
5.888184,908.3524,595.00
5.888184,908.4017,575.00
5.888184,908.4508,637.00
5.888184,908.5000,601.00
5.888184,908.5493,632.00
5.888184,908.5984,631.00
5.888184,908.6475,625.00
5.888184,908.6967,596.00
5.888184,908.7459,622.00
5.888184,908.7950,592.00
5.888184,908.8442,627.00
5.888184,908.8932,600.00
5.888184,908.9424,668.00
5.888184,908.9916,595.00
5.888184,909.0407,652.00
5.888184,909.0898,655.00
5.888184,909.1389,630.00
5.888184,909.1880,618.00
5.888184,909.2372,637.00
5.888184,909.2863,596.00
5.888184,909.3354,663.00
5.888184,909.3845,589.00
5.888184,909.4335,647.00
5.888184,909.4825,606.00
5.888184,909.5317,610.00
5.888184,909.5807,601.00
5.888184,909.6298,640.00
5.888184,909.6789,569.00
5.888184,909.7280,631.00
5.888184,909.7770,583.00
5.888184,909.8260,650.00
5.888184,909.8751,614.00
5.888184,909.9241,648.00
5.888184,909.9731,609.00
5.888184,910.0222,615.00
5.888184,910.0711,607.00
5.888184,910.1201,635.00
5.888184,910.1691,580.00
5.888184,910.2181,654.00
5.888184,910.2672,637.00
5.888184,910.3162,649.00
5.888184,910.3651,629.00
5.888184,910.4141,646.00
5.888184,910.4631,611.00
5.888184,910.5120,640.00
5.888184,910.5610,594.00
5.888184,910.6099,652.00
5.888184,910.6589,617.00
5.888184,910.7078,641.00
5.888184,910.7568,608.00
5.888184,910.8057,617.00
5.888184,910.8546,636.00
5.888184,910.9036,640.00
5.888184,910.9525,610.00
5.888184,911.0013,656.00
5.888184,911.0503,640.00
5.888184,911.0992,650.00
5.888184,911.1481,616.00
5.888184,911.1970,625.00
5.888184,911.2459,604.00
5.888184,911.2948,638.00
5.888184,911.3436,581.00
5.888184,911.3925,638.00
5.888184,911.4414,596.00
5.888184,911.4902,680.00
5.888184,911.5391,617.00
5.888184,911.5880,622.00
5.888184,911.6368,615.00
5.888184,911.6857,636.00
5.888184,911.7344,582.00
5.888184,911.7833,676.00
5.888184,911.8321,603.00
5.888184,911.8809,663.00
5.888184,911.9297,634.00
5.888184,911.9785,663.00
5.888184,912.0273,660.00
5.888184,912.0762,623.00
5.888184,912.1249,679.00
5.888184,912.1737,659.00
5.888184,912.2225,615.00
5.888184,912.2712,666.00
5.888184,912.3201,661.00
5.888184,912.3688,669.00
5.888184,912.4176,615.00
5.888184,912.4663,665.00
5.888184,912.5150,617.00
5.888184,912.5638,634.00
5.888184,912.6125,632.00
5.888184,912.6613,657.00
5.888184,912.7100,632.00
5.888184,912.7587,662.00
5.888184,912.8074,635.00
5.888184,912.8561,676.00
5.888184,912.9048,656.00
5.888184,912.9535,674.00
5.888184,913.0023,641.00
5.888184,913.0510,659.00
5.888184,913.0996,616.00
5.888184,913.1483,674.00
5.888184,913.1969,635.00
5.888184,913.2456,672.00
5.888184,913.2943,651.00
5.888184,913.3430,666.00
5.888184,913.3916,637.00
5.888184,913.4402,697.00
5.888184,913.4888,666.00
5.888184,913.5375,699.00
5.888184,913.5862,631.00
5.888184,913.6348,690.00
5.888184,913.6834,642.00
5.888184,913.7320,691.00
5.888184,913.7806,645.00
5.888184,913.8292,677.00
5.888184,913.8778,645.00
5.888184,913.9264,687.00
5.888184,913.9750,609.00
5.888184,914.0236,714.00
5.888184,914.0721,650.00
5.888184,914.1207,704.00
5.888184,914.1693,621.00
5.888184,914.2178,696.00
5.888184,914.2664,659.00
5.888184,914.3149,671.00
5.888184,914.3635,634.00
5.888184,914.4120,682.00
5.888184,914.4606,658.00
5.888184,914.5090,717.00
5.888184,914.5576,667.00
5.888184,914.6061,693.00
5.888184,914.6546,677.00
5.888184,914.7031,707.00
5.888184,914.7516,634.00
5.888184,914.8001,715.00
5.888184,914.8486,676.00
5.888184,914.8971,692.00
5.888184,914.9456,657.00
5.888184,914.9941,709.00
5.888184,915.0425,687.00
5.888184,915.0910,652.00
5.888184,915.1395,634.00
5.888184,915.1879,706.00
5.888184,915.2363,644.00
5.888184,915.2849,717.00
5.888184,915.3333,676.00
5.888184,915.3817,705.00
5.888184,915.4301,665.00
5.888184,915.4785,686.00
5.888184,915.5269,614.00
5.888184,915.5754,668.00
5.888184,915.6237,626.00
5.888184,915.6721,732.00
5.888184,915.7205,635.00
5.888184,915.7689,711.00
5.888184,915.8173,684.00
5.888184,915.8657,697.00
5.888184,915.9141,660.00
5.888184,915.9623,693.00
5.888184,916.0107,625.00
5.888184,916.0591,698.00
5.888184,916.1075,632.00
5.888184,916.1558,686.00
5.888184,916.2042,660.00
5.888184,916.2524,690.00
5.888184,916.3008,663.00
5.888184,916.3491,676.00
5.888184,916.3974,629.00
5.888184,916.4457,694.00
5.888184,916.4940,643.00
5.888184,916.5423,693.00
5.888184,916.5907,676.00
5.888184,916.6390,690.00
5.888184,916.6872,647.00
5.888184,916.7355,685.00
5.888184,916.7838,620.00
5.888184,916.8320,714.00
5.888184,916.8803,627.00
5.888184,916.9286,705.00
5.888184,916.9768,628.00
5.888184,917.0250,686.00
5.888184,917.0733,703.00
5.888184,917.1216,657.00
5.888184,917.1698,642.00
5.888184,917.2180,656.00
5.888184,917.2662,629.00
5.888184,917.3145,685.00
5.888184,917.3626,658.00
5.888184,917.4109,695.00
5.888184,917.4590,620.00
5.888184,917.5072,682.00
5.888184,917.5554,676.00
5.888184,917.6036,683.00
5.888184,917.6518,621.00
5.888184,917.7000,686.00
5.888184,917.7481,629.00
5.888184,917.7963,690.00
5.888184,917.8444,685.00
5.888184,917.8926,714.00
5.888184,917.9407,685.00
5.888184,917.9888,686.00
5.888184,918.0369,613.00
5.888184,918.0851,678.00
5.888184,918.1332,677.00
5.888184,918.1813,726.00
5.888184,918.2294,663.00
5.888184,918.2776,716.00
5.888184,918.3257,655.00
5.888184,918.3737,668.00
5.888184,918.4218,657.00
5.888184,918.4699,693.00
5.888184,918.5180,654.00
5.888184,918.5660,659.00
5.888184,918.6142,636.00
5.888184,918.6622,684.00
5.888184,918.7103,660.00
5.888184,918.7583,705.00
5.888184,918.8064,677.00
5.888184,918.8544,672.00
5.888184,918.9025,656.00
5.888184,918.9505,720.00
5.888184,918.9985,656.00
5.888184,919.0464,728.00
5.888184,919.0945,696.00
5.888184,919.1426,724.00
5.888184,919.1905,688.00
5.888184,919.2385,680.00
5.888184,919.2866,654.00
5.888184,919.3345,702.00
5.888184,919.3825,642.00
5.888184,919.4304,700.00
5.888184,919.4785,662.00
5.888184,919.5264,701.00
5.888184,919.5744,677.00
5.888184,919.6224,657.00
5.888184,919.6703,670.00
5.888184,919.7182,689.00
5.888184,919.7661,672.00
5.888184,919.8141,702.00
5.888184,919.8620,650.00
5.888184,919.9100,723.00
5.888184,919.9578,662.00
5.888184,920.0057,722.00
5.888184,920.0536,655.00
5.888184,920.1016,695.00
5.888184,920.1495,647.00
5.888184,920.1973,683.00
5.888184,920.2452,611.00
5.888184,920.2932,687.00
5.888184,920.3410,649.00
5.888184,920.3888,689.00
5.888184,920.4367,645.00
5.888184,920.4846,669.00
5.888184,920.5323,615.00
5.888184,920.5803,624.00
5.888184,920.6281,622.00
5.888184,920.6759,704.00
5.888184,920.7237,672.00
5.888184,920.7715,687.00
5.888184,920.8195,654.00
5.888184,920.8672,639.00
5.888184,920.9150,660.00
5.888184,920.9628,680.00
5.888184,921.0106,607.00
5.888184,921.0584,699.00
5.888184,921.1062,591.00
5.888184,921.1540,686.00
5.888184,921.2017,642.00
5.888184,921.2495,627.00
5.888184,921.2973,619.00
5.888184,921.3450,655.00
5.888184,921.3928,597.00
5.888184,921.4405,673.00
5.888184,921.4882,597.00
5.888184,921.5359,687.00
5.888184,921.5837,645.00
5.888184,921.6315,670.00
5.888184,921.6791,632.00
5.888184,921.7269,676.00
5.888184,921.7746,599.00
5.888184,921.8223,630.00
5.888184,921.8700,609.00
5.888184,921.9177,664.00
5.888184,921.9653,640.00
5.888184,922.0130,665.00
5.888184,922.0607,643.00
5.888184,922.1084,660.00
5.888184,922.1561,640.00
5.888184,922.2037,682.00
5.888184,922.2513,618.00
5.888184,922.2990,655.00
5.888184,922.3467,606.00
5.888184,922.3943,670.00
5.888184,922.4419,601.00
5.888184,922.4895,669.00
5.888184,922.5371,641.00
5.888184,922.5848,653.00
5.888184,922.6324,631.00
5.888184,922.6800,664.00
5.888184,922.7276,592.00
5.888184,922.7752,682.00
5.888184,922.8228,642.00
5.888184,922.8704,693.00
5.888184,922.9179,602.00
5.888184,922.9655,688.00
5.888184,923.0130,633.00
5.888184,923.0607,703.00
5.888184,923.1082,604.00
5.888184,923.1558,695.00
5.888184,923.2032,634.00
5.888184,923.2508,666.00
5.888184,923.2983,653.00
5.888184,923.3459,676.00
5.888184,923.3934,631.00
5.888184,923.4409,671.00
5.888184,923.4884,633.00
5.888184,923.5359,680.00
5.888184,923.5834,620.00
5.888184,923.6309,663.00
5.888184,923.6784,641.00
5.888184,923.7259,666.00
5.888184,923.7734,630.00
5.888184,923.8209,638.00
5.888184,923.8683,609.00
5.888184,923.9158,666.00
5.888184,923.9632,615.00
5.888184,924.0106,701.00
5.888184,924.0581,639.00
5.888184,924.1056,662.00
5.888184,924.1530,643.00
5.888184,924.2004,693.00
5.888184,924.2479,610.00
5.888184,924.2952,621.00
5.888184,924.3427,581.00
5.888184,924.3901,709.00
5.888184,924.4375,618.00
5.888184,924.4849,697.00
5.888184,924.5323,670.00
5.888184,924.5797,620.00
5.888184,924.6270,636.00
5.888184,924.6744,669.00
5.888184,924.7218,634.00
5.888184,924.7692,705.00
5.888184,924.8165,610.00
5.888184,924.8639,688.00
5.888184,924.9112,644.00
5.888184,924.9585,679.00
5.888184,925.0059,690.00
5.888184,925.0532,663.00
5.888184,925.1005,610.00
5.888184,925.1478,670.00
5.888184,925.1952,609.00
5.888184,925.2424,705.00
5.888184,925.2897,615.00
5.888184,925.3370,685.00
5.888184,925.3843,659.00
5.888184,925.4316,688.00
5.888184,925.4789,604.00
5.888184,925.5262,659.00
5.888184,925.5734,624.00
5.888184,925.6207,685.00
5.888184,925.6680,642.00
5.888184,925.7153,688.00
5.888184,925.7625,625.00
5.888184,925.8097,634.00
5.888184,925.8569,648.00
5.888184,925.9042,653.00
5.888184,925.9514,614.00
5.888184,925.9987,658.00
5.888184,926.0458,617.00
5.888184,926.0930,692.00
5.888184,926.1403,634.00
5.888184,926.1874,699.00
5.888184,926.2346,641.00
5.888184,926.2819,676.00
5.888184,926.3290,630.00
5.888184,926.3762,691.00
5.888184,926.4233,593.00
5.888184,926.4705,692.00
5.888184,926.5177,686.00
5.888184,926.5648,727.00
5.888184,926.6120,711.00
5.888184,926.6591,722.00
5.888184,926.7063,670.00
5.888184,926.7534,687.00
5.888184,926.8005,623.00
5.888184,926.8477,711.00
5.888184,926.8947,659.00
5.888184,926.9418,723.00
5.888184,926.9890,695.00
5.888184,927.0361,701.00
5.888184,927.0831,683.00
5.888184,927.1302,725.00
5.888184,927.1773,659.00
5.888184,927.2244,765.00
5.888184,927.2715,694.00
5.888184,927.3185,733.00
5.888184,927.3656,706.00
5.888184,927.4126,793.00
5.888184,927.4597,834.00
5.888184,927.5067,889.00
5.888184,927.5538,818.00
5.888184,927.6008,857.00
5.888184,927.6478,804.00
5.888184,927.6949,915.00
5.888184,927.7419,938.00
5.888184,927.7888,1091.00
5.888184,927.8358,1222.00
5.888184,927.8829,1302.00
5.888184,927.9299,1503.00
5.888184,927.9769,2091.00
5.888184,928.0239,2495.00
5.888184,928.0708,2653.00
5.888184,928.1177,2651.00
5.888184,928.1648,2825.00
5.888184,928.2117,3137.00
5.888184,928.2587,4261.00
5.888184,928.3056,6868.00
5.888184,928.3525,10053.00
5.888184,928.3995,11652.00
5.888184,928.4465,10084.00
5.888184,928.4934,5644.00
5.888184,928.5402,2348.00
5.888184,928.5872,1204.00
5.888184,928.6340,1040.00
5.888184,928.6810,950.00
5.888184,928.7279,862.00
5.888184,928.7748,824.00
5.888184,928.8217,808.00
5.888184,928.8685,802.00
5.888184,928.9155,819.00
5.888184,928.9623,703.00
5.888184,929.0092,758.00
5.888184,929.0560,702.00
5.888184,929.1028,697.00
5.888184,929.1498,691.00
5.888184,929.1965,717.00
5.888184,929.2434,687.00
5.888184,929.2902,709.00
5.888184,929.3370,666.00
5.888184,929.3839,691.00
5.888184,929.4307,678.00
5.888184,929.4775,695.00
5.888184,929.5243,698.00
5.888184,929.5710,703.00
5.888184,929.6179,679.00
5.888184,929.6647,735.00
5.888184,929.7115,637.00
5.888184,929.7582,693.00
5.888184,929.8050,667.00
5.888184,929.8517,717.00
5.888184,929.8986,655.00
5.888184,929.9453,668.00
5.888184,929.9921,692.00
5.888184,930.0388,731.00
5.888184,930.0854,650.00
5.888184,930.1323,713.00
5.888184,930.1790,670.00
5.888184,930.2256,688.00
5.888184,930.2724,665.00
5.888184,930.3191,669.00
5.888184,930.3658,656.00
5.888184,930.4125,695.00
5.888184,930.4592,644.00
5.888184,930.5059,706.00
5.888184,930.5526,626.00
5.888184,930.5993,694.00
5.888184,930.6459,695.00
5.888184,930.6926,698.00
5.888184,930.7392,657.00
5.888184,930.7859,681.00
5.888184,930.8325,619.00
5.888184,930.8792,703.00
5.888184,930.9258,657.00
5.888184,930.9725,680.00
5.888184,931.0190,670.00
5.888184,931.0657,711.00
5.888184,931.1123,697.00
5.888184,931.1589,674.00
5.888184,931.2055,662.00
5.888184,931.2521,681.00
5.888184,931.2987,655.00
5.888184,931.3453,664.00
5.888184,931.3919,655.00
5.888184,931.4385,705.00
5.888184,931.4850,662.00
5.888184,931.5316,697.00
5.888184,931.5782,626.00
5.888184,931.6248,653.00
5.888184,931.6713,642.00
5.888184,931.7178,715.00
5.888184,931.7643,632.00
5.888184,931.8109,685.00
5.888184,931.8574,658.00
5.888184,931.9039,673.00
5.888184,931.9504,691.00
5.888184,931.9969,700.00
5.888184,932.0435,634.00
5.888184,932.0900,685.00
5.888184,932.1365,626.00
5.888184,932.1829,691.00
5.888184,932.2294,638.00
5.888184,932.2759,719.00
5.888184,932.3223,650.00
5.888184,932.3688,653.00
5.888184,932.4153,669.00
5.888184,932.4617,721.00
5.888184,932.5082,665.00
5.888184,932.5546,701.00
5.888184,932.6011,652.00
5.888184,932.6475,708.00
5.888184,932.6939,708.00
5.888184,932.7402,686.00
5.888184,932.7867,658.00
5.888184,932.8331,684.00
5.888184,932.8795,614.00
5.888184,932.9259,714.00
5.888184,932.9723,621.00
5.888184,933.0187,721.00
5.888184,933.0651,676.00
5.888184,933.1115,685.00
5.888184,933.1578,677.00
5.888184,933.2042,674.00
5.888184,933.2505,652.00
5.888184,933.2969,710.00
5.888184,933.3433,654.00
5.888184,933.3896,712.00
5.888184,933.4359,657.00
5.888184,933.4822,716.00
5.888184,933.5286,647.00
5.888184,933.5749,667.00
5.888184,933.6212,678.00
5.888184,933.6675,706.00
5.888184,933.7138,646.00
5.888184,933.7601,725.00
5.888184,933.8064,637.00
5.888184,933.8527,699.00
5.888184,933.8989,655.00
5.888184,933.9452,683.00
5.888184,933.9915,686.00
5.888184,934.0378,672.00
5.888184,934.0840,637.00
5.888184,934.1302,727.00
5.888184,934.1765,635.00
5.888184,934.2227,725.00
5.888184,934.2690,678.00
5.888184,934.3152,700.00
5.888184,934.3614,683.00
5.888184,934.4077,683.00
5.888184,934.4539,656.00
5.888184,934.5001,741.00
5.888184,934.5463,636.00
5.888184,934.5925,737.00
5.888184,934.6387,689.00
5.888184,934.6848,722.00
5.888184,934.7310,678.00
5.888184,934.7772,696.00
5.888184,934.8234,648.00
5.888184,934.8695,690.00
5.888184,934.9156,669.00
5.888184,934.9619,697.00
5.888184,935.0080,670.00
5.888184,935.0541,704.00
5.888184,935.1002,701.00
5.888184,935.1464,674.00
5.888184,935.1925,652.00
5.888184,935.2386,687.00
5.888184,935.2847,678.00
5.888184,935.3308,732.00
5.888184,935.3769,661.00
5.888184,935.4230,718.00
5.888184,935.4691,655.00
5.888184,935.5152,681.00
5.888184,935.5613,672.00
5.888184,935.6073,718.00
5.888184,935.6534,655.00
5.888184,935.6995,685.00
5.888184,935.7455,616.00
5.888184,935.7916,702.00
5.888184,935.8376,685.00
5.888184,935.8837,715.00
5.888184,935.9297,666.00
5.888184,935.9757,690.00
5.888184,936.0217,639.00
5.888184,936.0677,654.00
5.888184,936.1137,627.00
5.888184,936.1598,715.00
5.888184,936.2057,651.00
5.888184,936.2518,693.00
5.888184,936.2977,663.00
5.888184,936.3437,691.00
5.888184,936.3896,625.00
5.888184,936.4357,643.00
5.888184,936.4816,600.00
5.888184,936.5275,683.00
5.888184,936.5735,621.00
5.888184,936.6194,698.00
5.888184,936.6654,649.00
5.888184,936.7114,650.00
5.888184,936.7573,613.00
5.888184,936.8032,658.00
5.888184,936.8491,575.00
5.888184,936.8950,648.00
5.888184,936.9409,611.00
5.888184,936.9868,684.00
5.888184,937.0327,627.00
5.888184,937.0786,667.00
5.888184,937.1245,646.00
5.888184,937.1704,635.00
5.888184,937.2162,626.00
5.888184,937.2621,669.00
5.888184,937.3080,595.00
5.888184,937.3539,651.00
5.888184,937.3997,607.00
5.888184,937.4455,683.00
5.888184,937.4913,660.00
5.888184,937.5372,653.00
5.888184,937.5831,593.00
5.888184,937.6289,633.00
5.888184,937.6747,617.00
5.888184,937.7205,676.00
5.888184,937.7663,584.00
5.888184,937.8121,680.00
5.888184,937.8579,602.00
5.888184,937.9037,638.00
5.888184,937.9495,654.00
5.888184,937.9952,672.00
5.888184,938.0410,612.00
5.888184,938.0868,663.00
5.888184,938.1325,581.00
5.888184,938.1783,667.00
5.888184,938.2240,602.00
5.888184,938.2698,672.00
5.888184,938.3155,627.00
5.888184,938.3613,654.00
5.888184,938.4069,589.00
5.888184,938.4527,639.00
5.888184,938.4984,612.00
5.888184,938.5441,681.00
5.888184,938.5898,621.00
5.888184,938.6356,678.00
5.888184,938.6812,615.00
5.888184,938.7269,670.00
5.888184,938.7726,626.00
5.888184,938.8182,670.00
5.888184,938.8640,625.00
5.888184,938.9096,669.00
5.888184,938.9552,605.00
5.888184,939.0010,665.00
5.888184,939.0466,649.00
5.888184,939.0922,686.00
5.888184,939.1378,678.00
5.888184,939.1835,700.00
5.888184,939.2291,610.00
5.888184,939.2747,694.00
5.888184,939.3203,627.00
5.888184,939.3659,703.00
5.888184,939.4115,690.00
5.888184,939.4570,711.00
5.888184,939.5027,681.00
5.888184,939.5483,679.00
5.888184,939.5939,633.00
5.888184,939.6395,697.00
5.888184,939.6851,637.00
5.888184,939.7306,696.00
5.888184,939.7761,647.00
5.888184,939.8217,678.00
5.888184,939.8672,668.00
5.888184,939.9127,672.00
5.888184,939.9583,620.00
5.888184,940.0038,711.00
5.888184,940.0493,639.00
5.888184,940.0948,700.00
5.888184,940.1403,672.00
5.888184,940.1859,754.00
5.888184,940.2314,671.00
5.888184,940.2769,711.00
5.888184,940.3223,656.00
5.888184,940.3678,702.00
5.888184,940.4133,659.00
5.888184,940.4588,707.00
5.888184,940.5042,661.00
5.888184,940.5497,730.00
5.888184,940.5952,633.00
5.888184,940.6406,711.00
5.888184,940.6860,689.00
5.888184,940.7315,706.00
5.888184,940.7769,677.00
5.888184,940.8223,724.00
5.888184,940.8677,643.00
5.888184,940.9132,708.00
5.888184,940.9586,669.00
5.888184,941.0040,740.00
5.888184,941.0494,700.00
5.888184,941.0948,679.00
5.888184,941.1402,668.00
5.888184,941.1855,670.00
5.888184,941.2310,648.00
5.888184,941.2762,748.00
5.888184,941.3216,645.00
5.888184,941.3670,694.00
5.888184,941.4124,647.00
5.888184,941.4577,696.00
5.888184,941.5031,664.00
5.888184,941.5483,690.00
5.888184,941.5937,649.00
5.888184,941.6390,709.00
5.888184,941.6843,636.00
5.888184,941.7296,716.00
5.888184,941.7749,653.00
5.888184,941.8203,698.00
5.888184,941.8655,678.00
5.888184,941.9108,674.00
5.888184,941.9561,654.00
5.888184,942.0013,708.00
5.888184,942.0467,659.00
5.888184,942.0920,729.00
5.888184,942.1372,695.00
5.888184,942.1824,709.00
5.888184,942.2277,672.00
5.888184,942.2729,707.00
5.888184,942.3182,660.00
5.888184,942.3634,721.00
5.888184,942.4086,652.00
5.888184,942.4539,698.00
5.888184,942.4990,633.00
5.888184,942.5443,706.00
5.888184,942.5895,662.00
5.888184,942.6347,694.00
5.888184,942.6798,653.00
5.888184,942.7250,694.00
5.888184,942.7702,675.00
5.888184,942.8154,673.00
5.888184,942.8606,621.00
5.888184,942.9058,716.00
5.888184,942.9508,655.00
5.888184,942.9960,709.00
5.888184,943.0412,654.00
5.888184,943.0864,684.00
5.888184,943.1314,640.00
5.888184,943.1766,705.00
5.888184,943.2217,670.00
5.888184,943.2668,735.00
5.888184,943.3120,618.00
5.888184,943.3571,734.00
5.888184,943.4021,692.00
5.888184,943.4473,721.00
5.888184,943.4923,675.00
5.888184,943.5374,673.00
5.888184,943.5825,675.00
5.888184,943.6276,728.00
5.888184,943.6725,636.00
5.888184,943.7177,691.00
5.888184,943.7627,694.00
5.888184,943.8078,683.00
5.888184,943.8528,660.00
5.888184,943.8978,692.00
5.888184,943.9429,637.00
5.888184,943.9879,715.00
5.888184,944.0330,641.00
5.888184,944.0779,708.00
5.888184,944.1229,674.00
5.888184,944.1679,716.00
5.888184,944.2130,689.00
5.888184,944.2579,724.00
5.888184,944.3029,652.00
5.888184,944.3478,663.00
5.888184,944.3929,616.00
5.888184,944.4379,704.00
5.888184,944.4828,646.00
5.888184,944.5277,714.00
5.888184,944.5727,661.00
5.888184,944.6176,672.00
5.888184,944.6626,658.00
5.888184,944.7076,687.00
5.888184,944.7524,653.00
5.888184,944.7974,704.00
5.888184,944.8423,672.00
5.888184,944.8872,713.00
5.888184,944.9321,689.00
5.888184,944.9770,692.00
5.888184,945.0219,674.00
5.888184,945.0667,694.00
5.888184,945.1116,678.00
5.888184,945.1566,666.00
5.888184,945.2014,662.00
5.888184,945.2463,705.00
5.888184,945.2911,659.00
5.888184,945.3360,733.00
5.888184,945.3808,699.00
5.888184,945.4257,695.00
5.888184,945.4705,690.00
5.888184,945.5153,685.00
5.888184,945.5601,614.00
5.888184,945.6050,733.00
5.888184,945.6498,663.00
5.888184,945.6946,693.00
5.888184,945.7394,658.00
5.888184,945.7842,685.00
5.888184,945.8290,664.00
5.888184,945.8738,675.00
5.888184,945.9186,654.00
5.888184,945.9633,723.00
5.888184,946.0081,644.00
5.888184,946.0529,700.00
5.888184,946.0976,669.00
5.888184,946.1423,667.00
5.888184,946.1871,663.00
5.888184,946.2318,720.00
5.888184,946.2766,626.00
5.888184,946.3213,696.00
5.888184,946.3660,633.00
5.888184,946.4107,663.00
5.888184,946.4554,644.00
5.888184,946.5001,693.00
5.888184,946.5449,678.00
5.888184,946.5895,664.00
5.888184,946.6342,625.00
5.888184,946.6789,684.00
5.888184,946.7236,648.00
5.888184,946.7682,677.00
5.888184,946.8129,630.00
5.888184,946.8575,706.00
5.888184,946.9022,652.00
5.888184,946.9468,688.00
5.888184,946.9915,660.00
5.888184,947.0361,693.00
5.888184,947.0807,629.00
5.888184,947.1253,664.00
5.888184,947.1700,624.00
5.888184,947.2146,714.00
5.888184,947.2592,666.00
5.888184,947.3038,688.00
5.888184,947.3483,670.00
5.888184,947.3929,686.00
5.888184,947.4376,635.00
5.888184,947.4821,671.00
5.888184,947.5267,642.00
5.888184,947.5712,727.00
5.888184,947.6158,647.00
5.888184,947.6604,677.00
5.888184,947.7050,659.00
5.888184,947.7495,675.00
5.888184,947.7939,645.00
5.888184,947.8385,681.00
5.888184,947.8831,594.00
5.888184,947.9276,677.00
5.888184,947.9720,657.00
5.888184,948.0166,658.00
5.888184,948.0611,622.00
5.888184,948.1056,655.00
5.888184,948.1501,630.00
5.888184,948.1945,656.00
5.888184,948.2390,621.00
5.888184,948.2835,691.00
5.888184,948.3279,591.00
5.888184,948.3724,655.00
5.888184,948.4169,624.00
5.888184,948.4613,674.00
5.888184,948.5057,635.00
5.888184,948.5502,627.00
5.888184,948.5947,575.00
5.888184,948.6391,680.00
5.888184,948.6835,631.00
5.888184,948.7279,715.00
5.888184,948.7723,651.00
5.888184,948.8167,661.00
5.888184,948.8611,626.00
5.888184,948.9055,627.00
5.888184,948.9498,607.00
5.888184,948.9943,643.00
5.888184,949.0387,644.00
5.888184,949.0830,685.00
5.888184,949.1273,635.00
5.888184,949.1718,665.00
5.888184,949.2161,609.00
5.888184,949.2604,662.00
5.888184,949.3047,616.00
5.888184,949.3491,653.00
5.888184,949.3934,620.00
5.888184,949.4377,662.00
5.888184,949.4821,595.00
5.888184,949.5264,692.00
5.888184,949.5707,646.00
5.888184,949.6150,712.00
5.888184,949.6592,635.00
5.888184,949.7036,663.00
5.888184,949.7479,620.00
5.888184,949.7921,681.00
5.888184,949.8363,638.00
5.888184,949.8806,691.00
5.888184,949.9249,653.00
5.888184,949.9692,674.00
5.888184,950.0134,624.00
5.888184,950.0576,665.00
5.888184,950.1019,643.00
5.888184,950.1461,662.00
5.888184,950.1903,619.00
5.888184,950.2346,698.00
5.888184,950.2787,638.00
5.888184,950.3229,679.00
5.888184,950.3671,621.00
5.888184,950.4114,669.00
5.888184,950.4555,665.00
5.888184,950.4997,671.00
5.888184,950.5439,631.00
5.888184,950.5880,692.00
5.888184,950.6322,632.00
5.888184,950.6763,690.00
5.888184,950.7205,635.00
5.888184,950.7646,673.00
5.888184,950.8088,642.00
5.888184,950.8530,672.00
5.888184,950.8971,675.00
5.888184,950.9412,691.00
5.888184,950.9853,616.00
5.888184,951.0294,699.00
5.888184,951.0735,630.00
5.888184,951.1177,697.00
5.888184,951.1617,637.00
5.888184,951.2057,658.00
5.888184,951.2499,659.00
5.888184,951.2939,675.00
5.888184,951.3380,624.00
5.888184,951.3821,692.00
5.888184,951.4261,625.00
5.888184,951.4702,681.00
5.888184,951.5142,685.00
5.888184,951.5582,674.00
5.888184,951.6024,632.00
5.888184,951.6464,674.00
5.888184,951.6904,648.00
5.888184,951.7344,690.00
5.888184,951.7784,591.00
5.888184,951.8224,688.00
5.888184,951.8665,633.00
5.888184,951.9104,694.00
5.888184,951.9544,663.00
5.888184,951.9984,663.00
5.888184,952.0424,654.00
5.888184,952.0864,674.00
5.888184,952.1303,617.00
5.888184,952.1743,723.00
5.888184,952.2183,677.00
5.888184,952.2621,697.00
5.888184,952.3061,681.00
5.888184,952.3500,696.00
5.888184,952.3940,677.00
5.888184,952.4379,690.00
5.888184,952.4818,630.00
5.888184,952.5258,700.00
5.888184,952.5696,658.00
5.888184,952.6136,704.00
5.888184,952.6574,629.00
5.888184,952.7014,681.00
5.888184,952.7452,638.00
5.888184,952.7891,651.00
5.888184,952.8330,652.00
5.888184,952.8768,702.00
5.888184,952.9207,644.00
5.888184,952.9645,713.00
5.888184,953.0084,631.00
5.888184,953.0522,670.00
5.888184,953.0961,669.00
5.888184,953.1400,662.00
5.888184,953.1838,636.00
5.888184,953.2275,671.00
5.888184,953.2714,645.00
5.888184,953.3152,702.00
5.888184,953.3589,655.00
5.888184,953.4028,712.00
5.888184,953.4466,657.00
5.888184,953.4904,686.00
5.888184,953.5341,663.00
5.888184,953.5779,645.00
5.888184,953.6217,610.00
5.888184,953.6654,660.00
5.888184,953.7092,605.00
5.888184,953.7529,681.00
5.888184,953.7967,618.00
5.888184,953.8405,675.00
5.888184,953.8842,632.00
5.888184,953.9279,638.00
5.888184,953.9716,626.00
5.888184,954.0153,673.00
5.888184,954.0590,615.00
5.888184,954.1027,654.00
5.888184,954.1464,617.00
5.888184,954.1901,665.00
5.888184,954.2338,636.00
5.888184,954.2774,641.00
5.888184,954.3212,599.00
5.888184,954.3648,682.00
5.888184,954.4084,612.00
5.888184,954.4521,662.00
5.888184,954.4958,628.00
5.888184,954.5394,651.00
5.888184,954.5831,639.00
5.888184,954.6267,676.00
5.888184,954.6703,639.00
5.888184,954.7139,648.00
5.888184,954.7576,625.00
5.888184,954.8012,673.00
5.888184,954.8448,602.00
5.888184,954.8884,687.00
5.888184,954.9319,618.00
5.888184,954.9755,658.00
5.888184,955.0191,618.00
5.888184,955.0627,619.00
5.888184,955.1063,603.00
5.888184,955.1498,633.00
5.888184,955.1934,613.00
5.888184,955.2369,651.00
5.888184,955.2805,601.00
5.888184,955.3240,641.00
5.888184,955.3675,654.00
5.888184,955.4111,646.00
5.888184,955.4546,625.00
5.888184,955.4981,656.00
5.888184,955.5416,602.00
5.888184,955.5851,675.00
5.888184,955.6285,599.00
5.888184,955.6722,652.00
5.888184,955.7156,626.00
5.888184,955.7590,649.00
5.888184,955.8025,641.00
5.888184,955.8460,681.00
5.888184,955.8895,600.00
5.888184,955.9329,647.00
5.888184,955.9764,594.00
5.888184,956.0198,674.00
5.888184,956.0632,618.00
5.888184,956.1067,684.00
5.888184,956.1501,633.00
5.888184,956.1935,627.00
5.888184,956.2369,615.00
5.888184,956.2803,635.00
5.888184,956.3238,578.00
5.888184,956.3671,684.00
5.888184,956.4105,627.00
5.888184,956.4539,685.00
5.888184,956.4973,619.00
5.888184,956.5406,633.00
5.888184,956.5841,632.00
5.888184,956.6274,657.00
5.888184,956.6707,586.00
5.888184,956.7141,669.00
5.888184,956.7575,638.00
5.888184,956.8008,656.00
5.888184,956.8442,606.00
5.888184,956.8875,665.00
5.888184,956.9308,644.00
5.888184,956.9741,645.00
5.888184,957.0174,626.00
5.888184,957.0607,669.00
5.888184,957.1040,600.00
5.888184,957.1473,682.00
5.888184,957.1906,604.00
5.888184,957.2339,657.00
5.888184,957.2772,666.00
5.888184,957.3204,680.00
5.888184,957.3636,615.00
5.888184,957.4069,648.00
5.888184,957.4502,612.00
5.888184,957.4934,685.00
5.888184,957.5366,642.00
5.888184,957.5799,661.00
5.888184,957.6230,624.00
5.888184,957.6664,654.00
5.888184,957.7095,644.00
5.888184,957.7527,689.00
5.888184,957.7959,604.00
5.888184,957.8392,688.00
5.888184,957.8823,627.00
5.888184,957.9255,716.00
5.888184,957.9687,640.00
5.888184,958.0118,646.00
5.888184,958.0551,630.00
5.888184,958.0983,691.00
5.888184,958.1414,598.00
5.888184,958.1845,690.00
5.888184,958.2277,635.00
5.888184,958.2708,715.00
5.888184,958.3139,633.00
5.888184,958.3571,697.00
5.888184,958.4001,659.00
5.888184,958.4432,653.00
5.888184,958.4864,629.00
5.888184,958.5295,682.00
5.888184,958.5726,646.00
5.888184,958.6157,683.00
5.888184,958.6588,646.00
5.888184,958.7018,686.00
5.888184,958.7449,621.00
5.888184,958.7879,679.00
5.888184,958.8311,629.00
5.888184,958.8741,687.00
5.888184,958.9171,631.00
5.888184,958.9601,682.00
5.888184,959.0032,645.00
5.888184,959.0463,720.00
5.888184,959.0893,667.00
5.888184,959.1323,663.00
5.888184,959.1752,667.00
5.888184,959.2183,674.00
5.888184,959.2613,648.00
5.888184,959.3043,669.00
5.888184,959.3472,623.00
5.888184,959.3903,675.00
5.888184,959.4332,611.00
5.888184,959.4763,678.00
5.888184,959.5192,620.00
5.888184,959.5621,641.00
5.888184,959.6051,631.00
5.888184,959.6480,671.00
5.888184,959.6910,589.00
5.888184,959.7339,654.00
5.888184,959.7768,612.00
5.888184,959.8198,637.00
5.888184,959.8627,603.00
5.888184,959.9056,640.00
5.888184,959.9485,613.00
5.888184,959.9915,632.00
5.888184,960.0343,574.00
5.888184,960.0771,669.00
5.888184,960.1201,608.00
5.888184,960.1630,646.00
5.888184,960.2058,628.00
5.888184,960.2487,633.00
5.888184,960.2915,634.00
5.888184,960.3344,620.00
5.888184,960.3773,557.00
5.888184,960.4200,666.00
5.888184,960.4629,572.00
5.888184,960.5057,669.00
5.888184,960.5485,614.00
5.888184,960.5914,648.00
5.888184,960.6342,631.00
5.888184,960.6770,602.00
5.888184,960.7198,604.00
5.888184,960.7626,619.00
5.888184,960.8054,574.00
5.888184,960.8481,643.00
5.888184,960.8909,619.00
5.888184,960.9337,672.00
5.888184,960.9764,629.00
5.888184,961.0192,623.00
5.888184,961.0620,599.00
5.888184,961.1047,611.00
5.888184,961.1475,602.00
5.888184,961.1902,634.00
5.888184,961.2329,571.00
5.888184,961.2757,651.00
5.888184,961.3184,647.00
5.888184,961.3611,607.00
5.888184,961.4037,611.00
5.888184,961.4465,655.00
5.888184,961.4892,591.00
5.888184,961.5319,647.00
5.888184,961.5745,553.00
5.888184,961.6172,643.00
5.888184,961.6599,643.00
5.888184,961.7026,655.00
5.888184,961.7452,615.00
5.888184,961.7878,616.00
5.888184,961.8304,623.00
5.888184,961.8731,653.00
5.888184,961.9157,605.00
5.888184,961.9584,651.00
5.888184,962.0010,616.00
5.888184,962.0436,653.00
5.888184,962.0862,654.00
5.888184,962.1288,642.00
5.888184,962.1714,595.00
5.888184,962.2140,646.00
5.888184,962.2565,586.00
5.888184,962.2991,679.00
5.888184,962.3417,575.00
5.888184,962.3843,655.00
5.888184,962.4268,643.00
5.888184,962.4694,663.00
5.888184,962.5119,605.00
5.888184,962.5545,671.00
5.888184,962.5970,611.00
5.888184,962.6396,677.00
5.888184,962.6821,603.00
5.888184,962.7246,708.00
5.888184,962.7671,611.00
5.888184,962.8096,653.00
5.888184,962.8522,606.00
5.888184,962.8947,627.00
5.888184,962.9371,590.00
5.888184,962.9796,639.00
5.888184,963.0222,594.00
5.888184,963.0646,661.00
5.888184,963.1070,593.00
5.888184,963.1495,635.00
5.888184,963.1919,599.00
5.888184,963.2344,635.00
5.888184,963.2768,610.00
5.888184,963.3193,654.00
5.888184,963.3616,607.00
5.888184,963.4041,703.00
5.888184,963.4465,605.00
5.888184,963.4889,679.00
5.888184,963.5314,619.00
5.888184,963.5737,639.00
5.888184,963.6161,619.00
5.888184,963.6585,624.00
5.888184,963.7009,577.00
5.888184,963.7433,633.00
5.888184,963.7856,617.00
5.888184,963.8280,667.00
5.888184,963.8704,596.00
5.888184,963.9127,654.00
5.888184,963.9551,622.00
5.888184,963.9974,632.00
5.888184,964.0397,625.00
5.888184,964.0820,686.00
5.888184,964.1244,617.00
5.888184,964.1667,669.00
5.888184,964.2090,582.00
5.888184,964.2513,674.00
5.888184,964.2936,623.00
5.888184,964.3359,670.00
5.888184,964.3782,596.00
5.888184,964.4205,651.00
5.888184,964.4627,607.00
5.888184,964.5050,653.00
5.888184,964.5472,607.00
5.888184,964.5895,692.00
5.888184,964.6317,653.00
5.888184,964.6740,633.00
5.888184,964.7162,650.00
5.888184,964.7585,621.00
5.888184,964.8007,590.00
5.888184,964.8429,652.00
5.888184,964.8851,598.00
5.888184,964.9273,679.00
5.888184,964.9695,584.00
5.888184,965.0118,655.00
5.888184,965.0539,618.00
5.888184,965.0961,639.00
5.888184,965.1382,647.00
5.888184,965.1805,660.00
5.888184,965.2226,605.00
5.888184,965.2648,655.00
5.888184,965.3069,597.00
5.888184,965.3491,639.00
5.888184,965.3912,598.00
5.888184,965.4333,682.00
5.888184,965.4755,635.00
5.888184,965.5176,660.00
5.888184,965.5598,599.00
5.888184,965.6019,661.00
5.888184,965.6439,589.00
5.888184,965.6861,607.00
5.888184,965.7281,628.00
5.888184,965.7702,629.00
5.888184,965.8123,592.00
5.888184,965.8543,650.00
5.888184,965.8964,583.00
5.888184,965.9385,650.00
5.888184,965.9806,590.00
5.888184,966.0226,656.00
5.888184,966.0647,599.00
5.888184,966.1068,601.00
5.888184,966.1487,625.00
5.888184,966.1907,619.00
5.888184,966.2328,606.00
5.888184,966.2748,657.00
5.888184,966.3168,582.00
5.888184,966.3588,628.00
5.888184,966.4008,599.00
5.888184,966.4427,629.00
5.888184,966.4848,602.00
5.888184,966.5268,625.00
5.888184,966.5688,610.00
5.888184,966.6107,643.00
5.888184,966.6526,622.00
5.888184,966.6946,647.00
5.888184,966.7366,580.00
5.888184,966.7785,665.00
5.888184,966.8204,637.00
5.888184,966.8624,665.00
5.888184,966.9042,623.00
5.888184,966.9462,640.00
5.888184,966.9881,610.00
5.888184,967.0300,668.00
5.888184,967.0719,582.00
5.888184,967.1138,635.00
5.888184,967.1556,600.00
5.888184,967.1976,663.00
5.888184,967.2394,614.00
5.888184,967.2813,625.00
5.888184,967.3232,593.00
5.888184,967.3651,644.00
5.888184,967.4070,577.00
5.888184,967.4488,665.00
5.888184,967.4906,604.00
5.888184,967.5324,666.00
5.888184,967.5743,640.00
5.888184,967.6161,650.00
5.888184,967.6579,620.00
5.888184,967.6997,644.00
5.888184,967.7415,597.00
5.888184,967.7833,642.00
5.888184,967.8251,593.00
5.888184,967.8669,698.00
5.888184,967.9087,644.00
5.888184,967.9504,640.00
5.888184,967.9922,633.00
5.888184,968.0339,630.00
5.888184,968.0757,611.00
5.888184,968.1174,662.00
5.888184,968.1592,598.00
5.888184,968.2009,670.00
5.888184,968.2427,605.00
5.888184,968.2844,677.00
5.888184,968.3262,667.00
5.888184,968.3679,627.00
5.888184,968.4095,627.00
5.888184,968.4512,656.00
5.888184,968.4930,586.00
5.888184,968.5347,677.00
5.888184,968.5763,641.00
5.888184,968.6180,675.00
5.888184,968.6597,620.00
5.888184,968.7014,689.00
5.888184,968.7430,618.00
5.888184,968.7846,652.00
5.888184,968.8263,597.00
5.888184,968.8679,650.00
5.888184,968.9095,604.00
5.888184,968.9512,677.00
5.888184,968.9928,652.00
5.888184,969.0344,660.00
5.888184,969.0761,627.00
5.888184,969.1177,646.00
5.888184,969.1592,612.00
5.888184,969.2009,640.00
5.888184,969.2424,606.00
5.888184,969.2839,665.00
5.888184,969.3255,581.00
5.888184,969.3672,652.00
5.888184,969.4087,598.00
5.888184,969.4503,669.00
5.888184,969.4918,578.00
5.888184,969.5333,622.00
5.888184,969.5749,582.00
5.888184,969.6165,635.00
5.888184,969.6580,606.00
5.888184,969.6995,659.00
5.888184,969.7410,623.00
5.888184,969.7825,639.00
5.888184,969.8240,595.00
5.888184,969.8655,623.00
5.888184,969.9070,553.00
5.888184,969.9484,683.00
5.888184,969.9899,601.00
5.888184,970.0314,621.00
5.888184,970.0728,623.00
5.888184,970.1143,640.00
5.888184,970.1558,627.00
5.888184,970.1971,646.00
5.888184,970.2386,554.00
5.888184,970.2801,617.00
5.888184,970.3215,580.00
5.888184,970.3629,651.00
5.888184,970.4044,605.00
5.888184,970.4457,643.00
5.888184,970.4872,628.00
5.888184,970.5286,622.00
5.888184,970.5699,611.00
5.888184,970.6113,622.00
5.888184,970.6527,575.00
5.888184,970.6941,642.00
5.888184,970.7354,583.00
5.888184,970.7768,595.00
5.888184,970.8182,601.00
5.888184,970.8595,627.00
5.888184,970.9009,605.00
5.888184,970.9422,635.00
5.888184,970.9835,587.00
5.888184,971.0248,646.00
5.888184,971.0662,565.00
5.888184,971.1075,650.00
5.888184,971.1487,589.00
5.888184,971.1901,645.00
5.888184,971.2314,617.00
5.888184,971.2727,602.00
5.888184,971.3140,583.00
5.888184,971.3552,636.00
5.888184,971.3965,568.00
5.888184,971.4377,660.00
5.888184,971.4789,607.00
5.888184,971.5203,633.00
5.888184,971.5615,618.00
5.888184,971.6027,650.00
5.888184,971.6439,598.00
5.888184,971.6852,631.00
5.888184,971.7264,584.00
5.888184,971.7676,631.00
5.888184,971.8088,581.00
5.888184,971.8500,609.00
5.888184,971.8912,619.00
5.888184,971.9324,668.00
5.888184,971.9736,609.00
5.888184,972.0148,610.00
5.888184,972.0560,636.00
5.888184,972.0972,635.00
5.888184,972.1384,604.00
5.888184,972.1794,640.00
5.888184,972.2206,601.00
5.888184,972.2617,590.00
5.888184,972.3029,601.00
5.888184,972.3439,576.00
5.888184,972.3851,560.00
5.888184,972.4262,590.00
5.888184,972.4673,521.00
5.888184,972.5085,638.00
5.888184,972.5496,564.00
5.888184,972.5907,606.00
5.888184,972.6317,573.00
5.888184,972.6729,598.00
5.888184,972.7139,577.00
5.888184,972.7549,630.00
5.888184,972.7961,551.00
5.888184,972.8371,618.00
5.888184,972.8781,591.00
5.888184,972.9191,662.00
5.888184,972.9602,595.00
5.888184,973.0013,617.00
5.888184,973.0423,597.00
5.888184,973.0833,587.00
5.888184,973.1243,525.00
5.888184,973.1653,589.00
5.888184,973.2064,562.00
5.888184,973.2473,650.00
5.888184,973.2883,585.00
5.888184,973.3293,616.00
5.888184,973.3703,562.00
5.888184,973.4113,625.00
5.888184,973.4522,577.00
5.888184,973.4931,628.00
5.888184,973.5341,556.00
5.888184,973.5750,605.00
5.888184,973.6160,600.00
5.888184,973.6570,652.00
5.888184,973.6978,622.00
5.888184,973.7388,612.00
5.888184,973.7797,586.00
5.888184,973.8206,610.00
5.888184,973.8615,590.00
5.888184,973.9024,621.00
5.888184,973.9433,580.00
5.888184,973.9842,639.00
5.888184,974.0250,603.00
5.888184,974.0660,639.00
5.888184,974.1068,598.00
5.888184,974.1476,628.00
5.888184,974.1885,575.00
5.888184,974.2294,645.00
5.888184,974.2702,595.00
5.888184,974.3110,627.00
5.888184,974.3519,606.00
5.888184,974.3927,661.00
5.888184,974.4335,606.00
5.888184,974.4743,623.00
5.888184,974.5151,591.00
5.888184,974.5559,651.00
5.888184,974.5967,592.00
5.888184,974.6375,671.00
5.888184,974.6783,597.00
5.888184,974.7191,671.00
5.888184,974.7598,641.00
5.888184,974.8006,680.00
5.888184,974.8413,641.00
5.888184,974.8821,630.00
5.888184,974.9229,625.00
5.888184,974.9636,680.00
5.888184,975.0043,614.00
5.888184,975.0450,680.00
5.888184,975.0858,619.00
5.888184,975.1265,636.00
5.888184,975.1672,628.00
5.888184,975.2079,639.00
5.888184,975.2485,636.00
5.888184,975.2892,657.00
5.888184,975.3300,614.00
5.888184,975.3706,678.00
5.888184,975.4113,653.00
5.888184,975.4519,694.00
5.888184,975.4926,644.00
5.888184,975.5333,655.00
5.888184,975.5739,589.00
5.888184,975.6146,660.00
5.888184,975.6552,601.00
5.888184,975.6958,662.00
5.888184,975.7363,589.00
5.888184,975.7770,664.00
5.888184,975.8176,618.00
5.888184,975.8582,658.00
5.888184,975.8989,631.00
5.888184,975.9395,642.00
5.888184,975.9800,604.00
5.888184,976.0206,665.00
5.888184,976.0611,611.00
5.888184,976.1017,679.00
5.888184,976.1423,619.00
5.888184,976.1829,650.00
5.888184,976.2234,626.00
5.888184,976.2639,649.00
5.888184,976.3044,591.00
5.888184,976.3450,623.00
5.888184,976.3855,601.00
5.888184,976.4260,657.00
5.888184,976.4665,624.00
5.888184,976.5070,655.00
5.888184,976.5475,645.00
5.888184,976.5880,660.00
5.888184,976.6285,582.00
5.888184,976.6690,678.00
5.888184,976.7095,579.00
5.888184,976.7500,660.00
5.888184,976.7905,604.00
5.888184,976.8308,667.00
5.888184,976.8713,617.00
5.888184,976.9117,617.00
5.888184,976.9521,614.00
5.888184,976.9926,652.00
5.888184,977.0330,593.00
5.888184,977.0734,654.00
5.888184,977.1139,590.00
5.888184,977.1542,637.00
5.888184,977.1947,578.00
5.888184,977.2350,654.00
5.888184,977.2755,623.00
5.888184,977.3158,601.00
5.888184,977.3562,560.00
5.888184,977.3965,649.00
5.888184,977.4370,575.00
5.888184,977.4773,643.00
5.888184,977.5176,578.00
5.888184,977.5579,608.00
5.888184,977.5983,556.00
5.888184,977.6387,617.00
5.888184,977.6790,565.00
5.888184,977.7192,591.00
5.888184,977.7595,554.00
5.888184,977.7999,654.00
5.888184,977.8402,594.00
5.888184,977.8805,606.00
5.888184,977.9208,555.00
5.888184,977.9610,607.00
5.888184,978.0013,553.00
5.888184,978.0417,591.00
5.888184,978.0819,559.00
5.888184,978.1221,615.00
5.888184,978.1624,533.00
5.888184,978.2026,604.00
5.888184,978.2428,561.00
5.888184,978.2831,585.00
5.888184,978.3233,613.00
5.888184,978.3635,580.00
5.888184,978.4037,548.00
5.888184,978.4440,576.00
5.888184,978.4842,556.00
5.888184,978.5244,600.00
5.888184,978.5645,562.00
5.888184,978.6047,596.00
5.888184,978.6449,544.00
5.888184,978.6851,600.00
5.888184,978.7253,546.00
5.888184,978.7654,579.00
5.888184,978.8055,562.00
5.888184,978.8458,598.00
5.888184,978.8859,556.00
5.888184,978.9260,591.00
5.888184,978.9661,571.00
5.888184,979.0062,573.00
5.888184,979.0463,553.00
5.888184,979.0864,592.00
5.888184,979.1266,529.00
5.888184,979.1666,615.00
5.888184,979.2067,538.00
5.888184,979.2469,566.00
5.888184,979.2869,570.00
5.888184,979.3270,590.00
5.888184,979.3671,571.00
5.888184,979.4071,575.00
5.888184,979.4471,537.00
5.888184,979.4871,595.00
5.888184,979.5272,531.00
5.888184,979.5673,613.00
5.888184,979.6072,613.00
5.888184,979.6473,608.00
5.888184,979.6873,573.00
5.888184,979.7273,583.00
5.888184,979.7673,552.00
5.888184,979.8073,582.00
5.888184,979.8473,542.00
5.888184,979.8873,606.00
5.888184,979.9273,553.00
5.888184,979.9673,608.00
5.888184,980.0072,579.00
5.888184,980.0471,581.00
5.888184,980.0872,565.00
5.888184,980.1271,568.00
5.888184,980.1671,534.00
5.888184,980.2069,579.00
5.888184,980.2469,546.00
5.888184,980.2868,622.00
5.888184,980.3267,552.00
5.888184,980.3666,635.00
5.888184,980.4065,583.00
5.888184,980.4464,587.00
5.888184,980.4863,557.00
5.888184,980.5262,624.00
5.888184,980.5660,523.00
5.888184,980.6060,641.00
5.888184,980.6458,555.00
5.888184,980.6857,584.00
5.888184,980.7255,566.00
5.888184,980.7654,605.00
5.888184,980.8052,552.00
5.888184,980.8450,589.00
5.888184,980.8849,546.00
5.888184,980.9247,627.00
5.888184,980.9645,574.00
5.888184,981.0043,624.00
5.888184,981.0441,592.00
5.888184,981.0839,617.00
5.888184,981.1237,593.00
5.888184,981.1635,599.00
5.888184,981.2033,512.00
5.888184,981.2430,610.00
5.888184,981.2828,510.00
5.888184,981.3226,600.00
5.888184,981.3624,561.00
5.888184,981.4021,604.00
5.888184,981.4418,575.00
5.888184,981.4816,611.00
5.888184,981.5213,548.00
5.888184,981.5610,620.00
5.888184,981.6008,548.00
5.888184,981.6404,621.00
5.888184,981.6802,551.00
5.888184,981.7198,596.00
5.888184,981.7596,592.00
5.888184,981.7993,588.00
5.888184,981.8389,524.00
5.888184,981.8786,585.00
5.888184,981.9182,524.00
5.888184,981.9579,616.00
5.888184,981.9976,542.00
5.888184,982.0372,580.00
5.888184,982.0768,526.00
5.888184,982.1165,552.00
5.888184,982.1561,558.00
5.888184,982.1958,575.00
5.888184,982.2354,512.00
5.888184,982.2750,589.00
5.888184,982.3146,532.00
5.888184,982.3541,609.00
5.888184,982.3937,535.00
5.888184,982.4333,576.00
5.888184,982.4730,572.00
5.888184,982.5125,594.00
5.888184,982.5521,544.00
5.888184,982.5917,587.00
5.888184,982.6312,546.00
5.888184,982.6707,592.00
5.888184,982.7103,535.00
5.888184,982.7498,574.00
5.888184,982.7893,519.00
5.888184,982.8289,559.00
5.888184,982.8683,500.00
5.888184,982.9079,551.00
5.888184,982.9474,521.00
5.888184,982.9869,613.00
5.888184,983.0264,521.00
5.888184,983.0659,562.00
5.888184,983.1053,547.00
5.888184,983.1448,584.00
5.888184,983.1843,580.00
5.888184,983.2238,594.00
5.888184,983.2632,557.00
5.888184,983.3027,607.00
5.888184,983.3420,566.00
5.888184,983.3816,586.00
5.888184,983.4210,559.00
5.888184,983.4604,600.00
5.888184,983.4998,531.00
5.888184,983.5392,555.00
5.888184,983.5786,535.00
5.888184,983.6180,567.00
5.888184,983.6574,536.00
5.888184,983.6968,599.00
5.888184,983.7361,565.00
5.888184,983.7755,603.00
5.888184,983.8149,533.00
5.888184,983.8543,574.00
5.888184,983.8936,557.00
5.888184,983.9329,576.00
5.888184,983.9723,501.00
5.888184,984.0116,606.00
5.888184,984.0510,557.00
5.888184,984.0903,614.00
5.888184,984.1296,582.00
5.888184,984.1689,600.00
5.888184,984.2083,555.00
5.888184,984.2476,544.00
5.888184,984.2868,527.00
5.888184,984.3261,585.00
5.888184,984.3654,530.00
5.888184,984.4046,603.00
5.888184,984.4440,548.00
5.888184,984.4832,583.00
5.888184,984.5225,512.00
5.888184,984.5616,563.00
5.888184,984.6010,501.00
5.888184,984.6402,564.00
5.888184,984.6794,497.00
5.888184,984.7186,596.00
5.888184,984.7578,581.00
5.888184,984.7970,610.00
5.888184,984.8362,588.00
5.888184,984.8755,536.00
5.888184,984.9146,562.00
5.888184,984.9538,596.00
5.888184,984.9930,507.00
5.888184,985.0322,598.00
5.888184,985.0714,550.00
5.888184,985.1105,581.00
5.888184,985.1497,556.00
5.888184,985.1888,545.00
5.888184,985.2279,533.00
5.888184,985.2671,571.00
5.888184,985.3062,550.00
5.888184,985.3453,562.00
5.888184,985.3845,532.00
5.888184,985.4236,580.00
5.888184,985.4626,541.00
5.888184,985.5017,583.00
5.888184,985.5408,565.00
5.888184,985.5799,566.00
5.888184,985.6190,526.00
5.888184,985.6581,584.00
5.888184,985.6971,491.00
5.888184,985.7362,590.00
5.888184,985.7752,535.00
5.888184,985.8143,555.00
5.888184,985.8533,556.00
5.888184,985.8924,559.00
5.888184,985.9314,537.00
5.888184,985.9704,565.00
5.888184,986.0094,501.00
5.888184,986.0484,600.00
5.888184,986.0875,519.00
5.888184,986.1265,588.00
5.888184,986.1655,536.00
5.888184,986.2044,552.00
5.888184,986.2434,548.00
5.888184,986.2823,549.00
5.888184,986.3214,500.00
5.888184,986.3603,556.00
5.888184,986.3992,502.00
5.888184,986.4382,552.00
5.888184,986.4771,522.00
5.888184,986.5161,602.00
5.888184,986.5550,546.00
5.888184,986.5939,551.00
5.888184,986.6329,540.00
5.888184,986.6718,555.00
5.888184,986.7106,497.00
5.888184,986.7495,559.00
5.888184,986.7884,533.00
5.888184,986.8273,590.00
5.888184,986.8661,561.00
5.888184,986.9050,554.00
5.888184,986.9438,517.00
5.888184,986.9828,554.00
5.888184,987.0216,503.00
5.888184,987.0605,588.00
5.888184,987.0993,511.00
5.888184,987.1381,582.00
5.888184,987.1769,539.00
5.888184,987.2158,543.00
5.888184,987.2546,536.00
5.888184,987.2934,571.00
5.888184,987.3322,481.00
5.888184,987.3710,547.00
5.888184,987.4097,485.00
5.888184,987.4486,554.00
5.888184,987.4873,505.00
5.888184,987.5261,546.00
5.888184,987.5649,529.00
5.888184,987.6036,524.00
5.888184,987.6423,473.00
5.888184,987.6812,536.00
5.888184,987.7198,505.00
5.888184,987.7586,576.00
5.888184,987.7972,536.00
5.888184,987.8361,520.00
5.888184,987.8748,514.00
5.888184,987.9135,538.00
5.888184,987.9521,502.00
5.888184,987.9908,530.00
5.888184,988.0295,476.00
5.888184,988.0681,559.00
5.888184,988.1069,489.00
5.888184,988.1456,571.00
5.888184,988.1842,517.00
5.888184,988.2228,556.00
5.888184,988.2615,533.00
5.888184,988.3002,556.00
5.888184,988.3388,457.00
5.888184,988.3774,556.00
5.888184,988.4160,536.00
5.888184,988.4546,582.00
5.888184,988.4933,536.00
5.888184,988.5319,526.00
5.888184,988.5704,514.00
5.888184,988.6090,502.00
5.888184,988.6476,467.00
5.888184,988.6862,550.00
5.888184,988.7248,497.00
5.888184,988.7634,589.00
5.888184,988.8019,509.00
5.888184,988.8405,527.00
5.888184,988.8790,505.00
5.888184,988.9176,534.00
5.888184,988.9561,488.00
5.888184,988.9946,508.00
5.888184,989.0332,497.00
5.888184,989.0717,526.00
5.888184,989.1102,501.00
5.888184,989.1487,526.00
5.888184,989.1871,514.00
5.888184,989.2256,542.00
5.888184,989.2641,515.00
5.888184,989.3027,520.00
5.888184,989.3411,499.00
5.888184,989.3795,537.00
5.888184,989.4180,503.00
5.888184,989.4565,553.00
5.888184,989.4949,470.00
5.888184,989.5334,527.00
5.888184,989.5718,524.00
5.888184,989.6102,517.00
5.888184,989.6486,500.00
5.888184,989.6871,529.00
5.888184,989.7255,491.00
5.888184,989.7639,540.00
5.888184,989.8022,480.00
5.888184,989.8407,522.00
5.888184,989.8791,512.00
5.888184,989.9174,553.00
5.888184,989.9558,482.00
5.888184,989.9941,544.00
5.888184,990.0325,491.00
5.888184,990.0709,572.00
5.888184,990.1093,482.00
5.888184,990.1475,529.00
5.888184,990.1859,534.00
5.888184,990.2242,533.00
5.888184,990.2626,508.00
5.888184,990.3008,533.00
5.888184,990.3391,476.00
5.888184,990.3774,591.00
5.888184,990.4157,526.00
5.888184,990.4540,560.00
5.888184,990.4924,512.00
5.888184,990.5306,574.00
5.888184,990.5688,545.00
5.888184,990.6071,539.00
5.888184,990.6454,522.00
5.888184,990.6837,554.00
5.888184,990.7219,475.00
5.888184,990.7601,566.00
5.888184,990.7983,515.00
5.888184,990.8365,551.00
5.888184,990.8748,529.00
5.888184,990.9130,537.00
5.888184,990.9512,537.00
5.888184,990.9893,557.00
5.888184,991.0276,521.00
5.888184,991.0658,524.00
5.888184,991.1039,478.00
5.888184,991.1421,564.00
5.888184,991.1802,514.00
5.888184,991.2184,532.00
5.888184,991.2565,520.00
5.888184,991.2947,543.00
5.888184,991.3329,484.00
5.888184,991.3710,563.00
5.888184,991.4091,518.00
5.888184,991.4473,592.00
5.888184,991.4854,547.00
5.888184,991.5234,568.00
5.888184,991.5616,559.00
5.888184,991.5997,543.00
5.888184,991.6378,538.00
5.888184,991.6758,587.00
5.888184,991.7139,508.00
5.888184,991.7520,593.00
5.888184,991.7900,509.00
5.888184,991.8282,555.00
5.888184,991.8661,551.00
5.888184,991.9042,566.00
5.888184,991.9422,536.00
5.888184,991.9803,538.00
5.888184,992.0182,509.00
5.888184,992.0563,573.00
5.888184,992.0944,507.00
5.888184,992.1323,562.00
5.888184,992.1703,567.00
5.888184,992.2084,572.00
5.888184,992.2463,542.00
5.888184,992.2844,567.00
5.888184,992.3223,487.00
5.888184,992.3602,565.00
5.888184,992.3982,504.00
5.888184,992.4362,571.00
5.888184,992.4741,545.00
5.888184,992.5120,579.00
5.888184,992.5500,552.00
5.888184,992.5879,540.00
5.888184,992.6259,525.00
5.888184,992.6638,568.00
5.888184,992.7017,521.00
5.888184,992.7396,568.00
5.888184,992.7775,548.00
5.888184,992.8154,578.00
5.888184,992.8533,544.00
5.888184,992.8912,534.00
5.888184,992.9290,554.00
5.888184,992.9669,572.00
5.888184,993.0048,521.00
5.888184,993.0426,584.00
5.888184,993.0804,559.00
5.888184,993.1183,583.00
5.888184,993.1561,552.00
5.888184,993.1940,556.00
5.888184,993.2318,532.00
5.888184,993.2696,583.00
5.888184,993.3074,511.00
5.888184,993.3452,568.00
5.888184,993.3830,500.00
5.888184,993.4208,570.00
5.888184,993.4586,537.00
5.888184,993.4963,579.00
5.888184,993.5341,534.00
5.888184,993.5719,534.00
5.888184,993.6096,515.00
5.888184,993.6474,568.00
5.888184,993.6851,495.00
5.888184,993.7228,545.00
5.888184,993.7606,567.00
5.888184,993.7984,559.00
5.888184,993.8361,516.00
5.888184,993.8738,577.00
5.888184,993.9115,548.00
5.888184,993.9492,549.00
5.888184,993.9869,483.00
5.888184,994.0245,588.00
5.888184,994.0622,508.00
5.888184,994.0999,564.00
5.888184,994.1376,528.00
5.888184,994.1753,547.00
5.888184,994.2130,560.00
5.888184,994.2505,562.00
5.888184,994.2881,494.00
5.888184,994.3258,592.00
5.888184,994.3634,527.00
5.888184,994.4010,572.00
5.888184,994.4387,519.00
5.888184,994.4763,545.00
5.888184,994.5139,554.00
5.888184,994.5515,533.00
5.888184,994.5891,500.00
5.888184,994.6266,531.00
5.888184,994.6642,490.00
5.888184,994.7018,525.00
5.888184,994.7393,516.00
5.888184,994.7769,558.00
5.888184,994.8145,525.00
5.888184,994.8521,543.00
5.888184,994.8895,506.00
5.888184,994.9271,524.00
5.888184,994.9647,491.00
5.888184,995.0022,576.00
5.888184,995.0397,495.00
5.888184,995.0771,541.00
5.888184,995.1146,522.00
5.888184,995.1522,519.00
5.888184,995.1896,494.00
5.888184,995.2271,549.00
5.888184,995.2646,464.00
5.888184,995.3021,553.00
5.888184,995.3396,497.00
5.888184,995.3770,545.00
5.888184,995.4145,502.00
5.888184,995.4518,538.00
5.888184,995.4893,508.00
5.888184,995.5267,522.00
5.888184,995.5641,508.00
5.888184,995.6016,535.00
5.888184,995.6390,487.00
5.888184,995.6765,520.00
5.888184,995.7138,499.00
5.888184,995.7512,510.00
5.888184,995.7886,511.00
5.888184,995.8260,533.00
5.888184,995.8633,484.00
5.888184,995.9007,497.00
5.888184,995.9380,481.00
5.888184,995.9754,495.00
5.888184,996.0128,464.00
5.888184,996.0501,560.00
5.888184,996.0874,520.00
5.888184,996.1248,568.00
5.888184,996.1621,523.00
5.888184,996.1994,582.00
5.888184,996.2367,500.00
5.888184,996.2740,508.00
5.888184,996.3113,498.00
5.888184,996.3486,543.00
5.888184,996.3859,521.00
5.888184,996.4232,572.00
5.888184,996.4604,538.00
5.888184,996.4977,511.00
5.888184,996.5350,495.00
5.888184,996.5722,518.00
5.888184,996.6094,488.00
5.888184,996.6466,581.00
5.888184,996.6838,517.00
5.888184,996.7211,545.00
5.888184,996.7583,511.00
5.888184,996.7955,536.00
5.888184,996.8327,534.00
5.888184,996.8700,546.00
5.888184,996.9072,516.00
5.888184,996.9443,547.00
5.888184,996.9815,496.00
5.888184,997.0187,553.00
5.888184,997.0558,523.00
5.888184,997.0930,536.00
5.888184,997.1301,527.00
5.888184,997.1672,560.00
5.888184,997.2045,494.00
5.888184,997.2416,573.00
5.888184,997.2787,494.00
5.888184,997.3158,569.00
5.888184,997.3530,516.00
5.888184,997.3900,539.00
5.888184,997.4271,532.00
5.888184,997.4642,533.00
5.888184,997.5013,512.00
5.888184,997.5384,546.00
5.888184,997.5754,481.00
5.888184,997.6126,582.00
5.888184,997.6497,516.00
5.888184,997.6867,550.00
5.888184,997.7238,527.00
5.888184,997.7607,570.00
5.888184,997.7978,509.00
5.888184,997.8348,570.00
5.888184,997.8718,531.00
5.888184,997.9088,567.00
5.888184,997.9458,517.00
5.888184,997.9829,568.00
5.888184,998.0200,553.00
5.888184,998.0569,545.00
5.888184,998.0939,537.00
5.888184,998.1309,536.00
5.888184,998.1678,506.00
5.888184,998.2048,594.00
5.888184,998.2417,542.00
5.888184,998.2786,618.00
5.888184,998.3156,484.00
5.888184,998.3525,561.00
5.888184,998.3896,515.00
5.888184,998.4265,541.00
5.888184,998.4633,505.00
5.888184,998.5003,564.00
5.888184,998.5372,502.00
5.888184,998.5740,565.00
5.888184,998.6110,520.00
5.888184,998.6478,582.00
5.888184,998.6847,510.00
5.888184,998.7217,561.00
5.888184,998.7585,512.00
5.888184,998.7953,528.00
5.888184,998.8322,497.00
5.888184,998.8691,567.00
5.888184,998.9059,498.00
5.888184,998.9427,590.00
5.888184,998.9795,544.00
5.888184,999.0163,560.00
5.888184,999.0531,529.00
5.888184,999.0899,519.00
5.888184,999.1267,489.00
5.888184,999.1636,556.00
5.888184,999.2004,502.00
5.888184,999.2372,586.00
5.888184,999.2739,535.00
5.888184,999.3107,564.00
5.888184,999.3474,528.00
5.888184,999.3842,515.00
5.888184,999.4210,491.00
5.888184,999.4576,539.00
5.888184,999.4946,488.00
5.888184,999.5312,558.00
5.888184,999.5680,497.00
5.888184,999.6047,549.00
5.888184,999.6414,515.00
5.888184,999.6780,548.00
5.888184,999.7147,517.00
5.888184,999.7515,516.00
5.888184,999.7881,448.00
5.888184,999.8248,533.00
5.888184,999.8614,484.00
5.888184,999.8981,548.00
5.888184,999.9349,482.00
5.888184,999.9715,550.00
5.888184,1000.0081,510.00
5.888184,1000.0447,512.00
5.888184,1000.0814,496.00
5.888184,1000.1180,509.00
5.888184,1000.1546,453.00
5.888184,1000.1912,523.00
5.888184,1000.2278,492.00
5.888184,1000.2645,556.00
5.888184,1000.3011,520.00
5.888184,1000.3377,518.00
5.888184,1000.3742,489.00
5.888184,1000.4108,518.00
5.888184,1000.4474,462.00
5.888184,1000.4839,506.00
5.888184,1000.5204,499.00
5.888184,1000.5570,532.00
5.888184,1000.5935,483.00
5.888184,1000.6301,511.00
5.888184,1000.6667,479.00
5.888184,1000.7032,515.00
5.888184,1000.7397,476.00
5.888184,1000.7762,529.00
5.888184,1000.8127,453.00
5.888184,1000.8492,525.00
5.888184,1000.8857,497.00
5.888184,1000.9222,480.00
5.888184,1000.9586,482.00
5.888184,1000.9951,508.00
5.888184,1001.0316,506.00
5.888184,1001.0681,546.00
5.888184,1001.1046,464.00
5.888184,1001.1410,545.00
5.888184,1001.1774,482.00
5.888184,1001.2138,521.00
5.888184,1001.2502,479.00
5.888184,1001.2866,508.00
5.888184,1001.3230,514.00
5.888184,1001.3594,513.00
5.888184,1001.3958,486.00
5.888184,1001.4323,531.00
5.888184,1001.4687,496.00
5.888184,1001.5051,535.00
5.888184,1001.5414,532.00
5.888184,1001.5778,521.00
5.888184,1001.6141,489.00
5.888184,1001.6505,478.00
5.888184,1001.6868,427.00
5.888184,1001.7231,526.00
5.888184,1001.7596,440.00
5.888184,1001.7958,518.00
5.888184,1001.8322,461.00
5.888184,1001.8685,503.00
5.888184,1001.9048,455.00
5.888184,1001.9411,496.00
5.888184,1001.9774,471.00
5.888184,1002.0136,486.00
5.888184,1002.0499,481.00
5.888184,1002.0862,553.00
5.888184,1002.1224,472.00
5.888184,1002.1587,525.00
5.888184,1002.1951,485.00
5.888184,1002.2313,534.00
5.888184,1002.2675,518.00
5.888184,1002.3038,530.00
5.888184,1002.3400,456.00
5.888184,1002.3762,522.00
5.888184,1002.4124,457.00
5.888184,1002.4486,553.00
5.888184,1002.4848,477.00
5.888184,1002.5211,540.00
5.888184,1002.5573,489.00
5.888184,1002.5934,530.00
5.888184,1002.6296,492.00
5.888184,1002.6657,544.00
5.888184,1002.7019,442.00
5.888184,1002.7380,534.00
5.888184,1002.7742,507.00
5.888184,1002.8104,522.00
5.888184,1002.8464,506.00
5.888184,1002.8826,525.00
5.888184,1002.9187,457.00
5.888184,1002.9549,507.00
5.888184,1002.9910,475.00
5.888184,1003.0271,545.00
5.888184,1003.0632,432.00
5.888184,1003.0992,556.00
5.888184,1003.1354,509.00
5.888184,1003.1714,503.00
5.888184,1003.2075,512.00
5.888184,1003.2435,514.00
5.888184,1003.2797,476.00
5.888184,1003.3157,554.00
5.888184,1003.3518,487.00
5.888184,1003.3878,544.00
5.888184,1003.4238,495.00
5.888184,1003.4598,542.00
5.888184,1003.4958,507.00
5.888184,1003.5319,509.00
5.888184,1003.5678,484.00
5.888184,1003.6039,547.00
5.888184,1003.6398,471.00
5.888184,1003.6759,553.00
5.888184,1003.7119,508.00
5.888184,1003.7479,522.00
5.888184,1003.7838,501.00
5.888184,1003.8198,523.00
5.888184,1003.8557,484.00
5.888184,1003.8917,536.00
5.888184,1003.9276,443.00
5.888184,1003.9635,520.00
5.888184,1003.9995,451.00
5.888184,1004.0354,508.00
5.888184,1004.0714,496.00
5.888184,1004.1072,473.00
5.888184,1004.1431,494.00
5.888184,1004.1790,499.00
5.888184,1004.2149,446.00
5.888184,1004.2508,534.00
5.888184,1004.2866,448.00
5.888184,1004.3225,549.00
5.888184,1004.3583,501.00
5.888184,1004.3942,487.00
5.888184,1004.4302,465.00
5.888184,1004.4660,494.00
5.888184,1004.5018,452.00
5.888184,1004.5376,510.00
5.888184,1004.5734,451.00
5.888184,1004.6093,524.00
5.888184,1004.6450,473.00
5.888184,1004.6808,526.00
5.888184,1004.7166,503.00
5.888184,1004.7525,511.00
5.888184,1004.7883,472.00
5.888184,1004.8240,492.00
5.888184,1004.8598,439.00
5.888184,1004.8956,565.00
5.888184,1004.9313,461.00
5.888184,1004.9670,560.00
5.888184,1005.0027,496.00
5.888184,1005.0385,479.00
5.888184,1005.0742,488.00
5.888184,1005.1099,488.00
5.888184,1005.1456,472.00
5.888184,1005.1815,540.00
5.888184,1005.2172,443.00
5.888184,1005.2529,492.00
5.888184,1005.2885,508.00
5.888184,1005.3242,496.00
5.888184,1005.3599,486.00
5.888184,1005.3955,495.00
5.888184,1005.4312,504.00
5.888184,1005.4669,538.00
5.888184,1005.5026,484.00
5.888184,1005.5382,545.00
5.888184,1005.5739,505.00
5.888184,1005.6095,532.00
5.888184,1005.6451,507.00
5.888184,1005.6807,534.00
5.888184,1005.7162,498.00
5.888184,1005.7519,500.00
5.888184,1005.7875,482.00
5.888184,1005.8231,541.00
5.888184,1005.8586,495.00
5.888184,1005.8942,523.00
5.888184,1005.9299,500.00
5.888184,1005.9655,523.00
5.888184,1006.0010,492.00
5.888184,1006.0365,527.00
5.888184,1006.0720,475.00
5.888184,1006.1076,532.00
5.888184,1006.1431,501.00
5.888184,1006.1786,572.00
5.888184,1006.2141,519.00
5.888184,1006.2498,519.00
5.888184,1006.2853,508.00
5.888184,1006.3207,494.00
5.888184,1006.3563,496.00
5.888184,1006.3917,547.00
5.888184,1006.4272,485.00
5.888184,1006.4626,572.00
5.888184,1006.4981,525.00
5.888184,1006.5335,532.00
5.888184,1006.5690,531.00
5.888184,1006.6044,572.00
5.888184,1006.6400,508.00
5.888184,1006.6754,562.00
5.888184,1006.7108,494.00
5.888184,1006.7462,563.00
5.888184,1006.7816,472.00
5.888184,1006.8170,556.00
5.888184,1006.8524,523.00
5.888184,1006.8878,531.00
5.888184,1006.9232,525.00
5.888184,1006.9586,552.00
5.888184,1006.9940,508.00
5.888184,1007.0294,529.00
5.888184,1007.0648,479.00
5.888184,1007.1001,562.00
5.888184,1007.1354,536.00
5.888184,1007.1707,568.00
5.888184,1007.2061,536.00
5.888184,1007.2414,551.00
5.888184,1007.2767,509.00
5.888184,1007.3120,586.00
5.888184,1007.3473,488.00
5.888184,1007.3827,574.00
5.888184,1007.4180,527.00
5.888184,1007.4532,566.00
5.888184,1007.4885,517.00
5.888184,1007.5238,548.00
5.888184,1007.5590,509.00
5.888184,1007.5943,565.00
5.888184,1007.6295,479.00
5.888184,1007.6648,596.00
5.888184,1007.7001,514.00
5.888184,1007.7354,560.00
5.888184,1007.7706,548.00
5.888184,1007.8058,531.00
5.888184,1007.8410,528.00
5.888184,1007.8762,513.00
5.888184,1007.9114,470.00
5.888184,1007.9465,552.00
5.888184,1007.9818,513.00
5.888184,1008.0169,548.00
5.888184,1008.0521,514.00
5.888184,1008.0873,589.00
5.888184,1008.1226,488.00
5.888184,1008.1576,524.00
5.888184,1008.1927,474.00
5.888184,1008.2279,573.00
5.888184,1008.2631,484.00
5.888184,1008.2982,552.00
5.888184,1008.3333,540.00
5.888184,1008.3683,559.00
5.888184,1008.4034,528.00
5.888184,1008.4387,502.00
5.888184,1008.4738,504.00
5.888184,1008.5089,544.00
5.888184,1008.5439,483.00
5.888184,1008.5790,590.00
5.888184,1008.6141,499.00
5.888184,1008.6491,498.00
5.888184,1008.6841,498.00
5.888184,1008.7192,511.00
5.888184,1008.7542,491.00
5.888184,1008.7892,501.00
5.888184,1008.8243,501.00
5.888184,1008.8594,527.00
5.888184,1008.8943,487.00
5.888184,1008.9294,513.00
5.888184,1008.9644,488.00
5.888184,1008.9994,542.00
5.888184,1009.0344,499.00
5.888184,1009.0693,485.00
5.888184,1009.1043,474.00
5.888184,1009.1392,540.00
5.888184,1009.1743,483.00
5.888184,1009.2093,549.00
5.888184,1009.2442,492.00
5.888184,1009.2792,515.00
5.888184,1009.3141,494.00
5.888184,1009.3489,501.00
5.888184,1009.3839,464.00
5.888184,1009.4188,506.00
5.888184,1009.4537,451.00
5.888184,1009.4886,575.00
5.888184,1009.5235,498.00
5.888184,1009.5585,528.00
5.888184,1009.5933,501.00
5.888184,1009.6282,515.00
5.888184,1009.6631,501.00
5.888184,1009.6979,515.00
5.888184,1009.7327,476.00
5.888184,1009.7676,506.00
5.888184,1009.8024,497.00
5.888184,1009.8372,518.00
5.888184,1009.8721,483.00
5.888184,1009.9070,512.00
5.888184,1009.9418,473.00
5.888184,1009.9766,516.00
5.888184,1010.0115,495.00
5.888184,1010.0462,515.00
5.888184,1010.0810,472.00
5.888184,1010.1158,550.00
5.888184,1010.1505,496.00
5.888184,1010.1853,495.00
5.888184,1010.2200,513.00
5.888184,1010.2548,504.00
5.888184,1010.2897,475.00
5.888184,1010.3244,528.00
5.888184,1010.3591,473.00
5.888184,1010.3938,542.00
5.888184,1010.4285,534.00
5.888184,1010.4633,509.00
5.888184,1010.4980,484.00
5.888184,1010.5326,476.00
5.888184,1010.5673,473.00
5.888184,1010.6021,521.00
5.888184,1010.6368,482.00
5.888184,1010.6714,494.00
5.888184,1010.7061,440.00
5.888184,1010.7408,520.00
5.888184,1010.7754,476.00
5.888184,1010.8101,513.00
5.888184,1010.8447,491.00
5.888184,1010.8793,502.00
5.888184,1010.9139,468.00
5.888184,1010.9485,528.00
5.888184,1010.9832,444.00
5.888184,1011.0178,551.00
5.888184,1011.0525,487.00
5.888184,1011.0870,542.00
5.888184,1011.1216,470.00
5.888184,1011.1562,506.00
5.888184,1011.1907,489.00
5.888184,1011.2253,539.00
5.888184,1011.2599,473.00
5.888184,1011.2944,525.00
5.888184,1011.3291,471.00
5.888184,1011.3636,530.00
5.888184,1011.3981,489.00
5.888184,1011.4326,496.00
5.888184,1011.4672,454.00
5.888184,1011.5016,497.00
5.888184,1011.5362,473.00
5.888184,1011.5706,470.00
5.888184,1011.6052,456.00
5.888184,1011.6396,529.00
5.888184,1011.6741,450.00
5.888184,1011.7086,540.00
5.888184,1011.7431,505.00
5.888184,1011.7776,508.00
5.888184,1011.8120,480.00
5.888184,1011.8465,525.00
5.888184,1011.8809,438.00
5.888184,1011.9153,542.00
5.888184,1011.9498,480.00
5.888184,1011.9842,514.00
5.888184,1012.0186,492.00
5.888184,1012.0531,491.00
5.888184,1012.0875,479.00
5.888184,1012.1219,504.00
5.888184,1012.1562,451.00
5.888184,1012.1906,480.00
5.888184,1012.2250,455.00
5.888184,1012.2593,519.00
5.888184,1012.2937,494.00
5.888184,1012.3281,503.00
5.888184,1012.3624,438.00
5.888184,1012.3967,483.00
5.888184,1012.4310,419.00
5.888184,1012.4655,515.00
5.888184,1012.4998,447.00
5.888184,1012.5341,545.00
5.888184,1012.5684,463.00
5.888184,1012.6027,535.00
5.888184,1012.6370,477.00
5.888184,1012.6712,465.00
5.888184,1012.7055,470.00
5.888184,1012.7398,543.00
5.888184,1012.7742,433.00
5.888184,1012.8084,480.00
5.888184,1012.8427,454.00
5.888184,1012.8769,507.00
5.888184,1012.9111,475.00
5.888184,1012.9454,492.00
5.888184,1012.9796,488.00
5.888184,1013.0138,483.00
5.888184,1013.0480,409.00
5.888184,1013.0822,499.00
5.888184,1013.1164,466.00
5.888184,1013.1506,526.00
5.888184,1013.1848,455.00
5.888184,1013.2190,482.00
5.888184,1013.2532,483.00
5.888184,1013.2873,493.00
5.888184,1013.3215,435.00
5.888184,1013.3556,475.00
5.888184,1013.3898,435.00
5.888184,1013.4239,541.00
5.888184,1013.4581,502.00
5.888184,1013.4923,505.00
5.888184,1013.5264,475.00
5.888184,1013.5605,489.00
5.888184,1013.5946,490.00
5.888184,1013.6287,533.00
5.888184,1013.6627,464.00
5.888184,1013.6968,541.00
5.888184,1013.7309,480.00
5.888184,1013.7650,483.00
5.888184,1013.7990,474.00
5.888184,1013.8331,492.00
5.888184,1013.8672,474.00
5.888184,1013.9012,496.00
5.888184,1013.9353,459.00
5.888184,1013.9693,523.00
5.888184,1014.0033,482.00
5.888184,1014.0374,537.00
5.888184,1014.0714,506.00
5.888184,1014.1053,503.00
5.888184,1014.1393,505.00
5.888184,1014.1734,521.00
5.888184,1014.2074,486.00
5.888184,1014.2413,537.00
5.888184,1014.2753,493.00
5.888184,1014.3093,544.00
5.888184,1014.3433,468.00
5.888184,1014.3772,513.00
5.888184,1014.4111,534.00
5.888184,1014.4451,516.00
5.888184,1014.4790,474.00
5.888184,1014.5129,500.00
5.888184,1014.5468,464.00
5.888184,1014.5808,547.00
5.888184,1014.6147,486.00
5.888184,1014.6486,553.00
5.888184,1014.6825,504.00
5.888184,1014.7164,546.00
5.888184,1014.7502,501.00
5.888184,1014.7841,517.00
5.888184,1014.8180,498.00
5.888184,1014.8518,530.00
5.888184,1014.8858,471.00
5.888184,1014.9196,564.00
5.888184,1014.9534,506.00
5.888184,1014.9872,543.00
5.888184,1015.0211,503.00
5.888184,1015.0549,509.00
5.888184,1015.0887,486.00
5.888184,1015.1224,543.00
5.888184,1015.1562,497.00
5.888184,1015.1900,567.00
5.888184,1015.2238,520.00
5.888184,1015.2575,549.00
5.888184,1015.2914,527.00
5.888184,1015.3252,522.00
5.888184,1015.3589,485.00
5.888184,1015.3927,558.00
5.888184,1015.4265,480.00
5.888184,1015.4601,571.00
5.888184,1015.4938,507.00
5.888184,1015.5276,578.00
5.888184,1015.5613,543.00
5.888184,1015.5952,528.00
5.888184,1015.6288,497.00
5.888184,1015.6625,529.00
5.888184,1015.6962,475.00
5.888184,1015.7299,551.00
5.888184,1015.7635,480.00
5.888184,1015.7972,552.00
5.888184,1015.8308,566.00
5.888184,1015.8645,523.00
5.888184,1015.8981,519.00
5.888184,1015.9317,546.00
5.888184,1015.9655,472.00
5.888184,1015.9991,559.00
5.888184,1016.0327,503.00
5.888184,1016.0663,569.00
5.888184,1016.0999,531.00
5.888184,1016.1335,554.00
5.888184,1016.1671,537.00
5.888184,1016.2006,529.00
5.888184,1016.2342,546.00
5.888184,1016.2679,525.00
5.888184,1016.3015,495.00
5.888184,1016.3350,556.00
5.888184,1016.3686,492.00
5.888184,1016.4021,549.00
5.888184,1016.4357,536.00
5.888184,1016.4691,565.00
5.888184,1016.5027,518.00
5.888184,1016.5362,564.00
5.888184,1016.5696,490.00
5.888184,1016.6032,580.00
5.888184,1016.6367,512.00
5.888184,1016.6703,579.00
5.888184,1016.7038,516.00
5.888184,1016.7372,543.00
5.888184,1016.7707,538.00
5.888184,1016.8041,542.00
5.888184,1016.8376,527.00
5.888184,1016.8710,558.00
5.888184,1016.9045,483.00
5.888184,1016.9379,561.00
5.888184,1016.9715,507.00
5.888184,1017.0049,531.00
5.888184,1017.0383,549.00
5.888184,1017.0717,497.00
5.888184,1017.1050,498.00
5.888184,1017.1384,525.00
5.888184,1017.1718,479.00
5.888184,1017.2052,562.00
5.888184,1017.2386,484.00
5.888184,1017.2720,523.00
5.888184,1017.3053,572.00
5.888184,1017.3387,537.00
5.888184,1017.3721,499.00
5.888184,1017.4054,542.00
5.888184,1017.4388,491.00
5.888184,1017.4721,544.00
5.888184,1017.5054,506.00
5.888184,1017.5387,573.00
5.888184,1017.5720,539.00
5.888184,1017.6053,547.00
5.888184,1017.6386,538.00
5.888184,1017.6720,561.00
5.888184,1017.7053,530.00
5.888184,1017.7385,559.00
5.888184,1017.7717,499.00
5.888184,1017.8051,589.00
5.888184,1017.8383,538.00
5.888184,1017.8715,587.00
5.888184,1017.9048,593.00
5.888184,1017.9380,523.00
5.888184,1017.9712,518.00
5.888184,1018.0044,571.00
5.888184,1018.0376,493.00
5.888184,1018.0709,570.00
5.888184,1018.1041,539.00
5.888184,1018.1373,605.00
5.888184,1018.1705,553.00
5.888184,1018.2037,540.00
5.888184,1018.2368,515.00
5.888184,1018.2700,561.00
5.888184,1018.3032,512.00
5.888184,1018.3363,590.00
5.888184,1018.3695,504.00
5.888184,1018.4026,621.00
5.888184,1018.4358,574.00
5.888184,1018.4689,562.00
5.888184,1018.5020,573.00
5.888184,1018.5352,568.00
5.888184,1018.5682,526.00
5.888184,1018.6013,571.00
5.888184,1018.6343,527.00
5.888184,1018.6675,578.00
5.888184,1018.7006,490.00
5.888184,1018.7337,605.00
5.888184,1018.7668,605.00
5.888184,1018.7998,535.00
5.888184,1018.8328,531.00
5.888184,1018.8658,571.00
5.888184,1018.8989,544.00
5.888184,1018.9319,596.00
5.888184,1018.9650,533.00
5.888184,1018.9980,591.00
5.888184,1019.0311,579.00
5.888184,1019.0641,602.00
5.888184,1019.0970,538.00
5.888184,1019.1301,602.00
5.888184,1019.1631,531.00
5.888184,1019.1960,593.00
5.888184,1019.2289,491.00
5.888184,1019.2618,601.00
5.888184,1019.2949,539.00
5.888184,1019.3278,561.00
5.888184,1019.3607,552.00
5.888184,1019.3936,531.00
5.888184,1019.4268,506.00
5.888184,1019.4596,577.00
5.888184,1019.4925,528.00
5.888184,1019.5255,566.00
5.888184,1019.5583,505.00
5.888184,1019.5912,565.00
5.888184,1019.6240,520.00
5.888184,1019.6569,564.00
5.888184,1019.6898,517.00
5.888184,1019.7227,512.00
5.888184,1019.7556,468.00
5.888184,1019.7885,560.00
5.888184,1019.8213,498.00
5.888184,1019.8541,570.00
5.888184,1019.8870,518.00
5.888184,1019.9198,540.00
5.888184,1019.9525,530.00
5.888184,1019.9854,549.00
5.888184,1020.0182,501.00
5.888184,1020.0509,561.00
5.888184,1020.0837,510.00
5.888184,1020.1167,539.00
5.888184,1020.1494,532.00
5.888184,1020.1823,534.00
5.888184,1020.2149,536.00
5.888184,1020.2477,527.00
5.888184,1020.2805,475.00
5.888184,1020.3132,530.00
5.888184,1020.3459,525.00
5.888184,1020.3787,602.00
5.888184,1020.4114,499.00
5.888184,1020.4442,519.00
5.888184,1020.4768,543.00
5.888184,1020.5096,526.00
5.888184,1020.5423,513.00
5.888184,1020.5750,577.00
5.888184,1020.6077,489.00
5.888184,1020.6403,589.00
5.888184,1020.6730,523.00
5.888184,1020.7055,552.00
5.888184,1020.7382,518.00
5.888184,1020.7709,520.00
5.888184,1020.8036,472.00
5.888184,1020.8363,529.00
5.888184,1020.8688,462.00
5.888184,1020.9015,539.00
5.888184,1020.9341,456.00
5.888184,1020.9667,564.00
5.888184,1020.9993,482.00
5.888184,1021.0319,529.00
5.888184,1021.0645,533.00
5.888184,1021.0971,522.00
5.888184,1021.1298,490.00
5.888184,1021.1623,553.00
5.888184,1021.1948,474.00
5.888184,1021.2273,562.00
5.888184,1021.2599,469.00
5.888184,1021.2924,529.00
5.888184,1021.3250,492.00
5.888184,1021.3574,511.00
5.888184,1021.3900,485.00
5.888184,1021.4224,490.00
5.888184,1021.4550,456.00
5.888184,1021.4875,500.00
5.888184,1021.5200,503.00
5.888184,1021.5525,564.00
5.888184,1021.5850,497.00
5.888184,1021.6175,512.00
5.888184,1021.6500,478.00
5.888184,1021.6823,525.00
5.888184,1021.7148,474.00
5.888184,1021.7474,534.00
5.888184,1021.7797,518.00
5.888184,1021.8122,547.00
5.888184,1021.8445,508.00
5.888184,1021.8770,547.00
5.888184,1021.9095,519.00
5.888184,1021.9418,515.00
5.888184,1021.9741,479.00
5.888184,1022.0066,512.00
5.888184,1022.0389,469.00
5.888184,1022.0713,553.00
5.888184,1022.1037,487.00
5.888184,1022.1362,605.00
5.888184,1022.1685,560.00
5.888184,1022.2008,550.00
5.888184,1022.2332,490.00
5.888184,1022.2654,535.00
5.888184,1022.2977,494.00
5.888184,1022.3301,572.00
5.888184,1022.3624,477.00
5.888184,1022.3947,543.00
5.888184,1022.4271,509.00
5.888184,1022.4594,527.00
5.888184,1022.4917,520.00
5.888184,1022.5239,562.00
5.888184,1022.5562,529.00
5.888184,1022.5885,542.00
5.888184,1022.6207,495.00
5.888184,1022.6530,576.00
5.888184,1022.6852,523.00
5.888184,1022.7174,560.00
5.888184,1022.7497,525.00
5.888184,1022.7819,533.00
5.888184,1022.8142,492.00
5.888184,1022.8464,523.00
5.888184,1022.8785,502.00
5.888184,1022.9108,566.00
5.888184,1022.9429,496.00
5.888184,1022.9751,536.00
5.888184,1023.0073,527.00
5.888184,1023.0394,493.00
5.888184,1023.0717,505.00
5.888184,1023.1039,542.00
5.888184,1023.1360,470.00
5.888184,1023.1682,553.00
5.888184,1023.2003,476.00
5.888184,1023.2324,532.00
5.888184,1023.2644,497.00
5.888184,1023.2966,517.00
5.888184,1023.3287,478.00
5.888184,1023.3608,502.00
5.888184,1023.3929,502.00
5.888184,1023.4249,512.00
5.888184,1023.4570,486.00
5.888184,1023.4893,565.00
5.888184,1023.5212,487.00
5.888184,1023.5533,513.00
5.888184,1023.5853,500.00
5.888184,1023.6174,505.00
5.888184,1023.6494,484.00
5.888184,1023.6813,517.00
5.888184,1023.7134,478.00
5.888184,1023.7454,534.00
5.888184,1023.7775,502.00
5.888184,1023.8096,506.00
5.888184,1023.8416,500.00
5.888184,1023.8735,491.00
5.888184,1023.9055,485.00
5.888184,1023.9374,517.00
5.888184,1023.9694,419.00
5.888184,1024.0013,534.00
5.888184,1024.0333,465.00
5.888184,1024.0652,536.00
5.888184,1024.0972,500.00
5.888184,1024.1293,529.00
5.888184,1024.1611,455.00
5.888184,1024.1931,504.00
5.888184,1024.2250,432.00
5.888184,1024.2568,540.00
5.888184,1024.2888,466.00
5.888184,1024.3206,513.00
5.888184,1024.3525,498.00
5.888184,1024.3843,522.00
5.888184,1024.4164,488.00
5.888184,1024.4481,525.00
5.888184,1024.4801,452.00
5.888184,1024.5118,507.00
5.888184,1024.5438,477.00
5.888184,1024.5756,526.00
5.888184,1024.6074,484.00
5.888184,1024.6393,526.00
5.888184,1024.6710,555.00
5.888184,1024.7029,508.00
5.888184,1024.7346,479.00
5.888184,1024.7664,532.00
5.888184,1024.7982,461.00
5.888184,1024.8301,551.00
5.888184,1024.8618,484.00
5.888184,1024.8936,531.00
5.888184,1024.9253,490.00
5.888184,1024.9572,540.00
5.888184,1024.9889,513.00
5.888184,1025.0206,534.00
5.888184,1025.0522,473.00
5.888184,1025.0841,551.00
5.888184,1025.1158,470.00
5.888184,1025.1475,512.00
5.888184,1025.1792,485.00
5.888184,1025.2109,520.00
5.888184,1025.2426,495.00
5.888184,1025.2743,505.00
5.888184,1025.3059,496.00
5.888184,1025.3376,544.00
5.888184,1025.3693,466.00
5.888184,1025.4009,559.00
5.888184,1025.4326,498.00
5.888184,1025.4644,552.00
5.888184,1025.4960,502.00
5.888184,1025.5276,515.00
5.888184,1025.5592,515.00
5.888184,1025.5908,537.00
5.888184,1025.6224,494.00
5.888184,1025.6541,547.00
5.888184,1025.6857,521.00
5.888184,1025.7172,587.00
5.888184,1025.7489,534.00
5.888184,1025.7804,585.00
5.888184,1025.8120,551.00
5.888184,1025.8435,538.00
5.888184,1025.8751,541.00
5.888184,1025.9066,573.00
5.888184,1025.9381,484.00
5.888184,1025.9697,563.00
5.888184,1026.0012,551.00
5.888184,1026.0327,552.00
5.888184,1026.0642,504.00
