# Point:,43
# Setpoint:,2.18909091
# Voltage_V:,2.18909091
# Current_A:,0.031685
# Spectrum_Time_s:,6.966628
# Step_Start_s:,6.898287
# Step_End_s:,7.060119
# Spectrum_Duration_ms:,63.877
# Peak_Wavelength_nm:,928.68
# Peak_Intensity:,14487.0
# Avg_Intensity:,639.2
# Num_Pixels:,4094
# NOTE: All wavelengths are captured simultaneously in one CCD exposure
#       The Relative_Time_s column shows when this entire spectrum was acquired

Relative_Time_s,Wavelength_nm,Intensity
6.966628,845.4307,603.00
6.966628,845.4858,520.00
6.966628,845.5410,571.00
6.966628,845.5963,510.00
6.966628,845.6514,557.00
6.966628,845.7065,495.00
6.966628,845.7617,580.00
6.966628,845.8168,497.00
6.966628,845.8721,557.00
6.966628,845.9272,482.00
6.966628,845.9823,547.00
6.966628,846.0374,472.00
6.966628,846.0926,490.00
6.966628,846.1478,490.00
6.966628,846.2029,569.00
6.966628,846.2579,489.00
6.966628,846.3130,572.00
6.966628,846.3682,437.00
6.966628,846.4233,551.00
6.966628,846.4784,492.00
6.966628,846.5335,596.00
6.966628,846.5886,536.00
6.966628,846.6437,550.00
6.966628,846.6987,515.00
6.966628,846.7538,574.00
6.966628,846.8089,490.00
6.966628,846.8640,574.00
6.966628,846.9190,491.00
6.966628,846.9741,585.00
6.966628,847.0292,555.00
6.966628,847.0842,577.00
6.966628,847.1392,533.00
6.966628,847.1943,553.00
6.966628,847.2493,486.00
6.966628,847.3044,583.00
6.966628,847.3594,522.00
6.966628,847.4144,550.00
6.966628,847.4694,528.00
6.966628,847.5244,561.00
6.966628,847.5795,507.00
6.966628,847.6345,569.00
6.966628,847.6895,507.00
6.966628,847.7444,566.00
6.966628,847.7994,512.00
6.966628,847.8544,617.00
6.966628,847.9094,532.00
6.966628,847.9644,589.00
6.966628,848.0193,519.00
6.966628,848.0743,578.00
6.966628,848.1293,526.00
6.966628,848.1843,592.00
6.966628,848.2392,522.00
6.966628,848.2941,589.00
6.966628,848.3491,571.00
6.966628,848.4040,577.00
6.966628,848.4590,564.00
6.966628,848.5139,597.00
6.966628,848.5688,528.00
6.966628,848.6237,587.00
6.966628,848.6786,528.00
6.966628,848.7336,604.00
6.966628,848.7885,546.00
6.966628,848.8434,626.00
6.966628,848.8983,585.00
6.966628,848.9531,582.00
6.966628,849.0081,558.00
6.966628,849.0630,581.00
6.966628,849.1178,525.00
6.966628,849.1727,586.00
6.966628,849.2275,557.00
6.966628,849.2823,649.00
6.966628,849.3373,552.00
6.966628,849.3921,584.00
6.966628,849.4470,583.00
6.966628,849.5018,552.00
6.966628,849.5566,504.00
6.966628,849.6115,600.00
6.966628,849.6663,530.00
6.966628,849.7211,601.00
6.966628,849.7759,582.00
6.966628,849.8307,588.00
6.966628,849.8856,554.00
6.966628,849.9404,595.00
6.966628,849.9952,554.00
6.966628,850.0500,593.00
6.966628,850.1048,514.00
6.966628,850.1596,623.00
6.966628,850.2144,499.00
6.966628,850.2692,639.00
6.966628,850.3239,548.00
6.966628,850.3787,583.00
6.966628,850.4335,575.00
6.966628,850.4882,599.00
6.966628,850.5430,545.00
6.966628,850.5977,594.00
6.966628,850.6525,521.00
6.966628,850.7072,591.00
6.966628,850.7620,543.00
6.966628,850.8167,628.00
6.966628,850.8715,577.00
6.966628,850.9261,586.00
6.966628,850.9808,537.00
6.966628,851.0356,585.00
6.966628,851.0903,576.00
6.966628,851.1450,626.00
6.966628,851.1996,561.00
6.966628,851.2543,644.00
6.966628,851.3091,562.00
6.966628,851.3638,590.00
6.966628,851.4185,549.00
6.966628,851.4731,626.00
6.966628,851.5278,560.00
6.966628,851.5825,655.00
6.966628,851.6371,587.00
6.966628,851.6918,656.00
6.966628,851.7465,585.00
6.966628,851.8011,606.00
6.966628,851.8558,585.00
6.966628,851.9103,605.00
6.966628,851.9650,578.00
6.966628,852.0196,674.00
6.966628,852.0742,585.00
6.966628,852.1289,622.00
6.966628,852.1835,566.00
6.966628,852.2381,659.00
6.966628,852.2927,641.00
6.966628,852.3473,616.00
6.966628,852.4019,619.00
6.966628,852.4565,687.00
6.966628,852.5111,599.00
6.966628,852.5657,632.00
6.966628,852.6202,582.00
6.966628,852.6747,659.00
6.966628,852.7294,617.00
6.966628,852.7839,689.00
6.966628,852.8385,602.00
6.966628,852.8930,671.00
6.966628,852.9476,609.00
6.966628,853.0022,686.00
6.966628,853.0567,614.00
6.966628,853.1112,683.00
6.966628,853.1658,647.00
6.966628,853.2203,668.00
6.966628,853.2748,647.00
6.966628,853.3293,683.00
6.966628,853.3838,615.00
6.966628,853.4383,693.00
6.966628,853.4928,624.00
6.966628,853.5474,673.00
6.966628,853.6019,671.00
6.966628,853.6563,689.00
6.966628,853.7108,668.00
6.966628,853.7653,672.00
6.966628,853.8198,638.00
6.966628,853.8742,671.00
6.966628,853.9286,638.00
6.966628,853.9832,676.00
6.966628,854.0376,638.00
6.966628,854.0920,713.00
6.966628,854.1465,667.00
6.966628,854.2010,667.00
6.966628,854.2554,634.00
6.966628,854.3098,677.00
6.966628,854.3642,606.00
6.966628,854.4186,693.00
6.966628,854.4731,627.00
6.966628,854.5275,715.00
6.966628,854.5819,648.00
6.966628,854.6363,673.00
6.966628,854.6907,644.00
6.966628,854.7451,649.00
6.966628,854.7994,613.00
6.966628,854.8538,678.00
6.966628,854.9082,634.00
6.966628,854.9626,696.00
6.966628,855.0170,612.00
6.966628,855.0714,692.00
6.966628,855.1257,621.00
6.966628,855.1800,641.00
6.966628,855.2344,618.00
6.966628,855.2888,668.00
6.966628,855.3431,620.00
6.966628,855.3975,654.00
6.966628,855.4518,596.00
6.966628,855.5060,705.00
6.966628,855.5604,634.00
6.966628,855.6147,644.00
6.966628,855.6691,629.00
6.966628,855.7233,622.00
6.966628,855.7776,610.00
6.966628,855.8320,693.00
6.966628,855.8862,580.00
6.966628,855.9406,686.00
6.966628,855.9948,643.00
6.966628,856.0491,693.00
6.966628,856.1035,660.00
6.966628,856.1577,662.00
6.966628,856.2119,613.00
6.966628,856.2662,649.00
6.966628,856.3204,590.00
6.966628,856.3748,710.00
6.966628,856.4290,625.00
6.966628,856.4832,658.00
6.966628,856.5374,634.00
6.966628,856.5916,675.00
6.966628,856.6459,607.00
6.966628,856.7001,694.00
6.966628,856.7543,635.00
6.966628,856.8085,663.00
6.966628,856.8627,635.00
6.966628,856.9169,683.00
6.966628,856.9712,641.00
6.966628,857.0253,647.00
6.966628,857.0795,641.00
6.966628,857.1337,663.00
6.966628,857.1879,621.00
6.966628,857.2421,686.00
6.966628,857.2962,597.00
6.966628,857.3504,734.00
6.966628,857.4045,659.00
6.966628,857.4587,658.00
6.966628,857.5129,687.00
6.966628,857.5670,692.00
6.966628,857.6212,663.00
6.966628,857.6753,663.00
6.966628,857.7294,659.00
6.966628,857.7836,697.00
6.966628,857.8377,658.00
6.966628,857.8918,671.00
6.966628,857.9459,663.00
6.966628,858.0000,687.00
6.966628,858.0541,634.00
6.966628,858.1082,699.00
6.966628,858.1624,645.00
6.966628,858.2164,691.00
6.966628,858.2704,637.00
6.966628,858.3245,689.00
6.966628,858.3787,677.00
6.966628,858.4327,668.00
6.966628,858.4868,641.00
6.966628,858.5408,676.00
6.966628,858.5949,618.00
6.966628,858.6489,684.00
6.966628,858.7030,622.00
6.966628,858.7570,716.00
6.966628,858.8110,682.00
6.966628,858.8651,679.00
6.966628,858.9192,664.00
6.966628,858.9732,717.00
6.966628,859.0272,654.00
6.966628,859.0812,723.00
6.966628,859.1352,625.00
6.966628,859.1892,706.00
6.966628,859.2432,638.00
6.966628,859.2972,723.00
6.966628,859.3512,693.00
6.966628,859.4052,678.00
6.966628,859.4592,665.00
6.966628,859.5132,687.00
6.966628,859.5671,621.00
6.966628,859.6210,670.00
6.966628,859.6750,635.00
6.966628,859.7289,694.00
6.966628,859.7830,621.00
6.966628,859.8369,670.00
6.966628,859.8908,645.00
6.966628,859.9447,633.00
6.966628,859.9987,633.00
6.966628,860.0527,694.00
6.966628,860.1065,591.00
6.966628,860.1605,680.00
6.966628,860.2144,630.00
6.966628,860.2682,664.00
6.966628,860.3222,643.00
6.966628,860.3761,675.00
6.966628,860.4299,586.00
6.966628,860.4838,657.00
6.966628,860.5377,576.00
6.966628,860.5916,663.00
6.966628,860.6455,649.00
6.966628,860.6993,677.00
6.966628,860.7532,632.00
6.966628,860.8071,656.00
6.966628,860.8610,619.00
6.966628,860.9148,668.00
6.966628,860.9687,604.00
6.966628,861.0225,658.00
6.966628,861.0763,636.00
6.966628,861.1301,671.00
6.966628,861.1840,624.00
6.966628,861.2378,656.00
6.966628,861.2916,625.00
6.966628,861.3454,670.00
6.966628,861.3992,603.00
6.966628,861.4531,680.00
6.966628,861.5068,572.00
6.966628,861.5606,678.00
6.966628,861.6144,617.00
6.966628,861.6682,657.00
6.966628,861.7220,608.00
6.966628,861.7758,642.00
6.966628,861.8295,603.00
6.966628,861.8833,658.00
6.966628,861.9370,616.00
6.966628,861.9908,678.00
6.966628,862.0446,617.00
6.966628,862.0983,671.00
6.966628,862.1520,615.00
6.966628,862.2057,634.00
6.966628,862.2595,623.00
6.966628,862.3132,644.00
6.966628,862.3669,569.00
6.966628,862.4206,647.00
6.966628,862.4744,581.00
6.966628,862.5281,665.00
6.966628,862.5818,624.00
6.966628,862.6355,674.00
6.966628,862.6891,633.00
6.966628,862.7429,646.00
6.966628,862.7966,650.00
6.966628,862.8502,662.00
6.966628,862.9039,609.00
6.966628,862.9575,684.00
6.966628,863.0112,649.00
6.966628,863.0648,641.00
6.966628,863.1185,609.00
6.966628,863.1722,650.00
6.966628,863.2258,608.00
6.966628,863.2794,664.00
6.966628,863.3330,610.00
6.966628,863.3867,656.00
6.966628,863.4403,535.00
6.966628,863.4940,648.00
6.966628,863.5475,616.00
6.966628,863.6011,627.00
6.966628,863.6548,598.00
6.966628,863.7084,607.00
6.966628,863.7620,612.00
6.966628,863.8156,628.00
6.966628,863.8691,603.00
6.966628,863.9228,649.00
6.966628,863.9763,607.00
6.966628,864.0299,636.00
6.966628,864.0834,612.00
6.966628,864.1370,641.00
6.966628,864.1906,588.00
6.966628,864.2441,663.00
6.966628,864.2977,586.00
6.966628,864.3512,656.00
6.966628,864.4047,622.00
6.966628,864.4583,646.00
6.966628,864.5118,611.00
6.966628,864.5653,639.00
6.966628,864.6189,628.00
6.966628,864.6724,637.00
6.966628,864.7258,619.00
6.966628,864.7794,663.00
6.966628,864.8329,633.00
6.966628,864.8864,664.00
6.966628,864.9398,632.00
6.966628,864.9933,649.00
6.966628,865.0469,587.00
6.966628,865.1003,618.00
6.966628,865.1538,624.00
6.966628,865.2072,648.00
6.966628,865.2607,650.00
6.966628,865.3142,653.00
6.966628,865.3676,619.00
6.966628,865.4211,640.00
6.966628,865.4745,604.00
6.966628,865.5279,639.00
6.966628,865.5814,602.00
6.966628,865.6348,679.00
6.966628,865.6882,592.00
6.966628,865.7416,674.00
6.966628,865.7950,641.00
6.966628,865.8484,665.00
6.966628,865.9019,623.00
6.966628,865.9552,640.00
6.966628,866.0087,627.00
6.966628,866.0620,628.00
6.966628,866.1154,628.00
6.966628,866.1688,719.00
6.966628,866.2222,620.00
6.966628,866.2755,677.00
6.966628,866.3289,646.00
6.966628,866.3822,660.00
6.966628,866.4356,639.00
6.966628,866.4890,638.00
6.966628,866.5423,632.00
6.966628,866.5956,657.00
6.966628,866.6489,622.00
6.966628,866.7023,667.00
6.966628,866.7556,617.00
6.966628,866.8089,652.00
6.966628,866.8622,636.00
6.966628,866.9155,671.00
6.966628,866.9689,617.00
6.966628,867.0222,666.00
6.966628,867.0755,618.00
6.966628,867.1287,662.00
6.966628,867.1820,613.00
6.966628,867.2354,668.00
6.966628,867.2886,675.00
6.966628,867.3419,631.00
6.966628,867.3951,623.00
6.966628,867.4484,650.00
6.966628,867.5016,594.00
6.966628,867.5549,719.00
6.966628,867.6082,625.00
6.966628,867.6614,663.00
6.966628,867.7146,639.00
6.966628,867.7678,657.00
6.966628,867.8211,631.00
6.966628,867.8743,692.00
6.966628,867.9276,631.00
6.966628,867.9807,633.00
6.966628,868.0339,592.00
6.966628,868.0872,653.00
6.966628,868.1403,618.00
6.966628,868.1935,641.00
6.966628,868.2467,630.00
6.966628,868.2999,656.00
6.966628,868.3531,592.00
6.966628,868.4062,645.00
6.966628,868.4594,610.00
6.966628,868.5126,665.00
6.966628,868.5657,624.00
6.966628,868.6189,662.00
6.966628,868.6721,634.00
6.966628,868.7252,647.00
6.966628,868.7783,588.00
6.966628,868.8315,654.00
6.966628,868.8846,587.00
6.966628,868.9377,655.00
6.966628,868.9908,615.00
6.966628,869.0439,680.00
6.966628,869.0970,649.00
6.966628,869.1501,653.00
6.966628,869.2032,615.00
6.966628,869.2564,637.00
6.966628,869.3094,612.00
6.966628,869.3625,622.00
6.966628,869.4156,640.00
6.966628,869.4688,673.00
6.966628,869.5218,614.00
6.966628,869.5748,660.00
6.966628,869.6279,629.00
6.966628,869.6809,630.00
6.966628,869.7340,582.00
6.966628,869.7870,631.00
6.966628,869.8401,620.00
6.966628,869.8931,680.00
6.966628,869.9462,593.00
6.966628,869.9993,635.00
6.966628,870.0522,615.00
6.966628,870.1052,684.00
6.966628,870.1583,614.00
6.966628,870.2112,684.00
6.966628,870.2642,585.00
6.966628,870.3173,669.00
6.966628,870.3702,612.00
6.966628,870.4232,659.00
6.966628,870.4762,630.00
6.966628,870.5292,658.00
6.966628,870.5822,626.00
6.966628,870.6351,654.00
6.966628,870.6881,591.00
6.966628,870.7410,687.00
6.966628,870.7940,627.00
6.966628,870.8470,659.00
6.966628,870.8999,617.00
6.966628,870.9528,685.00
6.966628,871.0057,661.00
6.966628,871.0587,649.00
6.966628,871.1116,637.00
6.966628,871.1646,672.00
6.966628,871.2175,580.00
6.966628,871.2704,662.00
6.966628,871.3232,642.00
6.966628,871.3762,660.00
6.966628,871.4291,666.00
6.966628,871.4820,660.00
6.966628,871.5348,639.00
6.966628,871.5877,661.00
6.966628,871.6406,624.00
6.966628,871.6935,717.00
6.966628,871.7463,642.00
6.966628,871.7992,671.00
6.966628,871.8521,650.00
6.966628,871.9049,642.00
6.966628,871.9578,666.00
6.966628,872.0106,687.00
6.966628,872.0635,601.00
6.966628,872.1162,689.00
6.966628,872.1691,633.00
6.966628,872.2219,691.00
6.966628,872.2747,611.00
6.966628,872.3275,666.00
6.966628,872.3803,658.00
6.966628,872.4332,676.00
6.966628,872.4860,609.00
6.966628,872.5387,667.00
6.966628,872.5915,611.00
6.966628,872.6443,685.00
6.966628,872.6971,668.00
6.966628,872.7499,704.00
6.966628,872.8026,651.00
6.966628,872.8553,621.00
6.966628,872.9081,648.00
6.966628,872.9609,656.00
6.966628,873.0136,652.00
6.966628,873.0663,703.00
6.966628,873.1191,598.00
6.966628,873.1718,686.00
6.966628,873.2245,664.00
6.966628,873.2773,672.00
6.966628,873.3300,637.00
6.966628,873.3827,653.00
6.966628,873.4354,633.00
6.966628,873.4882,712.00
6.966628,873.5408,654.00
6.966628,873.5935,680.00
6.966628,873.6462,648.00
6.966628,873.6989,698.00
6.966628,873.7515,668.00
6.966628,873.8042,643.00
6.966628,873.8569,612.00
6.966628,873.9096,676.00
6.966628,873.9622,609.00
6.966628,874.0149,690.00
6.966628,874.0675,635.00
6.966628,874.1202,680.00
6.966628,874.1729,642.00
6.966628,874.2255,688.00
6.966628,874.2781,649.00
6.966628,874.3307,661.00
6.966628,874.3834,600.00
6.966628,874.4360,693.00
6.966628,874.4885,652.00
6.966628,874.5411,694.00
6.966628,874.5938,646.00
6.966628,874.6463,626.00
6.966628,874.6990,636.00
6.966628,874.7515,650.00
6.966628,874.8041,615.00
6.966628,874.8567,687.00
6.966628,874.9092,655.00
6.966628,874.9619,688.00
6.966628,875.0144,629.00
6.966628,875.0669,671.00
6.966628,875.1194,641.00
6.966628,875.1720,673.00
6.966628,875.2246,624.00
6.966628,875.2772,682.00
6.966628,875.3296,611.00
6.966628,875.3821,676.00
6.966628,875.4346,662.00
6.966628,875.4872,668.00
6.966628,875.5397,651.00
6.966628,875.5922,683.00
6.966628,875.6447,634.00
6.966628,875.6971,677.00
6.966628,875.7498,616.00
6.966628,875.8022,685.00
6.966628,875.8547,601.00
6.966628,875.9071,735.00
6.966628,875.9596,634.00
6.966628,876.0120,664.00
6.966628,876.0646,666.00
6.966628,876.1169,668.00
6.966628,876.1694,621.00
6.966628,876.2219,715.00
6.966628,876.2743,634.00
6.966628,876.3268,711.00
6.966628,876.3792,628.00
6.966628,876.4316,688.00
6.966628,876.4840,669.00
6.966628,876.5364,667.00
6.966628,876.5889,627.00
6.966628,876.6413,712.00
6.966628,876.6937,604.00
6.966628,876.7460,694.00
6.966628,876.7985,661.00
6.966628,876.8509,725.00
6.966628,876.9032,640.00
6.966628,876.9556,672.00
6.966628,877.0079,627.00
6.966628,877.0604,632.00
6.966628,877.1127,608.00
6.966628,877.1651,694.00
6.966628,877.2174,642.00
6.966628,877.2697,677.00
6.966628,877.3221,618.00
6.966628,877.3744,646.00
6.966628,877.4268,621.00
6.966628,877.4791,649.00
6.966628,877.5314,596.00
6.966628,877.5837,657.00
6.966628,877.6360,609.00
6.966628,877.6884,656.00
6.966628,877.7407,616.00
6.966628,877.7930,626.00
6.966628,877.8452,624.00
6.966628,877.8975,650.00
6.966628,877.9498,642.00
6.966628,878.0021,670.00
6.966628,878.0544,609.00
6.966628,878.1066,682.00
6.966628,878.1589,605.00
6.966628,878.2111,635.00
6.966628,878.2634,607.00
6.966628,878.3157,602.00
6.966628,878.3679,601.00
6.966628,878.4202,650.00
6.966628,878.4724,599.00
6.966628,878.5246,631.00
6.966628,878.5768,595.00
6.966628,878.6290,656.00
6.966628,878.6812,629.00
6.966628,878.7335,635.00
6.966628,878.7856,631.00
6.966628,878.8379,603.00
6.966628,878.8901,586.00
6.966628,878.9422,612.00
6.966628,878.9944,619.00
6.966628,879.0466,665.00
6.966628,879.0988,591.00
6.966628,879.1509,669.00
6.966628,879.2031,636.00
6.966628,879.2552,599.00
6.966628,879.3074,616.00
6.966628,879.3596,665.00
6.966628,879.4117,594.00
6.966628,879.4638,688.00
6.966628,879.5159,605.00
6.966628,879.5681,658.00
6.966628,879.6202,618.00
6.966628,879.6723,641.00
6.966628,879.7244,642.00
6.966628,879.7766,648.00
6.966628,879.8287,601.00
6.966628,879.8808,651.00
6.966628,879.9329,572.00
6.966628,879.9849,629.00
6.966628,880.0370,610.00
6.966628,880.0891,652.00
6.966628,880.1412,631.00
6.966628,880.1932,644.00
6.966628,880.2452,580.00
6.966628,880.2973,657.00
6.966628,880.3495,630.00
6.966628,880.4015,691.00
6.966628,880.4536,646.00
6.966628,880.5056,634.00
6.966628,880.5576,626.00
6.966628,880.6096,651.00
6.966628,880.6616,599.00
6.966628,880.7137,659.00
6.966628,880.7656,569.00
6.966628,880.8176,663.00
6.966628,880.8696,591.00
6.966628,880.9217,617.00
6.966628,880.9737,607.00
6.966628,881.0256,654.00
6.966628,881.0776,579.00
6.966628,881.1296,623.00
6.966628,881.1816,586.00
6.966628,881.2336,635.00
6.966628,881.2855,581.00
6.966628,881.3374,633.00
6.966628,881.3893,635.00
6.966628,881.4413,625.00
6.966628,881.4933,609.00
6.966628,881.5452,648.00
6.966628,881.5972,612.00
6.966628,881.6490,643.00
6.966628,881.7010,590.00
6.966628,881.7530,646.00
6.966628,881.8049,618.00
6.966628,881.8568,646.00
6.966628,881.9086,605.00
6.966628,881.9605,611.00
6.966628,882.0125,583.00
6.966628,882.0643,623.00
6.966628,882.1162,559.00
6.966628,882.1681,618.00
6.966628,882.2199,549.00
6.966628,882.2719,643.00
6.966628,882.3237,611.00
6.966628,882.3755,599.00
6.966628,882.4274,557.00
6.966628,882.4792,612.00
6.966628,882.5311,583.00
6.966628,882.5829,619.00
6.966628,882.6348,575.00
6.966628,882.6866,648.00
6.966628,882.7383,602.00
6.966628,882.7902,589.00
6.966628,882.8420,613.00
6.966628,882.8939,617.00
6.966628,882.9457,550.00
6.966628,882.9974,643.00
6.966628,883.0493,576.00
6.966628,883.1011,654.00
6.966628,883.1528,558.00
6.966628,883.2046,633.00
6.966628,883.2563,635.00
6.966628,883.3081,606.00
6.966628,883.3599,597.00
6.966628,883.4116,619.00
6.966628,883.4634,562.00
6.966628,883.5151,633.00
6.966628,883.5668,589.00
6.966628,883.6187,604.00
6.966628,883.6703,619.00
6.966628,883.7220,629.00
6.966628,883.7738,576.00
6.966628,883.8254,620.00
6.966628,883.8773,586.00
6.966628,883.9289,653.00
6.966628,883.9806,578.00
6.966628,884.0323,656.00
6.966628,884.0840,640.00
6.966628,884.1357,649.00
6.966628,884.1874,582.00
6.966628,884.2391,639.00
6.966628,884.2907,542.00
6.966628,884.3423,634.00
6.966628,884.3940,578.00
6.966628,884.4457,635.00
6.966628,884.4974,611.00
6.966628,884.5490,619.00
6.966628,884.6006,571.00
6.966628,884.6523,635.00
6.966628,884.7039,589.00
6.966628,884.7555,645.00
6.966628,884.8071,601.00
6.966628,884.8588,643.00
6.966628,884.9103,667.00
6.966628,884.9620,680.00
6.966628,885.0136,676.00
6.966628,885.0651,634.00
6.966628,885.1168,597.00
6.966628,885.1683,649.00
6.966628,885.2200,610.00
6.966628,885.2715,692.00
6.966628,885.3231,613.00
6.966628,885.3746,668.00
6.966628,885.4262,620.00
6.966628,885.4778,663.00
6.966628,885.5293,622.00
6.966628,885.5809,662.00
6.966628,885.6324,602.00
6.966628,885.6839,626.00
6.966628,885.7355,591.00
6.966628,885.7870,675.00
6.966628,885.8385,597.00
6.966628,885.8900,673.00
6.966628,885.9415,661.00
6.966628,885.9930,657.00
6.966628,886.0446,597.00
6.966628,886.0960,682.00
6.966628,886.1475,620.00
6.966628,886.1990,650.00
6.966628,886.2504,634.00
6.966628,886.3020,666.00
6.966628,886.3534,619.00
6.966628,886.4048,674.00
6.966628,886.4564,631.00
6.966628,886.5078,657.00
6.966628,886.5593,611.00
6.966628,886.6107,673.00
6.966628,886.6621,605.00
6.966628,886.7136,645.00
6.966628,886.7650,598.00
6.966628,886.8164,639.00
6.966628,886.8679,634.00
6.966628,886.9193,650.00
6.966628,886.9706,588.00
6.966628,887.0220,661.00
6.966628,887.0735,569.00
6.966628,887.1249,675.00
6.966628,887.1762,631.00
6.966628,887.2276,652.00
6.966628,887.2789,650.00
6.966628,887.3304,664.00
6.966628,887.3818,647.00
6.966628,887.4331,645.00
6.966628,887.4844,622.00
6.966628,887.5358,663.00
6.966628,887.5871,602.00
6.966628,887.6385,693.00
6.966628,887.6898,650.00
6.966628,887.7411,641.00
6.966628,887.7925,643.00
6.966628,887.8438,653.00
6.966628,887.8951,592.00
6.966628,887.9464,701.00
6.966628,887.9977,640.00
6.966628,888.0490,747.00
6.966628,888.1003,668.00
6.966628,888.1516,660.00
6.966628,888.2029,640.00
6.966628,888.2542,672.00
6.966628,888.3054,585.00
6.966628,888.3567,658.00
6.966628,888.4080,614.00
6.966628,888.4592,676.00
6.966628,888.5105,644.00
6.966628,888.5618,668.00
6.966628,888.6130,653.00
6.966628,888.6642,647.00
6.966628,888.7155,640.00
6.966628,888.7667,668.00
6.966628,888.8179,626.00
6.966628,888.8691,684.00
6.966628,888.9204,641.00
6.966628,888.9716,664.00
6.966628,889.0228,646.00
6.966628,889.0740,649.00
6.966628,889.1252,650.00
6.966628,889.1764,660.00
6.966628,889.2275,618.00
6.966628,889.2787,707.00
6.966628,889.3299,628.00
6.966628,889.3810,679.00
6.966628,889.4322,678.00
6.966628,889.4835,705.00
6.966628,889.5346,645.00
6.966628,889.5857,638.00
6.966628,889.6368,613.00
6.966628,889.6879,689.00
6.966628,889.7391,594.00
6.966628,889.7903,688.00
6.966628,889.8414,623.00
6.966628,889.8925,698.00
6.966628,889.9435,662.00
6.966628,889.9948,643.00
6.966628,890.0458,626.00
6.966628,890.0969,681.00
6.966628,890.1479,617.00
6.966628,890.1990,659.00
6.966628,890.2501,629.00
6.966628,890.3012,665.00
6.966628,890.3523,644.00
6.966628,890.4034,606.00
6.966628,890.4545,635.00
6.966628,890.5054,654.00
6.966628,890.5566,566.00
6.966628,890.6076,662.00
6.966628,890.6586,617.00
6.966628,890.7097,663.00
6.966628,890.7607,639.00
6.966628,890.8117,675.00
6.966628,890.8627,655.00
6.966628,890.9138,614.00
6.966628,890.9647,601.00
6.966628,891.0157,639.00
6.966628,891.0668,601.00
6.966628,891.1178,655.00
6.966628,891.1688,595.00
6.966628,891.2197,656.00
6.966628,891.2707,601.00
6.966628,891.3217,630.00
6.966628,891.3727,603.00
6.966628,891.4236,627.00
6.966628,891.4745,592.00
6.966628,891.5256,664.00
6.966628,891.5765,601.00
6.966628,891.6275,681.00
6.966628,891.6783,619.00
6.966628,891.7293,638.00
6.966628,891.7802,632.00
6.966628,891.8312,614.00
6.966628,891.8821,570.00
6.966628,891.9330,665.00
6.966628,891.9839,591.00
6.966628,892.0348,642.00
6.966628,892.0857,617.00
6.966628,892.1366,627.00
6.966628,892.1875,624.00
6.966628,892.2383,645.00
6.966628,892.2892,615.00
6.966628,892.3401,666.00
6.966628,892.3911,605.00
6.966628,892.4418,690.00
6.966628,892.4927,620.00
6.966628,892.5436,665.00
6.966628,892.5944,645.00
6.966628,892.6452,656.00
6.966628,892.6961,617.00
6.966628,892.7469,638.00
6.966628,892.7977,600.00
6.966628,892.8485,624.00
6.966628,892.8993,634.00
6.966628,892.9502,678.00
6.966628,893.0010,635.00
6.966628,893.0518,654.00
6.966628,893.1025,642.00
6.966628,893.1534,651.00
6.966628,893.2042,595.00
6.966628,893.2549,679.00
6.966628,893.3057,609.00
6.966628,893.3564,699.00
6.966628,893.4072,671.00
6.966628,893.4580,629.00
6.966628,893.5087,615.00
6.966628,893.5595,630.00
6.966628,893.6102,585.00
6.966628,893.6609,687.00
6.966628,893.7117,568.00
6.966628,893.7625,679.00
6.966628,893.8132,643.00
6.966628,893.8639,664.00
6.966628,893.9146,619.00
6.966628,893.9653,618.00
6.966628,894.0160,607.00
6.966628,894.0667,685.00
6.966628,894.1174,648.00
6.966628,894.1681,651.00
6.966628,894.2188,635.00
6.966628,894.2695,663.00
6.966628,894.3201,630.00
6.966628,894.3708,646.00
6.966628,894.4214,609.00
6.966628,894.4720,663.00
6.966628,894.5228,639.00
6.966628,894.5734,691.00
6.966628,894.6240,623.00
6.966628,894.6746,654.00
6.966628,894.7252,671.00
6.966628,894.7759,639.00
6.966628,894.8265,637.00
6.966628,894.8771,653.00
6.966628,894.9277,571.00
6.966628,894.9783,679.00
6.966628,895.0290,575.00
6.966628,895.0795,702.00
6.966628,895.1301,616.00
6.966628,895.1807,649.00
6.966628,895.2313,641.00
6.966628,895.2819,651.00
6.966628,895.3325,601.00
6.966628,895.3830,632.00
6.966628,895.4336,594.00
6.966628,895.4841,686.00
6.966628,895.5347,621.00
6.966628,895.5852,646.00
6.966628,895.6357,634.00
6.966628,895.6863,657.00
6.966628,895.7368,643.00
6.966628,895.7874,650.00
6.966628,895.8379,611.00
6.966628,895.8884,691.00
6.966628,895.9388,592.00
6.966628,895.9893,653.00
6.966628,896.0399,623.00
6.966628,896.0904,653.00
6.966628,896.1408,641.00
6.966628,896.1913,650.00
6.966628,896.2418,624.00
6.966628,896.2922,657.00
6.966628,896.3427,616.00
6.966628,896.3932,672.00
6.966628,896.4437,655.00
6.966628,896.4941,670.00
6.966628,896.5445,642.00
6.966628,896.5950,632.00
6.966628,896.6454,662.00
6.966628,896.6958,655.00
6.966628,896.7462,583.00
6.966628,896.7967,683.00
6.966628,896.8471,622.00
6.966628,896.8975,671.00
6.966628,896.9479,633.00
6.966628,896.9983,679.00
6.966628,897.0486,629.00
6.966628,897.0991,637.00
6.966628,897.1495,611.00
6.966628,897.1998,678.00
6.966628,897.2502,631.00
6.966628,897.3005,674.00
6.966628,897.3510,626.00
6.966628,897.4013,659.00
6.966628,897.4517,653.00
6.966628,897.5020,655.00
6.966628,897.5523,625.00
6.966628,897.6026,681.00
6.966628,897.6530,605.00
6.966628,897.7033,672.00
6.966628,897.7537,619.00
6.966628,897.8040,690.00
6.966628,897.8542,612.00
6.966628,897.9046,646.00
6.966628,897.9549,646.00
6.966628,898.0051,699.00
6.966628,898.0554,613.00
6.966628,898.1057,662.00
6.966628,898.1560,621.00
6.966628,898.2063,687.00
6.966628,898.2565,623.00
6.966628,898.3068,612.00
6.966628,898.3571,657.00
6.966628,898.4073,638.00
6.966628,898.4576,567.00
6.966628,898.5078,651.00
6.966628,898.5580,576.00
6.966628,898.6083,718.00
6.966628,898.6584,657.00
6.966628,898.7087,659.00
6.966628,898.7590,621.00
6.966628,898.8091,658.00
6.966628,898.8593,617.00
6.966628,898.9095,668.00
6.966628,898.9598,603.00
6.966628,899.0099,670.00
6.966628,899.0601,619.00
6.966628,899.1103,656.00
6.966628,899.1605,632.00
6.966628,899.2107,647.00
6.966628,899.2608,613.00
6.966628,899.3109,605.00
6.966628,899.3611,606.00
6.966628,899.4113,654.00
6.966628,899.4614,637.00
6.966628,899.5115,650.00
6.966628,899.5616,656.00
6.966628,899.6118,613.00
6.966628,899.6619,617.00
6.966628,899.7121,622.00
6.966628,899.7622,557.00
6.966628,899.8123,652.00
6.966628,899.8624,600.00
6.966628,899.9124,668.00
6.966628,899.9626,633.00
6.966628,900.0126,638.00
6.966628,900.0627,626.00
6.966628,900.1127,668.00
6.966628,900.1628,572.00
6.966628,900.2130,640.00
6.966628,900.2631,541.00
6.966628,900.3130,651.00
6.966628,900.3631,606.00
6.966628,900.4131,638.00
6.966628,900.4632,606.00
6.966628,900.5132,624.00
6.966628,900.5633,587.00
6.966628,900.6132,639.00
6.966628,900.6632,625.00
6.966628,900.7133,631.00
6.966628,900.7633,572.00
6.966628,900.8133,625.00
6.966628,900.8633,587.00
6.966628,900.9133,642.00
6.966628,900.9633,593.00
6.966628,901.0133,622.00
6.966628,901.0632,590.00
6.966628,901.1132,633.00
6.966628,901.1631,605.00
6.966628,901.2131,662.00
6.966628,901.2631,649.00
6.966628,901.3130,673.00
6.966628,901.3630,634.00
6.966628,901.4129,636.00
6.966628,901.4628,629.00
6.966628,901.5128,636.00
6.966628,901.5627,602.00
6.966628,901.6126,657.00
6.966628,901.6625,626.00
6.966628,901.7124,630.00
6.966628,901.7623,618.00
6.966628,901.8123,627.00
6.966628,901.8621,620.00
6.966628,901.9120,655.00
6.966628,901.9619,591.00
6.966628,902.0117,665.00
6.966628,902.0616,611.00
6.966628,902.1115,698.00
6.966628,902.1613,615.00
6.966628,902.2112,599.00
6.966628,902.2610,616.00
6.966628,902.3109,647.00
6.966628,902.3608,595.00
6.966628,902.4106,667.00
6.966628,902.4604,599.00
6.966628,902.5103,638.00
6.966628,902.5601,627.00
6.966628,902.6099,661.00
6.966628,902.6597,641.00
6.966628,902.7095,631.00
6.966628,902.7592,617.00
6.966628,902.8090,643.00
6.966628,902.8589,568.00
6.966628,902.9086,678.00
6.966628,902.9584,625.00
6.966628,903.0082,646.00
6.966628,903.0580,627.00
6.966628,903.1077,634.00
6.966628,903.1575,651.00
6.966628,903.2072,618.00
6.966628,903.2570,625.00
6.966628,903.3067,627.00
6.966628,903.3564,617.00
6.966628,903.4062,683.00
6.966628,903.4559,647.00
6.966628,903.5056,640.00
6.966628,903.5553,631.00
6.966628,903.6050,638.00
6.966628,903.6547,583.00
6.966628,903.7045,693.00
6.966628,903.7541,600.00
6.966628,903.8038,659.00
6.966628,903.8535,615.00
6.966628,903.9032,621.00
6.966628,903.9528,628.00
6.966628,904.0025,620.00
6.966628,904.0522,589.00
6.966628,904.1019,641.00
6.966628,904.1515,586.00
6.966628,904.2012,664.00
6.966628,904.2507,594.00
6.966628,904.3004,634.00
6.966628,904.3500,608.00
6.966628,904.3997,615.00
6.966628,904.4493,604.00
6.966628,904.4989,653.00
6.966628,904.5485,591.00
6.966628,904.5980,650.00
6.966628,904.6477,587.00
6.966628,904.6973,622.00
6.966628,904.7469,580.00
6.966628,904.7964,637.00
6.966628,904.8460,609.00
6.966628,904.8956,587.00
6.966628,904.9452,585.00
6.966628,904.9947,650.00
6.966628,905.0443,584.00
6.966628,905.0938,656.00
6.966628,905.1434,627.00
6.966628,905.1929,618.00
6.966628,905.2424,621.00
6.966628,905.2919,638.00
6.966628,905.3414,592.00
6.966628,905.3910,631.00
6.966628,905.4406,591.00
6.966628,905.4901,678.00
6.966628,905.5396,565.00
6.966628,905.5890,634.00
6.966628,905.6385,635.00
6.966628,905.6880,625.00
6.966628,905.7375,633.00
6.966628,905.7870,662.00
6.966628,905.8364,613.00
6.966628,905.8859,625.00
6.966628,905.9354,624.00
6.966628,905.9848,648.00
6.966628,906.0342,667.00
6.966628,906.0837,668.00
6.966628,906.1331,596.00
6.966628,906.1826,642.00
6.966628,906.2321,598.00
6.966628,906.2814,661.00
6.966628,906.3309,606.00
6.966628,906.3802,670.00
6.966628,906.4297,633.00
6.966628,906.4791,645.00
6.966628,906.5285,626.00
6.966628,906.5779,621.00
6.966628,906.6273,601.00
6.966628,906.6766,662.00
6.966628,906.7260,618.00
6.966628,906.7754,687.00
6.966628,906.8248,588.00
6.966628,906.8741,654.00
6.966628,906.9235,635.00
6.966628,906.9729,643.00
6.966628,907.0222,617.00
6.966628,907.0715,650.00
6.966628,907.1208,621.00
6.966628,907.1702,659.00
6.966628,907.2195,579.00
6.966628,907.2688,654.00
6.966628,907.3181,605.00
6.966628,907.3674,610.00
6.966628,907.4167,631.00
6.966628,907.4660,631.00
6.966628,907.5153,571.00
6.966628,907.5646,628.00
6.966628,907.6139,615.00
6.966628,907.6631,675.00
6.966628,907.7125,603.00
6.966628,907.7617,639.00
6.966628,907.8110,608.00
6.966628,907.8602,625.00
6.966628,907.9094,605.00
6.966628,907.9587,635.00
6.966628,908.0080,567.00
6.966628,908.0572,688.00
6.966628,908.1064,588.00
6.966628,908.1556,678.00
6.966628,908.2048,669.00
6.966628,908.2541,641.00
6.966628,908.3033,650.00
6.966628,908.3524,632.00
6.966628,908.4017,569.00
6.966628,908.4508,674.00
6.966628,908.5000,614.00
6.966628,908.5493,633.00
6.966628,908.5984,630.00
6.966628,908.6475,636.00
6.966628,908.6967,591.00
6.966628,908.7459,639.00
6.966628,908.7950,584.00
6.966628,908.8442,643.00
6.966628,908.8932,600.00
6.966628,908.9424,673.00
6.966628,908.9916,593.00
6.966628,909.0407,664.00
6.966628,909.0898,653.00
6.966628,909.1389,646.00
6.966628,909.1880,612.00
6.966628,909.2372,646.00
6.966628,909.2863,582.00
6.966628,909.3354,686.00
6.966628,909.3845,599.00
6.966628,909.4335,654.00
6.966628,909.4825,651.00
6.966628,909.5317,607.00
6.966628,909.5807,613.00
6.966628,909.6298,659.00
6.966628,909.6789,587.00
6.966628,909.7280,657.00
6.966628,909.7770,617.00
6.966628,909.8260,642.00
6.966628,909.8751,619.00
6.966628,909.9241,643.00
6.966628,909.9731,628.00
6.966628,910.0222,646.00
6.966628,910.0711,597.00
6.966628,910.1201,635.00
6.966628,910.1691,563.00
6.966628,910.2181,672.00
6.966628,910.2672,643.00
6.966628,910.3162,644.00
6.966628,910.3651,627.00
6.966628,910.4141,649.00
6.966628,910.4631,630.00
6.966628,910.5120,631.00
6.966628,910.5610,598.00
6.966628,910.6099,647.00
6.966628,910.6589,632.00
6.966628,910.7078,663.00
6.966628,910.7568,635.00
6.966628,910.8057,647.00
6.966628,910.8546,629.00
6.966628,910.9036,666.00
6.966628,910.9525,617.00
6.966628,911.0013,653.00
6.966628,911.0503,625.00
6.966628,911.0992,662.00
6.966628,911.1481,637.00
6.966628,911.1970,668.00
6.966628,911.2459,638.00
6.966628,911.2948,642.00
6.966628,911.3436,623.00
6.966628,911.3925,628.00
6.966628,911.4414,604.00
6.966628,911.4902,669.00
6.966628,911.5391,637.00
6.966628,911.5880,631.00
6.966628,911.6368,624.00
6.966628,911.6857,646.00
6.966628,911.7344,604.00
6.966628,911.7833,658.00
6.966628,911.8321,603.00
6.966628,911.8809,668.00
6.966628,911.9297,617.00
6.966628,911.9785,682.00
6.966628,912.0273,685.00
6.966628,912.0762,623.00
6.966628,912.1249,656.00
6.966628,912.1737,656.00
6.966628,912.2225,611.00
6.966628,912.2712,682.00
6.966628,912.3201,643.00
6.966628,912.3688,680.00
6.966628,912.4176,660.00
6.966628,912.4663,661.00
6.966628,912.5150,605.00
6.966628,912.5638,645.00
6.966628,912.6125,618.00
6.966628,912.6613,668.00
6.966628,912.7100,614.00
6.966628,912.7587,660.00
6.966628,912.8074,668.00
6.966628,912.8561,685.00
6.966628,912.9048,662.00
6.966628,912.9535,683.00
6.966628,913.0023,628.00
6.966628,913.0510,670.00
6.966628,913.0996,626.00
6.966628,913.1483,685.00
6.966628,913.1969,645.00
6.966628,913.2456,682.00
6.966628,913.2943,691.00
6.966628,913.3430,673.00
6.966628,913.3916,636.00
6.966628,913.4402,652.00
6.966628,913.4888,629.00
6.966628,913.5375,713.00
6.966628,913.5862,626.00
6.966628,913.6348,694.00
6.966628,913.6834,688.00
6.966628,913.7320,694.00
6.966628,913.7806,660.00
6.966628,913.8292,665.00
6.966628,913.8778,639.00
6.966628,913.9264,692.00
6.966628,913.9750,617.00
6.966628,914.0236,716.00
6.966628,914.0721,650.00
6.966628,914.1207,695.00
6.966628,914.1693,626.00
6.966628,914.2178,670.00
6.966628,914.2664,664.00
6.966628,914.3149,679.00
6.966628,914.3635,633.00
6.966628,914.4120,675.00
6.966628,914.4606,669.00
6.966628,914.5090,712.00
6.966628,914.5576,695.00
6.966628,914.6061,690.00
6.966628,914.6546,657.00
6.966628,914.7031,688.00
6.966628,914.7516,634.00
6.966628,914.8001,723.00
6.966628,914.8486,669.00
6.966628,914.8971,702.00
6.966628,914.9456,654.00
6.966628,914.9941,703.00
6.966628,915.0425,675.00
6.966628,915.0910,664.00
6.966628,915.1395,653.00
6.966628,915.1879,697.00
6.966628,915.2363,637.00
6.966628,915.2849,723.00
6.966628,915.3333,680.00
6.966628,915.3817,706.00
6.966628,915.4301,676.00
6.966628,915.4785,708.00
6.966628,915.5269,637.00
6.966628,915.5754,650.00
6.966628,915.6237,635.00
6.966628,915.6721,696.00
6.966628,915.7205,658.00
6.966628,915.7689,704.00
6.966628,915.8173,655.00
6.966628,915.8657,713.00
6.966628,915.9141,654.00
6.966628,915.9623,703.00
6.966628,916.0107,654.00
6.966628,916.0591,709.00
6.966628,916.1075,642.00
6.966628,916.1558,697.00
6.966628,916.2042,653.00
6.966628,916.2524,677.00
6.966628,916.3008,662.00
6.966628,916.3491,669.00
6.966628,916.3974,614.00
6.966628,916.4457,680.00
6.966628,916.4940,644.00
6.966628,916.5423,683.00
6.966628,916.5907,664.00
6.966628,916.6390,693.00
6.966628,916.6872,664.00
6.966628,916.7355,666.00
6.966628,916.7838,611.00
6.966628,916.8320,720.00
6.966628,916.8803,648.00
6.966628,916.9286,720.00
6.966628,916.9768,621.00
6.966628,917.0250,683.00
6.966628,917.0733,688.00
6.966628,917.1216,664.00
6.966628,917.1698,658.00
6.966628,917.2180,696.00
6.966628,917.2662,651.00
6.966628,917.3145,704.00
6.966628,917.3626,672.00
6.966628,917.4109,711.00
6.966628,917.4590,636.00
6.966628,917.5072,701.00
6.966628,917.5554,674.00
6.966628,917.6036,694.00
6.966628,917.6518,639.00
6.966628,917.7000,714.00
6.966628,917.7481,636.00
6.966628,917.7963,693.00
6.966628,917.8444,653.00
6.966628,917.8926,703.00
6.966628,917.9407,681.00
6.966628,917.9888,692.00
6.966628,918.0369,634.00
6.966628,918.0851,708.00
6.966628,918.1332,643.00
6.966628,918.1813,730.00
6.966628,918.2294,662.00
6.966628,918.2776,731.00
6.966628,918.3257,668.00
6.966628,918.3737,685.00
6.966628,918.4218,675.00
6.966628,918.4699,707.00
6.966628,918.5180,647.00
6.966628,918.5660,674.00
6.966628,918.6142,662.00
6.966628,918.6622,685.00
6.966628,918.7103,665.00
6.966628,918.7583,699.00
6.966628,918.8064,689.00
6.966628,918.8544,689.00
6.966628,918.9025,660.00
6.966628,918.9505,708.00
6.966628,918.9985,639.00
6.966628,919.0464,746.00
6.966628,919.0945,662.00
6.966628,919.1426,718.00
6.966628,919.1905,708.00
6.966628,919.2385,699.00
6.966628,919.2866,669.00
6.966628,919.3345,683.00
6.966628,919.3825,637.00
6.966628,919.4304,704.00
6.966628,919.4785,663.00
6.966628,919.5264,692.00
6.966628,919.5744,685.00
6.966628,919.6224,706.00
6.966628,919.6703,654.00
6.966628,919.7182,649.00
6.966628,919.7661,648.00
6.966628,919.8141,702.00
6.966628,919.8620,679.00
6.966628,919.9100,719.00
6.966628,919.9578,652.00
6.966628,920.0057,718.00
6.966628,920.0536,657.00
6.966628,920.1016,693.00
6.966628,920.1495,665.00
6.966628,920.1973,706.00
6.966628,920.2452,609.00
6.966628,920.2932,710.00
6.966628,920.3410,676.00
6.966628,920.3888,700.00
6.966628,920.4367,661.00
6.966628,920.4846,686.00
6.966628,920.5323,659.00
6.966628,920.5803,658.00
6.966628,920.6281,626.00
6.966628,920.6759,730.00
6.966628,920.7237,649.00
6.966628,920.7715,695.00
6.966628,920.8195,673.00
6.966628,920.8672,683.00
6.966628,920.9150,641.00
6.966628,920.9628,672.00
6.966628,921.0106,629.00
6.966628,921.0584,710.00
6.966628,921.1062,605.00
6.966628,921.1540,698.00
6.966628,921.2017,644.00
6.966628,921.2495,676.00
6.966628,921.2973,663.00
6.966628,921.3450,664.00
6.966628,921.3928,617.00
6.966628,921.4405,682.00
6.966628,921.4882,616.00
6.966628,921.5359,693.00
6.966628,921.5837,636.00
6.966628,921.6315,668.00
6.966628,921.6791,639.00
6.966628,921.7269,686.00
6.966628,921.7746,616.00
6.966628,921.8223,634.00
6.966628,921.8700,628.00
6.966628,921.9177,693.00
6.966628,921.9653,601.00
6.966628,922.0130,690.00
6.966628,922.0607,657.00
6.966628,922.1084,684.00
6.966628,922.1561,622.00
6.966628,922.2037,668.00
6.966628,922.2513,653.00
6.966628,922.2990,678.00
6.966628,922.3467,618.00
6.966628,922.3943,683.00
6.966628,922.4419,622.00
6.966628,922.4895,694.00
6.966628,922.5371,639.00
6.966628,922.5848,675.00
6.966628,922.6324,653.00
6.966628,922.6800,659.00
6.966628,922.7276,597.00
6.966628,922.7752,681.00
6.966628,922.8228,647.00
6.966628,922.8704,682.00
6.966628,922.9179,633.00
6.966628,922.9655,662.00
6.966628,923.0130,648.00
6.966628,923.0607,717.00
6.966628,923.1082,631.00
6.966628,923.1558,702.00
6.966628,923.2032,619.00
6.966628,923.2508,662.00
6.966628,923.2983,666.00
6.966628,923.3459,691.00
6.966628,923.3934,657.00
6.966628,923.4409,633.00
6.966628,923.4884,603.00
6.966628,923.5359,675.00
6.966628,923.5834,623.00
6.966628,923.6309,682.00
6.966628,923.6784,628.00
6.966628,923.7259,683.00
6.966628,923.7734,621.00
6.966628,923.8209,643.00
6.966628,923.8683,611.00
6.966628,923.9158,656.00
6.966628,923.9632,639.00
6.966628,924.0106,694.00
6.966628,924.0581,609.00
6.966628,924.1056,635.00
6.966628,924.1530,646.00
6.966628,924.2004,665.00
6.966628,924.2479,641.00
6.966628,924.2952,650.00
6.966628,924.3427,587.00
6.966628,924.3901,679.00
6.966628,924.4375,612.00
6.966628,924.4849,700.00
6.966628,924.5323,679.00
6.966628,924.5797,645.00
6.966628,924.6270,637.00
6.966628,924.6744,662.00
6.966628,924.7218,628.00
6.966628,924.7692,703.00
6.966628,924.8165,600.00
6.966628,924.8639,676.00
6.966628,924.9112,627.00
6.966628,924.9585,678.00
6.966628,925.0059,663.00
6.966628,925.0532,646.00
6.966628,925.1005,626.00
6.966628,925.1478,671.00
6.966628,925.1952,615.00
6.966628,925.2424,679.00
6.966628,925.2897,645.00
6.966628,925.3370,687.00
6.966628,925.3843,645.00
6.966628,925.4316,685.00
6.966628,925.4789,613.00
6.966628,925.5262,684.00
6.966628,925.5734,623.00
6.966628,925.6207,694.00
6.966628,925.6680,646.00
6.966628,925.7153,678.00
6.966628,925.7625,642.00
6.966628,925.8097,653.00
6.966628,925.8569,653.00
6.966628,925.9042,663.00
6.966628,925.9514,619.00
6.966628,925.9987,681.00
6.966628,926.0458,616.00
6.966628,926.0930,690.00
6.966628,926.1403,639.00
6.966628,926.1874,695.00
6.966628,926.2346,654.00
6.966628,926.2819,678.00
6.966628,926.3290,637.00
6.966628,926.3762,675.00
6.966628,926.4233,621.00
6.966628,926.4705,695.00
6.966628,926.5177,689.00
6.966628,926.5648,710.00
6.966628,926.6120,693.00
6.966628,926.6591,700.00
6.966628,926.7063,649.00
6.966628,926.7534,694.00
6.966628,926.8005,615.00
6.966628,926.8477,712.00
6.966628,926.8947,644.00
6.966628,926.9418,730.00
6.966628,926.9890,725.00
6.966628,927.0361,711.00
6.966628,927.0831,668.00
6.966628,927.1302,714.00
6.966628,927.1773,653.00
6.966628,927.2244,752.00
6.966628,927.2715,667.00
6.966628,927.3185,730.00
6.966628,927.3656,677.00
6.966628,927.4126,698.00
6.966628,927.4597,748.00
6.966628,927.5067,725.00
6.966628,927.5538,689.00
6.966628,927.6008,724.00
6.966628,927.6478,709.00
6.966628,927.6949,774.00
6.966628,927.7419,712.00
6.966628,927.7888,792.00
6.966628,927.8358,756.00
6.966628,927.8829,742.00
6.966628,927.9299,745.00
6.966628,927.9769,830.00
6.966628,928.0239,766.00
6.966628,928.0708,804.00
6.966628,928.1177,813.00
6.966628,928.1648,924.00
6.966628,928.2117,997.00
6.966628,928.2587,1123.00
6.966628,928.3056,1402.00
6.966628,928.3525,1776.00
6.966628,928.3995,2182.00
6.966628,928.4465,2990.00
6.966628,928.4934,5161.00
6.966628,928.5402,7915.00
6.966628,928.5872,10208.00
6.966628,928.6340,12603.00
6.966628,928.6810,14487.00
6.966628,928.7279,11912.00
6.966628,928.7748,6711.00
6.966628,928.8217,3310.00
6.966628,928.8685,2305.00
6.966628,928.9155,2901.00
6.966628,928.9623,4166.00
6.966628,929.0092,4989.00
6.966628,929.0560,4319.00
6.966628,929.1028,3690.00
6.966628,929.1498,3464.00
6.966628,929.1965,3209.00
6.966628,929.2434,3022.00
6.966628,929.2902,3137.00
6.966628,929.3370,5385.00
6.966628,929.3839,7962.00
6.966628,929.4307,6658.00
6.966628,929.4775,3639.00
6.966628,929.5243,1918.00
6.966628,929.5710,1290.00
6.966628,929.6179,929.00
6.966628,929.6647,829.00
6.966628,929.7115,695.00
6.966628,929.7582,763.00
6.966628,929.8050,715.00
6.966628,929.8517,778.00
6.966628,929.8986,690.00
6.966628,929.9453,737.00
6.966628,929.9921,703.00
6.966628,930.0388,751.00
6.966628,930.0854,689.00
6.966628,930.1323,799.00
6.966628,930.1790,702.00
6.966628,930.2256,749.00
6.966628,930.2724,683.00
6.966628,930.3191,698.00
6.966628,930.3658,663.00
6.966628,930.4125,715.00
6.966628,930.4592,660.00
6.966628,930.5059,729.00
6.966628,930.5526,679.00
6.966628,930.5993,703.00
6.966628,930.6459,705.00
6.966628,930.6926,700.00
6.966628,930.7392,670.00
6.966628,930.7859,725.00
6.966628,930.8325,649.00
6.966628,930.8792,706.00
6.966628,930.9258,682.00
6.966628,930.9725,697.00
6.966628,931.0190,626.00
6.966628,931.0657,690.00
6.966628,931.1123,695.00
6.966628,931.1589,659.00
6.966628,931.2055,670.00
6.966628,931.2521,671.00
6.966628,931.2987,635.00
6.966628,931.3453,667.00
6.966628,931.3919,689.00
6.966628,931.4385,707.00
6.966628,931.4850,689.00
6.966628,931.5316,673.00
6.966628,931.5782,631.00
6.966628,931.6248,668.00
6.966628,931.6713,631.00
6.966628,931.7178,716.00
6.966628,931.7643,666.00
6.966628,931.8109,711.00
6.966628,931.8574,718.00
6.966628,931.9039,699.00
6.966628,931.9504,660.00
6.966628,931.9969,683.00
6.966628,932.0435,627.00
6.966628,932.0900,687.00
6.966628,932.1365,633.00
6.966628,932.1829,682.00
6.966628,932.2294,635.00
6.966628,932.2759,711.00
6.966628,932.3223,639.00
6.966628,932.3688,654.00
6.966628,932.4153,645.00
6.966628,932.4617,699.00
6.966628,932.5082,637.00
6.966628,932.5546,675.00
6.966628,932.6011,643.00
6.966628,932.6475,718.00
6.966628,932.6939,681.00
6.966628,932.7402,704.00
6.966628,932.7867,677.00
6.966628,932.8331,695.00
6.966628,932.8795,637.00
6.966628,932.9259,718.00
6.966628,932.9723,660.00
6.966628,933.0187,678.00
6.966628,933.0651,679.00
6.966628,933.1115,680.00
6.966628,933.1578,665.00
6.966628,933.2042,670.00
6.966628,933.2505,675.00
6.966628,933.2969,697.00
6.966628,933.3433,666.00
6.966628,933.3896,710.00
6.966628,933.4359,661.00
6.966628,933.4822,727.00
6.966628,933.5286,684.00
6.966628,933.5749,685.00
6.966628,933.6212,695.00
6.966628,933.6675,700.00
6.966628,933.7138,677.00
6.966628,933.7601,712.00
6.966628,933.8064,668.00
6.966628,933.8527,705.00
6.966628,933.8989,626.00
6.966628,933.9452,688.00
6.966628,933.9915,688.00
6.966628,934.0378,680.00
6.966628,934.0840,658.00
6.966628,934.1302,747.00
6.966628,934.1765,656.00
6.966628,934.2227,718.00
6.966628,934.2690,692.00
6.966628,934.3152,683.00
6.966628,934.3614,663.00
6.966628,934.4077,678.00
6.966628,934.4539,651.00
6.966628,934.5001,702.00
6.966628,934.5463,641.00
6.966628,934.5925,739.00
6.966628,934.6387,707.00
6.966628,934.6848,695.00
6.966628,934.7310,667.00
6.966628,934.7772,672.00
6.966628,934.8234,647.00
6.966628,934.8695,687.00
6.966628,934.9156,661.00
6.966628,934.9619,715.00
6.966628,935.0080,686.00
6.966628,935.0541,717.00
6.966628,935.1002,697.00
6.966628,935.1464,700.00
6.966628,935.1925,675.00
6.966628,935.2386,711.00
6.966628,935.2847,660.00
6.966628,935.3308,716.00
6.966628,935.3769,658.00
6.966628,935.4230,717.00
6.966628,935.4691,679.00
6.966628,935.5152,706.00
6.966628,935.5613,684.00
6.966628,935.6073,723.00
6.966628,935.6534,654.00
6.966628,935.6995,701.00
6.966628,935.7455,619.00
6.966628,935.7916,724.00
6.966628,935.8376,691.00
6.966628,935.8837,723.00
6.966628,935.9297,654.00
6.966628,935.9757,699.00
6.966628,936.0217,654.00
6.966628,936.0677,675.00
6.966628,936.1137,625.00
6.966628,936.1598,725.00
6.966628,936.2057,645.00
6.966628,936.2518,705.00
6.966628,936.2977,679.00
6.966628,936.3437,688.00
6.966628,936.3896,614.00
6.966628,936.4357,662.00
6.966628,936.4816,604.00
6.966628,936.5275,699.00
6.966628,936.5735,634.00
6.966628,936.6194,703.00
6.966628,936.6654,667.00
6.966628,936.7114,658.00
6.966628,936.7573,627.00
6.966628,936.8032,661.00
6.966628,936.8491,593.00
6.966628,936.8950,647.00
6.966628,936.9409,621.00
6.966628,936.9868,723.00
6.966628,937.0327,626.00
6.966628,937.0786,674.00
6.966628,937.1245,625.00
6.966628,937.1704,648.00
6.966628,937.2162,629.00
6.966628,937.2621,667.00
6.966628,937.3080,597.00
6.966628,937.3539,630.00
6.966628,937.3997,628.00
6.966628,937.4455,674.00
6.966628,937.4913,639.00
6.966628,937.5372,674.00
6.966628,937.5831,619.00
6.966628,937.6289,628.00
6.966628,937.6747,619.00
6.966628,937.7205,695.00
6.966628,937.7663,607.00
6.966628,937.8121,693.00
6.966628,937.8579,612.00
6.966628,937.9037,631.00
6.966628,937.9495,639.00
6.966628,937.9952,665.00
6.966628,938.0410,602.00
6.966628,938.0868,660.00
6.966628,938.1325,593.00
6.966628,938.1783,701.00
6.966628,938.2240,616.00
6.966628,938.2698,661.00
6.966628,938.3155,618.00
6.966628,938.3613,648.00
6.966628,938.4069,632.00
6.966628,938.4527,640.00
6.966628,938.4984,618.00
6.966628,938.5441,681.00
6.966628,938.5898,638.00
6.966628,938.6356,688.00
6.966628,938.6812,646.00
6.966628,938.7269,667.00
6.966628,938.7726,632.00
6.966628,938.8182,665.00
6.966628,938.8640,656.00
6.966628,938.9096,675.00
6.966628,938.9552,625.00
6.966628,939.0010,678.00
6.966628,939.0466,686.00
6.966628,939.0922,676.00
6.966628,939.1378,671.00
6.966628,939.1835,688.00
6.966628,939.2291,603.00
6.966628,939.2747,683.00
6.966628,939.3203,640.00
6.966628,939.3659,711.00
6.966628,939.4115,654.00
6.966628,939.4570,701.00
6.966628,939.5027,701.00
6.966628,939.5483,694.00
6.966628,939.5939,625.00
6.966628,939.6395,701.00
6.966628,939.6851,660.00
6.966628,939.7306,698.00
6.966628,939.7761,671.00
6.966628,939.8217,712.00
6.966628,939.8672,676.00
6.966628,939.9127,660.00
6.966628,939.9583,647.00
6.966628,940.0038,681.00
6.966628,940.0493,670.00
6.966628,940.0948,714.00
6.966628,940.1403,650.00
6.966628,940.1859,749.00
6.966628,940.2314,680.00
6.966628,940.2769,703.00
6.966628,940.3223,663.00
6.966628,940.3678,711.00
6.966628,940.4133,646.00
6.966628,940.4588,694.00
6.966628,940.5042,653.00
6.966628,940.5497,731.00
6.966628,940.5952,655.00
6.966628,940.6406,727.00
6.966628,940.6860,697.00
6.966628,940.7315,716.00
6.966628,940.7769,653.00
6.966628,940.8223,711.00
6.966628,940.8677,657.00
6.966628,940.9132,700.00
6.966628,940.9586,664.00
6.966628,941.0040,738.00
6.966628,941.0494,713.00
6.966628,941.0948,710.00
6.966628,941.1402,692.00
6.966628,941.1855,708.00
6.966628,941.2310,645.00
6.966628,941.2762,726.00
6.966628,941.3216,641.00
6.966628,941.3670,708.00
6.966628,941.4124,646.00
6.966628,941.4577,694.00
6.966628,941.5031,669.00
6.966628,941.5483,698.00
6.966628,941.5937,654.00
6.966628,941.6390,705.00
6.966628,941.6843,657.00
6.966628,941.7296,704.00
6.966628,941.7749,661.00
6.966628,941.8203,689.00
6.966628,941.8655,666.00
6.966628,941.9108,670.00
6.966628,941.9561,660.00
6.966628,942.0013,700.00
6.966628,942.0467,658.00
6.966628,942.0920,721.00
6.966628,942.1372,677.00
6.966628,942.1824,730.00
6.966628,942.2277,664.00
6.966628,942.2729,713.00
6.966628,942.3182,662.00
6.966628,942.3634,702.00
6.966628,942.4086,675.00
6.966628,942.4539,704.00
6.966628,942.4990,642.00
6.966628,942.5443,711.00
6.966628,942.5895,663.00
6.966628,942.6347,695.00
6.966628,942.6798,656.00
6.966628,942.7250,681.00
6.966628,942.7702,659.00
6.966628,942.8154,695.00
6.966628,942.8606,621.00
6.966628,942.9058,728.00
6.966628,942.9508,634.00
6.966628,942.9960,709.00
6.966628,943.0412,667.00
6.966628,943.0864,682.00
6.966628,943.1314,646.00
6.966628,943.1766,719.00
6.966628,943.2217,678.00
6.966628,943.2668,727.00
6.966628,943.3120,647.00
6.966628,943.3571,725.00
6.966628,943.4021,693.00
6.966628,943.4473,713.00
6.966628,943.4923,659.00
6.966628,943.5374,663.00
6.966628,943.5825,672.00
6.966628,943.6276,698.00
6.966628,943.6725,620.00
6.966628,943.7177,705.00
6.966628,943.7627,699.00
6.966628,943.8078,676.00
6.966628,943.8528,671.00
6.966628,943.8978,684.00
6.966628,943.9429,658.00
6.966628,943.9879,703.00
6.966628,944.0330,660.00
6.966628,944.0779,711.00
6.966628,944.1229,660.00
6.966628,944.1679,723.00
6.966628,944.2130,683.00
6.966628,944.2579,702.00
6.966628,944.3029,647.00
6.966628,944.3478,700.00
6.966628,944.3929,621.00
6.966628,944.4379,729.00
6.966628,944.4828,669.00
6.966628,944.5277,753.00
6.966628,944.5727,666.00
6.966628,944.6176,710.00
6.966628,944.6626,676.00
6.966628,944.7076,694.00
6.966628,944.7524,634.00
6.966628,944.7974,703.00
6.966628,944.8423,673.00
6.966628,944.8872,728.00
6.966628,944.9321,693.00
6.966628,944.9770,703.00
6.966628,945.0219,687.00
6.966628,945.0667,718.00
6.966628,945.1116,672.00
6.966628,945.1566,700.00
6.966628,945.2014,655.00
6.966628,945.2463,705.00
6.966628,945.2911,627.00
6.966628,945.3360,748.00
6.966628,945.3808,700.00
6.966628,945.4257,693.00
6.966628,945.4705,670.00
6.966628,945.5153,695.00
6.966628,945.5601,636.00
6.966628,945.6050,748.00
6.966628,945.6498,674.00
6.966628,945.6946,667.00
6.966628,945.7394,663.00
6.966628,945.7842,696.00
6.966628,945.8290,660.00
6.966628,945.8738,709.00
6.966628,945.9186,657.00
6.966628,945.9633,713.00
6.966628,946.0081,632.00
6.966628,946.0529,716.00
6.966628,946.0976,668.00
6.966628,946.1423,696.00
6.966628,946.1871,634.00
6.966628,946.2318,706.00
6.966628,946.2766,600.00
6.966628,946.3213,712.00
6.966628,946.3660,626.00
6.966628,946.4107,673.00
6.966628,946.4554,653.00
6.966628,946.5001,716.00
6.966628,946.5449,690.00
6.966628,946.5895,665.00
6.966628,946.6342,666.00
6.966628,946.6789,680.00
6.966628,946.7236,632.00
6.966628,946.7682,689.00
6.966628,946.8129,668.00
6.966628,946.8575,701.00
6.966628,946.9022,658.00
6.966628,946.9468,686.00
6.966628,946.9915,670.00
6.966628,947.0361,710.00
6.966628,947.0807,662.00
6.966628,947.1253,687.00
6.966628,947.1700,617.00
6.966628,947.2146,693.00
6.966628,947.2592,643.00
6.966628,947.3038,717.00
6.966628,947.3483,675.00
6.966628,947.3929,698.00
6.966628,947.4376,634.00
6.966628,947.4821,669.00
6.966628,947.5267,656.00
6.966628,947.5712,699.00
6.966628,947.6158,661.00
6.966628,947.6604,701.00
6.966628,947.7050,642.00
6.966628,947.7495,664.00
6.966628,947.7939,651.00
6.966628,947.8385,674.00
6.966628,947.8831,604.00
6.966628,947.9276,689.00
6.966628,947.9720,648.00
6.966628,948.0166,667.00
6.966628,948.0611,639.00
6.966628,948.1056,662.00
6.966628,948.1501,608.00
6.966628,948.1945,692.00
6.966628,948.2390,623.00
6.966628,948.2835,667.00
6.966628,948.3279,605.00
6.966628,948.3724,662.00
6.966628,948.4169,648.00
6.966628,948.4613,701.00
6.966628,948.5057,657.00
6.966628,948.5502,650.00
6.966628,948.5947,611.00
6.966628,948.6391,714.00
6.966628,948.6835,638.00
6.966628,948.7279,698.00
6.966628,948.7723,649.00
6.966628,948.8167,683.00
6.966628,948.8611,659.00
6.966628,948.9055,641.00
6.966628,948.9498,637.00
6.966628,948.9943,656.00
6.966628,949.0387,637.00
6.966628,949.0830,689.00
6.966628,949.1273,656.00
6.966628,949.1718,672.00
6.966628,949.2161,658.00
6.966628,949.2604,672.00
6.966628,949.3047,626.00
6.966628,949.3491,674.00
6.966628,949.3934,624.00
6.966628,949.4377,683.00
6.966628,949.4821,616.00
6.966628,949.5264,705.00
6.966628,949.5707,633.00
6.966628,949.6150,664.00
6.966628,949.6592,635.00
6.966628,949.7036,658.00
6.966628,949.7479,616.00
6.966628,949.7921,710.00
6.966628,949.8363,646.00
6.966628,949.8806,707.00
6.966628,949.9249,649.00
6.966628,949.9692,692.00
6.966628,950.0134,643.00
6.966628,950.0576,679.00
6.966628,950.1019,663.00
6.966628,950.1461,690.00
6.966628,950.1903,636.00
6.966628,950.2346,691.00
6.966628,950.2787,641.00
6.966628,950.3229,695.00
6.966628,950.3671,643.00
6.966628,950.4114,678.00
6.966628,950.4555,673.00
6.966628,950.4997,702.00
6.966628,950.5439,677.00
6.966628,950.5880,711.00
6.966628,950.6322,605.00
6.966628,950.6763,676.00
6.966628,950.7205,655.00
6.966628,950.7646,670.00
6.966628,950.8088,631.00
6.966628,950.8530,672.00
6.966628,950.8971,684.00
6.966628,950.9412,677.00
6.966628,950.9853,623.00
6.966628,951.0294,697.00
6.966628,951.0735,636.00
6.966628,951.1177,722.00
6.966628,951.1617,676.00
6.966628,951.2057,679.00
6.966628,951.2499,664.00
6.966628,951.2939,688.00
6.966628,951.3380,635.00
6.966628,951.3821,668.00
6.966628,951.4261,621.00
6.966628,951.4702,702.00
6.966628,951.5142,688.00
6.966628,951.5582,693.00
6.966628,951.6024,656.00
6.966628,951.6464,682.00
6.966628,951.6904,643.00
6.966628,951.7344,700.00
6.966628,951.7784,600.00
6.966628,951.8224,716.00
6.966628,951.8665,629.00
6.966628,951.9104,693.00
6.966628,951.9544,644.00
6.966628,951.9984,666.00
6.966628,952.0424,670.00
6.966628,952.0864,686.00
6.966628,952.1303,634.00
6.966628,952.1743,720.00
6.966628,952.2183,673.00
6.966628,952.2621,707.00
6.966628,952.3061,679.00
6.966628,952.3500,703.00
6.966628,952.3940,666.00
6.966628,952.4379,686.00
6.966628,952.4818,607.00
6.966628,952.5258,727.00
6.966628,952.5696,653.00
6.966628,952.6136,721.00
6.966628,952.6574,665.00
6.966628,952.7014,695.00
6.966628,952.7452,629.00
6.966628,952.7891,672.00
6.966628,952.8330,638.00
6.966628,952.8768,686.00
6.966628,952.9207,655.00
6.966628,952.9645,732.00
6.966628,953.0084,632.00
6.966628,953.0522,669.00
6.966628,953.0961,675.00
6.966628,953.1400,669.00
6.966628,953.1838,664.00
6.966628,953.2275,682.00
6.966628,953.2714,620.00
6.966628,953.3152,717.00
6.966628,953.3589,658.00
6.966628,953.4028,694.00
6.966628,953.4466,679.00
6.966628,953.4904,674.00
6.966628,953.5341,652.00
6.966628,953.5779,653.00
6.966628,953.6217,609.00
6.966628,953.6654,661.00
6.966628,953.7092,623.00
6.966628,953.7529,710.00
6.966628,953.7967,622.00
6.966628,953.8405,672.00
6.966628,953.8842,644.00
6.966628,953.9279,645.00
6.966628,953.9716,637.00
6.966628,954.0153,665.00
6.966628,954.0590,620.00
6.966628,954.1027,658.00
6.966628,954.1464,654.00
6.966628,954.1901,666.00
6.966628,954.2338,642.00
6.966628,954.2774,662.00
6.966628,954.3212,627.00
6.966628,954.3648,665.00
6.966628,954.4084,609.00
6.966628,954.4521,667.00
6.966628,954.4958,673.00
6.966628,954.5394,653.00
6.966628,954.5831,644.00
6.966628,954.6267,646.00
6.966628,954.6703,649.00
6.966628,954.7139,648.00
6.966628,954.7576,600.00
6.966628,954.8012,692.00
6.966628,954.8448,605.00
6.966628,954.8884,664.00
6.966628,954.9319,614.00
6.966628,954.9755,694.00
6.966628,955.0191,638.00
6.966628,955.0627,636.00
6.966628,955.1063,572.00
6.966628,955.1498,633.00
6.966628,955.1934,595.00
6.966628,955.2369,655.00
6.966628,955.2805,594.00
6.966628,955.3240,660.00
6.966628,955.3675,648.00
6.966628,955.4111,643.00
6.966628,955.4546,603.00
6.966628,955.4981,647.00
6.966628,955.5416,592.00
6.966628,955.5851,668.00
6.966628,955.6285,603.00
6.966628,955.6722,691.00
6.966628,955.7156,633.00
6.966628,955.7590,650.00
6.966628,955.8025,654.00
6.966628,955.8460,679.00
6.966628,955.8895,605.00
6.966628,955.9329,656.00
6.966628,955.9764,641.00
6.966628,956.0198,685.00
6.966628,956.0632,649.00
6.966628,956.1067,696.00
6.966628,956.1501,644.00
6.966628,956.1935,660.00
6.966628,956.2369,624.00
6.966628,956.2803,636.00
6.966628,956.3238,584.00
6.966628,956.3671,706.00
6.966628,956.4105,652.00
6.966628,956.4539,660.00
6.966628,956.4973,644.00
6.966628,956.5406,600.00
6.966628,956.5841,639.00
6.966628,956.6274,660.00
6.966628,956.6707,610.00
6.966628,956.7141,726.00
6.966628,956.7575,622.00
6.966628,956.8008,685.00
6.966628,956.8442,644.00
6.966628,956.8875,669.00
6.966628,956.9308,637.00
6.966628,956.9741,643.00
6.966628,957.0174,642.00
6.966628,957.0607,682.00
6.966628,957.1040,618.00
6.966628,957.1473,674.00
6.966628,957.1906,627.00
6.966628,957.2339,691.00
6.966628,957.2772,663.00
6.966628,957.3204,677.00
6.966628,957.3636,639.00
6.966628,957.4069,675.00
6.966628,957.4502,617.00
6.966628,957.4934,687.00
6.966628,957.5366,632.00
6.966628,957.5799,647.00
6.966628,957.6230,633.00
6.966628,957.6664,666.00
6.966628,957.7095,637.00
6.966628,957.7527,704.00
6.966628,957.7959,621.00
6.966628,957.8392,688.00
6.966628,957.8823,631.00
6.966628,957.9255,728.00
6.966628,957.9687,656.00
6.966628,958.0118,656.00
6.966628,958.0551,642.00
6.966628,958.0983,703.00
6.966628,958.1414,614.00
6.966628,958.1845,674.00
6.966628,958.2277,666.00
6.966628,958.2708,725.00
6.966628,958.3139,655.00
6.966628,958.3571,695.00
6.966628,958.4001,683.00
6.966628,958.4432,667.00
6.966628,958.4864,644.00
6.966628,958.5295,677.00
6.966628,958.5726,669.00
6.966628,958.6157,709.00
6.966628,958.6588,653.00
6.966628,958.7018,698.00
6.966628,958.7449,652.00
6.966628,958.7879,686.00
6.966628,958.8311,664.00
6.966628,958.8741,722.00
6.966628,958.9171,615.00
6.966628,958.9601,704.00
6.966628,959.0032,653.00
6.966628,959.0463,736.00
6.966628,959.0893,681.00
6.966628,959.1323,679.00
6.966628,959.1752,670.00
6.966628,959.2183,676.00
6.966628,959.2613,658.00
6.966628,959.3043,690.00
6.966628,959.3472,645.00
6.966628,959.3903,679.00
6.966628,959.4332,652.00
6.966628,959.4763,685.00
6.966628,959.5192,645.00
6.966628,959.5621,646.00
6.966628,959.6051,639.00
6.966628,959.6480,688.00
6.966628,959.6910,590.00
6.966628,959.7339,684.00
6.966628,959.7768,633.00
6.966628,959.8198,649.00
6.966628,959.8627,614.00
6.966628,959.9056,651.00
6.966628,959.9485,652.00
6.966628,959.9915,648.00
6.966628,960.0343,582.00
6.966628,960.0771,673.00
6.966628,960.1201,609.00
6.966628,960.1630,678.00
6.966628,960.2058,630.00
6.966628,960.2487,639.00
6.966628,960.2915,634.00
6.966628,960.3344,634.00
6.966628,960.3773,573.00
6.966628,960.4200,671.00
6.966628,960.4629,597.00
6.966628,960.5057,701.00
6.966628,960.5485,613.00
6.966628,960.5914,646.00
6.966628,960.6342,639.00
6.966628,960.6770,612.00
6.966628,960.7198,634.00
6.966628,960.7626,648.00
6.966628,960.8054,589.00
6.966628,960.8481,661.00
6.966628,960.8909,626.00
6.966628,960.9337,657.00
6.966628,960.9764,634.00
6.966628,961.0192,662.00
6.966628,961.0620,618.00
6.966628,961.1047,615.00
6.966628,961.1475,628.00
6.966628,961.1902,685.00
6.966628,961.2329,619.00
6.966628,961.2757,639.00
6.966628,961.3184,649.00
6.966628,961.3611,634.00
6.966628,961.4037,604.00
6.966628,961.4465,643.00
6.966628,961.4892,585.00
6.966628,961.5319,652.00
6.966628,961.5745,585.00
6.966628,961.6172,670.00
6.966628,961.6599,631.00
6.966628,961.7026,688.00
6.966628,961.7452,646.00
6.966628,961.7878,648.00
6.966628,961.8304,645.00
6.966628,961.8731,659.00
6.966628,961.9157,628.00
6.966628,961.9584,647.00
6.966628,962.0010,624.00
6.966628,962.0436,658.00
6.966628,962.0862,657.00
6.966628,962.1288,652.00
6.966628,962.1714,599.00
6.966628,962.2140,636.00
6.966628,962.2565,595.00
6.966628,962.2991,658.00
6.966628,962.3417,596.00
6.966628,962.3843,653.00
6.966628,962.4268,648.00
6.966628,962.4694,647.00
6.966628,962.5119,645.00
6.966628,962.5545,684.00
6.966628,962.5970,616.00
6.966628,962.6396,654.00
6.966628,962.6821,603.00
6.966628,962.7246,720.00
6.966628,962.7671,646.00
6.966628,962.8096,682.00
6.966628,962.8522,635.00
6.966628,962.8947,629.00
6.966628,962.9371,604.00
6.966628,962.9796,669.00
6.966628,963.0222,625.00
6.966628,963.0646,671.00
6.966628,963.1070,622.00
6.966628,963.1495,654.00
6.966628,963.1919,628.00
6.966628,963.2344,642.00
6.966628,963.2768,603.00
6.966628,963.3193,681.00
6.966628,963.3616,601.00
6.966628,963.4041,680.00
6.966628,963.4465,583.00
6.966628,963.4889,679.00
6.966628,963.5314,644.00
6.966628,963.5737,660.00
6.966628,963.6161,620.00
6.966628,963.6585,631.00
6.966628,963.7009,579.00
6.966628,963.7433,634.00
6.966628,963.7856,620.00
6.966628,963.8280,700.00
6.966628,963.8704,613.00
6.966628,963.9127,661.00
6.966628,963.9551,635.00
6.966628,963.9974,624.00
6.966628,964.0397,628.00
6.966628,964.0820,696.00
6.966628,964.1244,596.00
6.966628,964.1667,667.00
6.966628,964.2090,630.00
6.966628,964.2513,674.00
6.966628,964.2936,624.00
6.966628,964.3359,672.00
6.966628,964.3782,625.00
6.966628,964.4205,661.00
6.966628,964.4627,587.00
6.966628,964.5050,696.00
6.966628,964.5472,620.00
6.966628,964.5895,700.00
6.966628,964.6317,656.00
6.966628,964.6740,681.00
6.966628,964.7162,652.00
6.966628,964.7585,636.00
6.966628,964.8007,592.00
6.966628,964.8429,618.00
6.966628,964.8851,604.00
6.966628,964.9273,674.00
6.966628,964.9695,578.00
6.966628,965.0118,656.00
6.966628,965.0539,619.00
6.966628,965.0961,648.00
6.966628,965.1382,665.00
6.966628,965.1805,681.00
6.966628,965.2226,608.00
6.966628,965.2648,653.00
6.966628,965.3069,612.00
6.966628,965.3491,658.00
6.966628,965.3912,600.00
6.966628,965.4333,662.00
6.966628,965.4755,646.00
6.966628,965.5176,652.00
6.966628,965.5598,595.00
6.966628,965.6019,678.00
6.966628,965.6439,611.00
6.966628,965.6861,639.00
6.966628,965.7281,606.00
6.966628,965.7702,625.00
6.966628,965.8123,579.00
6.966628,965.8543,645.00
6.966628,965.8964,587.00
6.966628,965.9385,639.00
6.966628,965.9806,598.00
6.966628,966.0226,645.00
6.966628,966.0647,578.00
6.966628,966.1068,609.00
6.966628,966.1487,623.00
6.966628,966.1907,619.00
6.966628,966.2328,614.00
6.966628,966.2748,621.00
6.966628,966.3168,626.00
6.966628,966.3588,657.00
6.966628,966.4008,595.00
6.966628,966.4427,623.00
6.966628,966.4848,602.00
6.966628,966.5268,619.00
6.966628,966.5688,600.00
6.966628,966.6107,659.00
6.966628,966.6526,583.00
6.966628,966.6946,653.00
6.966628,966.7366,567.00
6.966628,966.7785,664.00
6.966628,966.8204,637.00
6.966628,966.8624,627.00
6.966628,966.9042,660.00
6.966628,966.9462,617.00
6.966628,966.9881,598.00
6.966628,967.0300,672.00
6.966628,967.0719,585.00
6.966628,967.1138,678.00
6.966628,967.1556,624.00
6.966628,967.1976,681.00
6.966628,967.2394,610.00
6.966628,967.2813,620.00
6.966628,967.3232,609.00
6.966628,967.3651,654.00
6.966628,967.4070,576.00
6.966628,967.4488,651.00
6.966628,967.4906,592.00
6.966628,967.5324,666.00
6.966628,967.5743,667.00
6.966628,967.6161,642.00
6.966628,967.6579,627.00
6.966628,967.6997,656.00
6.966628,967.7415,635.00
6.966628,967.7833,659.00
6.966628,967.8251,599.00
6.966628,967.8669,683.00
6.966628,967.9087,646.00
6.966628,967.9504,623.00
6.966628,967.9922,655.00
6.966628,968.0339,659.00
6.966628,968.0757,595.00
6.966628,968.1174,651.00
6.966628,968.1592,595.00
6.966628,968.2009,651.00
6.966628,968.2427,611.00
6.966628,968.2844,663.00
6.966628,968.3262,655.00
6.966628,968.3679,625.00
6.966628,968.4095,629.00
6.966628,968.4512,645.00
6.966628,968.4930,603.00
6.966628,968.5347,689.00
6.966628,968.5763,670.00
6.966628,968.6180,668.00
6.966628,968.6597,594.00
6.966628,968.7014,639.00
6.966628,968.7430,596.00
6.966628,968.7846,651.00
6.966628,968.8263,618.00
6.966628,968.8679,663.00
6.966628,968.9095,603.00
6.966628,968.9512,698.00
6.966628,968.9928,643.00
6.966628,969.0344,643.00
6.966628,969.0761,635.00
6.966628,969.1177,631.00
6.966628,969.1592,615.00
6.966628,969.2009,631.00
6.966628,969.2424,583.00
6.966628,969.2839,649.00
6.966628,969.3255,593.00
6.966628,969.3672,649.00
6.966628,969.4087,601.00
6.966628,969.4503,659.00
6.966628,969.4918,576.00
6.966628,969.5333,616.00
6.966628,969.5749,604.00
6.966628,969.6165,642.00
6.966628,969.6580,595.00
6.966628,969.6995,650.00
6.966628,969.7410,630.00
6.966628,969.7825,640.00
6.966628,969.8240,635.00
6.966628,969.8655,627.00
6.966628,969.9070,583.00
6.966628,969.9484,695.00
6.966628,969.9899,602.00
6.966628,970.0314,635.00
6.966628,970.0728,607.00
6.966628,970.1143,655.00
6.966628,970.1558,647.00
6.966628,970.1971,665.00
6.966628,970.2386,581.00
6.966628,970.2801,629.00
6.966628,970.3215,603.00
6.966628,970.3629,653.00
6.966628,970.4044,602.00
6.966628,970.4457,654.00
6.966628,970.4872,632.00
6.966628,970.5286,617.00
6.966628,970.5699,608.00
6.966628,970.6113,637.00
6.966628,970.6527,619.00
6.966628,970.6941,624.00
6.966628,970.7354,590.00
6.966628,970.7768,622.00
6.966628,970.8182,612.00
6.966628,970.8595,651.00
6.966628,970.9009,602.00
6.966628,970.9422,607.00
6.966628,970.9835,575.00
6.966628,971.0248,666.00
6.966628,971.0662,559.00
6.966628,971.1075,629.00
6.966628,971.1487,593.00
6.966628,971.1901,593.00
6.966628,971.2314,645.00
6.966628,971.2727,615.00
6.966628,971.3140,584.00
6.966628,971.3552,618.00
6.966628,971.3965,566.00
6.966628,971.4377,660.00
6.966628,971.4789,621.00
6.966628,971.5203,638.00
6.966628,971.5615,637.00
6.966628,971.6027,611.00
6.966628,971.6439,584.00
6.966628,971.6852,638.00
6.966628,971.7264,579.00
6.966628,971.7676,634.00
6.966628,971.8088,579.00
6.966628,971.8500,620.00
6.966628,971.8912,611.00
6.966628,971.9324,619.00
6.966628,971.9736,619.00
6.966628,972.0148,637.00
6.966628,972.0560,612.00
6.966628,972.0972,645.00
6.966628,972.1384,583.00
6.966628,972.1794,665.00
6.966628,972.2206,586.00
6.966628,972.2617,596.00
6.966628,972.3029,602.00
6.966628,972.3439,611.00
6.966628,972.3851,576.00
6.966628,972.4262,583.00
6.966628,972.4673,518.00
6.966628,972.5085,641.00
6.966628,972.5496,585.00
6.966628,972.5907,624.00
6.966628,972.6317,571.00
6.966628,972.6729,597.00
6.966628,972.7139,558.00
6.966628,972.7549,608.00
6.966628,972.7961,558.00
6.966628,972.8371,619.00
6.966628,972.8781,572.00
6.966628,972.9191,657.00
6.966628,972.9602,600.00
6.966628,973.0013,621.00
6.966628,973.0423,593.00
6.966628,973.0833,606.00
6.966628,973.1243,576.00
6.966628,973.1653,584.00
6.966628,973.2064,548.00
6.966628,973.2473,630.00
6.966628,973.2883,587.00
6.966628,973.3293,626.00
6.966628,973.3703,582.00
6.966628,973.4113,622.00
6.966628,973.4522,589.00
6.966628,973.4931,629.00
6.966628,973.5341,569.00
6.966628,973.5750,643.00
6.966628,973.6160,593.00
6.966628,973.6570,640.00
6.966628,973.6978,600.00
6.966628,973.7388,626.00
6.966628,973.7797,587.00
6.966628,973.8206,616.00
6.966628,973.8615,564.00
6.966628,973.9024,614.00
6.966628,973.9433,583.00
6.966628,973.9842,661.00
6.966628,974.0250,594.00
6.966628,974.0660,630.00
6.966628,974.1068,601.00
6.966628,974.1476,637.00
6.966628,974.1885,592.00
6.966628,974.2294,649.00
6.966628,974.2702,595.00
6.966628,974.3110,666.00
6.966628,974.3519,604.00
6.966628,974.3927,640.00
6.966628,974.4335,624.00
6.966628,974.4743,617.00
6.966628,974.5151,611.00
6.966628,974.5559,630.00
6.966628,974.5967,572.00
6.966628,974.6375,692.00
6.966628,974.6783,596.00
6.966628,974.7191,647.00
6.966628,974.7598,621.00
6.966628,974.8006,686.00
6.966628,974.8413,628.00
6.966628,974.8821,610.00
6.966628,974.9229,627.00
6.966628,974.9636,666.00
6.966628,975.0043,619.00
6.966628,975.0450,660.00
6.966628,975.0858,613.00
6.966628,975.1265,655.00
6.966628,975.1672,613.00
6.966628,975.2079,641.00
6.966628,975.2485,598.00
6.966628,975.2892,656.00
6.966628,975.3300,621.00
6.966628,975.3706,662.00
6.966628,975.4113,640.00
6.966628,975.4519,689.00
6.966628,975.4926,634.00
6.966628,975.5333,644.00
6.966628,975.5739,609.00
6.966628,975.6146,656.00
6.966628,975.6552,598.00
6.966628,975.6958,637.00
6.966628,975.7363,584.00
6.966628,975.7770,652.00
6.966628,975.8176,622.00
6.966628,975.8582,677.00
6.966628,975.8989,622.00
6.966628,975.9395,628.00
6.966628,975.9800,616.00
6.966628,976.0206,671.00
6.966628,976.0611,610.00
6.966628,976.1017,675.00
6.966628,976.1423,618.00
6.966628,976.1829,642.00
6.966628,976.2234,631.00
6.966628,976.2639,639.00
6.966628,976.3044,603.00
6.966628,976.3450,643.00
6.966628,976.3855,587.00
6.966628,976.4260,659.00
6.966628,976.4665,659.00
6.966628,976.5070,657.00
6.966628,976.5475,613.00
6.966628,976.5880,643.00
6.966628,976.6285,571.00
6.966628,976.6690,657.00
6.966628,976.7095,572.00
6.966628,976.7500,670.00
6.966628,976.7905,585.00
6.966628,976.8308,661.00
6.966628,976.8713,658.00
6.966628,976.9117,626.00
6.966628,976.9521,609.00
6.966628,976.9926,644.00
6.966628,977.0330,610.00
6.966628,977.0734,655.00
6.966628,977.1139,619.00
6.966628,977.1542,658.00
6.966628,977.1947,622.00
6.966628,977.2350,659.00
6.966628,977.2755,623.00
6.966628,977.3158,619.00
6.966628,977.3562,595.00
6.966628,977.3965,677.00
6.966628,977.4370,589.00
6.966628,977.4773,659.00
6.966628,977.5176,605.00
6.966628,977.5579,615.00
6.966628,977.5983,584.00
6.966628,977.6387,626.00
6.966628,977.6790,595.00
6.966628,977.7192,630.00
6.966628,977.7595,591.00
6.966628,977.7999,656.00
6.966628,977.8402,603.00
6.966628,977.8805,625.00
6.966628,977.9208,583.00
6.966628,977.9610,601.00
6.966628,978.0013,592.00
6.966628,978.0417,607.00
6.966628,978.0819,574.00
6.966628,978.1221,639.00
6.966628,978.1624,562.00
6.966628,978.2026,610.00
6.966628,978.2428,551.00
6.966628,978.2831,613.00
6.966628,978.3233,601.00
6.966628,978.3635,575.00
6.966628,978.4037,547.00
6.966628,978.4440,605.00
6.966628,978.4842,544.00
6.966628,978.5244,576.00
6.966628,978.5645,587.00
6.966628,978.6047,597.00
6.966628,978.6449,542.00
6.966628,978.6851,600.00
6.966628,978.7253,526.00
6.966628,978.7654,621.00
6.966628,978.8055,560.00
6.966628,978.8458,581.00
6.966628,978.8859,550.00
6.966628,978.9260,611.00
6.966628,978.9661,556.00
6.966628,979.0062,588.00
6.966628,979.0463,546.00
6.966628,979.0864,591.00
6.966628,979.1266,527.00
6.966628,979.1666,608.00
6.966628,979.2067,568.00
6.966628,979.2469,599.00
6.966628,979.2869,601.00
6.966628,979.3270,599.00
6.966628,979.3671,600.00
6.966628,979.4071,616.00
6.966628,979.4471,565.00
6.966628,979.4871,594.00
6.966628,979.5272,533.00
6.966628,979.5673,620.00
6.966628,979.6072,600.00
6.966628,979.6473,584.00
6.966628,979.6873,575.00
6.966628,979.7273,600.00
6.966628,979.7673,564.00
6.966628,979.8073,588.00
6.966628,979.8473,558.00
6.966628,979.8873,609.00
6.966628,979.9273,558.00
6.966628,979.9673,624.00
6.966628,980.0072,588.00
6.966628,980.0471,585.00
6.966628,980.0872,568.00
6.966628,980.1271,571.00
6.966628,980.1671,562.00
6.966628,980.2069,612.00
6.966628,980.2469,548.00
6.966628,980.2868,650.00
6.966628,980.3267,557.00
6.966628,980.3666,649.00
6.966628,980.4065,618.00
6.966628,980.4464,618.00
6.966628,980.4863,565.00
6.966628,980.5262,614.00
6.966628,980.5660,548.00
6.966628,980.6060,643.00
6.966628,980.6458,579.00
6.966628,980.6857,612.00
6.966628,980.7255,593.00
6.966628,980.7654,586.00
6.966628,980.8052,577.00
6.966628,980.8450,605.00
6.966628,980.8849,550.00
6.966628,980.9247,612.00
6.966628,980.9645,567.00
6.966628,981.0043,628.00
6.966628,981.0441,600.00
6.966628,981.0839,591.00
6.966628,981.1237,588.00
6.966628,981.1635,591.00
6.966628,981.2033,526.00
6.966628,981.2430,646.00
6.966628,981.2828,543.00
6.966628,981.3226,640.00
6.966628,981.3624,579.00
6.966628,981.4021,611.00
6.966628,981.4418,573.00
6.966628,981.4816,605.00
6.966628,981.5213,550.00
6.966628,981.5610,619.00
6.966628,981.6008,561.00
6.966628,981.6404,614.00
6.966628,981.6802,578.00
6.966628,981.7198,611.00
6.966628,981.7596,571.00
6.966628,981.7993,594.00
6.966628,981.8389,561.00
6.966628,981.8786,577.00
6.966628,981.9182,527.00
6.966628,981.9579,603.00
6.966628,981.9976,567.00
6.966628,982.0372,624.00
6.966628,982.0768,554.00
6.966628,982.1165,589.00
6.966628,982.1561,555.00
6.966628,982.1958,565.00
6.966628,982.2354,514.00
6.966628,982.2750,611.00
6.966628,982.3146,546.00
6.966628,982.3541,609.00
6.966628,982.3937,546.00
6.966628,982.4333,573.00
6.966628,982.4730,559.00
6.966628,982.5125,587.00
6.966628,982.5521,538.00
6.966628,982.5917,605.00
6.966628,982.6312,538.00
6.966628,982.6707,615.00
6.966628,982.7103,565.00
6.966628,982.7498,605.00
6.966628,982.7893,566.00
6.966628,982.8289,573.00
6.966628,982.8683,525.00
6.966628,982.9079,564.00
6.966628,982.9474,534.00
6.966628,982.9869,605.00
6.966628,983.0264,520.00
6.966628,983.0659,584.00
6.966628,983.1053,560.00
6.966628,983.1448,579.00
6.966628,983.1843,564.00
6.966628,983.2238,600.00
6.966628,983.2632,534.00
6.966628,983.3027,592.00
6.966628,983.3420,561.00
6.966628,983.3816,574.00
6.966628,983.4210,556.00
6.966628,983.4604,593.00
6.966628,983.4998,550.00
6.966628,983.5392,554.00
6.966628,983.5786,527.00
6.966628,983.6180,544.00
6.966628,983.6574,518.00
6.966628,983.6968,583.00
6.966628,983.7361,571.00
6.966628,983.7755,597.00
6.966628,983.8149,532.00
6.966628,983.8543,559.00
6.966628,983.8936,543.00
6.966628,983.9329,569.00
6.966628,983.9723,510.00
6.966628,984.0116,608.00
6.966628,984.0510,563.00
6.966628,984.0903,599.00
6.966628,984.1296,582.00
6.966628,984.1689,591.00
6.966628,984.2083,574.00
6.966628,984.2476,555.00
6.966628,984.2868,539.00
6.966628,984.3261,583.00
6.966628,984.3654,515.00
6.966628,984.4046,585.00
6.966628,984.4440,529.00
6.966628,984.4832,577.00
6.966628,984.5225,555.00
6.966628,984.5616,555.00
6.966628,984.6010,512.00
6.966628,984.6402,568.00
6.966628,984.6794,536.00
6.966628,984.7186,623.00
6.966628,984.7578,553.00
6.966628,984.7970,602.00
6.966628,984.8362,558.00
6.966628,984.8755,548.00
6.966628,984.9146,565.00
6.966628,984.9538,566.00
6.966628,984.9930,533.00
6.966628,985.0322,607.00
6.966628,985.0714,550.00
6.966628,985.1105,558.00
6.966628,985.1497,539.00
6.966628,985.1888,562.00
6.966628,985.2279,559.00
6.966628,985.2671,557.00
6.966628,985.3062,541.00
6.966628,985.3453,565.00
6.966628,985.3845,537.00
6.966628,985.4236,577.00
6.966628,985.4626,550.00
6.966628,985.5017,600.00
6.966628,985.5408,576.00
6.966628,985.5799,592.00
6.966628,985.6190,526.00
6.966628,985.6581,577.00
6.966628,985.6971,506.00
6.966628,985.7362,590.00
6.966628,985.7752,528.00
6.966628,985.8143,591.00
6.966628,985.8533,546.00
6.966628,985.8924,573.00
6.966628,985.9314,527.00
6.966628,985.9704,568.00
6.966628,986.0094,523.00
6.966628,986.0484,587.00
6.966628,986.0875,518.00
6.966628,986.1265,617.00
6.966628,986.1655,540.00
6.966628,986.2044,565.00
6.966628,986.2434,535.00
6.966628,986.2823,567.00
6.966628,986.3214,532.00
6.966628,986.3603,554.00
6.966628,986.3992,462.00
6.966628,986.4382,565.00
6.966628,986.4771,525.00
6.966628,986.5161,610.00
6.966628,986.5550,597.00
6.966628,986.5939,583.00
6.966628,986.6329,538.00
6.966628,986.6718,566.00
6.966628,986.7106,503.00
6.966628,986.7495,590.00
6.966628,986.7884,547.00
6.966628,986.8273,577.00
6.966628,986.8661,541.00
6.966628,986.9050,559.00
6.966628,986.9438,525.00
6.966628,986.9828,549.00
6.966628,987.0216,512.00
6.966628,987.0605,596.00
6.966628,987.0993,501.00
6.966628,987.1381,576.00
6.966628,987.1769,542.00
6.966628,987.2158,546.00
6.966628,987.2546,534.00
6.966628,987.2934,566.00
6.966628,987.3322,504.00
6.966628,987.3710,567.00
6.966628,987.4097,475.00
6.966628,987.4486,565.00
6.966628,987.4873,503.00
6.966628,987.5261,556.00
6.966628,987.5649,531.00
6.966628,987.6036,539.00
6.966628,987.6423,506.00
6.966628,987.6812,537.00
6.966628,987.7198,480.00
6.966628,987.7586,583.00
6.966628,987.7972,543.00
6.966628,987.8361,563.00
6.966628,987.8748,532.00
6.966628,987.9135,574.00
6.966628,987.9521,523.00
6.966628,987.9908,567.00
6.966628,988.0295,509.00
6.966628,988.0681,572.00
6.966628,988.1069,505.00
6.966628,988.1456,599.00
6.966628,988.1842,553.00
6.966628,988.2228,546.00
6.966628,988.2615,522.00
6.966628,988.3002,566.00
6.966628,988.3388,455.00
6.966628,988.3774,544.00
6.966628,988.4160,493.00
6.966628,988.4546,567.00
6.966628,988.4933,585.00
6.966628,988.5319,541.00
6.966628,988.5704,528.00
6.966628,988.6090,486.00
6.966628,988.6476,501.00
6.966628,988.6862,560.00
6.966628,988.7248,508.00
6.966628,988.7634,594.00
6.966628,988.8019,511.00
6.966628,988.8405,556.00
6.966628,988.8790,544.00
6.966628,988.9176,564.00
6.966628,988.9561,505.00
6.966628,988.9946,533.00
6.966628,989.0332,498.00
6.966628,989.0717,552.00
6.966628,989.1102,514.00
6.966628,989.1487,544.00
6.966628,989.1871,510.00
6.966628,989.2256,581.00
6.966628,989.2641,516.00
6.966628,989.3027,535.00
6.966628,989.3411,518.00
6.966628,989.3795,567.00
6.966628,989.4180,492.00
6.966628,989.4565,564.00
6.966628,989.4949,499.00
6.966628,989.5334,551.00
6.966628,989.5718,541.00
6.966628,989.6102,516.00
6.966628,989.6486,524.00
6.966628,989.6871,563.00
6.966628,989.7255,509.00
6.966628,989.7639,560.00
6.966628,989.8022,518.00
6.966628,989.8407,566.00
6.966628,989.8791,545.00
6.966628,989.9174,538.00
6.966628,989.9558,512.00
6.966628,989.9941,557.00
6.966628,990.0325,485.00
6.966628,990.0709,592.00
6.966628,990.1093,487.00
6.966628,990.1475,562.00
6.966628,990.1859,544.00
6.966628,990.2242,548.00
6.966628,990.2626,536.00
6.966628,990.3008,517.00
6.966628,990.3391,503.00
6.966628,990.3774,568.00
6.966628,990.4157,506.00
6.966628,990.4540,568.00
6.966628,990.4924,520.00
6.966628,990.5306,581.00
6.966628,990.5688,534.00
6.966628,990.6071,551.00
6.966628,990.6454,522.00
6.966628,990.6837,564.00
6.966628,990.7219,494.00
6.966628,990.7601,571.00
6.966628,990.7983,513.00
6.966628,990.8365,579.00
6.966628,990.8748,548.00
6.966628,990.9130,559.00
6.966628,990.9512,525.00
6.966628,990.9893,556.00
6.966628,991.0276,487.00
6.966628,991.0658,544.00
6.966628,991.1039,521.00
6.966628,991.1421,582.00
6.966628,991.1802,552.00
6.966628,991.2184,547.00
6.966628,991.2565,528.00
6.966628,991.2947,556.00
6.966628,991.3329,491.00
6.966628,991.3710,568.00
6.966628,991.4091,525.00
6.966628,991.4473,588.00
6.966628,991.4854,556.00
6.966628,991.5234,581.00
6.966628,991.5616,554.00
6.966628,991.5997,570.00
6.966628,991.6378,538.00
6.966628,991.6758,582.00
6.966628,991.7139,520.00
6.966628,991.7520,581.00
6.966628,991.7900,501.00
6.966628,991.8282,571.00
6.966628,991.8661,547.00
6.966628,991.9042,586.00
6.966628,991.9422,542.00
6.966628,991.9803,562.00
6.966628,992.0182,495.00
6.966628,992.0563,597.00
6.966628,992.0944,525.00
6.966628,992.1323,583.00
6.966628,992.1703,539.00
6.966628,992.2084,571.00
6.966628,992.2463,522.00
6.966628,992.2844,572.00
6.966628,992.3223,507.00
6.966628,992.3602,579.00
6.966628,992.3982,509.00
6.966628,992.4362,609.00
6.966628,992.4741,552.00
6.966628,992.5120,579.00
6.966628,992.5500,561.00
6.966628,992.5879,516.00
6.966628,992.6259,556.00
6.966628,992.6638,592.00
6.966628,992.7017,521.00
6.966628,992.7396,556.00
6.966628,992.7775,546.00
6.966628,992.8154,578.00
6.966628,992.8533,558.00
6.966628,992.8912,548.00
6.966628,992.9290,528.00
6.966628,992.9669,579.00
6.966628,993.0048,553.00
6.966628,993.0426,601.00
6.966628,993.0804,554.00
6.966628,993.1183,600.00
6.966628,993.1561,539.00
6.966628,993.1940,562.00
6.966628,993.2318,538.00
6.966628,993.2696,561.00
6.966628,993.3074,512.00
6.966628,993.3452,589.00
6.966628,993.3830,507.00
6.966628,993.4208,587.00
6.966628,993.4586,508.00
6.966628,993.4963,586.00
6.966628,993.5341,558.00
6.966628,993.5719,555.00
6.966628,993.6096,529.00
6.966628,993.6474,576.00
6.966628,993.6851,537.00
6.966628,993.7228,537.00
6.966628,993.7606,557.00
6.966628,993.7984,570.00
6.966628,993.8361,530.00
6.966628,993.8738,586.00
6.966628,993.9115,546.00
6.966628,993.9492,558.00
6.966628,993.9869,501.00
6.966628,994.0245,567.00
6.966628,994.0622,513.00
6.966628,994.0999,573.00
6.966628,994.1376,541.00
6.966628,994.1753,548.00
6.966628,994.2130,541.00
6.966628,994.2505,572.00
6.966628,994.2881,494.00
6.966628,994.3258,562.00
6.966628,994.3634,526.00
6.966628,994.4010,564.00
6.966628,994.4387,492.00
6.966628,994.4763,537.00
6.966628,994.5139,561.00
6.966628,994.5515,535.00
6.966628,994.5891,518.00
6.966628,994.6266,540.00
6.966628,994.6642,496.00
6.966628,994.7018,548.00
6.966628,994.7393,503.00
6.966628,994.7769,551.00
6.966628,994.8145,532.00
6.966628,994.8521,546.00
6.966628,994.8895,508.00
6.966628,994.9271,539.00
6.966628,994.9647,485.00
6.966628,995.0022,582.00
6.966628,995.0397,507.00
6.966628,995.0771,554.00
6.966628,995.1146,513.00
6.966628,995.1522,548.00
6.966628,995.1896,513.00
6.966628,995.2271,545.00
6.966628,995.2646,465.00
6.966628,995.3021,544.00
6.966628,995.3396,506.00
6.966628,995.3770,552.00
6.966628,995.4145,480.00
6.966628,995.4518,554.00
6.966628,995.4893,512.00
6.966628,995.5267,513.00
6.966628,995.5641,524.00
6.966628,995.6016,524.00
6.966628,995.6390,475.00
6.966628,995.6765,510.00
6.966628,995.7138,516.00
6.966628,995.7512,516.00
6.966628,995.7886,520.00
6.966628,995.8260,517.00
6.966628,995.8633,483.00
6.966628,995.9007,540.00
6.966628,995.9380,496.00
6.966628,995.9754,560.00
6.966628,996.0128,488.00
6.966628,996.0501,559.00
6.966628,996.0874,538.00
6.966628,996.1248,558.00
6.966628,996.1621,516.00
6.966628,996.1994,570.00
6.966628,996.2367,475.00
6.966628,996.2740,503.00
6.966628,996.3113,495.00
6.966628,996.3486,538.00
6.966628,996.3859,541.00
6.966628,996.4232,579.00
6.966628,996.4604,537.00
6.966628,996.4977,489.00
6.966628,996.5350,495.00
6.966628,996.5722,508.00
6.966628,996.6094,497.00
6.966628,996.6466,566.00
6.966628,996.6838,540.00
6.966628,996.7211,559.00
6.966628,996.7583,530.00
6.966628,996.7955,540.00
6.966628,996.8327,539.00
6.966628,996.8700,568.00
6.966628,996.9072,521.00
6.966628,996.9443,537.00
6.966628,996.9815,520.00
6.966628,997.0187,559.00
6.966628,997.0558,526.00
6.966628,997.0930,532.00
6.966628,997.1301,538.00
6.966628,997.1672,578.00
6.966628,997.2045,521.00
6.966628,997.2416,583.00
6.966628,997.2787,508.00
6.966628,997.3158,603.00
6.966628,997.3530,499.00
6.966628,997.3900,558.00
6.966628,997.4271,499.00
6.966628,997.4642,558.00
6.966628,997.5013,519.00
6.966628,997.5384,557.00
6.966628,997.5754,507.00
6.966628,997.6126,591.00
6.966628,997.6497,539.00
6.966628,997.6867,561.00
6.966628,997.7238,510.00
6.966628,997.7607,593.00
6.966628,997.7978,531.00
6.966628,997.8348,581.00
6.966628,997.8718,528.00
6.966628,997.9088,603.00
6.966628,997.9458,490.00
6.966628,997.9829,575.00
6.966628,998.0200,566.00
6.966628,998.0569,550.00
6.966628,998.0939,549.00
6.966628,998.1309,549.00
6.966628,998.1678,527.00
6.966628,998.2048,557.00
6.966628,998.2417,551.00
6.966628,998.2786,602.00
6.966628,998.3156,510.00
6.966628,998.3525,589.00
6.966628,998.3896,554.00
6.966628,998.4265,543.00
6.966628,998.4633,541.00
6.966628,998.5003,573.00
6.966628,998.5372,506.00
6.966628,998.5740,601.00
6.966628,998.6110,513.00
6.966628,998.6478,568.00
6.966628,998.6847,538.00
6.966628,998.7217,571.00
6.966628,998.7585,528.00
6.966628,998.7953,492.00
6.966628,998.8322,478.00
6.966628,998.8691,611.00
6.966628,998.9059,501.00
6.966628,998.9427,588.00
6.966628,998.9795,522.00
6.966628,999.0163,559.00
6.966628,999.0531,513.00
6.966628,999.0899,522.00
6.966628,999.1267,512.00
6.966628,999.1636,565.00
6.966628,999.2004,527.00
6.966628,999.2372,582.00
6.966628,999.2739,511.00
6.966628,999.3107,572.00
6.966628,999.3474,526.00
6.966628,999.3842,531.00
6.966628,999.4210,523.00
6.966628,999.4576,557.00
6.966628,999.4946,504.00
6.966628,999.5312,553.00
6.966628,999.5680,547.00
6.966628,999.6047,561.00
6.966628,999.6414,518.00
6.966628,999.6780,528.00
6.966628,999.7147,510.00
6.966628,999.7515,537.00
6.966628,999.7881,478.00
6.966628,999.8248,529.00
6.966628,999.8614,518.00
6.966628,999.8981,555.00
6.966628,999.9349,532.00
6.966628,999.9715,551.00
6.966628,1000.0081,518.00
6.966628,1000.0447,513.00
6.966628,1000.0814,505.00
6.966628,1000.1180,540.00
6.966628,1000.1546,467.00
6.966628,1000.1912,563.00
6.966628,1000.2278,492.00
6.966628,1000.2645,528.00
6.966628,1000.3011,504.00
6.966628,1000.3377,497.00
6.966628,1000.3742,513.00
6.966628,1000.4108,518.00
6.966628,1000.4474,488.00
6.966628,1000.4839,524.00
6.966628,1000.5204,468.00
6.966628,1000.5570,548.00
6.966628,1000.5935,461.00
6.966628,1000.6301,520.00
6.966628,1000.6667,500.00
6.966628,1000.7032,526.00
6.966628,1000.7397,506.00
6.966628,1000.7762,518.00
6.966628,1000.8127,462.00
6.966628,1000.8492,514.00
6.966628,1000.8857,517.00
6.966628,1000.9222,489.00
6.966628,1000.9586,477.00
6.966628,1000.9951,505.00
6.966628,1001.0316,475.00
6.966628,1001.0681,560.00
6.966628,1001.1046,484.00
6.966628,1001.1410,538.00
6.966628,1001.1774,498.00
6.966628,1001.2138,509.00
6.966628,1001.2502,502.00
6.966628,1001.2866,514.00
6.966628,1001.3230,517.00
6.966628,1001.3594,519.00
6.966628,1001.3958,486.00
6.966628,1001.4323,523.00
6.966628,1001.4687,471.00
6.966628,1001.5051,532.00
6.966628,1001.5414,533.00
6.966628,1001.5778,501.00
6.966628,1001.6141,495.00
6.966628,1001.6505,491.00
6.966628,1001.6868,456.00
6.966628,1001.7231,536.00
6.966628,1001.7596,452.00
6.966628,1001.7958,495.00
6.966628,1001.8322,469.00
6.966628,1001.8685,526.00
6.966628,1001.9048,470.00
6.966628,1001.9411,510.00
6.966628,1001.9774,477.00
6.966628,1002.0136,482.00
6.966628,1002.0499,455.00
6.966628,1002.0862,551.00
6.966628,1002.1224,471.00
6.966628,1002.1587,522.00
6.966628,1002.1951,503.00
6.966628,1002.2313,509.00
6.966628,1002.2675,519.00
6.966628,1002.3038,509.00
6.966628,1002.3400,477.00
6.966628,1002.3762,513.00
6.966628,1002.4124,492.00
6.966628,1002.4486,541.00
6.966628,1002.4848,486.00
6.966628,1002.5211,520.00
6.966628,1002.5573,496.00
6.966628,1002.5934,528.00
6.966628,1002.6296,482.00
6.966628,1002.6657,525.00
6.966628,1002.7019,470.00
6.966628,1002.7380,548.00
6.966628,1002.7742,516.00
6.966628,1002.8104,543.00
6.966628,1002.8464,502.00
6.966628,1002.8826,545.00
6.966628,1002.9187,446.00
6.966628,1002.9549,538.00
6.966628,1002.9910,511.00
6.966628,1003.0271,557.00
6.966628,1003.0632,470.00
6.966628,1003.0992,553.00
6.966628,1003.1354,495.00
6.966628,1003.1714,525.00
6.966628,1003.2075,494.00
6.966628,1003.2435,503.00
6.966628,1003.2797,500.00
6.966628,1003.3157,571.00
6.966628,1003.3518,506.00
6.966628,1003.3878,545.00
6.966628,1003.4238,473.00
6.966628,1003.4598,534.00
6.966628,1003.4958,501.00
6.966628,1003.5319,517.00
6.966628,1003.5678,474.00
6.966628,1003.6039,542.00
6.966628,1003.6398,473.00
6.966628,1003.6759,570.00
6.966628,1003.7119,506.00
6.966628,1003.7479,531.00
6.966628,1003.7838,501.00
6.966628,1003.8198,524.00
6.966628,1003.8557,467.00
6.966628,1003.8917,525.00
6.966628,1003.9276,461.00
6.966628,1003.9635,508.00
6.966628,1003.9995,476.00
6.966628,1004.0354,559.00
6.966628,1004.0714,514.00
6.966628,1004.1072,502.00
6.966628,1004.1431,498.00
6.966628,1004.1790,510.00
6.966628,1004.2149,461.00
6.966628,1004.2508,535.00
6.966628,1004.2866,455.00
6.966628,1004.3225,551.00
6.966628,1004.3583,511.00
6.966628,1004.3942,512.00
6.966628,1004.4302,479.00
6.966628,1004.4660,487.00
6.966628,1004.5018,471.00
6.966628,1004.5376,513.00
6.966628,1004.5734,448.00
6.966628,1004.6093,521.00
6.966628,1004.6450,507.00
6.966628,1004.6808,507.00
6.966628,1004.7166,506.00
6.966628,1004.7525,520.00
6.966628,1004.7883,466.00
6.966628,1004.8240,517.00
6.966628,1004.8598,473.00
6.966628,1004.8956,545.00
6.966628,1004.9313,478.00
6.966628,1004.9670,531.00
6.966628,1005.0027,532.00
6.966628,1005.0385,514.00
6.966628,1005.0742,490.00
6.966628,1005.1099,525.00
6.966628,1005.1456,467.00
6.966628,1005.1815,512.00
6.966628,1005.2172,455.00
6.966628,1005.2529,503.00
6.966628,1005.2885,512.00
6.966628,1005.3242,497.00
6.966628,1005.3599,496.00
6.966628,1005.3955,529.00
6.966628,1005.4312,497.00
6.966628,1005.4669,540.00
6.966628,1005.5026,516.00
6.966628,1005.5382,588.00
6.966628,1005.5739,498.00
6.966628,1005.6095,536.00
6.966628,1005.6451,530.00
6.966628,1005.6807,560.00
6.966628,1005.7162,516.00
6.966628,1005.7519,513.00
6.966628,1005.7875,474.00
6.966628,1005.8231,559.00
6.966628,1005.8586,466.00
6.966628,1005.8942,538.00
6.966628,1005.9299,498.00
6.966628,1005.9655,557.00
6.966628,1006.0010,489.00
6.966628,1006.0365,527.00
6.966628,1006.0720,491.00
6.966628,1006.1076,533.00
6.966628,1006.1431,504.00
6.966628,1006.1786,566.00
6.966628,1006.2141,519.00
6.966628,1006.2498,535.00
6.966628,1006.2853,514.00
6.966628,1006.3207,506.00
6.966628,1006.3563,505.00
6.966628,1006.3917,543.00
6.966628,1006.4272,509.00
6.966628,1006.4626,573.00
6.966628,1006.4981,527.00
6.966628,1006.5335,552.00
6.966628,1006.5690,549.00
6.966628,1006.6044,544.00
6.966628,1006.6400,508.00
6.966628,1006.6754,579.00
6.966628,1006.7108,486.00
6.966628,1006.7462,560.00
6.966628,1006.7816,492.00
6.966628,1006.8170,570.00
6.966628,1006.8524,521.00
6.966628,1006.8878,527.00
6.966628,1006.9232,504.00
6.966628,1006.9586,570.00
6.966628,1006.9940,497.00
6.966628,1007.0294,556.00
6.966628,1007.0648,511.00
6.966628,1007.1001,586.00
6.966628,1007.1354,529.00
6.966628,1007.1707,558.00
6.966628,1007.2061,532.00
6.966628,1007.2414,547.00
6.966628,1007.2767,523.00
6.966628,1007.3120,574.00
6.966628,1007.3473,495.00
6.966628,1007.3827,560.00
6.966628,1007.4180,527.00
6.966628,1007.4532,573.00
6.966628,1007.4885,517.00
6.966628,1007.5238,547.00
6.966628,1007.5590,520.00
6.966628,1007.5943,543.00
6.966628,1007.6295,482.00
6.966628,1007.6648,596.00
6.966628,1007.7001,533.00
6.966628,1007.7354,564.00
6.966628,1007.7706,549.00
6.966628,1007.8058,523.00
6.966628,1007.8410,538.00
6.966628,1007.8762,572.00
6.966628,1007.9114,490.00
6.966628,1007.9465,546.00
6.966628,1007.9818,525.00
6.966628,1008.0169,557.00
6.966628,1008.0521,518.00
6.966628,1008.0873,557.00
6.966628,1008.1226,487.00
6.966628,1008.1576,508.00
6.966628,1008.1927,478.00
6.966628,1008.2279,541.00
6.966628,1008.2631,462.00
6.966628,1008.2982,551.00
6.966628,1008.3333,546.00
6.966628,1008.3683,545.00
6.966628,1008.4034,550.00
6.966628,1008.4387,527.00
6.966628,1008.4738,493.00
6.966628,1008.5089,529.00
6.966628,1008.5439,510.00
6.966628,1008.5790,601.00
6.966628,1008.6141,549.00
6.966628,1008.6491,514.00
6.966628,1008.6841,518.00
6.966628,1008.7192,511.00
6.966628,1008.7542,514.00
6.966628,1008.7892,540.00
6.966628,1008.8243,519.00
6.966628,1008.8594,571.00
6.966628,1008.8943,493.00
6.966628,1008.9294,549.00
6.966628,1008.9644,512.00
6.966628,1008.9994,525.00
6.966628,1009.0344,509.00
6.966628,1009.0693,534.00
6.966628,1009.1043,456.00
6.966628,1009.1392,564.00
6.966628,1009.1743,482.00
6.966628,1009.2093,542.00
6.966628,1009.2442,511.00
6.966628,1009.2792,516.00
6.966628,1009.3141,490.00
6.966628,1009.3489,503.00
6.966628,1009.3839,463.00
6.966628,1009.4188,511.00
6.966628,1009.4537,496.00
6.966628,1009.4886,569.00
6.966628,1009.5235,511.00
6.966628,1009.5585,549.00
6.966628,1009.5933,523.00
6.966628,1009.6282,510.00
6.966628,1009.6631,490.00
6.966628,1009.6979,513.00
6.966628,1009.7327,484.00
6.966628,1009.7676,535.00
6.966628,1009.8024,455.00
6.966628,1009.8372,529.00
6.966628,1009.8721,478.00
6.966628,1009.9070,510.00
6.966628,1009.9418,479.00
6.966628,1009.9766,513.00
6.966628,1010.0115,508.00
6.966628,1010.0462,509.00
6.966628,1010.0810,463.00
6.966628,1010.1158,543.00
6.966628,1010.1505,488.00
6.966628,1010.1853,514.00
6.966628,1010.2200,504.00
6.966628,1010.2548,517.00
6.966628,1010.2897,463.00
6.966628,1010.3244,526.00
6.966628,1010.3591,473.00
6.966628,1010.3938,522.00
6.966628,1010.4285,500.00
6.966628,1010.4633,517.00
6.966628,1010.4980,505.00
6.966628,1010.5326,498.00
6.966628,1010.5673,489.00
6.966628,1010.6021,502.00
6.966628,1010.6368,478.00
6.966628,1010.6714,518.00
6.966628,1010.7061,457.00
6.966628,1010.7408,528.00
6.966628,1010.7754,469.00
6.966628,1010.8101,505.00
6.966628,1010.8447,501.00
6.966628,1010.8793,516.00
6.966628,1010.9139,470.00
6.966628,1010.9485,550.00
6.966628,1010.9832,436.00
6.966628,1011.0178,538.00
6.966628,1011.0525,478.00
6.966628,1011.0870,525.00
6.966628,1011.1216,483.00
6.966628,1011.1562,558.00
6.966628,1011.1907,541.00
6.966628,1011.2253,547.00
6.966628,1011.2599,448.00
6.966628,1011.2944,521.00
6.966628,1011.3291,491.00
6.966628,1011.3636,524.00
6.966628,1011.3981,507.00
6.966628,1011.4326,504.00
6.966628,1011.4672,476.00
6.966628,1011.5016,509.00
6.966628,1011.5362,480.00
6.966628,1011.5706,491.00
6.966628,1011.6052,474.00
6.966628,1011.6396,522.00
6.966628,1011.6741,448.00
6.966628,1011.7086,520.00
6.966628,1011.7431,483.00
6.966628,1011.7776,499.00
6.966628,1011.8120,463.00
6.966628,1011.8465,558.00
6.966628,1011.8809,458.00
6.966628,1011.9153,555.00
6.966628,1011.9498,467.00
6.966628,1011.9842,503.00
6.966628,1012.0186,481.00
6.966628,1012.0531,503.00
6.966628,1012.0875,479.00
6.966628,1012.1219,539.00
6.966628,1012.1562,469.00
6.966628,1012.1906,472.00
6.966628,1012.2250,479.00
6.966628,1012.2593,517.00
6.966628,1012.2937,483.00
6.966628,1012.3281,492.00
6.966628,1012.3624,456.00
6.966628,1012.3967,513.00
6.966628,1012.4310,428.00
6.966628,1012.4655,521.00
6.966628,1012.4998,446.00
6.966628,1012.5341,528.00
6.966628,1012.5684,496.00
6.966628,1012.6027,526.00
6.966628,1012.6370,490.00
6.966628,1012.6712,491.00
6.966628,1012.7055,474.00
6.966628,1012.7398,518.00
6.966628,1012.7742,445.00
6.966628,1012.8084,507.00
6.966628,1012.8427,459.00
6.966628,1012.8769,489.00
6.966628,1012.9111,501.00
6.966628,1012.9454,484.00
6.966628,1012.9796,483.00
6.966628,1013.0138,483.00
6.966628,1013.0480,412.00
6.966628,1013.0822,500.00
6.966628,1013.1164,462.00
6.966628,1013.1506,529.00
6.966628,1013.1848,443.00
6.966628,1013.2190,466.00
6.966628,1013.2532,492.00
6.966628,1013.2873,487.00
6.966628,1013.3215,474.00
6.966628,1013.3556,483.00
6.966628,1013.3898,441.00
6.966628,1013.4239,532.00
6.966628,1013.4581,479.00
6.966628,1013.4923,487.00
6.966628,1013.5264,489.00
6.966628,1013.5605,482.00
6.966628,1013.5946,506.00
6.966628,1013.6287,527.00
6.966628,1013.6627,493.00
6.966628,1013.6968,516.00
6.966628,1013.7309,453.00
6.966628,1013.7650,489.00
6.966628,1013.7990,519.00
6.966628,1013.8331,472.00
6.966628,1013.8672,490.00
6.966628,1013.9012,518.00
6.966628,1013.9353,452.00
6.966628,1013.9693,523.00
6.966628,1014.0033,474.00
6.966628,1014.0374,555.00
6.966628,1014.0714,507.00
6.966628,1014.1053,516.00
6.966628,1014.1393,501.00
6.966628,1014.1734,537.00
6.966628,1014.2074,487.00
6.966628,1014.2413,525.00
6.966628,1014.2753,514.00
6.966628,1014.3093,570.00
6.966628,1014.3433,490.00
6.966628,1014.3772,545.00
6.966628,1014.4111,532.00
6.966628,1014.4451,533.00
6.966628,1014.4790,489.00
6.966628,1014.5129,515.00
6.966628,1014.5468,476.00
6.966628,1014.5808,550.00
6.966628,1014.6147,524.00
6.966628,1014.6486,562.00
6.966628,1014.6825,527.00
6.966628,1014.7164,538.00
6.966628,1014.7502,491.00
6.966628,1014.7841,532.00
6.966628,1014.8180,503.00
6.966628,1014.8518,549.00
6.966628,1014.8858,489.00
6.966628,1014.9196,549.00
6.966628,1014.9534,528.00
6.966628,1014.9872,531.00
6.966628,1015.0211,536.00
6.966628,1015.0549,538.00
6.966628,1015.0887,488.00
6.966628,1015.1224,556.00
6.966628,1015.1562,509.00
6.966628,1015.1900,592.00
6.966628,1015.2238,511.00
6.966628,1015.2575,552.00
6.966628,1015.2914,526.00
6.966628,1015.3252,548.00
6.966628,1015.3589,476.00
6.966628,1015.3927,541.00
6.966628,1015.4265,534.00
6.966628,1015.4601,589.00
6.966628,1015.4938,510.00
6.966628,1015.5276,576.00
6.966628,1015.5613,542.00
6.966628,1015.5952,561.00
6.966628,1015.6288,506.00
6.966628,1015.6625,541.00
6.966628,1015.6962,502.00
6.966628,1015.7299,577.00
6.966628,1015.7635,482.00
6.966628,1015.7972,581.00
6.966628,1015.8308,548.00
6.966628,1015.8645,547.00
6.966628,1015.8981,544.00
6.966628,1015.9317,567.00
6.966628,1015.9655,508.00
6.966628,1015.9991,578.00
6.966628,1016.0327,489.00
6.966628,1016.0663,556.00
6.966628,1016.0999,535.00
6.966628,1016.1335,548.00
6.966628,1016.1671,541.00
6.966628,1016.2006,522.00
6.966628,1016.2342,524.00
6.966628,1016.2679,521.00
6.966628,1016.3015,488.00
6.966628,1016.3350,564.00
6.966628,1016.3686,505.00
6.966628,1016.4021,548.00
6.966628,1016.4357,544.00
6.966628,1016.4691,576.00
6.966628,1016.5027,500.00
6.966628,1016.5362,560.00
6.966628,1016.5696,482.00
6.966628,1016.6032,574.00
6.966628,1016.6367,526.00
6.966628,1016.6703,572.00
6.966628,1016.7038,556.00
6.966628,1016.7372,537.00
6.966628,1016.7707,529.00
6.966628,1016.8041,539.00
6.966628,1016.8376,542.00
6.966628,1016.8710,566.00
6.966628,1016.9045,490.00
6.966628,1016.9379,574.00
6.966628,1016.9715,519.00
6.966628,1017.0049,555.00
6.966628,1017.0383,577.00
6.966628,1017.0717,519.00
6.966628,1017.1050,527.00
6.966628,1017.1384,519.00
6.966628,1017.1718,507.00
6.966628,1017.2052,546.00
6.966628,1017.2386,495.00
6.966628,1017.2720,579.00
6.966628,1017.3053,549.00
6.966628,1017.3387,525.00
6.966628,1017.3721,525.00
6.966628,1017.4054,553.00
6.966628,1017.4388,481.00
6.966628,1017.4721,548.00
6.966628,1017.5054,506.00
6.966628,1017.5387,572.00
6.966628,1017.5720,544.00
6.966628,1017.6053,552.00
6.966628,1017.6386,554.00
6.966628,1017.6720,527.00
6.966628,1017.7053,498.00
6.966628,1017.7385,562.00
6.966628,1017.7717,492.00
6.966628,1017.8051,575.00
6.966628,1017.8383,507.00
6.966628,1017.8715,573.00
6.966628,1017.9048,551.00
6.966628,1017.9380,538.00
6.966628,1017.9712,539.00
6.966628,1018.0044,571.00
6.966628,1018.0376,492.00
6.966628,1018.0709,573.00
6.966628,1018.1041,521.00
6.966628,1018.1373,599.00
6.966628,1018.1705,559.00
6.966628,1018.2037,542.00
6.966628,1018.2368,528.00
6.966628,1018.2700,522.00
6.966628,1018.3032,507.00
6.966628,1018.3363,565.00
6.966628,1018.3695,501.00
6.966628,1018.4026,588.00
6.966628,1018.4358,565.00
6.966628,1018.4689,563.00
6.966628,1018.5020,576.00
6.966628,1018.5352,546.00
6.966628,1018.5682,510.00
6.966628,1018.6013,542.00
6.966628,1018.6343,507.00
6.966628,1018.6675,606.00
6.966628,1018.7006,529.00
6.966628,1018.7337,591.00
6.966628,1018.7668,573.00
6.966628,1018.7998,529.00
6.966628,1018.8328,517.00
6.966628,1018.8658,556.00
6.966628,1018.8989,529.00
6.966628,1018.9319,600.00
6.966628,1018.9650,528.00
6.966628,1018.9980,562.00
6.966628,1019.0311,582.00
6.966628,1019.0641,602.00
6.966628,1019.0970,540.00
6.966628,1019.1301,576.00
6.966628,1019.1631,523.00
6.966628,1019.1960,569.00
6.966628,1019.2289,503.00
6.966628,1019.2618,588.00
6.966628,1019.2949,542.00
6.966628,1019.3278,561.00
6.966628,1019.3607,546.00
6.966628,1019.3936,535.00
6.966628,1019.4268,476.00
6.966628,1019.4596,567.00
6.966628,1019.4925,504.00
6.966628,1019.5255,559.00
6.966628,1019.5583,529.00
6.966628,1019.5912,574.00
6.966628,1019.6240,531.00
6.966628,1019.6569,578.00
6.966628,1019.6898,531.00
6.966628,1019.7227,524.00
6.966628,1019.7556,453.00
6.966628,1019.7885,565.00
6.966628,1019.8213,525.00
6.966628,1019.8541,593.00
6.966628,1019.8870,522.00
6.966628,1019.9198,550.00
6.966628,1019.9525,544.00
6.966628,1019.9854,536.00
6.966628,1020.0182,520.00
6.966628,1020.0509,545.00
6.966628,1020.0837,513.00
6.966628,1020.1167,554.00
6.966628,1020.1494,538.00
6.966628,1020.1823,550.00
6.966628,1020.2149,504.00
6.966628,1020.2477,508.00
6.966628,1020.2805,501.00
6.966628,1020.3132,561.00
6.966628,1020.3459,515.00
6.966628,1020.3787,604.00
6.966628,1020.4114,502.00
6.966628,1020.4442,508.00
6.966628,1020.4768,524.00
6.966628,1020.5096,533.00
6.966628,1020.5423,498.00
6.966628,1020.5750,595.00
6.966628,1020.6077,480.00
6.966628,1020.6403,596.00
6.966628,1020.6730,522.00
6.966628,1020.7055,585.00
6.966628,1020.7382,517.00
6.966628,1020.7709,530.00
6.966628,1020.8036,490.00
6.966628,1020.8363,513.00
6.966628,1020.8688,472.00
6.966628,1020.9015,532.00
6.966628,1020.9341,465.00
6.966628,1020.9667,545.00
6.966628,1020.9993,496.00
6.966628,1021.0319,534.00
6.966628,1021.0645,512.00
6.966628,1021.0971,546.00
6.966628,1021.1298,484.00
6.966628,1021.1623,548.00
6.966628,1021.1948,475.00
6.966628,1021.2273,572.00
6.966628,1021.2599,493.00
6.966628,1021.2924,524.00
6.966628,1021.3250,482.00
6.966628,1021.3574,505.00
6.966628,1021.3900,502.00
6.966628,1021.4224,518.00
6.966628,1021.4550,438.00
6.966628,1021.4875,519.00
6.966628,1021.5200,476.00
6.966628,1021.5525,551.00
6.966628,1021.5850,485.00
6.966628,1021.6175,509.00
6.966628,1021.6500,471.00
6.966628,1021.6823,526.00
6.966628,1021.7148,447.00
6.966628,1021.7474,540.00
6.966628,1021.7797,494.00
6.966628,1021.8122,529.00
6.966628,1021.8445,541.00
6.966628,1021.8770,555.00
6.966628,1021.9095,510.00
6.966628,1021.9418,499.00
6.966628,1021.9741,482.00
6.966628,1022.0066,492.00
6.966628,1022.0389,497.00
6.966628,1022.0713,579.00
6.966628,1022.1037,473.00
6.966628,1022.1362,619.00
6.966628,1022.1685,540.00
6.966628,1022.2008,558.00
6.966628,1022.2332,477.00
6.966628,1022.2654,542.00
6.966628,1022.2977,513.00
6.966628,1022.3301,586.00
6.966628,1022.3624,507.00
6.966628,1022.3947,580.00
6.966628,1022.4271,509.00
6.966628,1022.4594,512.00
6.966628,1022.4917,527.00
6.966628,1022.5239,525.00
6.966628,1022.5562,510.00
6.966628,1022.5885,550.00
6.966628,1022.6207,504.00
6.966628,1022.6530,577.00
6.966628,1022.6852,518.00
6.966628,1022.7174,549.00
6.966628,1022.7497,505.00
6.966628,1022.7819,562.00
6.966628,1022.8142,506.00
6.966628,1022.8464,541.00
6.966628,1022.8785,484.00
6.966628,1022.9108,596.00
6.966628,1022.9429,533.00
6.966628,1022.9751,533.00
6.966628,1023.0073,524.00
6.966628,1023.0394,512.00
6.966628,1023.0717,502.00
6.966628,1023.1039,574.00
6.966628,1023.1360,492.00
6.966628,1023.1682,540.00
6.966628,1023.2003,492.00
6.966628,1023.2324,547.00
6.966628,1023.2644,513.00
6.966628,1023.2966,530.00
6.966628,1023.3287,490.00
6.966628,1023.3608,520.00
6.966628,1023.3929,487.00
6.966628,1023.4249,530.00
6.966628,1023.4570,475.00
6.966628,1023.4893,555.00
6.966628,1023.5212,508.00
6.966628,1023.5533,515.00
6.966628,1023.5853,489.00
6.966628,1023.6174,521.00
6.966628,1023.6494,495.00
6.966628,1023.6813,518.00
6.966628,1023.7134,439.00
6.966628,1023.7454,534.00
6.966628,1023.7775,496.00
6.966628,1023.8096,489.00
6.966628,1023.8416,507.00
6.966628,1023.8735,489.00
6.966628,1023.9055,465.00
6.966628,1023.9374,524.00
6.966628,1023.9694,462.00
6.966628,1024.0013,525.00
6.966628,1024.0333,466.00
6.966628,1024.0652,522.00
6.966628,1024.0972,522.00
6.966628,1024.1293,511.00
6.966628,1024.1611,488.00
6.966628,1024.1931,535.00
6.966628,1024.2250,449.00
6.966628,1024.2568,551.00
6.966628,1024.2888,469.00
6.966628,1024.3206,534.00
6.966628,1024.3525,499.00
6.966628,1024.3843,512.00
6.966628,1024.4164,469.00
6.966628,1024.4481,526.00
6.966628,1024.4801,453.00
6.966628,1024.5118,517.00
6.966628,1024.5438,498.00
6.966628,1024.5756,550.00
6.966628,1024.6074,455.00
6.966628,1024.6393,528.00
6.966628,1024.6710,536.00
6.966628,1024.7029,487.00
6.966628,1024.7346,469.00
6.966628,1024.7664,507.00
6.966628,1024.7982,448.00
6.966628,1024.8301,534.00
6.966628,1024.8618,517.00
6.966628,1024.8936,542.00
6.966628,1024.9253,461.00
6.966628,1024.9572,520.00
6.966628,1024.9889,509.00
6.966628,1025.0206,536.00
6.966628,1025.0522,471.00
6.966628,1025.0841,538.00
6.966628,1025.1158,492.00
6.966628,1025.1475,510.00
6.966628,1025.1792,498.00
6.966628,1025.2109,511.00
6.966628,1025.2426,515.00
6.966628,1025.2743,524.00
6.966628,1025.3059,497.00
6.966628,1025.3376,533.00
6.966628,1025.3693,453.00
6.966628,1025.4009,575.00
6.966628,1025.4326,510.00
6.966628,1025.4644,564.00
6.966628,1025.4960,528.00
6.966628,1025.5276,512.00
6.966628,1025.5592,513.00
6.966628,1025.5908,525.00
6.966628,1025.6224,472.00
6.966628,1025.6541,546.00
6.966628,1025.6857,504.00
6.966628,1025.7172,582.00
6.966628,1025.7489,528.00
6.966628,1025.7804,548.00
6.966628,1025.8120,543.00
6.966628,1025.8435,522.00
6.966628,1025.8751,523.00
6.966628,1025.9066,568.00
6.966628,1025.9381,474.00
6.966628,1025.9697,569.00
6.966628,1026.0012,545.00
6.966628,1026.0327,545.00
6.966628,1026.0642,514.00
