# Point:,19
# Setpoint:,0.967272727
# Voltage_V:,0.967272727
# Current_A:,0.0001169
# Spectrum_Time_s:,3.454049
# Step_Start_s:,3.352541
# Step_End_s:,3.522490
# Spectrum_Duration_ms:,81.810
# Peak_Wavelength_nm:,934.59
# Peak_Intensity:,757.0
# Avg_Intensity:,609.4
# Num_Pixels:,4094
# NOTE: All wavelengths are captured simultaneously in one CCD exposure
#       The Relative_Time_s column shows when this entire spectrum was acquired

Relative_Time_s,Wavelength_nm,Intensity
3.454049,845.4307,602.00
3.454049,845.4858,508.00
3.454049,845.5410,563.00
3.454049,845.5963,534.00
3.454049,845.6514,577.00
3.454049,845.7065,513.00
3.454049,845.7617,580.00
3.454049,845.8168,491.00
3.454049,845.8721,583.00
3.454049,845.9272,494.00
3.454049,845.9823,550.00
3.454049,846.0374,516.00
3.454049,846.0926,529.00
3.454049,846.1478,507.00
3.454049,846.2029,541.00
3.454049,846.2579,487.00
3.454049,846.3130,552.00
3.454049,846.3682,460.00
3.454049,846.4233,569.00
3.454049,846.4784,532.00
3.454049,846.5335,579.00
3.454049,846.5886,572.00
3.454049,846.6437,554.00
3.454049,846.6987,510.00
3.454049,846.7538,558.00
3.454049,846.8089,495.00
3.454049,846.8640,598.00
3.454049,846.9190,517.00
3.454049,846.9741,565.00
3.454049,847.0292,545.00
3.454049,847.0842,581.00
3.454049,847.1392,549.00
3.454049,847.1943,570.00
3.454049,847.2493,492.00
3.454049,847.3044,600.00
3.454049,847.3594,514.00
3.454049,847.4144,578.00
3.454049,847.4694,561.00
3.454049,847.5244,556.00
3.454049,847.5795,522.00
3.454049,847.6345,581.00
3.454049,847.6895,523.00
3.454049,847.7444,576.00
3.454049,847.7994,514.00
3.454049,847.8544,565.00
3.454049,847.9094,530.00
3.454049,847.9644,573.00
3.454049,848.0193,554.00
3.454049,848.0743,619.00
3.454049,848.1293,544.00
3.454049,848.1843,613.00
3.454049,848.2392,556.00
3.454049,848.2941,603.00
3.454049,848.3491,575.00
3.454049,848.4040,600.00
3.454049,848.4590,582.00
3.454049,848.5139,590.00
3.454049,848.5688,535.00
3.454049,848.6237,617.00
3.454049,848.6786,522.00
3.454049,848.7336,641.00
3.454049,848.7885,539.00
3.454049,848.8434,635.00
3.454049,848.8983,576.00
3.454049,848.9531,597.00
3.454049,849.0081,596.00
3.454049,849.0630,589.00
3.454049,849.1178,513.00
3.454049,849.1727,608.00
3.454049,849.2275,544.00
3.454049,849.2823,662.00
3.454049,849.3373,550.00
3.454049,849.3921,576.00
3.454049,849.4470,552.00
3.454049,849.5018,580.00
3.454049,849.5566,517.00
3.454049,849.6115,623.00
3.454049,849.6663,550.00
3.454049,849.7211,602.00
3.454049,849.7759,552.00
3.454049,849.8307,604.00
3.454049,849.8856,563.00
3.454049,849.9404,617.00
3.454049,849.9952,561.00
3.454049,850.0500,618.00
3.454049,850.1048,502.00
3.454049,850.1596,633.00
3.454049,850.2144,516.00
3.454049,850.2692,618.00
3.454049,850.3239,563.00
3.454049,850.3787,583.00
3.454049,850.4335,602.00
3.454049,850.4882,612.00
3.454049,850.5430,565.00
3.454049,850.5977,623.00
3.454049,850.6525,537.00
3.454049,850.7072,629.00
3.454049,850.7620,574.00
3.454049,850.8167,628.00
3.454049,850.8715,597.00
3.454049,850.9261,592.00
3.454049,850.9808,540.00
3.454049,851.0356,589.00
3.454049,851.0903,578.00
3.454049,851.1450,646.00
3.454049,851.1996,586.00
3.454049,851.2543,654.00
3.454049,851.3091,584.00
3.454049,851.3638,591.00
3.454049,851.4185,573.00
3.454049,851.4731,623.00
3.454049,851.5278,561.00
3.454049,851.5825,660.00
3.454049,851.6371,615.00
3.454049,851.6918,668.00
3.454049,851.7465,633.00
3.454049,851.8011,638.00
3.454049,851.8558,582.00
3.454049,851.9103,619.00
3.454049,851.9650,574.00
3.454049,852.0196,686.00
3.454049,852.0742,623.00
3.454049,852.1289,637.00
3.454049,852.1835,583.00
3.454049,852.2381,671.00
3.454049,852.2927,649.00
3.454049,852.3473,637.00
3.454049,852.4019,636.00
3.454049,852.4565,679.00
3.454049,852.5111,621.00
3.454049,852.5657,642.00
3.454049,852.6202,616.00
3.454049,852.6747,660.00
3.454049,852.7294,625.00
3.454049,852.7839,694.00
3.454049,852.8385,611.00
3.454049,852.8930,670.00
3.454049,852.9476,626.00
3.454049,853.0022,698.00
3.454049,853.0567,645.00
3.454049,853.1112,673.00
3.454049,853.1658,671.00
3.454049,853.2203,679.00
3.454049,853.2748,651.00
3.454049,853.3293,708.00
3.454049,853.3838,638.00
3.454049,853.4383,675.00
3.454049,853.4928,623.00
3.454049,853.5474,685.00
3.454049,853.6019,700.00
3.454049,853.6563,701.00
3.454049,853.7108,667.00
3.454049,853.7653,669.00
3.454049,853.8198,620.00
3.454049,853.8742,686.00
3.454049,853.9286,676.00
3.454049,853.9832,685.00
3.454049,854.0376,668.00
3.454049,854.0920,716.00
3.454049,854.1465,699.00
3.454049,854.2010,686.00
3.454049,854.2554,644.00
3.454049,854.3098,664.00
3.454049,854.3642,606.00
3.454049,854.4186,705.00
3.454049,854.4731,629.00
3.454049,854.5275,688.00
3.454049,854.5819,642.00
3.454049,854.6363,691.00
3.454049,854.6907,652.00
3.454049,854.7451,648.00
3.454049,854.7994,604.00
3.454049,854.8538,657.00
3.454049,854.9082,629.00
3.454049,854.9626,702.00
3.454049,855.0170,618.00
3.454049,855.0714,686.00
3.454049,855.1257,646.00
3.454049,855.1800,662.00
3.454049,855.2344,657.00
3.454049,855.2888,667.00
3.454049,855.3431,629.00
3.454049,855.3975,677.00
3.454049,855.4518,607.00
3.454049,855.5060,696.00
3.454049,855.5604,619.00
3.454049,855.6147,662.00
3.454049,855.6691,650.00
3.454049,855.7233,629.00
3.454049,855.7776,612.00
3.454049,855.8320,689.00
3.454049,855.8862,611.00
3.454049,855.9406,701.00
3.454049,855.9948,668.00
3.454049,856.0491,710.00
3.454049,856.1035,662.00
3.454049,856.1577,697.00
3.454049,856.2119,628.00
3.454049,856.2662,672.00
3.454049,856.3204,615.00
3.454049,856.3748,703.00
3.454049,856.4290,648.00
3.454049,856.4832,662.00
3.454049,856.5374,672.00
3.454049,856.5916,687.00
3.454049,856.6459,623.00
3.454049,856.7001,698.00
3.454049,856.7543,625.00
3.454049,856.8085,682.00
3.454049,856.8627,645.00
3.454049,856.9169,685.00
3.454049,856.9712,645.00
3.454049,857.0253,660.00
3.454049,857.0795,641.00
3.454049,857.1337,682.00
3.454049,857.1879,626.00
3.454049,857.2421,706.00
3.454049,857.2962,636.00
3.454049,857.3504,750.00
3.454049,857.4045,673.00
3.454049,857.4587,645.00
3.454049,857.5129,681.00
3.454049,857.5670,700.00
3.454049,857.6212,639.00
3.454049,857.6753,710.00
3.454049,857.7294,636.00
3.454049,857.7836,700.00
3.454049,857.8377,638.00
3.454049,857.8918,693.00
3.454049,857.9459,673.00
3.454049,858.0000,666.00
3.454049,858.0541,632.00
3.454049,858.1082,711.00
3.454049,858.1624,636.00
3.454049,858.2164,702.00
3.454049,858.2704,655.00
3.454049,858.3245,700.00
3.454049,858.3787,681.00
3.454049,858.4327,668.00
3.454049,858.4868,645.00
3.454049,858.5408,679.00
3.454049,858.5949,648.00
3.454049,858.6489,698.00
3.454049,858.7030,648.00
3.454049,858.7570,726.00
3.454049,858.8110,693.00
3.454049,858.8651,700.00
3.454049,858.9192,695.00
3.454049,858.9732,716.00
3.454049,859.0272,655.00
3.454049,859.0812,698.00
3.454049,859.1352,618.00
3.454049,859.1892,707.00
3.454049,859.2432,666.00
3.454049,859.2972,697.00
3.454049,859.3512,689.00
3.454049,859.4052,665.00
3.454049,859.4592,643.00
3.454049,859.5132,663.00
3.454049,859.5671,596.00
3.454049,859.6210,708.00
3.454049,859.6750,610.00
3.454049,859.7289,693.00
3.454049,859.7830,591.00
3.454049,859.8369,660.00
3.454049,859.8908,640.00
3.454049,859.9447,657.00
3.454049,859.9987,624.00
3.454049,860.0527,699.00
3.454049,860.1065,614.00
3.454049,860.1605,702.00
3.454049,860.2144,656.00
3.454049,860.2682,674.00
3.454049,860.3222,649.00
3.454049,860.3761,683.00
3.454049,860.4299,603.00
3.454049,860.4838,644.00
3.454049,860.5377,577.00
3.454049,860.5916,680.00
3.454049,860.6455,645.00
3.454049,860.6993,681.00
3.454049,860.7532,646.00
3.454049,860.8071,648.00
3.454049,860.8610,634.00
3.454049,860.9148,642.00
3.454049,860.9687,608.00
3.454049,861.0225,657.00
3.454049,861.0763,646.00
3.454049,861.1301,661.00
3.454049,861.1840,619.00
3.454049,861.2378,684.00
3.454049,861.2916,616.00
3.454049,861.3454,685.00
3.454049,861.3992,616.00
3.454049,861.4531,671.00
3.454049,861.5068,596.00
3.454049,861.5606,672.00
3.454049,861.6144,606.00
3.454049,861.6682,634.00
3.454049,861.7220,629.00
3.454049,861.7758,644.00
3.454049,861.8295,606.00
3.454049,861.8833,651.00
3.454049,861.9370,605.00
3.454049,861.9908,686.00
3.454049,862.0446,644.00
3.454049,862.0983,671.00
3.454049,862.1520,631.00
3.454049,862.2057,636.00
3.454049,862.2595,619.00
3.454049,862.3132,634.00
3.454049,862.3669,597.00
3.454049,862.4206,657.00
3.454049,862.4744,594.00
3.454049,862.5281,673.00
3.454049,862.5818,647.00
3.454049,862.6355,668.00
3.454049,862.6891,626.00
3.454049,862.7429,635.00
3.454049,862.7966,642.00
3.454049,862.8502,641.00
3.454049,862.9039,574.00
3.454049,862.9575,669.00
3.454049,863.0112,639.00
3.454049,863.0648,649.00
3.454049,863.1185,622.00
3.454049,863.1722,647.00
3.454049,863.2258,600.00
3.454049,863.2794,681.00
3.454049,863.3330,602.00
3.454049,863.3867,659.00
3.454049,863.4403,567.00
3.454049,863.4940,658.00
3.454049,863.5475,634.00
3.454049,863.6011,633.00
3.454049,863.6548,611.00
3.454049,863.7084,623.00
3.454049,863.7620,589.00
3.454049,863.8156,637.00
3.454049,863.8691,604.00
3.454049,863.9228,655.00
3.454049,863.9763,621.00
3.454049,864.0299,648.00
3.454049,864.0834,606.00
3.454049,864.1370,652.00
3.454049,864.1906,597.00
3.454049,864.2441,656.00
3.454049,864.2977,600.00
3.454049,864.3512,683.00
3.454049,864.4047,618.00
3.454049,864.4583,628.00
3.454049,864.5118,626.00
3.454049,864.5653,648.00
3.454049,864.6189,633.00
3.454049,864.6724,627.00
3.454049,864.7258,590.00
3.454049,864.7794,633.00
3.454049,864.8329,626.00
3.454049,864.8864,674.00
3.454049,864.9398,619.00
3.454049,864.9933,637.00
3.454049,865.0469,576.00
3.454049,865.1003,641.00
3.454049,865.1538,619.00
3.454049,865.2072,643.00
3.454049,865.2607,606.00
3.454049,865.3142,658.00
3.454049,865.3676,626.00
3.454049,865.4211,645.00
3.454049,865.4745,595.00
3.454049,865.5279,629.00
3.454049,865.5814,609.00
3.454049,865.6348,667.00
3.454049,865.6882,630.00
3.454049,865.7416,657.00
3.454049,865.7950,638.00
3.454049,865.8484,682.00
3.454049,865.9019,641.00
3.454049,865.9552,631.00
3.454049,866.0087,642.00
3.454049,866.0620,619.00
3.454049,866.1154,633.00
3.454049,866.1688,692.00
3.454049,866.2222,605.00
3.454049,866.2755,689.00
3.454049,866.3289,633.00
3.454049,866.3822,684.00
3.454049,866.4356,640.00
3.454049,866.4890,642.00
3.454049,866.5423,618.00
3.454049,866.5956,652.00
3.454049,866.6489,602.00
3.454049,866.7023,668.00
3.454049,866.7556,615.00
3.454049,866.8089,643.00
3.454049,866.8622,632.00
3.454049,866.9155,663.00
3.454049,866.9689,618.00
3.454049,867.0222,671.00
3.454049,867.0755,603.00
3.454049,867.1287,638.00
3.454049,867.1820,639.00
3.454049,867.2354,669.00
3.454049,867.2886,633.00
3.454049,867.3419,669.00
3.454049,867.3951,653.00
3.454049,867.4484,663.00
3.454049,867.5016,602.00
3.454049,867.5549,686.00
3.454049,867.6082,626.00
3.454049,867.6614,648.00
3.454049,867.7146,669.00
3.454049,867.7678,643.00
3.454049,867.8211,627.00
3.454049,867.8743,649.00
3.454049,867.9276,652.00
3.454049,867.9807,658.00
3.454049,868.0339,615.00
3.454049,868.0872,663.00
3.454049,868.1403,630.00
3.454049,868.1935,648.00
3.454049,868.2467,619.00
3.454049,868.2999,675.00
3.454049,868.3531,603.00
3.454049,868.4062,661.00
3.454049,868.4594,644.00
3.454049,868.5126,665.00
3.454049,868.5657,643.00
3.454049,868.6189,641.00
3.454049,868.6721,636.00
3.454049,868.7252,632.00
3.454049,868.7783,614.00
3.454049,868.8315,657.00
3.454049,868.8846,608.00
3.454049,868.9377,666.00
3.454049,868.9908,604.00
3.454049,869.0439,663.00
3.454049,869.0970,632.00
3.454049,869.1501,658.00
3.454049,869.2032,613.00
3.454049,869.2564,652.00
3.454049,869.3094,595.00
3.454049,869.3625,644.00
3.454049,869.4156,619.00
3.454049,869.4688,670.00
3.454049,869.5218,616.00
3.454049,869.5748,681.00
3.454049,869.6279,660.00
3.454049,869.6809,633.00
3.454049,869.7340,597.00
3.454049,869.7870,634.00
3.454049,869.8401,582.00
3.454049,869.8931,656.00
3.454049,869.9462,616.00
3.454049,869.9993,638.00
3.454049,870.0522,639.00
3.454049,870.1052,671.00
3.454049,870.1583,602.00
3.454049,870.2112,680.00
3.454049,870.2642,593.00
3.454049,870.3173,669.00
3.454049,870.3702,621.00
3.454049,870.4232,679.00
3.454049,870.4762,630.00
3.454049,870.5292,626.00
3.454049,870.5822,624.00
3.454049,870.6351,670.00
3.454049,870.6881,619.00
3.454049,870.7410,677.00
3.454049,870.7940,629.00
3.454049,870.8470,678.00
3.454049,870.8999,623.00
3.454049,870.9528,689.00
3.454049,871.0057,636.00
3.454049,871.0587,674.00
3.454049,871.1116,621.00
3.454049,871.1646,675.00
3.454049,871.2175,576.00
3.454049,871.2704,700.00
3.454049,871.3232,635.00
3.454049,871.3762,664.00
3.454049,871.4291,649.00
3.454049,871.4820,664.00
3.454049,871.5348,642.00
3.454049,871.5877,665.00
3.454049,871.6406,640.00
3.454049,871.6935,708.00
3.454049,871.7463,628.00
3.454049,871.7992,687.00
3.454049,871.8521,678.00
3.454049,871.9049,662.00
3.454049,871.9578,672.00
3.454049,872.0106,698.00
3.454049,872.0635,633.00
3.454049,872.1162,663.00
3.454049,872.1691,605.00
3.454049,872.2219,706.00
3.454049,872.2747,615.00
3.454049,872.3275,692.00
3.454049,872.3803,685.00
3.454049,872.4332,674.00
3.454049,872.4860,627.00
3.454049,872.5387,663.00
3.454049,872.5915,634.00
3.454049,872.6443,696.00
3.454049,872.6971,685.00
3.454049,872.7499,695.00
3.454049,872.8026,667.00
3.454049,872.8553,645.00
3.454049,872.9081,658.00
3.454049,872.9609,656.00
3.454049,873.0136,649.00
3.454049,873.0663,701.00
3.454049,873.1191,584.00
3.454049,873.1718,683.00
3.454049,873.2245,648.00
3.454049,873.2773,672.00
3.454049,873.3300,632.00
3.454049,873.3827,672.00
3.454049,873.4354,631.00
3.454049,873.4882,706.00
3.454049,873.5408,648.00
3.454049,873.5935,658.00
3.454049,873.6462,656.00
3.454049,873.6989,685.00
3.454049,873.7515,675.00
3.454049,873.8042,680.00
3.454049,873.8569,641.00
3.454049,873.9096,682.00
3.454049,873.9622,600.00
3.454049,874.0149,695.00
3.454049,874.0675,650.00
3.454049,874.1202,696.00
3.454049,874.1729,635.00
3.454049,874.2255,684.00
3.454049,874.2781,647.00
3.454049,874.3307,653.00
3.454049,874.3834,614.00
3.454049,874.4360,647.00
3.454049,874.4885,620.00
3.454049,874.5411,715.00
3.454049,874.5938,624.00
3.454049,874.6463,657.00
3.454049,874.6990,623.00
3.454049,874.7515,630.00
3.454049,874.8041,585.00
3.454049,874.8567,702.00
3.454049,874.9092,662.00
3.454049,874.9619,703.00
3.454049,875.0144,659.00
3.454049,875.0669,690.00
3.454049,875.1194,643.00
3.454049,875.1720,673.00
3.454049,875.2246,599.00
3.454049,875.2772,675.00
3.454049,875.3296,607.00
3.454049,875.3821,689.00
3.454049,875.4346,664.00
3.454049,875.4872,685.00
3.454049,875.5397,669.00
3.454049,875.5922,683.00
3.454049,875.6447,646.00
3.454049,875.6971,706.00
3.454049,875.7498,608.00
3.454049,875.8022,702.00
3.454049,875.8547,631.00
3.454049,875.9071,701.00
3.454049,875.9596,635.00
3.454049,876.0120,646.00
3.454049,876.0646,647.00
3.454049,876.1169,669.00
3.454049,876.1694,626.00
3.454049,876.2219,675.00
3.454049,876.2743,659.00
3.454049,876.3268,705.00
3.454049,876.3792,634.00
3.454049,876.4316,679.00
3.454049,876.4840,669.00
3.454049,876.5364,653.00
3.454049,876.5889,620.00
3.454049,876.6413,725.00
3.454049,876.6937,631.00
3.454049,876.7460,684.00
3.454049,876.7985,660.00
3.454049,876.8509,708.00
3.454049,876.9032,660.00
3.454049,876.9556,687.00
3.454049,877.0079,634.00
3.454049,877.0604,646.00
3.454049,877.1127,610.00
3.454049,877.1651,702.00
3.454049,877.2174,653.00
3.454049,877.2697,661.00
3.454049,877.3221,659.00
3.454049,877.3744,675.00
3.454049,877.4268,637.00
3.454049,877.4791,624.00
3.454049,877.5314,582.00
3.454049,877.5837,667.00
3.454049,877.6360,611.00
3.454049,877.6884,668.00
3.454049,877.7407,612.00
3.454049,877.7930,639.00
3.454049,877.8452,637.00
3.454049,877.8975,647.00
3.454049,877.9498,618.00
3.454049,878.0021,648.00
3.454049,878.0544,627.00
3.454049,878.1066,676.00
3.454049,878.1589,601.00
3.454049,878.2111,625.00
3.454049,878.2634,626.00
3.454049,878.3157,603.00
3.454049,878.3679,616.00
3.454049,878.4202,636.00
3.454049,878.4724,606.00
3.454049,878.5246,661.00
3.454049,878.5768,615.00
3.454049,878.6290,672.00
3.454049,878.6812,630.00
3.454049,878.7335,617.00
3.454049,878.7856,640.00
3.454049,878.8379,633.00
3.454049,878.8901,608.00
3.454049,878.9422,627.00
3.454049,878.9944,594.00
3.454049,879.0466,676.00
3.454049,879.0988,634.00
3.454049,879.1509,674.00
3.454049,879.2031,619.00
3.454049,879.2552,613.00
3.454049,879.3074,614.00
3.454049,879.3596,641.00
3.454049,879.4117,581.00
3.454049,879.4638,677.00
3.454049,879.5159,594.00
3.454049,879.5681,661.00
3.454049,879.6202,630.00
3.454049,879.6723,650.00
3.454049,879.7244,652.00
3.454049,879.7766,669.00
3.454049,879.8287,604.00
3.454049,879.8808,665.00
3.454049,879.9329,575.00
3.454049,879.9849,640.00
3.454049,880.0370,634.00
3.454049,880.0891,644.00
3.454049,880.1412,636.00
3.454049,880.1932,627.00
3.454049,880.2452,598.00
3.454049,880.2973,659.00
3.454049,880.3495,648.00
3.454049,880.4015,704.00
3.454049,880.4536,631.00
3.454049,880.5056,633.00
3.454049,880.5576,623.00
3.454049,880.6096,652.00
3.454049,880.6616,588.00
3.454049,880.7137,663.00
3.454049,880.7656,600.00
3.454049,880.8176,643.00
3.454049,880.8696,602.00
3.454049,880.9217,660.00
3.454049,880.9737,613.00
3.454049,881.0256,634.00
3.454049,881.0776,613.00
3.454049,881.1296,651.00
3.454049,881.1816,568.00
3.454049,881.2336,648.00
3.454049,881.2855,555.00
3.454049,881.3374,638.00
3.454049,881.3893,641.00
3.454049,881.4413,628.00
3.454049,881.4933,608.00
3.454049,881.5452,657.00
3.454049,881.5972,603.00
3.454049,881.6490,622.00
3.454049,881.7010,592.00
3.454049,881.7530,636.00
3.454049,881.8049,602.00
3.454049,881.8568,647.00
3.454049,881.9086,619.00
3.454049,881.9605,628.00
3.454049,882.0125,606.00
3.454049,882.0643,651.00
3.454049,882.1162,557.00
3.454049,882.1681,647.00
3.454049,882.2199,582.00
3.454049,882.2719,637.00
3.454049,882.3237,609.00
3.454049,882.3755,614.00
3.454049,882.4274,563.00
3.454049,882.4792,617.00
3.454049,882.5311,570.00
3.454049,882.5829,612.00
3.454049,882.6348,581.00
3.454049,882.6866,659.00
3.454049,882.7383,612.00
3.454049,882.7902,585.00
3.454049,882.8420,622.00
3.454049,882.8939,612.00
3.454049,882.9457,539.00
3.454049,882.9974,624.00
3.454049,883.0493,608.00
3.454049,883.1011,645.00
3.454049,883.1528,558.00
3.454049,883.2046,635.00
3.454049,883.2563,622.00
3.454049,883.3081,594.00
3.454049,883.3599,578.00
3.454049,883.4116,623.00
3.454049,883.4634,597.00
3.454049,883.5151,651.00
3.454049,883.5668,613.00
3.454049,883.6187,615.00
3.454049,883.6703,611.00
3.454049,883.7220,616.00
3.454049,883.7738,599.00
3.454049,883.8254,658.00
3.454049,883.8773,563.00
3.454049,883.9289,647.00
3.454049,883.9806,570.00
3.454049,884.0323,671.00
3.454049,884.0840,629.00
3.454049,884.1357,653.00
3.454049,884.1874,591.00
3.454049,884.2391,645.00
3.454049,884.2907,545.00
3.454049,884.3423,640.00
3.454049,884.3940,576.00
3.454049,884.4457,635.00
3.454049,884.4974,630.00
3.454049,884.5490,618.00
3.454049,884.6006,592.00
3.454049,884.6523,650.00
3.454049,884.7039,577.00
3.454049,884.7555,633.00
3.454049,884.8071,615.00
3.454049,884.8588,662.00
3.454049,884.9103,647.00
3.454049,884.9620,690.00
3.454049,885.0136,656.00
3.454049,885.0651,655.00
3.454049,885.1168,607.00
3.454049,885.1683,663.00
3.454049,885.2200,613.00
3.454049,885.2715,676.00
3.454049,885.3231,603.00
3.454049,885.3746,655.00
3.454049,885.4262,651.00
3.454049,885.4778,656.00
3.454049,885.5293,646.00
3.454049,885.5809,681.00
3.454049,885.6324,605.00
3.454049,885.6839,637.00
3.454049,885.7355,600.00
3.454049,885.7870,667.00
3.454049,885.8385,616.00
3.454049,885.8900,662.00
3.454049,885.9415,630.00
3.454049,885.9930,656.00
3.454049,886.0446,609.00
3.454049,886.0960,662.00
3.454049,886.1475,601.00
3.454049,886.1990,659.00
3.454049,886.2504,610.00
3.454049,886.3020,680.00
3.454049,886.3534,613.00
3.454049,886.4048,644.00
3.454049,886.4564,619.00
3.454049,886.5078,649.00
3.454049,886.5593,592.00
3.454049,886.6107,692.00
3.454049,886.6621,626.00
3.454049,886.7136,645.00
3.454049,886.7650,614.00
3.454049,886.8164,696.00
3.454049,886.8679,626.00
3.454049,886.9193,637.00
3.454049,886.9706,586.00
3.454049,887.0220,661.00
3.454049,887.0735,598.00
3.454049,887.1249,635.00
3.454049,887.1762,620.00
3.454049,887.2276,671.00
3.454049,887.2789,662.00
3.454049,887.3304,637.00
3.454049,887.3818,627.00
3.454049,887.4331,662.00
3.454049,887.4844,629.00
3.454049,887.5358,673.00
3.454049,887.5871,604.00
3.454049,887.6385,671.00
3.454049,887.6898,655.00
3.454049,887.7411,636.00
3.454049,887.7925,632.00
3.454049,887.8438,654.00
3.454049,887.8951,597.00
3.454049,887.9464,697.00
3.454049,887.9977,628.00
3.454049,888.0490,724.00
3.454049,888.1003,665.00
3.454049,888.1516,668.00
3.454049,888.2029,628.00
3.454049,888.2542,650.00
3.454049,888.3054,618.00
3.454049,888.3567,670.00
3.454049,888.4080,642.00
3.454049,888.4592,682.00
3.454049,888.5105,631.00
3.454049,888.5618,671.00
3.454049,888.6130,631.00
3.454049,888.6642,661.00
3.454049,888.7155,665.00
3.454049,888.7667,665.00
3.454049,888.8179,597.00
3.454049,888.8691,675.00
3.454049,888.9204,652.00
3.454049,888.9716,666.00
3.454049,889.0228,662.00
3.454049,889.0740,666.00
3.454049,889.1252,645.00
3.454049,889.1764,670.00
3.454049,889.2275,619.00
3.454049,889.2787,691.00
3.454049,889.3299,623.00
3.454049,889.3810,692.00
3.454049,889.4322,653.00
3.454049,889.4835,681.00
3.454049,889.5346,639.00
3.454049,889.5857,635.00
3.454049,889.6368,618.00
3.454049,889.6879,686.00
3.454049,889.7391,618.00
3.454049,889.7903,705.00
3.454049,889.8414,629.00
3.454049,889.8925,693.00
3.454049,889.9435,663.00
3.454049,889.9948,633.00
3.454049,890.0458,650.00
3.454049,890.0969,676.00
3.454049,890.1479,630.00
3.454049,890.1990,673.00
3.454049,890.2501,612.00
3.454049,890.3012,667.00
3.454049,890.3523,658.00
3.454049,890.4034,617.00
3.454049,890.4545,626.00
3.454049,890.5054,624.00
3.454049,890.5566,573.00
3.454049,890.6076,645.00
3.454049,890.6586,596.00
3.454049,890.7097,653.00
3.454049,890.7607,620.00
3.454049,890.8117,654.00
3.454049,890.8627,638.00
3.454049,890.9138,628.00
3.454049,890.9647,596.00
3.454049,891.0157,648.00
3.454049,891.0668,597.00
3.454049,891.1178,651.00
3.454049,891.1688,600.00
3.454049,891.2197,664.00
3.454049,891.2707,620.00
3.454049,891.3217,632.00
3.454049,891.3727,595.00
3.454049,891.4236,642.00
3.454049,891.4745,596.00
3.454049,891.5256,642.00
3.454049,891.5765,586.00
3.454049,891.6275,657.00
3.454049,891.6783,591.00
3.454049,891.7293,652.00
3.454049,891.7802,591.00
3.454049,891.8312,631.00
3.454049,891.8821,574.00
3.454049,891.9330,665.00
3.454049,891.9839,584.00
3.454049,892.0348,635.00
3.454049,892.0857,613.00
3.454049,892.1366,637.00
3.454049,892.1875,610.00
3.454049,892.2383,632.00
3.454049,892.2892,623.00
3.454049,892.3401,658.00
3.454049,892.3911,584.00
3.454049,892.4418,667.00
3.454049,892.4927,632.00
3.454049,892.5436,673.00
3.454049,892.5944,635.00
3.454049,892.6452,666.00
3.454049,892.6961,615.00
3.454049,892.7469,650.00
3.454049,892.7977,610.00
3.454049,892.8485,625.00
3.454049,892.8993,645.00
3.454049,892.9502,671.00
3.454049,893.0010,645.00
3.454049,893.0518,641.00
3.454049,893.1025,676.00
3.454049,893.1534,650.00
3.454049,893.2042,611.00
3.454049,893.2549,662.00
3.454049,893.3057,622.00
3.454049,893.3564,678.00
3.454049,893.4072,677.00
3.454049,893.4580,651.00
3.454049,893.5087,627.00
3.454049,893.5595,655.00
3.454049,893.6102,589.00
3.454049,893.6609,678.00
3.454049,893.7117,571.00
3.454049,893.7625,689.00
3.454049,893.8132,653.00
3.454049,893.8639,670.00
3.454049,893.9146,651.00
3.454049,893.9653,613.00
3.454049,894.0160,608.00
3.454049,894.0667,654.00
3.454049,894.1174,627.00
3.454049,894.1681,655.00
3.454049,894.2188,616.00
3.454049,894.2695,664.00
3.454049,894.3201,641.00
3.454049,894.3708,641.00
3.454049,894.4214,603.00
3.454049,894.4720,658.00
3.454049,894.5228,564.00
3.454049,894.5734,706.00
3.454049,894.6240,622.00
3.454049,894.6746,669.00
3.454049,894.7252,677.00
3.454049,894.7759,658.00
3.454049,894.8265,627.00
3.454049,894.8771,671.00
3.454049,894.9277,600.00
3.454049,894.9783,666.00
3.454049,895.0290,597.00
3.454049,895.0795,719.00
3.454049,895.1301,629.00
3.454049,895.1807,654.00
3.454049,895.2313,649.00
3.454049,895.2819,640.00
3.454049,895.3325,629.00
3.454049,895.3830,656.00
3.454049,895.4336,593.00
3.454049,895.4841,670.00
3.454049,895.5347,624.00
3.454049,895.5852,648.00
3.454049,895.6357,642.00
3.454049,895.6863,674.00
3.454049,895.7368,647.00
3.454049,895.7874,654.00
3.454049,895.8379,584.00
3.454049,895.8884,671.00
3.454049,895.9388,605.00
3.454049,895.9893,677.00
3.454049,896.0399,653.00
3.454049,896.0904,642.00
3.454049,896.1408,669.00
3.454049,896.1913,648.00
3.454049,896.2418,612.00
3.454049,896.2922,688.00
3.454049,896.3427,653.00
3.454049,896.3932,702.00
3.454049,896.4437,640.00
3.454049,896.4941,694.00
3.454049,896.5445,650.00
3.454049,896.5950,664.00
3.454049,896.6454,655.00
3.454049,896.6958,650.00
3.454049,896.7462,591.00
3.454049,896.7967,665.00
3.454049,896.8471,636.00
3.454049,896.8975,655.00
3.454049,896.9479,641.00
3.454049,896.9983,647.00
3.454049,897.0486,624.00
3.454049,897.0991,650.00
3.454049,897.1495,617.00
3.454049,897.1998,708.00
3.454049,897.2502,615.00
3.454049,897.3005,690.00
3.454049,897.3510,657.00
3.454049,897.4013,670.00
3.454049,897.4517,654.00
3.454049,897.5020,657.00
3.454049,897.5523,631.00
3.454049,897.6026,676.00
3.454049,897.6530,615.00
3.454049,897.7033,675.00
3.454049,897.7537,638.00
3.454049,897.8040,679.00
3.454049,897.8542,604.00
3.454049,897.9046,661.00
3.454049,897.9549,641.00
3.454049,898.0051,687.00
3.454049,898.0554,615.00
3.454049,898.1057,688.00
3.454049,898.1560,620.00
3.454049,898.2063,684.00
3.454049,898.2565,637.00
3.454049,898.3068,619.00
3.454049,898.3571,666.00
3.454049,898.4073,620.00
3.454049,898.4576,566.00
3.454049,898.5078,678.00
3.454049,898.5580,567.00
3.454049,898.6083,679.00
3.454049,898.6584,622.00
3.454049,898.7087,653.00
3.454049,898.7590,641.00
3.454049,898.8091,635.00
3.454049,898.8593,621.00
3.454049,898.9095,659.00
3.454049,898.9598,592.00
3.454049,899.0099,692.00
3.454049,899.0601,645.00
3.454049,899.1103,644.00
3.454049,899.1605,637.00
3.454049,899.2107,638.00
3.454049,899.2608,600.00
3.454049,899.3109,620.00
3.454049,899.3611,618.00
3.454049,899.4113,692.00
3.454049,899.4614,629.00
3.454049,899.5115,694.00
3.454049,899.5616,646.00
3.454049,899.6118,651.00
3.454049,899.6619,600.00
3.454049,899.7121,642.00
3.454049,899.7622,599.00
3.454049,899.8123,665.00
3.454049,899.8624,577.00
3.454049,899.9124,642.00
3.454049,899.9626,607.00
3.454049,900.0126,621.00
3.454049,900.0627,620.00
3.454049,900.1127,666.00
3.454049,900.1628,597.00
3.454049,900.2130,687.00
3.454049,900.2631,566.00
3.454049,900.3130,660.00
3.454049,900.3631,611.00
3.454049,900.4131,646.00
3.454049,900.4632,615.00
3.454049,900.5132,639.00
3.454049,900.5633,586.00
3.454049,900.6132,627.00
3.454049,900.6632,613.00
3.454049,900.7133,641.00
3.454049,900.7633,565.00
3.454049,900.8133,639.00
3.454049,900.8633,599.00
3.454049,900.9133,634.00
3.454049,900.9633,612.00
3.454049,901.0133,654.00
3.454049,901.0632,617.00
3.454049,901.1132,639.00
3.454049,901.1631,597.00
3.454049,901.2131,646.00
3.454049,901.2631,663.00
3.454049,901.3130,672.00
3.454049,901.3630,631.00
3.454049,901.4129,634.00
3.454049,901.4628,619.00
3.454049,901.5128,631.00
3.454049,901.5627,604.00
3.454049,901.6126,667.00
3.454049,901.6625,619.00
3.454049,901.7124,643.00
3.454049,901.7623,625.00
3.454049,901.8123,628.00
3.454049,901.8621,645.00
3.454049,901.9120,649.00
3.454049,901.9619,581.00
3.454049,902.0117,664.00
3.454049,902.0616,628.00
3.454049,902.1115,634.00
3.454049,902.1613,620.00
3.454049,902.2112,600.00
3.454049,902.2610,620.00
3.454049,902.3109,632.00
3.454049,902.3608,607.00
3.454049,902.4106,662.00
3.454049,902.4604,614.00
3.454049,902.5103,646.00
3.454049,902.5601,608.00
3.454049,902.6099,655.00
3.454049,902.6597,597.00
3.454049,902.7095,611.00
3.454049,902.7592,603.00
3.454049,902.8090,644.00
3.454049,902.8589,569.00
3.454049,902.9086,664.00
3.454049,902.9584,617.00
3.454049,903.0082,663.00
3.454049,903.0580,626.00
3.454049,903.1077,626.00
3.454049,903.1575,618.00
3.454049,903.2072,644.00
3.454049,903.2570,595.00
3.454049,903.3067,623.00
3.454049,903.3564,605.00
3.454049,903.4062,655.00
3.454049,903.4559,652.00
3.454049,903.5056,653.00
3.454049,903.5553,625.00
3.454049,903.6050,634.00
3.454049,903.6547,621.00
3.454049,903.7045,666.00
3.454049,903.7541,560.00
3.454049,903.8038,716.00
3.454049,903.8535,623.00
3.454049,903.9032,594.00
3.454049,903.9528,625.00
3.454049,904.0025,644.00
3.454049,904.0522,626.00
3.454049,904.1019,625.00
3.454049,904.1515,589.00
3.454049,904.2012,668.00
3.454049,904.2507,566.00
3.454049,904.3004,645.00
3.454049,904.3500,598.00
3.454049,904.3997,610.00
3.454049,904.4493,598.00
3.454049,904.4989,607.00
3.454049,904.5485,584.00
3.454049,904.5980,651.00
3.454049,904.6477,597.00
3.454049,904.6973,637.00
3.454049,904.7469,587.00
3.454049,904.7964,640.00
3.454049,904.8460,625.00
3.454049,904.8956,602.00
3.454049,904.9452,598.00
3.454049,904.9947,613.00
3.454049,905.0443,578.00
3.454049,905.0938,668.00
3.454049,905.1434,587.00
3.454049,905.1929,603.00
3.454049,905.2424,618.00
3.454049,905.2919,625.00
3.454049,905.3414,628.00
3.454049,905.3910,627.00
3.454049,905.4406,569.00
3.454049,905.4901,655.00
3.454049,905.5396,580.00
3.454049,905.5890,626.00
3.454049,905.6385,605.00
3.454049,905.6880,626.00
3.454049,905.7375,629.00
3.454049,905.7870,694.00
3.454049,905.8364,615.00
3.454049,905.8859,606.00
3.454049,905.9354,603.00
3.454049,905.9848,686.00
3.454049,906.0342,665.00
3.454049,906.0837,663.00
3.454049,906.1331,611.00
3.454049,906.1826,633.00
3.454049,906.2321,609.00
3.454049,906.2814,690.00
3.454049,906.3309,581.00
3.454049,906.3802,661.00
3.454049,906.4297,620.00
3.454049,906.4791,658.00
3.454049,906.5285,635.00
3.454049,906.5779,596.00
3.454049,906.6273,616.00
3.454049,906.6766,644.00
3.454049,906.7260,609.00
3.454049,906.7754,685.00
3.454049,906.8248,584.00
3.454049,906.8741,664.00
3.454049,906.9235,634.00
3.454049,906.9729,636.00
3.454049,907.0222,594.00
3.454049,907.0715,662.00
3.454049,907.1208,584.00
3.454049,907.1702,659.00
3.454049,907.2195,626.00
3.454049,907.2688,651.00
3.454049,907.3181,593.00
3.454049,907.3674,630.00
3.454049,907.4167,623.00
3.454049,907.4660,627.00
3.454049,907.5153,581.00
3.454049,907.5646,680.00
3.454049,907.6139,585.00
3.454049,907.6631,675.00
3.454049,907.7125,597.00
3.454049,907.7617,636.00
3.454049,907.8110,602.00
3.454049,907.8602,630.00
3.454049,907.9094,575.00
3.454049,907.9587,630.00
3.454049,908.0080,552.00
3.454049,908.0572,663.00
3.454049,908.1064,597.00
3.454049,908.1556,671.00
3.454049,908.2048,611.00
3.454049,908.2541,634.00
3.454049,908.3033,651.00
3.454049,908.3524,616.00
3.454049,908.4017,557.00
3.454049,908.4508,663.00
3.454049,908.5000,603.00
3.454049,908.5493,649.00
3.454049,908.5984,628.00
3.454049,908.6475,640.00
3.454049,908.6967,601.00
3.454049,908.7459,637.00
3.454049,908.7950,578.00
3.454049,908.8442,630.00
3.454049,908.8932,590.00
3.454049,908.9424,684.00
3.454049,908.9916,604.00
3.454049,909.0407,635.00
3.454049,909.0898,653.00
3.454049,909.1389,659.00
3.454049,909.1880,600.00
3.454049,909.2372,644.00
3.454049,909.2863,563.00
3.454049,909.3354,648.00
3.454049,909.3845,575.00
3.454049,909.4335,652.00
3.454049,909.4825,636.00
3.454049,909.5317,623.00
3.454049,909.5807,616.00
3.454049,909.6298,639.00
3.454049,909.6789,564.00
3.454049,909.7280,652.00
3.454049,909.7770,611.00
3.454049,909.8260,678.00
3.454049,909.8751,601.00
3.454049,909.9241,628.00
3.454049,909.9731,640.00
3.454049,910.0222,617.00
3.454049,910.0711,605.00
3.454049,910.1201,634.00
3.454049,910.1691,562.00
3.454049,910.2181,640.00
3.454049,910.2672,636.00
3.454049,910.3162,618.00
3.454049,910.3651,623.00
3.454049,910.4141,639.00
3.454049,910.4631,620.00
3.454049,910.5120,628.00
3.454049,910.5610,595.00
3.454049,910.6099,651.00
3.454049,910.6589,615.00
3.454049,910.7078,656.00
3.454049,910.7568,640.00
3.454049,910.8057,651.00
3.454049,910.8546,635.00
3.454049,910.9036,633.00
3.454049,910.9525,610.00
3.454049,911.0013,652.00
3.454049,911.0503,633.00
3.454049,911.0992,659.00
3.454049,911.1481,626.00
3.454049,911.1970,637.00
3.454049,911.2459,628.00
3.454049,911.2948,622.00
3.454049,911.3436,613.00
3.454049,911.3925,643.00
3.454049,911.4414,620.00
3.454049,911.4902,668.00
3.454049,911.5391,633.00
3.454049,911.5880,640.00
3.454049,911.6368,639.00
3.454049,911.6857,640.00
3.454049,911.7344,608.00
3.454049,911.7833,688.00
3.454049,911.8321,612.00
3.454049,911.8809,651.00
3.454049,911.9297,620.00
3.454049,911.9785,662.00
3.454049,912.0273,654.00
3.454049,912.0762,636.00
3.454049,912.1249,667.00
3.454049,912.1737,662.00
3.454049,912.2225,621.00
3.454049,912.2712,683.00
3.454049,912.3201,656.00
3.454049,912.3688,671.00
3.454049,912.4176,647.00
3.454049,912.4663,652.00
3.454049,912.5150,605.00
3.454049,912.5638,650.00
3.454049,912.6125,617.00
3.454049,912.6613,679.00
3.454049,912.7100,612.00
3.454049,912.7587,670.00
3.454049,912.8074,659.00
3.454049,912.8561,692.00
3.454049,912.9048,659.00
3.454049,912.9535,672.00
3.454049,913.0023,615.00
3.454049,913.0510,649.00
3.454049,913.0996,630.00
3.454049,913.1483,691.00
3.454049,913.1969,650.00
3.454049,913.2456,679.00
3.454049,913.2943,730.00
3.454049,913.3430,675.00
3.454049,913.3916,657.00
3.454049,913.4402,661.00
3.454049,913.4888,643.00
3.454049,913.5375,719.00
3.454049,913.5862,637.00
3.454049,913.6348,702.00
3.454049,913.6834,670.00
3.454049,913.7320,673.00
3.454049,913.7806,673.00
3.454049,913.8292,692.00
3.454049,913.8778,667.00
3.454049,913.9264,675.00
3.454049,913.9750,622.00
3.454049,914.0236,700.00
3.454049,914.0721,664.00
3.454049,914.1207,725.00
3.454049,914.1693,657.00
3.454049,914.2178,711.00
3.454049,914.2664,652.00
3.454049,914.3149,666.00
3.454049,914.3635,634.00
3.454049,914.4120,678.00
3.454049,914.4606,669.00
3.454049,914.5090,716.00
3.454049,914.5576,675.00
3.454049,914.6061,705.00
3.454049,914.6546,655.00
3.454049,914.7031,698.00
3.454049,914.7516,646.00
3.454049,914.8001,695.00
3.454049,914.8486,664.00
3.454049,914.8971,693.00
3.454049,914.9456,657.00
3.454049,914.9941,677.00
3.454049,915.0425,669.00
3.454049,915.0910,684.00
3.454049,915.1395,632.00
3.454049,915.1879,704.00
3.454049,915.2363,638.00
3.454049,915.2849,724.00
3.454049,915.3333,654.00
3.454049,915.3817,684.00
3.454049,915.4301,670.00
3.454049,915.4785,665.00
3.454049,915.5269,624.00
3.454049,915.5754,689.00
3.454049,915.6237,646.00
3.454049,915.6721,695.00
3.454049,915.7205,640.00
3.454049,915.7689,702.00
3.454049,915.8173,680.00
3.454049,915.8657,675.00
3.454049,915.9141,641.00
3.454049,915.9623,688.00
3.454049,916.0107,621.00
3.454049,916.0591,706.00
3.454049,916.1075,647.00
3.454049,916.1558,710.00
3.454049,916.2042,658.00
3.454049,916.2524,686.00
3.454049,916.3008,661.00
3.454049,916.3491,695.00
3.454049,916.3974,613.00
3.454049,916.4457,685.00
3.454049,916.4940,613.00
3.454049,916.5423,684.00
3.454049,916.5907,679.00
3.454049,916.6390,664.00
3.454049,916.6872,644.00
3.454049,916.7355,668.00
3.454049,916.7838,614.00
3.454049,916.8320,687.00
3.454049,916.8803,616.00
3.454049,916.9286,720.00
3.454049,916.9768,624.00
3.454049,917.0250,675.00
3.454049,917.0733,697.00
3.454049,917.1216,696.00
3.454049,917.1698,644.00
3.454049,917.2180,640.00
3.454049,917.2662,607.00
3.454049,917.3145,658.00
3.454049,917.3626,640.00
3.454049,917.4109,694.00
3.454049,917.4590,620.00
3.454049,917.5072,699.00
3.454049,917.5554,661.00
3.454049,917.6036,658.00
3.454049,917.6518,625.00
3.454049,917.7000,694.00
3.454049,917.7481,647.00
3.454049,917.7963,676.00
3.454049,917.8444,633.00
3.454049,917.8926,704.00
3.454049,917.9407,663.00
3.454049,917.9888,689.00
3.454049,918.0369,612.00
3.454049,918.0851,668.00
3.454049,918.1332,630.00
3.454049,918.1813,683.00
3.454049,918.2294,660.00
3.454049,918.2776,710.00
3.454049,918.3257,656.00
3.454049,918.3737,657.00
3.454049,918.4218,671.00
3.454049,918.4699,694.00
3.454049,918.5180,641.00
3.454049,918.5660,660.00
3.454049,918.6142,636.00
3.454049,918.6622,677.00
3.454049,918.7103,645.00
3.454049,918.7583,668.00
3.454049,918.8064,702.00
3.454049,918.8544,662.00
3.454049,918.9025,636.00
3.454049,918.9505,716.00
3.454049,918.9985,640.00
3.454049,919.0464,715.00
3.454049,919.0945,679.00
3.454049,919.1426,692.00
3.454049,919.1905,668.00
3.454049,919.2385,660.00
3.454049,919.2866,627.00
3.454049,919.3345,679.00
3.454049,919.3825,640.00
3.454049,919.4304,690.00
3.454049,919.4785,650.00
3.454049,919.5264,681.00
3.454049,919.5744,675.00
3.454049,919.6224,668.00
3.454049,919.6703,649.00
3.454049,919.7182,663.00
3.454049,919.7661,642.00
3.454049,919.8141,687.00
3.454049,919.8620,648.00
3.454049,919.9100,736.00
3.454049,919.9578,643.00
3.454049,920.0057,713.00
3.454049,920.0536,633.00
3.454049,920.1016,660.00
3.454049,920.1495,644.00
3.454049,920.1973,687.00
3.454049,920.2452,600.00
3.454049,920.2932,680.00
3.454049,920.3410,664.00
3.454049,920.3888,704.00
3.454049,920.4367,643.00
3.454049,920.4846,666.00
3.454049,920.5323,614.00
3.454049,920.5803,614.00
3.454049,920.6281,618.00
3.454049,920.6759,701.00
3.454049,920.7237,651.00
3.454049,920.7715,679.00
3.454049,920.8195,645.00
3.454049,920.8672,633.00
3.454049,920.9150,624.00
3.454049,920.9628,665.00
3.454049,921.0106,631.00
3.454049,921.0584,678.00
3.454049,921.1062,594.00
3.454049,921.1540,688.00
3.454049,921.2017,614.00
3.454049,921.2495,641.00
3.454049,921.2973,607.00
3.454049,921.3450,639.00
3.454049,921.3928,588.00
3.454049,921.4405,663.00
3.454049,921.4882,600.00
3.454049,921.5359,649.00
3.454049,921.5837,621.00
3.454049,921.6315,690.00
3.454049,921.6791,623.00
3.454049,921.7269,656.00
3.454049,921.7746,626.00
3.454049,921.8223,594.00
3.454049,921.8700,603.00
3.454049,921.9177,661.00
3.454049,921.9653,600.00
3.454049,922.0130,663.00
3.454049,922.0607,649.00
3.454049,922.1084,641.00
3.454049,922.1561,648.00
3.454049,922.2037,660.00
3.454049,922.2513,615.00
3.454049,922.2990,668.00
3.454049,922.3467,620.00
3.454049,922.3943,686.00
3.454049,922.4419,634.00
3.454049,922.4895,679.00
3.454049,922.5371,648.00
3.454049,922.5848,682.00
3.454049,922.6324,629.00
3.454049,922.6800,629.00
3.454049,922.7276,601.00
3.454049,922.7752,658.00
3.454049,922.8228,631.00
3.454049,922.8704,682.00
3.454049,922.9179,616.00
3.454049,922.9655,688.00
3.454049,923.0130,617.00
3.454049,923.0607,719.00
3.454049,923.1082,611.00
3.454049,923.1558,678.00
3.454049,923.2032,624.00
3.454049,923.2508,650.00
3.454049,923.2983,669.00
3.454049,923.3459,663.00
3.454049,923.3934,643.00
3.454049,923.4409,650.00
3.454049,923.4884,625.00
3.454049,923.5359,664.00
3.454049,923.5834,617.00
3.454049,923.6309,651.00
3.454049,923.6784,649.00
3.454049,923.7259,658.00
3.454049,923.7734,652.00
3.454049,923.8209,640.00
3.454049,923.8683,589.00
3.454049,923.9158,676.00
3.454049,923.9632,653.00
3.454049,924.0106,684.00
3.454049,924.0581,612.00
3.454049,924.1056,680.00
3.454049,924.1530,648.00
3.454049,924.2004,656.00
3.454049,924.2479,656.00
3.454049,924.2952,630.00
3.454049,924.3427,568.00
3.454049,924.3901,672.00
3.454049,924.4375,646.00
3.454049,924.4849,696.00
3.454049,924.5323,653.00
3.454049,924.5797,644.00
3.454049,924.6270,660.00
3.454049,924.6744,677.00
3.454049,924.7218,630.00
3.454049,924.7692,704.00
3.454049,924.8165,620.00
3.454049,924.8639,682.00
3.454049,924.9112,640.00
3.454049,924.9585,675.00
3.454049,925.0059,674.00
3.454049,925.0532,654.00
3.454049,925.1005,611.00
3.454049,925.1478,670.00
3.454049,925.1952,603.00
3.454049,925.2424,687.00
3.454049,925.2897,639.00
3.454049,925.3370,677.00
3.454049,925.3843,647.00
3.454049,925.4316,675.00
3.454049,925.4789,619.00
3.454049,925.5262,655.00
3.454049,925.5734,630.00
3.454049,925.6207,701.00
3.454049,925.6680,639.00
3.454049,925.7153,671.00
3.454049,925.7625,645.00
3.454049,925.8097,655.00
3.454049,925.8569,670.00
3.454049,925.9042,651.00
3.454049,925.9514,611.00
3.454049,925.9987,656.00
3.454049,926.0458,615.00
3.454049,926.0930,665.00
3.454049,926.1403,627.00
3.454049,926.1874,695.00
3.454049,926.2346,674.00
3.454049,926.2819,699.00
3.454049,926.3290,638.00
3.454049,926.3762,661.00
3.454049,926.4233,595.00
3.454049,926.4705,707.00
3.454049,926.5177,685.00
3.454049,926.5648,699.00
3.454049,926.6120,686.00
3.454049,926.6591,717.00
3.454049,926.7063,651.00
3.454049,926.7534,674.00
3.454049,926.8005,599.00
3.454049,926.8477,711.00
3.454049,926.8947,666.00
3.454049,926.9418,693.00
3.454049,926.9890,695.00
3.454049,927.0361,677.00
3.454049,927.0831,691.00
3.454049,927.1302,693.00
3.454049,927.1773,632.00
3.454049,927.2244,711.00
3.454049,927.2715,668.00
3.454049,927.3185,691.00
3.454049,927.3656,646.00
3.454049,927.4126,708.00
3.454049,927.4597,699.00
3.454049,927.5067,682.00
3.454049,927.5538,639.00
3.454049,927.6008,687.00
3.454049,927.6478,662.00
3.454049,927.6949,707.00
3.454049,927.7419,651.00
3.454049,927.7888,687.00
3.454049,927.8358,697.00
3.454049,927.8829,715.00
3.454049,927.9299,647.00
3.454049,927.9769,721.00
3.454049,928.0239,675.00
3.454049,928.0708,680.00
3.454049,928.1177,665.00
3.454049,928.1648,697.00
3.454049,928.2117,702.00
3.454049,928.2587,699.00
3.454049,928.3056,658.00
3.454049,928.3525,692.00
3.454049,928.3995,646.00
3.454049,928.4465,707.00
3.454049,928.4934,667.00
3.454049,928.5402,719.00
3.454049,928.5872,672.00
3.454049,928.6340,739.00
3.454049,928.6810,687.00
3.454049,928.7279,711.00
3.454049,928.7748,671.00
3.454049,928.8217,682.00
3.454049,928.8685,641.00
3.454049,928.9155,671.00
3.454049,928.9623,631.00
3.454049,929.0092,711.00
3.454049,929.0560,643.00
3.454049,929.1028,672.00
3.454049,929.1498,651.00
3.454049,929.1965,701.00
3.454049,929.2434,661.00
3.454049,929.2902,705.00
3.454049,929.3370,632.00
3.454049,929.3839,697.00
3.454049,929.4307,674.00
3.454049,929.4775,694.00
3.454049,929.5243,684.00
3.454049,929.5710,670.00
3.454049,929.6179,640.00
3.454049,929.6647,715.00
3.454049,929.7115,659.00
3.454049,929.7582,700.00
3.454049,929.8050,647.00
3.454049,929.8517,718.00
3.454049,929.8986,653.00
3.454049,929.9453,671.00
3.454049,929.9921,674.00
3.454049,930.0388,725.00
3.454049,930.0854,627.00
3.454049,930.1323,704.00
3.454049,930.1790,639.00
3.454049,930.2256,689.00
3.454049,930.2724,678.00
3.454049,930.3191,661.00
3.454049,930.3658,642.00
3.454049,930.4125,683.00
3.454049,930.4592,600.00
3.454049,930.5059,701.00
3.454049,930.5526,642.00
3.454049,930.5993,683.00
3.454049,930.6459,693.00
3.454049,930.6926,704.00
3.454049,930.7392,646.00
3.454049,930.7859,707.00
3.454049,930.8325,627.00
3.454049,930.8792,710.00
3.454049,930.9258,662.00
3.454049,930.9725,707.00
3.454049,931.0190,671.00
3.454049,931.0657,695.00
3.454049,931.1123,675.00
3.454049,931.1589,677.00
3.454049,931.2055,641.00
3.454049,931.2521,657.00
3.454049,931.2987,645.00
3.454049,931.3453,669.00
3.454049,931.3919,640.00
3.454049,931.4385,678.00
3.454049,931.4850,666.00
3.454049,931.5316,644.00
3.454049,931.5782,626.00
3.454049,931.6248,656.00
3.454049,931.6713,623.00
3.454049,931.7178,693.00
3.454049,931.7643,646.00
3.454049,931.8109,693.00
3.454049,931.8574,672.00
3.454049,931.9039,675.00
3.454049,931.9504,682.00
3.454049,931.9969,699.00
3.454049,932.0435,650.00
3.454049,932.0900,702.00
3.454049,932.1365,619.00
3.454049,932.1829,681.00
3.454049,932.2294,649.00
3.454049,932.2759,725.00
3.454049,932.3223,651.00
3.454049,932.3688,651.00
3.454049,932.4153,662.00
3.454049,932.4617,680.00
3.454049,932.5082,656.00
3.454049,932.5546,699.00
3.454049,932.6011,667.00
3.454049,932.6475,729.00
3.454049,932.6939,688.00
3.454049,932.7402,716.00
3.454049,932.7867,649.00
3.454049,932.8331,685.00
3.454049,932.8795,634.00
3.454049,932.9259,702.00
3.454049,932.9723,644.00
3.454049,933.0187,712.00
3.454049,933.0651,682.00
3.454049,933.1115,715.00
3.454049,933.1578,667.00
3.454049,933.2042,688.00
3.454049,933.2505,644.00
3.454049,933.2969,701.00
3.454049,933.3433,693.00
3.454049,933.3896,713.00
3.454049,933.4359,656.00
3.454049,933.4822,708.00
3.454049,933.5286,660.00
3.454049,933.5749,686.00
3.454049,933.6212,664.00
3.454049,933.6675,686.00
3.454049,933.7138,632.00
3.454049,933.7601,736.00
3.454049,933.8064,655.00
3.454049,933.8527,702.00
3.454049,933.8989,657.00
3.454049,933.9452,688.00
3.454049,933.9915,710.00
3.454049,934.0378,697.00
3.454049,934.0840,663.00
3.454049,934.1302,752.00
3.454049,934.1765,636.00
3.454049,934.2227,737.00
3.454049,934.2690,680.00
3.454049,934.3152,705.00
3.454049,934.3614,666.00
3.454049,934.4077,674.00
3.454049,934.4539,650.00
3.454049,934.5001,710.00
3.454049,934.5463,650.00
3.454049,934.5925,757.00
3.454049,934.6387,699.00
3.454049,934.6848,697.00
3.454049,934.7310,661.00
3.454049,934.7772,695.00
3.454049,934.8234,658.00
3.454049,934.8695,685.00
3.454049,934.9156,614.00
3.454049,934.9619,692.00
3.454049,935.0080,675.00
3.454049,935.0541,719.00
3.454049,935.1002,704.00
3.454049,935.1464,689.00
3.454049,935.1925,650.00
3.454049,935.2386,733.00
3.454049,935.2847,675.00
3.454049,935.3308,722.00
3.454049,935.3769,644.00
3.454049,935.4230,729.00
3.454049,935.4691,688.00
3.454049,935.5152,703.00
3.454049,935.5613,655.00
3.454049,935.6073,704.00
3.454049,935.6534,650.00
3.454049,935.6995,708.00
3.454049,935.7455,639.00
3.454049,935.7916,723.00
3.454049,935.8376,684.00
3.454049,935.8837,715.00
3.454049,935.9297,654.00
3.454049,935.9757,693.00
3.454049,936.0217,649.00
3.454049,936.0677,670.00
3.454049,936.1137,619.00
3.454049,936.1598,705.00
3.454049,936.2057,666.00
3.454049,936.2518,714.00
3.454049,936.2977,657.00
3.454049,936.3437,679.00
3.454049,936.3896,614.00
3.454049,936.4357,665.00
3.454049,936.4816,589.00
3.454049,936.5275,708.00
3.454049,936.5735,629.00
3.454049,936.6194,683.00
3.454049,936.6654,654.00
3.454049,936.7114,640.00
3.454049,936.7573,616.00
3.454049,936.8032,646.00
3.454049,936.8491,587.00
3.454049,936.8950,639.00
3.454049,936.9409,594.00
3.454049,936.9868,690.00
3.454049,937.0327,605.00
3.454049,937.0786,651.00
3.454049,937.1245,629.00
3.454049,937.1704,635.00
3.454049,937.2162,623.00
3.454049,937.2621,678.00
3.454049,937.3080,595.00
3.454049,937.3539,662.00
3.454049,937.3997,631.00
3.454049,937.4455,699.00
3.454049,937.4913,641.00
3.454049,937.5372,657.00
3.454049,937.5831,639.00
3.454049,937.6289,641.00
3.454049,937.6747,605.00
3.454049,937.7205,674.00
3.454049,937.7663,612.00
3.454049,937.8121,687.00
3.454049,937.8579,624.00
3.454049,937.9037,652.00
3.454049,937.9495,651.00
3.454049,937.9952,686.00
3.454049,938.0410,613.00
3.454049,938.0868,642.00
3.454049,938.1325,604.00
3.454049,938.1783,701.00
3.454049,938.2240,647.00
3.454049,938.2698,644.00
3.454049,938.3155,639.00
3.454049,938.3613,654.00
3.454049,938.4069,646.00
3.454049,938.4527,627.00
3.454049,938.4984,620.00
3.454049,938.5441,681.00
3.454049,938.5898,647.00
3.454049,938.6356,679.00
3.454049,938.6812,659.00
3.454049,938.7269,678.00
3.454049,938.7726,630.00
3.454049,938.8182,677.00
3.454049,938.8640,653.00
3.454049,938.9096,687.00
3.454049,938.9552,619.00
3.454049,939.0010,649.00
3.454049,939.0466,690.00
3.454049,939.0922,698.00
3.454049,939.1378,689.00
3.454049,939.1835,699.00
3.454049,939.2291,626.00
3.454049,939.2747,691.00
3.454049,939.3203,613.00
3.454049,939.3659,726.00
3.454049,939.4115,677.00
3.454049,939.4570,719.00
3.454049,939.5027,673.00
3.454049,939.5483,668.00
3.454049,939.5939,643.00
3.454049,939.6395,688.00
3.454049,939.6851,621.00
3.454049,939.7306,718.00
3.454049,939.7761,654.00
3.454049,939.8217,709.00
3.454049,939.8672,684.00
3.454049,939.9127,670.00
3.454049,939.9583,685.00
3.454049,940.0038,715.00
3.454049,940.0493,650.00
3.454049,940.0948,734.00
3.454049,940.1403,651.00
3.454049,940.1859,742.00
3.454049,940.2314,687.00
3.454049,940.2769,713.00
3.454049,940.3223,661.00
3.454049,940.3678,707.00
3.454049,940.4133,653.00
3.454049,940.4588,701.00
3.454049,940.5042,664.00
3.454049,940.5497,738.00
3.454049,940.5952,663.00
3.454049,940.6406,722.00
3.454049,940.6860,686.00
3.454049,940.7315,686.00
3.454049,940.7769,657.00
3.454049,940.8223,699.00
3.454049,940.8677,657.00
3.454049,940.9132,695.00
3.454049,940.9586,659.00
3.454049,941.0040,744.00
3.454049,941.0494,703.00
3.454049,941.0948,700.00
3.454049,941.1402,663.00
3.454049,941.1855,683.00
3.454049,941.2310,650.00
3.454049,941.2762,749.00
3.454049,941.3216,644.00
3.454049,941.3670,731.00
3.454049,941.4124,671.00
3.454049,941.4577,699.00
3.454049,941.5031,664.00
3.454049,941.5483,692.00
3.454049,941.5937,645.00
3.454049,941.6390,725.00
3.454049,941.6843,655.00
3.454049,941.7296,734.00
3.454049,941.7749,652.00
3.454049,941.8203,706.00
3.454049,941.8655,684.00
3.454049,941.9108,689.00
3.454049,941.9561,687.00
3.454049,942.0013,706.00
3.454049,942.0467,647.00
3.454049,942.0920,716.00
3.454049,942.1372,676.00
3.454049,942.1824,715.00
3.454049,942.2277,685.00
3.454049,942.2729,725.00
3.454049,942.3182,680.00
3.454049,942.3634,694.00
3.454049,942.4086,685.00
3.454049,942.4539,680.00
3.454049,942.4990,656.00
3.454049,942.5443,720.00
3.454049,942.5895,693.00
3.454049,942.6347,718.00
3.454049,942.6798,640.00
3.454049,942.7250,676.00
3.454049,942.7702,674.00
3.454049,942.8154,730.00
3.454049,942.8606,625.00
3.454049,942.9058,722.00
3.454049,942.9508,634.00
3.454049,942.9960,697.00
3.454049,943.0412,657.00
3.454049,943.0864,688.00
3.454049,943.1314,653.00
3.454049,943.1766,707.00
3.454049,943.2217,678.00
3.454049,943.2668,722.00
3.454049,943.3120,648.00
3.454049,943.3571,716.00
3.454049,943.4021,687.00
3.454049,943.4473,723.00
3.454049,943.4923,669.00
3.454049,943.5374,678.00
3.454049,943.5825,682.00
3.454049,943.6276,721.00
3.454049,943.6725,635.00
3.454049,943.7177,714.00
3.454049,943.7627,695.00
3.454049,943.8078,669.00
3.454049,943.8528,662.00
3.454049,943.8978,683.00
3.454049,943.9429,667.00
3.454049,943.9879,731.00
3.454049,944.0330,656.00
3.454049,944.0779,709.00
3.454049,944.1229,679.00
3.454049,944.1679,705.00
3.454049,944.2130,685.00
3.454049,944.2579,724.00
3.454049,944.3029,680.00
3.454049,944.3478,693.00
3.454049,944.3929,658.00
3.454049,944.4379,744.00
3.454049,944.4828,702.00
3.454049,944.5277,734.00
3.454049,944.5727,674.00
3.454049,944.6176,707.00
3.454049,944.6626,674.00
3.454049,944.7076,711.00
3.454049,944.7524,649.00
3.454049,944.7974,713.00
3.454049,944.8423,671.00
3.454049,944.8872,707.00
3.454049,944.9321,705.00
3.454049,944.9770,718.00
3.454049,945.0219,688.00
3.454049,945.0667,713.00
3.454049,945.1116,679.00
3.454049,945.1566,682.00
3.454049,945.2014,639.00
3.454049,945.2463,724.00
3.454049,945.2911,670.00
3.454049,945.3360,755.00
3.454049,945.3808,697.00
3.454049,945.4257,707.00
3.454049,945.4705,696.00
3.454049,945.5153,675.00
3.454049,945.5601,613.00
3.454049,945.6050,738.00
3.454049,945.6498,671.00
3.454049,945.6946,678.00
3.454049,945.7394,689.00
3.454049,945.7842,708.00
3.454049,945.8290,655.00
3.454049,945.8738,701.00
3.454049,945.9186,659.00
3.454049,945.9633,722.00
3.454049,946.0081,636.00
3.454049,946.0529,699.00
3.454049,946.0976,662.00
3.454049,946.1423,677.00
3.454049,946.1871,673.00
3.454049,946.2318,716.00
3.454049,946.2766,607.00
3.454049,946.3213,699.00
3.454049,946.3660,630.00
3.454049,946.4107,730.00
3.454049,946.4554,664.00
3.454049,946.5001,697.00
3.454049,946.5449,657.00
3.454049,946.5895,677.00
3.454049,946.6342,663.00
3.454049,946.6789,676.00
3.454049,946.7236,652.00
3.454049,946.7682,692.00
3.454049,946.8129,658.00
3.454049,946.8575,703.00
3.454049,946.9022,652.00
3.454049,946.9468,706.00
3.454049,946.9915,686.00
3.454049,947.0361,715.00
3.454049,947.0807,659.00
3.454049,947.1253,686.00
3.454049,947.1700,617.00
3.454049,947.2146,717.00
3.454049,947.2592,653.00
3.454049,947.3038,705.00
3.454049,947.3483,669.00
3.454049,947.3929,718.00
3.454049,947.4376,636.00
3.454049,947.4821,684.00
3.454049,947.5267,640.00
3.454049,947.5712,726.00
3.454049,947.6158,653.00
3.454049,947.6604,682.00
3.454049,947.7050,666.00
3.454049,947.7495,648.00
3.454049,947.7939,669.00
3.454049,947.8385,700.00
3.454049,947.8831,623.00
3.454049,947.9276,687.00
3.454049,947.9720,662.00
3.454049,948.0166,664.00
3.454049,948.0611,622.00
3.454049,948.1056,659.00
3.454049,948.1501,617.00
3.454049,948.1945,637.00
3.454049,948.2390,628.00
3.454049,948.2835,655.00
3.454049,948.3279,591.00
3.454049,948.3724,684.00
3.454049,948.4169,642.00
3.454049,948.4613,706.00
3.454049,948.5057,653.00
3.454049,948.5502,633.00
3.454049,948.5947,610.00
3.454049,948.6391,697.00
3.454049,948.6835,627.00
3.454049,948.7279,698.00
3.454049,948.7723,656.00
3.454049,948.8167,673.00
3.454049,948.8611,636.00
3.454049,948.9055,633.00
3.454049,948.9498,601.00
3.454049,948.9943,672.00
3.454049,949.0387,642.00
3.454049,949.0830,678.00
3.454049,949.1273,626.00
3.454049,949.1718,652.00
3.454049,949.2161,648.00
3.454049,949.2604,673.00
3.454049,949.3047,637.00
3.454049,949.3491,663.00
3.454049,949.3934,626.00
3.454049,949.4377,674.00
3.454049,949.4821,606.00
3.454049,949.5264,724.00
3.454049,949.5707,667.00
3.454049,949.6150,667.00
3.454049,949.6592,649.00
3.454049,949.7036,679.00
3.454049,949.7479,622.00
3.454049,949.7921,705.00
3.454049,949.8363,629.00
3.454049,949.8806,682.00
3.454049,949.9249,623.00
3.454049,949.9692,687.00
3.454049,950.0134,656.00
3.454049,950.0576,664.00
3.454049,950.1019,653.00
3.454049,950.1461,709.00
3.454049,950.1903,625.00
3.454049,950.2346,700.00
3.454049,950.2787,638.00
3.454049,950.3229,676.00
3.454049,950.3671,632.00
3.454049,950.4114,664.00
3.454049,950.4555,678.00
3.454049,950.4997,669.00
3.454049,950.5439,654.00
3.454049,950.5880,702.00
3.454049,950.6322,614.00
3.454049,950.6763,675.00
3.454049,950.7205,662.00
3.454049,950.7646,683.00
3.454049,950.8088,641.00
3.454049,950.8530,659.00
3.454049,950.8971,649.00
3.454049,950.9412,689.00
3.454049,950.9853,621.00
3.454049,951.0294,700.00
3.454049,951.0735,645.00
3.454049,951.1177,714.00
3.454049,951.1617,682.00
3.454049,951.2057,674.00
3.454049,951.2499,660.00
3.454049,951.2939,694.00
3.454049,951.3380,643.00
3.454049,951.3821,709.00
3.454049,951.4261,657.00
3.454049,951.4702,694.00
3.454049,951.5142,677.00
3.454049,951.5582,687.00
3.454049,951.6024,652.00
3.454049,951.6464,690.00
3.454049,951.6904,667.00
3.454049,951.7344,710.00
3.454049,951.7784,605.00
3.454049,951.8224,710.00
3.454049,951.8665,637.00
3.454049,951.9104,695.00
3.454049,951.9544,685.00
3.454049,951.9984,662.00
3.454049,952.0424,647.00
3.454049,952.0864,700.00
3.454049,952.1303,641.00
3.454049,952.1743,736.00
3.454049,952.2183,685.00
3.454049,952.2621,735.00
3.454049,952.3061,682.00
3.454049,952.3500,682.00
3.454049,952.3940,660.00
3.454049,952.4379,698.00
3.454049,952.4818,615.00
3.454049,952.5258,689.00
3.454049,952.5696,661.00
3.454049,952.6136,720.00
3.454049,952.6574,643.00
3.454049,952.7014,713.00
3.454049,952.7452,644.00
3.454049,952.7891,674.00
3.454049,952.8330,624.00
3.454049,952.8768,717.00
3.454049,952.9207,648.00
3.454049,952.9645,712.00
3.454049,953.0084,627.00
3.454049,953.0522,678.00
3.454049,953.0961,672.00
3.454049,953.1400,672.00
3.454049,953.1838,646.00
3.454049,953.2275,673.00
3.454049,953.2714,613.00
3.454049,953.3152,716.00
3.454049,953.3589,664.00
3.454049,953.4028,695.00
3.454049,953.4466,670.00
3.454049,953.4904,686.00
3.454049,953.5341,684.00
3.454049,953.5779,680.00
3.454049,953.6217,617.00
3.454049,953.6654,667.00
3.454049,953.7092,623.00
3.454049,953.7529,694.00
3.454049,953.7967,622.00
3.454049,953.8405,666.00
3.454049,953.8842,641.00
3.454049,953.9279,647.00
3.454049,953.9716,641.00
3.454049,954.0153,673.00
3.454049,954.0590,647.00
3.454049,954.1027,640.00
3.454049,954.1464,659.00
3.454049,954.1901,686.00
3.454049,954.2338,666.00
3.454049,954.2774,677.00
3.454049,954.3212,634.00
3.454049,954.3648,693.00
3.454049,954.4084,649.00
3.454049,954.4521,673.00
3.454049,954.4958,620.00
3.454049,954.5394,669.00
3.454049,954.5831,628.00
3.454049,954.6267,652.00
3.454049,954.6703,668.00
3.454049,954.7139,652.00
3.454049,954.7576,642.00
3.454049,954.8012,658.00
3.454049,954.8448,644.00
3.454049,954.8884,686.00
3.454049,954.9319,632.00
3.454049,954.9755,695.00
3.454049,955.0191,655.00
3.454049,955.0627,630.00
3.454049,955.1063,589.00
3.454049,955.1498,650.00
3.454049,955.1934,625.00
3.454049,955.2369,653.00
3.454049,955.2805,603.00
3.454049,955.3240,644.00
3.454049,955.3675,623.00
3.454049,955.4111,648.00
3.454049,955.4546,614.00
3.454049,955.4981,659.00
3.454049,955.5416,614.00
3.454049,955.5851,655.00
3.454049,955.6285,630.00
3.454049,955.6722,671.00
3.454049,955.7156,641.00
3.454049,955.7590,657.00
3.454049,955.8025,655.00
3.454049,955.8460,679.00
3.454049,955.8895,605.00
3.454049,955.9329,676.00
3.454049,955.9764,654.00
3.454049,956.0198,677.00
3.454049,956.0632,645.00
3.454049,956.1067,674.00
3.454049,956.1501,636.00
3.454049,956.1935,675.00
3.454049,956.2369,614.00
3.454049,956.2803,634.00
3.454049,956.3238,629.00
3.454049,956.3671,680.00
3.454049,956.4105,613.00
3.454049,956.4539,671.00
3.454049,956.4973,637.00
3.454049,956.5406,622.00
3.454049,956.5841,618.00
3.454049,956.6274,658.00
3.454049,956.6707,609.00
3.454049,956.7141,708.00
3.454049,956.7575,635.00
3.454049,956.8008,677.00
3.454049,956.8442,655.00
3.454049,956.8875,680.00
3.454049,956.9308,658.00
3.454049,956.9741,659.00
3.454049,957.0174,630.00
3.454049,957.0607,683.00
3.454049,957.1040,594.00
3.454049,957.1473,701.00
3.454049,957.1906,631.00
3.454049,957.2339,685.00
3.454049,957.2772,645.00
3.454049,957.3204,685.00
3.454049,957.3636,632.00
3.454049,957.4069,669.00
3.454049,957.4502,614.00
3.454049,957.4934,692.00
3.454049,957.5366,642.00
3.454049,957.5799,668.00
3.454049,957.6230,640.00
3.454049,957.6664,681.00
3.454049,957.7095,674.00
3.454049,957.7527,723.00
3.454049,957.7959,632.00
3.454049,957.8392,692.00
3.454049,957.8823,640.00
3.454049,957.9255,743.00
3.454049,957.9687,673.00
3.454049,958.0118,666.00
3.454049,958.0551,638.00
3.454049,958.0983,704.00
3.454049,958.1414,635.00
3.454049,958.1845,704.00
3.454049,958.2277,643.00
3.454049,958.2708,693.00
3.454049,958.3139,646.00
3.454049,958.3571,703.00
3.454049,958.4001,660.00
3.454049,958.4432,683.00
3.454049,958.4864,656.00
3.454049,958.5295,685.00
3.454049,958.5726,651.00
3.454049,958.6157,712.00
3.454049,958.6588,641.00
3.454049,958.7018,684.00
3.454049,958.7449,658.00
3.454049,958.7879,705.00
3.454049,958.8311,632.00
3.454049,958.8741,692.00
3.454049,958.9171,606.00
3.454049,958.9601,677.00
3.454049,959.0032,658.00
3.454049,959.0463,710.00
3.454049,959.0893,678.00
3.454049,959.1323,661.00
3.454049,959.1752,664.00
3.454049,959.2183,697.00
3.454049,959.2613,669.00
3.454049,959.3043,683.00
3.454049,959.3472,626.00
3.454049,959.3903,686.00
3.454049,959.4332,648.00
3.454049,959.4763,674.00
3.454049,959.5192,619.00
3.454049,959.5621,647.00
3.454049,959.6051,647.00
3.454049,959.6480,664.00
3.454049,959.6910,609.00
3.454049,959.7339,691.00
3.454049,959.7768,631.00
3.454049,959.8198,657.00
3.454049,959.8627,644.00
3.454049,959.9056,662.00
3.454049,959.9485,613.00
3.454049,959.9915,635.00
3.454049,960.0343,596.00
3.454049,960.0771,692.00
3.454049,960.1201,597.00
3.454049,960.1630,680.00
3.454049,960.2058,635.00
3.454049,960.2487,644.00
3.454049,960.2915,632.00
3.454049,960.3344,624.00
3.454049,960.3773,588.00
3.454049,960.4200,671.00
3.454049,960.4629,614.00
3.454049,960.5057,688.00
3.454049,960.5485,606.00
3.454049,960.5914,652.00
3.454049,960.6342,657.00
3.454049,960.6770,611.00
3.454049,960.7198,652.00
3.454049,960.7626,627.00
3.454049,960.8054,600.00
3.454049,960.8481,650.00
3.454049,960.8909,631.00
3.454049,960.9337,664.00
3.454049,960.9764,613.00
3.454049,961.0192,666.00
3.454049,961.0620,621.00
3.454049,961.1047,607.00
3.454049,961.1475,616.00
3.454049,961.1902,658.00
3.454049,961.2329,607.00
3.454049,961.2757,664.00
3.454049,961.3184,643.00
3.454049,961.3611,604.00
3.454049,961.4037,621.00
3.454049,961.4465,631.00
3.454049,961.4892,598.00
3.454049,961.5319,661.00
3.454049,961.5745,590.00
3.454049,961.6172,662.00
3.454049,961.6599,611.00
3.454049,961.7026,669.00
3.454049,961.7452,608.00
3.454049,961.7878,637.00
3.454049,961.8304,619.00
3.454049,961.8731,675.00
3.454049,961.9157,612.00
3.454049,961.9584,662.00
3.454049,962.0010,622.00
3.454049,962.0436,677.00
3.454049,962.0862,633.00
3.454049,962.1288,660.00
3.454049,962.1714,627.00
3.454049,962.2140,623.00
3.454049,962.2565,566.00
3.454049,962.2991,660.00
3.454049,962.3417,602.00
3.454049,962.3843,655.00
3.454049,962.4268,665.00
3.454049,962.4694,655.00
3.454049,962.5119,634.00
3.454049,962.5545,679.00
3.454049,962.5970,617.00
3.454049,962.6396,696.00
3.454049,962.6821,585.00
3.454049,962.7246,709.00
3.454049,962.7671,657.00
3.454049,962.8096,672.00
3.454049,962.8522,634.00
3.454049,962.8947,634.00
3.454049,962.9371,602.00
3.454049,962.9796,654.00
3.454049,963.0222,604.00
3.454049,963.0646,665.00
3.454049,963.1070,597.00
3.454049,963.1495,681.00
3.454049,963.1919,645.00
3.454049,963.2344,640.00
3.454049,963.2768,610.00
3.454049,963.3193,666.00
3.454049,963.3616,582.00
3.454049,963.4041,702.00
3.454049,963.4465,618.00
3.454049,963.4889,649.00
3.454049,963.5314,653.00
3.454049,963.5737,649.00
3.454049,963.6161,617.00
3.454049,963.6585,643.00
3.454049,963.7009,578.00
3.454049,963.7433,666.00
3.454049,963.7856,656.00
3.454049,963.8280,704.00
3.454049,963.8704,605.00
3.454049,963.9127,683.00
3.454049,963.9551,621.00
3.454049,963.9974,628.00
3.454049,964.0397,632.00
3.454049,964.0820,646.00
3.454049,964.1244,607.00
3.454049,964.1667,662.00
3.454049,964.2090,632.00
3.454049,964.2513,660.00
3.454049,964.2936,633.00
3.454049,964.3359,671.00
3.454049,964.3782,611.00
3.454049,964.4205,648.00
3.454049,964.4627,608.00
3.454049,964.5050,688.00
3.454049,964.5472,579.00
3.454049,964.5895,685.00
3.454049,964.6317,620.00
3.454049,964.6740,656.00
3.454049,964.7162,636.00
3.454049,964.7585,633.00
3.454049,964.8007,608.00
3.454049,964.8429,640.00
3.454049,964.8851,622.00
3.454049,964.9273,662.00
3.454049,964.9695,604.00
3.454049,965.0118,632.00
3.454049,965.0539,624.00
3.454049,965.0961,653.00
3.454049,965.1382,645.00
3.454049,965.1805,660.00
3.454049,965.2226,604.00
3.454049,965.2648,668.00
3.454049,965.3069,600.00
3.454049,965.3491,662.00
3.454049,965.3912,620.00
3.454049,965.4333,672.00
3.454049,965.4755,644.00
3.454049,965.5176,650.00
3.454049,965.5598,599.00
3.454049,965.6019,648.00
3.454049,965.6439,594.00
3.454049,965.6861,650.00
3.454049,965.7281,603.00
3.454049,965.7702,603.00
3.454049,965.8123,600.00
3.454049,965.8543,645.00
3.454049,965.8964,599.00
3.454049,965.9385,629.00
3.454049,965.9806,597.00
3.454049,966.0226,658.00
3.454049,966.0647,598.00
3.454049,966.1068,623.00
3.454049,966.1487,638.00
3.454049,966.1907,650.00
3.454049,966.2328,611.00
3.454049,966.2748,633.00
3.454049,966.3168,599.00
3.454049,966.3588,663.00
3.454049,966.4008,589.00
3.454049,966.4427,629.00
3.454049,966.4848,596.00
3.454049,966.5268,655.00
3.454049,966.5688,615.00
3.454049,966.6107,674.00
3.454049,966.6526,604.00
3.454049,966.6946,674.00
3.454049,966.7366,573.00
3.454049,966.7785,661.00
3.454049,966.8204,635.00
3.454049,966.8624,682.00
3.454049,966.9042,639.00
3.454049,966.9462,630.00
3.454049,966.9881,580.00
3.454049,967.0300,633.00
3.454049,967.0719,583.00
3.454049,967.1138,635.00
3.454049,967.1556,599.00
3.454049,967.1976,660.00
3.454049,967.2394,622.00
3.454049,967.2813,631.00
3.454049,967.3232,615.00
3.454049,967.3651,653.00
3.454049,967.4070,584.00
3.454049,967.4488,649.00
3.454049,967.4906,617.00
3.454049,967.5324,693.00
3.454049,967.5743,656.00
3.454049,967.6161,658.00
3.454049,967.6579,632.00
3.454049,967.6997,662.00
3.454049,967.7415,634.00
3.454049,967.7833,656.00
3.454049,967.8251,617.00
3.454049,967.8669,662.00
3.454049,967.9087,637.00
3.454049,967.9504,657.00
3.454049,967.9922,642.00
3.454049,968.0339,640.00
3.454049,968.0757,629.00
3.454049,968.1174,660.00
3.454049,968.1592,602.00
3.454049,968.2009,659.00
3.454049,968.2427,628.00
3.454049,968.2844,672.00
3.454049,968.3262,668.00
3.454049,968.3679,613.00
3.454049,968.4095,615.00
3.454049,968.4512,662.00
3.454049,968.4930,602.00
3.454049,968.5347,680.00
3.454049,968.5763,642.00
3.454049,968.6180,665.00
3.454049,968.6597,607.00
3.454049,968.7014,659.00
3.454049,968.7430,612.00
3.454049,968.7846,651.00
3.454049,968.8263,590.00
3.454049,968.8679,663.00
3.454049,968.9095,591.00
3.454049,968.9512,690.00
3.454049,968.9928,651.00
3.454049,969.0344,653.00
3.454049,969.0761,621.00
3.454049,969.1177,633.00
3.454049,969.1592,611.00
3.454049,969.2009,629.00
3.454049,969.2424,620.00
3.454049,969.2839,682.00
3.454049,969.3255,604.00
3.454049,969.3672,649.00
3.454049,969.4087,616.00
3.454049,969.4503,668.00
3.454049,969.4918,583.00
3.454049,969.5333,624.00
3.454049,969.5749,588.00
3.454049,969.6165,650.00
3.454049,969.6580,614.00
3.454049,969.6995,659.00
3.454049,969.7410,646.00
3.454049,969.7825,676.00
3.454049,969.8240,627.00
3.454049,969.8655,651.00
3.454049,969.9070,611.00
3.454049,969.9484,689.00
3.454049,969.9899,612.00
3.454049,970.0314,649.00
3.454049,970.0728,625.00
3.454049,970.1143,639.00
3.454049,970.1558,634.00
3.454049,970.1971,646.00
3.454049,970.2386,590.00
3.454049,970.2801,654.00
3.454049,970.3215,577.00
3.454049,970.3629,667.00
3.454049,970.4044,601.00
3.454049,970.4457,655.00
3.454049,970.4872,635.00
3.454049,970.5286,622.00
3.454049,970.5699,569.00
3.454049,970.6113,620.00
3.454049,970.6527,567.00
3.454049,970.6941,609.00
3.454049,970.7354,603.00
3.454049,970.7768,626.00
3.454049,970.8182,620.00
3.454049,970.8595,645.00
3.454049,970.9009,612.00
3.454049,970.9422,613.00
3.454049,970.9835,595.00
3.454049,971.0248,652.00
3.454049,971.0662,576.00
3.454049,971.1075,636.00
3.454049,971.1487,618.00
3.454049,971.1901,643.00
3.454049,971.2314,636.00
3.454049,971.2727,626.00
3.454049,971.3140,612.00
3.454049,971.3552,629.00
3.454049,971.3965,579.00
3.454049,971.4377,640.00
3.454049,971.4789,609.00
3.454049,971.5203,648.00
3.454049,971.5615,618.00
3.454049,971.6027,639.00
3.454049,971.6439,584.00
3.454049,971.6852,610.00
3.454049,971.7264,582.00
3.454049,971.7676,645.00
3.454049,971.8088,593.00
3.454049,971.8500,582.00
3.454049,971.8912,605.00
3.454049,971.9324,631.00
3.454049,971.9736,630.00
3.454049,972.0148,612.00
3.454049,972.0560,601.00
3.454049,972.0972,648.00
3.454049,972.1384,591.00
3.454049,972.1794,647.00
3.454049,972.2206,596.00
3.454049,972.2617,586.00
3.454049,972.3029,614.00
3.454049,972.3439,583.00
3.454049,972.3851,571.00
3.454049,972.4262,588.00
3.454049,972.4673,557.00
3.454049,972.5085,657.00
3.454049,972.5496,575.00
3.454049,972.5907,615.00
3.454049,972.6317,566.00
3.454049,972.6729,602.00
3.454049,972.7139,568.00
3.454049,972.7549,623.00
3.454049,972.7961,551.00
3.454049,972.8371,605.00
3.454049,972.8781,579.00
3.454049,972.9191,666.00
3.454049,972.9602,565.00
3.454049,973.0013,609.00
3.454049,973.0423,588.00
3.454049,973.0833,573.00
3.454049,973.1243,527.00
3.454049,973.1653,594.00
3.454049,973.2064,518.00
3.454049,973.2473,652.00
3.454049,973.2883,590.00
3.454049,973.3293,617.00
3.454049,973.3703,593.00
3.454049,973.4113,621.00
3.454049,973.4522,572.00
3.454049,973.4931,621.00
3.454049,973.5341,572.00
3.454049,973.5750,634.00
3.454049,973.6160,580.00
3.454049,973.6570,634.00
3.454049,973.6978,626.00
3.454049,973.7388,618.00
3.454049,973.7797,583.00
3.454049,973.8206,614.00
3.454049,973.8615,595.00
3.454049,973.9024,613.00
3.454049,973.9433,581.00
3.454049,973.9842,651.00
3.454049,974.0250,597.00
3.454049,974.0660,609.00
3.454049,974.1068,600.00
3.454049,974.1476,616.00
3.454049,974.1885,583.00
3.454049,974.2294,628.00
3.454049,974.2702,574.00
3.454049,974.3110,640.00
3.454049,974.3519,638.00
3.454049,974.3927,655.00
3.454049,974.4335,614.00
3.454049,974.4743,637.00
3.454049,974.5151,578.00
3.454049,974.5559,669.00
3.454049,974.5967,583.00
3.454049,974.6375,669.00
3.454049,974.6783,594.00
3.454049,974.7191,671.00
3.454049,974.7598,626.00
3.454049,974.8006,673.00
3.454049,974.8413,600.00
3.454049,974.8821,627.00
3.454049,974.9229,603.00
3.454049,974.9636,675.00
3.454049,975.0043,596.00
3.454049,975.0450,650.00
3.454049,975.0858,605.00
3.454049,975.1265,635.00
3.454049,975.1672,609.00
3.454049,975.2079,640.00
3.454049,975.2485,613.00
3.454049,975.2892,662.00
3.454049,975.3300,617.00
3.454049,975.3706,660.00
3.454049,975.4113,634.00
3.454049,975.4519,688.00
3.454049,975.4926,657.00
3.454049,975.5333,664.00
3.454049,975.5739,596.00
3.454049,975.6146,639.00
3.454049,975.6552,568.00
3.454049,975.6958,664.00
3.454049,975.7363,604.00
3.454049,975.7770,666.00
3.454049,975.8176,637.00
3.454049,975.8582,648.00
3.454049,975.8989,620.00
3.454049,975.9395,646.00
3.454049,975.9800,625.00
3.454049,976.0206,680.00
3.454049,976.0611,596.00
3.454049,976.1017,686.00
3.454049,976.1423,617.00
3.454049,976.1829,636.00
3.454049,976.2234,634.00
3.454049,976.2639,666.00
3.454049,976.3044,599.00
3.454049,976.3450,626.00
3.454049,976.3855,582.00
3.454049,976.4260,649.00
3.454049,976.4665,659.00
3.454049,976.5070,661.00
3.454049,976.5475,647.00
3.454049,976.5880,655.00
3.454049,976.6285,604.00
3.454049,976.6690,637.00
3.454049,976.7095,586.00
3.454049,976.7500,695.00
3.454049,976.7905,617.00
3.454049,976.8308,660.00
3.454049,976.8713,638.00
3.454049,976.9117,643.00
3.454049,976.9521,613.00
3.454049,976.9926,652.00
3.454049,977.0330,626.00
3.454049,977.0734,671.00
3.454049,977.1139,611.00
3.454049,977.1542,664.00
3.454049,977.1947,604.00
3.454049,977.2350,659.00
3.454049,977.2755,623.00
3.454049,977.3158,633.00
3.454049,977.3562,574.00
3.454049,977.3965,652.00
3.454049,977.4370,605.00
3.454049,977.4773,663.00
3.454049,977.5176,618.00
3.454049,977.5579,633.00
3.454049,977.5983,562.00
3.454049,977.6387,628.00
3.454049,977.6790,551.00
3.454049,977.7192,605.00
3.454049,977.7595,570.00
3.454049,977.7999,681.00
3.454049,977.8402,610.00
3.454049,977.8805,617.00
3.454049,977.9208,570.00
3.454049,977.9610,585.00
3.454049,978.0013,580.00
3.454049,978.0417,605.00
3.454049,978.0819,556.00
3.454049,978.1221,627.00
3.454049,978.1624,552.00
3.454049,978.2026,614.00
3.454049,978.2428,582.00
3.454049,978.2831,608.00
3.454049,978.3233,611.00
3.454049,978.3635,582.00
3.454049,978.4037,561.00
3.454049,978.4440,591.00
3.454049,978.4842,550.00
3.454049,978.5244,617.00
3.454049,978.5645,589.00
3.454049,978.6047,592.00
3.454049,978.6449,549.00
3.454049,978.6851,613.00
3.454049,978.7253,588.00
3.454049,978.7654,576.00
3.454049,978.8055,564.00
3.454049,978.8458,608.00
3.454049,978.8859,546.00
3.454049,978.9260,612.00
3.454049,978.9661,590.00
3.454049,979.0062,604.00
3.454049,979.0463,542.00
3.454049,979.0864,581.00
3.454049,979.1266,546.00
3.454049,979.1666,619.00
3.454049,979.2067,546.00
3.454049,979.2469,587.00
3.454049,979.2869,590.00
3.454049,979.3270,615.00
3.454049,979.3671,611.00
3.454049,979.4071,599.00
3.454049,979.4471,561.00
3.454049,979.4871,617.00
3.454049,979.5272,543.00
3.454049,979.5673,635.00
3.454049,979.6072,587.00
3.454049,979.6473,618.00
3.454049,979.6873,566.00
3.454049,979.7273,587.00
3.454049,979.7673,561.00
3.454049,979.8073,591.00
3.454049,979.8473,545.00
3.454049,979.8873,621.00
3.454049,979.9273,545.00
3.454049,979.9673,628.00
3.454049,980.0072,573.00
3.454049,980.0471,578.00
3.454049,980.0872,576.00
3.454049,980.1271,574.00
3.454049,980.1671,558.00
3.454049,980.2069,614.00
3.454049,980.2469,547.00
3.454049,980.2868,642.00
3.454049,980.3267,565.00
3.454049,980.3666,605.00
3.454049,980.4065,595.00
3.454049,980.4464,597.00
3.454049,980.4863,593.00
3.454049,980.5262,610.00
3.454049,980.5660,550.00
3.454049,980.6060,643.00
3.454049,980.6458,580.00
3.454049,980.6857,630.00
3.454049,980.7255,565.00
3.454049,980.7654,611.00
3.454049,980.8052,561.00
3.454049,980.8450,610.00
3.454049,980.8849,531.00
3.454049,980.9247,600.00
3.454049,980.9645,567.00
3.454049,981.0043,632.00
3.454049,981.0441,607.00
3.454049,981.0839,617.00
3.454049,981.1237,586.00
3.454049,981.1635,599.00
3.454049,981.2033,520.00
3.454049,981.2430,629.00
3.454049,981.2828,538.00
3.454049,981.3226,623.00
3.454049,981.3624,551.00
3.454049,981.4021,622.00
3.454049,981.4418,540.00
3.454049,981.4816,597.00
3.454049,981.5213,553.00
3.454049,981.5610,623.00
3.454049,981.6008,541.00
3.454049,981.6404,636.00
3.454049,981.6802,548.00
3.454049,981.7198,620.00
3.454049,981.7596,603.00
3.454049,981.7993,606.00
3.454049,981.8389,574.00
3.454049,981.8786,580.00
3.454049,981.9182,536.00
3.454049,981.9579,609.00
3.454049,981.9976,561.00
3.454049,982.0372,607.00
3.454049,982.0768,538.00
3.454049,982.1165,572.00
3.454049,982.1561,546.00
3.454049,982.1958,564.00
3.454049,982.2354,505.00
3.454049,982.2750,599.00
3.454049,982.3146,508.00
3.454049,982.3541,629.00
3.454049,982.3937,568.00
3.454049,982.4333,576.00
3.454049,982.4730,587.00
3.454049,982.5125,598.00
3.454049,982.5521,548.00
3.454049,982.5917,570.00
3.454049,982.6312,544.00
3.454049,982.6707,617.00
3.454049,982.7103,537.00
3.454049,982.7498,604.00
3.454049,982.7893,569.00
3.454049,982.8289,560.00
3.454049,982.8683,498.00
3.454049,982.9079,564.00
3.454049,982.9474,536.00
3.454049,982.9869,610.00
3.454049,983.0264,534.00
3.454049,983.0659,593.00
3.454049,983.1053,554.00
3.454049,983.1448,574.00
3.454049,983.1843,539.00
3.454049,983.2238,631.00
3.454049,983.2632,552.00
3.454049,983.3027,607.00
3.454049,983.3420,565.00
3.454049,983.3816,581.00
3.454049,983.4210,543.00
3.454049,983.4604,578.00
3.454049,983.4998,557.00
3.454049,983.5392,578.00
3.454049,983.5786,532.00
3.454049,983.6180,559.00
3.454049,983.6574,547.00
3.454049,983.6968,606.00
3.454049,983.7361,589.00
3.454049,983.7755,598.00
3.454049,983.8149,535.00
3.454049,983.8543,567.00
3.454049,983.8936,565.00
3.454049,983.9329,582.00
3.454049,983.9723,511.00
3.454049,984.0116,603.00
3.454049,984.0510,541.00
3.454049,984.0903,602.00
3.454049,984.1296,589.00
3.454049,984.1689,575.00
3.454049,984.2083,569.00
3.454049,984.2476,566.00
3.454049,984.2868,543.00
3.454049,984.3261,596.00
3.454049,984.3654,535.00
3.454049,984.4046,602.00
3.454049,984.4440,565.00
3.454049,984.4832,593.00
3.454049,984.5225,562.00
3.454049,984.5616,573.00
3.454049,984.6010,517.00
3.454049,984.6402,562.00
3.454049,984.6794,518.00
3.454049,984.7186,621.00
3.454049,984.7578,576.00
3.454049,984.7970,602.00
3.454049,984.8362,563.00
3.454049,984.8755,561.00
3.454049,984.9146,564.00
3.454049,984.9538,578.00
3.454049,984.9930,521.00
3.454049,985.0322,617.00
3.454049,985.0714,564.00
3.454049,985.1105,564.00
3.454049,985.1497,543.00
3.454049,985.1888,566.00
3.454049,985.2279,538.00
3.454049,985.2671,566.00
3.454049,985.3062,534.00
3.454049,985.3453,593.00
3.454049,985.3845,523.00
3.454049,985.4236,579.00
3.454049,985.4626,551.00
3.454049,985.5017,603.00
3.454049,985.5408,572.00
3.454049,985.5799,599.00
3.454049,985.6190,513.00
3.454049,985.6581,607.00
3.454049,985.6971,473.00
3.454049,985.7362,614.00
3.454049,985.7752,545.00
3.454049,985.8143,582.00
3.454049,985.8533,543.00
3.454049,985.8924,578.00
3.454049,985.9314,537.00
3.454049,985.9704,578.00
3.454049,986.0094,521.00
3.454049,986.0484,597.00
3.454049,986.0875,533.00
3.454049,986.1265,602.00
3.454049,986.1655,539.00
3.454049,986.2044,560.00
3.454049,986.2434,530.00
3.454049,986.2823,566.00
3.454049,986.3214,517.00
3.454049,986.3603,563.00
3.454049,986.3992,476.00
3.454049,986.4382,575.00
3.454049,986.4771,517.00
3.454049,986.5161,592.00
3.454049,986.5550,597.00
3.454049,986.5939,572.00
3.454049,986.6329,529.00
3.454049,986.6718,548.00
3.454049,986.7106,522.00
3.454049,986.7495,564.00
3.454049,986.7884,556.00
3.454049,986.8273,586.00
3.454049,986.8661,556.00
3.454049,986.9050,587.00
3.454049,986.9438,548.00
3.454049,986.9828,540.00
3.454049,987.0216,509.00
3.454049,987.0605,590.00
3.454049,987.0993,499.00
3.454049,987.1381,590.00
3.454049,987.1769,550.00
3.454049,987.2158,522.00
3.454049,987.2546,541.00
3.454049,987.2934,585.00
3.454049,987.3322,489.00
3.454049,987.3710,587.00
3.454049,987.4097,505.00
3.454049,987.4486,542.00
3.454049,987.4873,502.00
3.454049,987.5261,562.00
3.454049,987.5649,549.00
3.454049,987.6036,546.00
3.454049,987.6423,507.00
3.454049,987.6812,547.00
3.454049,987.7198,483.00
3.454049,987.7586,576.00
3.454049,987.7972,541.00
3.454049,987.8361,547.00
3.454049,987.8748,501.00
3.454049,987.9135,521.00
3.454049,987.9521,516.00
3.454049,987.9908,568.00
3.454049,988.0295,499.00
3.454049,988.0681,570.00
3.454049,988.1069,492.00
3.454049,988.1456,576.00
3.454049,988.1842,560.00
3.454049,988.2228,549.00
3.454049,988.2615,543.00
3.454049,988.3002,548.00
3.454049,988.3388,458.00
3.454049,988.3774,548.00
3.454049,988.4160,532.00
3.454049,988.4546,551.00
3.454049,988.4933,550.00
3.454049,988.5319,557.00
3.454049,988.5704,522.00
3.454049,988.6090,492.00
3.454049,988.6476,477.00
3.454049,988.6862,547.00
3.454049,988.7248,494.00
3.454049,988.7634,583.00
3.454049,988.8019,512.00
3.454049,988.8405,550.00
3.454049,988.8790,553.00
3.454049,988.9176,533.00
3.454049,988.9561,467.00
3.454049,988.9946,508.00
3.454049,989.0332,517.00
3.454049,989.0717,554.00
3.454049,989.1102,504.00
3.454049,989.1487,555.00
3.454049,989.1871,528.00
3.454049,989.2256,536.00
3.454049,989.2641,527.00
3.454049,989.3027,526.00
3.454049,989.3411,529.00
3.454049,989.3795,546.00
3.454049,989.4180,494.00
3.454049,989.4565,569.00
3.454049,989.4949,491.00
3.454049,989.5334,542.00
3.454049,989.5718,537.00
3.454049,989.6102,525.00
3.454049,989.6486,516.00
3.454049,989.6871,547.00
3.454049,989.7255,497.00
3.454049,989.7639,550.00
3.454049,989.8022,490.00
3.454049,989.8407,550.00
3.454049,989.8791,523.00
3.454049,989.9174,570.00
3.454049,989.9558,515.00
3.454049,989.9941,529.00
3.454049,990.0325,493.00
3.454049,990.0709,575.00
3.454049,990.1093,503.00
3.454049,990.1475,529.00
3.454049,990.1859,550.00
3.454049,990.2242,562.00
3.454049,990.2626,519.00
3.454049,990.3008,547.00
3.454049,990.3391,518.00
3.454049,990.3774,583.00
3.454049,990.4157,551.00
3.454049,990.4540,573.00
3.454049,990.4924,505.00
3.454049,990.5306,557.00
3.454049,990.5688,551.00
3.454049,990.6071,557.00
3.454049,990.6454,506.00
3.454049,990.6837,572.00
3.454049,990.7219,482.00
3.454049,990.7601,551.00
3.454049,990.7983,534.00
3.454049,990.8365,573.00
3.454049,990.8748,548.00
3.454049,990.9130,571.00
3.454049,990.9512,545.00
3.454049,990.9893,587.00
3.454049,991.0276,510.00
3.454049,991.0658,562.00
3.454049,991.1039,501.00
3.454049,991.1421,574.00
3.454049,991.1802,535.00
3.454049,991.2184,555.00
3.454049,991.2565,515.00
3.454049,991.2947,556.00
3.454049,991.3329,493.00
3.454049,991.3710,565.00
3.454049,991.4091,505.00
3.454049,991.4473,595.00
3.454049,991.4854,576.00
3.454049,991.5234,596.00
3.454049,991.5616,552.00
3.454049,991.5997,554.00
3.454049,991.6378,549.00
3.454049,991.6758,588.00
3.454049,991.7139,500.00
3.454049,991.7520,578.00
3.454049,991.7900,523.00
3.454049,991.8282,584.00
3.454049,991.8661,542.00
3.454049,991.9042,556.00
3.454049,991.9422,529.00
3.454049,991.9803,539.00
3.454049,992.0182,502.00
3.454049,992.0563,589.00
3.454049,992.0944,514.00
3.454049,992.1323,632.00
3.454049,992.1703,545.00
3.454049,992.2084,581.00
3.454049,992.2463,518.00
3.454049,992.2844,553.00
3.454049,992.3223,506.00
3.454049,992.3602,586.00
3.454049,992.3982,512.00
3.454049,992.4362,609.00
3.454049,992.4741,566.00
3.454049,992.5120,603.00
3.454049,992.5500,553.00
3.454049,992.5879,560.00
3.454049,992.6259,532.00
3.454049,992.6638,587.00
3.454049,992.7017,531.00
3.454049,992.7396,568.00
3.454049,992.7775,542.00
3.454049,992.8154,598.00
3.454049,992.8533,545.00
3.454049,992.8912,547.00
3.454049,992.9290,566.00
3.454049,992.9669,573.00
3.454049,993.0048,547.00
3.454049,993.0426,584.00
3.454049,993.0804,545.00
3.454049,993.1183,603.00
3.454049,993.1561,552.00
3.454049,993.1940,559.00
3.454049,993.2318,562.00
3.454049,993.2696,544.00
3.454049,993.3074,503.00
3.454049,993.3452,576.00
3.454049,993.3830,519.00
3.454049,993.4208,561.00
3.454049,993.4586,504.00
3.454049,993.4963,565.00
3.454049,993.5341,552.00
3.454049,993.5719,543.00
3.454049,993.6096,518.00
3.454049,993.6474,606.00
3.454049,993.6851,502.00
3.454049,993.7228,550.00
3.454049,993.7606,563.00
3.454049,993.7984,567.00
3.454049,993.8361,551.00
3.454049,993.8738,593.00
3.454049,993.9115,563.00
3.454049,993.9492,559.00
3.454049,993.9869,507.00
3.454049,994.0245,597.00
3.454049,994.0622,534.00
3.454049,994.0999,603.00
3.454049,994.1376,511.00
3.454049,994.1753,557.00
3.454049,994.2130,556.00
3.454049,994.2505,577.00
3.454049,994.2881,515.00
3.454049,994.3258,605.00
3.454049,994.3634,530.00
3.454049,994.4010,572.00
3.454049,994.4387,504.00
3.454049,994.4763,597.00
3.454049,994.5139,574.00
3.454049,994.5515,519.00
3.454049,994.5891,538.00
3.454049,994.6266,570.00
3.454049,994.6642,478.00
3.454049,994.7018,541.00
3.454049,994.7393,547.00
3.454049,994.7769,575.00
3.454049,994.8145,549.00
3.454049,994.8521,541.00
3.454049,994.8895,494.00
3.454049,994.9271,551.00
3.454049,994.9647,509.00
3.454049,995.0022,584.00
3.454049,995.0397,512.00
3.454049,995.0771,545.00
3.454049,995.1146,529.00
3.454049,995.1522,550.00
3.454049,995.1896,512.00
3.454049,995.2271,552.00
3.454049,995.2646,466.00
3.454049,995.3021,544.00
3.454049,995.3396,501.00
3.454049,995.3770,540.00
3.454049,995.4145,504.00
3.454049,995.4518,539.00
3.454049,995.4893,498.00
3.454049,995.5267,512.00
3.454049,995.5641,522.00
3.454049,995.6016,546.00
3.454049,995.6390,495.00
3.454049,995.6765,525.00
3.454049,995.7138,502.00
3.454049,995.7512,517.00
3.454049,995.7886,515.00
3.454049,995.8260,545.00
3.454049,995.8633,508.00
3.454049,995.9007,539.00
3.454049,995.9380,498.00
3.454049,995.9754,545.00
3.454049,996.0128,514.00
3.454049,996.0501,562.00
3.454049,996.0874,559.00
3.454049,996.1248,551.00
3.454049,996.1621,530.00
3.454049,996.1994,561.00
3.454049,996.2367,503.00
3.454049,996.2740,525.00
3.454049,996.3113,501.00
3.454049,996.3486,555.00
3.454049,996.3859,542.00
3.454049,996.4232,571.00
3.454049,996.4604,544.00
3.454049,996.4977,512.00
3.454049,996.5350,479.00
3.454049,996.5722,505.00
3.454049,996.6094,489.00
3.454049,996.6466,568.00
3.454049,996.6838,550.00
3.454049,996.7211,579.00
3.454049,996.7583,544.00
3.454049,996.7955,546.00
3.454049,996.8327,554.00
3.454049,996.8700,555.00
3.454049,996.9072,521.00
3.454049,996.9443,546.00
3.454049,996.9815,515.00
3.454049,997.0187,533.00
3.454049,997.0558,523.00
3.454049,997.0930,536.00
3.454049,997.1301,563.00
3.454049,997.1672,583.00
3.454049,997.2045,508.00
3.454049,997.2416,557.00
3.454049,997.2787,496.00
3.454049,997.3158,625.00
3.454049,997.3530,523.00
3.454049,997.3900,554.00
3.454049,997.4271,518.00
3.454049,997.4642,540.00
3.454049,997.5013,528.00
3.454049,997.5384,569.00
3.454049,997.5754,499.00
3.454049,997.6126,591.00
3.454049,997.6497,502.00
3.454049,997.6867,580.00
3.454049,997.7238,556.00
3.454049,997.7607,571.00
3.454049,997.7978,515.00
3.454049,997.8348,583.00
3.454049,997.8718,522.00
3.454049,997.9088,588.00
3.454049,997.9458,485.00
3.454049,997.9829,563.00
3.454049,998.0200,547.00
3.454049,998.0569,569.00
3.454049,998.0939,532.00
3.454049,998.1309,538.00
3.454049,998.1678,517.00
3.454049,998.2048,565.00
3.454049,998.2417,520.00
3.454049,998.2786,620.00
3.454049,998.3156,497.00
3.454049,998.3525,588.00
3.454049,998.3896,528.00
3.454049,998.4265,548.00
3.454049,998.4633,500.00
3.454049,998.5003,596.00
3.454049,998.5372,508.00
3.454049,998.5740,562.00
3.454049,998.6110,520.00
3.454049,998.6478,588.00
3.454049,998.6847,534.00
3.454049,998.7217,568.00
3.454049,998.7585,505.00
3.454049,998.7953,546.00
3.454049,998.8322,492.00
3.454049,998.8691,575.00
3.454049,998.9059,492.00
3.454049,998.9427,574.00
3.454049,998.9795,543.00
3.454049,999.0163,578.00
3.454049,999.0531,517.00
3.454049,999.0899,526.00
3.454049,999.1267,507.00
3.454049,999.1636,555.00
3.454049,999.2004,523.00
3.454049,999.2372,558.00
3.454049,999.2739,519.00
3.454049,999.3107,575.00
3.454049,999.3474,539.00
3.454049,999.3842,537.00
3.454049,999.4210,519.00
3.454049,999.4576,535.00
3.454049,999.4946,495.00
3.454049,999.5312,575.00
3.454049,999.5680,494.00
3.454049,999.6047,559.00
3.454049,999.6414,519.00
3.454049,999.6780,529.00
3.454049,999.7147,493.00
3.454049,999.7515,521.00
3.454049,999.7881,459.00
3.454049,999.8248,521.00
3.454049,999.8614,496.00
3.454049,999.8981,558.00
3.454049,999.9349,482.00
3.454049,999.9715,565.00
3.454049,1000.0081,522.00
3.454049,1000.0447,514.00
3.454049,1000.0814,479.00
3.454049,1000.1180,535.00
3.454049,1000.1546,454.00
3.454049,1000.1912,541.00
3.454049,1000.2278,511.00
3.454049,1000.2645,547.00
3.454049,1000.3011,513.00
3.454049,1000.3377,523.00
3.454049,1000.3742,510.00
3.454049,1000.4108,511.00
3.454049,1000.4474,443.00
3.454049,1000.4839,508.00
3.454049,1000.5204,477.00
3.454049,1000.5570,541.00
3.454049,1000.5935,489.00
3.454049,1000.6301,515.00
3.454049,1000.6667,482.00
3.454049,1000.7032,510.00
3.454049,1000.7397,488.00
3.454049,1000.7762,518.00
3.454049,1000.8127,471.00
3.454049,1000.8492,555.00
3.454049,1000.8857,497.00
3.454049,1000.9222,514.00
3.454049,1000.9586,515.00
3.454049,1000.9951,513.00
3.454049,1001.0316,495.00
3.454049,1001.0681,570.00
3.454049,1001.1046,475.00
3.454049,1001.1410,543.00
3.454049,1001.1774,486.00
3.454049,1001.2138,529.00
3.454049,1001.2502,535.00
3.454049,1001.2866,517.00
3.454049,1001.3230,509.00
3.454049,1001.3594,517.00
3.454049,1001.3958,478.00
3.454049,1001.4323,545.00
3.454049,1001.4687,516.00
3.454049,1001.5051,520.00
3.454049,1001.5414,540.00
3.454049,1001.5778,507.00
3.454049,1001.6141,482.00
3.454049,1001.6505,476.00
3.454049,1001.6868,456.00
3.454049,1001.7231,522.00
3.454049,1001.7596,447.00
3.454049,1001.7958,523.00
3.454049,1001.8322,478.00
3.454049,1001.8685,526.00
3.454049,1001.9048,469.00
3.454049,1001.9411,479.00
3.454049,1001.9774,471.00
3.454049,1002.0136,489.00
3.454049,1002.0499,483.00
3.454049,1002.0862,552.00
3.454049,1002.1224,471.00
3.454049,1002.1587,537.00
3.454049,1002.1951,504.00
3.454049,1002.2313,507.00
3.454049,1002.2675,510.00
3.454049,1002.3038,525.00
3.454049,1002.3400,482.00
3.454049,1002.3762,516.00
3.454049,1002.4124,513.00
3.454049,1002.4486,543.00
3.454049,1002.4848,476.00
3.454049,1002.5211,535.00
3.454049,1002.5573,508.00
3.454049,1002.5934,548.00
3.454049,1002.6296,491.00
3.454049,1002.6657,538.00
3.454049,1002.7019,441.00
3.454049,1002.7380,514.00
3.454049,1002.7742,494.00
3.454049,1002.8104,523.00
3.454049,1002.8464,475.00
3.454049,1002.8826,528.00
3.454049,1002.9187,481.00
3.454049,1002.9549,513.00
3.454049,1002.9910,495.00
3.454049,1003.0271,559.00
3.454049,1003.0632,480.00
3.454049,1003.0992,566.00
3.454049,1003.1354,498.00
3.454049,1003.1714,505.00
3.454049,1003.2075,531.00
3.454049,1003.2435,546.00
3.454049,1003.2797,483.00
3.454049,1003.3157,569.00
3.454049,1003.3518,504.00
3.454049,1003.3878,523.00
3.454049,1003.4238,499.00
3.454049,1003.4598,545.00
3.454049,1003.4958,498.00
3.454049,1003.5319,514.00
3.454049,1003.5678,495.00
3.454049,1003.6039,565.00
3.454049,1003.6398,458.00
3.454049,1003.6759,537.00
3.454049,1003.7119,513.00
3.454049,1003.7479,505.00
3.454049,1003.7838,476.00
3.454049,1003.8198,509.00
3.454049,1003.8557,486.00
3.454049,1003.8917,526.00
3.454049,1003.9276,462.00
3.454049,1003.9635,498.00
3.454049,1003.9995,486.00
3.454049,1004.0354,539.00
3.454049,1004.0714,501.00
3.454049,1004.1072,513.00
3.454049,1004.1431,497.00
3.454049,1004.1790,503.00
3.454049,1004.2149,473.00
3.454049,1004.2508,550.00
3.454049,1004.2866,466.00
3.454049,1004.3225,546.00
3.454049,1004.3583,505.00
3.454049,1004.3942,492.00
3.454049,1004.4302,471.00
3.454049,1004.4660,505.00
3.454049,1004.5018,467.00
3.454049,1004.5376,516.00
3.454049,1004.5734,470.00
3.454049,1004.6093,551.00
3.454049,1004.6450,500.00
3.454049,1004.6808,513.00
3.454049,1004.7166,508.00
3.454049,1004.7525,531.00
3.454049,1004.7883,479.00
3.454049,1004.8240,534.00
3.454049,1004.8598,512.00
3.454049,1004.8956,548.00
3.454049,1004.9313,485.00
3.454049,1004.9670,561.00
3.454049,1005.0027,519.00
3.454049,1005.0385,508.00
3.454049,1005.0742,490.00
3.454049,1005.1099,520.00
3.454049,1005.1456,472.00
3.454049,1005.1815,545.00
3.454049,1005.2172,470.00
3.454049,1005.2529,515.00
3.454049,1005.2885,504.00
3.454049,1005.3242,524.00
3.454049,1005.3599,504.00
3.454049,1005.3955,519.00
3.454049,1005.4312,491.00
3.454049,1005.4669,544.00
3.454049,1005.5026,464.00
3.454049,1005.5382,588.00
3.454049,1005.5739,529.00
3.454049,1005.6095,533.00
3.454049,1005.6451,508.00
3.454049,1005.6807,508.00
3.454049,1005.7162,512.00
3.454049,1005.7519,506.00
3.454049,1005.7875,472.00
3.454049,1005.8231,562.00
3.454049,1005.8586,488.00
3.454049,1005.8942,524.00
3.454049,1005.9299,491.00
3.454049,1005.9655,532.00
3.454049,1006.0010,481.00
3.454049,1006.0365,544.00
3.454049,1006.0720,486.00
3.454049,1006.1076,529.00
3.454049,1006.1431,500.00
3.454049,1006.1786,556.00
3.454049,1006.2141,520.00
3.454049,1006.2498,527.00
3.454049,1006.2853,524.00
3.454049,1006.3207,512.00
3.454049,1006.3563,490.00
3.454049,1006.3917,546.00
3.454049,1006.4272,495.00
3.454049,1006.4626,566.00
3.454049,1006.4981,514.00
3.454049,1006.5335,533.00
3.454049,1006.5690,547.00
3.454049,1006.6044,561.00
3.454049,1006.6400,485.00
3.454049,1006.6754,567.00
3.454049,1006.7108,490.00
3.454049,1006.7462,559.00
3.454049,1006.7816,486.00
3.454049,1006.8170,588.00
3.454049,1006.8524,533.00
3.454049,1006.8878,535.00
3.454049,1006.9232,527.00
3.454049,1006.9586,585.00
3.454049,1006.9940,506.00
3.454049,1007.0294,540.00
3.454049,1007.0648,507.00
3.454049,1007.1001,563.00
3.454049,1007.1354,518.00
3.454049,1007.1707,577.00
3.454049,1007.2061,560.00
3.454049,1007.2414,539.00
3.454049,1007.2767,487.00
3.454049,1007.3120,561.00
3.454049,1007.3473,490.00
3.454049,1007.3827,568.00
3.454049,1007.4180,543.00
3.454049,1007.4532,571.00
3.454049,1007.4885,528.00
3.454049,1007.5238,553.00
3.454049,1007.5590,538.00
3.454049,1007.5943,581.00
3.454049,1007.6295,485.00
3.454049,1007.6648,602.00
3.454049,1007.7001,516.00
3.454049,1007.7354,543.00
3.454049,1007.7706,558.00
3.454049,1007.8058,548.00
3.454049,1007.8410,513.00
3.454049,1007.8762,550.00
3.454049,1007.9114,481.00
3.454049,1007.9465,577.00
3.454049,1007.9818,536.00
3.454049,1008.0169,558.00
3.454049,1008.0521,533.00
3.454049,1008.0873,578.00
3.454049,1008.1226,498.00
3.454049,1008.1576,536.00
3.454049,1008.1927,501.00
3.454049,1008.2279,542.00
3.454049,1008.2631,487.00
3.454049,1008.2982,561.00
3.454049,1008.3333,554.00
3.454049,1008.3683,546.00
3.454049,1008.4034,531.00
3.454049,1008.4387,523.00
3.454049,1008.4738,514.00
3.454049,1008.5089,529.00
3.454049,1008.5439,495.00
3.454049,1008.5790,607.00
3.454049,1008.6141,509.00
3.454049,1008.6491,531.00
3.454049,1008.6841,502.00
3.454049,1008.7192,487.00
3.454049,1008.7542,505.00
3.454049,1008.7892,520.00
3.454049,1008.8243,507.00
3.454049,1008.8594,533.00
3.454049,1008.8943,499.00
3.454049,1008.9294,542.00
3.454049,1008.9644,516.00
3.454049,1008.9994,535.00
3.454049,1009.0344,516.00
3.454049,1009.0693,527.00
3.454049,1009.1043,459.00
3.454049,1009.1392,558.00
3.454049,1009.1743,477.00
3.454049,1009.2093,582.00
3.454049,1009.2442,503.00
3.454049,1009.2792,549.00
3.454049,1009.3141,507.00
3.454049,1009.3489,494.00
3.454049,1009.3839,475.00
3.454049,1009.4188,547.00
3.454049,1009.4537,486.00
3.454049,1009.4886,573.00
3.454049,1009.5235,505.00
3.454049,1009.5585,541.00
3.454049,1009.5933,511.00
3.454049,1009.6282,515.00
3.454049,1009.6631,492.00
3.454049,1009.6979,522.00
3.454049,1009.7327,482.00
3.454049,1009.7676,527.00
3.454049,1009.8024,501.00
3.454049,1009.8372,512.00
3.454049,1009.8721,447.00
3.454049,1009.9070,505.00
3.454049,1009.9418,489.00
3.454049,1009.9766,494.00
3.454049,1010.0115,490.00
3.454049,1010.0462,531.00
3.454049,1010.0810,498.00
3.454049,1010.1158,570.00
3.454049,1010.1505,509.00
3.454049,1010.1853,527.00
3.454049,1010.2200,503.00
3.454049,1010.2548,509.00
3.454049,1010.2897,485.00
3.454049,1010.3244,528.00
3.454049,1010.3591,469.00
3.454049,1010.3938,545.00
3.454049,1010.4285,482.00
3.454049,1010.4633,518.00
3.454049,1010.4980,514.00
3.454049,1010.5326,500.00
3.454049,1010.5673,488.00
3.454049,1010.6021,521.00
3.454049,1010.6368,463.00
3.454049,1010.6714,535.00
3.454049,1010.7061,462.00
3.454049,1010.7408,550.00
3.454049,1010.7754,480.00
3.454049,1010.8101,501.00
3.454049,1010.8447,511.00
3.454049,1010.8793,511.00
3.454049,1010.9139,469.00
3.454049,1010.9485,554.00
3.454049,1010.9832,454.00
3.454049,1011.0178,567.00
3.454049,1011.0525,493.00
3.454049,1011.0870,528.00
3.454049,1011.1216,475.00
3.454049,1011.1562,511.00
3.454049,1011.1907,517.00
3.454049,1011.2253,524.00
3.454049,1011.2599,428.00
3.454049,1011.2944,545.00
3.454049,1011.3291,469.00
3.454049,1011.3636,548.00
3.454049,1011.3981,488.00
3.454049,1011.4326,512.00
3.454049,1011.4672,500.00
3.454049,1011.5016,510.00
3.454049,1011.5362,464.00
3.454049,1011.5706,492.00
3.454049,1011.6052,450.00
3.454049,1011.6396,516.00
3.454049,1011.6741,451.00
3.454049,1011.7086,546.00
3.454049,1011.7431,502.00
3.454049,1011.7776,521.00
3.454049,1011.8120,488.00
3.454049,1011.8465,549.00
3.454049,1011.8809,471.00
3.454049,1011.9153,521.00
3.454049,1011.9498,490.00
3.454049,1011.9842,508.00
3.454049,1012.0186,492.00
3.454049,1012.0531,487.00
3.454049,1012.0875,478.00
3.454049,1012.1219,531.00
3.454049,1012.1562,466.00
3.454049,1012.1906,506.00
3.454049,1012.2250,463.00
3.454049,1012.2593,533.00
3.454049,1012.2937,479.00
3.454049,1012.3281,503.00
3.454049,1012.3624,463.00
3.454049,1012.3967,503.00
3.454049,1012.4310,440.00
3.454049,1012.4655,507.00
3.454049,1012.4998,441.00
3.454049,1012.5341,565.00
3.454049,1012.5684,477.00
3.454049,1012.6027,540.00
3.454049,1012.6370,489.00
3.454049,1012.6712,482.00
3.454049,1012.7055,492.00
3.454049,1012.7398,536.00
3.454049,1012.7742,462.00
3.454049,1012.8084,502.00
3.454049,1012.8427,457.00
3.454049,1012.8769,472.00
3.454049,1012.9111,502.00
3.454049,1012.9454,475.00
3.454049,1012.9796,503.00
3.454049,1013.0138,520.00
3.454049,1013.0480,430.00
3.454049,1013.0822,547.00
3.454049,1013.1164,453.00
3.454049,1013.1506,527.00
3.454049,1013.1848,472.00
3.454049,1013.2190,487.00
3.454049,1013.2532,505.00
3.454049,1013.2873,530.00
3.454049,1013.3215,477.00
3.454049,1013.3556,518.00
3.454049,1013.3898,455.00
3.454049,1013.4239,544.00
3.454049,1013.4581,503.00
3.454049,1013.4923,498.00
3.454049,1013.5264,511.00
3.454049,1013.5605,497.00
3.454049,1013.5946,510.00
3.454049,1013.6287,561.00
3.454049,1013.6627,495.00
3.454049,1013.6968,533.00
3.454049,1013.7309,476.00
3.454049,1013.7650,521.00
3.454049,1013.7990,518.00
3.454049,1013.8331,491.00
3.454049,1013.8672,498.00
3.454049,1013.9012,514.00
3.454049,1013.9353,464.00
3.454049,1013.9693,537.00
3.454049,1014.0033,477.00
3.454049,1014.0374,529.00
3.454049,1014.0714,513.00
3.454049,1014.1053,524.00
3.454049,1014.1393,518.00
3.454049,1014.1734,530.00
3.454049,1014.2074,482.00
3.454049,1014.2413,534.00
3.454049,1014.2753,488.00
3.454049,1014.3093,569.00
3.454049,1014.3433,507.00
3.454049,1014.3772,605.00
3.454049,1014.4111,553.00
3.454049,1014.4451,524.00
3.454049,1014.4790,514.00
3.454049,1014.5129,549.00
3.454049,1014.5468,500.00
3.454049,1014.5808,572.00
3.454049,1014.6147,504.00
3.454049,1014.6486,563.00
3.454049,1014.6825,544.00
3.454049,1014.7164,544.00
3.454049,1014.7502,480.00
3.454049,1014.7841,522.00
3.454049,1014.8180,499.00
3.454049,1014.8518,538.00
3.454049,1014.8858,516.00
3.454049,1014.9196,584.00
3.454049,1014.9534,521.00
3.454049,1014.9872,543.00
3.454049,1015.0211,537.00
3.454049,1015.0549,528.00
3.454049,1015.0887,498.00
3.454049,1015.1224,530.00
3.454049,1015.1562,499.00
3.454049,1015.1900,592.00
3.454049,1015.2238,524.00
3.454049,1015.2575,571.00
3.454049,1015.2914,547.00
3.454049,1015.3252,545.00
3.454049,1015.3589,478.00
3.454049,1015.3927,564.00
3.454049,1015.4265,491.00
3.454049,1015.4601,575.00
3.454049,1015.4938,504.00
3.454049,1015.5276,589.00
3.454049,1015.5613,560.00
3.454049,1015.5952,557.00
3.454049,1015.6288,501.00
3.454049,1015.6625,536.00
3.454049,1015.6962,488.00
3.454049,1015.7299,580.00
3.454049,1015.7635,506.00
3.454049,1015.7972,582.00
3.454049,1015.8308,562.00
3.454049,1015.8645,552.00
3.454049,1015.8981,532.00
3.454049,1015.9317,549.00
3.454049,1015.9655,501.00
3.454049,1015.9991,587.00
3.454049,1016.0327,512.00
3.454049,1016.0663,562.00
3.454049,1016.0999,550.00
3.454049,1016.1335,544.00
3.454049,1016.1671,537.00
3.454049,1016.2006,534.00
3.454049,1016.2342,519.00
3.454049,1016.2679,545.00
3.454049,1016.3015,492.00
3.454049,1016.3350,558.00
3.454049,1016.3686,523.00
3.454049,1016.4021,547.00
3.454049,1016.4357,538.00
3.454049,1016.4691,606.00
3.454049,1016.5027,509.00
3.454049,1016.5362,565.00
3.454049,1016.5696,489.00
3.454049,1016.6032,581.00
3.454049,1016.6367,529.00
3.454049,1016.6703,588.00
3.454049,1016.7038,530.00
3.454049,1016.7372,556.00
3.454049,1016.7707,542.00
3.454049,1016.8041,536.00
3.454049,1016.8376,530.00
3.454049,1016.8710,551.00
3.454049,1016.9045,500.00
3.454049,1016.9379,575.00
3.454049,1016.9715,532.00
3.454049,1017.0049,563.00
3.454049,1017.0383,553.00
3.454049,1017.0717,550.00
3.454049,1017.1050,529.00
3.454049,1017.1384,532.00
3.454049,1017.1718,471.00
3.454049,1017.2052,582.00
3.454049,1017.2386,509.00
3.454049,1017.2720,528.00
3.454049,1017.3053,572.00
3.454049,1017.3387,575.00
3.454049,1017.3721,519.00
3.454049,1017.4054,550.00
3.454049,1017.4388,500.00
3.454049,1017.4721,574.00
3.454049,1017.5054,513.00
3.454049,1017.5387,569.00
3.454049,1017.5720,553.00
3.454049,1017.6053,550.00
3.454049,1017.6386,543.00
3.454049,1017.6720,530.00
3.454049,1017.7053,528.00
3.454049,1017.7385,568.00
3.454049,1017.7717,501.00
3.454049,1017.8051,553.00
3.454049,1017.8383,517.00
3.454049,1017.8715,578.00
3.454049,1017.9048,570.00
3.454049,1017.9380,552.00
3.454049,1017.9712,538.00
3.454049,1018.0044,584.00
3.454049,1018.0376,517.00
3.454049,1018.0709,585.00
3.454049,1018.1041,536.00
3.454049,1018.1373,617.00
3.454049,1018.1705,580.00
3.454049,1018.2037,550.00
3.454049,1018.2368,528.00
3.454049,1018.2700,586.00
3.454049,1018.3032,512.00
3.454049,1018.3363,604.00
3.454049,1018.3695,505.00
3.454049,1018.4026,620.00
3.454049,1018.4358,581.00
3.454049,1018.4689,552.00
3.454049,1018.5020,580.00
3.454049,1018.5352,558.00
3.454049,1018.5682,506.00
3.454049,1018.6013,592.00
3.454049,1018.6343,524.00
3.454049,1018.6675,590.00
3.454049,1018.7006,511.00
3.454049,1018.7337,605.00
3.454049,1018.7668,590.00
3.454049,1018.7998,572.00
3.454049,1018.8328,567.00
3.454049,1018.8658,563.00
3.454049,1018.8989,522.00
3.454049,1018.9319,597.00
3.454049,1018.9650,546.00
3.454049,1018.9980,585.00
3.454049,1019.0311,565.00
3.454049,1019.0641,599.00
3.454049,1019.0970,524.00
3.454049,1019.1301,555.00
3.454049,1019.1631,518.00
3.454049,1019.1960,598.00
3.454049,1019.2289,531.00
3.454049,1019.2618,592.00
3.454049,1019.2949,541.00
3.454049,1019.3278,563.00
3.454049,1019.3607,569.00
3.454049,1019.3936,535.00
3.454049,1019.4268,464.00
3.454049,1019.4596,578.00
3.454049,1019.4925,531.00
3.454049,1019.5255,560.00
3.454049,1019.5583,509.00
3.454049,1019.5912,578.00
3.454049,1019.6240,521.00
3.454049,1019.6569,581.00
3.454049,1019.6898,538.00
3.454049,1019.7227,532.00
3.454049,1019.7556,479.00
3.454049,1019.7885,570.00
3.454049,1019.8213,522.00
3.454049,1019.8541,589.00
3.454049,1019.8870,498.00
3.454049,1019.9198,557.00
3.454049,1019.9525,535.00
3.454049,1019.9854,541.00
3.454049,1020.0182,520.00
3.454049,1020.0509,567.00
3.454049,1020.0837,518.00
3.454049,1020.1167,569.00
3.454049,1020.1494,544.00
3.454049,1020.1823,540.00
3.454049,1020.2149,531.00
3.454049,1020.2477,523.00
3.454049,1020.2805,500.00
3.454049,1020.3132,542.00
3.454049,1020.3459,498.00
3.454049,1020.3787,591.00
3.454049,1020.4114,499.00
3.454049,1020.4442,542.00
3.454049,1020.4768,537.00
3.454049,1020.5096,547.00
3.454049,1020.5423,489.00
3.454049,1020.5750,573.00
3.454049,1020.6077,495.00
3.454049,1020.6403,568.00
3.454049,1020.6730,501.00
3.454049,1020.7055,584.00
3.454049,1020.7382,522.00
3.454049,1020.7709,539.00
3.454049,1020.8036,508.00
3.454049,1020.8363,514.00
3.454049,1020.8688,476.00
3.454049,1020.9015,565.00
3.454049,1020.9341,489.00
3.454049,1020.9667,532.00
3.454049,1020.9993,499.00
3.454049,1021.0319,514.00
3.454049,1021.0645,530.00
3.454049,1021.0971,548.00
3.454049,1021.1298,486.00
3.454049,1021.1623,559.00
3.454049,1021.1948,509.00
3.454049,1021.2273,571.00
3.454049,1021.2599,512.00
3.454049,1021.2924,551.00
3.454049,1021.3250,503.00
3.454049,1021.3574,506.00
3.454049,1021.3900,483.00
3.454049,1021.4224,520.00
3.454049,1021.4550,433.00
3.454049,1021.4875,525.00
3.454049,1021.5200,475.00
3.454049,1021.5525,531.00
3.454049,1021.5850,508.00
3.454049,1021.6175,522.00
3.454049,1021.6500,476.00
3.454049,1021.6823,523.00
3.454049,1021.7148,485.00
3.454049,1021.7474,548.00
3.454049,1021.7797,517.00
3.454049,1021.8122,536.00
3.454049,1021.8445,535.00
3.454049,1021.8770,578.00
3.454049,1021.9095,502.00
3.454049,1021.9418,494.00
3.454049,1021.9741,472.00
3.454049,1022.0066,501.00
3.454049,1022.0389,479.00
3.454049,1022.0713,557.00
3.454049,1022.1037,499.00
3.454049,1022.1362,612.00
3.454049,1022.1685,568.00
3.454049,1022.2008,537.00
3.454049,1022.2332,488.00
3.454049,1022.2654,529.00
3.454049,1022.2977,506.00
3.454049,1022.3301,582.00
3.454049,1022.3624,492.00
3.454049,1022.3947,604.00
3.454049,1022.4271,500.00
3.454049,1022.4594,507.00
3.454049,1022.4917,569.00
3.454049,1022.5239,562.00
3.454049,1022.5562,516.00
3.454049,1022.5885,560.00
3.454049,1022.6207,501.00
3.454049,1022.6530,582.00
3.454049,1022.6852,541.00
3.454049,1022.7174,548.00
3.454049,1022.7497,482.00
3.454049,1022.7819,558.00
3.454049,1022.8142,505.00
3.454049,1022.8464,536.00
3.454049,1022.8785,498.00
3.454049,1022.9108,601.00
3.454049,1022.9429,507.00
3.454049,1022.9751,542.00
3.454049,1023.0073,516.00
3.454049,1023.0394,505.00
3.454049,1023.0717,510.00
3.454049,1023.1039,565.00
3.454049,1023.1360,493.00
3.454049,1023.1682,560.00
3.454049,1023.2003,482.00
3.454049,1023.2324,553.00
3.454049,1023.2644,504.00
3.454049,1023.2966,530.00
3.454049,1023.3287,480.00
3.454049,1023.3608,517.00
3.454049,1023.3929,514.00
3.454049,1023.4249,534.00
3.454049,1023.4570,475.00
3.454049,1023.4893,556.00
3.454049,1023.5212,506.00
3.454049,1023.5533,517.00
3.454049,1023.5853,507.00
3.454049,1023.6174,519.00
3.454049,1023.6494,508.00
3.454049,1023.6813,531.00
3.454049,1023.7134,466.00
3.454049,1023.7454,529.00
3.454049,1023.7775,491.00
3.454049,1023.8096,522.00
3.454049,1023.8416,507.00
3.454049,1023.8735,505.00
3.454049,1023.9055,492.00
3.454049,1023.9374,515.00
3.454049,1023.9694,483.00
3.454049,1024.0013,551.00
3.454049,1024.0333,494.00
3.454049,1024.0652,558.00
3.454049,1024.0972,503.00
3.454049,1024.1293,557.00
3.454049,1024.1611,513.00
3.454049,1024.1931,533.00
3.454049,1024.2250,463.00
3.454049,1024.2568,533.00
3.454049,1024.2888,456.00
3.454049,1024.3206,526.00
3.454049,1024.3525,498.00
3.454049,1024.3843,543.00
3.454049,1024.4164,474.00
3.454049,1024.4481,518.00
3.454049,1024.4801,439.00
3.454049,1024.5118,511.00
3.454049,1024.5438,485.00
3.454049,1024.5756,521.00
3.454049,1024.6074,481.00
3.454049,1024.6393,523.00
3.454049,1024.6710,533.00
3.454049,1024.7029,508.00
3.454049,1024.7346,482.00
3.454049,1024.7664,542.00
3.454049,1024.7982,459.00
3.454049,1024.8301,560.00
3.454049,1024.8618,464.00
3.454049,1024.8936,525.00
3.454049,1024.9253,485.00
3.454049,1024.9572,531.00
3.454049,1024.9889,498.00
3.454049,1025.0206,546.00
3.454049,1025.0522,456.00
3.454049,1025.0841,556.00
3.454049,1025.1158,483.00
3.454049,1025.1475,519.00
3.454049,1025.1792,507.00
3.454049,1025.2109,530.00
3.454049,1025.2426,520.00
3.454049,1025.2743,513.00
3.454049,1025.3059,493.00
3.454049,1025.3376,537.00
3.454049,1025.3693,475.00
3.454049,1025.4009,562.00
3.454049,1025.4326,506.00
3.454049,1025.4644,556.00
3.454049,1025.4960,512.00
3.454049,1025.5276,529.00
3.454049,1025.5592,517.00
3.454049,1025.5908,553.00
3.454049,1025.6224,458.00
3.454049,1025.6541,576.00
3.454049,1025.6857,508.00
3.454049,1025.7172,596.00
3.454049,1025.7489,548.00
3.454049,1025.7804,569.00
3.454049,1025.8120,562.00
3.454049,1025.8435,540.00
3.454049,1025.8751,528.00
3.454049,1025.9066,586.00
3.454049,1025.9381,472.00
3.454049,1025.9697,565.00
3.454049,1026.0012,532.00
3.454049,1026.0327,566.00
3.454049,1026.0642,505.00
