# Point:,47
# Setpoint:,2.39272727
# Voltage_V:,2.39272727
# Current_A:,0.040545
# Spectrum_Time_s:,7.511470
# Step_Start_s:,7.487389
# Step_End_s:,7.576660
# Spectrum_Duration_ms:,15.307
# Peak_Wavelength_nm:,929.57
# Peak_Intensity:,16502.0
# Avg_Intensity:,638.3
# Num_Pixels:,4094
# NOTE: All wavelengths are captured simultaneously in one CCD exposure
#       The Relative_Time_s column shows when this entire spectrum was acquired

Relative_Time_s,Wavelength_nm,Intensity
7.511470,845.4307,564.00
7.511470,845.4858,481.00
7.511470,845.5410,545.00
7.511470,845.5963,514.00
7.511470,845.6514,565.00
7.511470,845.7065,496.00
7.511470,845.7617,542.00
7.511470,845.8168,490.00
7.511470,845.8721,563.00
7.511470,845.9272,484.00
7.511470,845.9823,530.00
7.511470,846.0374,523.00
7.511470,846.0926,505.00
7.511470,846.1478,513.00
7.511470,846.2029,514.00
7.511470,846.2579,473.00
7.511470,846.3130,559.00
7.511470,846.3682,452.00
7.511470,846.4233,540.00
7.511470,846.4784,507.00
7.511470,846.5335,594.00
7.511470,846.5886,563.00
7.511470,846.6437,564.00
7.511470,846.6987,518.00
7.511470,846.7538,569.00
7.511470,846.8089,461.00
7.511470,846.8640,563.00
7.511470,846.9190,498.00
7.511470,846.9741,567.00
7.511470,847.0292,524.00
7.511470,847.0842,548.00
7.511470,847.1392,529.00
7.511470,847.1943,531.00
7.511470,847.2493,495.00
7.511470,847.3044,574.00
7.511470,847.3594,496.00
7.511470,847.4144,570.00
7.511470,847.4694,531.00
7.511470,847.5244,549.00
7.511470,847.5795,529.00
7.511470,847.6345,554.00
7.511470,847.6895,523.00
7.511470,847.7444,565.00
7.511470,847.7994,476.00
7.511470,847.8544,588.00
7.511470,847.9094,523.00
7.511470,847.9644,561.00
7.511470,848.0193,522.00
7.511470,848.0743,554.00
7.511470,848.1293,512.00
7.511470,848.1843,565.00
7.511470,848.2392,544.00
7.511470,848.2941,569.00
7.511470,848.3491,545.00
7.511470,848.4040,560.00
7.511470,848.4590,544.00
7.511470,848.5139,600.00
7.511470,848.5688,556.00
7.511470,848.6237,598.00
7.511470,848.6786,518.00
7.511470,848.7336,622.00
7.511470,848.7885,540.00
7.511470,848.8434,586.00
7.511470,848.8983,577.00
7.511470,848.9531,575.00
7.511470,849.0081,549.00
7.511470,849.0630,568.00
7.511470,849.1178,533.00
7.511470,849.1727,598.00
7.511470,849.2275,561.00
7.511470,849.2823,638.00
7.511470,849.3373,526.00
7.511470,849.3921,596.00
7.511470,849.4470,565.00
7.511470,849.5018,562.00
7.511470,849.5566,531.00
7.511470,849.6115,587.00
7.511470,849.6663,530.00
7.511470,849.7211,590.00
7.511470,849.7759,543.00
7.511470,849.8307,581.00
7.511470,849.8856,545.00
7.511470,849.9404,581.00
7.511470,849.9952,525.00
7.511470,850.0500,579.00
7.511470,850.1048,472.00
7.511470,850.1596,600.00
7.511470,850.2144,512.00
7.511470,850.2692,610.00
7.511470,850.3239,521.00
7.511470,850.3787,532.00
7.511470,850.4335,550.00
7.511470,850.4882,592.00
7.511470,850.5430,559.00
7.511470,850.5977,598.00
7.511470,850.6525,548.00
7.511470,850.7072,591.00
7.511470,850.7620,572.00
7.511470,850.8167,605.00
7.511470,850.8715,571.00
7.511470,850.9261,610.00
7.511470,850.9808,523.00
7.511470,851.0356,576.00
7.511470,851.0903,572.00
7.511470,851.1450,613.00
7.511470,851.1996,555.00
7.511470,851.2543,637.00
7.511470,851.3091,578.00
7.511470,851.3638,586.00
7.511470,851.4185,572.00
7.511470,851.4731,605.00
7.511470,851.5278,538.00
7.511470,851.5825,651.00
7.511470,851.6371,591.00
7.511470,851.6918,650.00
7.511470,851.7465,604.00
7.511470,851.8011,623.00
7.511470,851.8558,591.00
7.511470,851.9103,607.00
7.511470,851.9650,561.00
7.511470,852.0196,670.00
7.511470,852.0742,591.00
7.511470,852.1289,629.00
7.511470,852.1835,601.00
7.511470,852.2381,652.00
7.511470,852.2927,625.00
7.511470,852.3473,601.00
7.511470,852.4019,612.00
7.511470,852.4565,678.00
7.511470,852.5111,612.00
7.511470,852.5657,630.00
7.511470,852.6202,610.00
7.511470,852.6747,636.00
7.511470,852.7294,619.00
7.511470,852.7839,664.00
7.511470,852.8385,589.00
7.511470,852.8930,647.00
7.511470,852.9476,600.00
7.511470,853.0022,699.00
7.511470,853.0567,606.00
7.511470,853.1112,676.00
7.511470,853.1658,645.00
7.511470,853.2203,654.00
7.511470,853.2748,635.00
7.511470,853.3293,679.00
7.511470,853.3838,596.00
7.511470,853.4383,684.00
7.511470,853.4928,603.00
7.511470,853.5474,675.00
7.511470,853.6019,655.00
7.511470,853.6563,688.00
7.511470,853.7108,662.00
7.511470,853.7653,653.00
7.511470,853.8198,647.00
7.511470,853.8742,659.00
7.511470,853.9286,658.00
7.511470,853.9832,645.00
7.511470,854.0376,626.00
7.511470,854.0920,687.00
7.511470,854.1465,683.00
7.511470,854.2010,653.00
7.511470,854.2554,634.00
7.511470,854.3098,639.00
7.511470,854.3642,569.00
7.511470,854.4186,679.00
7.511470,854.4731,604.00
7.511470,854.5275,677.00
7.511470,854.5819,633.00
7.511470,854.6363,672.00
7.511470,854.6907,651.00
7.511470,854.7451,660.00
7.511470,854.7994,600.00
7.511470,854.8538,668.00
7.511470,854.9082,606.00
7.511470,854.9626,693.00
7.511470,855.0170,596.00
7.511470,855.0714,654.00
7.511470,855.1257,632.00
7.511470,855.1800,633.00
7.511470,855.2344,630.00
7.511470,855.2888,670.00
7.511470,855.3431,613.00
7.511470,855.3975,644.00
7.511470,855.4518,590.00
7.511470,855.5060,691.00
7.511470,855.5604,611.00
7.511470,855.6147,622.00
7.511470,855.6691,620.00
7.511470,855.7233,627.00
7.511470,855.7776,581.00
7.511470,855.8320,695.00
7.511470,855.8862,593.00
7.511470,855.9406,674.00
7.511470,855.9948,623.00
7.511470,856.0491,692.00
7.511470,856.1035,649.00
7.511470,856.1577,666.00
7.511470,856.2119,627.00
7.511470,856.2662,655.00
7.511470,856.3204,590.00
7.511470,856.3748,718.00
7.511470,856.4290,639.00
7.511470,856.4832,681.00
7.511470,856.5374,659.00
7.511470,856.5916,701.00
7.511470,856.6459,603.00
7.511470,856.7001,657.00
7.511470,856.7543,604.00
7.511470,856.8085,667.00
7.511470,856.8627,632.00
7.511470,856.9169,691.00
7.511470,856.9712,636.00
7.511470,857.0253,672.00
7.511470,857.0795,629.00
7.511470,857.1337,660.00
7.511470,857.1879,607.00
7.511470,857.2421,674.00
7.511470,857.2962,648.00
7.511470,857.3504,654.00
7.511470,857.4045,648.00
7.511470,857.4587,641.00
7.511470,857.5129,675.00
7.511470,857.5670,662.00
7.511470,857.6212,635.00
7.511470,857.6753,672.00
7.511470,857.7294,646.00
7.511470,857.7836,685.00
7.511470,857.8377,653.00
7.511470,857.8918,665.00
7.511470,857.9459,646.00
7.511470,858.0000,663.00
7.511470,858.0541,634.00
7.511470,858.1082,676.00
7.511470,858.1624,612.00
7.511470,858.2164,695.00
7.511470,858.2704,653.00
7.511470,858.3245,707.00
7.511470,858.3787,696.00
7.511470,858.4327,680.00
7.511470,858.4868,639.00
7.511470,858.5408,686.00
7.511470,858.5949,637.00
7.511470,858.6489,662.00
7.511470,858.7030,630.00
7.511470,858.7570,713.00
7.511470,858.8110,657.00
7.511470,858.8651,688.00
7.511470,858.9192,671.00
7.511470,858.9732,665.00
7.511470,859.0272,650.00
7.511470,859.0812,700.00
7.511470,859.1352,636.00
7.511470,859.1892,689.00
7.511470,859.2432,624.00
7.511470,859.2972,673.00
7.511470,859.3512,692.00
7.511470,859.4052,658.00
7.511470,859.4592,650.00
7.511470,859.5132,652.00
7.511470,859.5671,624.00
7.511470,859.6210,678.00
7.511470,859.6750,623.00
7.511470,859.7289,685.00
7.511470,859.7830,574.00
7.511470,859.8369,642.00
7.511470,859.8908,631.00
7.511470,859.9447,651.00
7.511470,859.9987,616.00
7.511470,860.0527,677.00
7.511470,860.1065,621.00
7.511470,860.1605,687.00
7.511470,860.2144,629.00
7.511470,860.2682,668.00
7.511470,860.3222,646.00
7.511470,860.3761,660.00
7.511470,860.4299,607.00
7.511470,860.4838,666.00
7.511470,860.5377,606.00
7.511470,860.5916,657.00
7.511470,860.6455,632.00
7.511470,860.6993,687.00
7.511470,860.7532,645.00
7.511470,860.8071,659.00
7.511470,860.8610,636.00
7.511470,860.9148,642.00
7.511470,860.9687,599.00
7.511470,861.0225,670.00
7.511470,861.0763,641.00
7.511470,861.1301,662.00
7.511470,861.1840,637.00
7.511470,861.2378,673.00
7.511470,861.2916,617.00
7.511470,861.3454,648.00
7.511470,861.3992,599.00
7.511470,861.4531,666.00
7.511470,861.5068,558.00
7.511470,861.5606,650.00
7.511470,861.6144,616.00
7.511470,861.6682,659.00
7.511470,861.7220,597.00
7.511470,861.7758,641.00
7.511470,861.8295,613.00
7.511470,861.8833,642.00
7.511470,861.9370,619.00
7.511470,861.9908,680.00
7.511470,862.0446,604.00
7.511470,862.0983,672.00
7.511470,862.1520,651.00
7.511470,862.2057,649.00
7.511470,862.2595,628.00
7.511470,862.3132,630.00
7.511470,862.3669,584.00
7.511470,862.4206,655.00
7.511470,862.4744,596.00
7.511470,862.5281,678.00
7.511470,862.5818,617.00
7.511470,862.6355,660.00
7.511470,862.6891,625.00
7.511470,862.7429,658.00
7.511470,862.7966,613.00
7.511470,862.8502,622.00
7.511470,862.9039,592.00
7.511470,862.9575,674.00
7.511470,863.0112,641.00
7.511470,863.0648,628.00
7.511470,863.1185,593.00
7.511470,863.1722,650.00
7.511470,863.2258,597.00
7.511470,863.2794,652.00
7.511470,863.3330,592.00
7.511470,863.3867,658.00
7.511470,863.4403,583.00
7.511470,863.4940,646.00
7.511470,863.5475,626.00
7.511470,863.6011,608.00
7.511470,863.6548,617.00
7.511470,863.7084,613.00
7.511470,863.7620,577.00
7.511470,863.8156,595.00
7.511470,863.8691,568.00
7.511470,863.9228,632.00
7.511470,863.9763,598.00
7.511470,864.0299,656.00
7.511470,864.0834,573.00
7.511470,864.1370,624.00
7.511470,864.1906,596.00
7.511470,864.2441,639.00
7.511470,864.2977,592.00
7.511470,864.3512,648.00
7.511470,864.4047,622.00
7.511470,864.4583,638.00
7.511470,864.5118,617.00
7.511470,864.5653,616.00
7.511470,864.6189,576.00
7.511470,864.6724,609.00
7.511470,864.7258,551.00
7.511470,864.7794,620.00
7.511470,864.8329,616.00
7.511470,864.8864,668.00
7.511470,864.9398,606.00
7.511470,864.9933,637.00
7.511470,865.0469,578.00
7.511470,865.1003,618.00
7.511470,865.1538,602.00
7.511470,865.2072,635.00
7.511470,865.2607,606.00
7.511470,865.3142,649.00
7.511470,865.3676,643.00
7.511470,865.4211,625.00
7.511470,865.4745,595.00
7.511470,865.5279,607.00
7.511470,865.5814,602.00
7.511470,865.6348,633.00
7.511470,865.6882,598.00
7.511470,865.7416,637.00
7.511470,865.7950,613.00
7.511470,865.8484,643.00
7.511470,865.9019,612.00
7.511470,865.9552,607.00
7.511470,866.0087,626.00
7.511470,866.0620,628.00
7.511470,866.1154,625.00
7.511470,866.1688,698.00
7.511470,866.2222,609.00
7.511470,866.2755,647.00
7.511470,866.3289,640.00
7.511470,866.3822,658.00
7.511470,866.4356,651.00
7.511470,866.4890,648.00
7.511470,866.5423,611.00
7.511470,866.5956,632.00
7.511470,866.6489,597.00
7.511470,866.7023,691.00
7.511470,866.7556,612.00
7.511470,866.8089,653.00
7.511470,866.8622,618.00
7.511470,866.9155,636.00
7.511470,866.9689,607.00
7.511470,867.0222,678.00
7.511470,867.0755,586.00
7.511470,867.1287,645.00
7.511470,867.1820,630.00
7.511470,867.2354,655.00
7.511470,867.2886,617.00
7.511470,867.3419,651.00
7.511470,867.3951,626.00
7.511470,867.4484,665.00
7.511470,867.5016,569.00
7.511470,867.5549,672.00
7.511470,867.6082,619.00
7.511470,867.6614,667.00
7.511470,867.7146,638.00
7.511470,867.7678,668.00
7.511470,867.8211,642.00
7.511470,867.8743,659.00
7.511470,867.9276,627.00
7.511470,867.9807,663.00
7.511470,868.0339,622.00
7.511470,868.0872,667.00
7.511470,868.1403,625.00
7.511470,868.1935,639.00
7.511470,868.2467,621.00
7.511470,868.2999,673.00
7.511470,868.3531,579.00
7.511470,868.4062,662.00
7.511470,868.4594,615.00
7.511470,868.5126,638.00
7.511470,868.5657,622.00
7.511470,868.6189,631.00
7.511470,868.6721,641.00
7.511470,868.7252,609.00
7.511470,868.7783,593.00
7.511470,868.8315,657.00
7.511470,868.8846,585.00
7.511470,868.9377,664.00
7.511470,868.9908,602.00
7.511470,869.0439,662.00
7.511470,869.0970,660.00
7.511470,869.1501,658.00
7.511470,869.2032,590.00
7.511470,869.2564,627.00
7.511470,869.3094,573.00
7.511470,869.3625,634.00
7.511470,869.4156,613.00
7.511470,869.4688,683.00
7.511470,869.5218,587.00
7.511470,869.5748,664.00
7.511470,869.6279,645.00
7.511470,869.6809,626.00
7.511470,869.7340,587.00
7.511470,869.7870,627.00
7.511470,869.8401,616.00
7.511470,869.8931,652.00
7.511470,869.9462,613.00
7.511470,869.9993,631.00
7.511470,870.0522,607.00
7.511470,870.1052,682.00
7.511470,870.1583,604.00
7.511470,870.2112,680.00
7.511470,870.2642,603.00
7.511470,870.3173,659.00
7.511470,870.3702,599.00
7.511470,870.4232,676.00
7.511470,870.4762,620.00
7.511470,870.5292,663.00
7.511470,870.5822,645.00
7.511470,870.6351,665.00
7.511470,870.6881,598.00
7.511470,870.7410,650.00
7.511470,870.7940,617.00
7.511470,870.8470,662.00
7.511470,870.8999,596.00
7.511470,870.9528,681.00
7.511470,871.0057,657.00
7.511470,871.0587,652.00
7.511470,871.1116,633.00
7.511470,871.1646,660.00
7.511470,871.2175,568.00
7.511470,871.2704,684.00
7.511470,871.3232,636.00
7.511470,871.3762,636.00
7.511470,871.4291,618.00
7.511470,871.4820,644.00
7.511470,871.5348,620.00
7.511470,871.5877,668.00
7.511470,871.6406,636.00
7.511470,871.6935,715.00
7.511470,871.7463,630.00
7.511470,871.7992,658.00
7.511470,871.8521,658.00
7.511470,871.9049,624.00
7.511470,871.9578,655.00
7.511470,872.0106,691.00
7.511470,872.0635,617.00
7.511470,872.1162,659.00
7.511470,872.1691,588.00
7.511470,872.2219,667.00
7.511470,872.2747,607.00
7.511470,872.3275,666.00
7.511470,872.3803,663.00
7.511470,872.4332,654.00
7.511470,872.4860,619.00
7.511470,872.5387,699.00
7.511470,872.5915,613.00
7.511470,872.6443,671.00
7.511470,872.6971,667.00
7.511470,872.7499,689.00
7.511470,872.8026,647.00
7.511470,872.8553,656.00
7.511470,872.9081,645.00
7.511470,872.9609,665.00
7.511470,873.0136,622.00
7.511470,873.0663,661.00
7.511470,873.1191,594.00
7.511470,873.1718,678.00
7.511470,873.2245,674.00
7.511470,873.2773,651.00
7.511470,873.3300,628.00
7.511470,873.3827,649.00
7.511470,873.4354,639.00
7.511470,873.4882,721.00
7.511470,873.5408,647.00
7.511470,873.5935,674.00
7.511470,873.6462,646.00
7.511470,873.6989,671.00
7.511470,873.7515,656.00
7.511470,873.8042,655.00
7.511470,873.8569,615.00
7.511470,873.9096,683.00
7.511470,873.9622,559.00
7.511470,874.0149,692.00
7.511470,874.0675,651.00
7.511470,874.1202,673.00
7.511470,874.1729,645.00
7.511470,874.2255,675.00
7.511470,874.2781,640.00
7.511470,874.3307,675.00
7.511470,874.3834,624.00
7.511470,874.4360,682.00
7.511470,874.4885,625.00
7.511470,874.5411,696.00
7.511470,874.5938,615.00
7.511470,874.6463,630.00
7.511470,874.6990,641.00
7.511470,874.7515,650.00
7.511470,874.8041,632.00
7.511470,874.8567,707.00
7.511470,874.9092,637.00
7.511470,874.9619,690.00
7.511470,875.0144,639.00
7.511470,875.0669,672.00
7.511470,875.1194,643.00
7.511470,875.1720,672.00
7.511470,875.2246,623.00
7.511470,875.2772,673.00
7.511470,875.3296,614.00
7.511470,875.3821,679.00
7.511470,875.4346,646.00
7.511470,875.4872,693.00
7.511470,875.5397,640.00
7.511470,875.5922,673.00
7.511470,875.6447,645.00
7.511470,875.6971,667.00
7.511470,875.7498,590.00
7.511470,875.8022,676.00
7.511470,875.8547,610.00
7.511470,875.9071,694.00
7.511470,875.9596,617.00
7.511470,876.0120,653.00
7.511470,876.0646,648.00
7.511470,876.1169,673.00
7.511470,876.1694,627.00
7.511470,876.2219,698.00
7.511470,876.2743,622.00
7.511470,876.3268,700.00
7.511470,876.3792,616.00
7.511470,876.4316,677.00
7.511470,876.4840,661.00
7.511470,876.5364,659.00
7.511470,876.5889,620.00
7.511470,876.6413,720.00
7.511470,876.6937,600.00
7.511470,876.7460,684.00
7.511470,876.7985,663.00
7.511470,876.8509,676.00
7.511470,876.9032,648.00
7.511470,876.9556,642.00
7.511470,877.0079,622.00
7.511470,877.0604,623.00
7.511470,877.1127,586.00
7.511470,877.1651,692.00
7.511470,877.2174,633.00
7.511470,877.2697,659.00
7.511470,877.3221,637.00
7.511470,877.3744,649.00
7.511470,877.4268,624.00
7.511470,877.4791,636.00
7.511470,877.5314,577.00
7.511470,877.5837,660.00
7.511470,877.6360,566.00
7.511470,877.6884,656.00
7.511470,877.7407,594.00
7.511470,877.7930,622.00
7.511470,877.8452,616.00
7.511470,877.8975,603.00
7.511470,877.9498,608.00
7.511470,878.0021,623.00
7.511470,878.0544,599.00
7.511470,878.1066,658.00
7.511470,878.1589,605.00
7.511470,878.2111,628.00
7.511470,878.2634,599.00
7.511470,878.3157,609.00
7.511470,878.3679,585.00
7.511470,878.4202,634.00
7.511470,878.4724,598.00
7.511470,878.5246,675.00
7.511470,878.5768,620.00
7.511470,878.6290,654.00
7.511470,878.6812,647.00
7.511470,878.7335,631.00
7.511470,878.7856,629.00
7.511470,878.8379,602.00
7.511470,878.8901,597.00
7.511470,878.9422,627.00
7.511470,878.9944,627.00
7.511470,879.0466,638.00
7.511470,879.0988,613.00
7.511470,879.1509,664.00
7.511470,879.2031,643.00
7.511470,879.2552,637.00
7.511470,879.3074,589.00
7.511470,879.3596,644.00
7.511470,879.4117,594.00
7.511470,879.4638,679.00
7.511470,879.5159,578.00
7.511470,879.5681,642.00
7.511470,879.6202,624.00
7.511470,879.6723,637.00
7.511470,879.7244,625.00
7.511470,879.7766,643.00
7.511470,879.8287,543.00
7.511470,879.8808,656.00
7.511470,879.9329,560.00
7.511470,879.9849,650.00
7.511470,880.0370,617.00
7.511470,880.0891,649.00
7.511470,880.1412,630.00
7.511470,880.1932,644.00
7.511470,880.2452,557.00
7.511470,880.2973,668.00
7.511470,880.3495,622.00
7.511470,880.4015,683.00
7.511470,880.4536,638.00
7.511470,880.5056,628.00
7.511470,880.5576,640.00
7.511470,880.6096,633.00
7.511470,880.6616,577.00
7.511470,880.7137,627.00
7.511470,880.7656,560.00
7.511470,880.8176,624.00
7.511470,880.8696,584.00
7.511470,880.9217,660.00
7.511470,880.9737,597.00
7.511470,881.0256,610.00
7.511470,881.0776,588.00
7.511470,881.1296,638.00
7.511470,881.1816,570.00
7.511470,881.2336,634.00
7.511470,881.2855,583.00
7.511470,881.3374,650.00
7.511470,881.3893,623.00
7.511470,881.4413,621.00
7.511470,881.4933,573.00
7.511470,881.5452,621.00
7.511470,881.5972,569.00
7.511470,881.6490,621.00
7.511470,881.7010,592.00
7.511470,881.7530,648.00
7.511470,881.8049,598.00
7.511470,881.8568,628.00
7.511470,881.9086,594.00
7.511470,881.9605,626.00
7.511470,882.0125,580.00
7.511470,882.0643,611.00
7.511470,882.1162,550.00
7.511470,882.1681,653.00
7.511470,882.2199,567.00
7.511470,882.2719,620.00
7.511470,882.3237,591.00
7.511470,882.3755,589.00
7.511470,882.4274,574.00
7.511470,882.4792,643.00
7.511470,882.5311,566.00
7.511470,882.5829,605.00
7.511470,882.6348,588.00
7.511470,882.6866,645.00
7.511470,882.7383,623.00
7.511470,882.7902,615.00
7.511470,882.8420,614.00
7.511470,882.8939,618.00
7.511470,882.9457,544.00
7.511470,882.9974,623.00
7.511470,883.0493,557.00
7.511470,883.1011,639.00
7.511470,883.1528,595.00
7.511470,883.2046,634.00
7.511470,883.2563,599.00
7.511470,883.3081,590.00
7.511470,883.3599,567.00
7.511470,883.4116,605.00
7.511470,883.4634,605.00
7.511470,883.5151,645.00
7.511470,883.5668,605.00
7.511470,883.6187,603.00
7.511470,883.6703,616.00
7.511470,883.7220,624.00
7.511470,883.7738,580.00
7.511470,883.8254,640.00
7.511470,883.8773,569.00
7.511470,883.9289,660.00
7.511470,883.9806,576.00
7.511470,884.0323,658.00
7.511470,884.0840,624.00
7.511470,884.1357,638.00
7.511470,884.1874,616.00
7.511470,884.2391,624.00
7.511470,884.2907,551.00
7.511470,884.3423,656.00
7.511470,884.3940,567.00
7.511470,884.4457,638.00
7.511470,884.4974,626.00
7.511470,884.5490,617.00
7.511470,884.6006,588.00
7.511470,884.6523,621.00
7.511470,884.7039,583.00
7.511470,884.7555,657.00
7.511470,884.8071,590.00
7.511470,884.8588,642.00
7.511470,884.9103,640.00
7.511470,884.9620,631.00
7.511470,885.0136,666.00
7.511470,885.0651,615.00
7.511470,885.1168,603.00
7.511470,885.1683,652.00
7.511470,885.2200,615.00
7.511470,885.2715,641.00
7.511470,885.3231,581.00
7.511470,885.3746,651.00
7.511470,885.4262,682.00
7.511470,885.4778,631.00
7.511470,885.5293,640.00
7.511470,885.5809,662.00
7.511470,885.6324,585.00
7.511470,885.6839,633.00
7.511470,885.7355,597.00
7.511470,885.7870,676.00
7.511470,885.8385,601.00
7.511470,885.8900,662.00
7.511470,885.9415,636.00
7.511470,885.9930,650.00
7.511470,886.0446,590.00
7.511470,886.0960,646.00
7.511470,886.1475,607.00
7.511470,886.1990,664.00
7.511470,886.2504,643.00
7.511470,886.3020,645.00
7.511470,886.3534,639.00
7.511470,886.4048,653.00
7.511470,886.4564,606.00
7.511470,886.5078,639.00
7.511470,886.5593,592.00
7.511470,886.6107,689.00
7.511470,886.6621,624.00
7.511470,886.7136,647.00
7.511470,886.7650,621.00
7.511470,886.8164,630.00
7.511470,886.8679,632.00
7.511470,886.9193,646.00
7.511470,886.9706,619.00
7.511470,887.0220,640.00
7.511470,887.0735,603.00
7.511470,887.1249,648.00
7.511470,887.1762,643.00
7.511470,887.2276,637.00
7.511470,887.2789,646.00
7.511470,887.3304,625.00
7.511470,887.3818,638.00
7.511470,887.4331,645.00
7.511470,887.4844,624.00
7.511470,887.5358,665.00
7.511470,887.5871,600.00
7.511470,887.6385,659.00
7.511470,887.6898,650.00
7.511470,887.7411,636.00
7.511470,887.7925,612.00
7.511470,887.8438,648.00
7.511470,887.8951,587.00
7.511470,887.9464,689.00
7.511470,887.9977,612.00
7.511470,888.0490,704.00
7.511470,888.1003,654.00
7.511470,888.1516,643.00
7.511470,888.2029,614.00
7.511470,888.2542,652.00
7.511470,888.3054,604.00
7.511470,888.3567,661.00
7.511470,888.4080,617.00
7.511470,888.4592,669.00
7.511470,888.5105,628.00
7.511470,888.5618,688.00
7.511470,888.6130,646.00
7.511470,888.6642,656.00
7.511470,888.7155,642.00
7.511470,888.7667,680.00
7.511470,888.8179,596.00
7.511470,888.8691,655.00
7.511470,888.9204,628.00
7.511470,888.9716,669.00
7.511470,889.0228,644.00
7.511470,889.0740,666.00
7.511470,889.1252,647.00
7.511470,889.1764,636.00
7.511470,889.2275,616.00
7.511470,889.2787,688.00
7.511470,889.3299,625.00
7.511470,889.3810,677.00
7.511470,889.4322,664.00
7.511470,889.4835,680.00
7.511470,889.5346,634.00
7.511470,889.5857,650.00
7.511470,889.6368,610.00
7.511470,889.6879,666.00
7.511470,889.7391,600.00
7.511470,889.7903,691.00
7.511470,889.8414,605.00
7.511470,889.8925,685.00
7.511470,889.9435,659.00
7.511470,889.9948,642.00
7.511470,890.0458,587.00
7.511470,890.0969,666.00
7.511470,890.1479,616.00
7.511470,890.1990,689.00
7.511470,890.2501,617.00
7.511470,890.3012,667.00
7.511470,890.3523,649.00
7.511470,890.4034,616.00
7.511470,890.4545,610.00
7.511470,890.5054,642.00
7.511470,890.5566,567.00
7.511470,890.6076,646.00
7.511470,890.6586,580.00
7.511470,890.7097,645.00
7.511470,890.7607,625.00
7.511470,890.8117,643.00
7.511470,890.8627,649.00
7.511470,890.9138,638.00
7.511470,890.9647,568.00
7.511470,891.0157,618.00
7.511470,891.0668,583.00
7.511470,891.1178,652.00
7.511470,891.1688,577.00
7.511470,891.2197,654.00
7.511470,891.2707,613.00
7.511470,891.3217,625.00
7.511470,891.3727,604.00
7.511470,891.4236,600.00
7.511470,891.4745,563.00
7.511470,891.5256,630.00
7.511470,891.5765,594.00
7.511470,891.6275,640.00
7.511470,891.6783,596.00
7.511470,891.7293,615.00
7.511470,891.7802,605.00
7.511470,891.8312,609.00
7.511470,891.8821,580.00
7.511470,891.9330,652.00
7.511470,891.9839,579.00
7.511470,892.0348,620.00
7.511470,892.0857,604.00
7.511470,892.1366,616.00
7.511470,892.1875,610.00
7.511470,892.2383,643.00
7.511470,892.2892,616.00
7.511470,892.3401,634.00
7.511470,892.3911,586.00
7.511470,892.4418,655.00
7.511470,892.4927,613.00
7.511470,892.5436,678.00
7.511470,892.5944,617.00
7.511470,892.6452,645.00
7.511470,892.6961,621.00
7.511470,892.7469,624.00
7.511470,892.7977,609.00
7.511470,892.8485,626.00
7.511470,892.8993,626.00
7.511470,892.9502,658.00
7.511470,893.0010,620.00
7.511470,893.0518,630.00
7.511470,893.1025,609.00
7.511470,893.1534,647.00
7.511470,893.2042,595.00
7.511470,893.2549,652.00
7.511470,893.3057,605.00
7.511470,893.3564,660.00
7.511470,893.4072,643.00
7.511470,893.4580,631.00
7.511470,893.5087,626.00
7.511470,893.5595,624.00
7.511470,893.6102,596.00
7.511470,893.6609,671.00
7.511470,893.7117,589.00
7.511470,893.7625,691.00
7.511470,893.8132,624.00
7.511470,893.8639,670.00
7.511470,893.9146,623.00
7.511470,893.9653,616.00
7.511470,894.0160,601.00
7.511470,894.0667,640.00
7.511470,894.1174,633.00
7.511470,894.1681,659.00
7.511470,894.2188,620.00
7.511470,894.2695,656.00
7.511470,894.3201,626.00
7.511470,894.3708,642.00
7.511470,894.4214,605.00
7.511470,894.4720,616.00
7.511470,894.5228,596.00
7.511470,894.5734,681.00
7.511470,894.6240,605.00
7.511470,894.6746,688.00
7.511470,894.7252,672.00
7.511470,894.7759,654.00
7.511470,894.8265,630.00
7.511470,894.8771,656.00
7.511470,894.9277,604.00
7.511470,894.9783,664.00
7.511470,895.0290,563.00
7.511470,895.0795,659.00
7.511470,895.1301,616.00
7.511470,895.1807,648.00
7.511470,895.2313,622.00
7.511470,895.2819,637.00
7.511470,895.3325,599.00
7.511470,895.3830,626.00
7.511470,895.4336,602.00
7.511470,895.4841,689.00
7.511470,895.5347,606.00
7.511470,895.5852,649.00
7.511470,895.6357,649.00
7.511470,895.6863,655.00
7.511470,895.7368,618.00
7.511470,895.7874,631.00
7.511470,895.8379,594.00
7.511470,895.8884,672.00
7.511470,895.9388,585.00
7.511470,895.9893,655.00
7.511470,896.0399,637.00
7.511470,896.0904,633.00
7.511470,896.1408,628.00
7.511470,896.1913,636.00
7.511470,896.2418,603.00
7.511470,896.2922,648.00
7.511470,896.3427,622.00
7.511470,896.3932,702.00
7.511470,896.4437,636.00
7.511470,896.4941,663.00
7.511470,896.5445,644.00
7.511470,896.5950,629.00
7.511470,896.6454,619.00
7.511470,896.6958,632.00
7.511470,896.7462,575.00
7.511470,896.7967,666.00
7.511470,896.8471,624.00
7.511470,896.8975,673.00
7.511470,896.9479,642.00
7.511470,896.9983,645.00
7.511470,897.0486,609.00
7.511470,897.0991,634.00
7.511470,897.1495,594.00
7.511470,897.1998,687.00
7.511470,897.2502,624.00
7.511470,897.3005,670.00
7.511470,897.3510,625.00
7.511470,897.4013,623.00
7.511470,897.4517,629.00
7.511470,897.5020,646.00
7.511470,897.5523,615.00
7.511470,897.6026,654.00
7.511470,897.6530,601.00
7.511470,897.7033,674.00
7.511470,897.7537,611.00
7.511470,897.8040,651.00
7.511470,897.8542,617.00
7.511470,897.9046,638.00
7.511470,897.9549,631.00
7.511470,898.0051,661.00
7.511470,898.0554,599.00
7.511470,898.1057,654.00
7.511470,898.1560,655.00
7.511470,898.2063,639.00
7.511470,898.2565,608.00
7.511470,898.3068,625.00
7.511470,898.3571,637.00
7.511470,898.4073,635.00
7.511470,898.4576,549.00
7.511470,898.5078,640.00
7.511470,898.5580,592.00
7.511470,898.6083,680.00
7.511470,898.6584,651.00
7.511470,898.7087,636.00
7.511470,898.7590,632.00
7.511470,898.8091,638.00
7.511470,898.8593,602.00
7.511470,898.9095,653.00
7.511470,898.9598,576.00
7.511470,899.0099,682.00
7.511470,899.0601,615.00
7.511470,899.1103,663.00
7.511470,899.1605,622.00
7.511470,899.2107,622.00
7.511470,899.2608,585.00
7.511470,899.3109,607.00
7.511470,899.3611,593.00
7.511470,899.4113,681.00
7.511470,899.4614,629.00
7.511470,899.5115,640.00
7.511470,899.5616,623.00
7.511470,899.6118,626.00
7.511470,899.6619,612.00
7.511470,899.7121,606.00
7.511470,899.7622,568.00
7.511470,899.8123,687.00
7.511470,899.8624,579.00
7.511470,899.9124,626.00
7.511470,899.9626,633.00
7.511470,900.0126,630.00
7.511470,900.0627,617.00
7.511470,900.1127,635.00
7.511470,900.1628,581.00
7.511470,900.2130,656.00
7.511470,900.2631,543.00
7.511470,900.3130,654.00
7.511470,900.3631,613.00
7.511470,900.4131,626.00
7.511470,900.4632,624.00
7.511470,900.5132,607.00
7.511470,900.5633,581.00
7.511470,900.6132,618.00
7.511470,900.6632,593.00
7.511470,900.7133,660.00
7.511470,900.7633,559.00
7.511470,900.8133,634.00
7.511470,900.8633,577.00
7.511470,900.9133,628.00
7.511470,900.9633,594.00
7.511470,901.0133,621.00
7.511470,901.0632,569.00
7.511470,901.1132,614.00
7.511470,901.1631,564.00
7.511470,901.2131,641.00
7.511470,901.2631,604.00
7.511470,901.3130,654.00
7.511470,901.3630,599.00
7.511470,901.4129,612.00
7.511470,901.4628,626.00
7.511470,901.5128,618.00
7.511470,901.5627,565.00
7.511470,901.6126,665.00
7.511470,901.6625,588.00
7.511470,901.7124,617.00
7.511470,901.7623,621.00
7.511470,901.8123,630.00
7.511470,901.8621,606.00
7.511470,901.9120,632.00
7.511470,901.9619,610.00
7.511470,902.0117,640.00
7.511470,902.0616,619.00
7.511470,902.1115,647.00
7.511470,902.1613,622.00
7.511470,902.2112,595.00
7.511470,902.2610,626.00
7.511470,902.3109,611.00
7.511470,902.3608,593.00
7.511470,902.4106,633.00
7.511470,902.4604,589.00
7.511470,902.5103,635.00
7.511470,902.5601,587.00
7.511470,902.6099,634.00
7.511470,902.6597,610.00
7.511470,902.7095,652.00
7.511470,902.7592,625.00
7.511470,902.8090,647.00
7.511470,902.8589,571.00
7.511470,902.9086,653.00
7.511470,902.9584,620.00
7.511470,903.0082,662.00
7.511470,903.0580,635.00
7.511470,903.1077,637.00
7.511470,903.1575,612.00
7.511470,903.2072,622.00
7.511470,903.2570,593.00
7.511470,903.3067,655.00
7.511470,903.3564,594.00
7.511470,903.4062,662.00
7.511470,903.4559,637.00
7.511470,903.5056,640.00
7.511470,903.5553,601.00
7.511470,903.6050,637.00
7.511470,903.6547,589.00
7.511470,903.7045,660.00
7.511470,903.7541,570.00
7.511470,903.8038,676.00
7.511470,903.8535,612.00
7.511470,903.9032,614.00
7.511470,903.9528,624.00
7.511470,904.0025,639.00
7.511470,904.0522,604.00
7.511470,904.1019,618.00
7.511470,904.1515,593.00
7.511470,904.2012,650.00
7.511470,904.2507,573.00
7.511470,904.3004,650.00
7.511470,904.3500,587.00
7.511470,904.3997,600.00
7.511470,904.4493,591.00
7.511470,904.4989,600.00
7.511470,904.5485,577.00
7.511470,904.5980,629.00
7.511470,904.6477,576.00
7.511470,904.6973,631.00
7.511470,904.7469,574.00
7.511470,904.7964,658.00
7.511470,904.8460,600.00
7.511470,904.8956,562.00
7.511470,904.9452,571.00
7.511470,904.9947,595.00
7.511470,905.0443,571.00
7.511470,905.0938,656.00
7.511470,905.1434,621.00
7.511470,905.1929,617.00
7.511470,905.2424,613.00
7.511470,905.2919,665.00
7.511470,905.3414,604.00
7.511470,905.3910,624.00
7.511470,905.4406,614.00
7.511470,905.4901,666.00
7.511470,905.5396,578.00
7.511470,905.5890,628.00
7.511470,905.6385,618.00
7.511470,905.6880,641.00
7.511470,905.7375,623.00
7.511470,905.7870,661.00
7.511470,905.8364,604.00
7.511470,905.8859,633.00
7.511470,905.9354,624.00
7.511470,905.9848,647.00
7.511470,906.0342,642.00
7.511470,906.0837,688.00
7.511470,906.1331,614.00
7.511470,906.1826,640.00
7.511470,906.2321,597.00
7.511470,906.2814,673.00
7.511470,906.3309,590.00
7.511470,906.3802,651.00
7.511470,906.4297,614.00
7.511470,906.4791,622.00
7.511470,906.5285,616.00
7.511470,906.5779,621.00
7.511470,906.6273,593.00
7.511470,906.6766,657.00
7.511470,906.7260,603.00
7.511470,906.7754,708.00
7.511470,906.8248,584.00
7.511470,906.8741,672.00
7.511470,906.9235,626.00
7.511470,906.9729,621.00
7.511470,907.0222,598.00
7.511470,907.0715,632.00
7.511470,907.1208,584.00
7.511470,907.1702,675.00
7.511470,907.2195,614.00
7.511470,907.2688,633.00
7.511470,907.3181,602.00
7.511470,907.3674,628.00
7.511470,907.4167,601.00
7.511470,907.4660,613.00
7.511470,907.5153,560.00
7.511470,907.5646,659.00
7.511470,907.6139,592.00
7.511470,907.6631,664.00
7.511470,907.7125,600.00
7.511470,907.7617,634.00
7.511470,907.8110,605.00
7.511470,907.8602,642.00
7.511470,907.9094,582.00
7.511470,907.9587,644.00
7.511470,908.0080,557.00
7.511470,908.0572,666.00
7.511470,908.1064,601.00
7.511470,908.1556,637.00
7.511470,908.2048,622.00
7.511470,908.2541,626.00
7.511470,908.3033,617.00
7.511470,908.3524,634.00
7.511470,908.4017,546.00
7.511470,908.4508,617.00
7.511470,908.5000,591.00
7.511470,908.5493,628.00
7.511470,908.5984,615.00
7.511470,908.6475,625.00
7.511470,908.6967,590.00
7.511470,908.7459,635.00
7.511470,908.7950,568.00
7.511470,908.8442,649.00
7.511470,908.8932,586.00
7.511470,908.9424,637.00
7.511470,908.9916,619.00
7.511470,909.0407,642.00
7.511470,909.0898,652.00
7.511470,909.1389,631.00
7.511470,909.1880,602.00
7.511470,909.2372,623.00
7.511470,909.2863,595.00
7.511470,909.3354,676.00
7.511470,909.3845,559.00
7.511470,909.4335,647.00
7.511470,909.4825,619.00
7.511470,909.5317,615.00
7.511470,909.5807,590.00
7.511470,909.6298,625.00
7.511470,909.6789,557.00
7.511470,909.7280,649.00
7.511470,909.7770,585.00
7.511470,909.8260,647.00
7.511470,909.8751,590.00
7.511470,909.9241,620.00
7.511470,909.9731,614.00
7.511470,910.0222,618.00
7.511470,910.0711,613.00
7.511470,910.1201,627.00
7.511470,910.1691,582.00
7.511470,910.2181,631.00
7.511470,910.2672,615.00
7.511470,910.3162,612.00
7.511470,910.3651,603.00
7.511470,910.4141,629.00
7.511470,910.4631,615.00
7.511470,910.5120,611.00
7.511470,910.5610,608.00
7.511470,910.6099,635.00
7.511470,910.6589,610.00
7.511470,910.7078,625.00
7.511470,910.7568,637.00
7.511470,910.8057,632.00
7.511470,910.8546,631.00
7.511470,910.9036,629.00
7.511470,910.9525,600.00
7.511470,911.0013,646.00
7.511470,911.0503,614.00
7.511470,911.0992,659.00
7.511470,911.1481,630.00
7.511470,911.1970,642.00
7.511470,911.2459,639.00
7.511470,911.2948,609.00
7.511470,911.3436,603.00
7.511470,911.3925,633.00
7.511470,911.4414,619.00
7.511470,911.4902,673.00
7.511470,911.5391,648.00
7.511470,911.5880,643.00
7.511470,911.6368,626.00
7.511470,911.6857,623.00
7.511470,911.7344,578.00
7.511470,911.7833,642.00
7.511470,911.8321,597.00
7.511470,911.8809,661.00
7.511470,911.9297,621.00
7.511470,911.9785,667.00
7.511470,912.0273,671.00
7.511470,912.0762,630.00
7.511470,912.1249,680.00
7.511470,912.1737,644.00
7.511470,912.2225,611.00
7.511470,912.2712,679.00
7.511470,912.3201,663.00
7.511470,912.3688,696.00
7.511470,912.4176,634.00
7.511470,912.4663,649.00
7.511470,912.5150,613.00
7.511470,912.5638,661.00
7.511470,912.6125,622.00
7.511470,912.6613,655.00
7.511470,912.7100,604.00
7.511470,912.7587,660.00
7.511470,912.8074,682.00
7.511470,912.8561,655.00
7.511470,912.9048,653.00
7.511470,912.9535,664.00
7.511470,913.0023,624.00
7.511470,913.0510,629.00
7.511470,913.0996,633.00
7.511470,913.1483,684.00
7.511470,913.1969,624.00
7.511470,913.2456,668.00
7.511470,913.2943,662.00
7.511470,913.3430,660.00
7.511470,913.3916,592.00
7.511470,913.4402,664.00
7.511470,913.4888,622.00
7.511470,913.5375,697.00
7.511470,913.5862,626.00
7.511470,913.6348,688.00
7.511470,913.6834,672.00
7.511470,913.7320,677.00
7.511470,913.7806,666.00
7.511470,913.8292,673.00
7.511470,913.8778,630.00
7.511470,913.9264,668.00
7.511470,913.9750,622.00
7.511470,914.0236,697.00
7.511470,914.0721,668.00
7.511470,914.1207,675.00
7.511470,914.1693,634.00
7.511470,914.2178,695.00
7.511470,914.2664,654.00
7.511470,914.3149,678.00
7.511470,914.3635,669.00
7.511470,914.4120,695.00
7.511470,914.4606,671.00
7.511470,914.5090,713.00
7.511470,914.5576,697.00
7.511470,914.6061,694.00
7.511470,914.6546,653.00
7.511470,914.7031,705.00
7.511470,914.7516,642.00
7.511470,914.8001,704.00
7.511470,914.8486,665.00
7.511470,914.8971,690.00
7.511470,914.9456,676.00
7.511470,914.9941,689.00
7.511470,915.0425,660.00
7.511470,915.0910,648.00
7.511470,915.1395,635.00
7.511470,915.1879,702.00
7.511470,915.2363,644.00
7.511470,915.2849,732.00
7.511470,915.3333,658.00
7.511470,915.3817,699.00
7.511470,915.4301,661.00
7.511470,915.4785,670.00
7.511470,915.5269,614.00
7.511470,915.5754,683.00
7.511470,915.6237,645.00
7.511470,915.6721,694.00
7.511470,915.7205,631.00
7.511470,915.7689,723.00
7.511470,915.8173,659.00
7.511470,915.8657,666.00
7.511470,915.9141,619.00
7.511470,915.9623,691.00
7.511470,916.0107,651.00
7.511470,916.0591,695.00
7.511470,916.1075,621.00
7.511470,916.1558,683.00
7.511470,916.2042,649.00
7.511470,916.2524,677.00
7.511470,916.3008,679.00
7.511470,916.3491,652.00
7.511470,916.3974,611.00
7.511470,916.4457,692.00
7.511470,916.4940,622.00
7.511470,916.5423,695.00
7.511470,916.5907,670.00
7.511470,916.6390,681.00
7.511470,916.6872,656.00
7.511470,916.7355,651.00
7.511470,916.7838,599.00
7.511470,916.8320,673.00
7.511470,916.8803,598.00
7.511470,916.9286,694.00
7.511470,916.9768,599.00
7.511470,917.0250,655.00
7.511470,917.0733,674.00
7.511470,917.1216,663.00
7.511470,917.1698,653.00
7.511470,917.2180,647.00
7.511470,917.2662,609.00
7.511470,917.3145,683.00
7.511470,917.3626,635.00
7.511470,917.4109,702.00
7.511470,917.4590,633.00
7.511470,917.5072,704.00
7.511470,917.5554,641.00
7.511470,917.6036,667.00
7.511470,917.6518,621.00
7.511470,917.7000,712.00
7.511470,917.7481,600.00
7.511470,917.7963,706.00
7.511470,917.8444,657.00
7.511470,917.8926,690.00
7.511470,917.9407,662.00
7.511470,917.9888,686.00
7.511470,918.0369,629.00
7.511470,918.0851,666.00
7.511470,918.1332,639.00
7.511470,918.1813,675.00
7.511470,918.2294,649.00
7.511470,918.2776,706.00
7.511470,918.3257,665.00
7.511470,918.3737,653.00
7.511470,918.4218,651.00
7.511470,918.4699,692.00
7.511470,918.5180,641.00
7.511470,918.5660,684.00
7.511470,918.6142,652.00
7.511470,918.6622,653.00
7.511470,918.7103,678.00
7.511470,918.7583,718.00
7.511470,918.8064,684.00
7.511470,918.8544,644.00
7.511470,918.9025,646.00
7.511470,918.9505,717.00
7.511470,918.9985,643.00
7.511470,919.0464,736.00
7.511470,919.0945,684.00
7.511470,919.1426,695.00
7.511470,919.1905,690.00
7.511470,919.2385,689.00
7.511470,919.2866,668.00
7.511470,919.3345,710.00
7.511470,919.3825,633.00
7.511470,919.4304,671.00
7.511470,919.4785,662.00
7.511470,919.5264,698.00
7.511470,919.5744,647.00
7.511470,919.6224,668.00
7.511470,919.6703,651.00
7.511470,919.7182,675.00
7.511470,919.7661,665.00
7.511470,919.8141,697.00
7.511470,919.8620,666.00
7.511470,919.9100,725.00
7.511470,919.9578,655.00
7.511470,920.0057,726.00
7.511470,920.0536,688.00
7.511470,920.1016,693.00
7.511470,920.1495,662.00
7.511470,920.1973,687.00
7.511470,920.2452,577.00
7.511470,920.2932,686.00
7.511470,920.3410,672.00
7.511470,920.3888,699.00
7.511470,920.4367,679.00
7.511470,920.4846,648.00
7.511470,920.5323,611.00
7.511470,920.5803,640.00
7.511470,920.6281,631.00
7.511470,920.6759,725.00
7.511470,920.7237,662.00
7.511470,920.7715,703.00
7.511470,920.8195,662.00
7.511470,920.8672,645.00
7.511470,920.9150,638.00
7.511470,920.9628,683.00
7.511470,921.0106,613.00
7.511470,921.0584,691.00
7.511470,921.1062,626.00
7.511470,921.1540,701.00
7.511470,921.2017,639.00
7.511470,921.2495,664.00
7.511470,921.2973,615.00
7.511470,921.3450,667.00
7.511470,921.3928,608.00
7.511470,921.4405,681.00
7.511470,921.4882,618.00
7.511470,921.5359,687.00
7.511470,921.5837,667.00
7.511470,921.6315,696.00
7.511470,921.6791,640.00
7.511470,921.7269,669.00
7.511470,921.7746,653.00
7.511470,921.8223,635.00
7.511470,921.8700,600.00
7.511470,921.9177,676.00
7.511470,921.9653,622.00
7.511470,922.0130,654.00
7.511470,922.0607,651.00
7.511470,922.1084,666.00
7.511470,922.1561,646.00
7.511470,922.2037,687.00
7.511470,922.2513,671.00
7.511470,922.2990,677.00
7.511470,922.3467,601.00
7.511470,922.3943,679.00
7.511470,922.4419,631.00
7.511470,922.4895,669.00
7.511470,922.5371,650.00
7.511470,922.5848,652.00
7.511470,922.6324,649.00
7.511470,922.6800,653.00
7.511470,922.7276,608.00
7.511470,922.7752,669.00
7.511470,922.8228,622.00
7.511470,922.8704,688.00
7.511470,922.9179,638.00
7.511470,922.9655,698.00
7.511470,923.0130,630.00
7.511470,923.0607,717.00
7.511470,923.1082,636.00
7.511470,923.1558,707.00
7.511470,923.2032,627.00
7.511470,923.2508,659.00
7.511470,923.2983,646.00
7.511470,923.3459,652.00
7.511470,923.3934,661.00
7.511470,923.4409,663.00
7.511470,923.4884,629.00
7.511470,923.5359,675.00
7.511470,923.5834,606.00
7.511470,923.6309,684.00
7.511470,923.6784,639.00
7.511470,923.7259,688.00
7.511470,923.7734,639.00
7.511470,923.8209,647.00
7.511470,923.8683,608.00
7.511470,923.9158,655.00
7.511470,923.9632,624.00
7.511470,924.0106,695.00
7.511470,924.0581,629.00
7.511470,924.1056,684.00
7.511470,924.1530,649.00
7.511470,924.2004,662.00
7.511470,924.2479,649.00
7.511470,924.2952,644.00
7.511470,924.3427,586.00
7.511470,924.3901,680.00
7.511470,924.4375,613.00
7.511470,924.4849,694.00
7.511470,924.5323,654.00
7.511470,924.5797,645.00
7.511470,924.6270,626.00
7.511470,924.6744,682.00
7.511470,924.7218,627.00
7.511470,924.7692,673.00
7.511470,924.8165,624.00
7.511470,924.8639,687.00
7.511470,924.9112,639.00
7.511470,924.9585,683.00
7.511470,925.0059,664.00
7.511470,925.0532,632.00
7.511470,925.1005,617.00
7.511470,925.1478,683.00
7.511470,925.1952,629.00
7.511470,925.2424,668.00
7.511470,925.2897,634.00
7.511470,925.3370,706.00
7.511470,925.3843,659.00
7.511470,925.4316,662.00
7.511470,925.4789,606.00
7.511470,925.5262,651.00
7.511470,925.5734,613.00
7.511470,925.6207,671.00
7.511470,925.6680,635.00
7.511470,925.7153,683.00
7.511470,925.7625,649.00
7.511470,925.8097,648.00
7.511470,925.8569,645.00
7.511470,925.9042,675.00
7.511470,925.9514,589.00
7.511470,925.9987,688.00
7.511470,926.0458,628.00
7.511470,926.0930,692.00
7.511470,926.1403,645.00
7.511470,926.1874,692.00
7.511470,926.2346,638.00
7.511470,926.2819,674.00
7.511470,926.3290,630.00
7.511470,926.3762,668.00
7.511470,926.4233,600.00
7.511470,926.4705,703.00
7.511470,926.5177,667.00
7.511470,926.5648,711.00
7.511470,926.6120,692.00
7.511470,926.6591,718.00
7.511470,926.7063,651.00
7.511470,926.7534,665.00
7.511470,926.8005,645.00
7.511470,926.8477,720.00
7.511470,926.8947,669.00
7.511470,926.9418,729.00
7.511470,926.9890,690.00
7.511470,927.0361,690.00
7.511470,927.0831,684.00
7.511470,927.1302,710.00
7.511470,927.1773,658.00
7.511470,927.2244,731.00
7.511470,927.2715,669.00
7.511470,927.3185,708.00
7.511470,927.3656,697.00
7.511470,927.4126,729.00
7.511470,927.4597,717.00
7.511470,927.5067,690.00
7.511470,927.5538,656.00
7.511470,927.6008,700.00
7.511470,927.6478,668.00
7.511470,927.6949,746.00
7.511470,927.7419,703.00
7.511470,927.7888,722.00
7.511470,927.8358,732.00
7.511470,927.8829,740.00
7.511470,927.9299,683.00
7.511470,927.9769,739.00
7.511470,928.0239,681.00
7.511470,928.0708,724.00
7.511470,928.1177,698.00
7.511470,928.1648,747.00
7.511470,928.2117,743.00
7.511470,928.2587,728.00
7.511470,928.3056,708.00
7.511470,928.3525,721.00
7.511470,928.3995,709.00
7.511470,928.4465,735.00
7.511470,928.4934,706.00
7.511470,928.5402,748.00
7.511470,928.5872,742.00
7.511470,928.6340,826.00
7.511470,928.6810,789.00
7.511470,928.7279,825.00
7.511470,928.7748,968.00
7.511470,928.8217,1253.00
7.511470,928.8685,1597.00
7.511470,928.9155,1532.00
7.511470,928.9623,1142.00
7.511470,929.0092,1024.00
7.511470,929.0560,942.00
7.511470,929.1028,1080.00
7.511470,929.1498,1322.00
7.511470,929.1965,1837.00
7.511470,929.2434,1940.00
7.511470,929.2902,2017.00
7.511470,929.3370,2204.00
7.511470,929.3839,3061.00
7.511470,929.4307,4206.00
7.511470,929.4775,7612.00
7.511470,929.5243,14384.00
7.511470,929.5710,16502.00
7.511470,929.6179,14166.00
7.511470,929.6647,15619.00
7.511470,929.7115,15918.00
7.511470,929.7582,11088.00
7.511470,929.8050,5637.00
7.511470,929.8517,3023.00
7.511470,929.8986,2311.00
7.511470,929.9453,3187.00
7.511470,929.9921,4292.00
7.511470,930.0388,4530.00
7.511470,930.0854,3821.00
7.511470,930.1323,3349.00
7.511470,930.1790,3277.00
7.511470,930.2256,3324.00
7.511470,930.2724,2555.00
7.511470,930.3191,2096.00
7.511470,930.3658,2714.00
7.511470,930.4125,3978.00
7.511470,930.4592,3676.00
7.511470,930.5059,2311.00
7.511470,930.5526,1162.00
7.511470,930.5993,911.00
7.511470,930.6459,781.00
7.511470,930.6926,764.00
7.511470,930.7392,723.00
7.511470,930.7859,741.00
7.511470,930.8325,677.00
7.511470,930.8792,750.00
7.511470,930.9258,704.00
7.511470,930.9725,725.00
7.511470,931.0190,700.00
7.511470,931.0657,730.00
7.511470,931.1123,689.00
7.511470,931.1589,714.00
7.511470,931.2055,704.00
7.511470,931.2521,718.00
7.511470,931.2987,649.00
7.511470,931.3453,694.00
7.511470,931.3919,665.00
7.511470,931.4385,698.00
7.511470,931.4850,691.00
7.511470,931.5316,686.00
7.511470,931.5782,643.00
7.511470,931.6248,672.00
7.511470,931.6713,637.00
7.511470,931.7178,733.00
7.511470,931.7643,655.00
7.511470,931.8109,715.00
7.511470,931.8574,666.00
7.511470,931.9039,706.00
7.511470,931.9504,686.00
7.511470,931.9969,695.00
7.511470,932.0435,645.00
7.511470,932.0900,685.00
7.511470,932.1365,643.00
7.511470,932.1829,693.00
7.511470,932.2294,657.00
7.511470,932.2759,712.00
7.511470,932.3223,648.00
7.511470,932.3688,657.00
7.511470,932.4153,668.00
7.511470,932.4617,752.00
7.511470,932.5082,662.00
7.511470,932.5546,712.00
7.511470,932.6011,674.00
7.511470,932.6475,700.00
7.511470,932.6939,688.00
7.511470,932.7402,697.00
7.511470,932.7867,648.00
7.511470,932.8331,713.00
7.511470,932.8795,620.00
7.511470,932.9259,710.00
7.511470,932.9723,634.00
7.511470,933.0187,718.00
7.511470,933.0651,672.00
7.511470,933.1115,684.00
7.511470,933.1578,671.00
7.511470,933.2042,687.00
7.511470,933.2505,627.00
7.511470,933.2969,712.00
7.511470,933.3433,686.00
7.511470,933.3896,723.00
7.511470,933.4359,667.00
7.511470,933.4822,715.00
7.511470,933.5286,668.00
7.511470,933.5749,663.00
7.511470,933.6212,689.00
7.511470,933.6675,697.00
7.511470,933.7138,659.00
7.511470,933.7601,732.00
7.511470,933.8064,659.00
7.511470,933.8527,698.00
7.511470,933.8989,646.00
7.511470,933.9452,689.00
7.511470,933.9915,692.00
7.511470,934.0378,677.00
7.511470,934.0840,669.00
7.511470,934.1302,725.00
7.511470,934.1765,634.00
7.511470,934.2227,704.00
7.511470,934.2690,704.00
7.511470,934.3152,692.00
7.511470,934.3614,678.00
7.511470,934.4077,691.00
7.511470,934.4539,672.00
7.511470,934.5001,738.00
7.511470,934.5463,668.00
7.511470,934.5925,723.00
7.511470,934.6387,693.00
7.511470,934.6848,702.00
7.511470,934.7310,667.00
7.511470,934.7772,686.00
7.511470,934.8234,649.00
7.511470,934.8695,686.00
7.511470,934.9156,653.00
7.511470,934.9619,729.00
7.511470,935.0080,661.00
7.511470,935.0541,704.00
7.511470,935.1002,699.00
7.511470,935.1464,690.00
7.511470,935.1925,644.00
7.511470,935.2386,710.00
7.511470,935.2847,670.00
7.511470,935.3308,725.00
7.511470,935.3769,645.00
7.511470,935.4230,732.00
7.511470,935.4691,675.00
7.511470,935.5152,707.00
7.511470,935.5613,664.00
7.511470,935.6073,704.00
7.511470,935.6534,652.00
7.511470,935.6995,693.00
7.511470,935.7455,667.00
7.511470,935.7916,704.00
7.511470,935.8376,668.00
7.511470,935.8837,694.00
7.511470,935.9297,660.00
7.511470,935.9757,699.00
7.511470,936.0217,664.00
7.511470,936.0677,682.00
7.511470,936.1137,601.00
7.511470,936.1598,712.00
7.511470,936.2057,623.00
7.511470,936.2518,694.00
7.511470,936.2977,683.00
7.511470,936.3437,670.00
7.511470,936.3896,620.00
7.511470,936.4357,653.00
7.511470,936.4816,605.00
7.511470,936.5275,689.00
7.511470,936.5735,627.00
7.511470,936.6194,680.00
7.511470,936.6654,652.00
7.511470,936.7114,662.00
7.511470,936.7573,620.00
7.511470,936.8032,635.00
7.511470,936.8491,570.00
7.511470,936.8950,654.00
7.511470,936.9409,615.00
7.511470,936.9868,692.00
7.511470,937.0327,609.00
7.511470,937.0786,689.00
7.511470,937.1245,629.00
7.511470,937.1704,623.00
7.511470,937.2162,610.00
7.511470,937.2621,664.00
7.511470,937.3080,588.00
7.511470,937.3539,642.00
7.511470,937.3997,617.00
7.511470,937.4455,673.00
7.511470,937.4913,640.00
7.511470,937.5372,618.00
7.511470,937.5831,629.00
7.511470,937.6289,606.00
7.511470,937.6747,622.00
7.511470,937.7205,670.00
7.511470,937.7663,603.00
7.511470,937.8121,680.00
7.511470,937.8579,623.00
7.511470,937.9037,625.00
7.511470,937.9495,651.00
7.511470,937.9952,661.00
7.511470,938.0410,624.00
7.511470,938.0868,649.00
7.511470,938.1325,578.00
7.511470,938.1783,673.00
7.511470,938.2240,632.00
7.511470,938.2698,654.00
7.511470,938.3155,652.00
7.511470,938.3613,623.00
7.511470,938.4069,570.00
7.511470,938.4527,614.00
7.511470,938.4984,617.00
7.511470,938.5441,672.00
7.511470,938.5898,639.00
7.511470,938.6356,657.00
7.511470,938.6812,627.00
7.511470,938.7269,664.00
7.511470,938.7726,642.00
7.511470,938.8182,673.00
7.511470,938.8640,610.00
7.511470,938.9096,673.00
7.511470,938.9552,620.00
7.511470,939.0010,657.00
7.511470,939.0466,674.00
7.511470,939.0922,677.00
7.511470,939.1378,668.00
7.511470,939.1835,686.00
7.511470,939.2291,598.00
7.511470,939.2747,695.00
7.511470,939.3203,658.00
7.511470,939.3659,720.00
7.511470,939.4115,655.00
7.511470,939.4570,693.00
7.511470,939.5027,697.00
7.511470,939.5483,689.00
7.511470,939.5939,646.00
7.511470,939.6395,659.00
7.511470,939.6851,632.00
7.511470,939.7306,700.00
7.511470,939.7761,668.00
7.511470,939.8217,709.00
7.511470,939.8672,653.00
7.511470,939.9127,664.00
7.511470,939.9583,662.00
7.511470,940.0038,704.00
7.511470,940.0493,672.00
7.511470,940.0948,734.00
7.511470,940.1403,642.00
7.511470,940.1859,727.00
7.511470,940.2314,660.00
7.511470,940.2769,704.00
7.511470,940.3223,667.00
7.511470,940.3678,709.00
7.511470,940.4133,639.00
7.511470,940.4588,664.00
7.511470,940.5042,686.00
7.511470,940.5497,737.00
7.511470,940.5952,656.00
7.511470,940.6406,693.00
7.511470,940.6860,686.00
7.511470,940.7315,709.00
7.511470,940.7769,680.00
7.511470,940.8223,682.00
7.511470,940.8677,662.00
7.511470,940.9132,707.00
7.511470,940.9586,652.00
7.511470,941.0040,742.00
7.511470,941.0494,691.00
7.511470,941.0948,703.00
7.511470,941.1402,709.00
7.511470,941.1855,704.00
7.511470,941.2310,653.00
7.511470,941.2762,749.00
7.511470,941.3216,647.00
7.511470,941.3670,738.00
7.511470,941.4124,676.00
7.511470,941.4577,720.00
7.511470,941.5031,672.00
7.511470,941.5483,669.00
7.511470,941.5937,663.00
7.511470,941.6390,700.00
7.511470,941.6843,648.00
7.511470,941.7296,702.00
7.511470,941.7749,650.00
7.511470,941.8203,695.00
7.511470,941.8655,676.00
7.511470,941.9108,684.00
7.511470,941.9561,681.00
7.511470,942.0013,695.00
7.511470,942.0467,647.00
7.511470,942.0920,712.00
7.511470,942.1372,692.00
7.511470,942.1824,712.00
7.511470,942.2277,665.00
7.511470,942.2729,695.00
7.511470,942.3182,668.00
7.511470,942.3634,704.00
7.511470,942.4086,666.00
7.511470,942.4539,696.00
7.511470,942.4990,629.00
7.511470,942.5443,702.00
7.511470,942.5895,672.00
7.511470,942.6347,691.00
7.511470,942.6798,634.00
7.511470,942.7250,678.00
7.511470,942.7702,669.00
7.511470,942.8154,712.00
7.511470,942.8606,625.00
7.511470,942.9058,701.00
7.511470,942.9508,637.00
7.511470,942.9960,700.00
7.511470,943.0412,660.00
7.511470,943.0864,662.00
7.511470,943.1314,628.00
7.511470,943.1766,716.00
7.511470,943.2217,682.00
7.511470,943.2668,720.00
7.511470,943.3120,643.00
7.511470,943.3571,714.00
7.511470,943.4021,682.00
7.511470,943.4473,699.00
7.511470,943.4923,666.00
7.511470,943.5374,663.00
7.511470,943.5825,675.00
7.511470,943.6276,697.00
7.511470,943.6725,619.00
7.511470,943.7177,713.00
7.511470,943.7627,685.00
7.511470,943.8078,665.00
7.511470,943.8528,676.00
7.511470,943.8978,695.00
7.511470,943.9429,666.00
7.511470,943.9879,710.00
7.511470,944.0330,634.00
7.511470,944.0779,724.00
7.511470,944.1229,699.00
7.511470,944.1679,699.00
7.511470,944.2130,683.00
7.511470,944.2579,735.00
7.511470,944.3029,680.00
7.511470,944.3478,651.00
7.511470,944.3929,641.00
7.511470,944.4379,743.00
7.511470,944.4828,647.00
7.511470,944.5277,730.00
7.511470,944.5727,671.00
7.511470,944.6176,728.00
7.511470,944.6626,655.00
7.511470,944.7076,689.00
7.511470,944.7524,639.00
7.511470,944.7974,689.00
7.511470,944.8423,662.00
7.511470,944.8872,709.00
7.511470,944.9321,676.00
7.511470,944.9770,693.00
7.511470,945.0219,666.00
7.511470,945.0667,717.00
7.511470,945.1116,650.00
7.511470,945.1566,670.00
7.511470,945.2014,664.00
7.511470,945.2463,711.00
7.511470,945.2911,636.00
7.511470,945.3360,735.00
7.511470,945.3808,673.00
7.511470,945.4257,712.00
7.511470,945.4705,675.00
7.511470,945.5153,676.00
7.511470,945.5601,627.00
7.511470,945.6050,732.00
7.511470,945.6498,666.00
7.511470,945.6946,629.00
7.511470,945.7394,656.00
7.511470,945.7842,665.00
7.511470,945.8290,656.00
7.511470,945.8738,713.00
7.511470,945.9186,642.00
7.511470,945.9633,716.00
7.511470,946.0081,628.00
7.511470,946.0529,690.00
7.511470,946.0976,664.00
7.511470,946.1423,679.00
7.511470,946.1871,662.00
7.511470,946.2318,678.00
7.511470,946.2766,609.00
7.511470,946.3213,680.00
7.511470,946.3660,621.00
7.511470,946.4107,671.00
7.511470,946.4554,667.00
7.511470,946.5001,706.00
7.511470,946.5449,664.00
7.511470,946.5895,660.00
7.511470,946.6342,629.00
7.511470,946.6789,677.00
7.511470,946.7236,615.00
7.511470,946.7682,668.00
7.511470,946.8129,626.00
7.511470,946.8575,690.00
7.511470,946.9022,660.00
7.511470,946.9468,711.00
7.511470,946.9915,626.00
7.511470,947.0361,699.00
7.511470,947.0807,651.00
7.511470,947.1253,684.00
7.511470,947.1700,627.00
7.511470,947.2146,721.00
7.511470,947.2592,649.00
7.511470,947.3038,713.00
7.511470,947.3483,672.00
7.511470,947.3929,681.00
7.511470,947.4376,620.00
7.511470,947.4821,668.00
7.511470,947.5267,624.00
7.511470,947.5712,708.00
7.511470,947.6158,640.00
7.511470,947.6604,674.00
7.511470,947.7050,644.00
7.511470,947.7495,654.00
7.511470,947.7939,612.00
7.511470,947.8385,666.00
7.511470,947.8831,607.00
7.511470,947.9276,686.00
7.511470,947.9720,667.00
7.511470,948.0166,668.00
7.511470,948.0611,651.00
7.511470,948.1056,653.00
7.511470,948.1501,595.00
7.511470,948.1945,665.00
7.511470,948.2390,638.00
7.511470,948.2835,665.00
7.511470,948.3279,578.00
7.511470,948.3724,695.00
7.511470,948.4169,658.00
7.511470,948.4613,679.00
7.511470,948.5057,638.00
7.511470,948.5502,639.00
7.511470,948.5947,623.00
7.511470,948.6391,685.00
7.511470,948.6835,619.00
7.511470,948.7279,677.00
7.511470,948.7723,633.00
7.511470,948.8167,657.00
7.511470,948.8611,638.00
7.511470,948.9055,653.00
7.511470,948.9498,614.00
7.511470,948.9943,648.00
7.511470,949.0387,634.00
7.511470,949.0830,705.00
7.511470,949.1273,664.00
7.511470,949.1718,681.00
7.511470,949.2161,628.00
7.511470,949.2604,641.00
7.511470,949.3047,616.00
7.511470,949.3491,646.00
7.511470,949.3934,640.00
7.511470,949.4377,670.00
7.511470,949.4821,594.00
7.511470,949.5264,674.00
7.511470,949.5707,635.00
7.511470,949.6150,672.00
7.511470,949.6592,635.00
7.511470,949.7036,653.00
7.511470,949.7479,627.00
7.511470,949.7921,677.00
7.511470,949.8363,616.00
7.511470,949.8806,683.00
7.511470,949.9249,664.00
7.511470,949.9692,685.00
7.511470,950.0134,644.00
7.511470,950.0576,688.00
7.511470,950.1019,643.00
7.511470,950.1461,680.00
7.511470,950.1903,606.00
7.511470,950.2346,682.00
7.511470,950.2787,630.00
7.511470,950.3229,673.00
7.511470,950.3671,610.00
7.511470,950.4114,661.00
7.511470,950.4555,647.00
7.511470,950.4997,673.00
7.511470,950.5439,642.00
7.511470,950.5880,697.00
7.511470,950.6322,598.00
7.511470,950.6763,673.00
7.511470,950.7205,644.00
7.511470,950.7646,677.00
7.511470,950.8088,634.00
7.511470,950.8530,675.00
7.511470,950.8971,662.00
7.511470,950.9412,678.00
7.511470,950.9853,584.00
7.511470,951.0294,671.00
7.511470,951.0735,617.00
7.511470,951.1177,695.00
7.511470,951.1617,657.00
7.511470,951.2057,682.00
7.511470,951.2499,665.00
7.511470,951.2939,648.00
7.511470,951.3380,635.00
7.511470,951.3821,696.00
7.511470,951.4261,645.00
7.511470,951.4702,680.00
7.511470,951.5142,660.00
7.511470,951.5582,685.00
7.511470,951.6024,644.00
7.511470,951.6464,708.00
7.511470,951.6904,666.00
7.511470,951.7344,688.00
7.511470,951.7784,588.00
7.511470,951.8224,708.00
7.511470,951.8665,652.00
7.511470,951.9104,707.00
7.511470,951.9544,652.00
7.511470,951.9984,670.00
7.511470,952.0424,644.00
7.511470,952.0864,672.00
7.511470,952.1303,633.00
7.511470,952.1743,720.00
7.511470,952.2183,653.00
7.511470,952.2621,694.00
7.511470,952.3061,662.00
7.511470,952.3500,682.00
7.511470,952.3940,638.00
7.511470,952.4379,656.00
7.511470,952.4818,615.00
7.511470,952.5258,691.00
7.511470,952.5696,659.00
7.511470,952.6136,711.00
7.511470,952.6574,644.00
7.511470,952.7014,679.00
7.511470,952.7452,627.00
7.511470,952.7891,641.00
7.511470,952.8330,615.00
7.511470,952.8768,676.00
7.511470,952.9207,667.00
7.511470,952.9645,729.00
7.511470,953.0084,632.00
7.511470,953.0522,683.00
7.511470,953.0961,652.00
7.511470,953.1400,663.00
7.511470,953.1838,610.00
7.511470,953.2275,644.00
7.511470,953.2714,637.00
7.511470,953.3152,724.00
7.511470,953.3589,679.00
7.511470,953.4028,693.00
7.511470,953.4466,634.00
7.511470,953.4904,670.00
7.511470,953.5341,660.00
7.511470,953.5779,647.00
7.511470,953.6217,636.00
7.511470,953.6654,643.00
7.511470,953.7092,611.00
7.511470,953.7529,690.00
7.511470,953.7967,631.00
7.511470,953.8405,676.00
7.511470,953.8842,609.00
7.511470,953.9279,641.00
7.511470,953.9716,643.00
7.511470,954.0153,639.00
7.511470,954.0590,618.00
7.511470,954.1027,644.00
7.511470,954.1464,646.00
7.511470,954.1901,663.00
7.511470,954.2338,629.00
7.511470,954.2774,645.00
7.511470,954.3212,632.00
7.511470,954.3648,671.00
7.511470,954.4084,609.00
7.511470,954.4521,658.00
7.511470,954.4958,606.00
7.511470,954.5394,646.00
7.511470,954.5831,669.00
7.511470,954.6267,664.00
7.511470,954.6703,639.00
7.511470,954.7139,645.00
7.511470,954.7576,623.00
7.511470,954.8012,656.00
7.511470,954.8448,612.00
7.511470,954.8884,661.00
7.511470,954.9319,608.00
7.511470,954.9755,665.00
7.511470,955.0191,616.00
7.511470,955.0627,616.00
7.511470,955.1063,606.00
7.511470,955.1498,626.00
7.511470,955.1934,594.00
7.511470,955.2369,636.00
7.511470,955.2805,604.00
7.511470,955.3240,661.00
7.511470,955.3675,643.00
7.511470,955.4111,641.00
7.511470,955.4546,590.00
7.511470,955.4981,668.00
7.511470,955.5416,592.00
7.511470,955.5851,649.00
7.511470,955.6285,618.00
7.511470,955.6722,663.00
7.511470,955.7156,620.00
7.511470,955.7590,644.00
7.511470,955.8025,610.00
7.511470,955.8460,665.00
7.511470,955.8895,607.00
7.511470,955.9329,658.00
7.511470,955.9764,622.00
7.511470,956.0198,703.00
7.511470,956.0632,632.00
7.511470,956.1067,685.00
7.511470,956.1501,669.00
7.511470,956.1935,657.00
7.511470,956.2369,617.00
7.511470,956.2803,668.00
7.511470,956.3238,604.00
7.511470,956.3671,666.00
7.511470,956.4105,652.00
7.511470,956.4539,676.00
7.511470,956.4973,630.00
7.511470,956.5406,620.00
7.511470,956.5841,629.00
7.511470,956.6274,644.00
7.511470,956.6707,598.00
7.511470,956.7141,641.00
7.511470,956.7575,618.00
7.511470,956.8008,690.00
7.511470,956.8442,620.00
7.511470,956.8875,627.00
7.511470,956.9308,624.00
7.511470,956.9741,643.00
7.511470,957.0174,637.00
7.511470,957.0607,664.00
7.511470,957.1040,605.00
7.511470,957.1473,710.00
7.511470,957.1906,619.00
7.511470,957.2339,690.00
7.511470,957.2772,650.00
7.511470,957.3204,676.00
7.511470,957.3636,611.00
7.511470,957.4069,675.00
7.511470,957.4502,595.00
7.511470,957.4934,679.00
7.511470,957.5366,626.00
7.511470,957.5799,649.00
7.511470,957.6230,621.00
7.511470,957.6664,655.00
7.511470,957.7095,649.00
7.511470,957.7527,695.00
7.511470,957.7959,630.00
7.511470,957.8392,670.00
7.511470,957.8823,629.00
7.511470,957.9255,716.00
7.511470,957.9687,641.00
7.511470,958.0118,655.00
7.511470,958.0551,637.00
7.511470,958.0983,664.00
7.511470,958.1414,612.00
7.511470,958.1845,700.00
7.511470,958.2277,635.00
7.511470,958.2708,712.00
7.511470,958.3139,630.00
7.511470,958.3571,686.00
7.511470,958.4001,664.00
7.511470,958.4432,663.00
7.511470,958.4864,634.00
7.511470,958.5295,677.00
7.511470,958.5726,641.00
7.511470,958.6157,670.00
7.511470,958.6588,627.00
7.511470,958.7018,709.00
7.511470,958.7449,606.00
7.511470,958.7879,680.00
7.511470,958.8311,645.00
7.511470,958.8741,661.00
7.511470,958.9171,596.00
7.511470,958.9601,693.00
7.511470,959.0032,610.00
7.511470,959.0463,706.00
7.511470,959.0893,676.00
7.511470,959.1323,678.00
7.511470,959.1752,644.00
7.511470,959.2183,671.00
7.511470,959.2613,637.00
7.511470,959.3043,674.00
7.511470,959.3472,591.00
7.511470,959.3903,666.00
7.511470,959.4332,635.00
7.511470,959.4763,650.00
7.511470,959.5192,629.00
7.511470,959.5621,635.00
7.511470,959.6051,637.00
7.511470,959.6480,659.00
7.511470,959.6910,595.00
7.511470,959.7339,668.00
7.511470,959.7768,607.00
7.511470,959.8198,644.00
7.511470,959.8627,635.00
7.511470,959.9056,639.00
7.511470,959.9485,616.00
7.511470,959.9915,617.00
7.511470,960.0343,550.00
7.511470,960.0771,663.00
7.511470,960.1201,593.00
7.511470,960.1630,656.00
7.511470,960.2058,628.00
7.511470,960.2487,649.00
7.511470,960.2915,635.00
7.511470,960.3344,604.00
7.511470,960.3773,566.00
7.511470,960.4200,650.00
7.511470,960.4629,576.00
7.511470,960.5057,627.00
7.511470,960.5485,600.00
7.511470,960.5914,633.00
7.511470,960.6342,635.00
7.511470,960.6770,594.00
7.511470,960.7198,603.00
7.511470,960.7626,608.00
7.511470,960.8054,576.00
7.511470,960.8481,647.00
7.511470,960.8909,623.00
7.511470,960.9337,641.00
7.511470,960.9764,614.00
7.511470,961.0192,664.00
7.511470,961.0620,591.00
7.511470,961.1047,633.00
7.511470,961.1475,576.00
7.511470,961.1902,591.00
7.511470,961.2329,600.00
7.511470,961.2757,623.00
7.511470,961.3184,616.00
7.511470,961.3611,602.00
7.511470,961.4037,591.00
7.511470,961.4465,650.00
7.511470,961.4892,597.00
7.511470,961.5319,634.00
7.511470,961.5745,571.00
7.511470,961.6172,665.00
7.511470,961.6599,605.00
7.511470,961.7026,644.00
7.511470,961.7452,649.00
7.511470,961.7878,643.00
7.511470,961.8304,632.00
7.511470,961.8731,622.00
7.511470,961.9157,598.00
7.511470,961.9584,648.00
7.511470,962.0010,629.00
7.511470,962.0436,668.00
7.511470,962.0862,631.00
7.511470,962.1288,627.00
7.511470,962.1714,578.00
7.511470,962.2140,612.00
7.511470,962.2565,572.00
7.511470,962.2991,653.00
7.511470,962.3417,591.00
7.511470,962.3843,641.00
7.511470,962.4268,636.00
7.511470,962.4694,622.00
7.511470,962.5119,606.00
7.511470,962.5545,663.00
7.511470,962.5970,604.00
7.511470,962.6396,632.00
7.511470,962.6821,591.00
7.511470,962.7246,697.00
7.511470,962.7671,623.00
7.511470,962.8096,660.00
7.511470,962.8522,598.00
7.511470,962.8947,619.00
7.511470,962.9371,604.00
7.511470,962.9796,657.00
7.511470,963.0222,584.00
7.511470,963.0646,649.00
7.511470,963.1070,577.00
7.511470,963.1495,628.00
7.511470,963.1919,604.00
7.511470,963.2344,640.00
7.511470,963.2768,616.00
7.511470,963.3193,638.00
7.511470,963.3616,602.00
7.511470,963.4041,670.00
7.511470,963.4465,588.00
7.511470,963.4889,656.00
7.511470,963.5314,629.00
7.511470,963.5737,645.00
7.511470,963.6161,595.00
7.511470,963.6585,630.00
7.511470,963.7009,572.00
7.511470,963.7433,644.00
7.511470,963.7856,608.00
7.511470,963.8280,687.00
7.511470,963.8704,591.00
7.511470,963.9127,664.00
7.511470,963.9551,628.00
7.511470,963.9974,618.00
7.511470,964.0397,631.00
7.511470,964.0820,659.00
7.511470,964.1244,602.00
7.511470,964.1667,658.00
7.511470,964.2090,611.00
7.511470,964.2513,669.00
7.511470,964.2936,613.00
7.511470,964.3359,661.00
7.511470,964.3782,609.00
7.511470,964.4205,665.00
7.511470,964.4627,592.00
7.511470,964.5050,654.00
7.511470,964.5472,572.00
7.511470,964.5895,664.00
7.511470,964.6317,618.00
7.511470,964.6740,652.00
7.511470,964.7162,649.00
7.511470,964.7585,624.00
7.511470,964.8007,616.00
7.511470,964.8429,635.00
7.511470,964.8851,584.00
7.511470,964.9273,658.00
7.511470,964.9695,556.00
7.511470,965.0118,644.00
7.511470,965.0539,595.00
7.511470,965.0961,602.00
7.511470,965.1382,639.00
7.511470,965.1805,632.00
7.511470,965.2226,600.00
7.511470,965.2648,653.00
7.511470,965.3069,607.00
7.511470,965.3491,635.00
7.511470,965.3912,606.00
7.511470,965.4333,652.00
7.511470,965.4755,622.00
7.511470,965.5176,619.00
7.511470,965.5598,599.00
7.511470,965.6019,627.00
7.511470,965.6439,558.00
7.511470,965.6861,649.00
7.511470,965.7281,595.00
7.511470,965.7702,617.00
7.511470,965.8123,587.00
7.511470,965.8543,637.00
7.511470,965.8964,592.00
7.511470,965.9385,615.00
7.511470,965.9806,614.00
7.511470,966.0226,665.00
7.511470,966.0647,564.00
7.511470,966.1068,604.00
7.511470,966.1487,617.00
7.511470,966.1907,641.00
7.511470,966.2328,608.00
7.511470,966.2748,620.00
7.511470,966.3168,608.00
7.511470,966.3588,636.00
7.511470,966.4008,582.00
7.511470,966.4427,638.00
7.511470,966.4848,580.00
7.511470,966.5268,610.00
7.511470,966.5688,598.00
7.511470,966.6107,657.00
7.511470,966.6526,611.00
7.511470,966.6946,640.00
7.511470,966.7366,573.00
7.511470,966.7785,653.00
7.511470,966.8204,614.00
7.511470,966.8624,635.00
7.511470,966.9042,636.00
7.511470,966.9462,602.00
7.511470,966.9881,576.00
7.511470,967.0300,641.00
7.511470,967.0719,539.00
7.511470,967.1138,638.00
7.511470,967.1556,591.00
7.511470,967.1976,626.00
7.511470,967.2394,638.00
7.511470,967.2813,631.00
7.511470,967.3232,597.00
7.511470,967.3651,641.00
7.511470,967.4070,579.00
7.511470,967.4488,647.00
7.511470,967.4906,591.00
7.511470,967.5324,650.00
7.511470,967.5743,642.00
7.511470,967.6161,645.00
7.511470,967.6579,615.00
7.511470,967.6997,637.00
7.511470,967.7415,597.00
7.511470,967.7833,653.00
7.511470,967.8251,582.00
7.511470,967.8669,683.00
7.511470,967.9087,608.00
7.511470,967.9504,618.00
7.511470,967.9922,614.00
7.511470,968.0339,633.00
7.511470,968.0757,605.00
7.511470,968.1174,662.00
7.511470,968.1592,591.00
7.511470,968.2009,643.00
7.511470,968.2427,580.00
7.511470,968.2844,632.00
7.511470,968.3262,631.00
7.511470,968.3679,617.00
7.511470,968.4095,593.00
7.511470,968.4512,646.00
7.511470,968.4930,590.00
7.511470,968.5347,681.00
7.511470,968.5763,634.00
7.511470,968.6180,660.00
7.511470,968.6597,571.00
7.511470,968.7014,653.00
7.511470,968.7430,596.00
7.511470,968.7846,641.00
7.511470,968.8263,570.00
7.511470,968.8679,655.00
7.511470,968.9095,602.00
7.511470,968.9512,666.00
7.511470,968.9928,640.00
7.511470,969.0344,619.00
7.511470,969.0761,617.00
7.511470,969.1177,641.00
7.511470,969.1592,593.00
7.511470,969.2009,640.00
7.511470,969.2424,595.00
7.511470,969.2839,642.00
7.511470,969.3255,598.00
7.511470,969.3672,646.00
7.511470,969.4087,628.00
7.511470,969.4503,651.00
7.511470,969.4918,579.00
7.511470,969.5333,625.00
7.511470,969.5749,585.00
7.511470,969.6165,656.00
7.511470,969.6580,599.00
7.511470,969.6995,641.00
7.511470,969.7410,620.00
7.511470,969.7825,644.00
7.511470,969.8240,612.00
7.511470,969.8655,611.00
7.511470,969.9070,600.00
7.511470,969.9484,674.00
7.511470,969.9899,596.00
7.511470,970.0314,614.00
7.511470,970.0728,601.00
7.511470,970.1143,638.00
7.511470,970.1558,637.00
7.511470,970.1971,628.00
7.511470,970.2386,569.00
7.511470,970.2801,622.00
7.511470,970.3215,565.00
7.511470,970.3629,630.00
7.511470,970.4044,578.00
7.511470,970.4457,650.00
7.511470,970.4872,617.00
7.511470,970.5286,632.00
7.511470,970.5699,601.00
7.511470,970.6113,619.00
7.511470,970.6527,575.00
7.511470,970.6941,616.00
7.511470,970.7354,586.00
7.511470,970.7768,640.00
7.511470,970.8182,599.00
7.511470,970.8595,625.00
7.511470,970.9009,604.00
7.511470,970.9422,601.00
7.511470,970.9835,600.00
7.511470,971.0248,625.00
7.511470,971.0662,568.00
7.511470,971.1075,618.00
7.511470,971.1487,600.00
7.511470,971.1901,612.00
7.511470,971.2314,634.00
7.511470,971.2727,596.00
7.511470,971.3140,567.00
7.511470,971.3552,632.00
7.511470,971.3965,548.00
7.511470,971.4377,637.00
7.511470,971.4789,596.00
7.511470,971.5203,613.00
7.511470,971.5615,576.00
7.511470,971.6027,614.00
7.511470,971.6439,554.00
7.511470,971.6852,588.00
7.511470,971.7264,560.00
7.511470,971.7676,624.00
7.511470,971.8088,575.00
7.511470,971.8500,629.00
7.511470,971.8912,586.00
7.511470,971.9324,622.00
7.511470,971.9736,630.00
7.511470,972.0148,609.00
7.511470,972.0560,606.00
7.511470,972.0972,647.00
7.511470,972.1384,567.00
7.511470,972.1794,631.00
7.511470,972.2206,580.00
7.511470,972.2617,585.00
7.511470,972.3029,587.00
7.511470,972.3439,597.00
7.511470,972.3851,563.00
7.511470,972.4262,574.00
7.511470,972.4673,514.00
7.511470,972.5085,637.00
7.511470,972.5496,560.00
7.511470,972.5907,607.00
7.511470,972.6317,577.00
7.511470,972.6729,597.00
7.511470,972.7139,584.00
7.511470,972.7549,594.00
7.511470,972.7961,541.00
7.511470,972.8371,614.00
7.511470,972.8781,576.00
7.511470,972.9191,640.00
7.511470,972.9602,571.00
7.511470,973.0013,602.00
7.511470,973.0423,573.00
7.511470,973.0833,578.00
7.511470,973.1243,532.00
7.511470,973.1653,585.00
7.511470,973.2064,539.00
7.511470,973.2473,614.00
7.511470,973.2883,577.00
7.511470,973.3293,614.00
7.511470,973.3703,564.00
7.511470,973.4113,597.00
7.511470,973.4522,561.00
7.511470,973.4931,626.00
7.511470,973.5341,567.00
7.511470,973.5750,622.00
7.511470,973.6160,576.00
7.511470,973.6570,648.00
7.511470,973.6978,611.00
7.511470,973.7388,609.00
7.511470,973.7797,597.00
7.511470,973.8206,606.00
7.511470,973.8615,562.00
7.511470,973.9024,617.00
7.511470,973.9433,594.00
7.511470,973.9842,638.00
7.511470,974.0250,601.00
7.511470,974.0660,623.00
7.511470,974.1068,582.00
7.511470,974.1476,625.00
7.511470,974.1885,575.00
7.511470,974.2294,626.00
7.511470,974.2702,577.00
7.511470,974.3110,643.00
7.511470,974.3519,596.00
7.511470,974.3927,637.00
7.511470,974.4335,633.00
7.511470,974.4743,612.00
7.511470,974.5151,593.00
7.511470,974.5559,640.00
7.511470,974.5967,558.00
7.511470,974.6375,658.00
7.511470,974.6783,570.00
7.511470,974.7191,646.00
7.511470,974.7598,604.00
7.511470,974.8006,655.00
7.511470,974.8413,615.00
7.511470,974.8821,627.00
7.511470,974.9229,607.00
7.511470,974.9636,654.00
7.511470,975.0043,611.00
7.511470,975.0450,651.00
7.511470,975.0858,619.00
7.511470,975.1265,627.00
7.511470,975.1672,631.00
7.511470,975.2079,639.00
7.511470,975.2485,601.00
7.511470,975.2892,659.00
7.511470,975.3300,605.00
7.511470,975.3706,675.00
7.511470,975.4113,647.00
7.511470,975.4519,674.00
7.511470,975.4926,633.00
7.511470,975.5333,644.00
7.511470,975.5739,565.00
7.511470,975.6146,651.00
7.511470,975.6552,585.00
7.511470,975.6958,638.00
7.511470,975.7363,594.00
7.511470,975.7770,648.00
7.511470,975.8176,635.00
7.511470,975.8582,646.00
7.511470,975.8989,623.00
7.511470,975.9395,631.00
7.511470,975.9800,626.00
7.511470,976.0206,667.00
7.511470,976.0611,615.00
7.511470,976.1017,667.00
7.511470,976.1423,609.00
7.511470,976.1829,639.00
7.511470,976.2234,617.00
7.511470,976.2639,645.00
7.511470,976.3044,599.00
7.511470,976.3450,640.00
7.511470,976.3855,565.00
7.511470,976.4260,636.00
7.511470,976.4665,648.00
7.511470,976.5070,661.00
7.511470,976.5475,626.00
7.511470,976.5880,616.00
7.511470,976.6285,574.00
7.511470,976.6690,634.00
7.511470,976.7095,558.00
7.511470,976.7500,683.00
7.511470,976.7905,600.00
7.511470,976.8308,647.00
7.511470,976.8713,635.00
7.511470,976.9117,611.00
7.511470,976.9521,587.00
7.511470,976.9926,614.00
7.511470,977.0330,601.00
7.511470,977.0734,647.00
7.511470,977.1139,605.00
7.511470,977.1542,643.00
7.511470,977.1947,603.00
7.511470,977.2350,650.00
7.511470,977.2755,603.00
7.511470,977.3158,596.00
7.511470,977.3562,567.00
7.511470,977.3965,655.00
7.511470,977.4370,589.00
7.511470,977.4773,643.00
7.511470,977.5176,580.00
7.511470,977.5579,619.00
7.511470,977.5983,573.00
7.511470,977.6387,618.00
7.511470,977.6790,577.00
7.511470,977.7192,602.00
7.511470,977.7595,583.00
7.511470,977.7999,648.00
7.511470,977.8402,575.00
7.511470,977.8805,582.00
7.511470,977.9208,541.00
7.511470,977.9610,595.00
7.511470,978.0013,588.00
7.511470,978.0417,585.00
7.511470,978.0819,543.00
7.511470,978.1221,592.00
7.511470,978.1624,551.00
7.511470,978.2026,576.00
7.511470,978.2428,558.00
7.511470,978.2831,599.00
7.511470,978.3233,574.00
7.511470,978.3635,567.00
7.511470,978.4037,524.00
7.511470,978.4440,601.00
7.511470,978.4842,557.00
7.511470,978.5244,629.00
7.511470,978.5645,549.00
7.511470,978.6047,548.00
7.511470,978.6449,534.00
7.511470,978.6851,606.00
7.511470,978.7253,554.00
7.511470,978.7654,594.00
7.511470,978.8055,554.00
7.511470,978.8458,591.00
7.511470,978.8859,529.00
7.511470,978.9260,591.00
7.511470,978.9661,567.00
7.511470,979.0062,603.00
7.511470,979.0463,561.00
7.511470,979.0864,580.00
7.511470,979.1266,533.00
7.511470,979.1666,607.00
7.511470,979.2067,541.00
7.511470,979.2469,590.00
7.511470,979.2869,576.00
7.511470,979.3270,604.00
7.511470,979.3671,597.00
7.511470,979.4071,610.00
7.511470,979.4471,519.00
7.511470,979.4871,602.00
7.511470,979.5272,548.00
7.511470,979.5673,620.00
7.511470,979.6072,549.00
7.511470,979.6473,599.00
7.511470,979.6873,575.00
7.511470,979.7273,582.00
7.511470,979.7673,552.00
7.511470,979.8073,586.00
7.511470,979.8473,527.00
7.511470,979.8873,633.00
7.511470,979.9273,569.00
7.511470,979.9673,600.00
7.511470,980.0072,593.00
7.511470,980.0471,597.00
7.511470,980.0872,578.00
7.511470,980.1271,592.00
7.511470,980.1671,540.00
7.511470,980.2069,602.00
7.511470,980.2469,556.00
7.511470,980.2868,637.00
7.511470,980.3267,568.00
7.511470,980.3666,624.00
7.511470,980.4065,561.00
7.511470,980.4464,608.00
7.511470,980.4863,540.00
7.511470,980.5262,624.00
7.511470,980.5660,540.00
7.511470,980.6060,628.00
7.511470,980.6458,560.00
7.511470,980.6857,598.00
7.511470,980.7255,582.00
7.511470,980.7654,590.00
7.511470,980.8052,544.00
7.511470,980.8450,576.00
7.511470,980.8849,539.00
7.511470,980.9247,619.00
7.511470,980.9645,581.00
7.511470,981.0043,606.00
7.511470,981.0441,598.00
7.511470,981.0839,627.00
7.511470,981.1237,579.00
7.511470,981.1635,594.00
7.511470,981.2033,517.00
7.511470,981.2430,631.00
7.511470,981.2828,543.00
7.511470,981.3226,643.00
7.511470,981.3624,547.00
7.511470,981.4021,606.00
7.511470,981.4418,551.00
7.511470,981.4816,595.00
7.511470,981.5213,551.00
7.511470,981.5610,625.00
7.511470,981.6008,541.00
7.511470,981.6404,597.00
7.511470,981.6802,569.00
7.511470,981.7198,589.00
7.511470,981.7596,606.00
7.511470,981.7993,584.00
7.511470,981.8389,538.00
7.511470,981.8786,566.00
7.511470,981.9182,526.00
7.511470,981.9579,617.00
7.511470,981.9976,566.00
7.511470,982.0372,599.00
7.511470,982.0768,549.00
7.511470,982.1165,567.00
7.511470,982.1561,550.00
7.511470,982.1958,597.00
7.511470,982.2354,519.00
7.511470,982.2750,610.00
7.511470,982.3146,555.00
7.511470,982.3541,603.00
7.511470,982.3937,566.00
7.511470,982.4333,577.00
7.511470,982.4730,577.00
7.511470,982.5125,601.00
7.511470,982.5521,527.00
7.511470,982.5917,583.00
7.511470,982.6312,528.00
7.511470,982.6707,578.00
7.511470,982.7103,532.00
7.511470,982.7498,595.00
7.511470,982.7893,545.00
7.511470,982.8289,568.00
7.511470,982.8683,507.00
7.511470,982.9079,554.00
7.511470,982.9474,523.00
7.511470,982.9869,590.00
7.511470,983.0264,514.00
7.511470,983.0659,603.00
7.511470,983.1053,579.00
7.511470,983.1448,587.00
7.511470,983.1843,549.00
7.511470,983.2238,603.00
7.511470,983.2632,547.00
7.511470,983.3027,597.00
7.511470,983.3420,565.00
7.511470,983.3816,564.00
7.511470,983.4210,557.00
7.511470,983.4604,577.00
7.511470,983.4998,546.00
7.511470,983.5392,550.00
7.511470,983.5786,524.00
7.511470,983.6180,568.00
7.511470,983.6574,524.00
7.511470,983.6968,603.00
7.511470,983.7361,555.00
7.511470,983.7755,592.00
7.511470,983.8149,524.00
7.511470,983.8543,558.00
7.511470,983.8936,539.00
7.511470,983.9329,547.00
7.511470,983.9723,490.00
7.511470,984.0116,590.00
7.511470,984.0510,541.00
7.511470,984.0903,615.00
7.511470,984.1296,591.00
7.511470,984.1689,575.00
7.511470,984.2083,585.00
7.511470,984.2476,572.00
7.511470,984.2868,559.00
7.511470,984.3261,579.00
7.511470,984.3654,521.00
7.511470,984.4046,604.00
7.511470,984.4440,554.00
7.511470,984.4832,573.00
7.511470,984.5225,537.00
7.511470,984.5616,552.00
7.511470,984.6010,496.00
7.511470,984.6402,555.00
7.511470,984.6794,512.00
7.511470,984.7186,598.00
7.511470,984.7578,576.00
7.511470,984.7970,580.00
7.511470,984.8362,559.00
7.511470,984.8755,554.00
7.511470,984.9146,565.00
7.511470,984.9538,562.00
7.511470,984.9930,522.00
7.511470,985.0322,617.00
7.511470,985.0714,549.00
7.511470,985.1105,556.00
7.511470,985.1497,547.00
7.511470,985.1888,565.00
7.511470,985.2279,574.00
7.511470,985.2671,560.00
7.511470,985.3062,538.00
7.511470,985.3453,563.00
7.511470,985.3845,538.00
7.511470,985.4236,573.00
7.511470,985.4626,534.00
7.511470,985.5017,577.00
7.511470,985.5408,579.00
7.511470,985.5799,589.00
7.511470,985.6190,520.00
7.511470,985.6581,579.00
7.511470,985.6971,510.00
7.511470,985.7362,601.00
7.511470,985.7752,550.00
7.511470,985.8143,578.00
7.511470,985.8533,551.00
7.511470,985.8924,567.00
7.511470,985.9314,536.00
7.511470,985.9704,561.00
7.511470,986.0094,513.00
7.511470,986.0484,599.00
7.511470,986.0875,521.00
7.511470,986.1265,588.00
7.511470,986.1655,516.00
7.511470,986.2044,542.00
7.511470,986.2434,517.00
7.511470,986.2823,540.00
7.511470,986.3214,482.00
7.511470,986.3603,560.00
7.511470,986.3992,473.00
7.511470,986.4382,572.00
7.511470,986.4771,542.00
7.511470,986.5161,587.00
7.511470,986.5550,588.00
7.511470,986.5939,578.00
7.511470,986.6329,526.00
7.511470,986.6718,571.00
7.511470,986.7106,489.00
7.511470,986.7495,570.00
7.511470,986.7884,545.00
7.511470,986.8273,577.00
7.511470,986.8661,537.00
7.511470,986.9050,560.00
7.511470,986.9438,523.00
7.511470,986.9828,522.00
7.511470,987.0216,504.00
7.511470,987.0605,600.00
7.511470,987.0993,510.00
7.511470,987.1381,571.00
7.511470,987.1769,531.00
7.511470,987.2158,542.00
7.511470,987.2546,546.00
7.511470,987.2934,573.00
7.511470,987.3322,481.00
7.511470,987.3710,553.00
7.511470,987.4097,467.00
7.511470,987.4486,555.00
7.511470,987.4873,518.00
7.511470,987.5261,560.00
7.511470,987.5649,532.00
7.511470,987.6036,535.00
7.511470,987.6423,505.00
7.511470,987.6812,555.00
7.511470,987.7198,480.00
7.511470,987.7586,586.00
7.511470,987.7972,533.00
7.511470,987.8361,544.00
7.511470,987.8748,523.00
7.511470,987.9135,532.00
7.511470,987.9521,531.00
7.511470,987.9908,548.00
7.511470,988.0295,496.00
7.511470,988.0681,555.00
7.511470,988.1069,510.00
7.511470,988.1456,569.00
7.511470,988.1842,540.00
7.511470,988.2228,560.00
7.511470,988.2615,537.00
7.511470,988.3002,569.00
7.511470,988.3388,464.00
7.511470,988.3774,536.00
7.511470,988.4160,480.00
7.511470,988.4546,582.00
7.511470,988.4933,518.00
7.511470,988.5319,516.00
7.511470,988.5704,512.00
7.511470,988.6090,436.00
7.511470,988.6476,477.00
7.511470,988.6862,563.00
7.511470,988.7248,502.00
7.511470,988.7634,586.00
7.511470,988.8019,508.00
7.511470,988.8405,520.00
7.511470,988.8790,511.00
7.511470,988.9176,519.00
7.511470,988.9561,509.00
7.511470,988.9946,518.00
7.511470,989.0332,508.00
7.511470,989.0717,533.00
7.511470,989.1102,499.00
7.511470,989.1487,530.00
7.511470,989.1871,527.00
7.511470,989.2256,534.00
7.511470,989.2641,522.00
7.511470,989.3027,513.00
7.511470,989.3411,517.00
7.511470,989.3795,551.00
7.511470,989.4180,481.00
7.511470,989.4565,549.00
7.511470,989.4949,482.00
7.511470,989.5334,508.00
7.511470,989.5718,505.00
7.511470,989.6102,508.00
7.511470,989.6486,488.00
7.511470,989.6871,521.00
7.511470,989.7255,478.00
7.511470,989.7639,540.00
7.511470,989.8022,474.00
7.511470,989.8407,542.00
7.511470,989.8791,520.00
7.511470,989.9174,531.00
7.511470,989.9558,502.00
7.511470,989.9941,549.00
7.511470,990.0325,489.00
7.511470,990.0709,594.00
7.511470,990.1093,503.00
7.511470,990.1475,545.00
7.511470,990.1859,552.00
7.511470,990.2242,550.00
7.511470,990.2626,503.00
7.511470,990.3008,551.00
7.511470,990.3391,482.00
7.511470,990.3774,574.00
7.511470,990.4157,503.00
7.511470,990.4540,557.00
7.511470,990.4924,495.00
7.511470,990.5306,555.00
7.511470,990.5688,557.00
7.511470,990.6071,563.00
7.511470,990.6454,516.00
7.511470,990.6837,555.00
7.511470,990.7219,463.00
7.511470,990.7601,542.00
7.511470,990.7983,523.00
7.511470,990.8365,590.00
7.511470,990.8748,565.00
7.511470,990.9130,567.00
7.511470,990.9512,513.00
7.511470,990.9893,543.00
7.511470,991.0276,489.00
7.511470,991.0658,522.00
7.511470,991.1039,481.00
7.511470,991.1421,576.00
7.511470,991.1802,535.00
7.511470,991.2184,562.00
7.511470,991.2565,519.00
7.511470,991.2947,548.00
7.511470,991.3329,470.00
7.511470,991.3710,559.00
7.511470,991.4091,503.00
7.511470,991.4473,595.00
7.511470,991.4854,544.00
7.511470,991.5234,597.00
7.511470,991.5616,531.00
7.511470,991.5997,541.00
7.511470,991.6378,547.00
7.511470,991.6758,570.00
7.511470,991.7139,480.00
7.511470,991.7520,551.00
7.511470,991.7900,500.00
7.511470,991.8282,581.00
7.511470,991.8661,501.00
7.511470,991.9042,552.00
7.511470,991.9422,517.00
7.511470,991.9803,542.00
7.511470,992.0182,482.00
7.511470,992.0563,544.00
7.511470,992.0944,492.00
7.511470,992.1323,584.00
7.511470,992.1703,519.00
7.511470,992.2084,555.00
7.511470,992.2463,544.00
7.511470,992.2844,554.00
7.511470,992.3223,512.00
7.511470,992.3602,561.00
7.511470,992.3982,515.00
7.511470,992.4362,606.00
7.511470,992.4741,529.00
7.511470,992.5120,606.00
7.511470,992.5500,538.00
7.511470,992.5879,527.00
7.511470,992.6259,533.00
7.511470,992.6638,594.00
7.511470,992.7017,501.00
7.511470,992.7396,563.00
7.511470,992.7775,555.00
7.511470,992.8154,576.00
7.511470,992.8533,565.00
7.511470,992.8912,530.00
7.511470,992.9290,557.00
7.511470,992.9669,581.00
7.511470,993.0048,524.00
7.511470,993.0426,588.00
7.511470,993.0804,543.00
7.511470,993.1183,562.00
7.511470,993.1561,560.00
7.511470,993.1940,554.00
7.511470,993.2318,558.00
7.511470,993.2696,569.00
7.511470,993.3074,499.00
7.511470,993.3452,566.00
7.511470,993.3830,499.00
7.511470,993.4208,573.00
7.511470,993.4586,528.00
7.511470,993.4963,559.00
7.511470,993.5341,529.00
7.511470,993.5719,541.00
7.511470,993.6096,510.00
7.511470,993.6474,578.00
7.511470,993.6851,509.00
7.511470,993.7228,562.00
7.511470,993.7606,566.00
7.511470,993.7984,539.00
7.511470,993.8361,529.00
7.511470,993.8738,574.00
7.511470,993.9115,541.00
7.511470,993.9492,549.00
7.511470,993.9869,471.00
7.511470,994.0245,570.00
7.511470,994.0622,539.00
7.511470,994.0999,582.00
7.511470,994.1376,522.00
7.511470,994.1753,539.00
7.511470,994.2130,533.00
7.511470,994.2505,565.00
7.511470,994.2881,517.00
7.511470,994.3258,575.00
7.511470,994.3634,483.00
7.511470,994.4010,582.00
7.511470,994.4387,526.00
7.511470,994.4763,572.00
7.511470,994.5139,527.00
7.511470,994.5515,523.00
7.511470,994.5891,491.00
7.511470,994.6266,553.00
7.511470,994.6642,492.00
7.511470,994.7018,527.00
7.511470,994.7393,525.00
7.511470,994.7769,539.00
7.511470,994.8145,538.00
7.511470,994.8521,560.00
7.511470,994.8895,521.00
7.511470,994.9271,542.00
7.511470,994.9647,487.00
7.511470,995.0022,575.00
7.511470,995.0397,480.00
7.511470,995.0771,528.00
7.511470,995.1146,501.00
7.511470,995.1522,541.00
7.511470,995.1896,497.00
7.511470,995.2271,512.00
7.511470,995.2646,466.00
7.511470,995.3021,552.00
7.511470,995.3396,502.00
7.511470,995.3770,542.00
7.511470,995.4145,500.00
7.511470,995.4518,561.00
7.511470,995.4893,504.00
7.511470,995.5267,519.00
7.511470,995.5641,487.00
7.511470,995.6016,508.00
7.511470,995.6390,474.00
7.511470,995.6765,518.00
7.511470,995.7138,513.00
7.511470,995.7512,515.00
7.511470,995.7886,504.00
7.511470,995.8260,521.00
7.511470,995.8633,477.00
7.511470,995.9007,508.00
7.511470,995.9380,477.00
7.511470,995.9754,522.00
7.511470,996.0128,490.00
7.511470,996.0501,558.00
7.511470,996.0874,524.00
7.511470,996.1248,574.00
7.511470,996.1621,529.00
7.511470,996.1994,555.00
7.511470,996.2367,503.00
7.511470,996.2740,512.00
7.511470,996.3113,489.00
7.511470,996.3486,540.00
7.511470,996.3859,521.00
7.511470,996.4232,567.00
7.511470,996.4604,554.00
7.511470,996.4977,526.00
7.511470,996.5350,510.00
7.511470,996.5722,526.00
7.511470,996.6094,473.00
7.511470,996.6466,579.00
7.511470,996.6838,513.00
7.511470,996.7211,583.00
7.511470,996.7583,523.00
7.511470,996.7955,552.00
7.511470,996.8327,537.00
7.511470,996.8700,588.00
7.511470,996.9072,521.00
7.511470,996.9443,551.00
7.511470,996.9815,516.00
7.511470,997.0187,568.00
7.511470,997.0558,514.00
7.511470,997.0930,554.00
7.511470,997.1301,549.00
7.511470,997.1672,568.00
7.511470,997.2045,514.00
7.511470,997.2416,549.00
7.511470,997.2787,537.00
7.511470,997.3158,596.00
7.511470,997.3530,490.00
7.511470,997.3900,563.00
7.511470,997.4271,516.00
7.511470,997.4642,534.00
7.511470,997.5013,520.00
7.511470,997.5384,545.00
7.511470,997.5754,499.00
7.511470,997.6126,590.00
7.511470,997.6497,501.00
7.511470,997.6867,548.00
7.511470,997.7238,522.00
7.511470,997.7607,565.00
7.511470,997.7978,499.00
7.511470,997.8348,554.00
7.511470,997.8718,506.00
7.511470,997.9088,593.00
7.511470,997.9458,514.00
7.511470,997.9829,569.00
7.511470,998.0200,531.00
7.511470,998.0569,551.00
7.511470,998.0939,506.00
7.511470,998.1309,509.00
7.511470,998.1678,504.00
7.511470,998.2048,557.00
7.511470,998.2417,531.00
7.511470,998.2786,607.00
7.511470,998.3156,504.00
7.511470,998.3525,558.00
7.511470,998.3896,498.00
7.511470,998.4265,549.00
7.511470,998.4633,515.00
7.511470,998.5003,572.00
7.511470,998.5372,499.00
7.511470,998.5740,595.00
7.511470,998.6110,512.00
7.511470,998.6478,571.00
7.511470,998.6847,524.00
7.511470,998.7217,541.00
7.511470,998.7585,507.00
7.511470,998.7953,516.00
7.511470,998.8322,473.00
7.511470,998.8691,566.00
7.511470,998.9059,492.00
7.511470,998.9427,561.00
7.511470,998.9795,540.00
7.511470,999.0163,560.00
7.511470,999.0531,521.00
7.511470,999.0899,536.00
7.511470,999.1267,498.00
7.511470,999.1636,526.00
7.511470,999.2004,506.00
7.511470,999.2372,562.00
7.511470,999.2739,514.00
7.511470,999.3107,573.00
7.511470,999.3474,513.00
7.511470,999.3842,523.00
7.511470,999.4210,515.00
7.511470,999.4576,535.00
7.511470,999.4946,476.00
7.511470,999.5312,566.00
7.511470,999.5680,507.00
7.511470,999.6047,543.00
7.511470,999.6414,491.00
7.511470,999.6780,534.00
7.511470,999.7147,483.00
7.511470,999.7515,523.00
7.511470,999.7881,457.00
7.511470,999.8248,507.00
7.511470,999.8614,471.00
7.511470,999.8981,555.00
7.511470,999.9349,489.00
7.511470,999.9715,548.00
7.511470,1000.0081,525.00
7.511470,1000.0447,507.00
7.511470,1000.0814,511.00
7.511470,1000.1180,504.00
7.511470,1000.1546,424.00
7.511470,1000.1912,530.00
7.511470,1000.2278,501.00
7.511470,1000.2645,545.00
7.511470,1000.3011,516.00
7.511470,1000.3377,518.00
7.511470,1000.3742,511.00
7.511470,1000.4108,512.00
7.511470,1000.4474,466.00
7.511470,1000.4839,522.00
7.511470,1000.5204,495.00
7.511470,1000.5570,491.00
7.511470,1000.5935,492.00
7.511470,1000.6301,515.00
7.511470,1000.6667,479.00
7.511470,1000.7032,533.00
7.511470,1000.7397,489.00
7.511470,1000.7762,544.00
7.511470,1000.8127,461.00
7.511470,1000.8492,521.00
7.511470,1000.8857,488.00
7.511470,1000.9222,506.00
7.511470,1000.9586,488.00
7.511470,1000.9951,494.00
7.511470,1001.0316,470.00
7.511470,1001.0681,554.00
7.511470,1001.1046,457.00
7.511470,1001.1410,524.00
7.511470,1001.1774,497.00
7.511470,1001.2138,515.00
7.511470,1001.2502,503.00
7.511470,1001.2866,502.00
7.511470,1001.3230,492.00
7.511470,1001.3594,510.00
7.511470,1001.3958,489.00
7.511470,1001.4323,547.00
7.511470,1001.4687,467.00
7.511470,1001.5051,506.00
7.511470,1001.5414,513.00
7.511470,1001.5778,500.00
7.511470,1001.6141,499.00
7.511470,1001.6505,495.00
7.511470,1001.6868,431.00
7.511470,1001.7231,512.00
7.511470,1001.7596,450.00
7.511470,1001.7958,521.00
7.511470,1001.8322,491.00
7.511470,1001.8685,497.00
7.511470,1001.9048,468.00
7.511470,1001.9411,485.00
7.511470,1001.9774,456.00
7.511470,1002.0136,477.00
7.511470,1002.0499,448.00
7.511470,1002.0862,552.00
7.511470,1002.1224,460.00
7.511470,1002.1587,534.00
7.511470,1002.1951,492.00
7.511470,1002.2313,484.00
7.511470,1002.2675,498.00
7.511470,1002.3038,512.00
7.511470,1002.3400,461.00
7.511470,1002.3762,512.00
7.511470,1002.4124,458.00
7.511470,1002.4486,541.00
7.511470,1002.4848,492.00
7.511470,1002.5211,508.00
7.511470,1002.5573,498.00
7.511470,1002.5934,517.00
7.511470,1002.6296,480.00
7.511470,1002.6657,520.00
7.511470,1002.7019,458.00
7.511470,1002.7380,521.00
7.511470,1002.7742,514.00
7.511470,1002.8104,514.00
7.511470,1002.8464,478.00
7.511470,1002.8826,531.00
7.511470,1002.9187,470.00
7.511470,1002.9549,529.00
7.511470,1002.9910,475.00
7.511470,1003.0271,543.00
7.511470,1003.0632,459.00
7.511470,1003.0992,527.00
7.511470,1003.1354,494.00
7.511470,1003.1714,517.00
7.511470,1003.2075,529.00
7.511470,1003.2435,523.00
7.511470,1003.2797,483.00
7.511470,1003.3157,545.00
7.511470,1003.3518,476.00
7.511470,1003.3878,522.00
7.511470,1003.4238,491.00
7.511470,1003.4598,529.00
7.511470,1003.4958,508.00
7.511470,1003.5319,494.00
7.511470,1003.5678,469.00
7.511470,1003.6039,531.00
7.511470,1003.6398,472.00
7.511470,1003.6759,542.00
7.511470,1003.7119,511.00
7.511470,1003.7479,492.00
7.511470,1003.7838,475.00
7.511470,1003.8198,506.00
7.511470,1003.8557,481.00
7.511470,1003.8917,527.00
7.511470,1003.9276,442.00
7.511470,1003.9635,513.00
7.511470,1003.9995,453.00
7.511470,1004.0354,506.00
7.511470,1004.0714,501.00
7.511470,1004.1072,479.00
7.511470,1004.1431,468.00
7.511470,1004.1790,502.00
7.511470,1004.2149,433.00
7.511470,1004.2508,522.00
7.511470,1004.2866,437.00
7.511470,1004.3225,538.00
7.511470,1004.3583,507.00
7.511470,1004.3942,512.00
7.511470,1004.4302,461.00
7.511470,1004.4660,480.00
7.511470,1004.5018,475.00
7.511470,1004.5376,491.00
7.511470,1004.5734,446.00
7.511470,1004.6093,514.00
7.511470,1004.6450,486.00
7.511470,1004.6808,535.00
7.511470,1004.7166,479.00
7.511470,1004.7525,487.00
7.511470,1004.7883,433.00
7.511470,1004.8240,523.00
7.511470,1004.8598,455.00
7.511470,1004.8956,541.00
7.511470,1004.9313,473.00
7.511470,1004.9670,556.00
7.511470,1005.0027,489.00
7.511470,1005.0385,505.00
7.511470,1005.0742,476.00
7.511470,1005.1099,496.00
7.511470,1005.1456,454.00
7.511470,1005.1815,522.00
7.511470,1005.2172,468.00
7.511470,1005.2529,508.00
7.511470,1005.2885,524.00
7.511470,1005.3242,493.00
7.511470,1005.3599,509.00
7.511470,1005.3955,518.00
7.511470,1005.4312,486.00
7.511470,1005.4669,562.00
7.511470,1005.5026,466.00
7.511470,1005.5382,554.00
7.511470,1005.5739,489.00
7.511470,1005.6095,495.00
7.511470,1005.6451,507.00
7.511470,1005.6807,523.00
7.511470,1005.7162,517.00
7.511470,1005.7519,500.00
7.511470,1005.7875,479.00
7.511470,1005.8231,559.00
7.511470,1005.8586,487.00
7.511470,1005.8942,530.00
7.511470,1005.9299,484.00
7.511470,1005.9655,521.00
7.511470,1006.0010,483.00
7.511470,1006.0365,521.00
7.511470,1006.0720,505.00
7.511470,1006.1076,526.00
7.511470,1006.1431,482.00
7.511470,1006.1786,549.00
7.511470,1006.2141,516.00
7.511470,1006.2498,544.00
7.511470,1006.2853,511.00
7.511470,1006.3207,495.00
7.511470,1006.3563,496.00
7.511470,1006.3917,550.00
7.511470,1006.4272,514.00
7.511470,1006.4626,557.00
7.511470,1006.4981,513.00
7.511470,1006.5335,548.00
7.511470,1006.5690,527.00
7.511470,1006.6044,557.00
7.511470,1006.6400,504.00
7.511470,1006.6754,554.00
7.511470,1006.7108,468.00
7.511470,1006.7462,529.00
7.511470,1006.7816,478.00
7.511470,1006.8170,558.00
7.511470,1006.8524,543.00
7.511470,1006.8878,510.00
7.511470,1006.9232,520.00
7.511470,1006.9586,571.00
7.511470,1006.9940,489.00
7.511470,1007.0294,529.00
7.511470,1007.0648,485.00
7.511470,1007.1001,580.00
7.511470,1007.1354,519.00
7.511470,1007.1707,550.00
7.511470,1007.2061,542.00
7.511470,1007.2414,546.00
7.511470,1007.2767,536.00
7.511470,1007.3120,581.00
7.511470,1007.3473,505.00
7.511470,1007.3827,555.00
7.511470,1007.4180,547.00
7.511470,1007.4532,566.00
7.511470,1007.4885,526.00
7.511470,1007.5238,538.00
7.511470,1007.5590,519.00
7.511470,1007.5943,565.00
7.511470,1007.6295,481.00
7.511470,1007.6648,595.00
7.511470,1007.7001,509.00
7.511470,1007.7354,551.00
7.511470,1007.7706,548.00
7.511470,1007.8058,538.00
7.511470,1007.8410,529.00
7.511470,1007.8762,578.00
7.511470,1007.9114,477.00
7.511470,1007.9465,560.00
7.511470,1007.9818,525.00
7.511470,1008.0169,558.00
7.511470,1008.0521,525.00
7.511470,1008.0873,552.00
7.511470,1008.1226,480.00
7.511470,1008.1576,512.00
7.511470,1008.1927,509.00
7.511470,1008.2279,512.00
7.511470,1008.2631,482.00
7.511470,1008.2982,546.00
7.511470,1008.3333,534.00
7.511470,1008.3683,540.00
7.511470,1008.4034,524.00
7.511470,1008.4387,519.00
7.511470,1008.4738,495.00
7.511470,1008.5089,517.00
7.511470,1008.5439,484.00
7.511470,1008.5790,588.00
7.511470,1008.6141,525.00
7.511470,1008.6491,533.00
7.511470,1008.6841,504.00
7.511470,1008.7192,526.00
7.511470,1008.7542,484.00
7.511470,1008.7892,524.00
7.511470,1008.8243,498.00
7.511470,1008.8594,530.00
7.511470,1008.8943,497.00
7.511470,1008.9294,522.00
7.511470,1008.9644,486.00
7.511470,1008.9994,511.00
7.511470,1009.0344,497.00
7.511470,1009.0693,508.00
7.511470,1009.1043,473.00
7.511470,1009.1392,569.00
7.511470,1009.1743,473.00
7.511470,1009.2093,546.00
7.511470,1009.2442,496.00
7.511470,1009.2792,514.00
7.511470,1009.3141,492.00
7.511470,1009.3489,496.00
7.511470,1009.3839,467.00
7.511470,1009.4188,518.00
7.511470,1009.4537,479.00
7.511470,1009.4886,556.00
7.511470,1009.5235,494.00
7.511470,1009.5585,511.00
7.511470,1009.5933,483.00
7.511470,1009.6282,509.00
7.511470,1009.6631,490.00
7.511470,1009.6979,543.00
7.511470,1009.7327,455.00
7.511470,1009.7676,517.00
7.511470,1009.8024,448.00
7.511470,1009.8372,521.00
7.511470,1009.8721,465.00
7.511470,1009.9070,507.00
7.511470,1009.9418,474.00
7.511470,1009.9766,496.00
7.511470,1010.0115,478.00
7.511470,1010.0462,476.00
7.511470,1010.0810,461.00
7.511470,1010.1158,539.00
7.511470,1010.1505,506.00
7.511470,1010.1853,509.00
7.511470,1010.2200,504.00
7.511470,1010.2548,492.00
7.511470,1010.2897,435.00
7.511470,1010.3244,523.00
7.511470,1010.3591,456.00
7.511470,1010.3938,504.00
7.511470,1010.4285,478.00
7.511470,1010.4633,547.00
7.511470,1010.4980,489.00
7.511470,1010.5326,484.00
7.511470,1010.5673,488.00
7.511470,1010.6021,509.00
7.511470,1010.6368,475.00
7.511470,1010.6714,512.00
7.511470,1010.7061,468.00
7.511470,1010.7408,534.00
7.511470,1010.7754,482.00
7.511470,1010.8101,485.00
7.511470,1010.8447,510.00
7.511470,1010.8793,502.00
7.511470,1010.9139,473.00
7.511470,1010.9485,527.00
7.511470,1010.9832,464.00
7.511470,1011.0178,533.00
7.511470,1011.0525,465.00
7.511470,1011.0870,536.00
7.511470,1011.1216,467.00
7.511470,1011.1562,492.00
7.511470,1011.1907,494.00
7.511470,1011.2253,528.00
7.511470,1011.2599,422.00
7.511470,1011.2944,533.00
7.511470,1011.3291,468.00
7.511470,1011.3636,507.00
7.511470,1011.3981,484.00
7.511470,1011.4326,495.00
7.511470,1011.4672,478.00
7.511470,1011.5016,498.00
7.511470,1011.5362,453.00
7.511470,1011.5706,498.00
7.511470,1011.6052,467.00
7.511470,1011.6396,507.00
7.511470,1011.6741,443.00
7.511470,1011.7086,522.00
7.511470,1011.7431,477.00
7.511470,1011.7776,547.00
7.511470,1011.8120,489.00
7.511470,1011.8465,539.00
7.511470,1011.8809,453.00
7.511470,1011.9153,522.00
7.511470,1011.9498,481.00
7.511470,1011.9842,500.00
7.511470,1012.0186,445.00
7.511470,1012.0531,484.00
7.511470,1012.0875,459.00
7.511470,1012.1219,506.00
7.511470,1012.1562,454.00
7.511470,1012.1906,492.00
7.511470,1012.2250,430.00
7.511470,1012.2593,525.00
7.511470,1012.2937,481.00
7.511470,1012.3281,491.00
7.511470,1012.3624,450.00
7.511470,1012.3967,485.00
7.511470,1012.4310,430.00
7.511470,1012.4655,502.00
7.511470,1012.4998,433.00
7.511470,1012.5341,535.00
7.511470,1012.5684,496.00
7.511470,1012.6027,533.00
7.511470,1012.6370,477.00
7.511470,1012.6712,472.00
7.511470,1012.7055,473.00
7.511470,1012.7398,522.00
7.511470,1012.7742,460.00
7.511470,1012.8084,466.00
7.511470,1012.8427,484.00
7.511470,1012.8769,480.00
7.511470,1012.9111,481.00
7.511470,1012.9454,504.00
7.511470,1012.9796,491.00
7.511470,1013.0138,516.00
7.511470,1013.0480,394.00
7.511470,1013.0822,518.00
7.511470,1013.1164,456.00
7.511470,1013.1506,507.00
7.511470,1013.1848,462.00
7.511470,1013.2190,475.00
7.511470,1013.2532,491.00
7.511470,1013.2873,474.00
7.511470,1013.3215,457.00
7.511470,1013.3556,519.00
7.511470,1013.3898,425.00
7.511470,1013.4239,499.00
7.511470,1013.4581,479.00
7.511470,1013.4923,468.00
7.511470,1013.5264,483.00
7.511470,1013.5605,480.00
7.511470,1013.5946,509.00
7.511470,1013.6287,543.00
7.511470,1013.6627,476.00
7.511470,1013.6968,519.00
7.511470,1013.7309,464.00
7.511470,1013.7650,482.00
7.511470,1013.7990,497.00
7.511470,1013.8331,498.00
7.511470,1013.8672,439.00
7.511470,1013.9012,490.00
7.511470,1013.9353,459.00
7.511470,1013.9693,508.00
7.511470,1014.0033,475.00
7.511470,1014.0374,551.00
7.511470,1014.0714,513.00
7.511470,1014.1053,511.00
7.511470,1014.1393,496.00
7.511470,1014.1734,525.00
7.511470,1014.2074,471.00
7.511470,1014.2413,530.00
7.511470,1014.2753,491.00
7.511470,1014.3093,580.00
7.511470,1014.3433,494.00
7.511470,1014.3772,539.00
7.511470,1014.4111,535.00
7.511470,1014.4451,517.00
7.511470,1014.4790,496.00
7.511470,1014.5129,489.00
7.511470,1014.5468,493.00
7.511470,1014.5808,541.00
7.511470,1014.6147,502.00
7.511470,1014.6486,540.00
7.511470,1014.6825,538.00
7.511470,1014.7164,524.00
7.511470,1014.7502,486.00
7.511470,1014.7841,523.00
7.511470,1014.8180,518.00
7.511470,1014.8518,543.00
7.511470,1014.8858,484.00
7.511470,1014.9196,575.00
7.511470,1014.9534,507.00
7.511470,1014.9872,517.00
7.511470,1015.0211,501.00
7.511470,1015.0549,524.00
7.511470,1015.0887,475.00
7.511470,1015.1224,519.00
7.511470,1015.1562,508.00
7.511470,1015.1900,564.00
7.511470,1015.2238,484.00
7.511470,1015.2575,545.00
7.511470,1015.2914,519.00
7.511470,1015.3252,526.00
7.511470,1015.3589,484.00
7.511470,1015.3927,518.00
7.511470,1015.4265,452.00
7.511470,1015.4601,557.00
7.511470,1015.4938,517.00
7.511470,1015.5276,566.00
7.511470,1015.5613,525.00
7.511470,1015.5952,554.00
7.511470,1015.6288,488.00
7.511470,1015.6625,546.00
7.511470,1015.6962,471.00
7.511470,1015.7299,570.00
7.511470,1015.7635,489.00
7.511470,1015.7972,564.00
7.511470,1015.8308,549.00
7.511470,1015.8645,545.00
7.511470,1015.8981,527.00
7.511470,1015.9317,520.00
7.511470,1015.9655,480.00
7.511470,1015.9991,538.00
7.511470,1016.0327,484.00
7.511470,1016.0663,561.00
7.511470,1016.0999,522.00
7.511470,1016.1335,562.00
7.511470,1016.1671,521.00
7.511470,1016.2006,518.00
7.511470,1016.2342,516.00
7.511470,1016.2679,553.00
7.511470,1016.3015,511.00
7.511470,1016.3350,576.00
7.511470,1016.3686,509.00
7.511470,1016.4021,556.00
7.511470,1016.4357,522.00
7.511470,1016.4691,557.00
7.511470,1016.5027,504.00
7.511470,1016.5362,536.00
7.511470,1016.5696,456.00
7.511470,1016.6032,559.00
7.511470,1016.6367,512.00
7.511470,1016.6703,578.00
7.511470,1016.7038,514.00
7.511470,1016.7372,518.00
7.511470,1016.7707,499.00
7.511470,1016.8041,534.00
7.511470,1016.8376,523.00
7.511470,1016.8710,537.00
7.511470,1016.9045,491.00
7.511470,1016.9379,567.00
7.511470,1016.9715,493.00
7.511470,1017.0049,523.00
7.511470,1017.0383,562.00
7.511470,1017.0717,523.00
7.511470,1017.1050,483.00
7.511470,1017.1384,536.00
7.511470,1017.1718,449.00
7.511470,1017.2052,535.00
7.511470,1017.2386,475.00
7.511470,1017.2720,521.00
7.511470,1017.3053,550.00
7.511470,1017.3387,548.00
7.511470,1017.3721,495.00
7.511470,1017.4054,525.00
7.511470,1017.4388,470.00
7.511470,1017.4721,537.00
7.511470,1017.5054,470.00
7.511470,1017.5387,563.00
7.511470,1017.5720,522.00
7.511470,1017.6053,545.00
7.511470,1017.6386,542.00
7.511470,1017.6720,535.00
7.511470,1017.7053,523.00
7.511470,1017.7385,551.00
7.511470,1017.7717,514.00
7.511470,1017.8051,581.00
7.511470,1017.8383,543.00
7.511470,1017.8715,585.00
7.511470,1017.9048,537.00
7.511470,1017.9380,559.00
7.511470,1017.9712,536.00
7.511470,1018.0044,571.00
7.511470,1018.0376,494.00
7.511470,1018.0709,576.00
7.511470,1018.1041,537.00
7.511470,1018.1373,596.00
7.511470,1018.1705,549.00
7.511470,1018.2037,549.00
7.511470,1018.2368,528.00
7.511470,1018.2700,566.00
7.511470,1018.3032,504.00
7.511470,1018.3363,600.00
7.511470,1018.3695,506.00
7.511470,1018.4026,602.00
7.511470,1018.4358,561.00
7.511470,1018.4689,530.00
7.511470,1018.5020,558.00
7.511470,1018.5352,541.00
7.511470,1018.5682,499.00
7.511470,1018.6013,560.00
7.511470,1018.6343,523.00
7.511470,1018.6675,567.00
7.511470,1018.7006,490.00
7.511470,1018.7337,561.00
7.511470,1018.7668,574.00
7.511470,1018.7998,547.00
7.511470,1018.8328,521.00
7.511470,1018.8658,569.00
7.511470,1018.8989,494.00
7.511470,1018.9319,571.00
7.511470,1018.9650,511.00
7.511470,1018.9980,588.00
7.511470,1019.0311,554.00
7.511470,1019.0641,571.00
7.511470,1019.0970,527.00
7.511470,1019.1301,553.00
7.511470,1019.1631,530.00
7.511470,1019.1960,555.00
7.511470,1019.2289,491.00
7.511470,1019.2618,587.00
7.511470,1019.2949,542.00
7.511470,1019.3278,565.00
7.511470,1019.3607,517.00
7.511470,1019.3936,519.00
7.511470,1019.4268,461.00
7.511470,1019.4596,577.00
7.511470,1019.4925,518.00
7.511470,1019.5255,542.00
7.511470,1019.5583,507.00
7.511470,1019.5912,556.00
7.511470,1019.6240,526.00
7.511470,1019.6569,561.00
7.511470,1019.6898,533.00
7.511470,1019.7227,537.00
7.511470,1019.7556,482.00
7.511470,1019.7885,571.00
7.511470,1019.8213,508.00
7.511470,1019.8541,588.00
7.511470,1019.8870,498.00
7.511470,1019.9198,543.00
7.511470,1019.9525,565.00
7.511470,1019.9854,534.00
7.511470,1020.0182,506.00
7.511470,1020.0509,577.00
7.511470,1020.0837,493.00
7.511470,1020.1167,574.00
7.511470,1020.1494,539.00
7.511470,1020.1823,543.00
7.511470,1020.2149,510.00
7.511470,1020.2477,520.00
7.511470,1020.2805,485.00
7.511470,1020.3132,545.00
7.511470,1020.3459,531.00
7.511470,1020.3787,589.00
7.511470,1020.4114,490.00
7.511470,1020.4442,524.00
7.511470,1020.4768,528.00
7.511470,1020.5096,557.00
7.511470,1020.5423,502.00
7.511470,1020.5750,565.00
7.511470,1020.6077,490.00
7.511470,1020.6403,580.00
7.511470,1020.6730,502.00
7.511470,1020.7055,567.00
7.511470,1020.7382,514.00
7.511470,1020.7709,547.00
7.511470,1020.8036,488.00
7.511470,1020.8363,499.00
7.511470,1020.8688,469.00
7.511470,1020.9015,553.00
7.511470,1020.9341,471.00
7.511470,1020.9667,540.00
7.511470,1020.9993,513.00
7.511470,1021.0319,528.00
7.511470,1021.0645,504.00
7.511470,1021.0971,539.00
7.511470,1021.1298,492.00
7.511470,1021.1623,540.00
7.511470,1021.1948,482.00
7.511470,1021.2273,548.00
7.511470,1021.2599,489.00
7.511470,1021.2924,534.00
7.511470,1021.3250,488.00
7.511470,1021.3574,517.00
7.511470,1021.3900,484.00
7.511470,1021.4224,538.00
7.511470,1021.4550,425.00
7.511470,1021.4875,486.00
7.511470,1021.5200,476.00
7.511470,1021.5525,534.00
7.511470,1021.5850,501.00
7.511470,1021.6175,514.00
7.511470,1021.6500,471.00
7.511470,1021.6823,530.00
7.511470,1021.7148,503.00
7.511470,1021.7474,532.00
7.511470,1021.7797,499.00
7.511470,1021.8122,545.00
7.511470,1021.8445,511.00
7.511470,1021.8770,563.00
7.511470,1021.9095,546.00
7.511470,1021.9418,479.00
7.511470,1021.9741,478.00
7.511470,1022.0066,511.00
7.511470,1022.0389,479.00
7.511470,1022.0713,559.00
7.511470,1022.1037,497.00
7.511470,1022.1362,601.00
7.511470,1022.1685,551.00
7.511470,1022.2008,521.00
7.511470,1022.2332,473.00
7.511470,1022.2654,520.00
7.511470,1022.2977,508.00
7.511470,1022.3301,581.00
7.511470,1022.3624,486.00
7.511470,1022.3947,556.00
7.511470,1022.4271,498.00
7.511470,1022.4594,544.00
7.511470,1022.4917,538.00
7.511470,1022.5239,513.00
7.511470,1022.5562,496.00
7.511470,1022.5885,539.00
7.511470,1022.6207,484.00
7.511470,1022.6530,579.00
7.511470,1022.6852,522.00
7.511470,1022.7174,546.00
7.511470,1022.7497,511.00
7.511470,1022.7819,546.00
7.511470,1022.8142,501.00
7.511470,1022.8464,549.00
7.511470,1022.8785,487.00
7.511470,1022.9108,559.00
7.511470,1022.9429,495.00
7.511470,1022.9751,520.00
7.511470,1023.0073,506.00
7.511470,1023.0394,515.00
7.511470,1023.0717,501.00
7.511470,1023.1039,559.00
7.511470,1023.1360,484.00
7.511470,1023.1682,557.00
7.511470,1023.2003,509.00
7.511470,1023.2324,568.00
7.511470,1023.2644,483.00
7.511470,1023.2966,530.00
7.511470,1023.3287,486.00
7.511470,1023.3608,528.00
7.511470,1023.3929,514.00
7.511470,1023.4249,529.00
7.511470,1023.4570,483.00
7.511470,1023.4893,547.00
7.511470,1023.5212,488.00
7.511470,1023.5533,517.00
7.511470,1023.5853,486.00
7.511470,1023.6174,509.00
7.511470,1023.6494,489.00
7.511470,1023.6813,528.00
7.511470,1023.7134,438.00
7.511470,1023.7454,523.00
7.511470,1023.7775,466.00
7.511470,1023.8096,510.00
7.511470,1023.8416,484.00
7.511470,1023.8735,507.00
7.511470,1023.9055,453.00
7.511470,1023.9374,495.00
7.511470,1023.9694,457.00
7.511470,1024.0013,548.00
7.511470,1024.0333,485.00
7.511470,1024.0652,532.00
7.511470,1024.0972,503.00
7.511470,1024.1293,516.00
7.511470,1024.1611,484.00
7.511470,1024.1931,502.00
7.511470,1024.2250,454.00
7.511470,1024.2568,545.00
7.511470,1024.2888,442.00
7.511470,1024.3206,506.00
7.511470,1024.3525,487.00
7.511470,1024.3843,493.00
7.511470,1024.4164,456.00
7.511470,1024.4481,509.00
7.511470,1024.4801,449.00
7.511470,1024.5118,499.00
7.511470,1024.5438,484.00
7.511470,1024.5756,514.00
7.511470,1024.6074,460.00
7.511470,1024.6393,532.00
7.511470,1024.6710,525.00
7.511470,1024.7029,506.00
7.511470,1024.7346,481.00
7.511470,1024.7664,494.00
7.511470,1024.7982,444.00
7.511470,1024.8301,550.00
7.511470,1024.8618,507.00
7.511470,1024.8936,530.00
7.511470,1024.9253,481.00
7.511470,1024.9572,530.00
7.511470,1024.9889,507.00
7.511470,1025.0206,539.00
7.511470,1025.0522,445.00
7.511470,1025.0841,532.00
7.511470,1025.1158,453.00
7.511470,1025.1475,513.00
7.511470,1025.1792,483.00
7.511470,1025.2109,496.00
7.511470,1025.2426,506.00
7.511470,1025.2743,536.00
7.511470,1025.3059,496.00
7.511470,1025.3376,511.00
7.511470,1025.3693,448.00
7.511470,1025.4009,557.00
7.511470,1025.4326,494.00
7.511470,1025.4644,548.00
7.511470,1025.4960,505.00
7.511470,1025.5276,508.00
7.511470,1025.5592,510.00
7.511470,1025.5908,525.00
7.511470,1025.6224,488.00
7.511470,1025.6541,562.00
7.511470,1025.6857,526.00
7.511470,1025.7172,549.00
7.511470,1025.7489,528.00
7.511470,1025.7804,572.00
7.511470,1025.8120,545.00
7.511470,1025.8435,539.00
7.511470,1025.8751,516.00
7.511470,1025.9066,562.00
7.511470,1025.9381,480.00
7.511470,1025.9697,564.00
7.511470,1026.0012,515.00
7.511470,1026.0327,542.00
7.511470,1026.0642,503.00
