# Point:,55
# Setpoint:,2.8
# Voltage_V:,2.8
# Current_A:,0.05661
# Spectrum_Time_s:,8.584646
# Step_Start_s:,8.550819
# Step_End_s:,8.656992
# Spectrum_Duration_ms:,14.565
# Peak_Wavelength_nm:,930.65
# Peak_Intensity:,14978.0
# Avg_Intensity:,621.8
# Num_Pixels:,4094
# NOTE: All wavelengths are captured simultaneously in one CCD exposure
#       The Relative_Time_s column shows when this entire spectrum was acquired

Relative_Time_s,Wavelength_nm,Intensity
8.584646,845.4307,589.00
8.584646,845.4858,475.00
8.584646,845.5410,555.00
8.584646,845.5963,518.00
8.584646,845.6514,574.00
8.584646,845.7065,510.00
8.584646,845.7617,527.00
8.584646,845.8168,471.00
8.584646,845.8721,573.00
8.584646,845.9272,489.00
8.584646,845.9823,543.00
8.584646,846.0374,469.00
8.584646,846.0926,503.00
8.584646,846.1478,522.00
8.584646,846.2029,538.00
8.584646,846.2579,485.00
8.584646,846.3130,566.00
8.584646,846.3682,455.00
8.584646,846.4233,555.00
8.584646,846.4784,477.00
8.584646,846.5335,564.00
8.584646,846.5886,521.00
8.584646,846.6437,533.00
8.584646,846.6987,509.00
8.584646,846.7538,532.00
8.584646,846.8089,472.00
8.584646,846.8640,574.00
8.584646,846.9190,498.00
8.584646,846.9741,562.00
8.584646,847.0292,546.00
8.584646,847.0842,564.00
8.584646,847.1392,525.00
8.584646,847.1943,567.00
8.584646,847.2493,507.00
8.584646,847.3044,597.00
8.584646,847.3594,490.00
8.584646,847.4144,568.00
8.584646,847.4694,533.00
8.584646,847.5244,539.00
8.584646,847.5795,514.00
8.584646,847.6345,553.00
8.584646,847.6895,508.00
8.584646,847.7444,568.00
8.584646,847.7994,485.00
8.584646,847.8544,595.00
8.584646,847.9094,554.00
8.584646,847.9644,550.00
8.584646,848.0193,514.00
8.584646,848.0743,568.00
8.584646,848.1293,529.00
8.584646,848.1843,573.00
8.584646,848.2392,519.00
8.584646,848.2941,589.00
8.584646,848.3491,572.00
8.584646,848.4040,570.00
8.584646,848.4590,556.00
8.584646,848.5139,583.00
8.584646,848.5688,530.00
8.584646,848.6237,600.00
8.584646,848.6786,531.00
8.584646,848.7336,598.00
8.584646,848.7885,553.00
8.584646,848.8434,571.00
8.584646,848.8983,540.00
8.584646,848.9531,553.00
8.584646,849.0081,535.00
8.584646,849.0630,580.00
8.584646,849.1178,541.00
8.584646,849.1727,608.00
8.584646,849.2275,550.00
8.584646,849.2823,645.00
8.584646,849.3373,524.00
8.584646,849.3921,560.00
8.584646,849.4470,540.00
8.584646,849.5018,555.00
8.584646,849.5566,522.00
8.584646,849.6115,606.00
8.584646,849.6663,530.00
8.584646,849.7211,608.00
8.584646,849.7759,559.00
8.584646,849.8307,591.00
8.584646,849.8856,519.00
8.584646,849.9404,587.00
8.584646,849.9952,526.00
8.584646,850.0500,559.00
8.584646,850.1048,485.00
8.584646,850.1596,619.00
8.584646,850.2144,519.00
8.584646,850.2692,643.00
8.584646,850.3239,555.00
8.584646,850.3787,568.00
8.584646,850.4335,553.00
8.584646,850.4882,603.00
8.584646,850.5430,563.00
8.584646,850.5977,605.00
8.584646,850.6525,530.00
8.584646,850.7072,616.00
8.584646,850.7620,541.00
8.584646,850.8167,605.00
8.584646,850.8715,586.00
8.584646,850.9261,589.00
8.584646,850.9808,526.00
8.584646,851.0356,578.00
8.584646,851.0903,572.00
8.584646,851.1450,635.00
8.584646,851.1996,554.00
8.584646,851.2543,631.00
8.584646,851.3091,553.00
8.584646,851.3638,594.00
8.584646,851.4185,547.00
8.584646,851.4731,649.00
8.584646,851.5278,535.00
8.584646,851.5825,636.00
8.584646,851.6371,609.00
8.584646,851.6918,651.00
8.584646,851.7465,576.00
8.584646,851.8011,611.00
8.584646,851.8558,586.00
8.584646,851.9103,604.00
8.584646,851.9650,583.00
8.584646,852.0196,660.00
8.584646,852.0742,581.00
8.584646,852.1289,623.00
8.584646,852.1835,572.00
8.584646,852.2381,643.00
8.584646,852.2927,602.00
8.584646,852.3473,622.00
8.584646,852.4019,591.00
8.584646,852.4565,652.00
8.584646,852.5111,609.00
8.584646,852.5657,651.00
8.584646,852.6202,611.00
8.584646,852.6747,639.00
8.584646,852.7294,614.00
8.584646,852.7839,664.00
8.584646,852.8385,607.00
8.584646,852.8930,675.00
8.584646,852.9476,595.00
8.584646,853.0022,657.00
8.584646,853.0567,602.00
8.584646,853.1112,671.00
8.584646,853.1658,647.00
8.584646,853.2203,645.00
8.584646,853.2748,662.00
8.584646,853.3293,719.00
8.584646,853.3838,615.00
8.584646,853.4383,673.00
8.584646,853.4928,626.00
8.584646,853.5474,677.00
8.584646,853.6019,663.00
8.584646,853.6563,693.00
8.584646,853.7108,644.00
8.584646,853.7653,667.00
8.584646,853.8198,636.00
8.584646,853.8742,673.00
8.584646,853.9286,634.00
8.584646,853.9832,688.00
8.584646,854.0376,639.00
8.584646,854.0920,678.00
8.584646,854.1465,664.00
8.584646,854.2010,645.00
8.584646,854.2554,618.00
8.584646,854.3098,639.00
8.584646,854.3642,589.00
8.584646,854.4186,696.00
8.584646,854.4731,606.00
8.584646,854.5275,679.00
8.584646,854.5819,637.00
8.584646,854.6363,672.00
8.584646,854.6907,642.00
8.584646,854.7451,649.00
8.584646,854.7994,597.00
8.584646,854.8538,664.00
8.584646,854.9082,646.00
8.584646,854.9626,707.00
8.584646,855.0170,622.00
8.584646,855.0714,650.00
8.584646,855.1257,634.00
8.584646,855.1800,655.00
8.584646,855.2344,621.00
8.584646,855.2888,635.00
8.584646,855.3431,603.00
8.584646,855.3975,677.00
8.584646,855.4518,607.00
8.584646,855.5060,680.00
8.584646,855.5604,623.00
8.584646,855.6147,637.00
8.584646,855.6691,614.00
8.584646,855.7233,633.00
8.584646,855.7776,602.00
8.584646,855.8320,705.00
8.584646,855.8862,598.00
8.584646,855.9406,675.00
8.584646,855.9948,618.00
8.584646,856.0491,701.00
8.584646,856.1035,660.00
8.584646,856.1577,693.00
8.584646,856.2119,625.00
8.584646,856.2662,643.00
8.584646,856.3204,558.00
8.584646,856.3748,694.00
8.584646,856.4290,640.00
8.584646,856.4832,658.00
8.584646,856.5374,635.00
8.584646,856.5916,695.00
8.584646,856.6459,619.00
8.584646,856.7001,688.00
8.584646,856.7543,621.00
8.584646,856.8085,681.00
8.584646,856.8627,653.00
8.584646,856.9169,697.00
8.584646,856.9712,648.00
8.584646,857.0253,660.00
8.584646,857.0795,656.00
8.584646,857.1337,658.00
8.584646,857.1879,624.00
8.584646,857.2421,692.00
8.584646,857.2962,628.00
8.584646,857.3504,676.00
8.584646,857.4045,659.00
8.584646,857.4587,668.00
8.584646,857.5129,680.00
8.584646,857.5670,656.00
8.584646,857.6212,628.00
8.584646,857.6753,707.00
8.584646,857.7294,610.00
8.584646,857.7836,692.00
8.584646,857.8377,634.00
8.584646,857.8918,708.00
8.584646,857.9459,649.00
8.584646,858.0000,673.00
8.584646,858.0541,622.00
8.584646,858.1082,687.00
8.584646,858.1624,622.00
8.584646,858.2164,702.00
8.584646,858.2704,662.00
8.584646,858.3245,677.00
8.584646,858.3787,671.00
8.584646,858.4327,671.00
8.584646,858.4868,637.00
8.584646,858.5408,663.00
8.584646,858.5949,644.00
8.584646,858.6489,679.00
8.584646,858.7030,619.00
8.584646,858.7570,708.00
8.584646,858.8110,647.00
8.584646,858.8651,676.00
8.584646,858.9192,673.00
8.584646,858.9732,671.00
8.584646,859.0272,630.00
8.584646,859.0812,705.00
8.584646,859.1352,618.00
8.584646,859.1892,692.00
8.584646,859.2432,641.00
8.584646,859.2972,677.00
8.584646,859.3512,676.00
8.584646,859.4052,655.00
8.584646,859.4592,630.00
8.584646,859.5132,640.00
8.584646,859.5671,598.00
8.584646,859.6210,662.00
8.584646,859.6750,611.00
8.584646,859.7289,687.00
8.584646,859.7830,608.00
8.584646,859.8369,657.00
8.584646,859.8908,627.00
8.584646,859.9447,619.00
8.584646,859.9987,611.00
8.584646,860.0527,692.00
8.584646,860.1065,626.00
8.584646,860.1605,659.00
8.584646,860.2144,621.00
8.584646,860.2682,667.00
8.584646,860.3222,646.00
8.584646,860.3761,673.00
8.584646,860.4299,603.00
8.584646,860.4838,640.00
8.584646,860.5377,603.00
8.584646,860.5916,681.00
8.584646,860.6455,628.00
8.584646,860.6993,679.00
8.584646,860.7532,630.00
8.584646,860.8071,639.00
8.584646,860.8610,612.00
8.584646,860.9148,646.00
8.584646,860.9687,601.00
8.584646,861.0225,665.00
8.584646,861.0763,615.00
8.584646,861.1301,648.00
8.584646,861.1840,605.00
8.584646,861.2378,660.00
8.584646,861.2916,626.00
8.584646,861.3454,663.00
8.584646,861.3992,586.00
8.584646,861.4531,650.00
8.584646,861.5068,586.00
8.584646,861.5606,659.00
8.584646,861.6144,599.00
8.584646,861.6682,657.00
8.584646,861.7220,597.00
8.584646,861.7758,657.00
8.584646,861.8295,619.00
8.584646,861.8833,627.00
8.584646,861.9370,604.00
8.584646,861.9908,668.00
8.584646,862.0446,612.00
8.584646,862.0983,663.00
8.584646,862.1520,633.00
8.584646,862.2057,634.00
8.584646,862.2595,606.00
8.584646,862.3132,622.00
8.584646,862.3669,591.00
8.584646,862.4206,644.00
8.584646,862.4744,565.00
8.584646,862.5281,661.00
8.584646,862.5818,621.00
8.584646,862.6355,643.00
8.584646,862.6891,610.00
8.584646,862.7429,654.00
8.584646,862.7966,634.00
8.584646,862.8502,644.00
8.584646,862.9039,589.00
8.584646,862.9575,641.00
8.584646,863.0112,633.00
8.584646,863.0648,621.00
8.584646,863.1185,626.00
8.584646,863.1722,644.00
8.584646,863.2258,588.00
8.584646,863.2794,640.00
8.584646,863.3330,578.00
8.584646,863.3867,641.00
8.584646,863.4403,574.00
8.584646,863.4940,628.00
8.584646,863.5475,622.00
8.584646,863.6011,625.00
8.584646,863.6548,624.00
8.584646,863.7084,629.00
8.584646,863.7620,582.00
8.584646,863.8156,637.00
8.584646,863.8691,572.00
8.584646,863.9228,636.00
8.584646,863.9763,598.00
8.584646,864.0299,637.00
8.584646,864.0834,600.00
8.584646,864.1370,648.00
8.584646,864.1906,570.00
8.584646,864.2441,627.00
8.584646,864.2977,584.00
8.584646,864.3512,650.00
8.584646,864.4047,594.00
8.584646,864.4583,633.00
8.584646,864.5118,621.00
8.584646,864.5653,622.00
8.584646,864.6189,601.00
8.584646,864.6724,625.00
8.584646,864.7258,556.00
8.584646,864.7794,612.00
8.584646,864.8329,611.00
8.584646,864.8864,652.00
8.584646,864.9398,628.00
8.584646,864.9933,614.00
8.584646,865.0469,566.00
8.584646,865.1003,605.00
8.584646,865.1538,608.00
8.584646,865.2072,630.00
8.584646,865.2607,603.00
8.584646,865.3142,661.00
8.584646,865.3676,616.00
8.584646,865.4211,632.00
8.584646,865.4745,595.00
8.584646,865.5279,631.00
8.584646,865.5814,598.00
8.584646,865.6348,654.00
8.584646,865.6882,600.00
8.584646,865.7416,671.00
8.584646,865.7950,643.00
8.584646,865.8484,687.00
8.584646,865.9019,633.00
8.584646,865.9552,638.00
8.584646,866.0087,621.00
8.584646,866.0620,627.00
8.584646,866.1154,603.00
8.584646,866.1688,698.00
8.584646,866.2222,605.00
8.584646,866.2755,690.00
8.584646,866.3289,629.00
8.584646,866.3822,651.00
8.584646,866.4356,625.00
8.584646,866.4890,646.00
8.584646,866.5423,625.00
8.584646,866.5956,676.00
8.584646,866.6489,585.00
8.584646,866.7023,664.00
8.584646,866.7556,621.00
8.584646,866.8089,642.00
8.584646,866.8622,628.00
8.584646,866.9155,674.00
8.584646,866.9689,590.00
8.584646,867.0222,672.00
8.584646,867.0755,577.00
8.584646,867.1287,646.00
8.584646,867.1820,609.00
8.584646,867.2354,649.00
8.584646,867.2886,614.00
8.584646,867.3419,660.00
8.584646,867.3951,613.00
8.584646,867.4484,642.00
8.584646,867.5016,572.00
8.584646,867.5549,681.00
8.584646,867.6082,636.00
8.584646,867.6614,644.00
8.584646,867.7146,641.00
8.584646,867.7678,642.00
8.584646,867.8211,612.00
8.584646,867.8743,642.00
8.584646,867.9276,630.00
8.584646,867.9807,676.00
8.584646,868.0339,631.00
8.584646,868.0872,668.00
8.584646,868.1403,627.00
8.584646,868.1935,623.00
8.584646,868.2467,596.00
8.584646,868.2999,639.00
8.584646,868.3531,574.00
8.584646,868.4062,663.00
8.584646,868.4594,607.00
8.584646,868.5126,674.00
8.584646,868.5657,623.00
8.584646,868.6189,643.00
8.584646,868.6721,639.00
8.584646,868.7252,619.00
8.584646,868.7783,601.00
8.584646,868.8315,623.00
8.584646,868.8846,579.00
8.584646,868.9377,657.00
8.584646,868.9908,591.00
8.584646,869.0439,660.00
8.584646,869.0970,631.00
8.584646,869.1501,655.00
8.584646,869.2032,602.00
8.584646,869.2564,633.00
8.584646,869.3094,596.00
8.584646,869.3625,623.00
8.584646,869.4156,603.00
8.584646,869.4688,679.00
8.584646,869.5218,586.00
8.584646,869.5748,656.00
8.584646,869.6279,643.00
8.584646,869.6809,607.00
8.584646,869.7340,583.00
8.584646,869.7870,639.00
8.584646,869.8401,574.00
8.584646,869.8931,671.00
8.584646,869.9462,617.00
8.584646,869.9993,639.00
8.584646,870.0522,595.00
8.584646,870.1052,683.00
8.584646,870.1583,595.00
8.584646,870.2112,692.00
8.584646,870.2642,589.00
8.584646,870.3173,651.00
8.584646,870.3702,589.00
8.584646,870.4232,669.00
8.584646,870.4762,612.00
8.584646,870.5292,622.00
8.584646,870.5822,637.00
8.584646,870.6351,672.00
8.584646,870.6881,598.00
8.584646,870.7410,672.00
8.584646,870.7940,611.00
8.584646,870.8470,658.00
8.584646,870.8999,604.00
8.584646,870.9528,639.00
8.584646,871.0057,638.00
8.584646,871.0587,647.00
8.584646,871.1116,601.00
8.584646,871.1646,646.00
8.584646,871.2175,583.00
8.584646,871.2704,661.00
8.584646,871.3232,631.00
8.584646,871.3762,636.00
8.584646,871.4291,629.00
8.584646,871.4820,647.00
8.584646,871.5348,638.00
8.584646,871.5877,663.00
8.584646,871.6406,624.00
8.584646,871.6935,700.00
8.584646,871.7463,635.00
8.584646,871.7992,659.00
8.584646,871.8521,663.00
8.584646,871.9049,622.00
8.584646,871.9578,664.00
8.584646,872.0106,667.00
8.584646,872.0635,579.00
8.584646,872.1162,667.00
8.584646,872.1691,615.00
8.584646,872.2219,688.00
8.584646,872.2747,601.00
8.584646,872.3275,659.00
8.584646,872.3803,663.00
8.584646,872.4332,663.00
8.584646,872.4860,638.00
8.584646,872.5387,664.00
8.584646,872.5915,623.00
8.584646,872.6443,679.00
8.584646,872.6971,641.00
8.584646,872.7499,669.00
8.584646,872.8026,632.00
8.584646,872.8553,681.00
8.584646,872.9081,647.00
8.584646,872.9609,652.00
8.584646,873.0136,628.00
8.584646,873.0663,694.00
8.584646,873.1191,588.00
8.584646,873.1718,675.00
8.584646,873.2245,638.00
8.584646,873.2773,664.00
8.584646,873.3300,615.00
8.584646,873.3827,668.00
8.584646,873.4354,641.00
8.584646,873.4882,703.00
8.584646,873.5408,636.00
8.584646,873.5935,669.00
8.584646,873.6462,630.00
8.584646,873.6989,688.00
8.584646,873.7515,663.00
8.584646,873.8042,662.00
8.584646,873.8569,618.00
8.584646,873.9096,657.00
8.584646,873.9622,596.00
8.584646,874.0149,687.00
8.584646,874.0675,657.00
8.584646,874.1202,659.00
8.584646,874.1729,626.00
8.584646,874.2255,658.00
8.584646,874.2781,631.00
8.584646,874.3307,644.00
8.584646,874.3834,579.00
8.584646,874.4360,675.00
8.584646,874.4885,627.00
8.584646,874.5411,689.00
8.584646,874.5938,622.00
8.584646,874.6463,623.00
8.584646,874.6990,623.00
8.584646,874.7515,643.00
8.584646,874.8041,590.00
8.584646,874.8567,675.00
8.584646,874.9092,629.00
8.584646,874.9619,679.00
8.584646,875.0144,633.00
8.584646,875.0669,641.00
8.584646,875.1194,625.00
8.584646,875.1720,666.00
8.584646,875.2246,611.00
8.584646,875.2772,672.00
8.584646,875.3296,630.00
8.584646,875.3821,696.00
8.584646,875.4346,639.00
8.584646,875.4872,677.00
8.584646,875.5397,642.00
8.584646,875.5922,691.00
8.584646,875.6447,628.00
8.584646,875.6971,657.00
8.584646,875.7498,582.00
8.584646,875.8022,699.00
8.584646,875.8547,633.00
8.584646,875.9071,678.00
8.584646,875.9596,626.00
8.584646,876.0120,647.00
8.584646,876.0646,613.00
8.584646,876.1169,646.00
8.584646,876.1694,609.00
8.584646,876.2219,675.00
8.584646,876.2743,637.00
8.584646,876.3268,716.00
8.584646,876.3792,621.00
8.584646,876.4316,674.00
8.584646,876.4840,663.00
8.584646,876.5364,648.00
8.584646,876.5889,620.00
8.584646,876.6413,708.00
8.584646,876.6937,593.00
8.584646,876.7460,675.00
8.584646,876.7985,654.00
8.584646,876.8509,668.00
8.584646,876.9032,674.00
8.584646,876.9556,652.00
8.584646,877.0079,603.00
8.584646,877.0604,599.00
8.584646,877.1127,570.00
8.584646,877.1651,689.00
8.584646,877.2174,620.00
8.584646,877.2697,651.00
8.584646,877.3221,621.00
8.584646,877.3744,645.00
8.584646,877.4268,624.00
8.584646,877.4791,630.00
8.584646,877.5314,625.00
8.584646,877.5837,664.00
8.584646,877.6360,592.00
8.584646,877.6884,654.00
8.584646,877.7407,593.00
8.584646,877.7930,640.00
8.584646,877.8452,610.00
8.584646,877.8975,628.00
8.584646,877.9498,621.00
8.584646,878.0021,654.00
8.584646,878.0544,614.00
8.584646,878.1066,657.00
8.584646,878.1589,616.00
8.584646,878.2111,622.00
8.584646,878.2634,625.00
8.584646,878.3157,609.00
8.584646,878.3679,600.00
8.584646,878.4202,622.00
8.584646,878.4724,595.00
8.584646,878.5246,662.00
8.584646,878.5768,580.00
8.584646,878.6290,660.00
8.584646,878.6812,611.00
8.584646,878.7335,619.00
8.584646,878.7856,621.00
8.584646,878.8379,580.00
8.584646,878.8901,586.00
8.584646,878.9422,631.00
8.584646,878.9944,603.00
8.584646,879.0466,650.00
8.584646,879.0988,598.00
8.584646,879.1509,647.00
8.584646,879.2031,605.00
8.584646,879.2552,591.00
8.584646,879.3074,581.00
8.584646,879.3596,667.00
8.584646,879.4117,607.00
8.584646,879.4638,662.00
8.584646,879.5159,577.00
8.584646,879.5681,656.00
8.584646,879.6202,613.00
8.584646,879.6723,617.00
8.584646,879.7244,617.00
8.584646,879.7766,624.00
8.584646,879.8287,582.00
8.584646,879.8808,668.00
8.584646,879.9329,562.00
8.584646,879.9849,616.00
8.584646,880.0370,626.00
8.584646,880.0891,629.00
8.584646,880.1412,584.00
8.584646,880.1932,639.00
8.584646,880.2452,554.00
8.584646,880.2973,647.00
8.584646,880.3495,612.00
8.584646,880.4015,678.00
8.584646,880.4536,629.00
8.584646,880.5056,633.00
8.584646,880.5576,639.00
8.584646,880.6096,624.00
8.584646,880.6616,573.00
8.584646,880.7137,636.00
8.584646,880.7656,580.00
8.584646,880.8176,647.00
8.584646,880.8696,582.00
8.584646,880.9217,658.00
8.584646,880.9737,608.00
8.584646,881.0256,626.00
8.584646,881.0776,601.00
8.584646,881.1296,629.00
8.584646,881.1816,537.00
8.584646,881.2336,620.00
8.584646,881.2855,555.00
8.584646,881.3374,646.00
8.584646,881.3893,612.00
8.584646,881.4413,600.00
8.584646,881.4933,560.00
8.584646,881.5452,639.00
8.584646,881.5972,581.00
8.584646,881.6490,630.00
8.584646,881.7010,586.00
8.584646,881.7530,646.00
8.584646,881.8049,615.00
8.584646,881.8568,620.00
8.584646,881.9086,599.00
8.584646,881.9605,609.00
8.584646,882.0125,609.00
8.584646,882.0643,613.00
8.584646,882.1162,544.00
8.584646,882.1681,619.00
8.584646,882.2199,564.00
8.584646,882.2719,638.00
8.584646,882.3237,588.00
8.584646,882.3755,594.00
8.584646,882.4274,581.00
8.584646,882.4792,616.00
8.584646,882.5311,575.00
8.584646,882.5829,604.00
8.584646,882.6348,577.00
8.584646,882.6866,660.00
8.584646,882.7383,626.00
8.584646,882.7902,577.00
8.584646,882.8420,614.00
8.584646,882.8939,616.00
8.584646,882.9457,534.00
8.584646,882.9974,613.00
8.584646,883.0493,586.00
8.584646,883.1011,625.00
8.584646,883.1528,566.00
8.584646,883.2046,641.00
8.584646,883.2563,598.00
8.584646,883.3081,589.00
8.584646,883.3599,578.00
8.584646,883.4116,633.00
8.584646,883.4634,608.00
8.584646,883.5151,633.00
8.584646,883.5668,608.00
8.584646,883.6187,627.00
8.584646,883.6703,610.00
8.584646,883.7220,630.00
8.584646,883.7738,594.00
8.584646,883.8254,644.00
8.584646,883.8773,561.00
8.584646,883.9289,643.00
8.584646,883.9806,553.00
8.584646,884.0323,649.00
8.584646,884.0840,620.00
8.584646,884.1357,636.00
8.584646,884.1874,585.00
8.584646,884.2391,616.00
8.584646,884.2907,552.00
8.584646,884.3423,636.00
8.584646,884.3940,560.00
8.584646,884.4457,624.00
8.584646,884.4974,608.00
8.584646,884.5490,620.00
8.584646,884.6006,562.00
8.584646,884.6523,624.00
8.584646,884.7039,566.00
8.584646,884.7555,660.00
8.584646,884.8071,580.00
8.584646,884.8588,641.00
8.584646,884.9103,622.00
8.584646,884.9620,649.00
8.584646,885.0136,648.00
8.584646,885.0651,642.00
8.584646,885.1168,610.00
8.584646,885.1683,627.00
8.584646,885.2200,616.00
8.584646,885.2715,670.00
8.584646,885.3231,587.00
8.584646,885.3746,671.00
8.584646,885.4262,651.00
8.584646,885.4778,646.00
8.584646,885.5293,635.00
8.584646,885.5809,659.00
8.584646,885.6324,579.00
8.584646,885.6839,619.00
8.584646,885.7355,593.00
8.584646,885.7870,663.00
8.584646,885.8385,589.00
8.584646,885.8900,673.00
8.584646,885.9415,651.00
8.584646,885.9930,644.00
8.584646,886.0446,593.00
8.584646,886.0960,638.00
8.584646,886.1475,590.00
8.584646,886.1990,663.00
8.584646,886.2504,596.00
8.584646,886.3020,664.00
8.584646,886.3534,637.00
8.584646,886.4048,643.00
8.584646,886.4564,603.00
8.584646,886.5078,612.00
8.584646,886.5593,602.00
8.584646,886.6107,650.00
8.584646,886.6621,587.00
8.584646,886.7136,675.00
8.584646,886.7650,618.00
8.584646,886.8164,647.00
8.584646,886.8679,649.00
8.584646,886.9193,623.00
8.584646,886.9706,573.00
8.584646,887.0220,647.00
8.584646,887.0735,595.00
8.584646,887.1249,626.00
8.584646,887.1762,603.00
8.584646,887.2276,642.00
8.584646,887.2789,641.00
8.584646,887.3304,629.00
8.584646,887.3818,629.00
8.584646,887.4331,657.00
8.584646,887.4844,613.00
8.584646,887.5358,664.00
8.584646,887.5871,580.00
8.584646,887.6385,662.00
8.584646,887.6898,638.00
8.584646,887.7411,634.00
8.584646,887.7925,628.00
8.584646,887.8438,642.00
8.584646,887.8951,607.00
8.584646,887.9464,703.00
8.584646,887.9977,645.00
8.584646,888.0490,710.00
8.584646,888.1003,661.00
8.584646,888.1516,653.00
8.584646,888.2029,611.00
8.584646,888.2542,660.00
8.584646,888.3054,619.00
8.584646,888.3567,682.00
8.584646,888.4080,624.00
8.584646,888.4592,685.00
8.584646,888.5105,616.00
8.584646,888.5618,659.00
8.584646,888.6130,607.00
8.584646,888.6642,650.00
8.584646,888.7155,626.00
8.584646,888.7667,672.00
8.584646,888.8179,621.00
8.584646,888.8691,649.00
8.584646,888.9204,637.00
8.584646,888.9716,663.00
8.584646,889.0228,646.00
8.584646,889.0740,660.00
8.584646,889.1252,636.00
8.584646,889.1764,670.00
8.584646,889.2275,621.00
8.584646,889.2787,675.00
8.584646,889.3299,638.00
8.584646,889.3810,670.00
8.584646,889.4322,657.00
8.584646,889.4835,690.00
8.584646,889.5346,631.00
8.584646,889.5857,653.00
8.584646,889.6368,601.00
8.584646,889.6879,656.00
8.584646,889.7391,589.00
8.584646,889.7903,665.00
8.584646,889.8414,606.00
8.584646,889.8925,660.00
8.584646,889.9435,648.00
8.584646,889.9948,672.00
8.584646,890.0458,602.00
8.584646,890.0969,665.00
8.584646,890.1479,616.00
8.584646,890.1990,658.00
8.584646,890.2501,624.00
8.584646,890.3012,667.00
8.584646,890.3523,626.00
8.584646,890.4034,620.00
8.584646,890.4545,607.00
8.584646,890.5054,608.00
8.584646,890.5566,565.00
8.584646,890.6076,643.00
8.584646,890.6586,582.00
8.584646,890.7097,639.00
8.584646,890.7607,608.00
8.584646,890.8117,632.00
8.584646,890.8627,631.00
8.584646,890.9138,611.00
8.584646,890.9647,581.00
8.584646,891.0157,642.00
8.584646,891.0668,582.00
8.584646,891.1178,649.00
8.584646,891.1688,597.00
8.584646,891.2197,658.00
8.584646,891.2707,607.00
8.584646,891.3217,615.00
8.584646,891.3727,582.00
8.584646,891.4236,620.00
8.584646,891.4745,571.00
8.584646,891.5256,647.00
8.584646,891.5765,587.00
8.584646,891.6275,641.00
8.584646,891.6783,590.00
8.584646,891.7293,619.00
8.584646,891.7802,585.00
8.584646,891.8312,605.00
8.584646,891.8821,572.00
8.584646,891.9330,637.00
8.584646,891.9839,567.00
8.584646,892.0348,636.00
8.584646,892.0857,610.00
8.584646,892.1366,626.00
8.584646,892.1875,614.00
8.584646,892.2383,623.00
8.584646,892.2892,596.00
8.584646,892.3401,643.00
8.584646,892.3911,585.00
8.584646,892.4418,661.00
8.584646,892.4927,591.00
8.584646,892.5436,652.00
8.584646,892.5944,607.00
8.584646,892.6452,622.00
8.584646,892.6961,636.00
8.584646,892.7469,621.00
8.584646,892.7977,598.00
8.584646,892.8485,599.00
8.584646,892.8993,623.00
8.584646,892.9502,672.00
8.584646,893.0010,636.00
8.584646,893.0518,631.00
8.584646,893.1025,617.00
8.584646,893.1534,611.00
8.584646,893.2042,584.00
8.584646,893.2549,634.00
8.584646,893.3057,601.00
8.584646,893.3564,662.00
8.584646,893.4072,677.00
8.584646,893.4580,638.00
8.584646,893.5087,597.00
8.584646,893.5595,630.00
8.584646,893.6102,615.00
8.584646,893.6609,690.00
8.584646,893.7117,577.00
8.584646,893.7625,694.00
8.584646,893.8132,643.00
8.584646,893.8639,649.00
8.584646,893.9146,639.00
8.584646,893.9653,600.00
8.584646,894.0160,609.00
8.584646,894.0667,649.00
8.584646,894.1174,608.00
8.584646,894.1681,619.00
8.584646,894.2188,598.00
8.584646,894.2695,644.00
8.584646,894.3201,624.00
8.584646,894.3708,628.00
8.584646,894.4214,597.00
8.584646,894.4720,641.00
8.584646,894.5228,604.00
8.584646,894.5734,684.00
8.584646,894.6240,632.00
8.584646,894.6746,672.00
8.584646,894.7252,670.00
8.584646,894.7759,656.00
8.584646,894.8265,624.00
8.584646,894.8771,642.00
8.584646,894.9277,570.00
8.584646,894.9783,659.00
8.584646,895.0290,578.00
8.584646,895.0795,684.00
8.584646,895.1301,639.00
8.584646,895.1807,645.00
8.584646,895.2313,615.00
8.584646,895.2819,633.00
8.584646,895.3325,608.00
8.584646,895.3830,631.00
8.584646,895.4336,604.00
8.584646,895.4841,681.00
8.584646,895.5347,614.00
8.584646,895.5852,654.00
8.584646,895.6357,639.00
8.584646,895.6863,646.00
8.584646,895.7368,606.00
8.584646,895.7874,627.00
8.584646,895.8379,597.00
8.584646,895.8884,647.00
8.584646,895.9388,587.00
8.584646,895.9893,663.00
8.584646,896.0399,625.00
8.584646,896.0904,612.00
8.584646,896.1408,639.00
8.584646,896.1913,637.00
8.584646,896.2418,579.00
8.584646,896.2922,652.00
8.584646,896.3427,608.00
8.584646,896.3932,713.00
8.584646,896.4437,642.00
8.584646,896.4941,687.00
8.584646,896.5445,618.00
8.584646,896.5950,630.00
8.584646,896.6454,626.00
8.584646,896.6958,641.00
8.584646,896.7462,609.00
8.584646,896.7967,663.00
8.584646,896.8471,611.00
8.584646,896.8975,667.00
8.584646,896.9479,636.00
8.584646,896.9983,678.00
8.584646,897.0486,623.00
8.584646,897.0991,641.00
8.584646,897.1495,581.00
8.584646,897.1998,704.00
8.584646,897.2502,611.00
8.584646,897.3005,663.00
8.584646,897.3510,632.00
8.584646,897.4013,640.00
8.584646,897.4517,646.00
8.584646,897.5020,629.00
8.584646,897.5523,625.00
8.584646,897.6026,664.00
8.584646,897.6530,600.00
8.584646,897.7033,671.00
8.584646,897.7537,610.00
8.584646,897.8040,660.00
8.584646,897.8542,608.00
8.584646,897.9046,634.00
8.584646,897.9549,637.00
8.584646,898.0051,657.00
8.584646,898.0554,616.00
8.584646,898.1057,670.00
8.584646,898.1560,587.00
8.584646,898.2063,678.00
8.584646,898.2565,616.00
8.584646,898.3068,612.00
8.584646,898.3571,637.00
8.584646,898.4073,617.00
8.584646,898.4576,575.00
8.584646,898.5078,660.00
8.584646,898.5580,594.00
8.584646,898.6083,678.00
8.584646,898.6584,670.00
8.584646,898.7087,657.00
8.584646,898.7590,626.00
8.584646,898.8091,637.00
8.584646,898.8593,637.00
8.584646,898.9095,647.00
8.584646,898.9598,596.00
8.584646,899.0099,707.00
8.584646,899.0601,630.00
8.584646,899.1103,642.00
8.584646,899.1605,621.00
8.584646,899.2107,636.00
8.584646,899.2608,593.00
8.584646,899.3109,633.00
8.584646,899.3611,577.00
8.584646,899.4113,684.00
8.584646,899.4614,616.00
8.584646,899.5115,654.00
8.584646,899.5616,592.00
8.584646,899.6118,642.00
8.584646,899.6619,600.00
8.584646,899.7121,610.00
8.584646,899.7622,565.00
8.584646,899.8123,628.00
8.584646,899.8624,635.00
8.584646,899.9124,660.00
8.584646,899.9626,607.00
8.584646,900.0126,610.00
8.584646,900.0627,610.00
8.584646,900.1127,653.00
8.584646,900.1628,582.00
8.584646,900.2130,633.00
8.584646,900.2631,549.00
8.584646,900.3130,633.00
8.584646,900.3631,584.00
8.584646,900.4131,635.00
8.584646,900.4632,610.00
8.584646,900.5132,614.00
8.584646,900.5633,582.00
8.584646,900.6132,636.00
8.584646,900.6632,615.00
8.584646,900.7133,629.00
8.584646,900.7633,561.00
8.584646,900.8133,645.00
8.584646,900.8633,604.00
8.584646,900.9133,627.00
8.584646,900.9633,602.00
8.584646,901.0133,626.00
8.584646,901.0632,588.00
8.584646,901.1132,614.00
8.584646,901.1631,597.00
8.584646,901.2131,665.00
8.584646,901.2631,611.00
8.584646,901.3130,656.00
8.584646,901.3630,623.00
8.584646,901.4129,628.00
8.584646,901.4628,610.00
8.584646,901.5128,629.00
8.584646,901.5627,580.00
8.584646,901.6126,661.00
8.584646,901.6625,618.00
8.584646,901.7124,641.00
8.584646,901.7623,622.00
8.584646,901.8123,608.00
8.584646,901.8621,638.00
8.584646,901.9120,633.00
8.584646,901.9619,582.00
8.584646,902.0117,645.00
8.584646,902.0616,608.00
8.584646,902.1115,645.00
8.584646,902.1613,608.00
8.584646,902.2112,623.00
8.584646,902.2610,608.00
8.584646,902.3109,622.00
8.584646,902.3608,602.00
8.584646,902.4106,642.00
8.584646,902.4604,597.00
8.584646,902.5103,648.00
8.584646,902.5601,589.00
8.584646,902.6099,645.00
8.584646,902.6597,611.00
8.584646,902.7095,632.00
8.584646,902.7592,620.00
8.584646,902.8090,658.00
8.584646,902.8589,572.00
8.584646,902.9086,645.00
8.584646,902.9584,612.00
8.584646,903.0082,644.00
8.584646,903.0580,609.00
8.584646,903.1077,616.00
8.584646,903.1575,630.00
8.584646,903.2072,620.00
8.584646,903.2570,614.00
8.584646,903.3067,624.00
8.584646,903.3564,622.00
8.584646,903.4062,649.00
8.584646,903.4559,614.00
8.584646,903.5056,637.00
8.584646,903.5553,608.00
8.584646,903.6050,613.00
8.584646,903.6547,588.00
8.584646,903.7045,691.00
8.584646,903.7541,572.00
8.584646,903.8038,662.00
8.584646,903.8535,618.00
8.584646,903.9032,602.00
8.584646,903.9528,611.00
8.584646,904.0025,630.00
8.584646,904.0522,585.00
8.584646,904.1019,655.00
8.584646,904.1515,583.00
8.584646,904.2012,655.00
8.584646,904.2507,609.00
8.584646,904.3004,662.00
8.584646,904.3500,589.00
8.584646,904.3997,617.00
8.584646,904.4493,573.00
8.584646,904.4989,608.00
8.584646,904.5485,581.00
8.584646,904.5980,644.00
8.584646,904.6477,586.00
8.584646,904.6973,608.00
8.584646,904.7469,570.00
8.584646,904.7964,632.00
8.584646,904.8460,594.00
8.584646,904.8956,581.00
8.584646,904.9452,546.00
8.584646,904.9947,633.00
8.584646,905.0443,566.00
8.584646,905.0938,635.00
8.584646,905.1434,628.00
8.584646,905.1929,611.00
8.584646,905.2424,630.00
8.584646,905.2919,665.00
8.584646,905.3414,577.00
8.584646,905.3910,626.00
8.584646,905.4406,585.00
8.584646,905.4901,663.00
8.584646,905.5396,580.00
8.584646,905.5890,642.00
8.584646,905.6385,631.00
8.584646,905.6880,634.00
8.584646,905.7375,609.00
8.584646,905.7870,654.00
8.584646,905.8364,565.00
8.584646,905.8859,629.00
8.584646,905.9354,617.00
8.584646,905.9848,644.00
8.584646,906.0342,649.00
8.584646,906.0837,664.00
8.584646,906.1331,620.00
8.584646,906.1826,630.00
8.584646,906.2321,602.00
8.584646,906.2814,662.00
8.584646,906.3309,594.00
8.584646,906.3802,646.00
8.584646,906.4297,629.00
8.584646,906.4791,631.00
8.584646,906.5285,603.00
8.584646,906.5779,601.00
8.584646,906.6273,561.00
8.584646,906.6766,644.00
8.584646,906.7260,583.00
8.584646,906.7754,673.00
8.584646,906.8248,580.00
8.584646,906.8741,650.00
8.584646,906.9235,612.00
8.584646,906.9729,619.00
8.584646,907.0222,628.00
8.584646,907.0715,654.00
8.584646,907.1208,555.00
8.584646,907.1702,662.00
8.584646,907.2195,603.00
8.584646,907.2688,660.00
8.584646,907.3181,625.00
8.584646,907.3674,613.00
8.584646,907.4167,611.00
8.584646,907.4660,639.00
8.584646,907.5153,564.00
8.584646,907.5646,622.00
8.584646,907.6139,594.00
8.584646,907.6631,667.00
8.584646,907.7125,609.00
8.584646,907.7617,624.00
8.584646,907.8110,561.00
8.584646,907.8602,615.00
8.584646,907.9094,571.00
8.584646,907.9587,638.00
8.584646,908.0080,562.00
8.584646,908.0572,652.00
8.584646,908.1064,585.00
8.584646,908.1556,661.00
8.584646,908.2048,623.00
8.584646,908.2541,613.00
8.584646,908.3033,638.00
8.584646,908.3524,624.00
8.584646,908.4017,584.00
8.584646,908.4508,645.00
8.584646,908.5000,604.00
8.584646,908.5493,633.00
8.584646,908.5984,610.00
8.584646,908.6475,638.00
8.584646,908.6967,598.00
8.584646,908.7459,592.00
8.584646,908.7950,560.00
8.584646,908.8442,645.00
8.584646,908.8932,577.00
8.584646,908.9424,665.00
8.584646,908.9916,616.00
8.584646,909.0407,656.00
8.584646,909.0898,630.00
8.584646,909.1389,612.00
8.584646,909.1880,596.00
8.584646,909.2372,656.00
8.584646,909.2863,564.00
8.584646,909.3354,659.00
8.584646,909.3845,588.00
8.584646,909.4335,656.00
8.584646,909.4825,618.00
8.584646,909.5317,612.00
8.584646,909.5807,583.00
8.584646,909.6298,646.00
8.584646,909.6789,560.00
8.584646,909.7280,653.00
8.584646,909.7770,600.00
8.584646,909.8260,649.00
8.584646,909.8751,593.00
8.584646,909.9241,636.00
8.584646,909.9731,610.00
8.584646,910.0222,638.00
8.584646,910.0711,618.00
8.584646,910.1201,638.00
8.584646,910.1691,576.00
8.584646,910.2181,671.00
8.584646,910.2672,611.00
8.584646,910.3162,649.00
8.584646,910.3651,623.00
8.584646,910.4141,644.00
8.584646,910.4631,595.00
8.584646,910.5120,623.00
8.584646,910.5610,578.00
8.584646,910.6099,639.00
8.584646,910.6589,612.00
8.584646,910.7078,627.00
8.584646,910.7568,607.00
8.584646,910.8057,637.00
8.584646,910.8546,617.00
8.584646,910.9036,658.00
8.584646,910.9525,603.00
8.584646,911.0013,639.00
8.584646,911.0503,616.00
8.584646,911.0992,632.00
8.584646,911.1481,605.00
8.584646,911.1970,651.00
8.584646,911.2459,633.00
8.584646,911.2948,646.00
8.584646,911.3436,622.00
8.584646,911.3925,630.00
8.584646,911.4414,603.00
8.584646,911.4902,676.00
8.584646,911.5391,653.00
8.584646,911.5880,623.00
8.584646,911.6368,633.00
8.584646,911.6857,635.00
8.584646,911.7344,592.00
8.584646,911.7833,666.00
8.584646,911.8321,603.00
8.584646,911.8809,654.00
8.584646,911.9297,585.00
8.584646,911.9785,670.00
8.584646,912.0273,653.00
8.584646,912.0762,621.00
8.584646,912.1249,653.00
8.584646,912.1737,636.00
8.584646,912.2225,617.00
8.584646,912.2712,680.00
8.584646,912.3201,654.00
8.584646,912.3688,676.00
8.584646,912.4176,638.00
8.584646,912.4663,660.00
8.584646,912.5150,610.00
8.584646,912.5638,629.00
8.584646,912.6125,608.00
8.584646,912.6613,659.00
8.584646,912.7100,614.00
8.584646,912.7587,645.00
8.584646,912.8074,636.00
8.584646,912.8561,668.00
8.584646,912.9048,651.00
8.584646,912.9535,673.00
8.584646,913.0023,624.00
8.584646,913.0510,622.00
8.584646,913.0996,628.00
8.584646,913.1483,679.00
8.584646,913.1969,632.00
8.584646,913.2456,682.00
8.584646,913.2943,711.00
8.584646,913.3430,662.00
8.584646,913.3916,625.00
8.584646,913.4402,678.00
8.584646,913.4888,657.00
8.584646,913.5375,713.00
8.584646,913.5862,637.00
8.584646,913.6348,684.00
8.584646,913.6834,675.00
8.584646,913.7320,686.00
8.584646,913.7806,668.00
8.584646,913.8292,686.00
8.584646,913.8778,632.00
8.584646,913.9264,673.00
8.584646,913.9750,581.00
8.584646,914.0236,678.00
8.584646,914.0721,643.00
8.584646,914.1207,674.00
8.584646,914.1693,630.00
8.584646,914.2178,700.00
8.584646,914.2664,641.00
8.584646,914.3149,669.00
8.584646,914.3635,619.00
8.584646,914.4120,693.00
8.584646,914.4606,664.00
8.584646,914.5090,710.00
8.584646,914.5576,696.00
8.584646,914.6061,703.00
8.584646,914.6546,672.00
8.584646,914.7031,702.00
8.584646,914.7516,621.00
8.584646,914.8001,716.00
8.584646,914.8486,663.00
8.584646,914.8971,702.00
8.584646,914.9456,657.00
8.584646,914.9941,682.00
8.584646,915.0425,660.00
8.584646,915.0910,677.00
8.584646,915.1395,609.00
8.584646,915.1879,676.00
8.584646,915.2363,631.00
8.584646,915.2849,712.00
8.584646,915.3333,672.00
8.584646,915.3817,724.00
8.584646,915.4301,648.00
8.584646,915.4785,695.00
8.584646,915.5269,626.00
8.584646,915.5754,662.00
8.584646,915.6237,642.00
8.584646,915.6721,696.00
8.584646,915.7205,641.00
8.584646,915.7689,721.00
8.584646,915.8173,641.00
8.584646,915.8657,687.00
8.584646,915.9141,634.00
8.584646,915.9623,688.00
8.584646,916.0107,630.00
8.584646,916.0591,710.00
8.584646,916.1075,649.00
8.584646,916.1558,667.00
8.584646,916.2042,640.00
8.584646,916.2524,675.00
8.584646,916.3008,645.00
8.584646,916.3491,658.00
8.584646,916.3974,611.00
8.584646,916.4457,648.00
8.584646,916.4940,603.00
8.584646,916.5423,676.00
8.584646,916.5907,657.00
8.584646,916.6390,673.00
8.584646,916.6872,650.00
8.584646,916.7355,657.00
8.584646,916.7838,608.00
8.584646,916.8320,692.00
8.584646,916.8803,614.00
8.584646,916.9286,677.00
8.584646,916.9768,632.00
8.584646,917.0250,682.00
8.584646,917.0733,682.00
8.584646,917.1216,635.00
8.584646,917.1698,622.00
8.584646,917.2180,662.00
8.584646,917.2662,617.00
8.584646,917.3145,673.00
8.584646,917.3626,653.00
8.584646,917.4109,701.00
8.584646,917.4590,607.00
8.584646,917.5072,674.00
8.584646,917.5554,650.00
8.584646,917.6036,660.00
8.584646,917.6518,626.00
8.584646,917.7000,697.00
8.584646,917.7481,609.00
8.584646,917.7963,691.00
8.584646,917.8444,650.00
8.584646,917.8926,689.00
8.584646,917.9407,652.00
8.584646,917.9888,674.00
8.584646,918.0369,635.00
8.584646,918.0851,675.00
8.584646,918.1332,620.00
8.584646,918.1813,704.00
8.584646,918.2294,623.00
8.584646,918.2776,695.00
8.584646,918.3257,625.00
8.584646,918.3737,664.00
8.584646,918.4218,656.00
8.584646,918.4699,679.00
8.584646,918.5180,649.00
8.584646,918.5660,664.00
8.584646,918.6142,628.00
8.584646,918.6622,684.00
8.584646,918.7103,683.00
8.584646,918.7583,676.00
8.584646,918.8064,678.00
8.584646,918.8544,646.00
8.584646,918.9025,628.00
8.584646,918.9505,679.00
8.584646,918.9985,632.00
8.584646,919.0464,687.00
8.584646,919.0945,669.00
8.584646,919.1426,712.00
8.584646,919.1905,673.00
8.584646,919.2385,640.00
8.584646,919.2866,639.00
8.584646,919.3345,668.00
8.584646,919.3825,638.00
8.584646,919.4304,688.00
8.584646,919.4785,640.00
8.584646,919.5264,717.00
8.584646,919.5744,690.00
8.584646,919.6224,643.00
8.584646,919.6703,644.00
8.584646,919.7182,658.00
8.584646,919.7661,644.00
8.584646,919.8141,671.00
8.584646,919.8620,657.00
8.584646,919.9100,694.00
8.584646,919.9578,667.00
8.584646,920.0057,726.00
8.584646,920.0536,665.00
8.584646,920.1016,680.00
8.584646,920.1495,649.00
8.584646,920.1973,699.00
8.584646,920.2452,609.00
8.584646,920.2932,662.00
8.584646,920.3410,652.00
8.584646,920.3888,694.00
8.584646,920.4367,669.00
8.584646,920.4846,648.00
8.584646,920.5323,615.00
8.584646,920.5803,668.00
8.584646,920.6281,589.00
8.584646,920.6759,704.00
8.584646,920.7237,658.00
8.584646,920.7715,671.00
8.584646,920.8195,632.00
8.584646,920.8672,644.00
8.584646,920.9150,636.00
8.584646,920.9628,673.00
8.584646,921.0106,619.00
8.584646,921.0584,668.00
8.584646,921.1062,600.00
8.584646,921.1540,676.00
8.584646,921.2017,640.00
8.584646,921.2495,637.00
8.584646,921.2973,634.00
8.584646,921.3450,656.00
8.584646,921.3928,588.00
8.584646,921.4405,672.00
8.584646,921.4882,592.00
8.584646,921.5359,663.00
8.584646,921.5837,630.00
8.584646,921.6315,650.00
8.584646,921.6791,630.00
8.584646,921.7269,652.00
8.584646,921.7746,613.00
8.584646,921.8223,617.00
8.584646,921.8700,595.00
8.584646,921.9177,669.00
8.584646,921.9653,620.00
8.584646,922.0130,654.00
8.584646,922.0607,636.00
8.584646,922.1084,655.00
8.584646,922.1561,626.00
8.584646,922.2037,660.00
8.584646,922.2513,639.00
8.584646,922.2990,670.00
8.584646,922.3467,629.00
8.584646,922.3943,675.00
8.584646,922.4419,646.00
8.584646,922.4895,665.00
8.584646,922.5371,651.00
8.584646,922.5848,660.00
8.584646,922.6324,633.00
8.584646,922.6800,661.00
8.584646,922.7276,578.00
8.584646,922.7752,661.00
8.584646,922.8228,620.00
8.584646,922.8704,672.00
8.584646,922.9179,620.00
8.584646,922.9655,675.00
8.584646,923.0130,650.00
8.584646,923.0607,694.00
8.584646,923.1082,622.00
8.584646,923.1558,684.00
8.584646,923.2032,611.00
8.584646,923.2508,655.00
8.584646,923.2983,659.00
8.584646,923.3459,651.00
8.584646,923.3934,646.00
8.584646,923.4409,671.00
8.584646,923.4884,607.00
8.584646,923.5359,659.00
8.584646,923.5834,599.00
8.584646,923.6309,669.00
8.584646,923.6784,643.00
8.584646,923.7259,685.00
8.584646,923.7734,645.00
8.584646,923.8209,627.00
8.584646,923.8683,610.00
8.584646,923.9158,637.00
8.584646,923.9632,606.00
8.584646,924.0106,696.00
8.584646,924.0581,605.00
8.584646,924.1056,665.00
8.584646,924.1530,626.00
8.584646,924.2004,669.00
8.584646,924.2479,626.00
8.584646,924.2952,622.00
8.584646,924.3427,604.00
8.584646,924.3901,723.00
8.584646,924.4375,622.00
8.584646,924.4849,683.00
8.584646,924.5323,659.00
8.584646,924.5797,630.00
8.584646,924.6270,667.00
8.584646,924.6744,653.00
8.584646,924.7218,603.00
8.584646,924.7692,677.00
8.584646,924.8165,611.00
8.584646,924.8639,671.00
8.584646,924.9112,648.00
8.584646,924.9585,667.00
8.584646,925.0059,662.00
8.584646,925.0532,645.00
8.584646,925.1005,611.00
8.584646,925.1478,672.00
8.584646,925.1952,581.00
8.584646,925.2424,671.00
8.584646,925.2897,624.00
8.584646,925.3370,683.00
8.584646,925.3843,634.00
8.584646,925.4316,670.00
8.584646,925.4789,627.00
8.584646,925.5262,656.00
8.584646,925.5734,607.00
8.584646,925.6207,683.00
8.584646,925.6680,659.00
8.584646,925.7153,673.00
8.584646,925.7625,642.00
8.584646,925.8097,637.00
8.584646,925.8569,641.00
8.584646,925.9042,671.00
8.584646,925.9514,606.00
8.584646,925.9987,687.00
8.584646,926.0458,606.00
8.584646,926.0930,670.00
8.584646,926.1403,619.00
8.584646,926.1874,681.00
8.584646,926.2346,631.00
8.584646,926.2819,671.00
8.584646,926.3290,623.00
8.584646,926.3762,665.00
8.584646,926.4233,606.00
8.584646,926.4705,701.00
8.584646,926.5177,687.00
8.584646,926.5648,705.00
8.584646,926.6120,670.00
8.584646,926.6591,699.00
8.584646,926.7063,636.00
8.584646,926.7534,661.00
8.584646,926.8005,630.00
8.584646,926.8477,689.00
8.584646,926.8947,623.00
8.584646,926.9418,690.00
8.584646,926.9890,684.00
8.584646,927.0361,661.00
8.584646,927.0831,666.00
8.584646,927.1302,691.00
8.584646,927.1773,643.00
8.584646,927.2244,720.00
8.584646,927.2715,662.00
8.584646,927.3185,695.00
8.584646,927.3656,653.00
8.584646,927.4126,685.00
8.584646,927.4597,714.00
8.584646,927.5067,689.00
8.584646,927.5538,645.00
8.584646,927.6008,712.00
8.584646,927.6478,676.00
8.584646,927.6949,703.00
8.584646,927.7419,694.00
8.584646,927.7888,696.00
8.584646,927.8358,678.00
8.584646,927.8829,734.00
8.584646,927.9299,637.00
8.584646,927.9769,707.00
8.584646,928.0239,666.00
8.584646,928.0708,713.00
8.584646,928.1177,667.00
8.584646,928.1648,688.00
8.584646,928.2117,697.00
8.584646,928.2587,709.00
8.584646,928.3056,674.00
8.584646,928.3525,683.00
8.584646,928.3995,654.00
8.584646,928.4465,704.00
8.584646,928.4934,658.00
8.584646,928.5402,707.00
8.584646,928.5872,691.00
8.584646,928.6340,713.00
8.584646,928.6810,670.00
8.584646,928.7279,661.00
8.584646,928.7748,669.00
8.584646,928.8217,699.00
8.584646,928.8685,654.00
8.584646,928.9155,699.00
8.584646,928.9623,662.00
8.584646,929.0092,714.00
8.584646,929.0560,683.00
8.584646,929.1028,703.00
8.584646,929.1498,659.00
8.584646,929.1965,705.00
8.584646,929.2434,683.00
8.584646,929.2902,753.00
8.584646,929.3370,665.00
8.584646,929.3839,681.00
8.584646,929.4307,716.00
8.584646,929.4775,717.00
8.584646,929.5243,706.00
8.584646,929.5710,722.00
8.584646,929.6179,696.00
8.584646,929.6647,732.00
8.584646,929.7115,714.00
8.584646,929.7582,845.00
8.584646,929.8050,803.00
8.584646,929.8517,966.00
8.584646,929.8986,920.00
8.584646,929.9453,1029.00
8.584646,929.9921,1070.00
8.584646,930.0388,987.00
8.584646,930.0854,815.00
8.584646,930.1323,890.00
8.584646,930.1790,874.00
8.584646,930.2256,1085.00
8.584646,930.2724,1267.00
8.584646,930.3191,1357.00
8.584646,930.3658,1455.00
8.584646,930.4125,1697.00
8.584646,930.4592,2030.00
8.584646,930.5059,2887.00
8.584646,930.5526,4472.00
8.584646,930.5993,9773.00
8.584646,930.6459,14978.00
8.584646,930.6926,14453.00
8.584646,930.7392,10987.00
8.584646,930.7859,9994.00
8.584646,930.8325,9100.00
8.584646,930.8792,6439.00
8.584646,930.9258,3826.00
8.584646,930.9725,2205.00
8.584646,931.0190,1295.00
8.584646,931.0657,1020.00
8.584646,931.1123,1141.00
8.584646,931.1589,1279.00
8.584646,931.2055,1142.00
8.584646,931.2521,1069.00
8.584646,931.2987,946.00
8.584646,931.3453,952.00
8.584646,931.3919,829.00
8.584646,931.4385,785.00
8.584646,931.4850,708.00
8.584646,931.5316,719.00
8.584646,931.5782,734.00
8.584646,931.6248,748.00
8.584646,931.6713,718.00
8.584646,931.7178,738.00
8.584646,931.7643,681.00
8.584646,931.8109,783.00
8.584646,931.8574,698.00
8.584646,931.9039,723.00
8.584646,931.9504,675.00
8.584646,931.9969,698.00
8.584646,932.0435,647.00
8.584646,932.0900,717.00
8.584646,932.1365,655.00
8.584646,932.1829,691.00
8.584646,932.2294,669.00
8.584646,932.2759,707.00
8.584646,932.3223,678.00
8.584646,932.3688,661.00
8.584646,932.4153,699.00
8.584646,932.4617,732.00
8.584646,932.5082,651.00
8.584646,932.5546,737.00
8.584646,932.6011,680.00
8.584646,932.6475,711.00
8.584646,932.6939,682.00
8.584646,932.7402,699.00
8.584646,932.7867,646.00
8.584646,932.8331,678.00
8.584646,932.8795,635.00
8.584646,932.9259,713.00
8.584646,932.9723,655.00
8.584646,933.0187,695.00
8.584646,933.0651,679.00
8.584646,933.1115,681.00
8.584646,933.1578,674.00
8.584646,933.2042,691.00
8.584646,933.2505,663.00
8.584646,933.2969,711.00
8.584646,933.3433,686.00
8.584646,933.3896,719.00
8.584646,933.4359,663.00
8.584646,933.4822,721.00
8.584646,933.5286,649.00
8.584646,933.5749,681.00
8.584646,933.6212,667.00
8.584646,933.6675,683.00
8.584646,933.7138,656.00
8.584646,933.7601,720.00
8.584646,933.8064,642.00
8.584646,933.8527,719.00
8.584646,933.8989,663.00
8.584646,933.9452,676.00
8.584646,933.9915,698.00
8.584646,934.0378,691.00
8.584646,934.0840,661.00
8.584646,934.1302,725.00
8.584646,934.1765,650.00
8.584646,934.2227,715.00
8.584646,934.2690,685.00
8.584646,934.3152,694.00
8.584646,934.3614,658.00
8.584646,934.4077,699.00
8.584646,934.4539,695.00
8.584646,934.5001,708.00
8.584646,934.5463,629.00
8.584646,934.5925,749.00
8.584646,934.6387,701.00
8.584646,934.6848,677.00
8.584646,934.7310,670.00
8.584646,934.7772,684.00
8.584646,934.8234,646.00
8.584646,934.8695,692.00
8.584646,934.9156,656.00
8.584646,934.9619,709.00
8.584646,935.0080,686.00
8.584646,935.0541,699.00
8.584646,935.1002,690.00
8.584646,935.1464,684.00
8.584646,935.1925,642.00
8.584646,935.2386,705.00
8.584646,935.2847,675.00
8.584646,935.3308,715.00
8.584646,935.3769,650.00
8.584646,935.4230,709.00
8.584646,935.4691,670.00
8.584646,935.5152,697.00
8.584646,935.5613,665.00
8.584646,935.6073,705.00
8.584646,935.6534,666.00
8.584646,935.6995,691.00
8.584646,935.7455,612.00
8.584646,935.7916,682.00
8.584646,935.8376,668.00
8.584646,935.8837,705.00
8.584646,935.9297,651.00
8.584646,935.9757,688.00
8.584646,936.0217,637.00
8.584646,936.0677,640.00
8.584646,936.1137,620.00
8.584646,936.1598,689.00
8.584646,936.2057,638.00
8.584646,936.2518,680.00
8.584646,936.2977,672.00
8.584646,936.3437,674.00
8.584646,936.3896,612.00
8.584646,936.4357,673.00
8.584646,936.4816,598.00
8.584646,936.5275,688.00
8.584646,936.5735,635.00
8.584646,936.6194,676.00
8.584646,936.6654,664.00
8.584646,936.7114,645.00
8.584646,936.7573,614.00
8.584646,936.8032,647.00
8.584646,936.8491,592.00
8.584646,936.8950,670.00
8.584646,936.9409,610.00
8.584646,936.9868,691.00
8.584646,937.0327,611.00
8.584646,937.0786,668.00
8.584646,937.1245,623.00
8.584646,937.1704,647.00
8.584646,937.2162,609.00
8.584646,937.2621,699.00
8.584646,937.3080,590.00
8.584646,937.3539,643.00
8.584646,937.3997,619.00
8.584646,937.4455,670.00
8.584646,937.4913,619.00
8.584646,937.5372,663.00
8.584646,937.5831,609.00
8.584646,937.6289,645.00
8.584646,937.6747,619.00
8.584646,937.7205,665.00
8.584646,937.7663,593.00
8.584646,937.8121,684.00
8.584646,937.8579,602.00
8.584646,937.9037,639.00
8.584646,937.9495,646.00
8.584646,937.9952,660.00
8.584646,938.0410,602.00
8.584646,938.0868,673.00
8.584646,938.1325,599.00
8.584646,938.1783,711.00
8.584646,938.2240,622.00
8.584646,938.2698,631.00
8.584646,938.3155,646.00
8.584646,938.3613,649.00
8.584646,938.4069,607.00
8.584646,938.4527,635.00
8.584646,938.4984,603.00
8.584646,938.5441,691.00
8.584646,938.5898,628.00
8.584646,938.6356,685.00
8.584646,938.6812,643.00
8.584646,938.7269,675.00
8.584646,938.7726,631.00
8.584646,938.8182,660.00
8.584646,938.8640,644.00
8.584646,938.9096,693.00
8.584646,938.9552,629.00
8.584646,939.0010,649.00
8.584646,939.0466,650.00
8.584646,939.0922,676.00
8.584646,939.1378,672.00
8.584646,939.1835,682.00
8.584646,939.2291,592.00
8.584646,939.2747,683.00
8.584646,939.3203,614.00
8.584646,939.3659,704.00
8.584646,939.4115,667.00
8.584646,939.4570,706.00
8.584646,939.5027,677.00
8.584646,939.5483,675.00
8.584646,939.5939,636.00
8.584646,939.6395,693.00
8.584646,939.6851,639.00
8.584646,939.7306,704.00
8.584646,939.7761,645.00
8.584646,939.8217,680.00
8.584646,939.8672,660.00
8.584646,939.9127,665.00
8.584646,939.9583,658.00
8.584646,940.0038,690.00
8.584646,940.0493,648.00
8.584646,940.0948,710.00
8.584646,940.1403,646.00
8.584646,940.1859,755.00
8.584646,940.2314,659.00
8.584646,940.2769,692.00
8.584646,940.3223,655.00
8.584646,940.3678,731.00
8.584646,940.4133,647.00
8.584646,940.4588,679.00
8.584646,940.5042,682.00
8.584646,940.5497,723.00
8.584646,940.5952,657.00
8.584646,940.6406,711.00
8.584646,940.6860,695.00
8.584646,940.7315,695.00
8.584646,940.7769,679.00
8.584646,940.8223,704.00
8.584646,940.8677,655.00
8.584646,940.9132,695.00
8.584646,940.9586,661.00
8.584646,941.0040,725.00
8.584646,941.0494,690.00
8.584646,941.0948,727.00
8.584646,941.1402,671.00
8.584646,941.1855,668.00
8.584646,941.2310,646.00
8.584646,941.2762,721.00
8.584646,941.3216,643.00
8.584646,941.3670,695.00
8.584646,941.4124,660.00
8.584646,941.4577,711.00
8.584646,941.5031,666.00
8.584646,941.5483,683.00
8.584646,941.5937,653.00
8.584646,941.6390,694.00
8.584646,941.6843,643.00
8.584646,941.7296,721.00
8.584646,941.7749,663.00
8.584646,941.8203,692.00
8.584646,941.8655,679.00
8.584646,941.9108,683.00
8.584646,941.9561,654.00
8.584646,942.0013,705.00
8.584646,942.0467,658.00
8.584646,942.0920,689.00
8.584646,942.1372,681.00
8.584646,942.1824,709.00
8.584646,942.2277,658.00
8.584646,942.2729,693.00
8.584646,942.3182,660.00
8.584646,942.3634,682.00
8.584646,942.4086,666.00
8.584646,942.4539,699.00
8.584646,942.4990,642.00
8.584646,942.5443,712.00
8.584646,942.5895,669.00
8.584646,942.6347,703.00
8.584646,942.6798,663.00
8.584646,942.7250,679.00
8.584646,942.7702,678.00
8.584646,942.8154,712.00
8.584646,942.8606,629.00
8.584646,942.9058,723.00
8.584646,942.9508,645.00
8.584646,942.9960,705.00
8.584646,943.0412,658.00
8.584646,943.0864,684.00
8.584646,943.1314,651.00
8.584646,943.1766,692.00
8.584646,943.2217,664.00
8.584646,943.2668,707.00
8.584646,943.3120,630.00
8.584646,943.3571,727.00
8.584646,943.4021,668.00
8.584646,943.4473,708.00
8.584646,943.4923,655.00
8.584646,943.5374,657.00
8.584646,943.5825,641.00
8.584646,943.6276,706.00
8.584646,943.6725,632.00
8.584646,943.7177,689.00
8.584646,943.7627,678.00
8.584646,943.8078,648.00
8.584646,943.8528,657.00
8.584646,943.8978,702.00
8.584646,943.9429,646.00
8.584646,943.9879,715.00
8.584646,944.0330,626.00
8.584646,944.0779,694.00
8.584646,944.1229,641.00
8.584646,944.1679,697.00
8.584646,944.2130,675.00
8.584646,944.2579,711.00
8.584646,944.3029,673.00
8.584646,944.3478,644.00
8.584646,944.3929,620.00
8.584646,944.4379,729.00
8.584646,944.4828,659.00
8.584646,944.5277,718.00
8.584646,944.5727,662.00
8.584646,944.6176,698.00
8.584646,944.6626,638.00
8.584646,944.7076,667.00
8.584646,944.7524,627.00
8.584646,944.7974,699.00
8.584646,944.8423,647.00
8.584646,944.8872,683.00
8.584646,944.9321,677.00
8.584646,944.9770,673.00
8.584646,945.0219,679.00
8.584646,945.0667,695.00
8.584646,945.1116,653.00
8.584646,945.1566,652.00
8.584646,945.2014,630.00
8.584646,945.2463,689.00
8.584646,945.2911,635.00
8.584646,945.3360,712.00
8.584646,945.3808,680.00
8.584646,945.4257,695.00
8.584646,945.4705,656.00
8.584646,945.5153,661.00
8.584646,945.5601,632.00
8.584646,945.6050,726.00
8.584646,945.6498,655.00
8.584646,945.6946,674.00
8.584646,945.7394,678.00
8.584646,945.7842,654.00
8.584646,945.8290,659.00
8.584646,945.8738,707.00
8.584646,945.9186,645.00
8.584646,945.9633,705.00
8.584646,946.0081,623.00
8.584646,946.0529,697.00
8.584646,946.0976,651.00
8.584646,946.1423,696.00
8.584646,946.1871,646.00
8.584646,946.2318,679.00
8.584646,946.2766,604.00
8.584646,946.3213,681.00
8.584646,946.3660,630.00
8.584646,946.4107,691.00
8.584646,946.4554,619.00
8.584646,946.5001,698.00
8.584646,946.5449,660.00
8.584646,946.5895,665.00
8.584646,946.6342,653.00
8.584646,946.6789,673.00
8.584646,946.7236,627.00
8.584646,946.7682,694.00
8.584646,946.8129,626.00
8.584646,946.8575,690.00
8.584646,946.9022,648.00
8.584646,946.9468,729.00
8.584646,946.9915,659.00
8.584646,947.0361,683.00
8.584646,947.0807,637.00
8.584646,947.1253,684.00
8.584646,947.1700,608.00
8.584646,947.2146,707.00
8.584646,947.2592,667.00
8.584646,947.3038,716.00
8.584646,947.3483,662.00
8.584646,947.3929,664.00
8.584646,947.4376,625.00
8.584646,947.4821,683.00
8.584646,947.5267,636.00
8.584646,947.5712,709.00
8.584646,947.6158,628.00
8.584646,947.6604,670.00
8.584646,947.7050,653.00
8.584646,947.7495,640.00
8.584646,947.7939,636.00
8.584646,947.8385,650.00
8.584646,947.8831,593.00
8.584646,947.9276,668.00
8.584646,947.9720,650.00
8.584646,948.0166,632.00
8.584646,948.0611,623.00
8.584646,948.1056,660.00
8.584646,948.1501,624.00
8.584646,948.1945,649.00
8.584646,948.2390,640.00
8.584646,948.2835,643.00
8.584646,948.3279,582.00
8.584646,948.3724,696.00
8.584646,948.4169,634.00
8.584646,948.4613,670.00
8.584646,948.5057,627.00
8.584646,948.5502,643.00
8.584646,948.5947,628.00
8.584646,948.6391,669.00
8.584646,948.6835,623.00
8.584646,948.7279,675.00
8.584646,948.7723,653.00
8.584646,948.8167,680.00
8.584646,948.8611,650.00
8.584646,948.9055,643.00
8.584646,948.9498,619.00
8.584646,948.9943,658.00
8.584646,949.0387,620.00
8.584646,949.0830,677.00
8.584646,949.1273,655.00
8.584646,949.1718,669.00
8.584646,949.2161,627.00
8.584646,949.2604,648.00
8.584646,949.3047,628.00
8.584646,949.3491,675.00
8.584646,949.3934,634.00
8.584646,949.4377,687.00
8.584646,949.4821,604.00
8.584646,949.5264,690.00
8.584646,949.5707,645.00
8.584646,949.6150,665.00
8.584646,949.6592,643.00
8.584646,949.7036,652.00
8.584646,949.7479,611.00
8.584646,949.7921,692.00
8.584646,949.8363,614.00
8.584646,949.8806,669.00
8.584646,949.9249,632.00
8.584646,949.9692,699.00
8.584646,950.0134,652.00
8.584646,950.0576,669.00
8.584646,950.1019,650.00
8.584646,950.1461,670.00
8.584646,950.1903,621.00
8.584646,950.2346,696.00
8.584646,950.2787,626.00
8.584646,950.3229,667.00
8.584646,950.3671,645.00
8.584646,950.4114,680.00
8.584646,950.4555,656.00
8.584646,950.4997,679.00
8.584646,950.5439,621.00
8.584646,950.5880,702.00
8.584646,950.6322,614.00
8.584646,950.6763,658.00
8.584646,950.7205,661.00
8.584646,950.7646,660.00
8.584646,950.8088,633.00
8.584646,950.8530,673.00
8.584646,950.8971,655.00
8.584646,950.9412,670.00
8.584646,950.9853,606.00
8.584646,951.0294,694.00
8.584646,951.0735,642.00
8.584646,951.1177,705.00
8.584646,951.1617,663.00
8.584646,951.2057,661.00
8.584646,951.2499,663.00
8.584646,951.2939,673.00
8.584646,951.3380,638.00
8.584646,951.3821,645.00
8.584646,951.4261,624.00
8.584646,951.4702,693.00
8.584646,951.5142,682.00
8.584646,951.5582,685.00
8.584646,951.6024,662.00
8.584646,951.6464,688.00
8.584646,951.6904,644.00
8.584646,951.7344,685.00
8.584646,951.7784,604.00
8.584646,951.8224,707.00
8.584646,951.8665,612.00
8.584646,951.9104,680.00
8.584646,951.9544,664.00
8.584646,951.9984,682.00
8.584646,952.0424,635.00
8.584646,952.0864,684.00
8.584646,952.1303,610.00
8.584646,952.1743,712.00
8.584646,952.2183,657.00
8.584646,952.2621,697.00
8.584646,952.3061,692.00
8.584646,952.3500,689.00
8.584646,952.3940,674.00
8.584646,952.4379,672.00
8.584646,952.4818,608.00
8.584646,952.5258,686.00
8.584646,952.5696,668.00
8.584646,952.6136,713.00
8.584646,952.6574,610.00
8.584646,952.7014,680.00
8.584646,952.7452,647.00
8.584646,952.7891,652.00
8.584646,952.8330,626.00
8.584646,952.8768,691.00
8.584646,952.9207,668.00
8.584646,952.9645,689.00
8.584646,953.0084,656.00
8.584646,953.0522,663.00
8.584646,953.0961,655.00
8.584646,953.1400,652.00
8.584646,953.1838,646.00
8.584646,953.2275,672.00
8.584646,953.2714,659.00
8.584646,953.3152,727.00
8.584646,953.3589,652.00
8.584646,953.4028,679.00
8.584646,953.4466,638.00
8.584646,953.4904,663.00
8.584646,953.5341,651.00
8.584646,953.5779,658.00
8.584646,953.6217,623.00
8.584646,953.6654,647.00
8.584646,953.7092,577.00
8.584646,953.7529,705.00
8.584646,953.7967,621.00
8.584646,953.8405,691.00
8.584646,953.8842,635.00
8.584646,953.9279,664.00
8.584646,953.9716,636.00
8.584646,954.0153,664.00
8.584646,954.0590,621.00
8.584646,954.1027,635.00
8.584646,954.1464,634.00
8.584646,954.1901,664.00
8.584646,954.2338,620.00
8.584646,954.2774,650.00
8.584646,954.3212,627.00
8.584646,954.3648,659.00
8.584646,954.4084,622.00
8.584646,954.4521,660.00
8.584646,954.4958,619.00
8.584646,954.5394,643.00
8.584646,954.5831,627.00
8.584646,954.6267,651.00
8.584646,954.6703,624.00
8.584646,954.7139,637.00
8.584646,954.7576,629.00
8.584646,954.8012,677.00
8.584646,954.8448,605.00
8.584646,954.8884,686.00
8.584646,954.9319,620.00
8.584646,954.9755,664.00
8.584646,955.0191,606.00
8.584646,955.0627,616.00
8.584646,955.1063,589.00
8.584646,955.1498,642.00
8.584646,955.1934,600.00
8.584646,955.2369,655.00
8.584646,955.2805,596.00
8.584646,955.3240,660.00
8.584646,955.3675,631.00
8.584646,955.4111,652.00
8.584646,955.4546,607.00
8.584646,955.4981,666.00
8.584646,955.5416,604.00
8.584646,955.5851,647.00
8.584646,955.6285,616.00
8.584646,955.6722,653.00
8.584646,955.7156,617.00
8.584646,955.7590,658.00
8.584646,955.8025,627.00
8.584646,955.8460,664.00
8.584646,955.8895,610.00
8.584646,955.9329,654.00
8.584646,955.9764,627.00
8.584646,956.0198,679.00
8.584646,956.0632,630.00
8.584646,956.1067,699.00
8.584646,956.1501,647.00
8.584646,956.1935,657.00
8.584646,956.2369,617.00
8.584646,956.2803,647.00
8.584646,956.3238,591.00
8.584646,956.3671,683.00
8.584646,956.4105,620.00
8.584646,956.4539,654.00
8.584646,956.4973,635.00
8.584646,956.5406,631.00
8.584646,956.5841,617.00
8.584646,956.6274,630.00
8.584646,956.6707,617.00
8.584646,956.7141,717.00
8.584646,956.7575,597.00
8.584646,956.8008,642.00
8.584646,956.8442,639.00
8.584646,956.8875,666.00
8.584646,956.9308,640.00
8.584646,956.9741,638.00
8.584646,957.0174,627.00
8.584646,957.0607,647.00
8.584646,957.1040,587.00
8.584646,957.1473,684.00
8.584646,957.1906,605.00
8.584646,957.2339,647.00
8.584646,957.2772,625.00
8.584646,957.3204,653.00
8.584646,957.3636,628.00
8.584646,957.4069,646.00
8.584646,957.4502,623.00
8.584646,957.4934,660.00
8.584646,957.5366,612.00
8.584646,957.5799,654.00
8.584646,957.6230,641.00
8.584646,957.6664,651.00
8.584646,957.7095,652.00
8.584646,957.7527,684.00
8.584646,957.7959,597.00
8.584646,957.8392,664.00
8.584646,957.8823,625.00
8.584646,957.9255,710.00
8.584646,957.9687,658.00
8.584646,958.0118,652.00
8.584646,958.0551,634.00
8.584646,958.0983,724.00
8.584646,958.1414,641.00
8.584646,958.1845,695.00
8.584646,958.2277,630.00
8.584646,958.2708,711.00
8.584646,958.3139,624.00
8.584646,958.3571,680.00
8.584646,958.4001,625.00
8.584646,958.4432,691.00
8.584646,958.4864,629.00
8.584646,958.5295,670.00
8.584646,958.5726,638.00
8.584646,958.6157,700.00
8.584646,958.6588,645.00
8.584646,958.7018,702.00
8.584646,958.7449,629.00
8.584646,958.7879,679.00
8.584646,958.8311,650.00
8.584646,958.8741,688.00
8.584646,958.9171,581.00
8.584646,958.9601,678.00
8.584646,959.0032,635.00
8.584646,959.0463,717.00
8.584646,959.0893,670.00
8.584646,959.1323,654.00
8.584646,959.1752,681.00
8.584646,959.2183,697.00
8.584646,959.2613,648.00
8.584646,959.3043,649.00
8.584646,959.3472,617.00
8.584646,959.3903,700.00
8.584646,959.4332,622.00
8.584646,959.4763,668.00
8.584646,959.5192,630.00
8.584646,959.5621,630.00
8.584646,959.6051,608.00
8.584646,959.6480,663.00
8.584646,959.6910,566.00
8.584646,959.7339,657.00
8.584646,959.7768,591.00
8.584646,959.8198,650.00
8.584646,959.8627,625.00
8.584646,959.9056,639.00
8.584646,959.9485,604.00
8.584646,959.9915,635.00
8.584646,960.0343,571.00
8.584646,960.0771,670.00
8.584646,960.1201,611.00
8.584646,960.1630,656.00
8.584646,960.2058,629.00
8.584646,960.2487,607.00
8.584646,960.2915,627.00
8.584646,960.3344,607.00
8.584646,960.3773,600.00
8.584646,960.4200,666.00
8.584646,960.4629,593.00
8.584646,960.5057,659.00
8.584646,960.5485,595.00
8.584646,960.5914,642.00
8.584646,960.6342,627.00
8.584646,960.6770,614.00
8.584646,960.7198,595.00
8.584646,960.7626,579.00
8.584646,960.8054,563.00
8.584646,960.8481,643.00
8.584646,960.8909,605.00
8.584646,960.9337,649.00
8.584646,960.9764,603.00
8.584646,961.0192,649.00
8.584646,961.0620,603.00
8.584646,961.1047,608.00
8.584646,961.1475,596.00
8.584646,961.1902,643.00
8.584646,961.2329,596.00
8.584646,961.2757,649.00
8.584646,961.3184,644.00
8.584646,961.3611,622.00
8.584646,961.4037,625.00
8.584646,961.4465,628.00
8.584646,961.4892,578.00
8.584646,961.5319,652.00
8.584646,961.5745,591.00
8.584646,961.6172,698.00
8.584646,961.6599,574.00
8.584646,961.7026,627.00
8.584646,961.7452,630.00
8.584646,961.7878,603.00
8.584646,961.8304,621.00
8.584646,961.8731,661.00
8.584646,961.9157,595.00
8.584646,961.9584,631.00
8.584646,962.0010,613.00
8.584646,962.0436,644.00
8.584646,962.0862,630.00
8.584646,962.1288,631.00
8.584646,962.1714,607.00
8.584646,962.2140,634.00
8.584646,962.2565,576.00
8.584646,962.2991,653.00
8.584646,962.3417,591.00
8.584646,962.3843,631.00
8.584646,962.4268,627.00
8.584646,962.4694,630.00
8.584646,962.5119,616.00
8.584646,962.5545,659.00
8.584646,962.5970,613.00
8.584646,962.6396,651.00
8.584646,962.6821,571.00
8.584646,962.7246,702.00
8.584646,962.7671,617.00
8.584646,962.8096,680.00
8.584646,962.8522,615.00
8.584646,962.8947,617.00
8.584646,962.9371,611.00
8.584646,962.9796,632.00
8.584646,963.0222,602.00
8.584646,963.0646,645.00
8.584646,963.1070,572.00
8.584646,963.1495,627.00
8.584646,963.1919,620.00
8.584646,963.2344,653.00
8.584646,963.2768,598.00
8.584646,963.3193,644.00
8.584646,963.3616,597.00
8.584646,963.4041,686.00
8.584646,963.4465,576.00
8.584646,963.4889,639.00
8.584646,963.5314,628.00
8.584646,963.5737,648.00
8.584646,963.6161,599.00
8.584646,963.6585,616.00
8.584646,963.7009,565.00
8.584646,963.7433,604.00
8.584646,963.7856,594.00
8.584646,963.8280,687.00
8.584646,963.8704,608.00
8.584646,963.9127,644.00
8.584646,963.9551,608.00
8.584646,963.9974,617.00
8.584646,964.0397,611.00
8.584646,964.0820,622.00
8.584646,964.1244,610.00
8.584646,964.1667,678.00
8.584646,964.2090,614.00
8.584646,964.2513,647.00
8.584646,964.2936,615.00
8.584646,964.3359,659.00
8.584646,964.3782,607.00
8.584646,964.4205,649.00
8.584646,964.4627,597.00
8.584646,964.5050,659.00
8.584646,964.5472,587.00
8.584646,964.5895,663.00
8.584646,964.6317,622.00
8.584646,964.6740,632.00
8.584646,964.7162,625.00
8.584646,964.7585,641.00
8.584646,964.8007,587.00
8.584646,964.8429,601.00
8.584646,964.8851,600.00
8.584646,964.9273,638.00
8.584646,964.9695,576.00
8.584646,965.0118,617.00
8.584646,965.0539,592.00
8.584646,965.0961,650.00
8.584646,965.1382,627.00
8.584646,965.1805,650.00
8.584646,965.2226,602.00
8.584646,965.2648,642.00
8.584646,965.3069,591.00
8.584646,965.3491,629.00
8.584646,965.3912,609.00
8.584646,965.4333,643.00
8.584646,965.4755,605.00
8.584646,965.5176,617.00
8.584646,965.5598,582.00
8.584646,965.6019,632.00
8.584646,965.6439,609.00
8.584646,965.6861,656.00
8.584646,965.7281,600.00
8.584646,965.7702,619.00
8.584646,965.8123,586.00
8.584646,965.8543,630.00
8.584646,965.8964,570.00
8.584646,965.9385,622.00
8.584646,965.9806,581.00
8.584646,966.0226,641.00
8.584646,966.0647,589.00
8.584646,966.1068,613.00
8.584646,966.1487,607.00
8.584646,966.1907,606.00
8.584646,966.2328,602.00
8.584646,966.2748,636.00
8.584646,966.3168,588.00
8.584646,966.3588,631.00
8.584646,966.4008,587.00
8.584646,966.4427,623.00
8.584646,966.4848,602.00
8.584646,966.5268,594.00
8.584646,966.5688,587.00
8.584646,966.6107,633.00
8.584646,966.6526,591.00
8.584646,966.6946,661.00
8.584646,966.7366,557.00
8.584646,966.7785,665.00
8.584646,966.8204,606.00
8.584646,966.8624,615.00
8.584646,966.9042,616.00
8.584646,966.9462,592.00
8.584646,966.9881,592.00
8.584646,967.0300,627.00
8.584646,967.0719,585.00
8.584646,967.1138,664.00
8.584646,967.1556,612.00
8.584646,967.1976,640.00
8.584646,967.2394,613.00
8.584646,967.2813,626.00
8.584646,967.3232,612.00
8.584646,967.3651,636.00
8.584646,967.4070,562.00
8.584646,967.4488,666.00
8.584646,967.4906,579.00
8.584646,967.5324,684.00
8.584646,967.5743,638.00
8.584646,967.6161,629.00
8.584646,967.6579,603.00
8.584646,967.6997,661.00
8.584646,967.7415,584.00
8.584646,967.7833,657.00
8.584646,967.8251,574.00
8.584646,967.8669,677.00
8.584646,967.9087,628.00
8.584646,967.9504,624.00
8.584646,967.9922,638.00
8.584646,968.0339,647.00
8.584646,968.0757,596.00
8.584646,968.1174,634.00
8.584646,968.1592,598.00
8.584646,968.2009,617.00
8.584646,968.2427,607.00
8.584646,968.2844,642.00
8.584646,968.3262,675.00
8.584646,968.3679,617.00
8.584646,968.4095,632.00
8.584646,968.4512,649.00
8.584646,968.4930,571.00
8.584646,968.5347,669.00
8.584646,968.5763,640.00
8.584646,968.6180,656.00
8.584646,968.6597,594.00
8.584646,968.7014,661.00
8.584646,968.7430,596.00
8.584646,968.7846,646.00
8.584646,968.8263,574.00
8.584646,968.8679,641.00
8.584646,968.9095,584.00
8.584646,968.9512,652.00
8.584646,968.9928,643.00
8.584646,969.0344,631.00
8.584646,969.0761,634.00
8.584646,969.1177,618.00
8.584646,969.1592,586.00
8.584646,969.2009,635.00
8.584646,969.2424,581.00
8.584646,969.2839,665.00
8.584646,969.3255,593.00
8.584646,969.3672,645.00
8.584646,969.4087,621.00
8.584646,969.4503,654.00
8.584646,969.4918,570.00
8.584646,969.5333,608.00
8.584646,969.5749,576.00
8.584646,969.6165,646.00
8.584646,969.6580,595.00
8.584646,969.6995,635.00
8.584646,969.7410,644.00
8.584646,969.7825,634.00
8.584646,969.8240,605.00
8.584646,969.8655,621.00
8.584646,969.9070,557.00
8.584646,969.9484,668.00
8.584646,969.9899,613.00
8.584646,970.0314,634.00
8.584646,970.0728,622.00
8.584646,970.1143,626.00
8.584646,970.1558,608.00
8.584646,970.1971,628.00
8.584646,970.2386,589.00
8.584646,970.2801,631.00
8.584646,970.3215,555.00
8.584646,970.3629,632.00
8.584646,970.4044,564.00
8.584646,970.4457,638.00
8.584646,970.4872,629.00
8.584646,970.5286,599.00
8.584646,970.5699,580.00
8.584646,970.6113,612.00
8.584646,970.6527,577.00
8.584646,970.6941,630.00
8.584646,970.7354,585.00
8.584646,970.7768,602.00
8.584646,970.8182,600.00
8.584646,970.8595,634.00
8.584646,970.9009,623.00
8.584646,970.9422,624.00
8.584646,970.9835,597.00
8.584646,971.0248,640.00
8.584646,971.0662,585.00
8.584646,971.1075,613.00
8.584646,971.1487,604.00
8.584646,971.1901,608.00
8.584646,971.2314,596.00
8.584646,971.2727,606.00
8.584646,971.3140,568.00
8.584646,971.3552,598.00
8.584646,971.3965,570.00
8.584646,971.4377,628.00
8.584646,971.4789,597.00
8.584646,971.5203,614.00
8.584646,971.5615,621.00
8.584646,971.6027,613.00
8.584646,971.6439,582.00
8.584646,971.6852,576.00
8.584646,971.7264,585.00
8.584646,971.7676,640.00
8.584646,971.8088,566.00
8.584646,971.8500,603.00
8.584646,971.8912,584.00
8.584646,971.9324,628.00
8.584646,971.9736,594.00
8.584646,972.0148,603.00
8.584646,972.0560,611.00
8.584646,972.0972,642.00
8.584646,972.1384,574.00
8.584646,972.1794,637.00
8.584646,972.2206,575.00
8.584646,972.2617,585.00
8.584646,972.3029,587.00
8.584646,972.3439,583.00
8.584646,972.3851,572.00
8.584646,972.4262,579.00
8.584646,972.4673,534.00
8.584646,972.5085,647.00
8.584646,972.5496,575.00
8.584646,972.5907,610.00
8.584646,972.6317,567.00
8.584646,972.6729,593.00
8.584646,972.7139,557.00
8.584646,972.7549,609.00
8.584646,972.7961,539.00
8.584646,972.8371,597.00
8.584646,972.8781,598.00
8.584646,972.9191,648.00
8.584646,972.9602,596.00
8.584646,973.0013,611.00
8.584646,973.0423,586.00
8.584646,973.0833,565.00
8.584646,973.1243,534.00
8.584646,973.1653,576.00
8.584646,973.2064,545.00
8.584646,973.2473,611.00
8.584646,973.2883,598.00
8.584646,973.3293,607.00
8.584646,973.3703,554.00
8.584646,973.4113,624.00
8.584646,973.4522,567.00
8.584646,973.4931,639.00
8.584646,973.5341,567.00
8.584646,973.5750,621.00
8.584646,973.6160,596.00
8.584646,973.6570,621.00
8.584646,973.6978,597.00
8.584646,973.7388,603.00
8.584646,973.7797,572.00
8.584646,973.8206,596.00
8.584646,973.8615,566.00
8.584646,973.9024,626.00
8.584646,973.9433,565.00
8.584646,973.9842,658.00
8.584646,974.0250,594.00
8.584646,974.0660,633.00
8.584646,974.1068,611.00
8.584646,974.1476,602.00
8.584646,974.1885,569.00
8.584646,974.2294,617.00
8.584646,974.2702,574.00
8.584646,974.3110,621.00
8.584646,974.3519,591.00
8.584646,974.3927,646.00
8.584646,974.4335,596.00
8.584646,974.4743,621.00
8.584646,974.5151,580.00
8.584646,974.5559,645.00
8.584646,974.5967,587.00
8.584646,974.6375,652.00
8.584646,974.6783,594.00
8.584646,974.7191,638.00
8.584646,974.7598,610.00
8.584646,974.8006,649.00
8.584646,974.8413,586.00
8.584646,974.8821,607.00
8.584646,974.9229,599.00
8.584646,974.9636,663.00
8.584646,975.0043,582.00
8.584646,975.0450,671.00
8.584646,975.0858,607.00
8.584646,975.1265,613.00
8.584646,975.1672,635.00
8.584646,975.2079,655.00
8.584646,975.2485,605.00
8.584646,975.2892,655.00
8.584646,975.3300,610.00
8.584646,975.3706,661.00
8.584646,975.4113,637.00
8.584646,975.4519,686.00
8.584646,975.4926,661.00
8.584646,975.5333,651.00
8.584646,975.5739,584.00
8.584646,975.6146,622.00
8.584646,975.6552,601.00
8.584646,975.6958,644.00
8.584646,975.7363,579.00
8.584646,975.7770,674.00
8.584646,975.8176,609.00
8.584646,975.8582,638.00
8.584646,975.8989,614.00
8.584646,975.9395,619.00
8.584646,975.9800,595.00
8.584646,976.0206,652.00
8.584646,976.0611,611.00
8.584646,976.1017,659.00
8.584646,976.1423,615.00
8.584646,976.1829,615.00
8.584646,976.2234,606.00
8.584646,976.2639,663.00
8.584646,976.3044,577.00
8.584646,976.3450,623.00
8.584646,976.3855,571.00
8.584646,976.4260,657.00
8.584646,976.4665,637.00
8.584646,976.5070,664.00
8.584646,976.5475,609.00
8.584646,976.5880,639.00
8.584646,976.6285,606.00
8.584646,976.6690,660.00
8.584646,976.7095,566.00
8.584646,976.7500,666.00
8.584646,976.7905,607.00
8.584646,976.8308,657.00
8.584646,976.8713,654.00
8.584646,976.9117,617.00
8.584646,976.9521,607.00
8.584646,976.9926,623.00
8.584646,977.0330,588.00
8.584646,977.0734,651.00
8.584646,977.1139,598.00
8.584646,977.1542,639.00
8.584646,977.1947,593.00
8.584646,977.2350,642.00
8.584646,977.2755,611.00
8.584646,977.3158,611.00
8.584646,977.3562,565.00
8.584646,977.3965,628.00
8.584646,977.4370,575.00
8.584646,977.4773,625.00
8.584646,977.5176,593.00
8.584646,977.5579,590.00
8.584646,977.5983,546.00
8.584646,977.6387,603.00
8.584646,977.6790,560.00
8.584646,977.7192,600.00
8.584646,977.7595,575.00
8.584646,977.7999,629.00
8.584646,977.8402,577.00
8.584646,977.8805,602.00
8.584646,977.9208,550.00
8.584646,977.9610,599.00
8.584646,978.0013,546.00
8.584646,978.0417,572.00
8.584646,978.0819,557.00
8.584646,978.1221,603.00
8.584646,978.1624,527.00
8.584646,978.2026,625.00
8.584646,978.2428,556.00
8.584646,978.2831,588.00
8.584646,978.3233,611.00
8.584646,978.3635,563.00
8.584646,978.4037,542.00
8.584646,978.4440,590.00
8.584646,978.4842,536.00
8.584646,978.5244,605.00
8.584646,978.5645,577.00
8.584646,978.6047,605.00
8.584646,978.6449,523.00
8.584646,978.6851,602.00
8.584646,978.7253,534.00
8.584646,978.7654,598.00
8.584646,978.8055,540.00
8.584646,978.8458,577.00
8.584646,978.8859,543.00
8.584646,978.9260,597.00
8.584646,978.9661,541.00
8.584646,979.0062,570.00
8.584646,979.0463,572.00
8.584646,979.0864,583.00
8.584646,979.1266,528.00
8.584646,979.1666,604.00
8.584646,979.2067,545.00
8.584646,979.2469,572.00
8.584646,979.2869,561.00
8.584646,979.3270,578.00
8.584646,979.3671,596.00
8.584646,979.4071,596.00
8.584646,979.4471,532.00
8.584646,979.4871,582.00
8.584646,979.5272,525.00
8.584646,979.5673,628.00
8.584646,979.6072,568.00
8.584646,979.6473,602.00
8.584646,979.6873,569.00
8.584646,979.7273,592.00
8.584646,979.7673,558.00
8.584646,979.8073,582.00
8.584646,979.8473,543.00
8.584646,979.8873,602.00
8.584646,979.9273,542.00
8.584646,979.9673,605.00
8.584646,980.0072,581.00
8.584646,980.0471,563.00
8.584646,980.0872,557.00
8.584646,980.1271,579.00
8.584646,980.1671,526.00
8.584646,980.2069,608.00
8.584646,980.2469,547.00
8.584646,980.2868,610.00
8.584646,980.3267,577.00
8.584646,980.3666,621.00
8.584646,980.4065,570.00
8.584646,980.4464,587.00
8.584646,980.4863,541.00
8.584646,980.5262,616.00
8.584646,980.5660,530.00
8.584646,980.6060,655.00
8.584646,980.6458,559.00
8.584646,980.6857,604.00
8.584646,980.7255,572.00
8.584646,980.7654,595.00
8.584646,980.8052,563.00
8.584646,980.8450,593.00
8.584646,980.8849,544.00
8.584646,980.9247,590.00
8.584646,980.9645,555.00
8.584646,981.0043,637.00
8.584646,981.0441,586.00
8.584646,981.0839,582.00
8.584646,981.1237,599.00
8.584646,981.1635,583.00
8.584646,981.2033,502.00
8.584646,981.2430,605.00
8.584646,981.2828,499.00
8.584646,981.3226,613.00
8.584646,981.3624,575.00
8.584646,981.4021,625.00
8.584646,981.4418,586.00
8.584646,981.4816,573.00
8.584646,981.5213,552.00
8.584646,981.5610,605.00
8.584646,981.6008,536.00
8.584646,981.6404,575.00
8.584646,981.6802,540.00
8.584646,981.7198,594.00
8.584646,981.7596,560.00
8.584646,981.7993,582.00
8.584646,981.8389,557.00
8.584646,981.8786,546.00
8.584646,981.9182,499.00
8.584646,981.9579,610.00
8.584646,981.9976,557.00
8.584646,982.0372,614.00
8.584646,982.0768,523.00
8.584646,982.1165,561.00
8.584646,982.1561,547.00
8.584646,982.1958,560.00
8.584646,982.2354,509.00
8.584646,982.2750,561.00
8.584646,982.3146,528.00
8.584646,982.3541,581.00
8.584646,982.3937,554.00
8.584646,982.4333,564.00
8.584646,982.4730,558.00
8.584646,982.5125,592.00
8.584646,982.5521,558.00
8.584646,982.5917,573.00
8.584646,982.6312,520.00
8.584646,982.6707,589.00
8.584646,982.7103,520.00
8.584646,982.7498,597.00
8.584646,982.7893,526.00
8.584646,982.8289,560.00
8.584646,982.8683,476.00
8.584646,982.9079,550.00
8.584646,982.9474,518.00
8.584646,982.9869,567.00
8.584646,983.0264,498.00
8.584646,983.0659,580.00
8.584646,983.1053,559.00
8.584646,983.1448,561.00
8.584646,983.1843,583.00
8.584646,983.2238,607.00
8.584646,983.2632,536.00
8.584646,983.3027,571.00
8.584646,983.3420,552.00
8.584646,983.3816,613.00
8.584646,983.4210,569.00
8.584646,983.4604,576.00
8.584646,983.4998,547.00
8.584646,983.5392,552.00
8.584646,983.5786,514.00
8.584646,983.6180,546.00
8.584646,983.6574,500.00
8.584646,983.6968,603.00
8.584646,983.7361,546.00
8.584646,983.7755,567.00
8.584646,983.8149,533.00
8.584646,983.8543,552.00
8.584646,983.8936,511.00
8.584646,983.9329,549.00
8.584646,983.9723,527.00
8.584646,984.0116,588.00
8.584646,984.0510,560.00
8.584646,984.0903,591.00
8.584646,984.1296,558.00
8.584646,984.1689,587.00
8.584646,984.2083,556.00
8.584646,984.2476,550.00
8.584646,984.2868,533.00
8.584646,984.3261,567.00
8.584646,984.3654,489.00
8.584646,984.4046,582.00
8.584646,984.4440,549.00
8.584646,984.4832,590.00
8.584646,984.5225,539.00
8.584646,984.5616,538.00
8.584646,984.6010,523.00
8.584646,984.6402,540.00
8.584646,984.6794,541.00
8.584646,984.7186,621.00
8.584646,984.7578,567.00
8.584646,984.7970,603.00
8.584646,984.8362,568.00
8.584646,984.8755,532.00
8.584646,984.9146,550.00
8.584646,984.9538,555.00
8.584646,984.9930,497.00
8.584646,985.0322,588.00
8.584646,985.0714,548.00
8.584646,985.1105,563.00
8.584646,985.1497,557.00
8.584646,985.1888,548.00
8.584646,985.2279,560.00
8.584646,985.2671,556.00
8.584646,985.3062,553.00
8.584646,985.3453,560.00
8.584646,985.3845,522.00
8.584646,985.4236,572.00
8.584646,985.4626,518.00
8.584646,985.5017,616.00
8.584646,985.5408,560.00
8.584646,985.5799,577.00
8.584646,985.6190,508.00
8.584646,985.6581,561.00
8.584646,985.6971,498.00
8.584646,985.7362,580.00
8.584646,985.7752,546.00
8.584646,985.8143,556.00
8.584646,985.8533,542.00
8.584646,985.8924,561.00
8.584646,985.9314,528.00
8.584646,985.9704,577.00
8.584646,986.0094,498.00
8.584646,986.0484,603.00
8.584646,986.0875,508.00
8.584646,986.1265,582.00
8.584646,986.1655,558.00
8.584646,986.2044,551.00
8.584646,986.2434,521.00
8.584646,986.2823,562.00
8.584646,986.3214,509.00
8.584646,986.3603,565.00
8.584646,986.3992,475.00
8.584646,986.4382,540.00
8.584646,986.4771,527.00
8.584646,986.5161,590.00
8.584646,986.5550,532.00
8.584646,986.5939,571.00
8.584646,986.6329,524.00
8.584646,986.6718,553.00
8.584646,986.7106,493.00
8.584646,986.7495,556.00
8.584646,986.7884,543.00
8.584646,986.8273,560.00
8.584646,986.8661,524.00
8.584646,986.9050,564.00
8.584646,986.9438,538.00
8.584646,986.9828,543.00
8.584646,987.0216,482.00
8.584646,987.0605,584.00
8.584646,987.0993,504.00
8.584646,987.1381,591.00
8.584646,987.1769,525.00
8.584646,987.2158,515.00
8.584646,987.2546,538.00
8.584646,987.2934,566.00
8.584646,987.3322,481.00
8.584646,987.3710,538.00
8.584646,987.4097,459.00
8.584646,987.4486,563.00
8.584646,987.4873,505.00
8.584646,987.5261,530.00
8.584646,987.5649,529.00
8.584646,987.6036,535.00
8.584646,987.6423,501.00
8.584646,987.6812,534.00
8.584646,987.7198,479.00
8.584646,987.7586,568.00
8.584646,987.7972,521.00
8.584646,987.8361,556.00
8.584646,987.8748,517.00
8.584646,987.9135,545.00
8.584646,987.9521,516.00
8.584646,987.9908,534.00
8.584646,988.0295,478.00
8.584646,988.0681,532.00
8.584646,988.1069,510.00
8.584646,988.1456,584.00
8.584646,988.1842,533.00
8.584646,988.2228,535.00
8.584646,988.2615,542.00
8.584646,988.3002,537.00
8.584646,988.3388,436.00
8.584646,988.3774,542.00
8.584646,988.4160,481.00
8.584646,988.4546,541.00
8.584646,988.4933,536.00
8.584646,988.5319,556.00
8.584646,988.5704,507.00
8.584646,988.6090,474.00
8.584646,988.6476,476.00
8.584646,988.6862,524.00
8.584646,988.7248,490.00
8.584646,988.7634,571.00
8.584646,988.8019,475.00
8.584646,988.8405,532.00
8.584646,988.8790,520.00
8.584646,988.9176,547.00
8.584646,988.9561,487.00
8.584646,988.9946,513.00
8.584646,989.0332,474.00
8.584646,989.0717,550.00
8.584646,989.1102,485.00
8.584646,989.1487,535.00
8.584646,989.1871,496.00
8.584646,989.2256,563.00
8.584646,989.2641,511.00
8.584646,989.3027,510.00
8.584646,989.3411,521.00
8.584646,989.3795,562.00
8.584646,989.4180,477.00
8.584646,989.4565,557.00
8.584646,989.4949,479.00
8.584646,989.5334,528.00
8.584646,989.5718,511.00
8.584646,989.6102,512.00
8.584646,989.6486,516.00
8.584646,989.6871,549.00
8.584646,989.7255,512.00
8.584646,989.7639,523.00
8.584646,989.8022,476.00
8.584646,989.8407,550.00
8.584646,989.8791,502.00
8.584646,989.9174,546.00
8.584646,989.9558,447.00
8.584646,989.9941,558.00
8.584646,990.0325,481.00
8.584646,990.0709,577.00
8.584646,990.1093,511.00
8.584646,990.1475,553.00
8.584646,990.1859,537.00
8.584646,990.2242,542.00
8.584646,990.2626,516.00
8.584646,990.3008,523.00
8.584646,990.3391,486.00
8.584646,990.3774,538.00
8.584646,990.4157,513.00
8.584646,990.4540,576.00
8.584646,990.4924,507.00
8.584646,990.5306,549.00
8.584646,990.5688,519.00
8.584646,990.6071,524.00
8.584646,990.6454,506.00
8.584646,990.6837,561.00
8.584646,990.7219,478.00
8.584646,990.7601,549.00
8.584646,990.7983,522.00
8.584646,990.8365,579.00
8.584646,990.8748,544.00
8.584646,990.9130,537.00
8.584646,990.9512,514.00
8.584646,990.9893,555.00
8.584646,991.0276,507.00
8.584646,991.0658,542.00
8.584646,991.1039,490.00
8.584646,991.1421,561.00
8.584646,991.1802,515.00
8.584646,991.2184,545.00
8.584646,991.2565,513.00
8.584646,991.2947,561.00
8.584646,991.3329,466.00
8.584646,991.3710,551.00
8.584646,991.4091,496.00
8.584646,991.4473,588.00
8.584646,991.4854,540.00
8.584646,991.5234,597.00
8.584646,991.5616,545.00
8.584646,991.5997,532.00
8.584646,991.6378,532.00
8.584646,991.6758,582.00
8.584646,991.7139,522.00
8.584646,991.7520,560.00
8.584646,991.7900,502.00
8.584646,991.8282,552.00
8.584646,991.8661,521.00
8.584646,991.9042,539.00
8.584646,991.9422,526.00
8.584646,991.9803,553.00
8.584646,992.0182,490.00
8.584646,992.0563,576.00
8.584646,992.0944,507.00
8.584646,992.1323,577.00
8.584646,992.1703,520.00
8.584646,992.2084,585.00
8.584646,992.2463,534.00
8.584646,992.2844,557.00
8.584646,992.3223,512.00
8.584646,992.3602,566.00
8.584646,992.3982,514.00
8.584646,992.4362,603.00
8.584646,992.4741,546.00
8.584646,992.5120,604.00
8.584646,992.5500,541.00
8.584646,992.5879,519.00
8.584646,992.6259,511.00
8.584646,992.6638,581.00
8.584646,992.7017,542.00
8.584646,992.7396,586.00
8.584646,992.7775,549.00
8.584646,992.8154,571.00
8.584646,992.8533,538.00
8.584646,992.8912,533.00
8.584646,992.9290,521.00
8.584646,992.9669,580.00
8.584646,993.0048,535.00
8.584646,993.0426,557.00
8.584646,993.0804,536.00
8.584646,993.1183,566.00
8.584646,993.1561,554.00
8.584646,993.1940,567.00
8.584646,993.2318,540.00
8.584646,993.2696,564.00
8.584646,993.3074,495.00
8.584646,993.3452,553.00
8.584646,993.3830,505.00
8.584646,993.4208,586.00
8.584646,993.4586,540.00
8.584646,993.4963,555.00
8.584646,993.5341,522.00
8.584646,993.5719,526.00
8.584646,993.6096,483.00
8.584646,993.6474,566.00
8.584646,993.6851,515.00
8.584646,993.7228,539.00
8.584646,993.7606,565.00
8.584646,993.7984,553.00
8.584646,993.8361,517.00
8.584646,993.8738,579.00
8.584646,993.9115,527.00
8.584646,993.9492,550.00
8.584646,993.9869,496.00
8.584646,994.0245,568.00
8.584646,994.0622,517.00
8.584646,994.0999,565.00
8.584646,994.1376,523.00
8.584646,994.1753,534.00
8.584646,994.2130,530.00
8.584646,994.2505,558.00
8.584646,994.2881,506.00
8.584646,994.3258,597.00
8.584646,994.3634,511.00
8.584646,994.4010,605.00
8.584646,994.4387,507.00
8.584646,994.4763,547.00
8.584646,994.5139,550.00
8.584646,994.5515,515.00
8.584646,994.5891,500.00
8.584646,994.6266,521.00
8.584646,994.6642,477.00
8.584646,994.7018,513.00
8.584646,994.7393,505.00
8.584646,994.7769,536.00
8.584646,994.8145,504.00
8.584646,994.8521,520.00
8.584646,994.8895,524.00
8.584646,994.9271,534.00
8.584646,994.9647,492.00
8.584646,995.0022,556.00
8.584646,995.0397,460.00
8.584646,995.0771,522.00
8.584646,995.1146,523.00
8.584646,995.1522,508.00
8.584646,995.1896,490.00
8.584646,995.2271,528.00
8.584646,995.2646,465.00
8.584646,995.3021,535.00
8.584646,995.3396,484.00
8.584646,995.3770,527.00
8.584646,995.4145,492.00
8.584646,995.4518,540.00
8.584646,995.4893,545.00
8.584646,995.5267,514.00
8.584646,995.5641,499.00
8.584646,995.6016,522.00
8.584646,995.6390,474.00
8.584646,995.6765,530.00
8.584646,995.7138,487.00
8.584646,995.7512,525.00
8.584646,995.7886,511.00
8.584646,995.8260,503.00
8.584646,995.8633,473.00
8.584646,995.9007,489.00
8.584646,995.9380,476.00
8.584646,995.9754,539.00
8.584646,996.0128,455.00
8.584646,996.0501,544.00
8.584646,996.0874,502.00
8.584646,996.1248,542.00
8.584646,996.1621,519.00
8.584646,996.1994,533.00
8.584646,996.2367,488.00
8.584646,996.2740,507.00
8.584646,996.3113,485.00
8.584646,996.3486,553.00
8.584646,996.3859,508.00
8.584646,996.4232,572.00
8.584646,996.4604,539.00
8.584646,996.4977,514.00
8.584646,996.5350,514.00
8.584646,996.5722,520.00
8.584646,996.6094,478.00
8.584646,996.6466,563.00
8.584646,996.6838,531.00
8.584646,996.7211,553.00
8.584646,996.7583,504.00
8.584646,996.7955,533.00
8.584646,996.8327,533.00
8.584646,996.8700,555.00
8.584646,996.9072,482.00
8.584646,996.9443,518.00
8.584646,996.9815,516.00
8.584646,997.0187,548.00
8.584646,997.0558,525.00
8.584646,997.0930,543.00
8.584646,997.1301,527.00
8.584646,997.1672,566.00
8.584646,997.2045,532.00
8.584646,997.2416,574.00
8.584646,997.2787,485.00
8.584646,997.3158,621.00
8.584646,997.3530,493.00
8.584646,997.3900,552.00
8.584646,997.4271,523.00
8.584646,997.4642,538.00
8.584646,997.5013,516.00
8.584646,997.5384,560.00
8.584646,997.5754,484.00
8.584646,997.6126,613.00
8.584646,997.6497,503.00
8.584646,997.6867,556.00
8.584646,997.7238,516.00
8.584646,997.7607,556.00
8.584646,997.7978,504.00
8.584646,997.8348,565.00
8.584646,997.8718,492.00
8.584646,997.9088,560.00
8.584646,997.9458,524.00
8.584646,997.9829,576.00
8.584646,998.0200,560.00
8.584646,998.0569,538.00
8.584646,998.0939,532.00
8.584646,998.1309,542.00
8.584646,998.1678,488.00
8.584646,998.2048,566.00
8.584646,998.2417,525.00
8.584646,998.2786,608.00
8.584646,998.3156,479.00
8.584646,998.3525,576.00
8.584646,998.3896,505.00
8.584646,998.4265,546.00
8.584646,998.4633,536.00
8.584646,998.5003,567.00
8.584646,998.5372,494.00
8.584646,998.5740,552.00
8.584646,998.6110,511.00
8.584646,998.6478,574.00
8.584646,998.6847,515.00
8.584646,998.7217,559.00
8.584646,998.7585,518.00
8.584646,998.7953,495.00
8.584646,998.8322,471.00
8.584646,998.8691,577.00
8.584646,998.9059,535.00
8.584646,998.9427,585.00
8.584646,998.9795,509.00
8.584646,999.0163,533.00
8.584646,999.0531,512.00
8.584646,999.0899,531.00
8.584646,999.1267,498.00
8.584646,999.1636,554.00
8.584646,999.2004,486.00
8.584646,999.2372,586.00
8.584646,999.2739,543.00
8.584646,999.3107,569.00
8.584646,999.3474,531.00
8.584646,999.3842,515.00
8.584646,999.4210,487.00
8.584646,999.4576,539.00
8.584646,999.4946,476.00
8.584646,999.5312,551.00
8.584646,999.5680,519.00
8.584646,999.6047,519.00
8.584646,999.6414,511.00
8.584646,999.6780,536.00
8.584646,999.7147,479.00
8.584646,999.7515,521.00
8.584646,999.7881,467.00
8.584646,999.8248,529.00
8.584646,999.8614,490.00
8.584646,999.8981,533.00
8.584646,999.9349,516.00
8.584646,999.9715,521.00
8.584646,1000.0081,506.00
8.584646,1000.0447,519.00
8.584646,1000.0814,510.00
8.584646,1000.1180,520.00
8.584646,1000.1546,470.00
8.584646,1000.1912,539.00
8.584646,1000.2278,481.00
8.584646,1000.2645,519.00
8.584646,1000.3011,524.00
8.584646,1000.3377,503.00
8.584646,1000.3742,491.00
8.584646,1000.4108,504.00
8.584646,1000.4474,467.00
8.584646,1000.4839,516.00
8.584646,1000.5204,463.00
8.584646,1000.5570,533.00
8.584646,1000.5935,464.00
8.584646,1000.6301,469.00
8.584646,1000.6667,448.00
8.584646,1000.7032,505.00
8.584646,1000.7397,446.00
8.584646,1000.7762,524.00
8.584646,1000.8127,432.00
8.584646,1000.8492,524.00
8.584646,1000.8857,492.00
8.584646,1000.9222,469.00
8.584646,1000.9586,510.00
8.584646,1000.9951,482.00
8.584646,1001.0316,450.00
8.584646,1001.0681,550.00
8.584646,1001.1046,440.00
8.584646,1001.1410,517.00
8.584646,1001.1774,479.00
8.584646,1001.2138,491.00
8.584646,1001.2502,495.00
8.584646,1001.2866,512.00
8.584646,1001.3230,504.00
8.584646,1001.3594,493.00
8.584646,1001.3958,475.00
8.584646,1001.4323,509.00
8.584646,1001.4687,478.00
8.584646,1001.5051,506.00
8.584646,1001.5414,536.00
8.584646,1001.5778,507.00
8.584646,1001.6141,474.00
8.584646,1001.6505,477.00
8.584646,1001.6868,447.00
8.584646,1001.7231,498.00
8.584646,1001.7596,433.00
8.584646,1001.7958,489.00
8.584646,1001.8322,456.00
8.584646,1001.8685,503.00
8.584646,1001.9048,465.00
8.584646,1001.9411,508.00
8.584646,1001.9774,478.00
8.584646,1002.0136,472.00
8.584646,1002.0499,461.00
8.584646,1002.0862,516.00
8.584646,1002.1224,452.00
8.584646,1002.1587,557.00
8.584646,1002.1951,460.00
8.584646,1002.2313,482.00
8.584646,1002.2675,480.00
8.584646,1002.3038,486.00
8.584646,1002.3400,486.00
8.584646,1002.3762,510.00
8.584646,1002.4124,487.00
8.584646,1002.4486,546.00
8.584646,1002.4848,483.00
8.584646,1002.5211,535.00
8.584646,1002.5573,475.00
8.584646,1002.5934,525.00
8.584646,1002.6296,493.00
8.584646,1002.6657,525.00
8.584646,1002.7019,443.00
8.584646,1002.7380,511.00
8.584646,1002.7742,506.00
8.584646,1002.8104,518.00
8.584646,1002.8464,466.00
8.584646,1002.8826,521.00
8.584646,1002.9187,439.00
8.584646,1002.9549,495.00
8.584646,1002.9910,459.00
8.584646,1003.0271,569.00
8.584646,1003.0632,466.00
8.584646,1003.0992,541.00
8.584646,1003.1354,475.00
8.584646,1003.1714,485.00
8.584646,1003.2075,510.00
8.584646,1003.2435,503.00
8.584646,1003.2797,462.00
8.584646,1003.3157,547.00
8.584646,1003.3518,498.00
8.584646,1003.3878,541.00
8.584646,1003.4238,501.00
8.584646,1003.4598,525.00
8.584646,1003.4958,497.00
8.584646,1003.5319,497.00
8.584646,1003.5678,480.00
8.584646,1003.6039,542.00
8.584646,1003.6398,474.00
8.584646,1003.6759,532.00
8.584646,1003.7119,502.00
8.584646,1003.7479,518.00
8.584646,1003.7838,513.00
8.584646,1003.8198,505.00
8.584646,1003.8557,466.00
8.584646,1003.8917,521.00
8.584646,1003.9276,437.00
8.584646,1003.9635,528.00
8.584646,1003.9995,456.00
8.584646,1004.0354,515.00
8.584646,1004.0714,480.00
8.584646,1004.1072,486.00
8.584646,1004.1431,478.00
8.584646,1004.1790,500.00
8.584646,1004.2149,453.00
8.584646,1004.2508,560.00
8.584646,1004.2866,475.00
8.584646,1004.3225,535.00
8.584646,1004.3583,490.00
8.584646,1004.3942,496.00
8.584646,1004.4302,476.00
8.584646,1004.4660,487.00
8.584646,1004.5018,455.00
8.584646,1004.5376,491.00
8.584646,1004.5734,470.00
8.584646,1004.6093,508.00
8.584646,1004.6450,483.00
8.584646,1004.6808,531.00
8.584646,1004.7166,507.00
8.584646,1004.7525,513.00
8.584646,1004.7883,446.00
8.584646,1004.8240,529.00
8.584646,1004.8598,471.00
8.584646,1004.8956,537.00
8.584646,1004.9313,474.00
8.584646,1004.9670,535.00
8.584646,1005.0027,480.00
8.584646,1005.0385,481.00
8.584646,1005.0742,500.00
8.584646,1005.1099,533.00
8.584646,1005.1456,469.00
8.584646,1005.1815,508.00
8.584646,1005.2172,472.00
8.584646,1005.2529,502.00
8.584646,1005.2885,520.00
8.584646,1005.3242,520.00
8.584646,1005.3599,486.00
8.584646,1005.3955,516.00
8.584646,1005.4312,471.00
8.584646,1005.4669,530.00
8.584646,1005.5026,468.00
8.584646,1005.5382,561.00
8.584646,1005.5739,530.00
8.584646,1005.6095,497.00
8.584646,1005.6451,505.00
8.584646,1005.6807,496.00
8.584646,1005.7162,488.00
8.584646,1005.7519,487.00
8.584646,1005.7875,486.00
8.584646,1005.8231,552.00
8.584646,1005.8586,460.00
8.584646,1005.8942,538.00
8.584646,1005.9299,491.00
8.584646,1005.9655,523.00
8.584646,1006.0010,510.00
8.584646,1006.0365,512.00
8.584646,1006.0720,499.00
8.584646,1006.1076,523.00
8.584646,1006.1431,499.00
8.584646,1006.1786,551.00
8.584646,1006.2141,520.00
8.584646,1006.2498,535.00
8.584646,1006.2853,519.00
8.584646,1006.3207,517.00
8.584646,1006.3563,499.00
8.584646,1006.3917,554.00
8.584646,1006.4272,503.00
8.584646,1006.4626,565.00
8.584646,1006.4981,502.00
8.584646,1006.5335,545.00
8.584646,1006.5690,537.00
8.584646,1006.6044,527.00
8.584646,1006.6400,492.00
8.584646,1006.6754,551.00
8.584646,1006.7108,472.00
8.584646,1006.7462,556.00
8.584646,1006.7816,487.00
8.584646,1006.8170,556.00
8.584646,1006.8524,503.00
8.584646,1006.8878,538.00
8.584646,1006.9232,524.00
8.584646,1006.9586,555.00
8.584646,1006.9940,492.00
8.584646,1007.0294,523.00
8.584646,1007.0648,499.00
8.584646,1007.1001,566.00
8.584646,1007.1354,523.00
8.584646,1007.1707,554.00
8.584646,1007.2061,537.00
8.584646,1007.2414,549.00
8.584646,1007.2767,499.00
8.584646,1007.3120,561.00
8.584646,1007.3473,475.00
8.584646,1007.3827,562.00
8.584646,1007.4180,538.00
8.584646,1007.4532,561.00
8.584646,1007.4885,504.00
8.584646,1007.5238,515.00
8.584646,1007.5590,523.00
8.584646,1007.5943,563.00
8.584646,1007.6295,472.00
8.584646,1007.6648,590.00
8.584646,1007.7001,523.00
8.584646,1007.7354,547.00
8.584646,1007.7706,533.00
8.584646,1007.8058,540.00
8.584646,1007.8410,523.00
8.584646,1007.8762,545.00
8.584646,1007.9114,479.00
8.584646,1007.9465,534.00
8.584646,1007.9818,520.00
8.584646,1008.0169,545.00
8.584646,1008.0521,502.00
8.584646,1008.0873,583.00
8.584646,1008.1226,501.00
8.584646,1008.1576,502.00
8.584646,1008.1927,488.00
8.584646,1008.2279,521.00
8.584646,1008.2631,457.00
8.584646,1008.2982,554.00
8.584646,1008.3333,525.00
8.584646,1008.3683,536.00
8.584646,1008.4034,552.00
8.584646,1008.4387,510.00
8.584646,1008.4738,503.00
8.584646,1008.5089,524.00
8.584646,1008.5439,480.00
8.584646,1008.5790,584.00
8.584646,1008.6141,475.00
8.584646,1008.6491,515.00
8.584646,1008.6841,492.00
8.584646,1008.7192,494.00
8.584646,1008.7542,486.00
8.584646,1008.7892,501.00
8.584646,1008.8243,491.00
8.584646,1008.8594,548.00
8.584646,1008.8943,483.00
8.584646,1008.9294,535.00
8.584646,1008.9644,508.00
8.584646,1008.9994,511.00
8.584646,1009.0344,504.00
8.584646,1009.0693,509.00
8.584646,1009.1043,495.00
8.584646,1009.1392,582.00
8.584646,1009.1743,453.00
8.584646,1009.2093,520.00
8.584646,1009.2442,512.00
8.584646,1009.2792,543.00
8.584646,1009.3141,489.00
8.584646,1009.3489,508.00
8.584646,1009.3839,456.00
8.584646,1009.4188,508.00
8.584646,1009.4537,475.00
8.584646,1009.4886,582.00
8.584646,1009.5235,506.00
8.584646,1009.5585,522.00
8.584646,1009.5933,494.00
8.584646,1009.6282,501.00
8.584646,1009.6631,485.00
8.584646,1009.6979,531.00
8.584646,1009.7327,447.00
8.584646,1009.7676,511.00
8.584646,1009.8024,448.00
8.584646,1009.8372,526.00
8.584646,1009.8721,463.00
8.584646,1009.9070,529.00
8.584646,1009.9418,463.00
8.584646,1009.9766,500.00
8.584646,1010.0115,461.00
8.584646,1010.0462,513.00
8.584646,1010.0810,462.00
8.584646,1010.1158,535.00
8.584646,1010.1505,504.00
8.584646,1010.1853,514.00
8.584646,1010.2200,504.00
8.584646,1010.2548,501.00
8.584646,1010.2897,441.00
8.584646,1010.3244,522.00
8.584646,1010.3591,483.00
8.584646,1010.3938,532.00
8.584646,1010.4285,524.00
8.584646,1010.4633,538.00
8.584646,1010.4980,501.00
8.584646,1010.5326,465.00
8.584646,1010.5673,472.00
8.584646,1010.6021,498.00
8.584646,1010.6368,479.00
8.584646,1010.6714,510.00
8.584646,1010.7061,450.00
8.584646,1010.7408,528.00
8.584646,1010.7754,455.00
8.584646,1010.8101,517.00
8.584646,1010.8447,481.00
8.584646,1010.8793,505.00
8.584646,1010.9139,462.00
8.584646,1010.9485,527.00
8.584646,1010.9832,440.00
8.584646,1011.0178,550.00
8.584646,1011.0525,468.00
8.584646,1011.0870,521.00
8.584646,1011.1216,469.00
8.584646,1011.1562,518.00
8.584646,1011.1907,485.00
8.584646,1011.2253,550.00
8.584646,1011.2599,450.00
8.584646,1011.2944,510.00
8.584646,1011.3291,453.00
8.584646,1011.3636,536.00
8.584646,1011.3981,461.00
8.584646,1011.4326,497.00
8.584646,1011.4672,499.00
8.584646,1011.5016,484.00
8.584646,1011.5362,462.00
8.584646,1011.5706,516.00
8.584646,1011.6052,442.00
8.584646,1011.6396,509.00
8.584646,1011.6741,452.00
8.584646,1011.7086,525.00
8.584646,1011.7431,494.00
8.584646,1011.7776,523.00
8.584646,1011.8120,472.00
8.584646,1011.8465,554.00
8.584646,1011.8809,436.00
8.584646,1011.9153,513.00
8.584646,1011.9498,471.00
8.584646,1011.9842,492.00
8.584646,1012.0186,463.00
8.584646,1012.0531,488.00
8.584646,1012.0875,488.00
8.584646,1012.1219,517.00
8.584646,1012.1562,460.00
8.584646,1012.1906,487.00
8.584646,1012.2250,436.00
8.584646,1012.2593,526.00
8.584646,1012.2937,488.00
8.584646,1012.3281,492.00
8.584646,1012.3624,445.00
8.584646,1012.3967,492.00
8.584646,1012.4310,431.00
8.584646,1012.4655,504.00
8.584646,1012.4998,464.00
8.584646,1012.5341,532.00
8.584646,1012.5684,474.00
8.584646,1012.6027,523.00
8.584646,1012.6370,488.00
8.584646,1012.6712,502.00
8.584646,1012.7055,470.00
8.584646,1012.7398,519.00
8.584646,1012.7742,433.00
8.584646,1012.8084,488.00
8.584646,1012.8427,455.00
8.584646,1012.8769,477.00
8.584646,1012.9111,491.00
8.584646,1012.9454,480.00
8.584646,1012.9796,494.00
8.584646,1013.0138,489.00
8.584646,1013.0480,412.00
8.584646,1013.0822,527.00
8.584646,1013.1164,464.00
8.584646,1013.1506,531.00
8.584646,1013.1848,472.00
8.584646,1013.2190,502.00
8.584646,1013.2532,487.00
8.584646,1013.2873,500.00
8.584646,1013.3215,461.00
8.584646,1013.3556,512.00
8.584646,1013.3898,459.00
8.584646,1013.4239,519.00
8.584646,1013.4581,482.00
8.584646,1013.4923,492.00
8.584646,1013.5264,488.00
8.584646,1013.5605,485.00
8.584646,1013.5946,475.00
8.584646,1013.6287,519.00
8.584646,1013.6627,464.00
8.584646,1013.6968,520.00
8.584646,1013.7309,464.00
8.584646,1013.7650,481.00
8.584646,1013.7990,487.00
8.584646,1013.8331,494.00
8.584646,1013.8672,462.00
8.584646,1013.9012,488.00
8.584646,1013.9353,448.00
8.584646,1013.9693,501.00
8.584646,1014.0033,471.00
8.584646,1014.0374,519.00
8.584646,1014.0714,500.00
8.584646,1014.1053,532.00
8.584646,1014.1393,508.00
8.584646,1014.1734,517.00
8.584646,1014.2074,469.00
8.584646,1014.2413,520.00
8.584646,1014.2753,500.00
8.584646,1014.3093,528.00
8.584646,1014.3433,488.00
8.584646,1014.3772,548.00
8.584646,1014.4111,526.00
8.584646,1014.4451,524.00
8.584646,1014.4790,484.00
8.584646,1014.5129,514.00
8.584646,1014.5468,472.00
8.584646,1014.5808,537.00
8.584646,1014.6147,488.00
8.584646,1014.6486,544.00
8.584646,1014.6825,501.00
8.584646,1014.7164,516.00
8.584646,1014.7502,476.00
8.584646,1014.7841,528.00
8.584646,1014.8180,514.00
8.584646,1014.8518,532.00
8.584646,1014.8858,468.00
8.584646,1014.9196,538.00
8.584646,1014.9534,482.00
8.584646,1014.9872,527.00
8.584646,1015.0211,542.00
8.584646,1015.0549,506.00
8.584646,1015.0887,471.00
8.584646,1015.1224,543.00
8.584646,1015.1562,497.00
8.584646,1015.1900,555.00
8.584646,1015.2238,511.00
8.584646,1015.2575,535.00
8.584646,1015.2914,519.00
8.584646,1015.3252,526.00
8.584646,1015.3589,485.00
8.584646,1015.3927,483.00
8.584646,1015.4265,503.00
8.584646,1015.4601,567.00
8.584646,1015.4938,503.00
8.584646,1015.5276,570.00
8.584646,1015.5613,525.00
8.584646,1015.5952,555.00
8.584646,1015.6288,499.00
8.584646,1015.6625,543.00
8.584646,1015.6962,469.00
8.584646,1015.7299,564.00
8.584646,1015.7635,483.00
8.584646,1015.7972,555.00
8.584646,1015.8308,535.00
8.584646,1015.8645,530.00
8.584646,1015.8981,528.00
8.584646,1015.9317,539.00
8.584646,1015.9655,511.00
8.584646,1015.9991,549.00
8.584646,1016.0327,475.00
8.584646,1016.0663,554.00
8.584646,1016.0999,525.00
8.584646,1016.1335,543.00
8.584646,1016.1671,526.00
8.584646,1016.2006,497.00
8.584646,1016.2342,487.00
8.584646,1016.2679,546.00
8.584646,1016.3015,489.00
8.584646,1016.3350,567.00
8.584646,1016.3686,498.00
8.584646,1016.4021,549.00
8.584646,1016.4357,529.00
8.584646,1016.4691,548.00
8.584646,1016.5027,511.00
8.584646,1016.5362,557.00
8.584646,1016.5696,464.00
8.584646,1016.6032,562.00
8.584646,1016.6367,508.00
8.584646,1016.6703,563.00
8.584646,1016.7038,526.00
8.584646,1016.7372,506.00
8.584646,1016.7707,507.00
8.584646,1016.8041,538.00
8.584646,1016.8376,523.00
8.584646,1016.8710,539.00
8.584646,1016.9045,507.00
8.584646,1016.9379,559.00
8.584646,1016.9715,491.00
8.584646,1017.0049,543.00
8.584646,1017.0383,575.00
8.584646,1017.0717,495.00
8.584646,1017.1050,483.00
8.584646,1017.1384,539.00
8.584646,1017.1718,461.00
8.584646,1017.2052,549.00
8.584646,1017.2386,481.00
8.584646,1017.2720,531.00
8.584646,1017.3053,567.00
8.584646,1017.3387,534.00
8.584646,1017.3721,482.00
8.584646,1017.4054,532.00
8.584646,1017.4388,467.00
8.584646,1017.4721,537.00
8.584646,1017.5054,511.00
8.584646,1017.5387,571.00
8.584646,1017.5720,542.00
8.584646,1017.6053,507.00
8.584646,1017.6386,542.00
8.584646,1017.6720,523.00
8.584646,1017.7053,507.00
8.584646,1017.7385,559.00
8.584646,1017.7717,491.00
8.584646,1017.8051,583.00
8.584646,1017.8383,527.00
8.584646,1017.8715,583.00
8.584646,1017.9048,549.00
8.584646,1017.9380,533.00
8.584646,1017.9712,545.00
8.584646,1018.0044,557.00
8.584646,1018.0376,481.00
8.584646,1018.0709,588.00
8.584646,1018.1041,510.00
8.584646,1018.1373,572.00
8.584646,1018.1705,534.00
8.584646,1018.2037,524.00
8.584646,1018.2368,520.00
8.584646,1018.2700,531.00
8.584646,1018.3032,520.00
8.584646,1018.3363,583.00
8.584646,1018.3695,490.00
8.584646,1018.4026,582.00
8.584646,1018.4358,567.00
8.584646,1018.4689,550.00
8.584646,1018.5020,567.00
8.584646,1018.5352,559.00
8.584646,1018.5682,523.00
8.584646,1018.6013,555.00
8.584646,1018.6343,537.00
8.584646,1018.6675,581.00
8.584646,1018.7006,497.00
8.584646,1018.7337,579.00
8.584646,1018.7668,583.00
8.584646,1018.7998,550.00
8.584646,1018.8328,536.00
8.584646,1018.8658,550.00
8.584646,1018.8989,513.00
8.584646,1018.9319,577.00
8.584646,1018.9650,511.00
8.584646,1018.9980,574.00
8.584646,1019.0311,571.00
8.584646,1019.0641,592.00
8.584646,1019.0970,522.00
8.584646,1019.1301,569.00
8.584646,1019.1631,511.00
8.584646,1019.1960,579.00
8.584646,1019.2289,498.00
8.584646,1019.2618,591.00
8.584646,1019.2949,546.00
8.584646,1019.3278,567.00
8.584646,1019.3607,537.00
8.584646,1019.3936,529.00
8.584646,1019.4268,449.00
8.584646,1019.4596,573.00
8.584646,1019.4925,501.00
8.584646,1019.5255,544.00
8.584646,1019.5583,524.00
8.584646,1019.5912,574.00
8.584646,1019.6240,532.00
8.584646,1019.6569,546.00
8.584646,1019.6898,514.00
8.584646,1019.7227,524.00
8.584646,1019.7556,449.00
8.584646,1019.7885,552.00
8.584646,1019.8213,527.00
8.584646,1019.8541,581.00
8.584646,1019.8870,504.00
8.584646,1019.9198,526.00
8.584646,1019.9525,548.00
8.584646,1019.9854,539.00
8.584646,1020.0182,498.00
8.584646,1020.0509,582.00
8.584646,1020.0837,513.00
8.584646,1020.1167,576.00
8.584646,1020.1494,541.00
8.584646,1020.1823,535.00
8.584646,1020.2149,519.00
8.584646,1020.2477,530.00
8.584646,1020.2805,494.00
8.584646,1020.3132,524.00
8.584646,1020.3459,503.00
8.584646,1020.3787,569.00
8.584646,1020.4114,495.00
8.584646,1020.4442,523.00
8.584646,1020.4768,532.00
8.584646,1020.5096,533.00
8.584646,1020.5423,496.00
8.584646,1020.5750,555.00
8.584646,1020.6077,467.00
8.584646,1020.6403,562.00
8.584646,1020.6730,486.00
8.584646,1020.7055,560.00
8.584646,1020.7382,499.00
8.584646,1020.7709,513.00
8.584646,1020.8036,461.00
8.584646,1020.8363,493.00
8.584646,1020.8688,436.00
8.584646,1020.9015,513.00
8.584646,1020.9341,460.00
8.584646,1020.9667,544.00
8.584646,1020.9993,498.00
8.584646,1021.0319,508.00
8.584646,1021.0645,514.00
8.584646,1021.0971,532.00
8.584646,1021.1298,480.00
8.584646,1021.1623,535.00
8.584646,1021.1948,470.00
8.584646,1021.2273,553.00
8.584646,1021.2599,500.00
8.584646,1021.2924,524.00
8.584646,1021.3250,481.00
8.584646,1021.3574,521.00
8.584646,1021.3900,474.00
8.584646,1021.4224,540.00
8.584646,1021.4550,438.00
8.584646,1021.4875,496.00
8.584646,1021.5200,470.00
8.584646,1021.5525,509.00
8.584646,1021.5850,482.00
8.584646,1021.6175,507.00
8.584646,1021.6500,462.00
8.584646,1021.6823,535.00
8.584646,1021.7148,488.00
8.584646,1021.7474,531.00
8.584646,1021.7797,517.00
8.584646,1021.8122,541.00
8.584646,1021.8445,511.00
8.584646,1021.8770,554.00
8.584646,1021.9095,509.00
8.584646,1021.9418,514.00
8.584646,1021.9741,468.00
8.584646,1022.0066,501.00
8.584646,1022.0389,463.00
8.584646,1022.0713,566.00
8.584646,1022.1037,469.00
8.584646,1022.1362,598.00
8.584646,1022.1685,528.00
8.584646,1022.2008,549.00
8.584646,1022.2332,489.00
8.584646,1022.2654,516.00
8.584646,1022.2977,509.00
8.584646,1022.3301,566.00
8.584646,1022.3624,492.00
8.584646,1022.3947,578.00
8.584646,1022.4271,512.00
8.584646,1022.4594,506.00
8.584646,1022.4917,533.00
8.584646,1022.5239,522.00
8.584646,1022.5562,507.00
8.584646,1022.5885,544.00
8.584646,1022.6207,487.00
8.584646,1022.6530,554.00
8.584646,1022.6852,537.00
8.584646,1022.7174,539.00
8.584646,1022.7497,506.00
8.584646,1022.7819,525.00
8.584646,1022.8142,491.00
8.584646,1022.8464,534.00
8.584646,1022.8785,477.00
8.584646,1022.9108,543.00
8.584646,1022.9429,520.00
8.584646,1022.9751,547.00
8.584646,1023.0073,515.00
8.584646,1023.0394,484.00
8.584646,1023.0717,487.00
8.584646,1023.1039,544.00
8.584646,1023.1360,461.00
8.584646,1023.1682,533.00
8.584646,1023.2003,484.00
8.584646,1023.2324,529.00
8.584646,1023.2644,514.00
8.584646,1023.2966,538.00
8.584646,1023.3287,466.00
8.584646,1023.3608,502.00
8.584646,1023.3929,486.00
8.584646,1023.4249,523.00
8.584646,1023.4570,459.00
8.584646,1023.4893,535.00
8.584646,1023.5212,491.00
8.584646,1023.5533,507.00
8.584646,1023.5853,503.00
8.584646,1023.6174,519.00
8.584646,1023.6494,485.00
8.584646,1023.6813,501.00
8.584646,1023.7134,431.00
8.584646,1023.7454,523.00
8.584646,1023.7775,503.00
8.584646,1023.8096,516.00
8.584646,1023.8416,502.00
8.584646,1023.8735,497.00
8.584646,1023.9055,487.00
8.584646,1023.9374,499.00
8.584646,1023.9694,440.00
8.584646,1024.0013,549.00
8.584646,1024.0333,480.00
8.584646,1024.0652,523.00
8.584646,1024.0972,495.00
8.584646,1024.1293,530.00
8.584646,1024.1611,466.00
8.584646,1024.1931,542.00
8.584646,1024.2250,459.00
8.584646,1024.2568,503.00
8.584646,1024.2888,431.00
8.584646,1024.3206,531.00
8.584646,1024.3525,489.00
8.584646,1024.3843,501.00
8.584646,1024.4164,475.00
8.584646,1024.4481,493.00
8.584646,1024.4801,449.00
8.584646,1024.5118,516.00
8.584646,1024.5438,466.00
8.584646,1024.5756,517.00
8.584646,1024.6074,480.00
8.584646,1024.6393,522.00
8.584646,1024.6710,542.00
8.584646,1024.7029,497.00
8.584646,1024.7346,476.00
8.584646,1024.7664,512.00
8.584646,1024.7982,461.00
8.584646,1024.8301,541.00
8.584646,1024.8618,470.00
8.584646,1024.8936,502.00
8.584646,1024.9253,462.00
8.584646,1024.9572,526.00
8.584646,1024.9889,510.00
8.584646,1025.0206,519.00
8.584646,1025.0522,433.00
8.584646,1025.0841,513.00
8.584646,1025.1158,471.00
8.584646,1025.1475,495.00
8.584646,1025.1792,463.00
8.584646,1025.2109,496.00
8.584646,1025.2426,480.00
8.584646,1025.2743,523.00
8.584646,1025.3059,519.00
8.584646,1025.3376,527.00
8.584646,1025.3693,440.00
8.584646,1025.4009,550.00
8.584646,1025.4326,481.00
8.584646,1025.4644,561.00
8.584646,1025.4960,519.00
8.584646,1025.5276,494.00
8.584646,1025.5592,517.00
8.584646,1025.5908,536.00
8.584646,1025.6224,496.00
8.584646,1025.6541,547.00
8.584646,1025.6857,503.00
8.584646,1025.7172,554.00
8.584646,1025.7489,532.00
8.584646,1025.7804,560.00
8.584646,1025.8120,527.00
8.584646,1025.8435,541.00
8.584646,1025.8751,505.00
8.584646,1025.9066,552.00
8.584646,1025.9381,488.00
8.584646,1025.9697,551.00
8.584646,1026.0012,520.00
8.584646,1026.0327,560.00
8.584646,1026.0642,476.00
