# Point:,31
# Setpoint:,1.57818182
# Voltage_V:,1.57818182
# Current_A:,0.007628
# Spectrum_Time_s:,5.470639
# Step_Start_s:,5.389205
# Step_End_s:,5.560219
# Spectrum_Duration_ms:,78.541
# Peak_Wavelength_nm:,927.27
# Peak_Intensity:,2084.0
# Avg_Intensity:,605.3
# Num_Pixels:,4094
# NOTE: All wavelengths are captured simultaneously in one CCD exposure
#       The Relative_Time_s column shows when this entire spectrum was acquired

Relative_Time_s,Wavelength_nm,Intensity
5.470639,845.4307,574.00
5.470639,845.4858,522.00
5.470639,845.5410,564.00
5.470639,845.5963,509.00
5.470639,845.6514,568.00
5.470639,845.7065,501.00
5.470639,845.7617,535.00
5.470639,845.8168,466.00
5.470639,845.8721,544.00
5.470639,845.9272,510.00
5.470639,845.9823,536.00
5.470639,846.0374,501.00
5.470639,846.0926,513.00
5.470639,846.1478,526.00
5.470639,846.2029,553.00
5.470639,846.2579,496.00
5.470639,846.3130,562.00
5.470639,846.3682,458.00
5.470639,846.4233,579.00
5.470639,846.4784,482.00
5.470639,846.5335,560.00
5.470639,846.5886,535.00
5.470639,846.6437,537.00
5.470639,846.6987,503.00
5.470639,846.7538,579.00
5.470639,846.8089,500.00
5.470639,846.8640,569.00
5.470639,846.9190,486.00
5.470639,846.9741,569.00
5.470639,847.0292,541.00
5.470639,847.0842,562.00
5.470639,847.1392,534.00
5.470639,847.1943,557.00
5.470639,847.2493,482.00
5.470639,847.3044,564.00
5.470639,847.3594,501.00
5.470639,847.4144,567.00
5.470639,847.4694,546.00
5.470639,847.5244,551.00
5.470639,847.5795,516.00
5.470639,847.6345,576.00
5.470639,847.6895,519.00
5.470639,847.7444,581.00
5.470639,847.7994,499.00
5.470639,847.8544,580.00
5.470639,847.9094,544.00
5.470639,847.9644,583.00
5.470639,848.0193,542.00
5.470639,848.0743,565.00
5.470639,848.1293,534.00
5.470639,848.1843,602.00
5.470639,848.2392,547.00
5.470639,848.2941,571.00
5.470639,848.3491,576.00
5.470639,848.4040,583.00
5.470639,848.4590,571.00
5.470639,848.5139,577.00
5.470639,848.5688,491.00
5.470639,848.6237,594.00
5.470639,848.6786,521.00
5.470639,848.7336,601.00
5.470639,848.7885,564.00
5.470639,848.8434,597.00
5.470639,848.8983,579.00
5.470639,848.9531,566.00
5.470639,849.0081,556.00
5.470639,849.0630,572.00
5.470639,849.1178,538.00
5.470639,849.1727,603.00
5.470639,849.2275,557.00
5.470639,849.2823,646.00
5.470639,849.3373,538.00
5.470639,849.3921,587.00
5.470639,849.4470,549.00
5.470639,849.5018,562.00
5.470639,849.5566,509.00
5.470639,849.6115,603.00
5.470639,849.6663,527.00
5.470639,849.7211,598.00
5.470639,849.7759,563.00
5.470639,849.8307,606.00
5.470639,849.8856,551.00
5.470639,849.9404,605.00
5.470639,849.9952,545.00
5.470639,850.0500,579.00
5.470639,850.1048,509.00
5.470639,850.1596,617.00
5.470639,850.2144,526.00
5.470639,850.2692,616.00
5.470639,850.3239,563.00
5.470639,850.3787,588.00
5.470639,850.4335,574.00
5.470639,850.4882,607.00
5.470639,850.5430,550.00
5.470639,850.5977,605.00
5.470639,850.6525,524.00
5.470639,850.7072,611.00
5.470639,850.7620,545.00
5.470639,850.8167,625.00
5.470639,850.8715,602.00
5.470639,850.9261,584.00
5.470639,850.9808,487.00
5.470639,851.0356,594.00
5.470639,851.0903,570.00
5.470639,851.1450,625.00
5.470639,851.1996,560.00
5.470639,851.2543,627.00
5.470639,851.3091,575.00
5.470639,851.3638,591.00
5.470639,851.4185,554.00
5.470639,851.4731,642.00
5.470639,851.5278,545.00
5.470639,851.5825,649.00
5.470639,851.6371,577.00
5.470639,851.6918,647.00
5.470639,851.7465,609.00
5.470639,851.8011,632.00
5.470639,851.8558,576.00
5.470639,851.9103,602.00
5.470639,851.9650,563.00
5.470639,852.0196,650.00
5.470639,852.0742,582.00
5.470639,852.1289,610.00
5.470639,852.1835,557.00
5.470639,852.2381,679.00
5.470639,852.2927,633.00
5.470639,852.3473,653.00
5.470639,852.4019,629.00
5.470639,852.4565,670.00
5.470639,852.5111,609.00
5.470639,852.5657,640.00
5.470639,852.6202,602.00
5.470639,852.6747,622.00
5.470639,852.7294,613.00
5.470639,852.7839,672.00
5.470639,852.8385,612.00
5.470639,852.8930,657.00
5.470639,852.9476,587.00
5.470639,853.0022,642.00
5.470639,853.0567,616.00
5.470639,853.1112,680.00
5.470639,853.1658,624.00
5.470639,853.2203,669.00
5.470639,853.2748,627.00
5.470639,853.3293,674.00
5.470639,853.3838,612.00
5.470639,853.4383,666.00
5.470639,853.4928,628.00
5.470639,853.5474,659.00
5.470639,853.6019,645.00
5.470639,853.6563,696.00
5.470639,853.7108,639.00
5.470639,853.7653,650.00
5.470639,853.8198,591.00
5.470639,853.8742,644.00
5.470639,853.9286,650.00
5.470639,853.9832,653.00
5.470639,854.0376,625.00
5.470639,854.0920,711.00
5.470639,854.1465,672.00
5.470639,854.2010,661.00
5.470639,854.2554,614.00
5.470639,854.3098,660.00
5.470639,854.3642,585.00
5.470639,854.4186,678.00
5.470639,854.4731,624.00
5.470639,854.5275,689.00
5.470639,854.5819,618.00
5.470639,854.6363,682.00
5.470639,854.6907,621.00
5.470639,854.7451,640.00
5.470639,854.7994,596.00
5.470639,854.8538,659.00
5.470639,854.9082,619.00
5.470639,854.9626,708.00
5.470639,855.0170,620.00
5.470639,855.0714,668.00
5.470639,855.1257,631.00
5.470639,855.1800,629.00
5.470639,855.2344,642.00
5.470639,855.2888,674.00
5.470639,855.3431,618.00
5.470639,855.3975,667.00
5.470639,855.4518,598.00
5.470639,855.5060,683.00
5.470639,855.5604,639.00
5.470639,855.6147,643.00
5.470639,855.6691,639.00
5.470639,855.7233,619.00
5.470639,855.7776,607.00
5.470639,855.8320,713.00
5.470639,855.8862,599.00
5.470639,855.9406,697.00
5.470639,855.9948,629.00
5.470639,856.0491,713.00
5.470639,856.1035,636.00
5.470639,856.1577,667.00
5.470639,856.2119,632.00
5.470639,856.2662,632.00
5.470639,856.3204,596.00
5.470639,856.3748,722.00
5.470639,856.4290,645.00
5.470639,856.4832,690.00
5.470639,856.5374,648.00
5.470639,856.5916,682.00
5.470639,856.6459,615.00
5.470639,856.7001,694.00
5.470639,856.7543,603.00
5.470639,856.8085,682.00
5.470639,856.8627,627.00
5.470639,856.9169,679.00
5.470639,856.9712,647.00
5.470639,857.0253,673.00
5.470639,857.0795,627.00
5.470639,857.1337,653.00
5.470639,857.1879,615.00
5.470639,857.2421,673.00
5.470639,857.2962,622.00
5.470639,857.3504,673.00
5.470639,857.4045,666.00
5.470639,857.4587,671.00
5.470639,857.5129,680.00
5.470639,857.5670,673.00
5.470639,857.6212,638.00
5.470639,857.6753,685.00
5.470639,857.7294,609.00
5.470639,857.7836,660.00
5.470639,857.8377,650.00
5.470639,857.8918,701.00
5.470639,857.9459,674.00
5.470639,858.0000,662.00
5.470639,858.0541,642.00
5.470639,858.1082,707.00
5.470639,858.1624,618.00
5.470639,858.2164,689.00
5.470639,858.2704,639.00
5.470639,858.3245,689.00
5.470639,858.3787,657.00
5.470639,858.4327,677.00
5.470639,858.4868,664.00
5.470639,858.5408,685.00
5.470639,858.5949,660.00
5.470639,858.6489,682.00
5.470639,858.7030,622.00
5.470639,858.7570,708.00
5.470639,858.8110,670.00
5.470639,858.8651,666.00
5.470639,858.9192,687.00
5.470639,858.9732,673.00
5.470639,859.0272,660.00
5.470639,859.0812,699.00
5.470639,859.1352,617.00
5.470639,859.1892,679.00
5.470639,859.2432,620.00
5.470639,859.2972,686.00
5.470639,859.3512,683.00
5.470639,859.4052,688.00
5.470639,859.4592,639.00
5.470639,859.5132,644.00
5.470639,859.5671,603.00
5.470639,859.6210,665.00
5.470639,859.6750,642.00
5.470639,859.7289,679.00
5.470639,859.7830,610.00
5.470639,859.8369,657.00
5.470639,859.8908,636.00
5.470639,859.9447,631.00
5.470639,859.9987,631.00
5.470639,860.0527,687.00
5.470639,860.1065,616.00
5.470639,860.1605,684.00
5.470639,860.2144,661.00
5.470639,860.2682,655.00
5.470639,860.3222,643.00
5.470639,860.3761,652.00
5.470639,860.4299,608.00
5.470639,860.4838,644.00
5.470639,860.5377,603.00
5.470639,860.5916,651.00
5.470639,860.6455,610.00
5.470639,860.6993,680.00
5.470639,860.7532,636.00
5.470639,860.8071,665.00
5.470639,860.8610,613.00
5.470639,860.9148,663.00
5.470639,860.9687,628.00
5.470639,861.0225,660.00
5.470639,861.0763,652.00
5.470639,861.1301,666.00
5.470639,861.1840,629.00
5.470639,861.2378,668.00
5.470639,861.2916,620.00
5.470639,861.3454,672.00
5.470639,861.3992,609.00
5.470639,861.4531,656.00
5.470639,861.5068,576.00
5.470639,861.5606,658.00
5.470639,861.6144,612.00
5.470639,861.6682,644.00
5.470639,861.7220,596.00
5.470639,861.7758,640.00
5.470639,861.8295,609.00
5.470639,861.8833,648.00
5.470639,861.9370,604.00
5.470639,861.9908,676.00
5.470639,862.0446,630.00
5.470639,862.0983,684.00
5.470639,862.1520,646.00
5.470639,862.2057,646.00
5.470639,862.2595,628.00
5.470639,862.3132,641.00
5.470639,862.3669,578.00
5.470639,862.4206,631.00
5.470639,862.4744,573.00
5.470639,862.5281,682.00
5.470639,862.5818,622.00
5.470639,862.6355,663.00
5.470639,862.6891,631.00
5.470639,862.7429,652.00
5.470639,862.7966,647.00
5.470639,862.8502,639.00
5.470639,862.9039,597.00
5.470639,862.9575,647.00
5.470639,863.0112,646.00
5.470639,863.0648,659.00
5.470639,863.1185,611.00
5.470639,863.1722,642.00
5.470639,863.2258,577.00
5.470639,863.2794,667.00
5.470639,863.3330,573.00
5.470639,863.3867,655.00
5.470639,863.4403,579.00
5.470639,863.4940,652.00
5.470639,863.5475,615.00
5.470639,863.6011,616.00
5.470639,863.6548,615.00
5.470639,863.7084,627.00
5.470639,863.7620,590.00
5.470639,863.8156,625.00
5.470639,863.8691,586.00
5.470639,863.9228,649.00
5.470639,863.9763,607.00
5.470639,864.0299,639.00
5.470639,864.0834,610.00
5.470639,864.1370,615.00
5.470639,864.1906,594.00
5.470639,864.2441,633.00
5.470639,864.2977,587.00
5.470639,864.3512,651.00
5.470639,864.4047,613.00
5.470639,864.4583,655.00
5.470639,864.5118,596.00
5.470639,864.5653,625.00
5.470639,864.6189,607.00
5.470639,864.6724,602.00
5.470639,864.7258,551.00
5.470639,864.7794,636.00
5.470639,864.8329,580.00
5.470639,864.8864,647.00
5.470639,864.9398,641.00
5.470639,864.9933,645.00
5.470639,865.0469,586.00
5.470639,865.1003,604.00
5.470639,865.1538,597.00
5.470639,865.2072,638.00
5.470639,865.2607,644.00
5.470639,865.3142,671.00
5.470639,865.3676,622.00
5.470639,865.4211,632.00
5.470639,865.4745,587.00
5.470639,865.5279,642.00
5.470639,865.5814,623.00
5.470639,865.6348,639.00
5.470639,865.6882,608.00
5.470639,865.7416,635.00
5.470639,865.7950,623.00
5.470639,865.8484,677.00
5.470639,865.9019,605.00
5.470639,865.9552,612.00
5.470639,866.0087,589.00
5.470639,866.0620,611.00
5.470639,866.1154,598.00
5.470639,866.1688,678.00
5.470639,866.2222,618.00
5.470639,866.2755,650.00
5.470639,866.3289,647.00
5.470639,866.3822,663.00
5.470639,866.4356,635.00
5.470639,866.4890,641.00
5.470639,866.5423,635.00
5.470639,866.5956,643.00
5.470639,866.6489,603.00
5.470639,866.7023,691.00
5.470639,866.7556,620.00
5.470639,866.8089,635.00
5.470639,866.8622,633.00
5.470639,866.9155,663.00
5.470639,866.9689,611.00
5.470639,867.0222,658.00
5.470639,867.0755,597.00
5.470639,867.1287,648.00
5.470639,867.1820,627.00
5.470639,867.2354,665.00
5.470639,867.2886,629.00
5.470639,867.3419,640.00
5.470639,867.3951,642.00
5.470639,867.4484,655.00
5.470639,867.5016,578.00
5.470639,867.5549,674.00
5.470639,867.6082,614.00
5.470639,867.6614,669.00
5.470639,867.7146,647.00
5.470639,867.7678,659.00
5.470639,867.8211,645.00
5.470639,867.8743,667.00
5.470639,867.9276,624.00
5.470639,867.9807,659.00
5.470639,868.0339,613.00
5.470639,868.0872,668.00
5.470639,868.1403,619.00
5.470639,868.1935,620.00
5.470639,868.2467,593.00
5.470639,868.2999,660.00
5.470639,868.3531,606.00
5.470639,868.4062,691.00
5.470639,868.4594,614.00
5.470639,868.5126,636.00
5.470639,868.5657,636.00
5.470639,868.6189,665.00
5.470639,868.6721,637.00
5.470639,868.7252,631.00
5.470639,868.7783,602.00
5.470639,868.8315,640.00
5.470639,868.8846,610.00
5.470639,868.9377,658.00
5.470639,868.9908,619.00
5.470639,869.0439,647.00
5.470639,869.0970,640.00
5.470639,869.1501,673.00
5.470639,869.2032,585.00
5.470639,869.2564,615.00
5.470639,869.3094,599.00
5.470639,869.3625,638.00
5.470639,869.4156,606.00
5.470639,869.4688,672.00
5.470639,869.5218,589.00
5.470639,869.5748,645.00
5.470639,869.6279,641.00
5.470639,869.6809,633.00
5.470639,869.7340,604.00
5.470639,869.7870,616.00
5.470639,869.8401,618.00
5.470639,869.8931,660.00
5.470639,869.9462,592.00
5.470639,869.9993,634.00
5.470639,870.0522,626.00
5.470639,870.1052,659.00
5.470639,870.1583,612.00
5.470639,870.2112,686.00
5.470639,870.2642,593.00
5.470639,870.3173,657.00
5.470639,870.3702,593.00
5.470639,870.4232,668.00
5.470639,870.4762,601.00
5.470639,870.5292,640.00
5.470639,870.5822,618.00
5.470639,870.6351,668.00
5.470639,870.6881,600.00
5.470639,870.7410,652.00
5.470639,870.7940,626.00
5.470639,870.8470,683.00
5.470639,870.8999,594.00
5.470639,870.9528,686.00
5.470639,871.0057,656.00
5.470639,871.0587,655.00
5.470639,871.1116,647.00
5.470639,871.1646,675.00
5.470639,871.2175,569.00
5.470639,871.2704,688.00
5.470639,871.3232,641.00
5.470639,871.3762,651.00
5.470639,871.4291,649.00
5.470639,871.4820,642.00
5.470639,871.5348,604.00
5.470639,871.5877,658.00
5.470639,871.6406,635.00
5.470639,871.6935,694.00
5.470639,871.7463,633.00
5.470639,871.7992,642.00
5.470639,871.8521,659.00
5.470639,871.9049,645.00
5.470639,871.9578,657.00
5.470639,872.0106,652.00
5.470639,872.0635,613.00
5.470639,872.1162,663.00
5.470639,872.1691,600.00
5.470639,872.2219,702.00
5.470639,872.2747,598.00
5.470639,872.3275,648.00
5.470639,872.3803,665.00
5.470639,872.4332,676.00
5.470639,872.4860,629.00
5.470639,872.5387,685.00
5.470639,872.5915,630.00
5.470639,872.6443,700.00
5.470639,872.6971,692.00
5.470639,872.7499,692.00
5.470639,872.8026,654.00
5.470639,872.8553,661.00
5.470639,872.9081,648.00
5.470639,872.9609,666.00
5.470639,873.0136,618.00
5.470639,873.0663,711.00
5.470639,873.1191,600.00
5.470639,873.1718,672.00
5.470639,873.2245,671.00
5.470639,873.2773,653.00
5.470639,873.3300,647.00
5.470639,873.3827,680.00
5.470639,873.4354,622.00
5.470639,873.4882,711.00
5.470639,873.5408,620.00
5.470639,873.5935,669.00
5.470639,873.6462,646.00
5.470639,873.6989,671.00
5.470639,873.7515,681.00
5.470639,873.8042,662.00
5.470639,873.8569,626.00
5.470639,873.9096,685.00
5.470639,873.9622,593.00
5.470639,874.0149,678.00
5.470639,874.0675,675.00
5.470639,874.1202,667.00
5.470639,874.1729,644.00
5.470639,874.2255,668.00
5.470639,874.2781,637.00
5.470639,874.3307,653.00
5.470639,874.3834,615.00
5.470639,874.4360,690.00
5.470639,874.4885,656.00
5.470639,874.5411,712.00
5.470639,874.5938,640.00
5.470639,874.6463,671.00
5.470639,874.6990,623.00
5.470639,874.7515,668.00
5.470639,874.8041,614.00
5.470639,874.8567,696.00
5.470639,874.9092,647.00
5.470639,874.9619,691.00
5.470639,875.0144,670.00
5.470639,875.0669,679.00
5.470639,875.1194,636.00
5.470639,875.1720,651.00
5.470639,875.2246,625.00
5.470639,875.2772,693.00
5.470639,875.3296,629.00
5.470639,875.3821,696.00
5.470639,875.4346,653.00
5.470639,875.4872,682.00
5.470639,875.5397,664.00
5.470639,875.5922,668.00
5.470639,875.6447,634.00
5.470639,875.6971,672.00
5.470639,875.7498,597.00
5.470639,875.8022,676.00
5.470639,875.8547,612.00
5.470639,875.9071,707.00
5.470639,875.9596,634.00
5.470639,876.0120,652.00
5.470639,876.0646,632.00
5.470639,876.1169,670.00
5.470639,876.1694,617.00
5.470639,876.2219,667.00
5.470639,876.2743,636.00
5.470639,876.3268,694.00
5.470639,876.3792,645.00
5.470639,876.4316,662.00
5.470639,876.4840,673.00
5.470639,876.5364,670.00
5.470639,876.5889,607.00
5.470639,876.6413,712.00
5.470639,876.6937,607.00
5.470639,876.7460,650.00
5.470639,876.7985,651.00
5.470639,876.8509,695.00
5.470639,876.9032,658.00
5.470639,876.9556,665.00
5.470639,877.0079,615.00
5.470639,877.0604,617.00
5.470639,877.1127,581.00
5.470639,877.1651,691.00
5.470639,877.2174,616.00
5.470639,877.2697,659.00
5.470639,877.3221,614.00
5.470639,877.3744,636.00
5.470639,877.4268,617.00
5.470639,877.4791,632.00
5.470639,877.5314,621.00
5.470639,877.5837,653.00
5.470639,877.6360,612.00
5.470639,877.6884,660.00
5.470639,877.7407,610.00
5.470639,877.7930,634.00
5.470639,877.8452,618.00
5.470639,877.8975,646.00
5.470639,877.9498,612.00
5.470639,878.0021,635.00
5.470639,878.0544,603.00
5.470639,878.1066,653.00
5.470639,878.1589,623.00
5.470639,878.2111,628.00
5.470639,878.2634,627.00
5.470639,878.3157,615.00
5.470639,878.3679,586.00
5.470639,878.4202,625.00
5.470639,878.4724,586.00
5.470639,878.5246,675.00
5.470639,878.5768,585.00
5.470639,878.6290,653.00
5.470639,878.6812,638.00
5.470639,878.7335,623.00
5.470639,878.7856,643.00
5.470639,878.8379,590.00
5.470639,878.8901,592.00
5.470639,878.9422,617.00
5.470639,878.9944,629.00
5.470639,879.0466,671.00
5.470639,879.0988,617.00
5.470639,879.1509,662.00
5.470639,879.2031,614.00
5.470639,879.2552,606.00
5.470639,879.3074,627.00
5.470639,879.3596,664.00
5.470639,879.4117,609.00
5.470639,879.4638,683.00
5.470639,879.5159,581.00
5.470639,879.5681,657.00
5.470639,879.6202,618.00
5.470639,879.6723,654.00
5.470639,879.7244,611.00
5.470639,879.7766,676.00
5.470639,879.8287,582.00
5.470639,879.8808,653.00
5.470639,879.9329,581.00
5.470639,879.9849,643.00
5.470639,880.0370,612.00
5.470639,880.0891,633.00
5.470639,880.1412,628.00
5.470639,880.1932,652.00
5.470639,880.2452,571.00
5.470639,880.2973,648.00
5.470639,880.3495,618.00
5.470639,880.4015,676.00
5.470639,880.4536,614.00
5.470639,880.5056,629.00
5.470639,880.5576,624.00
5.470639,880.6096,651.00
5.470639,880.6616,614.00
5.470639,880.7137,639.00
5.470639,880.7656,570.00
5.470639,880.8176,644.00
5.470639,880.8696,613.00
5.470639,880.9217,661.00
5.470639,880.9737,627.00
5.470639,881.0256,637.00
5.470639,881.0776,622.00
5.470639,881.1296,642.00
5.470639,881.1816,590.00
5.470639,881.2336,659.00
5.470639,881.2855,612.00
5.470639,881.3374,639.00
5.470639,881.3893,641.00
5.470639,881.4413,639.00
5.470639,881.4933,593.00
5.470639,881.5452,668.00
5.470639,881.5972,577.00
5.470639,881.6490,672.00
5.470639,881.7010,607.00
5.470639,881.7530,658.00
5.470639,881.8049,636.00
5.470639,881.8568,628.00
5.470639,881.9086,606.00
5.470639,881.9605,597.00
5.470639,882.0125,605.00
5.470639,882.0643,624.00
5.470639,882.1162,580.00
5.470639,882.1681,655.00
5.470639,882.2199,568.00
5.470639,882.2719,646.00
5.470639,882.3237,596.00
5.470639,882.3755,602.00
5.470639,882.4274,565.00
5.470639,882.4792,622.00
5.470639,882.5311,581.00
5.470639,882.5829,616.00
5.470639,882.6348,561.00
5.470639,882.6866,650.00
5.470639,882.7383,609.00
5.470639,882.7902,598.00
5.470639,882.8420,612.00
5.470639,882.8939,640.00
5.470639,882.9457,559.00
5.470639,882.9974,616.00
5.470639,883.0493,591.00
5.470639,883.1011,634.00
5.470639,883.1528,590.00
5.470639,883.2046,641.00
5.470639,883.2563,614.00
5.470639,883.3081,605.00
5.470639,883.3599,599.00
5.470639,883.4116,617.00
5.470639,883.4634,612.00
5.470639,883.5151,669.00
5.470639,883.5668,620.00
5.470639,883.6187,617.00
5.470639,883.6703,624.00
5.470639,883.7220,622.00
5.470639,883.7738,596.00
5.470639,883.8254,628.00
5.470639,883.8773,550.00
5.470639,883.9289,664.00
5.470639,883.9806,541.00
5.470639,884.0323,662.00
5.470639,884.0840,634.00
5.470639,884.1357,643.00
5.470639,884.1874,596.00
5.470639,884.2391,626.00
5.470639,884.2907,589.00
5.470639,884.3423,641.00
5.470639,884.3940,575.00
5.470639,884.4457,644.00
5.470639,884.4974,625.00
5.470639,884.5490,636.00
5.470639,884.6006,578.00
5.470639,884.6523,609.00
5.470639,884.7039,578.00
5.470639,884.7555,634.00
5.470639,884.8071,602.00
5.470639,884.8588,653.00
5.470639,884.9103,614.00
5.470639,884.9620,679.00
5.470639,885.0136,659.00
5.470639,885.0651,631.00
5.470639,885.1168,614.00
5.470639,885.1683,651.00
5.470639,885.2200,617.00
5.470639,885.2715,669.00
5.470639,885.3231,581.00
5.470639,885.3746,663.00
5.470639,885.4262,645.00
5.470639,885.4778,666.00
5.470639,885.5293,634.00
5.470639,885.5809,642.00
5.470639,885.6324,579.00
5.470639,885.6839,644.00
5.470639,885.7355,649.00
5.470639,885.7870,671.00
5.470639,885.8385,585.00
5.470639,885.8900,667.00
5.470639,885.9415,644.00
5.470639,885.9930,656.00
5.470639,886.0446,587.00
5.470639,886.0960,678.00
5.470639,886.1475,605.00
5.470639,886.1990,642.00
5.470639,886.2504,630.00
5.470639,886.3020,675.00
5.470639,886.3534,661.00
5.470639,886.4048,668.00
5.470639,886.4564,625.00
5.470639,886.5078,657.00
5.470639,886.5593,611.00
5.470639,886.6107,692.00
5.470639,886.6621,618.00
5.470639,886.7136,648.00
5.470639,886.7650,626.00
5.470639,886.8164,653.00
5.470639,886.8679,640.00
5.470639,886.9193,627.00
5.470639,886.9706,590.00
5.470639,887.0220,645.00
5.470639,887.0735,584.00
5.470639,887.1249,658.00
5.470639,887.1762,627.00
5.470639,887.2276,669.00
5.470639,887.2789,662.00
5.470639,887.3304,634.00
5.470639,887.3818,619.00
5.470639,887.4331,665.00
5.470639,887.4844,620.00
5.470639,887.5358,681.00
5.470639,887.5871,573.00
5.470639,887.6385,679.00
5.470639,887.6898,656.00
5.470639,887.7411,630.00
5.470639,887.7925,640.00
5.470639,887.8438,648.00
5.470639,887.8951,593.00
5.470639,887.9464,708.00
5.470639,887.9977,635.00
5.470639,888.0490,718.00
5.470639,888.1003,672.00
5.470639,888.1516,666.00
5.470639,888.2029,600.00
5.470639,888.2542,659.00
5.470639,888.3054,597.00
5.470639,888.3567,678.00
5.470639,888.4080,619.00
5.470639,888.4592,666.00
5.470639,888.5105,645.00
5.470639,888.5618,664.00
5.470639,888.6130,653.00
5.470639,888.6642,665.00
5.470639,888.7155,627.00
5.470639,888.7667,676.00
5.470639,888.8179,594.00
5.470639,888.8691,692.00
5.470639,888.9204,668.00
5.470639,888.9716,663.00
5.470639,889.0228,668.00
5.470639,889.0740,675.00
5.470639,889.1252,632.00
5.470639,889.1764,672.00
5.470639,889.2275,615.00
5.470639,889.2787,690.00
5.470639,889.3299,665.00
5.470639,889.3810,684.00
5.470639,889.4322,668.00
5.470639,889.4835,677.00
5.470639,889.5346,647.00
5.470639,889.5857,668.00
5.470639,889.6368,612.00
5.470639,889.6879,648.00
5.470639,889.7391,600.00
5.470639,889.7903,695.00
5.470639,889.8414,632.00
5.470639,889.8925,678.00
5.470639,889.9435,644.00
5.470639,889.9948,636.00
5.470639,890.0458,599.00
5.470639,890.0969,662.00
5.470639,890.1479,619.00
5.470639,890.1990,652.00
5.470639,890.2501,628.00
5.470639,890.3012,659.00
5.470639,890.3523,651.00
5.470639,890.4034,613.00
5.470639,890.4545,618.00
5.470639,890.5054,604.00
5.470639,890.5566,581.00
5.470639,890.6076,647.00
5.470639,890.6586,604.00
5.470639,890.7097,671.00
5.470639,890.7607,630.00
5.470639,890.8117,648.00
5.470639,890.8627,627.00
5.470639,890.9138,636.00
5.470639,890.9647,579.00
5.470639,891.0157,653.00
5.470639,891.0668,576.00
5.470639,891.1178,655.00
5.470639,891.1688,586.00
5.470639,891.2197,657.00
5.470639,891.2707,620.00
5.470639,891.3217,628.00
5.470639,891.3727,601.00
5.470639,891.4236,599.00
5.470639,891.4745,564.00
5.470639,891.5256,650.00
5.470639,891.5765,598.00
5.470639,891.6275,648.00
5.470639,891.6783,607.00
5.470639,891.7293,614.00
5.470639,891.7802,595.00
5.470639,891.8312,609.00
5.470639,891.8821,590.00
5.470639,891.9330,651.00
5.470639,891.9839,599.00
5.470639,892.0348,637.00
5.470639,892.0857,608.00
5.470639,892.1366,617.00
5.470639,892.1875,599.00
5.470639,892.2383,647.00
5.470639,892.2892,600.00
5.470639,892.3401,654.00
5.470639,892.3911,608.00
5.470639,892.4418,665.00
5.470639,892.4927,599.00
5.470639,892.5436,672.00
5.470639,892.5944,623.00
5.470639,892.6452,636.00
5.470639,892.6961,614.00
5.470639,892.7469,631.00
5.470639,892.7977,606.00
5.470639,892.8485,663.00
5.470639,892.8993,628.00
5.470639,892.9502,661.00
5.470639,893.0010,635.00
5.470639,893.0518,631.00
5.470639,893.1025,669.00
5.470639,893.1534,612.00
5.470639,893.2042,604.00
5.470639,893.2549,669.00
5.470639,893.3057,633.00
5.470639,893.3564,696.00
5.470639,893.4072,666.00
5.470639,893.4580,658.00
5.470639,893.5087,628.00
5.470639,893.5595,646.00
5.470639,893.6102,586.00
5.470639,893.6609,671.00
5.470639,893.7117,557.00
5.470639,893.7625,664.00
5.470639,893.8132,637.00
5.470639,893.8639,691.00
5.470639,893.9146,641.00
5.470639,893.9653,622.00
5.470639,894.0160,628.00
5.470639,894.0667,652.00
5.470639,894.1174,627.00
5.470639,894.1681,668.00
5.470639,894.2188,627.00
5.470639,894.2695,680.00
5.470639,894.3201,628.00
5.470639,894.3708,635.00
5.470639,894.4214,618.00
5.470639,894.4720,651.00
5.470639,894.5228,608.00
5.470639,894.5734,716.00
5.470639,894.6240,627.00
5.470639,894.6746,691.00
5.470639,894.7252,651.00
5.470639,894.7759,640.00
5.470639,894.8265,620.00
5.470639,894.8771,653.00
5.470639,894.9277,581.00
5.470639,894.9783,681.00
5.470639,895.0290,582.00
5.470639,895.0795,704.00
5.470639,895.1301,652.00
5.470639,895.1807,670.00
5.470639,895.2313,622.00
5.470639,895.2819,655.00
5.470639,895.3325,608.00
5.470639,895.3830,660.00
5.470639,895.4336,607.00
5.470639,895.4841,687.00
5.470639,895.5347,613.00
5.470639,895.5852,656.00
5.470639,895.6357,648.00
5.470639,895.6863,673.00
5.470639,895.7368,623.00
5.470639,895.7874,652.00
5.470639,895.8379,584.00
5.470639,895.8884,688.00
5.470639,895.9388,612.00
5.470639,895.9893,681.00
5.470639,896.0399,626.00
5.470639,896.0904,642.00
5.470639,896.1408,652.00
5.470639,896.1913,650.00
5.470639,896.2418,606.00
5.470639,896.2922,675.00
5.470639,896.3427,633.00
5.470639,896.3932,700.00
5.470639,896.4437,645.00
5.470639,896.4941,669.00
5.470639,896.5445,647.00
5.470639,896.5950,632.00
5.470639,896.6454,622.00
5.470639,896.6958,648.00
5.470639,896.7462,600.00
5.470639,896.7967,679.00
5.470639,896.8471,648.00
5.470639,896.8975,663.00
5.470639,896.9479,634.00
5.470639,896.9983,656.00
5.470639,897.0486,651.00
5.470639,897.0991,634.00
5.470639,897.1495,597.00
5.470639,897.1998,689.00
5.470639,897.2502,626.00
5.470639,897.3005,667.00
5.470639,897.3510,639.00
5.470639,897.4013,660.00
5.470639,897.4517,660.00
5.470639,897.5020,661.00
5.470639,897.5523,625.00
5.470639,897.6026,659.00
5.470639,897.6530,628.00
5.470639,897.7033,694.00
5.470639,897.7537,628.00
5.470639,897.8040,652.00
5.470639,897.8542,619.00
5.470639,897.9046,650.00
5.470639,897.9549,635.00
5.470639,898.0051,676.00
5.470639,898.0554,630.00
5.470639,898.1057,667.00
5.470639,898.1560,619.00
5.470639,898.2063,683.00
5.470639,898.2565,646.00
5.470639,898.3068,653.00
5.470639,898.3571,651.00
5.470639,898.4073,637.00
5.470639,898.4576,585.00
5.470639,898.5078,653.00
5.470639,898.5580,600.00
5.470639,898.6083,693.00
5.470639,898.6584,662.00
5.470639,898.7087,660.00
5.470639,898.7590,638.00
5.470639,898.8091,636.00
5.470639,898.8593,640.00
5.470639,898.9095,647.00
5.470639,898.9598,586.00
5.470639,899.0099,669.00
5.470639,899.0601,612.00
5.470639,899.1103,652.00
5.470639,899.1605,615.00
5.470639,899.2107,635.00
5.470639,899.2608,604.00
5.470639,899.3109,606.00
5.470639,899.3611,590.00
5.470639,899.4113,649.00
5.470639,899.4614,611.00
5.470639,899.5115,668.00
5.470639,899.5616,663.00
5.470639,899.6118,657.00
5.470639,899.6619,610.00
5.470639,899.7121,611.00
5.470639,899.7622,588.00
5.470639,899.8123,679.00
5.470639,899.8624,572.00
5.470639,899.9124,657.00
5.470639,899.9626,615.00
5.470639,900.0126,646.00
5.470639,900.0627,605.00
5.470639,900.1127,638.00
5.470639,900.1628,580.00
5.470639,900.2130,661.00
5.470639,900.2631,565.00
5.470639,900.3130,656.00
5.470639,900.3631,615.00
5.470639,900.4131,626.00
5.470639,900.4632,598.00
5.470639,900.5132,606.00
5.470639,900.5633,586.00
5.470639,900.6132,625.00
5.470639,900.6632,597.00
5.470639,900.7133,609.00
5.470639,900.7633,569.00
5.470639,900.8133,619.00
5.470639,900.8633,586.00
5.470639,900.9133,610.00
5.470639,900.9633,600.00
5.470639,901.0133,614.00
5.470639,901.0632,567.00
5.470639,901.1132,633.00
5.470639,901.1631,583.00
5.470639,901.2131,686.00
5.470639,901.2631,649.00
5.470639,901.3130,663.00
5.470639,901.3630,628.00
5.470639,901.4129,623.00
5.470639,901.4628,629.00
5.470639,901.5128,612.00
5.470639,901.5627,581.00
5.470639,901.6126,654.00
5.470639,901.6625,623.00
5.470639,901.7124,624.00
5.470639,901.7623,632.00
5.470639,901.8123,616.00
5.470639,901.8621,595.00
5.470639,901.9120,625.00
5.470639,901.9619,588.00
5.470639,902.0117,676.00
5.470639,902.0616,608.00
5.470639,902.1115,659.00
5.470639,902.1613,602.00
5.470639,902.2112,626.00
5.470639,902.2610,594.00
5.470639,902.3109,610.00
5.470639,902.3608,591.00
5.470639,902.4106,643.00
5.470639,902.4604,597.00
5.470639,902.5103,653.00
5.470639,902.5601,625.00
5.470639,902.6099,627.00
5.470639,902.6597,609.00
5.470639,902.7095,640.00
5.470639,902.7592,612.00
5.470639,902.8090,650.00
5.470639,902.8589,569.00
5.470639,902.9086,656.00
5.470639,902.9584,608.00
5.470639,903.0082,650.00
5.470639,903.0580,635.00
5.470639,903.1077,628.00
5.470639,903.1575,602.00
5.470639,903.2072,640.00
5.470639,903.2570,601.00
5.470639,903.3067,637.00
5.470639,903.3564,614.00
5.470639,903.4062,663.00
5.470639,903.4559,614.00
5.470639,903.5056,638.00
5.470639,903.5553,608.00
5.470639,903.6050,629.00
5.470639,903.6547,593.00
5.470639,903.7045,645.00
5.470639,903.7541,563.00
5.470639,903.8038,674.00
5.470639,903.8535,600.00
5.470639,903.9032,636.00
5.470639,903.9528,614.00
5.470639,904.0025,627.00
5.470639,904.0522,589.00
5.470639,904.1019,632.00
5.470639,904.1515,584.00
5.470639,904.2012,671.00
5.470639,904.2507,595.00
5.470639,904.3004,644.00
5.470639,904.3500,610.00
5.470639,904.3997,612.00
5.470639,904.4493,577.00
5.470639,904.4989,617.00
5.470639,904.5485,556.00
5.470639,904.5980,627.00
5.470639,904.6477,580.00
5.470639,904.6973,616.00
5.470639,904.7469,564.00
5.470639,904.7964,646.00
5.470639,904.8460,609.00
5.470639,904.8956,584.00
5.470639,904.9452,594.00
5.470639,904.9947,604.00
5.470639,905.0443,563.00
5.470639,905.0938,628.00
5.470639,905.1434,606.00
5.470639,905.1929,605.00
5.470639,905.2424,644.00
5.470639,905.2919,633.00
5.470639,905.3414,612.00
5.470639,905.3910,619.00
5.470639,905.4406,582.00
5.470639,905.4901,660.00
5.470639,905.5396,562.00
5.470639,905.5890,632.00
5.470639,905.6385,615.00
5.470639,905.6880,633.00
5.470639,905.7375,614.00
5.470639,905.7870,663.00
5.470639,905.8364,596.00
5.470639,905.8859,641.00
5.470639,905.9354,618.00
5.470639,905.9848,667.00
5.470639,906.0342,671.00
5.470639,906.0837,646.00
5.470639,906.1331,584.00
5.470639,906.1826,629.00
5.470639,906.2321,613.00
5.470639,906.2814,665.00
5.470639,906.3309,595.00
5.470639,906.3802,672.00
5.470639,906.4297,610.00
5.470639,906.4791,664.00
5.470639,906.5285,628.00
5.470639,906.5779,591.00
5.470639,906.6273,578.00
5.470639,906.6766,649.00
5.470639,906.7260,600.00
5.470639,906.7754,684.00
5.470639,906.8248,565.00
5.470639,906.8741,647.00
5.470639,906.9235,626.00
5.470639,906.9729,636.00
5.470639,907.0222,618.00
5.470639,907.0715,632.00
5.470639,907.1208,553.00
5.470639,907.1702,679.00
5.470639,907.2195,612.00
5.470639,907.2688,645.00
5.470639,907.3181,628.00
5.470639,907.3674,638.00
5.470639,907.4167,605.00
5.470639,907.4660,618.00
5.470639,907.5153,576.00
5.470639,907.5646,644.00
5.470639,907.6139,599.00
5.470639,907.6631,666.00
5.470639,907.7125,589.00
5.470639,907.7617,634.00
5.470639,907.8110,600.00
5.470639,907.8602,605.00
5.470639,907.9094,575.00
5.470639,907.9587,624.00
5.470639,908.0080,537.00
5.470639,908.0572,670.00
5.470639,908.1064,606.00
5.470639,908.1556,649.00
5.470639,908.2048,622.00
5.470639,908.2541,602.00
5.470639,908.3033,639.00
5.470639,908.3524,655.00
5.470639,908.4017,580.00
5.470639,908.4508,617.00
5.470639,908.5000,631.00
5.470639,908.5493,629.00
5.470639,908.5984,629.00
5.470639,908.6475,614.00
5.470639,908.6967,594.00
5.470639,908.7459,625.00
5.470639,908.7950,586.00
5.470639,908.8442,638.00
5.470639,908.8932,589.00
5.470639,908.9424,635.00
5.470639,908.9916,606.00
5.470639,909.0407,679.00
5.470639,909.0898,651.00
5.470639,909.1389,634.00
5.470639,909.1880,609.00
5.470639,909.2372,659.00
5.470639,909.2863,547.00
5.470639,909.3354,671.00
5.470639,909.3845,593.00
5.470639,909.4335,630.00
5.470639,909.4825,633.00
5.470639,909.5317,625.00
5.470639,909.5807,587.00
5.470639,909.6298,658.00
5.470639,909.6789,555.00
5.470639,909.7280,630.00
5.470639,909.7770,588.00
5.470639,909.8260,639.00
5.470639,909.8751,587.00
5.470639,909.9241,631.00
5.470639,909.9731,615.00
5.470639,910.0222,646.00
5.470639,910.0711,599.00
5.470639,910.1201,649.00
5.470639,910.1691,591.00
5.470639,910.2181,647.00
5.470639,910.2672,617.00
5.470639,910.3162,643.00
5.470639,910.3651,642.00
5.470639,910.4141,657.00
5.470639,910.4631,621.00
5.470639,910.5120,630.00
5.470639,910.5610,577.00
5.470639,910.6099,639.00
5.470639,910.6589,622.00
5.470639,910.7078,640.00
5.470639,910.7568,593.00
5.470639,910.8057,650.00
5.470639,910.8546,633.00
5.470639,910.9036,667.00
5.470639,910.9525,610.00
5.470639,911.0013,664.00
5.470639,911.0503,623.00
5.470639,911.0992,646.00
5.470639,911.1481,611.00
5.470639,911.1970,633.00
5.470639,911.2459,634.00
5.470639,911.2948,639.00
5.470639,911.3436,591.00
5.470639,911.3925,639.00
5.470639,911.4414,606.00
5.470639,911.4902,667.00
5.470639,911.5391,645.00
5.470639,911.5880,639.00
5.470639,911.6368,627.00
5.470639,911.6857,669.00
5.470639,911.7344,587.00
5.470639,911.7833,658.00
5.470639,911.8321,621.00
5.470639,911.8809,667.00
5.470639,911.9297,630.00
5.470639,911.9785,673.00
5.470639,912.0273,667.00
5.470639,912.0762,630.00
5.470639,912.1249,663.00
5.470639,912.1737,651.00
5.470639,912.2225,624.00
5.470639,912.2712,645.00
5.470639,912.3201,631.00
5.470639,912.3688,691.00
5.470639,912.4176,613.00
5.470639,912.4663,642.00
5.470639,912.5150,610.00
5.470639,912.5638,635.00
5.470639,912.6125,605.00
5.470639,912.6613,654.00
5.470639,912.7100,615.00
5.470639,912.7587,659.00
5.470639,912.8074,631.00
5.470639,912.8561,670.00
5.470639,912.9048,671.00
5.470639,912.9535,675.00
5.470639,913.0023,639.00
5.470639,913.0510,647.00
5.470639,913.0996,607.00
5.470639,913.1483,675.00
5.470639,913.1969,641.00
5.470639,913.2456,659.00
5.470639,913.2943,661.00
5.470639,913.3430,669.00
5.470639,913.3916,611.00
5.470639,913.4402,652.00
5.470639,913.4888,623.00
5.470639,913.5375,714.00
5.470639,913.5862,622.00
5.470639,913.6348,709.00
5.470639,913.6834,664.00
5.470639,913.7320,683.00
5.470639,913.7806,655.00
5.470639,913.8292,665.00
5.470639,913.8778,654.00
5.470639,913.9264,654.00
5.470639,913.9750,611.00
5.470639,914.0236,695.00
5.470639,914.0721,646.00
5.470639,914.1207,687.00
5.470639,914.1693,635.00
5.470639,914.2178,695.00
5.470639,914.2664,645.00
5.470639,914.3149,683.00
5.470639,914.3635,641.00
5.470639,914.4120,671.00
5.470639,914.4606,675.00
5.470639,914.5090,714.00
5.470639,914.5576,669.00
5.470639,914.6061,694.00
5.470639,914.6546,657.00
5.470639,914.7031,689.00
5.470639,914.7516,653.00
5.470639,914.8001,694.00
5.470639,914.8486,653.00
5.470639,914.8971,698.00
5.470639,914.9456,654.00
5.470639,914.9941,674.00
5.470639,915.0425,657.00
5.470639,915.0910,662.00
5.470639,915.1395,627.00
5.470639,915.1879,723.00
5.470639,915.2363,663.00
5.470639,915.2849,710.00
5.470639,915.3333,693.00
5.470639,915.3817,699.00
5.470639,915.4301,649.00
5.470639,915.4785,681.00
5.470639,915.5269,643.00
5.470639,915.5754,680.00
5.470639,915.6237,629.00
5.470639,915.6721,686.00
5.470639,915.7205,652.00
5.470639,915.7689,699.00
5.470639,915.8173,684.00
5.470639,915.8657,688.00
5.470639,915.9141,651.00
5.470639,915.9623,688.00
5.470639,916.0107,635.00
5.470639,916.0591,696.00
5.470639,916.1075,628.00
5.470639,916.1558,675.00
5.470639,916.2042,650.00
5.470639,916.2524,681.00
5.470639,916.3008,662.00
5.470639,916.3491,638.00
5.470639,916.3974,601.00
5.470639,916.4457,699.00
5.470639,916.4940,604.00
5.470639,916.5423,663.00
5.470639,916.5907,659.00
5.470639,916.6390,670.00
5.470639,916.6872,651.00
5.470639,916.7355,634.00
5.470639,916.7838,615.00
5.470639,916.8320,693.00
5.470639,916.8803,609.00
5.470639,916.9286,703.00
5.470639,916.9768,611.00
5.470639,917.0250,683.00
5.470639,917.0733,680.00
5.470639,917.1216,648.00
5.470639,917.1698,635.00
5.470639,917.2180,659.00
5.470639,917.2662,589.00
5.470639,917.3145,646.00
5.470639,917.3626,650.00
5.470639,917.4109,687.00
5.470639,917.4590,611.00
5.470639,917.5072,698.00
5.470639,917.5554,661.00
5.470639,917.6036,685.00
5.470639,917.6518,607.00
5.470639,917.7000,705.00
5.470639,917.7481,619.00
5.470639,917.7963,682.00
5.470639,917.8444,650.00
5.470639,917.8926,693.00
5.470639,917.9407,636.00
5.470639,917.9888,683.00
5.470639,918.0369,617.00
5.470639,918.0851,669.00
5.470639,918.1332,636.00
5.470639,918.1813,688.00
5.470639,918.2294,627.00
5.470639,918.2776,704.00
5.470639,918.3257,650.00
5.470639,918.3737,654.00
5.470639,918.4218,642.00
5.470639,918.4699,677.00
5.470639,918.5180,614.00
5.470639,918.5660,675.00
5.470639,918.6142,637.00
5.470639,918.6622,685.00
5.470639,918.7103,662.00
5.470639,918.7583,687.00
5.470639,918.8064,689.00
5.470639,918.8544,642.00
5.470639,918.9025,640.00
5.470639,918.9505,701.00
5.470639,918.9985,605.00
5.470639,919.0464,698.00
5.470639,919.0945,663.00
5.470639,919.1426,690.00
5.470639,919.1905,680.00
5.470639,919.2385,666.00
5.470639,919.2866,645.00
5.470639,919.3345,667.00
5.470639,919.3825,617.00
5.470639,919.4304,674.00
5.470639,919.4785,645.00
5.470639,919.5264,708.00
5.470639,919.5744,671.00
5.470639,919.6224,658.00
5.470639,919.6703,651.00
5.470639,919.7182,680.00
5.470639,919.7661,634.00
5.470639,919.8141,681.00
5.470639,919.8620,659.00
5.470639,919.9100,679.00
5.470639,919.9578,652.00
5.470639,920.0057,711.00
5.470639,920.0536,664.00
5.470639,920.1016,669.00
5.470639,920.1495,661.00
5.470639,920.1973,680.00
5.470639,920.2452,581.00
5.470639,920.2932,694.00
5.470639,920.3410,640.00
5.470639,920.3888,676.00
5.470639,920.4367,636.00
5.470639,920.4846,668.00
5.470639,920.5323,613.00
5.470639,920.5803,602.00
5.470639,920.6281,610.00
5.470639,920.6759,680.00
5.470639,920.7237,660.00
5.470639,920.7715,680.00
5.470639,920.8195,647.00
5.470639,920.8672,621.00
5.470639,920.9150,628.00
5.470639,920.9628,658.00
5.470639,921.0106,622.00
5.470639,921.0584,667.00
5.470639,921.1062,604.00
5.470639,921.1540,670.00
5.470639,921.2017,629.00
5.470639,921.2495,639.00
5.470639,921.2973,607.00
5.470639,921.3450,660.00
5.470639,921.3928,599.00
5.470639,921.4405,674.00
5.470639,921.4882,585.00
5.470639,921.5359,671.00
5.470639,921.5837,630.00
5.470639,921.6315,641.00
5.470639,921.6791,601.00
5.470639,921.7269,654.00
5.470639,921.7746,629.00
5.470639,921.8223,617.00
5.470639,921.8700,596.00
5.470639,921.9177,654.00
5.470639,921.9653,619.00
5.470639,922.0130,654.00
5.470639,922.0607,640.00
5.470639,922.1084,604.00
5.470639,922.1561,601.00
5.470639,922.2037,667.00
5.470639,922.2513,609.00
5.470639,922.2990,656.00
5.470639,922.3467,630.00
5.470639,922.3943,654.00
5.470639,922.4419,615.00
5.470639,922.4895,682.00
5.470639,922.5371,654.00
5.470639,922.5848,675.00
5.470639,922.6324,631.00
5.470639,922.6800,663.00
5.470639,922.7276,569.00
5.470639,922.7752,663.00
5.470639,922.8228,623.00
5.470639,922.8704,699.00
5.470639,922.9179,641.00
5.470639,922.9655,692.00
5.470639,923.0130,625.00
5.470639,923.0607,689.00
5.470639,923.1082,613.00
5.470639,923.1558,664.00
5.470639,923.2032,616.00
5.470639,923.2508,628.00
5.470639,923.2983,646.00
5.470639,923.3459,658.00
5.470639,923.3934,658.00
5.470639,923.4409,632.00
5.470639,923.4884,628.00
5.470639,923.5359,667.00
5.470639,923.5834,615.00
5.470639,923.6309,655.00
5.470639,923.6784,658.00
5.470639,923.7259,682.00
5.470639,923.7734,637.00
5.470639,923.8209,623.00
5.470639,923.8683,611.00
5.470639,923.9158,669.00
5.470639,923.9632,629.00
5.470639,924.0106,688.00
5.470639,924.0581,613.00
5.470639,924.1056,659.00
5.470639,924.1530,642.00
5.470639,924.2004,690.00
5.470639,924.2479,622.00
5.470639,924.2952,614.00
5.470639,924.3427,585.00
5.470639,924.3901,673.00
5.470639,924.4375,637.00
5.470639,924.4849,681.00
5.470639,924.5323,661.00
5.470639,924.5797,642.00
5.470639,924.6270,648.00
5.470639,924.6744,680.00
5.470639,924.7218,602.00
5.470639,924.7692,686.00
5.470639,924.8165,609.00
5.470639,924.8639,678.00
5.470639,924.9112,646.00
5.470639,924.9585,659.00
5.470639,925.0059,665.00
5.470639,925.0532,628.00
5.470639,925.1005,603.00
5.470639,925.1478,645.00
5.470639,925.1952,617.00
5.470639,925.2424,684.00
5.470639,925.2897,634.00
5.470639,925.3370,699.00
5.470639,925.3843,632.00
5.470639,925.4316,664.00
5.470639,925.4789,604.00
5.470639,925.5262,663.00
5.470639,925.5734,635.00
5.470639,925.6207,692.00
5.470639,925.6680,646.00
5.470639,925.7153,694.00
5.470639,925.7625,671.00
5.470639,925.8097,641.00
5.470639,925.8569,638.00
5.470639,925.9042,683.00
5.470639,925.9514,619.00
5.470639,925.9987,669.00
5.470639,926.0458,624.00
5.470639,926.0930,689.00
5.470639,926.1403,623.00
5.470639,926.1874,703.00
5.470639,926.2346,662.00
5.470639,926.2819,708.00
5.470639,926.3290,644.00
5.470639,926.3762,689.00
5.470639,926.4233,603.00
5.470639,926.4705,697.00
5.470639,926.5177,664.00
5.470639,926.5648,712.00
5.470639,926.6120,700.00
5.470639,926.6591,723.00
5.470639,926.7063,662.00
5.470639,926.7534,674.00
5.470639,926.8005,624.00
5.470639,926.8477,728.00
5.470639,926.8947,639.00
5.470639,926.9418,763.00
5.470639,926.9890,729.00
5.470639,927.0361,772.00
5.470639,927.0831,860.00
5.470639,927.1302,1069.00
5.470639,927.1773,1245.00
5.470639,927.2244,1676.00
5.470639,927.2715,2084.00
5.470639,927.3185,2072.00
5.470639,927.3656,1504.00
5.470639,927.4126,1220.00
5.470639,927.4597,1264.00
5.470639,927.5067,1450.00
5.470639,927.5538,1326.00
5.470639,927.6008,1152.00
5.470639,927.6478,994.00
5.470639,927.6949,1148.00
5.470639,927.7419,1561.00
5.470639,927.7888,1893.00
5.470639,927.8358,1624.00
5.470639,927.8829,1141.00
5.470639,927.9299,766.00
5.470639,927.9769,760.00
5.470639,928.0239,662.00
5.470639,928.0708,712.00
5.470639,928.1177,656.00
5.470639,928.1648,731.00
5.470639,928.2117,722.00
5.470639,928.2587,695.00
5.470639,928.3056,662.00
5.470639,928.3525,682.00
5.470639,928.3995,675.00
5.470639,928.4465,687.00
5.470639,928.4934,675.00
5.470639,928.5402,689.00
5.470639,928.5872,681.00
5.470639,928.6340,743.00
5.470639,928.6810,683.00
5.470639,928.7279,649.00
5.470639,928.7748,674.00
5.470639,928.8217,696.00
5.470639,928.8685,631.00
5.470639,928.9155,663.00
5.470639,928.9623,652.00
5.470639,929.0092,691.00
5.470639,929.0560,672.00
5.470639,929.1028,677.00
5.470639,929.1498,683.00
5.470639,929.1965,682.00
5.470639,929.2434,669.00
5.470639,929.2902,696.00
5.470639,929.3370,630.00
5.470639,929.3839,683.00
5.470639,929.4307,647.00
5.470639,929.4775,654.00
5.470639,929.5243,658.00
5.470639,929.5710,689.00
5.470639,929.6179,645.00
5.470639,929.6647,699.00
5.470639,929.7115,633.00
5.470639,929.7582,675.00
5.470639,929.8050,646.00
5.470639,929.8517,712.00
5.470639,929.8986,641.00
5.470639,929.9453,662.00
5.470639,929.9921,679.00
5.470639,930.0388,707.00
5.470639,930.0854,620.00
5.470639,930.1323,694.00
5.470639,930.1790,647.00
5.470639,930.2256,685.00
5.470639,930.2724,655.00
5.470639,930.3191,688.00
5.470639,930.3658,643.00
5.470639,930.4125,677.00
5.470639,930.4592,612.00
5.470639,930.5059,699.00
5.470639,930.5526,630.00
5.470639,930.5993,685.00
5.470639,930.6459,680.00
5.470639,930.6926,694.00
5.470639,930.7392,647.00
5.470639,930.7859,689.00
5.470639,930.8325,622.00
5.470639,930.8792,698.00
5.470639,930.9258,661.00
5.470639,930.9725,695.00
5.470639,931.0190,652.00
5.470639,931.0657,685.00
5.470639,931.1123,673.00
5.470639,931.1589,670.00
5.470639,931.2055,619.00
5.470639,931.2521,646.00
5.470639,931.2987,614.00
5.470639,931.3453,688.00
5.470639,931.3919,649.00
5.470639,931.4385,689.00
5.470639,931.4850,663.00
5.470639,931.5316,659.00
5.470639,931.5782,628.00
5.470639,931.6248,650.00
5.470639,931.6713,632.00
5.470639,931.7178,743.00
5.470639,931.7643,613.00
5.470639,931.8109,710.00
5.470639,931.8574,663.00
5.470639,931.9039,698.00
5.470639,931.9504,679.00
5.470639,931.9969,702.00
5.470639,932.0435,629.00
5.470639,932.0900,671.00
5.470639,932.1365,633.00
5.470639,932.1829,677.00
5.470639,932.2294,645.00
5.470639,932.2759,712.00
5.470639,932.3223,647.00
5.470639,932.3688,640.00
5.470639,932.4153,664.00
5.470639,932.4617,736.00
5.470639,932.5082,656.00
5.470639,932.5546,689.00
5.470639,932.6011,662.00
5.470639,932.6475,726.00
5.470639,932.6939,672.00
5.470639,932.7402,684.00
5.470639,932.7867,668.00
5.470639,932.8331,697.00
5.470639,932.8795,611.00
5.470639,932.9259,704.00
5.470639,932.9723,638.00
5.470639,933.0187,714.00
5.470639,933.0651,680.00
5.470639,933.1115,691.00
5.470639,933.1578,660.00
5.470639,933.2042,667.00
5.470639,933.2505,677.00
5.470639,933.2969,706.00
5.470639,933.3433,661.00
5.470639,933.3896,706.00
5.470639,933.4359,631.00
5.470639,933.4822,720.00
5.470639,933.5286,643.00
5.470639,933.5749,650.00
5.470639,933.6212,685.00
5.470639,933.6675,665.00
5.470639,933.7138,630.00
5.470639,933.7601,729.00
5.470639,933.8064,665.00
5.470639,933.8527,686.00
5.470639,933.8989,632.00
5.470639,933.9452,695.00
5.470639,933.9915,692.00
5.470639,934.0378,686.00
5.470639,934.0840,607.00
5.470639,934.1302,726.00
5.470639,934.1765,641.00
5.470639,934.2227,712.00
5.470639,934.2690,709.00
5.470639,934.3152,689.00
5.470639,934.3614,661.00
5.470639,934.4077,692.00
5.470639,934.4539,674.00
5.470639,934.5001,718.00
5.470639,934.5463,638.00
5.470639,934.5925,734.00
5.470639,934.6387,674.00
5.470639,934.6848,713.00
5.470639,934.7310,683.00
5.470639,934.7772,707.00
5.470639,934.8234,635.00
5.470639,934.8695,687.00
5.470639,934.9156,622.00
5.470639,934.9619,693.00
5.470639,935.0080,673.00
5.470639,935.0541,705.00
5.470639,935.1002,703.00
5.470639,935.1464,685.00
5.470639,935.1925,668.00
5.470639,935.2386,708.00
5.470639,935.2847,684.00
5.470639,935.3308,719.00
5.470639,935.3769,654.00
5.470639,935.4230,734.00
5.470639,935.4691,672.00
5.470639,935.5152,732.00
5.470639,935.5613,681.00
5.470639,935.6073,699.00
5.470639,935.6534,623.00
5.470639,935.6995,688.00
5.470639,935.7455,642.00
5.470639,935.7916,734.00
5.470639,935.8376,681.00
5.470639,935.8837,751.00
5.470639,935.9297,638.00
5.470639,935.9757,721.00
5.470639,936.0217,653.00
5.470639,936.0677,680.00
5.470639,936.1137,633.00
5.470639,936.1598,707.00
5.470639,936.2057,642.00
5.470639,936.2518,680.00
5.470639,936.2977,686.00
5.470639,936.3437,676.00
5.470639,936.3896,633.00
5.470639,936.4357,681.00
5.470639,936.4816,624.00
5.470639,936.5275,701.00
5.470639,936.5735,628.00
5.470639,936.6194,680.00
5.470639,936.6654,648.00
5.470639,936.7114,654.00
5.470639,936.7573,614.00
5.470639,936.8032,662.00
5.470639,936.8491,582.00
5.470639,936.8950,666.00
5.470639,936.9409,607.00
5.470639,936.9868,667.00
5.470639,937.0327,613.00
5.470639,937.0786,657.00
5.470639,937.1245,643.00
5.470639,937.1704,661.00
5.470639,937.2162,641.00
5.470639,937.2621,690.00
5.470639,937.3080,610.00
5.470639,937.3539,665.00
5.470639,937.3997,606.00
5.470639,937.4455,676.00
5.470639,937.4913,655.00
5.470639,937.5372,659.00
5.470639,937.5831,638.00
5.470639,937.6289,639.00
5.470639,937.6747,626.00
5.470639,937.7205,665.00
5.470639,937.7663,609.00
5.470639,937.8121,693.00
5.470639,937.8579,603.00
5.470639,937.9037,647.00
5.470639,937.9495,650.00
5.470639,937.9952,678.00
5.470639,938.0410,624.00
5.470639,938.0868,669.00
5.470639,938.1325,595.00
5.470639,938.1783,671.00
5.470639,938.2240,635.00
5.470639,938.2698,670.00
5.470639,938.3155,628.00
5.470639,938.3613,627.00
5.470639,938.4069,655.00
5.470639,938.4527,629.00
5.470639,938.4984,617.00
5.470639,938.5441,650.00
5.470639,938.5898,641.00
5.470639,938.6356,695.00
5.470639,938.6812,646.00
5.470639,938.7269,664.00
5.470639,938.7726,633.00
5.470639,938.8182,656.00
5.470639,938.8640,649.00
5.470639,938.9096,669.00
5.470639,938.9552,640.00
5.470639,939.0010,658.00
5.470639,939.0466,664.00
5.470639,939.0922,688.00
5.470639,939.1378,650.00
5.470639,939.1835,704.00
5.470639,939.2291,609.00
5.470639,939.2747,678.00
5.470639,939.3203,632.00
5.470639,939.3659,683.00
5.470639,939.4115,658.00
5.470639,939.4570,682.00
5.470639,939.5027,677.00
5.470639,939.5483,674.00
5.470639,939.5939,619.00
5.470639,939.6395,657.00
5.470639,939.6851,623.00
5.470639,939.7306,698.00
5.470639,939.7761,645.00
5.470639,939.8217,697.00
5.470639,939.8672,686.00
5.470639,939.9127,691.00
5.470639,939.9583,651.00
5.470639,940.0038,692.00
5.470639,940.0493,662.00
5.470639,940.0948,699.00
5.470639,940.1403,655.00
5.470639,940.1859,759.00
5.470639,940.2314,674.00
5.470639,940.2769,723.00
5.470639,940.3223,643.00
5.470639,940.3678,713.00
5.470639,940.4133,651.00
5.470639,940.4588,673.00
5.470639,940.5042,653.00
5.470639,940.5497,719.00
5.470639,940.5952,638.00
5.470639,940.6406,691.00
5.470639,940.6860,658.00
5.470639,940.7315,698.00
5.470639,940.7769,679.00
5.470639,940.8223,717.00
5.470639,940.8677,643.00
5.470639,940.9132,701.00
5.470639,940.9586,657.00
5.470639,941.0040,725.00
5.470639,941.0494,694.00
5.470639,941.0948,679.00
5.470639,941.1402,676.00
5.470639,941.1855,662.00
5.470639,941.2310,634.00
5.470639,941.2762,711.00
5.470639,941.3216,631.00
5.470639,941.3670,716.00
5.470639,941.4124,643.00
5.470639,941.4577,697.00
5.470639,941.5031,671.00
5.470639,941.5483,679.00
5.470639,941.5937,652.00
5.470639,941.6390,677.00
5.470639,941.6843,666.00
5.470639,941.7296,707.00
5.470639,941.7749,659.00
5.470639,941.8203,684.00
5.470639,941.8655,678.00
5.470639,941.9108,661.00
5.470639,941.9561,695.00
5.470639,942.0013,697.00
5.470639,942.0467,656.00
5.470639,942.0920,697.00
5.470639,942.1372,666.00
5.470639,942.1824,707.00
5.470639,942.2277,658.00
5.470639,942.2729,684.00
5.470639,942.3182,634.00
5.470639,942.3634,689.00
5.470639,942.4086,647.00
5.470639,942.4539,697.00
5.470639,942.4990,624.00
5.470639,942.5443,667.00
5.470639,942.5895,662.00
5.470639,942.6347,685.00
5.470639,942.6798,630.00
5.470639,942.7250,676.00
5.470639,942.7702,657.00
5.470639,942.8154,697.00
5.470639,942.8606,622.00
5.470639,942.9058,713.00
5.470639,942.9508,640.00
5.470639,942.9960,700.00
5.470639,943.0412,658.00
5.470639,943.0864,677.00
5.470639,943.1314,632.00
5.470639,943.1766,704.00
5.470639,943.2217,648.00
5.470639,943.2668,709.00
5.470639,943.3120,658.00
5.470639,943.3571,712.00
5.470639,943.4021,672.00
5.470639,943.4473,712.00
5.470639,943.4923,650.00
5.470639,943.5374,691.00
5.470639,943.5825,644.00
5.470639,943.6276,706.00
5.470639,943.6725,618.00
5.470639,943.7177,685.00
5.470639,943.7627,667.00
5.470639,943.8078,640.00
5.470639,943.8528,657.00
5.470639,943.8978,687.00
5.470639,943.9429,638.00
5.470639,943.9879,713.00
5.470639,944.0330,652.00
5.470639,944.0779,714.00
5.470639,944.1229,691.00
5.470639,944.1679,721.00
5.470639,944.2130,654.00
5.470639,944.2579,706.00
5.470639,944.3029,661.00
5.470639,944.3478,643.00
5.470639,944.3929,618.00
5.470639,944.4379,717.00
5.470639,944.4828,657.00
5.470639,944.5277,712.00
5.470639,944.5727,651.00
5.470639,944.6176,711.00
5.470639,944.6626,650.00
5.470639,944.7076,690.00
5.470639,944.7524,626.00
5.470639,944.7974,693.00
5.470639,944.8423,655.00
5.470639,944.8872,699.00
5.470639,944.9321,681.00
5.470639,944.9770,695.00
5.470639,945.0219,676.00
5.470639,945.0667,711.00
5.470639,945.1116,669.00
5.470639,945.1566,678.00
5.470639,945.2014,667.00
5.470639,945.2463,714.00
5.470639,945.2911,635.00
5.470639,945.3360,718.00
5.470639,945.3808,699.00
5.470639,945.4257,683.00
5.470639,945.4705,653.00
5.470639,945.5153,689.00
5.470639,945.5601,645.00
5.470639,945.6050,749.00
5.470639,945.6498,661.00
5.470639,945.6946,650.00
5.470639,945.7394,658.00
5.470639,945.7842,680.00
5.470639,945.8290,666.00
5.470639,945.8738,706.00
5.470639,945.9186,651.00
5.470639,945.9633,707.00
5.470639,946.0081,636.00
5.470639,946.0529,697.00
5.470639,946.0976,673.00
5.470639,946.1423,685.00
5.470639,946.1871,643.00
5.470639,946.2318,712.00
5.470639,946.2766,610.00
5.470639,946.3213,678.00
5.470639,946.3660,634.00
5.470639,946.4107,703.00
5.470639,946.4554,644.00
5.470639,946.5001,689.00
5.470639,946.5449,681.00
5.470639,946.5895,679.00
5.470639,946.6342,651.00
5.470639,946.6789,680.00
5.470639,946.7236,596.00
5.470639,946.7682,694.00
5.470639,946.8129,627.00
5.470639,946.8575,735.00
5.470639,946.9022,664.00
5.470639,946.9468,706.00
5.470639,946.9915,657.00
5.470639,947.0361,689.00
5.470639,947.0807,649.00
5.470639,947.1253,686.00
5.470639,947.1700,593.00
5.470639,947.2146,702.00
5.470639,947.2592,628.00
5.470639,947.3038,698.00
5.470639,947.3483,673.00
5.470639,947.3929,662.00
5.470639,947.4376,609.00
5.470639,947.4821,668.00
5.470639,947.5267,621.00
5.470639,947.5712,716.00
5.470639,947.6158,653.00
5.470639,947.6604,698.00
5.470639,947.7050,672.00
5.470639,947.7495,626.00
5.470639,947.7939,648.00
5.470639,947.8385,692.00
5.470639,947.8831,617.00
5.470639,947.9276,670.00
5.470639,947.9720,645.00
5.470639,948.0166,642.00
5.470639,948.0611,628.00
5.470639,948.1056,672.00
5.470639,948.1501,619.00
5.470639,948.1945,668.00
5.470639,948.2390,617.00
5.470639,948.2835,652.00
5.470639,948.3279,576.00
5.470639,948.3724,657.00
5.470639,948.4169,620.00
5.470639,948.4613,678.00
5.470639,948.5057,620.00
5.470639,948.5502,646.00
5.470639,948.5947,598.00
5.470639,948.6391,680.00
5.470639,948.6835,619.00
5.470639,948.7279,656.00
5.470639,948.7723,641.00
5.470639,948.8167,683.00
5.470639,948.8611,624.00
5.470639,948.9055,625.00
5.470639,948.9498,622.00
5.470639,948.9943,684.00
5.470639,949.0387,629.00
5.470639,949.0830,682.00
5.470639,949.1273,638.00
5.470639,949.1718,683.00
5.470639,949.2161,646.00
5.470639,949.2604,628.00
5.470639,949.3047,627.00
5.470639,949.3491,643.00
5.470639,949.3934,647.00
5.470639,949.4377,653.00
5.470639,949.4821,602.00
5.470639,949.5264,685.00
5.470639,949.5707,659.00
5.470639,949.6150,655.00
5.470639,949.6592,658.00
5.470639,949.7036,657.00
5.470639,949.7479,602.00
5.470639,949.7921,683.00
5.470639,949.8363,639.00
5.470639,949.8806,679.00
5.470639,949.9249,654.00
5.470639,949.9692,675.00
5.470639,950.0134,647.00
5.470639,950.0576,679.00
5.470639,950.1019,633.00
5.470639,950.1461,709.00
5.470639,950.1903,615.00
5.470639,950.2346,681.00
5.470639,950.2787,623.00
5.470639,950.3229,662.00
5.470639,950.3671,628.00
5.470639,950.4114,673.00
5.470639,950.4555,642.00
5.470639,950.4997,665.00
5.470639,950.5439,629.00
5.470639,950.5880,718.00
5.470639,950.6322,608.00
5.470639,950.6763,677.00
5.470639,950.7205,638.00
5.470639,950.7646,670.00
5.470639,950.8088,629.00
5.470639,950.8530,646.00
5.470639,950.8971,654.00
5.470639,950.9412,659.00
5.470639,950.9853,595.00
5.470639,951.0294,702.00
5.470639,951.0735,641.00
5.470639,951.1177,685.00
5.470639,951.1617,667.00
5.470639,951.2057,663.00
5.470639,951.2499,649.00
5.470639,951.2939,674.00
5.470639,951.3380,622.00
5.470639,951.3821,693.00
5.470639,951.4261,623.00
5.470639,951.4702,662.00
5.470639,951.5142,655.00
5.470639,951.5582,699.00
5.470639,951.6024,642.00
5.470639,951.6464,675.00
5.470639,951.6904,659.00
5.470639,951.7344,705.00
5.470639,951.7784,591.00
5.470639,951.8224,703.00
5.470639,951.8665,635.00
5.470639,951.9104,689.00
5.470639,951.9544,646.00
5.470639,951.9984,643.00
5.470639,952.0424,637.00
5.470639,952.0864,661.00
5.470639,952.1303,622.00
5.470639,952.1743,709.00
5.470639,952.2183,675.00
5.470639,952.2621,690.00
5.470639,952.3061,670.00
5.470639,952.3500,719.00
5.470639,952.3940,682.00
5.470639,952.4379,655.00
5.470639,952.4818,625.00
5.470639,952.5258,703.00
5.470639,952.5696,659.00
5.470639,952.6136,719.00
5.470639,952.6574,631.00
5.470639,952.7014,688.00
5.470639,952.7452,643.00
5.470639,952.7891,659.00
5.470639,952.8330,637.00
5.470639,952.8768,701.00
5.470639,952.9207,650.00
5.470639,952.9645,763.00
5.470639,953.0084,639.00
5.470639,953.0522,676.00
5.470639,953.0961,686.00
5.470639,953.1400,655.00
5.470639,953.1838,657.00
5.470639,953.2275,655.00
5.470639,953.2714,632.00
5.470639,953.3152,723.00
5.470639,953.3589,647.00
5.470639,953.4028,694.00
5.470639,953.4466,657.00
5.470639,953.4904,678.00
5.470639,953.5341,655.00
5.470639,953.5779,673.00
5.470639,953.6217,587.00
5.470639,953.6654,656.00
5.470639,953.7092,623.00
5.470639,953.7529,679.00
5.470639,953.7967,634.00
5.470639,953.8405,665.00
5.470639,953.8842,626.00
5.470639,953.9279,633.00
5.470639,953.9716,609.00
5.470639,954.0153,661.00
5.470639,954.0590,606.00
5.470639,954.1027,635.00
5.470639,954.1464,626.00
5.470639,954.1901,662.00
5.470639,954.2338,644.00
5.470639,954.2774,677.00
5.470639,954.3212,631.00
5.470639,954.3648,657.00
5.470639,954.4084,617.00
5.470639,954.4521,666.00
5.470639,954.4958,646.00
5.470639,954.5394,651.00
5.470639,954.5831,626.00
5.470639,954.6267,644.00
5.470639,954.6703,633.00
5.470639,954.7139,663.00
5.470639,954.7576,617.00
5.470639,954.8012,677.00
5.470639,954.8448,598.00
5.470639,954.8884,668.00
5.470639,954.9319,635.00
5.470639,954.9755,660.00
5.470639,955.0191,628.00
5.470639,955.0627,621.00
5.470639,955.1063,600.00
5.470639,955.1498,627.00
5.470639,955.1934,560.00
5.470639,955.2369,652.00
5.470639,955.2805,594.00
5.470639,955.3240,646.00
5.470639,955.3675,643.00
5.470639,955.4111,634.00
5.470639,955.4546,604.00
5.470639,955.4981,657.00
5.470639,955.5416,587.00
5.470639,955.5851,645.00
5.470639,955.6285,601.00
5.470639,955.6722,666.00
5.470639,955.7156,634.00
5.470639,955.7590,623.00
5.470639,955.8025,634.00
5.470639,955.8460,638.00
5.470639,955.8895,625.00
5.470639,955.9329,653.00
5.470639,955.9764,619.00
5.470639,956.0198,657.00
5.470639,956.0632,611.00
5.470639,956.1067,684.00
5.470639,956.1501,626.00
5.470639,956.1935,643.00
5.470639,956.2369,614.00
5.470639,956.2803,645.00
5.470639,956.3238,592.00
5.470639,956.3671,687.00
5.470639,956.4105,649.00
5.470639,956.4539,673.00
5.470639,956.4973,638.00
5.470639,956.5406,622.00
5.470639,956.5841,619.00
5.470639,956.6274,614.00
5.470639,956.6707,592.00
5.470639,956.7141,653.00
5.470639,956.7575,619.00
5.470639,956.8008,683.00
5.470639,956.8442,629.00
5.470639,956.8875,656.00
5.470639,956.9308,622.00
5.470639,956.9741,659.00
5.470639,957.0174,617.00
5.470639,957.0607,672.00
5.470639,957.1040,588.00
5.470639,957.1473,671.00
5.470639,957.1906,629.00
5.470639,957.2339,652.00
5.470639,957.2772,668.00
5.470639,957.3204,674.00
5.470639,957.3636,611.00
5.470639,957.4069,658.00
5.470639,957.4502,618.00
5.470639,957.4934,684.00
5.470639,957.5366,625.00
5.470639,957.5799,675.00
5.470639,957.6230,641.00
5.470639,957.6664,669.00
5.470639,957.7095,634.00
5.470639,957.7527,660.00
5.470639,957.7959,631.00
5.470639,957.8392,700.00
5.470639,957.8823,666.00
5.470639,957.9255,725.00
5.470639,957.9687,662.00
5.470639,958.0118,657.00
5.470639,958.0551,616.00
5.470639,958.0983,685.00
5.470639,958.1414,598.00
5.470639,958.1845,683.00
5.470639,958.2277,640.00
5.470639,958.2708,696.00
5.470639,958.3139,632.00
5.470639,958.3571,705.00
5.470639,958.4001,679.00
5.470639,958.4432,676.00
5.470639,958.4864,644.00
5.470639,958.5295,686.00
5.470639,958.5726,666.00
5.470639,958.6157,699.00
5.470639,958.6588,634.00
5.470639,958.7018,674.00
5.470639,958.7449,629.00
5.470639,958.7879,697.00
5.470639,958.8311,633.00
5.470639,958.8741,693.00
5.470639,958.9171,621.00
5.470639,958.9601,668.00
5.470639,959.0032,622.00
5.470639,959.0463,696.00
5.470639,959.0893,664.00
5.470639,959.1323,656.00
5.470639,959.1752,666.00
5.470639,959.2183,673.00
5.470639,959.2613,656.00
5.470639,959.3043,674.00
5.470639,959.3472,604.00
5.470639,959.3903,667.00
5.470639,959.4332,618.00
5.470639,959.4763,658.00
5.470639,959.5192,641.00
5.470639,959.5621,636.00
5.470639,959.6051,643.00
5.470639,959.6480,679.00
5.470639,959.6910,565.00
5.470639,959.7339,696.00
5.470639,959.7768,616.00
5.470639,959.8198,647.00
5.470639,959.8627,615.00
5.470639,959.9056,670.00
5.470639,959.9485,620.00
5.470639,959.9915,642.00
5.470639,960.0343,607.00
5.470639,960.0771,681.00
5.470639,960.1201,601.00
5.470639,960.1630,646.00
5.470639,960.2058,619.00
5.470639,960.2487,631.00
5.470639,960.2915,606.00
5.470639,960.3344,620.00
5.470639,960.3773,571.00
5.470639,960.4200,657.00
5.470639,960.4629,601.00
5.470639,960.5057,673.00
5.470639,960.5485,622.00
5.470639,960.5914,645.00
5.470639,960.6342,642.00
5.470639,960.6770,604.00
5.470639,960.7198,616.00
5.470639,960.7626,605.00
5.470639,960.8054,572.00
5.470639,960.8481,653.00
5.470639,960.8909,612.00
5.470639,960.9337,666.00
5.470639,960.9764,630.00
5.470639,961.0192,630.00
5.470639,961.0620,584.00
5.470639,961.1047,606.00
5.470639,961.1475,589.00
5.470639,961.1902,681.00
5.470639,961.2329,587.00
5.470639,961.2757,660.00
5.470639,961.3184,627.00
5.470639,961.3611,600.00
5.470639,961.4037,598.00
5.470639,961.4465,637.00
5.470639,961.4892,596.00
5.470639,961.5319,655.00
5.470639,961.5745,592.00
5.470639,961.6172,661.00
5.470639,961.6599,622.00
5.470639,961.7026,660.00
5.470639,961.7452,627.00
5.470639,961.7878,618.00
5.470639,961.8304,602.00
5.470639,961.8731,661.00
5.470639,961.9157,596.00
5.470639,961.9584,641.00
5.470639,962.0010,629.00
5.470639,962.0436,675.00
5.470639,962.0862,620.00
5.470639,962.1288,630.00
5.470639,962.1714,606.00
5.470639,962.2140,626.00
5.470639,962.2565,581.00
5.470639,962.2991,644.00
5.470639,962.3417,585.00
5.470639,962.3843,649.00
5.470639,962.4268,643.00
5.470639,962.4694,630.00
5.470639,962.5119,610.00
5.470639,962.5545,662.00
5.470639,962.5970,614.00
5.470639,962.6396,659.00
5.470639,962.6821,601.00
5.470639,962.7246,687.00
5.470639,962.7671,625.00
5.470639,962.8096,677.00
5.470639,962.8522,621.00
5.470639,962.8947,624.00
5.470639,962.9371,599.00
5.470639,962.9796,640.00
5.470639,963.0222,618.00
5.470639,963.0646,664.00
5.470639,963.1070,594.00
5.470639,963.1495,637.00
5.470639,963.1919,620.00
5.470639,963.2344,605.00
5.470639,963.2768,608.00
5.470639,963.3193,655.00
5.470639,963.3616,608.00
5.470639,963.4041,688.00
5.470639,963.4465,576.00
5.470639,963.4889,678.00
5.470639,963.5314,635.00
5.470639,963.5737,642.00
5.470639,963.6161,624.00
5.470639,963.6585,650.00
5.470639,963.7009,557.00
5.470639,963.7433,643.00
5.470639,963.7856,625.00
5.470639,963.8280,686.00
5.470639,963.8704,613.00
5.470639,963.9127,658.00
5.470639,963.9551,637.00
5.470639,963.9974,644.00
5.470639,964.0397,601.00
5.470639,964.0820,652.00
5.470639,964.1244,607.00
5.470639,964.1667,656.00
5.470639,964.2090,610.00
5.470639,964.2513,648.00
5.470639,964.2936,614.00
5.470639,964.3359,651.00
5.470639,964.3782,596.00
5.470639,964.4205,657.00
5.470639,964.4627,588.00
5.470639,964.5050,657.00
5.470639,964.5472,581.00
5.470639,964.5895,674.00
5.470639,964.6317,628.00
5.470639,964.6740,640.00
5.470639,964.7162,664.00
5.470639,964.7585,624.00
5.470639,964.8007,593.00
5.470639,964.8429,644.00
5.470639,964.8851,596.00
5.470639,964.9273,666.00
5.470639,964.9695,572.00
5.470639,965.0118,642.00
5.470639,965.0539,600.00
5.470639,965.0961,634.00
5.470639,965.1382,637.00
5.470639,965.1805,656.00
5.470639,965.2226,605.00
5.470639,965.2648,654.00
5.470639,965.3069,615.00
5.470639,965.3491,648.00
5.470639,965.3912,608.00
5.470639,965.4333,654.00
5.470639,965.4755,607.00
5.470639,965.5176,633.00
5.470639,965.5598,586.00
5.470639,965.6019,638.00
5.470639,965.6439,589.00
5.470639,965.6861,671.00
5.470639,965.7281,594.00
5.470639,965.7702,627.00
5.470639,965.8123,583.00
5.470639,965.8543,648.00
5.470639,965.8964,547.00
5.470639,965.9385,629.00
5.470639,965.9806,601.00
5.470639,966.0226,637.00
5.470639,966.0647,556.00
5.470639,966.1068,591.00
5.470639,966.1487,628.00
5.470639,966.1907,604.00
5.470639,966.2328,592.00
5.470639,966.2748,642.00
5.470639,966.3168,585.00
5.470639,966.3588,638.00
5.470639,966.4008,596.00
5.470639,966.4427,626.00
5.470639,966.4848,595.00
5.470639,966.5268,622.00
5.470639,966.5688,611.00
5.470639,966.6107,630.00
5.470639,966.6526,607.00
5.470639,966.6946,645.00
5.470639,966.7366,567.00
5.470639,966.7785,653.00
5.470639,966.8204,627.00
5.470639,966.8624,669.00
5.470639,966.9042,618.00
5.470639,966.9462,609.00
5.470639,966.9881,578.00
5.470639,967.0300,649.00
5.470639,967.0719,566.00
5.470639,967.1138,659.00
5.470639,967.1556,608.00
5.470639,967.1976,641.00
5.470639,967.2394,602.00
5.470639,967.2813,641.00
5.470639,967.3232,613.00
5.470639,967.3651,636.00
5.470639,967.4070,582.00
5.470639,967.4488,645.00
5.470639,967.4906,594.00
5.470639,967.5324,674.00
5.470639,967.5743,646.00
5.470639,967.6161,653.00
5.470639,967.6579,626.00
5.470639,967.6997,677.00
5.470639,967.7415,585.00
5.470639,967.7833,665.00
5.470639,967.8251,584.00
5.470639,967.8669,677.00
5.470639,967.9087,632.00
5.470639,967.9504,628.00
5.470639,967.9922,636.00
5.470639,968.0339,646.00
5.470639,968.0757,610.00
5.470639,968.1174,672.00
5.470639,968.1592,594.00
5.470639,968.2009,654.00
5.470639,968.2427,583.00
5.470639,968.2844,653.00
5.470639,968.3262,656.00
5.470639,968.3679,611.00
5.470639,968.4095,613.00
5.470639,968.4512,639.00
5.470639,968.4930,588.00
5.470639,968.5347,680.00
5.470639,968.5763,643.00
5.470639,968.6180,676.00
5.470639,968.6597,607.00
5.470639,968.7014,656.00
5.470639,968.7430,626.00
5.470639,968.7846,635.00
5.470639,968.8263,598.00
5.470639,968.8679,659.00
5.470639,968.9095,618.00
5.470639,968.9512,705.00
5.470639,968.9928,617.00
5.470639,969.0344,623.00
5.470639,969.0761,631.00
5.470639,969.1177,627.00
5.470639,969.1592,608.00
5.470639,969.2009,632.00
5.470639,969.2424,585.00
5.470639,969.2839,659.00
5.470639,969.3255,611.00
5.470639,969.3672,644.00
5.470639,969.4087,620.00
5.470639,969.4503,654.00
5.470639,969.4918,575.00
5.470639,969.5333,571.00
5.470639,969.5749,572.00
5.470639,969.6165,648.00
5.470639,969.6580,593.00
5.470639,969.6995,639.00
5.470639,969.7410,613.00
5.470639,969.7825,646.00
5.470639,969.8240,586.00
5.470639,969.8655,632.00
5.470639,969.9070,593.00
5.470639,969.9484,662.00
5.470639,969.9899,589.00
5.470639,970.0314,641.00
5.470639,970.0728,640.00
5.470639,970.1143,612.00
5.470639,970.1558,625.00
5.470639,970.1971,652.00
5.470639,970.2386,580.00
5.470639,970.2801,614.00
5.470639,970.3215,564.00
5.470639,970.3629,662.00
5.470639,970.4044,596.00
5.470639,970.4457,632.00
5.470639,970.4872,625.00
5.470639,970.5286,620.00
5.470639,970.5699,605.00
5.470639,970.6113,620.00
5.470639,970.6527,546.00
5.470639,970.6941,612.00
5.470639,970.7354,614.00
5.470639,970.7768,602.00
5.470639,970.8182,620.00
5.470639,970.8595,667.00
5.470639,970.9009,618.00
5.470639,970.9422,611.00
5.470639,970.9835,581.00
5.470639,971.0248,622.00
5.470639,971.0662,559.00
5.470639,971.1075,635.00
5.470639,971.1487,603.00
5.470639,971.1901,644.00
5.470639,971.2314,627.00
5.470639,971.2727,605.00
5.470639,971.3140,577.00
5.470639,971.3552,619.00
5.470639,971.3965,544.00
5.470639,971.4377,639.00
5.470639,971.4789,606.00
5.470639,971.5203,622.00
5.470639,971.5615,621.00
5.470639,971.6027,622.00
5.470639,971.6439,557.00
5.470639,971.6852,591.00
5.470639,971.7264,575.00
5.470639,971.7676,642.00
5.470639,971.8088,595.00
5.470639,971.8500,612.00
5.470639,971.8912,573.00
5.470639,971.9324,651.00
5.470639,971.9736,627.00
5.470639,972.0148,613.00
5.470639,972.0560,622.00
5.470639,972.0972,672.00
5.470639,972.1384,571.00
5.470639,972.1794,645.00
5.470639,972.2206,598.00
5.470639,972.2617,591.00
5.470639,972.3029,610.00
5.470639,972.3439,589.00
5.470639,972.3851,554.00
5.470639,972.4262,585.00
5.470639,972.4673,513.00
5.470639,972.5085,635.00
5.470639,972.5496,576.00
5.470639,972.5907,597.00
5.470639,972.6317,578.00
5.470639,972.6729,604.00
5.470639,972.7139,543.00
5.470639,972.7549,604.00
5.470639,972.7961,552.00
5.470639,972.8371,599.00
5.470639,972.8781,584.00
5.470639,972.9191,639.00
5.470639,972.9602,594.00
5.470639,973.0013,636.00
5.470639,973.0423,573.00
5.470639,973.0833,580.00
5.470639,973.1243,529.00
5.470639,973.1653,583.00
5.470639,973.2064,528.00
5.470639,973.2473,628.00
5.470639,973.2883,578.00
5.470639,973.3293,628.00
5.470639,973.3703,575.00
5.470639,973.4113,626.00
5.470639,973.4522,558.00
5.470639,973.4931,607.00
5.470639,973.5341,558.00
5.470639,973.5750,587.00
5.470639,973.6160,581.00
5.470639,973.6570,625.00
5.470639,973.6978,603.00
5.470639,973.7388,587.00
5.470639,973.7797,583.00
5.470639,973.8206,608.00
5.470639,973.8615,570.00
5.470639,973.9024,587.00
5.470639,973.9433,581.00
5.470639,973.9842,637.00
5.470639,974.0250,570.00
5.470639,974.0660,633.00
5.470639,974.1068,627.00
5.470639,974.1476,590.00
5.470639,974.1885,570.00
5.470639,974.2294,639.00
5.470639,974.2702,572.00
5.470639,974.3110,651.00
5.470639,974.3519,601.00
5.470639,974.3927,635.00
5.470639,974.4335,603.00
5.470639,974.4743,642.00
5.470639,974.5151,609.00
5.470639,974.5559,616.00
5.470639,974.5967,563.00
5.470639,974.6375,649.00
5.470639,974.6783,601.00
5.470639,974.7191,644.00
5.470639,974.7598,594.00
5.470639,974.8006,647.00
5.470639,974.8413,614.00
5.470639,974.8821,616.00
5.470639,974.9229,594.00
5.470639,974.9636,671.00
5.470639,975.0043,605.00
5.470639,975.0450,655.00
5.470639,975.0858,596.00
5.470639,975.1265,631.00
5.470639,975.1672,621.00
5.470639,975.2079,646.00
5.470639,975.2485,601.00
5.470639,975.2892,656.00
5.470639,975.3300,591.00
5.470639,975.3706,676.00
5.470639,975.4113,621.00
5.470639,975.4519,644.00
5.470639,975.4926,654.00
5.470639,975.5333,651.00
5.470639,975.5739,602.00
5.470639,975.6146,640.00
5.470639,975.6552,564.00
5.470639,975.6958,657.00
5.470639,975.7363,625.00
5.470639,975.7770,637.00
5.470639,975.8176,626.00
5.470639,975.8582,642.00
5.470639,975.8989,642.00
5.470639,975.9395,622.00
5.470639,975.9800,644.00
5.470639,976.0206,661.00
5.470639,976.0611,605.00
5.470639,976.1017,681.00
5.470639,976.1423,621.00
5.470639,976.1829,630.00
5.470639,976.2234,598.00
5.470639,976.2639,650.00
5.470639,976.3044,598.00
5.470639,976.3450,640.00
5.470639,976.3855,601.00
5.470639,976.4260,641.00
5.470639,976.4665,653.00
5.470639,976.5070,653.00
5.470639,976.5475,664.00
5.470639,976.5880,636.00
5.470639,976.6285,586.00
5.470639,976.6690,638.00
5.470639,976.7095,568.00
5.470639,976.7500,656.00
5.470639,976.7905,596.00
5.470639,976.8308,675.00
5.470639,976.8713,589.00
5.470639,976.9117,608.00
5.470639,976.9521,612.00
5.470639,976.9926,622.00
5.470639,977.0330,587.00
5.470639,977.0734,628.00
5.470639,977.1139,584.00
5.470639,977.1542,648.00
5.470639,977.1947,603.00
5.470639,977.2350,649.00
5.470639,977.2755,596.00
5.470639,977.3158,592.00
5.470639,977.3562,586.00
5.470639,977.3965,647.00
5.470639,977.4370,590.00
5.470639,977.4773,622.00
5.470639,977.5176,604.00
5.470639,977.5579,609.00
5.470639,977.5983,571.00
5.470639,977.6387,641.00
5.470639,977.6790,577.00
5.470639,977.7192,616.00
5.470639,977.7595,562.00
5.470639,977.7999,659.00
5.470639,977.8402,592.00
5.470639,977.8805,600.00
5.470639,977.9208,580.00
5.470639,977.9610,575.00
5.470639,978.0013,557.00
5.470639,978.0417,592.00
5.470639,978.0819,544.00
5.470639,978.1221,618.00
5.470639,978.1624,555.00
5.470639,978.2026,596.00
5.470639,978.2428,552.00
5.470639,978.2831,572.00
5.470639,978.3233,597.00
5.470639,978.3635,563.00
5.470639,978.4037,516.00
5.470639,978.4440,584.00
5.470639,978.4842,522.00
5.470639,978.5244,622.00
5.470639,978.5645,575.00
5.470639,978.6047,572.00
5.470639,978.6449,544.00
5.470639,978.6851,613.00
5.470639,978.7253,543.00
5.470639,978.7654,573.00
5.470639,978.8055,556.00
5.470639,978.8458,592.00
5.470639,978.8859,546.00
5.470639,978.9260,591.00
5.470639,978.9661,580.00
5.470639,979.0062,584.00
5.470639,979.0463,540.00
5.470639,979.0864,591.00
5.470639,979.1266,513.00
5.470639,979.1666,604.00
5.470639,979.2067,554.00
5.470639,979.2469,592.00
5.470639,979.2869,587.00
5.470639,979.3270,570.00
5.470639,979.3671,570.00
5.470639,979.4071,573.00
5.470639,979.4471,532.00
5.470639,979.4871,589.00
5.470639,979.5272,517.00
5.470639,979.5673,613.00
5.470639,979.6072,592.00
5.470639,979.6473,570.00
5.470639,979.6873,590.00
5.470639,979.7273,592.00
5.470639,979.7673,552.00
5.470639,979.8073,592.00
5.470639,979.8473,527.00
5.470639,979.8873,609.00
5.470639,979.9273,528.00
5.470639,979.9673,608.00
5.470639,980.0072,602.00
5.470639,980.0471,567.00
5.470639,980.0872,570.00
5.470639,980.1271,582.00
5.470639,980.1671,528.00
5.470639,980.2069,627.00
5.470639,980.2469,529.00
5.470639,980.2868,633.00
5.470639,980.3267,577.00
5.470639,980.3666,620.00
5.470639,980.4065,567.00
5.470639,980.4464,598.00
5.470639,980.4863,578.00
5.470639,980.5262,616.00
5.470639,980.5660,552.00
5.470639,980.6060,643.00
5.470639,980.6458,565.00
5.470639,980.6857,605.00
5.470639,980.7255,592.00
5.470639,980.7654,598.00
5.470639,980.8052,579.00
5.470639,980.8450,608.00
5.470639,980.8849,540.00
5.470639,980.9247,608.00
5.470639,980.9645,553.00
5.470639,981.0043,623.00
5.470639,981.0441,620.00
5.470639,981.0839,630.00
5.470639,981.1237,556.00
5.470639,981.1635,594.00
5.470639,981.2033,509.00
5.470639,981.2430,602.00
5.470639,981.2828,517.00
5.470639,981.3226,608.00
5.470639,981.3624,585.00
5.470639,981.4021,604.00
5.470639,981.4418,569.00
5.470639,981.4816,578.00
5.470639,981.5213,538.00
5.470639,981.5610,602.00
5.470639,981.6008,520.00
5.470639,981.6404,588.00
5.470639,981.6802,565.00
5.470639,981.7198,619.00
5.470639,981.7596,585.00
5.470639,981.7993,596.00
5.470639,981.8389,566.00
5.470639,981.8786,572.00
5.470639,981.9182,519.00
5.470639,981.9579,600.00
5.470639,981.9976,544.00
5.470639,982.0372,601.00
5.470639,982.0768,536.00
5.470639,982.1165,565.00
5.470639,982.1561,524.00
5.470639,982.1958,594.00
5.470639,982.2354,496.00
5.470639,982.2750,578.00
5.470639,982.3146,538.00
5.470639,982.3541,604.00
5.470639,982.3937,537.00
5.470639,982.4333,592.00
5.470639,982.4730,561.00
5.470639,982.5125,593.00
5.470639,982.5521,528.00
5.470639,982.5917,588.00
5.470639,982.6312,518.00
5.470639,982.6707,590.00
5.470639,982.7103,562.00
5.470639,982.7498,594.00
5.470639,982.7893,540.00
5.470639,982.8289,569.00
5.470639,982.8683,507.00
5.470639,982.9079,553.00
5.470639,982.9474,519.00
5.470639,982.9869,578.00
5.470639,983.0264,530.00
5.470639,983.0659,605.00
5.470639,983.1053,546.00
5.470639,983.1448,577.00
5.470639,983.1843,555.00
5.470639,983.2238,611.00
5.470639,983.2632,560.00
5.470639,983.3027,597.00
5.470639,983.3420,550.00
5.470639,983.3816,575.00
5.470639,983.4210,563.00
5.470639,983.4604,602.00
5.470639,983.4998,564.00
5.470639,983.5392,569.00
5.470639,983.5786,537.00
5.470639,983.6180,559.00
5.470639,983.6574,537.00
5.470639,983.6968,592.00
5.470639,983.7361,554.00
5.470639,983.7755,590.00
5.470639,983.8149,501.00
5.470639,983.8543,566.00
5.470639,983.8936,524.00
5.470639,983.9329,561.00
5.470639,983.9723,511.00
5.470639,984.0116,592.00
5.470639,984.0510,529.00
5.470639,984.0903,578.00
5.470639,984.1296,566.00
5.470639,984.1689,593.00
5.470639,984.2083,566.00
5.470639,984.2476,548.00
5.470639,984.2868,529.00
5.470639,984.3261,583.00
5.470639,984.3654,516.00
5.470639,984.4046,593.00
5.470639,984.4440,556.00
5.470639,984.4832,580.00
5.470639,984.5225,499.00
5.470639,984.5616,562.00
5.470639,984.6010,514.00
5.470639,984.6402,556.00
5.470639,984.6794,510.00
5.470639,984.7186,607.00
5.470639,984.7578,557.00
5.470639,984.7970,591.00
5.470639,984.8362,578.00
5.470639,984.8755,547.00
5.470639,984.9146,559.00
5.470639,984.9538,570.00
5.470639,984.9930,513.00
5.470639,985.0322,591.00
5.470639,985.0714,543.00
5.470639,985.1105,565.00
5.470639,985.1497,523.00
5.470639,985.1888,538.00
5.470639,985.2279,523.00
5.470639,985.2671,575.00
5.470639,985.3062,524.00
5.470639,985.3453,567.00
5.470639,985.3845,517.00
5.470639,985.4236,573.00
5.470639,985.4626,545.00
5.470639,985.5017,584.00
5.470639,985.5408,555.00
5.470639,985.5799,602.00
5.470639,985.6190,522.00
5.470639,985.6581,570.00
5.470639,985.6971,530.00
5.470639,985.7362,597.00
5.470639,985.7752,531.00
5.470639,985.8143,571.00
5.470639,985.8533,537.00
5.470639,985.8924,587.00
5.470639,985.9314,546.00
5.470639,985.9704,571.00
5.470639,986.0094,523.00
5.470639,986.0484,590.00
5.470639,986.0875,521.00
5.470639,986.1265,599.00
5.470639,986.1655,521.00
5.470639,986.2044,551.00
5.470639,986.2434,533.00
5.470639,986.2823,578.00
5.470639,986.3214,501.00
5.470639,986.3603,566.00
5.470639,986.3992,477.00
5.470639,986.4382,572.00
5.470639,986.4771,533.00
5.470639,986.5161,594.00
5.470639,986.5550,551.00
5.470639,986.5939,572.00
5.470639,986.6329,522.00
5.470639,986.6718,566.00
5.470639,986.7106,487.00
5.470639,986.7495,551.00
5.470639,986.7884,518.00
5.470639,986.8273,573.00
5.470639,986.8661,519.00
5.470639,986.9050,567.00
5.470639,986.9438,517.00
5.470639,986.9828,531.00
5.470639,987.0216,496.00
5.470639,987.0605,577.00
5.470639,987.0993,469.00
5.470639,987.1381,576.00
5.470639,987.1769,517.00
5.470639,987.2158,532.00
5.470639,987.2546,548.00
5.470639,987.2934,554.00
5.470639,987.3322,488.00
5.470639,987.3710,568.00
5.470639,987.4097,484.00
5.470639,987.4486,554.00
5.470639,987.4873,515.00
5.470639,987.5261,550.00
5.470639,987.5649,536.00
5.470639,987.6036,518.00
5.470639,987.6423,495.00
5.470639,987.6812,573.00
5.470639,987.7198,487.00
5.470639,987.7586,590.00
5.470639,987.7972,539.00
5.470639,987.8361,559.00
5.470639,987.8748,532.00
5.470639,987.9135,551.00
5.470639,987.9521,509.00
5.470639,987.9908,547.00
5.470639,988.0295,495.00
5.470639,988.0681,542.00
5.470639,988.1069,487.00
5.470639,988.1456,576.00
5.470639,988.1842,539.00
5.470639,988.2228,563.00
5.470639,988.2615,545.00
5.470639,988.3002,533.00
5.470639,988.3388,444.00
5.470639,988.3774,537.00
5.470639,988.4160,509.00
5.470639,988.4546,566.00
5.470639,988.4933,510.00
5.470639,988.5319,510.00
5.470639,988.5704,518.00
5.470639,988.6090,486.00
5.470639,988.6476,477.00
5.470639,988.6862,531.00
5.470639,988.7248,461.00
5.470639,988.7634,583.00
5.470639,988.8019,493.00
5.470639,988.8405,536.00
5.470639,988.8790,519.00
5.470639,988.9176,520.00
5.470639,988.9561,503.00
5.470639,988.9946,512.00
5.470639,989.0332,494.00
5.470639,989.0717,527.00
5.470639,989.1102,478.00
5.470639,989.1487,521.00
5.470639,989.1871,500.00
5.470639,989.2256,543.00
5.470639,989.2641,523.00
5.470639,989.3027,521.00
5.470639,989.3411,520.00
5.470639,989.3795,556.00
5.470639,989.4180,479.00
5.470639,989.4565,559.00
5.470639,989.4949,472.00
5.470639,989.5334,526.00
5.470639,989.5718,528.00
5.470639,989.6102,529.00
5.470639,989.6486,525.00
5.470639,989.6871,522.00
5.470639,989.7255,471.00
5.470639,989.7639,518.00
5.470639,989.8022,512.00
5.470639,989.8407,528.00
5.470639,989.8791,517.00
5.470639,989.9174,539.00
5.470639,989.9558,489.00
5.470639,989.9941,576.00
5.470639,990.0325,500.00
5.470639,990.0709,582.00
5.470639,990.1093,501.00
5.470639,990.1475,558.00
5.470639,990.1859,544.00
5.470639,990.2242,528.00
5.470639,990.2626,505.00
5.470639,990.3008,528.00
5.470639,990.3391,471.00
5.470639,990.3774,562.00
5.470639,990.4157,516.00
5.470639,990.4540,550.00
5.470639,990.4924,504.00
5.470639,990.5306,545.00
5.470639,990.5688,505.00
5.470639,990.6071,540.00
5.470639,990.6454,485.00
5.470639,990.6837,532.00
5.470639,990.7219,488.00
5.470639,990.7601,552.00
5.470639,990.7983,518.00
5.470639,990.8365,566.00
5.470639,990.8748,512.00
5.470639,990.9130,540.00
5.470639,990.9512,546.00
5.470639,990.9893,549.00
5.470639,991.0276,501.00
5.470639,991.0658,530.00
5.470639,991.1039,500.00
5.470639,991.1421,555.00
5.470639,991.1802,520.00
5.470639,991.2184,556.00
5.470639,991.2565,503.00
5.470639,991.2947,526.00
5.470639,991.3329,473.00
5.470639,991.3710,554.00
5.470639,991.4091,520.00
5.470639,991.4473,591.00
5.470639,991.4854,547.00
5.470639,991.5234,590.00
5.470639,991.5616,539.00
5.470639,991.5997,554.00
5.470639,991.6378,517.00
5.470639,991.6758,605.00
5.470639,991.7139,511.00
5.470639,991.7520,557.00
5.470639,991.7900,507.00
5.470639,991.8282,546.00
5.470639,991.8661,534.00
5.470639,991.9042,531.00
5.470639,991.9422,522.00
5.470639,991.9803,553.00
5.470639,992.0182,465.00
5.470639,992.0563,571.00
5.470639,992.0944,503.00
5.470639,992.1323,593.00
5.470639,992.1703,546.00
5.470639,992.2084,550.00
5.470639,992.2463,533.00
5.470639,992.2844,541.00
5.470639,992.3223,494.00
5.470639,992.3602,549.00
5.470639,992.3982,511.00
5.470639,992.4362,590.00
5.470639,992.4741,528.00
5.470639,992.5120,585.00
5.470639,992.5500,550.00
5.470639,992.5879,535.00
5.470639,992.6259,525.00
5.470639,992.6638,590.00
5.470639,992.7017,516.00
5.470639,992.7396,575.00
5.470639,992.7775,539.00
5.470639,992.8154,596.00
5.470639,992.8533,541.00
5.470639,992.8912,534.00
5.470639,992.9290,521.00
5.470639,992.9669,567.00
5.470639,993.0048,542.00
5.470639,993.0426,582.00
5.470639,993.0804,531.00
5.470639,993.1183,572.00
5.470639,993.1561,527.00
5.470639,993.1940,555.00
5.470639,993.2318,553.00
5.470639,993.2696,559.00
5.470639,993.3074,518.00
5.470639,993.3452,573.00
5.470639,993.3830,527.00
5.470639,993.4208,588.00
5.470639,993.4586,495.00
5.470639,993.4963,555.00
5.470639,993.5341,540.00
5.470639,993.5719,565.00
5.470639,993.6096,494.00
5.470639,993.6474,571.00
5.470639,993.6851,497.00
5.470639,993.7228,542.00
5.470639,993.7606,562.00
5.470639,993.7984,565.00
5.470639,993.8361,527.00
5.470639,993.8738,564.00
5.470639,993.9115,539.00
5.470639,993.9492,549.00
5.470639,993.9869,490.00
5.470639,994.0245,571.00
5.470639,994.0622,506.00
5.470639,994.0999,587.00
5.470639,994.1376,538.00
5.470639,994.1753,547.00
5.470639,994.2130,543.00
5.470639,994.2505,529.00
5.470639,994.2881,497.00
5.470639,994.3258,595.00
5.470639,994.3634,495.00
5.470639,994.4010,561.00
5.470639,994.4387,498.00
5.470639,994.4763,560.00
5.470639,994.5139,551.00
5.470639,994.5515,507.00
5.470639,994.5891,506.00
5.470639,994.6266,531.00
5.470639,994.6642,474.00
5.470639,994.7018,529.00
5.470639,994.7393,529.00
5.470639,994.7769,525.00
5.470639,994.8145,521.00
5.470639,994.8521,535.00
5.470639,994.8895,484.00
5.470639,994.9271,542.00
5.470639,994.9647,478.00
5.470639,995.0022,546.00
5.470639,995.0397,487.00
5.470639,995.0771,536.00
5.470639,995.1146,493.00
5.470639,995.1522,515.00
5.470639,995.1896,497.00
5.470639,995.2271,519.00
5.470639,995.2646,478.00
5.470639,995.3021,536.00
5.470639,995.3396,509.00
5.470639,995.3770,542.00
5.470639,995.4145,509.00
5.470639,995.4518,551.00
5.470639,995.4893,494.00
5.470639,995.5267,508.00
5.470639,995.5641,505.00
5.470639,995.6016,524.00
5.470639,995.6390,503.00
5.470639,995.6765,505.00
5.470639,995.7138,494.00
5.470639,995.7512,512.00
5.470639,995.7886,506.00
5.470639,995.8260,513.00
5.470639,995.8633,486.00
5.470639,995.9007,509.00
5.470639,995.9380,480.00
5.470639,995.9754,495.00
5.470639,996.0128,466.00
5.470639,996.0501,541.00
5.470639,996.0874,514.00
5.470639,996.1248,570.00
5.470639,996.1621,489.00
5.470639,996.1994,559.00
5.470639,996.2367,470.00
5.470639,996.2740,537.00
5.470639,996.3113,483.00
5.470639,996.3486,542.00
5.470639,996.3859,513.00
5.470639,996.4232,565.00
5.470639,996.4604,524.00
5.470639,996.4977,519.00
5.470639,996.5350,485.00
5.470639,996.5722,548.00
5.470639,996.6094,492.00
5.470639,996.6466,556.00
5.470639,996.6838,505.00
5.470639,996.7211,552.00
5.470639,996.7583,534.00
5.470639,996.7955,534.00
5.470639,996.8327,560.00
5.470639,996.8700,562.00
5.470639,996.9072,510.00
5.470639,996.9443,555.00
5.470639,996.9815,507.00
5.470639,997.0187,526.00
5.470639,997.0558,531.00
5.470639,997.0930,547.00
5.470639,997.1301,527.00
5.470639,997.1672,563.00
5.470639,997.2045,519.00
5.470639,997.2416,553.00
5.470639,997.2787,513.00
5.470639,997.3158,577.00
5.470639,997.3530,511.00
5.470639,997.3900,567.00
5.470639,997.4271,512.00
5.470639,997.4642,526.00
5.470639,997.5013,530.00
5.470639,997.5384,571.00
5.470639,997.5754,485.00
5.470639,997.6126,588.00
5.470639,997.6497,499.00
5.470639,997.6867,551.00
5.470639,997.7238,519.00
5.470639,997.7607,568.00
5.470639,997.7978,506.00
5.470639,997.8348,571.00
5.470639,997.8718,527.00
5.470639,997.9088,591.00
5.470639,997.9458,498.00
5.470639,997.9829,559.00
5.470639,998.0200,567.00
5.470639,998.0569,557.00
5.470639,998.0939,521.00
5.470639,998.1309,557.00
5.470639,998.1678,517.00
5.470639,998.2048,573.00
5.470639,998.2417,482.00
5.470639,998.2786,598.00
5.470639,998.3156,486.00
5.470639,998.3525,572.00
5.470639,998.3896,528.00
5.470639,998.4265,545.00
5.470639,998.4633,531.00
5.470639,998.5003,589.00
5.470639,998.5372,488.00
5.470639,998.5740,580.00
5.470639,998.6110,510.00
5.470639,998.6478,591.00
5.470639,998.6847,500.00
5.470639,998.7217,558.00
5.470639,998.7585,518.00
5.470639,998.7953,491.00
5.470639,998.8322,499.00
5.470639,998.8691,576.00
5.470639,998.9059,509.00
5.470639,998.9427,589.00
5.470639,998.9795,515.00
5.470639,999.0163,563.00
5.470639,999.0531,516.00
5.470639,999.0899,544.00
5.470639,999.1267,484.00
5.470639,999.1636,553.00
5.470639,999.2004,517.00
5.470639,999.2372,556.00
5.470639,999.2739,508.00
5.470639,999.3107,574.00
5.470639,999.3474,546.00
5.470639,999.3842,528.00
5.470639,999.4210,520.00
5.470639,999.4576,536.00
5.470639,999.4946,495.00
5.470639,999.5312,555.00
5.470639,999.5680,522.00
5.470639,999.6047,536.00
5.470639,999.6414,522.00
5.470639,999.6780,553.00
5.470639,999.7147,477.00
5.470639,999.7515,521.00
5.470639,999.7881,460.00
5.470639,999.8248,517.00
5.470639,999.8614,514.00
5.470639,999.8981,556.00
5.470639,999.9349,516.00
5.470639,999.9715,550.00
5.470639,1000.0081,518.00
5.470639,1000.0447,511.00
5.470639,1000.0814,498.00
5.470639,1000.1180,508.00
5.470639,1000.1546,465.00
5.470639,1000.1912,543.00
5.470639,1000.2278,493.00
5.470639,1000.2645,561.00
5.470639,1000.3011,520.00
5.470639,1000.3377,528.00
5.470639,1000.3742,505.00
5.470639,1000.4108,536.00
5.470639,1000.4474,454.00
5.470639,1000.4839,496.00
5.470639,1000.5204,474.00
5.470639,1000.5570,508.00
5.470639,1000.5935,494.00
5.470639,1000.6301,483.00
5.470639,1000.6667,460.00
5.470639,1000.7032,507.00
5.470639,1000.7397,490.00
5.470639,1000.7762,535.00
5.470639,1000.8127,457.00
5.470639,1000.8492,540.00
5.470639,1000.8857,503.00
5.470639,1000.9222,501.00
5.470639,1000.9586,513.00
5.470639,1000.9951,518.00
5.470639,1001.0316,466.00
5.470639,1001.0681,551.00
5.470639,1001.1046,476.00
5.470639,1001.1410,542.00
5.470639,1001.1774,479.00
5.470639,1001.2138,515.00
5.470639,1001.2502,509.00
5.470639,1001.2866,518.00
5.470639,1001.3230,489.00
5.470639,1001.3594,517.00
5.470639,1001.3958,477.00
5.470639,1001.4323,546.00
5.470639,1001.4687,455.00
5.470639,1001.5051,522.00
5.470639,1001.5414,518.00
5.470639,1001.5778,496.00
5.470639,1001.6141,497.00
5.470639,1001.6505,501.00
5.470639,1001.6868,435.00
5.470639,1001.7231,515.00
5.470639,1001.7596,430.00
5.470639,1001.7958,514.00
5.470639,1001.8322,484.00
5.470639,1001.8685,517.00
5.470639,1001.9048,465.00
5.470639,1001.9411,487.00
5.470639,1001.9774,451.00
5.470639,1002.0136,476.00
5.470639,1002.0499,448.00
5.470639,1002.0862,546.00
5.470639,1002.1224,465.00
5.470639,1002.1587,563.00
5.470639,1002.1951,492.00
5.470639,1002.2313,512.00
5.470639,1002.2675,481.00
5.470639,1002.3038,492.00
5.470639,1002.3400,479.00
5.470639,1002.3762,500.00
5.470639,1002.4124,476.00
5.470639,1002.4486,556.00
5.470639,1002.4848,508.00
5.470639,1002.5211,541.00
5.470639,1002.5573,504.00
5.470639,1002.5934,522.00
5.470639,1002.6296,504.00
5.470639,1002.6657,524.00
5.470639,1002.7019,480.00
5.470639,1002.7380,536.00
5.470639,1002.7742,513.00
5.470639,1002.8104,518.00
5.470639,1002.8464,484.00
5.470639,1002.8826,534.00
5.470639,1002.9187,454.00
5.470639,1002.9549,512.00
5.470639,1002.9910,465.00
5.470639,1003.0271,566.00
5.470639,1003.0632,465.00
5.470639,1003.0992,551.00
5.470639,1003.1354,496.00
5.470639,1003.1714,494.00
5.470639,1003.2075,519.00
5.470639,1003.2435,528.00
5.470639,1003.2797,463.00
5.470639,1003.3157,538.00
5.470639,1003.3518,495.00
5.470639,1003.3878,561.00
5.470639,1003.4238,502.00
5.470639,1003.4598,523.00
5.470639,1003.4958,489.00
5.470639,1003.5319,511.00
5.470639,1003.5678,462.00
5.470639,1003.6039,533.00
5.470639,1003.6398,459.00
5.470639,1003.6759,544.00
5.470639,1003.7119,511.00
5.470639,1003.7479,499.00
5.470639,1003.7838,480.00
5.470639,1003.8198,491.00
5.470639,1003.8557,490.00
5.470639,1003.8917,533.00
5.470639,1003.9276,457.00
5.470639,1003.9635,516.00
5.470639,1003.9995,451.00
5.470639,1004.0354,503.00
5.470639,1004.0714,498.00
5.470639,1004.1072,498.00
5.470639,1004.1431,480.00
5.470639,1004.1790,509.00
5.470639,1004.2149,455.00
5.470639,1004.2508,547.00
5.470639,1004.2866,439.00
5.470639,1004.3225,534.00
5.470639,1004.3583,486.00
5.470639,1004.3942,507.00
5.470639,1004.4302,471.00
5.470639,1004.4660,465.00
5.470639,1004.5018,465.00
5.470639,1004.5376,507.00
5.470639,1004.5734,455.00
5.470639,1004.6093,519.00
5.470639,1004.6450,474.00
5.470639,1004.6808,530.00
5.470639,1004.7166,485.00
5.470639,1004.7525,513.00
5.470639,1004.7883,477.00
5.470639,1004.8240,521.00
5.470639,1004.8598,453.00
5.470639,1004.8956,546.00
5.470639,1004.9313,508.00
5.470639,1004.9670,532.00
5.470639,1005.0027,482.00
5.470639,1005.0385,504.00
5.470639,1005.0742,485.00
5.470639,1005.1099,490.00
5.470639,1005.1456,474.00
5.470639,1005.1815,515.00
5.470639,1005.2172,454.00
5.470639,1005.2529,512.00
5.470639,1005.2885,497.00
5.470639,1005.3242,507.00
5.470639,1005.3599,493.00
5.470639,1005.3955,497.00
5.470639,1005.4312,486.00
5.470639,1005.4669,546.00
5.470639,1005.5026,489.00
5.470639,1005.5382,592.00
5.470639,1005.5739,508.00
5.470639,1005.6095,523.00
5.470639,1005.6451,499.00
5.470639,1005.6807,524.00
5.470639,1005.7162,526.00
5.470639,1005.7519,498.00
5.470639,1005.7875,471.00
5.470639,1005.8231,543.00
5.470639,1005.8586,478.00
5.470639,1005.8942,511.00
5.470639,1005.9299,489.00
5.470639,1005.9655,533.00
5.470639,1006.0010,483.00
5.470639,1006.0365,537.00
5.470639,1006.0720,493.00
5.470639,1006.1076,518.00
5.470639,1006.1431,506.00
5.470639,1006.1786,551.00
5.470639,1006.2141,534.00
5.470639,1006.2498,492.00
5.470639,1006.2853,519.00
5.470639,1006.3207,497.00
5.470639,1006.3563,501.00
5.470639,1006.3917,581.00
5.470639,1006.4272,488.00
5.470639,1006.4626,571.00
5.470639,1006.4981,526.00
5.470639,1006.5335,530.00
5.470639,1006.5690,540.00
5.470639,1006.6044,526.00
5.470639,1006.6400,503.00
5.470639,1006.6754,555.00
5.470639,1006.7108,461.00
5.470639,1006.7462,568.00
5.470639,1006.7816,479.00
5.470639,1006.8170,559.00
5.470639,1006.8524,531.00
5.470639,1006.8878,534.00
5.470639,1006.9232,532.00
5.470639,1006.9586,549.00
5.470639,1006.9940,507.00
5.470639,1007.0294,537.00
5.470639,1007.0648,487.00
5.470639,1007.1001,556.00
5.470639,1007.1354,514.00
5.470639,1007.1707,557.00
5.470639,1007.2061,562.00
5.470639,1007.2414,533.00
5.470639,1007.2767,496.00
5.470639,1007.3120,565.00
5.470639,1007.3473,468.00
5.470639,1007.3827,571.00
5.470639,1007.4180,538.00
5.470639,1007.4532,560.00
5.470639,1007.4885,512.00
5.470639,1007.5238,532.00
5.470639,1007.5590,519.00
5.470639,1007.5943,557.00
5.470639,1007.6295,460.00
5.470639,1007.6648,582.00
5.470639,1007.7001,532.00
5.470639,1007.7354,537.00
5.470639,1007.7706,542.00
5.470639,1007.8058,526.00
5.470639,1007.8410,521.00
5.470639,1007.8762,552.00
5.470639,1007.9114,488.00
5.470639,1007.9465,565.00
5.470639,1007.9818,509.00
5.470639,1008.0169,548.00
5.470639,1008.0521,514.00
5.470639,1008.0873,596.00
5.470639,1008.1226,518.00
5.470639,1008.1576,516.00
5.470639,1008.1927,504.00
5.470639,1008.2279,555.00
5.470639,1008.2631,472.00
5.470639,1008.2982,533.00
5.470639,1008.3333,540.00
5.470639,1008.3683,546.00
5.470639,1008.4034,535.00
5.470639,1008.4387,490.00
5.470639,1008.4738,502.00
5.470639,1008.5089,530.00
5.470639,1008.5439,483.00
5.470639,1008.5790,557.00
5.470639,1008.6141,499.00
5.470639,1008.6491,537.00
5.470639,1008.6841,513.00
5.470639,1008.7192,511.00
5.470639,1008.7542,498.00
5.470639,1008.7892,515.00
5.470639,1008.8243,468.00
5.470639,1008.8594,558.00
5.470639,1008.8943,477.00
5.470639,1008.9294,525.00
5.470639,1008.9644,519.00
5.470639,1008.9994,542.00
5.470639,1009.0344,487.00
5.470639,1009.0693,538.00
5.470639,1009.1043,468.00
5.470639,1009.1392,545.00
5.470639,1009.1743,501.00
5.470639,1009.2093,533.00
5.470639,1009.2442,503.00
5.470639,1009.2792,514.00
5.470639,1009.3141,494.00
5.470639,1009.3489,496.00
5.470639,1009.3839,450.00
5.470639,1009.4188,521.00
5.470639,1009.4537,471.00
5.470639,1009.4886,551.00
5.470639,1009.5235,520.00
5.470639,1009.5585,521.00
5.470639,1009.5933,540.00
5.470639,1009.6282,503.00
5.470639,1009.6631,505.00
5.470639,1009.6979,514.00
5.470639,1009.7327,470.00
5.470639,1009.7676,504.00
5.470639,1009.8024,449.00
5.470639,1009.8372,522.00
5.470639,1009.8721,461.00
5.470639,1009.9070,505.00
5.470639,1009.9418,464.00
5.470639,1009.9766,518.00
5.470639,1010.0115,505.00
5.470639,1010.0462,520.00
5.470639,1010.0810,444.00
5.470639,1010.1158,524.00
5.470639,1010.1505,499.00
5.470639,1010.1853,500.00
5.470639,1010.2200,488.00
5.470639,1010.2548,494.00
5.470639,1010.2897,466.00
5.470639,1010.3244,517.00
5.470639,1010.3591,472.00
5.470639,1010.3938,540.00
5.470639,1010.4285,499.00
5.470639,1010.4633,521.00
5.470639,1010.4980,514.00
5.470639,1010.5326,494.00
5.470639,1010.5673,480.00
5.470639,1010.6021,491.00
5.470639,1010.6368,470.00
5.470639,1010.6714,507.00
5.470639,1010.7061,425.00
5.470639,1010.7408,516.00
5.470639,1010.7754,475.00
5.470639,1010.8101,507.00
5.470639,1010.8447,493.00
5.470639,1010.8793,514.00
5.470639,1010.9139,452.00
5.470639,1010.9485,535.00
5.470639,1010.9832,459.00
5.470639,1011.0178,522.00
5.470639,1011.0525,469.00
5.470639,1011.0870,518.00
5.470639,1011.1216,473.00
5.470639,1011.1562,525.00
5.470639,1011.1907,521.00
5.470639,1011.2253,526.00
5.470639,1011.2599,457.00
5.470639,1011.2944,570.00
5.470639,1011.3291,474.00
5.470639,1011.3636,542.00
5.470639,1011.3981,495.00
5.470639,1011.4326,500.00
5.470639,1011.4672,477.00
5.470639,1011.5016,489.00
5.470639,1011.5362,471.00
5.470639,1011.5706,501.00
5.470639,1011.6052,442.00
5.470639,1011.6396,518.00
5.470639,1011.6741,448.00
5.470639,1011.7086,545.00
5.470639,1011.7431,482.00
5.470639,1011.7776,529.00
5.470639,1011.8120,477.00
5.470639,1011.8465,542.00
5.470639,1011.8809,436.00
5.470639,1011.9153,511.00
5.470639,1011.9498,468.00
5.470639,1011.9842,504.00
5.470639,1012.0186,475.00
5.470639,1012.0531,504.00
5.470639,1012.0875,483.00
5.470639,1012.1219,528.00
5.470639,1012.1562,486.00
5.470639,1012.1906,509.00
5.470639,1012.2250,452.00
5.470639,1012.2593,529.00
5.470639,1012.2937,484.00
5.470639,1012.3281,511.00
5.470639,1012.3624,444.00
5.470639,1012.3967,482.00
5.470639,1012.4310,422.00
5.470639,1012.4655,500.00
5.470639,1012.4998,439.00
5.470639,1012.5341,542.00
5.470639,1012.5684,471.00
5.470639,1012.6027,527.00
5.470639,1012.6370,494.00
5.470639,1012.6712,497.00
5.470639,1012.7055,473.00
5.470639,1012.7398,515.00
5.470639,1012.7742,459.00
5.470639,1012.8084,487.00
5.470639,1012.8427,452.00
5.470639,1012.8769,500.00
5.470639,1012.9111,505.00
5.470639,1012.9454,505.00
5.470639,1012.9796,483.00
5.470639,1013.0138,504.00
5.470639,1013.0480,398.00
5.470639,1013.0822,508.00
5.470639,1013.1164,458.00
5.470639,1013.1506,529.00
5.470639,1013.1848,482.00
5.470639,1013.2190,495.00
5.470639,1013.2532,490.00
5.470639,1013.2873,531.00
5.470639,1013.3215,464.00
5.470639,1013.3556,527.00
5.470639,1013.3898,447.00
5.470639,1013.4239,533.00
5.470639,1013.4581,477.00
5.470639,1013.4923,478.00
5.470639,1013.5264,501.00
5.470639,1013.5605,509.00
5.470639,1013.5946,508.00
5.470639,1013.6287,544.00
5.470639,1013.6627,457.00
5.470639,1013.6968,542.00
5.470639,1013.7309,448.00
5.470639,1013.7650,482.00
5.470639,1013.7990,496.00
5.470639,1013.8331,496.00
5.470639,1013.8672,461.00
5.470639,1013.9012,516.00
5.470639,1013.9353,461.00
5.470639,1013.9693,534.00
5.470639,1014.0033,480.00
5.470639,1014.0374,534.00
5.470639,1014.0714,516.00
5.470639,1014.1053,498.00
5.470639,1014.1393,483.00
5.470639,1014.1734,530.00
5.470639,1014.2074,473.00
5.470639,1014.2413,514.00
5.470639,1014.2753,503.00
5.470639,1014.3093,567.00
5.470639,1014.3433,509.00
5.470639,1014.3772,546.00
5.470639,1014.4111,523.00
5.470639,1014.4451,545.00
5.470639,1014.4790,487.00
5.470639,1014.5129,516.00
5.470639,1014.5468,457.00
5.470639,1014.5808,531.00
5.470639,1014.6147,500.00
5.470639,1014.6486,535.00
5.470639,1014.6825,526.00
5.470639,1014.7164,532.00
5.470639,1014.7502,487.00
5.470639,1014.7841,496.00
5.470639,1014.8180,497.00
5.470639,1014.8518,533.00
5.470639,1014.8858,498.00
5.470639,1014.9196,569.00
5.470639,1014.9534,500.00
5.470639,1014.9872,526.00
5.470639,1015.0211,506.00
5.470639,1015.0549,521.00
5.470639,1015.0887,476.00
5.470639,1015.1224,546.00
5.470639,1015.1562,487.00
5.470639,1015.1900,571.00
5.470639,1015.2238,502.00
5.470639,1015.2575,540.00
5.470639,1015.2914,515.00
5.470639,1015.3252,523.00
5.470639,1015.3589,471.00
5.470639,1015.3927,513.00
5.470639,1015.4265,478.00
5.470639,1015.4601,567.00
5.470639,1015.4938,511.00
5.470639,1015.5276,553.00
5.470639,1015.5613,538.00
5.470639,1015.5952,561.00
5.470639,1015.6288,501.00
5.470639,1015.6625,527.00
5.470639,1015.6962,470.00
5.470639,1015.7299,571.00
5.470639,1015.7635,492.00
5.470639,1015.7972,558.00
5.470639,1015.8308,537.00
5.470639,1015.8645,519.00
5.470639,1015.8981,517.00
5.470639,1015.9317,540.00
5.470639,1015.9655,491.00
5.470639,1015.9991,552.00
5.470639,1016.0327,503.00
5.470639,1016.0663,574.00
5.470639,1016.0999,536.00
5.470639,1016.1335,541.00
5.470639,1016.1671,530.00
5.470639,1016.2006,507.00
5.470639,1016.2342,501.00
5.470639,1016.2679,548.00
5.470639,1016.3015,470.00
5.470639,1016.3350,553.00
5.470639,1016.3686,527.00
5.470639,1016.4021,558.00
5.470639,1016.4357,536.00
5.470639,1016.4691,573.00
5.470639,1016.5027,500.00
5.470639,1016.5362,551.00
5.470639,1016.5696,481.00
5.470639,1016.6032,584.00
5.470639,1016.6367,504.00
5.470639,1016.6703,574.00
5.470639,1016.7038,519.00
5.470639,1016.7372,534.00
5.470639,1016.7707,528.00
5.470639,1016.8041,530.00
5.470639,1016.8376,535.00
5.470639,1016.8710,521.00
5.470639,1016.9045,475.00
5.470639,1016.9379,572.00
5.470639,1016.9715,527.00
5.470639,1017.0049,537.00
5.470639,1017.0383,562.00
5.470639,1017.0717,511.00
5.470639,1017.1050,508.00
5.470639,1017.1384,555.00
5.470639,1017.1718,494.00
5.470639,1017.2052,553.00
5.470639,1017.2386,485.00
5.470639,1017.2720,520.00
5.470639,1017.3053,567.00
5.470639,1017.3387,551.00
5.470639,1017.3721,500.00
5.470639,1017.4054,536.00
5.470639,1017.4388,504.00
5.470639,1017.4721,569.00
5.470639,1017.5054,509.00
5.470639,1017.5387,570.00
5.470639,1017.5720,538.00
5.470639,1017.6053,526.00
5.470639,1017.6386,546.00
5.470639,1017.6720,524.00
5.470639,1017.7053,509.00
5.470639,1017.7385,549.00
5.470639,1017.7717,485.00
5.470639,1017.8051,579.00
5.470639,1017.8383,538.00
5.470639,1017.8715,578.00
5.470639,1017.9048,562.00
5.470639,1017.9380,570.00
5.470639,1017.9712,533.00
5.470639,1018.0044,573.00
5.470639,1018.0376,493.00
5.470639,1018.0709,585.00
5.470639,1018.1041,515.00
5.470639,1018.1373,588.00
5.470639,1018.1705,536.00
5.470639,1018.2037,558.00
5.470639,1018.2368,534.00
5.470639,1018.2700,561.00
5.470639,1018.3032,512.00
5.470639,1018.3363,564.00
5.470639,1018.3695,515.00
5.470639,1018.4026,581.00
5.470639,1018.4358,544.00
5.470639,1018.4689,536.00
5.470639,1018.5020,570.00
5.470639,1018.5352,549.00
5.470639,1018.5682,500.00
5.470639,1018.6013,572.00
5.470639,1018.6343,522.00
5.470639,1018.6675,583.00
5.470639,1018.7006,512.00
5.470639,1018.7337,580.00
5.470639,1018.7668,556.00
5.470639,1018.7998,547.00
5.470639,1018.8328,517.00
5.470639,1018.8658,534.00
5.470639,1018.8989,518.00
5.470639,1018.9319,574.00
5.470639,1018.9650,509.00
5.470639,1018.9980,598.00
5.470639,1019.0311,549.00
5.470639,1019.0641,581.00
5.470639,1019.0970,513.00
5.470639,1019.1301,574.00
5.470639,1019.1631,495.00
5.470639,1019.1960,584.00
5.470639,1019.2289,508.00
5.470639,1019.2618,590.00
5.470639,1019.2949,555.00
5.470639,1019.3278,557.00
5.470639,1019.3607,528.00
5.470639,1019.3936,528.00
5.470639,1019.4268,459.00
5.470639,1019.4596,585.00
5.470639,1019.4925,524.00
5.470639,1019.5255,552.00
5.470639,1019.5583,494.00
5.470639,1019.5912,565.00
5.470639,1019.6240,538.00
5.470639,1019.6569,544.00
5.470639,1019.6898,492.00
5.470639,1019.7227,515.00
5.470639,1019.7556,476.00
5.470639,1019.7885,551.00
5.470639,1019.8213,512.00
5.470639,1019.8541,588.00
5.470639,1019.8870,513.00
5.470639,1019.9198,566.00
5.470639,1019.9525,521.00
5.470639,1019.9854,546.00
5.470639,1020.0182,508.00
5.470639,1020.0509,562.00
5.470639,1020.0837,497.00
5.470639,1020.1167,568.00
5.470639,1020.1494,537.00
5.470639,1020.1823,530.00
5.470639,1020.2149,531.00
5.470639,1020.2477,524.00
5.470639,1020.2805,472.00
5.470639,1020.3132,526.00
5.470639,1020.3459,529.00
5.470639,1020.3787,585.00
5.470639,1020.4114,494.00
5.470639,1020.4442,526.00
5.470639,1020.4768,523.00
5.470639,1020.5096,532.00
5.470639,1020.5423,472.00
5.470639,1020.5750,575.00
5.470639,1020.6077,477.00
5.470639,1020.6403,585.00
5.470639,1020.6730,502.00
5.470639,1020.7055,548.00
5.470639,1020.7382,513.00
5.470639,1020.7709,524.00
5.470639,1020.8036,488.00
5.470639,1020.8363,519.00
5.470639,1020.8688,468.00
5.470639,1020.9015,552.00
5.470639,1020.9341,480.00
5.470639,1020.9667,542.00
5.470639,1020.9993,517.00
5.470639,1021.0319,518.00
5.470639,1021.0645,498.00
5.470639,1021.0971,542.00
5.470639,1021.1298,483.00
5.470639,1021.1623,532.00
5.470639,1021.1948,497.00
5.470639,1021.2273,581.00
5.470639,1021.2599,493.00
5.470639,1021.2924,523.00
5.470639,1021.3250,470.00
5.470639,1021.3574,522.00
5.470639,1021.3900,514.00
5.470639,1021.4224,494.00
5.470639,1021.4550,447.00
5.470639,1021.4875,501.00
5.470639,1021.5200,475.00
5.470639,1021.5525,565.00
5.470639,1021.5850,491.00
5.470639,1021.6175,511.00
5.470639,1021.6500,464.00
5.470639,1021.6823,541.00
5.470639,1021.7148,486.00
5.470639,1021.7474,537.00
5.470639,1021.7797,511.00
5.470639,1021.8122,536.00
5.470639,1021.8445,498.00
5.470639,1021.8770,541.00
5.470639,1021.9095,528.00
5.470639,1021.9418,513.00
5.470639,1021.9741,458.00
5.470639,1022.0066,497.00
5.470639,1022.0389,476.00
5.470639,1022.0713,548.00
5.470639,1022.1037,482.00
5.470639,1022.1362,623.00
5.470639,1022.1685,554.00
5.470639,1022.2008,520.00
5.470639,1022.2332,526.00
5.470639,1022.2654,533.00
5.470639,1022.2977,505.00
5.470639,1022.3301,571.00
5.470639,1022.3624,478.00
5.470639,1022.3947,589.00
5.470639,1022.4271,510.00
5.470639,1022.4594,550.00
5.470639,1022.4917,529.00
5.470639,1022.5239,529.00
5.470639,1022.5562,520.00
5.470639,1022.5885,557.00
5.470639,1022.6207,495.00
5.470639,1022.6530,548.00
5.470639,1022.6852,536.00
5.470639,1022.7174,554.00
5.470639,1022.7497,514.00
5.470639,1022.7819,533.00
5.470639,1022.8142,464.00
5.470639,1022.8464,524.00
5.470639,1022.8785,473.00
5.470639,1022.9108,573.00
5.470639,1022.9429,486.00
5.470639,1022.9751,548.00
5.470639,1023.0073,518.00
5.470639,1023.0394,494.00
5.470639,1023.0717,508.00
5.470639,1023.1039,551.00
5.470639,1023.1360,470.00
5.470639,1023.1682,595.00
5.470639,1023.2003,471.00
5.470639,1023.2324,532.00
5.470639,1023.2644,489.00
5.470639,1023.2966,535.00
5.470639,1023.3287,477.00
5.470639,1023.3608,511.00
5.470639,1023.3929,506.00
5.470639,1023.4249,526.00
5.470639,1023.4570,481.00
5.470639,1023.4893,546.00
5.470639,1023.5212,489.00
5.470639,1023.5533,493.00
5.470639,1023.5853,511.00
5.470639,1023.6174,514.00
5.470639,1023.6494,497.00
5.470639,1023.6813,526.00
5.470639,1023.7134,460.00
5.470639,1023.7454,531.00
5.470639,1023.7775,479.00
5.470639,1023.8096,522.00
5.470639,1023.8416,511.00
5.470639,1023.8735,504.00
5.470639,1023.9055,487.00
5.470639,1023.9374,513.00
5.470639,1023.9694,473.00
5.470639,1024.0013,531.00
5.470639,1024.0333,482.00
5.470639,1024.0652,541.00
5.470639,1024.0972,518.00
5.470639,1024.1293,520.00
5.470639,1024.1611,473.00
5.470639,1024.1931,515.00
5.470639,1024.2250,480.00
5.470639,1024.2568,527.00
5.470639,1024.2888,462.00
5.470639,1024.3206,520.00
5.470639,1024.3525,503.00
5.470639,1024.3843,506.00
5.470639,1024.4164,485.00
5.470639,1024.4481,513.00
5.470639,1024.4801,454.00
5.470639,1024.5118,489.00
5.470639,1024.5438,471.00
5.470639,1024.5756,524.00
5.470639,1024.6074,490.00
5.470639,1024.6393,529.00
5.470639,1024.6710,530.00
5.470639,1024.7029,483.00
5.470639,1024.7346,488.00
5.470639,1024.7664,523.00
5.470639,1024.7982,442.00
5.470639,1024.8301,557.00
5.470639,1024.8618,483.00
5.470639,1024.8936,566.00
5.470639,1024.9253,491.00
5.470639,1024.9572,521.00
5.470639,1024.9889,510.00
5.470639,1025.0206,527.00
5.470639,1025.0522,475.00
5.470639,1025.0841,543.00
5.470639,1025.1158,486.00
5.470639,1025.1475,525.00
5.470639,1025.1792,503.00
5.470639,1025.2109,515.00
5.470639,1025.2426,481.00
5.470639,1025.2743,517.00
5.470639,1025.3059,488.00
5.470639,1025.3376,505.00
5.470639,1025.3693,461.00
5.470639,1025.4009,574.00
5.470639,1025.4326,490.00
5.470639,1025.4644,550.00
5.470639,1025.4960,518.00
5.470639,1025.5276,546.00
5.470639,1025.5592,499.00
5.470639,1025.5908,551.00
5.470639,1025.6224,489.00
5.470639,1025.6541,569.00
5.470639,1025.6857,535.00
5.470639,1025.7172,575.00
5.470639,1025.7489,541.00
5.470639,1025.7804,562.00
5.470639,1025.8120,554.00
5.470639,1025.8435,537.00
5.470639,1025.8751,515.00
5.470639,1025.9066,558.00
5.470639,1025.9381,491.00
5.470639,1025.9697,533.00
5.470639,1026.0012,536.00
5.470639,1026.0327,563.00
5.470639,1026.0642,519.00
