# Point:,39
# Setpoint:,1.98545455
# Voltage_V:,1.98545455
# Current_A:,0.022025
# Spectrum_Time_s:,6.470584
# Step_Start_s:,6.387847
# Step_End_s:,6.554488
# Spectrum_Duration_ms:,78.044
# Peak_Wavelength_nm:,928.07
# Peak_Intensity:,9286.0
# Avg_Intensity:,622.1
# Num_Pixels:,4094
# NOTE: All wavelengths are captured simultaneously in one CCD exposure
#       The Relative_Time_s column shows when this entire spectrum was acquired

Relative_Time_s,Wavelength_nm,Intensity
6.470584,845.4307,598.00
6.470584,845.4858,506.00
6.470584,845.5410,551.00
6.470584,845.5963,510.00
6.470584,845.6514,576.00
6.470584,845.7065,513.00
6.470584,845.7617,525.00
6.470584,845.8168,473.00
6.470584,845.8721,553.00
6.470584,845.9272,480.00
6.470584,845.9823,560.00
6.470584,846.0374,494.00
6.470584,846.0926,514.00
6.470584,846.1478,492.00
6.470584,846.2029,536.00
6.470584,846.2579,484.00
6.470584,846.3130,555.00
6.470584,846.3682,465.00
6.470584,846.4233,574.00
6.470584,846.4784,510.00
6.470584,846.5335,590.00
6.470584,846.5886,543.00
6.470584,846.6437,542.00
6.470584,846.6987,509.00
6.470584,846.7538,561.00
6.470584,846.8089,487.00
6.470584,846.8640,577.00
6.470584,846.9190,529.00
6.470584,846.9741,572.00
6.470584,847.0292,538.00
6.470584,847.0842,555.00
6.470584,847.1392,526.00
6.470584,847.1943,546.00
6.470584,847.2493,500.00
6.470584,847.3044,577.00
6.470584,847.3594,511.00
6.470584,847.4144,601.00
6.470584,847.4694,545.00
6.470584,847.5244,548.00
6.470584,847.5795,542.00
6.470584,847.6345,573.00
6.470584,847.6895,518.00
6.470584,847.7444,580.00
6.470584,847.7994,514.00
6.470584,847.8544,587.00
6.470584,847.9094,556.00
6.470584,847.9644,573.00
6.470584,848.0193,502.00
6.470584,848.0743,571.00
6.470584,848.1293,523.00
6.470584,848.1843,604.00
6.470584,848.2392,540.00
6.470584,848.2941,605.00
6.470584,848.3491,577.00
6.470584,848.4040,591.00
6.470584,848.4590,572.00
6.470584,848.5139,596.00
6.470584,848.5688,526.00
6.470584,848.6237,594.00
6.470584,848.6786,523.00
6.470584,848.7336,624.00
6.470584,848.7885,536.00
6.470584,848.8434,607.00
6.470584,848.8983,561.00
6.470584,848.9531,581.00
6.470584,849.0081,560.00
6.470584,849.0630,598.00
6.470584,849.1178,543.00
6.470584,849.1727,612.00
6.470584,849.2275,546.00
6.470584,849.2823,644.00
6.470584,849.3373,565.00
6.470584,849.3921,597.00
6.470584,849.4470,552.00
6.470584,849.5018,549.00
6.470584,849.5566,534.00
6.470584,849.6115,608.00
6.470584,849.6663,554.00
6.470584,849.7211,598.00
6.470584,849.7759,550.00
6.470584,849.8307,617.00
6.470584,849.8856,548.00
6.470584,849.9404,601.00
6.470584,849.9952,545.00
6.470584,850.0500,575.00
6.470584,850.1048,514.00
6.470584,850.1596,618.00
6.470584,850.2144,512.00
6.470584,850.2692,600.00
6.470584,850.3239,557.00
6.470584,850.3787,575.00
6.470584,850.4335,575.00
6.470584,850.4882,608.00
6.470584,850.5430,558.00
6.470584,850.5977,608.00
6.470584,850.6525,535.00
6.470584,850.7072,615.00
6.470584,850.7620,576.00
6.470584,850.8167,611.00
6.470584,850.8715,576.00
6.470584,850.9261,571.00
6.470584,850.9808,517.00
6.470584,851.0356,600.00
6.470584,851.0903,569.00
6.470584,851.1450,664.00
6.470584,851.1996,571.00
6.470584,851.2543,640.00
6.470584,851.3091,592.00
6.470584,851.3638,588.00
6.470584,851.4185,564.00
6.470584,851.4731,629.00
6.470584,851.5278,560.00
6.470584,851.5825,692.00
6.470584,851.6371,576.00
6.470584,851.6918,662.00
6.470584,851.7465,606.00
6.470584,851.8011,632.00
6.470584,851.8558,580.00
6.470584,851.9103,598.00
6.470584,851.9650,579.00
6.470584,852.0196,679.00
6.470584,852.0742,592.00
6.470584,852.1289,652.00
6.470584,852.1835,605.00
6.470584,852.2381,667.00
6.470584,852.2927,617.00
6.470584,852.3473,626.00
6.470584,852.4019,616.00
6.470584,852.4565,670.00
6.470584,852.5111,627.00
6.470584,852.5657,652.00
6.470584,852.6202,599.00
6.470584,852.6747,634.00
6.470584,852.7294,627.00
6.470584,852.7839,663.00
6.470584,852.8385,598.00
6.470584,852.8930,653.00
6.470584,852.9476,601.00
6.470584,853.0022,687.00
6.470584,853.0567,629.00
6.470584,853.1112,687.00
6.470584,853.1658,636.00
6.470584,853.2203,652.00
6.470584,853.2748,645.00
6.470584,853.3293,712.00
6.470584,853.3838,637.00
6.470584,853.4383,648.00
6.470584,853.4928,606.00
6.470584,853.5474,680.00
6.470584,853.6019,648.00
6.470584,853.6563,708.00
6.470584,853.7108,670.00
6.470584,853.7653,667.00
6.470584,853.8198,614.00
6.470584,853.8742,678.00
6.470584,853.9286,660.00
6.470584,853.9832,687.00
6.470584,854.0376,627.00
6.470584,854.0920,713.00
6.470584,854.1465,685.00
6.470584,854.2010,662.00
6.470584,854.2554,615.00
6.470584,854.3098,653.00
6.470584,854.3642,620.00
6.470584,854.4186,694.00
6.470584,854.4731,621.00
6.470584,854.5275,703.00
6.470584,854.5819,646.00
6.470584,854.6363,694.00
6.470584,854.6907,649.00
6.470584,854.7451,658.00
6.470584,854.7994,603.00
6.470584,854.8538,677.00
6.470584,854.9082,637.00
6.470584,854.9626,708.00
6.470584,855.0170,625.00
6.470584,855.0714,695.00
6.470584,855.1257,632.00
6.470584,855.1800,634.00
6.470584,855.2344,602.00
6.470584,855.2888,662.00
6.470584,855.3431,625.00
6.470584,855.3975,690.00
6.470584,855.4518,617.00
6.470584,855.5060,715.00
6.470584,855.5604,633.00
6.470584,855.6147,634.00
6.470584,855.6691,623.00
6.470584,855.7233,636.00
6.470584,855.7776,595.00
6.470584,855.8320,700.00
6.470584,855.8862,601.00
6.470584,855.9406,667.00
6.470584,855.9948,634.00
6.470584,856.0491,699.00
6.470584,856.1035,648.00
6.470584,856.1577,680.00
6.470584,856.2119,639.00
6.470584,856.2662,673.00
6.470584,856.3204,595.00
6.470584,856.3748,700.00
6.470584,856.4290,630.00
6.470584,856.4832,673.00
6.470584,856.5374,668.00
6.470584,856.5916,683.00
6.470584,856.6459,608.00
6.470584,856.7001,689.00
6.470584,856.7543,620.00
6.470584,856.8085,672.00
6.470584,856.8627,643.00
6.470584,856.9169,686.00
6.470584,856.9712,630.00
6.470584,857.0253,656.00
6.470584,857.0795,622.00
6.470584,857.1337,667.00
6.470584,857.1879,625.00
6.470584,857.2421,693.00
6.470584,857.2962,632.00
6.470584,857.3504,697.00
6.470584,857.4045,643.00
6.470584,857.4587,666.00
6.470584,857.5129,668.00
6.470584,857.5670,684.00
6.470584,857.6212,616.00
6.470584,857.6753,697.00
6.470584,857.7294,615.00
6.470584,857.7836,690.00
6.470584,857.8377,646.00
6.470584,857.8918,694.00
6.470584,857.9459,668.00
6.470584,858.0000,663.00
6.470584,858.0541,633.00
6.470584,858.1082,689.00
6.470584,858.1624,641.00
6.470584,858.2164,688.00
6.470584,858.2704,639.00
6.470584,858.3245,686.00
6.470584,858.3787,674.00
6.470584,858.4327,676.00
6.470584,858.4868,652.00
6.470584,858.5408,667.00
6.470584,858.5949,633.00
6.470584,858.6489,693.00
6.470584,858.7030,630.00
6.470584,858.7570,716.00
6.470584,858.8110,689.00
6.470584,858.8651,674.00
6.470584,858.9192,704.00
6.470584,858.9732,681.00
6.470584,859.0272,632.00
6.470584,859.0812,674.00
6.470584,859.1352,629.00
6.470584,859.1892,694.00
6.470584,859.2432,640.00
6.470584,859.2972,682.00
6.470584,859.3512,701.00
6.470584,859.4052,666.00
6.470584,859.4592,621.00
6.470584,859.5132,652.00
6.470584,859.5671,597.00
6.470584,859.6210,712.00
6.470584,859.6750,657.00
6.470584,859.7289,694.00
6.470584,859.7830,606.00
6.470584,859.8369,650.00
6.470584,859.8908,634.00
6.470584,859.9447,626.00
6.470584,859.9987,623.00
6.470584,860.0527,675.00
6.470584,860.1065,607.00
6.470584,860.1605,679.00
6.470584,860.2144,649.00
6.470584,860.2682,673.00
6.470584,860.3222,643.00
6.470584,860.3761,681.00
6.470584,860.4299,625.00
6.470584,860.4838,644.00
6.470584,860.5377,592.00
6.470584,860.5916,653.00
6.470584,860.6455,636.00
6.470584,860.6993,690.00
6.470584,860.7532,640.00
6.470584,860.8071,654.00
6.470584,860.8610,638.00
6.470584,860.9148,640.00
6.470584,860.9687,593.00
6.470584,861.0225,680.00
6.470584,861.0763,647.00
6.470584,861.1301,667.00
6.470584,861.1840,638.00
6.470584,861.2378,674.00
6.470584,861.2916,610.00
6.470584,861.3454,671.00
6.470584,861.3992,609.00
6.470584,861.4531,669.00
6.470584,861.5068,571.00
6.470584,861.5606,647.00
6.470584,861.6144,607.00
6.470584,861.6682,664.00
6.470584,861.7220,602.00
6.470584,861.7758,659.00
6.470584,861.8295,599.00
6.470584,861.8833,645.00
6.470584,861.9370,622.00
6.470584,861.9908,669.00
6.470584,862.0446,615.00
6.470584,862.0983,687.00
6.470584,862.1520,632.00
6.470584,862.2057,649.00
6.470584,862.2595,632.00
6.470584,862.3132,637.00
6.470584,862.3669,597.00
6.470584,862.4206,650.00
6.470584,862.4744,602.00
6.470584,862.5281,678.00
6.470584,862.5818,628.00
6.470584,862.6355,676.00
6.470584,862.6891,639.00
6.470584,862.7429,661.00
6.470584,862.7966,649.00
6.470584,862.8502,648.00
6.470584,862.9039,618.00
6.470584,862.9575,639.00
6.470584,863.0112,656.00
6.470584,863.0648,632.00
6.470584,863.1185,630.00
6.470584,863.1722,629.00
6.470584,863.2258,593.00
6.470584,863.2794,670.00
6.470584,863.3330,626.00
6.470584,863.3867,661.00
6.470584,863.4403,568.00
6.470584,863.4940,626.00
6.470584,863.5475,627.00
6.470584,863.6011,609.00
6.470584,863.6548,592.00
6.470584,863.7084,632.00
6.470584,863.7620,597.00
6.470584,863.8156,629.00
6.470584,863.8691,578.00
6.470584,863.9228,646.00
6.470584,863.9763,618.00
6.470584,864.0299,656.00
6.470584,864.0834,628.00
6.470584,864.1370,653.00
6.470584,864.1906,579.00
6.470584,864.2441,637.00
6.470584,864.2977,606.00
6.470584,864.3512,686.00
6.470584,864.4047,630.00
6.470584,864.4583,655.00
6.470584,864.5118,604.00
6.470584,864.5653,623.00
6.470584,864.6189,601.00
6.470584,864.6724,615.00
6.470584,864.7258,617.00
6.470584,864.7794,638.00
6.470584,864.8329,589.00
6.470584,864.8864,660.00
6.470584,864.9398,643.00
6.470584,864.9933,642.00
6.470584,865.0469,593.00
6.470584,865.1003,616.00
6.470584,865.1538,604.00
6.470584,865.2072,633.00
6.470584,865.2607,617.00
6.470584,865.3142,656.00
6.470584,865.3676,632.00
6.470584,865.4211,626.00
6.470584,865.4745,588.00
6.470584,865.5279,638.00
6.470584,865.5814,624.00
6.470584,865.6348,662.00
6.470584,865.6882,621.00
6.470584,865.7416,662.00
6.470584,865.7950,653.00
6.470584,865.8484,680.00
6.470584,865.9019,641.00
6.470584,865.9552,648.00
6.470584,866.0087,637.00
6.470584,866.0620,630.00
6.470584,866.1154,622.00
6.470584,866.1688,692.00
6.470584,866.2222,630.00
6.470584,866.2755,660.00
6.470584,866.3289,641.00
6.470584,866.3822,687.00
6.470584,866.4356,642.00
6.470584,866.4890,643.00
6.470584,866.5423,626.00
6.470584,866.5956,676.00
6.470584,866.6489,607.00
6.470584,866.7023,705.00
6.470584,866.7556,617.00
6.470584,866.8089,637.00
6.470584,866.8622,644.00
6.470584,866.9155,665.00
6.470584,866.9689,636.00
6.470584,867.0222,698.00
6.470584,867.0755,620.00
6.470584,867.1287,670.00
6.470584,867.1820,618.00
6.470584,867.2354,656.00
6.470584,867.2886,661.00
6.470584,867.3419,646.00
6.470584,867.3951,631.00
6.470584,867.4484,645.00
6.470584,867.5016,590.00
6.470584,867.5549,678.00
6.470584,867.6082,645.00
6.470584,867.6614,645.00
6.470584,867.7146,654.00
6.470584,867.7678,637.00
6.470584,867.8211,651.00
6.470584,867.8743,652.00
6.470584,867.9276,634.00
6.470584,867.9807,681.00
6.470584,868.0339,622.00
6.470584,868.0872,683.00
6.470584,868.1403,630.00
6.470584,868.1935,657.00
6.470584,868.2467,618.00
6.470584,868.2999,649.00
6.470584,868.3531,583.00
6.470584,868.4062,667.00
6.470584,868.4594,616.00
6.470584,868.5126,667.00
6.470584,868.5657,620.00
6.470584,868.6189,659.00
6.470584,868.6721,655.00
6.470584,868.7252,662.00
6.470584,868.7783,599.00
6.470584,868.8315,664.00
6.470584,868.8846,595.00
6.470584,868.9377,663.00
6.470584,868.9908,601.00
6.470584,869.0439,661.00
6.470584,869.0970,656.00
6.470584,869.1501,661.00
6.470584,869.2032,593.00
6.470584,869.2564,634.00
6.470584,869.3094,604.00
6.470584,869.3625,656.00
6.470584,869.4156,598.00
6.470584,869.4688,680.00
6.470584,869.5218,597.00
6.470584,869.5748,662.00
6.470584,869.6279,654.00
6.470584,869.6809,639.00
6.470584,869.7340,592.00
6.470584,869.7870,620.00
6.470584,869.8401,583.00
6.470584,869.8931,641.00
6.470584,869.9462,615.00
6.470584,869.9993,648.00
6.470584,870.0522,626.00
6.470584,870.1052,679.00
6.470584,870.1583,630.00
6.470584,870.2112,677.00
6.470584,870.2642,600.00
6.470584,870.3173,687.00
6.470584,870.3702,619.00
6.470584,870.4232,701.00
6.470584,870.4762,622.00
6.470584,870.5292,650.00
6.470584,870.5822,631.00
6.470584,870.6351,675.00
6.470584,870.6881,610.00
6.470584,870.7410,655.00
6.470584,870.7940,633.00
6.470584,870.8470,669.00
6.470584,870.8999,617.00
6.470584,870.9528,689.00
6.470584,871.0057,675.00
6.470584,871.0587,646.00
6.470584,871.1116,644.00
6.470584,871.1646,672.00
6.470584,871.2175,580.00
6.470584,871.2704,675.00
6.470584,871.3232,653.00
6.470584,871.3762,640.00
6.470584,871.4291,636.00
6.470584,871.4820,650.00
6.470584,871.5348,637.00
6.470584,871.5877,698.00
6.470584,871.6406,646.00
6.470584,871.6935,702.00
6.470584,871.7463,641.00
6.470584,871.7992,666.00
6.470584,871.8521,667.00
6.470584,871.9049,663.00
6.470584,871.9578,645.00
6.470584,872.0106,672.00
6.470584,872.0635,609.00
6.470584,872.1162,683.00
6.470584,872.1691,609.00
6.470584,872.2219,708.00
6.470584,872.2747,618.00
6.470584,872.3275,660.00
6.470584,872.3803,681.00
6.470584,872.4332,672.00
6.470584,872.4860,650.00
6.470584,872.5387,683.00
6.470584,872.5915,588.00
6.470584,872.6443,680.00
6.470584,872.6971,670.00
6.470584,872.7499,701.00
6.470584,872.8026,659.00
6.470584,872.8553,632.00
6.470584,872.9081,648.00
6.470584,872.9609,647.00
6.470584,873.0136,634.00
6.470584,873.0663,681.00
6.470584,873.1191,604.00
6.470584,873.1718,692.00
6.470584,873.2245,649.00
6.470584,873.2773,645.00
6.470584,873.3300,638.00
6.470584,873.3827,674.00
6.470584,873.4354,630.00
6.470584,873.4882,726.00
6.470584,873.5408,614.00
6.470584,873.5935,677.00
6.470584,873.6462,657.00
6.470584,873.6989,681.00
6.470584,873.7515,663.00
6.470584,873.8042,633.00
6.470584,873.8569,610.00
6.470584,873.9096,662.00
6.470584,873.9622,596.00
6.470584,874.0149,701.00
6.470584,874.0675,642.00
6.470584,874.1202,667.00
6.470584,874.1729,621.00
6.470584,874.2255,678.00
6.470584,874.2781,624.00
6.470584,874.3307,641.00
6.470584,874.3834,599.00
6.470584,874.4360,670.00
6.470584,874.4885,645.00
6.470584,874.5411,676.00
6.470584,874.5938,648.00
6.470584,874.6463,671.00
6.470584,874.6990,631.00
6.470584,874.7515,644.00
6.470584,874.8041,612.00
6.470584,874.8567,684.00
6.470584,874.9092,661.00
6.470584,874.9619,683.00
6.470584,875.0144,636.00
6.470584,875.0669,670.00
6.470584,875.1194,650.00
6.470584,875.1720,672.00
6.470584,875.2246,639.00
6.470584,875.2772,676.00
6.470584,875.3296,623.00
6.470584,875.3821,683.00
6.470584,875.4346,660.00
6.470584,875.4872,679.00
6.470584,875.5397,654.00
6.470584,875.5922,693.00
6.470584,875.6447,615.00
6.470584,875.6971,700.00
6.470584,875.7498,617.00
6.470584,875.8022,701.00
6.470584,875.8547,588.00
6.470584,875.9071,691.00
6.470584,875.9596,648.00
6.470584,876.0120,664.00
6.470584,876.0646,646.00
6.470584,876.1169,652.00
6.470584,876.1694,611.00
6.470584,876.2219,692.00
6.470584,876.2743,658.00
6.470584,876.3268,711.00
6.470584,876.3792,646.00
6.470584,876.4316,669.00
6.470584,876.4840,668.00
6.470584,876.5364,647.00
6.470584,876.5889,603.00
6.470584,876.6413,699.00
6.470584,876.6937,610.00
6.470584,876.7460,690.00
6.470584,876.7985,671.00
6.470584,876.8509,693.00
6.470584,876.9032,631.00
6.470584,876.9556,661.00
6.470584,877.0079,643.00
6.470584,877.0604,649.00
6.470584,877.1127,598.00
6.470584,877.1651,691.00
6.470584,877.2174,614.00
6.470584,877.2697,663.00
6.470584,877.3221,628.00
6.470584,877.3744,641.00
6.470584,877.4268,633.00
6.470584,877.4791,659.00
6.470584,877.5314,589.00
6.470584,877.5837,628.00
6.470584,877.6360,576.00
6.470584,877.6884,662.00
6.470584,877.7407,625.00
6.470584,877.7930,636.00
6.470584,877.8452,606.00
6.470584,877.8975,626.00
6.470584,877.9498,635.00
6.470584,878.0021,616.00
6.470584,878.0544,594.00
6.470584,878.1066,649.00
6.470584,878.1589,601.00
6.470584,878.2111,609.00
6.470584,878.2634,624.00
6.470584,878.3157,615.00
6.470584,878.3679,592.00
6.470584,878.4202,630.00
6.470584,878.4724,600.00
6.470584,878.5246,672.00
6.470584,878.5768,625.00
6.470584,878.6290,672.00
6.470584,878.6812,619.00
6.470584,878.7335,630.00
6.470584,878.7856,624.00
6.470584,878.8379,596.00
6.470584,878.8901,618.00
6.470584,878.9422,619.00
6.470584,878.9944,599.00
6.470584,879.0466,640.00
6.470584,879.0988,604.00
6.470584,879.1509,681.00
6.470584,879.2031,623.00
6.470584,879.2552,589.00
6.470584,879.3074,610.00
6.470584,879.3596,656.00
6.470584,879.4117,578.00
6.470584,879.4638,665.00
6.470584,879.5159,586.00
6.470584,879.5681,629.00
6.470584,879.6202,600.00
6.470584,879.6723,643.00
6.470584,879.7244,648.00
6.470584,879.7766,655.00
6.470584,879.8287,580.00
6.470584,879.8808,656.00
6.470584,879.9329,591.00
6.470584,879.9849,644.00
6.470584,880.0370,627.00
6.470584,880.0891,648.00
6.470584,880.1412,608.00
6.470584,880.1932,641.00
6.470584,880.2452,580.00
6.470584,880.2973,657.00
6.470584,880.3495,628.00
6.470584,880.4015,686.00
6.470584,880.4536,648.00
6.470584,880.5056,616.00
6.470584,880.5576,656.00
6.470584,880.6096,612.00
6.470584,880.6616,577.00
6.470584,880.7137,644.00
6.470584,880.7656,570.00
6.470584,880.8176,654.00
6.470584,880.8696,614.00
6.470584,880.9217,648.00
6.470584,880.9737,600.00
6.470584,881.0256,623.00
6.470584,881.0776,603.00
6.470584,881.1296,635.00
6.470584,881.1816,568.00
6.470584,881.2336,640.00
6.470584,881.2855,571.00
6.470584,881.3374,629.00
6.470584,881.3893,639.00
6.470584,881.4413,638.00
6.470584,881.4933,618.00
6.470584,881.5452,657.00
6.470584,881.5972,594.00
6.470584,881.6490,635.00
6.470584,881.7010,629.00
6.470584,881.7530,635.00
6.470584,881.8049,574.00
6.470584,881.8568,623.00
6.470584,881.9086,601.00
6.470584,881.9605,604.00
6.470584,882.0125,593.00
6.470584,882.0643,657.00
6.470584,882.1162,585.00
6.470584,882.1681,646.00
6.470584,882.2199,560.00
6.470584,882.2719,640.00
6.470584,882.3237,596.00
6.470584,882.3755,612.00
6.470584,882.4274,551.00
6.470584,882.4792,594.00
6.470584,882.5311,572.00
6.470584,882.5829,630.00
6.470584,882.6348,584.00
6.470584,882.6866,641.00
6.470584,882.7383,639.00
6.470584,882.7902,610.00
6.470584,882.8420,615.00
6.470584,882.8939,634.00
6.470584,882.9457,574.00
6.470584,882.9974,617.00
6.470584,883.0493,585.00
6.470584,883.1011,625.00
6.470584,883.1528,585.00
6.470584,883.2046,643.00
6.470584,883.2563,594.00
6.470584,883.3081,600.00
6.470584,883.3599,590.00
6.470584,883.4116,598.00
6.470584,883.4634,577.00
6.470584,883.5151,671.00
6.470584,883.5668,608.00
6.470584,883.6187,621.00
6.470584,883.6703,615.00
6.470584,883.7220,634.00
6.470584,883.7738,629.00
6.470584,883.8254,634.00
6.470584,883.8773,562.00
6.470584,883.9289,657.00
6.470584,883.9806,585.00
6.470584,884.0323,650.00
6.470584,884.0840,623.00
6.470584,884.1357,645.00
6.470584,884.1874,584.00
6.470584,884.2391,648.00
6.470584,884.2907,571.00
6.470584,884.3423,645.00
6.470584,884.3940,576.00
6.470584,884.4457,630.00
6.470584,884.4974,622.00
6.470584,884.5490,655.00
6.470584,884.6006,586.00
6.470584,884.6523,642.00
6.470584,884.7039,593.00
6.470584,884.7555,659.00
6.470584,884.8071,595.00
6.470584,884.8588,645.00
6.470584,884.9103,619.00
6.470584,884.9620,674.00
6.470584,885.0136,643.00
6.470584,885.0651,639.00
6.470584,885.1168,624.00
6.470584,885.1683,659.00
6.470584,885.2200,645.00
6.470584,885.2715,671.00
6.470584,885.3231,581.00
6.470584,885.3746,664.00
6.470584,885.4262,645.00
6.470584,885.4778,650.00
6.470584,885.5293,639.00
6.470584,885.5809,642.00
6.470584,885.6324,572.00
6.470584,885.6839,640.00
6.470584,885.7355,599.00
6.470584,885.7870,663.00
6.470584,885.8385,605.00
6.470584,885.8900,662.00
6.470584,885.9415,614.00
6.470584,885.9930,627.00
6.470584,886.0446,591.00
6.470584,886.0960,674.00
6.470584,886.1475,613.00
6.470584,886.1990,639.00
6.470584,886.2504,609.00
6.470584,886.3020,663.00
6.470584,886.3534,649.00
6.470584,886.4048,660.00
6.470584,886.4564,649.00
6.470584,886.5078,662.00
6.470584,886.5593,581.00
6.470584,886.6107,672.00
6.470584,886.6621,612.00
6.470584,886.7136,652.00
6.470584,886.7650,601.00
6.470584,886.8164,664.00
6.470584,886.8679,662.00
6.470584,886.9193,664.00
6.470584,886.9706,602.00
6.470584,887.0220,646.00
6.470584,887.0735,614.00
6.470584,887.1249,681.00
6.470584,887.1762,634.00
6.470584,887.2276,663.00
6.470584,887.2789,653.00
6.470584,887.3304,671.00
6.470584,887.3818,612.00
6.470584,887.4331,673.00
6.470584,887.4844,641.00
6.470584,887.5358,682.00
6.470584,887.5871,601.00
6.470584,887.6385,684.00
6.470584,887.6898,666.00
6.470584,887.7411,654.00
6.470584,887.7925,609.00
6.470584,887.8438,638.00
6.470584,887.8951,598.00
6.470584,887.9464,699.00
6.470584,887.9977,629.00
6.470584,888.0490,706.00
6.470584,888.1003,669.00
6.470584,888.1516,663.00
6.470584,888.2029,601.00
6.470584,888.2542,652.00
6.470584,888.3054,595.00
6.470584,888.3567,698.00
6.470584,888.4080,619.00
6.470584,888.4592,694.00
6.470584,888.5105,644.00
6.470584,888.5618,667.00
6.470584,888.6130,625.00
6.470584,888.6642,665.00
6.470584,888.7155,647.00
6.470584,888.7667,682.00
6.470584,888.8179,599.00
6.470584,888.8691,676.00
6.470584,888.9204,654.00
6.470584,888.9716,679.00
6.470584,889.0228,659.00
6.470584,889.0740,677.00
6.470584,889.1252,696.00
6.470584,889.1764,671.00
6.470584,889.2275,637.00
6.470584,889.2787,689.00
6.470584,889.3299,612.00
6.470584,889.3810,678.00
6.470584,889.4322,667.00
6.470584,889.4835,684.00
6.470584,889.5346,628.00
6.470584,889.5857,674.00
6.470584,889.6368,609.00
6.470584,889.6879,675.00
6.470584,889.7391,588.00
6.470584,889.7903,678.00
6.470584,889.8414,623.00
6.470584,889.8925,700.00
6.470584,889.9435,649.00
6.470584,889.9948,644.00
6.470584,890.0458,619.00
6.470584,890.0969,671.00
6.470584,890.1479,624.00
6.470584,890.1990,672.00
6.470584,890.2501,608.00
6.470584,890.3012,671.00
6.470584,890.3523,647.00
6.470584,890.4034,626.00
6.470584,890.4545,620.00
6.470584,890.5054,636.00
6.470584,890.5566,565.00
6.470584,890.6076,643.00
6.470584,890.6586,597.00
6.470584,890.7097,682.00
6.470584,890.7607,634.00
6.470584,890.8117,648.00
6.470584,890.8627,633.00
6.470584,890.9138,648.00
6.470584,890.9647,595.00
6.470584,891.0157,651.00
6.470584,891.0668,596.00
6.470584,891.1178,660.00
6.470584,891.1688,612.00
6.470584,891.2197,649.00
6.470584,891.2707,611.00
6.470584,891.3217,608.00
6.470584,891.3727,592.00
6.470584,891.4236,620.00
6.470584,891.4745,580.00
6.470584,891.5256,653.00
6.470584,891.5765,588.00
6.470584,891.6275,656.00
6.470584,891.6783,596.00
6.470584,891.7293,640.00
6.470584,891.7802,610.00
6.470584,891.8312,632.00
6.470584,891.8821,602.00
6.470584,891.9330,646.00
6.470584,891.9839,588.00
6.470584,892.0348,633.00
6.470584,892.0857,620.00
6.470584,892.1366,633.00
6.470584,892.1875,591.00
6.470584,892.2383,636.00
6.470584,892.2892,596.00
6.470584,892.3401,658.00
6.470584,892.3911,604.00
6.470584,892.4418,687.00
6.470584,892.4927,598.00
6.470584,892.5436,664.00
6.470584,892.5944,631.00
6.470584,892.6452,642.00
6.470584,892.6961,611.00
6.470584,892.7469,639.00
6.470584,892.7977,606.00
6.470584,892.8485,643.00
6.470584,892.8993,649.00
6.470584,892.9502,667.00
6.470584,893.0010,597.00
6.470584,893.0518,619.00
6.470584,893.1025,631.00
6.470584,893.1534,652.00
6.470584,893.2042,617.00
6.470584,893.2549,662.00
6.470584,893.3057,637.00
6.470584,893.3564,687.00
6.470584,893.4072,678.00
6.470584,893.4580,634.00
6.470584,893.5087,643.00
6.470584,893.5595,656.00
6.470584,893.6102,603.00
6.470584,893.6609,687.00
6.470584,893.7117,595.00
6.470584,893.7625,679.00
6.470584,893.8132,652.00
6.470584,893.8639,679.00
6.470584,893.9146,663.00
6.470584,893.9653,627.00
6.470584,894.0160,617.00
6.470584,894.0667,666.00
6.470584,894.1174,625.00
6.470584,894.1681,649.00
6.470584,894.2188,639.00
6.470584,894.2695,654.00
6.470584,894.3201,641.00
6.470584,894.3708,646.00
6.470584,894.4214,610.00
6.470584,894.4720,669.00
6.470584,894.5228,595.00
6.470584,894.5734,684.00
6.470584,894.6240,635.00
6.470584,894.6746,677.00
6.470584,894.7252,654.00
6.470584,894.7759,663.00
6.470584,894.8265,636.00
6.470584,894.8771,655.00
6.470584,894.9277,576.00
6.470584,894.9783,671.00
6.470584,895.0290,579.00
6.470584,895.0795,688.00
6.470584,895.1301,609.00
6.470584,895.1807,678.00
6.470584,895.2313,649.00
6.470584,895.2819,627.00
6.470584,895.3325,606.00
6.470584,895.3830,640.00
6.470584,895.4336,575.00
6.470584,895.4841,694.00
6.470584,895.5347,623.00
6.470584,895.5852,655.00
6.470584,895.6357,646.00
6.470584,895.6863,677.00
6.470584,895.7368,645.00
6.470584,895.7874,657.00
6.470584,895.8379,589.00
6.470584,895.8884,695.00
6.470584,895.9388,598.00
6.470584,895.9893,658.00
6.470584,896.0399,632.00
6.470584,896.0904,636.00
6.470584,896.1408,631.00
6.470584,896.1913,635.00
6.470584,896.2418,605.00
6.470584,896.2922,678.00
6.470584,896.3427,626.00
6.470584,896.3932,697.00
6.470584,896.4437,663.00
6.470584,896.4941,682.00
6.470584,896.5445,635.00
6.470584,896.5950,663.00
6.470584,896.6454,632.00
6.470584,896.6958,631.00
6.470584,896.7462,587.00
6.470584,896.7967,669.00
6.470584,896.8471,633.00
6.470584,896.8975,660.00
6.470584,896.9479,643.00
6.470584,896.9983,689.00
6.470584,897.0486,616.00
6.470584,897.0991,660.00
6.470584,897.1495,604.00
6.470584,897.1998,677.00
6.470584,897.2502,618.00
6.470584,897.3005,696.00
6.470584,897.3510,650.00
6.470584,897.4013,674.00
6.470584,897.4517,662.00
6.470584,897.5020,651.00
6.470584,897.5523,606.00
6.470584,897.6026,655.00
6.470584,897.6530,625.00
6.470584,897.7033,683.00
6.470584,897.7537,621.00
6.470584,897.8040,655.00
6.470584,897.8542,639.00
6.470584,897.9046,650.00
6.470584,897.9549,645.00
6.470584,898.0051,688.00
6.470584,898.0554,613.00
6.470584,898.1057,671.00
6.470584,898.1560,619.00
6.470584,898.2063,652.00
6.470584,898.2565,630.00
6.470584,898.3068,654.00
6.470584,898.3571,653.00
6.470584,898.4073,635.00
6.470584,898.4576,584.00
6.470584,898.5078,639.00
6.470584,898.5580,605.00
6.470584,898.6083,686.00
6.470584,898.6584,651.00
6.470584,898.7087,682.00
6.470584,898.7590,633.00
6.470584,898.8091,634.00
6.470584,898.8593,645.00
6.470584,898.9095,661.00
6.470584,898.9598,579.00
6.470584,899.0099,680.00
6.470584,899.0601,593.00
6.470584,899.1103,672.00
6.470584,899.1605,636.00
6.470584,899.2107,633.00
6.470584,899.2608,600.00
6.470584,899.3109,622.00
6.470584,899.3611,610.00
6.470584,899.4113,682.00
6.470584,899.4614,646.00
6.470584,899.5115,682.00
6.470584,899.5616,617.00
6.470584,899.6118,621.00
6.470584,899.6619,589.00
6.470584,899.7121,617.00
6.470584,899.7622,575.00
6.470584,899.8123,652.00
6.470584,899.8624,580.00
6.470584,899.9124,634.00
6.470584,899.9626,604.00
6.470584,900.0126,635.00
6.470584,900.0627,638.00
6.470584,900.1127,658.00
6.470584,900.1628,571.00
6.470584,900.2130,648.00
6.470584,900.2631,563.00
6.470584,900.3130,659.00
6.470584,900.3631,599.00
6.470584,900.4131,633.00
6.470584,900.4632,608.00
6.470584,900.5132,625.00
6.470584,900.5633,591.00
6.470584,900.6132,619.00
6.470584,900.6632,592.00
6.470584,900.7133,628.00
6.470584,900.7633,576.00
6.470584,900.8133,619.00
6.470584,900.8633,601.00
6.470584,900.9133,638.00
6.470584,900.9633,614.00
6.470584,901.0133,638.00
6.470584,901.0632,595.00
6.470584,901.1132,612.00
6.470584,901.1631,603.00
6.470584,901.2131,649.00
6.470584,901.2631,595.00
6.470584,901.3130,673.00
6.470584,901.3630,626.00
6.470584,901.4129,623.00
6.470584,901.4628,628.00
6.470584,901.5128,641.00
6.470584,901.5627,576.00
6.470584,901.6126,673.00
6.470584,901.6625,597.00
6.470584,901.7124,612.00
6.470584,901.7623,606.00
6.470584,901.8123,632.00
6.470584,901.8621,640.00
6.470584,901.9120,652.00
6.470584,901.9619,590.00
6.470584,902.0117,665.00
6.470584,902.0616,590.00
6.470584,902.1115,672.00
6.470584,902.1613,618.00
6.470584,902.2112,609.00
6.470584,902.2610,634.00
6.470584,902.3109,629.00
6.470584,902.3608,596.00
6.470584,902.4106,653.00
6.470584,902.4604,600.00
6.470584,902.5103,639.00
6.470584,902.5601,590.00
6.470584,902.6099,660.00
6.470584,902.6597,628.00
6.470584,902.7095,662.00
6.470584,902.7592,627.00
6.470584,902.8090,655.00
6.470584,902.8589,568.00
6.470584,902.9086,674.00
6.470584,902.9584,619.00
6.470584,903.0082,657.00
6.470584,903.0580,649.00
6.470584,903.1077,618.00
6.470584,903.1575,613.00
6.470584,903.2072,617.00
6.470584,903.2570,608.00
6.470584,903.3067,668.00
6.470584,903.3564,621.00
6.470584,903.4062,676.00
6.470584,903.4559,630.00
6.470584,903.5056,644.00
6.470584,903.5553,610.00
6.470584,903.6050,632.00
6.470584,903.6547,596.00
6.470584,903.7045,687.00
6.470584,903.7541,576.00
6.470584,903.8038,691.00
6.470584,903.8535,620.00
6.470584,903.9032,644.00
6.470584,903.9528,597.00
6.470584,904.0025,634.00
6.470584,904.0522,591.00
6.470584,904.1019,638.00
6.470584,904.1515,584.00
6.470584,904.2012,634.00
6.470584,904.2507,583.00
6.470584,904.3004,635.00
6.470584,904.3500,601.00
6.470584,904.3997,614.00
6.470584,904.4493,591.00
6.470584,904.4989,627.00
6.470584,904.5485,581.00
6.470584,904.5980,650.00
6.470584,904.6477,597.00
6.470584,904.6973,641.00
6.470584,904.7469,587.00
6.470584,904.7964,626.00
6.470584,904.8460,591.00
6.470584,904.8956,596.00
6.470584,904.9452,584.00
6.470584,904.9947,627.00
6.470584,905.0443,569.00
6.470584,905.0938,653.00
6.470584,905.1434,636.00
6.470584,905.1929,604.00
6.470584,905.2424,633.00
6.470584,905.2919,666.00
6.470584,905.3414,590.00
6.470584,905.3910,616.00
6.470584,905.4406,580.00
6.470584,905.4901,654.00
6.470584,905.5396,579.00
6.470584,905.5890,641.00
6.470584,905.6385,632.00
6.470584,905.6880,634.00
6.470584,905.7375,629.00
6.470584,905.7870,675.00
6.470584,905.8364,606.00
6.470584,905.8859,624.00
6.470584,905.9354,633.00
6.470584,905.9848,648.00
6.470584,906.0342,653.00
6.470584,906.0837,667.00
6.470584,906.1331,618.00
6.470584,906.1826,650.00
6.470584,906.2321,612.00
6.470584,906.2814,678.00
6.470584,906.3309,591.00
6.470584,906.3802,661.00
6.470584,906.4297,621.00
6.470584,906.4791,646.00
6.470584,906.5285,633.00
6.470584,906.5779,607.00
6.470584,906.6273,604.00
6.470584,906.6766,642.00
6.470584,906.7260,585.00
6.470584,906.7754,690.00
6.470584,906.8248,579.00
6.470584,906.8741,672.00
6.470584,906.9235,599.00
6.470584,906.9729,614.00
6.470584,907.0222,625.00
6.470584,907.0715,645.00
6.470584,907.1208,602.00
6.470584,907.1702,673.00
6.470584,907.2195,621.00
6.470584,907.2688,656.00
6.470584,907.3181,608.00
6.470584,907.3674,639.00
6.470584,907.4167,626.00
6.470584,907.4660,614.00
6.470584,907.5153,564.00
6.470584,907.5646,654.00
6.470584,907.6139,615.00
6.470584,907.6631,653.00
6.470584,907.7125,605.00
6.470584,907.7617,636.00
6.470584,907.8110,565.00
6.470584,907.8602,637.00
6.470584,907.9094,602.00
6.470584,907.9587,622.00
6.470584,908.0080,550.00
6.470584,908.0572,674.00
6.470584,908.1064,634.00
6.470584,908.1556,669.00
6.470584,908.2048,607.00
6.470584,908.2541,611.00
6.470584,908.3033,631.00
6.470584,908.3524,625.00
6.470584,908.4017,578.00
6.470584,908.4508,673.00
6.470584,908.5000,601.00
6.470584,908.5493,601.00
6.470584,908.5984,624.00
6.470584,908.6475,627.00
6.470584,908.6967,594.00
6.470584,908.7459,626.00
6.470584,908.7950,588.00
6.470584,908.8442,628.00
6.470584,908.8932,611.00
6.470584,908.9424,659.00
6.470584,908.9916,633.00
6.470584,909.0407,656.00
6.470584,909.0898,660.00
6.470584,909.1389,627.00
6.470584,909.1880,611.00
6.470584,909.2372,648.00
6.470584,909.2863,586.00
6.470584,909.3354,658.00
6.470584,909.3845,605.00
6.470584,909.4335,653.00
6.470584,909.4825,654.00
6.470584,909.5317,609.00
6.470584,909.5807,579.00
6.470584,909.6298,656.00
6.470584,909.6789,586.00
6.470584,909.7280,633.00
6.470584,909.7770,604.00
6.470584,909.8260,637.00
6.470584,909.8751,604.00
6.470584,909.9241,625.00
6.470584,909.9731,634.00
6.470584,910.0222,664.00
6.470584,910.0711,614.00
6.470584,910.1201,652.00
6.470584,910.1691,572.00
6.470584,910.2181,637.00
6.470584,910.2672,632.00
6.470584,910.3162,647.00
6.470584,910.3651,602.00
6.470584,910.4141,650.00
6.470584,910.4631,634.00
6.470584,910.5120,624.00
6.470584,910.5610,599.00
6.470584,910.6099,655.00
6.470584,910.6589,633.00
6.470584,910.7078,669.00
6.470584,910.7568,620.00
6.470584,910.8057,625.00
6.470584,910.8546,635.00
6.470584,910.9036,660.00
6.470584,910.9525,602.00
6.470584,911.0013,670.00
6.470584,911.0503,620.00
6.470584,911.0992,687.00
6.470584,911.1481,624.00
6.470584,911.1970,681.00
6.470584,911.2459,635.00
6.470584,911.2948,656.00
6.470584,911.3436,615.00
6.470584,911.3925,632.00
6.470584,911.4414,604.00
6.470584,911.4902,661.00
6.470584,911.5391,642.00
6.470584,911.5880,637.00
6.470584,911.6368,614.00
6.470584,911.6857,642.00
6.470584,911.7344,606.00
6.470584,911.7833,685.00
6.470584,911.8321,608.00
6.470584,911.8809,667.00
6.470584,911.9297,645.00
6.470584,911.9785,699.00
6.470584,912.0273,640.00
6.470584,912.0762,634.00
6.470584,912.1249,663.00
6.470584,912.1737,658.00
6.470584,912.2225,629.00
6.470584,912.2712,646.00
6.470584,912.3201,663.00
6.470584,912.3688,679.00
6.470584,912.4176,621.00
6.470584,912.4663,640.00
6.470584,912.5150,599.00
6.470584,912.5638,641.00
6.470584,912.6125,597.00
6.470584,912.6613,662.00
6.470584,912.7100,632.00
6.470584,912.7587,671.00
6.470584,912.8074,656.00
6.470584,912.8561,680.00
6.470584,912.9048,653.00
6.470584,912.9535,702.00
6.470584,913.0023,615.00
6.470584,913.0510,652.00
6.470584,913.0996,636.00
6.470584,913.1483,688.00
6.470584,913.1969,635.00
6.470584,913.2456,677.00
6.470584,913.2943,704.00
6.470584,913.3430,682.00
6.470584,913.3916,622.00
6.470584,913.4402,677.00
6.470584,913.4888,628.00
6.470584,913.5375,712.00
6.470584,913.5862,643.00
6.470584,913.6348,687.00
6.470584,913.6834,694.00
6.470584,913.7320,666.00
6.470584,913.7806,658.00
6.470584,913.8292,673.00
6.470584,913.8778,633.00
6.470584,913.9264,683.00
6.470584,913.9750,613.00
6.470584,914.0236,705.00
6.470584,914.0721,680.00
6.470584,914.1207,690.00
6.470584,914.1693,653.00
6.470584,914.2178,716.00
6.470584,914.2664,644.00
6.470584,914.3149,678.00
6.470584,914.3635,631.00
6.470584,914.4120,694.00
6.470584,914.4606,672.00
6.470584,914.5090,722.00
6.470584,914.5576,693.00
6.470584,914.6061,701.00
6.470584,914.6546,669.00
6.470584,914.7031,696.00
6.470584,914.7516,621.00
6.470584,914.8001,726.00
6.470584,914.8486,678.00
6.470584,914.8971,700.00
6.470584,914.9456,664.00
6.470584,914.9941,690.00
6.470584,915.0425,667.00
6.470584,915.0910,679.00
6.470584,915.1395,628.00
6.470584,915.1879,716.00
6.470584,915.2363,655.00
6.470584,915.2849,735.00
6.470584,915.3333,661.00
6.470584,915.3817,712.00
6.470584,915.4301,684.00
6.470584,915.4785,685.00
6.470584,915.5269,653.00
6.470584,915.5754,638.00
6.470584,915.6237,672.00
6.470584,915.6721,706.00
6.470584,915.7205,656.00
6.470584,915.7689,734.00
6.470584,915.8173,663.00
6.470584,915.8657,692.00
6.470584,915.9141,621.00
6.470584,915.9623,702.00
6.470584,916.0107,657.00
6.470584,916.0591,703.00
6.470584,916.1075,628.00
6.470584,916.1558,692.00
6.470584,916.2042,645.00
6.470584,916.2524,708.00
6.470584,916.3008,663.00
6.470584,916.3491,672.00
6.470584,916.3974,630.00
6.470584,916.4457,684.00
6.470584,916.4940,644.00
6.470584,916.5423,691.00
6.470584,916.5907,662.00
6.470584,916.6390,677.00
6.470584,916.6872,650.00
6.470584,916.7355,656.00
6.470584,916.7838,629.00
6.470584,916.8320,701.00
6.470584,916.8803,642.00
6.470584,916.9286,703.00
6.470584,916.9768,620.00
6.470584,917.0250,678.00
6.470584,917.0733,686.00
6.470584,917.1216,677.00
6.470584,917.1698,641.00
6.470584,917.2180,638.00
6.470584,917.2662,621.00
6.470584,917.3145,655.00
6.470584,917.3626,608.00
6.470584,917.4109,694.00
6.470584,917.4590,637.00
6.470584,917.5072,708.00
6.470584,917.5554,667.00
6.470584,917.6036,686.00
6.470584,917.6518,637.00
6.470584,917.7000,702.00
6.470584,917.7481,630.00
6.470584,917.7963,681.00
6.470584,917.8444,619.00
6.470584,917.8926,716.00
6.470584,917.9407,697.00
6.470584,917.9888,685.00
6.470584,918.0369,630.00
6.470584,918.0851,695.00
6.470584,918.1332,630.00
6.470584,918.1813,694.00
6.470584,918.2294,648.00
6.470584,918.2776,711.00
6.470584,918.3257,675.00
6.470584,918.3737,669.00
6.470584,918.4218,673.00
6.470584,918.4699,680.00
6.470584,918.5180,633.00
6.470584,918.5660,699.00
6.470584,918.6142,630.00
6.470584,918.6622,688.00
6.470584,918.7103,666.00
6.470584,918.7583,662.00
6.470584,918.8064,671.00
6.470584,918.8544,659.00
6.470584,918.9025,658.00
6.470584,918.9505,721.00
6.470584,918.9985,627.00
6.470584,919.0464,705.00
6.470584,919.0945,689.00
6.470584,919.1426,709.00
6.470584,919.1905,708.00
6.470584,919.2385,639.00
6.470584,919.2866,632.00
6.470584,919.3345,690.00
6.470584,919.3825,626.00
6.470584,919.4304,694.00
6.470584,919.4785,653.00
6.470584,919.5264,676.00
6.470584,919.5744,671.00
6.470584,919.6224,665.00
6.470584,919.6703,649.00
6.470584,919.7182,662.00
6.470584,919.7661,622.00
6.470584,919.8141,691.00
6.470584,919.8620,628.00
6.470584,919.9100,714.00
6.470584,919.9578,655.00
6.470584,920.0057,709.00
6.470584,920.0536,659.00
6.470584,920.1016,660.00
6.470584,920.1495,615.00
6.470584,920.1973,673.00
6.470584,920.2452,582.00
6.470584,920.2932,693.00
6.470584,920.3410,666.00
6.470584,920.3888,689.00
6.470584,920.4367,654.00
6.470584,920.4846,665.00
6.470584,920.5323,640.00
6.470584,920.5803,637.00
6.470584,920.6281,606.00
6.470584,920.6759,695.00
6.470584,920.7237,650.00
6.470584,920.7715,702.00
6.470584,920.8195,680.00
6.470584,920.8672,669.00
6.470584,920.9150,649.00
6.470584,920.9628,671.00
6.470584,921.0106,651.00
6.470584,921.0584,710.00
6.470584,921.1062,610.00
6.470584,921.1540,704.00
6.470584,921.2017,641.00
6.470584,921.2495,669.00
6.470584,921.2973,645.00
6.470584,921.3450,665.00
6.470584,921.3928,588.00
6.470584,921.4405,660.00
6.470584,921.4882,608.00
6.470584,921.5359,672.00
6.470584,921.5837,650.00
6.470584,921.6315,676.00
6.470584,921.6791,640.00
6.470584,921.7269,664.00
6.470584,921.7746,632.00
6.470584,921.8223,631.00
6.470584,921.8700,608.00
6.470584,921.9177,668.00
6.470584,921.9653,608.00
6.470584,922.0130,660.00
6.470584,922.0607,665.00
6.470584,922.1084,628.00
6.470584,922.1561,602.00
6.470584,922.2037,624.00
6.470584,922.2513,640.00
6.470584,922.2990,672.00
6.470584,922.3467,614.00
6.470584,922.3943,667.00
6.470584,922.4419,590.00
6.470584,922.4895,650.00
6.470584,922.5371,638.00
6.470584,922.5848,663.00
6.470584,922.6324,645.00
6.470584,922.6800,659.00
6.470584,922.7276,587.00
6.470584,922.7752,669.00
6.470584,922.8228,635.00
6.470584,922.8704,668.00
6.470584,922.9179,643.00
6.470584,922.9655,667.00
6.470584,923.0130,632.00
6.470584,923.0607,695.00
6.470584,923.1082,614.00
6.470584,923.1558,699.00
6.470584,923.2032,605.00
6.470584,923.2508,674.00
6.470584,923.2983,651.00
6.470584,923.3459,629.00
6.470584,923.3934,641.00
6.470584,923.4409,648.00
6.470584,923.4884,613.00
6.470584,923.5359,643.00
6.470584,923.5834,598.00
6.470584,923.6309,666.00
6.470584,923.6784,648.00
6.470584,923.7259,682.00
6.470584,923.7734,619.00
6.470584,923.8209,643.00
6.470584,923.8683,587.00
6.470584,923.9158,648.00
6.470584,923.9632,625.00
6.470584,924.0106,691.00
6.470584,924.0581,623.00
6.470584,924.1056,675.00
6.470584,924.1530,658.00
6.470584,924.2004,676.00
6.470584,924.2479,677.00
6.470584,924.2952,639.00
6.470584,924.3427,607.00
6.470584,924.3901,695.00
6.470584,924.4375,604.00
6.470584,924.4849,684.00
6.470584,924.5323,659.00
6.470584,924.5797,629.00
6.470584,924.6270,633.00
6.470584,924.6744,652.00
6.470584,924.7218,608.00
6.470584,924.7692,679.00
6.470584,924.8165,590.00
6.470584,924.8639,672.00
6.470584,924.9112,642.00
6.470584,924.9585,660.00
6.470584,925.0059,665.00
6.470584,925.0532,639.00
6.470584,925.1005,616.00
6.470584,925.1478,677.00
6.470584,925.1952,586.00
6.470584,925.2424,680.00
6.470584,925.2897,641.00
6.470584,925.3370,702.00
6.470584,925.3843,656.00
6.470584,925.4316,673.00
6.470584,925.4789,608.00
6.470584,925.5262,652.00
6.470584,925.5734,619.00
6.470584,925.6207,682.00
6.470584,925.6680,630.00
6.470584,925.7153,672.00
6.470584,925.7625,630.00
6.470584,925.8097,669.00
6.470584,925.8569,649.00
6.470584,925.9042,643.00
6.470584,925.9514,638.00
6.470584,925.9987,673.00
6.470584,926.0458,614.00
6.470584,926.0930,694.00
6.470584,926.1403,631.00
6.470584,926.1874,703.00
6.470584,926.2346,686.00
6.470584,926.2819,683.00
6.470584,926.3290,647.00
6.470584,926.3762,687.00
6.470584,926.4233,623.00
6.470584,926.4705,727.00
6.470584,926.5177,693.00
6.470584,926.5648,747.00
6.470584,926.6120,713.00
6.470584,926.6591,737.00
6.470584,926.7063,693.00
6.470584,926.7534,728.00
6.470584,926.8005,655.00
6.470584,926.8477,740.00
6.470584,926.8947,714.00
6.470584,926.9418,826.00
6.470584,926.9890,840.00
6.470584,927.0361,967.00
6.470584,927.0831,1030.00
6.470584,927.1302,1187.00
6.470584,927.1773,1097.00
6.470584,927.2244,1402.00
6.470584,927.2715,1823.00
6.470584,927.3185,2795.00
6.470584,927.3656,4151.00
6.470584,927.4126,4658.00
6.470584,927.4597,3203.00
6.470584,927.5067,1731.00
6.470584,927.5538,1145.00
6.470584,927.6008,1211.00
6.470584,927.6478,1437.00
6.470584,927.6949,1923.00
6.470584,927.7419,2053.00
6.470584,927.7888,2090.00
6.470584,927.8358,2009.00
6.470584,927.8829,2118.00
6.470584,927.9299,2361.00
6.470584,927.9769,3658.00
6.470584,928.0239,6739.00
6.470584,928.0708,9286.00
6.470584,928.1177,8427.00
6.470584,928.1648,6468.00
6.470584,928.2117,5225.00
6.470584,928.2587,3951.00
6.470584,928.3056,2323.00
6.470584,928.3525,1205.00
6.470584,928.3995,818.00
6.470584,928.4465,830.00
6.470584,928.4934,703.00
6.470584,928.5402,775.00
6.470584,928.5872,708.00
6.470584,928.6340,783.00
6.470584,928.6810,713.00
6.470584,928.7279,717.00
6.470584,928.7748,745.00
6.470584,928.8217,760.00
6.470584,928.8685,677.00
6.470584,928.9155,712.00
6.470584,928.9623,680.00
6.470584,929.0092,720.00
6.470584,929.0560,674.00
6.470584,929.1028,700.00
6.470584,929.1498,642.00
6.470584,929.1965,668.00
6.470584,929.2434,672.00
6.470584,929.2902,723.00
6.470584,929.3370,636.00
6.470584,929.3839,695.00
6.470584,929.4307,654.00
6.470584,929.4775,686.00
6.470584,929.5243,701.00
6.470584,929.5710,682.00
6.470584,929.6179,649.00
6.470584,929.6647,691.00
6.470584,929.7115,621.00
6.470584,929.7582,682.00
6.470584,929.8050,653.00
6.470584,929.8517,718.00
6.470584,929.8986,651.00
6.470584,929.9453,682.00
6.470584,929.9921,667.00
6.470584,930.0388,702.00
6.470584,930.0854,633.00
6.470584,930.1323,711.00
6.470584,930.1790,677.00
6.470584,930.2256,701.00
6.470584,930.2724,655.00
6.470584,930.3191,658.00
6.470584,930.3658,651.00
6.470584,930.4125,708.00
6.470584,930.4592,642.00
6.470584,930.5059,705.00
6.470584,930.5526,637.00
6.470584,930.5993,659.00
6.470584,930.6459,680.00
6.470584,930.6926,689.00
6.470584,930.7392,680.00
6.470584,930.7859,680.00
6.470584,930.8325,641.00
6.470584,930.8792,700.00
6.470584,930.9258,634.00
6.470584,930.9725,684.00
6.470584,931.0190,674.00
6.470584,931.0657,698.00
6.470584,931.1123,696.00
6.470584,931.1589,663.00
6.470584,931.2055,612.00
6.470584,931.2521,679.00
6.470584,931.2987,627.00
6.470584,931.3453,664.00
6.470584,931.3919,625.00
6.470584,931.4385,708.00
6.470584,931.4850,671.00
6.470584,931.5316,665.00
6.470584,931.5782,654.00
6.470584,931.6248,682.00
6.470584,931.6713,618.00
6.470584,931.7178,707.00
6.470584,931.7643,652.00
6.470584,931.8109,687.00
6.470584,931.8574,687.00
6.470584,931.9039,691.00
6.470584,931.9504,673.00
6.470584,931.9969,698.00
6.470584,932.0435,649.00
6.470584,932.0900,687.00
6.470584,932.1365,619.00
6.470584,932.1829,682.00
6.470584,932.2294,645.00
6.470584,932.2759,692.00
6.470584,932.3223,655.00
6.470584,932.3688,655.00
6.470584,932.4153,645.00
6.470584,932.4617,708.00
6.470584,932.5082,652.00
6.470584,932.5546,707.00
6.470584,932.6011,661.00
6.470584,932.6475,706.00
6.470584,932.6939,700.00
6.470584,932.7402,690.00
6.470584,932.7867,657.00
6.470584,932.8331,694.00
6.470584,932.8795,615.00
6.470584,932.9259,708.00
6.470584,932.9723,605.00
6.470584,933.0187,734.00
6.470584,933.0651,681.00
6.470584,933.1115,693.00
6.470584,933.1578,662.00
6.470584,933.2042,676.00
6.470584,933.2505,637.00
6.470584,933.2969,712.00
6.470584,933.3433,674.00
6.470584,933.3896,721.00
6.470584,933.4359,642.00
6.470584,933.4822,732.00
6.470584,933.5286,656.00
6.470584,933.5749,665.00
6.470584,933.6212,686.00
6.470584,933.6675,697.00
6.470584,933.7138,656.00
6.470584,933.7601,700.00
6.470584,933.8064,652.00
6.470584,933.8527,677.00
6.470584,933.8989,658.00
6.470584,933.9452,686.00
6.470584,933.9915,692.00
6.470584,934.0378,674.00
6.470584,934.0840,626.00
6.470584,934.1302,739.00
6.470584,934.1765,639.00
6.470584,934.2227,726.00
6.470584,934.2690,687.00
6.470584,934.3152,693.00
6.470584,934.3614,685.00
6.470584,934.4077,695.00
6.470584,934.4539,649.00
6.470584,934.5001,729.00
6.470584,934.5463,634.00
6.470584,934.5925,752.00
6.470584,934.6387,705.00
6.470584,934.6848,702.00
6.470584,934.7310,686.00
6.470584,934.7772,661.00
6.470584,934.8234,642.00
6.470584,934.8695,690.00
6.470584,934.9156,641.00
6.470584,934.9619,693.00
6.470584,935.0080,686.00
6.470584,935.0541,707.00
6.470584,935.1002,691.00
6.470584,935.1464,692.00
6.470584,935.1925,646.00
6.470584,935.2386,703.00
6.470584,935.2847,703.00
6.470584,935.3308,717.00
6.470584,935.3769,664.00
6.470584,935.4230,743.00
6.470584,935.4691,675.00
6.470584,935.5152,719.00
6.470584,935.5613,678.00
6.470584,935.6073,718.00
6.470584,935.6534,663.00
6.470584,935.6995,707.00
6.470584,935.7455,621.00
6.470584,935.7916,715.00
6.470584,935.8376,675.00
6.470584,935.8837,723.00
6.470584,935.9297,659.00
6.470584,935.9757,684.00
6.470584,936.0217,651.00
6.470584,936.0677,689.00
6.470584,936.1137,625.00
6.470584,936.1598,693.00
6.470584,936.2057,658.00
6.470584,936.2518,687.00
6.470584,936.2977,664.00
6.470584,936.3437,668.00
6.470584,936.3896,624.00
6.470584,936.4357,691.00
6.470584,936.4816,597.00
6.470584,936.5275,700.00
6.470584,936.5735,626.00
6.470584,936.6194,674.00
6.470584,936.6654,671.00
6.470584,936.7114,658.00
6.470584,936.7573,624.00
6.470584,936.8032,647.00
6.470584,936.8491,567.00
6.470584,936.8950,653.00
6.470584,936.9409,599.00
6.470584,936.9868,684.00
6.470584,937.0327,635.00
6.470584,937.0786,681.00
6.470584,937.1245,614.00
6.470584,937.1704,633.00
6.470584,937.2162,616.00
6.470584,937.2621,669.00
6.470584,937.3080,574.00
6.470584,937.3539,661.00
6.470584,937.3997,616.00
6.470584,937.4455,684.00
6.470584,937.4913,622.00
6.470584,937.5372,659.00
6.470584,937.5831,630.00
6.470584,937.6289,608.00
6.470584,937.6747,624.00
6.470584,937.7205,683.00
6.470584,937.7663,605.00
6.470584,937.8121,683.00
6.470584,937.8579,614.00
6.470584,937.9037,646.00
6.470584,937.9495,643.00
6.470584,937.9952,656.00
6.470584,938.0410,625.00
6.470584,938.0868,661.00
6.470584,938.1325,601.00
6.470584,938.1783,673.00
6.470584,938.2240,618.00
6.470584,938.2698,676.00
6.470584,938.3155,608.00
6.470584,938.3613,638.00
6.470584,938.4069,634.00
6.470584,938.4527,653.00
6.470584,938.4984,608.00
6.470584,938.5441,676.00
6.470584,938.5898,641.00
6.470584,938.6356,657.00
6.470584,938.6812,636.00
6.470584,938.7269,670.00
6.470584,938.7726,610.00
6.470584,938.8182,652.00
6.470584,938.8640,650.00
6.470584,938.9096,688.00
6.470584,938.9552,627.00
6.470584,939.0010,665.00
6.470584,939.0466,664.00
6.470584,939.0922,681.00
6.470584,939.1378,682.00
6.470584,939.1835,695.00
6.470584,939.2291,604.00
6.470584,939.2747,686.00
6.470584,939.3203,642.00
6.470584,939.3659,711.00
6.470584,939.4115,665.00
6.470584,939.4570,686.00
6.470584,939.5027,701.00
6.470584,939.5483,665.00
6.470584,939.5939,627.00
6.470584,939.6395,694.00
6.470584,939.6851,627.00
6.470584,939.7306,696.00
6.470584,939.7761,636.00
6.470584,939.8217,703.00
6.470584,939.8672,683.00
6.470584,939.9127,681.00
6.470584,939.9583,652.00
6.470584,940.0038,696.00
6.470584,940.0493,655.00
6.470584,940.0948,717.00
6.470584,940.1403,640.00
6.470584,940.1859,716.00
6.470584,940.2314,662.00
6.470584,940.2769,703.00
6.470584,940.3223,646.00
6.470584,940.3678,692.00
6.470584,940.4133,656.00
6.470584,940.4588,683.00
6.470584,940.5042,661.00
6.470584,940.5497,727.00
6.470584,940.5952,646.00
6.470584,940.6406,724.00
6.470584,940.6860,693.00
6.470584,940.7315,704.00
6.470584,940.7769,685.00
6.470584,940.8223,695.00
6.470584,940.8677,644.00
6.470584,940.9132,702.00
6.470584,940.9586,676.00
6.470584,941.0040,756.00
6.470584,941.0494,669.00
6.470584,941.0948,702.00
6.470584,941.1402,671.00
6.470584,941.1855,680.00
6.470584,941.2310,632.00
6.470584,941.2762,728.00
6.470584,941.3216,653.00
6.470584,941.3670,733.00
6.470584,941.4124,660.00
6.470584,941.4577,702.00
6.470584,941.5031,662.00
6.470584,941.5483,700.00
6.470584,941.5937,654.00
6.470584,941.6390,698.00
6.470584,941.6843,629.00
6.470584,941.7296,693.00
6.470584,941.7749,654.00
6.470584,941.8203,685.00
6.470584,941.8655,687.00
6.470584,941.9108,676.00
6.470584,941.9561,652.00
6.470584,942.0013,679.00
6.470584,942.0467,660.00
6.470584,942.0920,713.00
6.470584,942.1372,664.00
6.470584,942.1824,718.00
6.470584,942.2277,653.00
6.470584,942.2729,700.00
6.470584,942.3182,638.00
6.470584,942.3634,706.00
6.470584,942.4086,651.00
6.470584,942.4539,680.00
6.470584,942.4990,640.00
6.470584,942.5443,687.00
6.470584,942.5895,671.00
6.470584,942.6347,703.00
6.470584,942.6798,662.00
6.470584,942.7250,680.00
6.470584,942.7702,663.00
6.470584,942.8154,703.00
6.470584,942.8606,637.00
6.470584,942.9058,709.00
6.470584,942.9508,646.00
6.470584,942.9960,687.00
6.470584,943.0412,667.00
6.470584,943.0864,698.00
6.470584,943.1314,644.00
6.470584,943.1766,693.00
6.470584,943.2217,663.00
6.470584,943.2668,703.00
6.470584,943.3120,631.00
6.470584,943.3571,744.00
6.470584,943.4021,688.00
6.470584,943.4473,717.00
6.470584,943.4923,685.00
6.470584,943.5374,679.00
6.470584,943.5825,664.00
6.470584,943.6276,708.00
6.470584,943.6725,626.00
6.470584,943.7177,712.00
6.470584,943.7627,679.00
6.470584,943.8078,666.00
6.470584,943.8528,674.00
6.470584,943.8978,705.00
6.470584,943.9429,638.00
6.470584,943.9879,713.00
6.470584,944.0330,665.00
6.470584,944.0779,723.00
6.470584,944.1229,680.00
6.470584,944.1679,685.00
6.470584,944.2130,690.00
6.470584,944.2579,728.00
6.470584,944.3029,681.00
6.470584,944.3478,652.00
6.470584,944.3929,628.00
6.470584,944.4379,729.00
6.470584,944.4828,654.00
6.470584,944.5277,724.00
6.470584,944.5727,666.00
6.470584,944.6176,698.00
6.470584,944.6626,690.00
6.470584,944.7076,695.00
6.470584,944.7524,636.00
6.470584,944.7974,695.00
6.470584,944.8423,653.00
6.470584,944.8872,701.00
6.470584,944.9321,675.00
6.470584,944.9770,680.00
6.470584,945.0219,683.00
6.470584,945.0667,690.00
6.470584,945.1116,658.00
6.470584,945.1566,667.00
6.470584,945.2014,654.00
6.470584,945.2463,715.00
6.470584,945.2911,631.00
6.470584,945.3360,753.00
6.470584,945.3808,683.00
6.470584,945.4257,699.00
6.470584,945.4705,633.00
6.470584,945.5153,691.00
6.470584,945.5601,616.00
6.470584,945.6050,743.00
6.470584,945.6498,673.00
6.470584,945.6946,678.00
6.470584,945.7394,673.00
6.470584,945.7842,666.00
6.470584,945.8290,645.00
6.470584,945.8738,698.00
6.470584,945.9186,655.00
6.470584,945.9633,698.00
6.470584,946.0081,629.00
6.470584,946.0529,706.00
6.470584,946.0976,681.00
6.470584,946.1423,675.00
6.470584,946.1871,643.00
6.470584,946.2318,690.00
6.470584,946.2766,619.00
6.470584,946.3213,700.00
6.470584,946.3660,631.00
6.470584,946.4107,715.00
6.470584,946.4554,647.00
6.470584,946.5001,707.00
6.470584,946.5449,672.00
6.470584,946.5895,661.00
6.470584,946.6342,685.00
6.470584,946.6789,689.00
6.470584,946.7236,673.00
6.470584,946.7682,680.00
6.470584,946.8129,648.00
6.470584,946.8575,724.00
6.470584,946.9022,662.00
6.470584,946.9468,696.00
6.470584,946.9915,660.00
6.470584,947.0361,674.00
6.470584,947.0807,636.00
6.470584,947.1253,681.00
6.470584,947.1700,602.00
6.470584,947.2146,692.00
6.470584,947.2592,631.00
6.470584,947.3038,716.00
6.470584,947.3483,658.00
6.470584,947.3929,683.00
6.470584,947.4376,644.00
6.470584,947.4821,675.00
6.470584,947.5267,632.00
6.470584,947.5712,709.00
6.470584,947.6158,645.00
6.470584,947.6604,678.00
6.470584,947.7050,663.00
6.470584,947.7495,646.00
6.470584,947.7939,638.00
6.470584,947.8385,658.00
6.470584,947.8831,605.00
6.470584,947.9276,671.00
6.470584,947.9720,651.00
6.470584,948.0166,683.00
6.470584,948.0611,635.00
6.470584,948.1056,650.00
6.470584,948.1501,615.00
6.470584,948.1945,659.00
6.470584,948.2390,633.00
6.470584,948.2835,661.00
6.470584,948.3279,601.00
6.470584,948.3724,659.00
6.470584,948.4169,619.00
6.470584,948.4613,678.00
6.470584,948.5057,616.00
6.470584,948.5502,626.00
6.470584,948.5947,617.00
6.470584,948.6391,681.00
6.470584,948.6835,637.00
6.470584,948.7279,692.00
6.470584,948.7723,643.00
6.470584,948.8167,674.00
6.470584,948.8611,624.00
6.470584,948.9055,650.00
6.470584,948.9498,618.00
6.470584,948.9943,641.00
6.470584,949.0387,639.00
6.470584,949.0830,698.00
6.470584,949.1273,635.00
6.470584,949.1718,671.00
6.470584,949.2161,640.00
6.470584,949.2604,657.00
6.470584,949.3047,617.00
6.470584,949.3491,645.00
6.470584,949.3934,621.00
6.470584,949.4377,636.00
6.470584,949.4821,592.00
6.470584,949.5264,690.00
6.470584,949.5707,656.00
6.470584,949.6150,662.00
6.470584,949.6592,648.00
6.470584,949.7036,658.00
6.470584,949.7479,601.00
6.470584,949.7921,720.00
6.470584,949.8363,647.00
6.470584,949.8806,686.00
6.470584,949.9249,647.00
6.470584,949.9692,690.00
6.470584,950.0134,634.00
6.470584,950.0576,691.00
6.470584,950.1019,641.00
6.470584,950.1461,671.00
6.470584,950.1903,625.00
6.470584,950.2346,693.00
6.470584,950.2787,637.00
6.470584,950.3229,690.00
6.470584,950.3671,599.00
6.470584,950.4114,666.00
6.470584,950.4555,666.00
6.470584,950.4997,660.00
6.470584,950.5439,635.00
6.470584,950.5880,701.00
6.470584,950.6322,617.00
6.470584,950.6763,685.00
6.470584,950.7205,652.00
6.470584,950.7646,667.00
6.470584,950.8088,634.00
6.470584,950.8530,676.00
6.470584,950.8971,664.00
6.470584,950.9412,682.00
6.470584,950.9853,599.00
6.470584,951.0294,691.00
6.470584,951.0735,628.00
6.470584,951.1177,710.00
6.470584,951.1617,665.00
6.470584,951.2057,687.00
6.470584,951.2499,661.00
6.470584,951.2939,700.00
6.470584,951.3380,645.00
6.470584,951.3821,696.00
6.470584,951.4261,635.00
6.470584,951.4702,692.00
6.470584,951.5142,678.00
6.470584,951.5582,704.00
6.470584,951.6024,650.00
6.470584,951.6464,657.00
6.470584,951.6904,666.00
6.470584,951.7344,689.00
6.470584,951.7784,604.00
6.470584,951.8224,707.00
6.470584,951.8665,668.00
6.470584,951.9104,699.00
6.470584,951.9544,640.00
6.470584,951.9984,656.00
6.470584,952.0424,621.00
6.470584,952.0864,670.00
6.470584,952.1303,637.00
6.470584,952.1743,704.00
6.470584,952.2183,652.00
6.470584,952.2621,686.00
6.470584,952.3061,665.00
6.470584,952.3500,686.00
6.470584,952.3940,628.00
6.470584,952.4379,666.00
6.470584,952.4818,609.00
6.470584,952.5258,696.00
6.470584,952.5696,653.00
6.470584,952.6136,728.00
6.470584,952.6574,645.00
6.470584,952.7014,684.00
6.470584,952.7452,622.00
6.470584,952.7891,650.00
6.470584,952.8330,626.00
6.470584,952.8768,696.00
6.470584,952.9207,644.00
6.470584,952.9645,719.00
6.470584,953.0084,641.00
6.470584,953.0522,677.00
6.470584,953.0961,690.00
6.470584,953.1400,666.00
6.470584,953.1838,653.00
6.470584,953.2275,676.00
6.470584,953.2714,630.00
6.470584,953.3152,737.00
6.470584,953.3589,637.00
6.470584,953.4028,696.00
6.470584,953.4466,656.00
6.470584,953.4904,651.00
6.470584,953.5341,696.00
6.470584,953.5779,654.00
6.470584,953.6217,606.00
6.470584,953.6654,674.00
6.470584,953.7092,617.00
6.470584,953.7529,684.00
6.470584,953.7967,605.00
6.470584,953.8405,657.00
6.470584,953.8842,625.00
6.470584,953.9279,634.00
6.470584,953.9716,642.00
6.470584,954.0153,666.00
6.470584,954.0590,594.00
6.470584,954.1027,668.00
6.470584,954.1464,643.00
6.470584,954.1901,645.00
6.470584,954.2338,639.00
6.470584,954.2774,659.00
6.470584,954.3212,610.00
6.470584,954.3648,653.00
6.470584,954.4084,622.00
6.470584,954.4521,673.00
6.470584,954.4958,635.00
6.470584,954.5394,645.00
6.470584,954.5831,642.00
6.470584,954.6267,649.00
6.470584,954.6703,660.00
6.470584,954.7139,653.00
6.470584,954.7576,616.00
6.470584,954.8012,679.00
6.470584,954.8448,622.00
6.470584,954.8884,684.00
6.470584,954.9319,624.00
6.470584,954.9755,676.00
6.470584,955.0191,639.00
6.470584,955.0627,605.00
6.470584,955.1063,602.00
6.470584,955.1498,648.00
6.470584,955.1934,608.00
6.470584,955.2369,663.00
6.470584,955.2805,612.00
6.470584,955.3240,665.00
6.470584,955.3675,650.00
6.470584,955.4111,652.00
6.470584,955.4546,617.00
6.470584,955.4981,656.00
6.470584,955.5416,584.00
6.470584,955.5851,661.00
6.470584,955.6285,610.00
6.470584,955.6722,656.00
6.470584,955.7156,630.00
6.470584,955.7590,648.00
6.470584,955.8025,652.00
6.470584,955.8460,663.00
6.470584,955.8895,660.00
6.470584,955.9329,673.00
6.470584,955.9764,616.00
6.470584,956.0198,686.00
6.470584,956.0632,641.00
6.470584,956.1067,704.00
6.470584,956.1501,646.00
6.470584,956.1935,678.00
6.470584,956.2369,595.00
6.470584,956.2803,638.00
6.470584,956.3238,594.00
6.470584,956.3671,691.00
6.470584,956.4105,623.00
6.470584,956.4539,669.00
6.470584,956.4973,647.00
6.470584,956.5406,615.00
6.470584,956.5841,657.00
6.470584,956.6274,635.00
6.470584,956.6707,604.00
6.470584,956.7141,693.00
6.470584,956.7575,627.00
6.470584,956.8008,674.00
6.470584,956.8442,651.00
6.470584,956.8875,670.00
6.470584,956.9308,640.00
6.470584,956.9741,673.00
6.470584,957.0174,619.00
6.470584,957.0607,691.00
6.470584,957.1040,603.00
6.470584,957.1473,716.00
6.470584,957.1906,628.00
6.470584,957.2339,687.00
6.470584,957.2772,643.00
6.470584,957.3204,679.00
6.470584,957.3636,614.00
6.470584,957.4069,664.00
6.470584,957.4502,619.00
6.470584,957.4934,687.00
6.470584,957.5366,651.00
6.470584,957.5799,671.00
6.470584,957.6230,652.00
6.470584,957.6664,671.00
6.470584,957.7095,663.00
6.470584,957.7527,653.00
6.470584,957.7959,625.00
6.470584,957.8392,702.00
6.470584,957.8823,653.00
6.470584,957.9255,717.00
6.470584,957.9687,662.00
6.470584,958.0118,648.00
6.470584,958.0551,649.00
6.470584,958.0983,696.00
6.470584,958.1414,652.00
6.470584,958.1845,691.00
6.470584,958.2277,640.00
6.470584,958.2708,700.00
6.470584,958.3139,650.00
6.470584,958.3571,672.00
6.470584,958.4001,655.00
6.470584,958.4432,694.00
6.470584,958.4864,632.00
6.470584,958.5295,687.00
6.470584,958.5726,664.00
6.470584,958.6157,675.00
6.470584,958.6588,639.00
6.470584,958.7018,702.00
6.470584,958.7449,625.00
6.470584,958.7879,710.00
6.470584,958.8311,623.00
6.470584,958.8741,683.00
6.470584,958.9171,603.00
6.470584,958.9601,678.00
6.470584,959.0032,627.00
6.470584,959.0463,713.00
6.470584,959.0893,679.00
6.470584,959.1323,649.00
6.470584,959.1752,647.00
6.470584,959.2183,691.00
6.470584,959.2613,634.00
6.470584,959.3043,671.00
6.470584,959.3472,604.00
6.470584,959.3903,699.00
6.470584,959.4332,631.00
6.470584,959.4763,675.00
6.470584,959.5192,649.00
6.470584,959.5621,636.00
6.470584,959.6051,639.00
6.470584,959.6480,677.00
6.470584,959.6910,609.00
6.470584,959.7339,686.00
6.470584,959.7768,618.00
6.470584,959.8198,637.00
6.470584,959.8627,610.00
6.470584,959.9056,646.00
6.470584,959.9485,615.00
6.470584,959.9915,637.00
6.470584,960.0343,578.00
6.470584,960.0771,685.00
6.470584,960.1201,601.00
6.470584,960.1630,655.00
6.470584,960.2058,628.00
6.470584,960.2487,639.00
6.470584,960.2915,608.00
6.470584,960.3344,646.00
6.470584,960.3773,555.00
6.470584,960.4200,664.00
6.470584,960.4629,589.00
6.470584,960.5057,668.00
6.470584,960.5485,611.00
6.470584,960.5914,619.00
6.470584,960.6342,622.00
6.470584,960.6770,610.00
6.470584,960.7198,620.00
6.470584,960.7626,635.00
6.470584,960.8054,591.00
6.470584,960.8481,647.00
6.470584,960.8909,613.00
6.470584,960.9337,664.00
6.470584,960.9764,623.00
6.470584,961.0192,645.00
6.470584,961.0620,591.00
6.470584,961.1047,622.00
6.470584,961.1475,606.00
6.470584,961.1902,669.00
6.470584,961.2329,616.00
6.470584,961.2757,637.00
6.470584,961.3184,651.00
6.470584,961.3611,611.00
6.470584,961.4037,596.00
6.470584,961.4465,660.00
6.470584,961.4892,592.00
6.470584,961.5319,641.00
6.470584,961.5745,585.00
6.470584,961.6172,650.00
6.470584,961.6599,608.00
6.470584,961.7026,654.00
6.470584,961.7452,634.00
6.470584,961.7878,628.00
6.470584,961.8304,621.00
6.470584,961.8731,700.00
6.470584,961.9157,591.00
6.470584,961.9584,651.00
6.470584,962.0010,628.00
6.470584,962.0436,642.00
6.470584,962.0862,628.00
6.470584,962.1288,661.00
6.470584,962.1714,617.00
6.470584,962.2140,620.00
6.470584,962.2565,597.00
6.470584,962.2991,676.00
6.470584,962.3417,590.00
6.470584,962.3843,656.00
6.470584,962.4268,632.00
6.470584,962.4694,618.00
6.470584,962.5119,610.00
6.470584,962.5545,673.00
6.470584,962.5970,590.00
6.470584,962.6396,652.00
6.470584,962.6821,579.00
6.470584,962.7246,679.00
6.470584,962.7671,628.00
6.470584,962.8096,657.00
6.470584,962.8522,636.00
6.470584,962.8947,633.00
6.470584,962.9371,587.00
6.470584,962.9796,650.00
6.470584,963.0222,604.00
6.470584,963.0646,658.00
6.470584,963.1070,576.00
6.470584,963.1495,635.00
6.470584,963.1919,615.00
6.470584,963.2344,622.00
6.470584,963.2768,593.00
6.470584,963.3193,670.00
6.470584,963.3616,623.00
6.470584,963.4041,691.00
6.470584,963.4465,585.00
6.470584,963.4889,678.00
6.470584,963.5314,631.00
6.470584,963.5737,633.00
6.470584,963.6161,633.00
6.470584,963.6585,638.00
6.470584,963.7009,591.00
6.470584,963.7433,621.00
6.470584,963.7856,628.00
6.470584,963.8280,674.00
6.470584,963.8704,589.00
6.470584,963.9127,661.00
6.470584,963.9551,610.00
6.470584,963.9974,634.00
6.470584,964.0397,629.00
6.470584,964.0820,636.00
6.470584,964.1244,598.00
6.470584,964.1667,661.00
6.470584,964.2090,613.00
6.470584,964.2513,670.00
6.470584,964.2936,614.00
6.470584,964.3359,657.00
6.470584,964.3782,608.00
6.470584,964.4205,646.00
6.470584,964.4627,595.00
6.470584,964.5050,647.00
6.470584,964.5472,588.00
6.470584,964.5895,678.00
6.470584,964.6317,637.00
6.470584,964.6740,635.00
6.470584,964.7162,617.00
6.470584,964.7585,606.00
6.470584,964.8007,579.00
6.470584,964.8429,634.00
6.470584,964.8851,579.00
6.470584,964.9273,684.00
6.470584,964.9695,603.00
6.470584,965.0118,645.00
6.470584,965.0539,603.00
6.470584,965.0961,623.00
6.470584,965.1382,658.00
6.470584,965.1805,659.00
6.470584,965.2226,612.00
6.470584,965.2648,663.00
6.470584,965.3069,609.00
6.470584,965.3491,663.00
6.470584,965.3912,613.00
6.470584,965.4333,660.00
6.470584,965.4755,613.00
6.470584,965.5176,646.00
6.470584,965.5598,589.00
6.470584,965.6019,668.00
6.470584,965.6439,600.00
6.470584,965.6861,664.00
6.470584,965.7281,595.00
6.470584,965.7702,640.00
6.470584,965.8123,570.00
6.470584,965.8543,636.00
6.470584,965.8964,594.00
6.470584,965.9385,641.00
6.470584,965.9806,576.00
6.470584,966.0226,659.00
6.470584,966.0647,588.00
6.470584,966.1068,615.00
6.470584,966.1487,632.00
6.470584,966.1907,610.00
6.470584,966.2328,597.00
6.470584,966.2748,628.00
6.470584,966.3168,613.00
6.470584,966.3588,662.00
6.470584,966.4008,597.00
6.470584,966.4427,632.00
6.470584,966.4848,590.00
6.470584,966.5268,646.00
6.470584,966.5688,597.00
6.470584,966.6107,642.00
6.470584,966.6526,588.00
6.470584,966.6946,651.00
6.470584,966.7366,573.00
6.470584,966.7785,664.00
6.470584,966.8204,645.00
6.470584,966.8624,612.00
6.470584,966.9042,607.00
6.470584,966.9462,618.00
6.470584,966.9881,594.00
6.470584,967.0300,628.00
6.470584,967.0719,580.00
6.470584,967.1138,669.00
6.470584,967.1556,617.00
6.470584,967.1976,651.00
6.470584,967.2394,612.00
6.470584,967.2813,636.00
6.470584,967.3232,582.00
6.470584,967.3651,650.00
6.470584,967.4070,571.00
6.470584,967.4488,644.00
6.470584,967.4906,622.00
6.470584,967.5324,667.00
6.470584,967.5743,677.00
6.470584,967.6161,649.00
6.470584,967.6579,644.00
6.470584,967.6997,663.00
6.470584,967.7415,597.00
6.470584,967.7833,650.00
6.470584,967.8251,580.00
6.470584,967.8669,660.00
6.470584,967.9087,621.00
6.470584,967.9504,648.00
6.470584,967.9922,637.00
6.470584,968.0339,640.00
6.470584,968.0757,610.00
6.470584,968.1174,668.00
6.470584,968.1592,578.00
6.470584,968.2009,666.00
6.470584,968.2427,594.00
6.470584,968.2844,673.00
6.470584,968.3262,656.00
6.470584,968.3679,629.00
6.470584,968.4095,643.00
6.470584,968.4512,639.00
6.470584,968.4930,590.00
6.470584,968.5347,680.00
6.470584,968.5763,652.00
6.470584,968.6180,673.00
6.470584,968.6597,599.00
6.470584,968.7014,661.00
6.470584,968.7430,600.00
6.470584,968.7846,670.00
6.470584,968.8263,596.00
6.470584,968.8679,651.00
6.470584,968.9095,602.00
6.470584,968.9512,694.00
6.470584,968.9928,645.00
6.470584,969.0344,634.00
6.470584,969.0761,629.00
6.470584,969.1177,611.00
6.470584,969.1592,601.00
6.470584,969.2009,636.00
6.470584,969.2424,609.00
6.470584,969.2839,672.00
6.470584,969.3255,613.00
6.470584,969.3672,664.00
6.470584,969.4087,588.00
6.470584,969.4503,652.00
6.470584,969.4918,580.00
6.470584,969.5333,608.00
6.470584,969.5749,572.00
6.470584,969.6165,662.00
6.470584,969.6580,582.00
6.470584,969.6995,654.00
6.470584,969.7410,626.00
6.470584,969.7825,612.00
6.470584,969.8240,599.00
6.470584,969.8655,613.00
6.470584,969.9070,561.00
6.470584,969.9484,687.00
6.470584,969.9899,572.00
6.470584,970.0314,629.00
6.470584,970.0728,628.00
6.470584,970.1143,626.00
6.470584,970.1558,629.00
6.470584,970.1971,638.00
6.470584,970.2386,558.00
6.470584,970.2801,630.00
6.470584,970.3215,567.00
6.470584,970.3629,654.00
6.470584,970.4044,583.00
6.470584,970.4457,667.00
6.470584,970.4872,623.00
6.470584,970.5286,617.00
6.470584,970.5699,593.00
6.470584,970.6113,617.00
6.470584,970.6527,583.00
6.470584,970.6941,609.00
6.470584,970.7354,590.00
6.470584,970.7768,616.00
6.470584,970.8182,606.00
6.470584,970.8595,651.00
6.470584,970.9009,606.00
6.470584,970.9422,631.00
6.470584,970.9835,600.00
6.470584,971.0248,617.00
6.470584,971.0662,571.00
6.470584,971.1075,633.00
6.470584,971.1487,611.00
6.470584,971.1901,620.00
6.470584,971.2314,598.00
6.470584,971.2727,579.00
6.470584,971.3140,594.00
6.470584,971.3552,619.00
6.470584,971.3965,558.00
6.470584,971.4377,653.00
6.470584,971.4789,601.00
6.470584,971.5203,637.00
6.470584,971.5615,617.00
6.470584,971.6027,591.00
6.470584,971.6439,584.00
6.470584,971.6852,608.00
6.470584,971.7264,576.00
6.470584,971.7676,646.00
6.470584,971.8088,573.00
6.470584,971.8500,602.00
6.470584,971.8912,592.00
6.470584,971.9324,600.00
6.470584,971.9736,615.00
6.470584,972.0148,606.00
6.470584,972.0560,597.00
6.470584,972.0972,644.00
6.470584,972.1384,568.00
6.470584,972.1794,639.00
6.470584,972.2206,589.00
6.470584,972.2617,598.00
6.470584,972.3029,578.00
6.470584,972.3439,596.00
6.470584,972.3851,581.00
6.470584,972.4262,580.00
6.470584,972.4673,539.00
6.470584,972.5085,629.00
6.470584,972.5496,562.00
6.470584,972.5907,594.00
6.470584,972.6317,580.00
6.470584,972.6729,593.00
6.470584,972.7139,534.00
6.470584,972.7549,597.00
6.470584,972.7961,561.00
6.470584,972.8371,594.00
6.470584,972.8781,574.00
6.470584,972.9191,665.00
6.470584,972.9602,586.00
6.470584,973.0013,576.00
6.470584,973.0423,589.00
6.470584,973.0833,597.00
6.470584,973.1243,514.00
6.470584,973.1653,601.00
6.470584,973.2064,566.00
6.470584,973.2473,610.00
6.470584,973.2883,588.00
6.470584,973.3293,613.00
6.470584,973.3703,584.00
6.470584,973.4113,615.00
6.470584,973.4522,569.00
6.470584,973.4931,602.00
6.470584,973.5341,566.00
6.470584,973.5750,632.00
6.470584,973.6160,575.00
6.470584,973.6570,650.00
6.470584,973.6978,619.00
6.470584,973.7388,595.00
6.470584,973.7797,572.00
6.470584,973.8206,595.00
6.470584,973.8615,567.00
6.470584,973.9024,597.00
6.470584,973.9433,587.00
6.470584,973.9842,644.00
6.470584,974.0250,577.00
6.470584,974.0660,631.00
6.470584,974.1068,588.00
6.470584,974.1476,619.00
6.470584,974.1885,586.00
6.470584,974.2294,628.00
6.470584,974.2702,589.00
6.470584,974.3110,656.00
6.470584,974.3519,611.00
6.470584,974.3927,645.00
6.470584,974.4335,618.00
6.470584,974.4743,618.00
6.470584,974.5151,578.00
6.470584,974.5559,615.00
6.470584,974.5967,576.00
6.470584,974.6375,687.00
6.470584,974.6783,581.00
6.470584,974.7191,659.00
6.470584,974.7598,631.00
6.470584,974.8006,678.00
6.470584,974.8413,627.00
6.470584,974.8821,640.00
6.470584,974.9229,619.00
6.470584,974.9636,667.00
6.470584,975.0043,595.00
6.470584,975.0450,673.00
6.470584,975.0858,614.00
6.470584,975.1265,639.00
6.470584,975.1672,621.00
6.470584,975.2079,653.00
6.470584,975.2485,612.00
6.470584,975.2892,679.00
6.470584,975.3300,617.00
6.470584,975.3706,674.00
6.470584,975.4113,644.00
6.470584,975.4519,662.00
6.470584,975.4926,653.00
6.470584,975.5333,658.00
6.470584,975.5739,593.00
6.470584,975.6146,680.00
6.470584,975.6552,607.00
6.470584,975.6958,660.00
6.470584,975.7363,619.00
6.470584,975.7770,652.00
6.470584,975.8176,634.00
6.470584,975.8582,663.00
6.470584,975.8989,640.00
6.470584,975.9395,665.00
6.470584,975.9800,634.00
6.470584,976.0206,695.00
6.470584,976.0611,607.00
6.470584,976.1017,692.00
6.470584,976.1423,612.00
6.470584,976.1829,641.00
6.470584,976.2234,619.00
6.470584,976.2639,629.00
6.470584,976.3044,608.00
6.470584,976.3450,628.00
6.470584,976.3855,592.00
6.470584,976.4260,633.00
6.470584,976.4665,636.00
6.470584,976.5070,666.00
6.470584,976.5475,634.00
6.470584,976.5880,646.00
6.470584,976.6285,584.00
6.470584,976.6690,656.00
6.470584,976.7095,593.00
6.470584,976.7500,675.00
6.470584,976.7905,583.00
6.470584,976.8308,648.00
6.470584,976.8713,622.00
6.470584,976.9117,616.00
6.470584,976.9521,609.00
6.470584,976.9926,641.00
6.470584,977.0330,604.00
6.470584,977.0734,657.00
6.470584,977.1139,588.00
6.470584,977.1542,634.00
6.470584,977.1947,594.00
6.470584,977.2350,644.00
6.470584,977.2755,622.00
6.470584,977.3158,614.00
6.470584,977.3562,575.00
6.470584,977.3965,649.00
6.470584,977.4370,588.00
6.470584,977.4773,645.00
6.470584,977.5176,617.00
6.470584,977.5579,633.00
6.470584,977.5983,568.00
6.470584,977.6387,628.00
6.470584,977.6790,580.00
6.470584,977.7192,602.00
6.470584,977.7595,582.00
6.470584,977.7999,648.00
6.470584,977.8402,586.00
6.470584,977.8805,604.00
6.470584,977.9208,567.00
6.470584,977.9610,611.00
6.470584,978.0013,570.00
6.470584,978.0417,589.00
6.470584,978.0819,552.00
6.470584,978.1221,623.00
6.470584,978.1624,555.00
6.470584,978.2026,619.00
6.470584,978.2428,560.00
6.470584,978.2831,604.00
6.470584,978.3233,609.00
6.470584,978.3635,565.00
6.470584,978.4037,531.00
6.470584,978.4440,618.00
6.470584,978.4842,558.00
6.470584,978.5244,606.00
6.470584,978.5645,574.00
6.470584,978.6047,597.00
6.470584,978.6449,553.00
6.470584,978.6851,623.00
6.470584,978.7253,559.00
6.470584,978.7654,581.00
6.470584,978.8055,572.00
6.470584,978.8458,630.00
6.470584,978.8859,541.00
6.470584,978.9260,605.00
6.470584,978.9661,572.00
6.470584,979.0062,574.00
6.470584,979.0463,581.00
6.470584,979.0864,604.00
6.470584,979.1266,544.00
6.470584,979.1666,636.00
6.470584,979.2067,553.00
6.470584,979.2469,606.00
6.470584,979.2869,604.00
6.470584,979.3270,596.00
6.470584,979.3671,604.00
6.470584,979.4071,582.00
6.470584,979.4471,563.00
6.470584,979.4871,608.00
6.470584,979.5272,540.00
6.470584,979.5673,642.00
6.470584,979.6072,573.00
6.470584,979.6473,599.00
6.470584,979.6873,568.00
6.470584,979.7273,578.00
6.470584,979.7673,543.00
6.470584,979.8073,598.00
6.470584,979.8473,549.00
6.470584,979.8873,616.00
6.470584,979.9273,555.00
6.470584,979.9673,615.00
6.470584,980.0072,573.00
6.470584,980.0471,586.00
6.470584,980.0872,586.00
6.470584,980.1271,601.00
6.470584,980.1671,551.00
6.470584,980.2069,610.00
6.470584,980.2469,545.00
6.470584,980.2868,629.00
6.470584,980.3267,564.00
6.470584,980.3666,603.00
6.470584,980.4065,573.00
6.470584,980.4464,606.00
6.470584,980.4863,558.00
6.470584,980.5262,596.00
6.470584,980.5660,557.00
6.470584,980.6060,620.00
6.470584,980.6458,559.00
6.470584,980.6857,585.00
6.470584,980.7255,568.00
6.470584,980.7654,580.00
6.470584,980.8052,550.00
6.470584,980.8450,589.00
6.470584,980.8849,534.00
6.470584,980.9247,586.00
6.470584,980.9645,578.00
6.470584,981.0043,599.00
6.470584,981.0441,578.00
6.470584,981.0839,603.00
6.470584,981.1237,559.00
6.470584,981.1635,597.00
6.470584,981.2033,497.00
6.470584,981.2430,625.00
6.470584,981.2828,535.00
6.470584,981.3226,629.00
6.470584,981.3624,562.00
6.470584,981.4021,622.00
6.470584,981.4418,556.00
6.470584,981.4816,581.00
6.470584,981.5213,564.00
6.470584,981.5610,595.00
6.470584,981.6008,531.00
6.470584,981.6404,592.00
6.470584,981.6802,572.00
6.470584,981.7198,602.00
6.470584,981.7596,589.00
6.470584,981.7993,559.00
6.470584,981.8389,548.00
6.470584,981.8786,574.00
6.470584,981.9182,515.00
6.470584,981.9579,602.00
6.470584,981.9976,571.00
6.470584,982.0372,604.00
6.470584,982.0768,533.00
6.470584,982.1165,565.00
6.470584,982.1561,541.00
6.470584,982.1958,531.00
6.470584,982.2354,504.00
6.470584,982.2750,582.00
6.470584,982.3146,534.00
6.470584,982.3541,592.00
6.470584,982.3937,569.00
6.470584,982.4333,572.00
6.470584,982.4730,557.00
6.470584,982.5125,567.00
6.470584,982.5521,556.00
6.470584,982.5917,606.00
6.470584,982.6312,534.00
6.470584,982.6707,596.00
6.470584,982.7103,529.00
6.470584,982.7498,596.00
6.470584,982.7893,547.00
6.470584,982.8289,561.00
6.470584,982.8683,494.00
6.470584,982.9079,568.00
6.470584,982.9474,528.00
6.470584,982.9869,593.00
6.470584,983.0264,510.00
6.470584,983.0659,581.00
6.470584,983.1053,554.00
6.470584,983.1448,556.00
6.470584,983.1843,566.00
6.470584,983.2238,591.00
6.470584,983.2632,572.00
6.470584,983.3027,585.00
6.470584,983.3420,558.00
6.470584,983.3816,613.00
6.470584,983.4210,559.00
6.470584,983.4604,580.00
6.470584,983.4998,550.00
6.470584,983.5392,559.00
6.470584,983.5786,524.00
6.470584,983.6180,545.00
6.470584,983.6574,536.00
6.470584,983.6968,595.00
6.470584,983.7361,569.00
6.470584,983.7755,580.00
6.470584,983.8149,530.00
6.470584,983.8543,584.00
6.470584,983.8936,549.00
6.470584,983.9329,578.00
6.470584,983.9723,512.00
6.470584,984.0116,581.00
6.470584,984.0510,552.00
6.470584,984.0903,590.00
6.470584,984.1296,563.00
6.470584,984.1689,580.00
6.470584,984.2083,578.00
6.470584,984.2476,554.00
6.470584,984.2868,537.00
6.470584,984.3261,593.00
6.470584,984.3654,512.00
6.470584,984.4046,599.00
6.470584,984.4440,559.00
6.470584,984.4832,596.00
6.470584,984.5225,532.00
6.470584,984.5616,552.00
6.470584,984.6010,515.00
6.470584,984.6402,547.00
6.470584,984.6794,502.00
6.470584,984.7186,602.00
6.470584,984.7578,574.00
6.470584,984.7970,591.00
6.470584,984.8362,571.00
6.470584,984.8755,551.00
6.470584,984.9146,549.00
6.470584,984.9538,585.00
6.470584,984.9930,533.00
6.470584,985.0322,599.00
6.470584,985.0714,543.00
6.470584,985.1105,554.00
6.470584,985.1497,538.00
6.470584,985.1888,584.00
6.470584,985.2279,541.00
6.470584,985.2671,569.00
6.470584,985.3062,533.00
6.470584,985.3453,579.00
6.470584,985.3845,512.00
6.470584,985.4236,572.00
6.470584,985.4626,512.00
6.470584,985.5017,596.00
6.470584,985.5408,553.00
6.470584,985.5799,570.00
6.470584,985.6190,530.00
6.470584,985.6581,582.00
6.470584,985.6971,494.00
6.470584,985.7362,582.00
6.470584,985.7752,521.00
6.470584,985.8143,573.00
6.470584,985.8533,537.00
6.470584,985.8924,553.00
6.470584,985.9314,533.00
6.470584,985.9704,564.00
6.470584,986.0094,518.00
6.470584,986.0484,592.00
6.470584,986.0875,500.00
6.470584,986.1265,596.00
6.470584,986.1655,550.00
6.470584,986.2044,549.00
6.470584,986.2434,550.00
6.470584,986.2823,566.00
6.470584,986.3214,516.00
6.470584,986.3603,563.00
6.470584,986.3992,490.00
6.470584,986.4382,569.00
6.470584,986.4771,529.00
6.470584,986.5161,592.00
6.470584,986.5550,543.00
6.470584,986.5939,579.00
6.470584,986.6329,512.00
6.470584,986.6718,552.00
6.470584,986.7106,480.00
6.470584,986.7495,567.00
6.470584,986.7884,535.00
6.470584,986.8273,578.00
6.470584,986.8661,560.00
6.470584,986.9050,578.00
6.470584,986.9438,527.00
6.470584,986.9828,545.00
6.470584,987.0216,497.00
6.470584,987.0605,586.00
6.470584,987.0993,489.00
6.470584,987.1381,587.00
6.470584,987.1769,518.00
6.470584,987.2158,526.00
6.470584,987.2546,555.00
6.470584,987.2934,558.00
6.470584,987.3322,489.00
6.470584,987.3710,565.00
6.470584,987.4097,489.00
6.470584,987.4486,581.00
6.470584,987.4873,507.00
6.470584,987.5261,568.00
6.470584,987.5649,528.00
6.470584,987.6036,508.00
6.470584,987.6423,504.00
6.470584,987.6812,553.00
6.470584,987.7198,504.00
6.470584,987.7586,582.00
6.470584,987.7972,546.00
6.470584,987.8361,582.00
6.470584,987.8748,520.00
6.470584,987.9135,534.00
6.470584,987.9521,507.00
6.470584,987.9908,545.00
6.470584,988.0295,483.00
6.470584,988.0681,572.00
6.470584,988.1069,487.00
6.470584,988.1456,583.00
6.470584,988.1842,552.00
6.470584,988.2228,537.00
6.470584,988.2615,540.00
6.470584,988.3002,539.00
6.470584,988.3388,469.00
6.470584,988.3774,522.00
6.470584,988.4160,494.00
6.470584,988.4546,548.00
6.470584,988.4933,535.00
6.470584,988.5319,542.00
6.470584,988.5704,527.00
6.470584,988.6090,465.00
6.470584,988.6476,476.00
6.470584,988.6862,581.00
6.470584,988.7248,489.00
6.470584,988.7634,583.00
6.470584,988.8019,498.00
6.470584,988.8405,530.00
6.470584,988.8790,534.00
6.470584,988.9176,520.00
6.470584,988.9561,505.00
6.470584,988.9946,535.00
6.470584,989.0332,503.00
6.470584,989.0717,521.00
6.470584,989.1102,504.00
6.470584,989.1487,532.00
6.470584,989.1871,523.00
6.470584,989.2256,525.00
6.470584,989.2641,538.00
6.470584,989.3027,546.00
6.470584,989.3411,530.00
6.470584,989.3795,547.00
6.470584,989.4180,468.00
6.470584,989.4565,557.00
6.470584,989.4949,489.00
6.470584,989.5334,541.00
6.470584,989.5718,491.00
6.470584,989.6102,516.00
6.470584,989.6486,504.00
6.470584,989.6871,524.00
6.470584,989.7255,486.00
6.470584,989.7639,545.00
6.470584,989.8022,528.00
6.470584,989.8407,534.00
6.470584,989.8791,508.00
6.470584,989.9174,547.00
6.470584,989.9558,508.00
6.470584,989.9941,564.00
6.470584,990.0325,493.00
6.470584,990.0709,578.00
6.470584,990.1093,509.00
6.470584,990.1475,534.00
6.470584,990.1859,544.00
6.470584,990.2242,554.00
6.470584,990.2626,489.00
6.470584,990.3008,520.00
6.470584,990.3391,481.00
6.470584,990.3774,566.00
6.470584,990.4157,509.00
6.470584,990.4540,574.00
6.470584,990.4924,498.00
6.470584,990.5306,564.00
6.470584,990.5688,537.00
6.470584,990.6071,530.00
6.470584,990.6454,519.00
6.470584,990.6837,551.00
6.470584,990.7219,498.00
6.470584,990.7601,572.00
6.470584,990.7983,521.00
6.470584,990.8365,579.00
6.470584,990.8748,553.00
6.470584,990.9130,569.00
6.470584,990.9512,530.00
6.470584,990.9893,564.00
6.470584,991.0276,529.00
6.470584,991.0658,572.00
6.470584,991.1039,500.00
6.470584,991.1421,575.00
6.470584,991.1802,544.00
6.470584,991.2184,564.00
6.470584,991.2565,550.00
6.470584,991.2947,556.00
6.470584,991.3329,483.00
6.470584,991.3710,570.00
6.470584,991.4091,532.00
6.470584,991.4473,591.00
6.470584,991.4854,568.00
6.470584,991.5234,593.00
6.470584,991.5616,559.00
6.470584,991.5997,556.00
6.470584,991.6378,541.00
6.470584,991.6758,590.00
6.470584,991.7139,498.00
6.470584,991.7520,575.00
6.470584,991.7900,518.00
6.470584,991.8282,562.00
6.470584,991.8661,531.00
6.470584,991.9042,569.00
6.470584,991.9422,535.00
6.470584,991.9803,541.00
6.470584,992.0182,503.00
6.470584,992.0563,583.00
6.470584,992.0944,514.00
6.470584,992.1323,591.00
6.470584,992.1703,536.00
6.470584,992.2084,531.00
6.470584,992.2463,519.00
6.470584,992.2844,583.00
6.470584,992.3223,533.00
6.470584,992.3602,590.00
6.470584,992.3982,499.00
6.470584,992.4362,571.00
6.470584,992.4741,543.00
6.470584,992.5120,570.00
6.470584,992.5500,553.00
6.470584,992.5879,541.00
6.470584,992.6259,547.00
6.470584,992.6638,595.00
6.470584,992.7017,535.00
6.470584,992.7396,580.00
6.470584,992.7775,554.00
6.470584,992.8154,593.00
6.470584,992.8533,573.00
6.470584,992.8912,547.00
6.470584,992.9290,560.00
6.470584,992.9669,555.00
6.470584,993.0048,552.00
6.470584,993.0426,574.00
6.470584,993.0804,543.00
6.470584,993.1183,580.00
6.470584,993.1561,537.00
6.470584,993.1940,578.00
6.470584,993.2318,551.00
6.470584,993.2696,565.00
6.470584,993.3074,498.00
6.470584,993.3452,554.00
6.470584,993.3830,533.00
6.470584,993.4208,589.00
6.470584,993.4586,522.00
6.470584,993.4963,577.00
6.470584,993.5341,557.00
6.470584,993.5719,556.00
6.470584,993.6096,510.00
6.470584,993.6474,565.00
6.470584,993.6851,502.00
6.470584,993.7228,558.00
6.470584,993.7606,578.00
6.470584,993.7984,553.00
6.470584,993.8361,528.00
6.470584,993.8738,589.00
6.470584,993.9115,527.00
6.470584,993.9492,539.00
6.470584,993.9869,496.00
6.470584,994.0245,594.00
6.470584,994.0622,516.00
6.470584,994.0999,575.00
6.470584,994.1376,535.00
6.470584,994.1753,522.00
6.470584,994.2130,535.00
6.470584,994.2505,552.00
6.470584,994.2881,511.00
6.470584,994.3258,591.00
6.470584,994.3634,503.00
6.470584,994.4010,581.00
6.470584,994.4387,504.00
6.470584,994.4763,567.00
6.470584,994.5139,549.00
6.470584,994.5515,543.00
6.470584,994.5891,496.00
6.470584,994.6266,544.00
6.470584,994.6642,473.00
6.470584,994.7018,552.00
6.470584,994.7393,501.00
6.470584,994.7769,544.00
6.470584,994.8145,518.00
6.470584,994.8521,534.00
6.470584,994.8895,520.00
6.470584,994.9271,560.00
6.470584,994.9647,494.00
6.470584,995.0022,549.00
6.470584,995.0397,479.00
6.470584,995.0771,524.00
6.470584,995.1146,526.00
6.470584,995.1522,527.00
6.470584,995.1896,500.00
6.470584,995.2271,529.00
6.470584,995.2646,472.00
6.470584,995.3021,539.00
6.470584,995.3396,499.00
6.470584,995.3770,560.00
6.470584,995.4145,492.00
6.470584,995.4518,534.00
6.470584,995.4893,513.00
6.470584,995.5267,511.00
6.470584,995.5641,506.00
6.470584,995.6016,518.00
6.470584,995.6390,489.00
6.470584,995.6765,548.00
6.470584,995.7138,515.00
6.470584,995.7512,509.00
6.470584,995.7886,523.00
6.470584,995.8260,526.00
6.470584,995.8633,492.00
6.470584,995.9007,509.00
6.470584,995.9380,460.00
6.470584,995.9754,519.00
6.470584,996.0128,475.00
6.470584,996.0501,564.00
6.470584,996.0874,508.00
6.470584,996.1248,548.00
6.470584,996.1621,533.00
6.470584,996.1994,547.00
6.470584,996.2367,512.00
6.470584,996.2740,506.00
6.470584,996.3113,478.00
6.470584,996.3486,544.00
6.470584,996.3859,535.00
6.470584,996.4232,572.00
6.470584,996.4604,569.00
6.470584,996.4977,525.00
6.470584,996.5350,506.00
6.470584,996.5722,531.00
6.470584,996.6094,484.00
6.470584,996.6466,562.00
6.470584,996.6838,522.00
6.470584,996.7211,549.00
6.470584,996.7583,517.00
6.470584,996.7955,540.00
6.470584,996.8327,557.00
6.470584,996.8700,551.00
6.470584,996.9072,500.00
6.470584,996.9443,524.00
6.470584,996.9815,498.00
6.470584,997.0187,560.00
6.470584,997.0558,527.00
6.470584,997.0930,540.00
6.470584,997.1301,534.00
6.470584,997.1672,571.00
6.470584,997.2045,526.00
6.470584,997.2416,549.00
6.470584,997.2787,498.00
6.470584,997.3158,617.00
6.470584,997.3530,501.00
6.470584,997.3900,533.00
6.470584,997.4271,534.00
6.470584,997.4642,539.00
6.470584,997.5013,510.00
6.470584,997.5384,538.00
6.470584,997.5754,500.00
6.470584,997.6126,581.00
6.470584,997.6497,535.00
6.470584,997.6867,553.00
6.470584,997.7238,523.00
6.470584,997.7607,550.00
6.470584,997.7978,494.00
6.470584,997.8348,579.00
6.470584,997.8718,532.00
6.470584,997.9088,577.00
6.470584,997.9458,521.00
6.470584,997.9829,575.00
6.470584,998.0200,529.00
6.470584,998.0569,544.00
6.470584,998.0939,506.00
6.470584,998.1309,556.00
6.470584,998.1678,503.00
6.470584,998.2048,560.00
6.470584,998.2417,524.00
6.470584,998.2786,613.00
6.470584,998.3156,492.00
6.470584,998.3525,563.00
6.470584,998.3896,508.00
6.470584,998.4265,560.00
6.470584,998.4633,530.00
6.470584,998.5003,586.00
6.470584,998.5372,517.00
6.470584,998.5740,570.00
6.470584,998.6110,520.00
6.470584,998.6478,571.00
6.470584,998.6847,521.00
6.470584,998.7217,572.00
6.470584,998.7585,537.00
6.470584,998.7953,532.00
6.470584,998.8322,479.00
6.470584,998.8691,590.00
6.470584,998.9059,510.00
6.470584,998.9427,594.00
6.470584,998.9795,540.00
6.470584,999.0163,581.00
6.470584,999.0531,531.00
6.470584,999.0899,541.00
6.470584,999.1267,491.00
6.470584,999.1636,556.00
6.470584,999.2004,506.00
6.470584,999.2372,583.00
6.470584,999.2739,502.00
6.470584,999.3107,569.00
6.470584,999.3474,538.00
6.470584,999.3842,535.00
6.470584,999.4210,505.00
6.470584,999.4576,533.00
6.470584,999.4946,492.00
6.470584,999.5312,555.00
6.470584,999.5680,513.00
6.470584,999.6047,558.00
6.470584,999.6414,504.00
6.470584,999.6780,540.00
6.470584,999.7147,485.00
6.470584,999.7515,546.00
6.470584,999.7881,489.00
6.470584,999.8248,536.00
6.470584,999.8614,482.00
6.470584,999.8981,554.00
6.470584,999.9349,509.00
6.470584,999.9715,548.00
6.470584,1000.0081,496.00
6.470584,1000.0447,503.00
6.470584,1000.0814,513.00
6.470584,1000.1180,532.00
6.470584,1000.1546,462.00
6.470584,1000.1912,530.00
6.470584,1000.2278,479.00
6.470584,1000.2645,544.00
6.470584,1000.3011,532.00
6.470584,1000.3377,505.00
6.470584,1000.3742,503.00
6.470584,1000.4108,541.00
6.470584,1000.4474,464.00
6.470584,1000.4839,522.00
6.470584,1000.5204,480.00
6.470584,1000.5570,529.00
6.470584,1000.5935,494.00
6.470584,1000.6301,526.00
6.470584,1000.6667,491.00
6.470584,1000.7032,504.00
6.470584,1000.7397,486.00
6.470584,1000.7762,521.00
6.470584,1000.8127,445.00
6.470584,1000.8492,529.00
6.470584,1000.8857,514.00
6.470584,1000.9222,515.00
6.470584,1000.9586,506.00
6.470584,1000.9951,516.00
6.470584,1001.0316,472.00
6.470584,1001.0681,533.00
6.470584,1001.1046,477.00
6.470584,1001.1410,561.00
6.470584,1001.1774,484.00
6.470584,1001.2138,498.00
6.470584,1001.2502,506.00
6.470584,1001.2866,482.00
6.470584,1001.3230,502.00
6.470584,1001.3594,526.00
6.470584,1001.3958,503.00
6.470584,1001.4323,533.00
6.470584,1001.4687,465.00
6.470584,1001.5051,521.00
6.470584,1001.5414,511.00
6.470584,1001.5778,525.00
6.470584,1001.6141,502.00
6.470584,1001.6505,476.00
6.470584,1001.6868,484.00
6.470584,1001.7231,525.00
6.470584,1001.7596,464.00
6.470584,1001.7958,497.00
6.470584,1001.8322,460.00
6.470584,1001.8685,508.00
6.470584,1001.9048,462.00
6.470584,1001.9411,506.00
6.470584,1001.9774,470.00
6.470584,1002.0136,488.00
6.470584,1002.0499,472.00
6.470584,1002.0862,545.00
6.470584,1002.1224,475.00
6.470584,1002.1587,531.00
6.470584,1002.1951,486.00
6.470584,1002.2313,484.00
6.470584,1002.2675,508.00
6.470584,1002.3038,517.00
6.470584,1002.3400,473.00
6.470584,1002.3762,519.00
6.470584,1002.4124,460.00
6.470584,1002.4486,520.00
6.470584,1002.4848,530.00
6.470584,1002.5211,528.00
6.470584,1002.5573,507.00
6.470584,1002.5934,534.00
6.470584,1002.6296,482.00
6.470584,1002.6657,535.00
6.470584,1002.7019,452.00
6.470584,1002.7380,549.00
6.470584,1002.7742,505.00
6.470584,1002.8104,525.00
6.470584,1002.8464,489.00
6.470584,1002.8826,516.00
6.470584,1002.9187,432.00
6.470584,1002.9549,496.00
6.470584,1002.9910,484.00
6.470584,1003.0271,548.00
6.470584,1003.0632,452.00
6.470584,1003.0992,528.00
6.470584,1003.1354,494.00
6.470584,1003.1714,504.00
6.470584,1003.2075,530.00
6.470584,1003.2435,510.00
6.470584,1003.2797,478.00
6.470584,1003.3157,555.00
6.470584,1003.3518,484.00
6.470584,1003.3878,567.00
6.470584,1003.4238,505.00
6.470584,1003.4598,551.00
6.470584,1003.4958,497.00
6.470584,1003.5319,508.00
6.470584,1003.5678,477.00
6.470584,1003.6039,550.00
6.470584,1003.6398,451.00
6.470584,1003.6759,542.00
6.470584,1003.7119,514.00
6.470584,1003.7479,502.00
6.470584,1003.7838,483.00
6.470584,1003.8198,511.00
6.470584,1003.8557,471.00
6.470584,1003.8917,543.00
6.470584,1003.9276,441.00
6.470584,1003.9635,519.00
6.470584,1003.9995,477.00
6.470584,1004.0354,543.00
6.470584,1004.0714,513.00
6.470584,1004.1072,518.00
6.470584,1004.1431,493.00
6.470584,1004.1790,510.00
6.470584,1004.2149,445.00
6.470584,1004.2508,540.00
6.470584,1004.2866,469.00
6.470584,1004.3225,542.00
6.470584,1004.3583,489.00
6.470584,1004.3942,516.00
6.470584,1004.4302,480.00
6.470584,1004.4660,476.00
6.470584,1004.5018,463.00
6.470584,1004.5376,498.00
6.470584,1004.5734,442.00
6.470584,1004.6093,510.00
6.470584,1004.6450,514.00
6.470584,1004.6808,507.00
6.470584,1004.7166,509.00
6.470584,1004.7525,551.00
6.470584,1004.7883,473.00
6.470584,1004.8240,529.00
6.470584,1004.8598,465.00
6.470584,1004.8956,560.00
6.470584,1004.9313,453.00
6.470584,1004.9670,552.00
6.470584,1005.0027,504.00
6.470584,1005.0385,494.00
6.470584,1005.0742,472.00
6.470584,1005.1099,520.00
6.470584,1005.1456,462.00
6.470584,1005.1815,550.00
6.470584,1005.2172,477.00
6.470584,1005.2529,514.00
6.470584,1005.2885,528.00
6.470584,1005.3242,485.00
6.470584,1005.3599,513.00
6.470584,1005.3955,522.00
6.470584,1005.4312,471.00
6.470584,1005.4669,538.00
6.470584,1005.5026,492.00
6.470584,1005.5382,582.00
6.470584,1005.5739,533.00
6.470584,1005.6095,543.00
6.470584,1005.6451,545.00
6.470584,1005.6807,562.00
6.470584,1005.7162,539.00
6.470584,1005.7519,514.00
6.470584,1005.7875,523.00
6.470584,1005.8231,544.00
6.470584,1005.8586,495.00
6.470584,1005.8942,551.00
6.470584,1005.9299,495.00
6.470584,1005.9655,533.00
6.470584,1006.0010,454.00
6.470584,1006.0365,519.00
6.470584,1006.0720,497.00
6.470584,1006.1076,519.00
6.470584,1006.1431,504.00
6.470584,1006.1786,553.00
6.470584,1006.2141,517.00
6.470584,1006.2498,536.00
6.470584,1006.2853,521.00
6.470584,1006.3207,530.00
6.470584,1006.3563,504.00
6.470584,1006.3917,564.00
6.470584,1006.4272,512.00
6.470584,1006.4626,556.00
6.470584,1006.4981,511.00
6.470584,1006.5335,536.00
6.470584,1006.5690,562.00
6.470584,1006.6044,552.00
6.470584,1006.6400,510.00
6.470584,1006.6754,567.00
6.470584,1006.7108,484.00
6.470584,1006.7462,561.00
6.470584,1006.7816,498.00
6.470584,1006.8170,571.00
6.470584,1006.8524,519.00
6.470584,1006.8878,534.00
6.470584,1006.9232,516.00
6.470584,1006.9586,551.00
6.470584,1006.9940,489.00
6.470584,1007.0294,523.00
6.470584,1007.0648,495.00
6.470584,1007.1001,568.00
6.470584,1007.1354,527.00
6.470584,1007.1707,578.00
6.470584,1007.2061,537.00
6.470584,1007.2414,535.00
6.470584,1007.2767,512.00
6.470584,1007.3120,575.00
6.470584,1007.3473,489.00
6.470584,1007.3827,544.00
6.470584,1007.4180,541.00
6.470584,1007.4532,562.00
6.470584,1007.4885,519.00
6.470584,1007.5238,532.00
6.470584,1007.5590,510.00
6.470584,1007.5943,556.00
6.470584,1007.6295,477.00
6.470584,1007.6648,583.00
6.470584,1007.7001,516.00
6.470584,1007.7354,551.00
6.470584,1007.7706,536.00
6.470584,1007.8058,528.00
6.470584,1007.8410,527.00
6.470584,1007.8762,554.00
6.470584,1007.9114,487.00
6.470584,1007.9465,538.00
6.470584,1007.9818,522.00
6.470584,1008.0169,555.00
6.470584,1008.0521,529.00
6.470584,1008.0873,597.00
6.470584,1008.1226,489.00
6.470584,1008.1576,495.00
6.470584,1008.1927,497.00
6.470584,1008.2279,548.00
6.470584,1008.2631,472.00
6.470584,1008.2982,574.00
6.470584,1008.3333,523.00
6.470584,1008.3683,544.00
6.470584,1008.4034,538.00
6.470584,1008.4387,506.00
6.470584,1008.4738,515.00
6.470584,1008.5089,525.00
6.470584,1008.5439,476.00
6.470584,1008.5790,607.00
6.470584,1008.6141,451.00
6.470584,1008.6491,529.00
6.470584,1008.6841,496.00
6.470584,1008.7192,514.00
6.470584,1008.7542,495.00
6.470584,1008.7892,507.00
6.470584,1008.8243,496.00
6.470584,1008.8594,548.00
6.470584,1008.8943,485.00
6.470584,1008.9294,549.00
6.470584,1008.9644,515.00
6.470584,1008.9994,514.00
6.470584,1009.0344,520.00
6.470584,1009.0693,524.00
6.470584,1009.1043,488.00
6.470584,1009.1392,559.00
6.470584,1009.1743,459.00
6.470584,1009.2093,574.00
6.470584,1009.2442,512.00
6.470584,1009.2792,548.00
6.470584,1009.3141,525.00
6.470584,1009.3489,503.00
6.470584,1009.3839,465.00
6.470584,1009.4188,530.00
6.470584,1009.4537,468.00
6.470584,1009.4886,558.00
6.470584,1009.5235,505.00
6.470584,1009.5585,536.00
6.470584,1009.5933,521.00
6.470584,1009.6282,520.00
6.470584,1009.6631,501.00
6.470584,1009.6979,506.00
6.470584,1009.7327,484.00
6.470584,1009.7676,512.00
6.470584,1009.8024,458.00
6.470584,1009.8372,536.00
6.470584,1009.8721,457.00
6.470584,1009.9070,492.00
6.470584,1009.9418,480.00
6.470584,1009.9766,525.00
6.470584,1010.0115,500.00
6.470584,1010.0462,524.00
6.470584,1010.0810,468.00
6.470584,1010.1158,552.00
6.470584,1010.1505,494.00
6.470584,1010.1853,508.00
6.470584,1010.2200,476.00
6.470584,1010.2548,488.00
6.470584,1010.2897,488.00
6.470584,1010.3244,547.00
6.470584,1010.3591,488.00
6.470584,1010.3938,534.00
6.470584,1010.4285,482.00
6.470584,1010.4633,540.00
6.470584,1010.4980,515.00
6.470584,1010.5326,486.00
6.470584,1010.5673,475.00
6.470584,1010.6021,507.00
6.470584,1010.6368,450.00
6.470584,1010.6714,513.00
6.470584,1010.7061,451.00
6.470584,1010.7408,551.00
6.470584,1010.7754,459.00
6.470584,1010.8101,519.00
6.470584,1010.8447,490.00
6.470584,1010.8793,511.00
6.470584,1010.9139,481.00
6.470584,1010.9485,539.00
6.470584,1010.9832,443.00
6.470584,1011.0178,545.00
6.470584,1011.0525,475.00
6.470584,1011.0870,536.00
6.470584,1011.1216,491.00
6.470584,1011.1562,521.00
6.470584,1011.1907,522.00
6.470584,1011.2253,527.00
6.470584,1011.2599,414.00
6.470584,1011.2944,495.00
6.470584,1011.3291,476.00
6.470584,1011.3636,523.00
6.470584,1011.3981,479.00
6.470584,1011.4326,505.00
6.470584,1011.4672,467.00
6.470584,1011.5016,498.00
6.470584,1011.5362,497.00
6.470584,1011.5706,499.00
6.470584,1011.6052,454.00
6.470584,1011.6396,511.00
6.470584,1011.6741,449.00
6.470584,1011.7086,534.00
6.470584,1011.7431,479.00
6.470584,1011.7776,535.00
6.470584,1011.8120,483.00
6.470584,1011.8465,536.00
6.470584,1011.8809,461.00
6.470584,1011.9153,533.00
6.470584,1011.9498,477.00
6.470584,1011.9842,487.00
6.470584,1012.0186,484.00
6.470584,1012.0531,514.00
6.470584,1012.0875,476.00
6.470584,1012.1219,514.00
6.470584,1012.1562,479.00
6.470584,1012.1906,490.00
6.470584,1012.2250,459.00
6.470584,1012.2593,546.00
6.470584,1012.2937,499.00
6.470584,1012.3281,479.00
6.470584,1012.3624,451.00
6.470584,1012.3967,485.00
6.470584,1012.4310,437.00
6.470584,1012.4655,511.00
6.470584,1012.4998,431.00
6.470584,1012.5341,553.00
6.470584,1012.5684,474.00
6.470584,1012.6027,532.00
6.470584,1012.6370,493.00
6.470584,1012.6712,489.00
6.470584,1012.7055,490.00
6.470584,1012.7398,533.00
6.470584,1012.7742,458.00
6.470584,1012.8084,496.00
6.470584,1012.8427,488.00
6.470584,1012.8769,505.00
6.470584,1012.9111,482.00
6.470584,1012.9454,501.00
6.470584,1012.9796,486.00
6.470584,1013.0138,494.00
6.470584,1013.0480,410.00
6.470584,1013.0822,511.00
6.470584,1013.1164,466.00
6.470584,1013.1506,529.00
6.470584,1013.1848,469.00
6.470584,1013.2190,479.00
6.470584,1013.2532,497.00
6.470584,1013.2873,471.00
6.470584,1013.3215,462.00
6.470584,1013.3556,516.00
6.470584,1013.3898,455.00
6.470584,1013.4239,540.00
6.470584,1013.4581,497.00
6.470584,1013.4923,487.00
6.470584,1013.5264,512.00
6.470584,1013.5605,493.00
6.470584,1013.5946,518.00
6.470584,1013.6287,548.00
6.470584,1013.6627,453.00
6.470584,1013.6968,526.00
6.470584,1013.7309,468.00
6.470584,1013.7650,499.00
6.470584,1013.7990,508.00
6.470584,1013.8331,490.00
6.470584,1013.8672,463.00
6.470584,1013.9012,512.00
6.470584,1013.9353,457.00
6.470584,1013.9693,522.00
6.470584,1014.0033,491.00
6.470584,1014.0374,529.00
6.470584,1014.0714,498.00
6.470584,1014.1053,506.00
6.470584,1014.1393,527.00
6.470584,1014.1734,529.00
6.470584,1014.2074,470.00
6.470584,1014.2413,511.00
6.470584,1014.2753,483.00
6.470584,1014.3093,563.00
6.470584,1014.3433,506.00
6.470584,1014.3772,563.00
6.470584,1014.4111,535.00
6.470584,1014.4451,535.00
6.470584,1014.4790,475.00
6.470584,1014.5129,509.00
6.470584,1014.5468,473.00
6.470584,1014.5808,557.00
6.470584,1014.6147,499.00
6.470584,1014.6486,551.00
6.470584,1014.6825,520.00
6.470584,1014.7164,514.00
6.470584,1014.7502,484.00
6.470584,1014.7841,503.00
6.470584,1014.8180,479.00
6.470584,1014.8518,538.00
6.470584,1014.8858,477.00
6.470584,1014.9196,560.00
6.470584,1014.9534,523.00
6.470584,1014.9872,535.00
6.470584,1015.0211,533.00
6.470584,1015.0549,506.00
6.470584,1015.0887,490.00
6.470584,1015.1224,547.00
6.470584,1015.1562,491.00
6.470584,1015.1900,582.00
6.470584,1015.2238,527.00
6.470584,1015.2575,545.00
6.470584,1015.2914,533.00
6.470584,1015.3252,529.00
6.470584,1015.3589,485.00
6.470584,1015.3927,537.00
6.470584,1015.4265,506.00
6.470584,1015.4601,570.00
6.470584,1015.4938,504.00
6.470584,1015.5276,580.00
6.470584,1015.5613,538.00
6.470584,1015.5952,553.00
6.470584,1015.6288,505.00
6.470584,1015.6625,548.00
6.470584,1015.6962,474.00
6.470584,1015.7299,557.00
6.470584,1015.7635,490.00
6.470584,1015.7972,562.00
6.470584,1015.8308,530.00
6.470584,1015.8645,545.00
6.470584,1015.8981,518.00
6.470584,1015.9317,531.00
6.470584,1015.9655,487.00
6.470584,1015.9991,553.00
6.470584,1016.0327,488.00
6.470584,1016.0663,573.00
6.470584,1016.0999,519.00
6.470584,1016.1335,555.00
6.470584,1016.1671,544.00
6.470584,1016.2006,516.00
6.470584,1016.2342,514.00
6.470584,1016.2679,557.00
6.470584,1016.3015,499.00
6.470584,1016.3350,582.00
6.470584,1016.3686,502.00
6.470584,1016.4021,577.00
6.470584,1016.4357,548.00
6.470584,1016.4691,587.00
6.470584,1016.5027,517.00
6.470584,1016.5362,543.00
6.470584,1016.5696,484.00
6.470584,1016.6032,584.00
6.470584,1016.6367,503.00
6.470584,1016.6703,582.00
6.470584,1016.7038,513.00
6.470584,1016.7372,536.00
6.470584,1016.7707,536.00
6.470584,1016.8041,545.00
6.470584,1016.8376,533.00
6.470584,1016.8710,532.00
6.470584,1016.9045,506.00
6.470584,1016.9379,584.00
6.470584,1016.9715,510.00
6.470584,1017.0049,570.00
6.470584,1017.0383,560.00
6.470584,1017.0717,519.00
6.470584,1017.1050,504.00
6.470584,1017.1384,545.00
6.470584,1017.1718,473.00
6.470584,1017.2052,570.00
6.470584,1017.2386,511.00
6.470584,1017.2720,552.00
6.470584,1017.3053,556.00
6.470584,1017.3387,546.00
6.470584,1017.3721,499.00
6.470584,1017.4054,529.00
6.470584,1017.4388,490.00
6.470584,1017.4721,568.00
6.470584,1017.5054,533.00
6.470584,1017.5387,571.00
6.470584,1017.5720,538.00
6.470584,1017.6053,551.00
6.470584,1017.6386,528.00
6.470584,1017.6720,546.00
6.470584,1017.7053,521.00
6.470584,1017.7385,567.00
6.470584,1017.7717,495.00
6.470584,1017.8051,570.00
6.470584,1017.8383,537.00
6.470584,1017.8715,598.00
6.470584,1017.9048,565.00
6.470584,1017.9380,549.00
6.470584,1017.9712,545.00
6.470584,1018.0044,578.00
6.470584,1018.0376,509.00
6.470584,1018.0709,590.00
6.470584,1018.1041,520.00
6.470584,1018.1373,602.00
6.470584,1018.1705,551.00
6.470584,1018.2037,580.00
6.470584,1018.2368,523.00
6.470584,1018.2700,578.00
6.470584,1018.3032,497.00
6.470584,1018.3363,585.00
6.470584,1018.3695,488.00
6.470584,1018.4026,587.00
6.470584,1018.4358,581.00
6.470584,1018.4689,548.00
6.470584,1018.5020,554.00
6.470584,1018.5352,560.00
6.470584,1018.5682,537.00
6.470584,1018.6013,546.00
6.470584,1018.6343,500.00
6.470584,1018.6675,567.00
6.470584,1018.7006,516.00
6.470584,1018.7337,592.00
6.470584,1018.7668,583.00
6.470584,1018.7998,568.00
6.470584,1018.8328,529.00
6.470584,1018.8658,528.00
6.470584,1018.8989,542.00
6.470584,1018.9319,607.00
6.470584,1018.9650,506.00
6.470584,1018.9980,586.00
6.470584,1019.0311,550.00
6.470584,1019.0641,585.00
6.470584,1019.0970,525.00
6.470584,1019.1301,569.00
6.470584,1019.1631,515.00
6.470584,1019.1960,583.00
6.470584,1019.2289,506.00
6.470584,1019.2618,586.00
6.470584,1019.2949,554.00
6.470584,1019.3278,563.00
6.470584,1019.3607,539.00
6.470584,1019.3936,517.00
6.470584,1019.4268,481.00
6.470584,1019.4596,563.00
6.470584,1019.4925,495.00
6.470584,1019.5255,559.00
6.470584,1019.5583,518.00
6.470584,1019.5912,580.00
6.470584,1019.6240,557.00
6.470584,1019.6569,561.00
6.470584,1019.6898,521.00
6.470584,1019.7227,519.00
6.470584,1019.7556,474.00
6.470584,1019.7885,548.00
6.470584,1019.8213,504.00
6.470584,1019.8541,584.00
6.470584,1019.8870,509.00
6.470584,1019.9198,537.00
6.470584,1019.9525,536.00
6.470584,1019.9854,546.00
6.470584,1020.0182,506.00
6.470584,1020.0509,574.00
6.470584,1020.0837,490.00
6.470584,1020.1167,556.00
6.470584,1020.1494,529.00
6.470584,1020.1823,543.00
6.470584,1020.2149,517.00
6.470584,1020.2477,517.00
6.470584,1020.2805,482.00
6.470584,1020.3132,536.00
6.470584,1020.3459,521.00
6.470584,1020.3787,584.00
6.470584,1020.4114,506.00
6.470584,1020.4442,533.00
6.470584,1020.4768,544.00
6.470584,1020.5096,534.00
6.470584,1020.5423,484.00
6.470584,1020.5750,581.00
6.470584,1020.6077,474.00
6.470584,1020.6403,570.00
6.470584,1020.6730,499.00
6.470584,1020.7055,564.00
6.470584,1020.7382,524.00
6.470584,1020.7709,529.00
6.470584,1020.8036,479.00
6.470584,1020.8363,505.00
6.470584,1020.8688,456.00
6.470584,1020.9015,554.00
6.470584,1020.9341,486.00
6.470584,1020.9667,547.00
6.470584,1020.9993,494.00
6.470584,1021.0319,522.00
6.470584,1021.0645,507.00
6.470584,1021.0971,517.00
6.470584,1021.1298,477.00
6.470584,1021.1623,543.00
6.470584,1021.1948,499.00
6.470584,1021.2273,591.00
6.470584,1021.2599,474.00
6.470584,1021.2924,542.00
6.470584,1021.3250,475.00
6.470584,1021.3574,509.00
6.470584,1021.3900,489.00
6.470584,1021.4224,513.00
6.470584,1021.4550,433.00
6.470584,1021.4875,493.00
6.470584,1021.5200,484.00
6.470584,1021.5525,530.00
6.470584,1021.5850,486.00
6.470584,1021.6175,526.00
6.470584,1021.6500,464.00
6.470584,1021.6823,532.00
6.470584,1021.7148,475.00
6.470584,1021.7474,543.00
6.470584,1021.7797,499.00
6.470584,1021.8122,548.00
6.470584,1021.8445,528.00
6.470584,1021.8770,543.00
6.470584,1021.9095,533.00
6.470584,1021.9418,525.00
6.470584,1021.9741,470.00
6.470584,1022.0066,506.00
6.470584,1022.0389,475.00
6.470584,1022.0713,552.00
6.470584,1022.1037,484.00
6.470584,1022.1362,637.00
6.470584,1022.1685,563.00
6.470584,1022.2008,563.00
6.470584,1022.2332,502.00
6.470584,1022.2654,556.00
6.470584,1022.2977,500.00
6.470584,1022.3301,569.00
6.470584,1022.3624,497.00
6.470584,1022.3947,581.00
6.470584,1022.4271,490.00
6.470584,1022.4594,544.00
6.470584,1022.4917,524.00
6.470584,1022.5239,540.00
6.470584,1022.5562,512.00
6.470584,1022.5885,523.00
6.470584,1022.6207,486.00
6.470584,1022.6530,554.00
6.470584,1022.6852,514.00
6.470584,1022.7174,544.00
6.470584,1022.7497,517.00
6.470584,1022.7819,549.00
6.470584,1022.8142,509.00
6.470584,1022.8464,549.00
6.470584,1022.8785,496.00
6.470584,1022.9108,592.00
6.470584,1022.9429,524.00
6.470584,1022.9751,564.00
6.470584,1023.0073,532.00
6.470584,1023.0394,496.00
6.470584,1023.0717,494.00
6.470584,1023.1039,566.00
6.470584,1023.1360,468.00
6.470584,1023.1682,566.00
6.470584,1023.2003,502.00
6.470584,1023.2324,553.00
6.470584,1023.2644,535.00
6.470584,1023.2966,532.00
6.470584,1023.3287,465.00
6.470584,1023.3608,521.00
6.470584,1023.3929,474.00
6.470584,1023.4249,517.00
6.470584,1023.4570,468.00
6.470584,1023.4893,552.00
6.470584,1023.5212,486.00
6.470584,1023.5533,511.00
6.470584,1023.5853,506.00
6.470584,1023.6174,506.00
6.470584,1023.6494,486.00
6.470584,1023.6813,519.00
6.470584,1023.7134,459.00
6.470584,1023.7454,523.00
6.470584,1023.7775,489.00
6.470584,1023.8096,513.00
6.470584,1023.8416,491.00
6.470584,1023.8735,495.00
6.470584,1023.9055,495.00
6.470584,1023.9374,494.00
6.470584,1023.9694,458.00
6.470584,1024.0013,545.00
6.470584,1024.0333,479.00
6.470584,1024.0652,529.00
6.470584,1024.0972,497.00
6.470584,1024.1293,543.00
6.470584,1024.1611,486.00
6.470584,1024.1931,525.00
6.470584,1024.2250,464.00
6.470584,1024.2568,516.00
6.470584,1024.2888,465.00
6.470584,1024.3206,499.00
6.470584,1024.3525,486.00
6.470584,1024.3843,498.00
6.470584,1024.4164,462.00
6.470584,1024.4481,510.00
6.470584,1024.4801,461.00
6.470584,1024.5118,525.00
6.470584,1024.5438,471.00
6.470584,1024.5756,521.00
6.470584,1024.6074,469.00
6.470584,1024.6393,522.00
6.470584,1024.6710,522.00
6.470584,1024.7029,493.00
6.470584,1024.7346,482.00
6.470584,1024.7664,532.00
6.470584,1024.7982,471.00
6.470584,1024.8301,559.00
6.470584,1024.8618,532.00
6.470584,1024.8936,539.00
6.470584,1024.9253,480.00
6.470584,1024.9572,533.00
6.470584,1024.9889,499.00
6.470584,1025.0206,524.00
6.470584,1025.0522,461.00
6.470584,1025.0841,544.00
6.470584,1025.1158,486.00
6.470584,1025.1475,551.00
6.470584,1025.1792,488.00
6.470584,1025.2109,520.00
6.470584,1025.2426,494.00
6.470584,1025.2743,519.00
6.470584,1025.3059,499.00
6.470584,1025.3376,538.00
6.470584,1025.3693,448.00
6.470584,1025.4009,559.00
6.470584,1025.4326,503.00
6.470584,1025.4644,537.00
6.470584,1025.4960,513.00
6.470584,1025.5276,522.00
6.470584,1025.5592,491.00
6.470584,1025.5908,507.00
6.470584,1025.6224,476.00
6.470584,1025.6541,546.00
6.470584,1025.6857,515.00
6.470584,1025.7172,619.00
6.470584,1025.7489,547.00
6.470584,1025.7804,556.00
6.470584,1025.8120,561.00
6.470584,1025.8435,525.00
6.470584,1025.8751,523.00
6.470584,1025.9066,569.00
6.470584,1025.9381,466.00
6.470584,1025.9697,564.00
6.470584,1026.0012,524.00
6.470584,1026.0327,551.00
6.470584,1026.0642,532.00
