# Point:,39
# Setpoint:,1.98545455
# Voltage_V:,1.98545455
# Current_A:,0.023835
# Spectrum_Time_s:,6.838845
# Step_Start_s:,6.750231
# Step_End_s:,6.917801
# Spectrum_Duration_ms:,68.047
# Peak_Wavelength_nm:,930.32
# Peak_Intensity:,14909.0
# Avg_Intensity:,637.6
# Num_Pixels:,4094
# NOTE: All wavelengths are captured simultaneously in one CCD exposure
#       The Relative_Time_s column shows when this entire spectrum was acquired

Relative_Time_s,Wavelength_nm,Intensity
6.838845,845.4307,595.00
6.838845,845.4858,520.00
6.838845,845.5410,562.00
6.838845,845.5963,533.00
6.838845,845.6514,567.00
6.838845,845.7065,509.00
6.838845,845.7617,542.00
6.838845,845.8168,479.00
6.838845,845.8721,570.00
6.838845,845.9272,499.00
6.838845,845.9823,554.00
6.838845,846.0374,491.00
6.838845,846.0926,531.00
6.838845,846.1478,515.00
6.838845,846.2029,543.00
6.838845,846.2579,491.00
6.838845,846.3130,567.00
6.838845,846.3682,427.00
6.838845,846.4233,579.00
6.838845,846.4784,509.00
6.838845,846.5335,583.00
6.838845,846.5886,537.00
6.838845,846.6437,537.00
6.838845,846.6987,513.00
6.838845,846.7538,570.00
6.838845,846.8089,509.00
6.838845,846.8640,576.00
6.838845,846.9190,512.00
6.838845,846.9741,560.00
6.838845,847.0292,523.00
6.838845,847.0842,564.00
6.838845,847.1392,558.00
6.838845,847.1943,566.00
6.838845,847.2493,510.00
6.838845,847.3044,587.00
6.838845,847.3594,514.00
6.838845,847.4144,571.00
6.838845,847.4694,531.00
6.838845,847.5244,563.00
6.838845,847.5795,527.00
6.838845,847.6345,579.00
6.838845,847.6895,521.00
6.838845,847.7444,599.00
6.838845,847.7994,509.00
6.838845,847.8544,591.00
6.838845,847.9094,561.00
6.838845,847.9644,572.00
6.838845,848.0193,527.00
6.838845,848.0743,562.00
6.838845,848.1293,509.00
6.838845,848.1843,602.00
6.838845,848.2392,528.00
6.838845,848.2941,583.00
6.838845,848.3491,569.00
6.838845,848.4040,586.00
6.838845,848.4590,573.00
6.838845,848.5139,618.00
6.838845,848.5688,547.00
6.838845,848.6237,602.00
6.838845,848.6786,515.00
6.838845,848.7336,638.00
6.838845,848.7885,563.00
6.838845,848.8434,615.00
6.838845,848.8983,577.00
6.838845,848.9531,567.00
6.838845,849.0081,573.00
6.838845,849.0630,589.00
6.838845,849.1178,513.00
6.838845,849.1727,594.00
6.838845,849.2275,551.00
6.838845,849.2823,644.00
6.838845,849.3373,546.00
6.838845,849.3921,602.00
6.838845,849.4470,569.00
6.838845,849.5018,565.00
6.838845,849.5566,512.00
6.838845,849.6115,601.00
6.838845,849.6663,529.00
6.838845,849.7211,612.00
6.838845,849.7759,566.00
6.838845,849.8307,608.00
6.838845,849.8856,566.00
6.838845,849.9404,590.00
6.838845,849.9952,518.00
6.838845,850.0500,575.00
6.838845,850.1048,500.00
6.838845,850.1596,619.00
6.838845,850.2144,525.00
6.838845,850.2692,627.00
6.838845,850.3239,561.00
6.838845,850.3787,580.00
6.838845,850.4335,553.00
6.838845,850.4882,606.00
6.838845,850.5430,539.00
6.838845,850.5977,630.00
6.838845,850.6525,542.00
6.838845,850.7072,612.00
6.838845,850.7620,545.00
6.838845,850.8167,623.00
6.838845,850.8715,607.00
6.838845,850.9261,603.00
6.838845,850.9808,532.00
6.838845,851.0356,602.00
6.838845,851.0903,581.00
6.838845,851.1450,655.00
6.838845,851.1996,557.00
6.838845,851.2543,654.00
6.838845,851.3091,553.00
6.838845,851.3638,610.00
6.838845,851.4185,585.00
6.838845,851.4731,636.00
6.838845,851.5278,553.00
6.838845,851.5825,658.00
6.838845,851.6371,581.00
6.838845,851.6918,652.00
6.838845,851.7465,604.00
6.838845,851.8011,616.00
6.838845,851.8558,591.00
6.838845,851.9103,640.00
6.838845,851.9650,604.00
6.838845,852.0196,678.00
6.838845,852.0742,600.00
6.838845,852.1289,621.00
6.838845,852.1835,592.00
6.838845,852.2381,678.00
6.838845,852.2927,633.00
6.838845,852.3473,648.00
6.838845,852.4019,632.00
6.838845,852.4565,676.00
6.838845,852.5111,629.00
6.838845,852.5657,648.00
6.838845,852.6202,596.00
6.838845,852.6747,646.00
6.838845,852.7294,596.00
6.838845,852.7839,676.00
6.838845,852.8385,618.00
6.838845,852.8930,666.00
6.838845,852.9476,605.00
6.838845,853.0022,686.00
6.838845,853.0567,620.00
6.838845,853.1112,675.00
6.838845,853.1658,663.00
6.838845,853.2203,662.00
6.838845,853.2748,655.00
6.838845,853.3293,702.00
6.838845,853.3838,625.00
6.838845,853.4383,665.00
6.838845,853.4928,623.00
6.838845,853.5474,691.00
6.838845,853.6019,657.00
6.838845,853.6563,714.00
6.838845,853.7108,654.00
6.838845,853.7653,643.00
6.838845,853.8198,615.00
6.838845,853.8742,660.00
6.838845,853.9286,647.00
6.838845,853.9832,691.00
6.838845,854.0376,671.00
6.838845,854.0920,709.00
6.838845,854.1465,690.00
6.838845,854.2010,659.00
6.838845,854.2554,621.00
6.838845,854.3098,657.00
6.838845,854.3642,594.00
6.838845,854.4186,705.00
6.838845,854.4731,615.00
6.838845,854.5275,698.00
6.838845,854.5819,628.00
6.838845,854.6363,661.00
6.838845,854.6907,654.00
6.838845,854.7451,669.00
6.838845,854.7994,631.00
6.838845,854.8538,686.00
6.838845,854.9082,654.00
6.838845,854.9626,701.00
6.838845,855.0170,618.00
6.838845,855.0714,697.00
6.838845,855.1257,651.00
6.838845,855.1800,663.00
6.838845,855.2344,656.00
6.838845,855.2888,673.00
6.838845,855.3431,606.00
6.838845,855.3975,687.00
6.838845,855.4518,619.00
6.838845,855.5060,720.00
6.838845,855.5604,630.00
6.838845,855.6147,651.00
6.838845,855.6691,637.00
6.838845,855.7233,655.00
6.838845,855.7776,606.00
6.838845,855.8320,705.00
6.838845,855.8862,611.00
6.838845,855.9406,666.00
6.838845,855.9948,645.00
6.838845,856.0491,699.00
6.838845,856.1035,656.00
6.838845,856.1577,693.00
6.838845,856.2119,643.00
6.838845,856.2662,672.00
6.838845,856.3204,577.00
6.838845,856.3748,726.00
6.838845,856.4290,658.00
6.838845,856.4832,673.00
6.838845,856.5374,670.00
6.838845,856.5916,696.00
6.838845,856.6459,637.00
6.838845,856.7001,709.00
6.838845,856.7543,634.00
6.838845,856.8085,679.00
6.838845,856.8627,670.00
6.838845,856.9169,730.00
6.838845,856.9712,658.00
6.838845,857.0253,671.00
6.838845,857.0795,643.00
6.838845,857.1337,683.00
6.838845,857.1879,623.00
6.838845,857.2421,699.00
6.838845,857.2962,637.00
6.838845,857.3504,719.00
6.838845,857.4045,659.00
6.838845,857.4587,691.00
6.838845,857.5129,695.00
6.838845,857.5670,694.00
6.838845,857.6212,641.00
6.838845,857.6753,687.00
6.838845,857.7294,631.00
6.838845,857.7836,681.00
6.838845,857.8377,651.00
6.838845,857.8918,688.00
6.838845,857.9459,669.00
6.838845,858.0000,689.00
6.838845,858.0541,644.00
6.838845,858.1082,707.00
6.838845,858.1624,642.00
6.838845,858.2164,686.00
6.838845,858.2704,650.00
6.838845,858.3245,694.00
6.838845,858.3787,671.00
6.838845,858.4327,683.00
6.838845,858.4868,657.00
6.838845,858.5408,671.00
6.838845,858.5949,659.00
6.838845,858.6489,689.00
6.838845,858.7030,619.00
6.838845,858.7570,726.00
6.838845,858.8110,665.00
6.838845,858.8651,683.00
6.838845,858.9192,690.00
6.838845,858.9732,727.00
6.838845,859.0272,631.00
6.838845,859.0812,696.00
6.838845,859.1352,635.00
6.838845,859.1892,705.00
6.838845,859.2432,655.00
6.838845,859.2972,697.00
6.838845,859.3512,688.00
6.838845,859.4052,665.00
6.838845,859.4592,650.00
6.838845,859.5132,703.00
6.838845,859.5671,622.00
6.838845,859.6210,698.00
6.838845,859.6750,628.00
6.838845,859.7289,723.00
6.838845,859.7830,619.00
6.838845,859.8369,659.00
6.838845,859.8908,659.00
6.838845,859.9447,638.00
6.838845,859.9987,635.00
6.838845,860.0527,711.00
6.838845,860.1065,615.00
6.838845,860.1605,677.00
6.838845,860.2144,663.00
6.838845,860.2682,657.00
6.838845,860.3222,663.00
6.838845,860.3761,661.00
6.838845,860.4299,600.00
6.838845,860.4838,653.00
6.838845,860.5377,602.00
6.838845,860.5916,641.00
6.838845,860.6455,664.00
6.838845,860.6993,688.00
6.838845,860.7532,648.00
6.838845,860.8071,667.00
6.838845,860.8610,608.00
6.838845,860.9148,634.00
6.838845,860.9687,602.00
6.838845,861.0225,676.00
6.838845,861.0763,623.00
6.838845,861.1301,666.00
6.838845,861.1840,623.00
6.838845,861.2378,659.00
6.838845,861.2916,626.00
6.838845,861.3454,669.00
6.838845,861.3992,611.00
6.838845,861.4531,657.00
6.838845,861.5068,601.00
6.838845,861.5606,689.00
6.838845,861.6144,630.00
6.838845,861.6682,641.00
6.838845,861.7220,608.00
6.838845,861.7758,662.00
6.838845,861.8295,622.00
6.838845,861.8833,649.00
6.838845,861.9370,610.00
6.838845,861.9908,712.00
6.838845,862.0446,651.00
6.838845,862.0983,677.00
6.838845,862.1520,630.00
6.838845,862.2057,639.00
6.838845,862.2595,630.00
6.838845,862.3132,651.00
6.838845,862.3669,608.00
6.838845,862.4206,651.00
6.838845,862.4744,607.00
6.838845,862.5281,677.00
6.838845,862.5818,659.00
6.838845,862.6355,656.00
6.838845,862.6891,647.00
6.838845,862.7429,669.00
6.838845,862.7966,632.00
6.838845,862.8502,647.00
6.838845,862.9039,598.00
6.838845,862.9575,647.00
6.838845,863.0112,640.00
6.838845,863.0648,638.00
6.838845,863.1185,619.00
6.838845,863.1722,669.00
6.838845,863.2258,597.00
6.838845,863.2794,680.00
6.838845,863.3330,605.00
6.838845,863.3867,667.00
6.838845,863.4403,580.00
6.838845,863.4940,654.00
6.838845,863.5475,640.00
6.838845,863.6011,642.00
6.838845,863.6548,607.00
6.838845,863.7084,630.00
6.838845,863.7620,603.00
6.838845,863.8156,644.00
6.838845,863.8691,629.00
6.838845,863.9228,657.00
6.838845,863.9763,619.00
6.838845,864.0299,651.00
6.838845,864.0834,624.00
6.838845,864.1370,644.00
6.838845,864.1906,620.00
6.838845,864.2441,639.00
6.838845,864.2977,587.00
6.838845,864.3512,654.00
6.838845,864.4047,636.00
6.838845,864.4583,676.00
6.838845,864.5118,603.00
6.838845,864.5653,629.00
6.838845,864.6189,603.00
6.838845,864.6724,636.00
6.838845,864.7258,624.00
6.838845,864.7794,653.00
6.838845,864.8329,610.00
6.838845,864.8864,645.00
6.838845,864.9398,618.00
6.838845,864.9933,640.00
6.838845,865.0469,568.00
6.838845,865.1003,621.00
6.838845,865.1538,628.00
6.838845,865.2072,621.00
6.838845,865.2607,602.00
6.838845,865.3142,656.00
6.838845,865.3676,628.00
6.838845,865.4211,652.00
6.838845,865.4745,604.00
6.838845,865.5279,625.00
6.838845,865.5814,632.00
6.838845,865.6348,644.00
6.838845,865.6882,622.00
6.838845,865.7416,662.00
6.838845,865.7950,656.00
6.838845,865.8484,668.00
6.838845,865.9019,626.00
6.838845,865.9552,641.00
6.838845,866.0087,653.00
6.838845,866.0620,654.00
6.838845,866.1154,636.00
6.838845,866.1688,673.00
6.838845,866.2222,598.00
6.838845,866.2755,692.00
6.838845,866.3289,655.00
6.838845,866.3822,666.00
6.838845,866.4356,660.00
6.838845,866.4890,647.00
6.838845,866.5423,642.00
6.838845,866.5956,665.00
6.838845,866.6489,607.00
6.838845,866.7023,670.00
6.838845,866.7556,619.00
6.838845,866.8089,647.00
6.838845,866.8622,664.00
6.838845,866.9155,669.00
6.838845,866.9689,623.00
6.838845,867.0222,681.00
6.838845,867.0755,595.00
6.838845,867.1287,682.00
6.838845,867.1820,626.00
6.838845,867.2354,679.00
6.838845,867.2886,626.00
6.838845,867.3419,675.00
6.838845,867.3951,619.00
6.838845,867.4484,655.00
6.838845,867.5016,585.00
6.838845,867.5549,691.00
6.838845,867.6082,619.00
6.838845,867.6614,639.00
6.838845,867.7146,631.00
6.838845,867.7678,654.00
6.838845,867.8211,651.00
6.838845,867.8743,679.00
6.838845,867.9276,621.00
6.838845,867.9807,679.00
6.838845,868.0339,625.00
6.838845,868.0872,677.00
6.838845,868.1403,643.00
6.838845,868.1935,654.00
6.838845,868.2467,597.00
6.838845,868.2999,658.00
6.838845,868.3531,600.00
6.838845,868.4062,675.00
6.838845,868.4594,627.00
6.838845,868.5126,674.00
6.838845,868.5657,627.00
6.838845,868.6189,638.00
6.838845,868.6721,645.00
6.838845,868.7252,631.00
6.838845,868.7783,595.00
6.838845,868.8315,669.00
6.838845,868.8846,595.00
6.838845,868.9377,674.00
6.838845,868.9908,595.00
6.838845,869.0439,655.00
6.838845,869.0970,648.00
6.838845,869.1501,655.00
6.838845,869.2032,601.00
6.838845,869.2564,627.00
6.838845,869.3094,603.00
6.838845,869.3625,628.00
6.838845,869.4156,619.00
6.838845,869.4688,694.00
6.838845,869.5218,625.00
6.838845,869.5748,661.00
6.838845,869.6279,646.00
6.838845,869.6809,621.00
6.838845,869.7340,579.00
6.838845,869.7870,646.00
6.838845,869.8401,604.00
6.838845,869.8931,663.00
6.838845,869.9462,618.00
6.838845,869.9993,635.00
6.838845,870.0522,647.00
6.838845,870.1052,682.00
6.838845,870.1583,617.00
6.838845,870.2112,703.00
6.838845,870.2642,621.00
6.838845,870.3173,691.00
6.838845,870.3702,609.00
6.838845,870.4232,696.00
6.838845,870.4762,639.00
6.838845,870.5292,634.00
6.838845,870.5822,639.00
6.838845,870.6351,638.00
6.838845,870.6881,614.00
6.838845,870.7410,681.00
6.838845,870.7940,623.00
6.838845,870.8470,659.00
6.838845,870.8999,609.00
6.838845,870.9528,707.00
6.838845,871.0057,662.00
6.838845,871.0587,663.00
6.838845,871.1116,643.00
6.838845,871.1646,644.00
6.838845,871.2175,599.00
6.838845,871.2704,679.00
6.838845,871.3232,637.00
6.838845,871.3762,655.00
6.838845,871.4291,656.00
6.838845,871.4820,681.00
6.838845,871.5348,625.00
6.838845,871.5877,666.00
6.838845,871.6406,615.00
6.838845,871.6935,732.00
6.838845,871.7463,632.00
6.838845,871.7992,674.00
6.838845,871.8521,659.00
6.838845,871.9049,665.00
6.838845,871.9578,670.00
6.838845,872.0106,702.00
6.838845,872.0635,599.00
6.838845,872.1162,683.00
6.838845,872.1691,622.00
6.838845,872.2219,713.00
6.838845,872.2747,623.00
6.838845,872.3275,673.00
6.838845,872.3803,671.00
6.838845,872.4332,679.00
6.838845,872.4860,638.00
6.838845,872.5387,695.00
6.838845,872.5915,624.00
6.838845,872.6443,687.00
6.838845,872.6971,669.00
6.838845,872.7499,709.00
6.838845,872.8026,657.00
6.838845,872.8553,670.00
6.838845,872.9081,665.00
6.838845,872.9609,666.00
6.838845,873.0136,632.00
6.838845,873.0663,698.00
6.838845,873.1191,599.00
6.838845,873.1718,694.00
6.838845,873.2245,661.00
6.838845,873.2773,658.00
6.838845,873.3300,619.00
6.838845,873.3827,673.00
6.838845,873.4354,651.00
6.838845,873.4882,716.00
6.838845,873.5408,669.00
6.838845,873.5935,663.00
6.838845,873.6462,652.00
6.838845,873.6989,671.00
6.838845,873.7515,692.00
6.838845,873.8042,674.00
6.838845,873.8569,613.00
6.838845,873.9096,674.00
6.838845,873.9622,589.00
6.838845,874.0149,688.00
6.838845,874.0675,675.00
6.838845,874.1202,688.00
6.838845,874.1729,657.00
6.838845,874.2255,692.00
6.838845,874.2781,654.00
6.838845,874.3307,657.00
6.838845,874.3834,620.00
6.838845,874.4360,702.00
6.838845,874.4885,666.00
6.838845,874.5411,691.00
6.838845,874.5938,634.00
6.838845,874.6463,656.00
6.838845,874.6990,663.00
6.838845,874.7515,651.00
6.838845,874.8041,615.00
6.838845,874.8567,685.00
6.838845,874.9092,636.00
6.838845,874.9619,693.00
6.838845,875.0144,661.00
6.838845,875.0669,685.00
6.838845,875.1194,652.00
6.838845,875.1720,706.00
6.838845,875.2246,618.00
6.838845,875.2772,690.00
6.838845,875.3296,618.00
6.838845,875.3821,688.00
6.838845,875.4346,649.00
6.838845,875.4872,699.00
6.838845,875.5397,667.00
6.838845,875.5922,687.00
6.838845,875.6447,640.00
6.838845,875.6971,668.00
6.838845,875.7498,607.00
6.838845,875.8022,697.00
6.838845,875.8547,603.00
6.838845,875.9071,702.00
6.838845,875.9596,628.00
6.838845,876.0120,657.00
6.838845,876.0646,656.00
6.838845,876.1169,677.00
6.838845,876.1694,615.00
6.838845,876.2219,706.00
6.838845,876.2743,662.00
6.838845,876.3268,716.00
6.838845,876.3792,648.00
6.838845,876.4316,665.00
6.838845,876.4840,687.00
6.838845,876.5364,665.00
6.838845,876.5889,636.00
6.838845,876.6413,718.00
6.838845,876.6937,648.00
6.838845,876.7460,697.00
6.838845,876.7985,660.00
6.838845,876.8509,712.00
6.838845,876.9032,671.00
6.838845,876.9556,674.00
6.838845,877.0079,636.00
6.838845,877.0604,642.00
6.838845,877.1127,606.00
6.838845,877.1651,701.00
6.838845,877.2174,629.00
6.838845,877.2697,666.00
6.838845,877.3221,661.00
6.838845,877.3744,657.00
6.838845,877.4268,636.00
6.838845,877.4791,648.00
6.838845,877.5314,613.00
6.838845,877.5837,652.00
6.838845,877.6360,612.00
6.838845,877.6884,658.00
6.838845,877.7407,622.00
6.838845,877.7930,638.00
6.838845,877.8452,618.00
6.838845,877.8975,638.00
6.838845,877.9498,605.00
6.838845,878.0021,655.00
6.838845,878.0544,625.00
6.838845,878.1066,685.00
6.838845,878.1589,627.00
6.838845,878.2111,638.00
6.838845,878.2634,619.00
6.838845,878.3157,618.00
6.838845,878.3679,588.00
6.838845,878.4202,655.00
6.838845,878.4724,579.00
6.838845,878.5246,667.00
6.838845,878.5768,613.00
6.838845,878.6290,674.00
6.838845,878.6812,603.00
6.838845,878.7335,635.00
6.838845,878.7856,647.00
6.838845,878.8379,620.00
6.838845,878.8901,593.00
6.838845,878.9422,625.00
6.838845,878.9944,595.00
6.838845,879.0466,651.00
6.838845,879.0988,620.00
6.838845,879.1509,678.00
6.838845,879.2031,616.00
6.838845,879.2552,615.00
6.838845,879.3074,603.00
6.838845,879.3596,664.00
6.838845,879.4117,613.00
6.838845,879.4638,670.00
6.838845,879.5159,577.00
6.838845,879.5681,643.00
6.838845,879.6202,638.00
6.838845,879.6723,648.00
6.838845,879.7244,633.00
6.838845,879.7766,642.00
6.838845,879.8287,591.00
6.838845,879.8808,665.00
6.838845,879.9329,586.00
6.838845,879.9849,640.00
6.838845,880.0370,633.00
6.838845,880.0891,653.00
6.838845,880.1412,616.00
6.838845,880.1932,649.00
6.838845,880.2452,590.00
6.838845,880.2973,646.00
6.838845,880.3495,628.00
6.838845,880.4015,676.00
6.838845,880.4536,630.00
6.838845,880.5056,631.00
6.838845,880.5576,621.00
6.838845,880.6096,646.00
6.838845,880.6616,590.00
6.838845,880.7137,657.00
6.838845,880.7656,551.00
6.838845,880.8176,654.00
6.838845,880.8696,589.00
6.838845,880.9217,659.00
6.838845,880.9737,616.00
6.838845,881.0256,635.00
6.838845,881.0776,619.00
6.838845,881.1296,636.00
6.838845,881.1816,555.00
6.838845,881.2336,624.00
6.838845,881.2855,591.00
6.838845,881.3374,639.00
6.838845,881.3893,652.00
6.838845,881.4413,621.00
6.838845,881.4933,598.00
6.838845,881.5452,649.00
6.838845,881.5972,587.00
6.838845,881.6490,648.00
6.838845,881.7010,566.00
6.838845,881.7530,651.00
6.838845,881.8049,618.00
6.838845,881.8568,643.00
6.838845,881.9086,598.00
6.838845,881.9605,607.00
6.838845,882.0125,579.00
6.838845,882.0643,639.00
6.838845,882.1162,573.00
6.838845,882.1681,641.00
6.838845,882.2199,595.00
6.838845,882.2719,647.00
6.838845,882.3237,623.00
6.838845,882.3755,612.00
6.838845,882.4274,536.00
6.838845,882.4792,639.00
6.838845,882.5311,595.00
6.838845,882.5829,621.00
6.838845,882.6348,590.00
6.838845,882.6866,654.00
6.838845,882.7383,625.00
6.838845,882.7902,609.00
6.838845,882.8420,636.00
6.838845,882.8939,627.00
6.838845,882.9457,589.00
6.838845,882.9974,610.00
6.838845,883.0493,586.00
6.838845,883.1011,650.00
6.838845,883.1528,575.00
6.838845,883.2046,646.00
6.838845,883.2563,629.00
6.838845,883.3081,597.00
6.838845,883.3599,599.00
6.838845,883.4116,633.00
6.838845,883.4634,605.00
6.838845,883.5151,644.00
6.838845,883.5668,616.00
6.838845,883.6187,631.00
6.838845,883.6703,616.00
6.838845,883.7220,642.00
6.838845,883.7738,614.00
6.838845,883.8254,646.00
6.838845,883.8773,591.00
6.838845,883.9289,664.00
6.838845,883.9806,585.00
6.838845,884.0323,649.00
6.838845,884.0840,643.00
6.838845,884.1357,657.00
6.838845,884.1874,626.00
6.838845,884.2391,624.00
6.838845,884.2907,582.00
6.838845,884.3423,635.00
6.838845,884.3940,564.00
6.838845,884.4457,637.00
6.838845,884.4974,626.00
6.838845,884.5490,615.00
6.838845,884.6006,599.00
6.838845,884.6523,644.00
6.838845,884.7039,618.00
6.838845,884.7555,669.00
6.838845,884.8071,623.00
6.838845,884.8588,665.00
6.838845,884.9103,634.00
6.838845,884.9620,653.00
6.838845,885.0136,650.00
6.838845,885.0651,633.00
6.838845,885.1168,600.00
6.838845,885.1683,665.00
6.838845,885.2200,612.00
6.838845,885.2715,659.00
6.838845,885.3231,576.00
6.838845,885.3746,684.00
6.838845,885.4262,668.00
6.838845,885.4778,654.00
6.838845,885.5293,655.00
6.838845,885.5809,676.00
6.838845,885.6324,606.00
6.838845,885.6839,652.00
6.838845,885.7355,609.00
6.838845,885.7870,693.00
6.838845,885.8385,602.00
6.838845,885.8900,685.00
6.838845,885.9415,628.00
6.838845,885.9930,644.00
6.838845,886.0446,592.00
6.838845,886.0960,661.00
6.838845,886.1475,612.00
6.838845,886.1990,668.00
6.838845,886.2504,614.00
6.838845,886.3020,692.00
6.838845,886.3534,610.00
6.838845,886.4048,656.00
6.838845,886.4564,618.00
6.838845,886.5078,643.00
6.838845,886.5593,608.00
6.838845,886.6107,673.00
6.838845,886.6621,608.00
6.838845,886.7136,647.00
6.838845,886.7650,631.00
6.838845,886.8164,640.00
6.838845,886.8679,646.00
6.838845,886.9193,620.00
6.838845,886.9706,593.00
6.838845,887.0220,639.00
6.838845,887.0735,586.00
6.838845,887.1249,641.00
6.838845,887.1762,614.00
6.838845,887.2276,678.00
6.838845,887.2789,639.00
6.838845,887.3304,639.00
6.838845,887.3818,624.00
6.838845,887.4331,667.00
6.838845,887.4844,625.00
6.838845,887.5358,681.00
6.838845,887.5871,613.00
6.838845,887.6385,670.00
6.838845,887.6898,675.00
6.838845,887.7411,632.00
6.838845,887.7925,592.00
6.838845,887.8438,636.00
6.838845,887.8951,589.00
6.838845,887.9464,691.00
6.838845,887.9977,634.00
6.838845,888.0490,716.00
6.838845,888.1003,650.00
6.838845,888.1516,650.00
6.838845,888.2029,613.00
6.838845,888.2542,655.00
6.838845,888.3054,598.00
6.838845,888.3567,683.00
6.838845,888.4080,641.00
6.838845,888.4592,662.00
6.838845,888.5105,617.00
6.838845,888.5618,679.00
6.838845,888.6130,617.00
6.838845,888.6642,642.00
6.838845,888.7155,641.00
6.838845,888.7667,720.00
6.838845,888.8179,629.00
6.838845,888.8691,670.00
6.838845,888.9204,665.00
6.838845,888.9716,664.00
6.838845,889.0228,638.00
6.838845,889.0740,668.00
6.838845,889.1252,653.00
6.838845,889.1764,666.00
6.838845,889.2275,650.00
6.838845,889.2787,707.00
6.838845,889.3299,630.00
6.838845,889.3810,678.00
6.838845,889.4322,679.00
6.838845,889.4835,709.00
6.838845,889.5346,661.00
6.838845,889.5857,667.00
6.838845,889.6368,601.00
6.838845,889.6879,677.00
6.838845,889.7391,600.00
6.838845,889.7903,720.00
6.838845,889.8414,633.00
6.838845,889.8925,694.00
6.838845,889.9435,652.00
6.838845,889.9948,644.00
6.838845,890.0458,622.00
6.838845,890.0969,686.00
6.838845,890.1479,603.00
6.838845,890.1990,674.00
6.838845,890.2501,634.00
6.838845,890.3012,675.00
6.838845,890.3523,653.00
6.838845,890.4034,625.00
6.838845,890.4545,639.00
6.838845,890.5054,639.00
6.838845,890.5566,587.00
6.838845,890.6076,644.00
6.838845,890.6586,600.00
6.838845,890.7097,667.00
6.838845,890.7607,659.00
6.838845,890.8117,643.00
6.838845,890.8627,648.00
6.838845,890.9138,638.00
6.838845,890.9647,583.00
6.838845,891.0157,617.00
6.838845,891.0668,611.00
6.838845,891.1178,674.00
6.838845,891.1688,603.00
6.838845,891.2197,657.00
6.838845,891.2707,596.00
6.838845,891.3217,623.00
6.838845,891.3727,615.00
6.838845,891.4236,611.00
6.838845,891.4745,584.00
6.838845,891.5256,672.00
6.838845,891.5765,611.00
6.838845,891.6275,665.00
6.838845,891.6783,601.00
6.838845,891.7293,604.00
6.838845,891.7802,612.00
6.838845,891.8312,615.00
6.838845,891.8821,564.00
6.838845,891.9330,648.00
6.838845,891.9839,536.00
6.838845,892.0348,638.00
6.838845,892.0857,619.00
6.838845,892.1366,654.00
6.838845,892.1875,602.00
6.838845,892.2383,654.00
6.838845,892.2892,601.00
6.838845,892.3401,665.00
6.838845,892.3911,589.00
6.838845,892.4418,687.00
6.838845,892.4927,617.00
6.838845,892.5436,676.00
6.838845,892.5944,640.00
6.838845,892.6452,636.00
6.838845,892.6961,619.00
6.838845,892.7469,666.00
6.838845,892.7977,606.00
6.838845,892.8485,628.00
6.838845,892.8993,618.00
6.838845,892.9502,673.00
6.838845,893.0010,623.00
6.838845,893.0518,627.00
6.838845,893.1025,600.00
6.838845,893.1534,665.00
6.838845,893.2042,616.00
6.838845,893.2549,661.00
6.838845,893.3057,619.00
6.838845,893.3564,694.00
6.838845,893.4072,664.00
6.838845,893.4580,632.00
6.838845,893.5087,616.00
6.838845,893.5595,641.00
6.838845,893.6102,583.00
6.838845,893.6609,686.00
6.838845,893.7117,588.00
6.838845,893.7625,682.00
6.838845,893.8132,640.00
6.838845,893.8639,669.00
6.838845,893.9146,645.00
6.838845,893.9653,612.00
6.838845,894.0160,631.00
6.838845,894.0667,652.00
6.838845,894.1174,632.00
6.838845,894.1681,638.00
6.838845,894.2188,622.00
6.838845,894.2695,677.00
6.838845,894.3201,640.00
6.838845,894.3708,634.00
6.838845,894.4214,605.00
6.838845,894.4720,645.00
6.838845,894.5228,586.00
6.838845,894.5734,696.00
6.838845,894.6240,625.00
6.838845,894.6746,706.00
6.838845,894.7252,688.00
6.838845,894.7759,665.00
6.838845,894.8265,630.00
6.838845,894.8771,686.00
6.838845,894.9277,585.00
6.838845,894.9783,646.00
6.838845,895.0290,596.00
6.838845,895.0795,691.00
6.838845,895.1301,609.00
6.838845,895.1807,654.00
6.838845,895.2313,647.00
6.838845,895.2819,650.00
6.838845,895.3325,609.00
6.838845,895.3830,654.00
6.838845,895.4336,601.00
6.838845,895.4841,691.00
6.838845,895.5347,615.00
6.838845,895.5852,618.00
6.838845,895.6357,651.00
6.838845,895.6863,650.00
6.838845,895.7368,643.00
6.838845,895.7874,619.00
6.838845,895.8379,595.00
6.838845,895.8884,699.00
6.838845,895.9388,611.00
6.838845,895.9893,653.00
6.838845,896.0399,623.00
6.838845,896.0904,655.00
6.838845,896.1408,649.00
6.838845,896.1913,673.00
6.838845,896.2418,612.00
6.838845,896.2922,673.00
6.838845,896.3427,635.00
6.838845,896.3932,680.00
6.838845,896.4437,644.00
6.838845,896.4941,682.00
6.838845,896.5445,680.00
6.838845,896.5950,649.00
6.838845,896.6454,634.00
6.838845,896.6958,648.00
6.838845,896.7462,639.00
6.838845,896.7967,686.00
6.838845,896.8471,638.00
6.838845,896.8975,675.00
6.838845,896.9479,658.00
6.838845,896.9983,671.00
6.838845,897.0486,643.00
6.838845,897.0991,653.00
6.838845,897.1495,591.00
6.838845,897.1998,691.00
6.838845,897.2502,619.00
6.838845,897.3005,701.00
6.838845,897.3510,616.00
6.838845,897.4013,667.00
6.838845,897.4517,681.00
6.838845,897.5020,687.00
6.838845,897.5523,630.00
6.838845,897.6026,682.00
6.838845,897.6530,643.00
6.838845,897.7033,674.00
6.838845,897.7537,623.00
6.838845,897.8040,659.00
6.838845,897.8542,629.00
6.838845,897.9046,643.00
6.838845,897.9549,669.00
6.838845,898.0051,703.00
6.838845,898.0554,611.00
6.838845,898.1057,686.00
6.838845,898.1560,611.00
6.838845,898.2063,688.00
6.838845,898.2565,623.00
6.838845,898.3068,655.00
6.838845,898.3571,629.00
6.838845,898.4073,645.00
6.838845,898.4576,576.00
6.838845,898.5078,683.00
6.838845,898.5580,603.00
6.838845,898.6083,688.00
6.838845,898.6584,666.00
6.838845,898.7087,672.00
6.838845,898.7590,639.00
6.838845,898.8091,635.00
6.838845,898.8593,642.00
6.838845,898.9095,655.00
6.838845,898.9598,608.00
6.838845,899.0099,707.00
6.838845,899.0601,633.00
6.838845,899.1103,685.00
6.838845,899.1605,635.00
6.838845,899.2107,636.00
6.838845,899.2608,611.00
6.838845,899.3109,660.00
6.838845,899.3611,594.00
6.838845,899.4113,687.00
6.838845,899.4614,642.00
6.838845,899.5115,633.00
6.838845,899.5616,684.00
6.838845,899.6118,633.00
6.838845,899.6619,609.00
6.838845,899.7121,623.00
6.838845,899.7622,574.00
6.838845,899.8123,652.00
6.838845,899.8624,564.00
6.838845,899.9124,650.00
6.838845,899.9626,621.00
6.838845,900.0126,627.00
6.838845,900.0627,616.00
6.838845,900.1127,670.00
6.838845,900.1628,601.00
6.838845,900.2130,658.00
6.838845,900.2631,579.00
6.838845,900.3130,662.00
6.838845,900.3631,613.00
6.838845,900.4131,648.00
6.838845,900.4632,617.00
6.838845,900.5132,647.00
6.838845,900.5633,601.00
6.838845,900.6132,640.00
6.838845,900.6632,656.00
6.838845,900.7133,664.00
6.838845,900.7633,583.00
6.838845,900.8133,640.00
6.838845,900.8633,604.00
6.838845,900.9133,658.00
6.838845,900.9633,608.00
6.838845,901.0133,655.00
6.838845,901.0632,602.00
6.838845,901.1132,644.00
6.838845,901.1631,605.00
6.838845,901.2131,660.00
6.838845,901.2631,597.00
6.838845,901.3130,661.00
6.838845,901.3630,626.00
6.838845,901.4129,636.00
6.838845,901.4628,652.00
6.838845,901.5128,620.00
6.838845,901.5627,608.00
6.838845,901.6126,665.00
6.838845,901.6625,622.00
6.838845,901.7124,634.00
6.838845,901.7623,652.00
6.838845,901.8123,614.00
6.838845,901.8621,616.00
6.838845,901.9120,631.00
6.838845,901.9619,547.00
6.838845,902.0117,686.00
6.838845,902.0616,603.00
6.838845,902.1115,664.00
6.838845,902.1613,607.00
6.838845,902.2112,607.00
6.838845,902.2610,609.00
6.838845,902.3109,621.00
6.838845,902.3608,594.00
6.838845,902.4106,651.00
6.838845,902.4604,613.00
6.838845,902.5103,646.00
6.838845,902.5601,606.00
6.838845,902.6099,657.00
6.838845,902.6597,607.00
6.838845,902.7095,650.00
6.838845,902.7592,625.00
6.838845,902.8090,645.00
6.838845,902.8589,570.00
6.838845,902.9086,671.00
6.838845,902.9584,629.00
6.838845,903.0082,660.00
6.838845,903.0580,630.00
6.838845,903.1077,629.00
6.838845,903.1575,627.00
6.838845,903.2072,628.00
6.838845,903.2570,622.00
6.838845,903.3067,651.00
6.838845,903.3564,614.00
6.838845,903.4062,673.00
6.838845,903.4559,634.00
6.838845,903.5056,621.00
6.838845,903.5553,615.00
6.838845,903.6050,623.00
6.838845,903.6547,598.00
6.838845,903.7045,647.00
6.838845,903.7541,578.00
6.838845,903.8038,687.00
6.838845,903.8535,615.00
6.838845,903.9032,621.00
6.838845,903.9528,635.00
6.838845,904.0025,637.00
6.838845,904.0522,595.00
6.838845,904.1019,653.00
6.838845,904.1515,610.00
6.838845,904.2012,663.00
6.838845,904.2507,608.00
6.838845,904.3004,645.00
6.838845,904.3500,596.00
6.838845,904.3997,607.00
6.838845,904.4493,597.00
6.838845,904.4989,620.00
6.838845,904.5485,562.00
6.838845,904.5980,652.00
6.838845,904.6477,585.00
6.838845,904.6973,642.00
6.838845,904.7469,584.00
6.838845,904.7964,635.00
6.838845,904.8460,602.00
6.838845,904.8956,622.00
6.838845,904.9452,611.00
6.838845,904.9947,652.00
6.838845,905.0443,575.00
6.838845,905.0938,657.00
6.838845,905.1434,629.00
6.838845,905.1929,621.00
6.838845,905.2424,636.00
6.838845,905.2919,635.00
6.838845,905.3414,598.00
6.838845,905.3910,632.00
6.838845,905.4406,596.00
6.838845,905.4901,660.00
6.838845,905.5396,591.00
6.838845,905.5890,643.00
6.838845,905.6385,642.00
6.838845,905.6880,630.00
6.838845,905.7375,630.00
6.838845,905.7870,687.00
6.838845,905.8364,595.00
6.838845,905.8859,661.00
6.838845,905.9354,603.00
6.838845,905.9848,697.00
6.838845,906.0342,675.00
6.838845,906.0837,661.00
6.838845,906.1331,622.00
6.838845,906.1826,657.00
6.838845,906.2321,602.00
6.838845,906.2814,677.00
6.838845,906.3309,622.00
6.838845,906.3802,649.00
6.838845,906.4297,656.00
6.838845,906.4791,651.00
6.838845,906.5285,648.00
6.838845,906.5779,629.00
6.838845,906.6273,616.00
6.838845,906.6766,660.00
6.838845,906.7260,605.00
6.838845,906.7754,662.00
6.838845,906.8248,598.00
6.838845,906.8741,670.00
6.838845,906.9235,630.00
6.838845,906.9729,648.00
6.838845,907.0222,611.00
6.838845,907.0715,657.00
6.838845,907.1208,601.00
6.838845,907.1702,661.00
6.838845,907.2195,640.00
6.838845,907.2688,653.00
6.838845,907.3181,624.00
6.838845,907.3674,644.00
6.838845,907.4167,620.00
6.838845,907.4660,636.00
6.838845,907.5153,586.00
6.838845,907.5646,682.00
6.838845,907.6139,610.00
6.838845,907.6631,682.00
6.838845,907.7125,612.00
6.838845,907.7617,631.00
6.838845,907.8110,591.00
6.838845,907.8602,653.00
6.838845,907.9094,573.00
6.838845,907.9587,616.00
6.838845,908.0080,567.00
6.838845,908.0572,641.00
6.838845,908.1064,618.00
6.838845,908.1556,676.00
6.838845,908.2048,650.00
6.838845,908.2541,613.00
6.838845,908.3033,674.00
6.838845,908.3524,643.00
6.838845,908.4017,586.00
6.838845,908.4508,635.00
6.838845,908.5000,606.00
6.838845,908.5493,631.00
6.838845,908.5984,637.00
6.838845,908.6475,625.00
6.838845,908.6967,597.00
6.838845,908.7459,631.00
6.838845,908.7950,613.00
6.838845,908.8442,638.00
6.838845,908.8932,594.00
6.838845,908.9424,642.00
6.838845,908.9916,625.00
6.838845,909.0407,676.00
6.838845,909.0898,661.00
6.838845,909.1389,643.00
6.838845,909.1880,613.00
6.838845,909.2372,640.00
6.838845,909.2863,596.00
6.838845,909.3354,692.00
6.838845,909.3845,609.00
6.838845,909.4335,674.00
6.838845,909.4825,628.00
6.838845,909.5317,638.00
6.838845,909.5807,622.00
6.838845,909.6298,658.00
6.838845,909.6789,581.00
6.838845,909.7280,640.00
6.838845,909.7770,605.00
6.838845,909.8260,641.00
6.838845,909.8751,603.00
6.838845,909.9241,652.00
6.838845,909.9731,634.00
6.838845,910.0222,656.00
6.838845,910.0711,620.00
6.838845,910.1201,657.00
6.838845,910.1691,596.00
6.838845,910.2181,649.00
6.838845,910.2672,642.00
6.838845,910.3162,650.00
6.838845,910.3651,644.00
6.838845,910.4141,618.00
6.838845,910.4631,638.00
6.838845,910.5120,625.00
6.838845,910.5610,551.00
6.838845,910.6099,628.00
6.838845,910.6589,619.00
6.838845,910.7078,633.00
6.838845,910.7568,620.00
6.838845,910.8057,641.00
6.838845,910.8546,644.00
6.838845,910.9036,651.00
6.838845,910.9525,612.00
6.838845,911.0013,654.00
6.838845,911.0503,612.00
6.838845,911.0992,684.00
6.838845,911.1481,627.00
6.838845,911.1970,660.00
6.838845,911.2459,627.00
6.838845,911.2948,654.00
6.838845,911.3436,616.00
6.838845,911.3925,637.00
6.838845,911.4414,634.00
6.838845,911.4902,667.00
6.838845,911.5391,635.00
6.838845,911.5880,650.00
6.838845,911.6368,638.00
6.838845,911.6857,665.00
6.838845,911.7344,593.00
6.838845,911.7833,677.00
6.838845,911.8321,623.00
6.838845,911.8809,677.00
6.838845,911.9297,630.00
6.838845,911.9785,684.00
6.838845,912.0273,678.00
6.838845,912.0762,629.00
6.838845,912.1249,664.00
6.838845,912.1737,667.00
6.838845,912.2225,614.00
6.838845,912.2712,659.00
6.838845,912.3201,652.00
6.838845,912.3688,690.00
6.838845,912.4176,639.00
6.838845,912.4663,665.00
6.838845,912.5150,623.00
6.838845,912.5638,652.00
6.838845,912.6125,625.00
6.838845,912.6613,687.00
6.838845,912.7100,622.00
6.838845,912.7587,653.00
6.838845,912.8074,676.00
6.838845,912.8561,676.00
6.838845,912.9048,637.00
6.838845,912.9535,699.00
6.838845,913.0023,636.00
6.838845,913.0510,656.00
6.838845,913.0996,644.00
6.838845,913.1483,696.00
6.838845,913.1969,647.00
6.838845,913.2456,662.00
6.838845,913.2943,676.00
6.838845,913.3430,648.00
6.838845,913.3916,640.00
6.838845,913.4402,687.00
6.838845,913.4888,651.00
6.838845,913.5375,726.00
6.838845,913.5862,618.00
6.838845,913.6348,708.00
6.838845,913.6834,671.00
6.838845,913.7320,695.00
6.838845,913.7806,677.00
6.838845,913.8292,699.00
6.838845,913.8778,668.00
6.838845,913.9264,697.00
6.838845,913.9750,615.00
6.838845,914.0236,716.00
6.838845,914.0721,663.00
6.838845,914.1207,702.00
6.838845,914.1693,640.00
6.838845,914.2178,723.00
6.838845,914.2664,648.00
6.838845,914.3149,669.00
6.838845,914.3635,627.00
6.838845,914.4120,684.00
6.838845,914.4606,677.00
6.838845,914.5090,720.00
6.838845,914.5576,708.00
6.838845,914.6061,709.00
6.838845,914.6546,666.00
6.838845,914.7031,696.00
6.838845,914.7516,622.00
6.838845,914.8001,726.00
6.838845,914.8486,662.00
6.838845,914.8971,711.00
6.838845,914.9456,664.00
6.838845,914.9941,691.00
6.838845,915.0425,671.00
6.838845,915.0910,659.00
6.838845,915.1395,629.00
6.838845,915.1879,698.00
6.838845,915.2363,647.00
6.838845,915.2849,747.00
6.838845,915.3333,669.00
6.838845,915.3817,718.00
6.838845,915.4301,655.00
6.838845,915.4785,711.00
6.838845,915.5269,615.00
6.838845,915.5754,656.00
6.838845,915.6237,635.00
6.838845,915.6721,703.00
6.838845,915.7205,661.00
6.838845,915.7689,719.00
6.838845,915.8173,684.00
6.838845,915.8657,691.00
6.838845,915.9141,649.00
6.838845,915.9623,702.00
6.838845,916.0107,613.00
6.838845,916.0591,702.00
6.838845,916.1075,647.00
6.838845,916.1558,696.00
6.838845,916.2042,649.00
6.838845,916.2524,690.00
6.838845,916.3008,655.00
6.838845,916.3491,673.00
6.838845,916.3974,628.00
6.838845,916.4457,678.00
6.838845,916.4940,651.00
6.838845,916.5423,677.00
6.838845,916.5907,666.00
6.838845,916.6390,700.00
6.838845,916.6872,667.00
6.838845,916.7355,675.00
6.838845,916.7838,610.00
6.838845,916.8320,707.00
6.838845,916.8803,628.00
6.838845,916.9286,701.00
6.838845,916.9768,617.00
6.838845,917.0250,689.00
6.838845,917.0733,697.00
6.838845,917.1216,664.00
6.838845,917.1698,666.00
6.838845,917.2180,646.00
6.838845,917.2662,620.00
6.838845,917.3145,666.00
6.838845,917.3626,640.00
6.838845,917.4109,679.00
6.838845,917.4590,613.00
6.838845,917.5072,714.00
6.838845,917.5554,629.00
6.838845,917.6036,694.00
6.838845,917.6518,627.00
6.838845,917.7000,712.00
6.838845,917.7481,637.00
6.838845,917.7963,714.00
6.838845,917.8444,669.00
6.838845,917.8926,711.00
6.838845,917.9407,664.00
6.838845,917.9888,672.00
6.838845,918.0369,621.00
6.838845,918.0851,694.00
6.838845,918.1332,671.00
6.838845,918.1813,694.00
6.838845,918.2294,660.00
6.838845,918.2776,732.00
6.838845,918.3257,667.00
6.838845,918.3737,667.00
6.838845,918.4218,657.00
6.838845,918.4699,712.00
6.838845,918.5180,644.00
6.838845,918.5660,697.00
6.838845,918.6142,641.00
6.838845,918.6622,704.00
6.838845,918.7103,678.00
6.838845,918.7583,718.00
6.838845,918.8064,700.00
6.838845,918.8544,682.00
6.838845,918.9025,662.00
6.838845,918.9505,701.00
6.838845,918.9985,661.00
6.838845,919.0464,734.00
6.838845,919.0945,685.00
6.838845,919.1426,729.00
6.838845,919.1905,716.00
6.838845,919.2385,696.00
6.838845,919.2866,677.00
6.838845,919.3345,700.00
6.838845,919.3825,642.00
6.838845,919.4304,680.00
6.838845,919.4785,674.00
6.838845,919.5264,716.00
6.838845,919.5744,692.00
6.838845,919.6224,667.00
6.838845,919.6703,666.00
6.838845,919.7182,667.00
6.838845,919.7661,672.00
6.838845,919.8141,728.00
6.838845,919.8620,679.00
6.838845,919.9100,723.00
6.838845,919.9578,683.00
6.838845,920.0057,734.00
6.838845,920.0536,680.00
6.838845,920.1016,703.00
6.838845,920.1495,667.00
6.838845,920.1973,679.00
6.838845,920.2452,581.00
6.838845,920.2932,698.00
6.838845,920.3410,667.00
6.838845,920.3888,723.00
6.838845,920.4367,661.00
6.838845,920.4846,654.00
6.838845,920.5323,649.00
6.838845,920.5803,629.00
6.838845,920.6281,627.00
6.838845,920.6759,702.00
6.838845,920.7237,677.00
6.838845,920.7715,720.00
6.838845,920.8195,672.00
6.838845,920.8672,689.00
6.838845,920.9150,659.00
6.838845,920.9628,684.00
6.838845,921.0106,660.00
6.838845,921.0584,682.00
6.838845,921.1062,604.00
6.838845,921.1540,711.00
6.838845,921.2017,654.00
6.838845,921.2495,648.00
6.838845,921.2973,645.00
6.838845,921.3450,694.00
6.838845,921.3928,619.00
6.838845,921.4405,669.00
6.838845,921.4882,592.00
6.838845,921.5359,702.00
6.838845,921.5837,653.00
6.838845,921.6315,687.00
6.838845,921.6791,630.00
6.838845,921.7269,680.00
6.838845,921.7746,659.00
6.838845,921.8223,632.00
6.838845,921.8700,625.00
6.838845,921.9177,683.00
6.838845,921.9653,636.00
6.838845,922.0130,675.00
6.838845,922.0607,654.00
6.838845,922.1084,666.00
6.838845,922.1561,659.00
6.838845,922.2037,676.00
6.838845,922.2513,627.00
6.838845,922.2990,679.00
6.838845,922.3467,617.00
6.838845,922.3943,659.00
6.838845,922.4419,604.00
6.838845,922.4895,683.00
6.838845,922.5371,661.00
6.838845,922.5848,662.00
6.838845,922.6324,639.00
6.838845,922.6800,664.00
6.838845,922.7276,591.00
6.838845,922.7752,686.00
6.838845,922.8228,663.00
6.838845,922.8704,673.00
6.838845,922.9179,634.00
6.838845,922.9655,683.00
6.838845,923.0130,643.00
6.838845,923.0607,701.00
6.838845,923.1082,618.00
6.838845,923.1558,713.00
6.838845,923.2032,631.00
6.838845,923.2508,693.00
6.838845,923.2983,666.00
6.838845,923.3459,703.00
6.838845,923.3934,646.00
6.838845,923.4409,663.00
6.838845,923.4884,620.00
6.838845,923.5359,677.00
6.838845,923.5834,617.00
6.838845,923.6309,685.00
6.838845,923.6784,687.00
6.838845,923.7259,678.00
6.838845,923.7734,654.00
6.838845,923.8209,642.00
6.838845,923.8683,620.00
6.838845,923.9158,673.00
6.838845,923.9632,635.00
6.838845,924.0106,703.00
6.838845,924.0581,629.00
6.838845,924.1056,680.00
6.838845,924.1530,666.00
6.838845,924.2004,685.00
6.838845,924.2479,657.00
6.838845,924.2952,652.00
6.838845,924.3427,600.00
6.838845,924.3901,707.00
6.838845,924.4375,636.00
6.838845,924.4849,698.00
6.838845,924.5323,680.00
6.838845,924.5797,652.00
6.838845,924.6270,673.00
6.838845,924.6744,674.00
6.838845,924.7218,605.00
6.838845,924.7692,688.00
6.838845,924.8165,600.00
6.838845,924.8639,662.00
6.838845,924.9112,653.00
6.838845,924.9585,676.00
6.838845,925.0059,674.00
6.838845,925.0532,640.00
6.838845,925.1005,623.00
6.838845,925.1478,672.00
6.838845,925.1952,642.00
6.838845,925.2424,687.00
6.838845,925.2897,634.00
6.838845,925.3370,709.00
6.838845,925.3843,654.00
6.838845,925.4316,673.00
6.838845,925.4789,603.00
6.838845,925.5262,677.00
6.838845,925.5734,620.00
6.838845,925.6207,667.00
6.838845,925.6680,648.00
6.838845,925.7153,689.00
6.838845,925.7625,666.00
6.838845,925.8097,642.00
6.838845,925.8569,653.00
6.838845,925.9042,664.00
6.838845,925.9514,626.00
6.838845,925.9987,667.00
6.838845,926.0458,635.00
6.838845,926.0930,694.00
6.838845,926.1403,648.00
6.838845,926.1874,701.00
6.838845,926.2346,653.00
6.838845,926.2819,671.00
6.838845,926.3290,629.00
6.838845,926.3762,688.00
6.838845,926.4233,618.00
6.838845,926.4705,724.00
6.838845,926.5177,685.00
6.838845,926.5648,688.00
6.838845,926.6120,694.00
6.838845,926.6591,691.00
6.838845,926.7063,654.00
6.838845,926.7534,678.00
6.838845,926.8005,590.00
6.838845,926.8477,721.00
6.838845,926.8947,635.00
6.838845,926.9418,705.00
6.838845,926.9890,691.00
6.838845,927.0361,685.00
6.838845,927.0831,672.00
6.838845,927.1302,727.00
6.838845,927.1773,644.00
6.838845,927.2244,713.00
6.838845,927.2715,684.00
6.838845,927.3185,720.00
6.838845,927.3656,679.00
6.838845,927.4126,706.00
6.838845,927.4597,726.00
6.838845,927.5067,686.00
6.838845,927.5538,658.00
6.838845,927.6008,705.00
6.838845,927.6478,657.00
6.838845,927.6949,733.00
6.838845,927.7419,693.00
6.838845,927.7888,699.00
6.838845,927.8358,706.00
6.838845,927.8829,720.00
6.838845,927.9299,642.00
6.838845,927.9769,736.00
6.838845,928.0239,669.00
6.838845,928.0708,705.00
6.838845,928.1177,670.00
6.838845,928.1648,719.00
6.838845,928.2117,734.00
6.838845,928.2587,706.00
6.838845,928.3056,684.00
6.838845,928.3525,719.00
6.838845,928.3995,689.00
6.838845,928.4465,741.00
6.838845,928.4934,677.00
6.838845,928.5402,738.00
6.838845,928.5872,687.00
6.838845,928.6340,768.00
6.838845,928.6810,728.00
6.838845,928.7279,696.00
6.838845,928.7748,707.00
6.838845,928.8217,737.00
6.838845,928.8685,700.00
6.838845,928.9155,758.00
6.838845,928.9623,682.00
6.838845,929.0092,757.00
6.838845,929.0560,702.00
6.838845,929.1028,772.00
6.838845,929.1498,781.00
6.838845,929.1965,833.00
6.838845,929.2434,856.00
6.838845,929.2902,959.00
6.838845,929.3370,928.00
6.838845,929.3839,1098.00
6.838845,929.4307,1336.00
6.838845,929.4775,1846.00
6.838845,929.5243,3061.00
6.838845,929.5710,5676.00
6.838845,929.6179,9097.00
6.838845,929.6647,9402.00
6.838845,929.7115,5665.00
6.838845,929.7582,2752.00
6.838845,929.8050,1864.00
6.838845,929.8517,2294.00
6.838845,929.8986,3139.00
6.838845,929.9453,3758.00
6.838845,929.9921,3480.00
6.838845,930.0388,3226.00
6.838845,930.0854,3163.00
6.838845,930.1323,3357.00
6.838845,930.1790,3819.00
6.838845,930.2256,5516.00
6.838845,930.2724,9823.00
6.838845,930.3191,14909.00
6.838845,930.3658,13170.00
6.838845,930.4125,7717.00
6.838845,930.4592,4200.00
6.838845,930.5059,2793.00
6.838845,930.5526,1552.00
6.838845,930.5993,991.00
6.838845,930.6459,808.00
6.838845,930.6926,812.00
6.838845,930.7392,754.00
6.838845,930.7859,786.00
6.838845,930.8325,709.00
6.838845,930.8792,760.00
6.838845,930.9258,700.00
6.838845,930.9725,785.00
6.838845,931.0190,753.00
6.838845,931.0657,778.00
6.838845,931.1123,730.00
6.838845,931.1589,714.00
6.838845,931.2055,690.00
6.838845,931.2521,724.00
6.838845,931.2987,673.00
6.838845,931.3453,705.00
6.838845,931.3919,685.00
6.838845,931.4385,717.00
6.838845,931.4850,714.00
6.838845,931.5316,696.00
6.838845,931.5782,662.00
6.838845,931.6248,668.00
6.838845,931.6713,666.00
6.838845,931.7178,759.00
6.838845,931.7643,654.00
6.838845,931.8109,725.00
6.838845,931.8574,686.00
6.838845,931.9039,701.00
6.838845,931.9504,689.00
6.838845,931.9969,695.00
6.838845,932.0435,650.00
6.838845,932.0900,697.00
6.838845,932.1365,676.00
6.838845,932.1829,680.00
6.838845,932.2294,647.00
6.838845,932.2759,717.00
6.838845,932.3223,672.00
6.838845,932.3688,676.00
6.838845,932.4153,666.00
6.838845,932.4617,747.00
6.838845,932.5082,656.00
6.838845,932.5546,690.00
6.838845,932.6011,668.00
6.838845,932.6475,721.00
6.838845,932.6939,725.00
6.838845,932.7402,702.00
6.838845,932.7867,657.00
6.838845,932.8331,704.00
6.838845,932.8795,614.00
6.838845,932.9259,700.00
6.838845,932.9723,635.00
6.838845,933.0187,722.00
6.838845,933.0651,660.00
6.838845,933.1115,695.00
6.838845,933.1578,680.00
6.838845,933.2042,661.00
6.838845,933.2505,657.00
6.838845,933.2969,714.00
6.838845,933.3433,679.00
6.838845,933.3896,712.00
6.838845,933.4359,676.00
6.838845,933.4822,696.00
6.838845,933.5286,683.00
6.838845,933.5749,667.00
6.838845,933.6212,676.00
6.838845,933.6675,702.00
6.838845,933.7138,648.00
6.838845,933.7601,729.00
6.838845,933.8064,663.00
6.838845,933.8527,698.00
6.838845,933.8989,655.00
6.838845,933.9452,682.00
6.838845,933.9915,720.00
6.838845,934.0378,691.00
6.838845,934.0840,647.00
6.838845,934.1302,743.00
6.838845,934.1765,641.00
6.838845,934.2227,726.00
6.838845,934.2690,701.00
6.838845,934.3152,697.00
6.838845,934.3614,677.00
6.838845,934.4077,694.00
6.838845,934.4539,665.00
6.838845,934.5001,712.00
6.838845,934.5463,640.00
6.838845,934.5925,732.00
6.838845,934.6387,703.00
6.838845,934.6848,710.00
6.838845,934.7310,684.00
6.838845,934.7772,682.00
6.838845,934.8234,650.00
6.838845,934.8695,681.00
6.838845,934.9156,649.00
6.838845,934.9619,710.00
6.838845,935.0080,677.00
6.838845,935.0541,711.00
6.838845,935.1002,722.00
6.838845,935.1464,696.00
6.838845,935.1925,633.00
6.838845,935.2386,698.00
6.838845,935.2847,681.00
6.838845,935.3308,731.00
6.838845,935.3769,656.00
6.838845,935.4230,700.00
6.838845,935.4691,671.00
6.838845,935.5152,714.00
6.838845,935.5613,657.00
6.838845,935.6073,702.00
6.838845,935.6534,644.00
6.838845,935.6995,709.00
6.838845,935.7455,631.00
6.838845,935.7916,710.00
6.838845,935.8376,691.00
6.838845,935.8837,718.00
6.838845,935.9297,660.00
6.838845,935.9757,691.00
6.838845,936.0217,675.00
6.838845,936.0677,673.00
6.838845,936.1137,627.00
6.838845,936.1598,702.00
6.838845,936.2057,653.00
6.838845,936.2518,695.00
6.838845,936.2977,674.00
6.838845,936.3437,681.00
6.838845,936.3896,633.00
6.838845,936.4357,646.00
6.838845,936.4816,603.00
6.838845,936.5275,709.00
6.838845,936.5735,614.00
6.838845,936.6194,670.00
6.838845,936.6654,665.00
6.838845,936.7114,663.00
6.838845,936.7573,642.00
6.838845,936.8032,637.00
6.838845,936.8491,577.00
6.838845,936.8950,670.00
6.838845,936.9409,609.00
6.838845,936.9868,683.00
6.838845,937.0327,610.00
6.838845,937.0786,690.00
6.838845,937.1245,623.00
6.838845,937.1704,646.00
6.838845,937.2162,615.00
6.838845,937.2621,691.00
6.838845,937.3080,599.00
6.838845,937.3539,647.00
6.838845,937.3997,613.00
6.838845,937.4455,691.00
6.838845,937.4913,653.00
6.838845,937.5372,659.00
6.838845,937.5831,643.00
6.838845,937.6289,662.00
6.838845,937.6747,623.00
6.838845,937.7205,694.00
6.838845,937.7663,611.00
6.838845,937.8121,679.00
6.838845,937.8579,625.00
6.838845,937.9037,635.00
6.838845,937.9495,639.00
6.838845,937.9952,669.00
6.838845,938.0410,611.00
6.838845,938.0868,644.00
6.838845,938.1325,603.00
6.838845,938.1783,687.00
6.838845,938.2240,618.00
6.838845,938.2698,659.00
6.838845,938.3155,642.00
6.838845,938.3613,643.00
6.838845,938.4069,645.00
6.838845,938.4527,627.00
6.838845,938.4984,609.00
6.838845,938.5441,685.00
6.838845,938.5898,655.00
6.838845,938.6356,676.00
6.838845,938.6812,635.00
6.838845,938.7269,658.00
6.838845,938.7726,634.00
6.838845,938.8182,659.00
6.838845,938.8640,656.00
6.838845,938.9096,695.00
6.838845,938.9552,607.00
6.838845,939.0010,647.00
6.838845,939.0466,651.00
6.838845,939.0922,684.00
6.838845,939.1378,665.00
6.838845,939.1835,695.00
6.838845,939.2291,609.00
6.838845,939.2747,675.00
6.838845,939.3203,618.00
6.838845,939.3659,714.00
6.838845,939.4115,665.00
6.838845,939.4570,682.00
6.838845,939.5027,705.00
6.838845,939.5483,687.00
6.838845,939.5939,635.00
6.838845,939.6395,678.00
6.838845,939.6851,629.00
6.838845,939.7306,710.00
6.838845,939.7761,673.00
6.838845,939.8217,719.00
6.838845,939.8672,677.00
6.838845,939.9127,674.00
6.838845,939.9583,687.00
6.838845,940.0038,680.00
6.838845,940.0493,655.00
6.838845,940.0948,716.00
6.838845,940.1403,673.00
6.838845,940.1859,751.00
6.838845,940.2314,670.00
6.838845,940.2769,705.00
6.838845,940.3223,662.00
6.838845,940.3678,720.00
6.838845,940.4133,665.00
6.838845,940.4588,699.00
6.838845,940.5042,668.00
6.838845,940.5497,757.00
6.838845,940.5952,638.00
6.838845,940.6406,716.00
6.838845,940.6860,673.00
6.838845,940.7315,694.00
6.838845,940.7769,680.00
6.838845,940.8223,693.00
6.838845,940.8677,652.00
6.838845,940.9132,708.00
6.838845,940.9586,659.00
6.838845,941.0040,726.00
6.838845,941.0494,694.00
6.838845,941.0948,692.00
6.838845,941.1402,690.00
6.838845,941.1855,675.00
6.838845,941.2310,661.00
6.838845,941.2762,723.00
6.838845,941.3216,642.00
6.838845,941.3670,733.00
6.838845,941.4124,651.00
6.838845,941.4577,690.00
6.838845,941.5031,659.00
6.838845,941.5483,695.00
6.838845,941.5937,666.00
6.838845,941.6390,695.00
6.838845,941.6843,643.00
6.838845,941.7296,695.00
6.838845,941.7749,671.00
6.838845,941.8203,703.00
6.838845,941.8655,673.00
6.838845,941.9108,667.00
6.838845,941.9561,657.00
6.838845,942.0013,701.00
6.838845,942.0467,649.00
6.838845,942.0920,708.00
6.838845,942.1372,675.00
6.838845,942.1824,710.00
6.838845,942.2277,686.00
6.838845,942.2729,686.00
6.838845,942.3182,650.00
6.838845,942.3634,727.00
6.838845,942.4086,671.00
6.838845,942.4539,699.00
6.838845,942.4990,649.00
6.838845,942.5443,723.00
6.838845,942.5895,671.00
6.838845,942.6347,707.00
6.838845,942.6798,651.00
6.838845,942.7250,678.00
6.838845,942.7702,667.00
6.838845,942.8154,711.00
6.838845,942.8606,625.00
6.838845,942.9058,735.00
6.838845,942.9508,665.00
6.838845,942.9960,719.00
6.838845,943.0412,677.00
6.838845,943.0864,702.00
6.838845,943.1314,645.00
6.838845,943.1766,716.00
6.838845,943.2217,665.00
6.838845,943.2668,722.00
6.838845,943.3120,675.00
6.838845,943.3571,730.00
6.838845,943.4021,698.00
6.838845,943.4473,714.00
6.838845,943.4923,661.00
6.838845,943.5374,707.00
6.838845,943.5825,659.00
6.838845,943.6276,689.00
6.838845,943.6725,627.00
6.838845,943.7177,694.00
6.838845,943.7627,687.00
6.838845,943.8078,659.00
6.838845,943.8528,676.00
6.838845,943.8978,727.00
6.838845,943.9429,669.00
6.838845,943.9879,717.00
6.838845,944.0330,653.00
6.838845,944.0779,724.00
6.838845,944.1229,677.00
6.838845,944.1679,714.00
6.838845,944.2130,680.00
6.838845,944.2579,708.00
6.838845,944.3029,708.00
6.838845,944.3478,656.00
6.838845,944.3929,611.00
6.838845,944.4379,702.00
6.838845,944.4828,660.00
6.838845,944.5277,742.00
6.838845,944.5727,670.00
6.838845,944.6176,723.00
6.838845,944.6626,679.00
6.838845,944.7076,706.00
6.838845,944.7524,645.00
6.838845,944.7974,695.00
6.838845,944.8423,665.00
6.838845,944.8872,707.00
6.838845,944.9321,661.00
6.838845,944.9770,690.00
6.838845,945.0219,697.00
6.838845,945.0667,674.00
6.838845,945.1116,679.00
6.838845,945.1566,652.00
6.838845,945.2014,643.00
6.838845,945.2463,706.00
6.838845,945.2911,641.00
6.838845,945.3360,723.00
6.838845,945.3808,688.00
6.838845,945.4257,685.00
6.838845,945.4705,651.00
6.838845,945.5153,678.00
6.838845,945.5601,619.00
6.838845,945.6050,736.00
6.838845,945.6498,650.00
6.838845,945.6946,699.00
6.838845,945.7394,669.00
6.838845,945.7842,687.00
6.838845,945.8290,644.00
6.838845,945.8738,701.00
6.838845,945.9186,677.00
6.838845,945.9633,728.00
6.838845,946.0081,641.00
6.838845,946.0529,720.00
6.838845,946.0976,670.00
6.838845,946.1423,674.00
6.838845,946.1871,662.00
6.838845,946.2318,702.00
6.838845,946.2766,590.00
6.838845,946.3213,683.00
6.838845,946.3660,645.00
6.838845,946.4107,711.00
6.838845,946.4554,659.00
6.838845,946.5001,685.00
6.838845,946.5449,689.00
6.838845,946.5895,692.00
6.838845,946.6342,651.00
6.838845,946.6789,699.00
6.838845,946.7236,662.00
6.838845,946.7682,698.00
6.838845,946.8129,640.00
6.838845,946.8575,719.00
6.838845,946.9022,669.00
6.838845,946.9468,723.00
6.838845,946.9915,671.00
6.838845,947.0361,702.00
6.838845,947.0807,661.00
6.838845,947.1253,680.00
6.838845,947.1700,645.00
6.838845,947.2146,715.00
6.838845,947.2592,651.00
6.838845,947.3038,686.00
6.838845,947.3483,672.00
6.838845,947.3929,706.00
6.838845,947.4376,639.00
6.838845,947.4821,679.00
6.838845,947.5267,629.00
6.838845,947.5712,712.00
6.838845,947.6158,641.00
6.838845,947.6604,689.00
6.838845,947.7050,665.00
6.838845,947.7495,650.00
6.838845,947.7939,656.00
6.838845,947.8385,694.00
6.838845,947.8831,612.00
6.838845,947.9276,688.00
6.838845,947.9720,647.00
6.838845,948.0166,668.00
6.838845,948.0611,645.00
6.838845,948.1056,656.00
6.838845,948.1501,608.00
6.838845,948.1945,685.00
6.838845,948.2390,620.00
6.838845,948.2835,664.00
6.838845,948.3279,596.00
6.838845,948.3724,710.00
6.838845,948.4169,658.00
6.838845,948.4613,676.00
6.838845,948.5057,652.00
6.838845,948.5502,644.00
6.838845,948.5947,609.00
6.838845,948.6391,671.00
6.838845,948.6835,634.00
6.838845,948.7279,700.00
6.838845,948.7723,638.00
6.838845,948.8167,672.00
6.838845,948.8611,653.00
6.838845,948.9055,667.00
6.838845,948.9498,650.00
6.838845,948.9943,663.00
6.838845,949.0387,650.00
6.838845,949.0830,676.00
6.838845,949.1273,671.00
6.838845,949.1718,679.00
6.838845,949.2161,643.00
6.838845,949.2604,663.00
6.838845,949.3047,614.00
6.838845,949.3491,669.00
6.838845,949.3934,625.00
6.838845,949.4377,663.00
6.838845,949.4821,597.00
6.838845,949.5264,693.00
6.838845,949.5707,630.00
6.838845,949.6150,660.00
6.838845,949.6592,645.00
6.838845,949.7036,670.00
6.838845,949.7479,634.00
6.838845,949.7921,673.00
6.838845,949.8363,622.00
6.838845,949.8806,682.00
6.838845,949.9249,677.00
6.838845,949.9692,689.00
6.838845,950.0134,626.00
6.838845,950.0576,681.00
6.838845,950.1019,639.00
6.838845,950.1461,706.00
6.838845,950.1903,624.00
6.838845,950.2346,695.00
6.838845,950.2787,678.00
6.838845,950.3229,681.00
6.838845,950.3671,641.00
6.838845,950.4114,686.00
6.838845,950.4555,627.00
6.838845,950.4997,679.00
6.838845,950.5439,634.00
6.838845,950.5880,718.00
6.838845,950.6322,607.00
6.838845,950.6763,675.00
6.838845,950.7205,673.00
6.838845,950.7646,663.00
6.838845,950.8088,663.00
6.838845,950.8530,683.00
6.838845,950.8971,667.00
6.838845,950.9412,660.00
6.838845,950.9853,623.00
6.838845,951.0294,707.00
6.838845,951.0735,625.00
6.838845,951.1177,711.00
6.838845,951.1617,666.00
6.838845,951.2057,667.00
6.838845,951.2499,667.00
6.838845,951.2939,706.00
6.838845,951.3380,657.00
6.838845,951.3821,691.00
6.838845,951.4261,637.00
6.838845,951.4702,697.00
6.838845,951.5142,663.00
6.838845,951.5582,694.00
6.838845,951.6024,651.00
6.838845,951.6464,710.00
6.838845,951.6904,664.00
6.838845,951.7344,719.00
6.838845,951.7784,607.00
6.838845,951.8224,725.00
6.838845,951.8665,635.00
6.838845,951.9104,696.00
6.838845,951.9544,667.00
6.838845,951.9984,671.00
6.838845,952.0424,666.00
6.838845,952.0864,703.00
6.838845,952.1303,646.00
6.838845,952.1743,741.00
6.838845,952.2183,679.00
6.838845,952.2621,735.00
6.838845,952.3061,665.00
6.838845,952.3500,707.00
6.838845,952.3940,656.00
6.838845,952.4379,695.00
6.838845,952.4818,639.00
6.838845,952.5258,712.00
6.838845,952.5696,665.00
6.838845,952.6136,714.00
6.838845,952.6574,677.00
6.838845,952.7014,695.00
6.838845,952.7452,642.00
6.838845,952.7891,678.00
6.838845,952.8330,651.00
6.838845,952.8768,704.00
6.838845,952.9207,653.00
6.838845,952.9645,719.00
6.838845,953.0084,645.00
6.838845,953.0522,691.00
6.838845,953.0961,682.00
6.838845,953.1400,676.00
6.838845,953.1838,651.00
6.838845,953.2275,674.00
6.838845,953.2714,655.00
6.838845,953.3152,715.00
6.838845,953.3589,668.00
6.838845,953.4028,689.00
6.838845,953.4466,655.00
6.838845,953.4904,671.00
6.838845,953.5341,681.00
6.838845,953.5779,674.00
6.838845,953.6217,654.00
6.838845,953.6654,677.00
6.838845,953.7092,635.00
6.838845,953.7529,700.00
6.838845,953.7967,623.00
6.838845,953.8405,681.00
6.838845,953.8842,652.00
6.838845,953.9279,639.00
6.838845,953.9716,642.00
6.838845,954.0153,665.00
6.838845,954.0590,614.00
6.838845,954.1027,674.00
6.838845,954.1464,647.00
6.838845,954.1901,683.00
6.838845,954.2338,644.00
6.838845,954.2774,675.00
6.838845,954.3212,629.00
6.838845,954.3648,705.00
6.838845,954.4084,603.00
6.838845,954.4521,688.00
6.838845,954.4958,647.00
6.838845,954.5394,662.00
6.838845,954.5831,654.00
6.838845,954.6267,659.00
6.838845,954.6703,662.00
6.838845,954.7139,645.00
6.838845,954.7576,637.00
6.838845,954.8012,665.00
6.838845,954.8448,623.00
6.838845,954.8884,699.00
6.838845,954.9319,636.00
6.838845,954.9755,658.00
6.838845,955.0191,634.00
6.838845,955.0627,639.00
6.838845,955.1063,609.00
6.838845,955.1498,630.00
6.838845,955.1934,605.00
6.838845,955.2369,667.00
6.838845,955.2805,605.00
6.838845,955.3240,670.00
6.838845,955.3675,651.00
6.838845,955.4111,670.00
6.838845,955.4546,621.00
6.838845,955.4981,686.00
6.838845,955.5416,617.00
6.838845,955.5851,651.00
6.838845,955.6285,631.00
6.838845,955.6722,672.00
6.838845,955.7156,621.00
6.838845,955.7590,660.00
6.838845,955.8025,645.00
6.838845,955.8460,669.00
6.838845,955.8895,570.00
6.838845,955.9329,678.00
6.838845,955.9764,630.00
6.838845,956.0198,676.00
6.838845,956.0632,648.00
6.838845,956.1067,703.00
6.838845,956.1501,649.00
6.838845,956.1935,669.00
6.838845,956.2369,624.00
6.838845,956.2803,664.00
6.838845,956.3238,587.00
6.838845,956.3671,672.00
6.838845,956.4105,612.00
6.838845,956.4539,662.00
6.838845,956.4973,648.00
6.838845,956.5406,637.00
6.838845,956.5841,650.00
6.838845,956.6274,654.00
6.838845,956.6707,609.00
6.838845,956.7141,684.00
6.838845,956.7575,614.00
6.838845,956.8008,683.00
6.838845,956.8442,621.00
6.838845,956.8875,680.00
6.838845,956.9308,640.00
6.838845,956.9741,665.00
6.838845,957.0174,637.00
6.838845,957.0607,670.00
6.838845,957.1040,582.00
6.838845,957.1473,690.00
6.838845,957.1906,632.00
6.838845,957.2339,670.00
6.838845,957.2772,617.00
6.838845,957.3204,655.00
6.838845,957.3636,615.00
6.838845,957.4069,678.00
6.838845,957.4502,619.00
6.838845,957.4934,690.00
6.838845,957.5366,635.00
6.838845,957.5799,677.00
6.838845,957.6230,635.00
6.838845,957.6664,673.00
6.838845,957.7095,655.00
6.838845,957.7527,669.00
6.838845,957.7959,630.00
6.838845,957.8392,641.00
6.838845,957.8823,640.00
6.838845,957.9255,711.00
6.838845,957.9687,666.00
6.838845,958.0118,661.00
6.838845,958.0551,632.00
6.838845,958.0983,688.00
6.838845,958.1414,633.00
6.838845,958.1845,695.00
6.838845,958.2277,632.00
6.838845,958.2708,712.00
6.838845,958.3139,642.00
6.838845,958.3571,692.00
6.838845,958.4001,655.00
6.838845,958.4432,678.00
6.838845,958.4864,642.00
6.838845,958.5295,701.00
6.838845,958.5726,658.00
6.838845,958.6157,717.00
6.838845,958.6588,649.00
6.838845,958.7018,709.00
6.838845,958.7449,620.00
6.838845,958.7879,697.00
6.838845,958.8311,646.00
6.838845,958.8741,694.00
6.838845,958.9171,616.00
6.838845,958.9601,694.00
6.838845,959.0032,660.00
6.838845,959.0463,721.00
6.838845,959.0893,663.00
6.838845,959.1323,676.00
6.838845,959.1752,671.00
6.838845,959.2183,686.00
6.838845,959.2613,650.00
6.838845,959.3043,675.00
6.838845,959.3472,616.00
6.838845,959.3903,671.00
6.838845,959.4332,649.00
6.838845,959.4763,665.00
6.838845,959.5192,651.00
6.838845,959.5621,636.00
6.838845,959.6051,643.00
6.838845,959.6480,676.00
6.838845,959.6910,590.00
6.838845,959.7339,679.00
6.838845,959.7768,616.00
6.838845,959.8198,641.00
6.838845,959.8627,618.00
6.838845,959.9056,663.00
6.838845,959.9485,613.00
6.838845,959.9915,630.00
6.838845,960.0343,578.00
6.838845,960.0771,679.00
6.838845,960.1201,585.00
6.838845,960.1630,678.00
6.838845,960.2058,645.00
6.838845,960.2487,651.00
6.838845,960.2915,625.00
6.838845,960.3344,638.00
6.838845,960.3773,589.00
6.838845,960.4200,658.00
6.838845,960.4629,615.00
6.838845,960.5057,678.00
6.838845,960.5485,629.00
6.838845,960.5914,640.00
6.838845,960.6342,657.00
6.838845,960.6770,635.00
6.838845,960.7198,627.00
6.838845,960.7626,620.00
6.838845,960.8054,598.00
6.838845,960.8481,672.00
6.838845,960.8909,623.00
6.838845,960.9337,687.00
6.838845,960.9764,634.00
6.838845,961.0192,645.00
6.838845,961.0620,616.00
6.838845,961.1047,643.00
6.838845,961.1475,605.00
6.838845,961.1902,693.00
6.838845,961.2329,608.00
6.838845,961.2757,668.00
6.838845,961.3184,653.00
6.838845,961.3611,632.00
6.838845,961.4037,602.00
6.838845,961.4465,636.00
6.838845,961.4892,620.00
6.838845,961.5319,644.00
6.838845,961.5745,624.00
6.838845,961.6172,689.00
6.838845,961.6599,624.00
6.838845,961.7026,658.00
6.838845,961.7452,638.00
6.838845,961.7878,636.00
6.838845,961.8304,636.00
6.838845,961.8731,674.00
6.838845,961.9157,609.00
6.838845,961.9584,645.00
6.838845,962.0010,616.00
6.838845,962.0436,674.00
6.838845,962.0862,643.00
6.838845,962.1288,654.00
6.838845,962.1714,600.00
6.838845,962.2140,622.00
6.838845,962.2565,575.00
6.838845,962.2991,659.00
6.838845,962.3417,601.00
6.838845,962.3843,658.00
6.838845,962.4268,643.00
6.838845,962.4694,653.00
6.838845,962.5119,655.00
6.838845,962.5545,678.00
6.838845,962.5970,615.00
6.838845,962.6396,661.00
6.838845,962.6821,596.00
6.838845,962.7246,711.00
6.838845,962.7671,629.00
6.838845,962.8096,675.00
6.838845,962.8522,642.00
6.838845,962.8947,618.00
6.838845,962.9371,593.00
6.838845,962.9796,644.00
6.838845,963.0222,609.00
6.838845,963.0646,669.00
6.838845,963.1070,617.00
6.838845,963.1495,650.00
6.838845,963.1919,670.00
6.838845,963.2344,644.00
6.838845,963.2768,596.00
6.838845,963.3193,678.00
6.838845,963.3616,615.00
6.838845,963.4041,687.00
6.838845,963.4465,594.00
6.838845,963.4889,666.00
6.838845,963.5314,669.00
6.838845,963.5737,673.00
6.838845,963.6161,645.00
6.838845,963.6585,651.00
6.838845,963.7009,607.00
6.838845,963.7433,644.00
6.838845,963.7856,626.00
6.838845,963.8280,680.00
6.838845,963.8704,609.00
6.838845,963.9127,677.00
6.838845,963.9551,624.00
6.838845,963.9974,639.00
6.838845,964.0397,618.00
6.838845,964.0820,648.00
6.838845,964.1244,612.00
6.838845,964.1667,682.00
6.838845,964.2090,645.00
6.838845,964.2513,675.00
6.838845,964.2936,620.00
6.838845,964.3359,684.00
6.838845,964.3782,627.00
6.838845,964.4205,654.00
6.838845,964.4627,585.00
6.838845,964.5050,672.00
6.838845,964.5472,588.00
6.838845,964.5895,677.00
6.838845,964.6317,633.00
6.838845,964.6740,634.00
6.838845,964.7162,650.00
6.838845,964.7585,636.00
6.838845,964.8007,590.00
6.838845,964.8429,640.00
6.838845,964.8851,603.00
6.838845,964.9273,657.00
6.838845,964.9695,592.00
6.838845,965.0118,655.00
6.838845,965.0539,620.00
6.838845,965.0961,659.00
6.838845,965.1382,654.00
6.838845,965.1805,652.00
6.838845,965.2226,613.00
6.838845,965.2648,662.00
6.838845,965.3069,611.00
6.838845,965.3491,669.00
6.838845,965.3912,610.00
6.838845,965.4333,652.00
6.838845,965.4755,621.00
6.838845,965.5176,627.00
6.838845,965.5598,610.00
6.838845,965.6019,669.00
6.838845,965.6439,592.00
6.838845,965.6861,650.00
6.838845,965.7281,591.00
6.838845,965.7702,621.00
6.838845,965.8123,604.00
6.838845,965.8543,652.00
6.838845,965.8964,587.00
6.838845,965.9385,623.00
6.838845,965.9806,590.00
6.838845,966.0226,656.00
6.838845,966.0647,618.00
6.838845,966.1068,611.00
6.838845,966.1487,629.00
6.838845,966.1907,611.00
6.838845,966.2328,608.00
6.838845,966.2748,659.00
6.838845,966.3168,611.00
6.838845,966.3588,636.00
6.838845,966.4008,583.00
6.838845,966.4427,650.00
6.838845,966.4848,613.00
6.838845,966.5268,647.00
6.838845,966.5688,628.00
6.838845,966.6107,651.00
6.838845,966.6526,613.00
6.838845,966.6946,674.00
6.838845,966.7366,589.00
6.838845,966.7785,664.00
6.838845,966.8204,621.00
6.838845,966.8624,648.00
6.838845,966.9042,645.00
6.838845,966.9462,588.00
6.838845,966.9881,598.00
6.838845,967.0300,626.00
6.838845,967.0719,590.00
6.838845,967.1138,654.00
6.838845,967.1556,608.00
6.838845,967.1976,673.00
6.838845,967.2394,639.00
6.838845,967.2813,627.00
6.838845,967.3232,595.00
6.838845,967.3651,650.00
6.838845,967.4070,570.00
6.838845,967.4488,655.00
6.838845,967.4906,601.00
6.838845,967.5324,653.00
6.838845,967.5743,669.00
6.838845,967.6161,661.00
6.838845,967.6579,597.00
6.838845,967.6997,678.00
6.838845,967.7415,612.00
6.838845,967.7833,650.00
6.838845,967.8251,602.00
6.838845,967.8669,658.00
6.838845,967.9087,641.00
6.838845,967.9504,652.00
6.838845,967.9922,637.00
6.838845,968.0339,639.00
6.838845,968.0757,593.00
6.838845,968.1174,652.00
6.838845,968.1592,598.00
6.838845,968.2009,676.00
6.838845,968.2427,601.00
6.838845,968.2844,654.00
6.838845,968.3262,670.00
6.838845,968.3679,643.00
6.838845,968.4095,612.00
6.838845,968.4512,660.00
6.838845,968.4930,593.00
6.838845,968.5347,675.00
6.838845,968.5763,643.00
6.838845,968.6180,692.00
6.838845,968.6597,626.00
6.838845,968.7014,696.00
6.838845,968.7430,619.00
6.838845,968.7846,673.00
6.838845,968.8263,604.00
6.838845,968.8679,653.00
6.838845,968.9095,616.00
6.838845,968.9512,693.00
6.838845,968.9928,634.00
6.838845,969.0344,642.00
6.838845,969.0761,646.00
6.838845,969.1177,642.00
6.838845,969.1592,598.00
6.838845,969.2009,627.00
6.838845,969.2424,601.00
6.838845,969.2839,681.00
6.838845,969.3255,609.00
6.838845,969.3672,677.00
6.838845,969.4087,613.00
6.838845,969.4503,648.00
6.838845,969.4918,560.00
6.838845,969.5333,630.00
6.838845,969.5749,586.00
6.838845,969.6165,656.00
6.838845,969.6580,596.00
6.838845,969.6995,672.00
6.838845,969.7410,659.00
6.838845,969.7825,645.00
6.838845,969.8240,622.00
6.838845,969.8655,634.00
6.838845,969.9070,612.00
6.838845,969.9484,689.00
6.838845,969.9899,600.00
6.838845,970.0314,643.00
6.838845,970.0728,623.00
6.838845,970.1143,618.00
6.838845,970.1558,652.00
6.838845,970.1971,636.00
6.838845,970.2386,593.00
6.838845,970.2801,623.00
6.838845,970.3215,599.00
6.838845,970.3629,662.00
6.838845,970.4044,606.00
6.838845,970.4457,644.00
6.838845,970.4872,633.00
6.838845,970.5286,639.00
6.838845,970.5699,605.00
6.838845,970.6113,641.00
6.838845,970.6527,580.00
6.838845,970.6941,634.00
6.838845,970.7354,593.00
6.838845,970.7768,610.00
6.838845,970.8182,598.00
6.838845,970.8595,632.00
6.838845,970.9009,621.00
6.838845,970.9422,624.00
6.838845,970.9835,613.00
6.838845,971.0248,665.00
6.838845,971.0662,576.00
6.838845,971.1075,636.00
6.838845,971.1487,612.00
6.838845,971.1901,636.00
6.838845,971.2314,608.00
6.838845,971.2727,612.00
6.838845,971.3140,602.00
6.838845,971.3552,648.00
6.838845,971.3965,568.00
6.838845,971.4377,666.00
6.838845,971.4789,606.00
6.838845,971.5203,611.00
6.838845,971.5615,632.00
6.838845,971.6027,604.00
6.838845,971.6439,599.00
6.838845,971.6852,625.00
6.838845,971.7264,599.00
6.838845,971.7676,638.00
6.838845,971.8088,592.00
6.838845,971.8500,613.00
6.838845,971.8912,614.00
6.838845,971.9324,635.00
6.838845,971.9736,627.00
6.838845,972.0148,626.00
6.838845,972.0560,610.00
6.838845,972.0972,647.00
6.838845,972.1384,571.00
6.838845,972.1794,655.00
6.838845,972.2206,569.00
6.838845,972.2617,603.00
6.838845,972.3029,611.00
6.838845,972.3439,583.00
6.838845,972.3851,597.00
6.838845,972.4262,580.00
6.838845,972.4673,549.00
6.838845,972.5085,661.00
6.838845,972.5496,583.00
6.838845,972.5907,626.00
6.838845,972.6317,612.00
6.838845,972.6729,622.00
6.838845,972.7139,562.00
6.838845,972.7549,605.00
6.838845,972.7961,555.00
6.838845,972.8371,608.00
6.838845,972.8781,573.00
6.838845,972.9191,651.00
6.838845,972.9602,574.00
6.838845,973.0013,615.00
6.838845,973.0423,586.00
6.838845,973.0833,606.00
6.838845,973.1243,533.00
6.838845,973.1653,607.00
6.838845,973.2064,559.00
6.838845,973.2473,629.00
6.838845,973.2883,601.00
6.838845,973.3293,640.00
6.838845,973.3703,589.00
6.838845,973.4113,627.00
6.838845,973.4522,568.00
6.838845,973.4931,600.00
6.838845,973.5341,570.00
6.838845,973.5750,642.00
6.838845,973.6160,611.00
6.838845,973.6570,638.00
6.838845,973.6978,606.00
6.838845,973.7388,605.00
6.838845,973.7797,579.00
6.838845,973.8206,623.00
6.838845,973.8615,565.00
6.838845,973.9024,613.00
6.838845,973.9433,594.00
6.838845,973.9842,643.00
6.838845,974.0250,593.00
6.838845,974.0660,618.00
6.838845,974.1068,642.00
6.838845,974.1476,619.00
6.838845,974.1885,573.00
6.838845,974.2294,636.00
6.838845,974.2702,583.00
6.838845,974.3110,669.00
6.838845,974.3519,627.00
6.838845,974.3927,658.00
6.838845,974.4335,626.00
6.838845,974.4743,629.00
6.838845,974.5151,580.00
6.838845,974.5559,619.00
6.838845,974.5967,575.00
6.838845,974.6375,665.00
6.838845,974.6783,590.00
6.838845,974.7191,658.00
6.838845,974.7598,627.00
6.838845,974.8006,657.00
6.838845,974.8413,630.00
6.838845,974.8821,613.00
6.838845,974.9229,627.00
6.838845,974.9636,667.00
6.838845,975.0043,614.00
6.838845,975.0450,681.00
6.838845,975.0858,612.00
6.838845,975.1265,657.00
6.838845,975.1672,627.00
6.838845,975.2079,631.00
6.838845,975.2485,632.00
6.838845,975.2892,674.00
6.838845,975.3300,604.00
6.838845,975.3706,673.00
6.838845,975.4113,661.00
6.838845,975.4519,674.00
6.838845,975.4926,665.00
6.838845,975.5333,658.00
6.838845,975.5739,610.00
6.838845,975.6146,662.00
6.838845,975.6552,597.00
6.838845,975.6958,664.00
6.838845,975.7363,603.00
6.838845,975.7770,669.00
6.838845,975.8176,629.00
6.838845,975.8582,678.00
6.838845,975.8989,632.00
6.838845,975.9395,653.00
6.838845,975.9800,636.00
6.838845,976.0206,676.00
6.838845,976.0611,629.00
6.838845,976.1017,684.00
6.838845,976.1423,642.00
6.838845,976.1829,670.00
6.838845,976.2234,628.00
6.838845,976.2639,682.00
6.838845,976.3044,592.00
6.838845,976.3450,629.00
6.838845,976.3855,595.00
6.838845,976.4260,628.00
6.838845,976.4665,635.00
6.838845,976.5070,672.00
6.838845,976.5475,648.00
6.838845,976.5880,637.00
6.838845,976.6285,602.00
6.838845,976.6690,647.00
6.838845,976.7095,562.00
6.838845,976.7500,682.00
6.838845,976.7905,626.00
6.838845,976.8308,675.00
6.838845,976.8713,633.00
6.838845,976.9117,627.00
6.838845,976.9521,611.00
6.838845,976.9926,639.00
6.838845,977.0330,589.00
6.838845,977.0734,664.00
6.838845,977.1139,623.00
6.838845,977.1542,655.00
6.838845,977.1947,581.00
6.838845,977.2350,666.00
6.838845,977.2755,642.00
6.838845,977.3158,631.00
6.838845,977.3562,597.00
6.838845,977.3965,656.00
6.838845,977.4370,579.00
6.838845,977.4773,665.00
6.838845,977.5176,605.00
6.838845,977.5579,624.00
6.838845,977.5983,552.00
6.838845,977.6387,619.00
6.838845,977.6790,590.00
6.838845,977.7192,614.00
6.838845,977.7595,576.00
6.838845,977.7999,654.00
6.838845,977.8402,623.00
6.838845,977.8805,637.00
6.838845,977.9208,581.00
6.838845,977.9610,604.00
6.838845,978.0013,583.00
6.838845,978.0417,617.00
6.838845,978.0819,542.00
6.838845,978.1221,622.00
6.838845,978.1624,578.00
6.838845,978.2026,585.00
6.838845,978.2428,560.00
6.838845,978.2831,597.00
6.838845,978.3233,599.00
6.838845,978.3635,571.00
6.838845,978.4037,550.00
6.838845,978.4440,616.00
6.838845,978.4842,566.00
6.838845,978.5244,617.00
6.838845,978.5645,581.00
6.838845,978.6047,565.00
6.838845,978.6449,564.00
6.838845,978.6851,623.00
6.838845,978.7253,542.00
6.838845,978.7654,598.00
6.838845,978.8055,548.00
6.838845,978.8458,592.00
6.838845,978.8859,553.00
6.838845,978.9260,603.00
6.838845,978.9661,569.00
6.838845,979.0062,606.00
6.838845,979.0463,564.00
6.838845,979.0864,600.00
6.838845,979.1266,525.00
6.838845,979.1666,620.00
6.838845,979.2067,549.00
6.838845,979.2469,576.00
6.838845,979.2869,584.00
6.838845,979.3270,608.00
6.838845,979.3671,598.00
6.838845,979.4071,616.00
6.838845,979.4471,554.00
6.838845,979.4871,588.00
6.838845,979.5272,538.00
6.838845,979.5673,621.00
6.838845,979.6072,608.00
6.838845,979.6473,609.00
6.838845,979.6873,580.00
6.838845,979.7273,597.00
6.838845,979.7673,568.00
6.838845,979.8073,596.00
6.838845,979.8473,542.00
6.838845,979.8873,640.00
6.838845,979.9273,580.00
6.838845,979.9673,602.00
6.838845,980.0072,600.00
6.838845,980.0471,567.00
6.838845,980.0872,594.00
6.838845,980.1271,602.00
6.838845,980.1671,539.00
6.838845,980.2069,614.00
6.838845,980.2469,545.00
6.838845,980.2868,631.00
6.838845,980.3267,577.00
6.838845,980.3666,617.00
6.838845,980.4065,605.00
6.838845,980.4464,608.00
6.838845,980.4863,547.00
6.838845,980.5262,616.00
6.838845,980.5660,566.00
6.838845,980.6060,634.00
6.838845,980.6458,566.00
6.838845,980.6857,639.00
6.838845,980.7255,588.00
6.838845,980.7654,611.00
6.838845,980.8052,551.00
6.838845,980.8450,611.00
6.838845,980.8849,555.00
6.838845,980.9247,624.00
6.838845,980.9645,575.00
6.838845,981.0043,617.00
6.838845,981.0441,607.00
6.838845,981.0839,619.00
6.838845,981.1237,596.00
6.838845,981.1635,607.00
6.838845,981.2033,524.00
6.838845,981.2430,631.00
6.838845,981.2828,553.00
6.838845,981.3226,626.00
6.838845,981.3624,553.00
6.838845,981.4021,606.00
6.838845,981.4418,581.00
6.838845,981.4816,610.00
6.838845,981.5213,573.00
6.838845,981.5610,646.00
6.838845,981.6008,569.00
6.838845,981.6404,606.00
6.838845,981.6802,579.00
6.838845,981.7198,608.00
6.838845,981.7596,599.00
6.838845,981.7993,600.00
6.838845,981.8389,571.00
6.838845,981.8786,577.00
6.838845,981.9182,536.00
6.838845,981.9579,619.00
6.838845,981.9976,550.00
6.838845,982.0372,599.00
6.838845,982.0768,568.00
6.838845,982.1165,572.00
6.838845,982.1561,541.00
6.838845,982.1958,581.00
6.838845,982.2354,493.00
6.838845,982.2750,600.00
6.838845,982.3146,540.00
6.838845,982.3541,596.00
6.838845,982.3937,564.00
6.838845,982.4333,592.00
6.838845,982.4730,572.00
6.838845,982.5125,592.00
6.838845,982.5521,546.00
6.838845,982.5917,598.00
6.838845,982.6312,530.00
6.838845,982.6707,612.00
6.838845,982.7103,552.00
6.838845,982.7498,605.00
6.838845,982.7893,547.00
6.838845,982.8289,539.00
6.838845,982.8683,500.00
6.838845,982.9079,576.00
6.838845,982.9474,528.00
6.838845,982.9869,585.00
6.838845,983.0264,513.00
6.838845,983.0659,594.00
6.838845,983.1053,558.00
6.838845,983.1448,570.00
6.838845,983.1843,546.00
6.838845,983.2238,606.00
6.838845,983.2632,559.00
6.838845,983.3027,583.00
6.838845,983.3420,583.00
6.838845,983.3816,611.00
6.838845,983.4210,569.00
6.838845,983.4604,601.00
6.838845,983.4998,537.00
6.838845,983.5392,585.00
6.838845,983.5786,557.00
6.838845,983.6180,568.00
6.838845,983.6574,532.00
6.838845,983.6968,612.00
6.838845,983.7361,590.00
6.838845,983.7755,600.00
6.838845,983.8149,532.00
6.838845,983.8543,598.00
6.838845,983.8936,546.00
6.838845,983.9329,569.00
6.838845,983.9723,516.00
6.838845,984.0116,592.00
6.838845,984.0510,531.00
6.838845,984.0903,619.00
6.838845,984.1296,566.00
6.838845,984.1689,590.00
6.838845,984.2083,590.00
6.838845,984.2476,567.00
6.838845,984.2868,549.00
6.838845,984.3261,573.00
6.838845,984.3654,533.00
6.838845,984.4046,615.00
6.838845,984.4440,567.00
6.838845,984.4832,602.00
6.838845,984.5225,550.00
6.838845,984.5616,566.00
6.838845,984.6010,509.00
6.838845,984.6402,547.00
6.838845,984.6794,519.00
6.838845,984.7186,587.00
6.838845,984.7578,589.00
6.838845,984.7970,590.00
6.838845,984.8362,561.00
6.838845,984.8755,545.00
6.838845,984.9146,565.00
6.838845,984.9538,564.00
6.838845,984.9930,533.00
6.838845,985.0322,614.00
6.838845,985.0714,578.00
6.838845,985.1105,566.00
6.838845,985.1497,544.00
6.838845,985.1888,564.00
6.838845,985.2279,573.00
6.838845,985.2671,549.00
6.838845,985.3062,545.00
6.838845,985.3453,584.00
6.838845,985.3845,510.00
6.838845,985.4236,582.00
6.838845,985.4626,564.00
6.838845,985.5017,598.00
6.838845,985.5408,590.00
6.838845,985.5799,605.00
6.838845,985.6190,505.00
6.838845,985.6581,578.00
6.838845,985.6971,545.00
6.838845,985.7362,595.00
6.838845,985.7752,532.00
6.838845,985.8143,578.00
6.838845,985.8533,527.00
6.838845,985.8924,564.00
6.838845,985.9314,557.00
6.838845,985.9704,576.00
6.838845,986.0094,533.00
6.838845,986.0484,601.00
6.838845,986.0875,556.00
6.838845,986.1265,598.00
6.838845,986.1655,554.00
6.838845,986.2044,562.00
6.838845,986.2434,560.00
6.838845,986.2823,564.00
6.838845,986.3214,503.00
6.838845,986.3603,575.00
6.838845,986.3992,471.00
6.838845,986.4382,550.00
6.838845,986.4771,544.00
6.838845,986.5161,591.00
6.838845,986.5550,567.00
6.838845,986.5939,569.00
6.838845,986.6329,525.00
6.838845,986.6718,568.00
6.838845,986.7106,515.00
6.838845,986.7495,567.00
6.838845,986.7884,568.00
6.838845,986.8273,596.00
6.838845,986.8661,538.00
6.838845,986.9050,587.00
6.838845,986.9438,555.00
6.838845,986.9828,548.00
6.838845,987.0216,504.00
6.838845,987.0605,581.00
6.838845,987.0993,517.00
6.838845,987.1381,593.00
6.838845,987.1769,514.00
6.838845,987.2158,544.00
6.838845,987.2546,544.00
6.838845,987.2934,574.00
6.838845,987.3322,508.00
6.838845,987.3710,559.00
6.838845,987.4097,514.00
6.838845,987.4486,582.00
6.838845,987.4873,509.00
6.838845,987.5261,572.00
6.838845,987.5649,525.00
6.838845,987.6036,545.00
6.838845,987.6423,527.00
6.838845,987.6812,560.00
6.838845,987.7198,494.00
6.838845,987.7586,588.00
6.838845,987.7972,524.00
6.838845,987.8361,581.00
6.838845,987.8748,552.00
6.838845,987.9135,561.00
6.838845,987.9521,522.00
6.838845,987.9908,546.00
6.838845,988.0295,488.00
6.838845,988.0681,550.00
6.838845,988.1069,518.00
6.838845,988.1456,603.00
6.838845,988.1842,567.00
6.838845,988.2228,552.00
6.838845,988.2615,547.00
6.838845,988.3002,541.00
6.838845,988.3388,473.00
6.838845,988.3774,541.00
6.838845,988.4160,520.00
6.838845,988.4546,583.00
6.838845,988.4933,560.00
6.838845,988.5319,542.00
6.838845,988.5704,516.00
6.838845,988.6090,500.00
6.838845,988.6476,483.00
6.838845,988.6862,576.00
6.838845,988.7248,495.00
6.838845,988.7634,606.00
6.838845,988.8019,524.00
6.838845,988.8405,545.00
6.838845,988.8790,530.00
6.838845,988.9176,539.00
6.838845,988.9561,507.00
6.838845,988.9946,516.00
6.838845,989.0332,486.00
6.838845,989.0717,549.00
6.838845,989.1102,491.00
6.838845,989.1487,553.00
6.838845,989.1871,502.00
6.838845,989.2256,557.00
6.838845,989.2641,530.00
6.838845,989.3027,561.00
6.838845,989.3411,522.00
6.838845,989.3795,569.00
6.838845,989.4180,472.00
6.838845,989.4565,519.00
6.838845,989.4949,482.00
6.838845,989.5334,539.00
6.838845,989.5718,512.00
6.838845,989.6102,506.00
6.838845,989.6486,523.00
6.838845,989.6871,529.00
6.838845,989.7255,483.00
6.838845,989.7639,540.00
6.838845,989.8022,517.00
6.838845,989.8407,529.00
6.838845,989.8791,486.00
6.838845,989.9174,529.00
6.838845,989.9558,476.00
6.838845,989.9941,556.00
6.838845,990.0325,500.00
6.838845,990.0709,585.00
6.838845,990.1093,500.00
6.838845,990.1475,552.00
6.838845,990.1859,540.00
6.838845,990.2242,548.00
6.838845,990.2626,502.00
6.838845,990.3008,518.00
6.838845,990.3391,484.00
6.838845,990.3774,576.00
6.838845,990.4157,504.00
6.838845,990.4540,559.00
6.838845,990.4924,499.00
6.838845,990.5306,562.00
6.838845,990.5688,530.00
6.838845,990.6071,536.00
6.838845,990.6454,511.00
6.838845,990.6837,561.00
6.838845,990.7219,469.00
6.838845,990.7601,563.00
6.838845,990.7983,518.00
6.838845,990.8365,585.00
6.838845,990.8748,546.00
6.838845,990.9130,546.00
6.838845,990.9512,543.00
6.838845,990.9893,567.00
6.838845,991.0276,514.00
6.838845,991.0658,551.00
6.838845,991.1039,513.00
6.838845,991.1421,573.00
6.838845,991.1802,555.00
6.838845,991.2184,545.00
6.838845,991.2565,493.00
6.838845,991.2947,544.00
6.838845,991.3329,484.00
6.838845,991.3710,557.00
6.838845,991.4091,534.00
6.838845,991.4473,604.00
6.838845,991.4854,546.00
6.838845,991.5234,580.00
6.838845,991.5616,546.00
6.838845,991.5997,575.00
6.838845,991.6378,532.00
6.838845,991.6758,587.00
6.838845,991.7139,510.00
6.838845,991.7520,571.00
6.838845,991.7900,509.00
6.838845,991.8282,594.00
6.838845,991.8661,543.00
6.838845,991.9042,563.00
6.838845,991.9422,541.00
6.838845,991.9803,576.00
6.838845,992.0182,483.00
6.838845,992.0563,587.00
6.838845,992.0944,511.00
6.838845,992.1323,592.00
6.838845,992.1703,542.00
6.838845,992.2084,591.00
6.838845,992.2463,541.00
6.838845,992.2844,567.00
6.838845,992.3223,552.00
6.838845,992.3602,581.00
6.838845,992.3982,505.00
6.838845,992.4362,610.00
6.838845,992.4741,559.00
6.838845,992.5120,618.00
6.838845,992.5500,586.00
6.838845,992.5879,532.00
6.838845,992.6259,525.00
6.838845,992.6638,595.00
6.838845,992.7017,515.00
6.838845,992.7396,581.00
6.838845,992.7775,548.00
6.838845,992.8154,588.00
6.838845,992.8533,531.00
6.838845,992.8912,569.00
6.838845,992.9290,540.00
6.838845,992.9669,580.00
6.838845,993.0048,546.00
6.838845,993.0426,591.00
6.838845,993.0804,558.00
6.838845,993.1183,570.00
6.838845,993.1561,544.00
6.838845,993.1940,543.00
6.838845,993.2318,569.00
6.838845,993.2696,565.00
6.838845,993.3074,497.00
6.838845,993.3452,580.00
6.838845,993.3830,507.00
6.838845,993.4208,592.00
6.838845,993.4586,516.00
6.838845,993.4963,562.00
6.838845,993.5341,560.00
6.838845,993.5719,527.00
6.838845,993.6096,512.00
6.838845,993.6474,588.00
6.838845,993.6851,509.00
6.838845,993.7228,554.00
6.838845,993.7606,559.00
6.838845,993.7984,568.00
6.838845,993.8361,516.00
6.838845,993.8738,580.00
6.838845,993.9115,541.00
6.838845,993.9492,567.00
6.838845,993.9869,508.00
6.838845,994.0245,570.00
6.838845,994.0622,540.00
6.838845,994.0999,598.00
6.838845,994.1376,549.00
6.838845,994.1753,534.00
6.838845,994.2130,577.00
6.838845,994.2505,558.00
6.838845,994.2881,503.00
6.838845,994.3258,610.00
6.838845,994.3634,531.00
6.838845,994.4010,612.00
6.838845,994.4387,529.00
6.838845,994.4763,575.00
6.838845,994.5139,569.00
6.838845,994.5515,561.00
6.838845,994.5891,512.00
6.838845,994.6266,550.00
6.838845,994.6642,481.00
6.838845,994.7018,540.00
6.838845,994.7393,510.00
6.838845,994.7769,556.00
6.838845,994.8145,527.00
6.838845,994.8521,544.00
6.838845,994.8895,500.00
6.838845,994.9271,549.00
6.838845,994.9647,484.00
6.838845,995.0022,573.00
6.838845,995.0397,476.00
6.838845,995.0771,548.00
6.838845,995.1146,498.00
6.838845,995.1522,516.00
6.838845,995.1896,474.00
6.838845,995.2271,556.00
6.838845,995.2646,492.00
6.838845,995.3021,555.00
6.838845,995.3396,490.00
6.838845,995.3770,559.00
6.838845,995.4145,520.00
6.838845,995.4518,560.00
6.838845,995.4893,543.00
6.838845,995.5267,527.00
6.838845,995.5641,515.00
6.838845,995.6016,526.00
6.838845,995.6390,492.00
6.838845,995.6765,525.00
6.838845,995.7138,503.00
6.838845,995.7512,509.00
6.838845,995.7886,519.00
6.838845,995.8260,534.00
6.838845,995.8633,478.00
6.838845,995.9007,515.00
6.838845,995.9380,496.00
6.838845,995.9754,535.00
6.838845,996.0128,509.00
6.838845,996.0501,553.00
6.838845,996.0874,531.00
6.838845,996.1248,562.00
6.838845,996.1621,529.00
6.838845,996.1994,540.00
6.838845,996.2367,492.00
6.838845,996.2740,537.00
6.838845,996.3113,491.00
6.838845,996.3486,552.00
6.838845,996.3859,540.00
6.838845,996.4232,562.00
6.838845,996.4604,544.00
6.838845,996.4977,517.00
6.838845,996.5350,510.00
6.838845,996.5722,526.00
6.838845,996.6094,517.00
6.838845,996.6466,590.00
6.838845,996.6838,520.00
6.838845,996.7211,535.00
6.838845,996.7583,533.00
6.838845,996.7955,562.00
6.838845,996.8327,505.00
6.838845,996.8700,562.00
6.838845,996.9072,527.00
6.838845,996.9443,568.00
6.838845,996.9815,527.00
6.838845,997.0187,568.00
6.838845,997.0558,525.00
6.838845,997.0930,551.00
6.838845,997.1301,540.00
6.838845,997.1672,579.00
6.838845,997.2045,518.00
6.838845,997.2416,574.00
6.838845,997.2787,515.00
6.838845,997.3158,598.00
6.838845,997.3530,515.00
6.838845,997.3900,565.00
6.838845,997.4271,535.00
6.838845,997.4642,519.00
6.838845,997.5013,513.00
6.838845,997.5384,561.00
6.838845,997.5754,504.00
6.838845,997.6126,577.00
6.838845,997.6497,517.00
6.838845,997.6867,556.00
6.838845,997.7238,510.00
6.838845,997.7607,570.00
6.838845,997.7978,502.00
6.838845,997.8348,572.00
6.838845,997.8718,506.00
6.838845,997.9088,583.00
6.838845,997.9458,543.00
6.838845,997.9829,569.00
6.838845,998.0200,546.00
6.838845,998.0569,549.00
6.838845,998.0939,515.00
6.838845,998.1309,543.00
6.838845,998.1678,514.00
6.838845,998.2048,577.00
6.838845,998.2417,542.00
6.838845,998.2786,607.00
6.838845,998.3156,523.00
6.838845,998.3525,573.00
6.838845,998.3896,536.00
6.838845,998.4265,535.00
6.838845,998.4633,511.00
6.838845,998.5003,563.00
6.838845,998.5372,480.00
6.838845,998.5740,576.00
6.838845,998.6110,521.00
6.838845,998.6478,593.00
6.838845,998.6847,523.00
6.838845,998.7217,558.00
6.838845,998.7585,536.00
6.838845,998.7953,532.00
6.838845,998.8322,502.00
6.838845,998.8691,585.00
6.838845,998.9059,565.00
6.838845,998.9427,582.00
6.838845,998.9795,540.00
6.838845,999.0163,593.00
6.838845,999.0531,514.00
6.838845,999.0899,534.00
6.838845,999.1267,505.00
6.838845,999.1636,556.00
6.838845,999.2004,504.00
6.838845,999.2372,563.00
6.838845,999.2739,533.00
6.838845,999.3107,608.00
6.838845,999.3474,544.00
6.838845,999.3842,536.00
6.838845,999.4210,513.00
6.838845,999.4576,550.00
6.838845,999.4946,492.00
6.838845,999.5312,568.00
6.838845,999.5680,498.00
6.838845,999.6047,540.00
6.838845,999.6414,515.00
6.838845,999.6780,522.00
6.838845,999.7147,510.00
6.838845,999.7515,515.00
6.838845,999.7881,482.00
6.838845,999.8248,555.00
6.838845,999.8614,515.00
6.838845,999.8981,553.00
6.838845,999.9349,523.00
6.838845,999.9715,545.00
6.838845,1000.0081,525.00
6.838845,1000.0447,505.00
6.838845,1000.0814,526.00
6.838845,1000.1180,531.00
6.838845,1000.1546,460.00
6.838845,1000.1912,538.00
6.838845,1000.2278,514.00
6.838845,1000.2645,525.00
6.838845,1000.3011,539.00
6.838845,1000.3377,502.00
6.838845,1000.3742,479.00
6.838845,1000.4108,519.00
6.838845,1000.4474,464.00
6.838845,1000.4839,535.00
6.838845,1000.5204,481.00
6.838845,1000.5570,551.00
6.838845,1000.5935,483.00
6.838845,1000.6301,514.00
6.838845,1000.6667,475.00
6.838845,1000.7032,508.00
6.838845,1000.7397,499.00
6.838845,1000.7762,545.00
6.838845,1000.8127,471.00
6.838845,1000.8492,561.00
6.838845,1000.8857,512.00
6.838845,1000.9222,493.00
6.838845,1000.9586,502.00
6.838845,1000.9951,519.00
6.838845,1001.0316,478.00
6.838845,1001.0681,562.00
6.838845,1001.1046,494.00
6.838845,1001.1410,547.00
6.838845,1001.1774,493.00
6.838845,1001.2138,523.00
6.838845,1001.2502,521.00
6.838845,1001.2866,487.00
6.838845,1001.3230,533.00
6.838845,1001.3594,496.00
6.838845,1001.3958,479.00
6.838845,1001.4323,548.00
6.838845,1001.4687,495.00
6.838845,1001.5051,536.00
6.838845,1001.5414,502.00
6.838845,1001.5778,501.00
6.838845,1001.6141,504.00
6.838845,1001.6505,497.00
6.838845,1001.6868,474.00
6.838845,1001.7231,533.00
6.838845,1001.7596,476.00
6.838845,1001.7958,524.00
6.838845,1001.8322,488.00
6.838845,1001.8685,535.00
6.838845,1001.9048,482.00
6.838845,1001.9411,514.00
6.838845,1001.9774,472.00
6.838845,1002.0136,506.00
6.838845,1002.0499,477.00
6.838845,1002.0862,545.00
6.838845,1002.1224,477.00
6.838845,1002.1587,562.00
6.838845,1002.1951,507.00
6.838845,1002.2313,506.00
6.838845,1002.2675,524.00
6.838845,1002.3038,548.00
6.838845,1002.3400,473.00
6.838845,1002.3762,517.00
6.838845,1002.4124,483.00
6.838845,1002.4486,524.00
6.838845,1002.4848,488.00
6.838845,1002.5211,534.00
6.838845,1002.5573,498.00
6.838845,1002.5934,533.00
6.838845,1002.6296,486.00
6.838845,1002.6657,524.00
6.838845,1002.7019,449.00
6.838845,1002.7380,545.00
6.838845,1002.7742,524.00
6.838845,1002.8104,519.00
6.838845,1002.8464,492.00
6.838845,1002.8826,530.00
6.838845,1002.9187,464.00
6.838845,1002.9549,516.00
6.838845,1002.9910,457.00
6.838845,1003.0271,556.00
6.838845,1003.0632,453.00
6.838845,1003.0992,532.00
6.838845,1003.1354,512.00
6.838845,1003.1714,514.00
6.838845,1003.2075,516.00
6.838845,1003.2435,534.00
6.838845,1003.2797,490.00
6.838845,1003.3157,554.00
6.838845,1003.3518,497.00
6.838845,1003.3878,570.00
6.838845,1003.4238,519.00
6.838845,1003.4598,545.00
6.838845,1003.4958,511.00
6.838845,1003.5319,516.00
6.838845,1003.5678,487.00
6.838845,1003.6039,553.00
6.838845,1003.6398,490.00
6.838845,1003.6759,545.00
6.838845,1003.7119,500.00
6.838845,1003.7479,507.00
6.838845,1003.7838,492.00
6.838845,1003.8198,531.00
6.838845,1003.8557,494.00
6.838845,1003.8917,526.00
6.838845,1003.9276,455.00
6.838845,1003.9635,496.00
6.838845,1003.9995,479.00
6.838845,1004.0354,505.00
6.838845,1004.0714,507.00
6.838845,1004.1072,501.00
6.838845,1004.1431,500.00
6.838845,1004.1790,499.00
6.838845,1004.2149,470.00
6.838845,1004.2508,511.00
6.838845,1004.2866,450.00
6.838845,1004.3225,548.00
6.838845,1004.3583,509.00
6.838845,1004.3942,521.00
6.838845,1004.4302,485.00
6.838845,1004.4660,497.00
6.838845,1004.5018,474.00
6.838845,1004.5376,510.00
6.838845,1004.5734,474.00
6.838845,1004.6093,540.00
6.838845,1004.6450,510.00
6.838845,1004.6808,529.00
6.838845,1004.7166,483.00
6.838845,1004.7525,521.00
6.838845,1004.7883,494.00
6.838845,1004.8240,529.00
6.838845,1004.8598,456.00
6.838845,1004.8956,545.00
6.838845,1004.9313,474.00
6.838845,1004.9670,551.00
6.838845,1005.0027,492.00
6.838845,1005.0385,468.00
6.838845,1005.0742,486.00
6.838845,1005.1099,541.00
6.838845,1005.1456,497.00
6.838845,1005.1815,528.00
6.838845,1005.2172,470.00
6.838845,1005.2529,535.00
6.838845,1005.2885,508.00
6.838845,1005.3242,508.00
6.838845,1005.3599,508.00
6.838845,1005.3955,521.00
6.838845,1005.4312,499.00
6.838845,1005.4669,556.00
6.838845,1005.5026,488.00
6.838845,1005.5382,564.00
6.838845,1005.5739,540.00
6.838845,1005.6095,529.00
6.838845,1005.6451,542.00
6.838845,1005.6807,540.00
6.838845,1005.7162,520.00
6.838845,1005.7519,512.00
6.838845,1005.7875,478.00
6.838845,1005.8231,569.00
6.838845,1005.8586,494.00
6.838845,1005.8942,542.00
6.838845,1005.9299,506.00
6.838845,1005.9655,533.00
6.838845,1006.0010,480.00
6.838845,1006.0365,541.00
6.838845,1006.0720,491.00
6.838845,1006.1076,525.00
6.838845,1006.1431,496.00
6.838845,1006.1786,582.00
6.838845,1006.2141,524.00
6.838845,1006.2498,527.00
6.838845,1006.2853,498.00
6.838845,1006.3207,516.00
6.838845,1006.3563,515.00
6.838845,1006.3917,562.00
6.838845,1006.4272,521.00
6.838845,1006.4626,567.00
6.838845,1006.4981,514.00
6.838845,1006.5335,549.00
6.838845,1006.5690,513.00
6.838845,1006.6044,538.00
6.838845,1006.6400,497.00
6.838845,1006.6754,567.00
6.838845,1006.7108,484.00
6.838845,1006.7462,560.00
6.838845,1006.7816,497.00
6.838845,1006.8170,556.00
6.838845,1006.8524,549.00
6.838845,1006.8878,522.00
6.838845,1006.9232,514.00
6.838845,1006.9586,550.00
6.838845,1006.9940,494.00
6.838845,1007.0294,516.00
6.838845,1007.0648,495.00
6.838845,1007.1001,571.00
6.838845,1007.1354,531.00
6.838845,1007.1707,567.00
6.838845,1007.2061,554.00
6.838845,1007.2414,547.00
6.838845,1007.2767,515.00
6.838845,1007.3120,567.00
6.838845,1007.3473,477.00
6.838845,1007.3827,591.00
6.838845,1007.4180,543.00
6.838845,1007.4532,581.00
6.838845,1007.4885,529.00
6.838845,1007.5238,554.00
6.838845,1007.5590,509.00
6.838845,1007.5943,559.00
6.838845,1007.6295,498.00
6.838845,1007.6648,612.00
6.838845,1007.7001,529.00
6.838845,1007.7354,544.00
6.838845,1007.7706,543.00
6.838845,1007.8058,545.00
6.838845,1007.8410,534.00
6.838845,1007.8762,574.00
6.838845,1007.9114,488.00
6.838845,1007.9465,563.00
6.838845,1007.9818,534.00
6.838845,1008.0169,559.00
6.838845,1008.0521,519.00
6.838845,1008.0873,574.00
6.838845,1008.1226,505.00
6.838845,1008.1576,523.00
6.838845,1008.1927,483.00
6.838845,1008.2279,571.00
6.838845,1008.2631,477.00
6.838845,1008.2982,574.00
6.838845,1008.3333,535.00
6.838845,1008.3683,565.00
6.838845,1008.4034,551.00
6.838845,1008.4387,502.00
6.838845,1008.4738,497.00
6.838845,1008.5089,561.00
6.838845,1008.5439,484.00
6.838845,1008.5790,579.00
6.838845,1008.6141,509.00
6.838845,1008.6491,522.00
6.838845,1008.6841,494.00
6.838845,1008.7192,534.00
6.838845,1008.7542,523.00
6.838845,1008.7892,504.00
6.838845,1008.8243,483.00
6.838845,1008.8594,543.00
6.838845,1008.8943,493.00
6.838845,1008.9294,543.00
6.838845,1008.9644,522.00
6.838845,1008.9994,557.00
6.838845,1009.0344,513.00
6.838845,1009.0693,494.00
6.838845,1009.1043,455.00
6.838845,1009.1392,575.00
6.838845,1009.1743,466.00
6.838845,1009.2093,542.00
6.838845,1009.2442,507.00
6.838845,1009.2792,549.00
6.838845,1009.3141,493.00
6.838845,1009.3489,517.00
6.838845,1009.3839,483.00
6.838845,1009.4188,529.00
6.838845,1009.4537,458.00
6.838845,1009.4886,560.00
6.838845,1009.5235,498.00
6.838845,1009.5585,517.00
6.838845,1009.5933,526.00
6.838845,1009.6282,491.00
6.838845,1009.6631,478.00
6.838845,1009.6979,511.00
6.838845,1009.7327,470.00
6.838845,1009.7676,527.00
6.838845,1009.8024,457.00
6.838845,1009.8372,535.00
6.838845,1009.8721,461.00
6.838845,1009.9070,517.00
6.838845,1009.9418,459.00
6.838845,1009.9766,510.00
6.838845,1010.0115,479.00
6.838845,1010.0462,500.00
6.838845,1010.0810,448.00
6.838845,1010.1158,561.00
6.838845,1010.1505,501.00
6.838845,1010.1853,523.00
6.838845,1010.2200,492.00
6.838845,1010.2548,540.00
6.838845,1010.2897,472.00
6.838845,1010.3244,492.00
6.838845,1010.3591,477.00
6.838845,1010.3938,526.00
6.838845,1010.4285,508.00
6.838845,1010.4633,538.00
6.838845,1010.4980,498.00
6.838845,1010.5326,490.00
6.838845,1010.5673,481.00
6.838845,1010.6021,510.00
6.838845,1010.6368,477.00
6.838845,1010.6714,519.00
6.838845,1010.7061,443.00
6.838845,1010.7408,552.00
6.838845,1010.7754,481.00
6.838845,1010.8101,496.00
6.838845,1010.8447,481.00
6.838845,1010.8793,513.00
6.838845,1010.9139,474.00
6.838845,1010.9485,508.00
6.838845,1010.9832,430.00
6.838845,1011.0178,514.00
6.838845,1011.0525,488.00
6.838845,1011.0870,551.00
6.838845,1011.1216,478.00
6.838845,1011.1562,509.00
6.838845,1011.1907,483.00
6.838845,1011.2253,536.00
6.838845,1011.2599,427.00
6.838845,1011.2944,577.00
6.838845,1011.3291,484.00
6.838845,1011.3636,547.00
6.838845,1011.3981,504.00
6.838845,1011.4326,505.00
6.838845,1011.4672,458.00
6.838845,1011.5016,498.00
6.838845,1011.5362,473.00
6.838845,1011.5706,504.00
6.838845,1011.6052,478.00
6.838845,1011.6396,527.00
6.838845,1011.6741,457.00
6.838845,1011.7086,550.00
6.838845,1011.7431,508.00
6.838845,1011.7776,519.00
6.838845,1011.8120,499.00
6.838845,1011.8465,542.00
6.838845,1011.8809,459.00
6.838845,1011.9153,538.00
6.838845,1011.9498,471.00
6.838845,1011.9842,505.00
6.838845,1012.0186,489.00
6.838845,1012.0531,489.00
6.838845,1012.0875,471.00
6.838845,1012.1219,519.00
6.838845,1012.1562,442.00
6.838845,1012.1906,490.00
6.838845,1012.2250,466.00
6.838845,1012.2593,553.00
6.838845,1012.2937,499.00
6.838845,1012.3281,505.00
6.838845,1012.3624,451.00
6.838845,1012.3967,493.00
6.838845,1012.4310,430.00
6.838845,1012.4655,507.00
6.838845,1012.4998,456.00
6.838845,1012.5341,565.00
6.838845,1012.5684,450.00
6.838845,1012.6027,517.00
6.838845,1012.6370,507.00
6.838845,1012.6712,498.00
6.838845,1012.7055,466.00
6.838845,1012.7398,509.00
6.838845,1012.7742,436.00
6.838845,1012.8084,493.00
6.838845,1012.8427,481.00
6.838845,1012.8769,497.00
6.838845,1012.9111,508.00
6.838845,1012.9454,510.00
6.838845,1012.9796,506.00
6.838845,1013.0138,464.00
6.838845,1013.0480,426.00
6.838845,1013.0822,532.00
6.838845,1013.1164,453.00
6.838845,1013.1506,501.00
6.838845,1013.1848,468.00
6.838845,1013.2190,483.00
6.838845,1013.2532,506.00
6.838845,1013.2873,488.00
6.838845,1013.3215,470.00
6.838845,1013.3556,502.00
6.838845,1013.3898,457.00
6.838845,1013.4239,543.00
6.838845,1013.4581,496.00
6.838845,1013.4923,493.00
6.838845,1013.5264,493.00
6.838845,1013.5605,480.00
6.838845,1013.5946,511.00
6.838845,1013.6287,538.00
6.838845,1013.6627,474.00
6.838845,1013.6968,528.00
6.838845,1013.7309,468.00
6.838845,1013.7650,511.00
6.838845,1013.7990,491.00
6.838845,1013.8331,497.00
6.838845,1013.8672,482.00
6.838845,1013.9012,504.00
6.838845,1013.9353,463.00
6.838845,1013.9693,513.00
6.838845,1014.0033,464.00
6.838845,1014.0374,563.00
6.838845,1014.0714,538.00
6.838845,1014.1053,499.00
6.838845,1014.1393,490.00
6.838845,1014.1734,518.00
6.838845,1014.2074,485.00
6.838845,1014.2413,547.00
6.838845,1014.2753,521.00
6.838845,1014.3093,563.00
6.838845,1014.3433,473.00
6.838845,1014.3772,528.00
6.838845,1014.4111,541.00
6.838845,1014.4451,512.00
6.838845,1014.4790,485.00
6.838845,1014.5129,506.00
6.838845,1014.5468,484.00
6.838845,1014.5808,558.00
6.838845,1014.6147,518.00
6.838845,1014.6486,544.00
6.838845,1014.6825,537.00
6.838845,1014.7164,516.00
6.838845,1014.7502,479.00
6.838845,1014.7841,535.00
6.838845,1014.8180,500.00
6.838845,1014.8518,572.00
6.838845,1014.8858,490.00
6.838845,1014.9196,571.00
6.838845,1014.9534,509.00
6.838845,1014.9872,550.00
6.838845,1015.0211,520.00
6.838845,1015.0549,501.00
6.838845,1015.0887,489.00
6.838845,1015.1224,542.00
6.838845,1015.1562,513.00
6.838845,1015.1900,586.00
6.838845,1015.2238,522.00
6.838845,1015.2575,520.00
6.838845,1015.2914,535.00
6.838845,1015.3252,528.00
6.838845,1015.3589,495.00
6.838845,1015.3927,539.00
6.838845,1015.4265,476.00
6.838845,1015.4601,565.00
6.838845,1015.4938,492.00
6.838845,1015.5276,585.00
6.838845,1015.5613,535.00
6.838845,1015.5952,544.00
6.838845,1015.6288,494.00
6.838845,1015.6625,520.00
6.838845,1015.6962,470.00
6.838845,1015.7299,563.00
6.838845,1015.7635,488.00
6.838845,1015.7972,551.00
6.838845,1015.8308,532.00
6.838845,1015.8645,529.00
6.838845,1015.8981,523.00
6.838845,1015.9317,544.00
6.838845,1015.9655,475.00
6.838845,1015.9991,578.00
6.838845,1016.0327,498.00
6.838845,1016.0663,569.00
6.838845,1016.0999,544.00
6.838845,1016.1335,551.00
6.838845,1016.1671,555.00
6.838845,1016.2006,525.00
6.838845,1016.2342,512.00
6.838845,1016.2679,538.00
6.838845,1016.3015,501.00
6.838845,1016.3350,551.00
6.838845,1016.3686,496.00
6.838845,1016.4021,560.00
6.838845,1016.4357,517.00
6.838845,1016.4691,562.00
6.838845,1016.5027,507.00
6.838845,1016.5362,542.00
6.838845,1016.5696,480.00
6.838845,1016.6032,570.00
6.838845,1016.6367,507.00
6.838845,1016.6703,563.00
6.838845,1016.7038,485.00
6.838845,1016.7372,554.00
6.838845,1016.7707,505.00
6.838845,1016.8041,529.00
6.838845,1016.8376,521.00
6.838845,1016.8710,554.00
6.838845,1016.9045,497.00
6.838845,1016.9379,566.00
6.838845,1016.9715,508.00
6.838845,1017.0049,534.00
6.838845,1017.0383,559.00
6.838845,1017.0717,528.00
6.838845,1017.1050,505.00
6.838845,1017.1384,534.00
6.838845,1017.1718,485.00
6.838845,1017.2052,553.00
6.838845,1017.2386,480.00
6.838845,1017.2720,540.00
6.838845,1017.3053,545.00
6.838845,1017.3387,570.00
6.838845,1017.3721,510.00
6.838845,1017.4054,536.00
6.838845,1017.4388,464.00
6.838845,1017.4721,550.00
6.838845,1017.5054,505.00
6.838845,1017.5387,539.00
6.838845,1017.5720,532.00
6.838845,1017.6053,532.00
6.838845,1017.6386,547.00
6.838845,1017.6720,536.00
6.838845,1017.7053,513.00
6.838845,1017.7385,568.00
6.838845,1017.7717,518.00
6.838845,1017.8051,571.00
6.838845,1017.8383,508.00
6.838845,1017.8715,570.00
6.838845,1017.9048,562.00
6.838845,1017.9380,551.00
6.838845,1017.9712,533.00
6.838845,1018.0044,554.00
6.838845,1018.0376,491.00
6.838845,1018.0709,589.00
6.838845,1018.1041,529.00
6.838845,1018.1373,598.00
6.838845,1018.1705,541.00
6.838845,1018.2037,571.00
6.838845,1018.2368,534.00
6.838845,1018.2700,544.00
6.838845,1018.3032,505.00
6.838845,1018.3363,586.00
6.838845,1018.3695,527.00
6.838845,1018.4026,591.00
6.838845,1018.4358,598.00
6.838845,1018.4689,524.00
6.838845,1018.5020,553.00
6.838845,1018.5352,565.00
6.838845,1018.5682,535.00
6.838845,1018.6013,555.00
6.838845,1018.6343,534.00
6.838845,1018.6675,612.00
6.838845,1018.7006,500.00
6.838845,1018.7337,587.00
6.838845,1018.7668,595.00
6.838845,1018.7998,539.00
6.838845,1018.8328,552.00
6.838845,1018.8658,574.00
6.838845,1018.8989,531.00
6.838845,1018.9319,597.00
6.838845,1018.9650,535.00
6.838845,1018.9980,614.00
6.838845,1019.0311,577.00
6.838845,1019.0641,619.00
6.838845,1019.0970,532.00
6.838845,1019.1301,557.00
6.838845,1019.1631,515.00
6.838845,1019.1960,592.00
6.838845,1019.2289,509.00
6.838845,1019.2618,596.00
6.838845,1019.2949,540.00
6.838845,1019.3278,561.00
6.838845,1019.3607,544.00
6.838845,1019.3936,540.00
6.838845,1019.4268,480.00
6.838845,1019.4596,558.00
6.838845,1019.4925,524.00
6.838845,1019.5255,564.00
6.838845,1019.5583,528.00
6.838845,1019.5912,582.00
6.838845,1019.6240,531.00
6.838845,1019.6569,574.00
6.838845,1019.6898,490.00
6.838845,1019.7227,542.00
6.838845,1019.7556,471.00
6.838845,1019.7885,559.00
6.838845,1019.8213,521.00
6.838845,1019.8541,599.00
6.838845,1019.8870,523.00
6.838845,1019.9198,535.00
6.838845,1019.9525,531.00
6.838845,1019.9854,532.00
6.838845,1020.0182,503.00
6.838845,1020.0509,583.00
6.838845,1020.0837,499.00
6.838845,1020.1167,547.00
6.838845,1020.1494,538.00
6.838845,1020.1823,525.00
6.838845,1020.2149,511.00
6.838845,1020.2477,535.00
6.838845,1020.2805,489.00
6.838845,1020.3132,537.00
6.838845,1020.3459,532.00
6.838845,1020.3787,585.00
6.838845,1020.4114,479.00
6.838845,1020.4442,542.00
6.838845,1020.4768,526.00
6.838845,1020.5096,558.00
6.838845,1020.5423,496.00
6.838845,1020.5750,595.00
6.838845,1020.6077,499.00
6.838845,1020.6403,573.00
6.838845,1020.6730,507.00
6.838845,1020.7055,568.00
6.838845,1020.7382,495.00
6.838845,1020.7709,511.00
6.838845,1020.8036,504.00
6.838845,1020.8363,491.00
6.838845,1020.8688,506.00
6.838845,1020.9015,553.00
6.838845,1020.9341,479.00
6.838845,1020.9667,558.00
6.838845,1020.9993,487.00
6.838845,1021.0319,517.00
6.838845,1021.0645,524.00
6.838845,1021.0971,535.00
6.838845,1021.1298,493.00
6.838845,1021.1623,549.00
6.838845,1021.1948,480.00
6.838845,1021.2273,554.00
6.838845,1021.2599,493.00
6.838845,1021.2924,538.00
6.838845,1021.3250,498.00
6.838845,1021.3574,498.00
6.838845,1021.3900,479.00
6.838845,1021.4224,512.00
6.838845,1021.4550,445.00
6.838845,1021.4875,495.00
6.838845,1021.5200,487.00
6.838845,1021.5525,539.00
6.838845,1021.5850,506.00
6.838845,1021.6175,534.00
6.838845,1021.6500,479.00
6.838845,1021.6823,539.00
6.838845,1021.7148,469.00
6.838845,1021.7474,561.00
6.838845,1021.7797,525.00
6.838845,1021.8122,559.00
6.838845,1021.8445,523.00
6.838845,1021.8770,574.00
6.838845,1021.9095,516.00
6.838845,1021.9418,500.00
6.838845,1021.9741,471.00
6.838845,1022.0066,521.00
6.838845,1022.0389,491.00
6.838845,1022.0713,568.00
6.838845,1022.1037,482.00
6.838845,1022.1362,625.00
6.838845,1022.1685,552.00
6.838845,1022.2008,523.00
6.838845,1022.2332,508.00
6.838845,1022.2654,549.00
6.838845,1022.2977,530.00
6.838845,1022.3301,594.00
6.838845,1022.3624,475.00
6.838845,1022.3947,566.00
6.838845,1022.4271,472.00
6.838845,1022.4594,545.00
6.838845,1022.4917,525.00
6.838845,1022.5239,557.00
6.838845,1022.5562,521.00
6.838845,1022.5885,548.00
6.838845,1022.6207,496.00
6.838845,1022.6530,564.00
6.838845,1022.6852,514.00
6.838845,1022.7174,558.00
6.838845,1022.7497,504.00
6.838845,1022.7819,528.00
6.838845,1022.8142,496.00
6.838845,1022.8464,553.00
6.838845,1022.8785,483.00
6.838845,1022.9108,578.00
6.838845,1022.9429,514.00
6.838845,1022.9751,550.00
6.838845,1023.0073,526.00
6.838845,1023.0394,497.00
6.838845,1023.0717,501.00
6.838845,1023.1039,555.00
6.838845,1023.1360,509.00
6.838845,1023.1682,565.00
6.838845,1023.2003,492.00
6.838845,1023.2324,554.00
6.838845,1023.2644,511.00
6.838845,1023.2966,542.00
6.838845,1023.3287,498.00
6.838845,1023.3608,510.00
6.838845,1023.3929,517.00
6.838845,1023.4249,533.00
6.838845,1023.4570,491.00
6.838845,1023.4893,561.00
6.838845,1023.5212,485.00
6.838845,1023.5533,522.00
6.838845,1023.5853,500.00
6.838845,1023.6174,557.00
6.838845,1023.6494,508.00
6.838845,1023.6813,534.00
6.838845,1023.7134,451.00
6.838845,1023.7454,544.00
6.838845,1023.7775,496.00
6.838845,1023.8096,530.00
6.838845,1023.8416,523.00
6.838845,1023.8735,503.00
6.838845,1023.9055,488.00
6.838845,1023.9374,508.00
6.838845,1023.9694,465.00
6.838845,1024.0013,557.00
6.838845,1024.0333,479.00
6.838845,1024.0652,558.00
6.838845,1024.0972,520.00
6.838845,1024.1293,560.00
6.838845,1024.1611,522.00
6.838845,1024.1931,527.00
6.838845,1024.2250,467.00
6.838845,1024.2568,542.00
6.838845,1024.2888,462.00
6.838845,1024.3206,531.00
6.838845,1024.3525,505.00
6.838845,1024.3843,521.00
6.838845,1024.4164,469.00
6.838845,1024.4481,507.00
6.838845,1024.4801,485.00
6.838845,1024.5118,530.00
6.838845,1024.5438,484.00
6.838845,1024.5756,544.00
6.838845,1024.6074,489.00
6.838845,1024.6393,528.00
6.838845,1024.6710,529.00
6.838845,1024.7029,502.00
6.838845,1024.7346,508.00
6.838845,1024.7664,524.00
6.838845,1024.7982,454.00
6.838845,1024.8301,540.00
6.838845,1024.8618,495.00
6.838845,1024.8936,524.00
6.838845,1024.9253,484.00
6.838845,1024.9572,547.00
6.838845,1024.9889,502.00
6.838845,1025.0206,527.00
6.838845,1025.0522,464.00
6.838845,1025.0841,532.00
6.838845,1025.1158,465.00
6.838845,1025.1475,525.00
6.838845,1025.1792,495.00
6.838845,1025.2109,536.00
6.838845,1025.2426,484.00
6.838845,1025.2743,514.00
6.838845,1025.3059,500.00
6.838845,1025.3376,531.00
6.838845,1025.3693,458.00
6.838845,1025.4009,560.00
6.838845,1025.4326,499.00
6.838845,1025.4644,558.00
6.838845,1025.4960,515.00
6.838845,1025.5276,515.00
6.838845,1025.5592,504.00
6.838845,1025.5908,541.00
6.838845,1025.6224,487.00
6.838845,1025.6541,543.00
6.838845,1025.6857,517.00
6.838845,1025.7172,568.00
6.838845,1025.7489,548.00
6.838845,1025.7804,553.00
6.838845,1025.8120,529.00
6.838845,1025.8435,526.00
6.838845,1025.8751,528.00
6.838845,1025.9066,574.00
6.838845,1025.9381,482.00
6.838845,1025.9697,554.00
6.838845,1026.0012,523.00
6.838845,1026.0327,564.00
6.838845,1026.0642,519.00
