# Point:,47
# Setpoint:,2.39272727
# Voltage_V:,2.39272727
# Current_A:,0.040545
# Spectrum_Time_s:,7.910562
# Step_Start_s:,7.870134
# Step_End_s:,7.989544
# Spectrum_Duration_ms:,11.705
# Peak_Wavelength_nm:,931.25
# Peak_Intensity:,18219.0
# Avg_Intensity:,641.1
# Num_Pixels:,4094
# NOTE: All wavelengths are captured simultaneously in one CCD exposure
#       The Relative_Time_s column shows when this entire spectrum was acquired

Relative_Time_s,Wavelength_nm,Intensity
7.910562,845.4307,581.00
7.910562,845.4858,503.00
7.910562,845.5410,546.00
7.910562,845.5963,517.00
7.910562,845.6514,569.00
7.910562,845.7065,508.00
7.910562,845.7617,535.00
7.910562,845.8168,469.00
7.910562,845.8721,556.00
7.910562,845.9272,480.00
7.910562,845.9823,550.00
7.910562,846.0374,483.00
7.910562,846.0926,510.00
7.910562,846.1478,494.00
7.910562,846.2029,538.00
7.910562,846.2579,503.00
7.910562,846.3130,581.00
7.910562,846.3682,465.00
7.910562,846.4233,577.00
7.910562,846.4784,507.00
7.910562,846.5335,575.00
7.910562,846.5886,562.00
7.910562,846.6437,526.00
7.910562,846.6987,518.00
7.910562,846.7538,587.00
7.910562,846.8089,471.00
7.910562,846.8640,569.00
7.910562,846.9190,477.00
7.910562,846.9741,561.00
7.910562,847.0292,523.00
7.910562,847.0842,547.00
7.910562,847.1392,532.00
7.910562,847.1943,544.00
7.910562,847.2493,528.00
7.910562,847.3044,609.00
7.910562,847.3594,507.00
7.910562,847.4144,534.00
7.910562,847.4694,550.00
7.910562,847.5244,540.00
7.910562,847.5795,524.00
7.910562,847.6345,577.00
7.910562,847.6895,509.00
7.910562,847.7444,577.00
7.910562,847.7994,492.00
7.910562,847.8544,602.00
7.910562,847.9094,562.00
7.910562,847.9644,562.00
7.910562,848.0193,534.00
7.910562,848.0743,564.00
7.910562,848.1293,525.00
7.910562,848.1843,577.00
7.910562,848.2392,561.00
7.910562,848.2941,597.00
7.910562,848.3491,562.00
7.910562,848.4040,576.00
7.910562,848.4590,576.00
7.910562,848.5139,594.00
7.910562,848.5688,508.00
7.910562,848.6237,577.00
7.910562,848.6786,516.00
7.910562,848.7336,632.00
7.910562,848.7885,553.00
7.910562,848.8434,584.00
7.910562,848.8983,570.00
7.910562,848.9531,570.00
7.910562,849.0081,538.00
7.910562,849.0630,584.00
7.910562,849.1178,500.00
7.910562,849.1727,609.00
7.910562,849.2275,551.00
7.910562,849.2823,641.00
7.910562,849.3373,544.00
7.910562,849.3921,604.00
7.910562,849.4470,574.00
7.910562,849.5018,555.00
7.910562,849.5566,512.00
7.910562,849.6115,594.00
7.910562,849.6663,538.00
7.910562,849.7211,603.00
7.910562,849.7759,563.00
7.910562,849.8307,598.00
7.910562,849.8856,545.00
7.910562,849.9404,595.00
7.910562,849.9952,547.00
7.910562,850.0500,591.00
7.910562,850.1048,517.00
7.910562,850.1596,616.00
7.910562,850.2144,525.00
7.910562,850.2692,629.00
7.910562,850.3239,557.00
7.910562,850.3787,556.00
7.910562,850.4335,584.00
7.910562,850.4882,582.00
7.910562,850.5430,550.00
7.910562,850.5977,608.00
7.910562,850.6525,532.00
7.910562,850.7072,604.00
7.910562,850.7620,535.00
7.910562,850.8167,599.00
7.910562,850.8715,590.00
7.910562,850.9261,592.00
7.910562,850.9808,510.00
7.910562,851.0356,591.00
7.910562,851.0903,565.00
7.910562,851.1450,623.00
7.910562,851.1996,586.00
7.910562,851.2543,637.00
7.910562,851.3091,569.00
7.910562,851.3638,584.00
7.910562,851.4185,573.00
7.910562,851.4731,631.00
7.910562,851.5278,542.00
7.910562,851.5825,662.00
7.910562,851.6371,570.00
7.910562,851.6918,676.00
7.910562,851.7465,601.00
7.910562,851.8011,595.00
7.910562,851.8558,593.00
7.910562,851.9103,601.00
7.910562,851.9650,596.00
7.910562,852.0196,688.00
7.910562,852.0742,589.00
7.910562,852.1289,636.00
7.910562,852.1835,590.00
7.910562,852.2381,654.00
7.910562,852.2927,638.00
7.910562,852.3473,630.00
7.910562,852.4019,650.00
7.910562,852.4565,671.00
7.910562,852.5111,605.00
7.910562,852.5657,633.00
7.910562,852.6202,611.00
7.910562,852.6747,641.00
7.910562,852.7294,625.00
7.910562,852.7839,676.00
7.910562,852.8385,578.00
7.910562,852.8930,649.00
7.910562,852.9476,592.00
7.910562,853.0022,686.00
7.910562,853.0567,618.00
7.910562,853.1112,683.00
7.910562,853.1658,636.00
7.910562,853.2203,666.00
7.910562,853.2748,627.00
7.910562,853.3293,703.00
7.910562,853.3838,633.00
7.910562,853.4383,668.00
7.910562,853.4928,601.00
7.910562,853.5474,671.00
7.910562,853.6019,659.00
7.910562,853.6563,690.00
7.910562,853.7108,660.00
7.910562,853.7653,664.00
7.910562,853.8198,631.00
7.910562,853.8742,675.00
7.910562,853.9286,643.00
7.910562,853.9832,672.00
7.910562,854.0376,656.00
7.910562,854.0920,715.00
7.910562,854.1465,663.00
7.910562,854.2010,627.00
7.910562,854.2554,620.00
7.910562,854.3098,652.00
7.910562,854.3642,593.00
7.910562,854.4186,683.00
7.910562,854.4731,623.00
7.910562,854.5275,696.00
7.910562,854.5819,624.00
7.910562,854.6363,720.00
7.910562,854.6907,649.00
7.910562,854.7451,637.00
7.910562,854.7994,624.00
7.910562,854.8538,664.00
7.910562,854.9082,632.00
7.910562,854.9626,704.00
7.910562,855.0170,610.00
7.910562,855.0714,660.00
7.910562,855.1257,644.00
7.910562,855.1800,636.00
7.910562,855.2344,620.00
7.910562,855.2888,675.00
7.910562,855.3431,612.00
7.910562,855.3975,664.00
7.910562,855.4518,592.00
7.910562,855.5060,688.00
7.910562,855.5604,645.00
7.910562,855.6147,640.00
7.910562,855.6691,636.00
7.910562,855.7233,646.00
7.910562,855.7776,596.00
7.910562,855.8320,684.00
7.910562,855.8862,594.00
7.910562,855.9406,694.00
7.910562,855.9948,623.00
7.910562,856.0491,694.00
7.910562,856.1035,658.00
7.910562,856.1577,679.00
7.910562,856.2119,629.00
7.910562,856.2662,655.00
7.910562,856.3204,627.00
7.910562,856.3748,717.00
7.910562,856.4290,643.00
7.910562,856.4832,664.00
7.910562,856.5374,651.00
7.910562,856.5916,675.00
7.910562,856.6459,604.00
7.910562,856.7001,667.00
7.910562,856.7543,614.00
7.910562,856.8085,667.00
7.910562,856.8627,647.00
7.910562,856.9169,716.00
7.910562,856.9712,643.00
7.910562,857.0253,655.00
7.910562,857.0795,655.00
7.910562,857.1337,637.00
7.910562,857.1879,628.00
7.910562,857.2421,679.00
7.910562,857.2962,627.00
7.910562,857.3504,655.00
7.910562,857.4045,664.00
7.910562,857.4587,674.00
7.910562,857.5129,667.00
7.910562,857.5670,643.00
7.910562,857.6212,615.00
7.910562,857.6753,688.00
7.910562,857.7294,641.00
7.910562,857.7836,667.00
7.910562,857.8377,639.00
7.910562,857.8918,699.00
7.910562,857.9459,682.00
7.910562,858.0000,660.00
7.910562,858.0541,627.00
7.910562,858.1082,689.00
7.910562,858.1624,627.00
7.910562,858.2164,719.00
7.910562,858.2704,652.00
7.910562,858.3245,697.00
7.910562,858.3787,648.00
7.910562,858.4327,707.00
7.910562,858.4868,649.00
7.910562,858.5408,696.00
7.910562,858.5949,656.00
7.910562,858.6489,686.00
7.910562,858.7030,647.00
7.910562,858.7570,736.00
7.910562,858.8110,670.00
7.910562,858.8651,680.00
7.910562,858.9192,677.00
7.910562,858.9732,683.00
7.910562,859.0272,644.00
7.910562,859.0812,705.00
7.910562,859.1352,610.00
7.910562,859.1892,708.00
7.910562,859.2432,631.00
7.910562,859.2972,680.00
7.910562,859.3512,676.00
7.910562,859.4052,659.00
7.910562,859.4592,650.00
7.910562,859.5132,653.00
7.910562,859.5671,600.00
7.910562,859.6210,692.00
7.910562,859.6750,635.00
7.910562,859.7289,699.00
7.910562,859.7830,616.00
7.910562,859.8369,648.00
7.910562,859.8908,652.00
7.910562,859.9447,619.00
7.910562,859.9987,631.00
7.910562,860.0527,696.00
7.910562,860.1065,610.00
7.910562,860.1605,670.00
7.910562,860.2144,659.00
7.910562,860.2682,651.00
7.910562,860.3222,646.00
7.910562,860.3761,683.00
7.910562,860.4299,605.00
7.910562,860.4838,657.00
7.910562,860.5377,583.00
7.910562,860.5916,671.00
7.910562,860.6455,621.00
7.910562,860.6993,674.00
7.910562,860.7532,644.00
7.910562,860.8071,673.00
7.910562,860.8610,633.00
7.910562,860.9148,636.00
7.910562,860.9687,603.00
7.910562,861.0225,668.00
7.910562,861.0763,616.00
7.910562,861.1301,692.00
7.910562,861.1840,612.00
7.910562,861.2378,667.00
7.910562,861.2916,618.00
7.910562,861.3454,654.00
7.910562,861.3992,616.00
7.910562,861.4531,670.00
7.910562,861.5068,591.00
7.910562,861.5606,663.00
7.910562,861.6144,605.00
7.910562,861.6682,664.00
7.910562,861.7220,611.00
7.910562,861.7758,649.00
7.910562,861.8295,623.00
7.910562,861.8833,646.00
7.910562,861.9370,624.00
7.910562,861.9908,699.00
7.910562,862.0446,612.00
7.910562,862.0983,683.00
7.910562,862.1520,641.00
7.910562,862.2057,662.00
7.910562,862.2595,635.00
7.910562,862.3132,640.00
7.910562,862.3669,587.00
7.910562,862.4206,672.00
7.910562,862.4744,589.00
7.910562,862.5281,657.00
7.910562,862.5818,636.00
7.910562,862.6355,655.00
7.910562,862.6891,630.00
7.910562,862.7429,644.00
7.910562,862.7966,632.00
7.910562,862.8502,632.00
7.910562,862.9039,595.00
7.910562,862.9575,659.00
7.910562,863.0112,636.00
7.910562,863.0648,618.00
7.910562,863.1185,634.00
7.910562,863.1722,647.00
7.910562,863.2258,597.00
7.910562,863.2794,660.00
7.910562,863.3330,581.00
7.910562,863.3867,653.00
7.910562,863.4403,567.00
7.910562,863.4940,662.00
7.910562,863.5475,642.00
7.910562,863.6011,612.00
7.910562,863.6548,602.00
7.910562,863.7084,657.00
7.910562,863.7620,583.00
7.910562,863.8156,633.00
7.910562,863.8691,608.00
7.910562,863.9228,655.00
7.910562,863.9763,628.00
7.910562,864.0299,657.00
7.910562,864.0834,612.00
7.910562,864.1370,660.00
7.910562,864.1906,587.00
7.910562,864.2441,642.00
7.910562,864.2977,586.00
7.910562,864.3512,680.00
7.910562,864.4047,632.00
7.910562,864.4583,645.00
7.910562,864.5118,625.00
7.910562,864.5653,615.00
7.910562,864.6189,584.00
7.910562,864.6724,632.00
7.910562,864.7258,624.00
7.910562,864.7794,620.00
7.910562,864.8329,611.00
7.910562,864.8864,652.00
7.910562,864.9398,636.00
7.910562,864.9933,648.00
7.910562,865.0469,594.00
7.910562,865.1003,627.00
7.910562,865.1538,614.00
7.910562,865.2072,634.00
7.910562,865.2607,616.00
7.910562,865.3142,667.00
7.910562,865.3676,633.00
7.910562,865.4211,645.00
7.910562,865.4745,605.00
7.910562,865.5279,668.00
7.910562,865.5814,609.00
7.910562,865.6348,672.00
7.910562,865.6882,602.00
7.910562,865.7416,664.00
7.910562,865.7950,638.00
7.910562,865.8484,674.00
7.910562,865.9019,620.00
7.910562,865.9552,635.00
7.910562,866.0087,624.00
7.910562,866.0620,615.00
7.910562,866.1154,623.00
7.910562,866.1688,692.00
7.910562,866.2222,605.00
7.910562,866.2755,656.00
7.910562,866.3289,661.00
7.910562,866.3822,671.00
7.910562,866.4356,632.00
7.910562,866.4890,626.00
7.910562,866.5423,636.00
7.910562,866.5956,670.00
7.910562,866.6489,633.00
7.910562,866.7023,666.00
7.910562,866.7556,627.00
7.910562,866.8089,626.00
7.910562,866.8622,645.00
7.910562,866.9155,666.00
7.910562,866.9689,609.00
7.910562,867.0222,675.00
7.910562,867.0755,603.00
7.910562,867.1287,626.00
7.910562,867.1820,633.00
7.910562,867.2354,632.00
7.910562,867.2886,639.00
7.910562,867.3419,647.00
7.910562,867.3951,617.00
7.910562,867.4484,648.00
7.910562,867.5016,566.00
7.910562,867.5549,693.00
7.910562,867.6082,651.00
7.910562,867.6614,640.00
7.910562,867.7146,648.00
7.910562,867.7678,633.00
7.910562,867.8211,628.00
7.910562,867.8743,645.00
7.910562,867.9276,610.00
7.910562,867.9807,684.00
7.910562,868.0339,644.00
7.910562,868.0872,686.00
7.910562,868.1403,632.00
7.910562,868.1935,649.00
7.910562,868.2467,622.00
7.910562,868.2999,640.00
7.910562,868.3531,561.00
7.910562,868.4062,676.00
7.910562,868.4594,614.00
7.910562,868.5126,673.00
7.910562,868.5657,618.00
7.910562,868.6189,656.00
7.910562,868.6721,646.00
7.910562,868.7252,639.00
7.910562,868.7783,592.00
7.910562,868.8315,629.00
7.910562,868.8846,602.00
7.910562,868.9377,657.00
7.910562,868.9908,595.00
7.910562,869.0439,670.00
7.910562,869.0970,652.00
7.910562,869.1501,651.00
7.910562,869.2032,590.00
7.910562,869.2564,647.00
7.910562,869.3094,583.00
7.910562,869.3625,590.00
7.910562,869.4156,611.00
7.910562,869.4688,663.00
7.910562,869.5218,607.00
7.910562,869.5748,637.00
7.910562,869.6279,629.00
7.910562,869.6809,631.00
7.910562,869.7340,609.00
7.910562,869.7870,621.00
7.910562,869.8401,560.00
7.910562,869.8931,650.00
7.910562,869.9462,595.00
7.910562,869.9993,628.00
7.910562,870.0522,626.00
7.910562,870.1052,666.00
7.910562,870.1583,609.00
7.910562,870.2112,691.00
7.910562,870.2642,590.00
7.910562,870.3173,651.00
7.910562,870.3702,619.00
7.910562,870.4232,672.00
7.910562,870.4762,603.00
7.910562,870.5292,643.00
7.910562,870.5822,639.00
7.910562,870.6351,667.00
7.910562,870.6881,622.00
7.910562,870.7410,653.00
7.910562,870.7940,629.00
7.910562,870.8470,643.00
7.910562,870.8999,623.00
7.910562,870.9528,675.00
7.910562,871.0057,644.00
7.910562,871.0587,636.00
7.910562,871.1116,649.00
7.910562,871.1646,655.00
7.910562,871.2175,583.00
7.910562,871.2704,694.00
7.910562,871.3232,630.00
7.910562,871.3762,678.00
7.910562,871.4291,655.00
7.910562,871.4820,653.00
7.910562,871.5348,631.00
7.910562,871.5877,653.00
7.910562,871.6406,623.00
7.910562,871.6935,707.00
7.910562,871.7463,640.00
7.910562,871.7992,667.00
7.910562,871.8521,646.00
7.910562,871.9049,649.00
7.910562,871.9578,653.00
7.910562,872.0106,682.00
7.910562,872.0635,625.00
7.910562,872.1162,665.00
7.910562,872.1691,620.00
7.910562,872.2219,696.00
7.910562,872.2747,609.00
7.910562,872.3275,672.00
7.910562,872.3803,652.00
7.910562,872.4332,656.00
7.910562,872.4860,638.00
7.910562,872.5387,682.00
7.910562,872.5915,610.00
7.910562,872.6443,684.00
7.910562,872.6971,670.00
7.910562,872.7499,669.00
7.910562,872.8026,661.00
7.910562,872.8553,659.00
7.910562,872.9081,650.00
7.910562,872.9609,679.00
7.910562,873.0136,598.00
7.910562,873.0663,682.00
7.910562,873.1191,569.00
7.910562,873.1718,687.00
7.910562,873.2245,631.00
7.910562,873.2773,663.00
7.910562,873.3300,621.00
7.910562,873.3827,658.00
7.910562,873.4354,615.00
7.910562,873.4882,719.00
7.910562,873.5408,623.00
7.910562,873.5935,682.00
7.910562,873.6462,657.00
7.910562,873.6989,689.00
7.910562,873.7515,669.00
7.910562,873.8042,661.00
7.910562,873.8569,639.00
7.910562,873.9096,688.00
7.910562,873.9622,590.00
7.910562,874.0149,678.00
7.910562,874.0675,660.00
7.910562,874.1202,661.00
7.910562,874.1729,626.00
7.910562,874.2255,655.00
7.910562,874.2781,637.00
7.910562,874.3307,654.00
7.910562,874.3834,598.00
7.910562,874.4360,681.00
7.910562,874.4885,649.00
7.910562,874.5411,702.00
7.910562,874.5938,635.00
7.910562,874.6463,693.00
7.910562,874.6990,642.00
7.910562,874.7515,646.00
7.910562,874.8041,589.00
7.910562,874.8567,701.00
7.910562,874.9092,632.00
7.910562,874.9619,663.00
7.910562,875.0144,621.00
7.910562,875.0669,678.00
7.910562,875.1194,636.00
7.910562,875.1720,674.00
7.910562,875.2246,623.00
7.910562,875.2772,664.00
7.910562,875.3296,623.00
7.910562,875.3821,676.00
7.910562,875.4346,619.00
7.910562,875.4872,675.00
7.910562,875.5397,670.00
7.910562,875.5922,675.00
7.910562,875.6447,640.00
7.910562,875.6971,667.00
7.910562,875.7498,593.00
7.910562,875.8022,683.00
7.910562,875.8547,619.00
7.910562,875.9071,674.00
7.910562,875.9596,619.00
7.910562,876.0120,668.00
7.910562,876.0646,645.00
7.910562,876.1169,665.00
7.910562,876.1694,623.00
7.910562,876.2219,673.00
7.910562,876.2743,620.00
7.910562,876.3268,692.00
7.910562,876.3792,630.00
7.910562,876.4316,675.00
7.910562,876.4840,682.00
7.910562,876.5364,632.00
7.910562,876.5889,644.00
7.910562,876.6413,707.00
7.910562,876.6937,613.00
7.910562,876.7460,671.00
7.910562,876.7985,684.00
7.910562,876.8509,666.00
7.910562,876.9032,645.00
7.910562,876.9556,676.00
7.910562,877.0079,619.00
7.910562,877.0604,592.00
7.910562,877.1127,595.00
7.910562,877.1651,676.00
7.910562,877.2174,624.00
7.910562,877.2697,661.00
7.910562,877.3221,632.00
7.910562,877.3744,655.00
7.910562,877.4268,622.00
7.910562,877.4791,632.00
7.910562,877.5314,576.00
7.910562,877.5837,644.00
7.910562,877.6360,597.00
7.910562,877.6884,645.00
7.910562,877.7407,596.00
7.910562,877.7930,622.00
7.910562,877.8452,614.00
7.910562,877.8975,624.00
7.910562,877.9498,612.00
7.910562,878.0021,648.00
7.910562,878.0544,593.00
7.910562,878.1066,651.00
7.910562,878.1589,606.00
7.910562,878.2111,626.00
7.910562,878.2634,600.00
7.910562,878.3157,604.00
7.910562,878.3679,611.00
7.910562,878.4202,637.00
7.910562,878.4724,579.00
7.910562,878.5246,680.00
7.910562,878.5768,600.00
7.910562,878.6290,639.00
7.910562,878.6812,644.00
7.910562,878.7335,633.00
7.910562,878.7856,610.00
7.910562,878.8379,638.00
7.910562,878.8901,611.00
7.910562,878.9422,620.00
7.910562,878.9944,640.00
7.910562,879.0466,687.00
7.910562,879.0988,613.00
7.910562,879.1509,661.00
7.910562,879.2031,614.00
7.910562,879.2552,612.00
7.910562,879.3074,625.00
7.910562,879.3596,648.00
7.910562,879.4117,588.00
7.910562,879.4638,681.00
7.910562,879.5159,574.00
7.910562,879.5681,658.00
7.910562,879.6202,624.00
7.910562,879.6723,632.00
7.910562,879.7244,626.00
7.910562,879.7766,647.00
7.910562,879.8287,587.00
7.910562,879.8808,662.00
7.910562,879.9329,570.00
7.910562,879.9849,673.00
7.910562,880.0370,629.00
7.910562,880.0891,641.00
7.910562,880.1412,585.00
7.910562,880.1932,639.00
7.910562,880.2452,582.00
7.910562,880.2973,678.00
7.910562,880.3495,614.00
7.910562,880.4015,706.00
7.910562,880.4536,639.00
7.910562,880.5056,649.00
7.910562,880.5576,611.00
7.910562,880.6096,623.00
7.910562,880.6616,589.00
7.910562,880.7137,641.00
7.910562,880.7656,574.00
7.910562,880.8176,673.00
7.910562,880.8696,587.00
7.910562,880.9217,644.00
7.910562,880.9737,620.00
7.910562,881.0256,639.00
7.910562,881.0776,586.00
7.910562,881.1296,633.00
7.910562,881.1816,584.00
7.910562,881.2336,640.00
7.910562,881.2855,583.00
7.910562,881.3374,645.00
7.910562,881.3893,620.00
7.910562,881.4413,628.00
7.910562,881.4933,610.00
7.910562,881.5452,639.00
7.910562,881.5972,606.00
7.910562,881.6490,664.00
7.910562,881.7010,574.00
7.910562,881.7530,671.00
7.910562,881.8049,595.00
7.910562,881.8568,637.00
7.910562,881.9086,630.00
7.910562,881.9605,615.00
7.910562,882.0125,601.00
7.910562,882.0643,617.00
7.910562,882.1162,566.00
7.910562,882.1681,639.00
7.910562,882.2199,565.00
7.910562,882.2719,622.00
7.910562,882.3237,608.00
7.910562,882.3755,601.00
7.910562,882.4274,569.00
7.910562,882.4792,622.00
7.910562,882.5311,563.00
7.910562,882.5829,632.00
7.910562,882.6348,588.00
7.910562,882.6866,700.00
7.910562,882.7383,637.00
7.910562,882.7902,601.00
7.910562,882.8420,606.00
7.910562,882.8939,634.00
7.910562,882.9457,568.00
7.910562,882.9974,640.00
7.910562,883.0493,566.00
7.910562,883.1011,635.00
7.910562,883.1528,543.00
7.910562,883.2046,660.00
7.910562,883.2563,606.00
7.910562,883.3081,589.00
7.910562,883.3599,587.00
7.910562,883.4116,611.00
7.910562,883.4634,600.00
7.910562,883.5151,635.00
7.910562,883.5668,604.00
7.910562,883.6187,605.00
7.910562,883.6703,629.00
7.910562,883.7220,642.00
7.910562,883.7738,589.00
7.910562,883.8254,648.00
7.910562,883.8773,566.00
7.910562,883.9289,674.00
7.910562,883.9806,581.00
7.910562,884.0323,648.00
7.910562,884.0840,618.00
7.910562,884.1357,645.00
7.910562,884.1874,599.00
7.910562,884.2391,624.00
7.910562,884.2907,564.00
7.910562,884.3423,657.00
7.910562,884.3940,546.00
7.910562,884.4457,625.00
7.910562,884.4974,612.00
7.910562,884.5490,634.00
7.910562,884.6006,594.00
7.910562,884.6523,627.00
7.910562,884.7039,592.00
7.910562,884.7555,658.00
7.910562,884.8071,613.00
7.910562,884.8588,669.00
7.910562,884.9103,627.00
7.910562,884.9620,654.00
7.910562,885.0136,635.00
7.910562,885.0651,636.00
7.910562,885.1168,590.00
7.910562,885.1683,645.00
7.910562,885.2200,631.00
7.910562,885.2715,691.00
7.910562,885.3231,596.00
7.910562,885.3746,657.00
7.910562,885.4262,682.00
7.910562,885.4778,661.00
7.910562,885.5293,657.00
7.910562,885.5809,658.00
7.910562,885.6324,570.00
7.910562,885.6839,639.00
7.910562,885.7355,596.00
7.910562,885.7870,672.00
7.910562,885.8385,585.00
7.910562,885.8900,655.00
7.910562,885.9415,637.00
7.910562,885.9930,638.00
7.910562,886.0446,578.00
7.910562,886.0960,664.00
7.910562,886.1475,617.00
7.910562,886.1990,660.00
7.910562,886.2504,627.00
7.910562,886.3020,669.00
7.910562,886.3534,612.00
7.910562,886.4048,650.00
7.910562,886.4564,610.00
7.910562,886.5078,677.00
7.910562,886.5593,598.00
7.910562,886.6107,678.00
7.910562,886.6621,639.00
7.910562,886.7136,651.00
7.910562,886.7650,644.00
7.910562,886.8164,645.00
7.910562,886.8679,641.00
7.910562,886.9193,665.00
7.910562,886.9706,593.00
7.910562,887.0220,656.00
7.910562,887.0735,578.00
7.910562,887.1249,656.00
7.910562,887.1762,602.00
7.910562,887.2276,654.00
7.910562,887.2789,656.00
7.910562,887.3304,661.00
7.910562,887.3818,632.00
7.910562,887.4331,667.00
7.910562,887.4844,619.00
7.910562,887.5358,670.00
7.910562,887.5871,584.00
7.910562,887.6385,670.00
7.910562,887.6898,659.00
7.910562,887.7411,639.00
7.910562,887.7925,613.00
7.910562,887.8438,630.00
7.910562,887.8951,593.00
7.910562,887.9464,701.00
7.910562,887.9977,617.00
7.910562,888.0490,730.00
7.910562,888.1003,659.00
7.910562,888.1516,670.00
7.910562,888.2029,604.00
7.910562,888.2542,662.00
7.910562,888.3054,609.00
7.910562,888.3567,663.00
7.910562,888.4080,627.00
7.910562,888.4592,692.00
7.910562,888.5105,641.00
7.910562,888.5618,684.00
7.910562,888.6130,657.00
7.910562,888.6642,669.00
7.910562,888.7155,648.00
7.910562,888.7667,702.00
7.910562,888.8179,610.00
7.910562,888.8691,684.00
7.910562,888.9204,648.00
7.910562,888.9716,670.00
7.910562,889.0228,645.00
7.910562,889.0740,687.00
7.910562,889.1252,644.00
7.910562,889.1764,648.00
7.910562,889.2275,633.00
7.910562,889.2787,708.00
7.910562,889.3299,621.00
7.910562,889.3810,662.00
7.910562,889.4322,676.00
7.910562,889.4835,692.00
7.910562,889.5346,662.00
7.910562,889.5857,666.00
7.910562,889.6368,621.00
7.910562,889.6879,668.00
7.910562,889.7391,590.00
7.910562,889.7903,711.00
7.910562,889.8414,619.00
7.910562,889.8925,696.00
7.910562,889.9435,676.00
7.910562,889.9948,639.00
7.910562,890.0458,609.00
7.910562,890.0969,691.00
7.910562,890.1479,614.00
7.910562,890.1990,692.00
7.910562,890.2501,621.00
7.910562,890.3012,658.00
7.910562,890.3523,657.00
7.910562,890.4034,635.00
7.910562,890.4545,614.00
7.910562,890.5054,620.00
7.910562,890.5566,571.00
7.910562,890.6076,666.00
7.910562,890.6586,587.00
7.910562,890.7097,657.00
7.910562,890.7607,650.00
7.910562,890.8117,669.00
7.910562,890.8627,643.00
7.910562,890.9138,625.00
7.910562,890.9647,572.00
7.910562,891.0157,637.00
7.910562,891.0668,588.00
7.910562,891.1178,655.00
7.910562,891.1688,590.00
7.910562,891.2197,652.00
7.910562,891.2707,586.00
7.910562,891.3217,638.00
7.910562,891.3727,593.00
7.910562,891.4236,627.00
7.910562,891.4745,586.00
7.910562,891.5256,637.00
7.910562,891.5765,619.00
7.910562,891.6275,658.00
7.910562,891.6783,623.00
7.910562,891.7293,615.00
7.910562,891.7802,620.00
7.910562,891.8312,625.00
7.910562,891.8821,583.00
7.910562,891.9330,649.00
7.910562,891.9839,573.00
7.910562,892.0348,620.00
7.910562,892.0857,602.00
7.910562,892.1366,653.00
7.910562,892.1875,618.00
7.910562,892.2383,628.00
7.910562,892.2892,616.00
7.910562,892.3401,667.00
7.910562,892.3911,582.00
7.910562,892.4418,683.00
7.910562,892.4927,614.00
7.910562,892.5436,662.00
7.910562,892.5944,631.00
7.910562,892.6452,647.00
7.910562,892.6961,619.00
7.910562,892.7469,635.00
7.910562,892.7977,613.00
7.910562,892.8485,607.00
7.910562,892.8993,609.00
7.910562,892.9502,681.00
7.910562,893.0010,603.00
7.910562,893.0518,634.00
7.910562,893.1025,627.00
7.910562,893.1534,628.00
7.910562,893.2042,588.00
7.910562,893.2549,667.00
7.910562,893.3057,621.00
7.910562,893.3564,689.00
7.910562,893.4072,674.00
7.910562,893.4580,650.00
7.910562,893.5087,641.00
7.910562,893.5595,656.00
7.910562,893.6102,606.00
7.910562,893.6609,679.00
7.910562,893.7117,583.00
7.910562,893.7625,670.00
7.910562,893.8132,654.00
7.910562,893.8639,679.00
7.910562,893.9146,645.00
7.910562,893.9653,619.00
7.910562,894.0160,621.00
7.910562,894.0667,639.00
7.910562,894.1174,619.00
7.910562,894.1681,664.00
7.910562,894.2188,625.00
7.910562,894.2695,672.00
7.910562,894.3201,645.00
7.910562,894.3708,627.00
7.910562,894.4214,602.00
7.910562,894.4720,658.00
7.910562,894.5228,626.00
7.910562,894.5734,692.00
7.910562,894.6240,619.00
7.910562,894.6746,645.00
7.910562,894.7252,691.00
7.910562,894.7759,645.00
7.910562,894.8265,652.00
7.910562,894.8771,671.00
7.910562,894.9277,578.00
7.910562,894.9783,667.00
7.910562,895.0290,600.00
7.910562,895.0795,702.00
7.910562,895.1301,609.00
7.910562,895.1807,661.00
7.910562,895.2313,655.00
7.910562,895.2819,650.00
7.910562,895.3325,621.00
7.910562,895.3830,632.00
7.910562,895.4336,574.00
7.910562,895.4841,681.00
7.910562,895.5347,613.00
7.910562,895.5852,660.00
7.910562,895.6357,642.00
7.910562,895.6863,665.00
7.910562,895.7368,646.00
7.910562,895.7874,636.00
7.910562,895.8379,584.00
7.910562,895.8884,677.00
7.910562,895.9388,582.00
7.910562,895.9893,667.00
7.910562,896.0399,620.00
7.910562,896.0904,660.00
7.910562,896.1408,644.00
7.910562,896.1913,659.00
7.910562,896.2418,621.00
7.910562,896.2922,666.00
7.910562,896.3427,642.00
7.910562,896.3932,696.00
7.910562,896.4437,655.00
7.910562,896.4941,672.00
7.910562,896.5445,647.00
7.910562,896.5950,643.00
7.910562,896.6454,686.00
7.910562,896.6958,645.00
7.910562,896.7462,580.00
7.910562,896.7967,671.00
7.910562,896.8471,625.00
7.910562,896.8975,677.00
7.910562,896.9479,646.00
7.910562,896.9983,668.00
7.910562,897.0486,633.00
7.910562,897.0991,644.00
7.910562,897.1495,618.00
7.910562,897.1998,677.00
7.910562,897.2502,620.00
7.910562,897.3005,672.00
7.910562,897.3510,618.00
7.910562,897.4013,637.00
7.910562,897.4517,674.00
7.910562,897.5020,646.00
7.910562,897.5523,626.00
7.910562,897.6026,673.00
7.910562,897.6530,624.00
7.910562,897.7033,667.00
7.910562,897.7537,601.00
7.910562,897.8040,665.00
7.910562,897.8542,596.00
7.910562,897.9046,642.00
7.910562,897.9549,627.00
7.910562,898.0051,666.00
7.910562,898.0554,598.00
7.910562,898.1057,642.00
7.910562,898.1560,611.00
7.910562,898.2063,677.00
7.910562,898.2565,637.00
7.910562,898.3068,619.00
7.910562,898.3571,651.00
7.910562,898.4073,629.00
7.910562,898.4576,592.00
7.910562,898.5078,662.00
7.910562,898.5580,581.00
7.910562,898.6083,659.00
7.910562,898.6584,648.00
7.910562,898.7087,664.00
7.910562,898.7590,633.00
7.910562,898.8091,638.00
7.910562,898.8593,611.00
7.910562,898.9095,630.00
7.910562,898.9598,596.00
7.910562,899.0099,684.00
7.910562,899.0601,641.00
7.910562,899.1103,665.00
7.910562,899.1605,619.00
7.910562,899.2107,618.00
7.910562,899.2608,626.00
7.910562,899.3109,644.00
7.910562,899.3611,616.00
7.910562,899.4113,703.00
7.910562,899.4614,645.00
7.910562,899.5115,631.00
7.910562,899.5616,636.00
7.910562,899.6118,634.00
7.910562,899.6619,623.00
7.910562,899.7121,628.00
7.910562,899.7622,581.00
7.910562,899.8123,646.00
7.910562,899.8624,593.00
7.910562,899.9124,681.00
7.910562,899.9626,636.00
7.910562,900.0126,640.00
7.910562,900.0627,613.00
7.910562,900.1127,660.00
7.910562,900.1628,572.00
7.910562,900.2130,646.00
7.910562,900.2631,548.00
7.910562,900.3130,660.00
7.910562,900.3631,608.00
7.910562,900.4131,620.00
7.910562,900.4632,601.00
7.910562,900.5132,626.00
7.910562,900.5633,570.00
7.910562,900.6132,620.00
7.910562,900.6632,612.00
7.910562,900.7133,612.00
7.910562,900.7633,567.00
7.910562,900.8133,627.00
7.910562,900.8633,596.00
7.910562,900.9133,622.00
7.910562,900.9633,602.00
7.910562,901.0133,635.00
7.910562,901.0632,613.00
7.910562,901.1132,650.00
7.910562,901.1631,603.00
7.910562,901.2131,655.00
7.910562,901.2631,627.00
7.910562,901.3130,656.00
7.910562,901.3630,615.00
7.910562,901.4129,639.00
7.910562,901.4628,613.00
7.910562,901.5128,643.00
7.910562,901.5627,578.00
7.910562,901.6126,661.00
7.910562,901.6625,601.00
7.910562,901.7124,618.00
7.910562,901.7623,617.00
7.910562,901.8123,629.00
7.910562,901.8621,616.00
7.910562,901.9120,608.00
7.910562,901.9619,567.00
7.910562,902.0117,662.00
7.910562,902.0616,602.00
7.910562,902.1115,660.00
7.910562,902.1613,592.00
7.910562,902.2112,587.00
7.910562,902.2610,611.00
7.910562,902.3109,601.00
7.910562,902.3608,590.00
7.910562,902.4106,652.00
7.910562,902.4604,587.00
7.910562,902.5103,671.00
7.910562,902.5601,594.00
7.910562,902.6099,651.00
7.910562,902.6597,622.00
7.910562,902.7095,663.00
7.910562,902.7592,625.00
7.910562,902.8090,655.00
7.910562,902.8589,571.00
7.910562,902.9086,679.00
7.910562,902.9584,609.00
7.910562,903.0082,674.00
7.910562,903.0580,617.00
7.910562,903.1077,617.00
7.910562,903.1575,621.00
7.910562,903.2072,620.00
7.910562,903.2570,613.00
7.910562,903.3067,662.00
7.910562,903.3564,604.00
7.910562,903.4062,662.00
7.910562,903.4559,638.00
7.910562,903.5056,648.00
7.910562,903.5553,617.00
7.910562,903.6050,622.00
7.910562,903.6547,589.00
7.910562,903.7045,655.00
7.910562,903.7541,570.00
7.910562,903.8038,694.00
7.910562,903.8535,613.00
7.910562,903.9032,634.00
7.910562,903.9528,659.00
7.910562,904.0025,609.00
7.910562,904.0522,617.00
7.910562,904.1019,642.00
7.910562,904.1515,605.00
7.910562,904.2012,635.00
7.910562,904.2507,608.00
7.910562,904.3004,646.00
7.910562,904.3500,591.00
7.910562,904.3997,616.00
7.910562,904.4493,563.00
7.910562,904.4989,624.00
7.910562,904.5485,595.00
7.910562,904.5980,627.00
7.910562,904.6477,600.00
7.910562,904.6973,619.00
7.910562,904.7469,594.00
7.910562,904.7964,633.00
7.910562,904.8460,611.00
7.910562,904.8956,592.00
7.910562,904.9452,577.00
7.910562,904.9947,631.00
7.910562,905.0443,590.00
7.910562,905.0938,639.00
7.910562,905.1434,624.00
7.910562,905.1929,634.00
7.910562,905.2424,635.00
7.910562,905.2919,645.00
7.910562,905.3414,585.00
7.910562,905.3910,632.00
7.910562,905.4406,591.00
7.910562,905.4901,679.00
7.910562,905.5396,586.00
7.910562,905.5890,644.00
7.910562,905.6385,624.00
7.910562,905.6880,631.00
7.910562,905.7375,611.00
7.910562,905.7870,651.00
7.910562,905.8364,594.00
7.910562,905.8859,646.00
7.910562,905.9354,607.00
7.910562,905.9848,645.00
7.910562,906.0342,631.00
7.910562,906.0837,675.00
7.910562,906.1331,593.00
7.910562,906.1826,617.00
7.910562,906.2321,604.00
7.910562,906.2814,671.00
7.910562,906.3309,603.00
7.910562,906.3802,678.00
7.910562,906.4297,628.00
7.910562,906.4791,656.00
7.910562,906.5285,617.00
7.910562,906.5779,633.00
7.910562,906.6273,593.00
7.910562,906.6766,644.00
7.910562,906.7260,612.00
7.910562,906.7754,678.00
7.910562,906.8248,584.00
7.910562,906.8741,656.00
7.910562,906.9235,630.00
7.910562,906.9729,654.00
7.910562,907.0222,599.00
7.910562,907.0715,636.00
7.910562,907.1208,606.00
7.910562,907.1702,643.00
7.910562,907.2195,603.00
7.910562,907.2688,653.00
7.910562,907.3181,624.00
7.910562,907.3674,625.00
7.910562,907.4167,621.00
7.910562,907.4660,633.00
7.910562,907.5153,548.00
7.910562,907.5646,652.00
7.910562,907.6139,592.00
7.910562,907.6631,678.00
7.910562,907.7125,602.00
7.910562,907.7617,622.00
7.910562,907.8110,618.00
7.910562,907.8602,632.00
7.910562,907.9094,575.00
7.910562,907.9587,623.00
7.910562,908.0080,555.00
7.910562,908.0572,641.00
7.910562,908.1064,600.00
7.910562,908.1556,681.00
7.910562,908.2048,627.00
7.910562,908.2541,599.00
7.910562,908.3033,624.00
7.910562,908.3524,652.00
7.910562,908.4017,568.00
7.910562,908.4508,617.00
7.910562,908.5000,599.00
7.910562,908.5493,630.00
7.910562,908.5984,618.00
7.910562,908.6475,622.00
7.910562,908.6967,582.00
7.910562,908.7459,645.00
7.910562,908.7950,585.00
7.910562,908.8442,625.00
7.910562,908.8932,591.00
7.910562,908.9424,657.00
7.910562,908.9916,602.00
7.910562,909.0407,650.00
7.910562,909.0898,692.00
7.910562,909.1389,641.00
7.910562,909.1880,616.00
7.910562,909.2372,649.00
7.910562,909.2863,593.00
7.910562,909.3354,676.00
7.910562,909.3845,590.00
7.910562,909.4335,636.00
7.910562,909.4825,620.00
7.910562,909.5317,614.00
7.910562,909.5807,592.00
7.910562,909.6298,649.00
7.910562,909.6789,580.00
7.910562,909.7280,646.00
7.910562,909.7770,591.00
7.910562,909.8260,668.00
7.910562,909.8751,588.00
7.910562,909.9241,640.00
7.910562,909.9731,629.00
7.910562,910.0222,655.00
7.910562,910.0711,608.00
7.910562,910.1201,654.00
7.910562,910.1691,570.00
7.910562,910.2181,656.00
7.910562,910.2672,621.00
7.910562,910.3162,650.00
7.910562,910.3651,635.00
7.910562,910.4141,651.00
7.910562,910.4631,644.00
7.910562,910.5120,626.00
7.910562,910.5610,579.00
7.910562,910.6099,635.00
7.910562,910.6589,591.00
7.910562,910.7078,638.00
7.910562,910.7568,601.00
7.910562,910.8057,621.00
7.910562,910.8546,625.00
7.910562,910.9036,651.00
7.910562,910.9525,621.00
7.910562,911.0013,660.00
7.910562,911.0503,630.00
7.910562,911.0992,680.00
7.910562,911.1481,627.00
7.910562,911.1970,632.00
7.910562,911.2459,626.00
7.910562,911.2948,623.00
7.910562,911.3436,612.00
7.910562,911.3925,615.00
7.910562,911.4414,584.00
7.910562,911.4902,665.00
7.910562,911.5391,645.00
7.910562,911.5880,638.00
7.910562,911.6368,627.00
7.910562,911.6857,628.00
7.910562,911.7344,606.00
7.910562,911.7833,642.00
7.910562,911.8321,593.00
7.910562,911.8809,673.00
7.910562,911.9297,620.00
7.910562,911.9785,665.00
7.910562,912.0273,667.00
7.910562,912.0762,614.00
7.910562,912.1249,646.00
7.910562,912.1737,658.00
7.910562,912.2225,556.00
7.910562,912.2712,677.00
7.910562,912.3201,677.00
7.910562,912.3688,667.00
7.910562,912.4176,635.00
7.910562,912.4663,662.00
7.910562,912.5150,604.00
7.910562,912.5638,670.00
7.910562,912.6125,617.00
7.910562,912.6613,689.00
7.910562,912.7100,605.00
7.910562,912.7587,662.00
7.910562,912.8074,647.00
7.910562,912.8561,690.00
7.910562,912.9048,638.00
7.910562,912.9535,676.00
7.910562,913.0023,629.00
7.910562,913.0510,647.00
7.910562,913.0996,645.00
7.910562,913.1483,681.00
7.910562,913.1969,652.00
7.910562,913.2456,678.00
7.910562,913.2943,681.00
7.910562,913.3430,664.00
7.910562,913.3916,644.00
7.910562,913.4402,660.00
7.910562,913.4888,653.00
7.910562,913.5375,712.00
7.910562,913.5862,636.00
7.910562,913.6348,706.00
7.910562,913.6834,668.00
7.910562,913.7320,678.00
7.910562,913.7806,668.00
7.910562,913.8292,672.00
7.910562,913.8778,609.00
7.910562,913.9264,672.00
7.910562,913.9750,631.00
7.910562,914.0236,704.00
7.910562,914.0721,656.00
7.910562,914.1207,690.00
7.910562,914.1693,614.00
7.910562,914.2178,675.00
7.910562,914.2664,640.00
7.910562,914.3149,676.00
7.910562,914.3635,615.00
7.910562,914.4120,683.00
7.910562,914.4606,661.00
7.910562,914.5090,710.00
7.910562,914.5576,678.00
7.910562,914.6061,679.00
7.910562,914.6546,639.00
7.910562,914.7031,696.00
7.910562,914.7516,639.00
7.910562,914.8001,701.00
7.910562,914.8486,669.00
7.910562,914.8971,691.00
7.910562,914.9456,676.00
7.910562,914.9941,683.00
7.910562,915.0425,680.00
7.910562,915.0910,670.00
7.910562,915.1395,639.00
7.910562,915.1879,714.00
7.910562,915.2363,633.00
7.910562,915.2849,724.00
7.910562,915.3333,677.00
7.910562,915.3817,721.00
7.910562,915.4301,655.00
7.910562,915.4785,676.00
7.910562,915.5269,634.00
7.910562,915.5754,686.00
7.910562,915.6237,642.00
7.910562,915.6721,701.00
7.910562,915.7205,638.00
7.910562,915.7689,721.00
7.910562,915.8173,663.00
7.910562,915.8657,681.00
7.910562,915.9141,650.00
7.910562,915.9623,687.00
7.910562,916.0107,634.00
7.910562,916.0591,713.00
7.910562,916.1075,660.00
7.910562,916.1558,665.00
7.910562,916.2042,639.00
7.910562,916.2524,677.00
7.910562,916.3008,668.00
7.910562,916.3491,656.00
7.910562,916.3974,620.00
7.910562,916.4457,663.00
7.910562,916.4940,628.00
7.910562,916.5423,666.00
7.910562,916.5907,672.00
7.910562,916.6390,690.00
7.910562,916.6872,661.00
7.910562,916.7355,648.00
7.910562,916.7838,619.00
7.910562,916.8320,696.00
7.910562,916.8803,617.00
7.910562,916.9286,708.00
7.910562,916.9768,628.00
7.910562,917.0250,659.00
7.910562,917.0733,676.00
7.910562,917.1216,652.00
7.910562,917.1698,640.00
7.910562,917.2180,640.00
7.910562,917.2662,629.00
7.910562,917.3145,674.00
7.910562,917.3626,650.00
7.910562,917.4109,696.00
7.910562,917.4590,618.00
7.910562,917.5072,716.00
7.910562,917.5554,663.00
7.910562,917.6036,657.00
7.910562,917.6518,624.00
7.910562,917.7000,693.00
7.910562,917.7481,600.00
7.910562,917.7963,655.00
7.910562,917.8444,654.00
7.910562,917.8926,698.00
7.910562,917.9407,682.00
7.910562,917.9888,688.00
7.910562,918.0369,635.00
7.910562,918.0851,681.00
7.910562,918.1332,639.00
7.910562,918.1813,695.00
7.910562,918.2294,640.00
7.910562,918.2776,679.00
7.910562,918.3257,646.00
7.910562,918.3737,657.00
7.910562,918.4218,645.00
7.910562,918.4699,702.00
7.910562,918.5180,655.00
7.910562,918.5660,665.00
7.910562,918.6142,628.00
7.910562,918.6622,664.00
7.910562,918.7103,667.00
7.910562,918.7583,721.00
7.910562,918.8064,674.00
7.910562,918.8544,672.00
7.910562,918.9025,628.00
7.910562,918.9505,713.00
7.910562,918.9985,622.00
7.910562,919.0464,697.00
7.910562,919.0945,690.00
7.910562,919.1426,720.00
7.910562,919.1905,688.00
7.910562,919.2385,663.00
7.910562,919.2866,634.00
7.910562,919.3345,683.00
7.910562,919.3825,634.00
7.910562,919.4304,682.00
7.910562,919.4785,649.00
7.910562,919.5264,695.00
7.910562,919.5744,661.00
7.910562,919.6224,651.00
7.910562,919.6703,657.00
7.910562,919.7182,684.00
7.910562,919.7661,645.00
7.910562,919.8141,694.00
7.910562,919.8620,665.00
7.910562,919.9100,728.00
7.910562,919.9578,674.00
7.910562,920.0057,692.00
7.910562,920.0536,661.00
7.910562,920.1016,698.00
7.910562,920.1495,648.00
7.910562,920.1973,685.00
7.910562,920.2452,614.00
7.910562,920.2932,690.00
7.910562,920.3410,653.00
7.910562,920.3888,696.00
7.910562,920.4367,654.00
7.910562,920.4846,663.00
7.910562,920.5323,633.00
7.910562,920.5803,618.00
7.910562,920.6281,632.00
7.910562,920.6759,729.00
7.910562,920.7237,661.00
7.910562,920.7715,706.00
7.910562,920.8195,657.00
7.910562,920.8672,676.00
7.910562,920.9150,646.00
7.910562,920.9628,670.00
7.910562,921.0106,659.00
7.910562,921.0584,706.00
7.910562,921.1062,634.00
7.910562,921.1540,715.00
7.910562,921.2017,639.00
7.910562,921.2495,639.00
7.910562,921.2973,647.00
7.910562,921.3450,649.00
7.910562,921.3928,615.00
7.910562,921.4405,693.00
7.910562,921.4882,571.00
7.910562,921.5359,657.00
7.910562,921.5837,638.00
7.910562,921.6315,683.00
7.910562,921.6791,660.00
7.910562,921.7269,671.00
7.910562,921.7746,640.00
7.910562,921.8223,633.00
7.910562,921.8700,603.00
7.910562,921.9177,690.00
7.910562,921.9653,611.00
7.910562,922.0130,684.00
7.910562,922.0607,640.00
7.910562,922.1084,639.00
7.910562,922.1561,631.00
7.910562,922.2037,667.00
7.910562,922.2513,638.00
7.910562,922.2990,690.00
7.910562,922.3467,639.00
7.910562,922.3943,689.00
7.910562,922.4419,643.00
7.910562,922.4895,669.00
7.910562,922.5371,653.00
7.910562,922.5848,653.00
7.910562,922.6324,620.00
7.910562,922.6800,659.00
7.910562,922.7276,602.00
7.910562,922.7752,678.00
7.910562,922.8228,636.00
7.910562,922.8704,690.00
7.910562,922.9179,635.00
7.910562,922.9655,685.00
7.910562,923.0130,653.00
7.910562,923.0607,728.00
7.910562,923.1082,649.00
7.910562,923.1558,707.00
7.910562,923.2032,644.00
7.910562,923.2508,656.00
7.910562,923.2983,662.00
7.910562,923.3459,682.00
7.910562,923.3934,663.00
7.910562,923.4409,664.00
7.910562,923.4884,626.00
7.910562,923.5359,681.00
7.910562,923.5834,603.00
7.910562,923.6309,665.00
7.910562,923.6784,658.00
7.910562,923.7259,689.00
7.910562,923.7734,676.00
7.910562,923.8209,649.00
7.910562,923.8683,608.00
7.910562,923.9158,663.00
7.910562,923.9632,622.00
7.910562,924.0106,710.00
7.910562,924.0581,660.00
7.910562,924.1056,716.00
7.910562,924.1530,667.00
7.910562,924.2004,685.00
7.910562,924.2479,655.00
7.910562,924.2952,666.00
7.910562,924.3427,590.00
7.910562,924.3901,685.00
7.910562,924.4375,644.00
7.910562,924.4849,705.00
7.910562,924.5323,663.00
7.910562,924.5797,657.00
7.910562,924.6270,648.00
7.910562,924.6744,684.00
7.910562,924.7218,620.00
7.910562,924.7692,681.00
7.910562,924.8165,630.00
7.910562,924.8639,696.00
7.910562,924.9112,654.00
7.910562,924.9585,688.00
7.910562,925.0059,696.00
7.910562,925.0532,661.00
7.910562,925.1005,620.00
7.910562,925.1478,669.00
7.910562,925.1952,614.00
7.910562,925.2424,698.00
7.910562,925.2897,648.00
7.910562,925.3370,694.00
7.910562,925.3843,660.00
7.910562,925.4316,673.00
7.910562,925.4789,621.00
7.910562,925.5262,696.00
7.910562,925.5734,629.00
7.910562,925.6207,670.00
7.910562,925.6680,638.00
7.910562,925.7153,696.00
7.910562,925.7625,698.00
7.910562,925.8097,642.00
7.910562,925.8569,657.00
7.910562,925.9042,667.00
7.910562,925.9514,604.00
7.910562,925.9987,689.00
7.910562,926.0458,631.00
7.910562,926.0930,688.00
7.910562,926.1403,635.00
7.910562,926.1874,706.00
7.910562,926.2346,688.00
7.910562,926.2819,689.00
7.910562,926.3290,630.00
7.910562,926.3762,655.00
7.910562,926.4233,601.00
7.910562,926.4705,702.00
7.910562,926.5177,680.00
7.910562,926.5648,703.00
7.910562,926.6120,683.00
7.910562,926.6591,720.00
7.910562,926.7063,653.00
7.910562,926.7534,698.00
7.910562,926.8005,611.00
7.910562,926.8477,727.00
7.910562,926.8947,654.00
7.910562,926.9418,722.00
7.910562,926.9890,677.00
7.910562,927.0361,683.00
7.910562,927.0831,663.00
7.910562,927.1302,675.00
7.910562,927.1773,649.00
7.910562,927.2244,722.00
7.910562,927.2715,655.00
7.910562,927.3185,689.00
7.910562,927.3656,671.00
7.910562,927.4126,688.00
7.910562,927.4597,747.00
7.910562,927.5067,687.00
7.910562,927.5538,664.00
7.910562,927.6008,681.00
7.910562,927.6478,650.00
7.910562,927.6949,743.00
7.910562,927.7419,657.00
7.910562,927.7888,690.00
7.910562,927.8358,704.00
7.910562,927.8829,709.00
7.910562,927.9299,663.00
7.910562,927.9769,734.00
7.910562,928.0239,657.00
7.910562,928.0708,698.00
7.910562,928.1177,678.00
7.910562,928.1648,745.00
7.910562,928.2117,701.00
7.910562,928.2587,718.00
7.910562,928.3056,663.00
7.910562,928.3525,683.00
7.910562,928.3995,670.00
7.910562,928.4465,716.00
7.910562,928.4934,677.00
7.910562,928.5402,695.00
7.910562,928.5872,671.00
7.910562,928.6340,733.00
7.910562,928.6810,670.00
7.910562,928.7279,692.00
7.910562,928.7748,679.00
7.910562,928.8217,687.00
7.910562,928.8685,676.00
7.910562,928.9155,719.00
7.910562,928.9623,654.00
7.910562,929.0092,701.00
7.910562,929.0560,671.00
7.910562,929.1028,690.00
7.910562,929.1498,671.00
7.910562,929.1965,711.00
7.910562,929.2434,684.00
7.910562,929.2902,731.00
7.910562,929.3370,685.00
7.910562,929.3839,709.00
7.910562,929.4307,703.00
7.910562,929.4775,732.00
7.910562,929.5243,713.00
7.910562,929.5710,718.00
7.910562,929.6179,668.00
7.910562,929.6647,727.00
7.910562,929.7115,654.00
7.910562,929.7582,708.00
7.910562,929.8050,669.00
7.910562,929.8517,758.00
7.910562,929.8986,691.00
7.910562,929.9453,695.00
7.910562,929.9921,706.00
7.910562,930.0388,746.00
7.910562,930.0854,707.00
7.910562,930.1323,759.00
7.910562,930.1790,693.00
7.910562,930.2256,767.00
7.910562,930.2724,729.00
7.910562,930.3191,787.00
7.910562,930.3658,825.00
7.910562,930.4125,894.00
7.910562,930.4592,843.00
7.910562,930.5059,890.00
7.910562,930.5526,803.00
7.910562,930.5993,866.00
7.910562,930.6459,959.00
7.910562,930.6926,1113.00
7.910562,930.7392,1323.00
7.910562,930.7859,1499.00
7.910562,930.8325,1669.00
7.910562,930.8792,2219.00
7.910562,930.9258,2916.00
7.910562,930.9725,4293.00
7.910562,931.0190,7051.00
7.910562,931.0657,11950.00
7.910562,931.1123,16747.00
7.910562,931.1589,16838.00
7.910562,931.2055,16776.00
7.910562,931.2521,18219.00
7.910562,931.2987,15245.00
7.910562,931.3453,8629.00
7.910562,931.3919,3969.00
7.910562,931.4385,2228.00
7.910562,931.4850,2195.00
7.910562,931.5316,2672.00
7.910562,931.5782,2994.00
7.910562,931.6248,2786.00
7.910562,931.6713,2418.00
7.910562,931.7178,2241.00
7.910562,931.7643,2046.00
7.910562,931.8109,1755.00
7.910562,931.8574,1423.00
7.910562,931.9039,1531.00
7.910562,931.9504,2244.00
7.910562,931.9969,2743.00
7.910562,932.0435,2063.00
7.910562,932.0900,1293.00
7.910562,932.1365,805.00
7.910562,932.1829,822.00
7.910562,932.2294,717.00
7.910562,932.2759,755.00
7.910562,932.3223,688.00
7.910562,932.3688,666.00
7.910562,932.4153,673.00
7.910562,932.4617,742.00
7.910562,932.5082,677.00
7.910562,932.5546,730.00
7.910562,932.6011,685.00
7.910562,932.6475,746.00
7.910562,932.6939,737.00
7.910562,932.7402,724.00
7.910562,932.7867,707.00
7.910562,932.8331,742.00
7.910562,932.8795,657.00
7.910562,932.9259,730.00
7.910562,932.9723,636.00
7.910562,933.0187,723.00
7.910562,933.0651,703.00
7.910562,933.1115,702.00
7.910562,933.1578,725.00
7.910562,933.2042,686.00
7.910562,933.2505,667.00
7.910562,933.2969,721.00
7.910562,933.3433,701.00
7.910562,933.3896,728.00
7.910562,933.4359,665.00
7.910562,933.4822,681.00
7.910562,933.5286,660.00
7.910562,933.5749,696.00
7.910562,933.6212,676.00
7.910562,933.6675,688.00
7.910562,933.7138,672.00
7.910562,933.7601,722.00
7.910562,933.8064,682.00
7.910562,933.8527,700.00
7.910562,933.8989,666.00
7.910562,933.9452,714.00
7.910562,933.9915,701.00
7.910562,934.0378,717.00
7.910562,934.0840,642.00
7.910562,934.1302,773.00
7.910562,934.1765,689.00
7.910562,934.2227,702.00
7.910562,934.2690,694.00
7.910562,934.3152,695.00
7.910562,934.3614,696.00
7.910562,934.4077,700.00
7.910562,934.4539,671.00
7.910562,934.5001,735.00
7.910562,934.5463,655.00
7.910562,934.5925,734.00
7.910562,934.6387,694.00
7.910562,934.6848,719.00
7.910562,934.7310,679.00
7.910562,934.7772,741.00
7.910562,934.8234,673.00
7.910562,934.8695,699.00
7.910562,934.9156,647.00
7.910562,934.9619,727.00
7.910562,935.0080,678.00
7.910562,935.0541,708.00
7.910562,935.1002,715.00
7.910562,935.1464,687.00
7.910562,935.1925,659.00
7.910562,935.2386,707.00
7.910562,935.2847,672.00
7.910562,935.3308,729.00
7.910562,935.3769,661.00
7.910562,935.4230,745.00
7.910562,935.4691,699.00
7.910562,935.5152,732.00
7.910562,935.5613,672.00
7.910562,935.6073,722.00
7.910562,935.6534,646.00
7.910562,935.6995,707.00
7.910562,935.7455,622.00
7.910562,935.7916,728.00
7.910562,935.8376,689.00
7.910562,935.8837,711.00
7.910562,935.9297,669.00
7.910562,935.9757,689.00
7.910562,936.0217,650.00
7.910562,936.0677,672.00
7.910562,936.1137,623.00
7.910562,936.1598,694.00
7.910562,936.2057,628.00
7.910562,936.2518,699.00
7.910562,936.2977,660.00
7.910562,936.3437,685.00
7.910562,936.3896,621.00
7.910562,936.4357,658.00
7.910562,936.4816,589.00
7.910562,936.5275,698.00
7.910562,936.5735,650.00
7.910562,936.6194,686.00
7.910562,936.6654,653.00
7.910562,936.7114,680.00
7.910562,936.7573,623.00
7.910562,936.8032,649.00
7.910562,936.8491,597.00
7.910562,936.8950,642.00
7.910562,936.9409,630.00
7.910562,936.9868,711.00
7.910562,937.0327,622.00
7.910562,937.0786,678.00
7.910562,937.1245,641.00
7.910562,937.1704,619.00
7.910562,937.2162,615.00
7.910562,937.2621,671.00
7.910562,937.3080,593.00
7.910562,937.3539,650.00
7.910562,937.3997,621.00
7.910562,937.4455,677.00
7.910562,937.4913,627.00
7.910562,937.5372,664.00
7.910562,937.5831,643.00
7.910562,937.6289,636.00
7.910562,937.6747,612.00
7.910562,937.7205,705.00
7.910562,937.7663,610.00
7.910562,937.8121,667.00
7.910562,937.8579,610.00
7.910562,937.9037,670.00
7.910562,937.9495,660.00
7.910562,937.9952,677.00
7.910562,938.0410,611.00
7.910562,938.0868,671.00
7.910562,938.1325,585.00
7.910562,938.1783,674.00
7.910562,938.2240,634.00
7.910562,938.2698,689.00
7.910562,938.3155,641.00
7.910562,938.3613,654.00
7.910562,938.4069,629.00
7.910562,938.4527,635.00
7.910562,938.4984,598.00
7.910562,938.5441,678.00
7.910562,938.5898,633.00
7.910562,938.6356,664.00
7.910562,938.6812,623.00
7.910562,938.7269,665.00
7.910562,938.7726,641.00
7.910562,938.8182,656.00
7.910562,938.8640,668.00
7.910562,938.9096,703.00
7.910562,938.9552,624.00
7.910562,939.0010,668.00
7.910562,939.0466,678.00
7.910562,939.0922,696.00
7.910562,939.1378,659.00
7.910562,939.1835,694.00
7.910562,939.2291,614.00
7.910562,939.2747,683.00
7.910562,939.3203,636.00
7.910562,939.3659,703.00
7.910562,939.4115,643.00
7.910562,939.4570,693.00
7.910562,939.5027,707.00
7.910562,939.5483,668.00
7.910562,939.5939,621.00
7.910562,939.6395,665.00
7.910562,939.6851,630.00
7.910562,939.7306,703.00
7.910562,939.7761,654.00
7.910562,939.8217,720.00
7.910562,939.8672,662.00
7.910562,939.9127,673.00
7.910562,939.9583,663.00
7.910562,940.0038,679.00
7.910562,940.0493,618.00
7.910562,940.0948,711.00
7.910562,940.1403,644.00
7.910562,940.1859,759.00
7.910562,940.2314,677.00
7.910562,940.2769,715.00
7.910562,940.3223,629.00
7.910562,940.3678,730.00
7.910562,940.4133,667.00
7.910562,940.4588,710.00
7.910562,940.5042,647.00
7.910562,940.5497,740.00
7.910562,940.5952,647.00
7.910562,940.6406,713.00
7.910562,940.6860,701.00
7.910562,940.7315,693.00
7.910562,940.7769,664.00
7.910562,940.8223,693.00
7.910562,940.8677,642.00
7.910562,940.9132,712.00
7.910562,940.9586,656.00
7.910562,941.0040,738.00
7.910562,941.0494,696.00
7.910562,941.0948,711.00
7.910562,941.1402,680.00
7.910562,941.1855,702.00
7.910562,941.2310,637.00
7.910562,941.2762,736.00
7.910562,941.3216,661.00
7.910562,941.3670,728.00
7.910562,941.4124,651.00
7.910562,941.4577,696.00
7.910562,941.5031,678.00
7.910562,941.5483,712.00
7.910562,941.5937,650.00
7.910562,941.6390,709.00
7.910562,941.6843,654.00
7.910562,941.7296,693.00
7.910562,941.7749,654.00
7.910562,941.8203,703.00
7.910562,941.8655,696.00
7.910562,941.9108,695.00
7.910562,941.9561,674.00
7.910562,942.0013,703.00
7.910562,942.0467,631.00
7.910562,942.0920,712.00
7.910562,942.1372,669.00
7.910562,942.1824,721.00
7.910562,942.2277,677.00
7.910562,942.2729,695.00
7.910562,942.3182,660.00
7.910562,942.3634,722.00
7.910562,942.4086,652.00
7.910562,942.4539,694.00
7.910562,942.4990,657.00
7.910562,942.5443,732.00
7.910562,942.5895,701.00
7.910562,942.6347,720.00
7.910562,942.6798,649.00
7.910562,942.7250,716.00
7.910562,942.7702,668.00
7.910562,942.8154,718.00
7.910562,942.8606,626.00
7.910562,942.9058,722.00
7.910562,942.9508,638.00
7.910562,942.9960,688.00
7.910562,943.0412,667.00
7.910562,943.0864,693.00
7.910562,943.1314,657.00
7.910562,943.1766,705.00
7.910562,943.2217,682.00
7.910562,943.2668,733.00
7.910562,943.3120,642.00
7.910562,943.3571,716.00
7.910562,943.4021,704.00
7.910562,943.4473,721.00
7.910562,943.4923,660.00
7.910562,943.5374,659.00
7.910562,943.5825,672.00
7.910562,943.6276,698.00
7.910562,943.6725,634.00
7.910562,943.7177,682.00
7.910562,943.7627,675.00
7.910562,943.8078,664.00
7.910562,943.8528,653.00
7.910562,943.8978,677.00
7.910562,943.9429,651.00
7.910562,943.9879,733.00
7.910562,944.0330,658.00
7.910562,944.0779,712.00
7.910562,944.1229,662.00
7.910562,944.1679,693.00
7.910562,944.2130,684.00
7.910562,944.2579,695.00
7.910562,944.3029,680.00
7.910562,944.3478,645.00
7.910562,944.3929,630.00
7.910562,944.4379,720.00
7.910562,944.4828,667.00
7.910562,944.5277,720.00
7.910562,944.5727,658.00
7.910562,944.6176,677.00
7.910562,944.6626,642.00
7.910562,944.7076,677.00
7.910562,944.7524,634.00
7.910562,944.7974,693.00
7.910562,944.8423,644.00
7.910562,944.8872,725.00
7.910562,944.9321,696.00
7.910562,944.9770,683.00
7.910562,945.0219,664.00
7.910562,945.0667,704.00
7.910562,945.1116,676.00
7.910562,945.1566,688.00
7.910562,945.2014,643.00
7.910562,945.2463,710.00
7.910562,945.2911,642.00
7.910562,945.3360,706.00
7.910562,945.3808,674.00
7.910562,945.4257,683.00
7.910562,945.4705,665.00
7.910562,945.5153,689.00
7.910562,945.5601,601.00
7.910562,945.6050,737.00
7.910562,945.6498,681.00
7.910562,945.6946,700.00
7.910562,945.7394,676.00
7.910562,945.7842,688.00
7.910562,945.8290,654.00
7.910562,945.8738,708.00
7.910562,945.9186,654.00
7.910562,945.9633,708.00
7.910562,946.0081,650.00
7.910562,946.0529,695.00
7.910562,946.0976,668.00
7.910562,946.1423,679.00
7.910562,946.1871,660.00
7.910562,946.2318,697.00
7.910562,946.2766,609.00
7.910562,946.3213,698.00
7.910562,946.3660,627.00
7.910562,946.4107,694.00
7.910562,946.4554,652.00
7.910562,946.5001,688.00
7.910562,946.5449,673.00
7.910562,946.5895,659.00
7.910562,946.6342,659.00
7.910562,946.6789,678.00
7.910562,946.7236,642.00
7.910562,946.7682,686.00
7.910562,946.8129,657.00
7.910562,946.8575,731.00
7.910562,946.9022,665.00
7.910562,946.9468,725.00
7.910562,946.9915,673.00
7.910562,947.0361,674.00
7.910562,947.0807,627.00
7.910562,947.1253,674.00
7.910562,947.1700,624.00
7.910562,947.2146,718.00
7.910562,947.2592,653.00
7.910562,947.3038,701.00
7.910562,947.3483,673.00
7.910562,947.3929,692.00
7.910562,947.4376,625.00
7.910562,947.4821,692.00
7.910562,947.5267,632.00
7.910562,947.5712,720.00
7.910562,947.6158,640.00
7.910562,947.6604,688.00
7.910562,947.7050,666.00
7.910562,947.7495,658.00
7.910562,947.7939,636.00
7.910562,947.8385,702.00
7.910562,947.8831,636.00
7.910562,947.9276,675.00
7.910562,947.9720,645.00
7.910562,948.0166,680.00
7.910562,948.0611,633.00
7.910562,948.1056,644.00
7.910562,948.1501,657.00
7.910562,948.1945,654.00
7.910562,948.2390,640.00
7.910562,948.2835,674.00
7.910562,948.3279,628.00
7.910562,948.3724,662.00
7.910562,948.4169,635.00
7.910562,948.4613,686.00
7.910562,948.5057,627.00
7.910562,948.5502,638.00
7.910562,948.5947,599.00
7.910562,948.6391,691.00
7.910562,948.6835,629.00
7.910562,948.7279,689.00
7.910562,948.7723,655.00
7.910562,948.8167,675.00
7.910562,948.8611,633.00
7.910562,948.9055,636.00
7.910562,948.9498,628.00
7.910562,948.9943,667.00
7.910562,949.0387,645.00
7.910562,949.0830,670.00
7.910562,949.1273,626.00
7.910562,949.1718,704.00
7.910562,949.2161,639.00
7.910562,949.2604,668.00
7.910562,949.3047,613.00
7.910562,949.3491,657.00
7.910562,949.3934,622.00
7.910562,949.4377,673.00
7.910562,949.4821,606.00
7.910562,949.5264,710.00
7.910562,949.5707,650.00
7.910562,949.6150,683.00
7.910562,949.6592,636.00
7.910562,949.7036,653.00
7.910562,949.7479,623.00
7.910562,949.7921,709.00
7.910562,949.8363,631.00
7.910562,949.8806,684.00
7.910562,949.9249,664.00
7.910562,949.9692,685.00
7.910562,950.0134,646.00
7.910562,950.0576,673.00
7.910562,950.1019,658.00
7.910562,950.1461,706.00
7.910562,950.1903,622.00
7.910562,950.2346,701.00
7.910562,950.2787,650.00
7.910562,950.3229,673.00
7.910562,950.3671,653.00
7.910562,950.4114,683.00
7.910562,950.4555,648.00
7.910562,950.4997,671.00
7.910562,950.5439,676.00
7.910562,950.5880,718.00
7.910562,950.6322,637.00
7.910562,950.6763,680.00
7.910562,950.7205,667.00
7.910562,950.7646,666.00
7.910562,950.8088,633.00
7.910562,950.8530,660.00
7.910562,950.8971,646.00
7.910562,950.9412,669.00
7.910562,950.9853,589.00
7.910562,951.0294,714.00
7.910562,951.0735,644.00
7.910562,951.1177,715.00
7.910562,951.1617,672.00
7.910562,951.2057,660.00
7.910562,951.2499,647.00
7.910562,951.2939,692.00
7.910562,951.3380,643.00
7.910562,951.3821,682.00
7.910562,951.4261,642.00
7.910562,951.4702,689.00
7.910562,951.5142,672.00
7.910562,951.5582,689.00
7.910562,951.6024,621.00
7.910562,951.6464,727.00
7.910562,951.6904,662.00
7.910562,951.7344,716.00
7.910562,951.7784,618.00
7.910562,951.8224,696.00
7.910562,951.8665,639.00
7.910562,951.9104,691.00
7.910562,951.9544,662.00
7.910562,951.9984,659.00
7.910562,952.0424,674.00
7.910562,952.0864,697.00
7.910562,952.1303,617.00
7.910562,952.1743,703.00
7.910562,952.2183,655.00
7.910562,952.2621,703.00
7.910562,952.3061,652.00
7.910562,952.3500,690.00
7.910562,952.3940,669.00
7.910562,952.4379,677.00
7.910562,952.4818,613.00
7.910562,952.5258,692.00
7.910562,952.5696,671.00
7.910562,952.6136,720.00
7.910562,952.6574,628.00
7.910562,952.7014,690.00
7.910562,952.7452,646.00
7.910562,952.7891,681.00
7.910562,952.8330,620.00
7.910562,952.8768,698.00
7.910562,952.9207,649.00
7.910562,952.9645,739.00
7.910562,953.0084,650.00
7.910562,953.0522,672.00
7.910562,953.0961,665.00
7.910562,953.1400,650.00
7.910562,953.1838,629.00
7.910562,953.2275,657.00
7.910562,953.2714,612.00
7.910562,953.3152,714.00
7.910562,953.3589,641.00
7.910562,953.4028,690.00
7.910562,953.4466,664.00
7.910562,953.4904,646.00
7.910562,953.5341,661.00
7.910562,953.5779,666.00
7.910562,953.6217,603.00
7.910562,953.6654,658.00
7.910562,953.7092,617.00
7.910562,953.7529,698.00
7.910562,953.7967,609.00
7.910562,953.8405,667.00
7.910562,953.8842,635.00
7.910562,953.9279,636.00
7.910562,953.9716,631.00
7.910562,954.0153,634.00
7.910562,954.0590,601.00
7.910562,954.1027,659.00
7.910562,954.1464,638.00
7.910562,954.1901,655.00
7.910562,954.2338,657.00
7.910562,954.2774,652.00
7.910562,954.3212,627.00
7.910562,954.3648,673.00
7.910562,954.4084,601.00
7.910562,954.4521,676.00
7.910562,954.4958,632.00
7.910562,954.5394,669.00
7.910562,954.5831,654.00
7.910562,954.6267,648.00
7.910562,954.6703,648.00
7.910562,954.7139,662.00
7.910562,954.7576,604.00
7.910562,954.8012,665.00
7.910562,954.8448,622.00
7.910562,954.8884,690.00
7.910562,954.9319,635.00
7.910562,954.9755,706.00
7.910562,955.0191,638.00
7.910562,955.0627,623.00
7.910562,955.1063,591.00
7.910562,955.1498,613.00
7.910562,955.1934,593.00
7.910562,955.2369,669.00
7.910562,955.2805,607.00
7.910562,955.3240,639.00
7.910562,955.3675,642.00
7.910562,955.4111,648.00
7.910562,955.4546,610.00
7.910562,955.4981,703.00
7.910562,955.5416,589.00
7.910562,955.5851,651.00
7.910562,955.6285,606.00
7.910562,955.6722,667.00
7.910562,955.7156,643.00
7.910562,955.7590,654.00
7.910562,955.8025,635.00
7.910562,955.8460,673.00
7.910562,955.8895,605.00
7.910562,955.9329,683.00
7.910562,955.9764,615.00
7.910562,956.0198,675.00
7.910562,956.0632,622.00
7.910562,956.1067,684.00
7.910562,956.1501,649.00
7.910562,956.1935,673.00
7.910562,956.2369,621.00
7.910562,956.2803,657.00
7.910562,956.3238,608.00
7.910562,956.3671,708.00
7.910562,956.4105,638.00
7.910562,956.4539,670.00
7.910562,956.4973,646.00
7.910562,956.5406,622.00
7.910562,956.5841,630.00
7.910562,956.6274,661.00
7.910562,956.6707,607.00
7.910562,956.7141,687.00
7.910562,956.7575,631.00
7.910562,956.8008,685.00
7.910562,956.8442,644.00
7.910562,956.8875,683.00
7.910562,956.9308,657.00
7.910562,956.9741,669.00
7.910562,957.0174,626.00
7.910562,957.0607,672.00
7.910562,957.1040,601.00
7.910562,957.1473,700.00
7.910562,957.1906,638.00
7.910562,957.2339,679.00
7.910562,957.2772,650.00
7.910562,957.3204,670.00
7.910562,957.3636,608.00
7.910562,957.4069,661.00
7.910562,957.4502,617.00
7.910562,957.4934,679.00
7.910562,957.5366,635.00
7.910562,957.5799,700.00
7.910562,957.6230,646.00
7.910562,957.6664,658.00
7.910562,957.7095,649.00
7.910562,957.7527,693.00
7.910562,957.7959,632.00
7.910562,957.8392,663.00
7.910562,957.8823,611.00
7.910562,957.9255,710.00
7.910562,957.9687,654.00
7.910562,958.0118,654.00
7.910562,958.0551,635.00
7.910562,958.0983,697.00
7.910562,958.1414,633.00
7.910562,958.1845,677.00
7.910562,958.2277,633.00
7.910562,958.2708,691.00
7.910562,958.3139,648.00
7.910562,958.3571,672.00
7.910562,958.4001,640.00
7.910562,958.4432,684.00
7.910562,958.4864,645.00
7.910562,958.5295,674.00
7.910562,958.5726,638.00
7.910562,958.6157,690.00
7.910562,958.6588,654.00
7.910562,958.7018,684.00
7.910562,958.7449,629.00
7.910562,958.7879,677.00
7.910562,958.8311,629.00
7.910562,958.8741,665.00
7.910562,958.9171,610.00
7.910562,958.9601,702.00
7.910562,959.0032,622.00
7.910562,959.0463,724.00
7.910562,959.0893,680.00
7.910562,959.1323,689.00
7.910562,959.1752,651.00
7.910562,959.2183,721.00
7.910562,959.2613,642.00
7.910562,959.3043,682.00
7.910562,959.3472,628.00
7.910562,959.3903,687.00
7.910562,959.4332,638.00
7.910562,959.4763,701.00
7.910562,959.5192,629.00
7.910562,959.5621,648.00
7.910562,959.6051,631.00
7.910562,959.6480,669.00
7.910562,959.6910,584.00
7.910562,959.7339,656.00
7.910562,959.7768,602.00
7.910562,959.8198,667.00
7.910562,959.8627,616.00
7.910562,959.9056,652.00
7.910562,959.9485,600.00
7.910562,959.9915,637.00
7.910562,960.0343,565.00
7.910562,960.0771,672.00
7.910562,960.1201,596.00
7.910562,960.1630,682.00
7.910562,960.2058,616.00
7.910562,960.2487,626.00
7.910562,960.2915,594.00
7.910562,960.3344,622.00
7.910562,960.3773,563.00
7.910562,960.4200,646.00
7.910562,960.4629,593.00
7.910562,960.5057,669.00
7.910562,960.5485,597.00
7.910562,960.5914,635.00
7.910562,960.6342,635.00
7.910562,960.6770,616.00
7.910562,960.7198,608.00
7.910562,960.7626,628.00
7.910562,960.8054,591.00
7.910562,960.8481,641.00
7.910562,960.8909,624.00
7.910562,960.9337,650.00
7.910562,960.9764,634.00
7.910562,961.0192,623.00
7.910562,961.0620,606.00
7.910562,961.1047,636.00
7.910562,961.1475,599.00
7.910562,961.1902,701.00
7.910562,961.2329,603.00
7.910562,961.2757,685.00
7.910562,961.3184,674.00
7.910562,961.3611,623.00
7.910562,961.4037,600.00
7.910562,961.4465,633.00
7.910562,961.4892,600.00
7.910562,961.5319,657.00
7.910562,961.5745,581.00
7.910562,961.6172,670.00
7.910562,961.6599,600.00
7.910562,961.7026,692.00
7.910562,961.7452,652.00
7.910562,961.7878,622.00
7.910562,961.8304,619.00
7.910562,961.8731,674.00
7.910562,961.9157,596.00
7.910562,961.9584,628.00
7.910562,962.0010,615.00
7.910562,962.0436,657.00
7.910562,962.0862,635.00
7.910562,962.1288,636.00
7.910562,962.1714,612.00
7.910562,962.2140,633.00
7.910562,962.2565,596.00
7.910562,962.2991,659.00
7.910562,962.3417,590.00
7.910562,962.3843,668.00
7.910562,962.4268,664.00
7.910562,962.4694,646.00
7.910562,962.5119,635.00
7.910562,962.5545,681.00
7.910562,962.5970,606.00
7.910562,962.6396,674.00
7.910562,962.6821,593.00
7.910562,962.7246,697.00
7.910562,962.7671,624.00
7.910562,962.8096,689.00
7.910562,962.8522,625.00
7.910562,962.8947,612.00
7.910562,962.9371,598.00
7.910562,962.9796,622.00
7.910562,963.0222,596.00
7.910562,963.0646,644.00
7.910562,963.1070,590.00
7.910562,963.1495,645.00
7.910562,963.1919,611.00
7.910562,963.2344,648.00
7.910562,963.2768,620.00
7.910562,963.3193,651.00
7.910562,963.3616,616.00
7.910562,963.4041,711.00
7.910562,963.4465,608.00
7.910562,963.4889,682.00
7.910562,963.5314,627.00
7.910562,963.5737,638.00
7.910562,963.6161,619.00
7.910562,963.6585,632.00
7.910562,963.7009,581.00
7.910562,963.7433,643.00
7.910562,963.7856,631.00
7.910562,963.8280,679.00
7.910562,963.8704,604.00
7.910562,963.9127,656.00
7.910562,963.9551,615.00
7.910562,963.9974,621.00
7.910562,964.0397,607.00
7.910562,964.0820,650.00
7.910562,964.1244,604.00
7.910562,964.1667,661.00
7.910562,964.2090,606.00
7.910562,964.2513,651.00
7.910562,964.2936,639.00
7.910562,964.3359,644.00
7.910562,964.3782,612.00
7.910562,964.4205,645.00
7.910562,964.4627,587.00
7.910562,964.5050,653.00
7.910562,964.5472,566.00
7.910562,964.5895,700.00
7.910562,964.6317,648.00
7.910562,964.6740,643.00
7.910562,964.7162,632.00
7.910562,964.7585,621.00
7.910562,964.8007,580.00
7.910562,964.8429,608.00
7.910562,964.8851,599.00
7.910562,964.9273,654.00
7.910562,964.9695,588.00
7.910562,965.0118,622.00
7.910562,965.0539,614.00
7.910562,965.0961,637.00
7.910562,965.1382,655.00
7.910562,965.1805,664.00
7.910562,965.2226,601.00
7.910562,965.2648,681.00
7.910562,965.3069,608.00
7.910562,965.3491,625.00
7.910562,965.3912,628.00
7.910562,965.4333,650.00
7.910562,965.4755,612.00
7.910562,965.5176,616.00
7.910562,965.5598,582.00
7.910562,965.6019,678.00
7.910562,965.6439,595.00
7.910562,965.6861,650.00
7.910562,965.7281,596.00
7.910562,965.7702,635.00
7.910562,965.8123,589.00
7.910562,965.8543,625.00
7.910562,965.8964,591.00
7.910562,965.9385,642.00
7.910562,965.9806,575.00
7.910562,966.0226,630.00
7.910562,966.0647,590.00
7.910562,966.1068,597.00
7.910562,966.1487,615.00
7.910562,966.1907,617.00
7.910562,966.2328,615.00
7.910562,966.2748,663.00
7.910562,966.3168,606.00
7.910562,966.3588,653.00
7.910562,966.4008,586.00
7.910562,966.4427,643.00
7.910562,966.4848,615.00
7.910562,966.5268,633.00
7.910562,966.5688,632.00
7.910562,966.6107,627.00
7.910562,966.6526,589.00
7.910562,966.6946,667.00
7.910562,966.7366,552.00
7.910562,966.7785,662.00
7.910562,966.8204,623.00
7.910562,966.8624,644.00
7.910562,966.9042,621.00
7.910562,966.9462,610.00
7.910562,966.9881,591.00
7.910562,967.0300,637.00
7.910562,967.0719,582.00
7.910562,967.1138,648.00
7.910562,967.1556,621.00
7.910562,967.1976,655.00
7.910562,967.2394,616.00
7.910562,967.2813,617.00
7.910562,967.3232,590.00
7.910562,967.3651,662.00
7.910562,967.4070,549.00
7.910562,967.4488,652.00
7.910562,967.4906,588.00
7.910562,967.5324,671.00
7.910562,967.5743,655.00
7.910562,967.6161,620.00
7.910562,967.6579,604.00
7.910562,967.6997,672.00
7.910562,967.7415,599.00
7.910562,967.7833,639.00
7.910562,967.8251,580.00
7.910562,967.8669,694.00
7.910562,967.9087,624.00
7.910562,967.9504,655.00
7.910562,967.9922,631.00
7.910562,968.0339,624.00
7.910562,968.0757,607.00
7.910562,968.1174,666.00
7.910562,968.1592,591.00
7.910562,968.2009,659.00
7.910562,968.2427,618.00
7.910562,968.2844,657.00
7.910562,968.3262,647.00
7.910562,968.3679,609.00
7.910562,968.4095,601.00
7.910562,968.4512,641.00
7.910562,968.4930,612.00
7.910562,968.5347,675.00
7.910562,968.5763,636.00
7.910562,968.6180,668.00
7.910562,968.6597,620.00
7.910562,968.7014,680.00
7.910562,968.7430,619.00
7.910562,968.7846,634.00
7.910562,968.8263,584.00
7.910562,968.8679,640.00
7.910562,968.9095,602.00
7.910562,968.9512,687.00
7.910562,968.9928,639.00
7.910562,969.0344,638.00
7.910562,969.0761,640.00
7.910562,969.1177,619.00
7.910562,969.1592,615.00
7.910562,969.2009,633.00
7.910562,969.2424,583.00
7.910562,969.2839,660.00
7.910562,969.3255,611.00
7.910562,969.3672,653.00
7.910562,969.4087,614.00
7.910562,969.4503,661.00
7.910562,969.4918,590.00
7.910562,969.5333,631.00
7.910562,969.5749,608.00
7.910562,969.6165,643.00
7.910562,969.6580,616.00
7.910562,969.6995,665.00
7.910562,969.7410,635.00
7.910562,969.7825,664.00
7.910562,969.8240,615.00
7.910562,969.8655,644.00
7.910562,969.9070,612.00
7.910562,969.9484,679.00
7.910562,969.9899,608.00
7.910562,970.0314,635.00
7.910562,970.0728,634.00
7.910562,970.1143,658.00
7.910562,970.1558,651.00
7.910562,970.1971,644.00
7.910562,970.2386,597.00
7.910562,970.2801,637.00
7.910562,970.3215,597.00
7.910562,970.3629,661.00
7.910562,970.4044,600.00
7.910562,970.4457,638.00
7.910562,970.4872,634.00
7.910562,970.5286,614.00
7.910562,970.5699,592.00
7.910562,970.6113,642.00
7.910562,970.6527,579.00
7.910562,970.6941,627.00
7.910562,970.7354,621.00
7.910562,970.7768,628.00
7.910562,970.8182,595.00
7.910562,970.8595,647.00
7.910562,970.9009,619.00
7.910562,970.9422,612.00
7.910562,970.9835,586.00
7.910562,971.0248,625.00
7.910562,971.0662,559.00
7.910562,971.1075,625.00
7.910562,971.1487,592.00
7.910562,971.1901,629.00
7.910562,971.2314,614.00
7.910562,971.2727,595.00
7.910562,971.3140,574.00
7.910562,971.3552,624.00
7.910562,971.3965,564.00
7.910562,971.4377,645.00
7.910562,971.4789,609.00
7.910562,971.5203,611.00
7.910562,971.5615,618.00
7.910562,971.6027,604.00
7.910562,971.6439,596.00
7.910562,971.6852,604.00
7.910562,971.7264,579.00
7.910562,971.7676,633.00
7.910562,971.8088,576.00
7.910562,971.8500,664.00
7.910562,971.8912,590.00
7.910562,971.9324,633.00
7.910562,971.9736,628.00
7.910562,972.0148,632.00
7.910562,972.0560,606.00
7.910562,972.0972,637.00
7.910562,972.1384,580.00
7.910562,972.1794,652.00
7.910562,972.2206,604.00
7.910562,972.2617,613.00
7.910562,972.3029,600.00
7.910562,972.3439,608.00
7.910562,972.3851,574.00
7.910562,972.4262,592.00
7.910562,972.4673,508.00
7.910562,972.5085,634.00
7.910562,972.5496,564.00
7.910562,972.5907,597.00
7.910562,972.6317,572.00
7.910562,972.6729,586.00
7.910562,972.7139,543.00
7.910562,972.7549,596.00
7.910562,972.7961,552.00
7.910562,972.8371,606.00
7.910562,972.8781,571.00
7.910562,972.9191,653.00
7.910562,972.9602,580.00
7.910562,973.0013,634.00
7.910562,973.0423,591.00
7.910562,973.0833,593.00
7.910562,973.1243,574.00
7.910562,973.1653,606.00
7.910562,973.2064,551.00
7.910562,973.2473,639.00
7.910562,973.2883,592.00
7.910562,973.3293,599.00
7.910562,973.3703,555.00
7.910562,973.4113,607.00
7.910562,973.4522,583.00
7.910562,973.4931,622.00
7.910562,973.5341,577.00
7.910562,973.5750,625.00
7.910562,973.6160,585.00
7.910562,973.6570,655.00
7.910562,973.6978,581.00
7.910562,973.7388,594.00
7.910562,973.7797,576.00
7.910562,973.8206,622.00
7.910562,973.8615,561.00
7.910562,973.9024,626.00
7.910562,973.9433,585.00
7.910562,973.9842,658.00
7.910562,974.0250,583.00
7.910562,974.0660,626.00
7.910562,974.1068,621.00
7.910562,974.1476,622.00
7.910562,974.1885,577.00
7.910562,974.2294,631.00
7.910562,974.2702,579.00
7.910562,974.3110,640.00
7.910562,974.3519,615.00
7.910562,974.3927,638.00
7.910562,974.4335,621.00
7.910562,974.4743,637.00
7.910562,974.5151,624.00
7.910562,974.5559,645.00
7.910562,974.5967,575.00
7.910562,974.6375,664.00
7.910562,974.6783,568.00
7.910562,974.7191,660.00
7.910562,974.7598,652.00
7.910562,974.8006,669.00
7.910562,974.8413,636.00
7.910562,974.8821,640.00
7.910562,974.9229,610.00
7.910562,974.9636,668.00
7.910562,975.0043,616.00
7.910562,975.0450,622.00
7.910562,975.0858,616.00
7.910562,975.1265,649.00
7.910562,975.1672,618.00
7.910562,975.2079,662.00
7.910562,975.2485,595.00
7.910562,975.2892,666.00
7.910562,975.3300,618.00
7.910562,975.3706,673.00
7.910562,975.4113,637.00
7.910562,975.4519,695.00
7.910562,975.4926,669.00
7.910562,975.5333,683.00
7.910562,975.5739,598.00
7.910562,975.6146,668.00
7.910562,975.6552,595.00
7.910562,975.6958,678.00
7.910562,975.7363,603.00
7.910562,975.7770,659.00
7.910562,975.8176,628.00
7.910562,975.8582,651.00
7.910562,975.8989,619.00
7.910562,975.9395,643.00
7.910562,975.9800,591.00
7.910562,976.0206,678.00
7.910562,976.0611,591.00
7.910562,976.1017,681.00
7.910562,976.1423,633.00
7.910562,976.1829,651.00
7.910562,976.2234,635.00
7.910562,976.2639,645.00
7.910562,976.3044,612.00
7.910562,976.3450,646.00
7.910562,976.3855,595.00
7.910562,976.4260,625.00
7.910562,976.4665,638.00
7.910562,976.5070,654.00
7.910562,976.5475,639.00
7.910562,976.5880,659.00
7.910562,976.6285,596.00
7.910562,976.6690,679.00
7.910562,976.7095,569.00
7.910562,976.7500,679.00
7.910562,976.7905,615.00
7.910562,976.8308,672.00
7.910562,976.8713,623.00
7.910562,976.9117,626.00
7.910562,976.9521,611.00
7.910562,976.9926,641.00
7.910562,977.0330,604.00
7.910562,977.0734,651.00
7.910562,977.1139,593.00
7.910562,977.1542,651.00
7.910562,977.1947,616.00
7.910562,977.2350,662.00
7.910562,977.2755,621.00
7.910562,977.3158,618.00
7.910562,977.3562,591.00
7.910562,977.3965,650.00
7.910562,977.4370,585.00
7.910562,977.4773,650.00
7.910562,977.5176,637.00
7.910562,977.5579,611.00
7.910562,977.5983,573.00
7.910562,977.6387,632.00
7.910562,977.6790,587.00
7.910562,977.7192,622.00
7.910562,977.7595,575.00
7.910562,977.7999,674.00
7.910562,977.8402,584.00
7.910562,977.8805,637.00
7.910562,977.9208,569.00
7.910562,977.9610,555.00
7.910562,978.0013,551.00
7.910562,978.0417,604.00
7.910562,978.0819,556.00
7.910562,978.1221,612.00
7.910562,978.1624,569.00
7.910562,978.2026,601.00
7.910562,978.2428,558.00
7.910562,978.2831,596.00
7.910562,978.3233,592.00
7.910562,978.3635,566.00
7.910562,978.4037,540.00
7.910562,978.4440,569.00
7.910562,978.4842,548.00
7.910562,978.5244,618.00
7.910562,978.5645,587.00
7.910562,978.6047,588.00
7.910562,978.6449,568.00
7.910562,978.6851,614.00
7.910562,978.7253,537.00
7.910562,978.7654,601.00
7.910562,978.8055,576.00
7.910562,978.8458,616.00
7.910562,978.8859,541.00
7.910562,978.9260,626.00
7.910562,978.9661,572.00
7.910562,979.0062,592.00
7.910562,979.0463,586.00
7.910562,979.0864,598.00
7.910562,979.1266,553.00
7.910562,979.1666,606.00
7.910562,979.2067,542.00
7.910562,979.2469,615.00
7.910562,979.2869,591.00
7.910562,979.3270,618.00
7.910562,979.3671,629.00
7.910562,979.4071,589.00
7.910562,979.4471,533.00
7.910562,979.4871,615.00
7.910562,979.5272,549.00
7.910562,979.5673,610.00
7.910562,979.6072,582.00
7.910562,979.6473,606.00
7.910562,979.6873,581.00
7.910562,979.7273,590.00
7.910562,979.7673,543.00
7.910562,979.8073,589.00
7.910562,979.8473,575.00
7.910562,979.8873,622.00
7.910562,979.9273,575.00
7.910562,979.9673,625.00
7.910562,980.0072,594.00
7.910562,980.0471,591.00
7.910562,980.0872,579.00
7.910562,980.1271,601.00
7.910562,980.1671,538.00
7.910562,980.2069,595.00
7.910562,980.2469,557.00
7.910562,980.2868,645.00
7.910562,980.3267,592.00
7.910562,980.3666,645.00
7.910562,980.4065,579.00
7.910562,980.4464,600.00
7.910562,980.4863,566.00
7.910562,980.5262,620.00
7.910562,980.5660,560.00
7.910562,980.6060,623.00
7.910562,980.6458,582.00
7.910562,980.6857,591.00
7.910562,980.7255,606.00
7.910562,980.7654,602.00
7.910562,980.8052,549.00
7.910562,980.8450,589.00
7.910562,980.8849,559.00
7.910562,980.9247,627.00
7.910562,980.9645,593.00
7.910562,981.0043,624.00
7.910562,981.0441,602.00
7.910562,981.0839,591.00
7.910562,981.1237,583.00
7.910562,981.1635,616.00
7.910562,981.2033,524.00
7.910562,981.2430,627.00
7.910562,981.2828,545.00
7.910562,981.3226,627.00
7.910562,981.3624,572.00
7.910562,981.4021,588.00
7.910562,981.4418,587.00
7.910562,981.4816,582.00
7.910562,981.5213,553.00
7.910562,981.5610,608.00
7.910562,981.6008,530.00
7.910562,981.6404,623.00
7.910562,981.6802,569.00
7.910562,981.7198,596.00
7.910562,981.7596,586.00
7.910562,981.7993,577.00
7.910562,981.8389,555.00
7.910562,981.8786,568.00
7.910562,981.9182,522.00
7.910562,981.9579,585.00
7.910562,981.9976,556.00
7.910562,982.0372,585.00
7.910562,982.0768,532.00
7.910562,982.1165,563.00
7.910562,982.1561,530.00
7.910562,982.1958,564.00
7.910562,982.2354,504.00
7.910562,982.2750,598.00
7.910562,982.3146,515.00
7.910562,982.3541,617.00
7.910562,982.3937,578.00
7.910562,982.4333,592.00
7.910562,982.4730,575.00
7.910562,982.5125,597.00
7.910562,982.5521,546.00
7.910562,982.5917,589.00
7.910562,982.6312,526.00
7.910562,982.6707,591.00
7.910562,982.7103,532.00
7.910562,982.7498,609.00
7.910562,982.7893,548.00
7.910562,982.8289,557.00
7.910562,982.8683,507.00
7.910562,982.9079,556.00
7.910562,982.9474,522.00
7.910562,982.9869,616.00
7.910562,983.0264,532.00
7.910562,983.0659,595.00
7.910562,983.1053,564.00
7.910562,983.1448,567.00
7.910562,983.1843,560.00
7.910562,983.2238,606.00
7.910562,983.2632,543.00
7.910562,983.3027,588.00
7.910562,983.3420,585.00
7.910562,983.3816,576.00
7.910562,983.4210,565.00
7.910562,983.4604,573.00
7.910562,983.4998,536.00
7.910562,983.5392,558.00
7.910562,983.5786,542.00
7.910562,983.6180,560.00
7.910562,983.6574,540.00
7.910562,983.6968,610.00
7.910562,983.7361,565.00
7.910562,983.7755,603.00
7.910562,983.8149,520.00
7.910562,983.8543,588.00
7.910562,983.8936,555.00
7.910562,983.9329,574.00
7.910562,983.9723,487.00
7.910562,984.0116,584.00
7.910562,984.0510,568.00
7.910562,984.0903,593.00
7.910562,984.1296,563.00
7.910562,984.1689,587.00
7.910562,984.2083,580.00
7.910562,984.2476,548.00
7.910562,984.2868,542.00
7.910562,984.3261,571.00
7.910562,984.3654,511.00
7.910562,984.4046,592.00
7.910562,984.4440,532.00
7.910562,984.4832,551.00
7.910562,984.5225,537.00
7.910562,984.5616,571.00
7.910562,984.6010,522.00
7.910562,984.6402,576.00
7.910562,984.6794,493.00
7.910562,984.7186,586.00
7.910562,984.7578,551.00
7.910562,984.7970,589.00
7.910562,984.8362,576.00
7.910562,984.8755,544.00
7.910562,984.9146,561.00
7.910562,984.9538,581.00
7.910562,984.9930,504.00
7.910562,985.0322,604.00
7.910562,985.0714,534.00
7.910562,985.1105,564.00
7.910562,985.1497,526.00
7.910562,985.1888,572.00
7.910562,985.2279,540.00
7.910562,985.2671,553.00
7.910562,985.3062,528.00
7.910562,985.3453,595.00
7.910562,985.3845,522.00
7.910562,985.4236,572.00
7.910562,985.4626,530.00
7.910562,985.5017,622.00
7.910562,985.5408,577.00
7.910562,985.5799,587.00
7.910562,985.6190,532.00
7.910562,985.6581,579.00
7.910562,985.6971,509.00
7.910562,985.7362,572.00
7.910562,985.7752,535.00
7.910562,985.8143,578.00
7.910562,985.8533,555.00
7.910562,985.8924,570.00
7.910562,985.9314,560.00
7.910562,985.9704,559.00
7.910562,986.0094,517.00
7.910562,986.0484,597.00
7.910562,986.0875,535.00
7.910562,986.1265,604.00
7.910562,986.1655,535.00
7.910562,986.2044,552.00
7.910562,986.2434,552.00
7.910562,986.2823,571.00
7.910562,986.3214,518.00
7.910562,986.3603,567.00
7.910562,986.3992,462.00
7.910562,986.4382,562.00
7.910562,986.4771,545.00
7.910562,986.5161,585.00
7.910562,986.5550,509.00
7.910562,986.5939,563.00
7.910562,986.6329,531.00
7.910562,986.6718,560.00
7.910562,986.7106,508.00
7.910562,986.7495,558.00
7.910562,986.7884,529.00
7.910562,986.8273,575.00
7.910562,986.8661,556.00
7.910562,986.9050,566.00
7.910562,986.9438,503.00
7.910562,986.9828,562.00
7.910562,987.0216,493.00
7.910562,987.0605,592.00
7.910562,987.0993,503.00
7.910562,987.1381,575.00
7.910562,987.1769,529.00
7.910562,987.2158,524.00
7.910562,987.2546,530.00
7.910562,987.2934,567.00
7.910562,987.3322,489.00
7.910562,987.3710,552.00
7.910562,987.4097,492.00
7.910562,987.4486,553.00
7.910562,987.4873,517.00
7.910562,987.5261,542.00
7.910562,987.5649,528.00
7.910562,987.6036,538.00
7.910562,987.6423,490.00
7.910562,987.6812,560.00
7.910562,987.7198,485.00
7.910562,987.7586,584.00
7.910562,987.7972,531.00
7.910562,987.8361,581.00
7.910562,987.8748,512.00
7.910562,987.9135,548.00
7.910562,987.9521,518.00
7.910562,987.9908,533.00
7.910562,988.0295,466.00
7.910562,988.0681,560.00
7.910562,988.1069,498.00
7.910562,988.1456,569.00
7.910562,988.1842,534.00
7.910562,988.2228,565.00
7.910562,988.2615,540.00
7.910562,988.3002,527.00
7.910562,988.3388,462.00
7.910562,988.3774,533.00
7.910562,988.4160,522.00
7.910562,988.4546,548.00
7.910562,988.4933,531.00
7.910562,988.5319,539.00
7.910562,988.5704,532.00
7.910562,988.6090,505.00
7.910562,988.6476,476.00
7.910562,988.6862,539.00
7.910562,988.7248,475.00
7.910562,988.7634,576.00
7.910562,988.8019,524.00
7.910562,988.8405,542.00
7.910562,988.8790,545.00
7.910562,988.9176,529.00
7.910562,988.9561,500.00
7.910562,988.9946,520.00
7.910562,989.0332,525.00
7.910562,989.0717,520.00
7.910562,989.1102,486.00
7.910562,989.1487,538.00
7.910562,989.1871,524.00
7.910562,989.2256,558.00
7.910562,989.2641,574.00
7.910562,989.3027,521.00
7.910562,989.3411,525.00
7.910562,989.3795,562.00
7.910562,989.4180,471.00
7.910562,989.4565,561.00
7.910562,989.4949,476.00
7.910562,989.5334,540.00
7.910562,989.5718,529.00
7.910562,989.6102,523.00
7.910562,989.6486,508.00
7.910562,989.6871,530.00
7.910562,989.7255,506.00
7.910562,989.7639,562.00
7.910562,989.8022,521.00
7.910562,989.8407,574.00
7.910562,989.8791,499.00
7.910562,989.9174,539.00
7.910562,989.9558,477.00
7.910562,989.9941,556.00
7.910562,990.0325,511.00
7.910562,990.0709,591.00
7.910562,990.1093,507.00
7.910562,990.1475,578.00
7.910562,990.1859,536.00
7.910562,990.2242,535.00
7.910562,990.2626,505.00
7.910562,990.3008,523.00
7.910562,990.3391,497.00
7.910562,990.3774,572.00
7.910562,990.4157,515.00
7.910562,990.4540,584.00
7.910562,990.4924,511.00
7.910562,990.5306,560.00
7.910562,990.5688,530.00
7.910562,990.6071,545.00
7.910562,990.6454,520.00
7.910562,990.6837,555.00
7.910562,990.7219,482.00
7.910562,990.7601,561.00
7.910562,990.7983,516.00
7.910562,990.8365,584.00
7.910562,990.8748,535.00
7.910562,990.9130,545.00
7.910562,990.9512,536.00
7.910562,990.9893,554.00
7.910562,991.0276,512.00
7.910562,991.0658,551.00
7.910562,991.1039,488.00
7.910562,991.1421,568.00
7.910562,991.1802,537.00
7.910562,991.2184,566.00
7.910562,991.2565,523.00
7.910562,991.2947,526.00
7.910562,991.3329,488.00
7.910562,991.3710,540.00
7.910562,991.4091,509.00
7.910562,991.4473,593.00
7.910562,991.4854,535.00
7.910562,991.5234,586.00
7.910562,991.5616,548.00
7.910562,991.5997,546.00
7.910562,991.6378,532.00
7.910562,991.6758,573.00
7.910562,991.7139,509.00
7.910562,991.7520,558.00
7.910562,991.7900,535.00
7.910562,991.8282,554.00
7.910562,991.8661,530.00
7.910562,991.9042,552.00
7.910562,991.9422,537.00
7.910562,991.9803,547.00
7.910562,992.0182,481.00
7.910562,992.0563,577.00
7.910562,992.0944,504.00
7.910562,992.1323,588.00
7.910562,992.1703,529.00
7.910562,992.2084,572.00
7.910562,992.2463,552.00
7.910562,992.2844,578.00
7.910562,992.3223,508.00
7.910562,992.3602,584.00
7.910562,992.3982,494.00
7.910562,992.4362,594.00
7.910562,992.4741,537.00
7.910562,992.5120,582.00
7.910562,992.5500,560.00
7.910562,992.5879,529.00
7.910562,992.6259,533.00
7.910562,992.6638,584.00
7.910562,992.7017,523.00
7.910562,992.7396,556.00
7.910562,992.7775,516.00
7.910562,992.8154,594.00
7.910562,992.8533,562.00
7.910562,992.8912,551.00
7.910562,992.9290,532.00
7.910562,992.9669,578.00
7.910562,993.0048,531.00
7.910562,993.0426,579.00
7.910562,993.0804,531.00
7.910562,993.1183,584.00
7.910562,993.1561,543.00
7.910562,993.1940,571.00
7.910562,993.2318,535.00
7.910562,993.2696,549.00
7.910562,993.3074,494.00
7.910562,993.3452,579.00
7.910562,993.3830,521.00
7.910562,993.4208,587.00
7.910562,993.4586,504.00
7.910562,993.4963,555.00
7.910562,993.5341,541.00
7.910562,993.5719,554.00
7.910562,993.6096,515.00
7.910562,993.6474,578.00
7.910562,993.6851,509.00
7.910562,993.7228,536.00
7.910562,993.7606,557.00
7.910562,993.7984,571.00
7.910562,993.8361,519.00
7.910562,993.8738,580.00
7.910562,993.9115,534.00
7.910562,993.9492,584.00
7.910562,993.9869,511.00
7.910562,994.0245,579.00
7.910562,994.0622,516.00
7.910562,994.0999,561.00
7.910562,994.1376,554.00
7.910562,994.1753,555.00
7.910562,994.2130,523.00
7.910562,994.2505,546.00
7.910562,994.2881,520.00
7.910562,994.3258,589.00
7.910562,994.3634,521.00
7.910562,994.4010,601.00
7.910562,994.4387,523.00
7.910562,994.4763,552.00
7.910562,994.5139,564.00
7.910562,994.5515,504.00
7.910562,994.5891,520.00
7.910562,994.6266,557.00
7.910562,994.6642,472.00
7.910562,994.7018,546.00
7.910562,994.7393,498.00
7.910562,994.7769,560.00
7.910562,994.8145,528.00
7.910562,994.8521,522.00
7.910562,994.8895,535.00
7.910562,994.9271,569.00
7.910562,994.9647,506.00
7.910562,995.0022,572.00
7.910562,995.0397,493.00
7.910562,995.0771,543.00
7.910562,995.1146,512.00
7.910562,995.1522,561.00
7.910562,995.1896,508.00
7.910562,995.2271,558.00
7.910562,995.2646,457.00
7.910562,995.3021,534.00
7.910562,995.3396,518.00
7.910562,995.3770,552.00
7.910562,995.4145,507.00
7.910562,995.4518,570.00
7.910562,995.4893,515.00
7.910562,995.5267,521.00
7.910562,995.5641,516.00
7.910562,995.6016,523.00
7.910562,995.6390,513.00
7.910562,995.6765,523.00
7.910562,995.7138,492.00
7.910562,995.7512,506.00
7.910562,995.7886,515.00
7.910562,995.8260,520.00
7.910562,995.8633,499.00
7.910562,995.9007,514.00
7.910562,995.9380,475.00
7.910562,995.9754,523.00
7.910562,996.0128,468.00
7.910562,996.0501,549.00
7.910562,996.0874,539.00
7.910562,996.1248,557.00
7.910562,996.1621,523.00
7.910562,996.1994,566.00
7.910562,996.2367,502.00
7.910562,996.2740,535.00
7.910562,996.3113,504.00
7.910562,996.3486,533.00
7.910562,996.3859,493.00
7.910562,996.4232,575.00
7.910562,996.4604,559.00
7.910562,996.4977,528.00
7.910562,996.5350,500.00
7.910562,996.5722,516.00
7.910562,996.6094,459.00
7.910562,996.6466,567.00
7.910562,996.6838,514.00
7.910562,996.7211,526.00
7.910562,996.7583,504.00
7.910562,996.7955,519.00
7.910562,996.8327,529.00
7.910562,996.8700,545.00
7.910562,996.9072,515.00
7.910562,996.9443,566.00
7.910562,996.9815,501.00
7.910562,997.0187,558.00
7.910562,997.0558,532.00
7.910562,997.0930,567.00
7.910562,997.1301,549.00
7.910562,997.1672,576.00
7.910562,997.2045,525.00
7.910562,997.2416,560.00
7.910562,997.2787,501.00
7.910562,997.3158,574.00
7.910562,997.3530,512.00
7.910562,997.3900,536.00
7.910562,997.4271,496.00
7.910562,997.4642,536.00
7.910562,997.5013,533.00
7.910562,997.5384,562.00
7.910562,997.5754,508.00
7.910562,997.6126,570.00
7.910562,997.6497,500.00
7.910562,997.6867,538.00
7.910562,997.7238,515.00
7.910562,997.7607,548.00
7.910562,997.7978,495.00
7.910562,997.8348,562.00
7.910562,997.8718,521.00
7.910562,997.9088,593.00
7.910562,997.9458,496.00
7.910562,997.9829,567.00
7.910562,998.0200,557.00
7.910562,998.0569,558.00
7.910562,998.0939,530.00
7.910562,998.1309,556.00
7.910562,998.1678,499.00
7.910562,998.2048,578.00
7.910562,998.2417,545.00
7.910562,998.2786,631.00
7.910562,998.3156,502.00
7.910562,998.3525,585.00
7.910562,998.3896,515.00
7.910562,998.4265,540.00
7.910562,998.4633,521.00
7.910562,998.5003,565.00
7.910562,998.5372,486.00
7.910562,998.5740,571.00
7.910562,998.6110,494.00
7.910562,998.6478,566.00
7.910562,998.6847,542.00
7.910562,998.7217,565.00
7.910562,998.7585,537.00
7.910562,998.7953,517.00
7.910562,998.8322,503.00
7.910562,998.8691,589.00
7.910562,998.9059,506.00
7.910562,998.9427,582.00
7.910562,998.9795,538.00
7.910562,999.0163,571.00
7.910562,999.0531,538.00
7.910562,999.0899,551.00
7.910562,999.1267,503.00
7.910562,999.1636,559.00
7.910562,999.2004,495.00
7.910562,999.2372,565.00
7.910562,999.2739,531.00
7.910562,999.3107,581.00
7.910562,999.3474,533.00
7.910562,999.3842,521.00
7.910562,999.4210,500.00
7.910562,999.4576,547.00
7.910562,999.4946,486.00
7.910562,999.5312,552.00
7.910562,999.5680,536.00
7.910562,999.6047,560.00
7.910562,999.6414,517.00
7.910562,999.6780,543.00
7.910562,999.7147,504.00
7.910562,999.7515,538.00
7.910562,999.7881,472.00
7.910562,999.8248,530.00
7.910562,999.8614,499.00
7.910562,999.8981,558.00
7.910562,999.9349,519.00
7.910562,999.9715,558.00
7.910562,1000.0081,531.00
7.910562,1000.0447,529.00
7.910562,1000.0814,503.00
7.910562,1000.1180,509.00
7.910562,1000.1546,467.00
7.910562,1000.1912,533.00
7.910562,1000.2278,490.00
7.910562,1000.2645,561.00
7.910562,1000.3011,548.00
7.910562,1000.3377,495.00
7.910562,1000.3742,492.00
7.910562,1000.4108,505.00
7.910562,1000.4474,426.00
7.910562,1000.4839,508.00
7.910562,1000.5204,479.00
7.910562,1000.5570,520.00
7.910562,1000.5935,472.00
7.910562,1000.6301,509.00
7.910562,1000.6667,470.00
7.910562,1000.7032,521.00
7.910562,1000.7397,502.00
7.910562,1000.7762,526.00
7.910562,1000.8127,458.00
7.910562,1000.8492,537.00
7.910562,1000.8857,498.00
7.910562,1000.9222,497.00
7.910562,1000.9586,501.00
7.910562,1000.9951,513.00
7.910562,1001.0316,464.00
7.910562,1001.0681,561.00
7.910562,1001.1046,506.00
7.910562,1001.1410,546.00
7.910562,1001.1774,502.00
7.910562,1001.2138,510.00
7.910562,1001.2502,502.00
7.910562,1001.2866,495.00
7.910562,1001.3230,481.00
7.910562,1001.3594,517.00
7.910562,1001.3958,487.00
7.910562,1001.4323,553.00
7.910562,1001.4687,497.00
7.910562,1001.5051,522.00
7.910562,1001.5414,544.00
7.910562,1001.5778,523.00
7.910562,1001.6141,504.00
7.910562,1001.6505,476.00
7.910562,1001.6868,423.00
7.910562,1001.7231,516.00
7.910562,1001.7596,467.00
7.910562,1001.7958,524.00
7.910562,1001.8322,490.00
7.910562,1001.8685,523.00
7.910562,1001.9048,472.00
7.910562,1001.9411,497.00
7.910562,1001.9774,452.00
7.910562,1002.0136,487.00
7.910562,1002.0499,459.00
7.910562,1002.0862,542.00
7.910562,1002.1224,472.00
7.910562,1002.1587,536.00
7.910562,1002.1951,495.00
7.910562,1002.2313,511.00
7.910562,1002.2675,499.00
7.910562,1002.3038,522.00
7.910562,1002.3400,486.00
7.910562,1002.3762,521.00
7.910562,1002.4124,461.00
7.910562,1002.4486,515.00
7.910562,1002.4848,491.00
7.910562,1002.5211,531.00
7.910562,1002.5573,496.00
7.910562,1002.5934,520.00
7.910562,1002.6296,493.00
7.910562,1002.6657,519.00
7.910562,1002.7019,431.00
7.910562,1002.7380,504.00
7.910562,1002.7742,508.00
7.910562,1002.8104,512.00
7.910562,1002.8464,493.00
7.910562,1002.8826,521.00
7.910562,1002.9187,476.00
7.910562,1002.9549,512.00
7.910562,1002.9910,486.00
7.910562,1003.0271,568.00
7.910562,1003.0632,460.00
7.910562,1003.0992,526.00
7.910562,1003.1354,490.00
7.910562,1003.1714,489.00
7.910562,1003.2075,476.00
7.910562,1003.2435,502.00
7.910562,1003.2797,457.00
7.910562,1003.3157,569.00
7.910562,1003.3518,508.00
7.910562,1003.3878,584.00
7.910562,1003.4238,517.00
7.910562,1003.4598,536.00
7.910562,1003.4958,492.00
7.910562,1003.5319,506.00
7.910562,1003.5678,456.00
7.910562,1003.6039,556.00
7.910562,1003.6398,454.00
7.910562,1003.6759,546.00
7.910562,1003.7119,519.00
7.910562,1003.7479,518.00
7.910562,1003.7838,476.00
7.910562,1003.8198,515.00
7.910562,1003.8557,507.00
7.910562,1003.8917,531.00
7.910562,1003.9276,461.00
7.910562,1003.9635,518.00
7.910562,1003.9995,445.00
7.910562,1004.0354,511.00
7.910562,1004.0714,511.00
7.910562,1004.1072,518.00
7.910562,1004.1431,493.00
7.910562,1004.1790,510.00
7.910562,1004.2149,475.00
7.910562,1004.2508,535.00
7.910562,1004.2866,447.00
7.910562,1004.3225,544.00
7.910562,1004.3583,499.00
7.910562,1004.3942,519.00
7.910562,1004.4302,483.00
7.910562,1004.4660,493.00
7.910562,1004.5018,468.00
7.910562,1004.5376,511.00
7.910562,1004.5734,433.00
7.910562,1004.6093,515.00
7.910562,1004.6450,486.00
7.910562,1004.6808,520.00
7.910562,1004.7166,497.00
7.910562,1004.7525,502.00
7.910562,1004.7883,469.00
7.910562,1004.8240,513.00
7.910562,1004.8598,462.00
7.910562,1004.8956,540.00
7.910562,1004.9313,465.00
7.910562,1004.9670,530.00
7.910562,1005.0027,494.00
7.910562,1005.0385,485.00
7.910562,1005.0742,482.00
7.910562,1005.1099,484.00
7.910562,1005.1456,455.00
7.910562,1005.1815,519.00
7.910562,1005.2172,468.00
7.910562,1005.2529,529.00
7.910562,1005.2885,516.00
7.910562,1005.3242,531.00
7.910562,1005.3599,499.00
7.910562,1005.3955,524.00
7.910562,1005.4312,498.00
7.910562,1005.4669,554.00
7.910562,1005.5026,497.00
7.910562,1005.5382,555.00
7.910562,1005.5739,502.00
7.910562,1005.6095,523.00
7.910562,1005.6451,535.00
7.910562,1005.6807,502.00
7.910562,1005.7162,523.00
7.910562,1005.7519,495.00
7.910562,1005.7875,485.00
7.910562,1005.8231,547.00
7.910562,1005.8586,467.00
7.910562,1005.8942,529.00
7.910562,1005.9299,513.00
7.910562,1005.9655,522.00
7.910562,1006.0010,479.00
7.910562,1006.0365,521.00
7.910562,1006.0720,472.00
7.910562,1006.1076,532.00
7.910562,1006.1431,521.00
7.910562,1006.1786,547.00
7.910562,1006.2141,522.00
7.910562,1006.2498,530.00
7.910562,1006.2853,518.00
7.910562,1006.3207,506.00
7.910562,1006.3563,515.00
7.910562,1006.3917,553.00
7.910562,1006.4272,495.00
7.910562,1006.4626,579.00
7.910562,1006.4981,499.00
7.910562,1006.5335,511.00
7.910562,1006.5690,560.00
7.910562,1006.6044,559.00
7.910562,1006.6400,511.00
7.910562,1006.6754,567.00
7.910562,1006.7108,505.00
7.910562,1006.7462,554.00
7.910562,1006.7816,469.00
7.910562,1006.8170,575.00
7.910562,1006.8524,533.00
7.910562,1006.8878,528.00
7.910562,1006.9232,527.00
7.910562,1006.9586,556.00
7.910562,1006.9940,501.00
7.910562,1007.0294,516.00
7.910562,1007.0648,490.00
7.910562,1007.1001,591.00
7.910562,1007.1354,518.00
7.910562,1007.1707,580.00
7.910562,1007.2061,550.00
7.910562,1007.2414,535.00
7.910562,1007.2767,505.00
7.910562,1007.3120,559.00
7.910562,1007.3473,480.00
7.910562,1007.3827,575.00
7.910562,1007.4180,515.00
7.910562,1007.4532,548.00
7.910562,1007.4885,541.00
7.910562,1007.5238,542.00
7.910562,1007.5590,485.00
7.910562,1007.5943,545.00
7.910562,1007.6295,488.00
7.910562,1007.6648,598.00
7.910562,1007.7001,507.00
7.910562,1007.7354,550.00
7.910562,1007.7706,562.00
7.910562,1007.8058,544.00
7.910562,1007.8410,529.00
7.910562,1007.8762,529.00
7.910562,1007.9114,485.00
7.910562,1007.9465,553.00
7.910562,1007.9818,518.00
7.910562,1008.0169,566.00
7.910562,1008.0521,530.00
7.910562,1008.0873,570.00
7.910562,1008.1226,500.00
7.910562,1008.1576,485.00
7.910562,1008.1927,483.00
7.910562,1008.2279,543.00
7.910562,1008.2631,469.00
7.910562,1008.2982,558.00
7.910562,1008.3333,530.00
7.910562,1008.3683,535.00
7.910562,1008.4034,545.00
7.910562,1008.4387,512.00
7.910562,1008.4738,501.00
7.910562,1008.5089,529.00
7.910562,1008.5439,499.00
7.910562,1008.5790,568.00
7.910562,1008.6141,508.00
7.910562,1008.6491,524.00
7.910562,1008.6841,494.00
7.910562,1008.7192,499.00
7.910562,1008.7542,492.00
7.910562,1008.7892,540.00
7.910562,1008.8243,496.00
7.910562,1008.8594,535.00
7.910562,1008.8943,489.00
7.910562,1008.9294,516.00
7.910562,1008.9644,506.00
7.910562,1008.9994,524.00
7.910562,1009.0344,519.00
7.910562,1009.0693,502.00
7.910562,1009.1043,478.00
7.910562,1009.1392,553.00
7.910562,1009.1743,468.00
7.910562,1009.2093,569.00
7.910562,1009.2442,525.00
7.910562,1009.2792,519.00
7.910562,1009.3141,520.00
7.910562,1009.3489,518.00
7.910562,1009.3839,446.00
7.910562,1009.4188,524.00
7.910562,1009.4537,477.00
7.910562,1009.4886,592.00
7.910562,1009.5235,511.00
7.910562,1009.5585,537.00
7.910562,1009.5933,516.00
7.910562,1009.6282,520.00
7.910562,1009.6631,510.00
7.910562,1009.6979,547.00
7.910562,1009.7327,478.00
7.910562,1009.7676,506.00
7.910562,1009.8024,480.00
7.910562,1009.8372,523.00
7.910562,1009.8721,473.00
7.910562,1009.9070,541.00
7.910562,1009.9418,517.00
7.910562,1009.9766,500.00
7.910562,1010.0115,483.00
7.910562,1010.0462,512.00
7.910562,1010.0810,442.00
7.910562,1010.1158,548.00
7.910562,1010.1505,486.00
7.910562,1010.1853,495.00
7.910562,1010.2200,492.00
7.910562,1010.2548,501.00
7.910562,1010.2897,476.00
7.910562,1010.3244,515.00
7.910562,1010.3591,463.00
7.910562,1010.3938,540.00
7.910562,1010.4285,508.00
7.910562,1010.4633,532.00
7.910562,1010.4980,517.00
7.910562,1010.5326,479.00
7.910562,1010.5673,484.00
7.910562,1010.6021,506.00
7.910562,1010.6368,472.00
7.910562,1010.6714,522.00
7.910562,1010.7061,453.00
7.910562,1010.7408,514.00
7.910562,1010.7754,485.00
7.910562,1010.8101,498.00
7.910562,1010.8447,473.00
7.910562,1010.8793,516.00
7.910562,1010.9139,461.00
7.910562,1010.9485,514.00
7.910562,1010.9832,459.00
7.910562,1011.0178,536.00
7.910562,1011.0525,500.00
7.910562,1011.0870,524.00
7.910562,1011.1216,489.00
7.910562,1011.1562,507.00
7.910562,1011.1907,508.00
7.910562,1011.2253,536.00
7.910562,1011.2599,454.00
7.910562,1011.2944,560.00
7.910562,1011.3291,495.00
7.910562,1011.3636,536.00
7.910562,1011.3981,484.00
7.910562,1011.4326,493.00
7.910562,1011.4672,488.00
7.910562,1011.5016,493.00
7.910562,1011.5362,452.00
7.910562,1011.5706,520.00
7.910562,1011.6052,460.00
7.910562,1011.6396,522.00
7.910562,1011.6741,436.00
7.910562,1011.7086,536.00
7.910562,1011.7431,480.00
7.910562,1011.7776,514.00
7.910562,1011.8120,469.00
7.910562,1011.8465,552.00
7.910562,1011.8809,438.00
7.910562,1011.9153,508.00
7.910562,1011.9498,479.00
7.910562,1011.9842,486.00
7.910562,1012.0186,478.00
7.910562,1012.0531,507.00
7.910562,1012.0875,480.00
7.910562,1012.1219,533.00
7.910562,1012.1562,491.00
7.910562,1012.1906,501.00
7.910562,1012.2250,447.00
7.910562,1012.2593,502.00
7.910562,1012.2937,498.00
7.910562,1012.3281,507.00
7.910562,1012.3624,454.00
7.910562,1012.3967,505.00
7.910562,1012.4310,423.00
7.910562,1012.4655,503.00
7.910562,1012.4998,441.00
7.910562,1012.5341,565.00
7.910562,1012.5684,458.00
7.910562,1012.6027,519.00
7.910562,1012.6370,479.00
7.910562,1012.6712,510.00
7.910562,1012.7055,468.00
7.910562,1012.7398,539.00
7.910562,1012.7742,457.00
7.910562,1012.8084,471.00
7.910562,1012.8427,453.00
7.910562,1012.8769,452.00
7.910562,1012.9111,507.00
7.910562,1012.9454,490.00
7.910562,1012.9796,493.00
7.910562,1013.0138,486.00
7.910562,1013.0480,420.00
7.910562,1013.0822,503.00
7.910562,1013.1164,479.00
7.910562,1013.1506,532.00
7.910562,1013.1848,459.00
7.910562,1013.2190,474.00
7.910562,1013.2532,503.00
7.910562,1013.2873,477.00
7.910562,1013.3215,474.00
7.910562,1013.3556,485.00
7.910562,1013.3898,445.00
7.910562,1013.4239,523.00
7.910562,1013.4581,472.00
7.910562,1013.4923,507.00
7.910562,1013.5264,484.00
7.910562,1013.5605,496.00
7.910562,1013.5946,505.00
7.910562,1013.6287,534.00
7.910562,1013.6627,459.00
7.910562,1013.6968,544.00
7.910562,1013.7309,474.00
7.910562,1013.7650,498.00
7.910562,1013.7990,497.00
7.910562,1013.8331,489.00
7.910562,1013.8672,482.00
7.910562,1013.9012,495.00
7.910562,1013.9353,463.00
7.910562,1013.9693,526.00
7.910562,1014.0033,472.00
7.910562,1014.0374,533.00
7.910562,1014.0714,531.00
7.910562,1014.1053,517.00
7.910562,1014.1393,487.00
7.910562,1014.1734,514.00
7.910562,1014.2074,458.00
7.910562,1014.2413,529.00
7.910562,1014.2753,500.00
7.910562,1014.3093,567.00
7.910562,1014.3433,477.00
7.910562,1014.3772,561.00
7.910562,1014.4111,544.00
7.910562,1014.4451,518.00
7.910562,1014.4790,503.00
7.910562,1014.5129,526.00
7.910562,1014.5468,482.00
7.910562,1014.5808,552.00
7.910562,1014.6147,527.00
7.910562,1014.6486,549.00
7.910562,1014.6825,505.00
7.910562,1014.7164,523.00
7.910562,1014.7502,484.00
7.910562,1014.7841,541.00
7.910562,1014.8180,514.00
7.910562,1014.8518,554.00
7.910562,1014.8858,465.00
7.910562,1014.9196,554.00
7.910562,1014.9534,488.00
7.910562,1014.9872,525.00
7.910562,1015.0211,509.00
7.910562,1015.0549,514.00
7.910562,1015.0887,483.00
7.910562,1015.1224,554.00
7.910562,1015.1562,508.00
7.910562,1015.1900,592.00
7.910562,1015.2238,521.00
7.910562,1015.2575,561.00
7.910562,1015.2914,527.00
7.910562,1015.3252,524.00
7.910562,1015.3589,490.00
7.910562,1015.3927,540.00
7.910562,1015.4265,518.00
7.910562,1015.4601,555.00
7.910562,1015.4938,498.00
7.910562,1015.5276,583.00
7.910562,1015.5613,534.00
7.910562,1015.5952,541.00
7.910562,1015.6288,495.00
7.910562,1015.6625,547.00
7.910562,1015.6962,461.00
7.910562,1015.7299,583.00
7.910562,1015.7635,500.00
7.910562,1015.7972,569.00
7.910562,1015.8308,545.00
7.910562,1015.8645,524.00
7.910562,1015.8981,521.00
7.910562,1015.9317,532.00
7.910562,1015.9655,484.00
7.910562,1015.9991,550.00
7.910562,1016.0327,500.00
7.910562,1016.0663,562.00
7.910562,1016.0999,540.00
7.910562,1016.1335,548.00
7.910562,1016.1671,529.00
7.910562,1016.2006,526.00
7.910562,1016.2342,537.00
7.910562,1016.2679,546.00
7.910562,1016.3015,470.00
7.910562,1016.3350,572.00
7.910562,1016.3686,499.00
7.910562,1016.4021,582.00
7.910562,1016.4357,531.00
7.910562,1016.4691,583.00
7.910562,1016.5027,524.00
7.910562,1016.5362,543.00
7.910562,1016.5696,481.00
7.910562,1016.6032,575.00
7.910562,1016.6367,491.00
7.910562,1016.6703,590.00
7.910562,1016.7038,555.00
7.910562,1016.7372,512.00
7.910562,1016.7707,535.00
7.910562,1016.8041,565.00
7.910562,1016.8376,513.00
7.910562,1016.8710,559.00
7.910562,1016.9045,500.00
7.910562,1016.9379,561.00
7.910562,1016.9715,506.00
7.910562,1017.0049,552.00
7.910562,1017.0383,571.00
7.910562,1017.0717,514.00
7.910562,1017.1050,514.00
7.910562,1017.1384,555.00
7.910562,1017.1718,480.00
7.910562,1017.2052,539.00
7.910562,1017.2386,485.00
7.910562,1017.2720,555.00
7.910562,1017.3053,557.00
7.910562,1017.3387,532.00
7.910562,1017.3721,499.00
7.910562,1017.4054,544.00
7.910562,1017.4388,503.00
7.910562,1017.4721,536.00
7.910562,1017.5054,530.00
7.910562,1017.5387,573.00
7.910562,1017.5720,546.00
7.910562,1017.6053,543.00
7.910562,1017.6386,542.00
7.910562,1017.6720,559.00
7.910562,1017.7053,510.00
7.910562,1017.7385,547.00
7.910562,1017.7717,497.00
7.910562,1017.8051,587.00
7.910562,1017.8383,525.00
7.910562,1017.8715,595.00
7.910562,1017.9048,577.00
7.910562,1017.9380,558.00
7.910562,1017.9712,561.00
7.910562,1018.0044,600.00
7.910562,1018.0376,501.00
7.910562,1018.0709,578.00
7.910562,1018.1041,515.00
7.910562,1018.1373,586.00
7.910562,1018.1705,556.00
7.910562,1018.2037,556.00
7.910562,1018.2368,513.00
7.910562,1018.2700,561.00
7.910562,1018.3032,517.00
7.910562,1018.3363,602.00
7.910562,1018.3695,500.00
7.910562,1018.4026,606.00
7.910562,1018.4358,558.00
7.910562,1018.4689,570.00
7.910562,1018.5020,569.00
7.910562,1018.5352,570.00
7.910562,1018.5682,517.00
7.910562,1018.6013,561.00
7.910562,1018.6343,537.00
7.910562,1018.6675,592.00
7.910562,1018.7006,505.00
7.910562,1018.7337,590.00
7.910562,1018.7668,568.00
7.910562,1018.7998,536.00
7.910562,1018.8328,528.00
7.910562,1018.8658,536.00
7.910562,1018.8989,521.00
7.910562,1018.9319,580.00
7.910562,1018.9650,504.00
7.910562,1018.9980,590.00
7.910562,1019.0311,534.00
7.910562,1019.0641,584.00
7.910562,1019.0970,502.00
7.910562,1019.1301,572.00
7.910562,1019.1631,507.00
7.910562,1019.1960,565.00
7.910562,1019.2289,504.00
7.910562,1019.2618,575.00
7.910562,1019.2949,544.00
7.910562,1019.3278,555.00
7.910562,1019.3607,544.00
7.910562,1019.3936,538.00
7.910562,1019.4268,471.00
7.910562,1019.4596,568.00
7.910562,1019.4925,547.00
7.910562,1019.5255,542.00
7.910562,1019.5583,525.00
7.910562,1019.5912,567.00
7.910562,1019.6240,522.00
7.910562,1019.6569,551.00
7.910562,1019.6898,539.00
7.910562,1019.7227,520.00
7.910562,1019.7556,461.00
7.910562,1019.7885,575.00
7.910562,1019.8213,523.00
7.910562,1019.8541,577.00
7.910562,1019.8870,536.00
7.910562,1019.9198,548.00
7.910562,1019.9525,539.00
7.910562,1019.9854,547.00
7.910562,1020.0182,518.00
7.910562,1020.0509,564.00
7.910562,1020.0837,524.00
7.910562,1020.1167,569.00
7.910562,1020.1494,559.00
7.910562,1020.1823,531.00
7.910562,1020.2149,534.00
7.910562,1020.2477,566.00
7.910562,1020.2805,494.00
7.910562,1020.3132,527.00
7.910562,1020.3459,511.00
7.910562,1020.3787,589.00
7.910562,1020.4114,507.00
7.910562,1020.4442,557.00
7.910562,1020.4768,525.00
7.910562,1020.5096,535.00
7.910562,1020.5423,508.00
7.910562,1020.5750,575.00
7.910562,1020.6077,488.00
7.910562,1020.6403,592.00
7.910562,1020.6730,501.00
7.910562,1020.7055,568.00
7.910562,1020.7382,505.00
7.910562,1020.7709,524.00
7.910562,1020.8036,492.00
7.910562,1020.8363,512.00
7.910562,1020.8688,468.00
7.910562,1020.9015,548.00
7.910562,1020.9341,480.00
7.910562,1020.9667,546.00
7.910562,1020.9993,494.00
7.910562,1021.0319,502.00
7.910562,1021.0645,510.00
7.910562,1021.0971,524.00
7.910562,1021.1298,487.00
7.910562,1021.1623,537.00
7.910562,1021.1948,467.00
7.910562,1021.2273,555.00
7.910562,1021.2599,486.00
7.910562,1021.2924,517.00
7.910562,1021.3250,464.00
7.910562,1021.3574,519.00
7.910562,1021.3900,505.00
7.910562,1021.4224,507.00
7.910562,1021.4550,422.00
7.910562,1021.4875,506.00
7.910562,1021.5200,475.00
7.910562,1021.5525,542.00
7.910562,1021.5850,491.00
7.910562,1021.6175,535.00
7.910562,1021.6500,479.00
7.910562,1021.6823,541.00
7.910562,1021.7148,493.00
7.910562,1021.7474,529.00
7.910562,1021.7797,499.00
7.910562,1021.8122,513.00
7.910562,1021.8445,506.00
7.910562,1021.8770,552.00
7.910562,1021.9095,536.00
7.910562,1021.9418,515.00
7.910562,1021.9741,476.00
7.910562,1022.0066,497.00
7.910562,1022.0389,476.00
7.910562,1022.0713,562.00
7.910562,1022.1037,463.00
7.910562,1022.1362,624.00
7.910562,1022.1685,542.00
7.910562,1022.2008,528.00
7.910562,1022.2332,511.00
7.910562,1022.2654,535.00
7.910562,1022.2977,510.00
7.910562,1022.3301,583.00
7.910562,1022.3624,486.00
7.910562,1022.3947,557.00
7.910562,1022.4271,505.00
7.910562,1022.4594,525.00
7.910562,1022.4917,517.00
7.910562,1022.5239,527.00
7.910562,1022.5562,504.00
7.910562,1022.5885,544.00
7.910562,1022.6207,490.00
7.910562,1022.6530,590.00
7.910562,1022.6852,531.00
7.910562,1022.7174,558.00
7.910562,1022.7497,504.00
7.910562,1022.7819,545.00
7.910562,1022.8142,489.00
7.910562,1022.8464,547.00
7.910562,1022.8785,487.00
7.910562,1022.9108,564.00
7.910562,1022.9429,516.00
7.910562,1022.9751,542.00
7.910562,1023.0073,517.00
7.910562,1023.0394,515.00
7.910562,1023.0717,530.00
7.910562,1023.1039,556.00
7.910562,1023.1360,473.00
7.910562,1023.1682,568.00
7.910562,1023.2003,471.00
7.910562,1023.2324,549.00
7.910562,1023.2644,526.00
7.910562,1023.2966,542.00
7.910562,1023.3287,506.00
7.910562,1023.3608,517.00
7.910562,1023.3929,496.00
7.910562,1023.4249,523.00
7.910562,1023.4570,481.00
7.910562,1023.4893,541.00
7.910562,1023.5212,476.00
7.910562,1023.5533,508.00
7.910562,1023.5853,485.00
7.910562,1023.6174,510.00
7.910562,1023.6494,484.00
7.910562,1023.6813,518.00
7.910562,1023.7134,438.00
7.910562,1023.7454,544.00
7.910562,1023.7775,511.00
7.910562,1023.8096,522.00
7.910562,1023.8416,513.00
7.910562,1023.8735,485.00
7.910562,1023.9055,468.00
7.910562,1023.9374,511.00
7.910562,1023.9694,417.00
7.910562,1024.0013,530.00
7.910562,1024.0333,496.00
7.910562,1024.0652,532.00
7.910562,1024.0972,497.00
7.910562,1024.1293,550.00
7.910562,1024.1611,479.00
7.910562,1024.1931,538.00
7.910562,1024.2250,476.00
7.910562,1024.2568,530.00
7.910562,1024.2888,479.00
7.910562,1024.3206,549.00
7.910562,1024.3525,503.00
7.910562,1024.3843,508.00
7.910562,1024.4164,479.00
7.910562,1024.4481,515.00
7.910562,1024.4801,482.00
7.910562,1024.5118,523.00
7.910562,1024.5438,498.00
7.910562,1024.5756,553.00
7.910562,1024.6074,485.00
7.910562,1024.6393,509.00
7.910562,1024.6710,519.00
7.910562,1024.7029,509.00
7.910562,1024.7346,468.00
7.910562,1024.7664,518.00
7.910562,1024.7982,444.00
7.910562,1024.8301,545.00
7.910562,1024.8618,456.00
7.910562,1024.8936,520.00
7.910562,1024.9253,477.00
7.910562,1024.9572,530.00
7.910562,1024.9889,498.00
7.910562,1025.0206,514.00
7.910562,1025.0522,458.00
7.910562,1025.0841,540.00
7.910562,1025.1158,473.00
7.910562,1025.1475,531.00
7.910562,1025.1792,501.00
7.910562,1025.2109,519.00
7.910562,1025.2426,498.00
7.910562,1025.2743,532.00
7.910562,1025.3059,493.00
7.910562,1025.3376,512.00
7.910562,1025.3693,457.00
7.910562,1025.4009,571.00
7.910562,1025.4326,478.00
7.910562,1025.4644,542.00
7.910562,1025.4960,506.00
7.910562,1025.5276,506.00
7.910562,1025.5592,533.00
7.910562,1025.5908,523.00
7.910562,1025.6224,483.00
7.910562,1025.6541,577.00
7.910562,1025.6857,505.00
7.910562,1025.7172,568.00
7.910562,1025.7489,527.00
7.910562,1025.7804,569.00
7.910562,1025.8120,536.00
7.910562,1025.8435,518.00
7.910562,1025.8751,534.00
7.910562,1025.9066,561.00
7.910562,1025.9381,482.00
7.910562,1025.9697,570.00
7.910562,1026.0012,533.00
7.910562,1026.0327,553.00
7.910562,1026.0642,498.00
