# Point:,35
# Setpoint:,1.78181818
# Voltage_V:,1.78181818
# Current_A:,0.015955
# Spectrum_Time_s:,6.224582
# Step_Start_s:,6.141438
# Step_End_s:,6.310303
# Spectrum_Duration_ms:,62.230
# Peak_Wavelength_nm:,929.71
# Peak_Intensity:,22798.0
# Avg_Intensity:,638.5
# Num_Pixels:,4094
# NOTE: All wavelengths are captured simultaneously in one CCD exposure
#       The Relative_Time_s column shows when this entire spectrum was acquired

Relative_Time_s,Wavelength_nm,Intensity
6.224582,845.4307,586.00
6.224582,845.4858,518.00
6.224582,845.5410,579.00
6.224582,845.5963,527.00
6.224582,845.6514,579.00
6.224582,845.7065,509.00
6.224582,845.7617,555.00
6.224582,845.8168,499.00
6.224582,845.8721,573.00
6.224582,845.9272,475.00
6.224582,845.9823,550.00
6.224582,846.0374,509.00
6.224582,846.0926,505.00
6.224582,846.1478,510.00
6.224582,846.2029,531.00
6.224582,846.2579,483.00
6.224582,846.3130,580.00
6.224582,846.3682,444.00
6.224582,846.4233,545.00
6.224582,846.4784,501.00
6.224582,846.5335,581.00
6.224582,846.5886,556.00
6.224582,846.6437,546.00
6.224582,846.6987,522.00
6.224582,846.7538,574.00
6.224582,846.8089,486.00
6.224582,846.8640,578.00
6.224582,846.9190,505.00
6.224582,846.9741,555.00
6.224582,847.0292,547.00
6.224582,847.0842,571.00
6.224582,847.1392,551.00
6.224582,847.1943,538.00
6.224582,847.2493,487.00
6.224582,847.3044,593.00
6.224582,847.3594,495.00
6.224582,847.4144,569.00
6.224582,847.4694,541.00
6.224582,847.5244,569.00
6.224582,847.5795,536.00
6.224582,847.6345,553.00
6.224582,847.6895,522.00
6.224582,847.7444,602.00
6.224582,847.7994,494.00
6.224582,847.8544,604.00
6.224582,847.9094,532.00
6.224582,847.9644,557.00
6.224582,848.0193,555.00
6.224582,848.0743,551.00
6.224582,848.1293,532.00
6.224582,848.1843,578.00
6.224582,848.2392,518.00
6.224582,848.2941,585.00
6.224582,848.3491,583.00
6.224582,848.4040,566.00
6.224582,848.4590,559.00
6.224582,848.5139,577.00
6.224582,848.5688,534.00
6.224582,848.6237,601.00
6.224582,848.6786,547.00
6.224582,848.7336,605.00
6.224582,848.7885,554.00
6.224582,848.8434,607.00
6.224582,848.8983,560.00
6.224582,848.9531,565.00
6.224582,849.0081,564.00
6.224582,849.0630,573.00
6.224582,849.1178,493.00
6.224582,849.1727,604.00
6.224582,849.2275,552.00
6.224582,849.2823,648.00
6.224582,849.3373,558.00
6.224582,849.3921,594.00
6.224582,849.4470,550.00
6.224582,849.5018,562.00
6.224582,849.5566,510.00
6.224582,849.6115,575.00
6.224582,849.6663,525.00
6.224582,849.7211,593.00
6.224582,849.7759,571.00
6.224582,849.8307,593.00
6.224582,849.8856,585.00
6.224582,849.9404,588.00
6.224582,849.9952,564.00
6.224582,850.0500,611.00
6.224582,850.1048,530.00
6.224582,850.1596,652.00
6.224582,850.2144,536.00
6.224582,850.2692,638.00
6.224582,850.3239,567.00
6.224582,850.3787,599.00
6.224582,850.4335,586.00
6.224582,850.4882,610.00
6.224582,850.5430,557.00
6.224582,850.5977,629.00
6.224582,850.6525,545.00
6.224582,850.7072,627.00
6.224582,850.7620,571.00
6.224582,850.8167,614.00
6.224582,850.8715,584.00
6.224582,850.9261,576.00
6.224582,850.9808,539.00
6.224582,851.0356,603.00
6.224582,851.0903,567.00
6.224582,851.1450,624.00
6.224582,851.1996,582.00
6.224582,851.2543,637.00
6.224582,851.3091,585.00
6.224582,851.3638,579.00
6.224582,851.4185,584.00
6.224582,851.4731,655.00
6.224582,851.5278,568.00
6.224582,851.5825,656.00
6.224582,851.6371,603.00
6.224582,851.6918,674.00
6.224582,851.7465,617.00
6.224582,851.8011,612.00
6.224582,851.8558,612.00
6.224582,851.9103,593.00
6.224582,851.9650,577.00
6.224582,852.0196,680.00
6.224582,852.0742,612.00
6.224582,852.1289,644.00
6.224582,852.1835,590.00
6.224582,852.2381,672.00
6.224582,852.2927,644.00
6.224582,852.3473,632.00
6.224582,852.4019,622.00
6.224582,852.4565,669.00
6.224582,852.5111,646.00
6.224582,852.5657,638.00
6.224582,852.6202,606.00
6.224582,852.6747,661.00
6.224582,852.7294,604.00
6.224582,852.7839,659.00
6.224582,852.8385,615.00
6.224582,852.8930,669.00
6.224582,852.9476,614.00
6.224582,853.0022,692.00
6.224582,853.0567,637.00
6.224582,853.1112,683.00
6.224582,853.1658,642.00
6.224582,853.2203,659.00
6.224582,853.2748,638.00
6.224582,853.3293,682.00
6.224582,853.3838,609.00
6.224582,853.4383,667.00
6.224582,853.4928,639.00
6.224582,853.5474,677.00
6.224582,853.6019,661.00
6.224582,853.6563,718.00
6.224582,853.7108,685.00
6.224582,853.7653,683.00
6.224582,853.8198,620.00
6.224582,853.8742,672.00
6.224582,853.9286,673.00
6.224582,853.9832,706.00
6.224582,854.0376,641.00
6.224582,854.0920,694.00
6.224582,854.1465,662.00
6.224582,854.2010,692.00
6.224582,854.2554,627.00
6.224582,854.3098,654.00
6.224582,854.3642,605.00
6.224582,854.4186,681.00
6.224582,854.4731,618.00
6.224582,854.5275,711.00
6.224582,854.5819,641.00
6.224582,854.6363,650.00
6.224582,854.6907,642.00
6.224582,854.7451,663.00
6.224582,854.7994,597.00
6.224582,854.8538,666.00
6.224582,854.9082,639.00
6.224582,854.9626,701.00
6.224582,855.0170,625.00
6.224582,855.0714,674.00
6.224582,855.1257,661.00
6.224582,855.1800,677.00
6.224582,855.2344,614.00
6.224582,855.2888,684.00
6.224582,855.3431,619.00
6.224582,855.3975,706.00
6.224582,855.4518,614.00
6.224582,855.5060,707.00
6.224582,855.5604,634.00
6.224582,855.6147,689.00
6.224582,855.6691,643.00
6.224582,855.7233,669.00
6.224582,855.7776,615.00
6.224582,855.8320,683.00
6.224582,855.8862,626.00
6.224582,855.9406,697.00
6.224582,855.9948,636.00
6.224582,856.0491,711.00
6.224582,856.1035,663.00
6.224582,856.1577,667.00
6.224582,856.2119,612.00
6.224582,856.2662,682.00
6.224582,856.3204,587.00
6.224582,856.3748,707.00
6.224582,856.4290,627.00
6.224582,856.4832,682.00
6.224582,856.5374,653.00
6.224582,856.5916,687.00
6.224582,856.6459,629.00
6.224582,856.7001,679.00
6.224582,856.7543,623.00
6.224582,856.8085,668.00
6.224582,856.8627,631.00
6.224582,856.9169,688.00
6.224582,856.9712,645.00
6.224582,857.0253,651.00
6.224582,857.0795,632.00
6.224582,857.1337,661.00
6.224582,857.1879,612.00
6.224582,857.2421,686.00
6.224582,857.2962,649.00
6.224582,857.3504,672.00
6.224582,857.4045,656.00
6.224582,857.4587,666.00
6.224582,857.5129,691.00
6.224582,857.5670,688.00
6.224582,857.6212,646.00
6.224582,857.6753,702.00
6.224582,857.7294,633.00
6.224582,857.7836,707.00
6.224582,857.8377,632.00
6.224582,857.8918,677.00
6.224582,857.9459,671.00
6.224582,858.0000,662.00
6.224582,858.0541,611.00
6.224582,858.1082,696.00
6.224582,858.1624,646.00
6.224582,858.2164,707.00
6.224582,858.2704,655.00
6.224582,858.3245,671.00
6.224582,858.3787,668.00
6.224582,858.4327,665.00
6.224582,858.4868,639.00
6.224582,858.5408,667.00
6.224582,858.5949,617.00
6.224582,858.6489,644.00
6.224582,858.7030,640.00
6.224582,858.7570,703.00
6.224582,858.8110,683.00
6.224582,858.8651,670.00
6.224582,858.9192,690.00
6.224582,858.9732,706.00
6.224582,859.0272,645.00
6.224582,859.0812,711.00
6.224582,859.1352,627.00
6.224582,859.1892,701.00
6.224582,859.2432,617.00
6.224582,859.2972,700.00
6.224582,859.3512,687.00
6.224582,859.4052,671.00
6.224582,859.4592,648.00
6.224582,859.5132,658.00
6.224582,859.5671,616.00
6.224582,859.6210,685.00
6.224582,859.6750,659.00
6.224582,859.7289,680.00
6.224582,859.7830,619.00
6.224582,859.8369,680.00
6.224582,859.8908,656.00
6.224582,859.9447,637.00
6.224582,859.9987,604.00
6.224582,860.0527,705.00
6.224582,860.1065,618.00
6.224582,860.1605,702.00
6.224582,860.2144,652.00
6.224582,860.2682,650.00
6.224582,860.3222,674.00
6.224582,860.3761,667.00
6.224582,860.4299,613.00
6.224582,860.4838,660.00
6.224582,860.5377,585.00
6.224582,860.5916,669.00
6.224582,860.6455,627.00
6.224582,860.6993,674.00
6.224582,860.7532,636.00
6.224582,860.8071,666.00
6.224582,860.8610,606.00
6.224582,860.9148,643.00
6.224582,860.9687,585.00
6.224582,861.0225,680.00
6.224582,861.0763,651.00
6.224582,861.1301,669.00
6.224582,861.1840,615.00
6.224582,861.2378,658.00
6.224582,861.2916,628.00
6.224582,861.3454,677.00
6.224582,861.3992,610.00
6.224582,861.4531,659.00
6.224582,861.5068,567.00
6.224582,861.5606,656.00
6.224582,861.6144,596.00
6.224582,861.6682,673.00
6.224582,861.7220,609.00
6.224582,861.7758,659.00
6.224582,861.8295,632.00
6.224582,861.8833,636.00
6.224582,861.9370,590.00
6.224582,861.9908,698.00
6.224582,862.0446,631.00
6.224582,862.0983,668.00
6.224582,862.1520,652.00
6.224582,862.2057,649.00
6.224582,862.2595,623.00
6.224582,862.3132,627.00
6.224582,862.3669,580.00
6.224582,862.4206,662.00
6.224582,862.4744,590.00
6.224582,862.5281,685.00
6.224582,862.5818,627.00
6.224582,862.6355,680.00
6.224582,862.6891,645.00
6.224582,862.7429,669.00
6.224582,862.7966,636.00
6.224582,862.8502,653.00
6.224582,862.9039,622.00
6.224582,862.9575,664.00
6.224582,863.0112,654.00
6.224582,863.0648,626.00
6.224582,863.1185,634.00
6.224582,863.1722,657.00
6.224582,863.2258,600.00
6.224582,863.2794,673.00
6.224582,863.3330,593.00
6.224582,863.3867,669.00
6.224582,863.4403,596.00
6.224582,863.4940,664.00
6.224582,863.5475,650.00
6.224582,863.6011,614.00
6.224582,863.6548,590.00
6.224582,863.7084,626.00
6.224582,863.7620,614.00
6.224582,863.8156,629.00
6.224582,863.8691,615.00
6.224582,863.9228,649.00
6.224582,863.9763,631.00
6.224582,864.0299,659.00
6.224582,864.0834,584.00
6.224582,864.1370,639.00
6.224582,864.1906,592.00
6.224582,864.2441,671.00
6.224582,864.2977,609.00
6.224582,864.3512,668.00
6.224582,864.4047,625.00
6.224582,864.4583,636.00
6.224582,864.5118,587.00
6.224582,864.5653,630.00
6.224582,864.6189,582.00
6.224582,864.6724,646.00
6.224582,864.7258,624.00
6.224582,864.7794,629.00
6.224582,864.8329,605.00
6.224582,864.8864,699.00
6.224582,864.9398,635.00
6.224582,864.9933,664.00
6.224582,865.0469,570.00
6.224582,865.1003,608.00
6.224582,865.1538,605.00
6.224582,865.2072,651.00
6.224582,865.2607,634.00
6.224582,865.3142,651.00
6.224582,865.3676,652.00
6.224582,865.4211,656.00
6.224582,865.4745,597.00
6.224582,865.5279,623.00
6.224582,865.5814,609.00
6.224582,865.6348,662.00
6.224582,865.6882,612.00
6.224582,865.7416,652.00
6.224582,865.7950,637.00
6.224582,865.8484,666.00
6.224582,865.9019,637.00
6.224582,865.9552,628.00
6.224582,866.0087,620.00
6.224582,866.0620,620.00
6.224582,866.1154,617.00
6.224582,866.1688,706.00
6.224582,866.2222,626.00
6.224582,866.2755,676.00
6.224582,866.3289,658.00
6.224582,866.3822,654.00
6.224582,866.4356,645.00
6.224582,866.4890,645.00
6.224582,866.5423,624.00
6.224582,866.5956,665.00
6.224582,866.6489,621.00
6.224582,866.7023,664.00
6.224582,866.7556,622.00
6.224582,866.8089,648.00
6.224582,866.8622,656.00
6.224582,866.9155,662.00
6.224582,866.9689,616.00
6.224582,867.0222,685.00
6.224582,867.0755,594.00
6.224582,867.1287,642.00
6.224582,867.1820,625.00
6.224582,867.2354,662.00
6.224582,867.2886,650.00
6.224582,867.3419,669.00
6.224582,867.3951,653.00
6.224582,867.4484,662.00
6.224582,867.5016,587.00
6.224582,867.5549,715.00
6.224582,867.6082,634.00
6.224582,867.6614,660.00
6.224582,867.7146,657.00
6.224582,867.7678,667.00
6.224582,867.8211,643.00
6.224582,867.8743,655.00
6.224582,867.9276,612.00
6.224582,867.9807,662.00
6.224582,868.0339,619.00
6.224582,868.0872,679.00
6.224582,868.1403,627.00
6.224582,868.1935,638.00
6.224582,868.2467,631.00
6.224582,868.2999,669.00
6.224582,868.3531,587.00
6.224582,868.4062,695.00
6.224582,868.4594,607.00
6.224582,868.5126,643.00
6.224582,868.5657,616.00
6.224582,868.6189,647.00
6.224582,868.6721,645.00
6.224582,868.7252,629.00
6.224582,868.7783,623.00
6.224582,868.8315,640.00
6.224582,868.8846,577.00
6.224582,868.9377,678.00
6.224582,868.9908,632.00
6.224582,869.0439,645.00
6.224582,869.0970,652.00
6.224582,869.1501,670.00
6.224582,869.2032,603.00
6.224582,869.2564,612.00
6.224582,869.3094,574.00
6.224582,869.3625,634.00
6.224582,869.4156,611.00
6.224582,869.4688,673.00
6.224582,869.5218,630.00
6.224582,869.5748,659.00
6.224582,869.6279,653.00
6.224582,869.6809,635.00
6.224582,869.7340,592.00
6.224582,869.7870,631.00
6.224582,869.8401,597.00
6.224582,869.8931,654.00
6.224582,869.9462,611.00
6.224582,869.9993,650.00
6.224582,870.0522,643.00
6.224582,870.1052,694.00
6.224582,870.1583,615.00
6.224582,870.2112,651.00
6.224582,870.2642,601.00
6.224582,870.3173,677.00
6.224582,870.3702,617.00
6.224582,870.4232,683.00
6.224582,870.4762,655.00
6.224582,870.5292,634.00
6.224582,870.5822,636.00
6.224582,870.6351,656.00
6.224582,870.6881,623.00
6.224582,870.7410,647.00
6.224582,870.7940,623.00
6.224582,870.8470,658.00
6.224582,870.8999,604.00
6.224582,870.9528,701.00
6.224582,871.0057,657.00
6.224582,871.0587,657.00
6.224582,871.1116,639.00
6.224582,871.1646,688.00
6.224582,871.2175,590.00
6.224582,871.2704,690.00
6.224582,871.3232,638.00
6.224582,871.3762,663.00
6.224582,871.4291,652.00
6.224582,871.4820,673.00
6.224582,871.5348,625.00
6.224582,871.5877,677.00
6.224582,871.6406,645.00
6.224582,871.6935,720.00
6.224582,871.7463,640.00
6.224582,871.7992,656.00
6.224582,871.8521,670.00
6.224582,871.9049,656.00
6.224582,871.9578,668.00
6.224582,872.0106,686.00
6.224582,872.0635,616.00
6.224582,872.1162,677.00
6.224582,872.1691,616.00
6.224582,872.2219,706.00
6.224582,872.2747,625.00
6.224582,872.3275,654.00
6.224582,872.3803,672.00
6.224582,872.4332,682.00
6.224582,872.4860,637.00
6.224582,872.5387,710.00
6.224582,872.5915,617.00
6.224582,872.6443,680.00
6.224582,872.6971,661.00
6.224582,872.7499,682.00
6.224582,872.8026,667.00
6.224582,872.8553,670.00
6.224582,872.9081,666.00
6.224582,872.9609,670.00
6.224582,873.0136,637.00
6.224582,873.0663,695.00
6.224582,873.1191,595.00
6.224582,873.1718,675.00
6.224582,873.2245,639.00
6.224582,873.2773,670.00
6.224582,873.3300,645.00
6.224582,873.3827,653.00
6.224582,873.4354,639.00
6.224582,873.4882,717.00
6.224582,873.5408,665.00
6.224582,873.5935,676.00
6.224582,873.6462,644.00
6.224582,873.6989,661.00
6.224582,873.7515,688.00
6.224582,873.8042,646.00
6.224582,873.8569,644.00
6.224582,873.9096,672.00
6.224582,873.9622,584.00
6.224582,874.0149,688.00
6.224582,874.0675,643.00
6.224582,874.1202,670.00
6.224582,874.1729,636.00
6.224582,874.2255,666.00
6.224582,874.2781,654.00
6.224582,874.3307,677.00
6.224582,874.3834,615.00
6.224582,874.4360,682.00
6.224582,874.4885,657.00
6.224582,874.5411,701.00
6.224582,874.5938,614.00
6.224582,874.6463,671.00
6.224582,874.6990,639.00
6.224582,874.7515,656.00
6.224582,874.8041,610.00
6.224582,874.8567,703.00
6.224582,874.9092,635.00
6.224582,874.9619,665.00
6.224582,875.0144,650.00
6.224582,875.0669,691.00
6.224582,875.1194,657.00
6.224582,875.1720,639.00
6.224582,875.2246,624.00
6.224582,875.2772,713.00
6.224582,875.3296,623.00
6.224582,875.3821,690.00
6.224582,875.4346,655.00
6.224582,875.4872,670.00
6.224582,875.5397,674.00
6.224582,875.5922,671.00
6.224582,875.6447,639.00
6.224582,875.6971,689.00
6.224582,875.7498,591.00
6.224582,875.8022,693.00
6.224582,875.8547,609.00
6.224582,875.9071,705.00
6.224582,875.9596,622.00
6.224582,876.0120,659.00
6.224582,876.0646,636.00
6.224582,876.1169,684.00
6.224582,876.1694,626.00
6.224582,876.2219,683.00
6.224582,876.2743,663.00
6.224582,876.3268,710.00
6.224582,876.3792,632.00
6.224582,876.4316,683.00
6.224582,876.4840,679.00
6.224582,876.5364,669.00
6.224582,876.5889,629.00
6.224582,876.6413,718.00
6.224582,876.6937,603.00
6.224582,876.7460,707.00
6.224582,876.7985,654.00
6.224582,876.8509,712.00
6.224582,876.9032,639.00
6.224582,876.9556,681.00
6.224582,877.0079,639.00
6.224582,877.0604,689.00
6.224582,877.1127,608.00
6.224582,877.1651,685.00
6.224582,877.2174,618.00
6.224582,877.2697,661.00
6.224582,877.3221,634.00
6.224582,877.3744,676.00
6.224582,877.4268,624.00
6.224582,877.4791,667.00
6.224582,877.5314,608.00
6.224582,877.5837,671.00
6.224582,877.6360,582.00
6.224582,877.6884,658.00
6.224582,877.7407,609.00
6.224582,877.7930,634.00
6.224582,877.8452,649.00
6.224582,877.8975,633.00
6.224582,877.9498,619.00
6.224582,878.0021,660.00
6.224582,878.0544,623.00
6.224582,878.1066,676.00
6.224582,878.1589,620.00
6.224582,878.2111,633.00
6.224582,878.2634,662.00
6.224582,878.3157,637.00
6.224582,878.3679,600.00
6.224582,878.4202,634.00
6.224582,878.4724,604.00
6.224582,878.5246,669.00
6.224582,878.5768,590.00
6.224582,878.6290,658.00
6.224582,878.6812,571.00
6.224582,878.7335,608.00
6.224582,878.7856,630.00
6.224582,878.8379,609.00
6.224582,878.8901,609.00
6.224582,878.9422,619.00
6.224582,878.9944,604.00
6.224582,879.0466,659.00
6.224582,879.0988,630.00
6.224582,879.1509,666.00
6.224582,879.2031,609.00
6.224582,879.2552,604.00
6.224582,879.3074,611.00
6.224582,879.3596,681.00
6.224582,879.4117,565.00
6.224582,879.4638,682.00
6.224582,879.5159,590.00
6.224582,879.5681,643.00
6.224582,879.6202,618.00
6.224582,879.6723,642.00
6.224582,879.7244,635.00
6.224582,879.7766,657.00
6.224582,879.8287,601.00
6.224582,879.8808,649.00
6.224582,879.9329,591.00
6.224582,879.9849,645.00
6.224582,880.0370,634.00
6.224582,880.0891,642.00
6.224582,880.1412,638.00
6.224582,880.1932,665.00
6.224582,880.2452,602.00
6.224582,880.2973,669.00
6.224582,880.3495,645.00
6.224582,880.4015,681.00
6.224582,880.4536,618.00
6.224582,880.5056,643.00
6.224582,880.5576,614.00
6.224582,880.6096,626.00
6.224582,880.6616,600.00
6.224582,880.7137,649.00
6.224582,880.7656,591.00
6.224582,880.8176,655.00
6.224582,880.8696,579.00
6.224582,880.9217,660.00
6.224582,880.9737,624.00
6.224582,881.0256,657.00
6.224582,881.0776,585.00
6.224582,881.1296,627.00
6.224582,881.1816,560.00
6.224582,881.2336,646.00
6.224582,881.2855,584.00
6.224582,881.3374,632.00
6.224582,881.3893,631.00
6.224582,881.4413,632.00
6.224582,881.4933,603.00
6.224582,881.5452,652.00
6.224582,881.5972,596.00
6.224582,881.6490,641.00
6.224582,881.7010,628.00
6.224582,881.7530,663.00
6.224582,881.8049,592.00
6.224582,881.8568,640.00
6.224582,881.9086,614.00
6.224582,881.9605,608.00
6.224582,882.0125,585.00
6.224582,882.0643,620.00
6.224582,882.1162,588.00
6.224582,882.1681,653.00
6.224582,882.2199,590.00
6.224582,882.2719,648.00
6.224582,882.3237,610.00
6.224582,882.3755,596.00
6.224582,882.4274,572.00
6.224582,882.4792,615.00
6.224582,882.5311,578.00
6.224582,882.5829,615.00
6.224582,882.6348,588.00
6.224582,882.6866,660.00
6.224582,882.7383,611.00
6.224582,882.7902,557.00
6.224582,882.8420,607.00
6.224582,882.8939,616.00
6.224582,882.9457,538.00
6.224582,882.9974,623.00
6.224582,883.0493,586.00
6.224582,883.1011,635.00
6.224582,883.1528,562.00
6.224582,883.2046,637.00
6.224582,883.2563,607.00
6.224582,883.3081,611.00
6.224582,883.3599,585.00
6.224582,883.4116,623.00
6.224582,883.4634,600.00
6.224582,883.5151,641.00
6.224582,883.5668,611.00
6.224582,883.6187,646.00
6.224582,883.6703,589.00
6.224582,883.7220,636.00
6.224582,883.7738,592.00
6.224582,883.8254,621.00
6.224582,883.8773,575.00
6.224582,883.9289,658.00
6.224582,883.9806,576.00
6.224582,884.0323,656.00
6.224582,884.0840,628.00
6.224582,884.1357,647.00
6.224582,884.1874,589.00
6.224582,884.2391,622.00
6.224582,884.2907,582.00
6.224582,884.3423,648.00
6.224582,884.3940,555.00
6.224582,884.4457,622.00
6.224582,884.4974,631.00
6.224582,884.5490,635.00
6.224582,884.6006,584.00
6.224582,884.6523,639.00
6.224582,884.7039,579.00
6.224582,884.7555,633.00
6.224582,884.8071,579.00
6.224582,884.8588,632.00
6.224582,884.9103,641.00
6.224582,884.9620,639.00
6.224582,885.0136,656.00
6.224582,885.0651,645.00
6.224582,885.1168,634.00
6.224582,885.1683,640.00
6.224582,885.2200,621.00
6.224582,885.2715,672.00
6.224582,885.3231,602.00
6.224582,885.3746,657.00
6.224582,885.4262,662.00
6.224582,885.4778,670.00
6.224582,885.5293,662.00
6.224582,885.5809,663.00
6.224582,885.6324,572.00
6.224582,885.6839,647.00
6.224582,885.7355,609.00
6.224582,885.7870,687.00
6.224582,885.8385,595.00
6.224582,885.8900,662.00
6.224582,885.9415,639.00
6.224582,885.9930,640.00
6.224582,886.0446,587.00
6.224582,886.0960,663.00
6.224582,886.1475,603.00
6.224582,886.1990,671.00
6.224582,886.2504,642.00
6.224582,886.3020,675.00
6.224582,886.3534,659.00
6.224582,886.4048,665.00
6.224582,886.4564,625.00
6.224582,886.5078,667.00
6.224582,886.5593,609.00
6.224582,886.6107,679.00
6.224582,886.6621,636.00
6.224582,886.7136,650.00
6.224582,886.7650,633.00
6.224582,886.8164,662.00
6.224582,886.8679,625.00
6.224582,886.9193,640.00
6.224582,886.9706,587.00
6.224582,887.0220,664.00
6.224582,887.0735,583.00
6.224582,887.1249,636.00
6.224582,887.1762,606.00
6.224582,887.2276,651.00
6.224582,887.2789,648.00
6.224582,887.3304,687.00
6.224582,887.3818,638.00
6.224582,887.4331,655.00
6.224582,887.4844,631.00
6.224582,887.5358,684.00
6.224582,887.5871,605.00
6.224582,887.6385,675.00
6.224582,887.6898,663.00
6.224582,887.7411,645.00
6.224582,887.7925,616.00
6.224582,887.8438,632.00
6.224582,887.8951,585.00
6.224582,887.9464,641.00
6.224582,887.9977,624.00
6.224582,888.0490,686.00
6.224582,888.1003,658.00
6.224582,888.1516,662.00
6.224582,888.2029,608.00
6.224582,888.2542,644.00
6.224582,888.3054,593.00
6.224582,888.3567,691.00
6.224582,888.4080,623.00
6.224582,888.4592,666.00
6.224582,888.5105,630.00
6.224582,888.5618,672.00
6.224582,888.6130,627.00
6.224582,888.6642,673.00
6.224582,888.7155,637.00
6.224582,888.7667,687.00
6.224582,888.8179,628.00
6.224582,888.8691,683.00
6.224582,888.9204,664.00
6.224582,888.9716,652.00
6.224582,889.0228,655.00
6.224582,889.0740,678.00
6.224582,889.1252,659.00
6.224582,889.1764,664.00
6.224582,889.2275,624.00
6.224582,889.2787,669.00
6.224582,889.3299,633.00
6.224582,889.3810,697.00
6.224582,889.4322,684.00
6.224582,889.4835,704.00
6.224582,889.5346,664.00
6.224582,889.5857,676.00
6.224582,889.6368,618.00
6.224582,889.6879,676.00
6.224582,889.7391,606.00
6.224582,889.7903,684.00
6.224582,889.8414,618.00
6.224582,889.8925,687.00
6.224582,889.9435,650.00
6.224582,889.9948,657.00
6.224582,890.0458,628.00
6.224582,890.0969,667.00
6.224582,890.1479,595.00
6.224582,890.1990,661.00
6.224582,890.2501,628.00
6.224582,890.3012,668.00
6.224582,890.3523,657.00
6.224582,890.4034,601.00
6.224582,890.4545,642.00
6.224582,890.5054,658.00
6.224582,890.5566,578.00
6.224582,890.6076,662.00
6.224582,890.6586,606.00
6.224582,890.7097,655.00
6.224582,890.7607,621.00
6.224582,890.8117,627.00
6.224582,890.8627,621.00
6.224582,890.9138,621.00
6.224582,890.9647,581.00
6.224582,891.0157,642.00
6.224582,891.0668,597.00
6.224582,891.1178,664.00
6.224582,891.1688,596.00
6.224582,891.2197,654.00
6.224582,891.2707,625.00
6.224582,891.3217,626.00
6.224582,891.3727,620.00
6.224582,891.4236,628.00
6.224582,891.4745,575.00
6.224582,891.5256,630.00
6.224582,891.5765,617.00
6.224582,891.6275,664.00
6.224582,891.6783,596.00
6.224582,891.7293,623.00
6.224582,891.7802,635.00
6.224582,891.8312,630.00
6.224582,891.8821,552.00
6.224582,891.9330,650.00
6.224582,891.9839,585.00
6.224582,892.0348,635.00
6.224582,892.0857,629.00
6.224582,892.1366,656.00
6.224582,892.1875,631.00
6.224582,892.2383,654.00
6.224582,892.2892,625.00
6.224582,892.3401,644.00
6.224582,892.3911,594.00
6.224582,892.4418,697.00
6.224582,892.4927,617.00
6.224582,892.5436,670.00
6.224582,892.5944,642.00
6.224582,892.6452,641.00
6.224582,892.6961,634.00
6.224582,892.7469,656.00
6.224582,892.7977,597.00
6.224582,892.8485,625.00
6.224582,892.8993,656.00
6.224582,892.9502,681.00
6.224582,893.0010,640.00
6.224582,893.0518,626.00
6.224582,893.1025,664.00
6.224582,893.1534,628.00
6.224582,893.2042,596.00
6.224582,893.2549,666.00
6.224582,893.3057,599.00
6.224582,893.3564,676.00
6.224582,893.4072,662.00
6.224582,893.4580,636.00
6.224582,893.5087,595.00
6.224582,893.5595,647.00
6.224582,893.6102,602.00
6.224582,893.6609,675.00
6.224582,893.7117,580.00
6.224582,893.7625,679.00
6.224582,893.8132,647.00
6.224582,893.8639,689.00
6.224582,893.9146,635.00
6.224582,893.9653,628.00
6.224582,894.0160,623.00
6.224582,894.0667,643.00
6.224582,894.1174,654.00
6.224582,894.1681,661.00
6.224582,894.2188,638.00
6.224582,894.2695,671.00
6.224582,894.3201,637.00
6.224582,894.3708,641.00
6.224582,894.4214,604.00
6.224582,894.4720,655.00
6.224582,894.5228,623.00
6.224582,894.5734,684.00
6.224582,894.6240,604.00
6.224582,894.6746,698.00
6.224582,894.7252,665.00
6.224582,894.7759,655.00
6.224582,894.8265,620.00
6.224582,894.8771,642.00
6.224582,894.9277,587.00
6.224582,894.9783,674.00
6.224582,895.0290,599.00
6.224582,895.0795,688.00
6.224582,895.1301,621.00
6.224582,895.1807,639.00
6.224582,895.2313,637.00
6.224582,895.2819,633.00
6.224582,895.3325,614.00
6.224582,895.3830,646.00
6.224582,895.4336,603.00
6.224582,895.4841,680.00
6.224582,895.5347,612.00
6.224582,895.5852,641.00
6.224582,895.6357,625.00
6.224582,895.6863,675.00
6.224582,895.7368,640.00
6.224582,895.7874,626.00
6.224582,895.8379,590.00
6.224582,895.8884,680.00
6.224582,895.9388,585.00
6.224582,895.9893,644.00
6.224582,896.0399,619.00
6.224582,896.0904,641.00
6.224582,896.1408,650.00
6.224582,896.1913,636.00
6.224582,896.2418,604.00
6.224582,896.2922,671.00
6.224582,896.3427,642.00
6.224582,896.3932,687.00
6.224582,896.4437,646.00
6.224582,896.4941,688.00
6.224582,896.5445,649.00
6.224582,896.5950,653.00
6.224582,896.6454,613.00
6.224582,896.6958,629.00
6.224582,896.7462,606.00
6.224582,896.7967,668.00
6.224582,896.8471,642.00
6.224582,896.8975,668.00
6.224582,896.9479,646.00
6.224582,896.9983,679.00
6.224582,897.0486,636.00
6.224582,897.0991,653.00
6.224582,897.1495,624.00
6.224582,897.1998,691.00
6.224582,897.2502,613.00
6.224582,897.3005,684.00
6.224582,897.3510,658.00
6.224582,897.4013,654.00
6.224582,897.4517,645.00
6.224582,897.5020,668.00
6.224582,897.5523,606.00
6.224582,897.6026,661.00
6.224582,897.6530,605.00
6.224582,897.7033,664.00
6.224582,897.7537,642.00
6.224582,897.8040,667.00
6.224582,897.8542,644.00
6.224582,897.9046,638.00
6.224582,897.9549,636.00
6.224582,898.0051,685.00
6.224582,898.0554,609.00
6.224582,898.1057,674.00
6.224582,898.1560,623.00
6.224582,898.2063,720.00
6.224582,898.2565,636.00
6.224582,898.3068,620.00
6.224582,898.3571,635.00
6.224582,898.4073,619.00
6.224582,898.4576,566.00
6.224582,898.5078,660.00
6.224582,898.5580,590.00
6.224582,898.6083,693.00
6.224582,898.6584,663.00
6.224582,898.7087,651.00
6.224582,898.7590,638.00
6.224582,898.8091,629.00
6.224582,898.8593,624.00
6.224582,898.9095,645.00
6.224582,898.9598,611.00
6.224582,899.0099,675.00
6.224582,899.0601,608.00
6.224582,899.1103,650.00
6.224582,899.1605,608.00
6.224582,899.2107,609.00
6.224582,899.2608,605.00
6.224582,899.3109,634.00
6.224582,899.3611,573.00
6.224582,899.4113,680.00
6.224582,899.4614,616.00
6.224582,899.5115,640.00
6.224582,899.5616,657.00
6.224582,899.6118,648.00
6.224582,899.6619,606.00
6.224582,899.7121,624.00
6.224582,899.7622,580.00
6.224582,899.8123,662.00
6.224582,899.8624,616.00
6.224582,899.9124,645.00
6.224582,899.9626,628.00
6.224582,900.0126,636.00
6.224582,900.0627,621.00
6.224582,900.1127,656.00
6.224582,900.1628,566.00
6.224582,900.2130,634.00
6.224582,900.2631,568.00
6.224582,900.3130,662.00
6.224582,900.3631,604.00
6.224582,900.4131,617.00
6.224582,900.4632,607.00
6.224582,900.5132,618.00
6.224582,900.5633,613.00
6.224582,900.6132,598.00
6.224582,900.6632,594.00
6.224582,900.7133,619.00
6.224582,900.7633,553.00
6.224582,900.8133,630.00
6.224582,900.8633,579.00
6.224582,900.9133,643.00
6.224582,900.9633,611.00
6.224582,901.0133,650.00
6.224582,901.0632,589.00
6.224582,901.1132,631.00
6.224582,901.1631,591.00
6.224582,901.2131,639.00
6.224582,901.2631,633.00
6.224582,901.3130,644.00
6.224582,901.3630,615.00
6.224582,901.4129,643.00
6.224582,901.4628,621.00
6.224582,901.5128,626.00
6.224582,901.5627,578.00
6.224582,901.6126,669.00
6.224582,901.6625,611.00
6.224582,901.7124,646.00
6.224582,901.7623,643.00
6.224582,901.8123,605.00
6.224582,901.8621,608.00
6.224582,901.9120,631.00
6.224582,901.9619,591.00
6.224582,902.0117,661.00
6.224582,902.0616,610.00
6.224582,902.1115,670.00
6.224582,902.1613,645.00
6.224582,902.2112,635.00
6.224582,902.2610,630.00
6.224582,902.3109,625.00
6.224582,902.3608,581.00
6.224582,902.4106,644.00
6.224582,902.4604,599.00
6.224582,902.5103,645.00
6.224582,902.5601,626.00
6.224582,902.6099,650.00
6.224582,902.6597,618.00
6.224582,902.7095,627.00
6.224582,902.7592,622.00
6.224582,902.8090,659.00
6.224582,902.8589,581.00
6.224582,902.9086,673.00
6.224582,902.9584,609.00
6.224582,903.0082,655.00
6.224582,903.0580,629.00
6.224582,903.1077,622.00
6.224582,903.1575,606.00
6.224582,903.2072,634.00
6.224582,903.2570,599.00
6.224582,903.3067,638.00
6.224582,903.3564,603.00
6.224582,903.4062,675.00
6.224582,903.4559,653.00
6.224582,903.5056,621.00
6.224582,903.5553,641.00
6.224582,903.6050,619.00
6.224582,903.6547,597.00
6.224582,903.7045,658.00
6.224582,903.7541,544.00
6.224582,903.8038,670.00
6.224582,903.8535,611.00
6.224582,903.9032,630.00
6.224582,903.9528,633.00
6.224582,904.0025,636.00
6.224582,904.0522,609.00
6.224582,904.1019,645.00
6.224582,904.1515,599.00
6.224582,904.2012,648.00
6.224582,904.2507,610.00
6.224582,904.3004,664.00
6.224582,904.3500,598.00
6.224582,904.3997,615.00
6.224582,904.4493,590.00
6.224582,904.4989,611.00
6.224582,904.5485,572.00
6.224582,904.5980,669.00
6.224582,904.6477,585.00
6.224582,904.6973,637.00
6.224582,904.7469,587.00
6.224582,904.7964,640.00
6.224582,904.8460,620.00
6.224582,904.8956,584.00
6.224582,904.9452,570.00
6.224582,904.9947,661.00
6.224582,905.0443,552.00
6.224582,905.0938,636.00
6.224582,905.1434,608.00
6.224582,905.1929,615.00
6.224582,905.2424,632.00
6.224582,905.2919,646.00
6.224582,905.3414,580.00
6.224582,905.3910,604.00
6.224582,905.4406,593.00
6.224582,905.4901,674.00
6.224582,905.5396,597.00
6.224582,905.5890,630.00
6.224582,905.6385,620.00
6.224582,905.6880,620.00
6.224582,905.7375,621.00
6.224582,905.7870,654.00
6.224582,905.8364,585.00
6.224582,905.8859,642.00
6.224582,905.9354,606.00
6.224582,905.9848,632.00
6.224582,906.0342,649.00
6.224582,906.0837,658.00
6.224582,906.1331,611.00
6.224582,906.1826,633.00
6.224582,906.2321,586.00
6.224582,906.2814,652.00
6.224582,906.3309,619.00
6.224582,906.3802,661.00
6.224582,906.4297,632.00
6.224582,906.4791,647.00
6.224582,906.5285,620.00
6.224582,906.5779,593.00
6.224582,906.6273,602.00
6.224582,906.6766,644.00
6.224582,906.7260,593.00
6.224582,906.7754,718.00
6.224582,906.8248,596.00
6.224582,906.8741,661.00
6.224582,906.9235,622.00
6.224582,906.9729,640.00
6.224582,907.0222,619.00
6.224582,907.0715,678.00
6.224582,907.1208,600.00
6.224582,907.1702,659.00
6.224582,907.2195,628.00
6.224582,907.2688,659.00
6.224582,907.3181,627.00
6.224582,907.3674,612.00
6.224582,907.4167,613.00
6.224582,907.4660,600.00
6.224582,907.5153,579.00
6.224582,907.5646,631.00
6.224582,907.6139,586.00
6.224582,907.6631,650.00
6.224582,907.7125,602.00
6.224582,907.7617,643.00
6.224582,907.8110,575.00
6.224582,907.8602,639.00
6.224582,907.9094,587.00
6.224582,907.9587,631.00
6.224582,908.0080,555.00
6.224582,908.0572,679.00
6.224582,908.1064,597.00
6.224582,908.1556,659.00
6.224582,908.2048,647.00
6.224582,908.2541,599.00
6.224582,908.3033,625.00
6.224582,908.3524,628.00
6.224582,908.4017,555.00
6.224582,908.4508,667.00
6.224582,908.5000,601.00
6.224582,908.5493,620.00
6.224582,908.5984,620.00
6.224582,908.6475,637.00
6.224582,908.6967,589.00
6.224582,908.7459,622.00
6.224582,908.7950,570.00
6.224582,908.8442,646.00
6.224582,908.8932,618.00
6.224582,908.9424,674.00
6.224582,908.9916,611.00
6.224582,909.0407,675.00
6.224582,909.0898,655.00
6.224582,909.1389,647.00
6.224582,909.1880,601.00
6.224582,909.2372,647.00
6.224582,909.2863,599.00
6.224582,909.3354,685.00
6.224582,909.3845,593.00
6.224582,909.4335,656.00
6.224582,909.4825,627.00
6.224582,909.5317,617.00
6.224582,909.5807,598.00
6.224582,909.6298,660.00
6.224582,909.6789,572.00
6.224582,909.7280,631.00
6.224582,909.7770,570.00
6.224582,909.8260,649.00
6.224582,909.8751,600.00
6.224582,909.9241,636.00
6.224582,909.9731,611.00
6.224582,910.0222,667.00
6.224582,910.0711,614.00
6.224582,910.1201,646.00
6.224582,910.1691,594.00
6.224582,910.2181,667.00
6.224582,910.2672,617.00
6.224582,910.3162,627.00
6.224582,910.3651,623.00
6.224582,910.4141,655.00
6.224582,910.4631,633.00
6.224582,910.5120,636.00
6.224582,910.5610,585.00
6.224582,910.6099,663.00
6.224582,910.6589,609.00
6.224582,910.7078,628.00
6.224582,910.7568,630.00
6.224582,910.8057,646.00
6.224582,910.8546,653.00
6.224582,910.9036,654.00
6.224582,910.9525,612.00
6.224582,911.0013,661.00
6.224582,911.0503,625.00
6.224582,911.0992,676.00
6.224582,911.1481,621.00
6.224582,911.1970,634.00
6.224582,911.2459,634.00
6.224582,911.2948,646.00
6.224582,911.3436,620.00
6.224582,911.3925,634.00
6.224582,911.4414,611.00
6.224582,911.4902,677.00
6.224582,911.5391,645.00
6.224582,911.5880,640.00
6.224582,911.6368,645.00
6.224582,911.6857,633.00
6.224582,911.7344,610.00
6.224582,911.7833,666.00
6.224582,911.8321,622.00
6.224582,911.8809,688.00
6.224582,911.9297,650.00
6.224582,911.9785,675.00
6.224582,912.0273,693.00
6.224582,912.0762,643.00
6.224582,912.1249,668.00
6.224582,912.1737,683.00
6.224582,912.2225,607.00
6.224582,912.2712,664.00
6.224582,912.3201,641.00
6.224582,912.3688,688.00
6.224582,912.4176,641.00
6.224582,912.4663,671.00
6.224582,912.5150,614.00
6.224582,912.5638,646.00
6.224582,912.6125,624.00
6.224582,912.6613,688.00
6.224582,912.7100,647.00
6.224582,912.7587,647.00
6.224582,912.8074,653.00
6.224582,912.8561,676.00
6.224582,912.9048,640.00
6.224582,912.9535,685.00
6.224582,913.0023,651.00
6.224582,913.0510,654.00
6.224582,913.0996,618.00
6.224582,913.1483,686.00
6.224582,913.1969,640.00
6.224582,913.2456,681.00
6.224582,913.2943,687.00
6.224582,913.3430,663.00
6.224582,913.3916,645.00
6.224582,913.4402,688.00
6.224582,913.4888,630.00
6.224582,913.5375,717.00
6.224582,913.5862,617.00
6.224582,913.6348,704.00
6.224582,913.6834,668.00
6.224582,913.7320,693.00
6.224582,913.7806,678.00
6.224582,913.8292,672.00
6.224582,913.8778,654.00
6.224582,913.9264,700.00
6.224582,913.9750,628.00
6.224582,914.0236,695.00
6.224582,914.0721,664.00
6.224582,914.1207,661.00
6.224582,914.1693,636.00
6.224582,914.2178,686.00
6.224582,914.2664,653.00
6.224582,914.3149,700.00
6.224582,914.3635,650.00
6.224582,914.4120,704.00
6.224582,914.4606,667.00
6.224582,914.5090,712.00
6.224582,914.5576,682.00
6.224582,914.6061,703.00
6.224582,914.6546,658.00
6.224582,914.7031,705.00
6.224582,914.7516,626.00
6.224582,914.8001,723.00
6.224582,914.8486,641.00
6.224582,914.8971,707.00
6.224582,914.9456,644.00
6.224582,914.9941,689.00
6.224582,915.0425,687.00
6.224582,915.0910,674.00
6.224582,915.1395,643.00
6.224582,915.1879,718.00
6.224582,915.2363,656.00
6.224582,915.2849,721.00
6.224582,915.3333,687.00
6.224582,915.3817,711.00
6.224582,915.4301,647.00
6.224582,915.4785,682.00
6.224582,915.5269,648.00
6.224582,915.5754,681.00
6.224582,915.6237,625.00
6.224582,915.6721,691.00
6.224582,915.7205,649.00
6.224582,915.7689,732.00
6.224582,915.8173,694.00
6.224582,915.8657,698.00
6.224582,915.9141,639.00
6.224582,915.9623,710.00
6.224582,916.0107,644.00
6.224582,916.0591,723.00
6.224582,916.1075,659.00
6.224582,916.1558,677.00
6.224582,916.2042,661.00
6.224582,916.2524,682.00
6.224582,916.3008,673.00
6.224582,916.3491,677.00
6.224582,916.3974,630.00
6.224582,916.4457,688.00
6.224582,916.4940,625.00
6.224582,916.5423,674.00
6.224582,916.5907,660.00
6.224582,916.6390,669.00
6.224582,916.6872,660.00
6.224582,916.7355,664.00
6.224582,916.7838,623.00
6.224582,916.8320,690.00
6.224582,916.8803,622.00
6.224582,916.9286,704.00
6.224582,916.9768,624.00
6.224582,917.0250,679.00
6.224582,917.0733,705.00
6.224582,917.1216,667.00
6.224582,917.1698,626.00
6.224582,917.2180,642.00
6.224582,917.2662,621.00
6.224582,917.3145,650.00
6.224582,917.3626,639.00
6.224582,917.4109,699.00
6.224582,917.4590,623.00
6.224582,917.5072,730.00
6.224582,917.5554,663.00
6.224582,917.6036,687.00
6.224582,917.6518,635.00
6.224582,917.7000,707.00
6.224582,917.7481,625.00
6.224582,917.7963,699.00
6.224582,917.8444,677.00
6.224582,917.8926,677.00
6.224582,917.9407,669.00
6.224582,917.9888,676.00
6.224582,918.0369,625.00
6.224582,918.0851,678.00
6.224582,918.1332,646.00
6.224582,918.1813,700.00
6.224582,918.2294,630.00
6.224582,918.2776,696.00
6.224582,918.3257,645.00
6.224582,918.3737,679.00
6.224582,918.4218,678.00
6.224582,918.4699,697.00
6.224582,918.5180,614.00
6.224582,918.5660,674.00
6.224582,918.6142,663.00
6.224582,918.6622,707.00
6.224582,918.7103,674.00
6.224582,918.7583,675.00
6.224582,918.8064,701.00
6.224582,918.8544,647.00
6.224582,918.9025,637.00
6.224582,918.9505,703.00
6.224582,918.9985,629.00
6.224582,919.0464,726.00
6.224582,919.0945,683.00
6.224582,919.1426,708.00
6.224582,919.1905,701.00
6.224582,919.2385,682.00
6.224582,919.2866,655.00
6.224582,919.3345,669.00
6.224582,919.3825,642.00
6.224582,919.4304,714.00
6.224582,919.4785,641.00
6.224582,919.5264,691.00
6.224582,919.5744,682.00
6.224582,919.6224,663.00
6.224582,919.6703,653.00
6.224582,919.7182,686.00
6.224582,919.7661,627.00
6.224582,919.8141,731.00
6.224582,919.8620,689.00
6.224582,919.9100,726.00
6.224582,919.9578,681.00
6.224582,920.0057,725.00
6.224582,920.0536,669.00
6.224582,920.1016,668.00
6.224582,920.1495,659.00
6.224582,920.1973,674.00
6.224582,920.2452,600.00
6.224582,920.2932,694.00
6.224582,920.3410,668.00
6.224582,920.3888,695.00
6.224582,920.4367,675.00
6.224582,920.4846,662.00
6.224582,920.5323,615.00
6.224582,920.5803,678.00
6.224582,920.6281,631.00
6.224582,920.6759,705.00
6.224582,920.7237,689.00
6.224582,920.7715,691.00
6.224582,920.8195,675.00
6.224582,920.8672,641.00
6.224582,920.9150,656.00
6.224582,920.9628,686.00
6.224582,921.0106,649.00
6.224582,921.0584,679.00
6.224582,921.1062,616.00
6.224582,921.1540,698.00
6.224582,921.2017,621.00
6.224582,921.2495,672.00
6.224582,921.2973,599.00
6.224582,921.3450,682.00
6.224582,921.3928,629.00
6.224582,921.4405,676.00
6.224582,921.4882,594.00
6.224582,921.5359,681.00
6.224582,921.5837,647.00
6.224582,921.6315,658.00
6.224582,921.6791,654.00
6.224582,921.7269,673.00
6.224582,921.7746,624.00
6.224582,921.8223,627.00
6.224582,921.8700,609.00
6.224582,921.9177,659.00
6.224582,921.9653,624.00
6.224582,922.0130,698.00
6.224582,922.0607,659.00
6.224582,922.1084,652.00
6.224582,922.1561,621.00
6.224582,922.2037,688.00
6.224582,922.2513,665.00
6.224582,922.2990,711.00
6.224582,922.3467,646.00
6.224582,922.3943,680.00
6.224582,922.4419,642.00
6.224582,922.4895,708.00
6.224582,922.5371,663.00
6.224582,922.5848,651.00
6.224582,922.6324,628.00
6.224582,922.6800,667.00
6.224582,922.7276,608.00
6.224582,922.7752,697.00
6.224582,922.8228,625.00
6.224582,922.8704,694.00
6.224582,922.9179,623.00
6.224582,922.9655,704.00
6.224582,923.0130,656.00
6.224582,923.0607,716.00
6.224582,923.1082,651.00
6.224582,923.1558,691.00
6.224582,923.2032,636.00
6.224582,923.2508,664.00
6.224582,923.2983,658.00
6.224582,923.3459,669.00
6.224582,923.3934,657.00
6.224582,923.4409,662.00
6.224582,923.4884,630.00
6.224582,923.5359,677.00
6.224582,923.5834,620.00
6.224582,923.6309,686.00
6.224582,923.6784,647.00
6.224582,923.7259,691.00
6.224582,923.7734,644.00
6.224582,923.8209,642.00
6.224582,923.8683,633.00
6.224582,923.9158,681.00
6.224582,923.9632,633.00
6.224582,924.0106,702.00
6.224582,924.0581,625.00
6.224582,924.1056,696.00
6.224582,924.1530,632.00
6.224582,924.2004,688.00
6.224582,924.2479,643.00
6.224582,924.2952,632.00
6.224582,924.3427,594.00
6.224582,924.3901,690.00
6.224582,924.4375,606.00
6.224582,924.4849,671.00
6.224582,924.5323,668.00
6.224582,924.5797,647.00
6.224582,924.6270,645.00
6.224582,924.6744,671.00
6.224582,924.7218,605.00
6.224582,924.7692,684.00
6.224582,924.8165,597.00
6.224582,924.8639,690.00
6.224582,924.9112,649.00
6.224582,924.9585,658.00
6.224582,925.0059,684.00
6.224582,925.0532,644.00
6.224582,925.1005,627.00
6.224582,925.1478,642.00
6.224582,925.1952,613.00
6.224582,925.2424,694.00
6.224582,925.2897,636.00
6.224582,925.3370,671.00
6.224582,925.3843,641.00
6.224582,925.4316,662.00
6.224582,925.4789,601.00
6.224582,925.5262,666.00
6.224582,925.5734,609.00
6.224582,925.6207,678.00
6.224582,925.6680,645.00
6.224582,925.7153,692.00
6.224582,925.7625,641.00
6.224582,925.8097,638.00
6.224582,925.8569,661.00
6.224582,925.9042,680.00
6.224582,925.9514,622.00
6.224582,925.9987,688.00
6.224582,926.0458,625.00
6.224582,926.0930,682.00
6.224582,926.1403,610.00
6.224582,926.1874,665.00
6.224582,926.2346,634.00
6.224582,926.2819,674.00
6.224582,926.3290,633.00
6.224582,926.3762,669.00
6.224582,926.4233,596.00
6.224582,926.4705,701.00
6.224582,926.5177,693.00
6.224582,926.5648,724.00
6.224582,926.6120,700.00
6.224582,926.6591,740.00
6.224582,926.7063,636.00
6.224582,926.7534,670.00
6.224582,926.8005,616.00
6.224582,926.8477,720.00
6.224582,926.8947,670.00
6.224582,926.9418,714.00
6.224582,926.9890,687.00
6.224582,927.0361,686.00
6.224582,927.0831,670.00
6.224582,927.1302,699.00
6.224582,927.1773,645.00
6.224582,927.2244,751.00
6.224582,927.2715,663.00
6.224582,927.3185,691.00
6.224582,927.3656,671.00
6.224582,927.4126,708.00
6.224582,927.4597,717.00
6.224582,927.5067,695.00
6.224582,927.5538,687.00
6.224582,927.6008,707.00
6.224582,927.6478,678.00
6.224582,927.6949,722.00
6.224582,927.7419,687.00
6.224582,927.7888,721.00
6.224582,927.8358,711.00
6.224582,927.8829,727.00
6.224582,927.9299,679.00
6.224582,927.9769,753.00
6.224582,928.0239,680.00
6.224582,928.0708,715.00
6.224582,928.1177,671.00
6.224582,928.1648,751.00
6.224582,928.2117,696.00
6.224582,928.2587,726.00
6.224582,928.3056,691.00
6.224582,928.3525,745.00
6.224582,928.3995,683.00
6.224582,928.4465,736.00
6.224582,928.4934,673.00
6.224582,928.5402,723.00
6.224582,928.5872,692.00
6.224582,928.6340,777.00
6.224582,928.6810,710.00
6.224582,928.7279,726.00
6.224582,928.7748,727.00
6.224582,928.8217,740.00
6.224582,928.8685,726.00
6.224582,928.9155,771.00
6.224582,928.9623,769.00
6.224582,929.0092,865.00
6.224582,929.0560,888.00
6.224582,929.1028,899.00
6.224582,929.1498,917.00
6.224582,929.1965,976.00
6.224582,929.2434,1108.00
6.224582,929.2902,1542.00
6.224582,929.3370,2087.00
6.224582,929.3839,2366.00
6.224582,929.4307,2634.00
6.224582,929.4775,2884.00
6.224582,929.5243,3395.00
6.224582,929.5710,4703.00
6.224582,929.6179,7887.00
6.224582,929.6647,16283.00
6.224582,929.7115,22798.00
6.224582,929.7582,19837.00
6.224582,929.8050,15205.00
6.224582,929.8517,14197.00
6.224582,929.8986,10107.00
6.224582,929.9453,4663.00
6.224582,929.9921,1778.00
6.224582,930.0388,1124.00
6.224582,930.0854,868.00
6.224582,930.1323,889.00
6.224582,930.1790,767.00
6.224582,930.2256,791.00
6.224582,930.2724,772.00
6.224582,930.3191,744.00
6.224582,930.3658,764.00
6.224582,930.4125,837.00
6.224582,930.4592,751.00
6.224582,930.5059,780.00
6.224582,930.5526,690.00
6.224582,930.5993,698.00
6.224582,930.6459,728.00
6.224582,930.6926,723.00
6.224582,930.7392,678.00
6.224582,930.7859,709.00
6.224582,930.8325,657.00
6.224582,930.8792,704.00
6.224582,930.9258,677.00
6.224582,930.9725,697.00
6.224582,931.0190,684.00
6.224582,931.0657,720.00
6.224582,931.1123,700.00
6.224582,931.1589,680.00
6.224582,931.2055,644.00
6.224582,931.2521,684.00
6.224582,931.2987,654.00
6.224582,931.3453,696.00
6.224582,931.3919,668.00
6.224582,931.4385,706.00
6.224582,931.4850,704.00
6.224582,931.5316,687.00
6.224582,931.5782,640.00
6.224582,931.6248,658.00
6.224582,931.6713,663.00
6.224582,931.7178,734.00
6.224582,931.7643,655.00
6.224582,931.8109,690.00
6.224582,931.8574,677.00
6.224582,931.9039,701.00
6.224582,931.9504,671.00
6.224582,931.9969,687.00
6.224582,932.0435,631.00
6.224582,932.0900,698.00
6.224582,932.1365,618.00
6.224582,932.1829,687.00
6.224582,932.2294,627.00
6.224582,932.2759,675.00
6.224582,932.3223,645.00
6.224582,932.3688,675.00
6.224582,932.4153,663.00
6.224582,932.4617,719.00
6.224582,932.5082,667.00
6.224582,932.5546,724.00
6.224582,932.6011,681.00
6.224582,932.6475,729.00
6.224582,932.6939,695.00
6.224582,932.7402,717.00
6.224582,932.7867,658.00
6.224582,932.8331,690.00
6.224582,932.8795,624.00
6.224582,932.9259,713.00
6.224582,932.9723,638.00
6.224582,933.0187,713.00
6.224582,933.0651,697.00
6.224582,933.1115,694.00
6.224582,933.1578,698.00
6.224582,933.2042,667.00
6.224582,933.2505,666.00
6.224582,933.2969,710.00
6.224582,933.3433,701.00
6.224582,933.3896,731.00
6.224582,933.4359,659.00
6.224582,933.4822,709.00
6.224582,933.5286,639.00
6.224582,933.5749,680.00
6.224582,933.6212,665.00
6.224582,933.6675,685.00
6.224582,933.7138,680.00
6.224582,933.7601,711.00
6.224582,933.8064,660.00
6.224582,933.8527,698.00
6.224582,933.8989,650.00
6.224582,933.9452,664.00
6.224582,933.9915,691.00
6.224582,934.0378,682.00
6.224582,934.0840,647.00
6.224582,934.1302,751.00
6.224582,934.1765,636.00
6.224582,934.2227,733.00
6.224582,934.2690,707.00
6.224582,934.3152,707.00
6.224582,934.3614,673.00
6.224582,934.4077,694.00
6.224582,934.4539,654.00
6.224582,934.5001,727.00
6.224582,934.5463,647.00
6.224582,934.5925,732.00
6.224582,934.6387,707.00
6.224582,934.6848,721.00
6.224582,934.7310,671.00
6.224582,934.7772,721.00
6.224582,934.8234,654.00
6.224582,934.8695,685.00
6.224582,934.9156,662.00
6.224582,934.9619,699.00
6.224582,935.0080,698.00
6.224582,935.0541,707.00
6.224582,935.1002,688.00
6.224582,935.1464,703.00
6.224582,935.1925,653.00
6.224582,935.2386,701.00
6.224582,935.2847,659.00
6.224582,935.3308,732.00
6.224582,935.3769,659.00
6.224582,935.4230,722.00
6.224582,935.4691,686.00
6.224582,935.5152,733.00
6.224582,935.5613,682.00
6.224582,935.6073,721.00
6.224582,935.6534,651.00
6.224582,935.6995,701.00
6.224582,935.7455,644.00
6.224582,935.7916,741.00
6.224582,935.8376,692.00
6.224582,935.8837,749.00
6.224582,935.9297,652.00
6.224582,935.9757,718.00
6.224582,936.0217,648.00
6.224582,936.0677,674.00
6.224582,936.1137,628.00
6.224582,936.1598,710.00
6.224582,936.2057,669.00
6.224582,936.2518,714.00
6.224582,936.2977,667.00
6.224582,936.3437,666.00
6.224582,936.3896,629.00
6.224582,936.4357,666.00
6.224582,936.4816,613.00
6.224582,936.5275,705.00
6.224582,936.5735,631.00
6.224582,936.6194,680.00
6.224582,936.6654,669.00
6.224582,936.7114,644.00
6.224582,936.7573,622.00
6.224582,936.8032,661.00
6.224582,936.8491,574.00
6.224582,936.8950,646.00
6.224582,936.9409,602.00
6.224582,936.9868,673.00
6.224582,937.0327,626.00
6.224582,937.0786,645.00
6.224582,937.1245,629.00
6.224582,937.1704,641.00
6.224582,937.2162,628.00
6.224582,937.2621,669.00
6.224582,937.3080,598.00
6.224582,937.3539,644.00
6.224582,937.3997,628.00
6.224582,937.4455,682.00
6.224582,937.4913,648.00
6.224582,937.5372,679.00
6.224582,937.5831,634.00
6.224582,937.6289,634.00
6.224582,937.6747,615.00
6.224582,937.7205,696.00
6.224582,937.7663,613.00
6.224582,937.8121,707.00
6.224582,937.8579,625.00
6.224582,937.9037,631.00
6.224582,937.9495,648.00
6.224582,937.9952,672.00
6.224582,938.0410,599.00
6.224582,938.0868,652.00
6.224582,938.1325,583.00
6.224582,938.1783,680.00
6.224582,938.2240,610.00
6.224582,938.2698,659.00
6.224582,938.3155,608.00
6.224582,938.3613,647.00
6.224582,938.4069,614.00
6.224582,938.4527,647.00
6.224582,938.4984,639.00
6.224582,938.5441,688.00
6.224582,938.5898,615.00
6.224582,938.6356,669.00
6.224582,938.6812,647.00
6.224582,938.7269,665.00
6.224582,938.7726,636.00
6.224582,938.8182,675.00
6.224582,938.8640,670.00
6.224582,938.9096,689.00
6.224582,938.9552,604.00
6.224582,939.0010,662.00
6.224582,939.0466,687.00
6.224582,939.0922,683.00
6.224582,939.1378,668.00
6.224582,939.1835,696.00
6.224582,939.2291,613.00
6.224582,939.2747,687.00
6.224582,939.3203,643.00
6.224582,939.3659,702.00
6.224582,939.4115,658.00
6.224582,939.4570,684.00
6.224582,939.5027,695.00
6.224582,939.5483,677.00
6.224582,939.5939,643.00
6.224582,939.6395,697.00
6.224582,939.6851,672.00
6.224582,939.7306,729.00
6.224582,939.7761,666.00
6.224582,939.8217,711.00
6.224582,939.8672,688.00
6.224582,939.9127,694.00
6.224582,939.9583,660.00
6.224582,940.0038,691.00
6.224582,940.0493,657.00
6.224582,940.0948,720.00
6.224582,940.1403,665.00
6.224582,940.1859,748.00
6.224582,940.2314,661.00
6.224582,940.2769,700.00
6.224582,940.3223,676.00
6.224582,940.3678,700.00
6.224582,940.4133,646.00
6.224582,940.4588,688.00
6.224582,940.5042,658.00
6.224582,940.5497,732.00
6.224582,940.5952,640.00
6.224582,940.6406,693.00
6.224582,940.6860,682.00
6.224582,940.7315,725.00
6.224582,940.7769,676.00
6.224582,940.8223,708.00
6.224582,940.8677,658.00
6.224582,940.9132,699.00
6.224582,940.9586,672.00
6.224582,941.0040,736.00
6.224582,941.0494,688.00
6.224582,941.0948,691.00
6.224582,941.1402,685.00
6.224582,941.1855,686.00
6.224582,941.2310,658.00
6.224582,941.2762,750.00
6.224582,941.3216,647.00
6.224582,941.3670,742.00
6.224582,941.4124,657.00
6.224582,941.4577,711.00
6.224582,941.5031,681.00
6.224582,941.5483,685.00
6.224582,941.5937,651.00
6.224582,941.6390,708.00
6.224582,941.6843,653.00
6.224582,941.7296,706.00
6.224582,941.7749,674.00
6.224582,941.8203,701.00
6.224582,941.8655,688.00
6.224582,941.9108,680.00
6.224582,941.9561,671.00
6.224582,942.0013,709.00
6.224582,942.0467,656.00
6.224582,942.0920,716.00
6.224582,942.1372,698.00
6.224582,942.1824,705.00
6.224582,942.2277,666.00
6.224582,942.2729,708.00
6.224582,942.3182,654.00
6.224582,942.3634,731.00
6.224582,942.4086,676.00
6.224582,942.4539,679.00
6.224582,942.4990,632.00
6.224582,942.5443,715.00
6.224582,942.5895,679.00
6.224582,942.6347,698.00
6.224582,942.6798,663.00
6.224582,942.7250,678.00
6.224582,942.7702,681.00
6.224582,942.8154,703.00
6.224582,942.8606,641.00
6.224582,942.9058,689.00
6.224582,942.9508,653.00
6.224582,942.9960,702.00
6.224582,943.0412,647.00
6.224582,943.0864,680.00
6.224582,943.1314,644.00
6.224582,943.1766,714.00
6.224582,943.2217,665.00
6.224582,943.2668,721.00
6.224582,943.3120,660.00
6.224582,943.3571,730.00
6.224582,943.4021,691.00
6.224582,943.4473,730.00
6.224582,943.4923,652.00
6.224582,943.5374,684.00
6.224582,943.5825,651.00
6.224582,943.6276,705.00
6.224582,943.6725,615.00
6.224582,943.7177,698.00
6.224582,943.7627,688.00
6.224582,943.8078,675.00
6.224582,943.8528,668.00
6.224582,943.8978,699.00
6.224582,943.9429,653.00
6.224582,943.9879,724.00
6.224582,944.0330,673.00
6.224582,944.0779,694.00
6.224582,944.1229,665.00
6.224582,944.1679,698.00
6.224582,944.2130,670.00
6.224582,944.2579,726.00
6.224582,944.3029,677.00
6.224582,944.3478,668.00
6.224582,944.3929,621.00
6.224582,944.4379,741.00
6.224582,944.4828,673.00
6.224582,944.5277,716.00
6.224582,944.5727,666.00
6.224582,944.6176,706.00
6.224582,944.6626,668.00
6.224582,944.7076,710.00
6.224582,944.7524,638.00
6.224582,944.7974,707.00
6.224582,944.8423,669.00
6.224582,944.8872,724.00
6.224582,944.9321,705.00
6.224582,944.9770,703.00
6.224582,945.0219,677.00
6.224582,945.0667,692.00
6.224582,945.1116,666.00
6.224582,945.1566,688.00
6.224582,945.2014,643.00
6.224582,945.2463,692.00
6.224582,945.2911,644.00
6.224582,945.3360,725.00
6.224582,945.3808,676.00
6.224582,945.4257,691.00
6.224582,945.4705,642.00
6.224582,945.5153,702.00
6.224582,945.5601,616.00
6.224582,945.6050,732.00
6.224582,945.6498,667.00
6.224582,945.6946,723.00
6.224582,945.7394,683.00
6.224582,945.7842,688.00
6.224582,945.8290,660.00
6.224582,945.8738,725.00
6.224582,945.9186,657.00
6.224582,945.9633,721.00
6.224582,946.0081,642.00
6.224582,946.0529,714.00
6.224582,946.0976,686.00
6.224582,946.1423,694.00
6.224582,946.1871,648.00
6.224582,946.2318,693.00
6.224582,946.2766,615.00
6.224582,946.3213,701.00
6.224582,946.3660,639.00
6.224582,946.4107,704.00
6.224582,946.4554,652.00
6.224582,946.5001,717.00
6.224582,946.5449,660.00
6.224582,946.5895,661.00
6.224582,946.6342,618.00
6.224582,946.6789,700.00
6.224582,946.7236,620.00
6.224582,946.7682,680.00
6.224582,946.8129,656.00
6.224582,946.8575,693.00
6.224582,946.9022,634.00
6.224582,946.9468,686.00
6.224582,946.9915,640.00
6.224582,947.0361,680.00
6.224582,947.0807,652.00
6.224582,947.1253,683.00
6.224582,947.1700,641.00
6.224582,947.2146,696.00
6.224582,947.2592,638.00
6.224582,947.3038,706.00
6.224582,947.3483,677.00
6.224582,947.3929,684.00
6.224582,947.4376,634.00
6.224582,947.4821,665.00
6.224582,947.5267,667.00
6.224582,947.5712,698.00
6.224582,947.6158,656.00
6.224582,947.6604,667.00
6.224582,947.7050,654.00
6.224582,947.7495,653.00
6.224582,947.7939,639.00
6.224582,947.8385,690.00
6.224582,947.8831,613.00
6.224582,947.9276,669.00
6.224582,947.9720,654.00
6.224582,948.0166,637.00
6.224582,948.0611,641.00
6.224582,948.1056,664.00
6.224582,948.1501,622.00
6.224582,948.1945,671.00
6.224582,948.2390,610.00
6.224582,948.2835,652.00
6.224582,948.3279,594.00
6.224582,948.3724,685.00
6.224582,948.4169,615.00
6.224582,948.4613,671.00
6.224582,948.5057,628.00
6.224582,948.5502,639.00
6.224582,948.5947,618.00
6.224582,948.6391,687.00
6.224582,948.6835,635.00
6.224582,948.7279,706.00
6.224582,948.7723,671.00
6.224582,948.8167,683.00
6.224582,948.8611,647.00
6.224582,948.9055,629.00
6.224582,948.9498,627.00
6.224582,948.9943,671.00
6.224582,949.0387,623.00
6.224582,949.0830,689.00
6.224582,949.1273,652.00
6.224582,949.1718,685.00
6.224582,949.2161,645.00
6.224582,949.2604,665.00
6.224582,949.3047,630.00
6.224582,949.3491,660.00
6.224582,949.3934,632.00
6.224582,949.4377,662.00
6.224582,949.4821,606.00
6.224582,949.5264,683.00
6.224582,949.5707,674.00
6.224582,949.6150,668.00
6.224582,949.6592,643.00
6.224582,949.7036,663.00
6.224582,949.7479,635.00
6.224582,949.7921,683.00
6.224582,949.8363,630.00
6.224582,949.8806,681.00
6.224582,949.9249,647.00
6.224582,949.9692,687.00
6.224582,950.0134,621.00
6.224582,950.0576,681.00
6.224582,950.1019,640.00
6.224582,950.1461,673.00
6.224582,950.1903,595.00
6.224582,950.2346,718.00
6.224582,950.2787,680.00
6.224582,950.3229,702.00
6.224582,950.3671,642.00
6.224582,950.4114,663.00
6.224582,950.4555,657.00
6.224582,950.4997,692.00
6.224582,950.5439,651.00
6.224582,950.5880,705.00
6.224582,950.6322,647.00
6.224582,950.6763,682.00
6.224582,950.7205,660.00
6.224582,950.7646,659.00
6.224582,950.8088,634.00
6.224582,950.8530,665.00
6.224582,950.8971,651.00
6.224582,950.9412,670.00
6.224582,950.9853,607.00
6.224582,951.0294,709.00
6.224582,951.0735,656.00
6.224582,951.1177,723.00
6.224582,951.1617,677.00
6.224582,951.2057,673.00
6.224582,951.2499,690.00
6.224582,951.2939,690.00
6.224582,951.3380,643.00
6.224582,951.3821,672.00
6.224582,951.4261,640.00
6.224582,951.4702,701.00
6.224582,951.5142,659.00
6.224582,951.5582,691.00
6.224582,951.6024,652.00
6.224582,951.6464,686.00
6.224582,951.6904,682.00
6.224582,951.7344,679.00
6.224582,951.7784,635.00
6.224582,951.8224,714.00
6.224582,951.8665,667.00
6.224582,951.9104,715.00
6.224582,951.9544,665.00
6.224582,951.9984,697.00
6.224582,952.0424,641.00
6.224582,952.0864,711.00
6.224582,952.1303,631.00
6.224582,952.1743,698.00
6.224582,952.2183,642.00
6.224582,952.2621,728.00
6.224582,952.3061,697.00
6.224582,952.3500,693.00
6.224582,952.3940,673.00
6.224582,952.4379,673.00
6.224582,952.4818,640.00
6.224582,952.5258,716.00
6.224582,952.5696,658.00
6.224582,952.6136,738.00
6.224582,952.6574,650.00
6.224582,952.7014,692.00
6.224582,952.7452,646.00
6.224582,952.7891,679.00
6.224582,952.8330,623.00
6.224582,952.8768,703.00
6.224582,952.9207,640.00
6.224582,952.9645,729.00
6.224582,953.0084,641.00
6.224582,953.0522,673.00
6.224582,953.0961,673.00
6.224582,953.1400,664.00
6.224582,953.1838,626.00
6.224582,953.2275,656.00
6.224582,953.2714,632.00
6.224582,953.3152,720.00
6.224582,953.3589,670.00
6.224582,953.4028,687.00
6.224582,953.4466,662.00
6.224582,953.4904,678.00
6.224582,953.5341,660.00
6.224582,953.5779,689.00
6.224582,953.6217,637.00
6.224582,953.6654,685.00
6.224582,953.7092,607.00
6.224582,953.7529,694.00
6.224582,953.7967,624.00
6.224582,953.8405,682.00
6.224582,953.8842,644.00
6.224582,953.9279,645.00
6.224582,953.9716,641.00
6.224582,954.0153,658.00
6.224582,954.0590,619.00
6.224582,954.1027,658.00
6.224582,954.1464,644.00
6.224582,954.1901,686.00
6.224582,954.2338,655.00
6.224582,954.2774,677.00
6.224582,954.3212,645.00
6.224582,954.3648,696.00
6.224582,954.4084,629.00
6.224582,954.4521,667.00
6.224582,954.4958,620.00
6.224582,954.5394,668.00
6.224582,954.5831,660.00
6.224582,954.6267,634.00
6.224582,954.6703,637.00
6.224582,954.7139,636.00
6.224582,954.7576,650.00
6.224582,954.8012,678.00
6.224582,954.8448,613.00
6.224582,954.8884,710.00
6.224582,954.9319,648.00
6.224582,954.9755,673.00
6.224582,955.0191,641.00
6.224582,955.0627,620.00
6.224582,955.1063,593.00
6.224582,955.1498,638.00
6.224582,955.1934,566.00
6.224582,955.2369,650.00
6.224582,955.2805,608.00
6.224582,955.3240,660.00
6.224582,955.3675,655.00
6.224582,955.4111,633.00
6.224582,955.4546,611.00
6.224582,955.4981,670.00
6.224582,955.5416,580.00
6.224582,955.5851,653.00
6.224582,955.6285,590.00
6.224582,955.6722,687.00
6.224582,955.7156,655.00
6.224582,955.7590,660.00
6.224582,955.8025,614.00
6.224582,955.8460,651.00
6.224582,955.8895,613.00
6.224582,955.9329,671.00
6.224582,955.9764,636.00
6.224582,956.0198,691.00
6.224582,956.0632,655.00
6.224582,956.1067,688.00
6.224582,956.1501,673.00
6.224582,956.1935,648.00
6.224582,956.2369,617.00
6.224582,956.2803,641.00
6.224582,956.3238,570.00
6.224582,956.3671,682.00
6.224582,956.4105,624.00
6.224582,956.4539,674.00
6.224582,956.4973,642.00
6.224582,956.5406,617.00
6.224582,956.5841,623.00
6.224582,956.6274,640.00
6.224582,956.6707,613.00
6.224582,956.7141,721.00
6.224582,956.7575,610.00
6.224582,956.8008,671.00
6.224582,956.8442,658.00
6.224582,956.8875,650.00
6.224582,956.9308,656.00
6.224582,956.9741,673.00
6.224582,957.0174,631.00
6.224582,957.0607,643.00
6.224582,957.1040,597.00
6.224582,957.1473,684.00
6.224582,957.1906,622.00
6.224582,957.2339,659.00
6.224582,957.2772,641.00
6.224582,957.3204,684.00
6.224582,957.3636,650.00
6.224582,957.4069,659.00
6.224582,957.4502,627.00
6.224582,957.4934,678.00
6.224582,957.5366,642.00
6.224582,957.5799,673.00
6.224582,957.6230,635.00
6.224582,957.6664,657.00
6.224582,957.7095,653.00
6.224582,957.7527,677.00
6.224582,957.7959,636.00
6.224582,957.8392,667.00
6.224582,957.8823,648.00
6.224582,957.9255,684.00
6.224582,957.9687,642.00
6.224582,958.0118,680.00
6.224582,958.0551,639.00
6.224582,958.0983,704.00
6.224582,958.1414,634.00
6.224582,958.1845,681.00
6.224582,958.2277,630.00
6.224582,958.2708,697.00
6.224582,958.3139,646.00
6.224582,958.3571,709.00
6.224582,958.4001,664.00
6.224582,958.4432,671.00
6.224582,958.4864,630.00
6.224582,958.5295,685.00
6.224582,958.5726,646.00
6.224582,958.6157,708.00
6.224582,958.6588,667.00
6.224582,958.7018,677.00
6.224582,958.7449,614.00
6.224582,958.7879,689.00
6.224582,958.8311,626.00
6.224582,958.8741,679.00
6.224582,958.9171,606.00
6.224582,958.9601,671.00
6.224582,959.0032,636.00
6.224582,959.0463,709.00
6.224582,959.0893,677.00
6.224582,959.1323,673.00
6.224582,959.1752,649.00
6.224582,959.2183,680.00
6.224582,959.2613,624.00
6.224582,959.3043,680.00
6.224582,959.3472,614.00
6.224582,959.3903,662.00
6.224582,959.4332,652.00
6.224582,959.4763,682.00
6.224582,959.5192,630.00
6.224582,959.5621,653.00
6.224582,959.6051,625.00
6.224582,959.6480,664.00
6.224582,959.6910,593.00
6.224582,959.7339,677.00
6.224582,959.7768,604.00
6.224582,959.8198,674.00
6.224582,959.8627,600.00
6.224582,959.9056,662.00
6.224582,959.9485,628.00
6.224582,959.9915,632.00
6.224582,960.0343,569.00
6.224582,960.0771,678.00
6.224582,960.1201,619.00
6.224582,960.1630,658.00
6.224582,960.2058,630.00
6.224582,960.2487,650.00
6.224582,960.2915,621.00
6.224582,960.3344,613.00
6.224582,960.3773,583.00
6.224582,960.4200,675.00
6.224582,960.4629,607.00
6.224582,960.5057,690.00
6.224582,960.5485,616.00
6.224582,960.5914,645.00
6.224582,960.6342,647.00
6.224582,960.6770,607.00
6.224582,960.7198,627.00
6.224582,960.7626,632.00
6.224582,960.8054,590.00
6.224582,960.8481,645.00
6.224582,960.8909,621.00
6.224582,960.9337,671.00
6.224582,960.9764,620.00
6.224582,961.0192,633.00
6.224582,961.0620,596.00
6.224582,961.1047,636.00
6.224582,961.1475,627.00
6.224582,961.1902,658.00
6.224582,961.2329,620.00
6.224582,961.2757,672.00
6.224582,961.3184,638.00
6.224582,961.3611,613.00
6.224582,961.4037,605.00
6.224582,961.4465,638.00
6.224582,961.4892,620.00
6.224582,961.5319,645.00
6.224582,961.5745,598.00
6.224582,961.6172,656.00
6.224582,961.6599,621.00
6.224582,961.7026,656.00
6.224582,961.7452,658.00
6.224582,961.7878,617.00
6.224582,961.8304,642.00
6.224582,961.8731,682.00
6.224582,961.9157,618.00
6.224582,961.9584,655.00
6.224582,962.0010,652.00
6.224582,962.0436,667.00
6.224582,962.0862,637.00
6.224582,962.1288,661.00
6.224582,962.1714,607.00
6.224582,962.2140,652.00
6.224582,962.2565,607.00
6.224582,962.2991,670.00
6.224582,962.3417,602.00
6.224582,962.3843,679.00
6.224582,962.4268,658.00
6.224582,962.4694,651.00
6.224582,962.5119,635.00
6.224582,962.5545,671.00
6.224582,962.5970,603.00
6.224582,962.6396,669.00
6.224582,962.6821,605.00
6.224582,962.7246,735.00
6.224582,962.7671,617.00
6.224582,962.8096,663.00
6.224582,962.8522,628.00
6.224582,962.8947,622.00
6.224582,962.9371,617.00
6.224582,962.9796,662.00
6.224582,963.0222,601.00
6.224582,963.0646,678.00
6.224582,963.1070,603.00
6.224582,963.1495,654.00
6.224582,963.1919,629.00
6.224582,963.2344,654.00
6.224582,963.2768,625.00
6.224582,963.3193,667.00
6.224582,963.3616,615.00
6.224582,963.4041,690.00
6.224582,963.4465,591.00
6.224582,963.4889,658.00
6.224582,963.5314,627.00
6.224582,963.5737,645.00
6.224582,963.6161,645.00
6.224582,963.6585,631.00
6.224582,963.7009,579.00
6.224582,963.7433,625.00
6.224582,963.7856,632.00
6.224582,963.8280,692.00
6.224582,963.8704,605.00
6.224582,963.9127,657.00
6.224582,963.9551,640.00
6.224582,963.9974,640.00
6.224582,964.0397,602.00
6.224582,964.0820,656.00
6.224582,964.1244,620.00
6.224582,964.1667,682.00
6.224582,964.2090,644.00
6.224582,964.2513,653.00
6.224582,964.2936,634.00
6.224582,964.3359,684.00
6.224582,964.3782,615.00
6.224582,964.4205,658.00
6.224582,964.4627,598.00
6.224582,964.5050,673.00
6.224582,964.5472,596.00
6.224582,964.5895,679.00
6.224582,964.6317,637.00
6.224582,964.6740,643.00
6.224582,964.7162,656.00
6.224582,964.7585,640.00
6.224582,964.8007,619.00
6.224582,964.8429,642.00
6.224582,964.8851,599.00
6.224582,964.9273,670.00
6.224582,964.9695,608.00
6.224582,965.0118,631.00
6.224582,965.0539,627.00
6.224582,965.0961,659.00
6.224582,965.1382,643.00
6.224582,965.1805,674.00
6.224582,965.2226,599.00
6.224582,965.2648,667.00
6.224582,965.3069,601.00
6.224582,965.3491,651.00
6.224582,965.3912,609.00
6.224582,965.4333,661.00
6.224582,965.4755,633.00
6.224582,965.5176,630.00
6.224582,965.5598,611.00
6.224582,965.6019,692.00
6.224582,965.6439,616.00
6.224582,965.6861,654.00
6.224582,965.7281,623.00
6.224582,965.7702,661.00
6.224582,965.8123,612.00
6.224582,965.8543,670.00
6.224582,965.8964,633.00
6.224582,965.9385,659.00
6.224582,965.9806,614.00
6.224582,966.0226,668.00
6.224582,966.0647,607.00
6.224582,966.1068,618.00
6.224582,966.1487,643.00
6.224582,966.1907,647.00
6.224582,966.2328,616.00
6.224582,966.2748,655.00
6.224582,966.3168,601.00
6.224582,966.3588,675.00
6.224582,966.4008,589.00
6.224582,966.4427,652.00
6.224582,966.4848,617.00
6.224582,966.5268,610.00
6.224582,966.5688,597.00
6.224582,966.6107,646.00
6.224582,966.6526,592.00
6.224582,966.6946,650.00
6.224582,966.7366,573.00
6.224582,966.7785,658.00
6.224582,966.8204,643.00
6.224582,966.8624,652.00
6.224582,966.9042,627.00
6.224582,966.9462,630.00
6.224582,966.9881,579.00
6.224582,967.0300,651.00
6.224582,967.0719,584.00
6.224582,967.1138,671.00
6.224582,967.1556,597.00
6.224582,967.1976,679.00
6.224582,967.2394,625.00
6.224582,967.2813,632.00
6.224582,967.3232,605.00
6.224582,967.3651,670.00
6.224582,967.4070,589.00
6.224582,967.4488,676.00
6.224582,967.4906,618.00
6.224582,967.5324,684.00
6.224582,967.5743,665.00
6.224582,967.6161,636.00
6.224582,967.6579,624.00
6.224582,967.6997,669.00
6.224582,967.7415,590.00
6.224582,967.7833,678.00
6.224582,967.8251,582.00
6.224582,967.8669,682.00
6.224582,967.9087,648.00
6.224582,967.9504,639.00
6.224582,967.9922,625.00
6.224582,968.0339,667.00
6.224582,968.0757,617.00
6.224582,968.1174,668.00
6.224582,968.1592,601.00
6.224582,968.2009,646.00
6.224582,968.2427,589.00
6.224582,968.2844,656.00
6.224582,968.3262,682.00
6.224582,968.3679,626.00
6.224582,968.4095,615.00
6.224582,968.4512,670.00
6.224582,968.4930,610.00
6.224582,968.5347,701.00
6.224582,968.5763,639.00
6.224582,968.6180,679.00
6.224582,968.6597,609.00
6.224582,968.7014,665.00
6.224582,968.7430,636.00
6.224582,968.7846,671.00
6.224582,968.8263,613.00
6.224582,968.8679,682.00
6.224582,968.9095,600.00
6.224582,968.9512,684.00
6.224582,968.9928,633.00
6.224582,969.0344,638.00
6.224582,969.0761,657.00
6.224582,969.1177,640.00
6.224582,969.1592,598.00
6.224582,969.2009,650.00
6.224582,969.2424,603.00
6.224582,969.2839,680.00
6.224582,969.3255,616.00
6.224582,969.3672,651.00
6.224582,969.4087,599.00
6.224582,969.4503,681.00
6.224582,969.4918,574.00
6.224582,969.5333,634.00
6.224582,969.5749,571.00
6.224582,969.6165,633.00
6.224582,969.6580,604.00
6.224582,969.6995,665.00
6.224582,969.7410,639.00
6.224582,969.7825,645.00
6.224582,969.8240,624.00
6.224582,969.8655,634.00
6.224582,969.9070,604.00
6.224582,969.9484,713.00
6.224582,969.9899,578.00
6.224582,970.0314,630.00
6.224582,970.0728,611.00
6.224582,970.1143,644.00
6.224582,970.1558,644.00
6.224582,970.1971,653.00
6.224582,970.2386,585.00
6.224582,970.2801,627.00
6.224582,970.3215,580.00
6.224582,970.3629,670.00
6.224582,970.4044,610.00
6.224582,970.4457,674.00
6.224582,970.4872,637.00
6.224582,970.5286,632.00
6.224582,970.5699,605.00
6.224582,970.6113,621.00
6.224582,970.6527,593.00
6.224582,970.6941,638.00
6.224582,970.7354,598.00
6.224582,970.7768,642.00
6.224582,970.8182,626.00
6.224582,970.8595,654.00
6.224582,970.9009,627.00
6.224582,970.9422,617.00
6.224582,970.9835,645.00
6.224582,971.0248,629.00
6.224582,971.0662,569.00
6.224582,971.1075,665.00
6.224582,971.1487,610.00
6.224582,971.1901,644.00
6.224582,971.2314,634.00
6.224582,971.2727,612.00
6.224582,971.3140,590.00
6.224582,971.3552,601.00
6.224582,971.3965,568.00
6.224582,971.4377,645.00
6.224582,971.4789,608.00
6.224582,971.5203,647.00
6.224582,971.5615,606.00
6.224582,971.6027,620.00
6.224582,971.6439,572.00
6.224582,971.6852,604.00
6.224582,971.7264,587.00
6.224582,971.7676,623.00
6.224582,971.8088,590.00
6.224582,971.8500,580.00
6.224582,971.8912,592.00
6.224582,971.9324,653.00
6.224582,971.9736,599.00
6.224582,972.0148,599.00
6.224582,972.0560,592.00
6.224582,972.0972,646.00
6.224582,972.1384,600.00
6.224582,972.1794,641.00
6.224582,972.2206,585.00
6.224582,972.2617,580.00
6.224582,972.3029,595.00
6.224582,972.3439,588.00
6.224582,972.3851,558.00
6.224582,972.4262,584.00
6.224582,972.4673,532.00
6.224582,972.5085,647.00
6.224582,972.5496,592.00
6.224582,972.5907,613.00
6.224582,972.6317,592.00
6.224582,972.6729,580.00
6.224582,972.7139,569.00
6.224582,972.7549,608.00
6.224582,972.7961,552.00
6.224582,972.8371,604.00
6.224582,972.8781,596.00
6.224582,972.9191,664.00
6.224582,972.9602,586.00
6.224582,973.0013,646.00
6.224582,973.0423,592.00
6.224582,973.0833,590.00
6.224582,973.1243,524.00
6.224582,973.1653,595.00
6.224582,973.2064,541.00
6.224582,973.2473,618.00
6.224582,973.2883,573.00
6.224582,973.3293,612.00
6.224582,973.3703,543.00
6.224582,973.4113,606.00
6.224582,973.4522,571.00
6.224582,973.4931,590.00
6.224582,973.5341,556.00
6.224582,973.5750,619.00
6.224582,973.6160,591.00
6.224582,973.6570,647.00
6.224582,973.6978,599.00
6.224582,973.7388,598.00
6.224582,973.7797,575.00
6.224582,973.8206,591.00
6.224582,973.8615,553.00
6.224582,973.9024,621.00
6.224582,973.9433,563.00
6.224582,973.9842,635.00
6.224582,974.0250,577.00
6.224582,974.0660,608.00
6.224582,974.1068,612.00
6.224582,974.1476,637.00
6.224582,974.1885,581.00
6.224582,974.2294,618.00
6.224582,974.2702,574.00
6.224582,974.3110,648.00
6.224582,974.3519,616.00
6.224582,974.3927,654.00
6.224582,974.4335,633.00
6.224582,974.4743,627.00
6.224582,974.5151,594.00
6.224582,974.5559,636.00
6.224582,974.5967,563.00
6.224582,974.6375,674.00
6.224582,974.6783,591.00
6.224582,974.7191,643.00
6.224582,974.7598,624.00
6.224582,974.8006,661.00
6.224582,974.8413,635.00
6.224582,974.8821,653.00
6.224582,974.9229,615.00
6.224582,974.9636,672.00
6.224582,975.0043,616.00
6.224582,975.0450,679.00
6.224582,975.0858,618.00
6.224582,975.1265,649.00
6.224582,975.1672,640.00
6.224582,975.2079,682.00
6.224582,975.2485,621.00
6.224582,975.2892,663.00
6.224582,975.3300,602.00
6.224582,975.3706,688.00
6.224582,975.4113,651.00
6.224582,975.4519,698.00
6.224582,975.4926,651.00
6.224582,975.5333,651.00
6.224582,975.5739,592.00
6.224582,975.6146,639.00
6.224582,975.6552,585.00
6.224582,975.6958,673.00
6.224582,975.7363,611.00
6.224582,975.7770,650.00
6.224582,975.8176,613.00
6.224582,975.8582,676.00
6.224582,975.8989,630.00
6.224582,975.9395,631.00
6.224582,975.9800,641.00
6.224582,976.0206,682.00
6.224582,976.0611,620.00
6.224582,976.1017,691.00
6.224582,976.1423,615.00
6.224582,976.1829,644.00
6.224582,976.2234,627.00
6.224582,976.2639,666.00
6.224582,976.3044,615.00
6.224582,976.3450,651.00
6.224582,976.3855,596.00
6.224582,976.4260,667.00
6.224582,976.4665,641.00
6.224582,976.5070,667.00
6.224582,976.5475,629.00
6.224582,976.5880,658.00
6.224582,976.6285,611.00
6.224582,976.6690,644.00
6.224582,976.7095,559.00
6.224582,976.7500,692.00
6.224582,976.7905,607.00
6.224582,976.8308,673.00
6.224582,976.8713,630.00
6.224582,976.9117,619.00
6.224582,976.9521,624.00
6.224582,976.9926,637.00
6.224582,977.0330,626.00
6.224582,977.0734,667.00
6.224582,977.1139,607.00
6.224582,977.1542,646.00
6.224582,977.1947,612.00
6.224582,977.2350,655.00
6.224582,977.2755,625.00
6.224582,977.3158,627.00
6.224582,977.3562,589.00
6.224582,977.3965,632.00
6.224582,977.4370,577.00
6.224582,977.4773,660.00
6.224582,977.5176,603.00
6.224582,977.5579,626.00
6.224582,977.5983,574.00
6.224582,977.6387,632.00
6.224582,977.6790,564.00
6.224582,977.7192,601.00
6.224582,977.7595,589.00
6.224582,977.7999,627.00
6.224582,977.8402,602.00
6.224582,977.8805,620.00
6.224582,977.9208,542.00
6.224582,977.9610,612.00
6.224582,978.0013,573.00
6.224582,978.0417,619.00
6.224582,978.0819,576.00
6.224582,978.1221,627.00
6.224582,978.1624,564.00
6.224582,978.2026,600.00
6.224582,978.2428,561.00
6.224582,978.2831,618.00
6.224582,978.3233,625.00
6.224582,978.3635,586.00
6.224582,978.4037,584.00
6.224582,978.4440,628.00
6.224582,978.4842,565.00
6.224582,978.5244,628.00
6.224582,978.5645,573.00
6.224582,978.6047,608.00
6.224582,978.6449,566.00
6.224582,978.6851,620.00
6.224582,978.7253,540.00
6.224582,978.7654,602.00
6.224582,978.8055,554.00
6.224582,978.8458,589.00
6.224582,978.8859,538.00
6.224582,978.9260,622.00
6.224582,978.9661,563.00
6.224582,979.0062,573.00
6.224582,979.0463,564.00
6.224582,979.0864,587.00
6.224582,979.1266,529.00
6.224582,979.1666,609.00
6.224582,979.2067,554.00
6.224582,979.2469,620.00
6.224582,979.2869,597.00
6.224582,979.3270,610.00
6.224582,979.3671,596.00
6.224582,979.4071,599.00
6.224582,979.4471,546.00
6.224582,979.4871,602.00
6.224582,979.5272,537.00
6.224582,979.5673,646.00
6.224582,979.6072,579.00
6.224582,979.6473,583.00
6.224582,979.6873,585.00
6.224582,979.7273,594.00
6.224582,979.7673,555.00
6.224582,979.8073,575.00
6.224582,979.8473,533.00
6.224582,979.8873,608.00
6.224582,979.9273,553.00
6.224582,979.9673,615.00
6.224582,980.0072,583.00
6.224582,980.0471,578.00
6.224582,980.0872,594.00
6.224582,980.1271,594.00
6.224582,980.1671,563.00
6.224582,980.2069,619.00
6.224582,980.2469,551.00
6.224582,980.2868,617.00
6.224582,980.3267,583.00
6.224582,980.3666,641.00
6.224582,980.4065,605.00
6.224582,980.4464,607.00
6.224582,980.4863,566.00
6.224582,980.5262,629.00
6.224582,980.5660,560.00
6.224582,980.6060,638.00
6.224582,980.6458,559.00
6.224582,980.6857,613.00
6.224582,980.7255,580.00
6.224582,980.7654,600.00
6.224582,980.8052,577.00
6.224582,980.8450,597.00
6.224582,980.8849,532.00
6.224582,980.9247,588.00
6.224582,980.9645,550.00
6.224582,981.0043,626.00
6.224582,981.0441,618.00
6.224582,981.0839,610.00
6.224582,981.1237,582.00
6.224582,981.1635,589.00
6.224582,981.2033,515.00
6.224582,981.2430,633.00
6.224582,981.2828,535.00
6.224582,981.3226,627.00
6.224582,981.3624,560.00
6.224582,981.4021,591.00
6.224582,981.4418,568.00
6.224582,981.4816,591.00
6.224582,981.5213,529.00
6.224582,981.5610,598.00
6.224582,981.6008,549.00
6.224582,981.6404,612.00
6.224582,981.6802,555.00
6.224582,981.7198,598.00
6.224582,981.7596,571.00
6.224582,981.7993,610.00
6.224582,981.8389,536.00
6.224582,981.8786,581.00
6.224582,981.9182,537.00
6.224582,981.9579,631.00
6.224582,981.9976,563.00
6.224582,982.0372,604.00
6.224582,982.0768,554.00
6.224582,982.1165,560.00
6.224582,982.1561,525.00
6.224582,982.1958,595.00
6.224582,982.2354,530.00
6.224582,982.2750,591.00
6.224582,982.3146,552.00
6.224582,982.3541,604.00
6.224582,982.3937,545.00
6.224582,982.4333,585.00
6.224582,982.4730,581.00
6.224582,982.5125,598.00
6.224582,982.5521,550.00
6.224582,982.5917,600.00
6.224582,982.6312,512.00
6.224582,982.6707,610.00
6.224582,982.7103,545.00
6.224582,982.7498,609.00
6.224582,982.7893,524.00
6.224582,982.8289,572.00
6.224582,982.8683,501.00
6.224582,982.9079,558.00
6.224582,982.9474,530.00
6.224582,982.9869,592.00
6.224582,983.0264,526.00
6.224582,983.0659,562.00
6.224582,983.1053,585.00
6.224582,983.1448,541.00
6.224582,983.1843,584.00
6.224582,983.2238,601.00
6.224582,983.2632,569.00
6.224582,983.3027,610.00
6.224582,983.3420,566.00
6.224582,983.3816,592.00
6.224582,983.4210,584.00
6.224582,983.4604,586.00
6.224582,983.4998,557.00
6.224582,983.5392,555.00
6.224582,983.5786,534.00
6.224582,983.6180,558.00
6.224582,983.6574,517.00
6.224582,983.6968,610.00
6.224582,983.7361,567.00
6.224582,983.7755,581.00
6.224582,983.8149,541.00
6.224582,983.8543,582.00
6.224582,983.8936,559.00
6.224582,983.9329,579.00
6.224582,983.9723,522.00
6.224582,984.0116,596.00
6.224582,984.0510,573.00
6.224582,984.0903,611.00
6.224582,984.1296,563.00
6.224582,984.1689,597.00
6.224582,984.2083,580.00
6.224582,984.2476,586.00
6.224582,984.2868,557.00
6.224582,984.3261,599.00
6.224582,984.3654,518.00
6.224582,984.4046,604.00
6.224582,984.4440,551.00
6.224582,984.4832,604.00
6.224582,984.5225,549.00
6.224582,984.5616,547.00
6.224582,984.6010,514.00
6.224582,984.6402,551.00
6.224582,984.6794,500.00
6.224582,984.7186,606.00
6.224582,984.7578,585.00
6.224582,984.7970,613.00
6.224582,984.8362,583.00
6.224582,984.8755,564.00
6.224582,984.9146,545.00
6.224582,984.9538,578.00
6.224582,984.9930,532.00
6.224582,985.0322,623.00
6.224582,985.0714,560.00
6.224582,985.1105,566.00
6.224582,985.1497,559.00
6.224582,985.1888,568.00
6.224582,985.2279,547.00
6.224582,985.2671,582.00
6.224582,985.3062,543.00
6.224582,985.3453,569.00
6.224582,985.3845,502.00
6.224582,985.4236,595.00
6.224582,985.4626,537.00
6.224582,985.5017,601.00
6.224582,985.5408,604.00
6.224582,985.5799,599.00
6.224582,985.6190,517.00
6.224582,985.6581,602.00
6.224582,985.6971,522.00
6.224582,985.7362,590.00
6.224582,985.7752,531.00
6.224582,985.8143,574.00
6.224582,985.8533,547.00
6.224582,985.8924,561.00
6.224582,985.9314,533.00
6.224582,985.9704,589.00
6.224582,986.0094,523.00
6.224582,986.0484,611.00
6.224582,986.0875,542.00
6.224582,986.1265,602.00
6.224582,986.1655,560.00
6.224582,986.2044,573.00
6.224582,986.2434,539.00
6.224582,986.2823,583.00
6.224582,986.3214,511.00
6.224582,986.3603,572.00
6.224582,986.3992,480.00
6.224582,986.4382,561.00
6.224582,986.4771,555.00
6.224582,986.5161,593.00
6.224582,986.5550,558.00
6.224582,986.5939,568.00
6.224582,986.6329,534.00
6.224582,986.6718,575.00
6.224582,986.7106,506.00
6.224582,986.7495,593.00
6.224582,986.7884,548.00
6.224582,986.8273,593.00
6.224582,986.8661,549.00
6.224582,986.9050,577.00
6.224582,986.9438,520.00
6.224582,986.9828,546.00
6.224582,987.0216,516.00
6.224582,987.0605,596.00
6.224582,987.0993,514.00
6.224582,987.1381,596.00
6.224582,987.1769,525.00
6.224582,987.2158,552.00
6.224582,987.2546,536.00
6.224582,987.2934,565.00
6.224582,987.3322,472.00
6.224582,987.3710,554.00
6.224582,987.4097,464.00
6.224582,987.4486,556.00
6.224582,987.4873,512.00
6.224582,987.5261,558.00
6.224582,987.5649,533.00
6.224582,987.6036,552.00
6.224582,987.6423,504.00
6.224582,987.6812,556.00
6.224582,987.7198,479.00
6.224582,987.7586,570.00
6.224582,987.7972,538.00
6.224582,987.8361,568.00
6.224582,987.8748,526.00
6.224582,987.9135,559.00
6.224582,987.9521,511.00
6.224582,987.9908,559.00
6.224582,988.0295,510.00
6.224582,988.0681,561.00
6.224582,988.1069,507.00
6.224582,988.1456,575.00
6.224582,988.1842,523.00
6.224582,988.2228,545.00
6.224582,988.2615,550.00
6.224582,988.3002,559.00
6.224582,988.3388,469.00
6.224582,988.3774,549.00
6.224582,988.4160,518.00
6.224582,988.4546,595.00
6.224582,988.4933,525.00
6.224582,988.5319,542.00
6.224582,988.5704,528.00
6.224582,988.6090,509.00
6.224582,988.6476,481.00
6.224582,988.6862,540.00
6.224582,988.7248,499.00
6.224582,988.7634,606.00
6.224582,988.8019,500.00
6.224582,988.8405,554.00
6.224582,988.8790,518.00
6.224582,988.9176,549.00
6.224582,988.9561,491.00
6.224582,988.9946,502.00
6.224582,989.0332,489.00
6.224582,989.0717,521.00
6.224582,989.1102,498.00
6.224582,989.1487,547.00
6.224582,989.1871,519.00
6.224582,989.2256,540.00
6.224582,989.2641,522.00
6.224582,989.3027,517.00
6.224582,989.3411,531.00
6.224582,989.3795,547.00
6.224582,989.4180,464.00
6.224582,989.4565,579.00
6.224582,989.4949,484.00
6.224582,989.5334,495.00
6.224582,989.5718,497.00
6.224582,989.6102,512.00
6.224582,989.6486,511.00
6.224582,989.6871,566.00
6.224582,989.7255,495.00
6.224582,989.7639,534.00
6.224582,989.8022,510.00
6.224582,989.8407,531.00
6.224582,989.8791,519.00
6.224582,989.9174,529.00
6.224582,989.9558,479.00
6.224582,989.9941,553.00
6.224582,990.0325,477.00
6.224582,990.0709,589.00
6.224582,990.1093,518.00
6.224582,990.1475,541.00
6.224582,990.1859,544.00
6.224582,990.2242,510.00
6.224582,990.2626,502.00
6.224582,990.3008,527.00
6.224582,990.3391,476.00
6.224582,990.3774,580.00
6.224582,990.4157,513.00
6.224582,990.4540,563.00
6.224582,990.4924,503.00
6.224582,990.5306,560.00
6.224582,990.5688,528.00
6.224582,990.6071,546.00
6.224582,990.6454,527.00
6.224582,990.6837,547.00
6.224582,990.7219,470.00
6.224582,990.7601,552.00
6.224582,990.7983,515.00
6.224582,990.8365,577.00
6.224582,990.8748,547.00
6.224582,990.9130,553.00
6.224582,990.9512,528.00
6.224582,990.9893,539.00
6.224582,991.0276,518.00
6.224582,991.0658,539.00
6.224582,991.1039,500.00
6.224582,991.1421,584.00
6.224582,991.1802,553.00
6.224582,991.2184,553.00
6.224582,991.2565,509.00
6.224582,991.2947,544.00
6.224582,991.3329,476.00
6.224582,991.3710,558.00
6.224582,991.4091,540.00
6.224582,991.4473,566.00
6.224582,991.4854,544.00
6.224582,991.5234,596.00
6.224582,991.5616,575.00
6.224582,991.5997,544.00
6.224582,991.6378,531.00
6.224582,991.6758,584.00
6.224582,991.7139,496.00
6.224582,991.7520,557.00
6.224582,991.7900,526.00
6.224582,991.8282,579.00
6.224582,991.8661,504.00
6.224582,991.9042,540.00
6.224582,991.9422,520.00
6.224582,991.9803,553.00
6.224582,992.0182,493.00
6.224582,992.0563,570.00
6.224582,992.0944,494.00
6.224582,992.1323,574.00
6.224582,992.1703,506.00
6.224582,992.2084,552.00
6.224582,992.2463,547.00
6.224582,992.2844,581.00
6.224582,992.3223,509.00
6.224582,992.3602,587.00
6.224582,992.3982,514.00
6.224582,992.4362,591.00
6.224582,992.4741,556.00
6.224582,992.5120,576.00
6.224582,992.5500,559.00
6.224582,992.5879,529.00
6.224582,992.6259,517.00
6.224582,992.6638,592.00
6.224582,992.7017,534.00
6.224582,992.7396,573.00
6.224582,992.7775,572.00
6.224582,992.8154,562.00
6.224582,992.8533,554.00
6.224582,992.8912,545.00
6.224582,992.9290,528.00
6.224582,992.9669,556.00
6.224582,993.0048,551.00
6.224582,993.0426,585.00
6.224582,993.0804,530.00
6.224582,993.1183,584.00
6.224582,993.1561,546.00
6.224582,993.1940,555.00
6.224582,993.2318,520.00
6.224582,993.2696,577.00
6.224582,993.3074,508.00
6.224582,993.3452,573.00
6.224582,993.3830,491.00
6.224582,993.4208,574.00
6.224582,993.4586,518.00
6.224582,993.4963,572.00
6.224582,993.5341,556.00
6.224582,993.5719,555.00
6.224582,993.6096,523.00
6.224582,993.6474,583.00
6.224582,993.6851,504.00
6.224582,993.7228,570.00
6.224582,993.7606,565.00
6.224582,993.7984,549.00
6.224582,993.8361,493.00
6.224582,993.8738,586.00
6.224582,993.9115,549.00
6.224582,993.9492,560.00
6.224582,993.9869,500.00
6.224582,994.0245,570.00
6.224582,994.0622,507.00
6.224582,994.0999,588.00
6.224582,994.1376,540.00
6.224582,994.1753,526.00
6.224582,994.2130,537.00
6.224582,994.2505,561.00
6.224582,994.2881,516.00
6.224582,994.3258,608.00
6.224582,994.3634,485.00
6.224582,994.4010,574.00
6.224582,994.4387,528.00
6.224582,994.4763,548.00
6.224582,994.5139,548.00
6.224582,994.5515,510.00
6.224582,994.5891,485.00
6.224582,994.6266,542.00
6.224582,994.6642,488.00
6.224582,994.7018,540.00
6.224582,994.7393,519.00
6.224582,994.7769,554.00
6.224582,994.8145,517.00
6.224582,994.8521,540.00
6.224582,994.8895,500.00
6.224582,994.9271,575.00
6.224582,994.9647,513.00
6.224582,995.0022,570.00
6.224582,995.0397,474.00
6.224582,995.0771,554.00
6.224582,995.1146,545.00
6.224582,995.1522,526.00
6.224582,995.1896,503.00
6.224582,995.2271,529.00
6.224582,995.2646,463.00
6.224582,995.3021,558.00
6.224582,995.3396,521.00
6.224582,995.3770,545.00
6.224582,995.4145,542.00
6.224582,995.4518,565.00
6.224582,995.4893,553.00
6.224582,995.5267,530.00
6.224582,995.5641,514.00
6.224582,995.6016,537.00
6.224582,995.6390,482.00
6.224582,995.6765,548.00
6.224582,995.7138,501.00
6.224582,995.7512,529.00
6.224582,995.7886,526.00
6.224582,995.8260,553.00
6.224582,995.8633,494.00
6.224582,995.9007,508.00
6.224582,995.9380,488.00
6.224582,995.9754,515.00
6.224582,996.0128,490.00
6.224582,996.0501,579.00
6.224582,996.0874,526.00
6.224582,996.1248,554.00
6.224582,996.1621,511.00
6.224582,996.1994,569.00
6.224582,996.2367,487.00
6.224582,996.2740,527.00
6.224582,996.3113,499.00
6.224582,996.3486,559.00
6.224582,996.3859,524.00
6.224582,996.4232,595.00
6.224582,996.4604,563.00
6.224582,996.4977,533.00
6.224582,996.5350,487.00
6.224582,996.5722,500.00
6.224582,996.6094,497.00
6.224582,996.6466,595.00
6.224582,996.6838,528.00
6.224582,996.7211,573.00
6.224582,996.7583,530.00
6.224582,996.7955,550.00
6.224582,996.8327,537.00
6.224582,996.8700,544.00
6.224582,996.9072,510.00
6.224582,996.9443,547.00
6.224582,996.9815,515.00
6.224582,997.0187,552.00
6.224582,997.0558,538.00
6.224582,997.0930,539.00
6.224582,997.1301,541.00
6.224582,997.1672,575.00
6.224582,997.2045,520.00
6.224582,997.2416,559.00
6.224582,997.2787,503.00
6.224582,997.3158,582.00
6.224582,997.3530,519.00
6.224582,997.3900,568.00
6.224582,997.4271,559.00
6.224582,997.4642,551.00
6.224582,997.5013,523.00
6.224582,997.5384,539.00
6.224582,997.5754,498.00
6.224582,997.6126,613.00
6.224582,997.6497,499.00
6.224582,997.6867,541.00
6.224582,997.7238,527.00
6.224582,997.7607,589.00
6.224582,997.7978,492.00
6.224582,997.8348,553.00
6.224582,997.8718,526.00
6.224582,997.9088,575.00
6.224582,997.9458,498.00
6.224582,997.9829,562.00
6.224582,998.0200,568.00
6.224582,998.0569,549.00
6.224582,998.0939,527.00
6.224582,998.1309,569.00
6.224582,998.1678,519.00
6.224582,998.2048,556.00
6.224582,998.2417,502.00
6.224582,998.2786,603.00
6.224582,998.3156,536.00
6.224582,998.3525,571.00
6.224582,998.3896,518.00
6.224582,998.4265,537.00
6.224582,998.4633,495.00
6.224582,998.5003,580.00
6.224582,998.5372,505.00
6.224582,998.5740,601.00
6.224582,998.6110,522.00
6.224582,998.6478,573.00
6.224582,998.6847,544.00
6.224582,998.7217,560.00
6.224582,998.7585,504.00
6.224582,998.7953,539.00
6.224582,998.8322,492.00
6.224582,998.8691,580.00
6.224582,998.9059,498.00
6.224582,998.9427,570.00
6.224582,998.9795,537.00
6.224582,999.0163,552.00
6.224582,999.0531,532.00
6.224582,999.0899,527.00
6.224582,999.1267,471.00
6.224582,999.1636,558.00
6.224582,999.2004,506.00
6.224582,999.2372,606.00
6.224582,999.2739,563.00
6.224582,999.3107,573.00
6.224582,999.3474,539.00
6.224582,999.3842,537.00
6.224582,999.4210,509.00
6.224582,999.4576,575.00
6.224582,999.4946,474.00
6.224582,999.5312,565.00
6.224582,999.5680,538.00
6.224582,999.6047,548.00
6.224582,999.6414,515.00
6.224582,999.6780,555.00
6.224582,999.7147,518.00
6.224582,999.7515,529.00
6.224582,999.7881,470.00
6.224582,999.8248,517.00
6.224582,999.8614,481.00
6.224582,999.8981,565.00
6.224582,999.9349,516.00
6.224582,999.9715,525.00
6.224582,1000.0081,510.00
6.224582,1000.0447,522.00
6.224582,1000.0814,506.00
6.224582,1000.1180,504.00
6.224582,1000.1546,470.00
6.224582,1000.1912,541.00
6.224582,1000.2278,483.00
6.224582,1000.2645,551.00
6.224582,1000.3011,520.00
6.224582,1000.3377,519.00
6.224582,1000.3742,514.00
6.224582,1000.4108,525.00
6.224582,1000.4474,453.00
6.224582,1000.4839,510.00
6.224582,1000.5204,477.00
6.224582,1000.5570,521.00
6.224582,1000.5935,510.00
6.224582,1000.6301,512.00
6.224582,1000.6667,471.00
6.224582,1000.7032,492.00
6.224582,1000.7397,502.00
6.224582,1000.7762,523.00
6.224582,1000.8127,456.00
6.224582,1000.8492,537.00
6.224582,1000.8857,520.00
6.224582,1000.9222,517.00
6.224582,1000.9586,503.00
6.224582,1000.9951,528.00
6.224582,1001.0316,448.00
6.224582,1001.0681,546.00
6.224582,1001.1046,454.00
6.224582,1001.1410,539.00
6.224582,1001.1774,502.00
6.224582,1001.2138,526.00
6.224582,1001.2502,517.00
6.224582,1001.2866,523.00
6.224582,1001.3230,507.00
6.224582,1001.3594,531.00
6.224582,1001.3958,463.00
6.224582,1001.4323,518.00
6.224582,1001.4687,473.00
6.224582,1001.5051,541.00
6.224582,1001.5414,477.00
6.224582,1001.5778,511.00
6.224582,1001.6141,503.00
6.224582,1001.6505,488.00
6.224582,1001.6868,452.00
6.224582,1001.7231,514.00
6.224582,1001.7596,461.00
6.224582,1001.7958,515.00
6.224582,1001.8322,470.00
6.224582,1001.8685,498.00
6.224582,1001.9048,461.00
6.224582,1001.9411,496.00
6.224582,1001.9774,483.00
6.224582,1002.0136,479.00
6.224582,1002.0499,457.00
6.224582,1002.0862,546.00
6.224582,1002.1224,470.00
6.224582,1002.1587,537.00
6.224582,1002.1951,487.00
6.224582,1002.2313,502.00
6.224582,1002.2675,481.00
6.224582,1002.3038,505.00
6.224582,1002.3400,472.00
6.224582,1002.3762,513.00
6.224582,1002.4124,513.00
6.224582,1002.4486,526.00
6.224582,1002.4848,504.00
6.224582,1002.5211,522.00
6.224582,1002.5573,470.00
6.224582,1002.5934,532.00
6.224582,1002.6296,503.00
6.224582,1002.6657,500.00
6.224582,1002.7019,441.00
6.224582,1002.7380,509.00
6.224582,1002.7742,530.00
6.224582,1002.8104,525.00
6.224582,1002.8464,506.00
6.224582,1002.8826,550.00
6.224582,1002.9187,494.00
6.224582,1002.9549,535.00
6.224582,1002.9910,482.00
6.224582,1003.0271,571.00
6.224582,1003.0632,467.00
6.224582,1003.0992,545.00
6.224582,1003.1354,497.00
6.224582,1003.1714,503.00
6.224582,1003.2075,519.00
6.224582,1003.2435,485.00
6.224582,1003.2797,474.00
6.224582,1003.3157,568.00
6.224582,1003.3518,511.00
6.224582,1003.3878,539.00
6.224582,1003.4238,498.00
6.224582,1003.4598,533.00
6.224582,1003.4958,514.00
6.224582,1003.5319,513.00
6.224582,1003.5678,469.00
6.224582,1003.6039,551.00
6.224582,1003.6398,480.00
6.224582,1003.6759,543.00
6.224582,1003.7119,504.00
6.224582,1003.7479,514.00
6.224582,1003.7838,471.00
6.224582,1003.8198,514.00
6.224582,1003.8557,467.00
6.224582,1003.8917,512.00
6.224582,1003.9276,457.00
6.224582,1003.9635,511.00
6.224582,1003.9995,453.00
6.224582,1004.0354,519.00
6.224582,1004.0714,510.00
6.224582,1004.1072,540.00
6.224582,1004.1431,509.00
6.224582,1004.1790,490.00
6.224582,1004.2149,461.00
6.224582,1004.2508,533.00
6.224582,1004.2866,474.00
6.224582,1004.3225,544.00
6.224582,1004.3583,523.00
6.224582,1004.3942,498.00
6.224582,1004.4302,458.00
6.224582,1004.4660,461.00
6.224582,1004.5018,464.00
6.224582,1004.5376,513.00
6.224582,1004.5734,451.00
6.224582,1004.6093,513.00
6.224582,1004.6450,494.00
6.224582,1004.6808,532.00
6.224582,1004.7166,468.00
6.224582,1004.7525,503.00
6.224582,1004.7883,474.00
6.224582,1004.8240,521.00
6.224582,1004.8598,462.00
6.224582,1004.8956,542.00
6.224582,1004.9313,469.00
6.224582,1004.9670,559.00
6.224582,1005.0027,526.00
6.224582,1005.0385,483.00
6.224582,1005.0742,483.00
6.224582,1005.1099,510.00
6.224582,1005.1456,465.00
6.224582,1005.1815,515.00
6.224582,1005.2172,449.00
6.224582,1005.2529,517.00
6.224582,1005.2885,509.00
6.224582,1005.3242,468.00
6.224582,1005.3599,505.00
6.224582,1005.3955,514.00
6.224582,1005.4312,500.00
6.224582,1005.4669,528.00
6.224582,1005.5026,482.00
6.224582,1005.5382,550.00
6.224582,1005.5739,525.00
6.224582,1005.6095,534.00
6.224582,1005.6451,510.00
6.224582,1005.6807,527.00
6.224582,1005.7162,531.00
6.224582,1005.7519,514.00
6.224582,1005.7875,499.00
6.224582,1005.8231,553.00
6.224582,1005.8586,487.00
6.224582,1005.8942,535.00
6.224582,1005.9299,501.00
6.224582,1005.9655,547.00
6.224582,1006.0010,488.00
6.224582,1006.0365,527.00
6.224582,1006.0720,477.00
6.224582,1006.1076,534.00
6.224582,1006.1431,511.00
6.224582,1006.1786,548.00
6.224582,1006.2141,531.00
6.224582,1006.2498,534.00
6.224582,1006.2853,535.00
6.224582,1006.3207,521.00
6.224582,1006.3563,494.00
6.224582,1006.3917,551.00
6.224582,1006.4272,499.00
6.224582,1006.4626,557.00
6.224582,1006.4981,510.00
6.224582,1006.5335,535.00
6.224582,1006.5690,539.00
6.224582,1006.6044,525.00
6.224582,1006.6400,514.00
6.224582,1006.6754,567.00
6.224582,1006.7108,467.00
6.224582,1006.7462,563.00
6.224582,1006.7816,492.00
6.224582,1006.8170,577.00
6.224582,1006.8524,513.00
6.224582,1006.8878,537.00
6.224582,1006.9232,531.00
6.224582,1006.9586,562.00
6.224582,1006.9940,482.00
6.224582,1007.0294,546.00
6.224582,1007.0648,500.00
6.224582,1007.1001,597.00
6.224582,1007.1354,523.00
6.224582,1007.1707,567.00
6.224582,1007.2061,569.00
6.224582,1007.2414,552.00
6.224582,1007.2767,518.00
6.224582,1007.3120,591.00
6.224582,1007.3473,505.00
6.224582,1007.3827,564.00
6.224582,1007.4180,550.00
6.224582,1007.4532,579.00
6.224582,1007.4885,525.00
6.224582,1007.5238,542.00
6.224582,1007.5590,496.00
6.224582,1007.5943,557.00
6.224582,1007.6295,481.00
6.224582,1007.6648,594.00
6.224582,1007.7001,521.00
6.224582,1007.7354,544.00
6.224582,1007.7706,528.00
6.224582,1007.8058,562.00
6.224582,1007.8410,541.00
6.224582,1007.8762,564.00
6.224582,1007.9114,474.00
6.224582,1007.9465,556.00
6.224582,1007.9818,539.00
6.224582,1008.0169,560.00
6.224582,1008.0521,518.00
6.224582,1008.0873,589.00
6.224582,1008.1226,494.00
6.224582,1008.1576,477.00
6.224582,1008.1927,478.00
6.224582,1008.2279,569.00
6.224582,1008.2631,474.00
6.224582,1008.2982,559.00
6.224582,1008.3333,524.00
6.224582,1008.3683,531.00
6.224582,1008.4034,524.00
6.224582,1008.4387,521.00
6.224582,1008.4738,507.00
6.224582,1008.5089,530.00
6.224582,1008.5439,477.00
6.224582,1008.5790,600.00
6.224582,1008.6141,494.00
6.224582,1008.6491,527.00
6.224582,1008.6841,507.00
6.224582,1008.7192,542.00
6.224582,1008.7542,500.00
6.224582,1008.7892,525.00
6.224582,1008.8243,493.00
6.224582,1008.8594,557.00
6.224582,1008.8943,493.00
6.224582,1008.9294,532.00
6.224582,1008.9644,516.00
6.224582,1008.9994,544.00
6.224582,1009.0344,512.00
6.224582,1009.0693,490.00
6.224582,1009.1043,470.00
6.224582,1009.1392,574.00
6.224582,1009.1743,456.00
6.224582,1009.2093,558.00
6.224582,1009.2442,507.00
6.224582,1009.2792,533.00
6.224582,1009.3141,511.00
6.224582,1009.3489,504.00
6.224582,1009.3839,451.00
6.224582,1009.4188,517.00
6.224582,1009.4537,480.00
6.224582,1009.4886,579.00
6.224582,1009.5235,532.00
6.224582,1009.5585,529.00
6.224582,1009.5933,544.00
6.224582,1009.6282,498.00
6.224582,1009.6631,491.00
6.224582,1009.6979,518.00
6.224582,1009.7327,482.00
6.224582,1009.7676,534.00
6.224582,1009.8024,475.00
6.224582,1009.8372,537.00
6.224582,1009.8721,489.00
6.224582,1009.9070,525.00
6.224582,1009.9418,501.00
6.224582,1009.9766,511.00
6.224582,1010.0115,490.00
6.224582,1010.0462,502.00
6.224582,1010.0810,478.00
6.224582,1010.1158,536.00
6.224582,1010.1505,501.00
6.224582,1010.1853,505.00
6.224582,1010.2200,487.00
6.224582,1010.2548,523.00
6.224582,1010.2897,482.00
6.224582,1010.3244,518.00
6.224582,1010.3591,464.00
6.224582,1010.3938,529.00
6.224582,1010.4285,497.00
6.224582,1010.4633,505.00
6.224582,1010.4980,499.00
6.224582,1010.5326,486.00
6.224582,1010.5673,490.00
6.224582,1010.6021,512.00
6.224582,1010.6368,476.00
6.224582,1010.6714,529.00
6.224582,1010.7061,443.00
6.224582,1010.7408,517.00
6.224582,1010.7754,484.00
6.224582,1010.8101,500.00
6.224582,1010.8447,486.00
6.224582,1010.8793,505.00
6.224582,1010.9139,460.00
6.224582,1010.9485,528.00
6.224582,1010.9832,452.00
6.224582,1011.0178,541.00
6.224582,1011.0525,504.00
6.224582,1011.0870,542.00
6.224582,1011.1216,472.00
6.224582,1011.1562,504.00
6.224582,1011.1907,504.00
6.224582,1011.2253,550.00
6.224582,1011.2599,445.00
6.224582,1011.2944,604.00
6.224582,1011.3291,488.00
6.224582,1011.3636,552.00
6.224582,1011.3981,497.00
6.224582,1011.4326,516.00
6.224582,1011.4672,476.00
6.224582,1011.5016,498.00
6.224582,1011.5362,454.00
6.224582,1011.5706,512.00
6.224582,1011.6052,460.00
6.224582,1011.6396,498.00
6.224582,1011.6741,447.00
6.224582,1011.7086,517.00
6.224582,1011.7431,494.00
6.224582,1011.7776,562.00
6.224582,1011.8120,499.00
6.224582,1011.8465,557.00
6.224582,1011.8809,454.00
6.224582,1011.9153,551.00
6.224582,1011.9498,473.00
6.224582,1011.9842,489.00
6.224582,1012.0186,458.00
6.224582,1012.0531,495.00
6.224582,1012.0875,473.00
6.224582,1012.1219,522.00
6.224582,1012.1562,458.00
6.224582,1012.1906,503.00
6.224582,1012.2250,459.00
6.224582,1012.2593,544.00
6.224582,1012.2937,489.00
6.224582,1012.3281,519.00
6.224582,1012.3624,465.00
6.224582,1012.3967,495.00
6.224582,1012.4310,448.00
6.224582,1012.4655,522.00
6.224582,1012.4998,431.00
6.224582,1012.5341,554.00
6.224582,1012.5684,477.00
6.224582,1012.6027,528.00
6.224582,1012.6370,507.00
6.224582,1012.6712,479.00
6.224582,1012.7055,483.00
6.224582,1012.7398,528.00
6.224582,1012.7742,442.00
6.224582,1012.8084,509.00
6.224582,1012.8427,483.00
6.224582,1012.8769,507.00
6.224582,1012.9111,502.00
6.224582,1012.9454,513.00
6.224582,1012.9796,490.00
6.224582,1013.0138,481.00
6.224582,1013.0480,409.00
6.224582,1013.0822,503.00
6.224582,1013.1164,490.00
6.224582,1013.1506,529.00
6.224582,1013.1848,472.00
6.224582,1013.2190,500.00
6.224582,1013.2532,503.00
6.224582,1013.2873,481.00
6.224582,1013.3215,476.00
6.224582,1013.3556,492.00
6.224582,1013.3898,458.00
6.224582,1013.4239,537.00
6.224582,1013.4581,496.00
6.224582,1013.4923,492.00
6.224582,1013.5264,490.00
6.224582,1013.5605,501.00
6.224582,1013.5946,516.00
6.224582,1013.6287,542.00
6.224582,1013.6627,468.00
6.224582,1013.6968,541.00
6.224582,1013.7309,466.00
6.224582,1013.7650,516.00
6.224582,1013.7990,491.00
6.224582,1013.8331,502.00
6.224582,1013.8672,472.00
6.224582,1013.9012,487.00
6.224582,1013.9353,460.00
6.224582,1013.9693,525.00
6.224582,1014.0033,457.00
6.224582,1014.0374,546.00
6.224582,1014.0714,515.00
6.224582,1014.1053,500.00
6.224582,1014.1393,500.00
6.224582,1014.1734,554.00
6.224582,1014.2074,475.00
6.224582,1014.2413,537.00
6.224582,1014.2753,520.00
6.224582,1014.3093,562.00
6.224582,1014.3433,487.00
6.224582,1014.3772,567.00
6.224582,1014.4111,518.00
6.224582,1014.4451,530.00
6.224582,1014.4790,487.00
6.224582,1014.5129,535.00
6.224582,1014.5468,469.00
6.224582,1014.5808,531.00
6.224582,1014.6147,499.00
6.224582,1014.6486,543.00
6.224582,1014.6825,521.00
6.224582,1014.7164,518.00
6.224582,1014.7502,485.00
6.224582,1014.7841,533.00
6.224582,1014.8180,517.00
6.224582,1014.8518,554.00
6.224582,1014.8858,477.00
6.224582,1014.9196,570.00
6.224582,1014.9534,532.00
6.224582,1014.9872,530.00
6.224582,1015.0211,525.00
6.224582,1015.0549,514.00
6.224582,1015.0887,501.00
6.224582,1015.1224,552.00
6.224582,1015.1562,503.00
6.224582,1015.1900,578.00
6.224582,1015.2238,527.00
6.224582,1015.2575,534.00
6.224582,1015.2914,516.00
6.224582,1015.3252,547.00
6.224582,1015.3589,479.00
6.224582,1015.3927,533.00
6.224582,1015.4265,493.00
6.224582,1015.4601,574.00
6.224582,1015.4938,517.00
6.224582,1015.5276,579.00
6.224582,1015.5613,536.00
6.224582,1015.5952,552.00
6.224582,1015.6288,495.00
6.224582,1015.6625,516.00
6.224582,1015.6962,465.00
6.224582,1015.7299,564.00
6.224582,1015.7635,476.00
6.224582,1015.7972,545.00
6.224582,1015.8308,540.00
6.224582,1015.8645,530.00
6.224582,1015.8981,518.00
6.224582,1015.9317,540.00
6.224582,1015.9655,520.00
6.224582,1015.9991,594.00
6.224582,1016.0327,513.00
6.224582,1016.0663,563.00
6.224582,1016.0999,498.00
6.224582,1016.1335,542.00
6.224582,1016.1671,533.00
6.224582,1016.2006,538.00
6.224582,1016.2342,531.00
6.224582,1016.2679,553.00
6.224582,1016.3015,517.00
6.224582,1016.3350,570.00
6.224582,1016.3686,523.00
6.224582,1016.4021,571.00
6.224582,1016.4357,526.00
6.224582,1016.4691,552.00
6.224582,1016.5027,499.00
6.224582,1016.5362,551.00
6.224582,1016.5696,495.00
6.224582,1016.6032,581.00
6.224582,1016.6367,508.00
6.224582,1016.6703,591.00
6.224582,1016.7038,513.00
6.224582,1016.7372,543.00
6.224582,1016.7707,518.00
6.224582,1016.8041,568.00
6.224582,1016.8376,531.00
6.224582,1016.8710,584.00
6.224582,1016.9045,489.00
6.224582,1016.9379,579.00
6.224582,1016.9715,514.00
6.224582,1017.0049,563.00
6.224582,1017.0383,560.00
6.224582,1017.0717,538.00
6.224582,1017.1050,513.00
6.224582,1017.1384,545.00
6.224582,1017.1718,471.00
6.224582,1017.2052,552.00
6.224582,1017.2386,499.00
6.224582,1017.2720,542.00
6.224582,1017.3053,572.00
6.224582,1017.3387,545.00
6.224582,1017.3721,512.00
6.224582,1017.4054,535.00
6.224582,1017.4388,499.00
6.224582,1017.4721,544.00
6.224582,1017.5054,526.00
6.224582,1017.5387,594.00
6.224582,1017.5720,563.00
6.224582,1017.6053,541.00
6.224582,1017.6386,538.00
6.224582,1017.6720,539.00
6.224582,1017.7053,513.00
6.224582,1017.7385,549.00
6.224582,1017.7717,504.00
6.224582,1017.8051,595.00
6.224582,1017.8383,533.00
6.224582,1017.8715,586.00
6.224582,1017.9048,542.00
6.224582,1017.9380,566.00
6.224582,1017.9712,545.00
6.224582,1018.0044,590.00
6.224582,1018.0376,519.00
6.224582,1018.0709,577.00
6.224582,1018.1041,521.00
6.224582,1018.1373,604.00
6.224582,1018.1705,533.00
6.224582,1018.2037,551.00
6.224582,1018.2368,546.00
6.224582,1018.2700,542.00
6.224582,1018.3032,512.00
6.224582,1018.3363,572.00
6.224582,1018.3695,511.00
6.224582,1018.4026,591.00
6.224582,1018.4358,555.00
6.224582,1018.4689,544.00
6.224582,1018.5020,580.00
6.224582,1018.5352,549.00
6.224582,1018.5682,515.00
6.224582,1018.6013,561.00
6.224582,1018.6343,534.00
6.224582,1018.6675,572.00
6.224582,1018.7006,520.00
6.224582,1018.7337,599.00
6.224582,1018.7668,590.00
6.224582,1018.7998,539.00
6.224582,1018.8328,536.00
6.224582,1018.8658,544.00
6.224582,1018.8989,499.00
6.224582,1018.9319,573.00
6.224582,1018.9650,513.00
6.224582,1018.9980,596.00
6.224582,1019.0311,572.00
6.224582,1019.0641,605.00
6.224582,1019.0970,518.00
6.224582,1019.1301,572.00
6.224582,1019.1631,536.00
6.224582,1019.1960,584.00
6.224582,1019.2289,500.00
6.224582,1019.2618,585.00
6.224582,1019.2949,548.00
6.224582,1019.3278,558.00
6.224582,1019.3607,560.00
6.224582,1019.3936,532.00
6.224582,1019.4268,470.00
6.224582,1019.4596,586.00
6.224582,1019.4925,529.00
6.224582,1019.5255,552.00
6.224582,1019.5583,528.00
6.224582,1019.5912,589.00
6.224582,1019.6240,535.00
6.224582,1019.6569,566.00
6.224582,1019.6898,482.00
6.224582,1019.7227,528.00
6.224582,1019.7556,466.00
6.224582,1019.7885,563.00
6.224582,1019.8213,481.00
6.224582,1019.8541,587.00
6.224582,1019.8870,506.00
6.224582,1019.9198,509.00
6.224582,1019.9525,523.00
6.224582,1019.9854,534.00
6.224582,1020.0182,515.00
6.224582,1020.0509,581.00
6.224582,1020.0837,518.00
6.224582,1020.1167,567.00
6.224582,1020.1494,543.00
6.224582,1020.1823,545.00
6.224582,1020.2149,534.00
6.224582,1020.2477,505.00
6.224582,1020.2805,513.00
6.224582,1020.3132,523.00
6.224582,1020.3459,524.00
6.224582,1020.3787,585.00
6.224582,1020.4114,496.00
6.224582,1020.4442,536.00
6.224582,1020.4768,527.00
6.224582,1020.5096,554.00
6.224582,1020.5423,486.00
6.224582,1020.5750,546.00
6.224582,1020.6077,490.00
6.224582,1020.6403,587.00
6.224582,1020.6730,519.00
6.224582,1020.7055,551.00
6.224582,1020.7382,521.00
6.224582,1020.7709,529.00
6.224582,1020.8036,467.00
6.224582,1020.8363,491.00
6.224582,1020.8688,465.00
6.224582,1020.9015,556.00
6.224582,1020.9341,462.00
6.224582,1020.9667,557.00
6.224582,1020.9993,507.00
6.224582,1021.0319,530.00
6.224582,1021.0645,534.00
6.224582,1021.0971,543.00
6.224582,1021.1298,496.00
6.224582,1021.1623,531.00
6.224582,1021.1948,489.00
6.224582,1021.2273,577.00
6.224582,1021.2599,481.00
6.224582,1021.2924,542.00
6.224582,1021.3250,499.00
6.224582,1021.3574,486.00
6.224582,1021.3900,482.00
6.224582,1021.4224,506.00
6.224582,1021.4550,449.00
6.224582,1021.4875,513.00
6.224582,1021.5200,487.00
6.224582,1021.5525,573.00
6.224582,1021.5850,499.00
6.224582,1021.6175,516.00
6.224582,1021.6500,462.00
6.224582,1021.6823,535.00
6.224582,1021.7148,472.00
6.224582,1021.7474,531.00
6.224582,1021.7797,532.00
6.224582,1021.8122,531.00
6.224582,1021.8445,521.00
6.224582,1021.8770,570.00
6.224582,1021.9095,505.00
6.224582,1021.9418,510.00
6.224582,1021.9741,493.00
6.224582,1022.0066,496.00
6.224582,1022.0389,481.00
6.224582,1022.0713,572.00
6.224582,1022.1037,495.00
6.224582,1022.1362,614.00
6.224582,1022.1685,536.00
6.224582,1022.2008,532.00
6.224582,1022.2332,526.00
6.224582,1022.2654,547.00
6.224582,1022.2977,517.00
6.224582,1022.3301,576.00
6.224582,1022.3624,468.00
6.224582,1022.3947,583.00
6.224582,1022.4271,483.00
6.224582,1022.4594,518.00
6.224582,1022.4917,520.00
6.224582,1022.5239,544.00
6.224582,1022.5562,501.00
6.224582,1022.5885,557.00
6.224582,1022.6207,513.00
6.224582,1022.6530,564.00
6.224582,1022.6852,524.00
6.224582,1022.7174,550.00
6.224582,1022.7497,468.00
6.224582,1022.7819,522.00
6.224582,1022.8142,468.00
6.224582,1022.8464,512.00
6.224582,1022.8785,463.00
6.224582,1022.9108,548.00
6.224582,1022.9429,503.00
6.224582,1022.9751,540.00
6.224582,1023.0073,538.00
6.224582,1023.0394,497.00
6.224582,1023.0717,508.00
6.224582,1023.1039,569.00
6.224582,1023.1360,496.00
6.224582,1023.1682,557.00
6.224582,1023.2003,488.00
6.224582,1023.2324,552.00
6.224582,1023.2644,508.00
6.224582,1023.2966,530.00
6.224582,1023.3287,478.00
6.224582,1023.3608,514.00
6.224582,1023.3929,490.00
6.224582,1023.4249,512.00
6.224582,1023.4570,463.00
6.224582,1023.4893,541.00
6.224582,1023.5212,477.00
6.224582,1023.5533,479.00
6.224582,1023.5853,502.00
6.224582,1023.6174,499.00
6.224582,1023.6494,484.00
6.224582,1023.6813,524.00
6.224582,1023.7134,461.00
6.224582,1023.7454,541.00
6.224582,1023.7775,483.00
6.224582,1023.8096,512.00
6.224582,1023.8416,506.00
6.224582,1023.8735,502.00
6.224582,1023.9055,466.00
6.224582,1023.9374,503.00
6.224582,1023.9694,458.00
6.224582,1024.0013,529.00
6.224582,1024.0333,485.00
6.224582,1024.0652,541.00
6.224582,1024.0972,503.00
6.224582,1024.1293,525.00
6.224582,1024.1611,486.00
6.224582,1024.1931,524.00
6.224582,1024.2250,454.00
6.224582,1024.2568,539.00
6.224582,1024.2888,460.00
6.224582,1024.3206,505.00
6.224582,1024.3525,488.00
6.224582,1024.3843,505.00
6.224582,1024.4164,485.00
6.224582,1024.4481,522.00
6.224582,1024.4801,480.00
6.224582,1024.5118,518.00
6.224582,1024.5438,480.00
6.224582,1024.5756,542.00
6.224582,1024.6074,469.00
6.224582,1024.6393,518.00
6.224582,1024.6710,531.00
6.224582,1024.7029,496.00
6.224582,1024.7346,465.00
6.224582,1024.7664,512.00
6.224582,1024.7982,441.00
6.224582,1024.8301,539.00
6.224582,1024.8618,484.00
6.224582,1024.8936,504.00
6.224582,1024.9253,480.00
6.224582,1024.9572,558.00
6.224582,1024.9889,515.00
6.224582,1025.0206,556.00
6.224582,1025.0522,448.00
6.224582,1025.0841,546.00
6.224582,1025.1158,447.00
6.224582,1025.1475,541.00
6.224582,1025.1792,482.00
6.224582,1025.2109,552.00
6.224582,1025.2426,505.00
6.224582,1025.2743,513.00
6.224582,1025.3059,480.00
6.224582,1025.3376,497.00
6.224582,1025.3693,462.00
6.224582,1025.4009,554.00
6.224582,1025.4326,504.00
6.224582,1025.4644,552.00
6.224582,1025.4960,502.00
6.224582,1025.5276,501.00
6.224582,1025.5592,471.00
6.224582,1025.5908,514.00
6.224582,1025.6224,472.00
6.224582,1025.6541,549.00
6.224582,1025.6857,520.00
6.224582,1025.7172,551.00
6.224582,1025.7489,513.00
6.224582,1025.7804,570.00
6.224582,1025.8120,528.00
6.224582,1025.8435,514.00
6.224582,1025.8751,523.00
6.224582,1025.9066,556.00
6.224582,1025.9381,467.00
6.224582,1025.9697,556.00
6.224582,1026.0012,527.00
6.224582,1026.0327,559.00
6.224582,1026.0642,516.00
