# Point:,43
# Setpoint:,2.18909091
# Voltage_V:,2.18909091
# Current_A:,0.032065
# Spectrum_Time_s:,7.338223
# Step_Start_s:,7.293582
# Step_End_s:,7.421990
# Spectrum_Duration_ms:,9.460
# Peak_Wavelength_nm:,930.37
# Peak_Intensity:,15360.0
# Avg_Intensity:,634.9
# Num_Pixels:,4094
# NOTE: All wavelengths are captured simultaneously in one CCD exposure
#       The Relative_Time_s column shows when this entire spectrum was acquired

Relative_Time_s,Wavelength_nm,Intensity
7.338223,845.4307,570.00
7.338223,845.4858,529.00
7.338223,845.5410,577.00
7.338223,845.5963,516.00
7.338223,845.6514,586.00
7.338223,845.7065,539.00
7.338223,845.7617,568.00
7.338223,845.8168,500.00
7.338223,845.8721,582.00
7.338223,845.9272,495.00
7.338223,845.9823,533.00
7.338223,846.0374,492.00
7.338223,846.0926,536.00
7.338223,846.1478,513.00
7.338223,846.2029,547.00
7.338223,846.2579,506.00
7.338223,846.3130,564.00
7.338223,846.3682,424.00
7.338223,846.4233,574.00
7.338223,846.4784,507.00
7.338223,846.5335,587.00
7.338223,846.5886,576.00
7.338223,846.6437,546.00
7.338223,846.6987,515.00
7.338223,846.7538,559.00
7.338223,846.8089,485.00
7.338223,846.8640,572.00
7.338223,846.9190,501.00
7.338223,846.9741,575.00
7.338223,847.0292,525.00
7.338223,847.0842,558.00
7.338223,847.1392,560.00
7.338223,847.1943,574.00
7.338223,847.2493,517.00
7.338223,847.3044,596.00
7.338223,847.3594,495.00
7.338223,847.4144,552.00
7.338223,847.4694,541.00
7.338223,847.5244,578.00
7.338223,847.5795,540.00
7.338223,847.6345,563.00
7.338223,847.6895,524.00
7.338223,847.7444,560.00
7.338223,847.7994,497.00
7.338223,847.8544,586.00
7.338223,847.9094,543.00
7.338223,847.9644,548.00
7.338223,848.0193,540.00
7.338223,848.0743,568.00
7.338223,848.1293,533.00
7.338223,848.1843,597.00
7.338223,848.2392,554.00
7.338223,848.2941,584.00
7.338223,848.3491,568.00
7.338223,848.4040,576.00
7.338223,848.4590,556.00
7.338223,848.5139,583.00
7.338223,848.5688,538.00
7.338223,848.6237,610.00
7.338223,848.6786,530.00
7.338223,848.7336,610.00
7.338223,848.7885,559.00
7.338223,848.8434,617.00
7.338223,848.8983,589.00
7.338223,848.9531,587.00
7.338223,849.0081,565.00
7.338223,849.0630,581.00
7.338223,849.1178,528.00
7.338223,849.1727,614.00
7.338223,849.2275,565.00
7.338223,849.2823,636.00
7.338223,849.3373,550.00
7.338223,849.3921,574.00
7.338223,849.4470,561.00
7.338223,849.5018,570.00
7.338223,849.5566,530.00
7.338223,849.6115,605.00
7.338223,849.6663,531.00
7.338223,849.7211,620.00
7.338223,849.7759,557.00
7.338223,849.8307,593.00
7.338223,849.8856,562.00
7.338223,849.9404,575.00
7.338223,849.9952,550.00
7.338223,850.0500,592.00
7.338223,850.1048,512.00
7.338223,850.1596,611.00
7.338223,850.2144,539.00
7.338223,850.2692,623.00
7.338223,850.3239,556.00
7.338223,850.3787,564.00
7.338223,850.4335,575.00
7.338223,850.4882,587.00
7.338223,850.5430,555.00
7.338223,850.5977,612.00
7.338223,850.6525,542.00
7.338223,850.7072,583.00
7.338223,850.7620,551.00
7.338223,850.8167,599.00
7.338223,850.8715,590.00
7.338223,850.9261,593.00
7.338223,850.9808,543.00
7.338223,851.0356,597.00
7.338223,851.0903,577.00
7.338223,851.1450,621.00
7.338223,851.1996,568.00
7.338223,851.2543,629.00
7.338223,851.3091,596.00
7.338223,851.3638,610.00
7.338223,851.4185,592.00
7.338223,851.4731,616.00
7.338223,851.5278,540.00
7.338223,851.5825,660.00
7.338223,851.6371,583.00
7.338223,851.6918,632.00
7.338223,851.7465,592.00
7.338223,851.8011,612.00
7.338223,851.8558,566.00
7.338223,851.9103,607.00
7.338223,851.9650,584.00
7.338223,852.0196,686.00
7.338223,852.0742,590.00
7.338223,852.1289,649.00
7.338223,852.1835,599.00
7.338223,852.2381,664.00
7.338223,852.2927,667.00
7.338223,852.3473,653.00
7.338223,852.4019,626.00
7.338223,852.4565,667.00
7.338223,852.5111,634.00
7.338223,852.5657,645.00
7.338223,852.6202,574.00
7.338223,852.6747,635.00
7.338223,852.7294,641.00
7.338223,852.7839,667.00
7.338223,852.8385,604.00
7.338223,852.8930,679.00
7.338223,852.9476,587.00
7.338223,853.0022,652.00
7.338223,853.0567,609.00
7.338223,853.1112,700.00
7.338223,853.1658,651.00
7.338223,853.2203,675.00
7.338223,853.2748,642.00
7.338223,853.3293,682.00
7.338223,853.3838,626.00
7.338223,853.4383,685.00
7.338223,853.4928,617.00
7.338223,853.5474,685.00
7.338223,853.6019,669.00
7.338223,853.6563,731.00
7.338223,853.7108,640.00
7.338223,853.7653,676.00
7.338223,853.8198,614.00
7.338223,853.8742,678.00
7.338223,853.9286,643.00
7.338223,853.9832,678.00
7.338223,854.0376,636.00
7.338223,854.0920,697.00
7.338223,854.1465,667.00
7.338223,854.2010,667.00
7.338223,854.2554,649.00
7.338223,854.3098,672.00
7.338223,854.3642,620.00
7.338223,854.4186,677.00
7.338223,854.4731,621.00
7.338223,854.5275,682.00
7.338223,854.5819,634.00
7.338223,854.6363,684.00
7.338223,854.6907,652.00
7.338223,854.7451,656.00
7.338223,854.7994,583.00
7.338223,854.8538,677.00
7.338223,854.9082,634.00
7.338223,854.9626,706.00
7.338223,855.0170,618.00
7.338223,855.0714,705.00
7.338223,855.1257,640.00
7.338223,855.1800,643.00
7.338223,855.2344,613.00
7.338223,855.2888,669.00
7.338223,855.3431,602.00
7.338223,855.3975,636.00
7.338223,855.4518,631.00
7.338223,855.5060,700.00
7.338223,855.5604,632.00
7.338223,855.6147,651.00
7.338223,855.6691,638.00
7.338223,855.7233,629.00
7.338223,855.7776,588.00
7.338223,855.8320,694.00
7.338223,855.8862,589.00
7.338223,855.9406,669.00
7.338223,855.9948,640.00
7.338223,856.0491,682.00
7.338223,856.1035,637.00
7.338223,856.1577,682.00
7.338223,856.2119,608.00
7.338223,856.2662,644.00
7.338223,856.3204,593.00
7.338223,856.3748,702.00
7.338223,856.4290,615.00
7.338223,856.4832,670.00
7.338223,856.5374,654.00
7.338223,856.5916,690.00
7.338223,856.6459,617.00
7.338223,856.7001,685.00
7.338223,856.7543,611.00
7.338223,856.8085,687.00
7.338223,856.8627,665.00
7.338223,856.9169,698.00
7.338223,856.9712,640.00
7.338223,857.0253,655.00
7.338223,857.0795,647.00
7.338223,857.1337,646.00
7.338223,857.1879,613.00
7.338223,857.2421,656.00
7.338223,857.2962,627.00
7.338223,857.3504,693.00
7.338223,857.4045,661.00
7.338223,857.4587,658.00
7.338223,857.5129,684.00
7.338223,857.5670,665.00
7.338223,857.6212,624.00
7.338223,857.6753,688.00
7.338223,857.7294,627.00
7.338223,857.7836,718.00
7.338223,857.8377,648.00
7.338223,857.8918,680.00
7.338223,857.9459,650.00
7.338223,858.0000,661.00
7.338223,858.0541,607.00
7.338223,858.1082,710.00
7.338223,858.1624,628.00
7.338223,858.2164,697.00
7.338223,858.2704,626.00
7.338223,858.3245,693.00
7.338223,858.3787,653.00
7.338223,858.4327,672.00
7.338223,858.4868,618.00
7.338223,858.5408,683.00
7.338223,858.5949,642.00
7.338223,858.6489,666.00
7.338223,858.7030,638.00
7.338223,858.7570,723.00
7.338223,858.8110,669.00
7.338223,858.8651,687.00
7.338223,858.9192,677.00
7.338223,858.9732,685.00
7.338223,859.0272,635.00
7.338223,859.0812,692.00
7.338223,859.1352,623.00
7.338223,859.1892,670.00
7.338223,859.2432,640.00
7.338223,859.2972,707.00
7.338223,859.3512,698.00
7.338223,859.4052,665.00
7.338223,859.4592,635.00
7.338223,859.5132,666.00
7.338223,859.5671,607.00
7.338223,859.6210,701.00
7.338223,859.6750,640.00
7.338223,859.7289,709.00
7.338223,859.7830,633.00
7.338223,859.8369,659.00
7.338223,859.8908,622.00
7.338223,859.9447,626.00
7.338223,859.9987,620.00
7.338223,860.0527,694.00
7.338223,860.1065,625.00
7.338223,860.1605,671.00
7.338223,860.2144,635.00
7.338223,860.2682,670.00
7.338223,860.3222,637.00
7.338223,860.3761,662.00
7.338223,860.4299,599.00
7.338223,860.4838,639.00
7.338223,860.5377,583.00
7.338223,860.5916,650.00
7.338223,860.6455,643.00
7.338223,860.6993,695.00
7.338223,860.7532,649.00
7.338223,860.8071,669.00
7.338223,860.8610,601.00
7.338223,860.9148,657.00
7.338223,860.9687,619.00
7.338223,861.0225,660.00
7.338223,861.0763,632.00
7.338223,861.1301,660.00
7.338223,861.1840,640.00
7.338223,861.2378,679.00
7.338223,861.2916,616.00
7.338223,861.3454,680.00
7.338223,861.3992,618.00
7.338223,861.4531,692.00
7.338223,861.5068,589.00
7.338223,861.5606,670.00
7.338223,861.6144,638.00
7.338223,861.6682,645.00
7.338223,861.7220,602.00
7.338223,861.7758,666.00
7.338223,861.8295,619.00
7.338223,861.8833,663.00
7.338223,861.9370,588.00
7.338223,861.9908,693.00
7.338223,862.0446,621.00
7.338223,862.0983,703.00
7.338223,862.1520,613.00
7.338223,862.2057,642.00
7.338223,862.2595,606.00
7.338223,862.3132,636.00
7.338223,862.3669,575.00
7.338223,862.4206,648.00
7.338223,862.4744,571.00
7.338223,862.5281,663.00
7.338223,862.5818,626.00
7.338223,862.6355,675.00
7.338223,862.6891,630.00
7.338223,862.7429,651.00
7.338223,862.7966,645.00
7.338223,862.8502,659.00
7.338223,862.9039,615.00
7.338223,862.9575,659.00
7.338223,863.0112,629.00
7.338223,863.0648,634.00
7.338223,863.1185,609.00
7.338223,863.1722,637.00
7.338223,863.2258,593.00
7.338223,863.2794,656.00
7.338223,863.3330,583.00
7.338223,863.3867,648.00
7.338223,863.4403,574.00
7.338223,863.4940,642.00
7.338223,863.5475,638.00
7.338223,863.6011,605.00
7.338223,863.6548,616.00
7.338223,863.7084,639.00
7.338223,863.7620,609.00
7.338223,863.8156,635.00
7.338223,863.8691,590.00
7.338223,863.9228,642.00
7.338223,863.9763,629.00
7.338223,864.0299,654.00
7.338223,864.0834,599.00
7.338223,864.1370,649.00
7.338223,864.1906,593.00
7.338223,864.2441,658.00
7.338223,864.2977,597.00
7.338223,864.3512,663.00
7.338223,864.4047,608.00
7.338223,864.4583,654.00
7.338223,864.5118,613.00
7.338223,864.5653,630.00
7.338223,864.6189,609.00
7.338223,864.6724,614.00
7.338223,864.7258,625.00
7.338223,864.7794,624.00
7.338223,864.8329,605.00
7.338223,864.8864,642.00
7.338223,864.9398,615.00
7.338223,864.9933,628.00
7.338223,865.0469,586.00
7.338223,865.1003,640.00
7.338223,865.1538,605.00
7.338223,865.2072,639.00
7.338223,865.2607,606.00
7.338223,865.3142,647.00
7.338223,865.3676,628.00
7.338223,865.4211,618.00
7.338223,865.4745,591.00
7.338223,865.5279,625.00
7.338223,865.5814,597.00
7.338223,865.6348,648.00
7.338223,865.6882,589.00
7.338223,865.7416,681.00
7.338223,865.7950,628.00
7.338223,865.8484,664.00
7.338223,865.9019,628.00
7.338223,865.9552,642.00
7.338223,866.0087,644.00
7.338223,866.0620,624.00
7.338223,866.1154,620.00
7.338223,866.1688,674.00
7.338223,866.2222,603.00
7.338223,866.2755,684.00
7.338223,866.3289,678.00
7.338223,866.3822,662.00
7.338223,866.4356,665.00
7.338223,866.4890,637.00
7.338223,866.5423,608.00
7.338223,866.5956,635.00
7.338223,866.6489,587.00
7.338223,866.7023,674.00
7.338223,866.7556,608.00
7.338223,866.8089,644.00
7.338223,866.8622,635.00
7.338223,866.9155,643.00
7.338223,866.9689,583.00
7.338223,867.0222,654.00
7.338223,867.0755,614.00
7.338223,867.1287,645.00
7.338223,867.1820,631.00
7.338223,867.2354,667.00
7.338223,867.2886,637.00
7.338223,867.3419,645.00
7.338223,867.3951,636.00
7.338223,867.4484,663.00
7.338223,867.5016,591.00
7.338223,867.5549,666.00
7.338223,867.6082,610.00
7.338223,867.6614,652.00
7.338223,867.7146,669.00
7.338223,867.7678,681.00
7.338223,867.8211,637.00
7.338223,867.8743,661.00
7.338223,867.9276,608.00
7.338223,867.9807,644.00
7.338223,868.0339,618.00
7.338223,868.0872,672.00
7.338223,868.1403,624.00
7.338223,868.1935,630.00
7.338223,868.2467,610.00
7.338223,868.2999,637.00
7.338223,868.3531,594.00
7.338223,868.4062,678.00
7.338223,868.4594,635.00
7.338223,868.5126,665.00
7.338223,868.5657,612.00
7.338223,868.6189,661.00
7.338223,868.6721,645.00
7.338223,868.7252,633.00
7.338223,868.7783,590.00
7.338223,868.8315,640.00
7.338223,868.8846,604.00
7.338223,868.9377,668.00
7.338223,868.9908,606.00
7.338223,869.0439,655.00
7.338223,869.0970,658.00
7.338223,869.1501,674.00
7.338223,869.2032,588.00
7.338223,869.2564,627.00
7.338223,869.3094,583.00
7.338223,869.3625,619.00
7.338223,869.4156,589.00
7.338223,869.4688,658.00
7.338223,869.5218,595.00
7.338223,869.5748,651.00
7.338223,869.6279,641.00
7.338223,869.6809,620.00
7.338223,869.7340,585.00
7.338223,869.7870,645.00
7.338223,869.8401,595.00
7.338223,869.8931,654.00
7.338223,869.9462,604.00
7.338223,869.9993,642.00
7.338223,870.0522,618.00
7.338223,870.1052,669.00
7.338223,870.1583,609.00
7.338223,870.2112,664.00
7.338223,870.2642,597.00
7.338223,870.3173,667.00
7.338223,870.3702,604.00
7.338223,870.4232,674.00
7.338223,870.4762,614.00
7.338223,870.5292,648.00
7.338223,870.5822,629.00
7.338223,870.6351,654.00
7.338223,870.6881,595.00
7.338223,870.7410,677.00
7.338223,870.7940,648.00
7.338223,870.8470,656.00
7.338223,870.8999,625.00
7.338223,870.9528,663.00
7.338223,871.0057,632.00
7.338223,871.0587,652.00
7.338223,871.1116,630.00
7.338223,871.1646,658.00
7.338223,871.2175,583.00
7.338223,871.2704,678.00
7.338223,871.3232,636.00
7.338223,871.3762,661.00
7.338223,871.4291,631.00
7.338223,871.4820,657.00
7.338223,871.5348,619.00
7.338223,871.5877,664.00
7.338223,871.6406,634.00
7.338223,871.6935,675.00
7.338223,871.7463,616.00
7.338223,871.7992,655.00
7.338223,871.8521,652.00
7.338223,871.9049,655.00
7.338223,871.9578,669.00
7.338223,872.0106,676.00
7.338223,872.0635,587.00
7.338223,872.1162,672.00
7.338223,872.1691,623.00
7.338223,872.2219,694.00
7.338223,872.2747,630.00
7.338223,872.3275,649.00
7.338223,872.3803,664.00
7.338223,872.4332,663.00
7.338223,872.4860,637.00
7.338223,872.5387,653.00
7.338223,872.5915,622.00
7.338223,872.6443,682.00
7.338223,872.6971,653.00
7.338223,872.7499,700.00
7.338223,872.8026,664.00
7.338223,872.8553,643.00
7.338223,872.9081,647.00
7.338223,872.9609,634.00
7.338223,873.0136,612.00
7.338223,873.0663,664.00
7.338223,873.1191,585.00
7.338223,873.1718,655.00
7.338223,873.2245,667.00
7.338223,873.2773,654.00
7.338223,873.3300,640.00
7.338223,873.3827,662.00
7.338223,873.4354,625.00
7.338223,873.4882,717.00
7.338223,873.5408,633.00
7.338223,873.5935,682.00
7.338223,873.6462,671.00
7.338223,873.6989,682.00
7.338223,873.7515,678.00
7.338223,873.8042,684.00
7.338223,873.8569,643.00
7.338223,873.9096,681.00
7.338223,873.9622,589.00
7.338223,874.0149,681.00
7.338223,874.0675,640.00
7.338223,874.1202,665.00
7.338223,874.1729,632.00
7.338223,874.2255,668.00
7.338223,874.2781,624.00
7.338223,874.3307,656.00
7.338223,874.3834,608.00
7.338223,874.4360,664.00
7.338223,874.4885,632.00
7.338223,874.5411,714.00
7.338223,874.5938,652.00
7.338223,874.6463,642.00
7.338223,874.6990,636.00
7.338223,874.7515,640.00
7.338223,874.8041,609.00
7.338223,874.8567,668.00
7.338223,874.9092,643.00
7.338223,874.9619,660.00
7.338223,875.0144,602.00
7.338223,875.0669,668.00
7.338223,875.1194,654.00
7.338223,875.1720,665.00
7.338223,875.2246,618.00
7.338223,875.2772,687.00
7.338223,875.3296,618.00
7.338223,875.3821,683.00
7.338223,875.4346,650.00
7.338223,875.4872,663.00
7.338223,875.5397,667.00
7.338223,875.5922,687.00
7.338223,875.6447,627.00
7.338223,875.6971,677.00
7.338223,875.7498,607.00
7.338223,875.8022,709.00
7.338223,875.8547,601.00
7.338223,875.9071,703.00
7.338223,875.9596,632.00
7.338223,876.0120,659.00
7.338223,876.0646,632.00
7.338223,876.1169,674.00
7.338223,876.1694,609.00
7.338223,876.2219,664.00
7.338223,876.2743,653.00
7.338223,876.3268,696.00
7.338223,876.3792,633.00
7.338223,876.4316,690.00
7.338223,876.4840,684.00
7.338223,876.5364,650.00
7.338223,876.5889,602.00
7.338223,876.6413,722.00
7.338223,876.6937,643.00
7.338223,876.7460,654.00
7.338223,876.7985,663.00
7.338223,876.8509,701.00
7.338223,876.9032,651.00
7.338223,876.9556,653.00
7.338223,877.0079,635.00
7.338223,877.0604,651.00
7.338223,877.1127,598.00
7.338223,877.1651,701.00
7.338223,877.2174,620.00
7.338223,877.2697,657.00
7.338223,877.3221,629.00
7.338223,877.3744,643.00
7.338223,877.4268,620.00
7.338223,877.4791,678.00
7.338223,877.5314,610.00
7.338223,877.5837,644.00
7.338223,877.6360,611.00
7.338223,877.6884,680.00
7.338223,877.7407,611.00
7.338223,877.7930,641.00
7.338223,877.8452,626.00
7.338223,877.8975,631.00
7.338223,877.9498,622.00
7.338223,878.0021,645.00
7.338223,878.0544,602.00
7.338223,878.1066,677.00
7.338223,878.1589,625.00
7.338223,878.2111,631.00
7.338223,878.2634,640.00
7.338223,878.3157,629.00
7.338223,878.3679,604.00
7.338223,878.4202,644.00
7.338223,878.4724,599.00
7.338223,878.5246,692.00
7.338223,878.5768,618.00
7.338223,878.6290,656.00
7.338223,878.6812,654.00
7.338223,878.7335,623.00
7.338223,878.7856,626.00
7.338223,878.8379,645.00
7.338223,878.8901,596.00
7.338223,878.9422,621.00
7.338223,878.9944,625.00
7.338223,879.0466,667.00
7.338223,879.0988,636.00
7.338223,879.1509,664.00
7.338223,879.2031,622.00
7.338223,879.2552,624.00
7.338223,879.3074,607.00
7.338223,879.3596,646.00
7.338223,879.4117,598.00
7.338223,879.4638,659.00
7.338223,879.5159,588.00
7.338223,879.5681,671.00
7.338223,879.6202,625.00
7.338223,879.6723,639.00
7.338223,879.7244,621.00
7.338223,879.7766,680.00
7.338223,879.8287,553.00
7.338223,879.8808,666.00
7.338223,879.9329,565.00
7.338223,879.9849,648.00
7.338223,880.0370,612.00
7.338223,880.0891,652.00
7.338223,880.1412,587.00
7.338223,880.1932,648.00
7.338223,880.2452,562.00
7.338223,880.2973,650.00
7.338223,880.3495,646.00
7.338223,880.4015,679.00
7.338223,880.4536,616.00
7.338223,880.5056,639.00
7.338223,880.5576,649.00
7.338223,880.6096,651.00
7.338223,880.6616,605.00
7.338223,880.7137,638.00
7.338223,880.7656,537.00
7.338223,880.8176,640.00
7.338223,880.8696,597.00
7.338223,880.9217,650.00
7.338223,880.9737,609.00
7.338223,881.0256,644.00
7.338223,881.0776,630.00
7.338223,881.1296,642.00
7.338223,881.1816,577.00
7.338223,881.2336,618.00
7.338223,881.2855,552.00
7.338223,881.3374,631.00
7.338223,881.3893,633.00
7.338223,881.4413,646.00
7.338223,881.4933,597.00
7.338223,881.5452,634.00
7.338223,881.5972,601.00
7.338223,881.6490,630.00
7.338223,881.7010,597.00
7.338223,881.7530,652.00
7.338223,881.8049,581.00
7.338223,881.8568,640.00
7.338223,881.9086,613.00
7.338223,881.9605,630.00
7.338223,882.0125,612.00
7.338223,882.0643,636.00
7.338223,882.1162,546.00
7.338223,882.1681,654.00
7.338223,882.2199,587.00
7.338223,882.2719,628.00
7.338223,882.3237,586.00
7.338223,882.3755,603.00
7.338223,882.4274,561.00
7.338223,882.4792,625.00
7.338223,882.5311,580.00
7.338223,882.5829,625.00
7.338223,882.6348,573.00
7.338223,882.6866,652.00
7.338223,882.7383,620.00
7.338223,882.7902,568.00
7.338223,882.8420,608.00
7.338223,882.8939,614.00
7.338223,882.9457,544.00
7.338223,882.9974,630.00
7.338223,883.0493,550.00
7.338223,883.1011,656.00
7.338223,883.1528,587.00
7.338223,883.2046,626.00
7.338223,883.2563,611.00
7.338223,883.3081,605.00
7.338223,883.3599,580.00
7.338223,883.4116,589.00
7.338223,883.4634,583.00
7.338223,883.5151,643.00
7.338223,883.5668,590.00
7.338223,883.6187,624.00
7.338223,883.6703,628.00
7.338223,883.7220,639.00
7.338223,883.7738,611.00
7.338223,883.8254,635.00
7.338223,883.8773,582.00
7.338223,883.9289,678.00
7.338223,883.9806,583.00
7.338223,884.0323,669.00
7.338223,884.0840,631.00
7.338223,884.1357,637.00
7.338223,884.1874,583.00
7.338223,884.2391,615.00
7.338223,884.2907,546.00
7.338223,884.3423,627.00
7.338223,884.3940,580.00
7.338223,884.4457,629.00
7.338223,884.4974,609.00
7.338223,884.5490,617.00
7.338223,884.6006,585.00
7.338223,884.6523,620.00
7.338223,884.7039,576.00
7.338223,884.7555,656.00
7.338223,884.8071,588.00
7.338223,884.8588,690.00
7.338223,884.9103,644.00
7.338223,884.9620,632.00
7.338223,885.0136,642.00
7.338223,885.0651,618.00
7.338223,885.1168,615.00
7.338223,885.1683,640.00
7.338223,885.2200,614.00
7.338223,885.2715,685.00
7.338223,885.3231,601.00
7.338223,885.3746,651.00
7.338223,885.4262,656.00
7.338223,885.4778,635.00
7.338223,885.5293,640.00
7.338223,885.5809,672.00
7.338223,885.6324,577.00
7.338223,885.6839,654.00
7.338223,885.7355,579.00
7.338223,885.7870,670.00
7.338223,885.8385,610.00
7.338223,885.8900,666.00
7.338223,885.9415,635.00
7.338223,885.9930,661.00
7.338223,886.0446,595.00
7.338223,886.0960,675.00
7.338223,886.1475,623.00
7.338223,886.1990,673.00
7.338223,886.2504,608.00
7.338223,886.3020,665.00
7.338223,886.3534,647.00
7.338223,886.4048,649.00
7.338223,886.4564,626.00
7.338223,886.5078,634.00
7.338223,886.5593,602.00
7.338223,886.6107,673.00
7.338223,886.6621,596.00
7.338223,886.7136,679.00
7.338223,886.7650,609.00
7.338223,886.8164,637.00
7.338223,886.8679,616.00
7.338223,886.9193,632.00
7.338223,886.9706,599.00
7.338223,887.0220,678.00
7.338223,887.0735,598.00
7.338223,887.1249,640.00
7.338223,887.1762,606.00
7.338223,887.2276,675.00
7.338223,887.2789,653.00
7.338223,887.3304,657.00
7.338223,887.3818,640.00
7.338223,887.4331,661.00
7.338223,887.4844,621.00
7.338223,887.5358,686.00
7.338223,887.5871,596.00
7.338223,887.6385,654.00
7.338223,887.6898,640.00
7.338223,887.7411,648.00
7.338223,887.7925,621.00
7.338223,887.8438,658.00
7.338223,887.8951,591.00
7.338223,887.9464,710.00
7.338223,887.9977,652.00
7.338223,888.0490,726.00
7.338223,888.1003,673.00
7.338223,888.1516,669.00
7.338223,888.2029,613.00
7.338223,888.2542,640.00
7.338223,888.3054,603.00
7.338223,888.3567,674.00
7.338223,888.4080,614.00
7.338223,888.4592,672.00
7.338223,888.5105,652.00
7.338223,888.5618,671.00
7.338223,888.6130,647.00
7.338223,888.6642,657.00
7.338223,888.7155,630.00
7.338223,888.7667,708.00
7.338223,888.8179,605.00
7.338223,888.8691,659.00
7.338223,888.9204,652.00
7.338223,888.9716,661.00
7.338223,889.0228,648.00
7.338223,889.0740,680.00
7.338223,889.1252,641.00
7.338223,889.1764,646.00
7.338223,889.2275,616.00
7.338223,889.2787,686.00
7.338223,889.3299,640.00
7.338223,889.3810,706.00
7.338223,889.4322,661.00
7.338223,889.4835,684.00
7.338223,889.5346,633.00
7.338223,889.5857,672.00
7.338223,889.6368,621.00
7.338223,889.6879,650.00
7.338223,889.7391,584.00
7.338223,889.7903,678.00
7.338223,889.8414,626.00
7.338223,889.8925,680.00
7.338223,889.9435,635.00
7.338223,889.9948,662.00
7.338223,890.0458,619.00
7.338223,890.0969,675.00
7.338223,890.1479,620.00
7.338223,890.1990,679.00
7.338223,890.2501,611.00
7.338223,890.3012,665.00
7.338223,890.3523,647.00
7.338223,890.4034,620.00
7.338223,890.4545,617.00
7.338223,890.5054,645.00
7.338223,890.5566,584.00
7.338223,890.6076,659.00
7.338223,890.6586,604.00
7.338223,890.7097,674.00
7.338223,890.7607,634.00
7.338223,890.8117,676.00
7.338223,890.8627,639.00
7.338223,890.9138,632.00
7.338223,890.9647,587.00
7.338223,891.0157,635.00
7.338223,891.0668,590.00
7.338223,891.1178,643.00
7.338223,891.1688,604.00
7.338223,891.2197,679.00
7.338223,891.2707,625.00
7.338223,891.3217,611.00
7.338223,891.3727,619.00
7.338223,891.4236,618.00
7.338223,891.4745,563.00
7.338223,891.5256,644.00
7.338223,891.5765,611.00
7.338223,891.6275,641.00
7.338223,891.6783,591.00
7.338223,891.7293,645.00
7.338223,891.7802,602.00
7.338223,891.8312,617.00
7.338223,891.8821,578.00
7.338223,891.9330,639.00
7.338223,891.9839,566.00
7.338223,892.0348,617.00
7.338223,892.0857,596.00
7.338223,892.1366,651.00
7.338223,892.1875,589.00
7.338223,892.2383,647.00
7.338223,892.2892,616.00
7.338223,892.3401,654.00
7.338223,892.3911,593.00
7.338223,892.4418,672.00
7.338223,892.4927,647.00
7.338223,892.5436,660.00
7.338223,892.5944,623.00
7.338223,892.6452,636.00
7.338223,892.6961,618.00
7.338223,892.7469,637.00
7.338223,892.7977,608.00
7.338223,892.8485,617.00
7.338223,892.8993,628.00
7.338223,892.9502,673.00
7.338223,893.0010,648.00
7.338223,893.0518,662.00
7.338223,893.1025,616.00
7.338223,893.1534,644.00
7.338223,893.2042,612.00
7.338223,893.2549,646.00
7.338223,893.3057,619.00
7.338223,893.3564,688.00
7.338223,893.4072,648.00
7.338223,893.4580,624.00
7.338223,893.5087,621.00
7.338223,893.5595,643.00
7.338223,893.6102,582.00
7.338223,893.6609,662.00
7.338223,893.7117,584.00
7.338223,893.7625,672.00
7.338223,893.8132,637.00
7.338223,893.8639,677.00
7.338223,893.9146,635.00
7.338223,893.9653,624.00
7.338223,894.0160,626.00
7.338223,894.0667,658.00
7.338223,894.1174,634.00
7.338223,894.1681,645.00
7.338223,894.2188,602.00
7.338223,894.2695,659.00
7.338223,894.3201,641.00
7.338223,894.3708,633.00
7.338223,894.4214,620.00
7.338223,894.4720,627.00
7.338223,894.5228,609.00
7.338223,894.5734,696.00
7.338223,894.6240,598.00
7.338223,894.6746,652.00
7.338223,894.7252,665.00
7.338223,894.7759,664.00
7.338223,894.8265,640.00
7.338223,894.8771,653.00
7.338223,894.9277,584.00
7.338223,894.9783,650.00
7.338223,895.0290,576.00
7.338223,895.0795,702.00
7.338223,895.1301,636.00
7.338223,895.1807,678.00
7.338223,895.2313,621.00
7.338223,895.2819,656.00
7.338223,895.3325,639.00
7.338223,895.3830,658.00
7.338223,895.4336,595.00
7.338223,895.4841,696.00
7.338223,895.5347,620.00
7.338223,895.5852,641.00
7.338223,895.6357,639.00
7.338223,895.6863,651.00
7.338223,895.7368,626.00
7.338223,895.7874,626.00
7.338223,895.8379,614.00
7.338223,895.8884,681.00
7.338223,895.9388,611.00
7.338223,895.9893,683.00
7.338223,896.0399,627.00
7.338223,896.0904,661.00
7.338223,896.1408,658.00
7.338223,896.1913,637.00
7.338223,896.2418,605.00
7.338223,896.2922,657.00
7.338223,896.3427,600.00
7.338223,896.3932,715.00
7.338223,896.4437,662.00
7.338223,896.4941,704.00
7.338223,896.5445,632.00
7.338223,896.5950,656.00
7.338223,896.6454,657.00
7.338223,896.6958,629.00
7.338223,896.7462,588.00
7.338223,896.7967,660.00
7.338223,896.8471,648.00
7.338223,896.8975,666.00
7.338223,896.9479,630.00
7.338223,896.9983,672.00
7.338223,897.0486,610.00
7.338223,897.0991,642.00
7.338223,897.1495,617.00
7.338223,897.1998,685.00
7.338223,897.2502,606.00
7.338223,897.3005,681.00
7.338223,897.3510,623.00
7.338223,897.4013,656.00
7.338223,897.4517,646.00
7.338223,897.5020,653.00
7.338223,897.5523,636.00
7.338223,897.6026,671.00
7.338223,897.6530,616.00
7.338223,897.7033,665.00
7.338223,897.7537,622.00
7.338223,897.8040,678.00
7.338223,897.8542,631.00
7.338223,897.9046,642.00
7.338223,897.9549,630.00
7.338223,898.0051,649.00
7.338223,898.0554,597.00
7.338223,898.1057,659.00
7.338223,898.1560,611.00
7.338223,898.2063,667.00
7.338223,898.2565,614.00
7.338223,898.3068,616.00
7.338223,898.3571,635.00
7.338223,898.4073,651.00
7.338223,898.4576,569.00
7.338223,898.5078,641.00
7.338223,898.5580,588.00
7.338223,898.6083,685.00
7.338223,898.6584,663.00
7.338223,898.7087,662.00
7.338223,898.7590,638.00
7.338223,898.8091,626.00
7.338223,898.8593,646.00
7.338223,898.9095,641.00
7.338223,898.9598,573.00
7.338223,899.0099,659.00
7.338223,899.0601,623.00
7.338223,899.1103,637.00
7.338223,899.1605,636.00
7.338223,899.2107,618.00
7.338223,899.2608,601.00
7.338223,899.3109,633.00
7.338223,899.3611,590.00
7.338223,899.4113,684.00
7.338223,899.4614,615.00
7.338223,899.5115,666.00
7.338223,899.5616,654.00
7.338223,899.6118,657.00
7.338223,899.6619,624.00
7.338223,899.7121,627.00
7.338223,899.7622,601.00
7.338223,899.8123,657.00
7.338223,899.8624,588.00
7.338223,899.9124,658.00
7.338223,899.9626,631.00
7.338223,900.0126,632.00
7.338223,900.0627,604.00
7.338223,900.1127,686.00
7.338223,900.1628,589.00
7.338223,900.2130,631.00
7.338223,900.2631,548.00
7.338223,900.3130,650.00
7.338223,900.3631,603.00
7.338223,900.4131,626.00
7.338223,900.4632,575.00
7.338223,900.5132,606.00
7.338223,900.5633,589.00
7.338223,900.6132,607.00
7.338223,900.6632,589.00
7.338223,900.7133,621.00
7.338223,900.7633,549.00
7.338223,900.8133,638.00
7.338223,900.8633,595.00
7.338223,900.9133,674.00
7.338223,900.9633,608.00
7.338223,901.0133,640.00
7.338223,901.0632,577.00
7.338223,901.1132,607.00
7.338223,901.1631,585.00
7.338223,901.2131,642.00
7.338223,901.2631,594.00
7.338223,901.3130,640.00
7.338223,901.3630,633.00
7.338223,901.4129,648.00
7.338223,901.4628,631.00
7.338223,901.5128,625.00
7.338223,901.5627,610.00
7.338223,901.6126,646.00
7.338223,901.6625,620.00
7.338223,901.7124,635.00
7.338223,901.7623,628.00
7.338223,901.8123,615.00
7.338223,901.8621,617.00
7.338223,901.9120,628.00
7.338223,901.9619,585.00
7.338223,902.0117,676.00
7.338223,902.0616,613.00
7.338223,902.1115,668.00
7.338223,902.1613,624.00
7.338223,902.2112,640.00
7.338223,902.2610,602.00
7.338223,902.3109,632.00
7.338223,902.3608,590.00
7.338223,902.4106,646.00
7.338223,902.4604,608.00
7.338223,902.5103,657.00
7.338223,902.5601,612.00
7.338223,902.6099,639.00
7.338223,902.6597,633.00
7.338223,902.7095,678.00
7.338223,902.7592,630.00
7.338223,902.8090,666.00
7.338223,902.8589,601.00
7.338223,902.9086,676.00
7.338223,902.9584,621.00
7.338223,903.0082,675.00
7.338223,903.0580,625.00
7.338223,903.1077,638.00
7.338223,903.1575,618.00
7.338223,903.2072,638.00
7.338223,903.2570,607.00
7.338223,903.3067,674.00
7.338223,903.3564,601.00
7.338223,903.4062,663.00
7.338223,903.4559,649.00
7.338223,903.5056,639.00
7.338223,903.5553,627.00
7.338223,903.6050,620.00
7.338223,903.6547,585.00
7.338223,903.7045,652.00
7.338223,903.7541,551.00
7.338223,903.8038,673.00
7.338223,903.8535,618.00
7.338223,903.9032,620.00
7.338223,903.9528,616.00
7.338223,904.0025,645.00
7.338223,904.0522,604.00
7.338223,904.1019,629.00
7.338223,904.1515,594.00
7.338223,904.2012,680.00
7.338223,904.2507,590.00
7.338223,904.3004,640.00
7.338223,904.3500,594.00
7.338223,904.3997,587.00
7.338223,904.4493,608.00
7.338223,904.4989,643.00
7.338223,904.5485,584.00
7.338223,904.5980,649.00
7.338223,904.6477,587.00
7.338223,904.6973,626.00
7.338223,904.7469,605.00
7.338223,904.7964,648.00
7.338223,904.8460,600.00
7.338223,904.8956,587.00
7.338223,904.9452,589.00
7.338223,904.9947,640.00
7.338223,905.0443,562.00
7.338223,905.0938,640.00
7.338223,905.1434,623.00
7.338223,905.1929,622.00
7.338223,905.2424,620.00
7.338223,905.2919,643.00
7.338223,905.3414,632.00
7.338223,905.3910,637.00
7.338223,905.4406,593.00
7.338223,905.4901,670.00
7.338223,905.5396,567.00
7.338223,905.5890,630.00
7.338223,905.6385,624.00
7.338223,905.6880,654.00
7.338223,905.7375,607.00
7.338223,905.7870,653.00
7.338223,905.8364,591.00
7.338223,905.8859,616.00
7.338223,905.9354,621.00
7.338223,905.9848,665.00
7.338223,906.0342,646.00
7.338223,906.0837,643.00
7.338223,906.1331,626.00
7.338223,906.1826,642.00
7.338223,906.2321,608.00
7.338223,906.2814,679.00
7.338223,906.3309,603.00
7.338223,906.3802,663.00
7.338223,906.4297,613.00
7.338223,906.4791,662.00
7.338223,906.5285,645.00
7.338223,906.5779,617.00
7.338223,906.6273,577.00
7.338223,906.6766,648.00
7.338223,906.7260,617.00
7.338223,906.7754,706.00
7.338223,906.8248,586.00
7.338223,906.8741,638.00
7.338223,906.9235,614.00
7.338223,906.9729,628.00
7.338223,907.0222,627.00
7.338223,907.0715,653.00
7.338223,907.1208,593.00
7.338223,907.1702,665.00
7.338223,907.2195,612.00
7.338223,907.2688,655.00
7.338223,907.3181,612.00
7.338223,907.3674,630.00
7.338223,907.4167,626.00
7.338223,907.4660,632.00
7.338223,907.5153,577.00
7.338223,907.5646,658.00
7.338223,907.6139,601.00
7.338223,907.6631,679.00
7.338223,907.7125,608.00
7.338223,907.7617,614.00
7.338223,907.8110,611.00
7.338223,907.8602,648.00
7.338223,907.9094,577.00
7.338223,907.9587,636.00
7.338223,908.0080,563.00
7.338223,908.0572,665.00
7.338223,908.1064,598.00
7.338223,908.1556,668.00
7.338223,908.2048,674.00
7.338223,908.2541,617.00
7.338223,908.3033,642.00
7.338223,908.3524,629.00
7.338223,908.4017,574.00
7.338223,908.4508,653.00
7.338223,908.5000,614.00
7.338223,908.5493,635.00
7.338223,908.5984,648.00
7.338223,908.6475,611.00
7.338223,908.6967,582.00
7.338223,908.7459,633.00
7.338223,908.7950,597.00
7.338223,908.8442,632.00
7.338223,908.8932,603.00
7.338223,908.9424,651.00
7.338223,908.9916,624.00
7.338223,909.0407,664.00
7.338223,909.0898,648.00
7.338223,909.1389,619.00
7.338223,909.1880,605.00
7.338223,909.2372,604.00
7.338223,909.2863,564.00
7.338223,909.3354,672.00
7.338223,909.3845,581.00
7.338223,909.4335,652.00
7.338223,909.4825,648.00
7.338223,909.5317,616.00
7.338223,909.5807,592.00
7.338223,909.6298,630.00
7.338223,909.6789,562.00
7.338223,909.7280,634.00
7.338223,909.7770,622.00
7.338223,909.8260,630.00
7.338223,909.8751,573.00
7.338223,909.9241,649.00
7.338223,909.9731,621.00
7.338223,910.0222,649.00
7.338223,910.0711,611.00
7.338223,910.1201,624.00
7.338223,910.1691,608.00
7.338223,910.2181,640.00
7.338223,910.2672,634.00
7.338223,910.3162,631.00
7.338223,910.3651,632.00
7.338223,910.4141,626.00
7.338223,910.4631,634.00
7.338223,910.5120,651.00
7.338223,910.5610,619.00
7.338223,910.6099,622.00
7.338223,910.6589,603.00
7.338223,910.7078,653.00
7.338223,910.7568,625.00
7.338223,910.8057,661.00
7.338223,910.8546,639.00
7.338223,910.9036,647.00
7.338223,910.9525,604.00
7.338223,911.0013,664.00
7.338223,911.0503,624.00
7.338223,911.0992,655.00
7.338223,911.1481,633.00
7.338223,911.1970,642.00
7.338223,911.2459,638.00
7.338223,911.2948,656.00
7.338223,911.3436,605.00
7.338223,911.3925,620.00
7.338223,911.4414,619.00
7.338223,911.4902,651.00
7.338223,911.5391,646.00
7.338223,911.5880,612.00
7.338223,911.6368,602.00
7.338223,911.6857,635.00
7.338223,911.7344,591.00
7.338223,911.7833,645.00
7.338223,911.8321,628.00
7.338223,911.8809,641.00
7.338223,911.9297,645.00
7.338223,911.9785,665.00
7.338223,912.0273,670.00
7.338223,912.0762,600.00
7.338223,912.1249,648.00
7.338223,912.1737,636.00
7.338223,912.2225,626.00
7.338223,912.2712,657.00
7.338223,912.3201,634.00
7.338223,912.3688,690.00
7.338223,912.4176,644.00
7.338223,912.4663,645.00
7.338223,912.5150,612.00
7.338223,912.5638,637.00
7.338223,912.6125,621.00
7.338223,912.6613,684.00
7.338223,912.7100,610.00
7.338223,912.7587,654.00
7.338223,912.8074,652.00
7.338223,912.8561,672.00
7.338223,912.9048,640.00
7.338223,912.9535,653.00
7.338223,913.0023,639.00
7.338223,913.0510,646.00
7.338223,913.0996,644.00
7.338223,913.1483,694.00
7.338223,913.1969,642.00
7.338223,913.2456,661.00
7.338223,913.2943,689.00
7.338223,913.3430,658.00
7.338223,913.3916,633.00
7.338223,913.4402,659.00
7.338223,913.4888,602.00
7.338223,913.5375,676.00
7.338223,913.5862,617.00
7.338223,913.6348,686.00
7.338223,913.6834,655.00
7.338223,913.7320,679.00
7.338223,913.7806,640.00
7.338223,913.8292,668.00
7.338223,913.8778,619.00
7.338223,913.9264,669.00
7.338223,913.9750,597.00
7.338223,914.0236,678.00
7.338223,914.0721,664.00
7.338223,914.1207,713.00
7.338223,914.1693,638.00
7.338223,914.2178,694.00
7.338223,914.2664,635.00
7.338223,914.3149,674.00
7.338223,914.3635,620.00
7.338223,914.4120,703.00
7.338223,914.4606,659.00
7.338223,914.5090,713.00
7.338223,914.5576,683.00
7.338223,914.6061,690.00
7.338223,914.6546,633.00
7.338223,914.7031,679.00
7.338223,914.7516,628.00
7.338223,914.8001,709.00
7.338223,914.8486,669.00
7.338223,914.8971,720.00
7.338223,914.9456,671.00
7.338223,914.9941,690.00
7.338223,915.0425,674.00
7.338223,915.0910,662.00
7.338223,915.1395,654.00
7.338223,915.1879,715.00
7.338223,915.2363,631.00
7.338223,915.2849,729.00
7.338223,915.3333,669.00
7.338223,915.3817,703.00
7.338223,915.4301,669.00
7.338223,915.4785,687.00
7.338223,915.5269,630.00
7.338223,915.5754,686.00
7.338223,915.6237,631.00
7.338223,915.6721,694.00
7.338223,915.7205,643.00
7.338223,915.7689,739.00
7.338223,915.8173,685.00
7.338223,915.8657,675.00
7.338223,915.9141,637.00
7.338223,915.9623,683.00
7.338223,916.0107,633.00
7.338223,916.0591,676.00
7.338223,916.1075,637.00
7.338223,916.1558,714.00
7.338223,916.2042,655.00
7.338223,916.2524,702.00
7.338223,916.3008,674.00
7.338223,916.3491,664.00
7.338223,916.3974,625.00
7.338223,916.4457,663.00
7.338223,916.4940,639.00
7.338223,916.5423,677.00
7.338223,916.5907,662.00
7.338223,916.6390,676.00
7.338223,916.6872,655.00
7.338223,916.7355,659.00
7.338223,916.7838,622.00
7.338223,916.8320,691.00
7.338223,916.8803,636.00
7.338223,916.9286,711.00
7.338223,916.9768,633.00
7.338223,917.0250,701.00
7.338223,917.0733,677.00
7.338223,917.1216,658.00
7.338223,917.1698,633.00
7.338223,917.2180,664.00
7.338223,917.2662,600.00
7.338223,917.3145,672.00
7.338223,917.3626,667.00
7.338223,917.4109,676.00
7.338223,917.4590,624.00
7.338223,917.5072,702.00
7.338223,917.5554,640.00
7.338223,917.6036,671.00
7.338223,917.6518,634.00
7.338223,917.7000,700.00
7.338223,917.7481,617.00
7.338223,917.7963,686.00
7.338223,917.8444,653.00
7.338223,917.8926,667.00
7.338223,917.9407,660.00
7.338223,917.9888,674.00
7.338223,918.0369,645.00
7.338223,918.0851,690.00
7.338223,918.1332,633.00
7.338223,918.1813,680.00
7.338223,918.2294,667.00
7.338223,918.2776,710.00
7.338223,918.3257,653.00
7.338223,918.3737,678.00
7.338223,918.4218,664.00
7.338223,918.4699,683.00
7.338223,918.5180,623.00
7.338223,918.5660,654.00
7.338223,918.6142,627.00
7.338223,918.6622,672.00
7.338223,918.7103,667.00
7.338223,918.7583,695.00
7.338223,918.8064,685.00
7.338223,918.8544,671.00
7.338223,918.9025,662.00
7.338223,918.9505,689.00
7.338223,918.9985,633.00
7.338223,919.0464,724.00
7.338223,919.0945,657.00
7.338223,919.1426,717.00
7.338223,919.1905,684.00
7.338223,919.2385,654.00
7.338223,919.2866,630.00
7.338223,919.3345,688.00
7.338223,919.3825,634.00
7.338223,919.4304,686.00
7.338223,919.4785,661.00
7.338223,919.5264,701.00
7.338223,919.5744,694.00
7.338223,919.6224,665.00
7.338223,919.6703,655.00
7.338223,919.7182,656.00
7.338223,919.7661,646.00
7.338223,919.8141,707.00
7.338223,919.8620,674.00
7.338223,919.9100,703.00
7.338223,919.9578,650.00
7.338223,920.0057,727.00
7.338223,920.0536,673.00
7.338223,920.1016,697.00
7.338223,920.1495,651.00
7.338223,920.1973,695.00
7.338223,920.2452,595.00
7.338223,920.2932,684.00
7.338223,920.3410,664.00
7.338223,920.3888,695.00
7.338223,920.4367,659.00
7.338223,920.4846,671.00
7.338223,920.5323,642.00
7.338223,920.5803,648.00
7.338223,920.6281,607.00
7.338223,920.6759,707.00
7.338223,920.7237,665.00
7.338223,920.7715,689.00
7.338223,920.8195,648.00
7.338223,920.8672,655.00
7.338223,920.9150,645.00
7.338223,920.9628,646.00
7.338223,921.0106,646.00
7.338223,921.0584,686.00
7.338223,921.1062,621.00
7.338223,921.1540,668.00
7.338223,921.2017,627.00
7.338223,921.2495,665.00
7.338223,921.2973,649.00
7.338223,921.3450,652.00
7.338223,921.3928,616.00
7.338223,921.4405,671.00
7.338223,921.4882,576.00
7.338223,921.5359,668.00
7.338223,921.5837,650.00
7.338223,921.6315,652.00
7.338223,921.6791,627.00
7.338223,921.7269,654.00
7.338223,921.7746,622.00
7.338223,921.8223,637.00
7.338223,921.8700,612.00
7.338223,921.9177,669.00
7.338223,921.9653,639.00
7.338223,922.0130,681.00
7.338223,922.0607,650.00
7.338223,922.1084,656.00
7.338223,922.1561,640.00
7.338223,922.2037,681.00
7.338223,922.2513,638.00
7.338223,922.2990,655.00
7.338223,922.3467,618.00
7.338223,922.3943,692.00
7.338223,922.4419,630.00
7.338223,922.4895,697.00
7.338223,922.5371,651.00
7.338223,922.5848,651.00
7.338223,922.6324,650.00
7.338223,922.6800,675.00
7.338223,922.7276,548.00
7.338223,922.7752,655.00
7.338223,922.8228,621.00
7.338223,922.8704,681.00
7.338223,922.9179,625.00
7.338223,922.9655,660.00
7.338223,923.0130,645.00
7.338223,923.0607,686.00
7.338223,923.1082,652.00
7.338223,923.1558,696.00
7.338223,923.2032,630.00
7.338223,923.2508,664.00
7.338223,923.2983,665.00
7.338223,923.3459,680.00
7.338223,923.3934,672.00
7.338223,923.4409,669.00
7.338223,923.4884,626.00
7.338223,923.5359,684.00
7.338223,923.5834,616.00
7.338223,923.6309,698.00
7.338223,923.6784,636.00
7.338223,923.7259,663.00
7.338223,923.7734,632.00
7.338223,923.8209,654.00
7.338223,923.8683,633.00
7.338223,923.9158,670.00
7.338223,923.9632,645.00
7.338223,924.0106,714.00
7.338223,924.0581,607.00
7.338223,924.1056,676.00
7.338223,924.1530,663.00
7.338223,924.2004,654.00
7.338223,924.2479,671.00
7.338223,924.2952,651.00
7.338223,924.3427,598.00
7.338223,924.3901,685.00
7.338223,924.4375,675.00
7.338223,924.4849,699.00
7.338223,924.5323,657.00
7.338223,924.5797,667.00
7.338223,924.6270,634.00
7.338223,924.6744,683.00
7.338223,924.7218,635.00
7.338223,924.7692,680.00
7.338223,924.8165,597.00
7.338223,924.8639,713.00
7.338223,924.9112,633.00
7.338223,924.9585,669.00
7.338223,925.0059,672.00
7.338223,925.0532,620.00
7.338223,925.1005,614.00
7.338223,925.1478,646.00
7.338223,925.1952,602.00
7.338223,925.2424,674.00
7.338223,925.2897,648.00
7.338223,925.3370,695.00
7.338223,925.3843,655.00
7.338223,925.4316,661.00
7.338223,925.4789,619.00
7.338223,925.5262,662.00
7.338223,925.5734,615.00
7.338223,925.6207,679.00
7.338223,925.6680,638.00
7.338223,925.7153,677.00
7.338223,925.7625,667.00
7.338223,925.8097,645.00
7.338223,925.8569,645.00
7.338223,925.9042,665.00
7.338223,925.9514,602.00
7.338223,925.9987,683.00
7.338223,926.0458,630.00
7.338223,926.0930,682.00
7.338223,926.1403,632.00
7.338223,926.1874,693.00
7.338223,926.2346,629.00
7.338223,926.2819,671.00
7.338223,926.3290,633.00
7.338223,926.3762,678.00
7.338223,926.4233,598.00
7.338223,926.4705,706.00
7.338223,926.5177,655.00
7.338223,926.5648,702.00
7.338223,926.6120,685.00
7.338223,926.6591,687.00
7.338223,926.7063,647.00
7.338223,926.7534,665.00
7.338223,926.8005,611.00
7.338223,926.8477,712.00
7.338223,926.8947,619.00
7.338223,926.9418,721.00
7.338223,926.9890,668.00
7.338223,927.0361,661.00
7.338223,927.0831,648.00
7.338223,927.1302,695.00
7.338223,927.1773,620.00
7.338223,927.2244,720.00
7.338223,927.2715,640.00
7.338223,927.3185,708.00
7.338223,927.3656,687.00
7.338223,927.4126,688.00
7.338223,927.4597,694.00
7.338223,927.5067,672.00
7.338223,927.5538,638.00
7.338223,927.6008,683.00
7.338223,927.6478,672.00
7.338223,927.6949,719.00
7.338223,927.7419,682.00
7.338223,927.7888,695.00
7.338223,927.8358,695.00
7.338223,927.8829,712.00
7.338223,927.9299,661.00
7.338223,927.9769,729.00
7.338223,928.0239,663.00
7.338223,928.0708,701.00
7.338223,928.1177,670.00
7.338223,928.1648,712.00
7.338223,928.2117,706.00
7.338223,928.2587,691.00
7.338223,928.3056,688.00
7.338223,928.3525,695.00
7.338223,928.3995,656.00
7.338223,928.4465,703.00
7.338223,928.4934,665.00
7.338223,928.5402,720.00
7.338223,928.5872,673.00
7.338223,928.6340,726.00
7.338223,928.6810,691.00
7.338223,928.7279,698.00
7.338223,928.7748,710.00
7.338223,928.8217,728.00
7.338223,928.8685,679.00
7.338223,928.9155,717.00
7.338223,928.9623,649.00
7.338223,929.0092,733.00
7.338223,929.0560,688.00
7.338223,929.1028,699.00
7.338223,929.1498,692.00
7.338223,929.1965,716.00
7.338223,929.2434,704.00
7.338223,929.2902,750.00
7.338223,929.3370,671.00
7.338223,929.3839,726.00
7.338223,929.4307,724.00
7.338223,929.4775,736.00
7.338223,929.5243,761.00
7.338223,929.5710,767.00
7.338223,929.6179,729.00
7.338223,929.6647,804.00
7.338223,929.7115,724.00
7.338223,929.7582,816.00
7.338223,929.8050,791.00
7.338223,929.8517,964.00
7.338223,929.8986,974.00
7.338223,929.9453,1164.00
7.338223,929.9921,1478.00
7.338223,930.0388,1953.00
7.338223,930.0854,2302.00
7.338223,930.1323,3409.00
7.338223,930.1790,5974.00
7.338223,930.2256,9523.00
7.338223,930.2724,11748.00
7.338223,930.3191,14225.00
7.338223,930.3658,15360.00
7.338223,930.4125,11505.00
7.338223,930.4592,5837.00
7.338223,930.5059,2936.00
7.338223,930.5526,2088.00
7.338223,930.5993,2848.00
7.338223,930.6459,3966.00
7.338223,930.6926,4022.00
7.338223,930.7392,3400.00
7.338223,930.7859,2926.00
7.338223,930.8325,2788.00
7.338223,930.8792,2879.00
7.338223,930.9258,2629.00
7.338223,930.9725,3312.00
7.338223,931.0190,4805.00
7.338223,931.0657,7312.00
7.338223,931.1123,6829.00
7.338223,931.1589,3824.00
7.338223,931.2055,1656.00
7.338223,931.2521,1054.00
7.338223,931.2987,806.00
7.338223,931.3453,768.00
7.338223,931.3919,736.00
7.338223,931.4385,746.00
7.338223,931.4850,739.00
7.338223,931.5316,707.00
7.338223,931.5782,682.00
7.338223,931.6248,694.00
7.338223,931.6713,669.00
7.338223,931.7178,749.00
7.338223,931.7643,679.00
7.338223,931.8109,767.00
7.338223,931.8574,713.00
7.338223,931.9039,728.00
7.338223,931.9504,704.00
7.338223,931.9969,687.00
7.338223,932.0435,645.00
7.338223,932.0900,702.00
7.338223,932.1365,642.00
7.338223,932.1829,706.00
7.338223,932.2294,647.00
7.338223,932.2759,732.00
7.338223,932.3223,657.00
7.338223,932.3688,655.00
7.338223,932.4153,681.00
7.338223,932.4617,723.00
7.338223,932.5082,652.00
7.338223,932.5546,748.00
7.338223,932.6011,667.00
7.338223,932.6475,706.00
7.338223,932.6939,709.00
7.338223,932.7402,696.00
7.338223,932.7867,650.00
7.338223,932.8331,693.00
7.338223,932.8795,619.00
7.338223,932.9259,724.00
7.338223,932.9723,624.00
7.338223,933.0187,701.00
7.338223,933.0651,678.00
7.338223,933.1115,685.00
7.338223,933.1578,686.00
7.338223,933.2042,688.00
7.338223,933.2505,658.00
7.338223,933.2969,721.00
7.338223,933.3433,668.00
7.338223,933.3896,707.00
7.338223,933.4359,678.00
7.338223,933.4822,709.00
7.338223,933.5286,656.00
7.338223,933.5749,686.00
7.338223,933.6212,679.00
7.338223,933.6675,685.00
7.338223,933.7138,654.00
7.338223,933.7601,736.00
7.338223,933.8064,667.00
7.338223,933.8527,687.00
7.338223,933.8989,652.00
7.338223,933.9452,685.00
7.338223,933.9915,682.00
7.338223,934.0378,693.00
7.338223,934.0840,653.00
7.338223,934.1302,774.00
7.338223,934.1765,648.00
7.338223,934.2227,717.00
7.338223,934.2690,672.00
7.338223,934.3152,680.00
7.338223,934.3614,659.00
7.338223,934.4077,690.00
7.338223,934.4539,644.00
7.338223,934.5001,746.00
7.338223,934.5463,640.00
7.338223,934.5925,731.00
7.338223,934.6387,689.00
7.338223,934.6848,698.00
7.338223,934.7310,671.00
7.338223,934.7772,736.00
7.338223,934.8234,657.00
7.338223,934.8695,694.00
7.338223,934.9156,671.00
7.338223,934.9619,701.00
7.338223,935.0080,686.00
7.338223,935.0541,726.00
7.338223,935.1002,703.00
7.338223,935.1464,695.00
7.338223,935.1925,650.00
7.338223,935.2386,723.00
7.338223,935.2847,677.00
7.338223,935.3308,727.00
7.338223,935.3769,645.00
7.338223,935.4230,717.00
7.338223,935.4691,679.00
7.338223,935.5152,730.00
7.338223,935.5613,665.00
7.338223,935.6073,724.00
7.338223,935.6534,648.00
7.338223,935.6995,697.00
7.338223,935.7455,619.00
7.338223,935.7916,694.00
7.338223,935.8376,688.00
7.338223,935.8837,694.00
7.338223,935.9297,668.00
7.338223,935.9757,671.00
7.338223,936.0217,647.00
7.338223,936.0677,670.00
7.338223,936.1137,645.00
7.338223,936.1598,714.00
7.338223,936.2057,647.00
7.338223,936.2518,699.00
7.338223,936.2977,685.00
7.338223,936.3437,682.00
7.338223,936.3896,637.00
7.338223,936.4357,679.00
7.338223,936.4816,607.00
7.338223,936.5275,712.00
7.338223,936.5735,635.00
7.338223,936.6194,664.00
7.338223,936.6654,669.00
7.338223,936.7114,655.00
7.338223,936.7573,616.00
7.338223,936.8032,641.00
7.338223,936.8491,578.00
7.338223,936.8950,658.00
7.338223,936.9409,617.00
7.338223,936.9868,680.00
7.338223,937.0327,610.00
7.338223,937.0786,685.00
7.338223,937.1245,637.00
7.338223,937.1704,634.00
7.338223,937.2162,626.00
7.338223,937.2621,677.00
7.338223,937.3080,612.00
7.338223,937.3539,674.00
7.338223,937.3997,613.00
7.338223,937.4455,661.00
7.338223,937.4913,634.00
7.338223,937.5372,666.00
7.338223,937.5831,627.00
7.338223,937.6289,620.00
7.338223,937.6747,618.00
7.338223,937.7205,683.00
7.338223,937.7663,595.00
7.338223,937.8121,707.00
7.338223,937.8579,630.00
7.338223,937.9037,641.00
7.338223,937.9495,631.00
7.338223,937.9952,657.00
7.338223,938.0410,639.00
7.338223,938.0868,675.00
7.338223,938.1325,590.00
7.338223,938.1783,683.00
7.338223,938.2240,620.00
7.338223,938.2698,667.00
7.338223,938.3155,641.00
7.338223,938.3613,635.00
7.338223,938.4069,647.00
7.338223,938.4527,658.00
7.338223,938.4984,611.00
7.338223,938.5441,684.00
7.338223,938.5898,649.00
7.338223,938.6356,673.00
7.338223,938.6812,647.00
7.338223,938.7269,675.00
7.338223,938.7726,628.00
7.338223,938.8182,638.00
7.338223,938.8640,658.00
7.338223,938.9096,685.00
7.338223,938.9552,615.00
7.338223,939.0010,684.00
7.338223,939.0466,673.00
7.338223,939.0922,675.00
7.338223,939.1378,688.00
7.338223,939.1835,707.00
7.338223,939.2291,620.00
7.338223,939.2747,682.00
7.338223,939.3203,629.00
7.338223,939.3659,716.00
7.338223,939.4115,671.00
7.338223,939.4570,700.00
7.338223,939.5027,683.00
7.338223,939.5483,700.00
7.338223,939.5939,644.00
7.338223,939.6395,701.00
7.338223,939.6851,652.00
7.338223,939.7306,705.00
7.338223,939.7761,662.00
7.338223,939.8217,734.00
7.338223,939.8672,698.00
7.338223,939.9127,674.00
7.338223,939.9583,682.00
7.338223,940.0038,681.00
7.338223,940.0493,655.00
7.338223,940.0948,715.00
7.338223,940.1403,643.00
7.338223,940.1859,737.00
7.338223,940.2314,676.00
7.338223,940.2769,697.00
7.338223,940.3223,661.00
7.338223,940.3678,695.00
7.338223,940.4133,658.00
7.338223,940.4588,674.00
7.338223,940.5042,656.00
7.338223,940.5497,744.00
7.338223,940.5952,655.00
7.338223,940.6406,717.00
7.338223,940.6860,703.00
7.338223,940.7315,694.00
7.338223,940.7769,664.00
7.338223,940.8223,721.00
7.338223,940.8677,668.00
7.338223,940.9132,699.00
7.338223,940.9586,667.00
7.338223,941.0040,748.00
7.338223,941.0494,710.00
7.338223,941.0948,702.00
7.338223,941.1402,713.00
7.338223,941.1855,709.00
7.338223,941.2310,668.00
7.338223,941.2762,729.00
7.338223,941.3216,631.00
7.338223,941.3670,752.00
7.338223,941.4124,668.00
7.338223,941.4577,692.00
7.338223,941.5031,692.00
7.338223,941.5483,669.00
7.338223,941.5937,658.00
7.338223,941.6390,718.00
7.338223,941.6843,644.00
7.338223,941.7296,714.00
7.338223,941.7749,658.00
7.338223,941.8203,685.00
7.338223,941.8655,665.00
7.338223,941.9108,700.00
7.338223,941.9561,633.00
7.338223,942.0013,703.00
7.338223,942.0467,658.00
7.338223,942.0920,702.00
7.338223,942.1372,646.00
7.338223,942.1824,704.00
7.338223,942.2277,685.00
7.338223,942.2729,707.00
7.338223,942.3182,637.00
7.338223,942.3634,703.00
7.338223,942.4086,658.00
7.338223,942.4539,696.00
7.338223,942.4990,667.00
7.338223,942.5443,746.00
7.338223,942.5895,665.00
7.338223,942.6347,685.00
7.338223,942.6798,634.00
7.338223,942.7250,667.00
7.338223,942.7702,643.00
7.338223,942.8154,698.00
7.338223,942.8606,664.00
7.338223,942.9058,709.00
7.338223,942.9508,651.00
7.338223,942.9960,689.00
7.338223,943.0412,677.00
7.338223,943.0864,688.00
7.338223,943.1314,634.00
7.338223,943.1766,705.00
7.338223,943.2217,648.00
7.338223,943.2668,726.00
7.338223,943.3120,646.00
7.338223,943.3571,717.00
7.338223,943.4021,698.00
7.338223,943.4473,734.00
7.338223,943.4923,663.00
7.338223,943.5374,671.00
7.338223,943.5825,666.00
7.338223,943.6276,709.00
7.338223,943.6725,635.00
7.338223,943.7177,693.00
7.338223,943.7627,661.00
7.338223,943.8078,675.00
7.338223,943.8528,672.00
7.338223,943.8978,681.00
7.338223,943.9429,646.00
7.338223,943.9879,718.00
7.338223,944.0330,631.00
7.338223,944.0779,712.00
7.338223,944.1229,648.00
7.338223,944.1679,715.00
7.338223,944.2130,683.00
7.338223,944.2579,723.00
7.338223,944.3029,644.00
7.338223,944.3478,654.00
7.338223,944.3929,611.00
7.338223,944.4379,735.00
7.338223,944.4828,665.00
7.338223,944.5277,718.00
7.338223,944.5727,683.00
7.338223,944.6176,705.00
7.338223,944.6626,639.00
7.338223,944.7076,696.00
7.338223,944.7524,635.00
7.338223,944.7974,699.00
7.338223,944.8423,682.00
7.338223,944.8872,703.00
7.338223,944.9321,710.00
7.338223,944.9770,717.00
7.338223,945.0219,661.00
7.338223,945.0667,685.00
7.338223,945.1116,661.00
7.338223,945.1566,679.00
7.338223,945.2014,628.00
7.338223,945.2463,740.00
7.338223,945.2911,644.00
7.338223,945.3360,714.00
7.338223,945.3808,683.00
7.338223,945.4257,680.00
7.338223,945.4705,664.00
7.338223,945.5153,686.00
7.338223,945.5601,631.00
7.338223,945.6050,731.00
7.338223,945.6498,686.00
7.338223,945.6946,708.00
7.338223,945.7394,673.00
7.338223,945.7842,683.00
7.338223,945.8290,649.00
7.338223,945.8738,707.00
7.338223,945.9186,666.00
7.338223,945.9633,712.00
7.338223,946.0081,653.00
7.338223,946.0529,684.00
7.338223,946.0976,671.00
7.338223,946.1423,693.00
7.338223,946.1871,666.00
7.338223,946.2318,690.00
7.338223,946.2766,604.00
7.338223,946.3213,677.00
7.338223,946.3660,636.00
7.338223,946.4107,715.00
7.338223,946.4554,649.00
7.338223,946.5001,698.00
7.338223,946.5449,692.00
7.338223,946.5895,660.00
7.338223,946.6342,611.00
7.338223,946.6789,688.00
7.338223,946.7236,649.00
7.338223,946.7682,674.00
7.338223,946.8129,662.00
7.338223,946.8575,729.00
7.338223,946.9022,654.00
7.338223,946.9468,706.00
7.338223,946.9915,657.00
7.338223,947.0361,697.00
7.338223,947.0807,660.00
7.338223,947.1253,679.00
7.338223,947.1700,617.00
7.338223,947.2146,718.00
7.338223,947.2592,642.00
7.338223,947.3038,696.00
7.338223,947.3483,693.00
7.338223,947.3929,688.00
7.338223,947.4376,623.00
7.338223,947.4821,665.00
7.338223,947.5267,648.00
7.338223,947.5712,694.00
7.338223,947.6158,666.00
7.338223,947.6604,703.00
7.338223,947.7050,658.00
7.338223,947.7495,650.00
7.338223,947.7939,637.00
7.338223,947.8385,679.00
7.338223,947.8831,611.00
7.338223,947.9276,683.00
7.338223,947.9720,643.00
7.338223,948.0166,656.00
7.338223,948.0611,621.00
7.338223,948.1056,657.00
7.338223,948.1501,635.00
7.338223,948.1945,673.00
7.338223,948.2390,626.00
7.338223,948.2835,654.00
7.338223,948.3279,596.00
7.338223,948.3724,685.00
7.338223,948.4169,624.00
7.338223,948.4613,695.00
7.338223,948.5057,655.00
7.338223,948.5502,626.00
7.338223,948.5947,596.00
7.338223,948.6391,684.00
7.338223,948.6835,639.00
7.338223,948.7279,683.00
7.338223,948.7723,661.00
7.338223,948.8167,678.00
7.338223,948.8611,642.00
7.338223,948.9055,629.00
7.338223,948.9498,619.00
7.338223,948.9943,636.00
7.338223,949.0387,633.00
7.338223,949.0830,689.00
7.338223,949.1273,632.00
7.338223,949.1718,703.00
7.338223,949.2161,648.00
7.338223,949.2604,678.00
7.338223,949.3047,638.00
7.338223,949.3491,676.00
7.338223,949.3934,633.00
7.338223,949.4377,672.00
7.338223,949.4821,605.00
7.338223,949.5264,697.00
7.338223,949.5707,620.00
7.338223,949.6150,660.00
7.338223,949.6592,634.00
7.338223,949.7036,660.00
7.338223,949.7479,610.00
7.338223,949.7921,686.00
7.338223,949.8363,626.00
7.338223,949.8806,683.00
7.338223,949.9249,646.00
7.338223,949.9692,693.00
7.338223,950.0134,615.00
7.338223,950.0576,689.00
7.338223,950.1019,643.00
7.338223,950.1461,665.00
7.338223,950.1903,614.00
7.338223,950.2346,697.00
7.338223,950.2787,634.00
7.338223,950.3229,675.00
7.338223,950.3671,660.00
7.338223,950.4114,693.00
7.338223,950.4555,666.00
7.338223,950.4997,691.00
7.338223,950.5439,627.00
7.338223,950.5880,742.00
7.338223,950.6322,604.00
7.338223,950.6763,671.00
7.338223,950.7205,649.00
7.338223,950.7646,655.00
7.338223,950.8088,645.00
7.338223,950.8530,670.00
7.338223,950.8971,687.00
7.338223,950.9412,676.00
7.338223,950.9853,603.00
7.338223,951.0294,692.00
7.338223,951.0735,657.00
7.338223,951.1177,713.00
7.338223,951.1617,668.00
7.338223,951.2057,657.00
7.338223,951.2499,644.00
7.338223,951.2939,674.00
7.338223,951.3380,634.00
7.338223,951.3821,688.00
7.338223,951.4261,622.00
7.338223,951.4702,664.00
7.338223,951.5142,661.00
7.338223,951.5582,683.00
7.338223,951.6024,672.00
7.338223,951.6464,687.00
7.338223,951.6904,640.00
7.338223,951.7344,696.00
7.338223,951.7784,605.00
7.338223,951.8224,684.00
7.338223,951.8665,591.00
7.338223,951.9104,682.00
7.338223,951.9544,646.00
7.338223,951.9984,660.00
7.338223,952.0424,658.00
7.338223,952.0864,685.00
7.338223,952.1303,619.00
7.338223,952.1743,735.00
7.338223,952.2183,650.00
7.338223,952.2621,709.00
7.338223,952.3061,680.00
7.338223,952.3500,675.00
7.338223,952.3940,651.00
7.338223,952.4379,677.00
7.338223,952.4818,610.00
7.338223,952.5258,694.00
7.338223,952.5696,663.00
7.338223,952.6136,717.00
7.338223,952.6574,640.00
7.338223,952.7014,695.00
7.338223,952.7452,637.00
7.338223,952.7891,687.00
7.338223,952.8330,612.00
7.338223,952.8768,708.00
7.338223,952.9207,685.00
7.338223,952.9645,716.00
7.338223,953.0084,627.00
7.338223,953.0522,676.00
7.338223,953.0961,684.00
7.338223,953.1400,674.00
7.338223,953.1838,664.00
7.338223,953.2275,669.00
7.338223,953.2714,628.00
7.338223,953.3152,726.00
7.338223,953.3589,673.00
7.338223,953.4028,694.00
7.338223,953.4466,650.00
7.338223,953.4904,666.00
7.338223,953.5341,669.00
7.338223,953.5779,676.00
7.338223,953.6217,617.00
7.338223,953.6654,651.00
7.338223,953.7092,603.00
7.338223,953.7529,676.00
7.338223,953.7967,628.00
7.338223,953.8405,678.00
7.338223,953.8842,649.00
7.338223,953.9279,623.00
7.338223,953.9716,608.00
7.338223,954.0153,662.00
7.338223,954.0590,619.00
7.338223,954.1027,642.00
7.338223,954.1464,679.00
7.338223,954.1901,650.00
7.338223,954.2338,661.00
7.338223,954.2774,657.00
7.338223,954.3212,627.00
7.338223,954.3648,665.00
7.338223,954.4084,627.00
7.338223,954.4521,664.00
7.338223,954.4958,640.00
7.338223,954.5394,653.00
7.338223,954.5831,628.00
7.338223,954.6267,657.00
7.338223,954.6703,644.00
7.338223,954.7139,670.00
7.338223,954.7576,608.00
7.338223,954.8012,670.00
7.338223,954.8448,626.00
7.338223,954.8884,672.00
7.338223,954.9319,625.00
7.338223,954.9755,732.00
7.338223,955.0191,635.00
7.338223,955.0627,641.00
7.338223,955.1063,606.00
7.338223,955.1498,626.00
7.338223,955.1934,600.00
7.338223,955.2369,641.00
7.338223,955.2805,594.00
7.338223,955.3240,643.00
7.338223,955.3675,629.00
7.338223,955.4111,660.00
7.338223,955.4546,594.00
7.338223,955.4981,661.00
7.338223,955.5416,591.00
7.338223,955.5851,670.00
7.338223,955.6285,622.00
7.338223,955.6722,665.00
7.338223,955.7156,666.00
7.338223,955.7590,649.00
7.338223,955.8025,619.00
7.338223,955.8460,675.00
7.338223,955.8895,612.00
7.338223,955.9329,657.00
7.338223,955.9764,628.00
7.338223,956.0198,671.00
7.338223,956.0632,637.00
7.338223,956.1067,702.00
7.338223,956.1501,642.00
7.338223,956.1935,652.00
7.338223,956.2369,599.00
7.338223,956.2803,644.00
7.338223,956.3238,591.00
7.338223,956.3671,677.00
7.338223,956.4105,642.00
7.338223,956.4539,671.00
7.338223,956.4973,644.00
7.338223,956.5406,599.00
7.338223,956.5841,612.00
7.338223,956.6274,645.00
7.338223,956.6707,603.00
7.338223,956.7141,728.00
7.338223,956.7575,609.00
7.338223,956.8008,678.00
7.338223,956.8442,610.00
7.338223,956.8875,653.00
7.338223,956.9308,644.00
7.338223,956.9741,660.00
7.338223,957.0174,619.00
7.338223,957.0607,669.00
7.338223,957.1040,610.00
7.338223,957.1473,678.00
7.338223,957.1906,634.00
7.338223,957.2339,685.00
7.338223,957.2772,644.00
7.338223,957.3204,665.00
7.338223,957.3636,637.00
7.338223,957.4069,659.00
7.338223,957.4502,598.00
7.338223,957.4934,674.00
7.338223,957.5366,628.00
7.338223,957.5799,666.00
7.338223,957.6230,627.00
7.338223,957.6664,655.00
7.338223,957.7095,635.00
7.338223,957.7527,678.00
7.338223,957.7959,621.00
7.338223,957.8392,691.00
7.338223,957.8823,637.00
7.338223,957.9255,701.00
7.338223,957.9687,657.00
7.338223,958.0118,662.00
7.338223,958.0551,629.00
7.338223,958.0983,694.00
7.338223,958.1414,624.00
7.338223,958.1845,680.00
7.338223,958.2277,637.00
7.338223,958.2708,700.00
7.338223,958.3139,639.00
7.338223,958.3571,676.00
7.338223,958.4001,664.00
7.338223,958.4432,696.00
7.338223,958.4864,652.00
7.338223,958.5295,655.00
7.338223,958.5726,650.00
7.338223,958.6157,704.00
7.338223,958.6588,650.00
7.338223,958.7018,710.00
7.338223,958.7449,621.00
7.338223,958.7879,711.00
7.338223,958.8311,648.00
7.338223,958.8741,667.00
7.338223,958.9171,573.00
7.338223,958.9601,700.00
7.338223,959.0032,623.00
7.338223,959.0463,704.00
7.338223,959.0893,669.00
7.338223,959.1323,654.00
7.338223,959.1752,656.00
7.338223,959.2183,667.00
7.338223,959.2613,640.00
7.338223,959.3043,670.00
7.338223,959.3472,595.00
7.338223,959.3903,676.00
7.338223,959.4332,643.00
7.338223,959.4763,684.00
7.338223,959.5192,649.00
7.338223,959.5621,643.00
7.338223,959.6051,630.00
7.338223,959.6480,675.00
7.338223,959.6910,590.00
7.338223,959.7339,690.00
7.338223,959.7768,621.00
7.338223,959.8198,653.00
7.338223,959.8627,629.00
7.338223,959.9056,659.00
7.338223,959.9485,619.00
7.338223,959.9915,630.00
7.338223,960.0343,566.00
7.338223,960.0771,654.00
7.338223,960.1201,647.00
7.338223,960.1630,669.00
7.338223,960.2058,649.00
7.338223,960.2487,629.00
7.338223,960.2915,607.00
7.338223,960.3344,623.00
7.338223,960.3773,590.00
7.338223,960.4200,640.00
7.338223,960.4629,590.00
7.338223,960.5057,675.00
7.338223,960.5485,621.00
7.338223,960.5914,641.00
7.338223,960.6342,642.00
7.338223,960.6770,595.00
7.338223,960.7198,609.00
7.338223,960.7626,612.00
7.338223,960.8054,580.00
7.338223,960.8481,653.00
7.338223,960.8909,621.00
7.338223,960.9337,652.00
7.338223,960.9764,614.00
7.338223,961.0192,638.00
7.338223,961.0620,610.00
7.338223,961.1047,624.00
7.338223,961.1475,604.00
7.338223,961.1902,669.00
7.338223,961.2329,593.00
7.338223,961.2757,637.00
7.338223,961.3184,652.00
7.338223,961.3611,604.00
7.338223,961.4037,630.00
7.338223,961.4465,646.00
7.338223,961.4892,590.00
7.338223,961.5319,640.00
7.338223,961.5745,578.00
7.338223,961.6172,661.00
7.338223,961.6599,607.00
7.338223,961.7026,645.00
7.338223,961.7452,624.00
7.338223,961.7878,631.00
7.338223,961.8304,638.00
7.338223,961.8731,671.00
7.338223,961.9157,608.00
7.338223,961.9584,672.00
7.338223,962.0010,617.00
7.338223,962.0436,677.00
7.338223,962.0862,617.00
7.338223,962.1288,652.00
7.338223,962.1714,610.00
7.338223,962.2140,654.00
7.338223,962.2565,590.00
7.338223,962.2991,662.00
7.338223,962.3417,588.00
7.338223,962.3843,673.00
7.338223,962.4268,641.00
7.338223,962.4694,633.00
7.338223,962.5119,619.00
7.338223,962.5545,656.00
7.338223,962.5970,596.00
7.338223,962.6396,664.00
7.338223,962.6821,598.00
7.338223,962.7246,703.00
7.338223,962.7671,612.00
7.338223,962.8096,664.00
7.338223,962.8522,612.00
7.338223,962.8947,613.00
7.338223,962.9371,605.00
7.338223,962.9796,630.00
7.338223,963.0222,602.00
7.338223,963.0646,666.00
7.338223,963.1070,592.00
7.338223,963.1495,640.00
7.338223,963.1919,657.00
7.338223,963.2344,631.00
7.338223,963.2768,593.00
7.338223,963.3193,668.00
7.338223,963.3616,592.00
7.338223,963.4041,678.00
7.338223,963.4465,593.00
7.338223,963.4889,666.00
7.338223,963.5314,622.00
7.338223,963.5737,616.00
7.338223,963.6161,625.00
7.338223,963.6585,636.00
7.338223,963.7009,583.00
7.338223,963.7433,645.00
7.338223,963.7856,616.00
7.338223,963.8280,678.00
7.338223,963.8704,594.00
7.338223,963.9127,661.00
7.338223,963.9551,620.00
7.338223,963.9974,616.00
7.338223,964.0397,593.00
7.338223,964.0820,693.00
7.338223,964.1244,600.00
7.338223,964.1667,664.00
7.338223,964.2090,598.00
7.338223,964.2513,646.00
7.338223,964.2936,624.00
7.338223,964.3359,648.00
7.338223,964.3782,606.00
7.338223,964.4205,641.00
7.338223,964.4627,599.00
7.338223,964.5050,638.00
7.338223,964.5472,620.00
7.338223,964.5895,677.00
7.338223,964.6317,640.00
7.338223,964.6740,635.00
7.338223,964.7162,647.00
7.338223,964.7585,630.00
7.338223,964.8007,580.00
7.338223,964.8429,642.00
7.338223,964.8851,605.00
7.338223,964.9273,657.00
7.338223,964.9695,599.00
7.338223,965.0118,646.00
7.338223,965.0539,603.00
7.338223,965.0961,630.00
7.338223,965.1382,640.00
7.338223,965.1805,661.00
7.338223,965.2226,611.00
7.338223,965.2648,653.00
7.338223,965.3069,607.00
7.338223,965.3491,630.00
7.338223,965.3912,616.00
7.338223,965.4333,671.00
7.338223,965.4755,622.00
7.338223,965.5176,657.00
7.338223,965.5598,573.00
7.338223,965.6019,684.00
7.338223,965.6439,601.00
7.338223,965.6861,653.00
7.338223,965.7281,588.00
7.338223,965.7702,630.00
7.338223,965.8123,600.00
7.338223,965.8543,650.00
7.338223,965.8964,582.00
7.338223,965.9385,640.00
7.338223,965.9806,573.00
7.338223,966.0226,658.00
7.338223,966.0647,605.00
7.338223,966.1068,593.00
7.338223,966.1487,622.00
7.338223,966.1907,614.00
7.338223,966.2328,593.00
7.338223,966.2748,614.00
7.338223,966.3168,618.00
7.338223,966.3588,647.00
7.338223,966.4008,611.00
7.338223,966.4427,634.00
7.338223,966.4848,617.00
7.338223,966.5268,649.00
7.338223,966.5688,627.00
7.338223,966.6107,639.00
7.338223,966.6526,599.00
7.338223,966.6946,656.00
7.338223,966.7366,574.00
7.338223,966.7785,657.00
7.338223,966.8204,631.00
7.338223,966.8624,627.00
7.338223,966.9042,636.00
7.338223,966.9462,639.00
7.338223,966.9881,602.00
7.338223,967.0300,651.00
7.338223,967.0719,583.00
7.338223,967.1138,656.00
7.338223,967.1556,607.00
7.338223,967.1976,647.00
7.338223,967.2394,651.00
7.338223,967.2813,617.00
7.338223,967.3232,610.00
7.338223,967.3651,651.00
7.338223,967.4070,597.00
7.338223,967.4488,653.00
7.338223,967.4906,586.00
7.338223,967.5324,681.00
7.338223,967.5743,649.00
7.338223,967.6161,648.00
7.338223,967.6579,622.00
7.338223,967.6997,649.00
7.338223,967.7415,620.00
7.338223,967.7833,654.00
7.338223,967.8251,590.00
7.338223,967.8669,679.00
7.338223,967.9087,650.00
7.338223,967.9504,636.00
7.338223,967.9922,627.00
7.338223,968.0339,649.00
7.338223,968.0757,595.00
7.338223,968.1174,659.00
7.338223,968.1592,600.00
7.338223,968.2009,645.00
7.338223,968.2427,602.00
7.338223,968.2844,643.00
7.338223,968.3262,667.00
7.338223,968.3679,632.00
7.338223,968.4095,622.00
7.338223,968.4512,647.00
7.338223,968.4930,603.00
7.338223,968.5347,649.00
7.338223,968.5763,656.00
7.338223,968.6180,663.00
7.338223,968.6597,619.00
7.338223,968.7014,639.00
7.338223,968.7430,600.00
7.338223,968.7846,672.00
7.338223,968.8263,579.00
7.338223,968.8679,661.00
7.338223,968.9095,591.00
7.338223,968.9512,668.00
7.338223,968.9928,648.00
7.338223,969.0344,651.00
7.338223,969.0761,630.00
7.338223,969.1177,637.00
7.338223,969.1592,590.00
7.338223,969.2009,660.00
7.338223,969.2424,589.00
7.338223,969.2839,685.00
7.338223,969.3255,598.00
7.338223,969.3672,663.00
7.338223,969.4087,624.00
7.338223,969.4503,672.00
7.338223,969.4918,580.00
7.338223,969.5333,663.00
7.338223,969.5749,557.00
7.338223,969.6165,656.00
7.338223,969.6580,620.00
7.338223,969.6995,648.00
7.338223,969.7410,639.00
7.338223,969.7825,630.00
7.338223,969.8240,608.00
7.338223,969.8655,616.00
7.338223,969.9070,610.00
7.338223,969.9484,671.00
7.338223,969.9899,585.00
7.338223,970.0314,622.00
7.338223,970.0728,618.00
7.338223,970.1143,645.00
7.338223,970.1558,643.00
7.338223,970.1971,632.00
7.338223,970.2386,569.00
7.338223,970.2801,625.00
7.338223,970.3215,590.00
7.338223,970.3629,657.00
7.338223,970.4044,596.00
7.338223,970.4457,652.00
7.338223,970.4872,630.00
7.338223,970.5286,615.00
7.338223,970.5699,612.00
7.338223,970.6113,610.00
7.338223,970.6527,576.00
7.338223,970.6941,621.00
7.338223,970.7354,607.00
7.338223,970.7768,612.00
7.338223,970.8182,591.00
7.338223,970.8595,640.00
7.338223,970.9009,610.00
7.338223,970.9422,615.00
7.338223,970.9835,574.00
7.338223,971.0248,651.00
7.338223,971.0662,582.00
7.338223,971.1075,653.00
7.338223,971.1487,619.00
7.338223,971.1901,629.00
7.338223,971.2314,613.00
7.338223,971.2727,599.00
7.338223,971.3140,574.00
7.338223,971.3552,617.00
7.338223,971.3965,560.00
7.338223,971.4377,656.00
7.338223,971.4789,611.00
7.338223,971.5203,635.00
7.338223,971.5615,588.00
7.338223,971.6027,618.00
7.338223,971.6439,598.00
7.338223,971.6852,607.00
7.338223,971.7264,585.00
7.338223,971.7676,624.00
7.338223,971.8088,593.00
7.338223,971.8500,607.00
7.338223,971.8912,593.00
7.338223,971.9324,626.00
7.338223,971.9736,626.00
7.338223,972.0148,608.00
7.338223,972.0560,587.00
7.338223,972.0972,640.00
7.338223,972.1384,563.00
7.338223,972.1794,635.00
7.338223,972.2206,600.00
7.338223,972.2617,591.00
7.338223,972.3029,596.00
7.338223,972.3439,585.00
7.338223,972.3851,569.00
7.338223,972.4262,588.00
7.338223,972.4673,523.00
7.338223,972.5085,654.00
7.338223,972.5496,558.00
7.338223,972.5907,592.00
7.338223,972.6317,560.00
7.338223,972.6729,597.00
7.338223,972.7139,561.00
7.338223,972.7549,593.00
7.338223,972.7961,562.00
7.338223,972.8371,592.00
7.338223,972.8781,578.00
7.338223,972.9191,646.00
7.338223,972.9602,578.00
7.338223,973.0013,601.00
7.338223,973.0423,564.00
7.338223,973.0833,595.00
7.338223,973.1243,531.00
7.338223,973.1653,599.00
7.338223,973.2064,552.00
7.338223,973.2473,618.00
7.338223,973.2883,585.00
7.338223,973.3293,603.00
7.338223,973.3703,565.00
7.338223,973.4113,636.00
7.338223,973.4522,565.00
7.338223,973.4931,628.00
7.338223,973.5341,569.00
7.338223,973.5750,648.00
7.338223,973.6160,594.00
7.338223,973.6570,650.00
7.338223,973.6978,624.00
7.338223,973.7388,610.00
7.338223,973.7797,572.00
7.338223,973.8206,619.00
7.338223,973.8615,561.00
7.338223,973.9024,624.00
7.338223,973.9433,609.00
7.338223,973.9842,646.00
7.338223,974.0250,585.00
7.338223,974.0660,624.00
7.338223,974.1068,620.00
7.338223,974.1476,614.00
7.338223,974.1885,561.00
7.338223,974.2294,620.00
7.338223,974.2702,568.00
7.338223,974.3110,630.00
7.338223,974.3519,581.00
7.338223,974.3927,650.00
7.338223,974.4335,606.00
7.338223,974.4743,630.00
7.338223,974.5151,557.00
7.338223,974.5559,612.00
7.338223,974.5967,563.00
7.338223,974.6375,651.00
7.338223,974.6783,573.00
7.338223,974.7191,656.00
7.338223,974.7598,600.00
7.338223,974.8006,651.00
7.338223,974.8413,613.00
7.338223,974.8821,624.00
7.338223,974.9229,638.00
7.338223,974.9636,650.00
7.338223,975.0043,625.00
7.338223,975.0450,676.00
7.338223,975.0858,622.00
7.338223,975.1265,627.00
7.338223,975.1672,645.00
7.338223,975.2079,640.00
7.338223,975.2485,590.00
7.338223,975.2892,669.00
7.338223,975.3300,615.00
7.338223,975.3706,672.00
7.338223,975.4113,656.00
7.338223,975.4519,689.00
7.338223,975.4926,626.00
7.338223,975.5333,641.00
7.338223,975.5739,590.00
7.338223,975.6146,636.00
7.338223,975.6552,564.00
7.338223,975.6958,661.00
7.338223,975.7363,590.00
7.338223,975.7770,659.00
7.338223,975.8176,614.00
7.338223,975.8582,640.00
7.338223,975.8989,638.00
7.338223,975.9395,645.00
7.338223,975.9800,615.00
7.338223,976.0206,665.00
7.338223,976.0611,622.00
7.338223,976.1017,657.00
7.338223,976.1423,610.00
7.338223,976.1829,647.00
7.338223,976.2234,616.00
7.338223,976.2639,673.00
7.338223,976.3044,602.00
7.338223,976.3450,633.00
7.338223,976.3855,593.00
7.338223,976.4260,658.00
7.338223,976.4665,636.00
7.338223,976.5070,665.00
7.338223,976.5475,630.00
7.338223,976.5880,660.00
7.338223,976.6285,597.00
7.338223,976.6690,656.00
7.338223,976.7095,556.00
7.338223,976.7500,673.00
7.338223,976.7905,594.00
7.338223,976.8308,672.00
7.338223,976.8713,616.00
7.338223,976.9117,628.00
7.338223,976.9521,592.00
7.338223,976.9926,617.00
7.338223,977.0330,596.00
7.338223,977.0734,642.00
7.338223,977.1139,594.00
7.338223,977.1542,640.00
7.338223,977.1947,594.00
7.338223,977.2350,654.00
7.338223,977.2755,615.00
7.338223,977.3158,627.00
7.338223,977.3562,562.00
7.338223,977.3965,647.00
7.338223,977.4370,591.00
7.338223,977.4773,655.00
7.338223,977.5176,607.00
7.338223,977.5579,605.00
7.338223,977.5983,571.00
7.338223,977.6387,639.00
7.338223,977.6790,581.00
7.338223,977.7192,599.00
7.338223,977.7595,602.00
7.338223,977.7999,653.00
7.338223,977.8402,595.00
7.338223,977.8805,614.00
7.338223,977.9208,559.00
7.338223,977.9610,565.00
7.338223,978.0013,552.00
7.338223,978.0417,571.00
7.338223,978.0819,543.00
7.338223,978.1221,619.00
7.338223,978.1624,560.00
7.338223,978.2026,606.00
7.338223,978.2428,551.00
7.338223,978.2831,583.00
7.338223,978.3233,607.00
7.338223,978.3635,578.00
7.338223,978.4037,547.00
7.338223,978.4440,625.00
7.338223,978.4842,559.00
7.338223,978.5244,579.00
7.338223,978.5645,587.00
7.338223,978.6047,615.00
7.338223,978.6449,566.00
7.338223,978.6851,599.00
7.338223,978.7253,531.00
7.338223,978.7654,583.00
7.338223,978.8055,561.00
7.338223,978.8458,593.00
7.338223,978.8859,525.00
7.338223,978.9260,607.00
7.338223,978.9661,593.00
7.338223,979.0062,584.00
7.338223,979.0463,588.00
7.338223,979.0864,566.00
7.338223,979.1266,523.00
7.338223,979.1666,628.00
7.338223,979.2067,550.00
7.338223,979.2469,566.00
7.338223,979.2869,583.00
7.338223,979.3270,613.00
7.338223,979.3671,602.00
7.338223,979.4071,591.00
7.338223,979.4471,557.00
7.338223,979.4871,579.00
7.338223,979.5272,538.00
7.338223,979.5673,619.00
7.338223,979.6072,595.00
7.338223,979.6473,574.00
7.338223,979.6873,577.00
7.338223,979.7273,589.00
7.338223,979.7673,557.00
7.338223,979.8073,581.00
7.338223,979.8473,543.00
7.338223,979.8873,618.00
7.338223,979.9273,548.00
7.338223,979.9673,616.00
7.338223,980.0072,580.00
7.338223,980.0471,563.00
7.338223,980.0872,555.00
7.338223,980.1271,578.00
7.338223,980.1671,556.00
7.338223,980.2069,600.00
7.338223,980.2469,551.00
7.338223,980.2868,631.00
7.338223,980.3267,555.00
7.338223,980.3666,614.00
7.338223,980.4065,594.00
7.338223,980.4464,605.00
7.338223,980.4863,579.00
7.338223,980.5262,595.00
7.338223,980.5660,545.00
7.338223,980.6060,621.00
7.338223,980.6458,576.00
7.338223,980.6857,607.00
7.338223,980.7255,561.00
7.338223,980.7654,588.00
7.338223,980.8052,526.00
7.338223,980.8450,592.00
7.338223,980.8849,541.00
7.338223,980.9247,600.00
7.338223,980.9645,572.00
7.338223,981.0043,625.00
7.338223,981.0441,584.00
7.338223,981.0839,580.00
7.338223,981.1237,570.00
7.338223,981.1635,588.00
7.338223,981.2033,528.00
7.338223,981.2430,614.00
7.338223,981.2828,562.00
7.338223,981.3226,609.00
7.338223,981.3624,558.00
7.338223,981.4021,594.00
7.338223,981.4418,551.00
7.338223,981.4816,597.00
7.338223,981.5213,544.00
7.338223,981.5610,629.00
7.338223,981.6008,539.00
7.338223,981.6404,587.00
7.338223,981.6802,546.00
7.338223,981.7198,594.00
7.338223,981.7596,578.00
7.338223,981.7993,573.00
7.338223,981.8389,535.00
7.338223,981.8786,579.00
7.338223,981.9182,527.00
7.338223,981.9579,603.00
7.338223,981.9976,528.00
7.338223,982.0372,595.00
7.338223,982.0768,527.00
7.338223,982.1165,555.00
7.338223,982.1561,533.00
7.338223,982.1958,566.00
7.338223,982.2354,531.00
7.338223,982.2750,583.00
7.338223,982.3146,529.00
7.338223,982.3541,584.00
7.338223,982.3937,557.00
7.338223,982.4333,573.00
7.338223,982.4730,569.00
7.338223,982.5125,568.00
7.338223,982.5521,504.00
7.338223,982.5917,570.00
7.338223,982.6312,506.00
7.338223,982.6707,572.00
7.338223,982.7103,566.00
7.338223,982.7498,602.00
7.338223,982.7893,561.00
7.338223,982.8289,555.00
7.338223,982.8683,504.00
7.338223,982.9079,563.00
7.338223,982.9474,503.00
7.338223,982.9869,596.00
7.338223,983.0264,525.00
7.338223,983.0659,578.00
7.338223,983.1053,567.00
7.338223,983.1448,541.00
7.338223,983.1843,564.00
7.338223,983.2238,592.00
7.338223,983.2632,553.00
7.338223,983.3027,587.00
7.338223,983.3420,554.00
7.338223,983.3816,566.00
7.338223,983.4210,578.00
7.338223,983.4604,580.00
7.338223,983.4998,537.00
7.338223,983.5392,551.00
7.338223,983.5786,519.00
7.338223,983.6180,587.00
7.338223,983.6574,518.00
7.338223,983.6968,598.00
7.338223,983.7361,557.00
7.338223,983.7755,597.00
7.338223,983.8149,519.00
7.338223,983.8543,575.00
7.338223,983.8936,553.00
7.338223,983.9329,550.00
7.338223,983.9723,520.00
7.338223,984.0116,611.00
7.338223,984.0510,565.00
7.338223,984.0903,612.00
7.338223,984.1296,583.00
7.338223,984.1689,572.00
7.338223,984.2083,569.00
7.338223,984.2476,568.00
7.338223,984.2868,534.00
7.338223,984.3261,585.00
7.338223,984.3654,536.00
7.338223,984.4046,590.00
7.338223,984.4440,540.00
7.338223,984.4832,585.00
7.338223,984.5225,538.00
7.338223,984.5616,562.00
7.338223,984.6010,525.00
7.338223,984.6402,552.00
7.338223,984.6794,502.00
7.338223,984.7186,589.00
7.338223,984.7578,579.00
7.338223,984.7970,586.00
7.338223,984.8362,560.00
7.338223,984.8755,537.00
7.338223,984.9146,564.00
7.338223,984.9538,587.00
7.338223,984.9930,515.00
7.338223,985.0322,562.00
7.338223,985.0714,530.00
7.338223,985.1105,544.00
7.338223,985.1497,525.00
7.338223,985.1888,519.00
7.338223,985.2279,535.00
7.338223,985.2671,551.00
7.338223,985.3062,526.00
7.338223,985.3453,578.00
7.338223,985.3845,523.00
7.338223,985.4236,561.00
7.338223,985.4626,531.00
7.338223,985.5017,573.00
7.338223,985.5408,559.00
7.338223,985.5799,591.00
7.338223,985.6190,532.00
7.338223,985.6581,583.00
7.338223,985.6971,518.00
7.338223,985.7362,581.00
7.338223,985.7752,529.00
7.338223,985.8143,564.00
7.338223,985.8533,525.00
7.338223,985.8924,561.00
7.338223,985.9314,530.00
7.338223,985.9704,580.00
7.338223,986.0094,508.00
7.338223,986.0484,574.00
7.338223,986.0875,536.00
7.338223,986.1265,589.00
7.338223,986.1655,534.00
7.338223,986.2044,550.00
7.338223,986.2434,547.00
7.338223,986.2823,564.00
7.338223,986.3214,514.00
7.338223,986.3603,569.00
7.338223,986.3992,501.00
7.338223,986.4382,567.00
7.338223,986.4771,534.00
7.338223,986.5161,595.00
7.338223,986.5550,574.00
7.338223,986.5939,570.00
7.338223,986.6329,561.00
7.338223,986.6718,549.00
7.338223,986.7106,495.00
7.338223,986.7495,587.00
7.338223,986.7884,561.00
7.338223,986.8273,578.00
7.338223,986.8661,534.00
7.338223,986.9050,547.00
7.338223,986.9438,527.00
7.338223,986.9828,534.00
7.338223,987.0216,499.00
7.338223,987.0605,573.00
7.338223,987.0993,485.00
7.338223,987.1381,585.00
7.338223,987.1769,507.00
7.338223,987.2158,545.00
7.338223,987.2546,546.00
7.338223,987.2934,578.00
7.338223,987.3322,476.00
7.338223,987.3710,545.00
7.338223,987.4097,498.00
7.338223,987.4486,535.00
7.338223,987.4873,525.00
7.338223,987.5261,536.00
7.338223,987.5649,530.00
7.338223,987.6036,509.00
7.338223,987.6423,495.00
7.338223,987.6812,558.00
7.338223,987.7198,498.00
7.338223,987.7586,573.00
7.338223,987.7972,534.00
7.338223,987.8361,551.00
7.338223,987.8748,519.00
7.338223,987.9135,545.00
7.338223,987.9521,532.00
7.338223,987.9908,533.00
7.338223,988.0295,473.00
7.338223,988.0681,563.00
7.338223,988.1069,500.00
7.338223,988.1456,582.00
7.338223,988.1842,546.00
7.338223,988.2228,560.00
7.338223,988.2615,527.00
7.338223,988.3002,520.00
7.338223,988.3388,431.00
7.338223,988.3774,525.00
7.338223,988.4160,514.00
7.338223,988.4546,535.00
7.338223,988.4933,520.00
7.338223,988.5319,551.00
7.338223,988.5704,504.00
7.338223,988.6090,473.00
7.338223,988.6476,459.00
7.338223,988.6862,534.00
7.338223,988.7248,497.00
7.338223,988.7634,588.00
7.338223,988.8019,516.00
7.338223,988.8405,509.00
7.338223,988.8790,511.00
7.338223,988.9176,536.00
7.338223,988.9561,494.00
7.338223,988.9946,504.00
7.338223,989.0332,510.00
7.338223,989.0717,515.00
7.338223,989.1102,514.00
7.338223,989.1487,529.00
7.338223,989.1871,500.00
7.338223,989.2256,537.00
7.338223,989.2641,529.00
7.338223,989.3027,523.00
7.338223,989.3411,522.00
7.338223,989.3795,538.00
7.338223,989.4180,472.00
7.338223,989.4565,578.00
7.338223,989.4949,471.00
7.338223,989.5334,545.00
7.338223,989.5718,515.00
7.338223,989.6102,524.00
7.338223,989.6486,525.00
7.338223,989.6871,547.00
7.338223,989.7255,488.00
7.338223,989.7639,539.00
7.338223,989.8022,492.00
7.338223,989.8407,568.00
7.338223,989.8791,541.00
7.338223,989.9174,554.00
7.338223,989.9558,493.00
7.338223,989.9941,544.00
7.338223,990.0325,488.00
7.338223,990.0709,560.00
7.338223,990.1093,511.00
7.338223,990.1475,536.00
7.338223,990.1859,560.00
7.338223,990.2242,512.00
7.338223,990.2626,480.00
7.338223,990.3008,515.00
7.338223,990.3391,474.00
7.338223,990.3774,558.00
7.338223,990.4157,526.00
7.338223,990.4540,548.00
7.338223,990.4924,483.00
7.338223,990.5306,555.00
7.338223,990.5688,527.00
7.338223,990.6071,529.00
7.338223,990.6454,508.00
7.338223,990.6837,551.00
7.338223,990.7219,489.00
7.338223,990.7601,549.00
7.338223,990.7983,538.00
7.338223,990.8365,594.00
7.338223,990.8748,561.00
7.338223,990.9130,570.00
7.338223,990.9512,532.00
7.338223,990.9893,551.00
7.338223,991.0276,503.00
7.338223,991.0658,560.00
7.338223,991.1039,499.00
7.338223,991.1421,572.00
7.338223,991.1802,541.00
7.338223,991.2184,557.00
7.338223,991.2565,510.00
7.338223,991.2947,537.00
7.338223,991.3329,494.00
7.338223,991.3710,562.00
7.338223,991.4091,504.00
7.338223,991.4473,617.00
7.338223,991.4854,536.00
7.338223,991.5234,571.00
7.338223,991.5616,563.00
7.338223,991.5997,534.00
7.338223,991.6378,538.00
7.338223,991.6758,600.00
7.338223,991.7139,519.00
7.338223,991.7520,551.00
7.338223,991.7900,517.00
7.338223,991.8282,553.00
7.338223,991.8661,518.00
7.338223,991.9042,527.00
7.338223,991.9422,515.00
7.338223,991.9803,540.00
7.338223,992.0182,478.00
7.338223,992.0563,585.00
7.338223,992.0944,513.00
7.338223,992.1323,595.00
7.338223,992.1703,536.00
7.338223,992.2084,567.00
7.338223,992.2463,534.00
7.338223,992.2844,576.00
7.338223,992.3223,533.00
7.338223,992.3602,580.00
7.338223,992.3982,521.00
7.338223,992.4362,593.00
7.338223,992.4741,538.00
7.338223,992.5120,588.00
7.338223,992.5500,546.00
7.338223,992.5879,514.00
7.338223,992.6259,514.00
7.338223,992.6638,605.00
7.338223,992.7017,550.00
7.338223,992.7396,577.00
7.338223,992.7775,545.00
7.338223,992.8154,593.00
7.338223,992.8533,530.00
7.338223,992.8912,537.00
7.338223,992.9290,542.00
7.338223,992.9669,562.00
7.338223,993.0048,554.00
7.338223,993.0426,585.00
7.338223,993.0804,562.00
7.338223,993.1183,575.00
7.338223,993.1561,537.00
7.338223,993.1940,569.00
7.338223,993.2318,546.00
7.338223,993.2696,571.00
7.338223,993.3074,525.00
7.338223,993.3452,546.00
7.338223,993.3830,492.00
7.338223,993.4208,579.00
7.338223,993.4586,493.00
7.338223,993.4963,564.00
7.338223,993.5341,531.00
7.338223,993.5719,544.00
7.338223,993.6096,519.00
7.338223,993.6474,592.00
7.338223,993.6851,492.00
7.338223,993.7228,539.00
7.338223,993.7606,532.00
7.338223,993.7984,575.00
7.338223,993.8361,520.00
7.338223,993.8738,564.00
7.338223,993.9115,531.00
7.338223,993.9492,550.00
7.338223,993.9869,487.00
7.338223,994.0245,564.00
7.338223,994.0622,530.00
7.338223,994.0999,585.00
7.338223,994.1376,543.00
7.338223,994.1753,555.00
7.338223,994.2130,528.00
7.338223,994.2505,549.00
7.338223,994.2881,516.00
7.338223,994.3258,607.00
7.338223,994.3634,519.00
7.338223,994.4010,566.00
7.338223,994.4387,484.00
7.338223,994.4763,568.00
7.338223,994.5139,535.00
7.338223,994.5515,507.00
7.338223,994.5891,503.00
7.338223,994.6266,544.00
7.338223,994.6642,496.00
7.338223,994.7018,539.00
7.338223,994.7393,523.00
7.338223,994.7769,521.00
7.338223,994.8145,520.00
7.338223,994.8521,540.00
7.338223,994.8895,527.00
7.338223,994.9271,553.00
7.338223,994.9647,496.00
7.338223,995.0022,562.00
7.338223,995.0397,486.00
7.338223,995.0771,549.00
7.338223,995.1146,520.00
7.338223,995.1522,540.00
7.338223,995.1896,489.00
7.338223,995.2271,537.00
7.338223,995.2646,472.00
7.338223,995.3021,560.00
7.338223,995.3396,486.00
7.338223,995.3770,544.00
7.338223,995.4145,504.00
7.338223,995.4518,532.00
7.338223,995.4893,524.00
7.338223,995.5267,515.00
7.338223,995.5641,500.00
7.338223,995.6016,534.00
7.338223,995.6390,492.00
7.338223,995.6765,532.00
7.338223,995.7138,501.00
7.338223,995.7512,514.00
7.338223,995.7886,495.00
7.338223,995.8260,506.00
7.338223,995.8633,484.00
7.338223,995.9007,510.00
7.338223,995.9380,497.00
7.338223,995.9754,537.00
7.338223,996.0128,487.00
7.338223,996.0501,574.00
7.338223,996.0874,527.00
7.338223,996.1248,550.00
7.338223,996.1621,520.00
7.338223,996.1994,551.00
7.338223,996.2367,511.00
7.338223,996.2740,537.00
7.338223,996.3113,499.00
7.338223,996.3486,552.00
7.338223,996.3859,523.00
7.338223,996.4232,553.00
7.338223,996.4604,556.00
7.338223,996.4977,503.00
7.338223,996.5350,500.00
7.338223,996.5722,529.00
7.338223,996.6094,496.00
7.338223,996.6466,552.00
7.338223,996.6838,509.00
7.338223,996.7211,574.00
7.338223,996.7583,512.00
7.338223,996.7955,546.00
7.338223,996.8327,522.00
7.338223,996.8700,560.00
7.338223,996.9072,493.00
7.338223,996.9443,574.00
7.338223,996.9815,517.00
7.338223,997.0187,551.00
7.338223,997.0558,550.00
7.338223,997.0930,538.00
7.338223,997.1301,519.00
7.338223,997.1672,572.00
7.338223,997.2045,521.00
7.338223,997.2416,581.00
7.338223,997.2787,507.00
7.338223,997.3158,575.00
7.338223,997.3530,506.00
7.338223,997.3900,554.00
7.338223,997.4271,508.00
7.338223,997.4642,563.00
7.338223,997.5013,515.00
7.338223,997.5384,553.00
7.338223,997.5754,503.00
7.338223,997.6126,588.00
7.338223,997.6497,519.00
7.338223,997.6867,547.00
7.338223,997.7238,544.00
7.338223,997.7607,571.00
7.338223,997.7978,486.00
7.338223,997.8348,577.00
7.338223,997.8718,511.00
7.338223,997.9088,580.00
7.338223,997.9458,511.00
7.338223,997.9829,557.00
7.338223,998.0200,552.00
7.338223,998.0569,541.00
7.338223,998.0939,528.00
7.338223,998.1309,545.00
7.338223,998.1678,504.00
7.338223,998.2048,546.00
7.338223,998.2417,536.00
7.338223,998.2786,566.00
7.338223,998.3156,494.00
7.338223,998.3525,574.00
7.338223,998.3896,535.00
7.338223,998.4265,532.00
7.338223,998.4633,509.00
7.338223,998.5003,559.00
7.338223,998.5372,527.00
7.338223,998.5740,579.00
7.338223,998.6110,514.00
7.338223,998.6478,582.00
7.338223,998.6847,527.00
7.338223,998.7217,561.00
7.338223,998.7585,513.00
7.338223,998.7953,529.00
7.338223,998.8322,499.00
7.338223,998.8691,581.00
7.338223,998.9059,470.00
7.338223,998.9427,578.00
7.338223,998.9795,542.00
7.338223,999.0163,585.00
7.338223,999.0531,526.00
7.338223,999.0899,529.00
7.338223,999.1267,511.00
7.338223,999.1636,565.00
7.338223,999.2004,498.00
7.338223,999.2372,569.00
7.338223,999.2739,532.00
7.338223,999.3107,579.00
7.338223,999.3474,536.00
7.338223,999.3842,517.00
7.338223,999.4210,494.00
7.338223,999.4576,562.00
7.338223,999.4946,519.00
7.338223,999.5312,560.00
7.338223,999.5680,504.00
7.338223,999.6047,513.00
7.338223,999.6414,517.00
7.338223,999.6780,519.00
7.338223,999.7147,500.00
7.338223,999.7515,526.00
7.338223,999.7881,468.00
7.338223,999.8248,528.00
7.338223,999.8614,511.00
7.338223,999.8981,556.00
7.338223,999.9349,513.00
7.338223,999.9715,544.00
7.338223,1000.0081,520.00
7.338223,1000.0447,513.00
7.338223,1000.0814,490.00
7.338223,1000.1180,514.00
7.338223,1000.1546,446.00
7.338223,1000.1912,546.00
7.338223,1000.2278,494.00
7.338223,1000.2645,537.00
7.338223,1000.3011,525.00
7.338223,1000.3377,517.00
7.338223,1000.3742,493.00
7.338223,1000.4108,525.00
7.338223,1000.4474,446.00
7.338223,1000.4839,516.00
7.338223,1000.5204,474.00
7.338223,1000.5570,548.00
7.338223,1000.5935,488.00
7.338223,1000.6301,507.00
7.338223,1000.6667,478.00
7.338223,1000.7032,515.00
7.338223,1000.7397,486.00
7.338223,1000.7762,548.00
7.338223,1000.8127,455.00
7.338223,1000.8492,499.00
7.338223,1000.8857,505.00
7.338223,1000.9222,481.00
7.338223,1000.9586,492.00
7.338223,1000.9951,515.00
7.338223,1001.0316,479.00
7.338223,1001.0681,536.00
7.338223,1001.1046,472.00
7.338223,1001.1410,528.00
7.338223,1001.1774,495.00
7.338223,1001.2138,535.00
7.338223,1001.2502,496.00
7.338223,1001.2866,502.00
7.338223,1001.3230,500.00
7.338223,1001.3594,505.00
7.338223,1001.3958,467.00
7.338223,1001.4323,546.00
7.338223,1001.4687,485.00
7.338223,1001.5051,516.00
7.338223,1001.5414,510.00
7.338223,1001.5778,497.00
7.338223,1001.6141,479.00
7.338223,1001.6505,498.00
7.338223,1001.6868,438.00
7.338223,1001.7231,513.00
7.338223,1001.7596,464.00
7.338223,1001.7958,509.00
7.338223,1001.8322,465.00
7.338223,1001.8685,515.00
7.338223,1001.9048,472.00
7.338223,1001.9411,508.00
7.338223,1001.9774,468.00
7.338223,1002.0136,484.00
7.338223,1002.0499,463.00
7.338223,1002.0862,542.00
7.338223,1002.1224,460.00
7.338223,1002.1587,542.00
7.338223,1002.1951,482.00
7.338223,1002.2313,497.00
7.338223,1002.2675,495.00
7.338223,1002.3038,528.00
7.338223,1002.3400,483.00
7.338223,1002.3762,507.00
7.338223,1002.4124,492.00
7.338223,1002.4486,531.00
7.338223,1002.4848,496.00
7.338223,1002.5211,537.00
7.338223,1002.5573,493.00
7.338223,1002.5934,524.00
7.338223,1002.6296,491.00
7.338223,1002.6657,528.00
7.338223,1002.7019,458.00
7.338223,1002.7380,510.00
7.338223,1002.7742,524.00
7.338223,1002.8104,503.00
7.338223,1002.8464,496.00
7.338223,1002.8826,513.00
7.338223,1002.9187,459.00
7.338223,1002.9549,542.00
7.338223,1002.9910,475.00
7.338223,1003.0271,546.00
7.338223,1003.0632,454.00
7.338223,1003.0992,545.00
7.338223,1003.1354,485.00
7.338223,1003.1714,507.00
7.338223,1003.2075,543.00
7.338223,1003.2435,515.00
7.338223,1003.2797,460.00
7.338223,1003.3157,574.00
7.338223,1003.3518,517.00
7.338223,1003.3878,543.00
7.338223,1003.4238,493.00
7.338223,1003.4598,534.00
7.338223,1003.4958,493.00
7.338223,1003.5319,506.00
7.338223,1003.5678,467.00
7.338223,1003.6039,546.00
7.338223,1003.6398,481.00
7.338223,1003.6759,550.00
7.338223,1003.7119,511.00
7.338223,1003.7479,505.00
7.338223,1003.7838,477.00
7.338223,1003.8198,510.00
7.338223,1003.8557,487.00
7.338223,1003.8917,533.00
7.338223,1003.9276,444.00
7.338223,1003.9635,498.00
7.338223,1003.9995,457.00
7.338223,1004.0354,525.00
7.338223,1004.0714,492.00
7.338223,1004.1072,514.00
7.338223,1004.1431,473.00
7.338223,1004.1790,496.00
7.338223,1004.2149,448.00
7.338223,1004.2508,536.00
7.338223,1004.2866,449.00
7.338223,1004.3225,556.00
7.338223,1004.3583,498.00
7.338223,1004.3942,504.00
7.338223,1004.4302,460.00
7.338223,1004.4660,482.00
7.338223,1004.5018,466.00
7.338223,1004.5376,515.00
7.338223,1004.5734,448.00
7.338223,1004.6093,526.00
7.338223,1004.6450,489.00
7.338223,1004.6808,523.00
7.338223,1004.7166,477.00
7.338223,1004.7525,530.00
7.338223,1004.7883,471.00
7.338223,1004.8240,506.00
7.338223,1004.8598,469.00
7.338223,1004.8956,544.00
7.338223,1004.9313,467.00
7.338223,1004.9670,563.00
7.338223,1005.0027,493.00
7.338223,1005.0385,502.00
7.338223,1005.0742,494.00
7.338223,1005.1099,503.00
7.338223,1005.1456,481.00
7.338223,1005.1815,542.00
7.338223,1005.2172,447.00
7.338223,1005.2529,519.00
7.338223,1005.2885,509.00
7.338223,1005.3242,500.00
7.338223,1005.3599,489.00
7.338223,1005.3955,519.00
7.338223,1005.4312,469.00
7.338223,1005.4669,516.00
7.338223,1005.5026,488.00
7.338223,1005.5382,552.00
7.338223,1005.5739,503.00
7.338223,1005.6095,528.00
7.338223,1005.6451,516.00
7.338223,1005.6807,500.00
7.338223,1005.7162,502.00
7.338223,1005.7519,497.00
7.338223,1005.7875,474.00
7.338223,1005.8231,558.00
7.338223,1005.8586,474.00
7.338223,1005.8942,541.00
7.338223,1005.9299,516.00
7.338223,1005.9655,531.00
7.338223,1006.0010,507.00
7.338223,1006.0365,509.00
7.338223,1006.0720,472.00
7.338223,1006.1076,512.00
7.338223,1006.1431,501.00
7.338223,1006.1786,565.00
7.338223,1006.2141,526.00
7.338223,1006.2498,530.00
7.338223,1006.2853,508.00
7.338223,1006.3207,510.00
7.338223,1006.3563,500.00
7.338223,1006.3917,543.00
7.338223,1006.4272,515.00
7.338223,1006.4626,588.00
7.338223,1006.4981,517.00
7.338223,1006.5335,538.00
7.338223,1006.5690,517.00
7.338223,1006.6044,531.00
7.338223,1006.6400,500.00
7.338223,1006.6754,556.00
7.338223,1006.7108,477.00
7.338223,1006.7462,546.00
7.338223,1006.7816,505.00
7.338223,1006.8170,554.00
7.338223,1006.8524,532.00
7.338223,1006.8878,524.00
7.338223,1006.9232,503.00
7.338223,1006.9586,558.00
7.338223,1006.9940,489.00
7.338223,1007.0294,508.00
7.338223,1007.0648,510.00
7.338223,1007.1001,591.00
7.338223,1007.1354,521.00
7.338223,1007.1707,588.00
7.338223,1007.2061,510.00
7.338223,1007.2414,547.00
7.338223,1007.2767,517.00
7.338223,1007.3120,574.00
7.338223,1007.3473,502.00
7.338223,1007.3827,561.00
7.338223,1007.4180,549.00
7.338223,1007.4532,562.00
7.338223,1007.4885,533.00
7.338223,1007.5238,537.00
7.338223,1007.5590,458.00
7.338223,1007.5943,544.00
7.338223,1007.6295,481.00
7.338223,1007.6648,578.00
7.338223,1007.7001,518.00
7.338223,1007.7354,537.00
7.338223,1007.7706,542.00
7.338223,1007.8058,544.00
7.338223,1007.8410,527.00
7.338223,1007.8762,541.00
7.338223,1007.9114,470.00
7.338223,1007.9465,541.00
7.338223,1007.9818,534.00
7.338223,1008.0169,557.00
7.338223,1008.0521,486.00
7.338223,1008.0873,547.00
7.338223,1008.1226,474.00
7.338223,1008.1576,491.00
7.338223,1008.1927,472.00
7.338223,1008.2279,567.00
7.338223,1008.2631,471.00
7.338223,1008.2982,559.00
7.338223,1008.3333,527.00
7.338223,1008.3683,546.00
7.338223,1008.4034,543.00
7.338223,1008.4387,507.00
7.338223,1008.4738,477.00
7.338223,1008.5089,527.00
7.338223,1008.5439,487.00
7.338223,1008.5790,581.00
7.338223,1008.6141,481.00
7.338223,1008.6491,516.00
7.338223,1008.6841,509.00
7.338223,1008.7192,497.00
7.338223,1008.7542,480.00
7.338223,1008.7892,504.00
7.338223,1008.8243,496.00
7.338223,1008.8594,526.00
7.338223,1008.8943,484.00
7.338223,1008.9294,522.00
7.338223,1008.9644,520.00
7.338223,1008.9994,534.00
7.338223,1009.0344,503.00
7.338223,1009.0693,504.00
7.338223,1009.1043,471.00
7.338223,1009.1392,546.00
7.338223,1009.1743,459.00
7.338223,1009.2093,531.00
7.338223,1009.2442,488.00
7.338223,1009.2792,543.00
7.338223,1009.3141,483.00
7.338223,1009.3489,479.00
7.338223,1009.3839,441.00
7.338223,1009.4188,492.00
7.338223,1009.4537,467.00
7.338223,1009.4886,587.00
7.338223,1009.5235,483.00
7.338223,1009.5585,538.00
7.338223,1009.5933,522.00
7.338223,1009.6282,529.00
7.338223,1009.6631,495.00
7.338223,1009.6979,533.00
7.338223,1009.7327,469.00
7.338223,1009.7676,529.00
7.338223,1009.8024,454.00
7.338223,1009.8372,523.00
7.338223,1009.8721,466.00
7.338223,1009.9070,526.00
7.338223,1009.9418,500.00
7.338223,1009.9766,507.00
7.338223,1010.0115,469.00
7.338223,1010.0462,543.00
7.338223,1010.0810,475.00
7.338223,1010.1158,532.00
7.338223,1010.1505,493.00
7.338223,1010.1853,508.00
7.338223,1010.2200,467.00
7.338223,1010.2548,481.00
7.338223,1010.2897,452.00
7.338223,1010.3244,518.00
7.338223,1010.3591,486.00
7.338223,1010.3938,557.00
7.338223,1010.4285,466.00
7.338223,1010.4633,520.00
7.338223,1010.4980,507.00
7.338223,1010.5326,489.00
7.338223,1010.5673,492.00
7.338223,1010.6021,501.00
7.338223,1010.6368,476.00
7.338223,1010.6714,519.00
7.338223,1010.7061,464.00
7.338223,1010.7408,526.00
7.338223,1010.7754,496.00
7.338223,1010.8101,492.00
7.338223,1010.8447,495.00
7.338223,1010.8793,502.00
7.338223,1010.9139,445.00
7.338223,1010.9485,520.00
7.338223,1010.9832,448.00
7.338223,1011.0178,523.00
7.338223,1011.0525,471.00
7.338223,1011.0870,518.00
7.338223,1011.1216,488.00
7.338223,1011.1562,510.00
7.338223,1011.1907,499.00
7.338223,1011.2253,525.00
7.338223,1011.2599,453.00
7.338223,1011.2944,536.00
7.338223,1011.3291,471.00
7.338223,1011.3636,545.00
7.338223,1011.3981,478.00
7.338223,1011.4326,508.00
7.338223,1011.4672,454.00
7.338223,1011.5016,497.00
7.338223,1011.5362,484.00
7.338223,1011.5706,495.00
7.338223,1011.6052,454.00
7.338223,1011.6396,501.00
7.338223,1011.6741,450.00
7.338223,1011.7086,540.00
7.338223,1011.7431,477.00
7.338223,1011.7776,529.00
7.338223,1011.8120,460.00
7.338223,1011.8465,525.00
7.338223,1011.8809,456.00
7.338223,1011.9153,518.00
7.338223,1011.9498,458.00
7.338223,1011.9842,514.00
7.338223,1012.0186,500.00
7.338223,1012.0531,508.00
7.338223,1012.0875,445.00
7.338223,1012.1219,503.00
7.338223,1012.1562,469.00
7.338223,1012.1906,488.00
7.338223,1012.2250,456.00
7.338223,1012.2593,516.00
7.338223,1012.2937,499.00
7.338223,1012.3281,486.00
7.338223,1012.3624,460.00
7.338223,1012.3967,478.00
7.338223,1012.4310,414.00
7.338223,1012.4655,493.00
7.338223,1012.4998,447.00
7.338223,1012.5341,556.00
7.338223,1012.5684,463.00
7.338223,1012.6027,511.00
7.338223,1012.6370,470.00
7.338223,1012.6712,485.00
7.338223,1012.7055,472.00
7.338223,1012.7398,517.00
7.338223,1012.7742,425.00
7.338223,1012.8084,485.00
7.338223,1012.8427,468.00
7.338223,1012.8769,504.00
7.338223,1012.9111,490.00
7.338223,1012.9454,478.00
7.338223,1012.9796,488.00
7.338223,1013.0138,518.00
7.338223,1013.0480,412.00
7.338223,1013.0822,513.00
7.338223,1013.1164,455.00
7.338223,1013.1506,530.00
7.338223,1013.1848,459.00
7.338223,1013.2190,482.00
7.338223,1013.2532,470.00
7.338223,1013.2873,513.00
7.338223,1013.3215,457.00
7.338223,1013.3556,491.00
7.338223,1013.3898,425.00
7.338223,1013.4239,517.00
7.338223,1013.4581,476.00
7.338223,1013.4923,492.00
7.338223,1013.5264,511.00
7.338223,1013.5605,494.00
7.338223,1013.5946,462.00
7.338223,1013.6287,514.00
7.338223,1013.6627,492.00
7.338223,1013.6968,529.00
7.338223,1013.7309,447.00
7.338223,1013.7650,475.00
7.338223,1013.7990,489.00
7.338223,1013.8331,478.00
7.338223,1013.8672,470.00
7.338223,1013.9012,549.00
7.338223,1013.9353,473.00
7.338223,1013.9693,506.00
7.338223,1014.0033,467.00
7.338223,1014.0374,545.00
7.338223,1014.0714,508.00
7.338223,1014.1053,502.00
7.338223,1014.1393,491.00
7.338223,1014.1734,519.00
7.338223,1014.2074,472.00
7.338223,1014.2413,530.00
7.338223,1014.2753,509.00
7.338223,1014.3093,545.00
7.338223,1014.3433,469.00
7.338223,1014.3772,522.00
7.338223,1014.4111,525.00
7.338223,1014.4451,504.00
7.338223,1014.4790,466.00
7.338223,1014.5129,524.00
7.338223,1014.5468,463.00
7.338223,1014.5808,550.00
7.338223,1014.6147,514.00
7.338223,1014.6486,507.00
7.338223,1014.6825,512.00
7.338223,1014.7164,511.00
7.338223,1014.7502,481.00
7.338223,1014.7841,535.00
7.338223,1014.8180,497.00
7.338223,1014.8518,534.00
7.338223,1014.8858,461.00
7.338223,1014.9196,560.00
7.338223,1014.9534,517.00
7.338223,1014.9872,534.00
7.338223,1015.0211,509.00
7.338223,1015.0549,522.00
7.338223,1015.0887,468.00
7.338223,1015.1224,548.00
7.338223,1015.1562,511.00
7.338223,1015.1900,570.00
7.338223,1015.2238,503.00
7.338223,1015.2575,542.00
7.338223,1015.2914,536.00
7.338223,1015.3252,531.00
7.338223,1015.3589,481.00
7.338223,1015.3927,523.00
7.338223,1015.4265,501.00
7.338223,1015.4601,542.00
7.338223,1015.4938,501.00
7.338223,1015.5276,576.00
7.338223,1015.5613,509.00
7.338223,1015.5952,528.00
7.338223,1015.6288,513.00
7.338223,1015.6625,542.00
7.338223,1015.6962,476.00
7.338223,1015.7299,576.00
7.338223,1015.7635,462.00
7.338223,1015.7972,560.00
7.338223,1015.8308,509.00
7.338223,1015.8645,506.00
7.338223,1015.8981,530.00
7.338223,1015.9317,537.00
7.338223,1015.9655,492.00
7.338223,1015.9991,566.00
7.338223,1016.0327,485.00
7.338223,1016.0663,547.00
7.338223,1016.0999,524.00
7.338223,1016.1335,540.00
7.338223,1016.1671,525.00
7.338223,1016.2006,492.00
7.338223,1016.2342,521.00
7.338223,1016.2679,546.00
7.338223,1016.3015,496.00
7.338223,1016.3350,546.00
7.338223,1016.3686,474.00
7.338223,1016.4021,544.00
7.338223,1016.4357,535.00
7.338223,1016.4691,550.00
7.338223,1016.5027,499.00
7.338223,1016.5362,539.00
7.338223,1016.5696,482.00
7.338223,1016.6032,579.00
7.338223,1016.6367,501.00
7.338223,1016.6703,563.00
7.338223,1016.7038,533.00
7.338223,1016.7372,531.00
7.338223,1016.7707,535.00
7.338223,1016.8041,528.00
7.338223,1016.8376,513.00
7.338223,1016.8710,538.00
7.338223,1016.9045,493.00
7.338223,1016.9379,571.00
7.338223,1016.9715,502.00
7.338223,1017.0049,528.00
7.338223,1017.0383,555.00
7.338223,1017.0717,520.00
7.338223,1017.1050,499.00
7.338223,1017.1384,543.00
7.338223,1017.1718,486.00
7.338223,1017.2052,543.00
7.338223,1017.2386,484.00
7.338223,1017.2720,535.00
7.338223,1017.3053,571.00
7.338223,1017.3387,511.00
7.338223,1017.3721,481.00
7.338223,1017.4054,550.00
7.338223,1017.4388,497.00
7.338223,1017.4721,553.00
7.338223,1017.5054,495.00
7.338223,1017.5387,558.00
7.338223,1017.5720,521.00
7.338223,1017.6053,526.00
7.338223,1017.6386,534.00
7.338223,1017.6720,529.00
7.338223,1017.7053,491.00
7.338223,1017.7385,562.00
7.338223,1017.7717,503.00
7.338223,1017.8051,569.00
7.338223,1017.8383,528.00
7.338223,1017.8715,595.00
7.338223,1017.9048,565.00
7.338223,1017.9380,547.00
7.338223,1017.9712,524.00
7.338223,1018.0044,586.00
7.338223,1018.0376,507.00
7.338223,1018.0709,568.00
7.338223,1018.1041,529.00
7.338223,1018.1373,598.00
7.338223,1018.1705,537.00
7.338223,1018.2037,559.00
7.338223,1018.2368,494.00
7.338223,1018.2700,528.00
7.338223,1018.3032,507.00
7.338223,1018.3363,586.00
7.338223,1018.3695,507.00
7.338223,1018.4026,587.00
7.338223,1018.4358,550.00
7.338223,1018.4689,539.00
7.338223,1018.5020,573.00
7.338223,1018.5352,549.00
7.338223,1018.5682,501.00
7.338223,1018.6013,571.00
7.338223,1018.6343,523.00
7.338223,1018.6675,572.00
7.338223,1018.7006,504.00
7.338223,1018.7337,584.00
7.338223,1018.7668,587.00
7.338223,1018.7998,523.00
7.338223,1018.8328,532.00
7.338223,1018.8658,550.00
7.338223,1018.8989,538.00
7.338223,1018.9319,597.00
7.338223,1018.9650,515.00
7.338223,1018.9980,586.00
7.338223,1019.0311,587.00
7.338223,1019.0641,627.00
7.338223,1019.0970,536.00
7.338223,1019.1301,579.00
7.338223,1019.1631,507.00
7.338223,1019.1960,563.00
7.338223,1019.2289,493.00
7.338223,1019.2618,572.00
7.338223,1019.2949,537.00
7.338223,1019.3278,553.00
7.338223,1019.3607,557.00
7.338223,1019.3936,538.00
7.338223,1019.4268,476.00
7.338223,1019.4596,592.00
7.338223,1019.4925,520.00
7.338223,1019.5255,552.00
7.338223,1019.5583,507.00
7.338223,1019.5912,550.00
7.338223,1019.6240,534.00
7.338223,1019.6569,558.00
7.338223,1019.6898,522.00
7.338223,1019.7227,539.00
7.338223,1019.7556,473.00
7.338223,1019.7885,555.00
7.338223,1019.8213,489.00
7.338223,1019.8541,571.00
7.338223,1019.8870,495.00
7.338223,1019.9198,524.00
7.338223,1019.9525,533.00
7.338223,1019.9854,536.00
7.338223,1020.0182,501.00
7.338223,1020.0509,559.00
7.338223,1020.0837,534.00
7.338223,1020.1167,556.00
7.338223,1020.1494,546.00
7.338223,1020.1823,538.00
7.338223,1020.2149,509.00
7.338223,1020.2477,519.00
7.338223,1020.2805,488.00
7.338223,1020.3132,537.00
7.338223,1020.3459,501.00
7.338223,1020.3787,570.00
7.338223,1020.4114,499.00
7.338223,1020.4442,522.00
7.338223,1020.4768,508.00
7.338223,1020.5096,562.00
7.338223,1020.5423,485.00
7.338223,1020.5750,557.00
7.338223,1020.6077,479.00
7.338223,1020.6403,590.00
7.338223,1020.6730,509.00
7.338223,1020.7055,580.00
7.338223,1020.7382,506.00
7.338223,1020.7709,525.00
7.338223,1020.8036,493.00
7.338223,1020.8363,518.00
7.338223,1020.8688,474.00
7.338223,1020.9015,547.00
7.338223,1020.9341,458.00
7.338223,1020.9667,522.00
7.338223,1020.9993,493.00
7.338223,1021.0319,511.00
7.338223,1021.0645,485.00
7.338223,1021.0971,529.00
7.338223,1021.1298,477.00
7.338223,1021.1623,548.00
7.338223,1021.1948,461.00
7.338223,1021.2273,550.00
7.338223,1021.2599,476.00
7.338223,1021.2924,538.00
7.338223,1021.3250,482.00
7.338223,1021.3574,492.00
7.338223,1021.3900,491.00
7.338223,1021.4224,488.00
7.338223,1021.4550,443.00
7.338223,1021.4875,515.00
7.338223,1021.5200,474.00
7.338223,1021.5525,531.00
7.338223,1021.5850,492.00
7.338223,1021.6175,525.00
7.338223,1021.6500,463.00
7.338223,1021.6823,527.00
7.338223,1021.7148,469.00
7.338223,1021.7474,542.00
7.338223,1021.7797,484.00
7.338223,1021.8122,543.00
7.338223,1021.8445,525.00
7.338223,1021.8770,570.00
7.338223,1021.9095,527.00
7.338223,1021.9418,516.00
7.338223,1021.9741,463.00
7.338223,1022.0066,512.00
7.338223,1022.0389,471.00
7.338223,1022.0713,555.00
7.338223,1022.1037,518.00
7.338223,1022.1362,617.00
7.338223,1022.1685,544.00
7.338223,1022.2008,535.00
7.338223,1022.2332,485.00
7.338223,1022.2654,527.00
7.338223,1022.2977,504.00
7.338223,1022.3301,564.00
7.338223,1022.3624,475.00
7.338223,1022.3947,580.00
7.338223,1022.4271,507.00
7.338223,1022.4594,518.00
7.338223,1022.4917,532.00
7.338223,1022.5239,545.00
7.338223,1022.5562,512.00
7.338223,1022.5885,537.00
7.338223,1022.6207,495.00
7.338223,1022.6530,582.00
7.338223,1022.6852,514.00
7.338223,1022.7174,544.00
7.338223,1022.7497,496.00
7.338223,1022.7819,551.00
7.338223,1022.8142,481.00
7.338223,1022.8464,521.00
7.338223,1022.8785,488.00
7.338223,1022.9108,594.00
7.338223,1022.9429,491.00
7.338223,1022.9751,560.00
7.338223,1023.0073,508.00
7.338223,1023.0394,482.00
7.338223,1023.0717,511.00
7.338223,1023.1039,531.00
7.338223,1023.1360,484.00
7.338223,1023.1682,574.00
7.338223,1023.2003,515.00
7.338223,1023.2324,573.00
7.338223,1023.2644,501.00
7.338223,1023.2966,546.00
7.338223,1023.3287,477.00
7.338223,1023.3608,521.00
7.338223,1023.3929,504.00
7.338223,1023.4249,540.00
7.338223,1023.4570,489.00
7.338223,1023.4893,546.00
7.338223,1023.5212,490.00
7.338223,1023.5533,506.00
7.338223,1023.5853,468.00
7.338223,1023.6174,504.00
7.338223,1023.6494,489.00
7.338223,1023.6813,519.00
7.338223,1023.7134,441.00
7.338223,1023.7454,530.00
7.338223,1023.7775,480.00
7.338223,1023.8096,496.00
7.338223,1023.8416,513.00
7.338223,1023.8735,498.00
7.338223,1023.9055,499.00
7.338223,1023.9374,510.00
7.338223,1023.9694,436.00
7.338223,1024.0013,550.00
7.338223,1024.0333,479.00
7.338223,1024.0652,523.00
7.338223,1024.0972,485.00
7.338223,1024.1293,514.00
7.338223,1024.1611,491.00
7.338223,1024.1931,529.00
7.338223,1024.2250,461.00
7.338223,1024.2568,524.00
7.338223,1024.2888,453.00
7.338223,1024.3206,513.00
7.338223,1024.3525,492.00
7.338223,1024.3843,512.00
7.338223,1024.4164,490.00
7.338223,1024.4481,532.00
7.338223,1024.4801,452.00
7.338223,1024.5118,502.00
7.338223,1024.5438,464.00
7.338223,1024.5756,501.00
7.338223,1024.6074,460.00
7.338223,1024.6393,516.00
7.338223,1024.6710,517.00
7.338223,1024.7029,490.00
7.338223,1024.7346,466.00
7.338223,1024.7664,480.00
7.338223,1024.7982,428.00
7.338223,1024.8301,546.00
7.338223,1024.8618,499.00
7.338223,1024.8936,503.00
7.338223,1024.9253,464.00
7.338223,1024.9572,532.00
7.338223,1024.9889,487.00
7.338223,1025.0206,543.00
7.338223,1025.0522,463.00
7.338223,1025.0841,538.00
7.338223,1025.1158,464.00
7.338223,1025.1475,523.00
7.338223,1025.1792,515.00
7.338223,1025.2109,511.00
7.338223,1025.2426,487.00
7.338223,1025.2743,514.00
7.338223,1025.3059,509.00
7.338223,1025.3376,507.00
7.338223,1025.3693,455.00
7.338223,1025.4009,561.00
7.338223,1025.4326,493.00
7.338223,1025.4644,554.00
7.338223,1025.4960,505.00
7.338223,1025.5276,507.00
7.338223,1025.5592,488.00
7.338223,1025.5908,516.00
7.338223,1025.6224,497.00
7.338223,1025.6541,560.00
7.338223,1025.6857,491.00
7.338223,1025.7172,552.00
7.338223,1025.7489,520.00
7.338223,1025.7804,562.00
7.338223,1025.8120,520.00
7.338223,1025.8435,547.00
7.338223,1025.8751,522.00
7.338223,1025.9066,560.00
7.338223,1025.9381,479.00
7.338223,1025.9697,538.00
7.338223,1026.0012,525.00
7.338223,1026.0327,535.00
7.338223,1026.0642,522.00
