# Point:,47
# Setpoint:,2.39272727
# Voltage_V:,2.39272727
# Current_A:,0.043605
# Spectrum_Time_s:,7.612591
# Step_Start_s:,7.531600
# Step_End_s:,7.675881
# Spectrum_Duration_ms:,71.024
# Peak_Wavelength_nm:,932.37
# Peak_Intensity:,12635.0
# Avg_Intensity:,628.8
# Num_Pixels:,4094
# NOTE: All wavelengths are captured simultaneously in one CCD exposure
#       The Relative_Time_s column shows when this entire spectrum was acquired

Relative_Time_s,Wavelength_nm,Intensity
7.612591,845.4307,580.00
7.612591,845.4858,502.00
7.612591,845.5410,572.00
7.612591,845.5963,527.00
7.612591,845.6514,570.00
7.612591,845.7065,524.00
7.612591,845.7617,543.00
7.612591,845.8168,498.00
7.612591,845.8721,563.00
7.612591,845.9272,457.00
7.612591,845.9823,558.00
7.612591,846.0374,545.00
7.612591,846.0926,519.00
7.612591,846.1478,489.00
7.612591,846.2029,540.00
7.612591,846.2579,507.00
7.612591,846.3130,566.00
7.612591,846.3682,459.00
7.612591,846.4233,576.00
7.612591,846.4784,508.00
7.612591,846.5335,573.00
7.612591,846.5886,551.00
7.612591,846.6437,559.00
7.612591,846.6987,514.00
7.612591,846.7538,582.00
7.612591,846.8089,496.00
7.612591,846.8640,599.00
7.612591,846.9190,515.00
7.612591,846.9741,571.00
7.612591,847.0292,499.00
7.612591,847.0842,580.00
7.612591,847.1392,537.00
7.612591,847.1943,563.00
7.612591,847.2493,533.00
7.612591,847.3044,565.00
7.612591,847.3594,520.00
7.612591,847.4144,590.00
7.612591,847.4694,535.00
7.612591,847.5244,544.00
7.612591,847.5795,488.00
7.612591,847.6345,564.00
7.612591,847.6895,529.00
7.612591,847.7444,557.00
7.612591,847.7994,492.00
7.612591,847.8544,596.00
7.612591,847.9094,548.00
7.612591,847.9644,586.00
7.612591,848.0193,556.00
7.612591,848.0743,590.00
7.612591,848.1293,518.00
7.612591,848.1843,588.00
7.612591,848.2392,535.00
7.612591,848.2941,584.00
7.612591,848.3491,561.00
7.612591,848.4040,583.00
7.612591,848.4590,594.00
7.612591,848.5139,587.00
7.612591,848.5688,532.00
7.612591,848.6237,604.00
7.612591,848.6786,537.00
7.612591,848.7336,623.00
7.612591,848.7885,525.00
7.612591,848.8434,624.00
7.612591,848.8983,578.00
7.612591,848.9531,574.00
7.612591,849.0081,575.00
7.612591,849.0630,586.00
7.612591,849.1178,542.00
7.612591,849.1727,601.00
7.612591,849.2275,555.00
7.612591,849.2823,649.00
7.612591,849.3373,551.00
7.612591,849.3921,587.00
7.612591,849.4470,558.00
7.612591,849.5018,561.00
7.612591,849.5566,550.00
7.612591,849.6115,607.00
7.612591,849.6663,541.00
7.612591,849.7211,573.00
7.612591,849.7759,552.00
7.612591,849.8307,597.00
7.612591,849.8856,557.00
7.612591,849.9404,604.00
7.612591,849.9952,538.00
7.612591,850.0500,594.00
7.612591,850.1048,518.00
7.612591,850.1596,636.00
7.612591,850.2144,524.00
7.612591,850.2692,623.00
7.612591,850.3239,563.00
7.612591,850.3787,593.00
7.612591,850.4335,574.00
7.612591,850.4882,584.00
7.612591,850.5430,541.00
7.612591,850.5977,607.00
7.612591,850.6525,516.00
7.612591,850.7072,613.00
7.612591,850.7620,542.00
7.612591,850.8167,626.00
7.612591,850.8715,571.00
7.612591,850.9261,580.00
7.612591,850.9808,540.00
7.612591,851.0356,567.00
7.612591,851.0903,575.00
7.612591,851.1450,639.00
7.612591,851.1996,556.00
7.612591,851.2543,648.00
7.612591,851.3091,581.00
7.612591,851.3638,605.00
7.612591,851.4185,577.00
7.612591,851.4731,610.00
7.612591,851.5278,548.00
7.612591,851.5825,670.00
7.612591,851.6371,582.00
7.612591,851.6918,660.00
7.612591,851.7465,599.00
7.612591,851.8011,638.00
7.612591,851.8558,595.00
7.612591,851.9103,603.00
7.612591,851.9650,566.00
7.612591,852.0196,669.00
7.612591,852.0742,585.00
7.612591,852.1289,625.00
7.612591,852.1835,581.00
7.612591,852.2381,651.00
7.612591,852.2927,640.00
7.612591,852.3473,636.00
7.612591,852.4019,612.00
7.612591,852.4565,668.00
7.612591,852.5111,593.00
7.612591,852.5657,622.00
7.612591,852.6202,582.00
7.612591,852.6747,640.00
7.612591,852.7294,630.00
7.612591,852.7839,664.00
7.612591,852.8385,611.00
7.612591,852.8930,651.00
7.612591,852.9476,590.00
7.612591,853.0022,683.00
7.612591,853.0567,616.00
7.612591,853.1112,671.00
7.612591,853.1658,667.00
7.612591,853.2203,661.00
7.612591,853.2748,637.00
7.612591,853.3293,724.00
7.612591,853.3838,611.00
7.612591,853.4383,673.00
7.612591,853.4928,634.00
7.612591,853.5474,674.00
7.612591,853.6019,660.00
7.612591,853.6563,695.00
7.612591,853.7108,642.00
7.612591,853.7653,641.00
7.612591,853.8198,629.00
7.612591,853.8742,670.00
7.612591,853.9286,647.00
7.612591,853.9832,677.00
7.612591,854.0376,620.00
7.612591,854.0920,706.00
7.612591,854.1465,669.00
7.612591,854.2010,687.00
7.612591,854.2554,632.00
7.612591,854.3098,654.00
7.612591,854.3642,603.00
7.612591,854.4186,694.00
7.612591,854.4731,609.00
7.612591,854.5275,688.00
7.612591,854.5819,649.00
7.612591,854.6363,663.00
7.612591,854.6907,665.00
7.612591,854.7451,646.00
7.612591,854.7994,618.00
7.612591,854.8538,686.00
7.612591,854.9082,635.00
7.612591,854.9626,722.00
7.612591,855.0170,621.00
7.612591,855.0714,699.00
7.612591,855.1257,625.00
7.612591,855.1800,663.00
7.612591,855.2344,621.00
7.612591,855.2888,674.00
7.612591,855.3431,603.00
7.612591,855.3975,668.00
7.612591,855.4518,613.00
7.612591,855.5060,688.00
7.612591,855.5604,619.00
7.612591,855.6147,661.00
7.612591,855.6691,628.00
7.612591,855.7233,644.00
7.612591,855.7776,596.00
7.612591,855.8320,697.00
7.612591,855.8862,590.00
7.612591,855.9406,684.00
7.612591,855.9948,618.00
7.612591,856.0491,708.00
7.612591,856.1035,642.00
7.612591,856.1577,671.00
7.612591,856.2119,624.00
7.612591,856.2662,627.00
7.612591,856.3204,580.00
7.612591,856.3748,717.00
7.612591,856.4290,617.00
7.612591,856.4832,692.00
7.612591,856.5374,667.00
7.612591,856.5916,698.00
7.612591,856.6459,620.00
7.612591,856.7001,704.00
7.612591,856.7543,632.00
7.612591,856.8085,695.00
7.612591,856.8627,651.00
7.612591,856.9169,692.00
7.612591,856.9712,646.00
7.612591,857.0253,682.00
7.612591,857.0795,629.00
7.612591,857.1337,659.00
7.612591,857.1879,628.00
7.612591,857.2421,697.00
7.612591,857.2962,657.00
7.612591,857.3504,666.00
7.612591,857.4045,651.00
7.612591,857.4587,650.00
7.612591,857.5129,668.00
7.612591,857.5670,666.00
7.612591,857.6212,621.00
7.612591,857.6753,687.00
7.612591,857.7294,625.00
7.612591,857.7836,700.00
7.612591,857.8377,635.00
7.612591,857.8918,676.00
7.612591,857.9459,649.00
7.612591,858.0000,684.00
7.612591,858.0541,632.00
7.612591,858.1082,675.00
7.612591,858.1624,614.00
7.612591,858.2164,706.00
7.612591,858.2704,642.00
7.612591,858.3245,698.00
7.612591,858.3787,681.00
7.612591,858.4327,675.00
7.612591,858.4868,633.00
7.612591,858.5408,669.00
7.612591,858.5949,621.00
7.612591,858.6489,672.00
7.612591,858.7030,621.00
7.612591,858.7570,710.00
7.612591,858.8110,676.00
7.612591,858.8651,668.00
7.612591,858.9192,676.00
7.612591,858.9732,690.00
7.612591,859.0272,635.00
7.612591,859.0812,678.00
7.612591,859.1352,610.00
7.612591,859.1892,692.00
7.612591,859.2432,643.00
7.612591,859.2972,669.00
7.612591,859.3512,697.00
7.612591,859.4052,669.00
7.612591,859.4592,630.00
7.612591,859.5132,643.00
7.612591,859.5671,608.00
7.612591,859.6210,702.00
7.612591,859.6750,616.00
7.612591,859.7289,663.00
7.612591,859.7830,605.00
7.612591,859.8369,674.00
7.612591,859.8908,619.00
7.612591,859.9447,620.00
7.612591,859.9987,599.00
7.612591,860.0527,686.00
7.612591,860.1065,613.00
7.612591,860.1605,705.00
7.612591,860.2144,656.00
7.612591,860.2682,669.00
7.612591,860.3222,647.00
7.612591,860.3761,668.00
7.612591,860.4299,590.00
7.612591,860.4838,652.00
7.612591,860.5377,590.00
7.612591,860.5916,661.00
7.612591,860.6455,664.00
7.612591,860.6993,681.00
7.612591,860.7532,630.00
7.612591,860.8071,671.00
7.612591,860.8610,628.00
7.612591,860.9148,644.00
7.612591,860.9687,576.00
7.612591,861.0225,665.00
7.612591,861.0763,639.00
7.612591,861.1301,678.00
7.612591,861.1840,602.00
7.612591,861.2378,662.00
7.612591,861.2916,630.00
7.612591,861.3454,653.00
7.612591,861.3992,605.00
7.612591,861.4531,659.00
7.612591,861.5068,553.00
7.612591,861.5606,663.00
7.612591,861.6144,620.00
7.612591,861.6682,652.00
7.612591,861.7220,601.00
7.612591,861.7758,636.00
7.612591,861.8295,615.00
7.612591,861.8833,652.00
7.612591,861.9370,608.00
7.612591,861.9908,684.00
7.612591,862.0446,626.00
7.612591,862.0983,661.00
7.612591,862.1520,624.00
7.612591,862.2057,646.00
7.612591,862.2595,616.00
7.612591,862.3132,633.00
7.612591,862.3669,572.00
7.612591,862.4206,646.00
7.612591,862.4744,575.00
7.612591,862.5281,648.00
7.612591,862.5818,608.00
7.612591,862.6355,666.00
7.612591,862.6891,643.00
7.612591,862.7429,641.00
7.612591,862.7966,612.00
7.612591,862.8502,646.00
7.612591,862.9039,601.00
7.612591,862.9575,651.00
7.612591,863.0112,636.00
7.612591,863.0648,638.00
7.612591,863.1185,607.00
7.612591,863.1722,652.00
7.612591,863.2258,585.00
7.612591,863.2794,682.00
7.612591,863.3330,603.00
7.612591,863.3867,651.00
7.612591,863.4403,586.00
7.612591,863.4940,654.00
7.612591,863.5475,633.00
7.612591,863.6011,617.00
7.612591,863.6548,593.00
7.612591,863.7084,631.00
7.612591,863.7620,601.00
7.612591,863.8156,622.00
7.612591,863.8691,588.00
7.612591,863.9228,646.00
7.612591,863.9763,625.00
7.612591,864.0299,638.00
7.612591,864.0834,599.00
7.612591,864.1370,620.00
7.612591,864.1906,589.00
7.612591,864.2441,656.00
7.612591,864.2977,591.00
7.612591,864.3512,679.00
7.612591,864.4047,624.00
7.612591,864.4583,638.00
7.612591,864.5118,592.00
7.612591,864.5653,613.00
7.612591,864.6189,591.00
7.612591,864.6724,630.00
7.612591,864.7258,561.00
7.612591,864.7794,636.00
7.612591,864.8329,612.00
7.612591,864.8864,657.00
7.612591,864.9398,615.00
7.612591,864.9933,648.00
7.612591,865.0469,568.00
7.612591,865.1003,608.00
7.612591,865.1538,612.00
7.612591,865.2072,621.00
7.612591,865.2607,618.00
7.612591,865.3142,662.00
7.612591,865.3676,616.00
7.612591,865.4211,640.00
7.612591,865.4745,588.00
7.612591,865.5279,653.00
7.612591,865.5814,607.00
7.612591,865.6348,638.00
7.612591,865.6882,596.00
7.612591,865.7416,662.00
7.612591,865.7950,646.00
7.612591,865.8484,673.00
7.612591,865.9019,607.00
7.612591,865.9552,632.00
7.612591,866.0087,621.00
7.612591,866.0620,619.00
7.612591,866.1154,620.00
7.612591,866.1688,679.00
7.612591,866.2222,614.00
7.612591,866.2755,680.00
7.612591,866.3289,655.00
7.612591,866.3822,666.00
7.612591,866.4356,637.00
7.612591,866.4890,637.00
7.612591,866.5423,626.00
7.612591,866.5956,681.00
7.612591,866.6489,625.00
7.612591,866.7023,658.00
7.612591,866.7556,616.00
7.612591,866.8089,657.00
7.612591,866.8622,622.00
7.612591,866.9155,658.00
7.612591,866.9689,619.00
7.612591,867.0222,682.00
7.612591,867.0755,590.00
7.612591,867.1287,649.00
7.612591,867.1820,591.00
7.612591,867.2354,663.00
7.612591,867.2886,635.00
7.612591,867.3419,669.00
7.612591,867.3951,630.00
7.612591,867.4484,651.00
7.612591,867.5016,587.00
7.612591,867.5549,683.00
7.612591,867.6082,614.00
7.612591,867.6614,657.00
7.612591,867.7146,643.00
7.612591,867.7678,651.00
7.612591,867.8211,631.00
7.612591,867.8743,639.00
7.612591,867.9276,626.00
7.612591,867.9807,667.00
7.612591,868.0339,619.00
7.612591,868.0872,685.00
7.612591,868.1403,613.00
7.612591,868.1935,655.00
7.612591,868.2467,631.00
7.612591,868.2999,657.00
7.612591,868.3531,586.00
7.612591,868.4062,670.00
7.612591,868.4594,621.00
7.612591,868.5126,669.00
7.612591,868.5657,594.00
7.612591,868.6189,671.00
7.612591,868.6721,637.00
7.612591,868.7252,642.00
7.612591,868.7783,598.00
7.612591,868.8315,645.00
7.612591,868.8846,603.00
7.612591,868.9377,686.00
7.612591,868.9908,637.00
7.612591,869.0439,651.00
7.612591,869.0970,638.00
7.612591,869.1501,679.00
7.612591,869.2032,583.00
7.612591,869.2564,620.00
7.612591,869.3094,585.00
7.612591,869.3625,615.00
7.612591,869.4156,609.00
7.612591,869.4688,671.00
7.612591,869.5218,598.00
7.612591,869.5748,662.00
7.612591,869.6279,647.00
7.612591,869.6809,612.00
7.612591,869.7340,583.00
7.612591,869.7870,633.00
7.612591,869.8401,587.00
7.612591,869.8931,651.00
7.612591,869.9462,598.00
7.612591,869.9993,643.00
7.612591,870.0522,646.00
7.612591,870.1052,671.00
7.612591,870.1583,607.00
7.612591,870.2112,679.00
7.612591,870.2642,599.00
7.612591,870.3173,693.00
7.612591,870.3702,627.00
7.612591,870.4232,681.00
7.612591,870.4762,609.00
7.612591,870.5292,639.00
7.612591,870.5822,626.00
7.612591,870.6351,673.00
7.612591,870.6881,610.00
7.612591,870.7410,660.00
7.612591,870.7940,651.00
7.612591,870.8470,657.00
7.612591,870.8999,586.00
7.612591,870.9528,705.00
7.612591,871.0057,664.00
7.612591,871.0587,635.00
7.612591,871.1116,624.00
7.612591,871.1646,659.00
7.612591,871.2175,598.00
7.612591,871.2704,694.00
7.612591,871.3232,659.00
7.612591,871.3762,654.00
7.612591,871.4291,643.00
7.612591,871.4820,669.00
7.612591,871.5348,643.00
7.612591,871.5877,645.00
7.612591,871.6406,655.00
7.612591,871.6935,703.00
7.612591,871.7463,628.00
7.612591,871.7992,679.00
7.612591,871.8521,650.00
7.612591,871.9049,661.00
7.612591,871.9578,665.00
7.612591,872.0106,664.00
7.612591,872.0635,597.00
7.612591,872.1162,673.00
7.612591,872.1691,606.00
7.612591,872.2219,690.00
7.612591,872.2747,598.00
7.612591,872.3275,640.00
7.612591,872.3803,682.00
7.612591,872.4332,649.00
7.612591,872.4860,639.00
7.612591,872.5387,679.00
7.612591,872.5915,630.00
7.612591,872.6443,693.00
7.612591,872.6971,650.00
7.612591,872.7499,697.00
7.612591,872.8026,653.00
7.612591,872.8553,659.00
7.612591,872.9081,654.00
7.612591,872.9609,659.00
7.612591,873.0136,634.00
7.612591,873.0663,702.00
7.612591,873.1191,593.00
7.612591,873.1718,689.00
7.612591,873.2245,651.00
7.612591,873.2773,667.00
7.612591,873.3300,629.00
7.612591,873.3827,640.00
7.612591,873.4354,624.00
7.612591,873.4882,729.00
7.612591,873.5408,631.00
7.612591,873.5935,668.00
7.612591,873.6462,640.00
7.612591,873.6989,674.00
7.612591,873.7515,680.00
7.612591,873.8042,653.00
7.612591,873.8569,618.00
7.612591,873.9096,696.00
7.612591,873.9622,595.00
7.612591,874.0149,694.00
7.612591,874.0675,648.00
7.612591,874.1202,657.00
7.612591,874.1729,634.00
7.612591,874.2255,671.00
7.612591,874.2781,617.00
7.612591,874.3307,632.00
7.612591,874.3834,598.00
7.612591,874.4360,673.00
7.612591,874.4885,639.00
7.612591,874.5411,692.00
7.612591,874.5938,636.00
7.612591,874.6463,647.00
7.612591,874.6990,656.00
7.612591,874.7515,647.00
7.612591,874.8041,594.00
7.612591,874.8567,682.00
7.612591,874.9092,627.00
7.612591,874.9619,710.00
7.612591,875.0144,647.00
7.612591,875.0669,675.00
7.612591,875.1194,637.00
7.612591,875.1720,683.00
7.612591,875.2246,615.00
7.612591,875.2772,681.00
7.612591,875.3296,611.00
7.612591,875.3821,680.00
7.612591,875.4346,655.00
7.612591,875.4872,693.00
7.612591,875.5397,646.00
7.612591,875.5922,691.00
7.612591,875.6447,616.00
7.612591,875.6971,653.00
7.612591,875.7498,610.00
7.612591,875.8022,679.00
7.612591,875.8547,595.00
7.612591,875.9071,708.00
7.612591,875.9596,626.00
7.612591,876.0120,665.00
7.612591,876.0646,647.00
7.612591,876.1169,651.00
7.612591,876.1694,618.00
7.612591,876.2219,691.00
7.612591,876.2743,664.00
7.612591,876.3268,707.00
7.612591,876.3792,623.00
7.612591,876.4316,675.00
7.612591,876.4840,675.00
7.612591,876.5364,668.00
7.612591,876.5889,625.00
7.612591,876.6413,713.00
7.612591,876.6937,625.00
7.612591,876.7460,691.00
7.612591,876.7985,638.00
7.612591,876.8509,712.00
7.612591,876.9032,658.00
7.612591,876.9556,660.00
7.612591,877.0079,609.00
7.612591,877.0604,665.00
7.612591,877.1127,590.00
7.612591,877.1651,693.00
7.612591,877.2174,604.00
7.612591,877.2697,662.00
7.612591,877.3221,664.00
7.612591,877.3744,627.00
7.612591,877.4268,628.00
7.612591,877.4791,654.00
7.612591,877.5314,599.00
7.612591,877.5837,668.00
7.612591,877.6360,627.00
7.612591,877.6884,624.00
7.612591,877.7407,625.00
7.612591,877.7930,625.00
7.612591,877.8452,614.00
7.612591,877.8975,633.00
7.612591,877.9498,604.00
7.612591,878.0021,658.00
7.612591,878.0544,630.00
7.612591,878.1066,673.00
7.612591,878.1589,626.00
7.612591,878.2111,640.00
7.612591,878.2634,637.00
7.612591,878.3157,623.00
7.612591,878.3679,602.00
7.612591,878.4202,647.00
7.612591,878.4724,602.00
7.612591,878.5246,704.00
7.612591,878.5768,609.00
7.612591,878.6290,653.00
7.612591,878.6812,619.00
7.612591,878.7335,611.00
7.612591,878.7856,626.00
7.612591,878.8379,624.00
7.612591,878.8901,606.00
7.612591,878.9422,629.00
7.612591,878.9944,637.00
7.612591,879.0466,659.00
7.612591,879.0988,626.00
7.612591,879.1509,679.00
7.612591,879.2031,620.00
7.612591,879.2552,602.00
7.612591,879.3074,595.00
7.612591,879.3596,677.00
7.612591,879.4117,595.00
7.612591,879.4638,682.00
7.612591,879.5159,581.00
7.612591,879.5681,649.00
7.612591,879.6202,622.00
7.612591,879.6723,641.00
7.612591,879.7244,625.00
7.612591,879.7766,632.00
7.612591,879.8287,584.00
7.612591,879.8808,649.00
7.612591,879.9329,576.00
7.612591,879.9849,648.00
7.612591,880.0370,630.00
7.612591,880.0891,644.00
7.612591,880.1412,594.00
7.612591,880.1932,638.00
7.612591,880.2452,580.00
7.612591,880.2973,653.00
7.612591,880.3495,592.00
7.612591,880.4015,671.00
7.612591,880.4536,611.00
7.612591,880.5056,614.00
7.612591,880.5576,598.00
7.612591,880.6096,638.00
7.612591,880.6616,587.00
7.612591,880.7137,657.00
7.612591,880.7656,579.00
7.612591,880.8176,659.00
7.612591,880.8696,571.00
7.612591,880.9217,681.00
7.612591,880.9737,598.00
7.612591,881.0256,639.00
7.612591,881.0776,575.00
7.612591,881.1296,615.00
7.612591,881.1816,556.00
7.612591,881.2336,647.00
7.612591,881.2855,569.00
7.612591,881.3374,627.00
7.612591,881.3893,627.00
7.612591,881.4413,620.00
7.612591,881.4933,609.00
7.612591,881.5452,644.00
7.612591,881.5972,585.00
7.612591,881.6490,681.00
7.612591,881.7010,586.00
7.612591,881.7530,638.00
7.612591,881.8049,610.00
7.612591,881.8568,632.00
7.612591,881.9086,598.00
7.612591,881.9605,607.00
7.612591,882.0125,617.00
7.612591,882.0643,629.00
7.612591,882.1162,566.00
7.612591,882.1681,639.00
7.612591,882.2199,541.00
7.612591,882.2719,606.00
7.612591,882.3237,592.00
7.612591,882.3755,595.00
7.612591,882.4274,561.00
7.612591,882.4792,596.00
7.612591,882.5311,575.00
7.612591,882.5829,622.00
7.612591,882.6348,585.00
7.612591,882.6866,640.00
7.612591,882.7383,602.00
7.612591,882.7902,635.00
7.612591,882.8420,605.00
7.612591,882.8939,624.00
7.612591,882.9457,564.00
7.612591,882.9974,633.00
7.612591,883.0493,583.00
7.612591,883.1011,634.00
7.612591,883.1528,554.00
7.612591,883.2046,660.00
7.612591,883.2563,614.00
7.612591,883.3081,593.00
7.612591,883.3599,587.00
7.612591,883.4116,623.00
7.612591,883.4634,556.00
7.612591,883.5151,649.00
7.612591,883.5668,596.00
7.612591,883.6187,643.00
7.612591,883.6703,627.00
7.612591,883.7220,636.00
7.612591,883.7738,594.00
7.612591,883.8254,620.00
7.612591,883.8773,559.00
7.612591,883.9289,633.00
7.612591,883.9806,578.00
7.612591,884.0323,661.00
7.612591,884.0840,624.00
7.612591,884.1357,639.00
7.612591,884.1874,572.00
7.612591,884.2391,637.00
7.612591,884.2907,580.00
7.612591,884.3423,668.00
7.612591,884.3940,567.00
7.612591,884.4457,640.00
7.612591,884.4974,596.00
7.612591,884.5490,614.00
7.612591,884.6006,586.00
7.612591,884.6523,641.00
7.612591,884.7039,580.00
7.612591,884.7555,624.00
7.612591,884.8071,589.00
7.612591,884.8588,635.00
7.612591,884.9103,626.00
7.612591,884.9620,632.00
7.612591,885.0136,644.00
7.612591,885.0651,656.00
7.612591,885.1168,589.00
7.612591,885.1683,633.00
7.612591,885.2200,598.00
7.612591,885.2715,646.00
7.612591,885.3231,586.00
7.612591,885.3746,678.00
7.612591,885.4262,672.00
7.612591,885.4778,643.00
7.612591,885.5293,637.00
7.612591,885.5809,659.00
7.612591,885.6324,583.00
7.612591,885.6839,638.00
7.612591,885.7355,633.00
7.612591,885.7870,694.00
7.612591,885.8385,605.00
7.612591,885.8900,665.00
7.612591,885.9415,635.00
7.612591,885.9930,604.00
7.612591,886.0446,597.00
7.612591,886.0960,662.00
7.612591,886.1475,624.00
7.612591,886.1990,645.00
7.612591,886.2504,626.00
7.612591,886.3020,670.00
7.612591,886.3534,617.00
7.612591,886.4048,660.00
7.612591,886.4564,608.00
7.612591,886.5078,639.00
7.612591,886.5593,605.00
7.612591,886.6107,690.00
7.612591,886.6621,604.00
7.612591,886.7136,648.00
7.612591,886.7650,591.00
7.612591,886.8164,648.00
7.612591,886.8679,625.00
7.612591,886.9193,634.00
7.612591,886.9706,604.00
7.612591,887.0220,635.00
7.612591,887.0735,598.00
7.612591,887.1249,650.00
7.612591,887.1762,615.00
7.612591,887.2276,690.00
7.612591,887.2789,655.00
7.612591,887.3304,631.00
7.612591,887.3818,619.00
7.612591,887.4331,665.00
7.612591,887.4844,611.00
7.612591,887.5358,693.00
7.612591,887.5871,585.00
7.612591,887.6385,673.00
7.612591,887.6898,646.00
7.612591,887.7411,645.00
7.612591,887.7925,616.00
7.612591,887.8438,642.00
7.612591,887.8951,606.00
7.612591,887.9464,703.00
7.612591,887.9977,626.00
7.612591,888.0490,706.00
7.612591,888.1003,655.00
7.612591,888.1516,693.00
7.612591,888.2029,607.00
7.612591,888.2542,637.00
7.612591,888.3054,615.00
7.612591,888.3567,655.00
7.612591,888.4080,646.00
7.612591,888.4592,675.00
7.612591,888.5105,634.00
7.612591,888.5618,685.00
7.612591,888.6130,623.00
7.612591,888.6642,661.00
7.612591,888.7155,635.00
7.612591,888.7667,681.00
7.612591,888.8179,616.00
7.612591,888.8691,675.00
7.612591,888.9204,666.00
7.612591,888.9716,663.00
7.612591,889.0228,644.00
7.612591,889.0740,664.00
7.612591,889.1252,651.00
7.612591,889.1764,683.00
7.612591,889.2275,619.00
7.612591,889.2787,692.00
7.612591,889.3299,618.00
7.612591,889.3810,693.00
7.612591,889.4322,641.00
7.612591,889.4835,651.00
7.612591,889.5346,652.00
7.612591,889.5857,671.00
7.612591,889.6368,614.00
7.612591,889.6879,672.00
7.612591,889.7391,599.00
7.612591,889.7903,704.00
7.612591,889.8414,629.00
7.612591,889.8925,681.00
7.612591,889.9435,654.00
7.612591,889.9948,659.00
7.612591,890.0458,608.00
7.612591,890.0969,676.00
7.612591,890.1479,612.00
7.612591,890.1990,681.00
7.612591,890.2501,623.00
7.612591,890.3012,664.00
7.612591,890.3523,656.00
7.612591,890.4034,620.00
7.612591,890.4545,626.00
7.612591,890.5054,657.00
7.612591,890.5566,574.00
7.612591,890.6076,666.00
7.612591,890.6586,598.00
7.612591,890.7097,653.00
7.612591,890.7607,634.00
7.612591,890.8117,647.00
7.612591,890.8627,647.00
7.612591,890.9138,621.00
7.612591,890.9647,594.00
7.612591,891.0157,629.00
7.612591,891.0668,593.00
7.612591,891.1178,629.00
7.612591,891.1688,582.00
7.612591,891.2197,653.00
7.612591,891.2707,608.00
7.612591,891.3217,638.00
7.612591,891.3727,596.00
7.612591,891.4236,611.00
7.612591,891.4745,582.00
7.612591,891.5256,640.00
7.612591,891.5765,601.00
7.612591,891.6275,638.00
7.612591,891.6783,605.00
7.612591,891.7293,615.00
7.612591,891.7802,596.00
7.612591,891.8312,624.00
7.612591,891.8821,583.00
7.612591,891.9330,642.00
7.612591,891.9839,601.00
7.612591,892.0348,624.00
7.612591,892.0857,606.00
7.612591,892.1366,621.00
7.612591,892.1875,611.00
7.612591,892.2383,624.00
7.612591,892.2892,604.00
7.612591,892.3401,651.00
7.612591,892.3911,570.00
7.612591,892.4418,655.00
7.612591,892.4927,630.00
7.612591,892.5436,652.00
7.612591,892.5944,631.00
7.612591,892.6452,635.00
7.612591,892.6961,621.00
7.612591,892.7469,647.00
7.612591,892.7977,622.00
7.612591,892.8485,641.00
7.612591,892.8993,661.00
7.612591,892.9502,682.00
7.612591,893.0010,635.00
7.612591,893.0518,645.00
7.612591,893.1025,626.00
7.612591,893.1534,656.00
7.612591,893.2042,595.00
7.612591,893.2549,655.00
7.612591,893.3057,612.00
7.612591,893.3564,665.00
7.612591,893.4072,658.00
7.612591,893.4580,639.00
7.612591,893.5087,621.00
7.612591,893.5595,644.00
7.612591,893.6102,606.00
7.612591,893.6609,673.00
7.612591,893.7117,599.00
7.612591,893.7625,686.00
7.612591,893.8132,626.00
7.612591,893.8639,639.00
7.612591,893.9146,638.00
7.612591,893.9653,627.00
7.612591,894.0160,601.00
7.612591,894.0667,647.00
7.612591,894.1174,613.00
7.612591,894.1681,663.00
7.612591,894.2188,607.00
7.612591,894.2695,700.00
7.612591,894.3201,625.00
7.612591,894.3708,630.00
7.612591,894.4214,603.00
7.612591,894.4720,657.00
7.612591,894.5228,590.00
7.612591,894.5734,696.00
7.612591,894.6240,623.00
7.612591,894.6746,653.00
7.612591,894.7252,654.00
7.612591,894.7759,655.00
7.612591,894.8265,636.00
7.612591,894.8771,655.00
7.612591,894.9277,592.00
7.612591,894.9783,671.00
7.612591,895.0290,587.00
7.612591,895.0795,690.00
7.612591,895.1301,601.00
7.612591,895.1807,658.00
7.612591,895.2313,625.00
7.612591,895.2819,657.00
7.612591,895.3325,627.00
7.612591,895.3830,630.00
7.612591,895.4336,589.00
7.612591,895.4841,662.00
7.612591,895.5347,612.00
7.612591,895.5852,639.00
7.612591,895.6357,643.00
7.612591,895.6863,668.00
7.612591,895.7368,617.00
7.612591,895.7874,644.00
7.612591,895.8379,589.00
7.612591,895.8884,667.00
7.612591,895.9388,594.00
7.612591,895.9893,650.00
7.612591,896.0399,624.00
7.612591,896.0904,644.00
7.612591,896.1408,655.00
7.612591,896.1913,653.00
7.612591,896.2418,605.00
7.612591,896.2922,642.00
7.612591,896.3427,636.00
7.612591,896.3932,675.00
7.612591,896.4437,622.00
7.612591,896.4941,700.00
7.612591,896.5445,659.00
7.612591,896.5950,638.00
7.612591,896.6454,637.00
7.612591,896.6958,657.00
7.612591,896.7462,590.00
7.612591,896.7967,671.00
7.612591,896.8471,649.00
7.612591,896.8975,652.00
7.612591,896.9479,650.00
7.612591,896.9983,673.00
7.612591,897.0486,617.00
7.612591,897.0991,668.00
7.612591,897.1495,604.00
7.612591,897.1998,701.00
7.612591,897.2502,622.00
7.612591,897.3005,698.00
7.612591,897.3510,630.00
7.612591,897.4013,686.00
7.612591,897.4517,670.00
7.612591,897.5020,649.00
7.612591,897.5523,627.00
7.612591,897.6026,667.00
7.612591,897.6530,615.00
7.612591,897.7033,675.00
7.612591,897.7537,618.00
7.612591,897.8040,673.00
7.612591,897.8542,623.00
7.612591,897.9046,637.00
7.612591,897.9549,627.00
7.612591,898.0051,677.00
7.612591,898.0554,614.00
7.612591,898.1057,655.00
7.612591,898.1560,578.00
7.612591,898.2063,641.00
7.612591,898.2565,606.00
7.612591,898.3068,639.00
7.612591,898.3571,645.00
7.612591,898.4073,625.00
7.612591,898.4576,588.00
7.612591,898.5078,671.00
7.612591,898.5580,583.00
7.612591,898.6083,668.00
7.612591,898.6584,654.00
7.612591,898.7087,674.00
7.612591,898.7590,617.00
7.612591,898.8091,619.00
7.612591,898.8593,642.00
7.612591,898.9095,649.00
7.612591,898.9598,591.00
7.612591,899.0099,680.00
7.612591,899.0601,601.00
7.612591,899.1103,657.00
7.612591,899.1605,620.00
7.612591,899.2107,615.00
7.612591,899.2608,600.00
7.612591,899.3109,616.00
7.612591,899.3611,578.00
7.612591,899.4113,654.00
7.612591,899.4614,611.00
7.612591,899.5115,652.00
7.612591,899.5616,660.00
7.612591,899.6118,625.00
7.612591,899.6619,601.00
7.612591,899.7121,603.00
7.612591,899.7622,578.00
7.612591,899.8123,650.00
7.612591,899.8624,574.00
7.612591,899.9124,654.00
7.612591,899.9626,607.00
7.612591,900.0126,647.00
7.612591,900.0627,627.00
7.612591,900.1127,649.00
7.612591,900.1628,567.00
7.612591,900.2130,661.00
7.612591,900.2631,547.00
7.612591,900.3130,621.00
7.612591,900.3631,594.00
7.612591,900.4131,619.00
7.612591,900.4632,614.00
7.612591,900.5132,625.00
7.612591,900.5633,592.00
7.612591,900.6132,633.00
7.612591,900.6632,613.00
7.612591,900.7133,637.00
7.612591,900.7633,562.00
7.612591,900.8133,608.00
7.612591,900.8633,588.00
7.612591,900.9133,656.00
7.612591,900.9633,582.00
7.612591,901.0133,643.00
7.612591,901.0632,574.00
7.612591,901.1132,618.00
7.612591,901.1631,586.00
7.612591,901.2131,665.00
7.612591,901.2631,643.00
7.612591,901.3130,645.00
7.612591,901.3630,605.00
7.612591,901.4129,633.00
7.612591,901.4628,608.00
7.612591,901.5128,611.00
7.612591,901.5627,556.00
7.612591,901.6126,644.00
7.612591,901.6625,604.00
7.612591,901.7124,628.00
7.612591,901.7623,627.00
7.612591,901.8123,598.00
7.612591,901.8621,632.00
7.612591,901.9120,650.00
7.612591,901.9619,582.00
7.612591,902.0117,653.00
7.612591,902.0616,605.00
7.612591,902.1115,684.00
7.612591,902.1613,601.00
7.612591,902.2112,623.00
7.612591,902.2610,638.00
7.612591,902.3109,632.00
7.612591,902.3608,578.00
7.612591,902.4106,644.00
7.612591,902.4604,599.00
7.612591,902.5103,637.00
7.612591,902.5601,610.00
7.612591,902.6099,653.00
7.612591,902.6597,622.00
7.612591,902.7095,639.00
7.612591,902.7592,616.00
7.612591,902.8090,647.00
7.612591,902.8589,572.00
7.612591,902.9086,681.00
7.612591,902.9584,611.00
7.612591,903.0082,646.00
7.612591,903.0580,631.00
7.612591,903.1077,626.00
7.612591,903.1575,608.00
7.612591,903.2072,645.00
7.612591,903.2570,607.00
7.612591,903.3067,653.00
7.612591,903.3564,577.00
7.612591,903.4062,666.00
7.612591,903.4559,642.00
7.612591,903.5056,657.00
7.612591,903.5553,592.00
7.612591,903.6050,612.00
7.612591,903.6547,593.00
7.612591,903.7045,657.00
7.612591,903.7541,564.00
7.612591,903.8038,682.00
7.612591,903.8535,602.00
7.612591,903.9032,622.00
7.612591,903.9528,612.00
7.612591,904.0025,606.00
7.612591,904.0522,599.00
7.612591,904.1019,657.00
7.612591,904.1515,565.00
7.612591,904.2012,666.00
7.612591,904.2507,589.00
7.612591,904.3004,637.00
7.612591,904.3500,582.00
7.612591,904.3997,582.00
7.612591,904.4493,591.00
7.612591,904.4989,630.00
7.612591,904.5485,608.00
7.612591,904.5980,647.00
7.612591,904.6477,593.00
7.612591,904.6973,617.00
7.612591,904.7469,579.00
7.612591,904.7964,642.00
7.612591,904.8460,615.00
7.612591,904.8956,592.00
7.612591,904.9452,560.00
7.612591,904.9947,633.00
7.612591,905.0443,549.00
7.612591,905.0938,631.00
7.612591,905.1434,614.00
7.612591,905.1929,618.00
7.612591,905.2424,616.00
7.612591,905.2919,650.00
7.612591,905.3414,591.00
7.612591,905.3910,631.00
7.612591,905.4406,599.00
7.612591,905.4901,652.00
7.612591,905.5396,593.00
7.612591,905.5890,643.00
7.612591,905.6385,605.00
7.612591,905.6880,623.00
7.612591,905.7375,624.00
7.612591,905.7870,666.00
7.612591,905.8364,599.00
7.612591,905.8859,648.00
7.612591,905.9354,589.00
7.612591,905.9848,640.00
7.612591,906.0342,657.00
7.612591,906.0837,645.00
7.612591,906.1331,594.00
7.612591,906.1826,644.00
7.612591,906.2321,616.00
7.612591,906.2814,668.00
7.612591,906.3309,608.00
7.612591,906.3802,659.00
7.612591,906.4297,610.00
7.612591,906.4791,656.00
7.612591,906.5285,610.00
7.612591,906.5779,604.00
7.612591,906.6273,601.00
7.612591,906.6766,631.00
7.612591,906.7260,590.00
7.612591,906.7754,661.00
7.612591,906.8248,580.00
7.612591,906.8741,644.00
7.612591,906.9235,619.00
7.612591,906.9729,627.00
7.612591,907.0222,616.00
7.612591,907.0715,632.00
7.612591,907.1208,590.00
7.612591,907.1702,671.00
7.612591,907.2195,609.00
7.612591,907.2688,654.00
7.612591,907.3181,622.00
7.612591,907.3674,621.00
7.612591,907.4167,627.00
7.612591,907.4660,624.00
7.612591,907.5153,573.00
7.612591,907.5646,651.00
7.612591,907.6139,586.00
7.612591,907.6631,645.00
7.612591,907.7125,586.00
7.612591,907.7617,630.00
7.612591,907.8110,609.00
7.612591,907.8602,651.00
7.612591,907.9094,584.00
7.612591,907.9587,621.00
7.612591,908.0080,565.00
7.612591,908.0572,664.00
7.612591,908.1064,619.00
7.612591,908.1556,652.00
7.612591,908.2048,634.00
7.612591,908.2541,632.00
7.612591,908.3033,622.00
7.612591,908.3524,639.00
7.612591,908.4017,574.00
7.612591,908.4508,635.00
7.612591,908.5000,598.00
7.612591,908.5493,641.00
7.612591,908.5984,623.00
7.612591,908.6475,627.00
7.612591,908.6967,577.00
7.612591,908.7459,623.00
7.612591,908.7950,586.00
7.612591,908.8442,639.00
7.612591,908.8932,583.00
7.612591,908.9424,666.00
7.612591,908.9916,601.00
7.612591,909.0407,651.00
7.612591,909.0898,661.00
7.612591,909.1389,655.00
7.612591,909.1880,605.00
7.612591,909.2372,622.00
7.612591,909.2863,581.00
7.612591,909.3354,684.00
7.612591,909.3845,565.00
7.612591,909.4335,658.00
7.612591,909.4825,625.00
7.612591,909.5317,598.00
7.612591,909.5807,578.00
7.612591,909.6298,628.00
7.612591,909.6789,571.00
7.612591,909.7280,642.00
7.612591,909.7770,595.00
7.612591,909.8260,623.00
7.612591,909.8751,594.00
7.612591,909.9241,637.00
7.612591,909.9731,623.00
7.612591,910.0222,659.00
7.612591,910.0711,617.00
7.612591,910.1201,623.00
7.612591,910.1691,576.00
7.612591,910.2181,653.00
7.612591,910.2672,625.00
7.612591,910.3162,664.00
7.612591,910.3651,621.00
7.612591,910.4141,654.00
7.612591,910.4631,616.00
7.612591,910.5120,640.00
7.612591,910.5610,578.00
7.612591,910.6099,644.00
7.612591,910.6589,623.00
7.612591,910.7078,638.00
7.612591,910.7568,626.00
7.612591,910.8057,647.00
7.612591,910.8546,628.00
7.612591,910.9036,659.00
7.612591,910.9525,607.00
7.612591,911.0013,665.00
7.612591,911.0503,615.00
7.612591,911.0992,662.00
7.612591,911.1481,631.00
7.612591,911.1970,647.00
7.612591,911.2459,620.00
7.612591,911.2948,655.00
7.612591,911.3436,613.00
7.612591,911.3925,631.00
7.612591,911.4414,615.00
7.612591,911.4902,684.00
7.612591,911.5391,651.00
7.612591,911.5880,634.00
7.612591,911.6368,627.00
7.612591,911.6857,639.00
7.612591,911.7344,612.00
7.612591,911.7833,663.00
7.612591,911.8321,629.00
7.612591,911.8809,671.00
7.612591,911.9297,625.00
7.612591,911.9785,686.00
7.612591,912.0273,675.00
7.612591,912.0762,634.00
7.612591,912.1249,639.00
7.612591,912.1737,634.00
7.612591,912.2225,601.00
7.612591,912.2712,683.00
7.612591,912.3201,665.00
7.612591,912.3688,679.00
7.612591,912.4176,629.00
7.612591,912.4663,640.00
7.612591,912.5150,587.00
7.612591,912.5638,654.00
7.612591,912.6125,623.00
7.612591,912.6613,674.00
7.612591,912.7100,592.00
7.612591,912.7587,679.00
7.612591,912.8074,661.00
7.612591,912.8561,651.00
7.612591,912.9048,661.00
7.612591,912.9535,696.00
7.612591,913.0023,609.00
7.612591,913.0510,680.00
7.612591,913.0996,623.00
7.612591,913.1483,676.00
7.612591,913.1969,638.00
7.612591,913.2456,690.00
7.612591,913.2943,712.00
7.612591,913.3430,659.00
7.612591,913.3916,608.00
7.612591,913.4402,657.00
7.612591,913.4888,621.00
7.612591,913.5375,710.00
7.612591,913.5862,635.00
7.612591,913.6348,676.00
7.612591,913.6834,688.00
7.612591,913.7320,674.00
7.612591,913.7806,653.00
7.612591,913.8292,675.00
7.612591,913.8778,632.00
7.612591,913.9264,680.00
7.612591,913.9750,625.00
7.612591,914.0236,718.00
7.612591,914.0721,653.00
7.612591,914.1207,702.00
7.612591,914.1693,628.00
7.612591,914.2178,694.00
7.612591,914.2664,657.00
7.612591,914.3149,698.00
7.612591,914.3635,643.00
7.612591,914.4120,678.00
7.612591,914.4606,673.00
7.612591,914.5090,702.00
7.612591,914.5576,681.00
7.612591,914.6061,689.00
7.612591,914.6546,637.00
7.612591,914.7031,674.00
7.612591,914.7516,629.00
7.612591,914.8001,706.00
7.612591,914.8486,658.00
7.612591,914.8971,692.00
7.612591,914.9456,673.00
7.612591,914.9941,678.00
7.612591,915.0425,681.00
7.612591,915.0910,689.00
7.612591,915.1395,646.00
7.612591,915.1879,712.00
7.612591,915.2363,641.00
7.612591,915.2849,728.00
7.612591,915.3333,676.00
7.612591,915.3817,713.00
7.612591,915.4301,674.00
7.612591,915.4785,672.00
7.612591,915.5269,616.00
7.612591,915.5754,658.00
7.612591,915.6237,628.00
7.612591,915.6721,667.00
7.612591,915.7205,636.00
7.612591,915.7689,684.00
7.612591,915.8173,671.00
7.612591,915.8657,688.00
7.612591,915.9141,623.00
7.612591,915.9623,686.00
7.612591,916.0107,644.00
7.612591,916.0591,703.00
7.612591,916.1075,650.00
7.612591,916.1558,659.00
7.612591,916.2042,607.00
7.612591,916.2524,674.00
7.612591,916.3008,671.00
7.612591,916.3491,661.00
7.612591,916.3974,599.00
7.612591,916.4457,667.00
7.612591,916.4940,633.00
7.612591,916.5423,695.00
7.612591,916.5907,650.00
7.612591,916.6390,667.00
7.612591,916.6872,651.00
7.612591,916.7355,644.00
7.612591,916.7838,601.00
7.612591,916.8320,663.00
7.612591,916.8803,651.00
7.612591,916.9286,703.00
7.612591,916.9768,624.00
7.612591,917.0250,694.00
7.612591,917.0733,683.00
7.612591,917.1216,675.00
7.612591,917.1698,607.00
7.612591,917.2180,636.00
7.612591,917.2662,611.00
7.612591,917.3145,675.00
7.612591,917.3626,651.00
7.612591,917.4109,685.00
7.612591,917.4590,622.00
7.612591,917.5072,691.00
7.612591,917.5554,655.00
7.612591,917.6036,659.00
7.612591,917.6518,606.00
7.612591,917.7000,693.00
7.612591,917.7481,619.00
7.612591,917.7963,685.00
7.612591,917.8444,641.00
7.612591,917.8926,675.00
7.612591,917.9407,664.00
7.612591,917.9888,673.00
7.612591,918.0369,620.00
7.612591,918.0851,662.00
7.612591,918.1332,623.00
7.612591,918.1813,684.00
7.612591,918.2294,606.00
7.612591,918.2776,700.00
7.612591,918.3257,671.00
7.612591,918.3737,679.00
7.612591,918.4218,632.00
7.612591,918.4699,701.00
7.612591,918.5180,630.00
7.612591,918.5660,647.00
7.612591,918.6142,629.00
7.612591,918.6622,682.00
7.612591,918.7103,658.00
7.612591,918.7583,681.00
7.612591,918.8064,687.00
7.612591,918.8544,668.00
7.612591,918.9025,643.00
7.612591,918.9505,695.00
7.612591,918.9985,618.00
7.612591,919.0464,703.00
7.612591,919.0945,660.00
7.612591,919.1426,717.00
7.612591,919.1905,661.00
7.612591,919.2385,663.00
7.612591,919.2866,635.00
7.612591,919.3345,668.00
7.612591,919.3825,604.00
7.612591,919.4304,694.00
7.612591,919.4785,627.00
7.612591,919.5264,701.00
7.612591,919.5744,682.00
7.612591,919.6224,624.00
7.612591,919.6703,655.00
7.612591,919.7182,655.00
7.612591,919.7661,638.00
7.612591,919.8141,699.00
7.612591,919.8620,646.00
7.612591,919.9100,713.00
7.612591,919.9578,665.00
7.612591,920.0057,707.00
7.612591,920.0536,669.00
7.612591,920.1016,643.00
7.612591,920.1495,628.00
7.612591,920.1973,672.00
7.612591,920.2452,577.00
7.612591,920.2932,692.00
7.612591,920.3410,685.00
7.612591,920.3888,690.00
7.612591,920.4367,628.00
7.612591,920.4846,650.00
7.612591,920.5323,604.00
7.612591,920.5803,606.00
7.612591,920.6281,599.00
7.612591,920.6759,716.00
7.612591,920.7237,649.00
7.612591,920.7715,686.00
7.612591,920.8195,645.00
7.612591,920.8672,663.00
7.612591,920.9150,642.00
7.612591,920.9628,652.00
7.612591,921.0106,613.00
7.612591,921.0584,698.00
7.612591,921.1062,595.00
7.612591,921.1540,677.00
7.612591,921.2017,620.00
7.612591,921.2495,654.00
7.612591,921.2973,629.00
7.612591,921.3450,659.00
7.612591,921.3928,598.00
7.612591,921.4405,664.00
7.612591,921.4882,595.00
7.612591,921.5359,664.00
7.612591,921.5837,637.00
7.612591,921.6315,665.00
7.612591,921.6791,638.00
7.612591,921.7269,651.00
7.612591,921.7746,624.00
7.612591,921.8223,614.00
7.612591,921.8700,610.00
7.612591,921.9177,677.00
7.612591,921.9653,611.00
7.612591,922.0130,682.00
7.612591,922.0607,669.00
7.612591,922.1084,643.00
7.612591,922.1561,628.00
7.612591,922.2037,639.00
7.612591,922.2513,637.00
7.612591,922.2990,674.00
7.612591,922.3467,595.00
7.612591,922.3943,676.00
7.612591,922.4419,623.00
7.612591,922.4895,646.00
7.612591,922.5371,639.00
7.612591,922.5848,657.00
7.612591,922.6324,626.00
7.612591,922.6800,641.00
7.612591,922.7276,597.00
7.612591,922.7752,681.00
7.612591,922.8228,618.00
7.612591,922.8704,683.00
7.612591,922.9179,662.00
7.612591,922.9655,686.00
7.612591,923.0130,638.00
7.612591,923.0607,707.00
7.612591,923.1082,627.00
7.612591,923.1558,707.00
7.612591,923.2032,637.00
7.612591,923.2508,653.00
7.612591,923.2983,665.00
7.612591,923.3459,677.00
7.612591,923.3934,659.00
7.612591,923.4409,666.00
7.612591,923.4884,614.00
7.612591,923.5359,662.00
7.612591,923.5834,616.00
7.612591,923.6309,681.00
7.612591,923.6784,651.00
7.612591,923.7259,665.00
7.612591,923.7734,639.00
7.612591,923.8209,648.00
7.612591,923.8683,592.00
7.612591,923.9158,665.00
7.612591,923.9632,620.00
7.612591,924.0106,699.00
7.612591,924.0581,626.00
7.612591,924.1056,666.00
7.612591,924.1530,658.00
7.612591,924.2004,678.00
7.612591,924.2479,661.00
7.612591,924.2952,653.00
7.612591,924.3427,601.00
7.612591,924.3901,691.00
7.612591,924.4375,645.00
7.612591,924.4849,684.00
7.612591,924.5323,660.00
7.612591,924.5797,646.00
7.612591,924.6270,661.00
7.612591,924.6744,676.00
7.612591,924.7218,602.00
7.612591,924.7692,678.00
7.612591,924.8165,601.00
7.612591,924.8639,676.00
7.612591,924.9112,646.00
7.612591,924.9585,665.00
7.612591,925.0059,655.00
7.612591,925.0532,628.00
7.612591,925.1005,620.00
7.612591,925.1478,681.00
7.612591,925.1952,638.00
7.612591,925.2424,683.00
7.612591,925.2897,620.00
7.612591,925.3370,692.00
7.612591,925.3843,668.00
7.612591,925.4316,677.00
7.612591,925.4789,611.00
7.612591,925.5262,670.00
7.612591,925.5734,612.00
7.612591,925.6207,676.00
7.612591,925.6680,650.00
7.612591,925.7153,723.00
7.612591,925.7625,679.00
7.612591,925.8097,648.00
7.612591,925.8569,674.00
7.612591,925.9042,665.00
7.612591,925.9514,631.00
7.612591,925.9987,683.00
7.612591,926.0458,616.00
7.612591,926.0930,677.00
7.612591,926.1403,634.00
7.612591,926.1874,681.00
7.612591,926.2346,633.00
7.612591,926.2819,664.00
7.612591,926.3290,630.00
7.612591,926.3762,673.00
7.612591,926.4233,616.00
7.612591,926.4705,710.00
7.612591,926.5177,688.00
7.612591,926.5648,705.00
7.612591,926.6120,702.00
7.612591,926.6591,712.00
7.612591,926.7063,659.00
7.612591,926.7534,664.00
7.612591,926.8005,616.00
7.612591,926.8477,665.00
7.612591,926.8947,642.00
7.612591,926.9418,685.00
7.612591,926.9890,676.00
7.612591,927.0361,686.00
7.612591,927.0831,666.00
7.612591,927.1302,689.00
7.612591,927.1773,630.00
7.612591,927.2244,714.00
7.612591,927.2715,639.00
7.612591,927.3185,685.00
7.612591,927.3656,664.00
7.612591,927.4126,687.00
7.612591,927.4597,715.00
7.612591,927.5067,679.00
7.612591,927.5538,650.00
7.612591,927.6008,698.00
7.612591,927.6478,655.00
7.612591,927.6949,743.00
7.612591,927.7419,657.00
7.612591,927.7888,709.00
7.612591,927.8358,691.00
7.612591,927.8829,713.00
7.612591,927.9299,645.00
7.612591,927.9769,722.00
7.612591,928.0239,646.00
7.612591,928.0708,687.00
7.612591,928.1177,652.00
7.612591,928.1648,714.00
7.612591,928.2117,691.00
7.612591,928.2587,691.00
7.612591,928.3056,661.00
7.612591,928.3525,668.00
7.612591,928.3995,653.00
7.612591,928.4465,699.00
7.612591,928.4934,657.00
7.612591,928.5402,704.00
7.612591,928.5872,654.00
7.612591,928.6340,714.00
7.612591,928.6810,663.00
7.612591,928.7279,658.00
7.612591,928.7748,684.00
7.612591,928.8217,681.00
7.612591,928.8685,647.00
7.612591,928.9155,695.00
7.612591,928.9623,631.00
7.612591,929.0092,706.00
7.612591,929.0560,624.00
7.612591,929.1028,669.00
7.612591,929.1498,645.00
7.612591,929.1965,683.00
7.612591,929.2434,667.00
7.612591,929.2902,708.00
7.612591,929.3370,636.00
7.612591,929.3839,708.00
7.612591,929.4307,669.00
7.612591,929.4775,673.00
7.612591,929.5243,670.00
7.612591,929.5710,658.00
7.612591,929.6179,654.00
7.612591,929.6647,700.00
7.612591,929.7115,652.00
7.612591,929.7582,671.00
7.612591,929.8050,633.00
7.612591,929.8517,725.00
7.612591,929.8986,650.00
7.612591,929.9453,656.00
7.612591,929.9921,653.00
7.612591,930.0388,714.00
7.612591,930.0854,636.00
7.612591,930.1323,701.00
7.612591,930.1790,624.00
7.612591,930.2256,692.00
7.612591,930.2724,673.00
7.612591,930.3191,686.00
7.612591,930.3658,660.00
7.612591,930.4125,684.00
7.612591,930.4592,614.00
7.612591,930.5059,722.00
7.612591,930.5526,645.00
7.612591,930.5993,684.00
7.612591,930.6459,688.00
7.612591,930.6926,697.00
7.612591,930.7392,685.00
7.612591,930.7859,706.00
7.612591,930.8325,646.00
7.612591,930.8792,686.00
7.612591,930.9258,682.00
7.612591,930.9725,702.00
7.612591,931.0190,683.00
7.612591,931.0657,723.00
7.612591,931.1123,747.00
7.612591,931.1589,731.00
7.612591,931.2055,721.00
7.612591,931.2521,831.00
7.612591,931.2987,751.00
7.612591,931.3453,749.00
7.612591,931.3919,707.00
7.612591,931.4385,742.00
7.612591,931.4850,751.00
7.612591,931.5316,817.00
7.612591,931.5782,810.00
7.612591,931.6248,877.00
7.612591,931.6713,937.00
7.612591,931.7178,1011.00
7.612591,931.7643,870.00
7.612591,931.8109,969.00
7.612591,931.8574,1072.00
7.612591,931.9039,1344.00
7.612591,931.9504,1735.00
7.612591,931.9969,2579.00
7.612591,932.0435,4002.00
7.612591,932.0900,7574.00
7.612591,932.1365,11558.00
7.612591,932.1829,11479.00
7.612591,932.2294,8405.00
7.612591,932.2759,8499.00
7.612591,932.3223,12151.00
7.612591,932.3688,12635.00
7.612591,932.4153,7951.00
7.612591,932.4617,3718.00
7.612591,932.5082,1853.00
7.612591,932.5546,1553.00
7.612591,932.6011,1587.00
7.612591,932.6475,1693.00
7.612591,932.6939,1875.00
7.612591,932.7402,2094.00
7.612591,932.7867,1972.00
7.612591,932.8331,1619.00
7.612591,932.8795,1116.00
7.612591,932.9259,1049.00
7.612591,932.9723,1025.00
7.612591,933.0187,1064.00
7.612591,933.0651,893.00
7.612591,933.1115,770.00
7.612591,933.1578,730.00
7.612591,933.2042,698.00
7.612591,933.2505,688.00
7.612591,933.2969,750.00
7.612591,933.3433,731.00
7.612591,933.3896,741.00
7.612591,933.4359,695.00
7.612591,933.4822,742.00
7.612591,933.5286,673.00
7.612591,933.5749,709.00
7.612591,933.6212,742.00
7.612591,933.6675,707.00
7.612591,933.7138,681.00
7.612591,933.7601,726.00
7.612591,933.8064,658.00
7.612591,933.8527,695.00
7.612591,933.8989,677.00
7.612591,933.9452,698.00
7.612591,933.9915,693.00
7.612591,934.0378,691.00
7.612591,934.0840,647.00
7.612591,934.1302,728.00
7.612591,934.1765,641.00
7.612591,934.2227,720.00
7.612591,934.2690,681.00
7.612591,934.3152,707.00
7.612591,934.3614,686.00
7.612591,934.4077,702.00
7.612591,934.4539,654.00
7.612591,934.5001,722.00
7.612591,934.5463,635.00
7.612591,934.5925,741.00
7.612591,934.6387,691.00
7.612591,934.6848,709.00
7.612591,934.7310,671.00
7.612591,934.7772,711.00
7.612591,934.8234,634.00
7.612591,934.8695,677.00
7.612591,934.9156,664.00
7.612591,934.9619,715.00
7.612591,935.0080,681.00
7.612591,935.0541,709.00
7.612591,935.1002,670.00
7.612591,935.1464,698.00
7.612591,935.1925,641.00
7.612591,935.2386,716.00
7.612591,935.2847,662.00
7.612591,935.3308,717.00
7.612591,935.3769,645.00
7.612591,935.4230,716.00
7.612591,935.4691,678.00
7.612591,935.5152,691.00
7.612591,935.5613,682.00
7.612591,935.6073,712.00
7.612591,935.6534,646.00
7.612591,935.6995,697.00
7.612591,935.7455,633.00
7.612591,935.7916,707.00
7.612591,935.8376,672.00
7.612591,935.8837,733.00
7.612591,935.9297,656.00
7.612591,935.9757,678.00
7.612591,936.0217,631.00
7.612591,936.0677,658.00
7.612591,936.1137,630.00
7.612591,936.1598,692.00
7.612591,936.2057,639.00
7.612591,936.2518,697.00
7.612591,936.2977,659.00
7.612591,936.3437,679.00
7.612591,936.3896,614.00
7.612591,936.4357,653.00
7.612591,936.4816,608.00
7.612591,936.5275,685.00
7.612591,936.5735,617.00
7.612591,936.6194,681.00
7.612591,936.6654,658.00
7.612591,936.7114,636.00
7.612591,936.7573,606.00
7.612591,936.8032,646.00
7.612591,936.8491,574.00
7.612591,936.8950,651.00
7.612591,936.9409,604.00
7.612591,936.9868,689.00
7.612591,937.0327,629.00
7.612591,937.0786,697.00
7.612591,937.1245,619.00
7.612591,937.1704,656.00
7.612591,937.2162,618.00
7.612591,937.2621,668.00
7.612591,937.3080,600.00
7.612591,937.3539,659.00
7.612591,937.3997,612.00
7.612591,937.4455,681.00
7.612591,937.4913,636.00
7.612591,937.5372,648.00
7.612591,937.5831,627.00
7.612591,937.6289,638.00
7.612591,937.6747,640.00
7.612591,937.7205,678.00
7.612591,937.7663,620.00
7.612591,937.8121,675.00
7.612591,937.8579,609.00
7.612591,937.9037,634.00
7.612591,937.9495,613.00
7.612591,937.9952,668.00
7.612591,938.0410,609.00
7.612591,938.0868,670.00
7.612591,938.1325,589.00
7.612591,938.1783,702.00
7.612591,938.2240,596.00
7.612591,938.2698,676.00
7.612591,938.3155,627.00
7.612591,938.3613,634.00
7.612591,938.4069,587.00
7.612591,938.4527,634.00
7.612591,938.4984,608.00
7.612591,938.5441,687.00
7.612591,938.5898,625.00
7.612591,938.6356,673.00
7.612591,938.6812,627.00
7.612591,938.7269,682.00
7.612591,938.7726,601.00
7.612591,938.8182,668.00
7.612591,938.8640,648.00
7.612591,938.9096,689.00
7.612591,938.9552,621.00
7.612591,939.0010,638.00
7.612591,939.0466,660.00
7.612591,939.0922,664.00
7.612591,939.1378,682.00
7.612591,939.1835,708.00
7.612591,939.2291,601.00
7.612591,939.2747,686.00
7.612591,939.3203,626.00
7.612591,939.3659,697.00
7.612591,939.4115,656.00
7.612591,939.4570,686.00
7.612591,939.5027,685.00
7.612591,939.5483,675.00
7.612591,939.5939,608.00
7.612591,939.6395,710.00
7.612591,939.6851,635.00
7.612591,939.7306,720.00
7.612591,939.7761,667.00
7.612591,939.8217,704.00
7.612591,939.8672,697.00
7.612591,939.9127,687.00
7.612591,939.9583,698.00
7.612591,940.0038,693.00
7.612591,940.0493,658.00
7.612591,940.0948,714.00
7.612591,940.1403,639.00
7.612591,940.1859,743.00
7.612591,940.2314,654.00
7.612591,940.2769,711.00
7.612591,940.3223,669.00
7.612591,940.3678,711.00
7.612591,940.4133,661.00
7.612591,940.4588,719.00
7.612591,940.5042,655.00
7.612591,940.5497,720.00
7.612591,940.5952,637.00
7.612591,940.6406,724.00
7.612591,940.6860,695.00
7.612591,940.7315,687.00
7.612591,940.7769,666.00
7.612591,940.8223,720.00
7.612591,940.8677,654.00
7.612591,940.9132,707.00
7.612591,940.9586,661.00
7.612591,941.0040,727.00
7.612591,941.0494,698.00
7.612591,941.0948,691.00
7.612591,941.1402,677.00
7.612591,941.1855,690.00
7.612591,941.2310,635.00
7.612591,941.2762,711.00
7.612591,941.3216,617.00
7.612591,941.3670,718.00
7.612591,941.4124,657.00
7.612591,941.4577,685.00
7.612591,941.5031,675.00
7.612591,941.5483,678.00
7.612591,941.5937,637.00
7.612591,941.6390,700.00
7.612591,941.6843,664.00
7.612591,941.7296,689.00
7.612591,941.7749,657.00
7.612591,941.8203,700.00
7.612591,941.8655,690.00
7.612591,941.9108,662.00
7.612591,941.9561,666.00
7.612591,942.0013,698.00
7.612591,942.0467,634.00
7.612591,942.0920,709.00
7.612591,942.1372,685.00
7.612591,942.1824,723.00
7.612591,942.2277,683.00
7.612591,942.2729,705.00
7.612591,942.3182,656.00
7.612591,942.3634,702.00
7.612591,942.4086,685.00
7.612591,942.4539,679.00
7.612591,942.4990,646.00
7.612591,942.5443,704.00
7.612591,942.5895,655.00
7.612591,942.6347,676.00
7.612591,942.6798,661.00
7.612591,942.7250,683.00
7.612591,942.7702,686.00
7.612591,942.8154,687.00
7.612591,942.8606,608.00
7.612591,942.9058,696.00
7.612591,942.9508,653.00
7.612591,942.9960,691.00
7.612591,943.0412,663.00
7.612591,943.0864,684.00
7.612591,943.1314,648.00
7.612591,943.1766,718.00
7.612591,943.2217,673.00
7.612591,943.2668,719.00
7.612591,943.3120,648.00
7.612591,943.3571,706.00
7.612591,943.4021,655.00
7.612591,943.4473,712.00
7.612591,943.4923,647.00
7.612591,943.5374,670.00
7.612591,943.5825,659.00
7.612591,943.6276,725.00
7.612591,943.6725,626.00
7.612591,943.7177,695.00
7.612591,943.7627,689.00
7.612591,943.8078,665.00
7.612591,943.8528,672.00
7.612591,943.8978,677.00
7.612591,943.9429,649.00
7.612591,943.9879,712.00
7.612591,944.0330,628.00
7.612591,944.0779,710.00
7.612591,944.1229,684.00
7.612591,944.1679,722.00
7.612591,944.2130,670.00
7.612591,944.2579,712.00
7.612591,944.3029,633.00
7.612591,944.3478,656.00
7.612591,944.3929,651.00
7.612591,944.4379,739.00
7.612591,944.4828,630.00
7.612591,944.5277,714.00
7.612591,944.5727,676.00
7.612591,944.6176,685.00
7.612591,944.6626,687.00
7.612591,944.7076,679.00
7.612591,944.7524,631.00
7.612591,944.7974,704.00
7.612591,944.8423,644.00
7.612591,944.8872,707.00
7.612591,944.9321,723.00
7.612591,944.9770,711.00
7.612591,945.0219,662.00
7.612591,945.0667,704.00
7.612591,945.1116,655.00
7.612591,945.1566,697.00
7.612591,945.2014,639.00
7.612591,945.2463,699.00
7.612591,945.2911,648.00
7.612591,945.3360,741.00
7.612591,945.3808,700.00
7.612591,945.4257,729.00
7.612591,945.4705,625.00
7.612591,945.5153,702.00
7.612591,945.5601,620.00
7.612591,945.6050,724.00
7.612591,945.6498,666.00
7.612591,945.6946,696.00
7.612591,945.7394,653.00
7.612591,945.7842,672.00
7.612591,945.8290,660.00
7.612591,945.8738,699.00
7.612591,945.9186,680.00
7.612591,945.9633,676.00
7.612591,946.0081,622.00
7.612591,946.0529,688.00
7.612591,946.0976,655.00
7.612591,946.1423,668.00
7.612591,946.1871,652.00
7.612591,946.2318,687.00
7.612591,946.2766,602.00
7.612591,946.3213,677.00
7.612591,946.3660,608.00
7.612591,946.4107,718.00
7.612591,946.4554,671.00
7.612591,946.5001,685.00
7.612591,946.5449,674.00
7.612591,946.5895,646.00
7.612591,946.6342,639.00
7.612591,946.6789,691.00
7.612591,946.7236,630.00
7.612591,946.7682,681.00
7.612591,946.8129,667.00
7.612591,946.8575,705.00
7.612591,946.9022,635.00
7.612591,946.9468,707.00
7.612591,946.9915,666.00
7.612591,947.0361,703.00
7.612591,947.0807,636.00
7.612591,947.1253,685.00
7.612591,947.1700,623.00
7.612591,947.2146,703.00
7.612591,947.2592,637.00
7.612591,947.3038,686.00
7.612591,947.3483,672.00
7.612591,947.3929,671.00
7.612591,947.4376,621.00
7.612591,947.4821,686.00
7.612591,947.5267,627.00
7.612591,947.5712,694.00
7.612591,947.6158,645.00
7.612591,947.6604,686.00
7.612591,947.7050,627.00
7.612591,947.7495,661.00
7.612591,947.7939,643.00
7.612591,947.8385,692.00
7.612591,947.8831,605.00
7.612591,947.9276,683.00
7.612591,947.9720,660.00
7.612591,948.0166,651.00
7.612591,948.0611,636.00
7.612591,948.1056,652.00
7.612591,948.1501,615.00
7.612591,948.1945,676.00
7.612591,948.2390,623.00
7.612591,948.2835,686.00
7.612591,948.3279,616.00
7.612591,948.3724,681.00
7.612591,948.4169,620.00
7.612591,948.4613,677.00
7.612591,948.5057,631.00
7.612591,948.5502,624.00
7.612591,948.5947,600.00
7.612591,948.6391,698.00
7.612591,948.6835,638.00
7.612591,948.7279,691.00
7.612591,948.7723,646.00
7.612591,948.8167,668.00
7.612591,948.8611,619.00
7.612591,948.9055,635.00
7.612591,948.9498,615.00
7.612591,948.9943,657.00
7.612591,949.0387,652.00
7.612591,949.0830,683.00
7.612591,949.1273,623.00
7.612591,949.1718,671.00
7.612591,949.2161,632.00
7.612591,949.2604,638.00
7.612591,949.3047,615.00
7.612591,949.3491,637.00
7.612591,949.3934,601.00
7.612591,949.4377,630.00
7.612591,949.4821,589.00
7.612591,949.5264,691.00
7.612591,949.5707,638.00
7.612591,949.6150,650.00
7.612591,949.6592,641.00
7.612591,949.7036,656.00
7.612591,949.7479,619.00
7.612591,949.7921,681.00
7.612591,949.8363,611.00
7.612591,949.8806,658.00
7.612591,949.9249,660.00
7.612591,949.9692,685.00
7.612591,950.0134,628.00
7.612591,950.0576,675.00
7.612591,950.1019,637.00
7.612591,950.1461,692.00
7.612591,950.1903,612.00
7.612591,950.2346,702.00
7.612591,950.2787,639.00
7.612591,950.3229,662.00
7.612591,950.3671,616.00
7.612591,950.4114,698.00
7.612591,950.4555,671.00
7.612591,950.4997,693.00
7.612591,950.5439,635.00
7.612591,950.5880,736.00
7.612591,950.6322,625.00
7.612591,950.6763,673.00
7.612591,950.7205,642.00
7.612591,950.7646,655.00
7.612591,950.8088,640.00
7.612591,950.8530,678.00
7.612591,950.8971,638.00
7.612591,950.9412,665.00
7.612591,950.9853,601.00
7.612591,951.0294,712.00
7.612591,951.0735,639.00
7.612591,951.1177,691.00
7.612591,951.1617,656.00
7.612591,951.2057,668.00
7.612591,951.2499,660.00
7.612591,951.2939,653.00
7.612591,951.3380,621.00
7.612591,951.3821,686.00
7.612591,951.4261,634.00
7.612591,951.4702,678.00
7.612591,951.5142,658.00
7.612591,951.5582,680.00
7.612591,951.6024,639.00
7.612591,951.6464,701.00
7.612591,951.6904,645.00
7.612591,951.7344,697.00
7.612591,951.7784,602.00
7.612591,951.8224,699.00
7.612591,951.8665,642.00
7.612591,951.9104,686.00
7.612591,951.9544,636.00
7.612591,951.9984,669.00
7.612591,952.0424,645.00
7.612591,952.0864,665.00
7.612591,952.1303,619.00
7.612591,952.1743,728.00
7.612591,952.2183,644.00
7.612591,952.2621,706.00
7.612591,952.3061,670.00
7.612591,952.3500,709.00
7.612591,952.3940,652.00
7.612591,952.4379,676.00
7.612591,952.4818,631.00
7.612591,952.5258,709.00
7.612591,952.5696,654.00
7.612591,952.6136,724.00
7.612591,952.6574,650.00
7.612591,952.7014,705.00
7.612591,952.7452,644.00
7.612591,952.7891,673.00
7.612591,952.8330,656.00
7.612591,952.8768,695.00
7.612591,952.9207,648.00
7.612591,952.9645,724.00
7.612591,953.0084,632.00
7.612591,953.0522,670.00
7.612591,953.0961,649.00
7.612591,953.1400,670.00
7.612591,953.1838,662.00
7.612591,953.2275,678.00
7.612591,953.2714,637.00
7.612591,953.3152,730.00
7.612591,953.3589,645.00
7.612591,953.4028,701.00
7.612591,953.4466,657.00
7.612591,953.4904,662.00
7.612591,953.5341,673.00
7.612591,953.5779,672.00
7.612591,953.6217,588.00
7.612591,953.6654,660.00
7.612591,953.7092,603.00
7.612591,953.7529,696.00
7.612591,953.7967,602.00
7.612591,953.8405,652.00
7.612591,953.8842,662.00
7.612591,953.9279,635.00
7.612591,953.9716,612.00
7.612591,954.0153,673.00
7.612591,954.0590,614.00
7.612591,954.1027,653.00
7.612591,954.1464,671.00
7.612591,954.1901,664.00
7.612591,954.2338,656.00
7.612591,954.2774,667.00
7.612591,954.3212,628.00
7.612591,954.3648,659.00
7.612591,954.4084,596.00
7.612591,954.4521,696.00
7.612591,954.4958,627.00
7.612591,954.5394,674.00
7.612591,954.5831,629.00
7.612591,954.6267,638.00
7.612591,954.6703,648.00
7.612591,954.7139,651.00
7.612591,954.7576,597.00
7.612591,954.8012,684.00
7.612591,954.8448,613.00
7.612591,954.8884,694.00
7.612591,954.9319,631.00
7.612591,954.9755,676.00
7.612591,955.0191,630.00
7.612591,955.0627,610.00
7.612591,955.1063,601.00
7.612591,955.1498,629.00
7.612591,955.1934,578.00
7.612591,955.2369,639.00
7.612591,955.2805,611.00
7.612591,955.3240,668.00
7.612591,955.3675,632.00
7.612591,955.4111,667.00
7.612591,955.4546,599.00
7.612591,955.4981,637.00
7.612591,955.5416,590.00
7.612591,955.5851,646.00
7.612591,955.6285,609.00
7.612591,955.6722,673.00
7.612591,955.7156,640.00
7.612591,955.7590,659.00
7.612591,955.8025,613.00
7.612591,955.8460,668.00
7.612591,955.8895,616.00
7.612591,955.9329,678.00
7.612591,955.9764,647.00
7.612591,956.0198,646.00
7.612591,956.0632,618.00
7.612591,956.1067,712.00
7.612591,956.1501,635.00
7.612591,956.1935,621.00
7.612591,956.2369,617.00
7.612591,956.2803,621.00
7.612591,956.3238,596.00
7.612591,956.3671,691.00
7.612591,956.4105,640.00
7.612591,956.4539,686.00
7.612591,956.4973,622.00
7.612591,956.5406,606.00
7.612591,956.5841,635.00
7.612591,956.6274,660.00
7.612591,956.6707,597.00
7.612591,956.7141,665.00
7.612591,956.7575,631.00
7.612591,956.8008,663.00
7.612591,956.8442,628.00
7.612591,956.8875,656.00
7.612591,956.9308,648.00
7.612591,956.9741,673.00
7.612591,957.0174,623.00
7.612591,957.0607,676.00
7.612591,957.1040,606.00
7.612591,957.1473,712.00
7.612591,957.1906,630.00
7.612591,957.2339,673.00
7.612591,957.2772,638.00
7.612591,957.3204,669.00
7.612591,957.3636,614.00
7.612591,957.4069,673.00
7.612591,957.4502,622.00
7.612591,957.4934,665.00
7.612591,957.5366,630.00
7.612591,957.5799,677.00
7.612591,957.6230,624.00
7.612591,957.6664,665.00
7.612591,957.7095,644.00
7.612591,957.7527,665.00
7.612591,957.7959,618.00
7.612591,957.8392,692.00
7.612591,957.8823,652.00
7.612591,957.9255,682.00
7.612591,957.9687,652.00
7.612591,958.0118,667.00
7.612591,958.0551,644.00
7.612591,958.0983,692.00
7.612591,958.1414,609.00
7.612591,958.1845,672.00
7.612591,958.2277,613.00
7.612591,958.2708,700.00
7.612591,958.3139,656.00
7.612591,958.3571,684.00
7.612591,958.4001,644.00
7.612591,958.4432,672.00
7.612591,958.4864,636.00
7.612591,958.5295,668.00
7.612591,958.5726,654.00
7.612591,958.6157,684.00
7.612591,958.6588,642.00
7.612591,958.7018,694.00
7.612591,958.7449,600.00
7.612591,958.7879,675.00
7.612591,958.8311,626.00
7.612591,958.8741,687.00
7.612591,958.9171,603.00
7.612591,958.9601,700.00
7.612591,959.0032,629.00
7.612591,959.0463,699.00
7.612591,959.0893,661.00
7.612591,959.1323,667.00
7.612591,959.1752,658.00
7.612591,959.2183,678.00
7.612591,959.2613,643.00
7.612591,959.3043,658.00
7.612591,959.3472,627.00
7.612591,959.3903,679.00
7.612591,959.4332,643.00
7.612591,959.4763,683.00
7.612591,959.5192,633.00
7.612591,959.5621,627.00
7.612591,959.6051,633.00
7.612591,959.6480,647.00
7.612591,959.6910,587.00
7.612591,959.7339,662.00
7.612591,959.7768,599.00
7.612591,959.8198,636.00
7.612591,959.8627,619.00
7.612591,959.9056,637.00
7.612591,959.9485,601.00
7.612591,959.9915,619.00
7.612591,960.0343,574.00
7.612591,960.0771,669.00
7.612591,960.1201,594.00
7.612591,960.1630,628.00
7.612591,960.2058,639.00
7.612591,960.2487,623.00
7.612591,960.2915,598.00
7.612591,960.3344,623.00
7.612591,960.3773,578.00
7.612591,960.4200,631.00
7.612591,960.4629,609.00
7.612591,960.5057,667.00
7.612591,960.5485,597.00
7.612591,960.5914,629.00
7.612591,960.6342,619.00
7.612591,960.6770,596.00
7.612591,960.7198,591.00
7.612591,960.7626,632.00
7.612591,960.8054,590.00
7.612591,960.8481,661.00
7.612591,960.8909,638.00
7.612591,960.9337,659.00
7.612591,960.9764,624.00
7.612591,961.0192,635.00
7.612591,961.0620,614.00
7.612591,961.1047,605.00
7.612591,961.1475,585.00
7.612591,961.1902,642.00
7.612591,961.2329,605.00
7.612591,961.2757,651.00
7.612591,961.3184,654.00
7.612591,961.3611,590.00
7.612591,961.4037,613.00
7.612591,961.4465,646.00
7.612591,961.4892,605.00
7.612591,961.5319,651.00
7.612591,961.5745,567.00
7.612591,961.6172,646.00
7.612591,961.6599,633.00
7.612591,961.7026,684.00
7.612591,961.7452,621.00
7.612591,961.7878,589.00
7.612591,961.8304,629.00
7.612591,961.8731,646.00
7.612591,961.9157,586.00
7.612591,961.9584,650.00
7.612591,962.0010,626.00
7.612591,962.0436,658.00
7.612591,962.0862,621.00
7.612591,962.1288,643.00
7.612591,962.1714,599.00
7.612591,962.2140,621.00
7.612591,962.2565,587.00
7.612591,962.2991,668.00
7.612591,962.3417,589.00
7.612591,962.3843,635.00
7.612591,962.4268,620.00
7.612591,962.4694,633.00
7.612591,962.5119,646.00
7.612591,962.5545,672.00
7.612591,962.5970,613.00
7.612591,962.6396,676.00
7.612591,962.6821,596.00
7.612591,962.7246,695.00
7.612591,962.7671,626.00
7.612591,962.8096,656.00
7.612591,962.8522,616.00
7.612591,962.8947,612.00
7.612591,962.9371,603.00
7.612591,962.9796,655.00
7.612591,963.0222,588.00
7.612591,963.0646,650.00
7.612591,963.1070,622.00
7.612591,963.1495,663.00
7.612591,963.1919,619.00
7.612591,963.2344,600.00
7.612591,963.2768,611.00
7.612591,963.3193,643.00
7.612591,963.3616,571.00
7.612591,963.4041,663.00
7.612591,963.4465,594.00
7.612591,963.4889,655.00
7.612591,963.5314,623.00
7.612591,963.5737,649.00
7.612591,963.6161,627.00
7.612591,963.6585,629.00
7.612591,963.7009,569.00
7.612591,963.7433,631.00
7.612591,963.7856,596.00
7.612591,963.8280,673.00
7.612591,963.8704,584.00
7.612591,963.9127,644.00
7.612591,963.9551,631.00
7.612591,963.9974,630.00
7.612591,964.0397,618.00
7.612591,964.0820,664.00
7.612591,964.1244,586.00
7.612591,964.1667,673.00
7.612591,964.2090,611.00
7.612591,964.2513,671.00
7.612591,964.2936,628.00
7.612591,964.3359,647.00
7.612591,964.3782,602.00
7.612591,964.4205,631.00
7.612591,964.4627,591.00
7.612591,964.5050,672.00
7.612591,964.5472,603.00
7.612591,964.5895,697.00
7.612591,964.6317,639.00
7.612591,964.6740,651.00
7.612591,964.7162,662.00
7.612591,964.7585,643.00
7.612591,964.8007,592.00
7.612591,964.8429,643.00
7.612591,964.8851,601.00
7.612591,964.9273,621.00
7.612591,964.9695,589.00
7.612591,965.0118,656.00
7.612591,965.0539,615.00
7.612591,965.0961,640.00
7.612591,965.1382,656.00
7.612591,965.1805,654.00
7.612591,965.2226,610.00
7.612591,965.2648,659.00
7.612591,965.3069,602.00
7.612591,965.3491,652.00
7.612591,965.3912,615.00
7.612591,965.4333,661.00
7.612591,965.4755,607.00
7.612591,965.5176,621.00
7.612591,965.5598,620.00
7.612591,965.6019,671.00
7.612591,965.6439,640.00
7.612591,965.6861,663.00
7.612591,965.7281,616.00
7.612591,965.7702,618.00
7.612591,965.8123,597.00
7.612591,965.8543,638.00
7.612591,965.8964,605.00
7.612591,965.9385,666.00
7.612591,965.9806,613.00
7.612591,966.0226,654.00
7.612591,966.0647,591.00
7.612591,966.1068,614.00
7.612591,966.1487,649.00
7.612591,966.1907,648.00
7.612591,966.2328,623.00
7.612591,966.2748,657.00
7.612591,966.3168,619.00
7.612591,966.3588,672.00
7.612591,966.4008,624.00
7.612591,966.4427,629.00
7.612591,966.4848,610.00
7.612591,966.5268,615.00
7.612591,966.5688,606.00
7.612591,966.6107,636.00
7.612591,966.6526,600.00
7.612591,966.6946,657.00
7.612591,966.7366,577.00
7.612591,966.7785,669.00
7.612591,966.8204,624.00
7.612591,966.8624,648.00
7.612591,966.9042,624.00
7.612591,966.9462,632.00
7.612591,966.9881,590.00
7.612591,967.0300,616.00
7.612591,967.0719,588.00
7.612591,967.1138,656.00
7.612591,967.1556,598.00
7.612591,967.1976,627.00
7.612591,967.2394,628.00
7.612591,967.2813,592.00
7.612591,967.3232,606.00
7.612591,967.3651,641.00
7.612591,967.4070,589.00
7.612591,967.4488,660.00
7.612591,967.4906,604.00
7.612591,967.5324,669.00
7.612591,967.5743,656.00
7.612591,967.6161,660.00
7.612591,967.6579,614.00
7.612591,967.6997,654.00
7.612591,967.7415,606.00
7.612591,967.7833,646.00
7.612591,967.8251,594.00
7.612591,967.8669,667.00
7.612591,967.9087,633.00
7.612591,967.9504,627.00
7.612591,967.9922,619.00
7.612591,968.0339,653.00
7.612591,968.0757,609.00
7.612591,968.1174,668.00
7.612591,968.1592,583.00
7.612591,968.2009,633.00
7.612591,968.2427,594.00
7.612591,968.2844,670.00
7.612591,968.3262,662.00
7.612591,968.3679,625.00
7.612591,968.4095,606.00
7.612591,968.4512,663.00
7.612591,968.4930,595.00
7.612591,968.5347,659.00
7.612591,968.5763,620.00
7.612591,968.6180,665.00
7.612591,968.6597,605.00
7.612591,968.7014,663.00
7.612591,968.7430,631.00
7.612591,968.7846,666.00
7.612591,968.8263,600.00
7.612591,968.8679,666.00
7.612591,968.9095,595.00
7.612591,968.9512,691.00
7.612591,968.9928,645.00
7.612591,969.0344,624.00
7.612591,969.0761,621.00
7.612591,969.1177,623.00
7.612591,969.1592,601.00
7.612591,969.2009,630.00
7.612591,969.2424,620.00
7.612591,969.2839,680.00
7.612591,969.3255,591.00
7.612591,969.3672,662.00
7.612591,969.4087,613.00
7.612591,969.4503,662.00
7.612591,969.4918,612.00
7.612591,969.5333,649.00
7.612591,969.5749,581.00
7.612591,969.6165,648.00
7.612591,969.6580,613.00
7.612591,969.6995,652.00
7.612591,969.7410,648.00
7.612591,969.7825,646.00
7.612591,969.8240,626.00
7.612591,969.8655,632.00
7.612591,969.9070,564.00
7.612591,969.9484,684.00
7.612591,969.9899,589.00
7.612591,970.0314,637.00
7.612591,970.0728,626.00
7.612591,970.1143,612.00
7.612591,970.1558,624.00
7.612591,970.1971,634.00
7.612591,970.2386,582.00
7.612591,970.2801,629.00
7.612591,970.3215,562.00
7.612591,970.3629,654.00
7.612591,970.4044,593.00
7.612591,970.4457,647.00
7.612591,970.4872,612.00
7.612591,970.5286,607.00
7.612591,970.5699,591.00
7.612591,970.6113,626.00
7.612591,970.6527,587.00
7.612591,970.6941,612.00
7.612591,970.7354,601.00
7.612591,970.7768,587.00
7.612591,970.8182,601.00
7.612591,970.8595,661.00
7.612591,970.9009,594.00
7.612591,970.9422,606.00
7.612591,970.9835,585.00
7.612591,971.0248,650.00
7.612591,971.0662,574.00
7.612591,971.1075,651.00
7.612591,971.1487,637.00
7.612591,971.1901,622.00
7.612591,971.2314,607.00
7.612591,971.2727,603.00
7.612591,971.3140,587.00
7.612591,971.3552,638.00
7.612591,971.3965,557.00
7.612591,971.4377,657.00
7.612591,971.4789,611.00
7.612591,971.5203,625.00
7.612591,971.5615,619.00
7.612591,971.6027,608.00
7.612591,971.6439,588.00
7.612591,971.6852,627.00
7.612591,971.7264,582.00
7.612591,971.7676,643.00
7.612591,971.8088,550.00
7.612591,971.8500,592.00
7.612591,971.8912,595.00
7.612591,971.9324,623.00
7.612591,971.9736,615.00
7.612591,972.0148,609.00
7.612591,972.0560,572.00
7.612591,972.0972,647.00
7.612591,972.1384,567.00
7.612591,972.1794,641.00
7.612591,972.2206,594.00
7.612591,972.2617,626.00
7.612591,972.3029,589.00
7.612591,972.3439,577.00
7.612591,972.3851,562.00
7.612591,972.4262,591.00
7.612591,972.4673,529.00
7.612591,972.5085,636.00
7.612591,972.5496,570.00
7.612591,972.5907,619.00
7.612591,972.6317,569.00
7.612591,972.6729,592.00
7.612591,972.7139,570.00
7.612591,972.7549,601.00
7.612591,972.7961,567.00
7.612591,972.8371,614.00
7.612591,972.8781,560.00
7.612591,972.9191,653.00
7.612591,972.9602,596.00
7.612591,973.0013,615.00
7.612591,973.0423,581.00
7.612591,973.0833,578.00
7.612591,973.1243,510.00
7.612591,973.1653,586.00
7.612591,973.2064,559.00
7.612591,973.2473,624.00
7.612591,973.2883,607.00
7.612591,973.3293,613.00
7.612591,973.3703,591.00
7.612591,973.4113,617.00
7.612591,973.4522,598.00
7.612591,973.4931,621.00
7.612591,973.5341,558.00
7.612591,973.5750,633.00
7.612591,973.6160,570.00
7.612591,973.6570,659.00
7.612591,973.6978,624.00
7.612591,973.7388,619.00
7.612591,973.7797,606.00
7.612591,973.8206,617.00
7.612591,973.8615,589.00
7.612591,973.9024,668.00
7.612591,973.9433,587.00
7.612591,973.9842,641.00
7.612591,974.0250,598.00
7.612591,974.0660,620.00
7.612591,974.1068,626.00
7.612591,974.1476,621.00
7.612591,974.1885,566.00
7.612591,974.2294,641.00
7.612591,974.2702,600.00
7.612591,974.3110,641.00
7.612591,974.3519,592.00
7.612591,974.3927,637.00
7.612591,974.4335,636.00
7.612591,974.4743,632.00
7.612591,974.5151,608.00
7.612591,974.5559,674.00
7.612591,974.5967,586.00
7.612591,974.6375,662.00
7.612591,974.6783,606.00
7.612591,974.7191,666.00
7.612591,974.7598,625.00
7.612591,974.8006,653.00
7.612591,974.8413,613.00
7.612591,974.8821,615.00
7.612591,974.9229,621.00
7.612591,974.9636,664.00
7.612591,975.0043,608.00
7.612591,975.0450,664.00
7.612591,975.0858,629.00
7.612591,975.1265,656.00
7.612591,975.1672,618.00
7.612591,975.2079,628.00
7.612591,975.2485,602.00
7.612591,975.2892,678.00
7.612591,975.3300,598.00
7.612591,975.3706,667.00
7.612591,975.4113,646.00
7.612591,975.4519,681.00
7.612591,975.4926,641.00
7.612591,975.5333,653.00
7.612591,975.5739,619.00
7.612591,975.6146,663.00
7.612591,975.6552,584.00
7.612591,975.6958,648.00
7.612591,975.7363,604.00
7.612591,975.7770,661.00
7.612591,975.8176,611.00
7.612591,975.8582,646.00
7.612591,975.8989,636.00
7.612591,975.9395,642.00
7.612591,975.9800,646.00
7.612591,976.0206,659.00
7.612591,976.0611,609.00
7.612591,976.1017,682.00
7.612591,976.1423,613.00
7.612591,976.1829,631.00
7.612591,976.2234,625.00
7.612591,976.2639,646.00
7.612591,976.3044,595.00
7.612591,976.3450,628.00
7.612591,976.3855,581.00
7.612591,976.4260,652.00
7.612591,976.4665,649.00
7.612591,976.5070,685.00
7.612591,976.5475,626.00
7.612591,976.5880,640.00
7.612591,976.6285,608.00
7.612591,976.6690,654.00
7.612591,976.7095,552.00
7.612591,976.7500,665.00
7.612591,976.7905,590.00
7.612591,976.8308,682.00
7.612591,976.8713,639.00
7.612591,976.9117,628.00
7.612591,976.9521,608.00
7.612591,976.9926,635.00
7.612591,977.0330,625.00
7.612591,977.0734,669.00
7.612591,977.1139,588.00
7.612591,977.1542,644.00
7.612591,977.1947,611.00
7.612591,977.2350,662.00
7.612591,977.2755,600.00
7.612591,977.3158,604.00
7.612591,977.3562,570.00
7.612591,977.3965,659.00
7.612591,977.4370,585.00
7.612591,977.4773,650.00
7.612591,977.5176,590.00
7.612591,977.5579,607.00
7.612591,977.5983,571.00
7.612591,977.6387,606.00
7.612591,977.6790,571.00
7.612591,977.7192,613.00
7.612591,977.7595,597.00
7.612591,977.7999,677.00
7.612591,977.8402,581.00
7.612591,977.8805,631.00
7.612591,977.9208,546.00
7.612591,977.9610,594.00
7.612591,978.0013,596.00
7.612591,978.0417,618.00
7.612591,978.0819,553.00
7.612591,978.1221,613.00
7.612591,978.1624,563.00
7.612591,978.2026,596.00
7.612591,978.2428,543.00
7.612591,978.2831,592.00
7.612591,978.3233,606.00
7.612591,978.3635,591.00
7.612591,978.4037,534.00
7.612591,978.4440,629.00
7.612591,978.4842,566.00
7.612591,978.5244,619.00
7.612591,978.5645,567.00
7.612591,978.6047,585.00
7.612591,978.6449,552.00
7.612591,978.6851,589.00
7.612591,978.7253,563.00
7.612591,978.7654,585.00
7.612591,978.8055,544.00
7.612591,978.8458,608.00
7.612591,978.8859,560.00
7.612591,978.9260,591.00
7.612591,978.9661,580.00
7.612591,979.0062,570.00
7.612591,979.0463,546.00
7.612591,979.0864,602.00
7.612591,979.1266,533.00
7.612591,979.1666,624.00
7.612591,979.2067,561.00
7.612591,979.2469,607.00
7.612591,979.2869,577.00
7.612591,979.3270,608.00
7.612591,979.3671,594.00
7.612591,979.4071,602.00
7.612591,979.4471,545.00
7.612591,979.4871,608.00
7.612591,979.5272,540.00
7.612591,979.5673,629.00
7.612591,979.6072,609.00
7.612591,979.6473,594.00
7.612591,979.6873,586.00
7.612591,979.7273,568.00
7.612591,979.7673,562.00
7.612591,979.8073,592.00
7.612591,979.8473,555.00
7.612591,979.8873,617.00
7.612591,979.9273,538.00
7.612591,979.9673,621.00
7.612591,980.0072,584.00
7.612591,980.0471,569.00
7.612591,980.0872,560.00
7.612591,980.1271,593.00
7.612591,980.1671,550.00
7.612591,980.2069,618.00
7.612591,980.2469,546.00
7.612591,980.2868,652.00
7.612591,980.3267,554.00
7.612591,980.3666,621.00
7.612591,980.4065,585.00
7.612591,980.4464,595.00
7.612591,980.4863,586.00
7.612591,980.5262,613.00
7.612591,980.5660,540.00
7.612591,980.6060,618.00
7.612591,980.6458,611.00
7.612591,980.6857,613.00
7.612591,980.7255,588.00
7.612591,980.7654,604.00
7.612591,980.8052,561.00
7.612591,980.8450,597.00
7.612591,980.8849,546.00
7.612591,980.9247,628.00
7.612591,980.9645,582.00
7.612591,981.0043,610.00
7.612591,981.0441,608.00
7.612591,981.0839,605.00
7.612591,981.1237,580.00
7.612591,981.1635,605.00
7.612591,981.2033,519.00
7.612591,981.2430,628.00
7.612591,981.2828,526.00
7.612591,981.3226,626.00
7.612591,981.3624,592.00
7.612591,981.4021,615.00
7.612591,981.4418,564.00
7.612591,981.4816,599.00
7.612591,981.5213,549.00
7.612591,981.5610,618.00
7.612591,981.6008,553.00
7.612591,981.6404,588.00
7.612591,981.6802,571.00
7.612591,981.7198,606.00
7.612591,981.7596,573.00
7.612591,981.7993,586.00
7.612591,981.8389,552.00
7.612591,981.8786,595.00
7.612591,981.9182,535.00
7.612591,981.9579,612.00
7.612591,981.9976,561.00
7.612591,982.0372,618.00
7.612591,982.0768,549.00
7.612591,982.1165,559.00
7.612591,982.1561,540.00
7.612591,982.1958,558.00
7.612591,982.2354,511.00
7.612591,982.2750,578.00
7.612591,982.3146,529.00
7.612591,982.3541,612.00
7.612591,982.3937,569.00
7.612591,982.4333,557.00
7.612591,982.4730,569.00
7.612591,982.5125,602.00
7.612591,982.5521,550.00
7.612591,982.5917,588.00
7.612591,982.6312,518.00
7.612591,982.6707,590.00
7.612591,982.7103,553.00
7.612591,982.7498,593.00
7.612591,982.7893,550.00
7.612591,982.8289,587.00
7.612591,982.8683,501.00
7.612591,982.9079,554.00
7.612591,982.9474,526.00
7.612591,982.9869,593.00
7.612591,983.0264,537.00
7.612591,983.0659,572.00
7.612591,983.1053,567.00
7.612591,983.1448,577.00
7.612591,983.1843,556.00
7.612591,983.2238,592.00
7.612591,983.2632,524.00
7.612591,983.3027,591.00
7.612591,983.3420,566.00
7.612591,983.3816,580.00
7.612591,983.4210,584.00
7.612591,983.4604,566.00
7.612591,983.4998,551.00
7.612591,983.5392,547.00
7.612591,983.5786,526.00
7.612591,983.6180,528.00
7.612591,983.6574,523.00
7.612591,983.6968,597.00
7.612591,983.7361,559.00
7.612591,983.7755,571.00
7.612591,983.8149,518.00
7.612591,983.8543,555.00
7.612591,983.8936,552.00
7.612591,983.9329,581.00
7.612591,983.9723,517.00
7.612591,984.0116,595.00
7.612591,984.0510,551.00
7.612591,984.0903,600.00
7.612591,984.1296,542.00
7.612591,984.1689,580.00
7.612591,984.2083,593.00
7.612591,984.2476,575.00
7.612591,984.2868,556.00
7.612591,984.3261,583.00
7.612591,984.3654,512.00
7.612591,984.4046,596.00
7.612591,984.4440,551.00
7.612591,984.4832,560.00
7.612591,984.5225,519.00
7.612591,984.5616,540.00
7.612591,984.6010,500.00
7.612591,984.6402,567.00
7.612591,984.6794,516.00
7.612591,984.7186,599.00
7.612591,984.7578,568.00
7.612591,984.7970,600.00
7.612591,984.8362,577.00
7.612591,984.8755,556.00
7.612591,984.9146,569.00
7.612591,984.9538,574.00
7.612591,984.9930,498.00
7.612591,985.0322,608.00
7.612591,985.0714,550.00
7.612591,985.1105,574.00
7.612591,985.1497,559.00
7.612591,985.1888,553.00
7.612591,985.2279,560.00
7.612591,985.2671,575.00
7.612591,985.3062,567.00
7.612591,985.3453,583.00
7.612591,985.3845,520.00
7.612591,985.4236,560.00
7.612591,985.4626,567.00
7.612591,985.5017,587.00
7.612591,985.5408,555.00
7.612591,985.5799,556.00
7.612591,985.6190,524.00
7.612591,985.6581,599.00
7.612591,985.6971,517.00
7.612591,985.7362,603.00
7.612591,985.7752,554.00
7.612591,985.8143,564.00
7.612591,985.8533,549.00
7.612591,985.8924,586.00
7.612591,985.9314,523.00
7.612591,985.9704,563.00
7.612591,986.0094,508.00
7.612591,986.0484,616.00
7.612591,986.0875,521.00
7.612591,986.1265,603.00
7.612591,986.1655,549.00
7.612591,986.2044,552.00
7.612591,986.2434,536.00
7.612591,986.2823,540.00
7.612591,986.3214,503.00
7.612591,986.3603,568.00
7.612591,986.3992,488.00
7.612591,986.4382,560.00
7.612591,986.4771,536.00
7.612591,986.5161,599.00
7.612591,986.5550,550.00
7.612591,986.5939,572.00
7.612591,986.6329,518.00
7.612591,986.6718,558.00
7.612591,986.7106,493.00
7.612591,986.7495,579.00
7.612591,986.7884,540.00
7.612591,986.8273,565.00
7.612591,986.8661,521.00
7.612591,986.9050,564.00
7.612591,986.9438,541.00
7.612591,986.9828,556.00
7.612591,987.0216,498.00
7.612591,987.0605,570.00
7.612591,987.0993,496.00
7.612591,987.1381,574.00
7.612591,987.1769,508.00
7.612591,987.2158,547.00
7.612591,987.2546,531.00
7.612591,987.2934,568.00
7.612591,987.3322,511.00
7.612591,987.3710,528.00
7.612591,987.4097,485.00
7.612591,987.4486,559.00
7.612591,987.4873,514.00
7.612591,987.5261,555.00
7.612591,987.5649,538.00
7.612591,987.6036,534.00
7.612591,987.6423,501.00
7.612591,987.6812,559.00
7.612591,987.7198,489.00
7.612591,987.7586,575.00
7.612591,987.7972,523.00
7.612591,987.8361,550.00
7.612591,987.8748,509.00
7.612591,987.9135,536.00
7.612591,987.9521,519.00
7.612591,987.9908,547.00
7.612591,988.0295,501.00
7.612591,988.0681,536.00
7.612591,988.1069,502.00
7.612591,988.1456,563.00
7.612591,988.1842,551.00
7.612591,988.2228,556.00
7.612591,988.2615,550.00
7.612591,988.3002,551.00
7.612591,988.3388,461.00
7.612591,988.3774,553.00
7.612591,988.4160,510.00
7.612591,988.4546,591.00
7.612591,988.4933,529.00
7.612591,988.5319,554.00
7.612591,988.5704,524.00
7.612591,988.6090,481.00
7.612591,988.6476,487.00
7.612591,988.6862,532.00
7.612591,988.7248,469.00
7.612591,988.7634,580.00
7.612591,988.8019,514.00
7.612591,988.8405,533.00
7.612591,988.8790,514.00
7.612591,988.9176,532.00
7.612591,988.9561,494.00
7.612591,988.9946,529.00
7.612591,989.0332,504.00
7.612591,989.0717,525.00
7.612591,989.1102,518.00
7.612591,989.1487,567.00
7.612591,989.1871,510.00
7.612591,989.2256,560.00
7.612591,989.2641,526.00
7.612591,989.3027,533.00
7.612591,989.3411,531.00
7.612591,989.3795,559.00
7.612591,989.4180,484.00
7.612591,989.4565,575.00
7.612591,989.4949,470.00
7.612591,989.5334,551.00
7.612591,989.5718,531.00
7.612591,989.6102,536.00
7.612591,989.6486,493.00
7.612591,989.6871,535.00
7.612591,989.7255,493.00
7.612591,989.7639,541.00
7.612591,989.8022,516.00
7.612591,989.8407,532.00
7.612591,989.8791,515.00
7.612591,989.9174,544.00
7.612591,989.9558,484.00
7.612591,989.9941,576.00
7.612591,990.0325,468.00
7.612591,990.0709,573.00
7.612591,990.1093,526.00
7.612591,990.1475,560.00
7.612591,990.1859,536.00
7.612591,990.2242,542.00
7.612591,990.2626,522.00
7.612591,990.3008,531.00
7.612591,990.3391,474.00
7.612591,990.3774,580.00
7.612591,990.4157,515.00
7.612591,990.4540,593.00
7.612591,990.4924,509.00
7.612591,990.5306,575.00
7.612591,990.5688,530.00
7.612591,990.6071,543.00
7.612591,990.6454,520.00
7.612591,990.6837,566.00
7.612591,990.7219,473.00
7.612591,990.7601,583.00
7.612591,990.7983,523.00
7.612591,990.8365,608.00
7.612591,990.8748,547.00
7.612591,990.9130,558.00
7.612591,990.9512,541.00
7.612591,990.9893,563.00
7.612591,991.0276,502.00
7.612591,991.0658,555.00
7.612591,991.1039,489.00
7.612591,991.1421,564.00
7.612591,991.1802,527.00
7.612591,991.2184,533.00
7.612591,991.2565,527.00
7.612591,991.2947,548.00
7.612591,991.3329,498.00
7.612591,991.3710,567.00
7.612591,991.4091,528.00
7.612591,991.4473,617.00
7.612591,991.4854,560.00
7.612591,991.5234,599.00
7.612591,991.5616,529.00
7.612591,991.5997,564.00
7.612591,991.6378,526.00
7.612591,991.6758,590.00
7.612591,991.7139,507.00
7.612591,991.7520,570.00
7.612591,991.7900,518.00
7.612591,991.8282,555.00
7.612591,991.8661,547.00
7.612591,991.9042,573.00
7.612591,991.9422,533.00
7.612591,991.9803,557.00
7.612591,992.0182,507.00
7.612591,992.0563,591.00
7.612591,992.0944,504.00
7.612591,992.1323,596.00
7.612591,992.1703,544.00
7.612591,992.2084,571.00
7.612591,992.2463,547.00
7.612591,992.2844,576.00
7.612591,992.3223,528.00
7.612591,992.3602,560.00
7.612591,992.3982,499.00
7.612591,992.4362,599.00
7.612591,992.4741,542.00
7.612591,992.5120,592.00
7.612591,992.5500,568.00
7.612591,992.5879,551.00
7.612591,992.6259,559.00
7.612591,992.6638,591.00
7.612591,992.7017,546.00
7.612591,992.7396,568.00
7.612591,992.7775,545.00
7.612591,992.8154,581.00
7.612591,992.8533,537.00
7.612591,992.8912,553.00
7.612591,992.9290,522.00
7.612591,992.9669,572.00
7.612591,993.0048,516.00
7.612591,993.0426,588.00
7.612591,993.0804,552.00
7.612591,993.1183,587.00
7.612591,993.1561,560.00
7.612591,993.1940,588.00
7.612591,993.2318,560.00
7.612591,993.2696,572.00
7.612591,993.3074,505.00
7.612591,993.3452,572.00
7.612591,993.3830,512.00
7.612591,993.4208,586.00
7.612591,993.4586,524.00
7.612591,993.4963,572.00
7.612591,993.5341,526.00
7.612591,993.5719,544.00
7.612591,993.6096,521.00
7.612591,993.6474,584.00
7.612591,993.6851,518.00
7.612591,993.7228,547.00
7.612591,993.7606,560.00
7.612591,993.7984,562.00
7.612591,993.8361,530.00
7.612591,993.8738,573.00
7.612591,993.9115,531.00
7.612591,993.9492,540.00
7.612591,993.9869,491.00
7.612591,994.0245,583.00
7.612591,994.0622,528.00
7.612591,994.0999,559.00
7.612591,994.1376,550.00
7.612591,994.1753,531.00
7.612591,994.2130,519.00
7.612591,994.2505,552.00
7.612591,994.2881,503.00
7.612591,994.3258,567.00
7.612591,994.3634,507.00
7.612591,994.4010,603.00
7.612591,994.4387,490.00
7.612591,994.4763,589.00
7.612591,994.5139,549.00
7.612591,994.5515,545.00
7.612591,994.5891,495.00
7.612591,994.6266,543.00
7.612591,994.6642,490.00
7.612591,994.7018,534.00
7.612591,994.7393,506.00
7.612591,994.7769,569.00
7.612591,994.8145,517.00
7.612591,994.8521,539.00
7.612591,994.8895,515.00
7.612591,994.9271,563.00
7.612591,994.9647,494.00
7.612591,995.0022,568.00
7.612591,995.0397,491.00
7.612591,995.0771,557.00
7.612591,995.1146,535.00
7.612591,995.1522,539.00
7.612591,995.1896,508.00
7.612591,995.2271,535.00
7.612591,995.2646,486.00
7.612591,995.3021,549.00
7.612591,995.3396,493.00
7.612591,995.3770,548.00
7.612591,995.4145,489.00
7.612591,995.4518,565.00
7.612591,995.4893,520.00
7.612591,995.5267,522.00
7.612591,995.5641,506.00
7.612591,995.6016,528.00
7.612591,995.6390,484.00
7.612591,995.6765,522.00
7.612591,995.7138,517.00
7.612591,995.7512,509.00
7.612591,995.7886,490.00
7.612591,995.8260,540.00
7.612591,995.8633,487.00
7.612591,995.9007,528.00
7.612591,995.9380,460.00
7.612591,995.9754,535.00
7.612591,996.0128,486.00
7.612591,996.0501,571.00
7.612591,996.0874,534.00
7.612591,996.1248,570.00
7.612591,996.1621,525.00
7.612591,996.1994,581.00
7.612591,996.2367,495.00
7.612591,996.2740,527.00
7.612591,996.3113,499.00
7.612591,996.3486,548.00
7.612591,996.3859,528.00
7.612591,996.4232,567.00
7.612591,996.4604,553.00
7.612591,996.4977,519.00
7.612591,996.5350,490.00
7.612591,996.5722,534.00
7.612591,996.6094,499.00
7.612591,996.6466,570.00
7.612591,996.6838,533.00
7.612591,996.7211,601.00
7.612591,996.7583,527.00
7.612591,996.7955,523.00
7.612591,996.8327,521.00
7.612591,996.8700,548.00
7.612591,996.9072,510.00
7.612591,996.9443,547.00
7.612591,996.9815,509.00
7.612591,997.0187,552.00
7.612591,997.0558,558.00
7.612591,997.0930,577.00
7.612591,997.1301,545.00
7.612591,997.1672,584.00
7.612591,997.2045,528.00
7.612591,997.2416,583.00
7.612591,997.2787,498.00
7.612591,997.3158,604.00
7.612591,997.3530,502.00
7.612591,997.3900,568.00
7.612591,997.4271,559.00
7.612591,997.4642,535.00
7.612591,997.5013,516.00
7.612591,997.5384,541.00
7.612591,997.5754,514.00
7.612591,997.6126,609.00
7.612591,997.6497,503.00
7.612591,997.6867,576.00
7.612591,997.7238,526.00
7.612591,997.7607,573.00
7.612591,997.7978,510.00
7.612591,997.8348,561.00
7.612591,997.8718,522.00
7.612591,997.9088,599.00
7.612591,997.9458,510.00
7.612591,997.9829,557.00
7.612591,998.0200,510.00
7.612591,998.0569,537.00
7.612591,998.0939,541.00
7.612591,998.1309,563.00
7.612591,998.1678,506.00
7.612591,998.2048,573.00
7.612591,998.2417,560.00
7.612591,998.2786,586.00
7.612591,998.3156,479.00
7.612591,998.3525,601.00
7.612591,998.3896,530.00
7.612591,998.4265,546.00
7.612591,998.4633,517.00
7.612591,998.5003,585.00
7.612591,998.5372,520.00
7.612591,998.5740,585.00
7.612591,998.6110,505.00
7.612591,998.6478,584.00
7.612591,998.6847,532.00
7.612591,998.7217,570.00
7.612591,998.7585,528.00
7.612591,998.7953,508.00
7.612591,998.8322,486.00
7.612591,998.8691,596.00
7.612591,998.9059,527.00
7.612591,998.9427,582.00
7.612591,998.9795,520.00
7.612591,999.0163,571.00
7.612591,999.0531,528.00
7.612591,999.0899,547.00
7.612591,999.1267,493.00
7.612591,999.1636,574.00
7.612591,999.2004,495.00
7.612591,999.2372,570.00
7.612591,999.2739,543.00
7.612591,999.3107,600.00
7.612591,999.3474,545.00
7.612591,999.3842,543.00
7.612591,999.4210,491.00
7.612591,999.4576,563.00
7.612591,999.4946,486.00
7.612591,999.5312,588.00
7.612591,999.5680,503.00
7.612591,999.6047,555.00
7.612591,999.6414,519.00
7.612591,999.6780,539.00
7.612591,999.7147,508.00
7.612591,999.7515,539.00
7.612591,999.7881,471.00
7.612591,999.8248,543.00
7.612591,999.8614,497.00
7.612591,999.8981,564.00
7.612591,999.9349,513.00
7.612591,999.9715,549.00
7.612591,1000.0081,503.00
7.612591,1000.0447,508.00
7.612591,1000.0814,522.00
7.612591,1000.1180,524.00
7.612591,1000.1546,468.00
7.612591,1000.1912,543.00
7.612591,1000.2278,504.00
7.612591,1000.2645,545.00
7.612591,1000.3011,550.00
7.612591,1000.3377,508.00
7.612591,1000.3742,499.00
7.612591,1000.4108,514.00
7.612591,1000.4474,472.00
7.612591,1000.4839,515.00
7.612591,1000.5204,480.00
7.612591,1000.5570,547.00
7.612591,1000.5935,475.00
7.612591,1000.6301,520.00
7.612591,1000.6667,469.00
7.612591,1000.7032,524.00
7.612591,1000.7397,485.00
7.612591,1000.7762,547.00
7.612591,1000.8127,460.00
7.612591,1000.8492,530.00
7.612591,1000.8857,512.00
7.612591,1000.9222,504.00
7.612591,1000.9586,507.00
7.612591,1000.9951,518.00
7.612591,1001.0316,463.00
7.612591,1001.0681,538.00
7.612591,1001.1046,482.00
7.612591,1001.1410,535.00
7.612591,1001.1774,485.00
7.612591,1001.2138,519.00
7.612591,1001.2502,491.00
7.612591,1001.2866,507.00
7.612591,1001.3230,509.00
7.612591,1001.3594,512.00
7.612591,1001.3958,499.00
7.612591,1001.4323,519.00
7.612591,1001.4687,489.00
7.612591,1001.5051,544.00
7.612591,1001.5414,530.00
7.612591,1001.5778,525.00
7.612591,1001.6141,499.00
7.612591,1001.6505,492.00
7.612591,1001.6868,460.00
7.612591,1001.7231,535.00
7.612591,1001.7596,478.00
7.612591,1001.7958,537.00
7.612591,1001.8322,492.00
7.612591,1001.8685,514.00
7.612591,1001.9048,471.00
7.612591,1001.9411,499.00
7.612591,1001.9774,480.00
7.612591,1002.0136,518.00
7.612591,1002.0499,451.00
7.612591,1002.0862,537.00
7.612591,1002.1224,457.00
7.612591,1002.1587,552.00
7.612591,1002.1951,495.00
7.612591,1002.2313,501.00
7.612591,1002.2675,490.00
7.612591,1002.3038,524.00
7.612591,1002.3400,498.00
7.612591,1002.3762,519.00
7.612591,1002.4124,500.00
7.612591,1002.4486,529.00
7.612591,1002.4848,462.00
7.612591,1002.5211,547.00
7.612591,1002.5573,505.00
7.612591,1002.5934,510.00
7.612591,1002.6296,484.00
7.612591,1002.6657,547.00
7.612591,1002.7019,481.00
7.612591,1002.7380,528.00
7.612591,1002.7742,529.00
7.612591,1002.8104,518.00
7.612591,1002.8464,479.00
7.612591,1002.8826,518.00
7.612591,1002.9187,424.00
7.612591,1002.9549,528.00
7.612591,1002.9910,493.00
7.612591,1003.0271,563.00
7.612591,1003.0632,477.00
7.612591,1003.0992,560.00
7.612591,1003.1354,512.00
7.612591,1003.1714,510.00
7.612591,1003.2075,511.00
7.612591,1003.2435,520.00
7.612591,1003.2797,478.00
7.612591,1003.3157,564.00
7.612591,1003.3518,511.00
7.612591,1003.3878,531.00
7.612591,1003.4238,504.00
7.612591,1003.4598,537.00
7.612591,1003.4958,480.00
7.612591,1003.5319,487.00
7.612591,1003.5678,473.00
7.612591,1003.6039,560.00
7.612591,1003.6398,480.00
7.612591,1003.6759,560.00
7.612591,1003.7119,497.00
7.612591,1003.7479,548.00
7.612591,1003.7838,480.00
7.612591,1003.8198,504.00
7.612591,1003.8557,478.00
7.612591,1003.8917,538.00
7.612591,1003.9276,424.00
7.612591,1003.9635,520.00
7.612591,1003.9995,488.00
7.612591,1004.0354,523.00
7.612591,1004.0714,491.00
7.612591,1004.1072,496.00
7.612591,1004.1431,496.00
7.612591,1004.1790,502.00
7.612591,1004.2149,463.00
7.612591,1004.2508,497.00
7.612591,1004.2866,440.00
7.612591,1004.3225,548.00
7.612591,1004.3583,511.00
7.612591,1004.3942,519.00
7.612591,1004.4302,484.00
7.612591,1004.4660,502.00
7.612591,1004.5018,442.00
7.612591,1004.5376,507.00
7.612591,1004.5734,463.00
7.612591,1004.6093,542.00
7.612591,1004.6450,485.00
7.612591,1004.6808,513.00
7.612591,1004.7166,483.00
7.612591,1004.7525,509.00
7.612591,1004.7883,477.00
7.612591,1004.8240,504.00
7.612591,1004.8598,488.00
7.612591,1004.8956,547.00
7.612591,1004.9313,464.00
7.612591,1004.9670,534.00
7.612591,1005.0027,496.00
7.612591,1005.0385,522.00
7.612591,1005.0742,489.00
7.612591,1005.1099,500.00
7.612591,1005.1456,473.00
7.612591,1005.1815,540.00
7.612591,1005.2172,447.00
7.612591,1005.2529,522.00
7.612591,1005.2885,526.00
7.612591,1005.3242,496.00
7.612591,1005.3599,498.00
7.612591,1005.3955,503.00
7.612591,1005.4312,497.00
7.612591,1005.4669,541.00
7.612591,1005.5026,490.00
7.612591,1005.5382,563.00
7.612591,1005.5739,543.00
7.612591,1005.6095,516.00
7.612591,1005.6451,514.00
7.612591,1005.6807,505.00
7.612591,1005.7162,487.00
7.612591,1005.7519,489.00
7.612591,1005.7875,468.00
7.612591,1005.8231,553.00
7.612591,1005.8586,492.00
7.612591,1005.8942,539.00
7.612591,1005.9299,496.00
7.612591,1005.9655,526.00
7.612591,1006.0010,496.00
7.612591,1006.0365,532.00
7.612591,1006.0720,485.00
7.612591,1006.1076,532.00
7.612591,1006.1431,511.00
7.612591,1006.1786,554.00
7.612591,1006.2141,498.00
7.612591,1006.2498,556.00
7.612591,1006.2853,526.00
7.612591,1006.3207,529.00
7.612591,1006.3563,513.00
7.612591,1006.3917,565.00
7.612591,1006.4272,506.00
7.612591,1006.4626,569.00
7.612591,1006.4981,504.00
7.612591,1006.5335,540.00
7.612591,1006.5690,530.00
7.612591,1006.6044,537.00
7.612591,1006.6400,514.00
7.612591,1006.6754,576.00
7.612591,1006.7108,470.00
7.612591,1006.7462,573.00
7.612591,1006.7816,484.00
7.612591,1006.8170,571.00
7.612591,1006.8524,528.00
7.612591,1006.8878,543.00
7.612591,1006.9232,540.00
7.612591,1006.9586,568.00
7.612591,1006.9940,493.00
7.612591,1007.0294,524.00
7.612591,1007.0648,499.00
7.612591,1007.1001,588.00
7.612591,1007.1354,530.00
7.612591,1007.1707,580.00
7.612591,1007.2061,540.00
7.612591,1007.2414,551.00
7.612591,1007.2767,506.00
7.612591,1007.3120,565.00
7.612591,1007.3473,504.00
7.612591,1007.3827,570.00
7.612591,1007.4180,541.00
7.612591,1007.4532,589.00
7.612591,1007.4885,512.00
7.612591,1007.5238,540.00
7.612591,1007.5590,507.00
7.612591,1007.5943,562.00
7.612591,1007.6295,482.00
7.612591,1007.6648,576.00
7.612591,1007.7001,512.00
7.612591,1007.7354,559.00
7.612591,1007.7706,553.00
7.612591,1007.8058,531.00
7.612591,1007.8410,524.00
7.612591,1007.8762,582.00
7.612591,1007.9114,469.00
7.612591,1007.9465,544.00
7.612591,1007.9818,515.00
7.612591,1008.0169,534.00
7.612591,1008.0521,545.00
7.612591,1008.0873,558.00
7.612591,1008.1226,480.00
7.612591,1008.1576,543.00
7.612591,1008.1927,483.00
7.612591,1008.2279,526.00
7.612591,1008.2631,485.00
7.612591,1008.2982,566.00
7.612591,1008.3333,533.00
7.612591,1008.3683,545.00
7.612591,1008.4034,541.00
7.612591,1008.4387,520.00
7.612591,1008.4738,513.00
7.612591,1008.5089,510.00
7.612591,1008.5439,490.00
7.612591,1008.5790,596.00
7.612591,1008.6141,480.00
7.612591,1008.6491,532.00
7.612591,1008.6841,489.00
7.612591,1008.7192,503.00
7.612591,1008.7542,490.00
7.612591,1008.7892,508.00
7.612591,1008.8243,466.00
7.612591,1008.8594,562.00
7.612591,1008.8943,461.00
7.612591,1008.9294,545.00
7.612591,1008.9644,522.00
7.612591,1008.9994,505.00
7.612591,1009.0344,525.00
7.612591,1009.0693,490.00
7.612591,1009.1043,448.00
7.612591,1009.1392,551.00
7.612591,1009.1743,472.00
7.612591,1009.2093,558.00
7.612591,1009.2442,483.00
7.612591,1009.2792,540.00
7.612591,1009.3141,493.00
7.612591,1009.3489,498.00
7.612591,1009.3839,457.00
7.612591,1009.4188,545.00
7.612591,1009.4537,494.00
7.612591,1009.4886,548.00
7.612591,1009.5235,509.00
7.612591,1009.5585,530.00
7.612591,1009.5933,506.00
7.612591,1009.6282,507.00
7.612591,1009.6631,498.00
7.612591,1009.6979,528.00
7.612591,1009.7327,475.00
7.612591,1009.7676,539.00
7.612591,1009.8024,479.00
7.612591,1009.8372,507.00
7.612591,1009.8721,478.00
7.612591,1009.9070,537.00
7.612591,1009.9418,513.00
7.612591,1009.9766,509.00
7.612591,1010.0115,483.00
7.612591,1010.0462,487.00
7.612591,1010.0810,456.00
7.612591,1010.1158,554.00
7.612591,1010.1505,494.00
7.612591,1010.1853,515.00
7.612591,1010.2200,511.00
7.612591,1010.2548,514.00
7.612591,1010.2897,487.00
7.612591,1010.3244,527.00
7.612591,1010.3591,501.00
7.612591,1010.3938,529.00
7.612591,1010.4285,499.00
7.612591,1010.4633,525.00
7.612591,1010.4980,519.00
7.612591,1010.5326,486.00
7.612591,1010.5673,492.00
7.612591,1010.6021,515.00
7.612591,1010.6368,462.00
7.612591,1010.6714,529.00
7.612591,1010.7061,437.00
7.612591,1010.7408,520.00
7.612591,1010.7754,493.00
7.612591,1010.8101,533.00
7.612591,1010.8447,482.00
7.612591,1010.8793,510.00
7.612591,1010.9139,458.00
7.612591,1010.9485,544.00
7.612591,1010.9832,462.00
7.612591,1011.0178,551.00
7.612591,1011.0525,471.00
7.612591,1011.0870,527.00
7.612591,1011.1216,464.00
7.612591,1011.1562,529.00
7.612591,1011.1907,527.00
7.612591,1011.2253,539.00
7.612591,1011.2599,441.00
7.612591,1011.2944,562.00
7.612591,1011.3291,474.00
7.612591,1011.3636,531.00
7.612591,1011.3981,511.00
7.612591,1011.4326,502.00
7.612591,1011.4672,469.00
7.612591,1011.5016,509.00
7.612591,1011.5362,479.00
7.612591,1011.5706,499.00
7.612591,1011.6052,473.00
7.612591,1011.6396,532.00
7.612591,1011.6741,448.00
7.612591,1011.7086,529.00
7.612591,1011.7431,491.00
7.612591,1011.7776,534.00
7.612591,1011.8120,492.00
7.612591,1011.8465,566.00
7.612591,1011.8809,456.00
7.612591,1011.9153,525.00
7.612591,1011.9498,479.00
7.612591,1011.9842,496.00
7.612591,1012.0186,459.00
7.612591,1012.0531,510.00
7.612591,1012.0875,486.00
7.612591,1012.1219,517.00
7.612591,1012.1562,482.00
7.612591,1012.1906,503.00
7.612591,1012.2250,457.00
7.612591,1012.2593,545.00
7.612591,1012.2937,498.00
7.612591,1012.3281,509.00
7.612591,1012.3624,451.00
7.612591,1012.3967,500.00
7.612591,1012.4310,440.00
7.612591,1012.4655,523.00
7.612591,1012.4998,460.00
7.612591,1012.5341,545.00
7.612591,1012.5684,482.00
7.612591,1012.6027,526.00
7.612591,1012.6370,505.00
7.612591,1012.6712,506.00
7.612591,1012.7055,466.00
7.612591,1012.7398,519.00
7.612591,1012.7742,433.00
7.612591,1012.8084,486.00
7.612591,1012.8427,453.00
7.612591,1012.8769,485.00
7.612591,1012.9111,495.00
7.612591,1012.9454,494.00
7.612591,1012.9796,523.00
7.612591,1013.0138,488.00
7.612591,1013.0480,418.00
7.612591,1013.0822,519.00
7.612591,1013.1164,465.00
7.612591,1013.1506,521.00
7.612591,1013.1848,466.00
7.612591,1013.2190,487.00
7.612591,1013.2532,511.00
7.612591,1013.2873,506.00
7.612591,1013.3215,466.00
7.612591,1013.3556,493.00
7.612591,1013.3898,455.00
7.612591,1013.4239,515.00
7.612591,1013.4581,487.00
7.612591,1013.4923,501.00
7.612591,1013.5264,488.00
7.612591,1013.5605,479.00
7.612591,1013.5946,493.00
7.612591,1013.6287,527.00
7.612591,1013.6627,458.00
7.612591,1013.6968,512.00
7.612591,1013.7309,465.00
7.612591,1013.7650,496.00
7.612591,1013.7990,487.00
7.612591,1013.8331,487.00
7.612591,1013.8672,478.00
7.612591,1013.9012,488.00
7.612591,1013.9353,470.00
7.612591,1013.9693,513.00
7.612591,1014.0033,485.00
7.612591,1014.0374,547.00
7.612591,1014.0714,518.00
7.612591,1014.1053,501.00
7.612591,1014.1393,510.00
7.612591,1014.1734,534.00
7.612591,1014.2074,461.00
7.612591,1014.2413,509.00
7.612591,1014.2753,504.00
7.612591,1014.3093,571.00
7.612591,1014.3433,491.00
7.612591,1014.3772,536.00
7.612591,1014.4111,522.00
7.612591,1014.4451,522.00
7.612591,1014.4790,489.00
7.612591,1014.5129,537.00
7.612591,1014.5468,484.00
7.612591,1014.5808,545.00
7.612591,1014.6147,493.00
7.612591,1014.6486,524.00
7.612591,1014.6825,522.00
7.612591,1014.7164,500.00
7.612591,1014.7502,502.00
7.612591,1014.7841,530.00
7.612591,1014.8180,504.00
7.612591,1014.8518,567.00
7.612591,1014.8858,486.00
7.612591,1014.9196,571.00
7.612591,1014.9534,511.00
7.612591,1014.9872,520.00
7.612591,1015.0211,521.00
7.612591,1015.0549,529.00
7.612591,1015.0887,493.00
7.612591,1015.1224,551.00
7.612591,1015.1562,506.00
7.612591,1015.1900,566.00
7.612591,1015.2238,538.00
7.612591,1015.2575,548.00
7.612591,1015.2914,529.00
7.612591,1015.3252,527.00
7.612591,1015.3589,503.00
7.612591,1015.3927,539.00
7.612591,1015.4265,484.00
7.612591,1015.4601,594.00
7.612591,1015.4938,521.00
7.612591,1015.5276,579.00
7.612591,1015.5613,523.00
7.612591,1015.5952,550.00
7.612591,1015.6288,491.00
7.612591,1015.6625,524.00
7.612591,1015.6962,467.00
7.612591,1015.7299,597.00
7.612591,1015.7635,493.00
7.612591,1015.7972,577.00
7.612591,1015.8308,542.00
7.612591,1015.8645,549.00
7.612591,1015.8981,556.00
7.612591,1015.9317,536.00
7.612591,1015.9655,522.00
7.612591,1015.9991,561.00
7.612591,1016.0327,500.00
7.612591,1016.0663,582.00
7.612591,1016.0999,528.00
7.612591,1016.1335,565.00
7.612591,1016.1671,536.00
7.612591,1016.2006,526.00
7.612591,1016.2342,509.00
7.612591,1016.2679,536.00
7.612591,1016.3015,498.00
7.612591,1016.3350,572.00
7.612591,1016.3686,523.00
7.612591,1016.4021,588.00
7.612591,1016.4357,526.00
7.612591,1016.4691,549.00
7.612591,1016.5027,498.00
7.612591,1016.5362,581.00
7.612591,1016.5696,488.00
7.612591,1016.6032,575.00
7.612591,1016.6367,522.00
7.612591,1016.6703,589.00
7.612591,1016.7038,528.00
7.612591,1016.7372,534.00
7.612591,1016.7707,523.00
7.612591,1016.8041,567.00
7.612591,1016.8376,530.00
7.612591,1016.8710,534.00
7.612591,1016.9045,493.00
7.612591,1016.9379,581.00
7.612591,1016.9715,531.00
7.612591,1017.0049,559.00
7.612591,1017.0383,551.00
7.612591,1017.0717,534.00
7.612591,1017.1050,532.00
7.612591,1017.1384,573.00
7.612591,1017.1718,501.00
7.612591,1017.2052,549.00
7.612591,1017.2386,497.00
7.612591,1017.2720,588.00
7.612591,1017.3053,570.00
7.612591,1017.3387,546.00
7.612591,1017.3721,512.00
7.612591,1017.4054,538.00
7.612591,1017.4388,496.00
7.612591,1017.4721,539.00
7.612591,1017.5054,501.00
7.612591,1017.5387,556.00
7.612591,1017.5720,547.00
7.612591,1017.6053,546.00
7.612591,1017.6386,557.00
7.612591,1017.6720,548.00
7.612591,1017.7053,534.00
7.612591,1017.7385,569.00
7.612591,1017.7717,505.00
7.612591,1017.8051,562.00
7.612591,1017.8383,524.00
7.612591,1017.8715,613.00
7.612591,1017.9048,548.00
7.612591,1017.9380,562.00
7.612591,1017.9712,547.00
7.612591,1018.0044,570.00
7.612591,1018.0376,516.00
7.612591,1018.0709,580.00
7.612591,1018.1041,543.00
7.612591,1018.1373,627.00
7.612591,1018.1705,545.00
7.612591,1018.2037,580.00
7.612591,1018.2368,524.00
7.612591,1018.2700,551.00
7.612591,1018.3032,507.00
7.612591,1018.3363,588.00
7.612591,1018.3695,514.00
7.612591,1018.4026,612.00
7.612591,1018.4358,591.00
7.612591,1018.4689,547.00
7.612591,1018.5020,554.00
7.612591,1018.5352,563.00
7.612591,1018.5682,526.00
7.612591,1018.6013,563.00
7.612591,1018.6343,533.00
7.612591,1018.6675,593.00
7.612591,1018.7006,517.00
7.612591,1018.7337,593.00
7.612591,1018.7668,573.00
7.612591,1018.7998,552.00
7.612591,1018.8328,530.00
7.612591,1018.8658,536.00
7.612591,1018.8989,542.00
7.612591,1018.9319,612.00
7.612591,1018.9650,528.00
7.612591,1018.9980,613.00
7.612591,1019.0311,576.00
7.612591,1019.0641,595.00
7.612591,1019.0970,518.00
7.612591,1019.1301,588.00
7.612591,1019.1631,528.00
7.612591,1019.1960,594.00
7.612591,1019.2289,521.00
7.612591,1019.2618,591.00
7.612591,1019.2949,538.00
7.612591,1019.3278,574.00
7.612591,1019.3607,561.00
7.612591,1019.3936,540.00
7.612591,1019.4268,453.00
7.612591,1019.4596,607.00
7.612591,1019.4925,523.00
7.612591,1019.5255,566.00
7.612591,1019.5583,524.00
7.612591,1019.5912,586.00
7.612591,1019.6240,557.00
7.612591,1019.6569,557.00
7.612591,1019.6898,515.00
7.612591,1019.7227,536.00
7.612591,1019.7556,475.00
7.612591,1019.7885,584.00
7.612591,1019.8213,508.00
7.612591,1019.8541,603.00
7.612591,1019.8870,524.00
7.612591,1019.9198,531.00
7.612591,1019.9525,522.00
7.612591,1019.9854,540.00
7.612591,1020.0182,499.00
7.612591,1020.0509,580.00
7.612591,1020.0837,533.00
7.612591,1020.1167,585.00
7.612591,1020.1494,544.00
7.612591,1020.1823,541.00
7.612591,1020.2149,516.00
7.612591,1020.2477,528.00
7.612591,1020.2805,512.00
7.612591,1020.3132,534.00
7.612591,1020.3459,516.00
7.612591,1020.3787,582.00
7.612591,1020.4114,502.00
7.612591,1020.4442,530.00
7.612591,1020.4768,533.00
7.612591,1020.5096,548.00
7.612591,1020.5423,503.00
7.612591,1020.5750,559.00
7.612591,1020.6077,495.00
7.612591,1020.6403,572.00
7.612591,1020.6730,510.00
7.612591,1020.7055,575.00
7.612591,1020.7382,515.00
7.612591,1020.7709,525.00
7.612591,1020.8036,514.00
7.612591,1020.8363,509.00
7.612591,1020.8688,471.00
7.612591,1020.9015,563.00
7.612591,1020.9341,486.00
7.612591,1020.9667,563.00
7.612591,1020.9993,518.00
7.612591,1021.0319,517.00
7.612591,1021.0645,531.00
7.612591,1021.0971,561.00
7.612591,1021.1298,479.00
7.612591,1021.1623,541.00
7.612591,1021.1948,488.00
7.612591,1021.2273,577.00
7.612591,1021.2599,506.00
7.612591,1021.2924,529.00
7.612591,1021.3250,496.00
7.612591,1021.3574,508.00
7.612591,1021.3900,494.00
7.612591,1021.4224,507.00
7.612591,1021.4550,456.00
7.612591,1021.4875,520.00
7.612591,1021.5200,502.00
7.612591,1021.5525,561.00
7.612591,1021.5850,473.00
7.612591,1021.6175,506.00
7.612591,1021.6500,484.00
7.612591,1021.6823,535.00
7.612591,1021.7148,470.00
7.612591,1021.7474,556.00
7.612591,1021.7797,511.00
7.612591,1021.8122,552.00
7.612591,1021.8445,545.00
7.612591,1021.8770,573.00
7.612591,1021.9095,526.00
7.612591,1021.9418,501.00
7.612591,1021.9741,460.00
7.612591,1022.0066,522.00
7.612591,1022.0389,474.00
7.612591,1022.0713,553.00
7.612591,1022.1037,488.00
7.612591,1022.1362,620.00
7.612591,1022.1685,551.00
7.612591,1022.2008,541.00
7.612591,1022.2332,474.00
7.612591,1022.2654,542.00
7.612591,1022.2977,510.00
7.612591,1022.3301,595.00
7.612591,1022.3624,486.00
7.612591,1022.3947,585.00
7.612591,1022.4271,519.00
7.612591,1022.4594,503.00
7.612591,1022.4917,519.00
7.612591,1022.5239,589.00
7.612591,1022.5562,526.00
7.612591,1022.5885,565.00
7.612591,1022.6207,509.00
7.612591,1022.6530,575.00
7.612591,1022.6852,550.00
7.612591,1022.7174,535.00
7.612591,1022.7497,516.00
7.612591,1022.7819,526.00
7.612591,1022.8142,497.00
7.612591,1022.8464,561.00
7.612591,1022.8785,485.00
7.612591,1022.9108,574.00
7.612591,1022.9429,509.00
7.612591,1022.9751,538.00
7.612591,1023.0073,540.00
7.612591,1023.0394,486.00
7.612591,1023.0717,519.00
7.612591,1023.1039,560.00
7.612591,1023.1360,479.00
7.612591,1023.1682,538.00
7.612591,1023.2003,497.00
7.612591,1023.2324,541.00
7.612591,1023.2644,518.00
7.612591,1023.2966,529.00
7.612591,1023.3287,471.00
7.612591,1023.3608,530.00
7.612591,1023.3929,484.00
7.612591,1023.4249,513.00
7.612591,1023.4570,464.00
7.612591,1023.4893,531.00
7.612591,1023.5212,473.00
7.612591,1023.5533,506.00
7.612591,1023.5853,492.00
7.612591,1023.6174,516.00
7.612591,1023.6494,487.00
7.612591,1023.6813,540.00
7.612591,1023.7134,465.00
7.612591,1023.7454,532.00
7.612591,1023.7775,506.00
7.612591,1023.8096,531.00
7.612591,1023.8416,494.00
7.612591,1023.8735,506.00
7.612591,1023.9055,494.00
7.612591,1023.9374,497.00
7.612591,1023.9694,471.00
7.612591,1024.0013,551.00
7.612591,1024.0333,481.00
7.612591,1024.0652,535.00
7.612591,1024.0972,510.00
7.612591,1024.1293,545.00
7.612591,1024.1611,473.00
7.612591,1024.1931,492.00
7.612591,1024.2250,447.00
7.612591,1024.2568,529.00
7.612591,1024.2888,452.00
7.612591,1024.3206,514.00
7.612591,1024.3525,510.00
7.612591,1024.3843,515.00
7.612591,1024.4164,482.00
7.612591,1024.4481,492.00
7.612591,1024.4801,473.00
7.612591,1024.5118,509.00
7.612591,1024.5438,485.00
7.612591,1024.5756,535.00
7.612591,1024.6074,474.00
7.612591,1024.6393,512.00
7.612591,1024.6710,522.00
7.612591,1024.7029,506.00
7.612591,1024.7346,479.00
7.612591,1024.7664,547.00
7.612591,1024.7982,474.00
7.612591,1024.8301,563.00
7.612591,1024.8618,489.00
7.612591,1024.8936,541.00
7.612591,1024.9253,481.00
7.612591,1024.9572,539.00
7.612591,1024.9889,515.00
7.612591,1025.0206,534.00
7.612591,1025.0522,452.00
7.612591,1025.0841,536.00
7.612591,1025.1158,471.00
7.612591,1025.1475,529.00
7.612591,1025.1792,473.00
7.612591,1025.2109,504.00
7.612591,1025.2426,490.00
7.612591,1025.2743,529.00
7.612591,1025.3059,492.00
7.612591,1025.3376,526.00
7.612591,1025.3693,446.00
7.612591,1025.4009,563.00
7.612591,1025.4326,496.00
7.612591,1025.4644,526.00
7.612591,1025.4960,503.00
7.612591,1025.5276,527.00
7.612591,1025.5592,509.00
7.612591,1025.5908,536.00
7.612591,1025.6224,501.00
7.612591,1025.6541,549.00
7.612591,1025.6857,517.00
7.612591,1025.7172,588.00
7.612591,1025.7489,536.00
7.612591,1025.7804,560.00
7.612591,1025.8120,530.00
7.612591,1025.8435,530.00
7.612591,1025.8751,530.00
7.612591,1025.9066,552.00
7.612591,1025.9381,484.00
7.612591,1025.9697,551.00
7.612591,1026.0012,519.00
7.612591,1026.0327,539.00
7.612591,1026.0642,524.00
