# Point:,55
# Setpoint:,2.8
# Voltage_V:,2.8
# Current_A:,0.06297
# Spectrum_Time_s:,8.724631
# Step_Start_s:,8.643123
# Step_End_s:,8.781773
# Spectrum_Duration_ms:,69.904
# Peak_Wavelength_nm:,934.13
# Peak_Intensity:,753.0
# Avg_Intensity:,607.3
# Num_Pixels:,4094
# NOTE: All wavelengths are captured simultaneously in one CCD exposure
#       The Relative_Time_s column shows when this entire spectrum was acquired

Relative_Time_s,Wavelength_nm,Intensity
8.724631,845.4307,585.00
8.724631,845.4858,516.00
8.724631,845.5410,563.00
8.724631,845.5963,530.00
8.724631,845.6514,574.00
8.724631,845.7065,500.00
8.724631,845.7617,552.00
8.724631,845.8168,487.00
8.724631,845.8721,565.00
8.724631,845.9272,497.00
8.724631,845.9823,544.00
8.724631,846.0374,510.00
8.724631,846.0926,539.00
8.724631,846.1478,508.00
8.724631,846.2029,548.00
8.724631,846.2579,488.00
8.724631,846.3130,581.00
8.724631,846.3682,473.00
8.724631,846.4233,568.00
8.724631,846.4784,496.00
8.724631,846.5335,588.00
8.724631,846.5886,550.00
8.724631,846.6437,540.00
8.724631,846.6987,522.00
8.724631,846.7538,584.00
8.724631,846.8089,504.00
8.724631,846.8640,585.00
8.724631,846.9190,500.00
8.724631,846.9741,569.00
8.724631,847.0292,526.00
8.724631,847.0842,566.00
8.724631,847.1392,562.00
8.724631,847.1943,568.00
8.724631,847.2493,520.00
8.724631,847.3044,581.00
8.724631,847.3594,519.00
8.724631,847.4144,589.00
8.724631,847.4694,556.00
8.724631,847.5244,566.00
8.724631,847.5795,534.00
8.724631,847.6345,595.00
8.724631,847.6895,550.00
8.724631,847.7444,586.00
8.724631,847.7994,501.00
8.724631,847.8544,603.00
8.724631,847.9094,557.00
8.724631,847.9644,589.00
8.724631,848.0193,523.00
8.724631,848.0743,572.00
8.724631,848.1293,535.00
8.724631,848.1843,594.00
8.724631,848.2392,536.00
8.724631,848.2941,585.00
8.724631,848.3491,552.00
8.724631,848.4040,577.00
8.724631,848.4590,577.00
8.724631,848.5139,620.00
8.724631,848.5688,540.00
8.724631,848.6237,598.00
8.724631,848.6786,530.00
8.724631,848.7336,630.00
8.724631,848.7885,556.00
8.724631,848.8434,612.00
8.724631,848.8983,571.00
8.724631,848.9531,591.00
8.724631,849.0081,553.00
8.724631,849.0630,578.00
8.724631,849.1178,552.00
8.724631,849.1727,623.00
8.724631,849.2275,579.00
8.724631,849.2823,642.00
8.724631,849.3373,541.00
8.724631,849.3921,598.00
8.724631,849.4470,571.00
8.724631,849.5018,557.00
8.724631,849.5566,545.00
8.724631,849.6115,586.00
8.724631,849.6663,543.00
8.724631,849.7211,623.00
8.724631,849.7759,562.00
8.724631,849.8307,592.00
8.724631,849.8856,545.00
8.724631,849.9404,597.00
8.724631,849.9952,553.00
8.724631,850.0500,593.00
8.724631,850.1048,510.00
8.724631,850.1596,628.00
8.724631,850.2144,530.00
8.724631,850.2692,626.00
8.724631,850.3239,584.00
8.724631,850.3787,573.00
8.724631,850.4335,590.00
8.724631,850.4882,605.00
8.724631,850.5430,585.00
8.724631,850.5977,630.00
8.724631,850.6525,550.00
8.724631,850.7072,615.00
8.724631,850.7620,552.00
8.724631,850.8167,634.00
8.724631,850.8715,577.00
8.724631,850.9261,585.00
8.724631,850.9808,531.00
8.724631,851.0356,592.00
8.724631,851.0903,585.00
8.724631,851.1450,632.00
8.724631,851.1996,590.00
8.724631,851.2543,639.00
8.724631,851.3091,600.00
8.724631,851.3638,614.00
8.724631,851.4185,584.00
8.724631,851.4731,643.00
8.724631,851.5278,555.00
8.724631,851.5825,668.00
8.724631,851.6371,615.00
8.724631,851.6918,654.00
8.724631,851.7465,611.00
8.724631,851.8011,623.00
8.724631,851.8558,600.00
8.724631,851.9103,629.00
8.724631,851.9650,561.00
8.724631,852.0196,671.00
8.724631,852.0742,605.00
8.724631,852.1289,630.00
8.724631,852.1835,598.00
8.724631,852.2381,682.00
8.724631,852.2927,651.00
8.724631,852.3473,632.00
8.724631,852.4019,621.00
8.724631,852.4565,677.00
8.724631,852.5111,619.00
8.724631,852.5657,615.00
8.724631,852.6202,632.00
8.724631,852.6747,656.00
8.724631,852.7294,638.00
8.724631,852.7839,667.00
8.724631,852.8385,623.00
8.724631,852.8930,646.00
8.724631,852.9476,616.00
8.724631,853.0022,683.00
8.724631,853.0567,601.00
8.724631,853.1112,681.00
8.724631,853.1658,653.00
8.724631,853.2203,648.00
8.724631,853.2748,639.00
8.724631,853.3293,708.00
8.724631,853.3838,630.00
8.724631,853.4383,676.00
8.724631,853.4928,626.00
8.724631,853.5474,701.00
8.724631,853.6019,664.00
8.724631,853.6563,693.00
8.724631,853.7108,640.00
8.724631,853.7653,673.00
8.724631,853.8198,642.00
8.724631,853.8742,676.00
8.724631,853.9286,638.00
8.724631,853.9832,680.00
8.724631,854.0376,640.00
8.724631,854.0920,719.00
8.724631,854.1465,692.00
8.724631,854.2010,667.00
8.724631,854.2554,620.00
8.724631,854.3098,682.00
8.724631,854.3642,593.00
8.724631,854.4186,698.00
8.724631,854.4731,629.00
8.724631,854.5275,702.00
8.724631,854.5819,653.00
8.724631,854.6363,688.00
8.724631,854.6907,677.00
8.724631,854.7451,668.00
8.724631,854.7994,619.00
8.724631,854.8538,668.00
8.724631,854.9082,618.00
8.724631,854.9626,702.00
8.724631,855.0170,612.00
8.724631,855.0714,719.00
8.724631,855.1257,640.00
8.724631,855.1800,657.00
8.724631,855.2344,619.00
8.724631,855.2888,674.00
8.724631,855.3431,603.00
8.724631,855.3975,664.00
8.724631,855.4518,604.00
8.724631,855.5060,701.00
8.724631,855.5604,641.00
8.724631,855.6147,629.00
8.724631,855.6691,628.00
8.724631,855.7233,632.00
8.724631,855.7776,600.00
8.724631,855.8320,678.00
8.724631,855.8862,620.00
8.724631,855.9406,674.00
8.724631,855.9948,632.00
8.724631,856.0491,710.00
8.724631,856.1035,641.00
8.724631,856.1577,666.00
8.724631,856.2119,635.00
8.724631,856.2662,646.00
8.724631,856.3204,609.00
8.724631,856.3748,718.00
8.724631,856.4290,643.00
8.724631,856.4832,673.00
8.724631,856.5374,649.00
8.724631,856.5916,688.00
8.724631,856.6459,633.00
8.724631,856.7001,677.00
8.724631,856.7543,622.00
8.724631,856.8085,686.00
8.724631,856.8627,634.00
8.724631,856.9169,686.00
8.724631,856.9712,658.00
8.724631,857.0253,649.00
8.724631,857.0795,635.00
8.724631,857.1337,669.00
8.724631,857.1879,613.00
8.724631,857.2421,701.00
8.724631,857.2962,656.00
8.724631,857.3504,685.00
8.724631,857.4045,658.00
8.724631,857.4587,652.00
8.724631,857.5129,704.00
8.724631,857.5670,654.00
8.724631,857.6212,646.00
8.724631,857.6753,703.00
8.724631,857.7294,644.00
8.724631,857.7836,692.00
8.724631,857.8377,639.00
8.724631,857.8918,711.00
8.724631,857.9459,677.00
8.724631,858.0000,676.00
8.724631,858.0541,628.00
8.724631,858.1082,675.00
8.724631,858.1624,615.00
8.724631,858.2164,720.00
8.724631,858.2704,678.00
8.724631,858.3245,712.00
8.724631,858.3787,679.00
8.724631,858.4327,673.00
8.724631,858.4868,642.00
8.724631,858.5408,679.00
8.724631,858.5949,644.00
8.724631,858.6489,687.00
8.724631,858.7030,642.00
8.724631,858.7570,707.00
8.724631,858.8110,669.00
8.724631,858.8651,696.00
8.724631,858.9192,681.00
8.724631,858.9732,697.00
8.724631,859.0272,623.00
8.724631,859.0812,700.00
8.724631,859.1352,638.00
8.724631,859.1892,684.00
8.724631,859.2432,644.00
8.724631,859.2972,709.00
8.724631,859.3512,692.00
8.724631,859.4052,671.00
8.724631,859.4592,638.00
8.724631,859.5132,676.00
8.724631,859.5671,640.00
8.724631,859.6210,708.00
8.724631,859.6750,661.00
8.724631,859.7289,707.00
8.724631,859.7830,618.00
8.724631,859.8369,702.00
8.724631,859.8908,642.00
8.724631,859.9447,644.00
8.724631,859.9987,617.00
8.724631,860.0527,713.00
8.724631,860.1065,593.00
8.724631,860.1605,663.00
8.724631,860.2144,656.00
8.724631,860.2682,666.00
8.724631,860.3222,648.00
8.724631,860.3761,668.00
8.724631,860.4299,607.00
8.724631,860.4838,640.00
8.724631,860.5377,599.00
8.724631,860.5916,672.00
8.724631,860.6455,648.00
8.724631,860.6993,675.00
8.724631,860.7532,632.00
8.724631,860.8071,669.00
8.724631,860.8610,614.00
8.724631,860.9148,652.00
8.724631,860.9687,589.00
8.724631,861.0225,672.00
8.724631,861.0763,634.00
8.724631,861.1301,661.00
8.724631,861.1840,628.00
8.724631,861.2378,684.00
8.724631,861.2916,646.00
8.724631,861.3454,677.00
8.724631,861.3992,610.00
8.724631,861.4531,676.00
8.724631,861.5068,592.00
8.724631,861.5606,675.00
8.724631,861.6144,626.00
8.724631,861.6682,655.00
8.724631,861.7220,604.00
8.724631,861.7758,664.00
8.724631,861.8295,615.00
8.724631,861.8833,663.00
8.724631,861.9370,639.00
8.724631,861.9908,702.00
8.724631,862.0446,642.00
8.724631,862.0983,679.00
8.724631,862.1520,671.00
8.724631,862.2057,685.00
8.724631,862.2595,649.00
8.724631,862.3132,639.00
8.724631,862.3669,595.00
8.724631,862.4206,677.00
8.724631,862.4744,572.00
8.724631,862.5281,706.00
8.724631,862.5818,629.00
8.724631,862.6355,649.00
8.724631,862.6891,634.00
8.724631,862.7429,650.00
8.724631,862.7966,633.00
8.724631,862.8502,652.00
8.724631,862.9039,616.00
8.724631,862.9575,669.00
8.724631,863.0112,635.00
8.724631,863.0648,644.00
8.724631,863.1185,620.00
8.724631,863.1722,634.00
8.724631,863.2258,578.00
8.724631,863.2794,663.00
8.724631,863.3330,598.00
8.724631,863.3867,672.00
8.724631,863.4403,569.00
8.724631,863.4940,659.00
8.724631,863.5475,633.00
8.724631,863.6011,611.00
8.724631,863.6548,608.00
8.724631,863.7084,626.00
8.724631,863.7620,587.00
8.724631,863.8156,650.00
8.724631,863.8691,595.00
8.724631,863.9228,644.00
8.724631,863.9763,623.00
8.724631,864.0299,665.00
8.724631,864.0834,601.00
8.724631,864.1370,651.00
8.724631,864.1906,608.00
8.724631,864.2441,667.00
8.724631,864.2977,606.00
8.724631,864.3512,678.00
8.724631,864.4047,633.00
8.724631,864.4583,652.00
8.724631,864.5118,611.00
8.724631,864.5653,613.00
8.724631,864.6189,629.00
8.724631,864.6724,638.00
8.724631,864.7258,626.00
8.724631,864.7794,649.00
8.724631,864.8329,640.00
8.724631,864.8864,676.00
8.724631,864.9398,631.00
8.724631,864.9933,641.00
8.724631,865.0469,570.00
8.724631,865.1003,640.00
8.724631,865.1538,630.00
8.724631,865.2072,621.00
8.724631,865.2607,626.00
8.724631,865.3142,663.00
8.724631,865.3676,626.00
8.724631,865.4211,665.00
8.724631,865.4745,598.00
8.724631,865.5279,633.00
8.724631,865.5814,637.00
8.724631,865.6348,657.00
8.724631,865.6882,594.00
8.724631,865.7416,687.00
8.724631,865.7950,662.00
8.724631,865.8484,666.00
8.724631,865.9019,636.00
8.724631,865.9552,643.00
8.724631,866.0087,609.00
8.724631,866.0620,641.00
8.724631,866.1154,629.00
8.724631,866.1688,694.00
8.724631,866.2222,605.00
8.724631,866.2755,676.00
8.724631,866.3289,652.00
8.724631,866.3822,676.00
8.724631,866.4356,653.00
8.724631,866.4890,630.00
8.724631,866.5423,644.00
8.724631,866.5956,688.00
8.724631,866.6489,614.00
8.724631,866.7023,716.00
8.724631,866.7556,627.00
8.724631,866.8089,660.00
8.724631,866.8622,624.00
8.724631,866.9155,637.00
8.724631,866.9689,604.00
8.724631,867.0222,659.00
8.724631,867.0755,612.00
8.724631,867.1287,654.00
8.724631,867.1820,616.00
8.724631,867.2354,654.00
8.724631,867.2886,641.00
8.724631,867.3419,664.00
8.724631,867.3951,635.00
8.724631,867.4484,658.00
8.724631,867.5016,577.00
8.724631,867.5549,682.00
8.724631,867.6082,622.00
8.724631,867.6614,649.00
8.724631,867.7146,655.00
8.724631,867.7678,654.00
8.724631,867.8211,655.00
8.724631,867.8743,631.00
8.724631,867.9276,608.00
8.724631,867.9807,665.00
8.724631,868.0339,627.00
8.724631,868.0872,669.00
8.724631,868.1403,635.00
8.724631,868.1935,648.00
8.724631,868.2467,618.00
8.724631,868.2999,637.00
8.724631,868.3531,588.00
8.724631,868.4062,665.00
8.724631,868.4594,632.00
8.724631,868.5126,699.00
8.724631,868.5657,646.00
8.724631,868.6189,640.00
8.724631,868.6721,634.00
8.724631,868.7252,646.00
8.724631,868.7783,595.00
8.724631,868.8315,659.00
8.724631,868.8846,594.00
8.724631,868.9377,667.00
8.724631,868.9908,601.00
8.724631,869.0439,671.00
8.724631,869.0970,637.00
8.724631,869.1501,685.00
8.724631,869.2032,599.00
8.724631,869.2564,626.00
8.724631,869.3094,585.00
8.724631,869.3625,632.00
8.724631,869.4156,620.00
8.724631,869.4688,653.00
8.724631,869.5218,603.00
8.724631,869.5748,668.00
8.724631,869.6279,646.00
8.724631,869.6809,640.00
8.724631,869.7340,600.00
8.724631,869.7870,643.00
8.724631,869.8401,566.00
8.724631,869.8931,667.00
8.724631,869.9462,636.00
8.724631,869.9993,642.00
8.724631,870.0522,631.00
8.724631,870.1052,679.00
8.724631,870.1583,613.00
8.724631,870.2112,646.00
8.724631,870.2642,625.00
8.724631,870.3173,659.00
8.724631,870.3702,603.00
8.724631,870.4232,676.00
8.724631,870.4762,623.00
8.724631,870.5292,644.00
8.724631,870.5822,625.00
8.724631,870.6351,647.00
8.724631,870.6881,620.00
8.724631,870.7410,651.00
8.724631,870.7940,608.00
8.724631,870.8470,660.00
8.724631,870.8999,631.00
8.724631,870.9528,678.00
8.724631,871.0057,637.00
8.724631,871.0587,656.00
8.724631,871.1116,628.00
8.724631,871.1646,659.00
8.724631,871.2175,595.00
8.724631,871.2704,664.00
8.724631,871.3232,652.00
8.724631,871.3762,638.00
8.724631,871.4291,649.00
8.724631,871.4820,661.00
8.724631,871.5348,638.00
8.724631,871.5877,682.00
8.724631,871.6406,651.00
8.724631,871.6935,696.00
8.724631,871.7463,642.00
8.724631,871.7992,663.00
8.724631,871.8521,691.00
8.724631,871.9049,661.00
8.724631,871.9578,672.00
8.724631,872.0106,699.00
8.724631,872.0635,595.00
8.724631,872.1162,673.00
8.724631,872.1691,626.00
8.724631,872.2219,720.00
8.724631,872.2747,609.00
8.724631,872.3275,657.00
8.724631,872.3803,676.00
8.724631,872.4332,663.00
8.724631,872.4860,620.00
8.724631,872.5387,674.00
8.724631,872.5915,630.00
8.724631,872.6443,678.00
8.724631,872.6971,667.00
8.724631,872.7499,680.00
8.724631,872.8026,653.00
8.724631,872.8553,641.00
8.724631,872.9081,635.00
8.724631,872.9609,663.00
8.724631,873.0136,628.00
8.724631,873.0663,688.00
8.724631,873.1191,588.00
8.724631,873.1718,671.00
8.724631,873.2245,665.00
8.724631,873.2773,666.00
8.724631,873.3300,622.00
8.724631,873.3827,656.00
8.724631,873.4354,619.00
8.724631,873.4882,708.00
8.724631,873.5408,639.00
8.724631,873.5935,657.00
8.724631,873.6462,638.00
8.724631,873.6989,661.00
8.724631,873.7515,678.00
8.724631,873.8042,645.00
8.724631,873.8569,630.00
8.724631,873.9096,657.00
8.724631,873.9622,592.00
8.724631,874.0149,673.00
8.724631,874.0675,648.00
8.724631,874.1202,665.00
8.724631,874.1729,630.00
8.724631,874.2255,684.00
8.724631,874.2781,636.00
8.724631,874.3307,644.00
8.724631,874.3834,618.00
8.724631,874.4360,657.00
8.724631,874.4885,662.00
8.724631,874.5411,682.00
8.724631,874.5938,638.00
8.724631,874.6463,653.00
8.724631,874.6990,660.00
8.724631,874.7515,665.00
8.724631,874.8041,621.00
8.724631,874.8567,721.00
8.724631,874.9092,656.00
8.724631,874.9619,692.00
8.724631,875.0144,652.00
8.724631,875.0669,664.00
8.724631,875.1194,642.00
8.724631,875.1720,656.00
8.724631,875.2246,614.00
8.724631,875.2772,686.00
8.724631,875.3296,624.00
8.724631,875.3821,687.00
8.724631,875.4346,638.00
8.724631,875.4872,677.00
8.724631,875.5397,669.00
8.724631,875.5922,682.00
8.724631,875.6447,653.00
8.724631,875.6971,671.00
8.724631,875.7498,592.00
8.724631,875.8022,684.00
8.724631,875.8547,621.00
8.724631,875.9071,696.00
8.724631,875.9596,635.00
8.724631,876.0120,662.00
8.724631,876.0646,650.00
8.724631,876.1169,702.00
8.724631,876.1694,610.00
8.724631,876.2219,703.00
8.724631,876.2743,633.00
8.724631,876.3268,687.00
8.724631,876.3792,621.00
8.724631,876.4316,687.00
8.724631,876.4840,671.00
8.724631,876.5364,658.00
8.724631,876.5889,627.00
8.724631,876.6413,726.00
8.724631,876.6937,601.00
8.724631,876.7460,703.00
8.724631,876.7985,687.00
8.724631,876.8509,701.00
8.724631,876.9032,661.00
8.724631,876.9556,686.00
8.724631,877.0079,621.00
8.724631,877.0604,667.00
8.724631,877.1127,596.00
8.724631,877.1651,704.00
8.724631,877.2174,649.00
8.724631,877.2697,658.00
8.724631,877.3221,631.00
8.724631,877.3744,642.00
8.724631,877.4268,624.00
8.724631,877.4791,634.00
8.724631,877.5314,605.00
8.724631,877.5837,665.00
8.724631,877.6360,587.00
8.724631,877.6884,652.00
8.724631,877.7407,607.00
8.724631,877.7930,638.00
8.724631,877.8452,604.00
8.724631,877.8975,655.00
8.724631,877.9498,618.00
8.724631,878.0021,667.00
8.724631,878.0544,597.00
8.724631,878.1066,678.00
8.724631,878.1589,623.00
8.724631,878.2111,625.00
8.724631,878.2634,605.00
8.724631,878.3157,602.00
8.724631,878.3679,609.00
8.724631,878.4202,629.00
8.724631,878.4724,588.00
8.724631,878.5246,680.00
8.724631,878.5768,601.00
8.724631,878.6290,654.00
8.724631,878.6812,652.00
8.724631,878.7335,622.00
8.724631,878.7856,634.00
8.724631,878.8379,626.00
8.724631,878.8901,593.00
8.724631,878.9422,614.00
8.724631,878.9944,627.00
8.724631,879.0466,687.00
8.724631,879.0988,615.00
8.724631,879.1509,672.00
8.724631,879.2031,613.00
8.724631,879.2552,611.00
8.724631,879.3074,611.00
8.724631,879.3596,663.00
8.724631,879.4117,592.00
8.724631,879.4638,662.00
8.724631,879.5159,587.00
8.724631,879.5681,667.00
8.724631,879.6202,621.00
8.724631,879.6723,658.00
8.724631,879.7244,647.00
8.724631,879.7766,661.00
8.724631,879.8287,583.00
8.724631,879.8808,672.00
8.724631,879.9329,571.00
8.724631,879.9849,661.00
8.724631,880.0370,640.00
8.724631,880.0891,627.00
8.724631,880.1412,610.00
8.724631,880.1932,637.00
8.724631,880.2452,566.00
8.724631,880.2973,652.00
8.724631,880.3495,613.00
8.724631,880.4015,707.00
8.724631,880.4536,640.00
8.724631,880.5056,625.00
8.724631,880.5576,624.00
8.724631,880.6096,638.00
8.724631,880.6616,583.00
8.724631,880.7137,640.00
8.724631,880.7656,572.00
8.724631,880.8176,666.00
8.724631,880.8696,583.00
8.724631,880.9217,655.00
8.724631,880.9737,602.00
8.724631,881.0256,620.00
8.724631,881.0776,601.00
8.724631,881.1296,641.00
8.724631,881.1816,575.00
8.724631,881.2336,643.00
8.724631,881.2855,572.00
8.724631,881.3374,642.00
8.724631,881.3893,630.00
8.724631,881.4413,605.00
8.724631,881.4933,607.00
8.724631,881.5452,638.00
8.724631,881.5972,607.00
8.724631,881.6490,659.00
8.724631,881.7010,604.00
8.724631,881.7530,657.00
8.724631,881.8049,605.00
8.724631,881.8568,631.00
8.724631,881.9086,597.00
8.724631,881.9605,602.00
8.724631,882.0125,584.00
8.724631,882.0643,624.00
8.724631,882.1162,559.00
8.724631,882.1681,648.00
8.724631,882.2199,573.00
8.724631,882.2719,648.00
8.724631,882.3237,608.00
8.724631,882.3755,597.00
8.724631,882.4274,582.00
8.724631,882.4792,602.00
8.724631,882.5311,586.00
8.724631,882.5829,606.00
8.724631,882.6348,594.00
8.724631,882.6866,651.00
8.724631,882.7383,629.00
8.724631,882.7902,603.00
8.724631,882.8420,625.00
8.724631,882.8939,657.00
8.724631,882.9457,553.00
8.724631,882.9974,624.00
8.724631,883.0493,587.00
8.724631,883.1011,644.00
8.724631,883.1528,572.00
8.724631,883.2046,634.00
8.724631,883.2563,618.00
8.724631,883.3081,583.00
8.724631,883.3599,582.00
8.724631,883.4116,628.00
8.724631,883.4634,579.00
8.724631,883.5151,647.00
8.724631,883.5668,617.00
8.724631,883.6187,645.00
8.724631,883.6703,620.00
8.724631,883.7220,639.00
8.724631,883.7738,583.00
8.724631,883.8254,646.00
8.724631,883.8773,592.00
8.724631,883.9289,682.00
8.724631,883.9806,593.00
8.724631,884.0323,675.00
8.724631,884.0840,641.00
8.724631,884.1357,650.00
8.724631,884.1874,613.00
8.724631,884.2391,638.00
8.724631,884.2907,575.00
8.724631,884.3423,686.00
8.724631,884.3940,589.00
8.724631,884.4457,632.00
8.724631,884.4974,619.00
8.724631,884.5490,641.00
8.724631,884.6006,591.00
8.724631,884.6523,658.00
8.724631,884.7039,602.00
8.724631,884.7555,657.00
8.724631,884.8071,620.00
8.724631,884.8588,681.00
8.724631,884.9103,629.00
8.724631,884.9620,653.00
8.724631,885.0136,664.00
8.724631,885.0651,634.00
8.724631,885.1168,612.00
8.724631,885.1683,640.00
8.724631,885.2200,632.00
8.724631,885.2715,656.00
8.724631,885.3231,601.00
8.724631,885.3746,668.00
8.724631,885.4262,614.00
8.724631,885.4778,660.00
8.724631,885.5293,664.00
8.724631,885.5809,652.00
8.724631,885.6324,578.00
8.724631,885.6839,631.00
8.724631,885.7355,636.00
8.724631,885.7870,690.00
8.724631,885.8385,592.00
8.724631,885.8900,697.00
8.724631,885.9415,653.00
8.724631,885.9930,660.00
8.724631,886.0446,615.00
8.724631,886.0960,670.00
8.724631,886.1475,626.00
8.724631,886.1990,668.00
8.724631,886.2504,642.00
8.724631,886.3020,643.00
8.724631,886.3534,641.00
8.724631,886.4048,655.00
8.724631,886.4564,626.00
8.724631,886.5078,639.00
8.724631,886.5593,597.00
8.724631,886.6107,678.00
8.724631,886.6621,623.00
8.724631,886.7136,645.00
8.724631,886.7650,641.00
8.724631,886.8164,660.00
8.724631,886.8679,651.00
8.724631,886.9193,667.00
8.724631,886.9706,616.00
8.724631,887.0220,666.00
8.724631,887.0735,620.00
8.724631,887.1249,643.00
8.724631,887.1762,613.00
8.724631,887.2276,668.00
8.724631,887.2789,633.00
8.724631,887.3304,632.00
8.724631,887.3818,635.00
8.724631,887.4331,674.00
8.724631,887.4844,650.00
8.724631,887.5358,702.00
8.724631,887.5871,610.00
8.724631,887.6385,669.00
8.724631,887.6898,653.00
8.724631,887.7411,643.00
8.724631,887.7925,623.00
8.724631,887.8438,651.00
8.724631,887.8951,612.00
8.724631,887.9464,700.00
8.724631,887.9977,653.00
8.724631,888.0490,697.00
8.724631,888.1003,679.00
8.724631,888.1516,666.00
8.724631,888.2029,628.00
8.724631,888.2542,664.00
8.724631,888.3054,624.00
8.724631,888.3567,659.00
8.724631,888.4080,617.00
8.724631,888.4592,674.00
8.724631,888.5105,652.00
8.724631,888.5618,692.00
8.724631,888.6130,645.00
8.724631,888.6642,670.00
8.724631,888.7155,639.00
8.724631,888.7667,660.00
8.724631,888.8179,620.00
8.724631,888.8691,674.00
8.724631,888.9204,653.00
8.724631,888.9716,685.00
8.724631,889.0228,652.00
8.724631,889.0740,672.00
8.724631,889.1252,677.00
8.724631,889.1764,662.00
8.724631,889.2275,632.00
8.724631,889.2787,684.00
8.724631,889.3299,618.00
8.724631,889.3810,692.00
8.724631,889.4322,681.00
8.724631,889.4835,688.00
8.724631,889.5346,670.00
8.724631,889.5857,657.00
8.724631,889.6368,616.00
8.724631,889.6879,666.00
8.724631,889.7391,608.00
8.724631,889.7903,685.00
8.724631,889.8414,608.00
8.724631,889.8925,690.00
8.724631,889.9435,697.00
8.724631,889.9948,666.00
8.724631,890.0458,602.00
8.724631,890.0969,670.00
8.724631,890.1479,613.00
8.724631,890.1990,710.00
8.724631,890.2501,615.00
8.724631,890.3012,673.00
8.724631,890.3523,659.00
8.724631,890.4034,642.00
8.724631,890.4545,619.00
8.724631,890.5054,659.00
8.724631,890.5566,582.00
8.724631,890.6076,661.00
8.724631,890.6586,601.00
8.724631,890.7097,667.00
8.724631,890.7607,627.00
8.724631,890.8117,643.00
8.724631,890.8627,622.00
8.724631,890.9138,602.00
8.724631,890.9647,581.00
8.724631,891.0157,629.00
8.724631,891.0668,591.00
8.724631,891.1178,629.00
8.724631,891.1688,595.00
8.724631,891.2197,672.00
8.724631,891.2707,600.00
8.724631,891.3217,627.00
8.724631,891.3727,602.00
8.724631,891.4236,647.00
8.724631,891.4745,594.00
8.724631,891.5256,646.00
8.724631,891.5765,589.00
8.724631,891.6275,671.00
8.724631,891.6783,607.00
8.724631,891.7293,609.00
8.724631,891.7802,605.00
8.724631,891.8312,638.00
8.724631,891.8821,577.00
8.724631,891.9330,657.00
8.724631,891.9839,590.00
8.724631,892.0348,646.00
8.724631,892.0857,609.00
8.724631,892.1366,660.00
8.724631,892.1875,614.00
8.724631,892.2383,647.00
8.724631,892.2892,601.00
8.724631,892.3401,648.00
8.724631,892.3911,594.00
8.724631,892.4418,675.00
8.724631,892.4927,617.00
8.724631,892.5436,664.00
8.724631,892.5944,630.00
8.724631,892.6452,635.00
8.724631,892.6961,617.00
8.724631,892.7469,646.00
8.724631,892.7977,590.00
8.724631,892.8485,623.00
8.724631,892.8993,617.00
8.724631,892.9502,658.00
8.724631,893.0010,595.00
8.724631,893.0518,647.00
8.724631,893.1025,619.00
8.724631,893.1534,660.00
8.724631,893.2042,583.00
8.724631,893.2549,673.00
8.724631,893.3057,627.00
8.724631,893.3564,673.00
8.724631,893.4072,682.00
8.724631,893.4580,641.00
8.724631,893.5087,622.00
8.724631,893.5595,621.00
8.724631,893.6102,606.00
8.724631,893.6609,705.00
8.724631,893.7117,606.00
8.724631,893.7625,717.00
8.724631,893.8132,630.00
8.724631,893.8639,687.00
8.724631,893.9146,650.00
8.724631,893.9653,637.00
8.724631,894.0160,632.00
8.724631,894.0667,651.00
8.724631,894.1174,623.00
8.724631,894.1681,661.00
8.724631,894.2188,614.00
8.724631,894.2695,668.00
8.724631,894.3201,643.00
8.724631,894.3708,637.00
8.724631,894.4214,624.00
8.724631,894.4720,649.00
8.724631,894.5228,612.00
8.724631,894.5734,689.00
8.724631,894.6240,632.00
8.724631,894.6746,696.00
8.724631,894.7252,680.00
8.724631,894.7759,636.00
8.724631,894.8265,636.00
8.724631,894.8771,628.00
8.724631,894.9277,568.00
8.724631,894.9783,670.00
8.724631,895.0290,588.00
8.724631,895.0795,696.00
8.724631,895.1301,632.00
8.724631,895.1807,662.00
8.724631,895.2313,653.00
8.724631,895.2819,654.00
8.724631,895.3325,606.00
8.724631,895.3830,632.00
8.724631,895.4336,585.00
8.724631,895.4841,668.00
8.724631,895.5347,615.00
8.724631,895.5852,645.00
8.724631,895.6357,634.00
8.724631,895.6863,670.00
8.724631,895.7368,642.00
8.724631,895.7874,655.00
8.724631,895.8379,586.00
8.724631,895.8884,683.00
8.724631,895.9388,579.00
8.724631,895.9893,671.00
8.724631,896.0399,611.00
8.724631,896.0904,645.00
8.724631,896.1408,663.00
8.724631,896.1913,675.00
8.724631,896.2418,629.00
8.724631,896.2922,693.00
8.724631,896.3427,622.00
8.724631,896.3932,701.00
8.724631,896.4437,659.00
8.724631,896.4941,690.00
8.724631,896.5445,648.00
8.724631,896.5950,669.00
8.724631,896.6454,644.00
8.724631,896.6958,635.00
8.724631,896.7462,621.00
8.724631,896.7967,682.00
8.724631,896.8471,636.00
8.724631,896.8975,666.00
8.724631,896.9479,631.00
8.724631,896.9983,670.00
8.724631,897.0486,639.00
8.724631,897.0991,642.00
8.724631,897.1495,595.00
8.724631,897.1998,689.00
8.724631,897.2502,611.00
8.724631,897.3005,699.00
8.724631,897.3510,635.00
8.724631,897.4013,661.00
8.724631,897.4517,662.00
8.724631,897.5020,651.00
8.724631,897.5523,629.00
8.724631,897.6026,687.00
8.724631,897.6530,614.00
8.724631,897.7033,685.00
8.724631,897.7537,613.00
8.724631,897.8040,692.00
8.724631,897.8542,619.00
8.724631,897.9046,669.00
8.724631,897.9549,644.00
8.724631,898.0051,680.00
8.724631,898.0554,630.00
8.724631,898.1057,673.00
8.724631,898.1560,618.00
8.724631,898.2063,666.00
8.724631,898.2565,634.00
8.724631,898.3068,637.00
8.724631,898.3571,650.00
8.724631,898.4073,635.00
8.724631,898.4576,569.00
8.724631,898.5078,677.00
8.724631,898.5580,590.00
8.724631,898.6083,691.00
8.724631,898.6584,679.00
8.724631,898.7087,670.00
8.724631,898.7590,638.00
8.724631,898.8091,627.00
8.724631,898.8593,637.00
8.724631,898.9095,641.00
8.724631,898.9598,569.00
8.724631,899.0099,683.00
8.724631,899.0601,631.00
8.724631,899.1103,644.00
8.724631,899.1605,588.00
8.724631,899.2107,622.00
8.724631,899.2608,629.00
8.724631,899.3109,623.00
8.724631,899.3611,584.00
8.724631,899.4113,704.00
8.724631,899.4614,655.00
8.724631,899.5115,654.00
8.724631,899.5616,655.00
8.724631,899.6118,636.00
8.724631,899.6619,638.00
8.724631,899.7121,617.00
8.724631,899.7622,601.00
8.724631,899.8123,659.00
8.724631,899.8624,610.00
8.724631,899.9124,671.00
8.724631,899.9626,644.00
8.724631,900.0126,648.00
8.724631,900.0627,617.00
8.724631,900.1127,673.00
8.724631,900.1628,593.00
8.724631,900.2130,662.00
8.724631,900.2631,556.00
8.724631,900.3130,658.00
8.724631,900.3631,606.00
8.724631,900.4131,648.00
8.724631,900.4632,605.00
8.724631,900.5132,626.00
8.724631,900.5633,563.00
8.724631,900.6132,625.00
8.724631,900.6632,596.00
8.724631,900.7133,624.00
8.724631,900.7633,567.00
8.724631,900.8133,637.00
8.724631,900.8633,602.00
8.724631,900.9133,646.00
8.724631,900.9633,616.00
8.724631,901.0133,649.00
8.724631,901.0632,584.00
8.724631,901.1132,641.00
8.724631,901.1631,597.00
8.724631,901.2131,634.00
8.724631,901.2631,638.00
8.724631,901.3130,656.00
8.724631,901.3630,622.00
8.724631,901.4129,648.00
8.724631,901.4628,635.00
8.724631,901.5128,639.00
8.724631,901.5627,580.00
8.724631,901.6126,659.00
8.724631,901.6625,612.00
8.724631,901.7124,635.00
8.724631,901.7623,633.00
8.724631,901.8123,604.00
8.724631,901.8621,625.00
8.724631,901.9120,618.00
8.724631,901.9619,593.00
8.724631,902.0117,654.00
8.724631,902.0616,606.00
8.724631,902.1115,656.00
8.724631,902.1613,621.00
8.724631,902.2112,618.00
8.724631,902.2610,619.00
8.724631,902.3109,625.00
8.724631,902.3608,592.00
8.724631,902.4106,650.00
8.724631,902.4604,603.00
8.724631,902.5103,657.00
8.724631,902.5601,588.00
8.724631,902.6099,638.00
8.724631,902.6597,623.00
8.724631,902.7095,687.00
8.724631,902.7592,644.00
8.724631,902.8090,668.00
8.724631,902.8589,581.00
8.724631,902.9086,663.00
8.724631,902.9584,613.00
8.724631,903.0082,688.00
8.724631,903.0580,650.00
8.724631,903.1077,644.00
8.724631,903.1575,595.00
8.724631,903.2072,626.00
8.724631,903.2570,620.00
8.724631,903.3067,667.00
8.724631,903.3564,616.00
8.724631,903.4062,679.00
8.724631,903.4559,629.00
8.724631,903.5056,642.00
8.724631,903.5553,617.00
8.724631,903.6050,630.00
8.724631,903.6547,605.00
8.724631,903.7045,666.00
8.724631,903.7541,581.00
8.724631,903.8038,696.00
8.724631,903.8535,637.00
8.724631,903.9032,628.00
8.724631,903.9528,597.00
8.724631,904.0025,628.00
8.724631,904.0522,598.00
8.724631,904.1019,650.00
8.724631,904.1515,582.00
8.724631,904.2012,646.00
8.724631,904.2507,580.00
8.724631,904.3004,635.00
8.724631,904.3500,587.00
8.724631,904.3997,607.00
8.724631,904.4493,593.00
8.724631,904.4989,620.00
8.724631,904.5485,597.00
8.724631,904.5980,645.00
8.724631,904.6477,581.00
8.724631,904.6973,624.00
8.724631,904.7469,592.00
8.724631,904.7964,636.00
8.724631,904.8460,604.00
8.724631,904.8956,594.00
8.724631,904.9452,600.00
8.724631,904.9947,638.00
8.724631,905.0443,578.00
8.724631,905.0938,650.00
8.724631,905.1434,621.00
8.724631,905.1929,624.00
8.724631,905.2424,617.00
8.724631,905.2919,643.00
8.724631,905.3414,601.00
8.724631,905.3910,602.00
8.724631,905.4406,602.00
8.724631,905.4901,664.00
8.724631,905.5396,581.00
8.724631,905.5890,652.00
8.724631,905.6385,641.00
8.724631,905.6880,619.00
8.724631,905.7375,630.00
8.724631,905.7870,670.00
8.724631,905.8364,578.00
8.724631,905.8859,658.00
8.724631,905.9354,627.00
8.724631,905.9848,681.00
8.724631,906.0342,679.00
8.724631,906.0837,685.00
8.724631,906.1331,607.00
8.724631,906.1826,645.00
8.724631,906.2321,628.00
8.724631,906.2814,689.00
8.724631,906.3309,604.00
8.724631,906.3802,661.00
8.724631,906.4297,634.00
8.724631,906.4791,656.00
8.724631,906.5285,610.00
8.724631,906.5779,610.00
8.724631,906.6273,604.00
8.724631,906.6766,657.00
8.724631,906.7260,602.00
8.724631,906.7754,689.00
8.724631,906.8248,605.00
8.724631,906.8741,668.00
8.724631,906.9235,630.00
8.724631,906.9729,643.00
8.724631,907.0222,618.00
8.724631,907.0715,664.00
8.724631,907.1208,594.00
8.724631,907.1702,685.00
8.724631,907.2195,621.00
8.724631,907.2688,641.00
8.724631,907.3181,614.00
8.724631,907.3674,637.00
8.724631,907.4167,618.00
8.724631,907.4660,610.00
8.724631,907.5153,584.00
8.724631,907.5646,635.00
8.724631,907.6139,600.00
8.724631,907.6631,679.00
8.724631,907.7125,619.00
8.724631,907.7617,632.00
8.724631,907.8110,599.00
8.724631,907.8602,634.00
8.724631,907.9094,611.00
8.724631,907.9587,633.00
8.724631,908.0080,556.00
8.724631,908.0572,673.00
8.724631,908.1064,585.00
8.724631,908.1556,661.00
8.724631,908.2048,654.00
8.724631,908.2541,616.00
8.724631,908.3033,646.00
8.724631,908.3524,644.00
8.724631,908.4017,592.00
8.724631,908.4508,651.00
8.724631,908.5000,612.00
8.724631,908.5493,647.00
8.724631,908.5984,654.00
8.724631,908.6475,630.00
8.724631,908.6967,581.00
8.724631,908.7459,624.00
8.724631,908.7950,579.00
8.724631,908.8442,635.00
8.724631,908.8932,583.00
8.724631,908.9424,642.00
8.724631,908.9916,624.00
8.724631,909.0407,661.00
8.724631,909.0898,633.00
8.724631,909.1389,637.00
8.724631,909.1880,599.00
8.724631,909.2372,658.00
8.724631,909.2863,580.00
8.724631,909.3354,702.00
8.724631,909.3845,596.00
8.724631,909.4335,637.00
8.724631,909.4825,643.00
8.724631,909.5317,606.00
8.724631,909.5807,575.00
8.724631,909.6298,656.00
8.724631,909.6789,578.00
8.724631,909.7280,661.00
8.724631,909.7770,617.00
8.724631,909.8260,653.00
8.724631,909.8751,606.00
8.724631,909.9241,637.00
8.724631,909.9731,628.00
8.724631,910.0222,662.00
8.724631,910.0711,640.00
8.724631,910.1201,653.00
8.724631,910.1691,584.00
8.724631,910.2181,650.00
8.724631,910.2672,621.00
8.724631,910.3162,656.00
8.724631,910.3651,626.00
8.724631,910.4141,646.00
8.724631,910.4631,645.00
8.724631,910.5120,606.00
8.724631,910.5610,610.00
8.724631,910.6099,657.00
8.724631,910.6589,657.00
8.724631,910.7078,676.00
8.724631,910.7568,643.00
8.724631,910.8057,633.00
8.724631,910.8546,638.00
8.724631,910.9036,660.00
8.724631,910.9525,636.00
8.724631,911.0013,655.00
8.724631,911.0503,630.00
8.724631,911.0992,687.00
8.724631,911.1481,634.00
8.724631,911.1970,682.00
8.724631,911.2459,637.00
8.724631,911.2948,653.00
8.724631,911.3436,607.00
8.724631,911.3925,631.00
8.724631,911.4414,623.00
8.724631,911.4902,656.00
8.724631,911.5391,674.00
8.724631,911.5880,651.00
8.724631,911.6368,635.00
8.724631,911.6857,619.00
8.724631,911.7344,592.00
8.724631,911.7833,661.00
8.724631,911.8321,609.00
8.724631,911.8809,687.00
8.724631,911.9297,625.00
8.724631,911.9785,684.00
8.724631,912.0273,662.00
8.724631,912.0762,630.00
8.724631,912.1249,665.00
8.724631,912.1737,656.00
8.724631,912.2225,618.00
8.724631,912.2712,679.00
8.724631,912.3201,657.00
8.724631,912.3688,700.00
8.724631,912.4176,646.00
8.724631,912.4663,665.00
8.724631,912.5150,601.00
8.724631,912.5638,648.00
8.724631,912.6125,622.00
8.724631,912.6613,663.00
8.724631,912.7100,636.00
8.724631,912.7587,670.00
8.724631,912.8074,652.00
8.724631,912.8561,665.00
8.724631,912.9048,661.00
8.724631,912.9535,676.00
8.724631,913.0023,639.00
8.724631,913.0510,666.00
8.724631,913.0996,622.00
8.724631,913.1483,700.00
8.724631,913.1969,646.00
8.724631,913.2456,673.00
8.724631,913.2943,683.00
8.724631,913.3430,673.00
8.724631,913.3916,622.00
8.724631,913.4402,653.00
8.724631,913.4888,646.00
8.724631,913.5375,683.00
8.724631,913.5862,638.00
8.724631,913.6348,697.00
8.724631,913.6834,688.00
8.724631,913.7320,681.00
8.724631,913.7806,687.00
8.724631,913.8292,679.00
8.724631,913.8778,640.00
8.724631,913.9264,674.00
8.724631,913.9750,644.00
8.724631,914.0236,727.00
8.724631,914.0721,665.00
8.724631,914.1207,704.00
8.724631,914.1693,637.00
8.724631,914.2178,684.00
8.724631,914.2664,639.00
8.724631,914.3149,700.00
8.724631,914.3635,652.00
8.724631,914.4120,692.00
8.724631,914.4606,684.00
8.724631,914.5090,733.00
8.724631,914.5576,696.00
8.724631,914.6061,698.00
8.724631,914.6546,676.00
8.724631,914.7031,696.00
8.724631,914.7516,644.00
8.724631,914.8001,728.00
8.724631,914.8486,665.00
8.724631,914.8971,712.00
8.724631,914.9456,682.00
8.724631,914.9941,682.00
8.724631,915.0425,672.00
8.724631,915.0910,668.00
8.724631,915.1395,640.00
8.724631,915.1879,715.00
8.724631,915.2363,661.00
8.724631,915.2849,734.00
8.724631,915.3333,680.00
8.724631,915.3817,726.00
8.724631,915.4301,663.00
8.724631,915.4785,676.00
8.724631,915.5269,635.00
8.724631,915.5754,698.00
8.724631,915.6237,635.00
8.724631,915.6721,705.00
8.724631,915.7205,654.00
8.724631,915.7689,727.00
8.724631,915.8173,665.00
8.724631,915.8657,691.00
8.724631,915.9141,638.00
8.724631,915.9623,691.00
8.724631,916.0107,641.00
8.724631,916.0591,716.00
8.724631,916.1075,635.00
8.724631,916.1558,681.00
8.724631,916.2042,637.00
8.724631,916.2524,680.00
8.724631,916.3008,682.00
8.724631,916.3491,669.00
8.724631,916.3974,608.00
8.724631,916.4457,688.00
8.724631,916.4940,634.00
8.724631,916.5423,687.00
8.724631,916.5907,678.00
8.724631,916.6390,670.00
8.724631,916.6872,652.00
8.724631,916.7355,673.00
8.724631,916.7838,611.00
8.724631,916.8320,703.00
8.724631,916.8803,623.00
8.724631,916.9286,702.00
8.724631,916.9768,602.00
8.724631,917.0250,677.00
8.724631,917.0733,685.00
8.724631,917.1216,661.00
8.724631,917.1698,623.00
8.724631,917.2180,643.00
8.724631,917.2662,602.00
8.724631,917.3145,660.00
8.724631,917.3626,688.00
8.724631,917.4109,687.00
8.724631,917.4590,623.00
8.724631,917.5072,693.00
8.724631,917.5554,648.00
8.724631,917.6036,672.00
8.724631,917.6518,621.00
8.724631,917.7000,695.00
8.724631,917.7481,628.00
8.724631,917.7963,692.00
8.724631,917.8444,662.00
8.724631,917.8926,688.00
8.724631,917.9407,685.00
8.724631,917.9888,698.00
8.724631,918.0369,626.00
8.724631,918.0851,657.00
8.724631,918.1332,620.00
8.724631,918.1813,688.00
8.724631,918.2294,649.00
8.724631,918.2776,685.00
8.724631,918.3257,640.00
8.724631,918.3737,676.00
8.724631,918.4218,648.00
8.724631,918.4699,678.00
8.724631,918.5180,612.00
8.724631,918.5660,686.00
8.724631,918.6142,628.00
8.724631,918.6622,692.00
8.724631,918.7103,675.00
8.724631,918.7583,684.00
8.724631,918.8064,655.00
8.724631,918.8544,638.00
8.724631,918.9025,646.00
8.724631,918.9505,711.00
8.724631,918.9985,618.00
8.724631,919.0464,683.00
8.724631,919.0945,661.00
8.724631,919.1426,727.00
8.724631,919.1905,689.00
8.724631,919.2385,677.00
8.724631,919.2866,627.00
8.724631,919.3345,666.00
8.724631,919.3825,635.00
8.724631,919.4304,698.00
8.724631,919.4785,626.00
8.724631,919.5264,701.00
8.724631,919.5744,663.00
8.724631,919.6224,653.00
8.724631,919.6703,653.00
8.724631,919.7182,655.00
8.724631,919.7661,642.00
8.724631,919.8141,699.00
8.724631,919.8620,664.00
8.724631,919.9100,706.00
8.724631,919.9578,653.00
8.724631,920.0057,711.00
8.724631,920.0536,631.00
8.724631,920.1016,690.00
8.724631,920.1495,661.00
8.724631,920.1973,682.00
8.724631,920.2452,597.00
8.724631,920.2932,679.00
8.724631,920.3410,679.00
8.724631,920.3888,672.00
8.724631,920.4367,665.00
8.724631,920.4846,646.00
8.724631,920.5323,607.00
8.724631,920.5803,637.00
8.724631,920.6281,614.00
8.724631,920.6759,704.00
8.724631,920.7237,647.00
8.724631,920.7715,691.00
8.724631,920.8195,640.00
8.724631,920.8672,641.00
8.724631,920.9150,596.00
8.724631,920.9628,667.00
8.724631,921.0106,605.00
8.724631,921.0584,680.00
8.724631,921.1062,586.00
8.724631,921.1540,692.00
8.724631,921.2017,609.00
8.724631,921.2495,646.00
8.724631,921.2973,612.00
8.724631,921.3450,645.00
8.724631,921.3928,606.00
8.724631,921.4405,670.00
8.724631,921.4882,589.00
8.724631,921.5359,690.00
8.724631,921.5837,640.00
8.724631,921.6315,655.00
8.724631,921.6791,627.00
8.724631,921.7269,672.00
8.724631,921.7746,613.00
8.724631,921.8223,618.00
8.724631,921.8700,603.00
8.724631,921.9177,669.00
8.724631,921.9653,604.00
8.724631,922.0130,632.00
8.724631,922.0607,643.00
8.724631,922.1084,647.00
8.724631,922.1561,638.00
8.724631,922.2037,662.00
8.724631,922.2513,618.00
8.724631,922.2990,667.00
8.724631,922.3467,623.00
8.724631,922.3943,667.00
8.724631,922.4419,623.00
8.724631,922.4895,677.00
8.724631,922.5371,651.00
8.724631,922.5848,659.00
8.724631,922.6324,625.00
8.724631,922.6800,649.00
8.724631,922.7276,606.00
8.724631,922.7752,663.00
8.724631,922.8228,625.00
8.724631,922.8704,690.00
8.724631,922.9179,628.00
8.724631,922.9655,679.00
8.724631,923.0130,633.00
8.724631,923.0607,704.00
8.724631,923.1082,633.00
8.724631,923.1558,664.00
8.724631,923.2032,609.00
8.724631,923.2508,650.00
8.724631,923.2983,654.00
8.724631,923.3459,658.00
8.724631,923.3934,634.00
8.724631,923.4409,654.00
8.724631,923.4884,631.00
8.724631,923.5359,645.00
8.724631,923.5834,595.00
8.724631,923.6309,643.00
8.724631,923.6784,631.00
8.724631,923.7259,677.00
8.724631,923.7734,634.00
8.724631,923.8209,613.00
8.724631,923.8683,595.00
8.724631,923.9158,663.00
8.724631,923.9632,616.00
8.724631,924.0106,677.00
8.724631,924.0581,628.00
8.724631,924.1056,667.00
8.724631,924.1530,633.00
8.724631,924.2004,678.00
8.724631,924.2479,626.00
8.724631,924.2952,620.00
8.724631,924.3427,585.00
8.724631,924.3901,680.00
8.724631,924.4375,643.00
8.724631,924.4849,683.00
8.724631,924.5323,646.00
8.724631,924.5797,648.00
8.724631,924.6270,610.00
8.724631,924.6744,655.00
8.724631,924.7218,589.00
8.724631,924.7692,669.00
8.724631,924.8165,610.00
8.724631,924.8639,653.00
8.724631,924.9112,649.00
8.724631,924.9585,694.00
8.724631,925.0059,642.00
8.724631,925.0532,637.00
8.724631,925.1005,624.00
8.724631,925.1478,672.00
8.724631,925.1952,595.00
8.724631,925.2424,689.00
8.724631,925.2897,626.00
8.724631,925.3370,682.00
8.724631,925.3843,660.00
8.724631,925.4316,673.00
8.724631,925.4789,628.00
8.724631,925.5262,661.00
8.724631,925.5734,617.00
8.724631,925.6207,676.00
8.724631,925.6680,630.00
8.724631,925.7153,702.00
8.724631,925.7625,670.00
8.724631,925.8097,632.00
8.724631,925.8569,686.00
8.724631,925.9042,667.00
8.724631,925.9514,611.00
8.724631,925.9987,679.00
8.724631,926.0458,624.00
8.724631,926.0930,691.00
8.724631,926.1403,609.00
8.724631,926.1874,701.00
8.724631,926.2346,637.00
8.724631,926.2819,686.00
8.724631,926.3290,629.00
8.724631,926.3762,662.00
8.724631,926.4233,606.00
8.724631,926.4705,704.00
8.724631,926.5177,673.00
8.724631,926.5648,690.00
8.724631,926.6120,687.00
8.724631,926.6591,707.00
8.724631,926.7063,660.00
8.724631,926.7534,700.00
8.724631,926.8005,617.00
8.724631,926.8477,709.00
8.724631,926.8947,635.00
8.724631,926.9418,722.00
8.724631,926.9890,668.00
8.724631,927.0361,694.00
8.724631,927.0831,692.00
8.724631,927.1302,695.00
8.724631,927.1773,629.00
8.724631,927.2244,734.00
8.724631,927.2715,649.00
8.724631,927.3185,716.00
8.724631,927.3656,651.00
8.724631,927.4126,688.00
8.724631,927.4597,731.00
8.724631,927.5067,690.00
8.724631,927.5538,636.00
8.724631,927.6008,691.00
8.724631,927.6478,668.00
8.724631,927.6949,685.00
8.724631,927.7419,673.00
8.724631,927.7888,692.00
8.724631,927.8358,697.00
8.724631,927.8829,718.00
8.724631,927.9299,636.00
8.724631,927.9769,716.00
8.724631,928.0239,646.00
8.724631,928.0708,694.00
8.724631,928.1177,665.00
8.724631,928.1648,704.00
8.724631,928.2117,680.00
8.724631,928.2587,669.00
8.724631,928.3056,653.00
8.724631,928.3525,678.00
8.724631,928.3995,650.00
8.724631,928.4465,726.00
8.724631,928.4934,660.00
8.724631,928.5402,686.00
8.724631,928.5872,675.00
8.724631,928.6340,711.00
8.724631,928.6810,673.00
8.724631,928.7279,674.00
8.724631,928.7748,665.00
8.724631,928.8217,687.00
8.724631,928.8685,635.00
8.724631,928.9155,684.00
8.724631,928.9623,619.00
8.724631,929.0092,710.00
8.724631,929.0560,651.00
8.724631,929.1028,669.00
8.724631,929.1498,662.00
8.724631,929.1965,677.00
8.724631,929.2434,669.00
8.724631,929.2902,703.00
8.724631,929.3370,650.00
8.724631,929.3839,677.00
8.724631,929.4307,660.00
8.724631,929.4775,668.00
8.724631,929.5243,677.00
8.724631,929.5710,675.00
8.724631,929.6179,654.00
8.724631,929.6647,672.00
8.724631,929.7115,628.00
8.724631,929.7582,654.00
8.724631,929.8050,629.00
8.724631,929.8517,721.00
8.724631,929.8986,662.00
8.724631,929.9453,674.00
8.724631,929.9921,679.00
8.724631,930.0388,730.00
8.724631,930.0854,636.00
8.724631,930.1323,701.00
8.724631,930.1790,635.00
8.724631,930.2256,705.00
8.724631,930.2724,671.00
8.724631,930.3191,666.00
8.724631,930.3658,632.00
8.724631,930.4125,699.00
8.724631,930.4592,628.00
8.724631,930.5059,705.00
8.724631,930.5526,635.00
8.724631,930.5993,648.00
8.724631,930.6459,689.00
8.724631,930.6926,686.00
8.724631,930.7392,644.00
8.724631,930.7859,675.00
8.724631,930.8325,618.00
8.724631,930.8792,698.00
8.724631,930.9258,663.00
8.724631,930.9725,708.00
8.724631,931.0190,665.00
8.724631,931.0657,683.00
8.724631,931.1123,677.00
8.724631,931.1589,657.00
8.724631,931.2055,626.00
8.724631,931.2521,658.00
8.724631,931.2987,625.00
8.724631,931.3453,686.00
8.724631,931.3919,658.00
8.724631,931.4385,663.00
8.724631,931.4850,673.00
8.724631,931.5316,666.00
8.724631,931.5782,635.00
8.724631,931.6248,663.00
8.724631,931.6713,623.00
8.724631,931.7178,718.00
8.724631,931.7643,619.00
8.724631,931.8109,681.00
8.724631,931.8574,651.00
8.724631,931.9039,677.00
8.724631,931.9504,667.00
8.724631,931.9969,705.00
8.724631,932.0435,624.00
8.724631,932.0900,707.00
8.724631,932.1365,646.00
8.724631,932.1829,691.00
8.724631,932.2294,646.00
8.724631,932.2759,728.00
8.724631,932.3223,655.00
8.724631,932.3688,651.00
8.724631,932.4153,663.00
8.724631,932.4617,725.00
8.724631,932.5082,652.00
8.724631,932.5546,723.00
8.724631,932.6011,651.00
8.724631,932.6475,717.00
8.724631,932.6939,698.00
8.724631,932.7402,710.00
8.724631,932.7867,655.00
8.724631,932.8331,709.00
8.724631,932.8795,610.00
8.724631,932.9259,705.00
8.724631,932.9723,641.00
8.724631,933.0187,705.00
8.724631,933.0651,654.00
8.724631,933.1115,695.00
8.724631,933.1578,676.00
8.724631,933.2042,676.00
8.724631,933.2505,634.00
8.724631,933.2969,709.00
8.724631,933.3433,687.00
8.724631,933.3896,722.00
8.724631,933.4359,648.00
8.724631,933.4822,697.00
8.724631,933.5286,656.00
8.724631,933.5749,663.00
8.724631,933.6212,653.00
8.724631,933.6675,690.00
8.724631,933.7138,658.00
8.724631,933.7601,730.00
8.724631,933.8064,673.00
8.724631,933.8527,700.00
8.724631,933.8989,659.00
8.724631,933.9452,693.00
8.724631,933.9915,675.00
8.724631,934.0378,708.00
8.724631,934.0840,628.00
8.724631,934.1302,753.00
8.724631,934.1765,622.00
8.724631,934.2227,717.00
8.724631,934.2690,682.00
8.724631,934.3152,690.00
8.724631,934.3614,688.00
8.724631,934.4077,711.00
8.724631,934.4539,654.00
8.724631,934.5001,713.00
8.724631,934.5463,625.00
8.724631,934.5925,740.00
8.724631,934.6387,687.00
8.724631,934.6848,709.00
8.724631,934.7310,666.00
8.724631,934.7772,704.00
8.724631,934.8234,644.00
8.724631,934.8695,669.00
8.724631,934.9156,622.00
8.724631,934.9619,703.00
8.724631,935.0080,684.00
8.724631,935.0541,740.00
8.724631,935.1002,686.00
8.724631,935.1464,677.00
8.724631,935.1925,645.00
8.724631,935.2386,706.00
8.724631,935.2847,672.00
8.724631,935.3308,735.00
8.724631,935.3769,630.00
8.724631,935.4230,702.00
8.724631,935.4691,671.00
8.724631,935.5152,694.00
8.724631,935.5613,673.00
8.724631,935.6073,709.00
8.724631,935.6534,649.00
8.724631,935.6995,699.00
8.724631,935.7455,629.00
8.724631,935.7916,720.00
8.724631,935.8376,670.00
8.724631,935.8837,704.00
8.724631,935.9297,649.00
8.724631,935.9757,668.00
8.724631,936.0217,634.00
8.724631,936.0677,673.00
8.724631,936.1137,630.00
8.724631,936.1598,710.00
8.724631,936.2057,630.00
8.724631,936.2518,683.00
8.724631,936.2977,654.00
8.724631,936.3437,673.00
8.724631,936.3896,639.00
8.724631,936.4357,645.00
8.724631,936.4816,603.00
8.724631,936.5275,703.00
8.724631,936.5735,636.00
8.724631,936.6194,681.00
8.724631,936.6654,668.00
8.724631,936.7114,653.00
8.724631,936.7573,631.00
8.724631,936.8032,662.00
8.724631,936.8491,602.00
8.724631,936.8950,650.00
8.724631,936.9409,590.00
8.724631,936.9868,717.00
8.724631,937.0327,621.00
8.724631,937.0786,679.00
8.724631,937.1245,629.00
8.724631,937.1704,663.00
8.724631,937.2162,608.00
8.724631,937.2621,662.00
8.724631,937.3080,607.00
8.724631,937.3539,656.00
8.724631,937.3997,611.00
8.724631,937.4455,664.00
8.724631,937.4913,649.00
8.724631,937.5372,671.00
8.724631,937.5831,630.00
8.724631,937.6289,641.00
8.724631,937.6747,632.00
8.724631,937.7205,706.00
8.724631,937.7663,601.00
8.724631,937.8121,673.00
8.724631,937.8579,632.00
8.724631,937.9037,642.00
8.724631,937.9495,647.00
8.724631,937.9952,688.00
8.724631,938.0410,632.00
8.724631,938.0868,682.00
8.724631,938.1325,607.00
8.724631,938.1783,701.00
8.724631,938.2240,636.00
8.724631,938.2698,688.00
8.724631,938.3155,623.00
8.724631,938.3613,655.00
8.724631,938.4069,618.00
8.724631,938.4527,616.00
8.724631,938.4984,606.00
8.724631,938.5441,663.00
8.724631,938.5898,633.00
8.724631,938.6356,663.00
8.724631,938.6812,640.00
8.724631,938.7269,659.00
8.724631,938.7726,643.00
8.724631,938.8182,654.00
8.724631,938.8640,637.00
8.724631,938.9096,684.00
8.724631,938.9552,609.00
8.724631,939.0010,663.00
8.724631,939.0466,677.00
8.724631,939.0922,670.00
8.724631,939.1378,676.00
8.724631,939.1835,690.00
8.724631,939.2291,633.00
8.724631,939.2747,696.00
8.724631,939.3203,657.00
8.724631,939.3659,724.00
8.724631,939.4115,677.00
8.724631,939.4570,692.00
8.724631,939.5027,690.00
8.724631,939.5483,686.00
8.724631,939.5939,630.00
8.724631,939.6395,682.00
8.724631,939.6851,636.00
8.724631,939.7306,721.00
8.724631,939.7761,651.00
8.724631,939.8217,713.00
8.724631,939.8672,689.00
8.724631,939.9127,668.00
8.724631,939.9583,644.00
8.724631,940.0038,685.00
8.724631,940.0493,630.00
8.724631,940.0948,712.00
8.724631,940.1403,652.00
8.724631,940.1859,748.00
8.724631,940.2314,668.00
8.724631,940.2769,687.00
8.724631,940.3223,648.00
8.724631,940.3678,714.00
8.724631,940.4133,658.00
8.724631,940.4588,698.00
8.724631,940.5042,657.00
8.724631,940.5497,724.00
8.724631,940.5952,653.00
8.724631,940.6406,719.00
8.724631,940.6860,701.00
8.724631,940.7315,696.00
8.724631,940.7769,658.00
8.724631,940.8223,710.00
8.724631,940.8677,651.00
8.724631,940.9132,712.00
8.724631,940.9586,654.00
8.724631,941.0040,731.00
8.724631,941.0494,701.00
8.724631,941.0948,707.00
8.724631,941.1402,698.00
8.724631,941.1855,693.00
8.724631,941.2310,643.00
8.724631,941.2762,732.00
8.724631,941.3216,647.00
8.724631,941.3670,725.00
8.724631,941.4124,626.00
8.724631,941.4577,697.00
8.724631,941.5031,664.00
8.724631,941.5483,689.00
8.724631,941.5937,676.00
8.724631,941.6390,701.00
8.724631,941.6843,646.00
8.724631,941.7296,694.00
8.724631,941.7749,646.00
8.724631,941.8203,708.00
8.724631,941.8655,676.00
8.724631,941.9108,669.00
8.724631,941.9561,631.00
8.724631,942.0013,683.00
8.724631,942.0467,638.00
8.724631,942.0920,718.00
8.724631,942.1372,690.00
8.724631,942.1824,707.00
8.724631,942.2277,667.00
8.724631,942.2729,705.00
8.724631,942.3182,645.00
8.724631,942.3634,689.00
8.724631,942.4086,673.00
8.724631,942.4539,685.00
8.724631,942.4990,654.00
8.724631,942.5443,692.00
8.724631,942.5895,682.00
8.724631,942.6347,722.00
8.724631,942.6798,648.00
8.724631,942.7250,665.00
8.724631,942.7702,652.00
8.724631,942.8154,713.00
8.724631,942.8606,637.00
8.724631,942.9058,720.00
8.724631,942.9508,640.00
8.724631,942.9960,696.00
8.724631,943.0412,672.00
8.724631,943.0864,694.00
8.724631,943.1314,642.00
8.724631,943.1766,722.00
8.724631,943.2217,682.00
8.724631,943.2668,720.00
8.724631,943.3120,649.00
8.724631,943.3571,721.00
8.724631,943.4021,711.00
8.724631,943.4473,711.00
8.724631,943.4923,648.00
8.724631,943.5374,710.00
8.724631,943.5825,656.00
8.724631,943.6276,699.00
8.724631,943.6725,631.00
8.724631,943.7177,696.00
8.724631,943.7627,689.00
8.724631,943.8078,686.00
8.724631,943.8528,667.00
8.724631,943.8978,671.00
8.724631,943.9429,662.00
8.724631,943.9879,710.00
8.724631,944.0330,659.00
8.724631,944.0779,701.00
8.724631,944.1229,689.00
8.724631,944.1679,717.00
8.724631,944.2130,691.00
8.724631,944.2579,721.00
8.724631,944.3029,684.00
8.724631,944.3478,668.00
8.724631,944.3929,640.00
8.724631,944.4379,701.00
8.724631,944.4828,670.00
8.724631,944.5277,702.00
8.724631,944.5727,644.00
8.724631,944.6176,700.00
8.724631,944.6626,682.00
8.724631,944.7076,695.00
8.724631,944.7524,649.00
8.724631,944.7974,706.00
8.724631,944.8423,680.00
8.724631,944.8872,729.00
8.724631,944.9321,691.00
8.724631,944.9770,714.00
8.724631,945.0219,675.00
8.724631,945.0667,684.00
8.724631,945.1116,656.00
8.724631,945.1566,673.00
8.724631,945.2014,637.00
8.724631,945.2463,723.00
8.724631,945.2911,638.00
8.724631,945.3360,708.00
8.724631,945.3808,686.00
8.724631,945.4257,706.00
8.724631,945.4705,657.00
8.724631,945.5153,681.00
8.724631,945.5601,646.00
8.724631,945.6050,741.00
8.724631,945.6498,659.00
8.724631,945.6946,672.00
8.724631,945.7394,686.00
8.724631,945.7842,707.00
8.724631,945.8290,660.00
8.724631,945.8738,699.00
8.724631,945.9186,662.00
8.724631,945.9633,721.00
8.724631,946.0081,633.00
8.724631,946.0529,720.00
8.724631,946.0976,665.00
8.724631,946.1423,673.00
8.724631,946.1871,654.00
8.724631,946.2318,684.00
8.724631,946.2766,608.00
8.724631,946.3213,718.00
8.724631,946.3660,630.00
8.724631,946.4107,687.00
8.724631,946.4554,646.00
8.724631,946.5001,712.00
8.724631,946.5449,647.00
8.724631,946.5895,663.00
8.724631,946.6342,629.00
8.724631,946.6789,697.00
8.724631,946.7236,660.00
8.724631,946.7682,699.00
8.724631,946.8129,639.00
8.724631,946.8575,702.00
8.724631,946.9022,658.00
8.724631,946.9468,706.00
8.724631,946.9915,677.00
8.724631,947.0361,697.00
8.724631,947.0807,659.00
8.724631,947.1253,679.00
8.724631,947.1700,609.00
8.724631,947.2146,714.00
8.724631,947.2592,650.00
8.724631,947.3038,691.00
8.724631,947.3483,665.00
8.724631,947.3929,684.00
8.724631,947.4376,631.00
8.724631,947.4821,697.00
8.724631,947.5267,635.00
8.724631,947.5712,714.00
8.724631,947.6158,654.00
8.724631,947.6604,661.00
8.724631,947.7050,668.00
8.724631,947.7495,617.00
8.724631,947.7939,641.00
8.724631,947.8385,701.00
8.724631,947.8831,626.00
8.724631,947.9276,694.00
8.724631,947.9720,672.00
8.724631,948.0166,668.00
8.724631,948.0611,630.00
8.724631,948.1056,649.00
8.724631,948.1501,611.00
8.724631,948.1945,658.00
8.724631,948.2390,610.00
8.724631,948.2835,657.00
8.724631,948.3279,572.00
8.724631,948.3724,689.00
8.724631,948.4169,647.00
8.724631,948.4613,691.00
8.724631,948.5057,628.00
8.724631,948.5502,630.00
8.724631,948.5947,616.00
8.724631,948.6391,685.00
8.724631,948.6835,625.00
8.724631,948.7279,708.00
8.724631,948.7723,655.00
8.724631,948.8167,670.00
8.724631,948.8611,632.00
8.724631,948.9055,644.00
8.724631,948.9498,650.00
8.724631,948.9943,669.00
8.724631,949.0387,615.00
8.724631,949.0830,666.00
8.724631,949.1273,656.00
8.724631,949.1718,711.00
8.724631,949.2161,640.00
8.724631,949.2604,669.00
8.724631,949.3047,629.00
8.724631,949.3491,680.00
8.724631,949.3934,605.00
8.724631,949.4377,676.00
8.724631,949.4821,606.00
8.724631,949.5264,702.00
8.724631,949.5707,656.00
8.724631,949.6150,634.00
8.724631,949.6592,632.00
8.724631,949.7036,651.00
8.724631,949.7479,613.00
8.724631,949.7921,700.00
8.724631,949.8363,643.00
8.724631,949.8806,680.00
8.724631,949.9249,639.00
8.724631,949.9692,698.00
8.724631,950.0134,640.00
8.724631,950.0576,671.00
8.724631,950.1019,662.00
8.724631,950.1461,659.00
8.724631,950.1903,593.00
8.724631,950.2346,690.00
8.724631,950.2787,653.00
8.724631,950.3229,655.00
8.724631,950.3671,623.00
8.724631,950.4114,662.00
8.724631,950.4555,661.00
8.724631,950.4997,684.00
8.724631,950.5439,667.00
8.724631,950.5880,727.00
8.724631,950.6322,633.00
8.724631,950.6763,680.00
8.724631,950.7205,664.00
8.724631,950.7646,679.00
8.724631,950.8088,643.00
8.724631,950.8530,678.00
8.724631,950.8971,668.00
8.724631,950.9412,674.00
8.724631,950.9853,591.00
8.724631,951.0294,691.00
8.724631,951.0735,635.00
8.724631,951.1177,692.00
8.724631,951.1617,693.00
8.724631,951.2057,695.00
8.724631,951.2499,669.00
8.724631,951.2939,685.00
8.724631,951.3380,638.00
8.724631,951.3821,684.00
8.724631,951.4261,661.00
8.724631,951.4702,708.00
8.724631,951.5142,686.00
8.724631,951.5582,701.00
8.724631,951.6024,650.00
8.724631,951.6464,700.00
8.724631,951.6904,668.00
8.724631,951.7344,693.00
8.724631,951.7784,596.00
8.724631,951.8224,701.00
8.724631,951.8665,640.00
8.724631,951.9104,690.00
8.724631,951.9544,630.00
8.724631,951.9984,660.00
8.724631,952.0424,638.00
8.724631,952.0864,680.00
8.724631,952.1303,605.00
8.724631,952.1743,723.00
8.724631,952.2183,674.00
8.724631,952.2621,699.00
8.724631,952.3061,686.00
8.724631,952.3500,714.00
8.724631,952.3940,643.00
8.724631,952.4379,697.00
8.724631,952.4818,645.00
8.724631,952.5258,707.00
8.724631,952.5696,669.00
8.724631,952.6136,725.00
8.724631,952.6574,634.00
8.724631,952.7014,700.00
8.724631,952.7452,643.00
8.724631,952.7891,658.00
8.724631,952.8330,666.00
8.724631,952.8768,705.00
8.724631,952.9207,644.00
8.724631,952.9645,695.00
8.724631,953.0084,647.00
8.724631,953.0522,673.00
8.724631,953.0961,666.00
8.724631,953.1400,678.00
8.724631,953.1838,629.00
8.724631,953.2275,681.00
8.724631,953.2714,606.00
8.724631,953.3152,719.00
8.724631,953.3589,671.00
8.724631,953.4028,712.00
8.724631,953.4466,624.00
8.724631,953.4904,687.00
8.724631,953.5341,679.00
8.724631,953.5779,663.00
8.724631,953.6217,634.00
8.724631,953.6654,690.00
8.724631,953.7092,605.00
8.724631,953.7529,711.00
8.724631,953.7967,641.00
8.724631,953.8405,681.00
8.724631,953.8842,645.00
8.724631,953.9279,642.00
8.724631,953.9716,625.00
8.724631,954.0153,678.00
8.724631,954.0590,618.00
8.724631,954.1027,634.00
8.724631,954.1464,647.00
8.724631,954.1901,656.00
8.724631,954.2338,663.00
8.724631,954.2774,685.00
8.724631,954.3212,637.00
8.724631,954.3648,673.00
8.724631,954.4084,624.00
8.724631,954.4521,663.00
8.724631,954.4958,664.00
8.724631,954.5394,668.00
8.724631,954.5831,638.00
8.724631,954.6267,650.00
8.724631,954.6703,637.00
8.724631,954.7139,650.00
8.724631,954.7576,624.00
8.724631,954.8012,671.00
8.724631,954.8448,613.00
8.724631,954.8884,704.00
8.724631,954.9319,611.00
8.724631,954.9755,680.00
8.724631,955.0191,643.00
8.724631,955.0627,624.00
8.724631,955.1063,594.00
8.724631,955.1498,665.00
8.724631,955.1934,582.00
8.724631,955.2369,633.00
8.724631,955.2805,622.00
8.724631,955.3240,661.00
8.724631,955.3675,662.00
8.724631,955.4111,677.00
8.724631,955.4546,602.00
8.724631,955.4981,655.00
8.724631,955.5416,610.00
8.724631,955.5851,665.00
8.724631,955.6285,630.00
8.724631,955.6722,675.00
8.724631,955.7156,645.00
8.724631,955.7590,637.00
8.724631,955.8025,640.00
8.724631,955.8460,683.00
8.724631,955.8895,619.00
8.724631,955.9329,682.00
8.724631,955.9764,636.00
8.724631,956.0198,672.00
8.724631,956.0632,645.00
8.724631,956.1067,681.00
8.724631,956.1501,629.00
8.724631,956.1935,660.00
8.724631,956.2369,620.00
8.724631,956.2803,660.00
8.724631,956.3238,592.00
8.724631,956.3671,684.00
8.724631,956.4105,640.00
8.724631,956.4539,638.00
8.724631,956.4973,648.00
8.724631,956.5406,628.00
8.724631,956.5841,634.00
8.724631,956.6274,662.00
8.724631,956.6707,579.00
8.724631,956.7141,684.00
8.724631,956.7575,648.00
8.724631,956.8008,685.00
8.724631,956.8442,625.00
8.724631,956.8875,657.00
8.724631,956.9308,648.00
8.724631,956.9741,672.00
8.724631,957.0174,628.00
8.724631,957.0607,658.00
8.724631,957.1040,602.00
8.724631,957.1473,678.00
8.724631,957.1906,618.00
8.724631,957.2339,690.00
8.724631,957.2772,643.00
8.724631,957.3204,675.00
8.724631,957.3636,623.00
8.724631,957.4069,653.00
8.724631,957.4502,631.00
8.724631,957.4934,707.00
8.724631,957.5366,647.00
8.724631,957.5799,673.00
8.724631,957.6230,644.00
8.724631,957.6664,665.00
8.724631,957.7095,641.00
8.724631,957.7527,685.00
8.724631,957.7959,622.00
8.724631,957.8392,670.00
8.724631,957.8823,650.00
8.724631,957.9255,734.00
8.724631,957.9687,686.00
8.724631,958.0118,661.00
8.724631,958.0551,637.00
8.724631,958.0983,701.00
8.724631,958.1414,651.00
8.724631,958.1845,703.00
8.724631,958.2277,658.00
8.724631,958.2708,714.00
8.724631,958.3139,650.00
8.724631,958.3571,701.00
8.724631,958.4001,667.00
8.724631,958.4432,663.00
8.724631,958.4864,641.00
8.724631,958.5295,681.00
8.724631,958.5726,640.00
8.724631,958.6157,701.00
8.724631,958.6588,647.00
8.724631,958.7018,686.00
8.724631,958.7449,600.00
8.724631,958.7879,716.00
8.724631,958.8311,644.00
8.724631,958.8741,707.00
8.724631,958.9171,607.00
8.724631,958.9601,700.00
8.724631,959.0032,656.00
8.724631,959.0463,704.00
8.724631,959.0893,669.00
8.724631,959.1323,653.00
8.724631,959.1752,664.00
8.724631,959.2183,686.00
8.724631,959.2613,654.00
8.724631,959.3043,668.00
8.724631,959.3472,622.00
8.724631,959.3903,670.00
8.724631,959.4332,643.00
8.724631,959.4763,677.00
8.724631,959.5192,632.00
8.724631,959.5621,639.00
8.724631,959.6051,617.00
8.724631,959.6480,685.00
8.724631,959.6910,594.00
8.724631,959.7339,692.00
8.724631,959.7768,597.00
8.724631,959.8198,624.00
8.724631,959.8627,620.00
8.724631,959.9056,647.00
8.724631,959.9485,612.00
8.724631,959.9915,648.00
8.724631,960.0343,570.00
8.724631,960.0771,654.00
8.724631,960.1201,591.00
8.724631,960.1630,664.00
8.724631,960.2058,640.00
8.724631,960.2487,627.00
8.724631,960.2915,639.00
8.724631,960.3344,635.00
8.724631,960.3773,604.00
8.724631,960.4200,672.00
8.724631,960.4629,605.00
8.724631,960.5057,699.00
8.724631,960.5485,611.00
8.724631,960.5914,626.00
8.724631,960.6342,646.00
8.724631,960.6770,610.00
8.724631,960.7198,595.00
8.724631,960.7626,649.00
8.724631,960.8054,595.00
8.724631,960.8481,657.00
8.724631,960.8909,627.00
8.724631,960.9337,651.00
8.724631,960.9764,602.00
8.724631,961.0192,609.00
8.724631,961.0620,600.00
8.724631,961.1047,629.00
8.724631,961.1475,589.00
8.724631,961.1902,675.00
8.724631,961.2329,584.00
8.724631,961.2757,652.00
8.724631,961.3184,624.00
8.724631,961.3611,612.00
8.724631,961.4037,605.00
8.724631,961.4465,648.00
8.724631,961.4892,616.00
8.724631,961.5319,664.00
8.724631,961.5745,590.00
8.724631,961.6172,670.00
8.724631,961.6599,622.00
8.724631,961.7026,672.00
8.724631,961.7452,638.00
8.724631,961.7878,645.00
8.724631,961.8304,637.00
8.724631,961.8731,667.00
8.724631,961.9157,616.00
8.724631,961.9584,649.00
8.724631,962.0010,640.00
8.724631,962.0436,672.00
8.724631,962.0862,647.00
8.724631,962.1288,636.00
8.724631,962.1714,618.00
8.724631,962.2140,658.00
8.724631,962.2565,580.00
8.724631,962.2991,679.00
8.724631,962.3417,606.00
8.724631,962.3843,643.00
8.724631,962.4268,647.00
8.724631,962.4694,666.00
8.724631,962.5119,629.00
8.724631,962.5545,677.00
8.724631,962.5970,645.00
8.724631,962.6396,637.00
8.724631,962.6821,579.00
8.724631,962.7246,708.00
8.724631,962.7671,634.00
8.724631,962.8096,682.00
8.724631,962.8522,638.00
8.724631,962.8947,651.00
8.724631,962.9371,612.00
8.724631,962.9796,643.00
8.724631,963.0222,617.00
8.724631,963.0646,687.00
8.724631,963.1070,617.00
8.724631,963.1495,654.00
8.724631,963.1919,619.00
8.724631,963.2344,646.00
8.724631,963.2768,619.00
8.724631,963.3193,652.00
8.724631,963.3616,611.00
8.724631,963.4041,675.00
8.724631,963.4465,597.00
8.724631,963.4889,669.00
8.724631,963.5314,652.00
8.724631,963.5737,651.00
8.724631,963.6161,637.00
8.724631,963.6585,646.00
8.724631,963.7009,592.00
8.724631,963.7433,646.00
8.724631,963.7856,621.00
8.724631,963.8280,690.00
8.724631,963.8704,597.00
8.724631,963.9127,642.00
8.724631,963.9551,605.00
8.724631,963.9974,640.00
8.724631,964.0397,617.00
8.724631,964.0820,640.00
8.724631,964.1244,599.00
8.724631,964.1667,668.00
8.724631,964.2090,602.00
8.724631,964.2513,656.00
8.724631,964.2936,614.00
8.724631,964.3359,655.00
8.724631,964.3782,602.00
8.724631,964.4205,653.00
8.724631,964.4627,608.00
8.724631,964.5050,649.00
8.724631,964.5472,595.00
8.724631,964.5895,681.00
8.724631,964.6317,632.00
8.724631,964.6740,632.00
8.724631,964.7162,648.00
8.724631,964.7585,641.00
8.724631,964.8007,592.00
8.724631,964.8429,640.00
8.724631,964.8851,568.00
8.724631,964.9273,650.00
8.724631,964.9695,568.00
8.724631,965.0118,630.00
8.724631,965.0539,596.00
8.724631,965.0961,642.00
8.724631,965.1382,657.00
8.724631,965.1805,652.00
8.724631,965.2226,597.00
8.724631,965.2648,662.00
8.724631,965.3069,593.00
8.724631,965.3491,656.00
8.724631,965.3912,624.00
8.724631,965.4333,644.00
8.724631,965.4755,609.00
8.724631,965.5176,626.00
8.724631,965.5598,586.00
8.724631,965.6019,676.00
8.724631,965.6439,602.00
8.724631,965.6861,658.00
8.724631,965.7281,607.00
8.724631,965.7702,599.00
8.724631,965.8123,610.00
8.724631,965.8543,633.00
8.724631,965.8964,599.00
8.724631,965.9385,637.00
8.724631,965.9806,581.00
8.724631,966.0226,653.00
8.724631,966.0647,572.00
8.724631,966.1068,619.00
8.724631,966.1487,628.00
8.724631,966.1907,616.00
8.724631,966.2328,634.00
8.724631,966.2748,646.00
8.724631,966.3168,617.00
8.724631,966.3588,650.00
8.724631,966.4008,618.00
8.724631,966.4427,629.00
8.724631,966.4848,629.00
8.724631,966.5268,638.00
8.724631,966.5688,615.00
8.724631,966.6107,659.00
8.724631,966.6526,616.00
8.724631,966.6946,670.00
8.724631,966.7366,559.00
8.724631,966.7785,665.00
8.724631,966.8204,647.00
8.724631,966.8624,696.00
8.724631,966.9042,611.00
8.724631,966.9462,629.00
8.724631,966.9881,578.00
8.724631,967.0300,649.00
8.724631,967.0719,570.00
8.724631,967.1138,667.00
8.724631,967.1556,610.00
8.724631,967.1976,677.00
8.724631,967.2394,622.00
8.724631,967.2813,619.00
8.724631,967.3232,595.00
8.724631,967.3651,643.00
8.724631,967.4070,560.00
8.724631,967.4488,659.00
8.724631,967.4906,593.00
8.724631,967.5324,673.00
8.724631,967.5743,641.00
8.724631,967.6161,682.00
8.724631,967.6579,631.00
8.724631,967.6997,674.00
8.724631,967.7415,610.00
8.724631,967.7833,672.00
8.724631,967.8251,597.00
8.724631,967.8669,673.00
8.724631,967.9087,629.00
8.724631,967.9504,629.00
8.724631,967.9922,636.00
8.724631,968.0339,662.00
8.724631,968.0757,608.00
8.724631,968.1174,676.00
8.724631,968.1592,602.00
8.724631,968.2009,658.00
8.724631,968.2427,609.00
8.724631,968.2844,674.00
8.724631,968.3262,664.00
8.724631,968.3679,639.00
8.724631,968.4095,625.00
8.724631,968.4512,654.00
8.724631,968.4930,593.00
8.724631,968.5347,684.00
8.724631,968.5763,645.00
8.724631,968.6180,656.00
8.724631,968.6597,583.00
8.724631,968.7014,664.00
8.724631,968.7430,620.00
8.724631,968.7846,640.00
8.724631,968.8263,586.00
8.724631,968.8679,663.00
8.724631,968.9095,618.00
8.724631,968.9512,696.00
8.724631,968.9928,650.00
8.724631,969.0344,643.00
8.724631,969.0761,647.00
8.724631,969.1177,653.00
8.724631,969.1592,618.00
8.724631,969.2009,639.00
8.724631,969.2424,617.00
8.724631,969.2839,709.00
8.724631,969.3255,628.00
8.724631,969.3672,669.00
8.724631,969.4087,613.00
8.724631,969.4503,670.00
8.724631,969.4918,588.00
8.724631,969.5333,630.00
8.724631,969.5749,608.00
8.724631,969.6165,646.00
8.724631,969.6580,607.00
8.724631,969.6995,656.00
8.724631,969.7410,641.00
8.724631,969.7825,660.00
8.724631,969.8240,641.00
8.724631,969.8655,617.00
8.724631,969.9070,586.00
8.724631,969.9484,670.00
8.724631,969.9899,608.00
8.724631,970.0314,644.00
8.724631,970.0728,642.00
8.724631,970.1143,635.00
8.724631,970.1558,631.00
8.724631,970.1971,632.00
8.724631,970.2386,556.00
8.724631,970.2801,615.00
8.724631,970.3215,567.00
8.724631,970.3629,645.00
8.724631,970.4044,586.00
8.724631,970.4457,656.00
8.724631,970.4872,645.00
8.724631,970.5286,621.00
8.724631,970.5699,606.00
8.724631,970.6113,619.00
8.724631,970.6527,560.00
8.724631,970.6941,620.00
8.724631,970.7354,614.00
8.724631,970.7768,627.00
8.724631,970.8182,601.00
8.724631,970.8595,636.00
8.724631,970.9009,634.00
8.724631,970.9422,609.00
8.724631,970.9835,595.00
8.724631,971.0248,640.00
8.724631,971.0662,544.00
8.724631,971.1075,625.00
8.724631,971.1487,604.00
8.724631,971.1901,611.00
8.724631,971.2314,604.00
8.724631,971.2727,594.00
8.724631,971.3140,594.00
8.724631,971.3552,640.00
8.724631,971.3965,555.00
8.724631,971.4377,632.00
8.724631,971.4789,593.00
8.724631,971.5203,617.00
8.724631,971.5615,634.00
8.724631,971.6027,621.00
8.724631,971.6439,598.00
8.724631,971.6852,632.00
8.724631,971.7264,578.00
8.724631,971.7676,669.00
8.724631,971.8088,562.00
8.724631,971.8500,607.00
8.724631,971.8912,600.00
8.724631,971.9324,625.00
8.724631,971.9736,634.00
8.724631,972.0148,649.00
8.724631,972.0560,591.00
8.724631,972.0972,636.00
8.724631,972.1384,578.00
8.724631,972.1794,653.00
8.724631,972.2206,598.00
8.724631,972.2617,599.00
8.724631,972.3029,602.00
8.724631,972.3439,593.00
8.724631,972.3851,582.00
8.724631,972.4262,573.00
8.724631,972.4673,513.00
8.724631,972.5085,619.00
8.724631,972.5496,588.00
8.724631,972.5907,609.00
8.724631,972.6317,560.00
8.724631,972.6729,572.00
8.724631,972.7139,577.00
8.724631,972.7549,598.00
8.724631,972.7961,562.00
8.724631,972.8371,600.00
8.724631,972.8781,562.00
8.724631,972.9191,654.00
8.724631,972.9602,601.00
8.724631,973.0013,585.00
8.724631,973.0423,572.00
8.724631,973.0833,581.00
8.724631,973.1243,569.00
8.724631,973.1653,594.00
8.724631,973.2064,596.00
8.724631,973.2473,644.00
8.724631,973.2883,606.00
8.724631,973.3293,616.00
8.724631,973.3703,587.00
8.724631,973.4113,642.00
8.724631,973.4522,574.00
8.724631,973.4931,587.00
8.724631,973.5341,544.00
8.724631,973.5750,611.00
8.724631,973.6160,603.00
8.724631,973.6570,649.00
8.724631,973.6978,597.00
8.724631,973.7388,598.00
8.724631,973.7797,603.00
8.724631,973.8206,595.00
8.724631,973.8615,570.00
8.724631,973.9024,608.00
8.724631,973.9433,589.00
8.724631,973.9842,635.00
8.724631,974.0250,607.00
8.724631,974.0660,633.00
8.724631,974.1068,622.00
8.724631,974.1476,598.00
8.724631,974.1885,575.00
8.724631,974.2294,627.00
8.724631,974.2702,584.00
8.724631,974.3110,647.00
8.724631,974.3519,625.00
8.724631,974.3927,659.00
8.724631,974.4335,625.00
8.724631,974.4743,630.00
8.724631,974.5151,599.00
8.724631,974.5559,634.00
8.724631,974.5967,577.00
8.724631,974.6375,662.00
8.724631,974.6783,581.00
8.724631,974.7191,665.00
8.724631,974.7598,631.00
8.724631,974.8006,680.00
8.724631,974.8413,629.00
8.724631,974.8821,622.00
8.724631,974.9229,620.00
8.724631,974.9636,691.00
8.724631,975.0043,614.00
8.724631,975.0450,662.00
8.724631,975.0858,629.00
8.724631,975.1265,642.00
8.724631,975.1672,621.00
8.724631,975.2079,667.00
8.724631,975.2485,613.00
8.724631,975.2892,664.00
8.724631,975.3300,601.00
8.724631,975.3706,664.00
8.724631,975.4113,639.00
8.724631,975.4519,700.00
8.724631,975.4926,648.00
8.724631,975.5333,662.00
8.724631,975.5739,592.00
8.724631,975.6146,647.00
8.724631,975.6552,594.00
8.724631,975.6958,670.00
8.724631,975.7363,591.00
8.724631,975.7770,670.00
8.724631,975.8176,619.00
8.724631,975.8582,665.00
8.724631,975.8989,623.00
8.724631,975.9395,629.00
8.724631,975.9800,645.00
8.724631,976.0206,683.00
8.724631,976.0611,616.00
8.724631,976.1017,685.00
8.724631,976.1423,632.00
8.724631,976.1829,642.00
8.724631,976.2234,637.00
8.724631,976.2639,666.00
8.724631,976.3044,600.00
8.724631,976.3450,642.00
8.724631,976.3855,595.00
8.724631,976.4260,674.00
8.724631,976.4665,655.00
8.724631,976.5070,676.00
8.724631,976.5475,651.00
8.724631,976.5880,653.00
8.724631,976.6285,595.00
8.724631,976.6690,647.00
8.724631,976.7095,570.00
8.724631,976.7500,657.00
8.724631,976.7905,614.00
8.724631,976.8308,673.00
8.724631,976.8713,643.00
8.724631,976.9117,631.00
8.724631,976.9521,614.00
8.724631,976.9926,631.00
8.724631,977.0330,600.00
8.724631,977.0734,649.00
8.724631,977.1139,599.00
8.724631,977.1542,641.00
8.724631,977.1947,605.00
8.724631,977.2350,672.00
8.724631,977.2755,614.00
8.724631,977.3158,629.00
8.724631,977.3562,602.00
8.724631,977.3965,648.00
8.724631,977.4370,578.00
8.724631,977.4773,661.00
8.724631,977.5176,596.00
8.724631,977.5579,619.00
8.724631,977.5983,564.00
8.724631,977.6387,629.00
8.724631,977.6790,590.00
8.724631,977.7192,616.00
8.724631,977.7595,581.00
8.724631,977.7999,646.00
8.724631,977.8402,608.00
8.724631,977.8805,635.00
8.724631,977.9208,576.00
8.724631,977.9610,596.00
8.724631,978.0013,579.00
8.724631,978.0417,634.00
8.724631,978.0819,527.00
8.724631,978.1221,604.00
8.724631,978.1624,560.00
8.724631,978.2026,591.00
8.724631,978.2428,557.00
8.724631,978.2831,609.00
8.724631,978.3233,608.00
8.724631,978.3635,580.00
8.724631,978.4037,575.00
8.724631,978.4440,598.00
8.724631,978.4842,534.00
8.724631,978.5244,626.00
8.724631,978.5645,598.00
8.724631,978.6047,623.00
8.724631,978.6449,571.00
8.724631,978.6851,611.00
8.724631,978.7253,563.00
8.724631,978.7654,601.00
8.724631,978.8055,541.00
8.724631,978.8458,587.00
8.724631,978.8859,531.00
8.724631,978.9260,605.00
8.724631,978.9661,584.00
8.724631,979.0062,588.00
8.724631,979.0463,549.00
8.724631,979.0864,591.00
8.724631,979.1266,506.00
8.724631,979.1666,634.00
8.724631,979.2067,520.00
8.724631,979.2469,582.00
8.724631,979.2869,585.00
8.724631,979.3270,609.00
8.724631,979.3671,593.00
8.724631,979.4071,586.00
8.724631,979.4471,527.00
8.724631,979.4871,614.00
8.724631,979.5272,530.00
8.724631,979.5673,626.00
8.724631,979.6072,571.00
8.724631,979.6473,605.00
8.724631,979.6873,561.00
8.724631,979.7273,555.00
8.724631,979.7673,557.00
8.724631,979.8073,591.00
8.724631,979.8473,536.00
8.724631,979.8873,620.00
8.724631,979.9273,567.00
8.724631,979.9673,608.00
8.724631,980.0072,577.00
8.724631,980.0471,588.00
8.724631,980.0872,576.00
8.724631,980.1271,587.00
8.724631,980.1671,536.00
8.724631,980.2069,610.00
8.724631,980.2469,548.00
8.724631,980.2868,620.00
8.724631,980.3267,573.00
8.724631,980.3666,628.00
8.724631,980.4065,603.00
8.724631,980.4464,598.00
8.724631,980.4863,578.00
8.724631,980.5262,628.00
8.724631,980.5660,552.00
8.724631,980.6060,663.00
8.724631,980.6458,595.00
8.724631,980.6857,609.00
8.724631,980.7255,596.00
8.724631,980.7654,610.00
8.724631,980.8052,563.00
8.724631,980.8450,583.00
8.724631,980.8849,542.00
8.724631,980.9247,648.00
8.724631,980.9645,587.00
8.724631,981.0043,613.00
8.724631,981.0441,623.00
8.724631,981.0839,581.00
8.724631,981.1237,596.00
8.724631,981.1635,607.00
8.724631,981.2033,532.00
8.724631,981.2430,611.00
8.724631,981.2828,512.00
8.724631,981.3226,624.00
8.724631,981.3624,549.00
8.724631,981.4021,596.00
8.724631,981.4418,581.00
8.724631,981.4816,602.00
8.724631,981.5213,544.00
8.724631,981.5610,606.00
8.724631,981.6008,556.00
8.724631,981.6404,610.00
8.724631,981.6802,545.00
8.724631,981.7198,600.00
8.724631,981.7596,579.00
8.724631,981.7993,596.00
8.724631,981.8389,547.00
8.724631,981.8786,568.00
8.724631,981.9182,528.00
8.724631,981.9579,601.00
8.724631,981.9976,574.00
8.724631,982.0372,607.00
8.724631,982.0768,554.00
8.724631,982.1165,556.00
8.724631,982.1561,556.00
8.724631,982.1958,571.00
8.724631,982.2354,509.00
8.724631,982.2750,583.00
8.724631,982.3146,542.00
8.724631,982.3541,604.00
8.724631,982.3937,551.00
8.724631,982.4333,576.00
8.724631,982.4730,565.00
8.724631,982.5125,605.00
8.724631,982.5521,520.00
8.724631,982.5917,571.00
8.724631,982.6312,526.00
8.724631,982.6707,574.00
8.724631,982.7103,564.00
8.724631,982.7498,592.00
8.724631,982.7893,535.00
8.724631,982.8289,541.00
8.724631,982.8683,505.00
8.724631,982.9079,564.00
8.724631,982.9474,532.00
8.724631,982.9869,589.00
8.724631,983.0264,516.00
8.724631,983.0659,582.00
8.724631,983.1053,558.00
8.724631,983.1448,568.00
8.724631,983.1843,534.00
8.724631,983.2238,590.00
8.724631,983.2632,567.00
8.724631,983.3027,589.00
8.724631,983.3420,578.00
8.724631,983.3816,565.00
8.724631,983.4210,583.00
8.724631,983.4604,585.00
8.724631,983.4998,552.00
8.724631,983.5392,561.00
8.724631,983.5786,540.00
8.724631,983.6180,557.00
8.724631,983.6574,518.00
8.724631,983.6968,590.00
8.724631,983.7361,554.00
8.724631,983.7755,636.00
8.724631,983.8149,534.00
8.724631,983.8543,559.00
8.724631,983.8936,543.00
8.724631,983.9329,577.00
8.724631,983.9723,508.00
8.724631,984.0116,603.00
8.724631,984.0510,539.00
8.724631,984.0903,611.00
8.724631,984.1296,572.00
8.724631,984.1689,576.00
8.724631,984.2083,583.00
8.724631,984.2476,545.00
8.724631,984.2868,537.00
8.724631,984.3261,580.00
8.724631,984.3654,514.00
8.724631,984.4046,605.00
8.724631,984.4440,582.00
8.724631,984.4832,586.00
8.724631,984.5225,516.00
8.724631,984.5616,569.00
8.724631,984.6010,500.00
8.724631,984.6402,573.00
8.724631,984.6794,523.00
8.724631,984.7186,626.00
8.724631,984.7578,576.00
8.724631,984.7970,592.00
8.724631,984.8362,556.00
8.724631,984.8755,551.00
8.724631,984.9146,565.00
8.724631,984.9538,596.00
8.724631,984.9930,524.00
8.724631,985.0322,624.00
8.724631,985.0714,555.00
8.724631,985.1105,574.00
8.724631,985.1497,558.00
8.724631,985.1888,552.00
8.724631,985.2279,544.00
8.724631,985.2671,563.00
8.724631,985.3062,529.00
8.724631,985.3453,555.00
8.724631,985.3845,530.00
8.724631,985.4236,580.00
8.724631,985.4626,549.00
8.724631,985.5017,610.00
8.724631,985.5408,561.00
8.724631,985.5799,577.00
8.724631,985.6190,514.00
8.724631,985.6581,560.00
8.724631,985.6971,517.00
8.724631,985.7362,600.00
8.724631,985.7752,538.00
8.724631,985.8143,571.00
8.724631,985.8533,528.00
8.724631,985.8924,550.00
8.724631,985.9314,552.00
8.724631,985.9704,581.00
8.724631,986.0094,505.00
8.724631,986.0484,608.00
8.724631,986.0875,517.00
8.724631,986.1265,582.00
8.724631,986.1655,530.00
8.724631,986.2044,552.00
8.724631,986.2434,530.00
8.724631,986.2823,538.00
8.724631,986.3214,505.00
8.724631,986.3603,575.00
8.724631,986.3992,450.00
8.724631,986.4382,563.00
8.724631,986.4771,531.00
8.724631,986.5161,598.00
8.724631,986.5550,539.00
8.724631,986.5939,557.00
8.724631,986.6329,549.00
8.724631,986.6718,569.00
8.724631,986.7106,499.00
8.724631,986.7495,555.00
8.724631,986.7884,520.00
8.724631,986.8273,570.00
8.724631,986.8661,524.00
8.724631,986.9050,575.00
8.724631,986.9438,519.00
8.724631,986.9828,564.00
8.724631,987.0216,497.00
8.724631,987.0605,590.00
8.724631,987.0993,487.00
8.724631,987.1381,579.00
8.724631,987.1769,534.00
8.724631,987.2158,554.00
8.724631,987.2546,555.00
8.724631,987.2934,561.00
8.724631,987.3322,475.00
8.724631,987.3710,555.00
8.724631,987.4097,483.00
8.724631,987.4486,561.00
8.724631,987.4873,516.00
8.724631,987.5261,561.00
8.724631,987.5649,521.00
8.724631,987.6036,517.00
8.724631,987.6423,498.00
8.724631,987.6812,562.00
8.724631,987.7198,496.00
8.724631,987.7586,604.00
8.724631,987.7972,518.00
8.724631,987.8361,555.00
8.724631,987.8748,505.00
8.724631,987.9135,538.00
8.724631,987.9521,524.00
8.724631,987.9908,549.00
8.724631,988.0295,479.00
8.724631,988.0681,562.00
8.724631,988.1069,495.00
8.724631,988.1456,576.00
8.724631,988.1842,550.00
8.724631,988.2228,571.00
8.724631,988.2615,557.00
8.724631,988.3002,557.00
8.724631,988.3388,468.00
8.724631,988.3774,549.00
8.724631,988.4160,539.00
8.724631,988.4546,562.00
8.724631,988.4933,528.00
8.724631,988.5319,536.00
8.724631,988.5704,510.00
8.724631,988.6090,517.00
8.724631,988.6476,475.00
8.724631,988.6862,532.00
8.724631,988.7248,502.00
8.724631,988.7634,579.00
8.724631,988.8019,532.00
8.724631,988.8405,539.00
8.724631,988.8790,538.00
8.724631,988.9176,541.00
8.724631,988.9561,505.00
8.724631,988.9946,528.00
8.724631,989.0332,507.00
8.724631,989.0717,527.00
8.724631,989.1102,490.00
8.724631,989.1487,540.00
8.724631,989.1871,516.00
8.724631,989.2256,551.00
8.724631,989.2641,541.00
8.724631,989.3027,533.00
8.724631,989.3411,506.00
8.724631,989.3795,568.00
8.724631,989.4180,503.00
8.724631,989.4565,550.00
8.724631,989.4949,476.00
8.724631,989.5334,545.00
8.724631,989.5718,512.00
8.724631,989.6102,527.00
8.724631,989.6486,519.00
8.724631,989.6871,538.00
8.724631,989.7255,486.00
8.724631,989.7639,546.00
8.724631,989.8022,517.00
8.724631,989.8407,557.00
8.724631,989.8791,513.00
8.724631,989.9174,529.00
8.724631,989.9558,481.00
8.724631,989.9941,564.00
8.724631,990.0325,492.00
8.724631,990.0709,594.00
8.724631,990.1093,506.00
8.724631,990.1475,534.00
8.724631,990.1859,546.00
8.724631,990.2242,542.00
8.724631,990.2626,529.00
8.724631,990.3008,531.00
8.724631,990.3391,495.00
8.724631,990.3774,581.00
8.724631,990.4157,493.00
8.724631,990.4540,564.00
8.724631,990.4924,493.00
8.724631,990.5306,557.00
8.724631,990.5688,534.00
8.724631,990.6071,558.00
8.724631,990.6454,504.00
8.724631,990.6837,568.00
8.724631,990.7219,488.00
8.724631,990.7601,571.00
8.724631,990.7983,523.00
8.724631,990.8365,586.00
8.724631,990.8748,546.00
8.724631,990.9130,564.00
8.724631,990.9512,533.00
8.724631,990.9893,569.00
8.724631,991.0276,523.00
8.724631,991.0658,547.00
8.724631,991.1039,500.00
8.724631,991.1421,578.00
8.724631,991.1802,542.00
8.724631,991.2184,567.00
8.724631,991.2565,561.00
8.724631,991.2947,524.00
8.724631,991.3329,495.00
8.724631,991.3710,571.00
8.724631,991.4091,529.00
8.724631,991.4473,580.00
8.724631,991.4854,546.00
8.724631,991.5234,601.00
8.724631,991.5616,549.00
8.724631,991.5997,544.00
8.724631,991.6378,532.00
8.724631,991.6758,605.00
8.724631,991.7139,510.00
8.724631,991.7520,572.00
8.724631,991.7900,528.00
8.724631,991.8282,584.00
8.724631,991.8661,552.00
8.724631,991.9042,549.00
8.724631,991.9422,522.00
8.724631,991.9803,562.00
8.724631,992.0182,478.00
8.724631,992.0563,592.00
8.724631,992.0944,508.00
8.724631,992.1323,581.00
8.724631,992.1703,551.00
8.724631,992.2084,561.00
8.724631,992.2463,538.00
8.724631,992.2844,564.00
8.724631,992.3223,506.00
8.724631,992.3602,587.00
8.724631,992.3982,518.00
8.724631,992.4362,601.00
8.724631,992.4741,538.00
8.724631,992.5120,591.00
8.724631,992.5500,557.00
8.724631,992.5879,531.00
8.724631,992.6259,542.00
8.724631,992.6638,581.00
8.724631,992.7017,531.00
8.724631,992.7396,582.00
8.724631,992.7775,561.00
8.724631,992.8154,597.00
8.724631,992.8533,568.00
8.724631,992.8912,545.00
8.724631,992.9290,545.00
8.724631,992.9669,556.00
8.724631,993.0048,548.00
8.724631,993.0426,586.00
8.724631,993.0804,548.00
8.724631,993.1183,604.00
8.724631,993.1561,556.00
8.724631,993.1940,562.00
8.724631,993.2318,549.00
8.724631,993.2696,560.00
8.724631,993.3074,510.00
8.724631,993.3452,566.00
8.724631,993.3830,507.00
8.724631,993.4208,590.00
8.724631,993.4586,514.00
8.724631,993.4963,583.00
8.724631,993.5341,571.00
8.724631,993.5719,543.00
8.724631,993.6096,507.00
8.724631,993.6474,597.00
8.724631,993.6851,521.00
8.724631,993.7228,539.00
8.724631,993.7606,563.00
8.724631,993.7984,571.00
8.724631,993.8361,526.00
8.724631,993.8738,588.00
8.724631,993.9115,535.00
8.724631,993.9492,559.00
8.724631,993.9869,489.00
8.724631,994.0245,581.00
8.724631,994.0622,522.00
8.724631,994.0999,583.00
8.724631,994.1376,551.00
8.724631,994.1753,544.00
8.724631,994.2130,532.00
8.724631,994.2505,559.00
8.724631,994.2881,519.00
8.724631,994.3258,591.00
8.724631,994.3634,546.00
8.724631,994.4010,606.00
8.724631,994.4387,511.00
8.724631,994.4763,577.00
8.724631,994.5139,565.00
8.724631,994.5515,555.00
8.724631,994.5891,505.00
8.724631,994.6266,549.00
8.724631,994.6642,486.00
8.724631,994.7018,568.00
8.724631,994.7393,499.00
8.724631,994.7769,558.00
8.724631,994.8145,546.00
8.724631,994.8521,537.00
8.724631,994.8895,514.00
8.724631,994.9271,573.00
8.724631,994.9647,489.00
8.724631,995.0022,577.00
8.724631,995.0397,496.00
8.724631,995.0771,547.00
8.724631,995.1146,516.00
8.724631,995.1522,560.00
8.724631,995.1896,490.00
8.724631,995.2271,526.00
8.724631,995.2646,475.00
8.724631,995.3021,524.00
8.724631,995.3396,516.00
8.724631,995.3770,583.00
8.724631,995.4145,511.00
8.724631,995.4518,559.00
8.724631,995.4893,522.00
8.724631,995.5267,534.00
8.724631,995.5641,517.00
8.724631,995.6016,543.00
8.724631,995.6390,513.00
8.724631,995.6765,561.00
8.724631,995.7138,511.00
8.724631,995.7512,528.00
8.724631,995.7886,527.00
8.724631,995.8260,548.00
8.724631,995.8633,486.00
8.724631,995.9007,489.00
8.724631,995.9380,486.00
8.724631,995.9754,543.00
8.724631,996.0128,498.00
8.724631,996.0501,561.00
8.724631,996.0874,552.00
8.724631,996.1248,561.00
8.724631,996.1621,509.00
8.724631,996.1994,559.00
8.724631,996.2367,484.00
8.724631,996.2740,524.00
8.724631,996.3113,498.00
8.724631,996.3486,554.00
8.724631,996.3859,533.00
8.724631,996.4232,570.00
8.724631,996.4604,532.00
8.724631,996.4977,523.00
8.724631,996.5350,515.00
8.724631,996.5722,522.00
8.724631,996.6094,509.00
8.724631,996.6466,580.00
8.724631,996.6838,521.00
8.724631,996.7211,565.00
8.724631,996.7583,533.00
8.724631,996.7955,562.00
8.724631,996.8327,532.00
8.724631,996.8700,564.00
8.724631,996.9072,520.00
8.724631,996.9443,560.00
8.724631,996.9815,515.00
8.724631,997.0187,548.00
8.724631,997.0558,534.00
8.724631,997.0930,542.00
8.724631,997.1301,550.00
8.724631,997.1672,573.00
8.724631,997.2045,530.00
8.724631,997.2416,583.00
8.724631,997.2787,509.00
8.724631,997.3158,589.00
8.724631,997.3530,522.00
8.724631,997.3900,569.00
8.724631,997.4271,529.00
8.724631,997.4642,568.00
8.724631,997.5013,516.00
8.724631,997.5384,563.00
8.724631,997.5754,486.00
8.724631,997.6126,592.00
8.724631,997.6497,498.00
8.724631,997.6867,558.00
8.724631,997.7238,521.00
8.724631,997.7607,567.00
8.724631,997.7978,524.00
8.724631,997.8348,567.00
8.724631,997.8718,521.00
8.724631,997.9088,594.00
8.724631,997.9458,501.00
8.724631,997.9829,572.00
8.724631,998.0200,519.00
8.724631,998.0569,558.00
8.724631,998.0939,535.00
8.724631,998.1309,560.00
8.724631,998.1678,510.00
8.724631,998.2048,591.00
8.724631,998.2417,507.00
8.724631,998.2786,597.00
8.724631,998.3156,534.00
8.724631,998.3525,589.00
8.724631,998.3896,525.00
8.724631,998.4265,547.00
8.724631,998.4633,514.00
8.724631,998.5003,579.00
8.724631,998.5372,522.00
8.724631,998.5740,590.00
8.724631,998.6110,557.00
8.724631,998.6478,569.00
8.724631,998.6847,529.00
8.724631,998.7217,549.00
8.724631,998.7585,537.00
8.724631,998.7953,518.00
8.724631,998.8322,474.00
8.724631,998.8691,600.00
8.724631,998.9059,540.00
8.724631,998.9427,592.00
8.724631,998.9795,515.00
8.724631,999.0163,555.00
8.724631,999.0531,524.00
8.724631,999.0899,560.00
8.724631,999.1267,506.00
8.724631,999.1636,545.00
8.724631,999.2004,507.00
8.724631,999.2372,566.00
8.724631,999.2739,528.00
8.724631,999.3107,585.00
8.724631,999.3474,538.00
8.724631,999.3842,535.00
8.724631,999.4210,513.00
8.724631,999.4576,556.00
8.724631,999.4946,484.00
8.724631,999.5312,579.00
8.724631,999.5680,527.00
8.724631,999.6047,548.00
8.724631,999.6414,508.00
8.724631,999.6780,542.00
8.724631,999.7147,537.00
8.724631,999.7515,521.00
8.724631,999.7881,480.00
8.724631,999.8248,560.00
8.724631,999.8614,495.00
8.724631,999.8981,556.00
8.724631,999.9349,526.00
8.724631,999.9715,526.00
8.724631,1000.0081,508.00
8.724631,1000.0447,531.00
8.724631,1000.0814,490.00
8.724631,1000.1180,553.00
8.724631,1000.1546,499.00
8.724631,1000.1912,544.00
8.724631,1000.2278,503.00
8.724631,1000.2645,557.00
8.724631,1000.3011,528.00
8.724631,1000.3377,529.00
8.724631,1000.3742,496.00
8.724631,1000.4108,531.00
8.724631,1000.4474,444.00
8.724631,1000.4839,518.00
8.724631,1000.5204,470.00
8.724631,1000.5570,534.00
8.724631,1000.5935,505.00
8.724631,1000.6301,510.00
8.724631,1000.6667,473.00
8.724631,1000.7032,491.00
8.724631,1000.7397,469.00
8.724631,1000.7762,542.00
8.724631,1000.8127,451.00
8.724631,1000.8492,534.00
8.724631,1000.8857,515.00
8.724631,1000.9222,498.00
8.724631,1000.9586,471.00
8.724631,1000.9951,525.00
8.724631,1001.0316,489.00
8.724631,1001.0681,545.00
8.724631,1001.1046,447.00
8.724631,1001.1410,545.00
8.724631,1001.1774,482.00
8.724631,1001.2138,500.00
8.724631,1001.2502,486.00
8.724631,1001.2866,509.00
8.724631,1001.3230,498.00
8.724631,1001.3594,525.00
8.724631,1001.3958,488.00
8.724631,1001.4323,543.00
8.724631,1001.4687,484.00
8.724631,1001.5051,521.00
8.724631,1001.5414,520.00
8.724631,1001.5778,516.00
8.724631,1001.6141,479.00
8.724631,1001.6505,488.00
8.724631,1001.6868,422.00
8.724631,1001.7231,522.00
8.724631,1001.7596,466.00
8.724631,1001.7958,513.00
8.724631,1001.8322,484.00
8.724631,1001.8685,489.00
8.724631,1001.9048,477.00
8.724631,1001.9411,499.00
8.724631,1001.9774,464.00
8.724631,1002.0136,492.00
8.724631,1002.0499,472.00
8.724631,1002.0862,536.00
8.724631,1002.1224,473.00
8.724631,1002.1587,556.00
8.724631,1002.1951,486.00
8.724631,1002.2313,490.00
8.724631,1002.2675,494.00
8.724631,1002.3038,518.00
8.724631,1002.3400,484.00
8.724631,1002.3762,519.00
8.724631,1002.4124,505.00
8.724631,1002.4486,535.00
8.724631,1002.4848,477.00
8.724631,1002.5211,546.00
8.724631,1002.5573,505.00
8.724631,1002.5934,524.00
8.724631,1002.6296,481.00
8.724631,1002.6657,532.00
8.724631,1002.7019,467.00
8.724631,1002.7380,540.00
8.724631,1002.7742,502.00
8.724631,1002.8104,506.00
8.724631,1002.8464,472.00
8.724631,1002.8826,535.00
8.724631,1002.9187,458.00
8.724631,1002.9549,515.00
8.724631,1002.9910,485.00
8.724631,1003.0271,560.00
8.724631,1003.0632,457.00
8.724631,1003.0992,555.00
8.724631,1003.1354,493.00
8.724631,1003.1714,506.00
8.724631,1003.2075,528.00
8.724631,1003.2435,512.00
8.724631,1003.2797,493.00
8.724631,1003.3157,552.00
8.724631,1003.3518,477.00
8.724631,1003.3878,538.00
8.724631,1003.4238,516.00
8.724631,1003.4598,530.00
8.724631,1003.4958,500.00
8.724631,1003.5319,502.00
8.724631,1003.5678,449.00
8.724631,1003.6039,554.00
8.724631,1003.6398,483.00
8.724631,1003.6759,550.00
8.724631,1003.7119,503.00
8.724631,1003.7479,500.00
8.724631,1003.7838,497.00
8.724631,1003.8198,501.00
8.724631,1003.8557,493.00
8.724631,1003.8917,521.00
8.724631,1003.9276,438.00
8.724631,1003.9635,504.00
8.724631,1003.9995,464.00
8.724631,1004.0354,530.00
8.724631,1004.0714,500.00
8.724631,1004.1072,495.00
8.724631,1004.1431,490.00
8.724631,1004.1790,496.00
8.724631,1004.2149,447.00
8.724631,1004.2508,508.00
8.724631,1004.2866,445.00
8.724631,1004.3225,537.00
8.724631,1004.3583,500.00
8.724631,1004.3942,513.00
8.724631,1004.4302,462.00
8.724631,1004.4660,496.00
8.724631,1004.5018,458.00
8.724631,1004.5376,492.00
8.724631,1004.5734,452.00
8.724631,1004.6093,545.00
8.724631,1004.6450,474.00
8.724631,1004.6808,523.00
8.724631,1004.7166,484.00
8.724631,1004.7525,518.00
8.724631,1004.7883,474.00
8.724631,1004.8240,519.00
8.724631,1004.8598,495.00
8.724631,1004.8956,544.00
8.724631,1004.9313,487.00
8.724631,1004.9670,539.00
8.724631,1005.0027,499.00
8.724631,1005.0385,485.00
8.724631,1005.0742,498.00
8.724631,1005.1099,525.00
8.724631,1005.1456,455.00
8.724631,1005.1815,515.00
8.724631,1005.2172,468.00
8.724631,1005.2529,503.00
8.724631,1005.2885,500.00
8.724631,1005.3242,497.00
8.724631,1005.3599,503.00
8.724631,1005.3955,528.00
8.724631,1005.4312,485.00
8.724631,1005.4669,552.00
8.724631,1005.5026,486.00
8.724631,1005.5382,559.00
8.724631,1005.5739,526.00
8.724631,1005.6095,532.00
8.724631,1005.6451,534.00
8.724631,1005.6807,517.00
8.724631,1005.7162,511.00
8.724631,1005.7519,503.00
8.724631,1005.7875,456.00
8.724631,1005.8231,537.00
8.724631,1005.8586,474.00
8.724631,1005.8942,545.00
8.724631,1005.9299,489.00
8.724631,1005.9655,510.00
8.724631,1006.0010,502.00
8.724631,1006.0365,503.00
8.724631,1006.0720,484.00
8.724631,1006.1076,554.00
8.724631,1006.1431,519.00
8.724631,1006.1786,583.00
8.724631,1006.2141,519.00
8.724631,1006.2498,540.00
8.724631,1006.2853,517.00
8.724631,1006.3207,509.00
8.724631,1006.3563,509.00
8.724631,1006.3917,557.00
8.724631,1006.4272,502.00
8.724631,1006.4626,568.00
8.724631,1006.4981,496.00
8.724631,1006.5335,530.00
8.724631,1006.5690,534.00
8.724631,1006.6044,545.00
8.724631,1006.6400,498.00
8.724631,1006.6754,558.00
8.724631,1006.7108,491.00
8.724631,1006.7462,543.00
8.724631,1006.7816,476.00
8.724631,1006.8170,557.00
8.724631,1006.8524,521.00
8.724631,1006.8878,543.00
8.724631,1006.9232,515.00
8.724631,1006.9586,576.00
8.724631,1006.9940,458.00
8.724631,1007.0294,532.00
8.724631,1007.0648,513.00
8.724631,1007.1001,577.00
8.724631,1007.1354,526.00
8.724631,1007.1707,555.00
8.724631,1007.2061,516.00
8.724631,1007.2414,550.00
8.724631,1007.2767,534.00
8.724631,1007.3120,591.00
8.724631,1007.3473,477.00
8.724631,1007.3827,578.00
8.724631,1007.4180,527.00
8.724631,1007.4532,555.00
8.724631,1007.4885,521.00
8.724631,1007.5238,554.00
8.724631,1007.5590,481.00
8.724631,1007.5943,561.00
8.724631,1007.6295,465.00
8.724631,1007.6648,592.00
8.724631,1007.7001,509.00
8.724631,1007.7354,554.00
8.724631,1007.7706,558.00
8.724631,1007.8058,528.00
8.724631,1007.8410,530.00
8.724631,1007.8762,548.00
8.724631,1007.9114,497.00
8.724631,1007.9465,553.00
8.724631,1007.9818,526.00
8.724631,1008.0169,535.00
8.724631,1008.0521,510.00
8.724631,1008.0873,552.00
8.724631,1008.1226,488.00
8.724631,1008.1576,507.00
8.724631,1008.1927,491.00
8.724631,1008.2279,533.00
8.724631,1008.2631,480.00
8.724631,1008.2982,562.00
8.724631,1008.3333,541.00
8.724631,1008.3683,551.00
8.724631,1008.4034,536.00
8.724631,1008.4387,534.00
8.724631,1008.4738,495.00
8.724631,1008.5089,520.00
8.724631,1008.5439,453.00
8.724631,1008.5790,570.00
8.724631,1008.6141,499.00
8.724631,1008.6491,525.00
8.724631,1008.6841,518.00
8.724631,1008.7192,516.00
8.724631,1008.7542,489.00
8.724631,1008.7892,521.00
8.724631,1008.8243,500.00
8.724631,1008.8594,557.00
8.724631,1008.8943,504.00
8.724631,1008.9294,546.00
8.724631,1008.9644,524.00
8.724631,1008.9994,538.00
8.724631,1009.0344,504.00
8.724631,1009.0693,530.00
8.724631,1009.1043,471.00
8.724631,1009.1392,576.00
8.724631,1009.1743,493.00
8.724631,1009.2093,560.00
8.724631,1009.2442,511.00
8.724631,1009.2792,543.00
8.724631,1009.3141,512.00
8.724631,1009.3489,514.00
8.724631,1009.3839,480.00
8.724631,1009.4188,539.00
8.724631,1009.4537,455.00
8.724631,1009.4886,580.00
8.724631,1009.5235,511.00
8.724631,1009.5585,524.00
8.724631,1009.5933,495.00
8.724631,1009.6282,507.00
8.724631,1009.6631,494.00
8.724631,1009.6979,533.00
8.724631,1009.7327,490.00
8.724631,1009.7676,529.00
8.724631,1009.8024,477.00
8.724631,1009.8372,521.00
8.724631,1009.8721,486.00
8.724631,1009.9070,523.00
8.724631,1009.9418,472.00
8.724631,1009.9766,508.00
8.724631,1010.0115,500.00
8.724631,1010.0462,493.00
8.724631,1010.0810,495.00
8.724631,1010.1158,562.00
8.724631,1010.1505,484.00
8.724631,1010.1853,516.00
8.724631,1010.2200,470.00
8.724631,1010.2548,511.00
8.724631,1010.2897,467.00
8.724631,1010.3244,524.00
8.724631,1010.3591,484.00
8.724631,1010.3938,535.00
8.724631,1010.4285,497.00
8.724631,1010.4633,537.00
8.724631,1010.4980,506.00
8.724631,1010.5326,508.00
8.724631,1010.5673,495.00
8.724631,1010.6021,496.00
8.724631,1010.6368,472.00
8.724631,1010.6714,505.00
8.724631,1010.7061,470.00
8.724631,1010.7408,521.00
8.724631,1010.7754,484.00
8.724631,1010.8101,514.00
8.724631,1010.8447,504.00
8.724631,1010.8793,509.00
8.724631,1010.9139,458.00
8.724631,1010.9485,536.00
8.724631,1010.9832,443.00
8.724631,1011.0178,532.00
8.724631,1011.0525,492.00
8.724631,1011.0870,533.00
8.724631,1011.1216,480.00
8.724631,1011.1562,495.00
8.724631,1011.1907,494.00
8.724631,1011.2253,530.00
8.724631,1011.2599,406.00
8.724631,1011.2944,558.00
8.724631,1011.3291,477.00
8.724631,1011.3636,529.00
8.724631,1011.3981,519.00
8.724631,1011.4326,501.00
8.724631,1011.4672,481.00
8.724631,1011.5016,486.00
8.724631,1011.5362,458.00
8.724631,1011.5706,495.00
8.724631,1011.6052,434.00
8.724631,1011.6396,502.00
8.724631,1011.6741,475.00
8.724631,1011.7086,547.00
8.724631,1011.7431,473.00
8.724631,1011.7776,529.00
8.724631,1011.8120,475.00
8.724631,1011.8465,549.00
8.724631,1011.8809,447.00
8.724631,1011.9153,524.00
8.724631,1011.9498,476.00
8.724631,1011.9842,501.00
8.724631,1012.0186,458.00
8.724631,1012.0531,495.00
8.724631,1012.0875,492.00
8.724631,1012.1219,512.00
8.724631,1012.1562,486.00
8.724631,1012.1906,499.00
8.724631,1012.2250,439.00
8.724631,1012.2593,518.00
8.724631,1012.2937,488.00
8.724631,1012.3281,497.00
8.724631,1012.3624,427.00
8.724631,1012.3967,495.00
8.724631,1012.4310,431.00
8.724631,1012.4655,482.00
8.724631,1012.4998,448.00
8.724631,1012.5341,553.00
8.724631,1012.5684,483.00
8.724631,1012.6027,527.00
8.724631,1012.6370,477.00
8.724631,1012.6712,500.00
8.724631,1012.7055,478.00
8.724631,1012.7398,529.00
8.724631,1012.7742,433.00
8.724631,1012.8084,468.00
8.724631,1012.8427,462.00
8.724631,1012.8769,473.00
8.724631,1012.9111,478.00
8.724631,1012.9454,492.00
8.724631,1012.9796,516.00
8.724631,1013.0138,515.00
8.724631,1013.0480,408.00
8.724631,1013.0822,529.00
8.724631,1013.1164,446.00
8.724631,1013.1506,524.00
8.724631,1013.1848,461.00
8.724631,1013.2190,482.00
8.724631,1013.2532,500.00
8.724631,1013.2873,529.00
8.724631,1013.3215,482.00
8.724631,1013.3556,504.00
8.724631,1013.3898,443.00
8.724631,1013.4239,516.00
8.724631,1013.4581,474.00
8.724631,1013.4923,487.00
8.724631,1013.5264,494.00
8.724631,1013.5605,461.00
8.724631,1013.5946,500.00
8.724631,1013.6287,559.00
8.724631,1013.6627,489.00
8.724631,1013.6968,545.00
8.724631,1013.7309,470.00
8.724631,1013.7650,518.00
8.724631,1013.7990,495.00
8.724631,1013.8331,506.00
8.724631,1013.8672,486.00
8.724631,1013.9012,511.00
8.724631,1013.9353,491.00
8.724631,1013.9693,551.00
8.724631,1014.0033,487.00
8.724631,1014.0374,571.00
8.724631,1014.0714,507.00
8.724631,1014.1053,515.00
8.724631,1014.1393,509.00
8.724631,1014.1734,557.00
8.724631,1014.2074,469.00
8.724631,1014.2413,543.00
8.724631,1014.2753,513.00
8.724631,1014.3093,560.00
8.724631,1014.3433,480.00
8.724631,1014.3772,526.00
8.724631,1014.4111,531.00
8.724631,1014.4451,538.00
8.724631,1014.4790,482.00
8.724631,1014.5129,532.00
8.724631,1014.5468,481.00
8.724631,1014.5808,543.00
8.724631,1014.6147,507.00
8.724631,1014.6486,567.00
8.724631,1014.6825,518.00
8.724631,1014.7164,518.00
8.724631,1014.7502,491.00
8.724631,1014.7841,531.00
8.724631,1014.8180,483.00
8.724631,1014.8518,547.00
8.724631,1014.8858,493.00
8.724631,1014.9196,573.00
8.724631,1014.9534,509.00
8.724631,1014.9872,545.00
8.724631,1015.0211,507.00
8.724631,1015.0549,530.00
8.724631,1015.0887,488.00
8.724631,1015.1224,548.00
8.724631,1015.1562,504.00
8.724631,1015.1900,581.00
8.724631,1015.2238,507.00
8.724631,1015.2575,524.00
8.724631,1015.2914,520.00
8.724631,1015.3252,546.00
8.724631,1015.3589,480.00
8.724631,1015.3927,537.00
8.724631,1015.4265,494.00
8.724631,1015.4601,582.00
8.724631,1015.4938,491.00
8.724631,1015.5276,586.00
8.724631,1015.5613,514.00
8.724631,1015.5952,531.00
8.724631,1015.6288,521.00
8.724631,1015.6625,537.00
8.724631,1015.6962,469.00
8.724631,1015.7299,583.00
8.724631,1015.7635,485.00
8.724631,1015.7972,544.00
8.724631,1015.8308,542.00
8.724631,1015.8645,532.00
8.724631,1015.8981,533.00
8.724631,1015.9317,542.00
8.724631,1015.9655,508.00
8.724631,1015.9991,539.00
8.724631,1016.0327,498.00
8.724631,1016.0663,590.00
8.724631,1016.0999,551.00
8.724631,1016.1335,550.00
8.724631,1016.1671,531.00
8.724631,1016.2006,529.00
8.724631,1016.2342,533.00
8.724631,1016.2679,527.00
8.724631,1016.3015,495.00
8.724631,1016.3350,547.00
8.724631,1016.3686,504.00
8.724631,1016.4021,544.00
8.724631,1016.4357,521.00
8.724631,1016.4691,565.00
8.724631,1016.5027,499.00
8.724631,1016.5362,534.00
8.724631,1016.5696,478.00
8.724631,1016.6032,582.00
8.724631,1016.6367,506.00
8.724631,1016.6703,575.00
8.724631,1016.7038,515.00
8.724631,1016.7372,533.00
8.724631,1016.7707,519.00
8.724631,1016.8041,549.00
8.724631,1016.8376,531.00
8.724631,1016.8710,571.00
8.724631,1016.9045,490.00
8.724631,1016.9379,573.00
8.724631,1016.9715,532.00
8.724631,1017.0049,543.00
8.724631,1017.0383,537.00
8.724631,1017.0717,509.00
8.724631,1017.1050,504.00
8.724631,1017.1384,540.00
8.724631,1017.1718,477.00
8.724631,1017.2052,558.00
8.724631,1017.2386,484.00
8.724631,1017.2720,528.00
8.724631,1017.3053,552.00
8.724631,1017.3387,554.00
8.724631,1017.3721,503.00
8.724631,1017.4054,522.00
8.724631,1017.4388,470.00
8.724631,1017.4721,552.00
8.724631,1017.5054,511.00
8.724631,1017.5387,577.00
8.724631,1017.5720,561.00
8.724631,1017.6053,555.00
8.724631,1017.6386,552.00
8.724631,1017.6720,529.00
8.724631,1017.7053,508.00
8.724631,1017.7385,554.00
8.724631,1017.7717,503.00
8.724631,1017.8051,590.00
8.724631,1017.8383,544.00
8.724631,1017.8715,598.00
8.724631,1017.9048,595.00
8.724631,1017.9380,541.00
8.724631,1017.9712,531.00
8.724631,1018.0044,582.00
8.724631,1018.0376,501.00
8.724631,1018.0709,585.00
8.724631,1018.1041,532.00
8.724631,1018.1373,605.00
8.724631,1018.1705,559.00
8.724631,1018.2037,540.00
8.724631,1018.2368,542.00
8.724631,1018.2700,544.00
8.724631,1018.3032,510.00
8.724631,1018.3363,571.00
8.724631,1018.3695,510.00
8.724631,1018.4026,599.00
8.724631,1018.4358,588.00
8.724631,1018.4689,561.00
8.724631,1018.5020,593.00
8.724631,1018.5352,573.00
8.724631,1018.5682,549.00
8.724631,1018.6013,554.00
8.724631,1018.6343,526.00
8.724631,1018.6675,602.00
8.724631,1018.7006,530.00
8.724631,1018.7337,586.00
8.724631,1018.7668,571.00
8.724631,1018.7998,545.00
8.724631,1018.8328,541.00
8.724631,1018.8658,555.00
8.724631,1018.8989,529.00
8.724631,1018.9319,603.00
8.724631,1018.9650,544.00
8.724631,1018.9980,604.00
8.724631,1019.0311,585.00
8.724631,1019.0641,606.00
8.724631,1019.0970,533.00
8.724631,1019.1301,582.00
8.724631,1019.1631,532.00
8.724631,1019.1960,596.00
8.724631,1019.2289,509.00
8.724631,1019.2618,606.00
8.724631,1019.2949,555.00
8.724631,1019.3278,588.00
8.724631,1019.3607,560.00
8.724631,1019.3936,556.00
8.724631,1019.4268,491.00
8.724631,1019.4596,579.00
8.724631,1019.4925,518.00
8.724631,1019.5255,560.00
8.724631,1019.5583,512.00
8.724631,1019.5912,571.00
8.724631,1019.6240,543.00
8.724631,1019.6569,549.00
8.724631,1019.6898,552.00
8.724631,1019.7227,538.00
8.724631,1019.7556,473.00
8.724631,1019.7885,561.00
8.724631,1019.8213,530.00
8.724631,1019.8541,600.00
8.724631,1019.8870,525.00
8.724631,1019.9198,554.00
8.724631,1019.9525,556.00
8.724631,1019.9854,561.00
8.724631,1020.0182,512.00
8.724631,1020.0509,586.00
8.724631,1020.0837,525.00
8.724631,1020.1167,548.00
8.724631,1020.1494,528.00
8.724631,1020.1823,552.00
8.724631,1020.2149,533.00
8.724631,1020.2477,524.00
8.724631,1020.2805,492.00
8.724631,1020.3132,526.00
8.724631,1020.3459,504.00
8.724631,1020.3787,614.00
8.724631,1020.4114,484.00
8.724631,1020.4442,542.00
8.724631,1020.4768,519.00
8.724631,1020.5096,538.00
8.724631,1020.5423,475.00
8.724631,1020.5750,566.00
8.724631,1020.6077,483.00
8.724631,1020.6403,575.00
8.724631,1020.6730,503.00
8.724631,1020.7055,563.00
8.724631,1020.7382,525.00
8.724631,1020.7709,537.00
8.724631,1020.8036,487.00
8.724631,1020.8363,495.00
8.724631,1020.8688,485.00
8.724631,1020.9015,566.00
8.724631,1020.9341,482.00
8.724631,1020.9667,551.00
8.724631,1020.9993,519.00
8.724631,1021.0319,520.00
8.724631,1021.0645,539.00
8.724631,1021.0971,537.00
8.724631,1021.1298,461.00
8.724631,1021.1623,557.00
8.724631,1021.1948,470.00
8.724631,1021.2273,553.00
8.724631,1021.2599,494.00
8.724631,1021.2924,522.00
8.724631,1021.3250,502.00
8.724631,1021.3574,511.00
8.724631,1021.3900,498.00
8.724631,1021.4224,499.00
8.724631,1021.4550,425.00
8.724631,1021.4875,513.00
8.724631,1021.5200,475.00
8.724631,1021.5525,541.00
8.724631,1021.5850,495.00
8.724631,1021.6175,538.00
8.724631,1021.6500,494.00
8.724631,1021.6823,541.00
8.724631,1021.7148,498.00
8.724631,1021.7474,541.00
8.724631,1021.7797,519.00
8.724631,1021.8122,545.00
8.724631,1021.8445,522.00
8.724631,1021.8770,569.00
8.724631,1021.9095,512.00
8.724631,1021.9418,515.00
8.724631,1021.9741,492.00
8.724631,1022.0066,515.00
8.724631,1022.0389,464.00
8.724631,1022.0713,570.00
8.724631,1022.1037,515.00
8.724631,1022.1362,618.00
8.724631,1022.1685,561.00
8.724631,1022.2008,564.00
8.724631,1022.2332,491.00
8.724631,1022.2654,543.00
8.724631,1022.2977,529.00
8.724631,1022.3301,590.00
8.724631,1022.3624,484.00
8.724631,1022.3947,581.00
8.724631,1022.4271,479.00
8.724631,1022.4594,536.00
8.724631,1022.4917,529.00
8.724631,1022.5239,544.00
8.724631,1022.5562,532.00
8.724631,1022.5885,549.00
8.724631,1022.6207,510.00
8.724631,1022.6530,578.00
8.724631,1022.6852,526.00
8.724631,1022.7174,548.00
8.724631,1022.7497,520.00
8.724631,1022.7819,541.00
8.724631,1022.8142,499.00
8.724631,1022.8464,533.00
8.724631,1022.8785,480.00
8.724631,1022.9108,580.00
8.724631,1022.9429,506.00
8.724631,1022.9751,553.00
8.724631,1023.0073,522.00
8.724631,1023.0394,498.00
8.724631,1023.0717,504.00
8.724631,1023.1039,531.00
8.724631,1023.1360,498.00
8.724631,1023.1682,579.00
8.724631,1023.2003,511.00
8.724631,1023.2324,560.00
8.724631,1023.2644,503.00
8.724631,1023.2966,551.00
8.724631,1023.3287,489.00
8.724631,1023.3608,497.00
8.724631,1023.3929,516.00
8.724631,1023.4249,533.00
8.724631,1023.4570,469.00
8.724631,1023.4893,552.00
8.724631,1023.5212,484.00
8.724631,1023.5533,490.00
8.724631,1023.5853,486.00
8.724631,1023.6174,520.00
8.724631,1023.6494,488.00
8.724631,1023.6813,546.00
8.724631,1023.7134,461.00
8.724631,1023.7454,523.00
8.724631,1023.7775,506.00
8.724631,1023.8096,518.00
8.724631,1023.8416,507.00
8.724631,1023.8735,508.00
8.724631,1023.9055,491.00
8.724631,1023.9374,497.00
8.724631,1023.9694,439.00
8.724631,1024.0013,547.00
8.724631,1024.0333,490.00
8.724631,1024.0652,537.00
8.724631,1024.0972,508.00
8.724631,1024.1293,519.00
8.724631,1024.1611,491.00
8.724631,1024.1931,543.00
8.724631,1024.2250,454.00
8.724631,1024.2568,552.00
8.724631,1024.2888,465.00
8.724631,1024.3206,523.00
8.724631,1024.3525,509.00
8.724631,1024.3843,499.00
8.724631,1024.4164,482.00
8.724631,1024.4481,508.00
8.724631,1024.4801,467.00
8.724631,1024.5118,540.00
8.724631,1024.5438,471.00
8.724631,1024.5756,529.00
8.724631,1024.6074,502.00
8.724631,1024.6393,533.00
8.724631,1024.6710,536.00
8.724631,1024.7029,507.00
8.724631,1024.7346,484.00
8.724631,1024.7664,525.00
8.724631,1024.7982,436.00
8.724631,1024.8301,538.00
8.724631,1024.8618,497.00
8.724631,1024.8936,528.00
8.724631,1024.9253,482.00
8.724631,1024.9572,540.00
8.724631,1024.9889,509.00
8.724631,1025.0206,514.00
8.724631,1025.0522,446.00
8.724631,1025.0841,529.00
8.724631,1025.1158,466.00
8.724631,1025.1475,522.00
8.724631,1025.1792,491.00
8.724631,1025.2109,529.00
8.724631,1025.2426,520.00
8.724631,1025.2743,549.00
8.724631,1025.3059,505.00
8.724631,1025.3376,525.00
8.724631,1025.3693,450.00
8.724631,1025.4009,582.00
8.724631,1025.4326,482.00
8.724631,1025.4644,578.00
8.724631,1025.4960,488.00
8.724631,1025.5276,517.00
8.724631,1025.5592,511.00
8.724631,1025.5908,531.00
8.724631,1025.6224,483.00
8.724631,1025.6541,546.00
8.724631,1025.6857,498.00
8.724631,1025.7172,587.00
8.724631,1025.7489,533.00
8.724631,1025.7804,543.00
8.724631,1025.8120,539.00
8.724631,1025.8435,539.00
8.724631,1025.8751,505.00
8.724631,1025.9066,560.00
8.724631,1025.9381,469.00
8.724631,1025.9697,561.00
8.724631,1026.0012,527.00
8.724631,1026.0327,566.00
8.724631,1026.0642,532.00
