# Point:,23
# Setpoint:,1.17090909
# Voltage_V:,1.17090909
# Current_A:,0.0008534
# Spectrum_Time_s:,4.334739
# Step_Start_s:,4.213861
# Step_End_s:,4.413245
# Spectrum_Duration_ms:,107.622
# Peak_Wavelength_nm:,940.19
# Peak_Intensity:,763.0
# Avg_Intensity:,602.2
# Num_Pixels:,4094
# NOTE: All wavelengths are captured simultaneously in one CCD exposure
#       The Relative_Time_s column shows when this entire spectrum was acquired

Relative_Time_s,Wavelength_nm,Intensity
4.334739,845.4307,571.00
4.334739,845.4858,506.00
4.334739,845.5410,562.00
4.334739,845.5963,514.00
4.334739,845.6514,537.00
4.334739,845.7065,505.00
4.334739,845.7617,523.00
4.334739,845.8168,473.00
4.334739,845.8721,581.00
4.334739,845.9272,472.00
4.334739,845.9823,540.00
4.334739,846.0374,505.00
4.334739,846.0926,528.00
4.334739,846.1478,494.00
4.334739,846.2029,528.00
4.334739,846.2579,492.00
4.334739,846.3130,550.00
4.334739,846.3682,456.00
4.334739,846.4233,559.00
4.334739,846.4784,484.00
4.334739,846.5335,560.00
4.334739,846.5886,521.00
4.334739,846.6437,532.00
4.334739,846.6987,501.00
4.334739,846.7538,566.00
4.334739,846.8089,502.00
4.334739,846.8640,568.00
4.334739,846.9190,488.00
4.334739,846.9741,550.00
4.334739,847.0292,559.00
4.334739,847.0842,543.00
4.334739,847.1392,528.00
4.334739,847.1943,558.00
4.334739,847.2493,511.00
4.334739,847.3044,591.00
4.334739,847.3594,489.00
4.334739,847.4144,530.00
4.334739,847.4694,547.00
4.334739,847.5244,559.00
4.334739,847.5795,495.00
4.334739,847.6345,552.00
4.334739,847.6895,497.00
4.334739,847.7444,563.00
4.334739,847.7994,505.00
4.334739,847.8544,603.00
4.334739,847.9094,522.00
4.334739,847.9644,572.00
4.334739,848.0193,537.00
4.334739,848.0743,562.00
4.334739,848.1293,517.00
4.334739,848.1843,591.00
4.334739,848.2392,540.00
4.334739,848.2941,580.00
4.334739,848.3491,565.00
4.334739,848.4040,570.00
4.334739,848.4590,551.00
4.334739,848.5139,560.00
4.334739,848.5688,524.00
4.334739,848.6237,594.00
4.334739,848.6786,507.00
4.334739,848.7336,621.00
4.334739,848.7885,546.00
4.334739,848.8434,604.00
4.334739,848.8983,577.00
4.334739,848.9531,575.00
4.334739,849.0081,526.00
4.334739,849.0630,589.00
4.334739,849.1178,506.00
4.334739,849.1727,598.00
4.334739,849.2275,517.00
4.334739,849.2823,663.00
4.334739,849.3373,542.00
4.334739,849.3921,573.00
4.334739,849.4470,569.00
4.334739,849.5018,562.00
4.334739,849.5566,485.00
4.334739,849.6115,589.00
4.334739,849.6663,536.00
4.334739,849.7211,606.00
4.334739,849.7759,553.00
4.334739,849.8307,598.00
4.334739,849.8856,532.00
4.334739,849.9404,586.00
4.334739,849.9952,527.00
4.334739,850.0500,616.00
4.334739,850.1048,511.00
4.334739,850.1596,614.00
4.334739,850.2144,521.00
4.334739,850.2692,631.00
4.334739,850.3239,542.00
4.334739,850.3787,567.00
4.334739,850.4335,567.00
4.334739,850.4882,602.00
4.334739,850.5430,579.00
4.334739,850.5977,627.00
4.334739,850.6525,537.00
4.334739,850.7072,615.00
4.334739,850.7620,567.00
4.334739,850.8167,615.00
4.334739,850.8715,565.00
4.334739,850.9261,584.00
4.334739,850.9808,527.00
4.334739,851.0356,585.00
4.334739,851.0903,569.00
4.334739,851.1450,636.00
4.334739,851.1996,550.00
4.334739,851.2543,627.00
4.334739,851.3091,578.00
4.334739,851.3638,586.00
4.334739,851.4185,566.00
4.334739,851.4731,635.00
4.334739,851.5278,559.00
4.334739,851.5825,673.00
4.334739,851.6371,587.00
4.334739,851.6918,639.00
4.334739,851.7465,583.00
4.334739,851.8011,623.00
4.334739,851.8558,584.00
4.334739,851.9103,595.00
4.334739,851.9650,579.00
4.334739,852.0196,657.00
4.334739,852.0742,589.00
4.334739,852.1289,620.00
4.334739,852.1835,567.00
4.334739,852.2381,663.00
4.334739,852.2927,634.00
4.334739,852.3473,612.00
4.334739,852.4019,620.00
4.334739,852.4565,653.00
4.334739,852.5111,597.00
4.334739,852.5657,619.00
4.334739,852.6202,598.00
4.334739,852.6747,630.00
4.334739,852.7294,614.00
4.334739,852.7839,648.00
4.334739,852.8385,607.00
4.334739,852.8930,663.00
4.334739,852.9476,593.00
4.334739,853.0022,663.00
4.334739,853.0567,620.00
4.334739,853.1112,671.00
4.334739,853.1658,639.00
4.334739,853.2203,654.00
4.334739,853.2748,625.00
4.334739,853.3293,688.00
4.334739,853.3838,617.00
4.334739,853.4383,705.00
4.334739,853.4928,613.00
4.334739,853.5474,684.00
4.334739,853.6019,656.00
4.334739,853.6563,668.00
4.334739,853.7108,646.00
4.334739,853.7653,684.00
4.334739,853.8198,608.00
4.334739,853.8742,668.00
4.334739,853.9286,634.00
4.334739,853.9832,673.00
4.334739,854.0376,654.00
4.334739,854.0920,710.00
4.334739,854.1465,646.00
4.334739,854.2010,647.00
4.334739,854.2554,624.00
4.334739,854.3098,665.00
4.334739,854.3642,599.00
4.334739,854.4186,677.00
4.334739,854.4731,641.00
4.334739,854.5275,696.00
4.334739,854.5819,640.00
4.334739,854.6363,687.00
4.334739,854.6907,634.00
4.334739,854.7451,626.00
4.334739,854.7994,590.00
4.334739,854.8538,682.00
4.334739,854.9082,641.00
4.334739,854.9626,703.00
4.334739,855.0170,615.00
4.334739,855.0714,677.00
4.334739,855.1257,625.00
4.334739,855.1800,650.00
4.334739,855.2344,641.00
4.334739,855.2888,667.00
4.334739,855.3431,632.00
4.334739,855.3975,670.00
4.334739,855.4518,613.00
4.334739,855.5060,688.00
4.334739,855.5604,611.00
4.334739,855.6147,646.00
4.334739,855.6691,627.00
4.334739,855.7233,636.00
4.334739,855.7776,594.00
4.334739,855.8320,701.00
4.334739,855.8862,613.00
4.334739,855.9406,677.00
4.334739,855.9948,634.00
4.334739,856.0491,699.00
4.334739,856.1035,640.00
4.334739,856.1577,670.00
4.334739,856.2119,630.00
4.334739,856.2662,655.00
4.334739,856.3204,605.00
4.334739,856.3748,706.00
4.334739,856.4290,627.00
4.334739,856.4832,665.00
4.334739,856.5374,645.00
4.334739,856.5916,680.00
4.334739,856.6459,613.00
4.334739,856.7001,675.00
4.334739,856.7543,630.00
4.334739,856.8085,684.00
4.334739,856.8627,628.00
4.334739,856.9169,684.00
4.334739,856.9712,619.00
4.334739,857.0253,657.00
4.334739,857.0795,638.00
4.334739,857.1337,632.00
4.334739,857.1879,616.00
4.334739,857.2421,661.00
4.334739,857.2962,646.00
4.334739,857.3504,671.00
4.334739,857.4045,634.00
4.334739,857.4587,644.00
4.334739,857.5129,700.00
4.334739,857.5670,703.00
4.334739,857.6212,619.00
4.334739,857.6753,683.00
4.334739,857.7294,616.00
4.334739,857.7836,708.00
4.334739,857.8377,647.00
4.334739,857.8918,681.00
4.334739,857.9459,661.00
4.334739,858.0000,682.00
4.334739,858.0541,628.00
4.334739,858.1082,705.00
4.334739,858.1624,648.00
4.334739,858.2164,698.00
4.334739,858.2704,649.00
4.334739,858.3245,684.00
4.334739,858.3787,678.00
4.334739,858.4327,672.00
4.334739,858.4868,629.00
4.334739,858.5408,664.00
4.334739,858.5949,612.00
4.334739,858.6489,665.00
4.334739,858.7030,608.00
4.334739,858.7570,706.00
4.334739,858.8110,644.00
4.334739,858.8651,676.00
4.334739,858.9192,696.00
4.334739,858.9732,704.00
4.334739,859.0272,655.00
4.334739,859.0812,690.00
4.334739,859.1352,598.00
4.334739,859.1892,666.00
4.334739,859.2432,634.00
4.334739,859.2972,667.00
4.334739,859.3512,669.00
4.334739,859.4052,653.00
4.334739,859.4592,651.00
4.334739,859.5132,663.00
4.334739,859.5671,599.00
4.334739,859.6210,678.00
4.334739,859.6750,642.00
4.334739,859.7289,693.00
4.334739,859.7830,599.00
4.334739,859.8369,631.00
4.334739,859.8908,631.00
4.334739,859.9447,625.00
4.334739,859.9987,614.00
4.334739,860.0527,687.00
4.334739,860.1065,597.00
4.334739,860.1605,679.00
4.334739,860.2144,640.00
4.334739,860.2682,677.00
4.334739,860.3222,625.00
4.334739,860.3761,646.00
4.334739,860.4299,599.00
4.334739,860.4838,650.00
4.334739,860.5377,588.00
4.334739,860.5916,680.00
4.334739,860.6455,635.00
4.334739,860.6993,665.00
4.334739,860.7532,613.00
4.334739,860.8071,674.00
4.334739,860.8610,638.00
4.334739,860.9148,641.00
4.334739,860.9687,594.00
4.334739,861.0225,666.00
4.334739,861.0763,637.00
4.334739,861.1301,657.00
4.334739,861.1840,606.00
4.334739,861.2378,691.00
4.334739,861.2916,603.00
4.334739,861.3454,666.00
4.334739,861.3992,588.00
4.334739,861.4531,679.00
4.334739,861.5068,557.00
4.334739,861.5606,641.00
4.334739,861.6144,601.00
4.334739,861.6682,656.00
4.334739,861.7220,605.00
4.334739,861.7758,648.00
4.334739,861.8295,598.00
4.334739,861.8833,634.00
4.334739,861.9370,610.00
4.334739,861.9908,682.00
4.334739,862.0446,628.00
4.334739,862.0983,679.00
4.334739,862.1520,623.00
4.334739,862.2057,659.00
4.334739,862.2595,615.00
4.334739,862.3132,620.00
4.334739,862.3669,579.00
4.334739,862.4206,685.00
4.334739,862.4744,585.00
4.334739,862.5281,671.00
4.334739,862.5818,616.00
4.334739,862.6355,667.00
4.334739,862.6891,612.00
4.334739,862.7429,650.00
4.334739,862.7966,637.00
4.334739,862.8502,646.00
4.334739,862.9039,611.00
4.334739,862.9575,670.00
4.334739,863.0112,641.00
4.334739,863.0648,628.00
4.334739,863.1185,609.00
4.334739,863.1722,639.00
4.334739,863.2258,569.00
4.334739,863.2794,638.00
4.334739,863.3330,594.00
4.334739,863.3867,672.00
4.334739,863.4403,551.00
4.334739,863.4940,660.00
4.334739,863.5475,615.00
4.334739,863.6011,621.00
4.334739,863.6548,650.00
4.334739,863.7084,635.00
4.334739,863.7620,606.00
4.334739,863.8156,645.00
4.334739,863.8691,616.00
4.334739,863.9228,645.00
4.334739,863.9763,621.00
4.334739,864.0299,649.00
4.334739,864.0834,610.00
4.334739,864.1370,640.00
4.334739,864.1906,588.00
4.334739,864.2441,648.00
4.334739,864.2977,576.00
4.334739,864.3512,669.00
4.334739,864.4047,634.00
4.334739,864.4583,636.00
4.334739,864.5118,590.00
4.334739,864.5653,634.00
4.334739,864.6189,606.00
4.334739,864.6724,629.00
4.334739,864.7258,604.00
4.334739,864.7794,653.00
4.334739,864.8329,633.00
4.334739,864.8864,639.00
4.334739,864.9398,616.00
4.334739,864.9933,632.00
4.334739,865.0469,568.00
4.334739,865.1003,640.00
4.334739,865.1538,595.00
4.334739,865.2072,638.00
4.334739,865.2607,632.00
4.334739,865.3142,654.00
4.334739,865.3676,630.00
4.334739,865.4211,649.00
4.334739,865.4745,595.00
4.334739,865.5279,634.00
4.334739,865.5814,609.00
4.334739,865.6348,651.00
4.334739,865.6882,628.00
4.334739,865.7416,651.00
4.334739,865.7950,653.00
4.334739,865.8484,660.00
4.334739,865.9019,625.00
4.334739,865.9552,616.00
4.334739,866.0087,623.00
4.334739,866.0620,636.00
4.334739,866.1154,602.00
4.334739,866.1688,674.00
4.334739,866.2222,624.00
4.334739,866.2755,675.00
4.334739,866.3289,624.00
4.334739,866.3822,673.00
4.334739,866.4356,643.00
4.334739,866.4890,630.00
4.334739,866.5423,643.00
4.334739,866.5956,674.00
4.334739,866.6489,614.00
4.334739,866.7023,663.00
4.334739,866.7556,599.00
4.334739,866.8089,647.00
4.334739,866.8622,625.00
4.334739,866.9155,637.00
4.334739,866.9689,617.00
4.334739,867.0222,663.00
4.334739,867.0755,589.00
4.334739,867.1287,642.00
4.334739,867.1820,628.00
4.334739,867.2354,650.00
4.334739,867.2886,645.00
4.334739,867.3419,642.00
4.334739,867.3951,615.00
4.334739,867.4484,650.00
4.334739,867.5016,585.00
4.334739,867.5549,670.00
4.334739,867.6082,631.00
4.334739,867.6614,637.00
4.334739,867.7146,665.00
4.334739,867.7678,634.00
4.334739,867.8211,623.00
4.334739,867.8743,647.00
4.334739,867.9276,614.00
4.334739,867.9807,666.00
4.334739,868.0339,625.00
4.334739,868.0872,677.00
4.334739,868.1403,637.00
4.334739,868.1935,637.00
4.334739,868.2467,611.00
4.334739,868.2999,640.00
4.334739,868.3531,596.00
4.334739,868.4062,672.00
4.334739,868.4594,600.00
4.334739,868.5126,649.00
4.334739,868.5657,638.00
4.334739,868.6189,644.00
4.334739,868.6721,636.00
4.334739,868.7252,626.00
4.334739,868.7783,578.00
4.334739,868.8315,647.00
4.334739,868.8846,584.00
4.334739,868.9377,666.00
4.334739,868.9908,581.00
4.334739,869.0439,665.00
4.334739,869.0970,639.00
4.334739,869.1501,662.00
4.334739,869.2032,581.00
4.334739,869.2564,624.00
4.334739,869.3094,612.00
4.334739,869.3625,607.00
4.334739,869.4156,613.00
4.334739,869.4688,662.00
4.334739,869.5218,598.00
4.334739,869.5748,648.00
4.334739,869.6279,647.00
4.334739,869.6809,646.00
4.334739,869.7340,589.00
4.334739,869.7870,631.00
4.334739,869.8401,586.00
4.334739,869.8931,655.00
4.334739,869.9462,609.00
4.334739,869.9993,628.00
4.334739,870.0522,605.00
4.334739,870.1052,675.00
4.334739,870.1583,597.00
4.334739,870.2112,682.00
4.334739,870.2642,594.00
4.334739,870.3173,660.00
4.334739,870.3702,607.00
4.334739,870.4232,676.00
4.334739,870.4762,625.00
4.334739,870.5292,629.00
4.334739,870.5822,634.00
4.334739,870.6351,641.00
4.334739,870.6881,606.00
4.334739,870.7410,634.00
4.334739,870.7940,646.00
4.334739,870.8470,663.00
4.334739,870.8999,618.00
4.334739,870.9528,675.00
4.334739,871.0057,651.00
4.334739,871.0587,661.00
4.334739,871.1116,629.00
4.334739,871.1646,641.00
4.334739,871.2175,585.00
4.334739,871.2704,665.00
4.334739,871.3232,630.00
4.334739,871.3762,616.00
4.334739,871.4291,634.00
4.334739,871.4820,638.00
4.334739,871.5348,618.00
4.334739,871.5877,657.00
4.334739,871.6406,646.00
4.334739,871.6935,701.00
4.334739,871.7463,625.00
4.334739,871.7992,655.00
4.334739,871.8521,668.00
4.334739,871.9049,655.00
4.334739,871.9578,668.00
4.334739,872.0106,670.00
4.334739,872.0635,603.00
4.334739,872.1162,698.00
4.334739,872.1691,599.00
4.334739,872.2219,704.00
4.334739,872.2747,605.00
4.334739,872.3275,673.00
4.334739,872.3803,663.00
4.334739,872.4332,663.00
4.334739,872.4860,624.00
4.334739,872.5387,670.00
4.334739,872.5915,628.00
4.334739,872.6443,683.00
4.334739,872.6971,673.00
4.334739,872.7499,672.00
4.334739,872.8026,655.00
4.334739,872.8553,664.00
4.334739,872.9081,639.00
4.334739,872.9609,670.00
4.334739,873.0136,630.00
4.334739,873.0663,685.00
4.334739,873.1191,588.00
4.334739,873.1718,681.00
4.334739,873.2245,651.00
4.334739,873.2773,657.00
4.334739,873.3300,638.00
4.334739,873.3827,640.00
4.334739,873.4354,620.00
4.334739,873.4882,729.00
4.334739,873.5408,640.00
4.334739,873.5935,685.00
4.334739,873.6462,654.00
4.334739,873.6989,674.00
4.334739,873.7515,676.00
4.334739,873.8042,644.00
4.334739,873.8569,604.00
4.334739,873.9096,671.00
4.334739,873.9622,587.00
4.334739,874.0149,686.00
4.334739,874.0675,648.00
4.334739,874.1202,666.00
4.334739,874.1729,617.00
4.334739,874.2255,673.00
4.334739,874.2781,649.00
4.334739,874.3307,644.00
4.334739,874.3834,601.00
4.334739,874.4360,666.00
4.334739,874.4885,632.00
4.334739,874.5411,696.00
4.334739,874.5938,638.00
4.334739,874.6463,664.00
4.334739,874.6990,619.00
4.334739,874.7515,646.00
4.334739,874.8041,604.00
4.334739,874.8567,693.00
4.334739,874.9092,634.00
4.334739,874.9619,689.00
4.334739,875.0144,633.00
4.334739,875.0669,668.00
4.334739,875.1194,648.00
4.334739,875.1720,665.00
4.334739,875.2246,612.00
4.334739,875.2772,678.00
4.334739,875.3296,596.00
4.334739,875.3821,674.00
4.334739,875.4346,628.00
4.334739,875.4872,690.00
4.334739,875.5397,655.00
4.334739,875.5922,660.00
4.334739,875.6447,611.00
4.334739,875.6971,670.00
4.334739,875.7498,623.00
4.334739,875.8022,687.00
4.334739,875.8547,608.00
4.334739,875.9071,695.00
4.334739,875.9596,631.00
4.334739,876.0120,665.00
4.334739,876.0646,627.00
4.334739,876.1169,662.00
4.334739,876.1694,619.00
4.334739,876.2219,709.00
4.334739,876.2743,650.00
4.334739,876.3268,691.00
4.334739,876.3792,631.00
4.334739,876.4316,669.00
4.334739,876.4840,694.00
4.334739,876.5364,673.00
4.334739,876.5889,621.00
4.334739,876.6413,709.00
4.334739,876.6937,606.00
4.334739,876.7460,675.00
4.334739,876.7985,666.00
4.334739,876.8509,698.00
4.334739,876.9032,648.00
4.334739,876.9556,671.00
4.334739,877.0079,617.00
4.334739,877.0604,651.00
4.334739,877.1127,591.00
4.334739,877.1651,698.00
4.334739,877.2174,631.00
4.334739,877.2697,674.00
4.334739,877.3221,633.00
4.334739,877.3744,653.00
4.334739,877.4268,619.00
4.334739,877.4791,619.00
4.334739,877.5314,609.00
4.334739,877.5837,652.00
4.334739,877.6360,606.00
4.334739,877.6884,677.00
4.334739,877.7407,619.00
4.334739,877.7930,608.00
4.334739,877.8452,612.00
4.334739,877.8975,641.00
4.334739,877.9498,616.00
4.334739,878.0021,631.00
4.334739,878.0544,616.00
4.334739,878.1066,654.00
4.334739,878.1589,608.00
4.334739,878.2111,632.00
4.334739,878.2634,595.00
4.334739,878.3157,600.00
4.334739,878.3679,595.00
4.334739,878.4202,650.00
4.334739,878.4724,628.00
4.334739,878.5246,673.00
4.334739,878.5768,586.00
4.334739,878.6290,661.00
4.334739,878.6812,611.00
4.334739,878.7335,620.00
4.334739,878.7856,638.00
4.334739,878.8379,599.00
4.334739,878.8901,604.00
4.334739,878.9422,601.00
4.334739,878.9944,618.00
4.334739,879.0466,645.00
4.334739,879.0988,611.00
4.334739,879.1509,664.00
4.334739,879.2031,618.00
4.334739,879.2552,601.00
4.334739,879.3074,600.00
4.334739,879.3596,639.00
4.334739,879.4117,586.00
4.334739,879.4638,679.00
4.334739,879.5159,552.00
4.334739,879.5681,650.00
4.334739,879.6202,615.00
4.334739,879.6723,621.00
4.334739,879.7244,623.00
4.334739,879.7766,658.00
4.334739,879.8287,589.00
4.334739,879.8808,665.00
4.334739,879.9329,560.00
4.334739,879.9849,619.00
4.334739,880.0370,615.00
4.334739,880.0891,652.00
4.334739,880.1412,586.00
4.334739,880.1932,642.00
4.334739,880.2452,573.00
4.334739,880.2973,649.00
4.334739,880.3495,612.00
4.334739,880.4015,701.00
4.334739,880.4536,623.00
4.334739,880.5056,622.00
4.334739,880.5576,588.00
4.334739,880.6096,640.00
4.334739,880.6616,588.00
4.334739,880.7137,639.00
4.334739,880.7656,563.00
4.334739,880.8176,642.00
4.334739,880.8696,614.00
4.334739,880.9217,666.00
4.334739,880.9737,587.00
4.334739,881.0256,609.00
4.334739,881.0776,589.00
4.334739,881.1296,661.00
4.334739,881.1816,557.00
4.334739,881.2336,635.00
4.334739,881.2855,606.00
4.334739,881.3374,634.00
4.334739,881.3893,638.00
4.334739,881.4413,612.00
4.334739,881.4933,605.00
4.334739,881.5452,619.00
4.334739,881.5972,561.00
4.334739,881.6490,649.00
4.334739,881.7010,602.00
4.334739,881.7530,640.00
4.334739,881.8049,605.00
4.334739,881.8568,632.00
4.334739,881.9086,604.00
4.334739,881.9605,605.00
4.334739,882.0125,602.00
4.334739,882.0643,642.00
4.334739,882.1162,570.00
4.334739,882.1681,664.00
4.334739,882.2199,576.00
4.334739,882.2719,625.00
4.334739,882.3237,587.00
4.334739,882.3755,593.00
4.334739,882.4274,548.00
4.334739,882.4792,624.00
4.334739,882.5311,602.00
4.334739,882.5829,625.00
4.334739,882.6348,588.00
4.334739,882.6866,638.00
4.334739,882.7383,602.00
4.334739,882.7902,595.00
4.334739,882.8420,618.00
4.334739,882.8939,630.00
4.334739,882.9457,547.00
4.334739,882.9974,605.00
4.334739,883.0493,579.00
4.334739,883.1011,659.00
4.334739,883.1528,565.00
4.334739,883.2046,641.00
4.334739,883.2563,588.00
4.334739,883.3081,589.00
4.334739,883.3599,577.00
4.334739,883.4116,620.00
4.334739,883.4634,592.00
4.334739,883.5151,638.00
4.334739,883.5668,614.00
4.334739,883.6187,624.00
4.334739,883.6703,616.00
4.334739,883.7220,650.00
4.334739,883.7738,615.00
4.334739,883.8254,635.00
4.334739,883.8773,552.00
4.334739,883.9289,656.00
4.334739,883.9806,583.00
4.334739,884.0323,655.00
4.334739,884.0840,631.00
4.334739,884.1357,624.00
4.334739,884.1874,598.00
4.334739,884.2391,643.00
4.334739,884.2907,595.00
4.334739,884.3423,645.00
4.334739,884.3940,628.00
4.334739,884.4457,651.00
4.334739,884.4974,607.00
4.334739,884.5490,647.00
4.334739,884.6006,598.00
4.334739,884.6523,644.00
4.334739,884.7039,581.00
4.334739,884.7555,639.00
4.334739,884.8071,597.00
4.334739,884.8588,647.00
4.334739,884.9103,604.00
4.334739,884.9620,640.00
4.334739,885.0136,673.00
4.334739,885.0651,644.00
4.334739,885.1168,603.00
4.334739,885.1683,648.00
4.334739,885.2200,632.00
4.334739,885.2715,672.00
4.334739,885.3231,602.00
4.334739,885.3746,651.00
4.334739,885.4262,596.00
4.334739,885.4778,640.00
4.334739,885.5293,636.00
4.334739,885.5809,667.00
4.334739,885.6324,573.00
4.334739,885.6839,636.00
4.334739,885.7355,630.00
4.334739,885.7870,676.00
4.334739,885.8385,609.00
4.334739,885.8900,666.00
4.334739,885.9415,638.00
4.334739,885.9930,617.00
4.334739,886.0446,608.00
4.334739,886.0960,650.00
4.334739,886.1475,605.00
4.334739,886.1990,663.00
4.334739,886.2504,624.00
4.334739,886.3020,666.00
4.334739,886.3534,611.00
4.334739,886.4048,668.00
4.334739,886.4564,629.00
4.334739,886.5078,652.00
4.334739,886.5593,595.00
4.334739,886.6107,673.00
4.334739,886.6621,608.00
4.334739,886.7136,656.00
4.334739,886.7650,618.00
4.334739,886.8164,651.00
4.334739,886.8679,626.00
4.334739,886.9193,634.00
4.334739,886.9706,566.00
4.334739,887.0220,659.00
4.334739,887.0735,581.00
4.334739,887.1249,651.00
4.334739,887.1762,601.00
4.334739,887.2276,679.00
4.334739,887.2789,643.00
4.334739,887.3304,640.00
4.334739,887.3818,625.00
4.334739,887.4331,672.00
4.334739,887.4844,619.00
4.334739,887.5358,663.00
4.334739,887.5871,588.00
4.334739,887.6385,656.00
4.334739,887.6898,664.00
4.334739,887.7411,643.00
4.334739,887.7925,627.00
4.334739,887.8438,600.00
4.334739,887.8951,592.00
4.334739,887.9464,708.00
4.334739,887.9977,621.00
4.334739,888.0490,719.00
4.334739,888.1003,670.00
4.334739,888.1516,654.00
4.334739,888.2029,612.00
4.334739,888.2542,666.00
4.334739,888.3054,613.00
4.334739,888.3567,653.00
4.334739,888.4080,635.00
4.334739,888.4592,678.00
4.334739,888.5105,605.00
4.334739,888.5618,664.00
4.334739,888.6130,644.00
4.334739,888.6642,641.00
4.334739,888.7155,631.00
4.334739,888.7667,668.00
4.334739,888.8179,612.00
4.334739,888.8691,676.00
4.334739,888.9204,660.00
4.334739,888.9716,639.00
4.334739,889.0228,620.00
4.334739,889.0740,676.00
4.334739,889.1252,670.00
4.334739,889.1764,660.00
4.334739,889.2275,617.00
4.334739,889.2787,676.00
4.334739,889.3299,628.00
4.334739,889.3810,699.00
4.334739,889.4322,656.00
4.334739,889.4835,682.00
4.334739,889.5346,650.00
4.334739,889.5857,644.00
4.334739,889.6368,579.00
4.334739,889.6879,660.00
4.334739,889.7391,605.00
4.334739,889.7903,683.00
4.334739,889.8414,628.00
4.334739,889.8925,683.00
4.334739,889.9435,646.00
4.334739,889.9948,640.00
4.334739,890.0458,615.00
4.334739,890.0969,696.00
4.334739,890.1479,579.00
4.334739,890.1990,659.00
4.334739,890.2501,618.00
4.334739,890.3012,667.00
4.334739,890.3523,622.00
4.334739,890.4034,601.00
4.334739,890.4545,623.00
4.334739,890.5054,645.00
4.334739,890.5566,587.00
4.334739,890.6076,633.00
4.334739,890.6586,594.00
4.334739,890.7097,655.00
4.334739,890.7607,642.00
4.334739,890.8117,669.00
4.334739,890.8627,626.00
4.334739,890.9138,623.00
4.334739,890.9647,575.00
4.334739,891.0157,645.00
4.334739,891.0668,578.00
4.334739,891.1178,635.00
4.334739,891.1688,591.00
4.334739,891.2197,669.00
4.334739,891.2707,592.00
4.334739,891.3217,639.00
4.334739,891.3727,621.00
4.334739,891.4236,615.00
4.334739,891.4745,590.00
4.334739,891.5256,632.00
4.334739,891.5765,603.00
4.334739,891.6275,656.00
4.334739,891.6783,613.00
4.334739,891.7293,653.00
4.334739,891.7802,600.00
4.334739,891.8312,595.00
4.334739,891.8821,604.00
4.334739,891.9330,660.00
4.334739,891.9839,570.00
4.334739,892.0348,634.00
4.334739,892.0857,621.00
4.334739,892.1366,644.00
4.334739,892.1875,606.00
4.334739,892.2383,619.00
4.334739,892.2892,617.00
4.334739,892.3401,664.00
4.334739,892.3911,576.00
4.334739,892.4418,679.00
4.334739,892.4927,627.00
4.334739,892.5436,648.00
4.334739,892.5944,602.00
4.334739,892.6452,634.00
4.334739,892.6961,611.00
4.334739,892.7469,657.00
4.334739,892.7977,626.00
4.334739,892.8485,617.00
4.334739,892.8993,643.00
4.334739,892.9502,673.00
4.334739,893.0010,634.00
4.334739,893.0518,643.00
4.334739,893.1025,622.00
4.334739,893.1534,629.00
4.334739,893.2042,594.00
4.334739,893.2549,657.00
4.334739,893.3057,619.00
4.334739,893.3564,689.00
4.334739,893.4072,662.00
4.334739,893.4580,629.00
4.334739,893.5087,620.00
4.334739,893.5595,649.00
4.334739,893.6102,576.00
4.334739,893.6609,687.00
4.334739,893.7117,598.00
4.334739,893.7625,678.00
4.334739,893.8132,624.00
4.334739,893.8639,664.00
4.334739,893.9146,651.00
4.334739,893.9653,617.00
4.334739,894.0160,621.00
4.334739,894.0667,660.00
4.334739,894.1174,620.00
4.334739,894.1681,667.00
4.334739,894.2188,620.00
4.334739,894.2695,652.00
4.334739,894.3201,622.00
4.334739,894.3708,672.00
4.334739,894.4214,613.00
4.334739,894.4720,640.00
4.334739,894.5228,612.00
4.334739,894.5734,693.00
4.334739,894.6240,622.00
4.334739,894.6746,664.00
4.334739,894.7252,682.00
4.334739,894.7759,644.00
4.334739,894.8265,624.00
4.334739,894.8771,653.00
4.334739,894.9277,568.00
4.334739,894.9783,673.00
4.334739,895.0290,574.00
4.334739,895.0795,690.00
4.334739,895.1301,618.00
4.334739,895.1807,656.00
4.334739,895.2313,626.00
4.334739,895.2819,637.00
4.334739,895.3325,619.00
4.334739,895.3830,627.00
4.334739,895.4336,586.00
4.334739,895.4841,671.00
4.334739,895.5347,610.00
4.334739,895.5852,665.00
4.334739,895.6357,627.00
4.334739,895.6863,663.00
4.334739,895.7368,629.00
4.334739,895.7874,655.00
4.334739,895.8379,568.00
4.334739,895.8884,681.00
4.334739,895.9388,599.00
4.334739,895.9893,680.00
4.334739,896.0399,651.00
4.334739,896.0904,634.00
4.334739,896.1408,640.00
4.334739,896.1913,665.00
4.334739,896.2418,604.00
4.334739,896.2922,665.00
4.334739,896.3427,619.00
4.334739,896.3932,696.00
4.334739,896.4437,644.00
4.334739,896.4941,678.00
4.334739,896.5445,652.00
4.334739,896.5950,659.00
4.334739,896.6454,650.00
4.334739,896.6958,632.00
4.334739,896.7462,587.00
4.334739,896.7967,670.00
4.334739,896.8471,627.00
4.334739,896.8975,667.00
4.334739,896.9479,648.00
4.334739,896.9983,671.00
4.334739,897.0486,627.00
4.334739,897.0991,663.00
4.334739,897.1495,589.00
4.334739,897.1998,686.00
4.334739,897.2502,599.00
4.334739,897.3005,693.00
4.334739,897.3510,637.00
4.334739,897.4013,658.00
4.334739,897.4517,669.00
4.334739,897.5020,651.00
4.334739,897.5523,622.00
4.334739,897.6026,642.00
4.334739,897.6530,607.00
4.334739,897.7033,688.00
4.334739,897.7537,615.00
4.334739,897.8040,679.00
4.334739,897.8542,647.00
4.334739,897.9046,643.00
4.334739,897.9549,636.00
4.334739,898.0051,687.00
4.334739,898.0554,625.00
4.334739,898.1057,671.00
4.334739,898.1560,611.00
4.334739,898.2063,712.00
4.334739,898.2565,629.00
4.334739,898.3068,634.00
4.334739,898.3571,623.00
4.334739,898.4073,607.00
4.334739,898.4576,572.00
4.334739,898.5078,670.00
4.334739,898.5580,591.00
4.334739,898.6083,709.00
4.334739,898.6584,639.00
4.334739,898.7087,676.00
4.334739,898.7590,635.00
4.334739,898.8091,613.00
4.334739,898.8593,634.00
4.334739,898.9095,675.00
4.334739,898.9598,596.00
4.334739,899.0099,679.00
4.334739,899.0601,624.00
4.334739,899.1103,671.00
4.334739,899.1605,629.00
4.334739,899.2107,632.00
4.334739,899.2608,611.00
4.334739,899.3109,646.00
4.334739,899.3611,569.00
4.334739,899.4113,682.00
4.334739,899.4614,616.00
4.334739,899.5115,633.00
4.334739,899.5616,629.00
4.334739,899.6118,654.00
4.334739,899.6619,603.00
4.334739,899.7121,658.00
4.334739,899.7622,558.00
4.334739,899.8123,664.00
4.334739,899.8624,625.00
4.334739,899.9124,657.00
4.334739,899.9626,629.00
4.334739,900.0126,635.00
4.334739,900.0627,634.00
4.334739,900.1127,650.00
4.334739,900.1628,560.00
4.334739,900.2130,680.00
4.334739,900.2631,569.00
4.334739,900.3130,667.00
4.334739,900.3631,599.00
4.334739,900.4131,632.00
4.334739,900.4632,610.00
4.334739,900.5132,618.00
4.334739,900.5633,597.00
4.334739,900.6132,627.00
4.334739,900.6632,572.00
4.334739,900.7133,593.00
4.334739,900.7633,565.00
4.334739,900.8133,620.00
4.334739,900.8633,591.00
4.334739,900.9133,636.00
4.334739,900.9633,612.00
4.334739,901.0133,640.00
4.334739,901.0632,602.00
4.334739,901.1132,621.00
4.334739,901.1631,592.00
4.334739,901.2131,680.00
4.334739,901.2631,624.00
4.334739,901.3130,657.00
4.334739,901.3630,616.00
4.334739,901.4129,620.00
4.334739,901.4628,620.00
4.334739,901.5128,638.00
4.334739,901.5627,582.00
4.334739,901.6126,654.00
4.334739,901.6625,614.00
4.334739,901.7124,606.00
4.334739,901.7623,633.00
4.334739,901.8123,603.00
4.334739,901.8621,625.00
4.334739,901.9120,651.00
4.334739,901.9619,601.00
4.334739,902.0117,658.00
4.334739,902.0616,623.00
4.334739,902.1115,716.00
4.334739,902.1613,617.00
4.334739,902.2112,618.00
4.334739,902.2610,615.00
4.334739,902.3109,621.00
4.334739,902.3608,594.00
4.334739,902.4106,662.00
4.334739,902.4604,603.00
4.334739,902.5103,655.00
4.334739,902.5601,618.00
4.334739,902.6099,661.00
4.334739,902.6597,629.00
4.334739,902.7095,645.00
4.334739,902.7592,603.00
4.334739,902.8090,623.00
4.334739,902.8589,576.00
4.334739,902.9086,686.00
4.334739,902.9584,608.00
4.334739,903.0082,665.00
4.334739,903.0580,613.00
4.334739,903.1077,660.00
4.334739,903.1575,603.00
4.334739,903.2072,654.00
4.334739,903.2570,608.00
4.334739,903.3067,658.00
4.334739,903.3564,604.00
4.334739,903.4062,679.00
4.334739,903.4559,631.00
4.334739,903.5056,618.00
4.334739,903.5553,649.00
4.334739,903.6050,610.00
4.334739,903.6547,607.00
4.334739,903.7045,633.00
4.334739,903.7541,569.00
4.334739,903.8038,680.00
4.334739,903.8535,629.00
4.334739,903.9032,625.00
4.334739,903.9528,614.00
4.334739,904.0025,598.00
4.334739,904.0522,588.00
4.334739,904.1019,622.00
4.334739,904.1515,596.00
4.334739,904.2012,647.00
4.334739,904.2507,593.00
4.334739,904.3004,648.00
4.334739,904.3500,567.00
4.334739,904.3997,602.00
4.334739,904.4493,593.00
4.334739,904.4989,636.00
4.334739,904.5485,590.00
4.334739,904.5980,649.00
4.334739,904.6477,573.00
4.334739,904.6973,630.00
4.334739,904.7469,586.00
4.334739,904.7964,647.00
4.334739,904.8460,608.00
4.334739,904.8956,568.00
4.334739,904.9452,583.00
4.334739,904.9947,603.00
4.334739,905.0443,561.00
4.334739,905.0938,652.00
4.334739,905.1434,614.00
4.334739,905.1929,615.00
4.334739,905.2424,609.00
4.334739,905.2919,648.00
4.334739,905.3414,584.00
4.334739,905.3910,623.00
4.334739,905.4406,579.00
4.334739,905.4901,672.00
4.334739,905.5396,554.00
4.334739,905.5890,652.00
4.334739,905.6385,631.00
4.334739,905.6880,611.00
4.334739,905.7375,626.00
4.334739,905.7870,655.00
4.334739,905.8364,588.00
4.334739,905.8859,637.00
4.334739,905.9354,609.00
4.334739,905.9848,677.00
4.334739,906.0342,659.00
4.334739,906.0837,668.00
4.334739,906.1331,594.00
4.334739,906.1826,652.00
4.334739,906.2321,590.00
4.334739,906.2814,661.00
4.334739,906.3309,582.00
4.334739,906.3802,649.00
4.334739,906.4297,644.00
4.334739,906.4791,653.00
4.334739,906.5285,632.00
4.334739,906.5779,627.00
4.334739,906.6273,602.00
4.334739,906.6766,636.00
4.334739,906.7260,612.00
4.334739,906.7754,678.00
4.334739,906.8248,589.00
4.334739,906.8741,691.00
4.334739,906.9235,632.00
4.334739,906.9729,632.00
4.334739,907.0222,641.00
4.334739,907.0715,654.00
4.334739,907.1208,601.00
4.334739,907.1702,666.00
4.334739,907.2195,600.00
4.334739,907.2688,660.00
4.334739,907.3181,625.00
4.334739,907.3674,628.00
4.334739,907.4167,613.00
4.334739,907.4660,620.00
4.334739,907.5153,578.00
4.334739,907.5646,648.00
4.334739,907.6139,582.00
4.334739,907.6631,664.00
4.334739,907.7125,600.00
4.334739,907.7617,643.00
4.334739,907.8110,580.00
4.334739,907.8602,631.00
4.334739,907.9094,586.00
4.334739,907.9587,624.00
4.334739,908.0080,561.00
4.334739,908.0572,694.00
4.334739,908.1064,569.00
4.334739,908.1556,689.00
4.334739,908.2048,638.00
4.334739,908.2541,612.00
4.334739,908.3033,633.00
4.334739,908.3524,614.00
4.334739,908.4017,576.00
4.334739,908.4508,627.00
4.334739,908.5000,610.00
4.334739,908.5493,618.00
4.334739,908.5984,621.00
4.334739,908.6475,642.00
4.334739,908.6967,585.00
4.334739,908.7459,629.00
4.334739,908.7950,583.00
4.334739,908.8442,638.00
4.334739,908.8932,603.00
4.334739,908.9424,640.00
4.334739,908.9916,606.00
4.334739,909.0407,651.00
4.334739,909.0898,661.00
4.334739,909.1389,631.00
4.334739,909.1880,602.00
4.334739,909.2372,631.00
4.334739,909.2863,575.00
4.334739,909.3354,674.00
4.334739,909.3845,579.00
4.334739,909.4335,643.00
4.334739,909.4825,627.00
4.334739,909.5317,613.00
4.334739,909.5807,583.00
4.334739,909.6298,645.00
4.334739,909.6789,573.00
4.334739,909.7280,635.00
4.334739,909.7770,588.00
4.334739,909.8260,667.00
4.334739,909.8751,614.00
4.334739,909.9241,640.00
4.334739,909.9731,617.00
4.334739,910.0222,648.00
4.334739,910.0711,599.00
4.334739,910.1201,647.00
4.334739,910.1691,570.00
4.334739,910.2181,658.00
4.334739,910.2672,626.00
4.334739,910.3162,641.00
4.334739,910.3651,631.00
4.334739,910.4141,627.00
4.334739,910.4631,611.00
4.334739,910.5120,611.00
4.334739,910.5610,602.00
4.334739,910.6099,637.00
4.334739,910.6589,635.00
4.334739,910.7078,653.00
4.334739,910.7568,619.00
4.334739,910.8057,647.00
4.334739,910.8546,614.00
4.334739,910.9036,649.00
4.334739,910.9525,618.00
4.334739,911.0013,635.00
4.334739,911.0503,617.00
4.334739,911.0992,665.00
4.334739,911.1481,608.00
4.334739,911.1970,649.00
4.334739,911.2459,621.00
4.334739,911.2948,634.00
4.334739,911.3436,586.00
4.334739,911.3925,636.00
4.334739,911.4414,598.00
4.334739,911.4902,674.00
4.334739,911.5391,633.00
4.334739,911.5880,631.00
4.334739,911.6368,622.00
4.334739,911.6857,629.00
4.334739,911.7344,603.00
4.334739,911.7833,656.00
4.334739,911.8321,577.00
4.334739,911.8809,667.00
4.334739,911.9297,624.00
4.334739,911.9785,677.00
4.334739,912.0273,682.00
4.334739,912.0762,626.00
4.334739,912.1249,655.00
4.334739,912.1737,644.00
4.334739,912.2225,628.00
4.334739,912.2712,655.00
4.334739,912.3201,651.00
4.334739,912.3688,705.00
4.334739,912.4176,620.00
4.334739,912.4663,650.00
4.334739,912.5150,599.00
4.334739,912.5638,635.00
4.334739,912.6125,626.00
4.334739,912.6613,670.00
4.334739,912.7100,619.00
4.334739,912.7587,671.00
4.334739,912.8074,651.00
4.334739,912.8561,677.00
4.334739,912.9048,639.00
4.334739,912.9535,663.00
4.334739,913.0023,643.00
4.334739,913.0510,627.00
4.334739,913.0996,626.00
4.334739,913.1483,689.00
4.334739,913.1969,637.00
4.334739,913.2456,681.00
4.334739,913.2943,677.00
4.334739,913.3430,679.00
4.334739,913.3916,616.00
4.334739,913.4402,670.00
4.334739,913.4888,624.00
4.334739,913.5375,734.00
4.334739,913.5862,641.00
4.334739,913.6348,700.00
4.334739,913.6834,671.00
4.334739,913.7320,666.00
4.334739,913.7806,659.00
4.334739,913.8292,662.00
4.334739,913.8778,638.00
4.334739,913.9264,657.00
4.334739,913.9750,591.00
4.334739,914.0236,699.00
4.334739,914.0721,649.00
4.334739,914.1207,659.00
4.334739,914.1693,634.00
4.334739,914.2178,689.00
4.334739,914.2664,621.00
4.334739,914.3149,660.00
4.334739,914.3635,635.00
4.334739,914.4120,677.00
4.334739,914.4606,674.00
4.334739,914.5090,708.00
4.334739,914.5576,676.00
4.334739,914.6061,693.00
4.334739,914.6546,640.00
4.334739,914.7031,683.00
4.334739,914.7516,626.00
4.334739,914.8001,720.00
4.334739,914.8486,676.00
4.334739,914.8971,702.00
4.334739,914.9456,667.00
4.334739,914.9941,677.00
4.334739,915.0425,658.00
4.334739,915.0910,646.00
4.334739,915.1395,607.00
4.334739,915.1879,707.00
4.334739,915.2363,610.00
4.334739,915.2849,711.00
4.334739,915.3333,681.00
4.334739,915.3817,685.00
4.334739,915.4301,665.00
4.334739,915.4785,675.00
4.334739,915.5269,625.00
4.334739,915.5754,660.00
4.334739,915.6237,650.00
4.334739,915.6721,704.00
4.334739,915.7205,643.00
4.334739,915.7689,712.00
4.334739,915.8173,672.00
4.334739,915.8657,647.00
4.334739,915.9141,624.00
4.334739,915.9623,695.00
4.334739,916.0107,636.00
4.334739,916.0591,702.00
4.334739,916.1075,647.00
4.334739,916.1558,666.00
4.334739,916.2042,629.00
4.334739,916.2524,670.00
4.334739,916.3008,635.00
4.334739,916.3491,663.00
4.334739,916.3974,609.00
4.334739,916.4457,684.00
4.334739,916.4940,629.00
4.334739,916.5423,689.00
4.334739,916.5907,663.00
4.334739,916.6390,646.00
4.334739,916.6872,654.00
4.334739,916.7355,662.00
4.334739,916.7838,608.00
4.334739,916.8320,685.00
4.334739,916.8803,615.00
4.334739,916.9286,703.00
4.334739,916.9768,619.00
4.334739,917.0250,664.00
4.334739,917.0733,680.00
4.334739,917.1216,681.00
4.334739,917.1698,635.00
4.334739,917.2180,649.00
4.334739,917.2662,604.00
4.334739,917.3145,666.00
4.334739,917.3626,626.00
4.334739,917.4109,693.00
4.334739,917.4590,628.00
4.334739,917.5072,700.00
4.334739,917.5554,657.00
4.334739,917.6036,671.00
4.334739,917.6518,624.00
4.334739,917.7000,716.00
4.334739,917.7481,604.00
4.334739,917.7963,666.00
4.334739,917.8444,625.00
4.334739,917.8926,696.00
4.334739,917.9407,666.00
4.334739,917.9888,684.00
4.334739,918.0369,629.00
4.334739,918.0851,660.00
4.334739,918.1332,632.00
4.334739,918.1813,701.00
4.334739,918.2294,640.00
4.334739,918.2776,698.00
4.334739,918.3257,646.00
4.334739,918.3737,658.00
4.334739,918.4218,664.00
4.334739,918.4699,686.00
4.334739,918.5180,633.00
4.334739,918.5660,657.00
4.334739,918.6142,627.00
4.334739,918.6622,664.00
4.334739,918.7103,679.00
4.334739,918.7583,674.00
4.334739,918.8064,656.00
4.334739,918.8544,661.00
4.334739,918.9025,630.00
4.334739,918.9505,695.00
4.334739,918.9985,631.00
4.334739,919.0464,674.00
4.334739,919.0945,658.00
4.334739,919.1426,701.00
4.334739,919.1905,679.00
4.334739,919.2385,675.00
4.334739,919.2866,623.00
4.334739,919.3345,673.00
4.334739,919.3825,624.00
4.334739,919.4304,689.00
4.334739,919.4785,649.00
4.334739,919.5264,687.00
4.334739,919.5744,648.00
4.334739,919.6224,638.00
4.334739,919.6703,658.00
4.334739,919.7182,702.00
4.334739,919.7661,673.00
4.334739,919.8141,686.00
4.334739,919.8620,659.00
4.334739,919.9100,713.00
4.334739,919.9578,639.00
4.334739,920.0057,724.00
4.334739,920.0536,649.00
4.334739,920.1016,663.00
4.334739,920.1495,630.00
4.334739,920.1973,673.00
4.334739,920.2452,614.00
4.334739,920.2932,690.00
4.334739,920.3410,673.00
4.334739,920.3888,689.00
4.334739,920.4367,640.00
4.334739,920.4846,653.00
4.334739,920.5323,619.00
4.334739,920.5803,640.00
4.334739,920.6281,610.00
4.334739,920.6759,704.00
4.334739,920.7237,646.00
4.334739,920.7715,649.00
4.334739,920.8195,672.00
4.334739,920.8672,643.00
4.334739,920.9150,622.00
4.334739,920.9628,663.00
4.334739,921.0106,578.00
4.334739,921.0584,668.00
4.334739,921.1062,595.00
4.334739,921.1540,679.00
4.334739,921.2017,621.00
4.334739,921.2495,647.00
4.334739,921.2973,658.00
4.334739,921.3450,671.00
4.334739,921.3928,607.00
4.334739,921.4405,652.00
4.334739,921.4882,565.00
4.334739,921.5359,667.00
4.334739,921.5837,641.00
4.334739,921.6315,635.00
4.334739,921.6791,616.00
4.334739,921.7269,660.00
4.334739,921.7746,605.00
4.334739,921.8223,624.00
4.334739,921.8700,599.00
4.334739,921.9177,678.00
4.334739,921.9653,616.00
4.334739,922.0130,664.00
4.334739,922.0607,642.00
4.334739,922.1084,673.00
4.334739,922.1561,611.00
4.334739,922.2037,662.00
4.334739,922.2513,622.00
4.334739,922.2990,683.00
4.334739,922.3467,630.00
4.334739,922.3943,669.00
4.334739,922.4419,583.00
4.334739,922.4895,681.00
4.334739,922.5371,637.00
4.334739,922.5848,663.00
4.334739,922.6324,614.00
4.334739,922.6800,673.00
4.334739,922.7276,620.00
4.334739,922.7752,678.00
4.334739,922.8228,649.00
4.334739,922.8704,675.00
4.334739,922.9179,648.00
4.334739,922.9655,676.00
4.334739,923.0130,631.00
4.334739,923.0607,684.00
4.334739,923.1082,619.00
4.334739,923.1558,674.00
4.334739,923.2032,620.00
4.334739,923.2508,635.00
4.334739,923.2983,620.00
4.334739,923.3459,651.00
4.334739,923.3934,643.00
4.334739,923.4409,656.00
4.334739,923.4884,619.00
4.334739,923.5359,676.00
4.334739,923.5834,619.00
4.334739,923.6309,655.00
4.334739,923.6784,632.00
4.334739,923.7259,667.00
4.334739,923.7734,640.00
4.334739,923.8209,627.00
4.334739,923.8683,615.00
4.334739,923.9158,652.00
4.334739,923.9632,629.00
4.334739,924.0106,686.00
4.334739,924.0581,615.00
4.334739,924.1056,631.00
4.334739,924.1530,632.00
4.334739,924.2004,654.00
4.334739,924.2479,631.00
4.334739,924.2952,631.00
4.334739,924.3427,573.00
4.334739,924.3901,684.00
4.334739,924.4375,627.00
4.334739,924.4849,675.00
4.334739,924.5323,643.00
4.334739,924.5797,632.00
4.334739,924.6270,648.00
4.334739,924.6744,679.00
4.334739,924.7218,599.00
4.334739,924.7692,671.00
4.334739,924.8165,604.00
4.334739,924.8639,664.00
4.334739,924.9112,631.00
4.334739,924.9585,687.00
4.334739,925.0059,661.00
4.334739,925.0532,626.00
4.334739,925.1005,624.00
4.334739,925.1478,689.00
4.334739,925.1952,625.00
4.334739,925.2424,666.00
4.334739,925.2897,631.00
4.334739,925.3370,704.00
4.334739,925.3843,668.00
4.334739,925.4316,696.00
4.334739,925.4789,615.00
4.334739,925.5262,669.00
4.334739,925.5734,616.00
4.334739,925.6207,676.00
4.334739,925.6680,644.00
4.334739,925.7153,683.00
4.334739,925.7625,676.00
4.334739,925.8097,632.00
4.334739,925.8569,640.00
4.334739,925.9042,660.00
4.334739,925.9514,619.00
4.334739,925.9987,668.00
4.334739,926.0458,606.00
4.334739,926.0930,682.00
4.334739,926.1403,612.00
4.334739,926.1874,671.00
4.334739,926.2346,648.00
4.334739,926.2819,673.00
4.334739,926.3290,621.00
4.334739,926.3762,666.00
4.334739,926.4233,565.00
4.334739,926.4705,692.00
4.334739,926.5177,684.00
4.334739,926.5648,678.00
4.334739,926.6120,667.00
4.334739,926.6591,692.00
4.334739,926.7063,642.00
4.334739,926.7534,656.00
4.334739,926.8005,603.00
4.334739,926.8477,663.00
4.334739,926.8947,636.00
4.334739,926.9418,699.00
4.334739,926.9890,684.00
4.334739,927.0361,663.00
4.334739,927.0831,649.00
4.334739,927.1302,690.00
4.334739,927.1773,615.00
4.334739,927.2244,718.00
4.334739,927.2715,633.00
4.334739,927.3185,662.00
4.334739,927.3656,657.00
4.334739,927.4126,685.00
4.334739,927.4597,715.00
4.334739,927.5067,674.00
4.334739,927.5538,649.00
4.334739,927.6008,688.00
4.334739,927.6478,656.00
4.334739,927.6949,711.00
4.334739,927.7419,687.00
4.334739,927.7888,680.00
4.334739,927.8358,692.00
4.334739,927.8829,718.00
4.334739,927.9299,663.00
4.334739,927.9769,711.00
4.334739,928.0239,652.00
4.334739,928.0708,708.00
4.334739,928.1177,641.00
4.334739,928.1648,705.00
4.334739,928.2117,671.00
4.334739,928.2587,700.00
4.334739,928.3056,656.00
4.334739,928.3525,678.00
4.334739,928.3995,640.00
4.334739,928.4465,683.00
4.334739,928.4934,662.00
4.334739,928.5402,712.00
4.334739,928.5872,663.00
4.334739,928.6340,744.00
4.334739,928.6810,661.00
4.334739,928.7279,669.00
4.334739,928.7748,672.00
4.334739,928.8217,687.00
4.334739,928.8685,636.00
4.334739,928.9155,666.00
4.334739,928.9623,640.00
4.334739,929.0092,700.00
4.334739,929.0560,653.00
4.334739,929.1028,652.00
4.334739,929.1498,633.00
4.334739,929.1965,682.00
4.334739,929.2434,664.00
4.334739,929.2902,690.00
4.334739,929.3370,626.00
4.334739,929.3839,710.00
4.334739,929.4307,667.00
4.334739,929.4775,664.00
4.334739,929.5243,659.00
4.334739,929.5710,667.00
4.334739,929.6179,651.00
4.334739,929.6647,677.00
4.334739,929.7115,606.00
4.334739,929.7582,685.00
4.334739,929.8050,635.00
4.334739,929.8517,701.00
4.334739,929.8986,646.00
4.334739,929.9453,681.00
4.334739,929.9921,656.00
4.334739,930.0388,703.00
4.334739,930.0854,628.00
4.334739,930.1323,703.00
4.334739,930.1790,622.00
4.334739,930.2256,688.00
4.334739,930.2724,695.00
4.334739,930.3191,668.00
4.334739,930.3658,667.00
4.334739,930.4125,685.00
4.334739,930.4592,610.00
4.334739,930.5059,689.00
4.334739,930.5526,598.00
4.334739,930.5993,679.00
4.334739,930.6459,636.00
4.334739,930.6926,697.00
4.334739,930.7392,658.00
4.334739,930.7859,697.00
4.334739,930.8325,617.00
4.334739,930.8792,688.00
4.334739,930.9258,652.00
4.334739,930.9725,681.00
4.334739,931.0190,662.00
4.334739,931.0657,698.00
4.334739,931.1123,686.00
4.334739,931.1589,644.00
4.334739,931.2055,622.00
4.334739,931.2521,659.00
4.334739,931.2987,623.00
4.334739,931.3453,665.00
4.334739,931.3919,664.00
4.334739,931.4385,693.00
4.334739,931.4850,673.00
4.334739,931.5316,665.00
4.334739,931.5782,624.00
4.334739,931.6248,646.00
4.334739,931.6713,630.00
4.334739,931.7178,712.00
4.334739,931.7643,646.00
4.334739,931.8109,686.00
4.334739,931.8574,687.00
4.334739,931.9039,657.00
4.334739,931.9504,662.00
4.334739,931.9969,683.00
4.334739,932.0435,637.00
4.334739,932.0900,689.00
4.334739,932.1365,628.00
4.334739,932.1829,689.00
4.334739,932.2294,651.00
4.334739,932.2759,690.00
4.334739,932.3223,644.00
4.334739,932.3688,648.00
4.334739,932.4153,656.00
4.334739,932.4617,717.00
4.334739,932.5082,619.00
4.334739,932.5546,702.00
4.334739,932.6011,638.00
4.334739,932.6475,716.00
4.334739,932.6939,676.00
4.334739,932.7402,687.00
4.334739,932.7867,671.00
4.334739,932.8331,711.00
4.334739,932.8795,596.00
4.334739,932.9259,716.00
4.334739,932.9723,623.00
4.334739,933.0187,703.00
4.334739,933.0651,663.00
4.334739,933.1115,664.00
4.334739,933.1578,684.00
4.334739,933.2042,655.00
4.334739,933.2505,653.00
4.334739,933.2969,693.00
4.334739,933.3433,678.00
4.334739,933.3896,724.00
4.334739,933.4359,657.00
4.334739,933.4822,698.00
4.334739,933.5286,656.00
4.334739,933.5749,657.00
4.334739,933.6212,668.00
4.334739,933.6675,684.00
4.334739,933.7138,641.00
4.334739,933.7601,718.00
4.334739,933.8064,668.00
4.334739,933.8527,688.00
4.334739,933.8989,636.00
4.334739,933.9452,692.00
4.334739,933.9915,683.00
4.334739,934.0378,656.00
4.334739,934.0840,656.00
4.334739,934.1302,756.00
4.334739,934.1765,632.00
4.334739,934.2227,727.00
4.334739,934.2690,698.00
4.334739,934.3152,718.00
4.334739,934.3614,686.00
4.334739,934.4077,686.00
4.334739,934.4539,655.00
4.334739,934.5001,719.00
4.334739,934.5463,623.00
4.334739,934.5925,739.00
4.334739,934.6387,697.00
4.334739,934.6848,715.00
4.334739,934.7310,659.00
4.334739,934.7772,721.00
4.334739,934.8234,639.00
4.334739,934.8695,694.00
4.334739,934.9156,633.00
4.334739,934.9619,703.00
4.334739,935.0080,668.00
4.334739,935.0541,723.00
4.334739,935.1002,683.00
4.334739,935.1464,684.00
4.334739,935.1925,639.00
4.334739,935.2386,700.00
4.334739,935.2847,661.00
4.334739,935.3308,705.00
4.334739,935.3769,666.00
4.334739,935.4230,723.00
4.334739,935.4691,658.00
4.334739,935.5152,690.00
4.334739,935.5613,670.00
4.334739,935.6073,719.00
4.334739,935.6534,629.00
4.334739,935.6995,695.00
4.334739,935.7455,655.00
4.334739,935.7916,739.00
4.334739,935.8376,671.00
4.334739,935.8837,698.00
4.334739,935.9297,631.00
4.334739,935.9757,671.00
4.334739,936.0217,673.00
4.334739,936.0677,689.00
4.334739,936.1137,627.00
4.334739,936.1598,683.00
4.334739,936.2057,643.00
4.334739,936.2518,692.00
4.334739,936.2977,666.00
4.334739,936.3437,705.00
4.334739,936.3896,617.00
4.334739,936.4357,701.00
4.334739,936.4816,604.00
4.334739,936.5275,711.00
4.334739,936.5735,630.00
4.334739,936.6194,674.00
4.334739,936.6654,652.00
4.334739,936.7114,626.00
4.334739,936.7573,639.00
4.334739,936.8032,637.00
4.334739,936.8491,571.00
4.334739,936.8950,650.00
4.334739,936.9409,595.00
4.334739,936.9868,699.00
4.334739,937.0327,608.00
4.334739,937.0786,713.00
4.334739,937.1245,635.00
4.334739,937.1704,653.00
4.334739,937.2162,625.00
4.334739,937.2621,680.00
4.334739,937.3080,574.00
4.334739,937.3539,649.00
4.334739,937.3997,610.00
4.334739,937.4455,656.00
4.334739,937.4913,622.00
4.334739,937.5372,661.00
4.334739,937.5831,624.00
4.334739,937.6289,633.00
4.334739,937.6747,616.00
4.334739,937.7205,695.00
4.334739,937.7663,594.00
4.334739,937.8121,686.00
4.334739,937.8579,638.00
4.334739,937.9037,646.00
4.334739,937.9495,641.00
4.334739,937.9952,663.00
4.334739,938.0410,633.00
4.334739,938.0868,661.00
4.334739,938.1325,603.00
4.334739,938.1783,690.00
4.334739,938.2240,611.00
4.334739,938.2698,668.00
4.334739,938.3155,628.00
4.334739,938.3613,651.00
4.334739,938.4069,601.00
4.334739,938.4527,629.00
4.334739,938.4984,600.00
4.334739,938.5441,680.00
4.334739,938.5898,639.00
4.334739,938.6356,676.00
4.334739,938.6812,650.00
4.334739,938.7269,672.00
4.334739,938.7726,632.00
4.334739,938.8182,661.00
4.334739,938.8640,646.00
4.334739,938.9096,679.00
4.334739,938.9552,628.00
4.334739,939.0010,674.00
4.334739,939.0466,668.00
4.334739,939.0922,683.00
4.334739,939.1378,691.00
4.334739,939.1835,696.00
4.334739,939.2291,621.00
4.334739,939.2747,688.00
4.334739,939.3203,617.00
4.334739,939.3659,695.00
4.334739,939.4115,654.00
4.334739,939.4570,694.00
4.334739,939.5027,700.00
4.334739,939.5483,702.00
4.334739,939.5939,657.00
4.334739,939.6395,687.00
4.334739,939.6851,641.00
4.334739,939.7306,696.00
4.334739,939.7761,651.00
4.334739,939.8217,724.00
4.334739,939.8672,673.00
4.334739,939.9127,680.00
4.334739,939.9583,658.00
4.334739,940.0038,707.00
4.334739,940.0493,676.00
4.334739,940.0948,736.00
4.334739,940.1403,650.00
4.334739,940.1859,763.00
4.334739,940.2314,669.00
4.334739,940.2769,696.00
4.334739,940.3223,654.00
4.334739,940.3678,693.00
4.334739,940.4133,653.00
4.334739,940.4588,680.00
4.334739,940.5042,660.00
4.334739,940.5497,715.00
4.334739,940.5952,656.00
4.334739,940.6406,708.00
4.334739,940.6860,680.00
4.334739,940.7315,694.00
4.334739,940.7769,671.00
4.334739,940.8223,710.00
4.334739,940.8677,650.00
4.334739,940.9132,696.00
4.334739,940.9586,665.00
4.334739,941.0040,721.00
4.334739,941.0494,671.00
4.334739,941.0948,701.00
4.334739,941.1402,678.00
4.334739,941.1855,684.00
4.334739,941.2310,638.00
4.334739,941.2762,729.00
4.334739,941.3216,654.00
4.334739,941.3670,747.00
4.334739,941.4124,658.00
4.334739,941.4577,665.00
4.334739,941.5031,670.00
4.334739,941.5483,701.00
4.334739,941.5937,663.00
4.334739,941.6390,723.00
4.334739,941.6843,632.00
4.334739,941.7296,709.00
4.334739,941.7749,644.00
4.334739,941.8203,681.00
4.334739,941.8655,695.00
4.334739,941.9108,672.00
4.334739,941.9561,676.00
4.334739,942.0013,676.00
4.334739,942.0467,660.00
4.334739,942.0920,715.00
4.334739,942.1372,700.00
4.334739,942.1824,700.00
4.334739,942.2277,680.00
4.334739,942.2729,696.00
4.334739,942.3182,625.00
4.334739,942.3634,698.00
4.334739,942.4086,680.00
4.334739,942.4539,676.00
4.334739,942.4990,626.00
4.334739,942.5443,708.00
4.334739,942.5895,661.00
4.334739,942.6347,706.00
4.334739,942.6798,638.00
4.334739,942.7250,657.00
4.334739,942.7702,668.00
4.334739,942.8154,694.00
4.334739,942.8606,629.00
4.334739,942.9058,727.00
4.334739,942.9508,646.00
4.334739,942.9960,692.00
4.334739,943.0412,667.00
4.334739,943.0864,688.00
4.334739,943.1314,623.00
4.334739,943.1766,711.00
4.334739,943.2217,664.00
4.334739,943.2668,703.00
4.334739,943.3120,642.00
4.334739,943.3571,741.00
4.334739,943.4021,675.00
4.334739,943.4473,730.00
4.334739,943.4923,659.00
4.334739,943.5374,671.00
4.334739,943.5825,658.00
4.334739,943.6276,687.00
4.334739,943.6725,633.00
4.334739,943.7177,707.00
4.334739,943.7627,677.00
4.334739,943.8078,679.00
4.334739,943.8528,643.00
4.334739,943.8978,688.00
4.334739,943.9429,647.00
4.334739,943.9879,682.00
4.334739,944.0330,663.00
4.334739,944.0779,701.00
4.334739,944.1229,676.00
4.334739,944.1679,699.00
4.334739,944.2130,699.00
4.334739,944.2579,711.00
4.334739,944.3029,658.00
4.334739,944.3478,654.00
4.334739,944.3929,639.00
4.334739,944.4379,723.00
4.334739,944.4828,673.00
4.334739,944.5277,715.00
4.334739,944.5727,675.00
4.334739,944.6176,691.00
4.334739,944.6626,661.00
4.334739,944.7076,694.00
4.334739,944.7524,661.00
4.334739,944.7974,717.00
4.334739,944.8423,671.00
4.334739,944.8872,718.00
4.334739,944.9321,699.00
4.334739,944.9770,718.00
4.334739,945.0219,680.00
4.334739,945.0667,693.00
4.334739,945.1116,637.00
4.334739,945.1566,691.00
4.334739,945.2014,637.00
4.334739,945.2463,716.00
4.334739,945.2911,642.00
4.334739,945.3360,742.00
4.334739,945.3808,691.00
4.334739,945.4257,698.00
4.334739,945.4705,652.00
4.334739,945.5153,683.00
4.334739,945.5601,623.00
4.334739,945.6050,737.00
4.334739,945.6498,681.00
4.334739,945.6946,686.00
4.334739,945.7394,689.00
4.334739,945.7842,687.00
4.334739,945.8290,658.00
4.334739,945.8738,712.00
4.334739,945.9186,665.00
4.334739,945.9633,706.00
4.334739,946.0081,645.00
4.334739,946.0529,697.00
4.334739,946.0976,660.00
4.334739,946.1423,672.00
4.334739,946.1871,659.00
4.334739,946.2318,710.00
4.334739,946.2766,630.00
4.334739,946.3213,672.00
4.334739,946.3660,632.00
4.334739,946.4107,663.00
4.334739,946.4554,681.00
4.334739,946.5001,691.00
4.334739,946.5449,690.00
4.334739,946.5895,670.00
4.334739,946.6342,677.00
4.334739,946.6789,698.00
4.334739,946.7236,611.00
4.334739,946.7682,709.00
4.334739,946.8129,639.00
4.334739,946.8575,726.00
4.334739,946.9022,653.00
4.334739,946.9468,695.00
4.334739,946.9915,678.00
4.334739,947.0361,683.00
4.334739,947.0807,645.00
4.334739,947.1253,694.00
4.334739,947.1700,617.00
4.334739,947.2146,705.00
4.334739,947.2592,633.00
4.334739,947.3038,688.00
4.334739,947.3483,657.00
4.334739,947.3929,674.00
4.334739,947.4376,638.00
4.334739,947.4821,676.00
4.334739,947.5267,614.00
4.334739,947.5712,704.00
4.334739,947.6158,649.00
4.334739,947.6604,663.00
4.334739,947.7050,674.00
4.334739,947.7495,655.00
4.334739,947.7939,646.00
4.334739,947.8385,702.00
4.334739,947.8831,607.00
4.334739,947.9276,699.00
4.334739,947.9720,655.00
4.334739,948.0166,677.00
4.334739,948.0611,633.00
4.334739,948.1056,663.00
4.334739,948.1501,633.00
4.334739,948.1945,667.00
4.334739,948.2390,632.00
4.334739,948.2835,678.00
4.334739,948.3279,627.00
4.334739,948.3724,680.00
4.334739,948.4169,649.00
4.334739,948.4613,682.00
4.334739,948.5057,647.00
4.334739,948.5502,637.00
4.334739,948.5947,594.00
4.334739,948.6391,706.00
4.334739,948.6835,641.00
4.334739,948.7279,705.00
4.334739,948.7723,674.00
4.334739,948.8167,671.00
4.334739,948.8611,623.00
4.334739,948.9055,658.00
4.334739,948.9498,642.00
4.334739,948.9943,665.00
4.334739,949.0387,629.00
4.334739,949.0830,671.00
4.334739,949.1273,631.00
4.334739,949.1718,693.00
4.334739,949.2161,632.00
4.334739,949.2604,656.00
4.334739,949.3047,623.00
4.334739,949.3491,643.00
4.334739,949.3934,604.00
4.334739,949.4377,666.00
4.334739,949.4821,616.00
4.334739,949.5264,695.00
4.334739,949.5707,615.00
4.334739,949.6150,662.00
4.334739,949.6592,631.00
4.334739,949.7036,672.00
4.334739,949.7479,635.00
4.334739,949.7921,697.00
4.334739,949.8363,617.00
4.334739,949.8806,675.00
4.334739,949.9249,646.00
4.334739,949.9692,677.00
4.334739,950.0134,644.00
4.334739,950.0576,666.00
4.334739,950.1019,637.00
4.334739,950.1461,671.00
4.334739,950.1903,620.00
4.334739,950.2346,700.00
4.334739,950.2787,637.00
4.334739,950.3229,696.00
4.334739,950.3671,635.00
4.334739,950.4114,682.00
4.334739,950.4555,664.00
4.334739,950.4997,684.00
4.334739,950.5439,646.00
4.334739,950.5880,725.00
4.334739,950.6322,619.00
4.334739,950.6763,668.00
4.334739,950.7205,662.00
4.334739,950.7646,673.00
4.334739,950.8088,650.00
4.334739,950.8530,675.00
4.334739,950.8971,664.00
4.334739,950.9412,695.00
4.334739,950.9853,592.00
4.334739,951.0294,695.00
4.334739,951.0735,627.00
4.334739,951.1177,716.00
4.334739,951.1617,681.00
4.334739,951.2057,678.00
4.334739,951.2499,677.00
4.334739,951.2939,691.00
4.334739,951.3380,640.00
4.334739,951.3821,660.00
4.334739,951.4261,655.00
4.334739,951.4702,720.00
4.334739,951.5142,663.00
4.334739,951.5582,686.00
4.334739,951.6024,640.00
4.334739,951.6464,705.00
4.334739,951.6904,668.00
4.334739,951.7344,705.00
4.334739,951.7784,613.00
4.334739,951.8224,718.00
4.334739,951.8665,654.00
4.334739,951.9104,682.00
4.334739,951.9544,648.00
4.334739,951.9984,664.00
4.334739,952.0424,639.00
4.334739,952.0864,683.00
4.334739,952.1303,625.00
4.334739,952.1743,710.00
4.334739,952.2183,654.00
4.334739,952.2621,693.00
4.334739,952.3061,669.00
4.334739,952.3500,722.00
4.334739,952.3940,647.00
4.334739,952.4379,683.00
4.334739,952.4818,636.00
4.334739,952.5258,726.00
4.334739,952.5696,683.00
4.334739,952.6136,709.00
4.334739,952.6574,605.00
4.334739,952.7014,690.00
4.334739,952.7452,631.00
4.334739,952.7891,661.00
4.334739,952.8330,620.00
4.334739,952.8768,680.00
4.334739,952.9207,641.00
4.334739,952.9645,729.00
4.334739,953.0084,614.00
4.334739,953.0522,652.00
4.334739,953.0961,674.00
4.334739,953.1400,666.00
4.334739,953.1838,638.00
4.334739,953.2275,643.00
4.334739,953.2714,640.00
4.334739,953.3152,727.00
4.334739,953.3589,653.00
4.334739,953.4028,705.00
4.334739,953.4466,641.00
4.334739,953.4904,682.00
4.334739,953.5341,687.00
4.334739,953.5779,674.00
4.334739,953.6217,616.00
4.334739,953.6654,666.00
4.334739,953.7092,609.00
4.334739,953.7529,663.00
4.334739,953.7967,641.00
4.334739,953.8405,656.00
4.334739,953.8842,615.00
4.334739,953.9279,630.00
4.334739,953.9716,613.00
4.334739,954.0153,682.00
4.334739,954.0590,624.00
4.334739,954.1027,647.00
4.334739,954.1464,613.00
4.334739,954.1901,654.00
4.334739,954.2338,661.00
4.334739,954.2774,674.00
4.334739,954.3212,609.00
4.334739,954.3648,678.00
4.334739,954.4084,605.00
4.334739,954.4521,656.00
4.334739,954.4958,641.00
4.334739,954.5394,640.00
4.334739,954.5831,669.00
4.334739,954.6267,650.00
4.334739,954.6703,628.00
4.334739,954.7139,668.00
4.334739,954.7576,604.00
4.334739,954.8012,690.00
4.334739,954.8448,603.00
4.334739,954.8884,652.00
4.334739,954.9319,626.00
4.334739,954.9755,670.00
4.334739,955.0191,629.00
4.334739,955.0627,633.00
4.334739,955.1063,584.00
4.334739,955.1498,617.00
4.334739,955.1934,593.00
4.334739,955.2369,656.00
4.334739,955.2805,592.00
4.334739,955.3240,664.00
4.334739,955.3675,644.00
4.334739,955.4111,642.00
4.334739,955.4546,628.00
4.334739,955.4981,662.00
4.334739,955.5416,606.00
4.334739,955.5851,648.00
4.334739,955.6285,607.00
4.334739,955.6722,662.00
4.334739,955.7156,617.00
4.334739,955.7590,625.00
4.334739,955.8025,644.00
4.334739,955.8460,655.00
4.334739,955.8895,631.00
4.334739,955.9329,686.00
4.334739,955.9764,606.00
4.334739,956.0198,676.00
4.334739,956.0632,653.00
4.334739,956.1067,671.00
4.334739,956.1501,647.00
4.334739,956.1935,655.00
4.334739,956.2369,634.00
4.334739,956.2803,646.00
4.334739,956.3238,603.00
4.334739,956.3671,685.00
4.334739,956.4105,619.00
4.334739,956.4539,657.00
4.334739,956.4973,647.00
4.334739,956.5406,635.00
4.334739,956.5841,634.00
4.334739,956.6274,643.00
4.334739,956.6707,598.00
4.334739,956.7141,709.00
4.334739,956.7575,625.00
4.334739,956.8008,661.00
4.334739,956.8442,633.00
4.334739,956.8875,665.00
4.334739,956.9308,626.00
4.334739,956.9741,664.00
4.334739,957.0174,640.00
4.334739,957.0607,686.00
4.334739,957.1040,612.00
4.334739,957.1473,677.00
4.334739,957.1906,626.00
4.334739,957.2339,694.00
4.334739,957.2772,631.00
4.334739,957.3204,668.00
4.334739,957.3636,626.00
4.334739,957.4069,685.00
4.334739,957.4502,601.00
4.334739,957.4934,679.00
4.334739,957.5366,600.00
4.334739,957.5799,647.00
4.334739,957.6230,634.00
4.334739,957.6664,680.00
4.334739,957.7095,609.00
4.334739,957.7527,664.00
4.334739,957.7959,619.00
4.334739,957.8392,663.00
4.334739,957.8823,632.00
4.334739,957.9255,726.00
4.334739,957.9687,658.00
4.334739,958.0118,647.00
4.334739,958.0551,627.00
4.334739,958.0983,694.00
4.334739,958.1414,615.00
4.334739,958.1845,685.00
4.334739,958.2277,637.00
4.334739,958.2708,685.00
4.334739,958.3139,647.00
4.334739,958.3571,657.00
4.334739,958.4001,626.00
4.334739,958.4432,650.00
4.334739,958.4864,642.00
4.334739,958.5295,673.00
4.334739,958.5726,638.00
4.334739,958.6157,667.00
4.334739,958.6588,637.00
4.334739,958.7018,689.00
4.334739,958.7449,644.00
4.334739,958.7879,697.00
4.334739,958.8311,631.00
4.334739,958.8741,674.00
4.334739,958.9171,598.00
4.334739,958.9601,672.00
4.334739,959.0032,654.00
4.334739,959.0463,711.00
4.334739,959.0893,663.00
4.334739,959.1323,669.00
4.334739,959.1752,668.00
4.334739,959.2183,685.00
4.334739,959.2613,645.00
4.334739,959.3043,675.00
4.334739,959.3472,624.00
4.334739,959.3903,682.00
4.334739,959.4332,636.00
4.334739,959.4763,680.00
4.334739,959.5192,611.00
4.334739,959.5621,622.00
4.334739,959.6051,643.00
4.334739,959.6480,660.00
4.334739,959.6910,580.00
4.334739,959.7339,691.00
4.334739,959.7768,613.00
4.334739,959.8198,645.00
4.334739,959.8627,628.00
4.334739,959.9056,656.00
4.334739,959.9485,603.00
4.334739,959.9915,650.00
4.334739,960.0343,576.00
4.334739,960.0771,652.00
4.334739,960.1201,612.00
4.334739,960.1630,669.00
4.334739,960.2058,623.00
4.334739,960.2487,620.00
4.334739,960.2915,634.00
4.334739,960.3344,620.00
4.334739,960.3773,600.00
4.334739,960.4200,651.00
4.334739,960.4629,582.00
4.334739,960.5057,681.00
4.334739,960.5485,620.00
4.334739,960.5914,628.00
4.334739,960.6342,605.00
4.334739,960.6770,607.00
4.334739,960.7198,618.00
4.334739,960.7626,622.00
4.334739,960.8054,588.00
4.334739,960.8481,634.00
4.334739,960.8909,613.00
4.334739,960.9337,657.00
4.334739,960.9764,619.00
4.334739,961.0192,648.00
4.334739,961.0620,613.00
4.334739,961.1047,622.00
4.334739,961.1475,596.00
4.334739,961.1902,635.00
4.334739,961.2329,592.00
4.334739,961.2757,648.00
4.334739,961.3184,647.00
4.334739,961.3611,606.00
4.334739,961.4037,597.00
4.334739,961.4465,618.00
4.334739,961.4892,612.00
4.334739,961.5319,653.00
4.334739,961.5745,575.00
4.334739,961.6172,656.00
4.334739,961.6599,625.00
4.334739,961.7026,664.00
4.334739,961.7452,620.00
4.334739,961.7878,623.00
4.334739,961.8304,604.00
4.334739,961.8731,642.00
4.334739,961.9157,594.00
4.334739,961.9584,646.00
4.334739,962.0010,623.00
4.334739,962.0436,622.00
4.334739,962.0862,631.00
4.334739,962.1288,653.00
4.334739,962.1714,577.00
4.334739,962.2140,635.00
4.334739,962.2565,587.00
4.334739,962.2991,661.00
4.334739,962.3417,582.00
4.334739,962.3843,662.00
4.334739,962.4268,645.00
4.334739,962.4694,655.00
4.334739,962.5119,638.00
4.334739,962.5545,663.00
4.334739,962.5970,595.00
4.334739,962.6396,680.00
4.334739,962.6821,599.00
4.334739,962.7246,713.00
4.334739,962.7671,635.00
4.334739,962.8096,657.00
4.334739,962.8522,622.00
4.334739,962.8947,605.00
4.334739,962.9371,574.00
4.334739,962.9796,643.00
4.334739,963.0222,606.00
4.334739,963.0646,653.00
4.334739,963.1070,612.00
4.334739,963.1495,639.00
4.334739,963.1919,609.00
4.334739,963.2344,643.00
4.334739,963.2768,598.00
4.334739,963.3193,674.00
4.334739,963.3616,619.00
4.334739,963.4041,670.00
4.334739,963.4465,595.00
4.334739,963.4889,669.00
4.334739,963.5314,651.00
4.334739,963.5737,621.00
4.334739,963.6161,623.00
4.334739,963.6585,633.00
4.334739,963.7009,584.00
4.334739,963.7433,633.00
4.334739,963.7856,632.00
4.334739,963.8280,669.00
4.334739,963.8704,608.00
4.334739,963.9127,678.00
4.334739,963.9551,628.00
4.334739,963.9974,632.00
4.334739,964.0397,616.00
4.334739,964.0820,642.00
4.334739,964.1244,591.00
4.334739,964.1667,664.00
4.334739,964.2090,622.00
4.334739,964.2513,656.00
4.334739,964.2936,623.00
4.334739,964.3359,643.00
4.334739,964.3782,618.00
4.334739,964.4205,661.00
4.334739,964.4627,586.00
4.334739,964.5050,669.00
4.334739,964.5472,593.00
4.334739,964.5895,669.00
4.334739,964.6317,606.00
4.334739,964.6740,641.00
4.334739,964.7162,634.00
4.334739,964.7585,638.00
4.334739,964.8007,614.00
4.334739,964.8429,641.00
4.334739,964.8851,594.00
4.334739,964.9273,687.00
4.334739,964.9695,593.00
4.334739,965.0118,657.00
4.334739,965.0539,604.00
4.334739,965.0961,635.00
4.334739,965.1382,655.00
4.334739,965.1805,652.00
4.334739,965.2226,600.00
4.334739,965.2648,654.00
4.334739,965.3069,589.00
4.334739,965.3491,637.00
4.334739,965.3912,594.00
4.334739,965.4333,648.00
4.334739,965.4755,599.00
4.334739,965.5176,640.00
4.334739,965.5598,588.00
4.334739,965.6019,643.00
4.334739,965.6439,592.00
4.334739,965.6861,671.00
4.334739,965.7281,572.00
4.334739,965.7702,620.00
4.334739,965.8123,591.00
4.334739,965.8543,646.00
4.334739,965.8964,619.00
4.334739,965.9385,644.00
4.334739,965.9806,608.00
4.334739,966.0226,653.00
4.334739,966.0647,585.00
4.334739,966.1068,611.00
4.334739,966.1487,588.00
4.334739,966.1907,614.00
4.334739,966.2328,594.00
4.334739,966.2748,614.00
4.334739,966.3168,607.00
4.334739,966.3588,614.00
4.334739,966.4008,565.00
4.334739,966.4427,641.00
4.334739,966.4848,595.00
4.334739,966.5268,627.00
4.334739,966.5688,635.00
4.334739,966.6107,648.00
4.334739,966.6526,588.00
4.334739,966.6946,651.00
4.334739,966.7366,583.00
4.334739,966.7785,649.00
4.334739,966.8204,640.00
4.334739,966.8624,636.00
4.334739,966.9042,629.00
4.334739,966.9462,629.00
4.334739,966.9881,578.00
4.334739,967.0300,640.00
4.334739,967.0719,574.00
4.334739,967.1138,656.00
4.334739,967.1556,598.00
4.334739,967.1976,641.00
4.334739,967.2394,630.00
4.334739,967.2813,619.00
4.334739,967.3232,588.00
4.334739,967.3651,645.00
4.334739,967.4070,566.00
4.334739,967.4488,673.00
4.334739,967.4906,597.00
4.334739,967.5324,672.00
4.334739,967.5743,648.00
4.334739,967.6161,619.00
4.334739,967.6579,608.00
4.334739,967.6997,662.00
4.334739,967.7415,588.00
4.334739,967.7833,664.00
4.334739,967.8251,583.00
4.334739,967.8669,670.00
4.334739,967.9087,641.00
4.334739,967.9504,646.00
4.334739,967.9922,640.00
4.334739,968.0339,669.00
4.334739,968.0757,605.00
4.334739,968.1174,652.00
4.334739,968.1592,573.00
4.334739,968.2009,650.00
4.334739,968.2427,602.00
4.334739,968.2844,640.00
4.334739,968.3262,678.00
4.334739,968.3679,606.00
4.334739,968.4095,595.00
4.334739,968.4512,653.00
4.334739,968.4930,598.00
4.334739,968.5347,681.00
4.334739,968.5763,651.00
4.334739,968.6180,677.00
4.334739,968.6597,608.00
4.334739,968.7014,655.00
4.334739,968.7430,638.00
4.334739,968.7846,665.00
4.334739,968.8263,574.00
4.334739,968.8679,670.00
4.334739,968.9095,613.00
4.334739,968.9512,687.00
4.334739,968.9928,624.00
4.334739,969.0344,631.00
4.334739,969.0761,635.00
4.334739,969.1177,644.00
4.334739,969.1592,605.00
4.334739,969.2009,638.00
4.334739,969.2424,603.00
4.334739,969.2839,651.00
4.334739,969.3255,616.00
4.334739,969.3672,648.00
4.334739,969.4087,619.00
4.334739,969.4503,657.00
4.334739,969.4918,577.00
4.334739,969.5333,628.00
4.334739,969.5749,582.00
4.334739,969.6165,659.00
4.334739,969.6580,600.00
4.334739,969.6995,646.00
4.334739,969.7410,634.00
4.334739,969.7825,627.00
4.334739,969.8240,607.00
4.334739,969.8655,646.00
4.334739,969.9070,613.00
4.334739,969.9484,673.00
4.334739,969.9899,579.00
4.334739,970.0314,607.00
4.334739,970.0728,613.00
4.334739,970.1143,622.00
4.334739,970.1558,640.00
4.334739,970.1971,649.00
4.334739,970.2386,577.00
4.334739,970.2801,632.00
4.334739,970.3215,571.00
4.334739,970.3629,646.00
4.334739,970.4044,594.00
4.334739,970.4457,640.00
4.334739,970.4872,612.00
4.334739,970.5286,645.00
4.334739,970.5699,607.00
4.334739,970.6113,603.00
4.334739,970.6527,598.00
4.334739,970.6941,636.00
4.334739,970.7354,582.00
4.334739,970.7768,583.00
4.334739,970.8182,617.00
4.334739,970.8595,629.00
4.334739,970.9009,598.00
4.334739,970.9422,621.00
4.334739,970.9835,571.00
4.334739,971.0248,626.00
4.334739,971.0662,564.00
4.334739,971.1075,635.00
4.334739,971.1487,608.00
4.334739,971.1901,623.00
4.334739,971.2314,577.00
4.334739,971.2727,592.00
4.334739,971.3140,577.00
4.334739,971.3552,612.00
4.334739,971.3965,541.00
4.334739,971.4377,624.00
4.334739,971.4789,612.00
4.334739,971.5203,592.00
4.334739,971.5615,608.00
4.334739,971.6027,608.00
4.334739,971.6439,602.00
4.334739,971.6852,598.00
4.334739,971.7264,578.00
4.334739,971.7676,652.00
4.334739,971.8088,582.00
4.334739,971.8500,655.00
4.334739,971.8912,585.00
4.334739,971.9324,607.00
4.334739,971.9736,610.00
4.334739,972.0148,623.00
4.334739,972.0560,613.00
4.334739,972.0972,652.00
4.334739,972.1384,585.00
4.334739,972.1794,647.00
4.334739,972.2206,581.00
4.334739,972.2617,586.00
4.334739,972.3029,602.00
4.334739,972.3439,562.00
4.334739,972.3851,563.00
4.334739,972.4262,610.00
4.334739,972.4673,507.00
4.334739,972.5085,651.00
4.334739,972.5496,557.00
4.334739,972.5907,593.00
4.334739,972.6317,585.00
4.334739,972.6729,601.00
4.334739,972.7139,571.00
4.334739,972.7549,606.00
4.334739,972.7961,558.00
4.334739,972.8371,586.00
4.334739,972.8781,578.00
4.334739,972.9191,641.00
4.334739,972.9602,589.00
4.334739,973.0013,601.00
4.334739,973.0423,593.00
4.334739,973.0833,569.00
4.334739,973.1243,534.00
4.334739,973.1653,604.00
4.334739,973.2064,550.00
4.334739,973.2473,648.00
4.334739,973.2883,586.00
4.334739,973.3293,611.00
4.334739,973.3703,562.00
4.334739,973.4113,619.00
4.334739,973.4522,572.00
4.334739,973.4931,641.00
4.334739,973.5341,569.00
4.334739,973.5750,627.00
4.334739,973.6160,573.00
4.334739,973.6570,620.00
4.334739,973.6978,608.00
4.334739,973.7388,594.00
4.334739,973.7797,575.00
4.334739,973.8206,624.00
4.334739,973.8615,564.00
4.334739,973.9024,612.00
4.334739,973.9433,571.00
4.334739,973.9842,667.00
4.334739,974.0250,584.00
4.334739,974.0660,610.00
4.334739,974.1068,604.00
4.334739,974.1476,613.00
4.334739,974.1885,577.00
4.334739,974.2294,618.00
4.334739,974.2702,585.00
4.334739,974.3110,650.00
4.334739,974.3519,612.00
4.334739,974.3927,644.00
4.334739,974.4335,629.00
4.334739,974.4743,624.00
4.334739,974.5151,631.00
4.334739,974.5559,618.00
4.334739,974.5967,588.00
4.334739,974.6375,676.00
4.334739,974.6783,604.00
4.334739,974.7191,667.00
4.334739,974.7598,633.00
4.334739,974.8006,652.00
4.334739,974.8413,604.00
4.334739,974.8821,648.00
4.334739,974.9229,627.00
4.334739,974.9636,650.00
4.334739,975.0043,604.00
4.334739,975.0450,654.00
4.334739,975.0858,608.00
4.334739,975.1265,637.00
4.334739,975.1672,627.00
4.334739,975.2079,648.00
4.334739,975.2485,605.00
4.334739,975.2892,646.00
4.334739,975.3300,604.00
4.334739,975.3706,675.00
4.334739,975.4113,644.00
4.334739,975.4519,676.00
4.334739,975.4926,627.00
4.334739,975.5333,636.00
4.334739,975.5739,621.00
4.334739,975.6146,644.00
4.334739,975.6552,598.00
4.334739,975.6958,667.00
4.334739,975.7363,620.00
4.334739,975.7770,634.00
4.334739,975.8176,612.00
4.334739,975.8582,661.00
4.334739,975.8989,643.00
4.334739,975.9395,646.00
4.334739,975.9800,601.00
4.334739,976.0206,650.00
4.334739,976.0611,610.00
4.334739,976.1017,703.00
4.334739,976.1423,627.00
4.334739,976.1829,646.00
4.334739,976.2234,607.00
4.334739,976.2639,641.00
4.334739,976.3044,589.00
4.334739,976.3450,627.00
4.334739,976.3855,571.00
4.334739,976.4260,647.00
4.334739,976.4665,650.00
4.334739,976.5070,632.00
4.334739,976.5475,625.00
4.334739,976.5880,657.00
4.334739,976.6285,575.00
4.334739,976.6690,663.00
4.334739,976.7095,564.00
4.334739,976.7500,662.00
4.334739,976.7905,610.00
4.334739,976.8308,693.00
4.334739,976.8713,603.00
4.334739,976.9117,634.00
4.334739,976.9521,599.00
4.334739,976.9926,621.00
4.334739,977.0330,610.00
4.334739,977.0734,655.00
4.334739,977.1139,595.00
4.334739,977.1542,649.00
4.334739,977.1947,592.00
4.334739,977.2350,647.00
4.334739,977.2755,613.00
4.334739,977.3158,625.00
4.334739,977.3562,546.00
4.334739,977.3965,648.00
4.334739,977.4370,585.00
4.334739,977.4773,648.00
4.334739,977.5176,596.00
4.334739,977.5579,617.00
4.334739,977.5983,582.00
4.334739,977.6387,642.00
4.334739,977.6790,570.00
4.334739,977.7192,610.00
4.334739,977.7595,590.00
4.334739,977.7999,655.00
4.334739,977.8402,609.00
4.334739,977.8805,633.00
4.334739,977.9208,571.00
4.334739,977.9610,619.00
4.334739,978.0013,573.00
4.334739,978.0417,604.00
4.334739,978.0819,536.00
4.334739,978.1221,631.00
4.334739,978.1624,567.00
4.334739,978.2026,582.00
4.334739,978.2428,546.00
4.334739,978.2831,598.00
4.334739,978.3233,599.00
4.334739,978.3635,577.00
4.334739,978.4037,543.00
4.334739,978.4440,611.00
4.334739,978.4842,557.00
4.334739,978.5244,605.00
4.334739,978.5645,584.00
4.334739,978.6047,563.00
4.334739,978.6449,539.00
4.334739,978.6851,598.00
4.334739,978.7253,580.00
4.334739,978.7654,584.00
4.334739,978.8055,543.00
4.334739,978.8458,605.00
4.334739,978.8859,551.00
4.334739,978.9260,604.00
4.334739,978.9661,564.00
4.334739,979.0062,581.00
4.334739,979.0463,564.00
4.334739,979.0864,601.00
4.334739,979.1266,526.00
4.334739,979.1666,598.00
4.334739,979.2067,550.00
4.334739,979.2469,600.00
4.334739,979.2869,578.00
4.334739,979.3270,595.00
4.334739,979.3671,583.00
4.334739,979.4071,577.00
4.334739,979.4471,528.00
4.334739,979.4871,621.00
4.334739,979.5272,537.00
4.334739,979.5673,617.00
4.334739,979.6072,584.00
4.334739,979.6473,624.00
4.334739,979.6873,570.00
4.334739,979.7273,590.00
4.334739,979.7673,548.00
4.334739,979.8073,604.00
4.334739,979.8473,546.00
4.334739,979.8873,609.00
4.334739,979.9273,563.00
4.334739,979.9673,626.00
4.334739,980.0072,572.00
4.334739,980.0471,573.00
4.334739,980.0872,584.00
4.334739,980.1271,581.00
4.334739,980.1671,583.00
4.334739,980.2069,618.00
4.334739,980.2469,536.00
4.334739,980.2868,632.00
4.334739,980.3267,552.00
4.334739,980.3666,653.00
4.334739,980.4065,595.00
4.334739,980.4464,590.00
4.334739,980.4863,546.00
4.334739,980.5262,590.00
4.334739,980.5660,528.00
4.334739,980.6060,621.00
4.334739,980.6458,559.00
4.334739,980.6857,633.00
4.334739,980.7255,607.00
4.334739,980.7654,594.00
4.334739,980.8052,572.00
4.334739,980.8450,603.00
4.334739,980.8849,554.00
4.334739,980.9247,597.00
4.334739,980.9645,557.00
4.334739,981.0043,610.00
4.334739,981.0441,609.00
4.334739,981.0839,609.00
4.334739,981.1237,574.00
4.334739,981.1635,596.00
4.334739,981.2033,525.00
4.334739,981.2430,618.00
4.334739,981.2828,540.00
4.334739,981.3226,613.00
4.334739,981.3624,548.00
4.334739,981.4021,590.00
4.334739,981.4418,553.00
4.334739,981.4816,580.00
4.334739,981.5213,554.00
4.334739,981.5610,610.00
4.334739,981.6008,549.00
4.334739,981.6404,610.00
4.334739,981.6802,542.00
4.334739,981.7198,583.00
4.334739,981.7596,587.00
4.334739,981.7993,578.00
4.334739,981.8389,557.00
4.334739,981.8786,539.00
4.334739,981.9182,535.00
4.334739,981.9579,603.00
4.334739,981.9976,563.00
4.334739,982.0372,586.00
4.334739,982.0768,523.00
4.334739,982.1165,559.00
4.334739,982.1561,535.00
4.334739,982.1958,551.00
4.334739,982.2354,465.00
4.334739,982.2750,577.00
4.334739,982.3146,515.00
4.334739,982.3541,579.00
4.334739,982.3937,559.00
4.334739,982.4333,584.00
4.334739,982.4730,566.00
4.334739,982.5125,571.00
4.334739,982.5521,539.00
4.334739,982.5917,561.00
4.334739,982.6312,506.00
4.334739,982.6707,595.00
4.334739,982.7103,557.00
4.334739,982.7498,607.00
4.334739,982.7893,530.00
4.334739,982.8289,529.00
4.334739,982.8683,507.00
4.334739,982.9079,558.00
4.334739,982.9474,499.00
4.334739,982.9869,579.00
4.334739,983.0264,510.00
4.334739,983.0659,567.00
4.334739,983.1053,553.00
4.334739,983.1448,557.00
4.334739,983.1843,539.00
4.334739,983.2238,597.00
4.334739,983.2632,537.00
4.334739,983.3027,568.00
4.334739,983.3420,558.00
4.334739,983.3816,563.00
4.334739,983.4210,568.00
4.334739,983.4604,552.00
4.334739,983.4998,546.00
4.334739,983.5392,551.00
4.334739,983.5786,523.00
4.334739,983.6180,554.00
4.334739,983.6574,514.00
4.334739,983.6968,587.00
4.334739,983.7361,547.00
4.334739,983.7755,563.00
4.334739,983.8149,517.00
4.334739,983.8543,567.00
4.334739,983.8936,515.00
4.334739,983.9329,579.00
4.334739,983.9723,497.00
4.334739,984.0116,576.00
4.334739,984.0510,531.00
4.334739,984.0903,607.00
4.334739,984.1296,563.00
4.334739,984.1689,580.00
4.334739,984.2083,584.00
4.334739,984.2476,581.00
4.334739,984.2868,539.00
4.334739,984.3261,589.00
4.334739,984.3654,526.00
4.334739,984.4046,596.00
4.334739,984.4440,532.00
4.334739,984.4832,579.00
4.334739,984.5225,554.00
4.334739,984.5616,543.00
4.334739,984.6010,514.00
4.334739,984.6402,538.00
4.334739,984.6794,489.00
4.334739,984.7186,591.00
4.334739,984.7578,563.00
4.334739,984.7970,593.00
4.334739,984.8362,565.00
4.334739,984.8755,556.00
4.334739,984.9146,555.00
4.334739,984.9538,573.00
4.334739,984.9930,516.00
4.334739,985.0322,592.00
4.334739,985.0714,528.00
4.334739,985.1105,553.00
4.334739,985.1497,536.00
4.334739,985.1888,562.00
4.334739,985.2279,536.00
4.334739,985.2671,552.00
4.334739,985.3062,534.00
4.334739,985.3453,566.00
4.334739,985.3845,509.00
4.334739,985.4236,572.00
4.334739,985.4626,530.00
4.334739,985.5017,599.00
4.334739,985.5408,577.00
4.334739,985.5799,574.00
4.334739,985.6190,526.00
4.334739,985.6581,595.00
4.334739,985.6971,525.00
4.334739,985.7362,588.00
4.334739,985.7752,553.00
4.334739,985.8143,579.00
4.334739,985.8533,527.00
4.334739,985.8924,564.00
4.334739,985.9314,542.00
4.334739,985.9704,574.00
4.334739,986.0094,519.00
4.334739,986.0484,605.00
4.334739,986.0875,526.00
4.334739,986.1265,599.00
4.334739,986.1655,539.00
4.334739,986.2044,529.00
4.334739,986.2434,546.00
4.334739,986.2823,561.00
4.334739,986.3214,507.00
4.334739,986.3603,561.00
4.334739,986.3992,478.00
4.334739,986.4382,551.00
4.334739,986.4771,538.00
4.334739,986.5161,581.00
4.334739,986.5550,584.00
4.334739,986.5939,577.00
4.334739,986.6329,521.00
4.334739,986.6718,553.00
4.334739,986.7106,496.00
4.334739,986.7495,562.00
4.334739,986.7884,550.00
4.334739,986.8273,574.00
4.334739,986.8661,528.00
4.334739,986.9050,576.00
4.334739,986.9438,531.00
4.334739,986.9828,535.00
4.334739,987.0216,501.00
4.334739,987.0605,596.00
4.334739,987.0993,518.00
4.334739,987.1381,581.00
4.334739,987.1769,549.00
4.334739,987.2158,536.00
4.334739,987.2546,536.00
4.334739,987.2934,583.00
4.334739,987.3322,476.00
4.334739,987.3710,552.00
4.334739,987.4097,496.00
4.334739,987.4486,560.00
4.334739,987.4873,511.00
4.334739,987.5261,554.00
4.334739,987.5649,514.00
4.334739,987.6036,516.00
4.334739,987.6423,508.00
4.334739,987.6812,557.00
4.334739,987.7198,497.00
4.334739,987.7586,565.00
4.334739,987.7972,530.00
4.334739,987.8361,564.00
4.334739,987.8748,506.00
4.334739,987.9135,548.00
4.334739,987.9521,510.00
4.334739,987.9908,543.00
4.334739,988.0295,482.00
4.334739,988.0681,545.00
4.334739,988.1069,490.00
4.334739,988.1456,553.00
4.334739,988.1842,531.00
4.334739,988.2228,539.00
4.334739,988.2615,532.00
4.334739,988.3002,543.00
4.334739,988.3388,472.00
4.334739,988.3774,545.00
4.334739,988.4160,493.00
4.334739,988.4546,568.00
4.334739,988.4933,517.00
4.334739,988.5319,548.00
4.334739,988.5704,510.00
4.334739,988.6090,474.00
4.334739,988.6476,460.00
4.334739,988.6862,538.00
4.334739,988.7248,476.00
4.334739,988.7634,589.00
4.334739,988.8019,513.00
4.334739,988.8405,530.00
4.334739,988.8790,521.00
4.334739,988.9176,540.00
4.334739,988.9561,506.00
4.334739,988.9946,532.00
4.334739,989.0332,525.00
4.334739,989.0717,522.00
4.334739,989.1102,482.00
4.334739,989.1487,539.00
4.334739,989.1871,504.00
4.334739,989.2256,534.00
4.334739,989.2641,549.00
4.334739,989.3027,503.00
4.334739,989.3411,499.00
4.334739,989.3795,542.00
4.334739,989.4180,477.00
4.334739,989.4565,564.00
4.334739,989.4949,487.00
4.334739,989.5334,515.00
4.334739,989.5718,529.00
4.334739,989.6102,498.00
4.334739,989.6486,488.00
4.334739,989.6871,529.00
4.334739,989.7255,507.00
4.334739,989.7639,530.00
4.334739,989.8022,511.00
4.334739,989.8407,530.00
4.334739,989.8791,506.00
4.334739,989.9174,543.00
4.334739,989.9558,493.00
4.334739,989.9941,561.00
4.334739,990.0325,477.00
4.334739,990.0709,571.00
4.334739,990.1093,513.00
4.334739,990.1475,580.00
4.334739,990.1859,538.00
4.334739,990.2242,552.00
4.334739,990.2626,489.00
4.334739,990.3008,532.00
4.334739,990.3391,478.00
4.334739,990.3774,553.00
4.334739,990.4157,498.00
4.334739,990.4540,550.00
4.334739,990.4924,492.00
4.334739,990.5306,555.00
4.334739,990.5688,526.00
4.334739,990.6071,541.00
4.334739,990.6454,489.00
4.334739,990.6837,534.00
4.334739,990.7219,499.00
4.334739,990.7601,579.00
4.334739,990.7983,528.00
4.334739,990.8365,580.00
4.334739,990.8748,545.00
4.334739,990.9130,553.00
4.334739,990.9512,527.00
4.334739,990.9893,558.00
4.334739,991.0276,510.00
4.334739,991.0658,562.00
4.334739,991.1039,498.00
4.334739,991.1421,545.00
4.334739,991.1802,549.00
4.334739,991.2184,547.00
4.334739,991.2565,517.00
4.334739,991.2947,547.00
4.334739,991.3329,482.00
4.334739,991.3710,530.00
4.334739,991.4091,499.00
4.334739,991.4473,590.00
4.334739,991.4854,577.00
4.334739,991.5234,551.00
4.334739,991.5616,553.00
4.334739,991.5997,557.00
4.334739,991.6378,529.00
4.334739,991.6758,596.00
4.334739,991.7139,509.00
4.334739,991.7520,578.00
4.334739,991.7900,484.00
4.334739,991.8282,572.00
4.334739,991.8661,524.00
4.334739,991.9042,546.00
4.334739,991.9422,523.00
4.334739,991.9803,564.00
4.334739,992.0182,476.00
4.334739,992.0563,582.00
4.334739,992.0944,499.00
4.334739,992.1323,589.00
4.334739,992.1703,554.00
4.334739,992.2084,560.00
4.334739,992.2463,519.00
4.334739,992.2844,539.00
4.334739,992.3223,528.00
4.334739,992.3602,563.00
4.334739,992.3982,520.00
4.334739,992.4362,587.00
4.334739,992.4741,561.00
4.334739,992.5120,602.00
4.334739,992.5500,543.00
4.334739,992.5879,512.00
4.334739,992.6259,539.00
4.334739,992.6638,566.00
4.334739,992.7017,501.00
4.334739,992.7396,565.00
4.334739,992.7775,568.00
4.334739,992.8154,607.00
4.334739,992.8533,569.00
4.334739,992.8912,538.00
4.334739,992.9290,532.00
4.334739,992.9669,582.00
4.334739,993.0048,539.00
4.334739,993.0426,588.00
4.334739,993.0804,545.00
4.334739,993.1183,594.00
4.334739,993.1561,539.00
4.334739,993.1940,555.00
4.334739,993.2318,552.00
4.334739,993.2696,580.00
4.334739,993.3074,497.00
4.334739,993.3452,585.00
4.334739,993.3830,523.00
4.334739,993.4208,578.00
4.334739,993.4586,542.00
4.334739,993.4963,574.00
4.334739,993.5341,534.00
4.334739,993.5719,517.00
4.334739,993.6096,529.00
4.334739,993.6474,561.00
4.334739,993.6851,483.00
4.334739,993.7228,549.00
4.334739,993.7606,568.00
4.334739,993.7984,536.00
4.334739,993.8361,514.00
4.334739,993.8738,575.00
4.334739,993.9115,528.00
4.334739,993.9492,554.00
4.334739,993.9869,504.00
4.334739,994.0245,573.00
4.334739,994.0622,509.00
4.334739,994.0999,592.00
4.334739,994.1376,529.00
4.334739,994.1753,538.00
4.334739,994.2130,552.00
4.334739,994.2505,552.00
4.334739,994.2881,504.00
4.334739,994.3258,586.00
4.334739,994.3634,507.00
4.334739,994.4010,588.00
4.334739,994.4387,496.00
4.334739,994.4763,556.00
4.334739,994.5139,545.00
4.334739,994.5515,515.00
4.334739,994.5891,522.00
4.334739,994.6266,532.00
4.334739,994.6642,460.00
4.334739,994.7018,548.00
4.334739,994.7393,523.00
4.334739,994.7769,547.00
4.334739,994.8145,504.00
4.334739,994.8521,558.00
4.334739,994.8895,516.00
4.334739,994.9271,555.00
4.334739,994.9647,511.00
4.334739,995.0022,552.00
4.334739,995.0397,479.00
4.334739,995.0771,554.00
4.334739,995.1146,525.00
4.334739,995.1522,537.00
4.334739,995.1896,516.00
4.334739,995.2271,543.00
4.334739,995.2646,485.00
4.334739,995.3021,528.00
4.334739,995.3396,474.00
4.334739,995.3770,560.00
4.334739,995.4145,509.00
4.334739,995.4518,554.00
4.334739,995.4893,540.00
4.334739,995.5267,521.00
4.334739,995.5641,500.00
4.334739,995.6016,528.00
4.334739,995.6390,507.00
4.334739,995.6765,510.00
4.334739,995.7138,524.00
4.334739,995.7512,512.00
4.334739,995.7886,522.00
4.334739,995.8260,523.00
4.334739,995.8633,491.00
4.334739,995.9007,502.00
4.334739,995.9380,462.00
4.334739,995.9754,525.00
4.334739,996.0128,489.00
4.334739,996.0501,545.00
4.334739,996.0874,523.00
4.334739,996.1248,559.00
4.334739,996.1621,530.00
4.334739,996.1994,522.00
4.334739,996.2367,482.00
4.334739,996.2740,547.00
4.334739,996.3113,499.00
4.334739,996.3486,555.00
4.334739,996.3859,521.00
4.334739,996.4232,559.00
4.334739,996.4604,537.00
4.334739,996.4977,525.00
4.334739,996.5350,527.00
4.334739,996.5722,508.00
4.334739,996.6094,495.00
4.334739,996.6466,552.00
4.334739,996.6838,516.00
4.334739,996.7211,551.00
4.334739,996.7583,526.00
4.334739,996.7955,549.00
4.334739,996.8327,524.00
4.334739,996.8700,564.00
4.334739,996.9072,509.00
4.334739,996.9443,557.00
4.334739,996.9815,496.00
4.334739,997.0187,546.00
4.334739,997.0558,526.00
4.334739,997.0930,526.00
4.334739,997.1301,538.00
4.334739,997.1672,562.00
4.334739,997.2045,517.00
4.334739,997.2416,559.00
4.334739,997.2787,513.00
4.334739,997.3158,607.00
4.334739,997.3530,483.00
4.334739,997.3900,522.00
4.334739,997.4271,513.00
4.334739,997.4642,536.00
4.334739,997.5013,539.00
4.334739,997.5384,555.00
4.334739,997.5754,481.00
4.334739,997.6126,578.00
4.334739,997.6497,500.00
4.334739,997.6867,541.00
4.334739,997.7238,523.00
4.334739,997.7607,562.00
4.334739,997.7978,495.00
4.334739,997.8348,580.00
4.334739,997.8718,524.00
4.334739,997.9088,573.00
4.334739,997.9458,507.00
4.334739,997.9829,563.00
4.334739,998.0200,536.00
4.334739,998.0569,558.00
4.334739,998.0939,512.00
4.334739,998.1309,533.00
4.334739,998.1678,519.00
4.334739,998.2048,580.00
4.334739,998.2417,509.00
4.334739,998.2786,608.00
4.334739,998.3156,494.00
4.334739,998.3525,565.00
4.334739,998.3896,522.00
4.334739,998.4265,522.00
4.334739,998.4633,540.00
4.334739,998.5003,571.00
4.334739,998.5372,506.00
4.334739,998.5740,581.00
4.334739,998.6110,517.00
4.334739,998.6478,576.00
4.334739,998.6847,517.00
4.334739,998.7217,565.00
4.334739,998.7585,532.00
4.334739,998.7953,528.00
4.334739,998.8322,494.00
4.334739,998.8691,570.00
4.334739,998.9059,504.00
4.334739,998.9427,570.00
4.334739,998.9795,526.00
4.334739,999.0163,559.00
4.334739,999.0531,527.00
4.334739,999.0899,548.00
4.334739,999.1267,485.00
4.334739,999.1636,543.00
4.334739,999.2004,521.00
4.334739,999.2372,555.00
4.334739,999.2739,514.00
4.334739,999.3107,574.00
4.334739,999.3474,523.00
4.334739,999.3842,538.00
4.334739,999.4210,489.00
4.334739,999.4576,553.00
4.334739,999.4946,507.00
4.334739,999.5312,579.00
4.334739,999.5680,519.00
4.334739,999.6047,526.00
4.334739,999.6414,508.00
4.334739,999.6780,517.00
4.334739,999.7147,479.00
4.334739,999.7515,527.00
4.334739,999.7881,479.00
4.334739,999.8248,536.00
4.334739,999.8614,490.00
4.334739,999.8981,553.00
4.334739,999.9349,489.00
4.334739,999.9715,535.00
4.334739,1000.0081,518.00
4.334739,1000.0447,521.00
4.334739,1000.0814,502.00
4.334739,1000.1180,528.00
4.334739,1000.1546,459.00
4.334739,1000.1912,527.00
4.334739,1000.2278,508.00
4.334739,1000.2645,565.00
4.334739,1000.3011,526.00
4.334739,1000.3377,521.00
4.334739,1000.3742,497.00
4.334739,1000.4108,514.00
4.334739,1000.4474,444.00
4.334739,1000.4839,517.00
4.334739,1000.5204,494.00
4.334739,1000.5570,516.00
4.334739,1000.5935,481.00
4.334739,1000.6301,496.00
4.334739,1000.6667,458.00
4.334739,1000.7032,509.00
4.334739,1000.7397,466.00
4.334739,1000.7762,530.00
4.334739,1000.8127,464.00
4.334739,1000.8492,527.00
4.334739,1000.8857,510.00
4.334739,1000.9222,513.00
4.334739,1000.9586,497.00
4.334739,1000.9951,510.00
4.334739,1001.0316,471.00
4.334739,1001.0681,553.00
4.334739,1001.1046,470.00
4.334739,1001.1410,530.00
4.334739,1001.1774,507.00
4.334739,1001.2138,511.00
4.334739,1001.2502,498.00
4.334739,1001.2866,527.00
4.334739,1001.3230,471.00
4.334739,1001.3594,495.00
4.334739,1001.3958,459.00
4.334739,1001.4323,533.00
4.334739,1001.4687,481.00
4.334739,1001.5051,535.00
4.334739,1001.5414,525.00
4.334739,1001.5778,507.00
4.334739,1001.6141,490.00
4.334739,1001.6505,498.00
4.334739,1001.6868,443.00
4.334739,1001.7231,510.00
4.334739,1001.7596,457.00
4.334739,1001.7958,511.00
4.334739,1001.8322,473.00
4.334739,1001.8685,511.00
4.334739,1001.9048,479.00
4.334739,1001.9411,522.00
4.334739,1001.9774,465.00
4.334739,1002.0136,486.00
4.334739,1002.0499,459.00
4.334739,1002.0862,531.00
4.334739,1002.1224,439.00
4.334739,1002.1587,542.00
4.334739,1002.1951,483.00
4.334739,1002.2313,481.00
4.334739,1002.2675,473.00
4.334739,1002.3038,507.00
4.334739,1002.3400,451.00
4.334739,1002.3762,517.00
4.334739,1002.4124,474.00
4.334739,1002.4486,556.00
4.334739,1002.4848,491.00
4.334739,1002.5211,559.00
4.334739,1002.5573,500.00
4.334739,1002.5934,535.00
4.334739,1002.6296,484.00
4.334739,1002.6657,521.00
4.334739,1002.7019,475.00
4.334739,1002.7380,536.00
4.334739,1002.7742,525.00
4.334739,1002.8104,510.00
4.334739,1002.8464,498.00
4.334739,1002.8826,529.00
4.334739,1002.9187,474.00
4.334739,1002.9549,526.00
4.334739,1002.9910,471.00
4.334739,1003.0271,533.00
4.334739,1003.0632,456.00
4.334739,1003.0992,539.00
4.334739,1003.1354,501.00
4.334739,1003.1714,503.00
4.334739,1003.2075,526.00
4.334739,1003.2435,508.00
4.334739,1003.2797,473.00
4.334739,1003.3157,526.00
4.334739,1003.3518,487.00
4.334739,1003.3878,551.00
4.334739,1003.4238,516.00
4.334739,1003.4598,538.00
4.334739,1003.4958,503.00
4.334739,1003.5319,499.00
4.334739,1003.5678,447.00
4.334739,1003.6039,570.00
4.334739,1003.6398,461.00
4.334739,1003.6759,551.00
4.334739,1003.7119,511.00
4.334739,1003.7479,511.00
4.334739,1003.7838,493.00
4.334739,1003.8198,524.00
4.334739,1003.8557,477.00
4.334739,1003.8917,519.00
4.334739,1003.9276,447.00
4.334739,1003.9635,500.00
4.334739,1003.9995,450.00
4.334739,1004.0354,518.00
4.334739,1004.0714,517.00
4.334739,1004.1072,491.00
4.334739,1004.1431,484.00
4.334739,1004.1790,485.00
4.334739,1004.2149,457.00
4.334739,1004.2508,538.00
4.334739,1004.2866,463.00
4.334739,1004.3225,536.00
4.334739,1004.3583,502.00
4.334739,1004.3942,502.00
4.334739,1004.4302,481.00
4.334739,1004.4660,491.00
4.334739,1004.5018,470.00
4.334739,1004.5376,501.00
4.334739,1004.5734,457.00
4.334739,1004.6093,516.00
4.334739,1004.6450,497.00
4.334739,1004.6808,521.00
4.334739,1004.7166,500.00
4.334739,1004.7525,526.00
4.334739,1004.7883,482.00
4.334739,1004.8240,502.00
4.334739,1004.8598,462.00
4.334739,1004.8956,534.00
4.334739,1004.9313,465.00
4.334739,1004.9670,555.00
4.334739,1005.0027,493.00
4.334739,1005.0385,485.00
4.334739,1005.0742,469.00
4.334739,1005.1099,498.00
4.334739,1005.1456,467.00
4.334739,1005.1815,546.00
4.334739,1005.2172,454.00
4.334739,1005.2529,510.00
4.334739,1005.2885,507.00
4.334739,1005.3242,507.00
4.334739,1005.3599,509.00
4.334739,1005.3955,517.00
4.334739,1005.4312,487.00
4.334739,1005.4669,543.00
4.334739,1005.5026,467.00
4.334739,1005.5382,548.00
4.334739,1005.5739,536.00
4.334739,1005.6095,529.00
4.334739,1005.6451,519.00
4.334739,1005.6807,527.00
4.334739,1005.7162,524.00
4.334739,1005.7519,494.00
4.334739,1005.7875,488.00
4.334739,1005.8231,559.00
4.334739,1005.8586,485.00
4.334739,1005.8942,540.00
4.334739,1005.9299,513.00
4.334739,1005.9655,532.00
4.334739,1006.0010,491.00
4.334739,1006.0365,538.00
4.334739,1006.0720,502.00
4.334739,1006.1076,542.00
4.334739,1006.1431,516.00
4.334739,1006.1786,577.00
4.334739,1006.2141,527.00
4.334739,1006.2498,529.00
4.334739,1006.2853,509.00
4.334739,1006.3207,504.00
4.334739,1006.3563,508.00
4.334739,1006.3917,529.00
4.334739,1006.4272,524.00
4.334739,1006.4626,568.00
4.334739,1006.4981,518.00
4.334739,1006.5335,526.00
4.334739,1006.5690,540.00
4.334739,1006.6044,528.00
4.334739,1006.6400,500.00
4.334739,1006.6754,583.00
4.334739,1006.7108,489.00
4.334739,1006.7462,562.00
4.334739,1006.7816,472.00
4.334739,1006.8170,552.00
4.334739,1006.8524,501.00
4.334739,1006.8878,530.00
4.334739,1006.9232,537.00
4.334739,1006.9586,536.00
4.334739,1006.9940,502.00
4.334739,1007.0294,530.00
4.334739,1007.0648,499.00
4.334739,1007.1001,576.00
4.334739,1007.1354,542.00
4.334739,1007.1707,571.00
4.334739,1007.2061,535.00
4.334739,1007.2414,531.00
4.334739,1007.2767,500.00
4.334739,1007.3120,545.00
4.334739,1007.3473,475.00
4.334739,1007.3827,557.00
4.334739,1007.4180,549.00
4.334739,1007.4532,564.00
4.334739,1007.4885,546.00
4.334739,1007.5238,537.00
4.334739,1007.5590,504.00
4.334739,1007.5943,566.00
4.334739,1007.6295,476.00
4.334739,1007.6648,609.00
4.334739,1007.7001,526.00
4.334739,1007.7354,570.00
4.334739,1007.7706,575.00
4.334739,1007.8058,532.00
4.334739,1007.8410,540.00
4.334739,1007.8762,529.00
4.334739,1007.9114,475.00
4.334739,1007.9465,539.00
4.334739,1007.9818,528.00
4.334739,1008.0169,562.00
4.334739,1008.0521,504.00
4.334739,1008.0873,561.00
4.334739,1008.1226,471.00
4.334739,1008.1576,486.00
4.334739,1008.1927,471.00
4.334739,1008.2279,556.00
4.334739,1008.2631,472.00
4.334739,1008.2982,555.00
4.334739,1008.3333,527.00
4.334739,1008.3683,527.00
4.334739,1008.4034,526.00
4.334739,1008.4387,518.00
4.334739,1008.4738,507.00
4.334739,1008.5089,521.00
4.334739,1008.5439,493.00
4.334739,1008.5790,593.00
4.334739,1008.6141,517.00
4.334739,1008.6491,525.00
4.334739,1008.6841,512.00
4.334739,1008.7192,508.00
4.334739,1008.7542,498.00
4.334739,1008.7892,526.00
4.334739,1008.8243,484.00
4.334739,1008.8594,530.00
4.334739,1008.8943,498.00
4.334739,1008.9294,553.00
4.334739,1008.9644,525.00
4.334739,1008.9994,516.00
4.334739,1009.0344,505.00
4.334739,1009.0693,495.00
4.334739,1009.1043,496.00
4.334739,1009.1392,556.00
4.334739,1009.1743,458.00
4.334739,1009.2093,550.00
4.334739,1009.2442,507.00
4.334739,1009.2792,532.00
4.334739,1009.3141,496.00
4.334739,1009.3489,493.00
4.334739,1009.3839,483.00
4.334739,1009.4188,511.00
4.334739,1009.4537,462.00
4.334739,1009.4886,558.00
4.334739,1009.5235,496.00
4.334739,1009.5585,521.00
4.334739,1009.5933,507.00
4.334739,1009.6282,503.00
4.334739,1009.6631,483.00
4.334739,1009.6979,534.00
4.334739,1009.7327,468.00
4.334739,1009.7676,525.00
4.334739,1009.8024,471.00
4.334739,1009.8372,549.00
4.334739,1009.8721,455.00
4.334739,1009.9070,494.00
4.334739,1009.9418,474.00
4.334739,1009.9766,497.00
4.334739,1010.0115,472.00
4.334739,1010.0462,513.00
4.334739,1010.0810,453.00
4.334739,1010.1158,537.00
4.334739,1010.1505,492.00
4.334739,1010.1853,512.00
4.334739,1010.2200,492.00
4.334739,1010.2548,518.00
4.334739,1010.2897,472.00
4.334739,1010.3244,532.00
4.334739,1010.3591,466.00
4.334739,1010.3938,520.00
4.334739,1010.4285,485.00
4.334739,1010.4633,534.00
4.334739,1010.4980,496.00
4.334739,1010.5326,481.00
4.334739,1010.5673,478.00
4.334739,1010.6021,502.00
4.334739,1010.6368,457.00
4.334739,1010.6714,486.00
4.334739,1010.7061,456.00
4.334739,1010.7408,521.00
4.334739,1010.7754,461.00
4.334739,1010.8101,496.00
4.334739,1010.8447,467.00
4.334739,1010.8793,498.00
4.334739,1010.9139,474.00
4.334739,1010.9485,522.00
4.334739,1010.9832,450.00
4.334739,1011.0178,541.00
4.334739,1011.0525,471.00
4.334739,1011.0870,535.00
4.334739,1011.1216,467.00
4.334739,1011.1562,491.00
4.334739,1011.1907,502.00
4.334739,1011.2253,519.00
4.334739,1011.2599,431.00
4.334739,1011.2944,527.00
4.334739,1011.3291,483.00
4.334739,1011.3636,529.00
4.334739,1011.3981,495.00
4.334739,1011.4326,499.00
4.334739,1011.4672,469.00
4.334739,1011.5016,483.00
4.334739,1011.5362,444.00
4.334739,1011.5706,499.00
4.334739,1011.6052,469.00
4.334739,1011.6396,496.00
4.334739,1011.6741,429.00
4.334739,1011.7086,542.00
4.334739,1011.7431,475.00
4.334739,1011.7776,532.00
4.334739,1011.8120,470.00
4.334739,1011.8465,526.00
4.334739,1011.8809,425.00
4.334739,1011.9153,523.00
4.334739,1011.9498,462.00
4.334739,1011.9842,479.00
4.334739,1012.0186,427.00
4.334739,1012.0531,502.00
4.334739,1012.0875,459.00
4.334739,1012.1219,493.00
4.334739,1012.1562,495.00
4.334739,1012.1906,503.00
4.334739,1012.2250,443.00
4.334739,1012.2593,527.00
4.334739,1012.2937,472.00
4.334739,1012.3281,501.00
4.334739,1012.3624,457.00
4.334739,1012.3967,491.00
4.334739,1012.4310,421.00
4.334739,1012.4655,500.00
4.334739,1012.4998,440.00
4.334739,1012.5341,566.00
4.334739,1012.5684,491.00
4.334739,1012.6027,534.00
4.334739,1012.6370,470.00
4.334739,1012.6712,474.00
4.334739,1012.7055,471.00
4.334739,1012.7398,529.00
4.334739,1012.7742,419.00
4.334739,1012.8084,471.00
4.334739,1012.8427,475.00
4.334739,1012.8769,489.00
4.334739,1012.9111,474.00
4.334739,1012.9454,479.00
4.334739,1012.9796,493.00
4.334739,1013.0138,487.00
4.334739,1013.0480,400.00
4.334739,1013.0822,525.00
4.334739,1013.1164,453.00
4.334739,1013.1506,508.00
4.334739,1013.1848,459.00
4.334739,1013.2190,490.00
4.334739,1013.2532,484.00
4.334739,1013.2873,492.00
4.334739,1013.3215,480.00
4.334739,1013.3556,501.00
4.334739,1013.3898,443.00
4.334739,1013.4239,550.00
4.334739,1013.4581,474.00
4.334739,1013.4923,500.00
4.334739,1013.5264,498.00
4.334739,1013.5605,503.00
4.334739,1013.5946,509.00
4.334739,1013.6287,533.00
4.334739,1013.6627,474.00
4.334739,1013.6968,539.00
4.334739,1013.7309,455.00
4.334739,1013.7650,502.00
4.334739,1013.7990,472.00
4.334739,1013.8331,487.00
4.334739,1013.8672,453.00
4.334739,1013.9012,499.00
4.334739,1013.9353,445.00
4.334739,1013.9693,532.00
4.334739,1014.0033,447.00
4.334739,1014.0374,536.00
4.334739,1014.0714,509.00
4.334739,1014.1053,502.00
4.334739,1014.1393,500.00
4.334739,1014.1734,521.00
4.334739,1014.2074,468.00
4.334739,1014.2413,532.00
4.334739,1014.2753,491.00
4.334739,1014.3093,554.00
4.334739,1014.3433,482.00
4.334739,1014.3772,560.00
4.334739,1014.4111,518.00
4.334739,1014.4451,509.00
4.334739,1014.4790,489.00
4.334739,1014.5129,531.00
4.334739,1014.5468,472.00
4.334739,1014.5808,559.00
4.334739,1014.6147,504.00
4.334739,1014.6486,536.00
4.334739,1014.6825,525.00
4.334739,1014.7164,526.00
4.334739,1014.7502,487.00
4.334739,1014.7841,522.00
4.334739,1014.8180,506.00
4.334739,1014.8518,550.00
4.334739,1014.8858,499.00
4.334739,1014.9196,547.00
4.334739,1014.9534,529.00
4.334739,1014.9872,523.00
4.334739,1015.0211,529.00
4.334739,1015.0549,517.00
4.334739,1015.0887,469.00
4.334739,1015.1224,536.00
4.334739,1015.1562,507.00
4.334739,1015.1900,584.00
4.334739,1015.2238,534.00
4.334739,1015.2575,518.00
4.334739,1015.2914,522.00
4.334739,1015.3252,513.00
4.334739,1015.3589,480.00
4.334739,1015.3927,519.00
4.334739,1015.4265,493.00
4.334739,1015.4601,557.00
4.334739,1015.4938,500.00
4.334739,1015.5276,564.00
4.334739,1015.5613,551.00
4.334739,1015.5952,550.00
4.334739,1015.6288,502.00
4.334739,1015.6625,546.00
4.334739,1015.6962,476.00
4.334739,1015.7299,571.00
4.334739,1015.7635,489.00
4.334739,1015.7972,555.00
4.334739,1015.8308,529.00
4.334739,1015.8645,534.00
4.334739,1015.8981,533.00
4.334739,1015.9317,550.00
4.334739,1015.9655,485.00
4.334739,1015.9991,578.00
4.334739,1016.0327,517.00
4.334739,1016.0663,588.00
4.334739,1016.0999,537.00
4.334739,1016.1335,554.00
4.334739,1016.1671,523.00
4.334739,1016.2006,538.00
4.334739,1016.2342,516.00
4.334739,1016.2679,542.00
4.334739,1016.3015,493.00
4.334739,1016.3350,573.00
4.334739,1016.3686,501.00
4.334739,1016.4021,578.00
4.334739,1016.4357,517.00
4.334739,1016.4691,558.00
4.334739,1016.5027,492.00
4.334739,1016.5362,540.00
4.334739,1016.5696,481.00
4.334739,1016.6032,580.00
4.334739,1016.6367,513.00
4.334739,1016.6703,584.00
4.334739,1016.7038,500.00
4.334739,1016.7372,536.00
4.334739,1016.7707,500.00
4.334739,1016.8041,538.00
4.334739,1016.8376,536.00
4.334739,1016.8710,524.00
4.334739,1016.9045,476.00
4.334739,1016.9379,584.00
4.334739,1016.9715,497.00
4.334739,1017.0049,534.00
4.334739,1017.0383,544.00
4.334739,1017.0717,518.00
4.334739,1017.1050,528.00
4.334739,1017.1384,540.00
4.334739,1017.1718,451.00
4.334739,1017.2052,564.00
4.334739,1017.2386,473.00
4.334739,1017.2720,542.00
4.334739,1017.3053,548.00
4.334739,1017.3387,555.00
4.334739,1017.3721,490.00
4.334739,1017.4054,546.00
4.334739,1017.4388,495.00
4.334739,1017.4721,546.00
4.334739,1017.5054,531.00
4.334739,1017.5387,557.00
4.334739,1017.5720,527.00
4.334739,1017.6053,531.00
4.334739,1017.6386,557.00
4.334739,1017.6720,519.00
4.334739,1017.7053,538.00
4.334739,1017.7385,573.00
4.334739,1017.7717,487.00
4.334739,1017.8051,584.00
4.334739,1017.8383,513.00
4.334739,1017.8715,567.00
4.334739,1017.9048,550.00
4.334739,1017.9380,531.00
4.334739,1017.9712,534.00
4.334739,1018.0044,578.00
4.334739,1018.0376,479.00
4.334739,1018.0709,549.00
4.334739,1018.1041,515.00
4.334739,1018.1373,585.00
4.334739,1018.1705,587.00
4.334739,1018.2037,543.00
4.334739,1018.2368,522.00
4.334739,1018.2700,529.00
4.334739,1018.3032,514.00
4.334739,1018.3363,591.00
4.334739,1018.3695,495.00
4.334739,1018.4026,591.00
4.334739,1018.4358,554.00
4.334739,1018.4689,563.00
4.334739,1018.5020,575.00
4.334739,1018.5352,549.00
4.334739,1018.5682,495.00
4.334739,1018.6013,555.00
4.334739,1018.6343,525.00
4.334739,1018.6675,573.00
4.334739,1018.7006,518.00
4.334739,1018.7337,567.00
4.334739,1018.7668,591.00
4.334739,1018.7998,544.00
4.334739,1018.8328,542.00
4.334739,1018.8658,545.00
4.334739,1018.8989,541.00
4.334739,1018.9319,591.00
4.334739,1018.9650,536.00
4.334739,1018.9980,601.00
4.334739,1019.0311,574.00
4.334739,1019.0641,622.00
4.334739,1019.0970,533.00
4.334739,1019.1301,574.00
4.334739,1019.1631,510.00
4.334739,1019.1960,579.00
4.334739,1019.2289,523.00
4.334739,1019.2618,592.00
4.334739,1019.2949,551.00
4.334739,1019.3278,551.00
4.334739,1019.3607,539.00
4.334739,1019.3936,553.00
4.334739,1019.4268,466.00
4.334739,1019.4596,573.00
4.334739,1019.4925,521.00
4.334739,1019.5255,561.00
4.334739,1019.5583,526.00
4.334739,1019.5912,601.00
4.334739,1019.6240,530.00
4.334739,1019.6569,566.00
4.334739,1019.6898,530.00
4.334739,1019.7227,511.00
4.334739,1019.7556,470.00
4.334739,1019.7885,573.00
4.334739,1019.8213,507.00
4.334739,1019.8541,595.00
4.334739,1019.8870,499.00
4.334739,1019.9198,553.00
4.334739,1019.9525,538.00
4.334739,1019.9854,529.00
4.334739,1020.0182,491.00
4.334739,1020.0509,583.00
4.334739,1020.0837,560.00
4.334739,1020.1167,553.00
4.334739,1020.1494,546.00
4.334739,1020.1823,541.00
4.334739,1020.2149,519.00
4.334739,1020.2477,548.00
4.334739,1020.2805,492.00
4.334739,1020.3132,551.00
4.334739,1020.3459,536.00
4.334739,1020.3787,591.00
4.334739,1020.4114,512.00
4.334739,1020.4442,498.00
4.334739,1020.4768,527.00
4.334739,1020.5096,508.00
4.334739,1020.5423,467.00
4.334739,1020.5750,550.00
4.334739,1020.6077,473.00
4.334739,1020.6403,589.00
4.334739,1020.6730,526.00
4.334739,1020.7055,581.00
4.334739,1020.7382,493.00
4.334739,1020.7709,554.00
4.334739,1020.8036,490.00
4.334739,1020.8363,525.00
4.334739,1020.8688,482.00
4.334739,1020.9015,534.00
4.334739,1020.9341,469.00
4.334739,1020.9667,549.00
4.334739,1020.9993,486.00
4.334739,1021.0319,507.00
4.334739,1021.0645,511.00
4.334739,1021.0971,528.00
4.334739,1021.1298,492.00
4.334739,1021.1623,533.00
4.334739,1021.1948,487.00
4.334739,1021.2273,571.00
4.334739,1021.2599,462.00
4.334739,1021.2924,522.00
4.334739,1021.3250,494.00
4.334739,1021.3574,493.00
4.334739,1021.3900,507.00
4.334739,1021.4224,495.00
4.334739,1021.4550,443.00
4.334739,1021.4875,491.00
4.334739,1021.5200,480.00
4.334739,1021.5525,563.00
4.334739,1021.5850,471.00
4.334739,1021.6175,511.00
4.334739,1021.6500,451.00
4.334739,1021.6823,520.00
4.334739,1021.7148,491.00
4.334739,1021.7474,553.00
4.334739,1021.7797,485.00
4.334739,1021.8122,529.00
4.334739,1021.8445,532.00
4.334739,1021.8770,545.00
4.334739,1021.9095,520.00
4.334739,1021.9418,496.00
4.334739,1021.9741,452.00
4.334739,1022.0066,494.00
4.334739,1022.0389,482.00
4.334739,1022.0713,544.00
4.334739,1022.1037,506.00
4.334739,1022.1362,594.00
4.334739,1022.1685,525.00
4.334739,1022.2008,539.00
4.334739,1022.2332,504.00
4.334739,1022.2654,551.00
4.334739,1022.2977,511.00
4.334739,1022.3301,568.00
4.334739,1022.3624,479.00
4.334739,1022.3947,584.00
4.334739,1022.4271,523.00
4.334739,1022.4594,537.00
4.334739,1022.4917,542.00
4.334739,1022.5239,565.00
4.334739,1022.5562,510.00
4.334739,1022.5885,543.00
4.334739,1022.6207,514.00
4.334739,1022.6530,559.00
4.334739,1022.6852,530.00
4.334739,1022.7174,549.00
4.334739,1022.7497,493.00
4.334739,1022.7819,563.00
4.334739,1022.8142,487.00
4.334739,1022.8464,535.00
4.334739,1022.8785,486.00
4.334739,1022.9108,574.00
4.334739,1022.9429,497.00
4.334739,1022.9751,541.00
4.334739,1023.0073,535.00
4.334739,1023.0394,499.00
4.334739,1023.0717,515.00
4.334739,1023.1039,560.00
4.334739,1023.1360,480.00
4.334739,1023.1682,545.00
4.334739,1023.2003,477.00
4.334739,1023.2324,541.00
4.334739,1023.2644,524.00
4.334739,1023.2966,554.00
4.334739,1023.3287,480.00
4.334739,1023.3608,502.00
4.334739,1023.3929,502.00
4.334739,1023.4249,532.00
4.334739,1023.4570,489.00
4.334739,1023.4893,558.00
4.334739,1023.5212,493.00
4.334739,1023.5533,505.00
4.334739,1023.5853,506.00
4.334739,1023.6174,510.00
4.334739,1023.6494,501.00
4.334739,1023.6813,528.00
4.334739,1023.7134,450.00
4.334739,1023.7454,509.00
4.334739,1023.7775,473.00
4.334739,1023.8096,504.00
4.334739,1023.8416,504.00
4.334739,1023.8735,489.00
4.334739,1023.9055,474.00
4.334739,1023.9374,518.00
4.334739,1023.9694,454.00
4.334739,1024.0013,532.00
4.334739,1024.0333,482.00
4.334739,1024.0652,513.00
4.334739,1024.0972,491.00
4.334739,1024.1293,527.00
4.334739,1024.1611,468.00
4.334739,1024.1931,503.00
4.334739,1024.2250,458.00
4.334739,1024.2568,535.00
4.334739,1024.2888,463.00
4.334739,1024.3206,536.00
4.334739,1024.3525,483.00
4.334739,1024.3843,509.00
4.334739,1024.4164,451.00
4.334739,1024.4481,495.00
4.334739,1024.4801,450.00
4.334739,1024.5118,517.00
4.334739,1024.5438,486.00
4.334739,1024.5756,499.00
4.334739,1024.6074,477.00
4.334739,1024.6393,525.00
4.334739,1024.6710,516.00
4.334739,1024.7029,485.00
4.334739,1024.7346,471.00
4.334739,1024.7664,516.00
4.334739,1024.7982,440.00
4.334739,1024.8301,542.00
4.334739,1024.8618,486.00
4.334739,1024.8936,531.00
4.334739,1024.9253,490.00
4.334739,1024.9572,528.00
4.334739,1024.9889,507.00
4.334739,1025.0206,549.00
4.334739,1025.0522,443.00
4.334739,1025.0841,521.00
4.334739,1025.1158,484.00
4.334739,1025.1475,515.00
4.334739,1025.1792,480.00
4.334739,1025.2109,529.00
4.334739,1025.2426,506.00
4.334739,1025.2743,514.00
4.334739,1025.3059,471.00
4.334739,1025.3376,508.00
4.334739,1025.3693,440.00
4.334739,1025.4009,551.00
4.334739,1025.4326,477.00
4.334739,1025.4644,539.00
4.334739,1025.4960,494.00
4.334739,1025.5276,506.00
4.334739,1025.5592,529.00
4.334739,1025.5908,532.00
4.334739,1025.6224,479.00
4.334739,1025.6541,549.00
4.334739,1025.6857,527.00
4.334739,1025.7172,588.00
4.334739,1025.7489,548.00
4.334739,1025.7804,557.00
4.334739,1025.8120,526.00
4.334739,1025.8435,531.00
4.334739,1025.8751,522.00
4.334739,1025.9066,582.00
4.334739,1025.9381,458.00
4.334739,1025.9697,541.00
4.334739,1026.0012,509.00
4.334739,1026.0327,553.00
4.334739,1026.0642,521.00
