# Point:,23
# Setpoint:,1.17090909
# Voltage_V:,1.17090909
# Current_A:,0.0006172
# Spectrum_Time_s:,4.079905
# Step_Start_s:,3.991995
# Step_End_s:,4.160099
# Spectrum_Duration_ms:,74.134
# Peak_Wavelength_nm:,941.28
# Peak_Intensity:,743.0
# Avg_Intensity:,601.8
# Num_Pixels:,4094
# NOTE: All wavelengths are captured simultaneously in one CCD exposure
#       The Relative_Time_s column shows when this entire spectrum was acquired

Relative_Time_s,Wavelength_nm,Intensity
4.079905,845.4307,600.00
4.079905,845.4858,533.00
4.079905,845.5410,555.00
4.079905,845.5963,527.00
4.079905,845.6514,564.00
4.079905,845.7065,498.00
4.079905,845.7617,552.00
4.079905,845.8168,499.00
4.079905,845.8721,577.00
4.079905,845.9272,486.00
4.079905,845.9823,535.00
4.079905,846.0374,520.00
4.079905,846.0926,511.00
4.079905,846.1478,494.00
4.079905,846.2029,525.00
4.079905,846.2579,495.00
4.079905,846.3130,562.00
4.079905,846.3682,451.00
4.079905,846.4233,557.00
4.079905,846.4784,498.00
4.079905,846.5335,569.00
4.079905,846.5886,541.00
4.079905,846.6437,529.00
4.079905,846.6987,496.00
4.079905,846.7538,573.00
4.079905,846.8089,480.00
4.079905,846.8640,550.00
4.079905,846.9190,474.00
4.079905,846.9741,552.00
4.079905,847.0292,524.00
4.079905,847.0842,564.00
4.079905,847.1392,529.00
4.079905,847.1943,567.00
4.079905,847.2493,506.00
4.079905,847.3044,578.00
4.079905,847.3594,486.00
4.079905,847.4144,566.00
4.079905,847.4694,551.00
4.079905,847.5244,539.00
4.079905,847.5795,529.00
4.079905,847.6345,569.00
4.079905,847.6895,531.00
4.079905,847.7444,577.00
4.079905,847.7994,495.00
4.079905,847.8544,568.00
4.079905,847.9094,534.00
4.079905,847.9644,571.00
4.079905,848.0193,534.00
4.079905,848.0743,537.00
4.079905,848.1293,512.00
4.079905,848.1843,595.00
4.079905,848.2392,533.00
4.079905,848.2941,597.00
4.079905,848.3491,566.00
4.079905,848.4040,580.00
4.079905,848.4590,569.00
4.079905,848.5139,624.00
4.079905,848.5688,494.00
4.079905,848.6237,583.00
4.079905,848.6786,522.00
4.079905,848.7336,602.00
4.079905,848.7885,540.00
4.079905,848.8434,589.00
4.079905,848.8983,559.00
4.079905,848.9531,575.00
4.079905,849.0081,569.00
4.079905,849.0630,584.00
4.079905,849.1178,520.00
4.079905,849.1727,607.00
4.079905,849.2275,533.00
4.079905,849.2823,624.00
4.079905,849.3373,560.00
4.079905,849.3921,598.00
4.079905,849.4470,567.00
4.079905,849.5018,554.00
4.079905,849.5566,506.00
4.079905,849.6115,606.00
4.079905,849.6663,531.00
4.079905,849.7211,605.00
4.079905,849.7759,553.00
4.079905,849.8307,597.00
4.079905,849.8856,545.00
4.079905,849.9404,583.00
4.079905,849.9952,544.00
4.079905,850.0500,576.00
4.079905,850.1048,506.00
4.079905,850.1596,616.00
4.079905,850.2144,535.00
4.079905,850.2692,644.00
4.079905,850.3239,556.00
4.079905,850.3787,577.00
4.079905,850.4335,574.00
4.079905,850.4882,587.00
4.079905,850.5430,548.00
4.079905,850.5977,616.00
4.079905,850.6525,552.00
4.079905,850.7072,617.00
4.079905,850.7620,551.00
4.079905,850.8167,598.00
4.079905,850.8715,574.00
4.079905,850.9261,572.00
4.079905,850.9808,512.00
4.079905,851.0356,597.00
4.079905,851.0903,575.00
4.079905,851.1450,649.00
4.079905,851.1996,578.00
4.079905,851.2543,638.00
4.079905,851.3091,586.00
4.079905,851.3638,603.00
4.079905,851.4185,592.00
4.079905,851.4731,617.00
4.079905,851.5278,547.00
4.079905,851.5825,657.00
4.079905,851.6371,609.00
4.079905,851.6918,680.00
4.079905,851.7465,598.00
4.079905,851.8011,621.00
4.079905,851.8558,580.00
4.079905,851.9103,598.00
4.079905,851.9650,584.00
4.079905,852.0196,681.00
4.079905,852.0742,596.00
4.079905,852.1289,652.00
4.079905,852.1835,589.00
4.079905,852.2381,668.00
4.079905,852.2927,640.00
4.079905,852.3473,622.00
4.079905,852.4019,620.00
4.079905,852.4565,670.00
4.079905,852.5111,600.00
4.079905,852.5657,626.00
4.079905,852.6202,597.00
4.079905,852.6747,648.00
4.079905,852.7294,607.00
4.079905,852.7839,658.00
4.079905,852.8385,611.00
4.079905,852.8930,644.00
4.079905,852.9476,636.00
4.079905,853.0022,707.00
4.079905,853.0567,611.00
4.079905,853.1112,659.00
4.079905,853.1658,642.00
4.079905,853.2203,662.00
4.079905,853.2748,649.00
4.079905,853.3293,679.00
4.079905,853.3838,611.00
4.079905,853.4383,663.00
4.079905,853.4928,615.00
4.079905,853.5474,660.00
4.079905,853.6019,647.00
4.079905,853.6563,685.00
4.079905,853.7108,653.00
4.079905,853.7653,661.00
4.079905,853.8198,616.00
4.079905,853.8742,683.00
4.079905,853.9286,650.00
4.079905,853.9832,668.00
4.079905,854.0376,636.00
4.079905,854.0920,700.00
4.079905,854.1465,637.00
4.079905,854.2010,671.00
4.079905,854.2554,636.00
4.079905,854.3098,648.00
4.079905,854.3642,598.00
4.079905,854.4186,698.00
4.079905,854.4731,609.00
4.079905,854.5275,682.00
4.079905,854.5819,634.00
4.079905,854.6363,689.00
4.079905,854.6907,631.00
4.079905,854.7451,652.00
4.079905,854.7994,599.00
4.079905,854.8538,665.00
4.079905,854.9082,622.00
4.079905,854.9626,685.00
4.079905,855.0170,614.00
4.079905,855.0714,689.00
4.079905,855.1257,624.00
4.079905,855.1800,623.00
4.079905,855.2344,628.00
4.079905,855.2888,645.00
4.079905,855.3431,614.00
4.079905,855.3975,680.00
4.079905,855.4518,587.00
4.079905,855.5060,662.00
4.079905,855.5604,630.00
4.079905,855.6147,665.00
4.079905,855.6691,630.00
4.079905,855.7233,643.00
4.079905,855.7776,599.00
4.079905,855.8320,703.00
4.079905,855.8862,618.00
4.079905,855.9406,665.00
4.079905,855.9948,637.00
4.079905,856.0491,729.00
4.079905,856.1035,657.00
4.079905,856.1577,673.00
4.079905,856.2119,608.00
4.079905,856.2662,652.00
4.079905,856.3204,606.00
4.079905,856.3748,694.00
4.079905,856.4290,630.00
4.079905,856.4832,666.00
4.079905,856.5374,654.00
4.079905,856.5916,683.00
4.079905,856.6459,613.00
4.079905,856.7001,691.00
4.079905,856.7543,633.00
4.079905,856.8085,681.00
4.079905,856.8627,643.00
4.079905,856.9169,682.00
4.079905,856.9712,633.00
4.079905,857.0253,658.00
4.079905,857.0795,634.00
4.079905,857.1337,685.00
4.079905,857.1879,621.00
4.079905,857.2421,668.00
4.079905,857.2962,647.00
4.079905,857.3504,667.00
4.079905,857.4045,650.00
4.079905,857.4587,654.00
4.079905,857.5129,664.00
4.079905,857.5670,689.00
4.079905,857.6212,617.00
4.079905,857.6753,715.00
4.079905,857.7294,607.00
4.079905,857.7836,690.00
4.079905,857.8377,632.00
4.079905,857.8918,666.00
4.079905,857.9459,661.00
4.079905,858.0000,671.00
4.079905,858.0541,631.00
4.079905,858.1082,652.00
4.079905,858.1624,623.00
4.079905,858.2164,710.00
4.079905,858.2704,647.00
4.079905,858.3245,691.00
4.079905,858.3787,680.00
4.079905,858.4327,681.00
4.079905,858.4868,661.00
4.079905,858.5408,657.00
4.079905,858.5949,625.00
4.079905,858.6489,666.00
4.079905,858.7030,632.00
4.079905,858.7570,704.00
4.079905,858.8110,656.00
4.079905,858.8651,664.00
4.079905,858.9192,669.00
4.079905,858.9732,692.00
4.079905,859.0272,644.00
4.079905,859.0812,674.00
4.079905,859.1352,624.00
4.079905,859.1892,696.00
4.079905,859.2432,642.00
4.079905,859.2972,686.00
4.079905,859.3512,663.00
4.079905,859.4052,658.00
4.079905,859.4592,644.00
4.079905,859.5132,679.00
4.079905,859.5671,613.00
4.079905,859.6210,685.00
4.079905,859.6750,633.00
4.079905,859.7289,718.00
4.079905,859.7830,591.00
4.079905,859.8369,648.00
4.079905,859.8908,602.00
4.079905,859.9447,610.00
4.079905,859.9987,629.00
4.079905,860.0527,675.00
4.079905,860.1065,622.00
4.079905,860.1605,675.00
4.079905,860.2144,635.00
4.079905,860.2682,660.00
4.079905,860.3222,643.00
4.079905,860.3761,667.00
4.079905,860.4299,595.00
4.079905,860.4838,657.00
4.079905,860.5377,572.00
4.079905,860.5916,663.00
4.079905,860.6455,637.00
4.079905,860.6993,691.00
4.079905,860.7532,624.00
4.079905,860.8071,650.00
4.079905,860.8610,613.00
4.079905,860.9148,628.00
4.079905,860.9687,589.00
4.079905,861.0225,650.00
4.079905,861.0763,627.00
4.079905,861.1301,662.00
4.079905,861.1840,646.00
4.079905,861.2378,670.00
4.079905,861.2916,615.00
4.079905,861.3454,673.00
4.079905,861.3992,607.00
4.079905,861.4531,677.00
4.079905,861.5068,611.00
4.079905,861.5606,663.00
4.079905,861.6144,628.00
4.079905,861.6682,657.00
4.079905,861.7220,604.00
4.079905,861.7758,631.00
4.079905,861.8295,575.00
4.079905,861.8833,640.00
4.079905,861.9370,600.00
4.079905,861.9908,684.00
4.079905,862.0446,637.00
4.079905,862.0983,655.00
4.079905,862.1520,628.00
4.079905,862.2057,632.00
4.079905,862.2595,628.00
4.079905,862.3132,648.00
4.079905,862.3669,575.00
4.079905,862.4206,654.00
4.079905,862.4744,570.00
4.079905,862.5281,676.00
4.079905,862.5818,626.00
4.079905,862.6355,653.00
4.079905,862.6891,621.00
4.079905,862.7429,651.00
4.079905,862.7966,630.00
4.079905,862.8502,633.00
4.079905,862.9039,600.00
4.079905,862.9575,668.00
4.079905,863.0112,633.00
4.079905,863.0648,635.00
4.079905,863.1185,604.00
4.079905,863.1722,644.00
4.079905,863.2258,602.00
4.079905,863.2794,656.00
4.079905,863.3330,603.00
4.079905,863.3867,646.00
4.079905,863.4403,556.00
4.079905,863.4940,631.00
4.079905,863.5475,636.00
4.079905,863.6011,605.00
4.079905,863.6548,601.00
4.079905,863.7084,624.00
4.079905,863.7620,587.00
4.079905,863.8156,608.00
4.079905,863.8691,590.00
4.079905,863.9228,630.00
4.079905,863.9763,616.00
4.079905,864.0299,651.00
4.079905,864.0834,592.00
4.079905,864.1370,645.00
4.079905,864.1906,579.00
4.079905,864.2441,660.00
4.079905,864.2977,595.00
4.079905,864.3512,646.00
4.079905,864.4047,606.00
4.079905,864.4583,643.00
4.079905,864.5118,620.00
4.079905,864.5653,627.00
4.079905,864.6189,607.00
4.079905,864.6724,619.00
4.079905,864.7258,565.00
4.079905,864.7794,642.00
4.079905,864.8329,605.00
4.079905,864.8864,667.00
4.079905,864.9398,589.00
4.079905,864.9933,646.00
4.079905,865.0469,577.00
4.079905,865.1003,646.00
4.079905,865.1538,611.00
4.079905,865.2072,622.00
4.079905,865.2607,621.00
4.079905,865.3142,646.00
4.079905,865.3676,635.00
4.079905,865.4211,639.00
4.079905,865.4745,597.00
4.079905,865.5279,634.00
4.079905,865.5814,621.00
4.079905,865.6348,659.00
4.079905,865.6882,609.00
4.079905,865.7416,674.00
4.079905,865.7950,647.00
4.079905,865.8484,668.00
4.079905,865.9019,625.00
4.079905,865.9552,642.00
4.079905,866.0087,625.00
4.079905,866.0620,617.00
4.079905,866.1154,616.00
4.079905,866.1688,696.00
4.079905,866.2222,597.00
4.079905,866.2755,652.00
4.079905,866.3289,638.00
4.079905,866.3822,644.00
4.079905,866.4356,620.00
4.079905,866.4890,654.00
4.079905,866.5423,630.00
4.079905,866.5956,637.00
4.079905,866.6489,608.00
4.079905,866.7023,694.00
4.079905,866.7556,609.00
4.079905,866.8089,633.00
4.079905,866.8622,632.00
4.079905,866.9155,672.00
4.079905,866.9689,575.00
4.079905,867.0222,650.00
4.079905,867.0755,592.00
4.079905,867.1287,634.00
4.079905,867.1820,618.00
4.079905,867.2354,659.00
4.079905,867.2886,629.00
4.079905,867.3419,634.00
4.079905,867.3951,603.00
4.079905,867.4484,631.00
4.079905,867.5016,581.00
4.079905,867.5549,674.00
4.079905,867.6082,651.00
4.079905,867.6614,663.00
4.079905,867.7146,641.00
4.079905,867.7678,646.00
4.079905,867.8211,653.00
4.079905,867.8743,671.00
4.079905,867.9276,631.00
4.079905,867.9807,662.00
4.079905,868.0339,605.00
4.079905,868.0872,682.00
4.079905,868.1403,645.00
4.079905,868.1935,641.00
4.079905,868.2467,607.00
4.079905,868.2999,654.00
4.079905,868.3531,603.00
4.079905,868.4062,648.00
4.079905,868.4594,616.00
4.079905,868.5126,667.00
4.079905,868.5657,623.00
4.079905,868.6189,645.00
4.079905,868.6721,628.00
4.079905,868.7252,638.00
4.079905,868.7783,567.00
4.079905,868.8315,645.00
4.079905,868.8846,592.00
4.079905,868.9377,670.00
4.079905,868.9908,605.00
4.079905,869.0439,665.00
4.079905,869.0970,626.00
4.079905,869.1501,644.00
4.079905,869.2032,609.00
4.079905,869.2564,638.00
4.079905,869.3094,596.00
4.079905,869.3625,623.00
4.079905,869.4156,606.00
4.079905,869.4688,676.00
4.079905,869.5218,601.00
4.079905,869.5748,652.00
4.079905,869.6279,657.00
4.079905,869.6809,639.00
4.079905,869.7340,604.00
4.079905,869.7870,646.00
4.079905,869.8401,628.00
4.079905,869.8931,666.00
4.079905,869.9462,609.00
4.079905,869.9993,638.00
4.079905,870.0522,641.00
4.079905,870.1052,658.00
4.079905,870.1583,595.00
4.079905,870.2112,658.00
4.079905,870.2642,591.00
4.079905,870.3173,682.00
4.079905,870.3702,603.00
4.079905,870.4232,659.00
4.079905,870.4762,627.00
4.079905,870.5292,641.00
4.079905,870.5822,635.00
4.079905,870.6351,647.00
4.079905,870.6881,597.00
4.079905,870.7410,633.00
4.079905,870.7940,654.00
4.079905,870.8470,673.00
4.079905,870.8999,591.00
4.079905,870.9528,688.00
4.079905,871.0057,660.00
4.079905,871.0587,653.00
4.079905,871.1116,620.00
4.079905,871.1646,641.00
4.079905,871.2175,552.00
4.079905,871.2704,688.00
4.079905,871.3232,630.00
4.079905,871.3762,652.00
4.079905,871.4291,650.00
4.079905,871.4820,658.00
4.079905,871.5348,626.00
4.079905,871.5877,663.00
4.079905,871.6406,614.00
4.079905,871.6935,685.00
4.079905,871.7463,619.00
4.079905,871.7992,647.00
4.079905,871.8521,667.00
4.079905,871.9049,657.00
4.079905,871.9578,654.00
4.079905,872.0106,671.00
4.079905,872.0635,589.00
4.079905,872.1162,665.00
4.079905,872.1691,602.00
4.079905,872.2219,681.00
4.079905,872.2747,595.00
4.079905,872.3275,642.00
4.079905,872.3803,650.00
4.079905,872.4332,647.00
4.079905,872.4860,632.00
4.079905,872.5387,667.00
4.079905,872.5915,609.00
4.079905,872.6443,675.00
4.079905,872.6971,657.00
4.079905,872.7499,690.00
4.079905,872.8026,659.00
4.079905,872.8553,632.00
4.079905,872.9081,643.00
4.079905,872.9609,658.00
4.079905,873.0136,605.00
4.079905,873.0663,689.00
4.079905,873.1191,582.00
4.079905,873.1718,679.00
4.079905,873.2245,651.00
4.079905,873.2773,656.00
4.079905,873.3300,630.00
4.079905,873.3827,659.00
4.079905,873.4354,633.00
4.079905,873.4882,703.00
4.079905,873.5408,656.00
4.079905,873.5935,655.00
4.079905,873.6462,649.00
4.079905,873.6989,686.00
4.079905,873.7515,673.00
4.079905,873.8042,648.00
4.079905,873.8569,613.00
4.079905,873.9096,668.00
4.079905,873.9622,603.00
4.079905,874.0149,706.00
4.079905,874.0675,662.00
4.079905,874.1202,666.00
4.079905,874.1729,626.00
4.079905,874.2255,689.00
4.079905,874.2781,627.00
4.079905,874.3307,645.00
4.079905,874.3834,609.00
4.079905,874.4360,697.00
4.079905,874.4885,654.00
4.079905,874.5411,703.00
4.079905,874.5938,646.00
4.079905,874.6463,654.00
4.079905,874.6990,640.00
4.079905,874.7515,649.00
4.079905,874.8041,609.00
4.079905,874.8567,677.00
4.079905,874.9092,641.00
4.079905,874.9619,686.00
4.079905,875.0144,616.00
4.079905,875.0669,662.00
4.079905,875.1194,640.00
4.079905,875.1720,644.00
4.079905,875.2246,617.00
4.079905,875.2772,666.00
4.079905,875.3296,623.00
4.079905,875.3821,672.00
4.079905,875.4346,658.00
4.079905,875.4872,656.00
4.079905,875.5397,659.00
4.079905,875.5922,709.00
4.079905,875.6447,656.00
4.079905,875.6971,685.00
4.079905,875.7498,604.00
4.079905,875.8022,711.00
4.079905,875.8547,612.00
4.079905,875.9071,716.00
4.079905,875.9596,652.00
4.079905,876.0120,646.00
4.079905,876.0646,655.00
4.079905,876.1169,668.00
4.079905,876.1694,618.00
4.079905,876.2219,676.00
4.079905,876.2743,649.00
4.079905,876.3268,695.00
4.079905,876.3792,624.00
4.079905,876.4316,661.00
4.079905,876.4840,664.00
4.079905,876.5364,654.00
4.079905,876.5889,603.00
4.079905,876.6413,704.00
4.079905,876.6937,612.00
4.079905,876.7460,680.00
4.079905,876.7985,655.00
4.079905,876.8509,661.00
4.079905,876.9032,638.00
4.079905,876.9556,640.00
4.079905,877.0079,606.00
4.079905,877.0604,675.00
4.079905,877.1127,612.00
4.079905,877.1651,689.00
4.079905,877.2174,628.00
4.079905,877.2697,687.00
4.079905,877.3221,619.00
4.079905,877.3744,660.00
4.079905,877.4268,614.00
4.079905,877.4791,650.00
4.079905,877.5314,595.00
4.079905,877.5837,659.00
4.079905,877.6360,596.00
4.079905,877.6884,645.00
4.079905,877.7407,601.00
4.079905,877.7930,639.00
4.079905,877.8452,625.00
4.079905,877.8975,632.00
4.079905,877.9498,640.00
4.079905,878.0021,658.00
4.079905,878.0544,565.00
4.079905,878.1066,652.00
4.079905,878.1589,616.00
4.079905,878.2111,626.00
4.079905,878.2634,643.00
4.079905,878.3157,624.00
4.079905,878.3679,588.00
4.079905,878.4202,644.00
4.079905,878.4724,601.00
4.079905,878.5246,651.00
4.079905,878.5768,598.00
4.079905,878.6290,646.00
4.079905,878.6812,616.00
4.079905,878.7335,610.00
4.079905,878.7856,633.00
4.079905,878.8379,617.00
4.079905,878.8901,581.00
4.079905,878.9422,604.00
4.079905,878.9944,647.00
4.079905,879.0466,670.00
4.079905,879.0988,612.00
4.079905,879.1509,680.00
4.079905,879.2031,638.00
4.079905,879.2552,607.00
4.079905,879.3074,621.00
4.079905,879.3596,648.00
4.079905,879.4117,592.00
4.079905,879.4638,659.00
4.079905,879.5159,581.00
4.079905,879.5681,644.00
4.079905,879.6202,598.00
4.079905,879.6723,640.00
4.079905,879.7244,613.00
4.079905,879.7766,656.00
4.079905,879.8287,580.00
4.079905,879.8808,631.00
4.079905,879.9329,576.00
4.079905,879.9849,642.00
4.079905,880.0370,628.00
4.079905,880.0891,634.00
4.079905,880.1412,617.00
4.079905,880.1932,640.00
4.079905,880.2452,587.00
4.079905,880.2973,660.00
4.079905,880.3495,611.00
4.079905,880.4015,676.00
4.079905,880.4536,622.00
4.079905,880.5056,629.00
4.079905,880.5576,652.00
4.079905,880.6096,641.00
4.079905,880.6616,594.00
4.079905,880.7137,639.00
4.079905,880.7656,582.00
4.079905,880.8176,650.00
4.079905,880.8696,582.00
4.079905,880.9217,661.00
4.079905,880.9737,607.00
4.079905,881.0256,633.00
4.079905,881.0776,575.00
4.079905,881.1296,621.00
4.079905,881.1816,560.00
4.079905,881.2336,645.00
4.079905,881.2855,600.00
4.079905,881.3374,627.00
4.079905,881.3893,642.00
4.079905,881.4413,618.00
4.079905,881.4933,592.00
4.079905,881.5452,624.00
4.079905,881.5972,565.00
4.079905,881.6490,669.00
4.079905,881.7010,623.00
4.079905,881.7530,644.00
4.079905,881.8049,612.00
4.079905,881.8568,616.00
4.079905,881.9086,616.00
4.079905,881.9605,611.00
4.079905,882.0125,602.00
4.079905,882.0643,652.00
4.079905,882.1162,574.00
4.079905,882.1681,640.00
4.079905,882.2199,593.00
4.079905,882.2719,625.00
4.079905,882.3237,590.00
4.079905,882.3755,629.00
4.079905,882.4274,574.00
4.079905,882.4792,616.00
4.079905,882.5311,592.00
4.079905,882.5829,609.00
4.079905,882.6348,600.00
4.079905,882.6866,657.00
4.079905,882.7383,636.00
4.079905,882.7902,630.00
4.079905,882.8420,624.00
4.079905,882.8939,602.00
4.079905,882.9457,570.00
4.079905,882.9974,624.00
4.079905,883.0493,583.00
4.079905,883.1011,640.00
4.079905,883.1528,565.00
4.079905,883.2046,635.00
4.079905,883.2563,586.00
4.079905,883.3081,569.00
4.079905,883.3599,558.00
4.079905,883.4116,604.00
4.079905,883.4634,573.00
4.079905,883.5151,659.00
4.079905,883.5668,620.00
4.079905,883.6187,617.00
4.079905,883.6703,614.00
4.079905,883.7220,620.00
4.079905,883.7738,599.00
4.079905,883.8254,606.00
4.079905,883.8773,590.00
4.079905,883.9289,641.00
4.079905,883.9806,574.00
4.079905,884.0323,665.00
4.079905,884.0840,627.00
4.079905,884.1357,635.00
4.079905,884.1874,610.00
4.079905,884.2391,641.00
4.079905,884.2907,562.00
4.079905,884.3423,647.00
4.079905,884.3940,565.00
4.079905,884.4457,615.00
4.079905,884.4974,598.00
4.079905,884.5490,637.00
4.079905,884.6006,603.00
4.079905,884.6523,638.00
4.079905,884.7039,587.00
4.079905,884.7555,659.00
4.079905,884.8071,594.00
4.079905,884.8588,635.00
4.079905,884.9103,629.00
4.079905,884.9620,671.00
4.079905,885.0136,665.00
4.079905,885.0651,613.00
4.079905,885.1168,603.00
4.079905,885.1683,668.00
4.079905,885.2200,613.00
4.079905,885.2715,654.00
4.079905,885.3231,620.00
4.079905,885.3746,673.00
4.079905,885.4262,618.00
4.079905,885.4778,642.00
4.079905,885.5293,623.00
4.079905,885.5809,678.00
4.079905,885.6324,586.00
4.079905,885.6839,611.00
4.079905,885.7355,595.00
4.079905,885.7870,683.00
4.079905,885.8385,597.00
4.079905,885.8900,671.00
4.079905,885.9415,647.00
4.079905,885.9930,631.00
4.079905,886.0446,569.00
4.079905,886.0960,670.00
4.079905,886.1475,601.00
4.079905,886.1990,663.00
4.079905,886.2504,595.00
4.079905,886.3020,674.00
4.079905,886.3534,611.00
4.079905,886.4048,634.00
4.079905,886.4564,599.00
4.079905,886.5078,635.00
4.079905,886.5593,599.00
4.079905,886.6107,685.00
4.079905,886.6621,629.00
4.079905,886.7136,667.00
4.079905,886.7650,611.00
4.079905,886.8164,655.00
4.079905,886.8679,630.00
4.079905,886.9193,634.00
4.079905,886.9706,577.00
4.079905,887.0220,659.00
4.079905,887.0735,599.00
4.079905,887.1249,629.00
4.079905,887.1762,585.00
4.079905,887.2276,674.00
4.079905,887.2789,649.00
4.079905,887.3304,621.00
4.079905,887.3818,618.00
4.079905,887.4331,668.00
4.079905,887.4844,619.00
4.079905,887.5358,678.00
4.079905,887.5871,606.00
4.079905,887.6385,659.00
4.079905,887.6898,654.00
4.079905,887.7411,641.00
4.079905,887.7925,593.00
4.079905,887.8438,635.00
4.079905,887.8951,601.00
4.079905,887.9464,697.00
4.079905,887.9977,610.00
4.079905,888.0490,722.00
4.079905,888.1003,657.00
4.079905,888.1516,662.00
4.079905,888.2029,602.00
4.079905,888.2542,655.00
4.079905,888.3054,613.00
4.079905,888.3567,674.00
4.079905,888.4080,635.00
4.079905,888.4592,667.00
4.079905,888.5105,611.00
4.079905,888.5618,678.00
4.079905,888.6130,621.00
4.079905,888.6642,655.00
4.079905,888.7155,625.00
4.079905,888.7667,635.00
4.079905,888.8179,607.00
4.079905,888.8691,668.00
4.079905,888.9204,637.00
4.079905,888.9716,662.00
4.079905,889.0228,643.00
4.079905,889.0740,639.00
4.079905,889.1252,670.00
4.079905,889.1764,652.00
4.079905,889.2275,627.00
4.079905,889.2787,703.00
4.079905,889.3299,607.00
4.079905,889.3810,673.00
4.079905,889.4322,672.00
4.079905,889.4835,687.00
4.079905,889.5346,667.00
4.079905,889.5857,637.00
4.079905,889.6368,602.00
4.079905,889.6879,654.00
4.079905,889.7391,605.00
4.079905,889.7903,675.00
4.079905,889.8414,616.00
4.079905,889.8925,693.00
4.079905,889.9435,663.00
4.079905,889.9948,650.00
4.079905,890.0458,609.00
4.079905,890.0969,686.00
4.079905,890.1479,608.00
4.079905,890.1990,685.00
4.079905,890.2501,619.00
4.079905,890.3012,660.00
4.079905,890.3523,647.00
4.079905,890.4034,610.00
4.079905,890.4545,640.00
4.079905,890.5054,653.00
4.079905,890.5566,592.00
4.079905,890.6076,647.00
4.079905,890.6586,609.00
4.079905,890.7097,642.00
4.079905,890.7607,634.00
4.079905,890.8117,650.00
4.079905,890.8627,647.00
4.079905,890.9138,638.00
4.079905,890.9647,589.00
4.079905,891.0157,643.00
4.079905,891.0668,595.00
4.079905,891.1178,633.00
4.079905,891.1688,599.00
4.079905,891.2197,670.00
4.079905,891.2707,617.00
4.079905,891.3217,635.00
4.079905,891.3727,610.00
4.079905,891.4236,623.00
4.079905,891.4745,585.00
4.079905,891.5256,658.00
4.079905,891.5765,603.00
4.079905,891.6275,649.00
4.079905,891.6783,597.00
4.079905,891.7293,616.00
4.079905,891.7802,619.00
4.079905,891.8312,629.00
4.079905,891.8821,586.00
4.079905,891.9330,636.00
4.079905,891.9839,582.00
4.079905,892.0348,647.00
4.079905,892.0857,636.00
4.079905,892.1366,643.00
4.079905,892.1875,594.00
4.079905,892.2383,655.00
4.079905,892.2892,599.00
4.079905,892.3401,650.00
4.079905,892.3911,599.00
4.079905,892.4418,695.00
4.079905,892.4927,639.00
4.079905,892.5436,669.00
4.079905,892.5944,625.00
4.079905,892.6452,643.00
4.079905,892.6961,643.00
4.079905,892.7469,631.00
4.079905,892.7977,628.00
4.079905,892.8485,628.00
4.079905,892.8993,633.00
4.079905,892.9502,667.00
4.079905,893.0010,609.00
4.079905,893.0518,616.00
4.079905,893.1025,632.00
4.079905,893.1534,642.00
4.079905,893.2042,619.00
4.079905,893.2549,678.00
4.079905,893.3057,622.00
4.079905,893.3564,672.00
4.079905,893.4072,679.00
4.079905,893.4580,671.00
4.079905,893.5087,631.00
4.079905,893.5595,651.00
4.079905,893.6102,594.00
4.079905,893.6609,673.00
4.079905,893.7117,585.00
4.079905,893.7625,699.00
4.079905,893.8132,629.00
4.079905,893.8639,673.00
4.079905,893.9146,624.00
4.079905,893.9653,620.00
4.079905,894.0160,609.00
4.079905,894.0667,644.00
4.079905,894.1174,614.00
4.079905,894.1681,662.00
4.079905,894.2188,628.00
4.079905,894.2695,672.00
4.079905,894.3201,636.00
4.079905,894.3708,633.00
4.079905,894.4214,611.00
4.079905,894.4720,648.00
4.079905,894.5228,602.00
4.079905,894.5734,706.00
4.079905,894.6240,616.00
4.079905,894.6746,659.00
4.079905,894.7252,670.00
4.079905,894.7759,645.00
4.079905,894.8265,613.00
4.079905,894.8771,634.00
4.079905,894.9277,575.00
4.079905,894.9783,663.00
4.079905,895.0290,604.00
4.079905,895.0795,694.00
4.079905,895.1301,619.00
4.079905,895.1807,647.00
4.079905,895.2313,637.00
4.079905,895.2819,640.00
4.079905,895.3325,611.00
4.079905,895.3830,641.00
4.079905,895.4336,585.00
4.079905,895.4841,682.00
4.079905,895.5347,640.00
4.079905,895.5852,663.00
4.079905,895.6357,624.00
4.079905,895.6863,662.00
4.079905,895.7368,627.00
4.079905,895.7874,650.00
4.079905,895.8379,579.00
4.079905,895.8884,654.00
4.079905,895.9388,589.00
4.079905,895.9893,655.00
4.079905,896.0399,625.00
4.079905,896.0904,637.00
4.079905,896.1408,649.00
4.079905,896.1913,642.00
4.079905,896.2418,591.00
4.079905,896.2922,660.00
4.079905,896.3427,620.00
4.079905,896.3932,708.00
4.079905,896.4437,651.00
4.079905,896.4941,671.00
4.079905,896.5445,630.00
4.079905,896.5950,630.00
4.079905,896.6454,642.00
4.079905,896.6958,653.00
4.079905,896.7462,597.00
4.079905,896.7967,669.00
4.079905,896.8471,631.00
4.079905,896.8975,665.00
4.079905,896.9479,626.00
4.079905,896.9983,650.00
4.079905,897.0486,628.00
4.079905,897.0991,631.00
4.079905,897.1495,616.00
4.079905,897.1998,703.00
4.079905,897.2502,609.00
4.079905,897.3005,692.00
4.079905,897.3510,625.00
4.079905,897.4013,670.00
4.079905,897.4517,657.00
4.079905,897.5020,656.00
4.079905,897.5523,608.00
4.079905,897.6026,680.00
4.079905,897.6530,617.00
4.079905,897.7033,674.00
4.079905,897.7537,622.00
4.079905,897.8040,660.00
4.079905,897.8542,608.00
4.079905,897.9046,652.00
4.079905,897.9549,629.00
4.079905,898.0051,675.00
4.079905,898.0554,604.00
4.079905,898.1057,670.00
4.079905,898.1560,610.00
4.079905,898.2063,690.00
4.079905,898.2565,633.00
4.079905,898.3068,616.00
4.079905,898.3571,625.00
4.079905,898.4073,607.00
4.079905,898.4576,585.00
4.079905,898.5078,644.00
4.079905,898.5580,586.00
4.079905,898.6083,670.00
4.079905,898.6584,649.00
4.079905,898.7087,662.00
4.079905,898.7590,634.00
4.079905,898.8091,641.00
4.079905,898.8593,633.00
4.079905,898.9095,642.00
4.079905,898.9598,569.00
4.079905,899.0099,693.00
4.079905,899.0601,602.00
4.079905,899.1103,644.00
4.079905,899.1605,615.00
4.079905,899.2107,632.00
4.079905,899.2608,622.00
4.079905,899.3109,645.00
4.079905,899.3611,608.00
4.079905,899.4113,665.00
4.079905,899.4614,624.00
4.079905,899.5115,637.00
4.079905,899.5616,614.00
4.079905,899.6118,654.00
4.079905,899.6619,614.00
4.079905,899.7121,624.00
4.079905,899.7622,586.00
4.079905,899.8123,647.00
4.079905,899.8624,599.00
4.079905,899.9124,667.00
4.079905,899.9626,600.00
4.079905,900.0126,651.00
4.079905,900.0627,623.00
4.079905,900.1127,659.00
4.079905,900.1628,583.00
4.079905,900.2130,682.00
4.079905,900.2631,553.00
4.079905,900.3130,673.00
4.079905,900.3631,605.00
4.079905,900.4131,629.00
4.079905,900.4632,595.00
4.079905,900.5132,640.00
4.079905,900.5633,590.00
4.079905,900.6132,622.00
4.079905,900.6632,620.00
4.079905,900.7133,629.00
4.079905,900.7633,576.00
4.079905,900.8133,633.00
4.079905,900.8633,603.00
4.079905,900.9133,630.00
4.079905,900.9633,596.00
4.079905,901.0133,638.00
4.079905,901.0632,596.00
4.079905,901.1132,615.00
4.079905,901.1631,579.00
4.079905,901.2131,652.00
4.079905,901.2631,623.00
4.079905,901.3130,662.00
4.079905,901.3630,617.00
4.079905,901.4129,641.00
4.079905,901.4628,648.00
4.079905,901.5128,615.00
4.079905,901.5627,593.00
4.079905,901.6126,670.00
4.079905,901.6625,592.00
4.079905,901.7124,638.00
4.079905,901.7623,607.00
4.079905,901.8123,612.00
4.079905,901.8621,617.00
4.079905,901.9120,622.00
4.079905,901.9619,597.00
4.079905,902.0117,661.00
4.079905,902.0616,614.00
4.079905,902.1115,654.00
4.079905,902.1613,649.00
4.079905,902.2112,628.00
4.079905,902.2610,614.00
4.079905,902.3109,619.00
4.079905,902.3608,583.00
4.079905,902.4106,658.00
4.079905,902.4604,618.00
4.079905,902.5103,641.00
4.079905,902.5601,601.00
4.079905,902.6099,661.00
4.079905,902.6597,643.00
4.079905,902.7095,621.00
4.079905,902.7592,608.00
4.079905,902.8090,660.00
4.079905,902.8589,558.00
4.079905,902.9086,667.00
4.079905,902.9584,596.00
4.079905,903.0082,662.00
4.079905,903.0580,646.00
4.079905,903.1077,631.00
4.079905,903.1575,627.00
4.079905,903.2072,648.00
4.079905,903.2570,599.00
4.079905,903.3067,657.00
4.079905,903.3564,599.00
4.079905,903.4062,673.00
4.079905,903.4559,632.00
4.079905,903.5056,619.00
4.079905,903.5553,610.00
4.079905,903.6050,629.00
4.079905,903.6547,592.00
4.079905,903.7045,692.00
4.079905,903.7541,569.00
4.079905,903.8038,671.00
4.079905,903.8535,618.00
4.079905,903.9032,636.00
4.079905,903.9528,620.00
4.079905,904.0025,632.00
4.079905,904.0522,587.00
4.079905,904.1019,643.00
4.079905,904.1515,598.00
4.079905,904.2012,632.00
4.079905,904.2507,598.00
4.079905,904.3004,633.00
4.079905,904.3500,591.00
4.079905,904.3997,609.00
4.079905,904.4493,588.00
4.079905,904.4989,629.00
4.079905,904.5485,574.00
4.079905,904.5980,635.00
4.079905,904.6477,576.00
4.079905,904.6973,650.00
4.079905,904.7469,560.00
4.079905,904.7964,621.00
4.079905,904.8460,591.00
4.079905,904.8956,592.00
4.079905,904.9452,565.00
4.079905,904.9947,606.00
4.079905,905.0443,572.00
4.079905,905.0938,633.00
4.079905,905.1434,596.00
4.079905,905.1929,628.00
4.079905,905.2424,625.00
4.079905,905.2919,636.00
4.079905,905.3414,578.00
4.079905,905.3910,624.00
4.079905,905.4406,576.00
4.079905,905.4901,664.00
4.079905,905.5396,578.00
4.079905,905.5890,649.00
4.079905,905.6385,604.00
4.079905,905.6880,608.00
4.079905,905.7375,614.00
4.079905,905.7870,639.00
4.079905,905.8364,572.00
4.079905,905.8859,650.00
4.079905,905.9354,606.00
4.079905,905.9848,663.00
4.079905,906.0342,671.00
4.079905,906.0837,690.00
4.079905,906.1331,607.00
4.079905,906.1826,651.00
4.079905,906.2321,605.00
4.079905,906.2814,655.00
4.079905,906.3309,595.00
4.079905,906.3802,655.00
4.079905,906.4297,645.00
4.079905,906.4791,646.00
4.079905,906.5285,607.00
4.079905,906.5779,613.00
4.079905,906.6273,589.00
4.079905,906.6766,646.00
4.079905,906.7260,627.00
4.079905,906.7754,665.00
4.079905,906.8248,600.00
4.079905,906.8741,668.00
4.079905,906.9235,635.00
4.079905,906.9729,631.00
4.079905,907.0222,622.00
4.079905,907.0715,640.00
4.079905,907.1208,590.00
4.079905,907.1702,655.00
4.079905,907.2195,611.00
4.079905,907.2688,615.00
4.079905,907.3181,620.00
4.079905,907.3674,639.00
4.079905,907.4167,615.00
4.079905,907.4660,629.00
4.079905,907.5153,589.00
4.079905,907.5646,630.00
4.079905,907.6139,599.00
4.079905,907.6631,671.00
4.079905,907.7125,584.00
4.079905,907.7617,622.00
4.079905,907.8110,637.00
4.079905,907.8602,647.00
4.079905,907.9094,553.00
4.079905,907.9587,640.00
4.079905,908.0080,557.00
4.079905,908.0572,660.00
4.079905,908.1064,601.00
4.079905,908.1556,644.00
4.079905,908.2048,670.00
4.079905,908.2541,630.00
4.079905,908.3033,612.00
4.079905,908.3524,634.00
4.079905,908.4017,576.00
4.079905,908.4508,683.00
4.079905,908.5000,607.00
4.079905,908.5493,634.00
4.079905,908.5984,633.00
4.079905,908.6475,626.00
4.079905,908.6967,585.00
4.079905,908.7459,637.00
4.079905,908.7950,589.00
4.079905,908.8442,638.00
4.079905,908.8932,589.00
4.079905,908.9424,664.00
4.079905,908.9916,624.00
4.079905,909.0407,654.00
4.079905,909.0898,653.00
4.079905,909.1389,622.00
4.079905,909.1880,594.00
4.079905,909.2372,662.00
4.079905,909.2863,573.00
4.079905,909.3354,676.00
4.079905,909.3845,575.00
4.079905,909.4335,659.00
4.079905,909.4825,633.00
4.079905,909.5317,628.00
4.079905,909.5807,590.00
4.079905,909.6298,649.00
4.079905,909.6789,569.00
4.079905,909.7280,646.00
4.079905,909.7770,564.00
4.079905,909.8260,647.00
4.079905,909.8751,604.00
4.079905,909.9241,628.00
4.079905,909.9731,619.00
4.079905,910.0222,638.00
4.079905,910.0711,617.00
4.079905,910.1201,660.00
4.079905,910.1691,558.00
4.079905,910.2181,629.00
4.079905,910.2672,631.00
4.079905,910.3162,644.00
4.079905,910.3651,612.00
4.079905,910.4141,657.00
4.079905,910.4631,654.00
4.079905,910.5120,637.00
4.079905,910.5610,590.00
4.079905,910.6099,624.00
4.079905,910.6589,590.00
4.079905,910.7078,647.00
4.079905,910.7568,634.00
4.079905,910.8057,647.00
4.079905,910.8546,630.00
4.079905,910.9036,653.00
4.079905,910.9525,589.00
4.079905,911.0013,647.00
4.079905,911.0503,635.00
4.079905,911.0992,633.00
4.079905,911.1481,630.00
4.079905,911.1970,636.00
4.079905,911.2459,627.00
4.079905,911.2948,643.00
4.079905,911.3436,588.00
4.079905,911.3925,649.00
4.079905,911.4414,598.00
4.079905,911.4902,669.00
4.079905,911.5391,645.00
4.079905,911.5880,626.00
4.079905,911.6368,612.00
4.079905,911.6857,649.00
4.079905,911.7344,580.00
4.079905,911.7833,630.00
4.079905,911.8321,609.00
4.079905,911.8809,666.00
4.079905,911.9297,618.00
4.079905,911.9785,648.00
4.079905,912.0273,653.00
4.079905,912.0762,622.00
4.079905,912.1249,665.00
4.079905,912.1737,643.00
4.079905,912.2225,594.00
4.079905,912.2712,672.00
4.079905,912.3201,653.00
4.079905,912.3688,690.00
4.079905,912.4176,623.00
4.079905,912.4663,653.00
4.079905,912.5150,610.00
4.079905,912.5638,658.00
4.079905,912.6125,615.00
4.079905,912.6613,659.00
4.079905,912.7100,622.00
4.079905,912.7587,635.00
4.079905,912.8074,645.00
4.079905,912.8561,669.00
4.079905,912.9048,627.00
4.079905,912.9535,669.00
4.079905,913.0023,659.00
4.079905,913.0510,626.00
4.079905,913.0996,612.00
4.079905,913.1483,671.00
4.079905,913.1969,626.00
4.079905,913.2456,649.00
4.079905,913.2943,675.00
4.079905,913.3430,654.00
4.079905,913.3916,617.00
4.079905,913.4402,667.00
4.079905,913.4888,636.00
4.079905,913.5375,691.00
4.079905,913.5862,611.00
4.079905,913.6348,694.00
4.079905,913.6834,665.00
4.079905,913.7320,666.00
4.079905,913.7806,635.00
4.079905,913.8292,663.00
4.079905,913.8778,629.00
4.079905,913.9264,668.00
4.079905,913.9750,611.00
4.079905,914.0236,691.00
4.079905,914.0721,657.00
4.079905,914.1207,674.00
4.079905,914.1693,646.00
4.079905,914.2178,675.00
4.079905,914.2664,647.00
4.079905,914.3149,658.00
4.079905,914.3635,615.00
4.079905,914.4120,691.00
4.079905,914.4606,675.00
4.079905,914.5090,723.00
4.079905,914.5576,685.00
4.079905,914.6061,689.00
4.079905,914.6546,671.00
4.079905,914.7031,709.00
4.079905,914.7516,613.00
4.079905,914.8001,702.00
4.079905,914.8486,662.00
4.079905,914.8971,709.00
4.079905,914.9456,652.00
4.079905,914.9941,680.00
4.079905,915.0425,663.00
4.079905,915.0910,645.00
4.079905,915.1395,642.00
4.079905,915.1879,722.00
4.079905,915.2363,634.00
4.079905,915.2849,725.00
4.079905,915.3333,670.00
4.079905,915.3817,691.00
4.079905,915.4301,639.00
4.079905,915.4785,679.00
4.079905,915.5269,626.00
4.079905,915.5754,667.00
4.079905,915.6237,665.00
4.079905,915.6721,697.00
4.079905,915.7205,607.00
4.079905,915.7689,731.00
4.079905,915.8173,663.00
4.079905,915.8657,670.00
4.079905,915.9141,640.00
4.079905,915.9623,695.00
4.079905,916.0107,629.00
4.079905,916.0591,701.00
4.079905,916.1075,633.00
4.079905,916.1558,662.00
4.079905,916.2042,633.00
4.079905,916.2524,674.00
4.079905,916.3008,648.00
4.079905,916.3491,652.00
4.079905,916.3974,607.00
4.079905,916.4457,666.00
4.079905,916.4940,613.00
4.079905,916.5423,682.00
4.079905,916.5907,674.00
4.079905,916.6390,671.00
4.079905,916.6872,637.00
4.079905,916.7355,660.00
4.079905,916.7838,611.00
4.079905,916.8320,685.00
4.079905,916.8803,637.00
4.079905,916.9286,686.00
4.079905,916.9768,608.00
4.079905,917.0250,691.00
4.079905,917.0733,676.00
4.079905,917.1216,674.00
4.079905,917.1698,641.00
4.079905,917.2180,656.00
4.079905,917.2662,619.00
4.079905,917.3145,680.00
4.079905,917.3626,645.00
4.079905,917.4109,702.00
4.079905,917.4590,634.00
4.079905,917.5072,709.00
4.079905,917.5554,642.00
4.079905,917.6036,686.00
4.079905,917.6518,619.00
4.079905,917.7000,693.00
4.079905,917.7481,600.00
4.079905,917.7963,681.00
4.079905,917.8444,647.00
4.079905,917.8926,691.00
4.079905,917.9407,658.00
4.079905,917.9888,690.00
4.079905,918.0369,610.00
4.079905,918.0851,665.00
4.079905,918.1332,629.00
4.079905,918.1813,685.00
4.079905,918.2294,625.00
4.079905,918.2776,687.00
4.079905,918.3257,658.00
4.079905,918.3737,662.00
4.079905,918.4218,654.00
4.079905,918.4699,678.00
4.079905,918.5180,617.00
4.079905,918.5660,639.00
4.079905,918.6142,619.00
4.079905,918.6622,687.00
4.079905,918.7103,673.00
4.079905,918.7583,672.00
4.079905,918.8064,689.00
4.079905,918.8544,657.00
4.079905,918.9025,633.00
4.079905,918.9505,712.00
4.079905,918.9985,628.00
4.079905,919.0464,690.00
4.079905,919.0945,674.00
4.079905,919.1426,728.00
4.079905,919.1905,680.00
4.079905,919.2385,648.00
4.079905,919.2866,627.00
4.079905,919.3345,681.00
4.079905,919.3825,612.00
4.079905,919.4304,676.00
4.079905,919.4785,630.00
4.079905,919.5264,699.00
4.079905,919.5744,644.00
4.079905,919.6224,686.00
4.079905,919.6703,642.00
4.079905,919.7182,657.00
4.079905,919.7661,629.00
4.079905,919.8141,684.00
4.079905,919.8620,645.00
4.079905,919.9100,711.00
4.079905,919.9578,638.00
4.079905,920.0057,714.00
4.079905,920.0536,642.00
4.079905,920.1016,704.00
4.079905,920.1495,637.00
4.079905,920.1973,647.00
4.079905,920.2452,585.00
4.079905,920.2932,649.00
4.079905,920.3410,648.00
4.079905,920.3888,662.00
4.079905,920.4367,651.00
4.079905,920.4846,660.00
4.079905,920.5323,612.00
4.079905,920.5803,644.00
4.079905,920.6281,611.00
4.079905,920.6759,691.00
4.079905,920.7237,638.00
4.079905,920.7715,682.00
4.079905,920.8195,640.00
4.079905,920.8672,641.00
4.079905,920.9150,635.00
4.079905,920.9628,665.00
4.079905,921.0106,629.00
4.079905,921.0584,668.00
4.079905,921.1062,598.00
4.079905,921.1540,669.00
4.079905,921.2017,616.00
4.079905,921.2495,626.00
4.079905,921.2973,634.00
4.079905,921.3450,639.00
4.079905,921.3928,596.00
4.079905,921.4405,656.00
4.079905,921.4882,573.00
4.079905,921.5359,671.00
4.079905,921.5837,609.00
4.079905,921.6315,648.00
4.079905,921.6791,620.00
4.079905,921.7269,660.00
4.079905,921.7746,617.00
4.079905,921.8223,622.00
4.079905,921.8700,608.00
4.079905,921.9177,668.00
4.079905,921.9653,610.00
4.079905,922.0130,662.00
4.079905,922.0607,639.00
4.079905,922.1084,640.00
4.079905,922.1561,612.00
4.079905,922.2037,635.00
4.079905,922.2513,623.00
4.079905,922.2990,647.00
4.079905,922.3467,596.00
4.079905,922.3943,652.00
4.079905,922.4419,649.00
4.079905,922.4895,657.00
4.079905,922.5371,629.00
4.079905,922.5848,648.00
4.079905,922.6324,626.00
4.079905,922.6800,674.00
4.079905,922.7276,560.00
4.079905,922.7752,678.00
4.079905,922.8228,614.00
4.079905,922.8704,677.00
4.079905,922.9179,611.00
4.079905,922.9655,654.00
4.079905,923.0130,619.00
4.079905,923.0607,689.00
4.079905,923.1082,620.00
4.079905,923.1558,701.00
4.079905,923.2032,613.00
4.079905,923.2508,639.00
4.079905,923.2983,664.00
4.079905,923.3459,668.00
4.079905,923.3934,644.00
4.079905,923.4409,644.00
4.079905,923.4884,605.00
4.079905,923.5359,662.00
4.079905,923.5834,590.00
4.079905,923.6309,670.00
4.079905,923.6784,648.00
4.079905,923.7259,648.00
4.079905,923.7734,639.00
4.079905,923.8209,635.00
4.079905,923.8683,611.00
4.079905,923.9158,650.00
4.079905,923.9632,634.00
4.079905,924.0106,683.00
4.079905,924.0581,613.00
4.079905,924.1056,657.00
4.079905,924.1530,653.00
4.079905,924.2004,669.00
4.079905,924.2479,631.00
4.079905,924.2952,624.00
4.079905,924.3427,590.00
4.079905,924.3901,706.00
4.079905,924.4375,628.00
4.079905,924.4849,691.00
4.079905,924.5323,646.00
4.079905,924.5797,621.00
4.079905,924.6270,637.00
4.079905,924.6744,672.00
4.079905,924.7218,601.00
4.079905,924.7692,665.00
4.079905,924.8165,606.00
4.079905,924.8639,660.00
4.079905,924.9112,640.00
4.079905,924.9585,666.00
4.079905,925.0059,670.00
4.079905,925.0532,663.00
4.079905,925.1005,600.00
4.079905,925.1478,668.00
4.079905,925.1952,609.00
4.079905,925.2424,667.00
4.079905,925.2897,621.00
4.079905,925.3370,678.00
4.079905,925.3843,632.00
4.079905,925.4316,658.00
4.079905,925.4789,595.00
4.079905,925.5262,658.00
4.079905,925.5734,615.00
4.079905,925.6207,690.00
4.079905,925.6680,637.00
4.079905,925.7153,665.00
4.079905,925.7625,651.00
4.079905,925.8097,639.00
4.079905,925.8569,669.00
4.079905,925.9042,650.00
4.079905,925.9514,610.00
4.079905,925.9987,675.00
4.079905,926.0458,605.00
4.079905,926.0930,656.00
4.079905,926.1403,609.00
4.079905,926.1874,689.00
4.079905,926.2346,653.00
4.079905,926.2819,664.00
4.079905,926.3290,614.00
4.079905,926.3762,656.00
4.079905,926.4233,592.00
4.079905,926.4705,704.00
4.079905,926.5177,670.00
4.079905,926.5648,673.00
4.079905,926.6120,670.00
4.079905,926.6591,694.00
4.079905,926.7063,636.00
4.079905,926.7534,665.00
4.079905,926.8005,606.00
4.079905,926.8477,705.00
4.079905,926.8947,639.00
4.079905,926.9418,714.00
4.079905,926.9890,678.00
4.079905,927.0361,693.00
4.079905,927.0831,664.00
4.079905,927.1302,701.00
4.079905,927.1773,625.00
4.079905,927.2244,703.00
4.079905,927.2715,634.00
4.079905,927.3185,686.00
4.079905,927.3656,648.00
4.079905,927.4126,718.00
4.079905,927.4597,707.00
4.079905,927.5067,685.00
4.079905,927.5538,637.00
4.079905,927.6008,718.00
4.079905,927.6478,629.00
4.079905,927.6949,703.00
4.079905,927.7419,686.00
4.079905,927.7888,708.00
4.079905,927.8358,699.00
4.079905,927.8829,714.00
4.079905,927.9299,653.00
4.079905,927.9769,719.00
4.079905,928.0239,652.00
4.079905,928.0708,713.00
4.079905,928.1177,657.00
4.079905,928.1648,712.00
4.079905,928.2117,707.00
4.079905,928.2587,692.00
4.079905,928.3056,644.00
4.079905,928.3525,676.00
4.079905,928.3995,648.00
4.079905,928.4465,719.00
4.079905,928.4934,658.00
4.079905,928.5402,682.00
4.079905,928.5872,656.00
4.079905,928.6340,718.00
4.079905,928.6810,655.00
4.079905,928.7279,665.00
4.079905,928.7748,663.00
4.079905,928.8217,686.00
4.079905,928.8685,623.00
4.079905,928.9155,703.00
4.079905,928.9623,626.00
4.079905,929.0092,695.00
4.079905,929.0560,653.00
4.079905,929.1028,663.00
4.079905,929.1498,641.00
4.079905,929.1965,683.00
4.079905,929.2434,657.00
4.079905,929.2902,678.00
4.079905,929.3370,627.00
4.079905,929.3839,696.00
4.079905,929.4307,643.00
4.079905,929.4775,672.00
4.079905,929.5243,645.00
4.079905,929.5710,665.00
4.079905,929.6179,644.00
4.079905,929.6647,671.00
4.079905,929.7115,634.00
4.079905,929.7582,698.00
4.079905,929.8050,610.00
4.079905,929.8517,734.00
4.079905,929.8986,649.00
4.079905,929.9453,643.00
4.079905,929.9921,635.00
4.079905,930.0388,707.00
4.079905,930.0854,633.00
4.079905,930.1323,694.00
4.079905,930.1790,633.00
4.079905,930.2256,701.00
4.079905,930.2724,673.00
4.079905,930.3191,664.00
4.079905,930.3658,639.00
4.079905,930.4125,694.00
4.079905,930.4592,618.00
4.079905,930.5059,680.00
4.079905,930.5526,630.00
4.079905,930.5993,681.00
4.079905,930.6459,671.00
4.079905,930.6926,669.00
4.079905,930.7392,652.00
4.079905,930.7859,689.00
4.079905,930.8325,618.00
4.079905,930.8792,691.00
4.079905,930.9258,640.00
4.079905,930.9725,706.00
4.079905,931.0190,666.00
4.079905,931.0657,673.00
4.079905,931.1123,681.00
4.079905,931.1589,654.00
4.079905,931.2055,625.00
4.079905,931.2521,631.00
4.079905,931.2987,604.00
4.079905,931.3453,678.00
4.079905,931.3919,649.00
4.079905,931.4385,680.00
4.079905,931.4850,665.00
4.079905,931.5316,660.00
4.079905,931.5782,627.00
4.079905,931.6248,656.00
4.079905,931.6713,640.00
4.079905,931.7178,708.00
4.079905,931.7643,642.00
4.079905,931.8109,697.00
4.079905,931.8574,664.00
4.079905,931.9039,676.00
4.079905,931.9504,658.00
4.079905,931.9969,667.00
4.079905,932.0435,622.00
4.079905,932.0900,714.00
4.079905,932.1365,624.00
4.079905,932.1829,679.00
4.079905,932.2294,655.00
4.079905,932.2759,713.00
4.079905,932.3223,653.00
4.079905,932.3688,652.00
4.079905,932.4153,665.00
4.079905,932.4617,695.00
4.079905,932.5082,644.00
4.079905,932.5546,706.00
4.079905,932.6011,664.00
4.079905,932.6475,722.00
4.079905,932.6939,691.00
4.079905,932.7402,696.00
4.079905,932.7867,661.00
4.079905,932.8331,694.00
4.079905,932.8795,607.00
4.079905,932.9259,721.00
4.079905,932.9723,644.00
4.079905,933.0187,704.00
4.079905,933.0651,677.00
4.079905,933.1115,663.00
4.079905,933.1578,668.00
4.079905,933.2042,674.00
4.079905,933.2505,658.00
4.079905,933.2969,714.00
4.079905,933.3433,681.00
4.079905,933.3896,700.00
4.079905,933.4359,651.00
4.079905,933.4822,717.00
4.079905,933.5286,667.00
4.079905,933.5749,672.00
4.079905,933.6212,692.00
4.079905,933.6675,685.00
4.079905,933.7138,662.00
4.079905,933.7601,723.00
4.079905,933.8064,652.00
4.079905,933.8527,670.00
4.079905,933.8989,656.00
4.079905,933.9452,679.00
4.079905,933.9915,689.00
4.079905,934.0378,700.00
4.079905,934.0840,639.00
4.079905,934.1302,740.00
4.079905,934.1765,639.00
4.079905,934.2227,740.00
4.079905,934.2690,682.00
4.079905,934.3152,689.00
4.079905,934.3614,664.00
4.079905,934.4077,681.00
4.079905,934.4539,662.00
4.079905,934.5001,695.00
4.079905,934.5463,636.00
4.079905,934.5925,728.00
4.079905,934.6387,698.00
4.079905,934.6848,701.00
4.079905,934.7310,689.00
4.079905,934.7772,708.00
4.079905,934.8234,658.00
4.079905,934.8695,687.00
4.079905,934.9156,668.00
4.079905,934.9619,708.00
4.079905,935.0080,676.00
4.079905,935.0541,719.00
4.079905,935.1002,699.00
4.079905,935.1464,726.00
4.079905,935.1925,656.00
4.079905,935.2386,708.00
4.079905,935.2847,677.00
4.079905,935.3308,713.00
4.079905,935.3769,663.00
4.079905,935.4230,740.00
4.079905,935.4691,676.00
4.079905,935.5152,712.00
4.079905,935.5613,674.00
4.079905,935.6073,701.00
4.079905,935.6534,622.00
4.079905,935.6995,706.00
4.079905,935.7455,642.00
4.079905,935.7916,705.00
4.079905,935.8376,676.00
4.079905,935.8837,713.00
4.079905,935.9297,659.00
4.079905,935.9757,701.00
4.079905,936.0217,644.00
4.079905,936.0677,664.00
4.079905,936.1137,620.00
4.079905,936.1598,693.00
4.079905,936.2057,644.00
4.079905,936.2518,680.00
4.079905,936.2977,676.00
4.079905,936.3437,678.00
4.079905,936.3896,628.00
4.079905,936.4357,678.00
4.079905,936.4816,614.00
4.079905,936.5275,696.00
4.079905,936.5735,629.00
4.079905,936.6194,674.00
4.079905,936.6654,661.00
4.079905,936.7114,671.00
4.079905,936.7573,628.00
4.079905,936.8032,636.00
4.079905,936.8491,581.00
4.079905,936.8950,688.00
4.079905,936.9409,601.00
4.079905,936.9868,686.00
4.079905,937.0327,618.00
4.079905,937.0786,676.00
4.079905,937.1245,642.00
4.079905,937.1704,662.00
4.079905,937.2162,623.00
4.079905,937.2621,667.00
4.079905,937.3080,582.00
4.079905,937.3539,653.00
4.079905,937.3997,615.00
4.079905,937.4455,697.00
4.079905,937.4913,651.00
4.079905,937.5372,655.00
4.079905,937.5831,616.00
4.079905,937.6289,623.00
4.079905,937.6747,622.00
4.079905,937.7205,681.00
4.079905,937.7663,613.00
4.079905,937.8121,690.00
4.079905,937.8579,605.00
4.079905,937.9037,643.00
4.079905,937.9495,654.00
4.079905,937.9952,668.00
4.079905,938.0410,613.00
4.079905,938.0868,670.00
4.079905,938.1325,603.00
4.079905,938.1783,679.00
4.079905,938.2240,620.00
4.079905,938.2698,666.00
4.079905,938.3155,655.00
4.079905,938.3613,629.00
4.079905,938.4069,623.00
4.079905,938.4527,656.00
4.079905,938.4984,625.00
4.079905,938.5441,699.00
4.079905,938.5898,658.00
4.079905,938.6356,687.00
4.079905,938.6812,642.00
4.079905,938.7269,682.00
4.079905,938.7726,649.00
4.079905,938.8182,663.00
4.079905,938.8640,643.00
4.079905,938.9096,681.00
4.079905,938.9552,607.00
4.079905,939.0010,650.00
4.079905,939.0466,673.00
4.079905,939.0922,667.00
4.079905,939.1378,676.00
4.079905,939.1835,689.00
4.079905,939.2291,605.00
4.079905,939.2747,690.00
4.079905,939.3203,643.00
4.079905,939.3659,698.00
4.079905,939.4115,674.00
4.079905,939.4570,688.00
4.079905,939.5027,663.00
4.079905,939.5483,659.00
4.079905,939.5939,641.00
4.079905,939.6395,661.00
4.079905,939.6851,654.00
4.079905,939.7306,691.00
4.079905,939.7761,669.00
4.079905,939.8217,710.00
4.079905,939.8672,686.00
4.079905,939.9127,675.00
4.079905,939.9583,655.00
4.079905,940.0038,686.00
4.079905,940.0493,655.00
4.079905,940.0948,723.00
4.079905,940.1403,641.00
4.079905,940.1859,739.00
4.079905,940.2314,661.00
4.079905,940.2769,701.00
4.079905,940.3223,657.00
4.079905,940.3678,704.00
4.079905,940.4133,631.00
4.079905,940.4588,696.00
4.079905,940.5042,674.00
4.079905,940.5497,694.00
4.079905,940.5952,630.00
4.079905,940.6406,713.00
4.079905,940.6860,674.00
4.079905,940.7315,693.00
4.079905,940.7769,679.00
4.079905,940.8223,695.00
4.079905,940.8677,642.00
4.079905,940.9132,689.00
4.079905,940.9586,658.00
4.079905,941.0040,731.00
4.079905,941.0494,679.00
4.079905,941.0948,679.00
4.079905,941.1402,676.00
4.079905,941.1855,695.00
4.079905,941.2310,645.00
4.079905,941.2762,743.00
4.079905,941.3216,641.00
4.079905,941.3670,734.00
4.079905,941.4124,649.00
4.079905,941.4577,734.00
4.079905,941.5031,681.00
4.079905,941.5483,702.00
4.079905,941.5937,657.00
4.079905,941.6390,696.00
4.079905,941.6843,635.00
4.079905,941.7296,704.00
4.079905,941.7749,653.00
4.079905,941.8203,710.00
4.079905,941.8655,680.00
4.079905,941.9108,681.00
4.079905,941.9561,638.00
4.079905,942.0013,698.00
4.079905,942.0467,625.00
4.079905,942.0920,706.00
4.079905,942.1372,672.00
4.079905,942.1824,687.00
4.079905,942.2277,673.00
4.079905,942.2729,688.00
4.079905,942.3182,649.00
4.079905,942.3634,692.00
4.079905,942.4086,673.00
4.079905,942.4539,680.00
4.079905,942.4990,636.00
4.079905,942.5443,732.00
4.079905,942.5895,640.00
4.079905,942.6347,690.00
4.079905,942.6798,646.00
4.079905,942.7250,670.00
4.079905,942.7702,642.00
4.079905,942.8154,722.00
4.079905,942.8606,623.00
4.079905,942.9058,695.00
4.079905,942.9508,631.00
4.079905,942.9960,701.00
4.079905,943.0412,663.00
4.079905,943.0864,699.00
4.079905,943.1314,633.00
4.079905,943.1766,713.00
4.079905,943.2217,676.00
4.079905,943.2668,715.00
4.079905,943.3120,653.00
4.079905,943.3571,722.00
4.079905,943.4021,682.00
4.079905,943.4473,718.00
4.079905,943.4923,655.00
4.079905,943.5374,698.00
4.079905,943.5825,667.00
4.079905,943.6276,717.00
4.079905,943.6725,637.00
4.079905,943.7177,693.00
4.079905,943.7627,683.00
4.079905,943.8078,667.00
4.079905,943.8528,658.00
4.079905,943.8978,682.00
4.079905,943.9429,646.00
4.079905,943.9879,737.00
4.079905,944.0330,643.00
4.079905,944.0779,727.00
4.079905,944.1229,659.00
4.079905,944.1679,713.00
4.079905,944.2130,676.00
4.079905,944.2579,709.00
4.079905,944.3029,679.00
4.079905,944.3478,637.00
4.079905,944.3929,638.00
4.079905,944.4379,716.00
4.079905,944.4828,638.00
4.079905,944.5277,715.00
4.079905,944.5727,634.00
4.079905,944.6176,709.00
4.079905,944.6626,664.00
4.079905,944.7076,701.00
4.079905,944.7524,637.00
4.079905,944.7974,701.00
4.079905,944.8423,652.00
4.079905,944.8872,726.00
4.079905,944.9321,702.00
4.079905,944.9770,712.00
4.079905,945.0219,662.00
4.079905,945.0667,682.00
4.079905,945.1116,653.00
4.079905,945.1566,673.00
4.079905,945.2014,652.00
4.079905,945.2463,697.00
4.079905,945.2911,617.00
4.079905,945.3360,730.00
4.079905,945.3808,668.00
4.079905,945.4257,692.00
4.079905,945.4705,668.00
4.079905,945.5153,702.00
4.079905,945.5601,621.00
4.079905,945.6050,704.00
4.079905,945.6498,656.00
4.079905,945.6946,688.00
4.079905,945.7394,651.00
4.079905,945.7842,658.00
4.079905,945.8290,650.00
4.079905,945.8738,692.00
4.079905,945.9186,636.00
4.079905,945.9633,695.00
4.079905,946.0081,635.00
4.079905,946.0529,703.00
4.079905,946.0976,670.00
4.079905,946.1423,676.00
4.079905,946.1871,673.00
4.079905,946.2318,695.00
4.079905,946.2766,607.00
4.079905,946.3213,681.00
4.079905,946.3660,622.00
4.079905,946.4107,694.00
4.079905,946.4554,657.00
4.079905,946.5001,697.00
4.079905,946.5449,666.00
4.079905,946.5895,647.00
4.079905,946.6342,633.00
4.079905,946.6789,690.00
4.079905,946.7236,644.00
4.079905,946.7682,669.00
4.079905,946.8129,645.00
4.079905,946.8575,716.00
4.079905,946.9022,657.00
4.079905,946.9468,690.00
4.079905,946.9915,696.00
4.079905,947.0361,716.00
4.079905,947.0807,630.00
4.079905,947.1253,676.00
4.079905,947.1700,609.00
4.079905,947.2146,698.00
4.079905,947.2592,640.00
4.079905,947.3038,695.00
4.079905,947.3483,662.00
4.079905,947.3929,666.00
4.079905,947.4376,619.00
4.079905,947.4821,676.00
4.079905,947.5267,631.00
4.079905,947.5712,685.00
4.079905,947.6158,667.00
4.079905,947.6604,663.00
4.079905,947.7050,668.00
4.079905,947.7495,671.00
4.079905,947.7939,648.00
4.079905,947.8385,687.00
4.079905,947.8831,603.00
4.079905,947.9276,664.00
4.079905,947.9720,615.00
4.079905,948.0166,650.00
4.079905,948.0611,631.00
4.079905,948.1056,655.00
4.079905,948.1501,646.00
4.079905,948.1945,663.00
4.079905,948.2390,627.00
4.079905,948.2835,665.00
4.079905,948.3279,619.00
4.079905,948.3724,697.00
4.079905,948.4169,619.00
4.079905,948.4613,677.00
4.079905,948.5057,646.00
4.079905,948.5502,617.00
4.079905,948.5947,580.00
4.079905,948.6391,691.00
4.079905,948.6835,642.00
4.079905,948.7279,703.00
4.079905,948.7723,644.00
4.079905,948.8167,676.00
4.079905,948.8611,619.00
4.079905,948.9055,663.00
4.079905,948.9498,611.00
4.079905,948.9943,662.00
4.079905,949.0387,664.00
4.079905,949.0830,699.00
4.079905,949.1273,635.00
4.079905,949.1718,703.00
4.079905,949.2161,635.00
4.079905,949.2604,624.00
4.079905,949.3047,631.00
4.079905,949.3491,653.00
4.079905,949.3934,621.00
4.079905,949.4377,641.00
4.079905,949.4821,608.00
4.079905,949.5264,689.00
4.079905,949.5707,626.00
4.079905,949.6150,658.00
4.079905,949.6592,632.00
4.079905,949.7036,644.00
4.079905,949.7479,600.00
4.079905,949.7921,681.00
4.079905,949.8363,619.00
4.079905,949.8806,684.00
4.079905,949.9249,656.00
4.079905,949.9692,706.00
4.079905,950.0134,660.00
4.079905,950.0576,671.00
4.079905,950.1019,634.00
4.079905,950.1461,696.00
4.079905,950.1903,615.00
4.079905,950.2346,700.00
4.079905,950.2787,647.00
4.079905,950.3229,705.00
4.079905,950.3671,618.00
4.079905,950.4114,673.00
4.079905,950.4555,650.00
4.079905,950.4997,671.00
4.079905,950.5439,660.00
4.079905,950.5880,697.00
4.079905,950.6322,598.00
4.079905,950.6763,677.00
4.079905,950.7205,649.00
4.079905,950.7646,650.00
4.079905,950.8088,612.00
4.079905,950.8530,671.00
4.079905,950.8971,662.00
4.079905,950.9412,666.00
4.079905,950.9853,595.00
4.079905,951.0294,716.00
4.079905,951.0735,631.00
4.079905,951.1177,707.00
4.079905,951.1617,651.00
4.079905,951.2057,677.00
4.079905,951.2499,668.00
4.079905,951.2939,685.00
4.079905,951.3380,613.00
4.079905,951.3821,689.00
4.079905,951.4261,640.00
4.079905,951.4702,706.00
4.079905,951.5142,662.00
4.079905,951.5582,688.00
4.079905,951.6024,638.00
4.079905,951.6464,666.00
4.079905,951.6904,651.00
4.079905,951.7344,683.00
4.079905,951.7784,614.00
4.079905,951.8224,697.00
4.079905,951.8665,627.00
4.079905,951.9104,693.00
4.079905,951.9544,647.00
4.079905,951.9984,657.00
4.079905,952.0424,642.00
4.079905,952.0864,663.00
4.079905,952.1303,624.00
4.079905,952.1743,717.00
4.079905,952.2183,660.00
4.079905,952.2621,705.00
4.079905,952.3061,683.00
4.079905,952.3500,710.00
4.079905,952.3940,646.00
4.079905,952.4379,652.00
4.079905,952.4818,648.00
4.079905,952.5258,711.00
4.079905,952.5696,671.00
4.079905,952.6136,723.00
4.079905,952.6574,624.00
4.079905,952.7014,706.00
4.079905,952.7452,639.00
4.079905,952.7891,673.00
4.079905,952.8330,607.00
4.079905,952.8768,664.00
4.079905,952.9207,645.00
4.079905,952.9645,697.00
4.079905,953.0084,660.00
4.079905,953.0522,655.00
4.079905,953.0961,678.00
4.079905,953.1400,668.00
4.079905,953.1838,656.00
4.079905,953.2275,662.00
4.079905,953.2714,649.00
4.079905,953.3152,721.00
4.079905,953.3589,644.00
4.079905,953.4028,688.00
4.079905,953.4466,637.00
4.079905,953.4904,670.00
4.079905,953.5341,648.00
4.079905,953.5779,644.00
4.079905,953.6217,604.00
4.079905,953.6654,662.00
4.079905,953.7092,603.00
4.079905,953.7529,698.00
4.079905,953.7967,626.00
4.079905,953.8405,668.00
4.079905,953.8842,655.00
4.079905,953.9279,653.00
4.079905,953.9716,627.00
4.079905,954.0153,653.00
4.079905,954.0590,640.00
4.079905,954.1027,663.00
4.079905,954.1464,660.00
4.079905,954.1901,671.00
4.079905,954.2338,630.00
4.079905,954.2774,654.00
4.079905,954.3212,621.00
4.079905,954.3648,678.00
4.079905,954.4084,619.00
4.079905,954.4521,681.00
4.079905,954.4958,631.00
4.079905,954.5394,622.00
4.079905,954.5831,613.00
4.079905,954.6267,653.00
4.079905,954.6703,636.00
4.079905,954.7139,669.00
4.079905,954.7576,591.00
4.079905,954.8012,688.00
4.079905,954.8448,634.00
4.079905,954.8884,704.00
4.079905,954.9319,632.00
4.079905,954.9755,725.00
4.079905,955.0191,650.00
4.079905,955.0627,607.00
4.079905,955.1063,582.00
4.079905,955.1498,624.00
4.079905,955.1934,570.00
4.079905,955.2369,653.00
4.079905,955.2805,597.00
4.079905,955.3240,643.00
4.079905,955.3675,654.00
4.079905,955.4111,667.00
4.079905,955.4546,602.00
4.079905,955.4981,674.00
4.079905,955.5416,591.00
4.079905,955.5851,669.00
4.079905,955.6285,609.00
4.079905,955.6722,659.00
4.079905,955.7156,629.00
4.079905,955.7590,635.00
4.079905,955.8025,640.00
4.079905,955.8460,664.00
4.079905,955.8895,591.00
4.079905,955.9329,684.00
4.079905,955.9764,617.00
4.079905,956.0198,680.00
4.079905,956.0632,632.00
4.079905,956.1067,697.00
4.079905,956.1501,642.00
4.079905,956.1935,652.00
4.079905,956.2369,606.00
4.079905,956.2803,654.00
4.079905,956.3238,588.00
4.079905,956.3671,669.00
4.079905,956.4105,638.00
4.079905,956.4539,663.00
4.079905,956.4973,663.00
4.079905,956.5406,632.00
4.079905,956.5841,632.00
4.079905,956.6274,655.00
4.079905,956.6707,619.00
4.079905,956.7141,681.00
4.079905,956.7575,624.00
4.079905,956.8008,662.00
4.079905,956.8442,591.00
4.079905,956.8875,647.00
4.079905,956.9308,638.00
4.079905,956.9741,656.00
4.079905,957.0174,623.00
4.079905,957.0607,695.00
4.079905,957.1040,613.00
4.079905,957.1473,671.00
4.079905,957.1906,616.00
4.079905,957.2339,651.00
4.079905,957.2772,651.00
4.079905,957.3204,668.00
4.079905,957.3636,595.00
4.079905,957.4069,648.00
4.079905,957.4502,621.00
4.079905,957.4934,673.00
4.079905,957.5366,636.00
4.079905,957.5799,659.00
4.079905,957.6230,612.00
4.079905,957.6664,650.00
4.079905,957.7095,620.00
4.079905,957.7527,662.00
4.079905,957.7959,617.00
4.079905,957.8392,696.00
4.079905,957.8823,631.00
4.079905,957.9255,732.00
4.079905,957.9687,663.00
4.079905,958.0118,650.00
4.079905,958.0551,638.00
4.079905,958.0983,679.00
4.079905,958.1414,628.00
4.079905,958.1845,685.00
4.079905,958.2277,627.00
4.079905,958.2708,711.00
4.079905,958.3139,631.00
4.079905,958.3571,672.00
4.079905,958.4001,634.00
4.079905,958.4432,677.00
4.079905,958.4864,639.00
4.079905,958.5295,673.00
4.079905,958.5726,646.00
4.079905,958.6157,709.00
4.079905,958.6588,636.00
4.079905,958.7018,685.00
4.079905,958.7449,608.00
4.079905,958.7879,715.00
4.079905,958.8311,642.00
4.079905,958.8741,698.00
4.079905,958.9171,604.00
4.079905,958.9601,674.00
4.079905,959.0032,637.00
4.079905,959.0463,703.00
4.079905,959.0893,709.00
4.079905,959.1323,664.00
4.079905,959.1752,663.00
4.079905,959.2183,680.00
4.079905,959.2613,645.00
4.079905,959.3043,652.00
4.079905,959.3472,610.00
4.079905,959.3903,677.00
4.079905,959.4332,636.00
4.079905,959.4763,648.00
4.079905,959.5192,608.00
4.079905,959.5621,649.00
4.079905,959.6051,646.00
4.079905,959.6480,672.00
4.079905,959.6910,586.00
4.079905,959.7339,668.00
4.079905,959.7768,616.00
4.079905,959.8198,645.00
4.079905,959.8627,628.00
4.079905,959.9056,639.00
4.079905,959.9485,612.00
4.079905,959.9915,644.00
4.079905,960.0343,572.00
4.079905,960.0771,682.00
4.079905,960.1201,595.00
4.079905,960.1630,658.00
4.079905,960.2058,622.00
4.079905,960.2487,624.00
4.079905,960.2915,633.00
4.079905,960.3344,611.00
4.079905,960.3773,563.00
4.079905,960.4200,657.00
4.079905,960.4629,590.00
4.079905,960.5057,678.00
4.079905,960.5485,597.00
4.079905,960.5914,627.00
4.079905,960.6342,672.00
4.079905,960.6770,625.00
4.079905,960.7198,615.00
4.079905,960.7626,620.00
4.079905,960.8054,575.00
4.079905,960.8481,636.00
4.079905,960.8909,618.00
4.079905,960.9337,647.00
4.079905,960.9764,620.00
4.079905,961.0192,641.00
4.079905,961.0620,616.00
4.079905,961.1047,633.00
4.079905,961.1475,599.00
4.079905,961.1902,644.00
4.079905,961.2329,600.00
4.079905,961.2757,634.00
4.079905,961.3184,632.00
4.079905,961.3611,611.00
4.079905,961.4037,630.00
4.079905,961.4465,654.00
4.079905,961.4892,583.00
4.079905,961.5319,642.00
4.079905,961.5745,585.00
4.079905,961.6172,639.00
4.079905,961.6599,591.00
4.079905,961.7026,651.00
4.079905,961.7452,625.00
4.079905,961.7878,640.00
4.079905,961.8304,613.00
4.079905,961.8731,631.00
4.079905,961.9157,603.00
4.079905,961.9584,640.00
4.079905,962.0010,636.00
4.079905,962.0436,662.00
4.079905,962.0862,625.00
4.079905,962.1288,627.00
4.079905,962.1714,634.00
4.079905,962.2140,654.00
4.079905,962.2565,571.00
4.079905,962.2991,652.00
4.079905,962.3417,599.00
4.079905,962.3843,637.00
4.079905,962.4268,627.00
4.079905,962.4694,639.00
4.079905,962.5119,632.00
4.079905,962.5545,659.00
4.079905,962.5970,602.00
4.079905,962.6396,665.00
4.079905,962.6821,589.00
4.079905,962.7246,704.00
4.079905,962.7671,621.00
4.079905,962.8096,685.00
4.079905,962.8522,612.00
4.079905,962.8947,618.00
4.079905,962.9371,596.00
4.079905,962.9796,658.00
4.079905,963.0222,606.00
4.079905,963.0646,668.00
4.079905,963.1070,599.00
4.079905,963.1495,644.00
4.079905,963.1919,643.00
4.079905,963.2344,613.00
4.079905,963.2768,614.00
4.079905,963.3193,661.00
4.079905,963.3616,600.00
4.079905,963.4041,667.00
4.079905,963.4465,594.00
4.079905,963.4889,671.00
4.079905,963.5314,622.00
4.079905,963.5737,630.00
4.079905,963.6161,621.00
4.079905,963.6585,649.00
4.079905,963.7009,579.00
4.079905,963.7433,635.00
4.079905,963.7856,607.00
4.079905,963.8280,664.00
4.079905,963.8704,594.00
4.079905,963.9127,669.00
4.079905,963.9551,623.00
4.079905,963.9974,603.00
4.079905,964.0397,614.00
4.079905,964.0820,637.00
4.079905,964.1244,596.00
4.079905,964.1667,673.00
4.079905,964.2090,621.00
4.079905,964.2513,657.00
4.079905,964.2936,614.00
4.079905,964.3359,650.00
4.079905,964.3782,620.00
4.079905,964.4205,656.00
4.079905,964.4627,590.00
4.079905,964.5050,655.00
4.079905,964.5472,597.00
4.079905,964.5895,676.00
4.079905,964.6317,642.00
4.079905,964.6740,641.00
4.079905,964.7162,641.00
4.079905,964.7585,624.00
4.079905,964.8007,574.00
4.079905,964.8429,637.00
4.079905,964.8851,596.00
4.079905,964.9273,666.00
4.079905,964.9695,604.00
4.079905,965.0118,649.00
4.079905,965.0539,616.00
4.079905,965.0961,628.00
4.079905,965.1382,631.00
4.079905,965.1805,638.00
4.079905,965.2226,608.00
4.079905,965.2648,656.00
4.079905,965.3069,622.00
4.079905,965.3491,657.00
4.079905,965.3912,619.00
4.079905,965.4333,656.00
4.079905,965.4755,614.00
4.079905,965.5176,633.00
4.079905,965.5598,574.00
4.079905,965.6019,699.00
4.079905,965.6439,602.00
4.079905,965.6861,629.00
4.079905,965.7281,588.00
4.079905,965.7702,615.00
4.079905,965.8123,587.00
4.079905,965.8543,631.00
4.079905,965.8964,578.00
4.079905,965.9385,650.00
4.079905,965.9806,605.00
4.079905,966.0226,651.00
4.079905,966.0647,573.00
4.079905,966.1068,617.00
4.079905,966.1487,607.00
4.079905,966.1907,616.00
4.079905,966.2328,615.00
4.079905,966.2748,630.00
4.079905,966.3168,600.00
4.079905,966.3588,637.00
4.079905,966.4008,604.00
4.079905,966.4427,637.00
4.079905,966.4848,577.00
4.079905,966.5268,622.00
4.079905,966.5688,604.00
4.079905,966.6107,644.00
4.079905,966.6526,584.00
4.079905,966.6946,650.00
4.079905,966.7366,569.00
4.079905,966.7785,648.00
4.079905,966.8204,634.00
4.079905,966.8624,658.00
4.079905,966.9042,621.00
4.079905,966.9462,606.00
4.079905,966.9881,592.00
4.079905,967.0300,627.00
4.079905,967.0719,591.00
4.079905,967.1138,670.00
4.079905,967.1556,577.00
4.079905,967.1976,630.00
4.079905,967.2394,635.00
4.079905,967.2813,637.00
4.079905,967.3232,577.00
4.079905,967.3651,622.00
4.079905,967.4070,567.00
4.079905,967.4488,649.00
4.079905,967.4906,594.00
4.079905,967.5324,682.00
4.079905,967.5743,653.00
4.079905,967.6161,621.00
4.079905,967.6579,594.00
4.079905,967.6997,643.00
4.079905,967.7415,611.00
4.079905,967.7833,632.00
4.079905,967.8251,578.00
4.079905,967.8669,671.00
4.079905,967.9087,617.00
4.079905,967.9504,637.00
4.079905,967.9922,622.00
4.079905,968.0339,661.00
4.079905,968.0757,613.00
4.079905,968.1174,662.00
4.079905,968.1592,606.00
4.079905,968.2009,679.00
4.079905,968.2427,604.00
4.079905,968.2844,638.00
4.079905,968.3262,661.00
4.079905,968.3679,651.00
4.079905,968.4095,603.00
4.079905,968.4512,666.00
4.079905,968.4930,591.00
4.079905,968.5347,688.00
4.079905,968.5763,631.00
4.079905,968.6180,661.00
4.079905,968.6597,617.00
4.079905,968.7014,657.00
4.079905,968.7430,622.00
4.079905,968.7846,675.00
4.079905,968.8263,598.00
4.079905,968.8679,640.00
4.079905,968.9095,614.00
4.079905,968.9512,687.00
4.079905,968.9928,643.00
4.079905,969.0344,639.00
4.079905,969.0761,632.00
4.079905,969.1177,657.00
4.079905,969.1592,609.00
4.079905,969.2009,651.00
4.079905,969.2424,573.00
4.079905,969.2839,652.00
4.079905,969.3255,602.00
4.079905,969.3672,652.00
4.079905,969.4087,595.00
4.079905,969.4503,660.00
4.079905,969.4918,574.00
4.079905,969.5333,621.00
4.079905,969.5749,570.00
4.079905,969.6165,641.00
4.079905,969.6580,592.00
4.079905,969.6995,657.00
4.079905,969.7410,624.00
4.079905,969.7825,629.00
4.079905,969.8240,606.00
4.079905,969.8655,626.00
4.079905,969.9070,604.00
4.079905,969.9484,674.00
4.079905,969.9899,568.00
4.079905,970.0314,629.00
4.079905,970.0728,605.00
4.079905,970.1143,636.00
4.079905,970.1558,619.00
4.079905,970.1971,618.00
4.079905,970.2386,574.00
4.079905,970.2801,614.00
4.079905,970.3215,568.00
4.079905,970.3629,637.00
4.079905,970.4044,593.00
4.079905,970.4457,633.00
4.079905,970.4872,629.00
4.079905,970.5286,620.00
4.079905,970.5699,582.00
4.079905,970.6113,616.00
4.079905,970.6527,546.00
4.079905,970.6941,594.00
4.079905,970.7354,592.00
4.079905,970.7768,597.00
4.079905,970.8182,606.00
4.079905,970.8595,643.00
4.079905,970.9009,605.00
4.079905,970.9422,634.00
4.079905,970.9835,588.00
4.079905,971.0248,627.00
4.079905,971.0662,565.00
4.079905,971.1075,620.00
4.079905,971.1487,593.00
4.079905,971.1901,626.00
4.079905,971.2314,597.00
4.079905,971.2727,596.00
4.079905,971.3140,572.00
4.079905,971.3552,610.00
4.079905,971.3965,543.00
4.079905,971.4377,618.00
4.079905,971.4789,608.00
4.079905,971.5203,630.00
4.079905,971.5615,601.00
4.079905,971.6027,631.00
4.079905,971.6439,571.00
4.079905,971.6852,620.00
4.079905,971.7264,571.00
4.079905,971.7676,632.00
4.079905,971.8088,571.00
4.079905,971.8500,611.00
4.079905,971.8912,596.00
4.079905,971.9324,609.00
4.079905,971.9736,604.00
4.079905,972.0148,611.00
4.079905,972.0560,593.00
4.079905,972.0972,644.00
4.079905,972.1384,574.00
4.079905,972.1794,626.00
4.079905,972.2206,605.00
4.079905,972.2617,592.00
4.079905,972.3029,616.00
4.079905,972.3439,577.00
4.079905,972.3851,573.00
4.079905,972.4262,574.00
4.079905,972.4673,540.00
4.079905,972.5085,636.00
4.079905,972.5496,574.00
4.079905,972.5907,610.00
4.079905,972.6317,579.00
4.079905,972.6729,568.00
4.079905,972.7139,544.00
4.079905,972.7549,603.00
4.079905,972.7961,575.00
4.079905,972.8371,605.00
4.079905,972.8781,568.00
4.079905,972.9191,624.00
4.079905,972.9602,583.00
4.079905,973.0013,631.00
4.079905,973.0423,558.00
4.079905,973.0833,564.00
4.079905,973.1243,502.00
4.079905,973.1653,601.00
4.079905,973.2064,561.00
4.079905,973.2473,639.00
4.079905,973.2883,590.00
4.079905,973.3293,625.00
4.079905,973.3703,574.00
4.079905,973.4113,610.00
4.079905,973.4522,579.00
4.079905,973.4931,585.00
4.079905,973.5341,552.00
4.079905,973.5750,629.00
4.079905,973.6160,589.00
4.079905,973.6570,663.00
4.079905,973.6978,616.00
4.079905,973.7388,618.00
4.079905,973.7797,588.00
4.079905,973.8206,612.00
4.079905,973.8615,569.00
4.079905,973.9024,620.00
4.079905,973.9433,609.00
4.079905,973.9842,632.00
4.079905,974.0250,578.00
4.079905,974.0660,644.00
4.079905,974.1068,626.00
4.079905,974.1476,642.00
4.079905,974.1885,588.00
4.079905,974.2294,639.00
4.079905,974.2702,574.00
4.079905,974.3110,627.00
4.079905,974.3519,621.00
4.079905,974.3927,640.00
4.079905,974.4335,617.00
4.079905,974.4743,625.00
4.079905,974.5151,571.00
4.079905,974.5559,648.00
4.079905,974.5967,606.00
4.079905,974.6375,648.00
4.079905,974.6783,580.00
4.079905,974.7191,659.00
4.079905,974.7598,624.00
4.079905,974.8006,639.00
4.079905,974.8413,602.00
4.079905,974.8821,630.00
4.079905,974.9229,605.00
4.079905,974.9636,666.00
4.079905,975.0043,577.00
4.079905,975.0450,655.00
4.079905,975.0858,619.00
4.079905,975.1265,642.00
4.079905,975.1672,635.00
4.079905,975.2079,648.00
4.079905,975.2485,621.00
4.079905,975.2892,649.00
4.079905,975.3300,609.00
4.079905,975.3706,667.00
4.079905,975.4113,640.00
4.079905,975.4519,674.00
4.079905,975.4926,644.00
4.079905,975.5333,660.00
4.079905,975.5739,571.00
4.079905,975.6146,646.00
4.079905,975.6552,591.00
4.079905,975.6958,656.00
4.079905,975.7363,614.00
4.079905,975.7770,665.00
4.079905,975.8176,641.00
4.079905,975.8582,659.00
4.079905,975.8989,648.00
4.079905,975.9395,637.00
4.079905,975.9800,606.00
4.079905,976.0206,684.00
4.079905,976.0611,591.00
4.079905,976.1017,672.00
4.079905,976.1423,604.00
4.079905,976.1829,653.00
4.079905,976.2234,638.00
4.079905,976.2639,629.00
4.079905,976.3044,594.00
4.079905,976.3450,640.00
4.079905,976.3855,608.00
4.079905,976.4260,639.00
4.079905,976.4665,634.00
4.079905,976.5070,661.00
4.079905,976.5475,632.00
4.079905,976.5880,636.00
4.079905,976.6285,587.00
4.079905,976.6690,645.00
4.079905,976.7095,574.00
4.079905,976.7500,666.00
4.079905,976.7905,610.00
4.079905,976.8308,647.00
4.079905,976.8713,638.00
4.079905,976.9117,631.00
4.079905,976.9521,617.00
4.079905,976.9926,629.00
4.079905,977.0330,595.00
4.079905,977.0734,645.00
4.079905,977.1139,597.00
4.079905,977.1542,650.00
4.079905,977.1947,600.00
4.079905,977.2350,665.00
4.079905,977.2755,614.00
4.079905,977.3158,618.00
4.079905,977.3562,585.00
4.079905,977.3965,634.00
4.079905,977.4370,580.00
4.079905,977.4773,653.00
4.079905,977.5176,609.00
4.079905,977.5579,618.00
4.079905,977.5983,581.00
4.079905,977.6387,642.00
4.079905,977.6790,576.00
4.079905,977.7192,594.00
4.079905,977.7595,567.00
4.079905,977.7999,658.00
4.079905,977.8402,573.00
4.079905,977.8805,608.00
4.079905,977.9208,551.00
4.079905,977.9610,595.00
4.079905,978.0013,583.00
4.079905,978.0417,578.00
4.079905,978.0819,538.00
4.079905,978.1221,599.00
4.079905,978.1624,559.00
4.079905,978.2026,585.00
4.079905,978.2428,567.00
4.079905,978.2831,591.00
4.079905,978.3233,605.00
4.079905,978.3635,587.00
4.079905,978.4037,548.00
4.079905,978.4440,597.00
4.079905,978.4842,547.00
4.079905,978.5244,600.00
4.079905,978.5645,557.00
4.079905,978.6047,612.00
4.079905,978.6449,594.00
4.079905,978.6851,597.00
4.079905,978.7253,516.00
4.079905,978.7654,580.00
4.079905,978.8055,558.00
4.079905,978.8458,605.00
4.079905,978.8859,540.00
4.079905,978.9260,586.00
4.079905,978.9661,562.00
4.079905,979.0062,579.00
4.079905,979.0463,562.00
4.079905,979.0864,564.00
4.079905,979.1266,523.00
4.079905,979.1666,607.00
4.079905,979.2067,559.00
4.079905,979.2469,567.00
4.079905,979.2869,584.00
4.079905,979.3270,591.00
4.079905,979.3671,599.00
4.079905,979.4071,563.00
4.079905,979.4471,539.00
4.079905,979.4871,592.00
4.079905,979.5272,541.00
4.079905,979.5673,607.00
4.079905,979.6072,579.00
4.079905,979.6473,573.00
4.079905,979.6873,576.00
4.079905,979.7273,582.00
4.079905,979.7673,539.00
4.079905,979.8073,587.00
4.079905,979.8473,532.00
4.079905,979.8873,604.00
4.079905,979.9273,559.00
4.079905,979.9673,621.00
4.079905,980.0072,583.00
4.079905,980.0471,582.00
4.079905,980.0872,584.00
4.079905,980.1271,579.00
4.079905,980.1671,540.00
4.079905,980.2069,619.00
4.079905,980.2469,547.00
4.079905,980.2868,632.00
4.079905,980.3267,567.00
4.079905,980.3666,624.00
4.079905,980.4065,593.00
4.079905,980.4464,587.00
4.079905,980.4863,560.00
4.079905,980.5262,607.00
4.079905,980.5660,552.00
4.079905,980.6060,638.00
4.079905,980.6458,561.00
4.079905,980.6857,636.00
4.079905,980.7255,577.00
4.079905,980.7654,592.00
4.079905,980.8052,555.00
4.079905,980.8450,594.00
4.079905,980.8849,536.00
4.079905,980.9247,582.00
4.079905,980.9645,554.00
4.079905,981.0043,599.00
4.079905,981.0441,597.00
4.079905,981.0839,596.00
4.079905,981.1237,579.00
4.079905,981.1635,587.00
4.079905,981.2033,499.00
4.079905,981.2430,612.00
4.079905,981.2828,546.00
4.079905,981.3226,603.00
4.079905,981.3624,559.00
4.079905,981.4021,581.00
4.079905,981.4418,552.00
4.079905,981.4816,605.00
4.079905,981.5213,549.00
4.079905,981.5610,615.00
4.079905,981.6008,516.00
4.079905,981.6404,614.00
4.079905,981.6802,568.00
4.079905,981.7198,596.00
4.079905,981.7596,567.00
4.079905,981.7993,586.00
4.079905,981.8389,547.00
4.079905,981.8786,564.00
4.079905,981.9182,540.00
4.079905,981.9579,597.00
4.079905,981.9976,559.00
4.079905,982.0372,601.00
4.079905,982.0768,544.00
4.079905,982.1165,576.00
4.079905,982.1561,546.00
4.079905,982.1958,575.00
4.079905,982.2354,512.00
4.079905,982.2750,572.00
4.079905,982.3146,508.00
4.079905,982.3541,597.00
4.079905,982.3937,547.00
4.079905,982.4333,576.00
4.079905,982.4730,570.00
4.079905,982.5125,596.00
4.079905,982.5521,520.00
4.079905,982.5917,563.00
4.079905,982.6312,542.00
4.079905,982.6707,597.00
4.079905,982.7103,536.00
4.079905,982.7498,608.00
4.079905,982.7893,553.00
4.079905,982.8289,541.00
4.079905,982.8683,500.00
4.079905,982.9079,562.00
4.079905,982.9474,518.00
4.079905,982.9869,596.00
4.079905,983.0264,516.00
4.079905,983.0659,572.00
4.079905,983.1053,567.00
4.079905,983.1448,533.00
4.079905,983.1843,540.00
4.079905,983.2238,594.00
4.079905,983.2632,560.00
4.079905,983.3027,607.00
4.079905,983.3420,556.00
4.079905,983.3816,584.00
4.079905,983.4210,527.00
4.079905,983.4604,570.00
4.079905,983.4998,545.00
4.079905,983.5392,542.00
4.079905,983.5786,524.00
4.079905,983.6180,557.00
4.079905,983.6574,531.00
4.079905,983.6968,590.00
4.079905,983.7361,551.00
4.079905,983.7755,568.00
4.079905,983.8149,500.00
4.079905,983.8543,575.00
4.079905,983.8936,549.00
4.079905,983.9329,565.00
4.079905,983.9723,488.00
4.079905,984.0116,598.00
4.079905,984.0510,543.00
4.079905,984.0903,610.00
4.079905,984.1296,582.00
4.079905,984.1689,588.00
4.079905,984.2083,581.00
4.079905,984.2476,567.00
4.079905,984.2868,547.00
4.079905,984.3261,561.00
4.079905,984.3654,522.00
4.079905,984.4046,594.00
4.079905,984.4440,541.00
4.079905,984.4832,579.00
4.079905,984.5225,546.00
4.079905,984.5616,573.00
4.079905,984.6010,509.00
4.079905,984.6402,556.00
4.079905,984.6794,525.00
4.079905,984.7186,627.00
4.079905,984.7578,586.00
4.079905,984.7970,618.00
4.079905,984.8362,552.00
4.079905,984.8755,552.00
4.079905,984.9146,557.00
4.079905,984.9538,585.00
4.079905,984.9930,499.00
4.079905,985.0322,628.00
4.079905,985.0714,560.00
4.079905,985.1105,554.00
4.079905,985.1497,540.00
4.079905,985.1888,551.00
4.079905,985.2279,546.00
4.079905,985.2671,554.00
4.079905,985.3062,543.00
4.079905,985.3453,570.00
4.079905,985.3845,539.00
4.079905,985.4236,583.00
4.079905,985.4626,537.00
4.079905,985.5017,589.00
4.079905,985.5408,567.00
4.079905,985.5799,585.00
4.079905,985.6190,517.00
4.079905,985.6581,568.00
4.079905,985.6971,524.00
4.079905,985.7362,581.00
4.079905,985.7752,528.00
4.079905,985.8143,554.00
4.079905,985.8533,520.00
4.079905,985.8924,582.00
4.079905,985.9314,534.00
4.079905,985.9704,566.00
4.079905,986.0094,499.00
4.079905,986.0484,600.00
4.079905,986.0875,511.00
4.079905,986.1265,585.00
4.079905,986.1655,531.00
4.079905,986.2044,539.00
4.079905,986.2434,538.00
4.079905,986.2823,551.00
4.079905,986.3214,512.00
4.079905,986.3603,537.00
4.079905,986.3992,491.00
4.079905,986.4382,567.00
4.079905,986.4771,547.00
4.079905,986.5161,576.00
4.079905,986.5550,578.00
4.079905,986.5939,567.00
4.079905,986.6329,531.00
4.079905,986.6718,561.00
4.079905,986.7106,498.00
4.079905,986.7495,593.00
4.079905,986.7884,543.00
4.079905,986.8273,573.00
4.079905,986.8661,514.00
4.079905,986.9050,561.00
4.079905,986.9438,550.00
4.079905,986.9828,541.00
4.079905,987.0216,524.00
4.079905,987.0605,591.00
4.079905,987.0993,516.00
4.079905,987.1381,575.00
4.079905,987.1769,528.00
4.079905,987.2158,556.00
4.079905,987.2546,527.00
4.079905,987.2934,568.00
4.079905,987.3322,501.00
4.079905,987.3710,540.00
4.079905,987.4097,474.00
4.079905,987.4486,563.00
4.079905,987.4873,500.00
4.079905,987.5261,544.00
4.079905,987.5649,510.00
4.079905,987.6036,521.00
4.079905,987.6423,497.00
4.079905,987.6812,572.00
4.079905,987.7198,488.00
4.079905,987.7586,573.00
4.079905,987.7972,528.00
4.079905,987.8361,572.00
4.079905,987.8748,518.00
4.079905,987.9135,534.00
4.079905,987.9521,502.00
4.079905,987.9908,556.00
4.079905,988.0295,484.00
4.079905,988.0681,535.00
4.079905,988.1069,491.00
4.079905,988.1456,567.00
4.079905,988.1842,542.00
4.079905,988.2228,540.00
4.079905,988.2615,525.00
4.079905,988.3002,553.00
4.079905,988.3388,459.00
4.079905,988.3774,549.00
4.079905,988.4160,526.00
4.079905,988.4546,530.00
4.079905,988.4933,522.00
4.079905,988.5319,537.00
4.079905,988.5704,506.00
4.079905,988.6090,479.00
4.079905,988.6476,471.00
4.079905,988.6862,527.00
4.079905,988.7248,492.00
4.079905,988.7634,593.00
4.079905,988.8019,521.00
4.079905,988.8405,545.00
4.079905,988.8790,505.00
4.079905,988.9176,530.00
4.079905,988.9561,512.00
4.079905,988.9946,532.00
4.079905,989.0332,502.00
4.079905,989.0717,536.00
4.079905,989.1102,485.00
4.079905,989.1487,528.00
4.079905,989.1871,524.00
4.079905,989.2256,527.00
4.079905,989.2641,512.00
4.079905,989.3027,518.00
4.079905,989.3411,508.00
4.079905,989.3795,560.00
4.079905,989.4180,463.00
4.079905,989.4565,586.00
4.079905,989.4949,477.00
4.079905,989.5334,514.00
4.079905,989.5718,496.00
4.079905,989.6102,513.00
4.079905,989.6486,509.00
4.079905,989.6871,518.00
4.079905,989.7255,491.00
4.079905,989.7639,528.00
4.079905,989.8022,486.00
4.079905,989.8407,530.00
4.079905,989.8791,515.00
4.079905,989.9174,527.00
4.079905,989.9558,490.00
4.079905,989.9941,565.00
4.079905,990.0325,503.00
4.079905,990.0709,577.00
4.079905,990.1093,483.00
4.079905,990.1475,525.00
4.079905,990.1859,536.00
4.079905,990.2242,519.00
4.079905,990.2626,498.00
4.079905,990.3008,513.00
4.079905,990.3391,494.00
4.079905,990.3774,582.00
4.079905,990.4157,529.00
4.079905,990.4540,555.00
4.079905,990.4924,488.00
4.079905,990.5306,561.00
4.079905,990.5688,529.00
4.079905,990.6071,542.00
4.079905,990.6454,515.00
4.079905,990.6837,546.00
4.079905,990.7219,476.00
4.079905,990.7601,562.00
4.079905,990.7983,523.00
4.079905,990.8365,577.00
4.079905,990.8748,531.00
4.079905,990.9130,552.00
4.079905,990.9512,541.00
4.079905,990.9893,553.00
4.079905,991.0276,510.00
4.079905,991.0658,535.00
4.079905,991.1039,492.00
4.079905,991.1421,566.00
4.079905,991.1802,546.00
4.079905,991.2184,551.00
4.079905,991.2565,479.00
4.079905,991.2947,558.00
4.079905,991.3329,485.00
4.079905,991.3710,563.00
4.079905,991.4091,513.00
4.079905,991.4473,605.00
4.079905,991.4854,541.00
4.079905,991.5234,580.00
4.079905,991.5616,553.00
4.079905,991.5997,542.00
4.079905,991.6378,530.00
4.079905,991.6758,566.00
4.079905,991.7139,474.00
4.079905,991.7520,556.00
4.079905,991.7900,515.00
4.079905,991.8282,545.00
4.079905,991.8661,537.00
4.079905,991.9042,549.00
4.079905,991.9422,522.00
4.079905,991.9803,563.00
4.079905,992.0182,514.00
4.079905,992.0563,600.00
4.079905,992.0944,482.00
4.079905,992.1323,583.00
4.079905,992.1703,529.00
4.079905,992.2084,563.00
4.079905,992.2463,524.00
4.079905,992.2844,551.00
4.079905,992.3223,513.00
4.079905,992.3602,566.00
4.079905,992.3982,495.00
4.079905,992.4362,588.00
4.079905,992.4741,549.00
4.079905,992.5120,584.00
4.079905,992.5500,551.00
4.079905,992.5879,521.00
4.079905,992.6259,546.00
4.079905,992.6638,584.00
4.079905,992.7017,522.00
4.079905,992.7396,585.00
4.079905,992.7775,556.00
4.079905,992.8154,589.00
4.079905,992.8533,532.00
4.079905,992.8912,533.00
4.079905,992.9290,534.00
4.079905,992.9669,566.00
4.079905,993.0048,538.00
4.079905,993.0426,594.00
4.079905,993.0804,556.00
4.079905,993.1183,609.00
4.079905,993.1561,541.00
4.079905,993.1940,577.00
4.079905,993.2318,559.00
4.079905,993.2696,562.00
4.079905,993.3074,512.00
4.079905,993.3452,568.00
4.079905,993.3830,500.00
4.079905,993.4208,575.00
4.079905,993.4586,501.00
4.079905,993.4963,548.00
4.079905,993.5341,540.00
4.079905,993.5719,520.00
4.079905,993.6096,523.00
4.079905,993.6474,576.00
4.079905,993.6851,498.00
4.079905,993.7228,542.00
4.079905,993.7606,540.00
4.079905,993.7984,565.00
4.079905,993.8361,532.00
4.079905,993.8738,579.00
4.079905,993.9115,525.00
4.079905,993.9492,544.00
4.079905,993.9869,500.00
4.079905,994.0245,594.00
4.079905,994.0622,517.00
4.079905,994.0999,584.00
4.079905,994.1376,554.00
4.079905,994.1753,532.00
4.079905,994.2130,521.00
4.079905,994.2505,544.00
4.079905,994.2881,510.00
4.079905,994.3258,591.00
4.079905,994.3634,512.00
4.079905,994.4010,610.00
4.079905,994.4387,512.00
4.079905,994.4763,583.00
4.079905,994.5139,537.00
4.079905,994.5515,558.00
4.079905,994.5891,507.00
4.079905,994.6266,564.00
4.079905,994.6642,485.00
4.079905,994.7018,552.00
4.079905,994.7393,511.00
4.079905,994.7769,571.00
4.079905,994.8145,528.00
4.079905,994.8521,516.00
4.079905,994.8895,534.00
4.079905,994.9271,563.00
4.079905,994.9647,483.00
4.079905,995.0022,558.00
4.079905,995.0397,490.00
4.079905,995.0771,529.00
4.079905,995.1146,517.00
4.079905,995.1522,545.00
4.079905,995.1896,503.00
4.079905,995.2271,543.00
4.079905,995.2646,472.00
4.079905,995.3021,536.00
4.079905,995.3396,496.00
4.079905,995.3770,565.00
4.079905,995.4145,495.00
4.079905,995.4518,550.00
4.079905,995.4893,488.00
4.079905,995.5267,508.00
4.079905,995.5641,520.00
4.079905,995.6016,533.00
4.079905,995.6390,491.00
4.079905,995.6765,544.00
4.079905,995.7138,514.00
4.079905,995.7512,524.00
4.079905,995.7886,536.00
4.079905,995.8260,539.00
4.079905,995.8633,490.00
4.079905,995.9007,485.00
4.079905,995.9380,468.00
4.079905,995.9754,540.00
4.079905,996.0128,477.00
4.079905,996.0501,557.00
4.079905,996.0874,530.00
4.079905,996.1248,556.00
4.079905,996.1621,524.00
4.079905,996.1994,542.00
4.079905,996.2367,484.00
4.079905,996.2740,537.00
4.079905,996.3113,462.00
4.079905,996.3486,548.00
4.079905,996.3859,481.00
4.079905,996.4232,542.00
4.079905,996.4604,536.00
4.079905,996.4977,487.00
4.079905,996.5350,468.00
4.079905,996.5722,512.00
4.079905,996.6094,507.00
4.079905,996.6466,578.00
4.079905,996.6838,513.00
4.079905,996.7211,558.00
4.079905,996.7583,532.00
4.079905,996.7955,553.00
4.079905,996.8327,539.00
4.079905,996.8700,570.00
4.079905,996.9072,509.00
4.079905,996.9443,534.00
4.079905,996.9815,514.00
4.079905,997.0187,543.00
4.079905,997.0558,531.00
4.079905,997.0930,514.00
4.079905,997.1301,543.00
4.079905,997.1672,563.00
4.079905,997.2045,503.00
4.079905,997.2416,539.00
4.079905,997.2787,503.00
4.079905,997.3158,585.00
4.079905,997.3530,493.00
4.079905,997.3900,547.00
4.079905,997.4271,519.00
4.079905,997.4642,541.00
4.079905,997.5013,510.00
4.079905,997.5384,554.00
4.079905,997.5754,493.00
4.079905,997.6126,579.00
4.079905,997.6497,506.00
4.079905,997.6867,541.00
4.079905,997.7238,527.00
4.079905,997.7607,578.00
4.079905,997.7978,499.00
4.079905,997.8348,585.00
4.079905,997.8718,502.00
4.079905,997.9088,551.00
4.079905,997.9458,499.00
4.079905,997.9829,591.00
4.079905,998.0200,550.00
4.079905,998.0569,563.00
4.079905,998.0939,519.00
4.079905,998.1309,529.00
4.079905,998.1678,497.00
4.079905,998.2048,567.00
4.079905,998.2417,505.00
4.079905,998.2786,603.00
4.079905,998.3156,494.00
4.079905,998.3525,590.00
4.079905,998.3896,523.00
4.079905,998.4265,522.00
4.079905,998.4633,519.00
4.079905,998.5003,567.00
4.079905,998.5372,495.00
4.079905,998.5740,575.00
4.079905,998.6110,509.00
4.079905,998.6478,557.00
4.079905,998.6847,503.00
4.079905,998.7217,575.00
4.079905,998.7585,517.00
4.079905,998.7953,506.00
4.079905,998.8322,474.00
4.079905,998.8691,567.00
4.079905,998.9059,539.00
4.079905,998.9427,596.00
4.079905,998.9795,529.00
4.079905,999.0163,555.00
4.079905,999.0531,527.00
4.079905,999.0899,513.00
4.079905,999.1267,470.00
4.079905,999.1636,564.00
4.079905,999.2004,499.00
4.079905,999.2372,555.00
4.079905,999.2739,526.00
4.079905,999.3107,571.00
4.079905,999.3474,538.00
4.079905,999.3842,515.00
4.079905,999.4210,529.00
4.079905,999.4576,545.00
4.079905,999.4946,495.00
4.079905,999.5312,553.00
4.079905,999.5680,515.00
4.079905,999.6047,546.00
4.079905,999.6414,522.00
4.079905,999.6780,525.00
4.079905,999.7147,490.00
4.079905,999.7515,521.00
4.079905,999.7881,461.00
4.079905,999.8248,519.00
4.079905,999.8614,488.00
4.079905,999.8981,575.00
4.079905,999.9349,490.00
4.079905,999.9715,556.00
4.079905,1000.0081,497.00
4.079905,1000.0447,502.00
4.079905,1000.0814,485.00
4.079905,1000.1180,519.00
4.079905,1000.1546,450.00
4.079905,1000.1912,550.00
4.079905,1000.2278,465.00
4.079905,1000.2645,548.00
4.079905,1000.3011,523.00
4.079905,1000.3377,531.00
4.079905,1000.3742,489.00
4.079905,1000.4108,506.00
4.079905,1000.4474,464.00
4.079905,1000.4839,513.00
4.079905,1000.5204,471.00
4.079905,1000.5570,540.00
4.079905,1000.5935,499.00
4.079905,1000.6301,502.00
4.079905,1000.6667,470.00
4.079905,1000.7032,521.00
4.079905,1000.7397,466.00
4.079905,1000.7762,523.00
4.079905,1000.8127,441.00
4.079905,1000.8492,543.00
4.079905,1000.8857,490.00
4.079905,1000.9222,493.00
4.079905,1000.9586,495.00
4.079905,1000.9951,512.00
4.079905,1001.0316,473.00
4.079905,1001.0681,529.00
4.079905,1001.1046,490.00
4.079905,1001.1410,517.00
4.079905,1001.1774,482.00
4.079905,1001.2138,522.00
4.079905,1001.2502,496.00
4.079905,1001.2866,511.00
4.079905,1001.3230,506.00
4.079905,1001.3594,515.00
4.079905,1001.3958,473.00
4.079905,1001.4323,538.00
4.079905,1001.4687,477.00
4.079905,1001.5051,529.00
4.079905,1001.5414,523.00
4.079905,1001.5778,502.00
4.079905,1001.6141,499.00
4.079905,1001.6505,486.00
4.079905,1001.6868,466.00
4.079905,1001.7231,511.00
4.079905,1001.7596,475.00
4.079905,1001.7958,529.00
4.079905,1001.8322,483.00
4.079905,1001.8685,513.00
4.079905,1001.9048,461.00
4.079905,1001.9411,499.00
4.079905,1001.9774,460.00
4.079905,1002.0136,463.00
4.079905,1002.0499,470.00
4.079905,1002.0862,542.00
4.079905,1002.1224,447.00
4.079905,1002.1587,524.00
4.079905,1002.1951,509.00
4.079905,1002.2313,483.00
4.079905,1002.2675,493.00
4.079905,1002.3038,515.00
4.079905,1002.3400,490.00
4.079905,1002.3762,516.00
4.079905,1002.4124,505.00
4.079905,1002.4486,534.00
4.079905,1002.4848,471.00
4.079905,1002.5211,539.00
4.079905,1002.5573,494.00
4.079905,1002.5934,544.00
4.079905,1002.6296,471.00
4.079905,1002.6657,525.00
4.079905,1002.7019,435.00
4.079905,1002.7380,519.00
4.079905,1002.7742,514.00
4.079905,1002.8104,525.00
4.079905,1002.8464,490.00
4.079905,1002.8826,533.00
4.079905,1002.9187,447.00
4.079905,1002.9549,513.00
4.079905,1002.9910,472.00
4.079905,1003.0271,567.00
4.079905,1003.0632,454.00
4.079905,1003.0992,537.00
4.079905,1003.1354,494.00
4.079905,1003.1714,514.00
4.079905,1003.2075,521.00
4.079905,1003.2435,503.00
4.079905,1003.2797,492.00
4.079905,1003.3157,565.00
4.079905,1003.3518,483.00
4.079905,1003.3878,552.00
4.079905,1003.4238,499.00
4.079905,1003.4598,520.00
4.079905,1003.4958,504.00
4.079905,1003.5319,487.00
4.079905,1003.5678,464.00
4.079905,1003.6039,569.00
4.079905,1003.6398,466.00
4.079905,1003.6759,544.00
4.079905,1003.7119,513.00
4.079905,1003.7479,520.00
4.079905,1003.7838,502.00
4.079905,1003.8198,503.00
4.079905,1003.8557,464.00
4.079905,1003.8917,526.00
4.079905,1003.9276,454.00
4.079905,1003.9635,507.00
4.079905,1003.9995,463.00
4.079905,1004.0354,522.00
4.079905,1004.0714,521.00
4.079905,1004.1072,499.00
4.079905,1004.1431,495.00
4.079905,1004.1790,499.00
4.079905,1004.2149,433.00
4.079905,1004.2508,520.00
4.079905,1004.2866,447.00
4.079905,1004.3225,539.00
4.079905,1004.3583,471.00
4.079905,1004.3942,498.00
4.079905,1004.4302,450.00
4.079905,1004.4660,475.00
4.079905,1004.5018,443.00
4.079905,1004.5376,501.00
4.079905,1004.5734,421.00
4.079905,1004.6093,549.00
4.079905,1004.6450,487.00
4.079905,1004.6808,531.00
4.079905,1004.7166,474.00
4.079905,1004.7525,528.00
4.079905,1004.7883,466.00
4.079905,1004.8240,531.00
4.079905,1004.8598,465.00
4.079905,1004.8956,531.00
4.079905,1004.9313,466.00
4.079905,1004.9670,541.00
4.079905,1005.0027,497.00
4.079905,1005.0385,468.00
4.079905,1005.0742,451.00
4.079905,1005.1099,509.00
4.079905,1005.1456,464.00
4.079905,1005.1815,518.00
4.079905,1005.2172,454.00
4.079905,1005.2529,519.00
4.079905,1005.2885,506.00
4.079905,1005.3242,520.00
4.079905,1005.3599,489.00
4.079905,1005.3955,501.00
4.079905,1005.4312,473.00
4.079905,1005.4669,521.00
4.079905,1005.5026,468.00
4.079905,1005.5382,552.00
4.079905,1005.5739,510.00
4.079905,1005.6095,538.00
4.079905,1005.6451,510.00
4.079905,1005.6807,522.00
4.079905,1005.7162,506.00
4.079905,1005.7519,515.00
4.079905,1005.7875,477.00
4.079905,1005.8231,545.00
4.079905,1005.8586,457.00
4.079905,1005.8942,547.00
4.079905,1005.9299,495.00
4.079905,1005.9655,530.00
4.079905,1006.0010,476.00
4.079905,1006.0365,500.00
4.079905,1006.0720,491.00
4.079905,1006.1076,493.00
4.079905,1006.1431,473.00
4.079905,1006.1786,560.00
4.079905,1006.2141,522.00
4.079905,1006.2498,555.00
4.079905,1006.2853,538.00
4.079905,1006.3207,506.00
4.079905,1006.3563,484.00
4.079905,1006.3917,561.00
4.079905,1006.4272,493.00
4.079905,1006.4626,567.00
4.079905,1006.4981,511.00
4.079905,1006.5335,494.00
4.079905,1006.5690,524.00
4.079905,1006.6044,544.00
4.079905,1006.6400,509.00
4.079905,1006.6754,549.00
4.079905,1006.7108,473.00
4.079905,1006.7462,564.00
4.079905,1006.7816,512.00
4.079905,1006.8170,536.00
4.079905,1006.8524,518.00
4.079905,1006.8878,522.00
4.079905,1006.9232,502.00
4.079905,1006.9586,548.00
4.079905,1006.9940,484.00
4.079905,1007.0294,513.00
4.079905,1007.0648,485.00
4.079905,1007.1001,567.00
4.079905,1007.1354,548.00
4.079905,1007.1707,568.00
4.079905,1007.2061,544.00
4.079905,1007.2414,560.00
4.079905,1007.2767,521.00
4.079905,1007.3120,564.00
4.079905,1007.3473,484.00
4.079905,1007.3827,552.00
4.079905,1007.4180,532.00
4.079905,1007.4532,578.00
4.079905,1007.4885,522.00
4.079905,1007.5238,530.00
4.079905,1007.5590,486.00
4.079905,1007.5943,534.00
4.079905,1007.6295,461.00
4.079905,1007.6648,585.00
4.079905,1007.7001,505.00
4.079905,1007.7354,541.00
4.079905,1007.7706,553.00
4.079905,1007.8058,532.00
4.079905,1007.8410,522.00
4.079905,1007.8762,520.00
4.079905,1007.9114,494.00
4.079905,1007.9465,546.00
4.079905,1007.9818,508.00
4.079905,1008.0169,559.00
4.079905,1008.0521,514.00
4.079905,1008.0873,583.00
4.079905,1008.1226,507.00
4.079905,1008.1576,502.00
4.079905,1008.1927,495.00
4.079905,1008.2279,545.00
4.079905,1008.2631,485.00
4.079905,1008.2982,557.00
4.079905,1008.3333,527.00
4.079905,1008.3683,551.00
4.079905,1008.4034,532.00
4.079905,1008.4387,516.00
4.079905,1008.4738,512.00
4.079905,1008.5089,539.00
4.079905,1008.5439,507.00
4.079905,1008.5790,586.00
4.079905,1008.6141,476.00
4.079905,1008.6491,522.00
4.079905,1008.6841,509.00
4.079905,1008.7192,507.00
4.079905,1008.7542,499.00
4.079905,1008.7892,522.00
4.079905,1008.8243,491.00
4.079905,1008.8594,564.00
4.079905,1008.8943,491.00
4.079905,1008.9294,523.00
4.079905,1008.9644,523.00
4.079905,1008.9994,529.00
4.079905,1009.0344,500.00
4.079905,1009.0693,517.00
4.079905,1009.1043,461.00
4.079905,1009.1392,569.00
4.079905,1009.1743,486.00
4.079905,1009.2093,528.00
4.079905,1009.2442,500.00
4.079905,1009.2792,532.00
4.079905,1009.3141,496.00
4.079905,1009.3489,497.00
4.079905,1009.3839,464.00
4.079905,1009.4188,522.00
4.079905,1009.4537,456.00
4.079905,1009.4886,560.00
4.079905,1009.5235,502.00
4.079905,1009.5585,528.00
4.079905,1009.5933,527.00
4.079905,1009.6282,516.00
4.079905,1009.6631,502.00
4.079905,1009.6979,499.00
4.079905,1009.7327,484.00
4.079905,1009.7676,521.00
4.079905,1009.8024,464.00
4.079905,1009.8372,497.00
4.079905,1009.8721,459.00
4.079905,1009.9070,510.00
4.079905,1009.9418,492.00
4.079905,1009.9766,486.00
4.079905,1010.0115,490.00
4.079905,1010.0462,529.00
4.079905,1010.0810,491.00
4.079905,1010.1158,542.00
4.079905,1010.1505,495.00
4.079905,1010.1853,517.00
4.079905,1010.2200,498.00
4.079905,1010.2548,491.00
4.079905,1010.2897,471.00
4.079905,1010.3244,527.00
4.079905,1010.3591,476.00
4.079905,1010.3938,541.00
4.079905,1010.4285,501.00
4.079905,1010.4633,519.00
4.079905,1010.4980,483.00
4.079905,1010.5326,488.00
4.079905,1010.5673,456.00
4.079905,1010.6021,514.00
4.079905,1010.6368,493.00
4.079905,1010.6714,505.00
4.079905,1010.7061,462.00
4.079905,1010.7408,526.00
4.079905,1010.7754,491.00
4.079905,1010.8101,526.00
4.079905,1010.8447,478.00
4.079905,1010.8793,503.00
4.079905,1010.9139,469.00
4.079905,1010.9485,521.00
4.079905,1010.9832,451.00
4.079905,1011.0178,555.00
4.079905,1011.0525,497.00
4.079905,1011.0870,546.00
4.079905,1011.1216,476.00
4.079905,1011.1562,521.00
4.079905,1011.1907,509.00
4.079905,1011.2253,520.00
4.079905,1011.2599,445.00
4.079905,1011.2944,550.00
4.079905,1011.3291,476.00
4.079905,1011.3636,510.00
4.079905,1011.3981,514.00
4.079905,1011.4326,490.00
4.079905,1011.4672,467.00
4.079905,1011.5016,496.00
4.079905,1011.5362,453.00
4.079905,1011.5706,507.00
4.079905,1011.6052,443.00
4.079905,1011.6396,499.00
4.079905,1011.6741,440.00
4.079905,1011.7086,524.00
4.079905,1011.7431,479.00
4.079905,1011.7776,489.00
4.079905,1011.8120,483.00
4.079905,1011.8465,538.00
4.079905,1011.8809,436.00
4.079905,1011.9153,523.00
4.079905,1011.9498,456.00
4.079905,1011.9842,475.00
4.079905,1012.0186,471.00
4.079905,1012.0531,504.00
4.079905,1012.0875,487.00
4.079905,1012.1219,524.00
4.079905,1012.1562,443.00
4.079905,1012.1906,497.00
4.079905,1012.2250,442.00
4.079905,1012.2593,501.00
4.079905,1012.2937,492.00
4.079905,1012.3281,475.00
4.079905,1012.3624,428.00
4.079905,1012.3967,493.00
4.079905,1012.4310,428.00
4.079905,1012.4655,520.00
4.079905,1012.4998,439.00
4.079905,1012.5341,542.00
4.079905,1012.5684,464.00
4.079905,1012.6027,518.00
4.079905,1012.6370,474.00
4.079905,1012.6712,483.00
4.079905,1012.7055,477.00
4.079905,1012.7398,532.00
4.079905,1012.7742,423.00
4.079905,1012.8084,491.00
4.079905,1012.8427,467.00
4.079905,1012.8769,488.00
4.079905,1012.9111,488.00
4.079905,1012.9454,493.00
4.079905,1012.9796,477.00
4.079905,1013.0138,485.00
4.079905,1013.0480,406.00
4.079905,1013.0822,506.00
4.079905,1013.1164,454.00
4.079905,1013.1506,538.00
4.079905,1013.1848,460.00
4.079905,1013.2190,483.00
4.079905,1013.2532,493.00
4.079905,1013.2873,513.00
4.079905,1013.3215,467.00
4.079905,1013.3556,494.00
4.079905,1013.3898,443.00
4.079905,1013.4239,512.00
4.079905,1013.4581,488.00
4.079905,1013.4923,501.00
4.079905,1013.5264,479.00
4.079905,1013.5605,489.00
4.079905,1013.5946,488.00
4.079905,1013.6287,540.00
4.079905,1013.6627,472.00
4.079905,1013.6968,521.00
4.079905,1013.7309,470.00
4.079905,1013.7650,482.00
4.079905,1013.7990,476.00
4.079905,1013.8331,500.00
4.079905,1013.8672,452.00
4.079905,1013.9012,511.00
4.079905,1013.9353,437.00
4.079905,1013.9693,518.00
4.079905,1014.0033,476.00
4.079905,1014.0374,546.00
4.079905,1014.0714,515.00
4.079905,1014.1053,504.00
4.079905,1014.1393,505.00
4.079905,1014.1734,524.00
4.079905,1014.2074,461.00
4.079905,1014.2413,549.00
4.079905,1014.2753,496.00
4.079905,1014.3093,558.00
4.079905,1014.3433,506.00
4.079905,1014.3772,540.00
4.079905,1014.4111,542.00
4.079905,1014.4451,534.00
4.079905,1014.4790,477.00
4.079905,1014.5129,529.00
4.079905,1014.5468,486.00
4.079905,1014.5808,561.00
4.079905,1014.6147,489.00
4.079905,1014.6486,556.00
4.079905,1014.6825,526.00
4.079905,1014.7164,521.00
4.079905,1014.7502,500.00
4.079905,1014.7841,536.00
4.079905,1014.8180,514.00
4.079905,1014.8518,523.00
4.079905,1014.8858,488.00
4.079905,1014.9196,568.00
4.079905,1014.9534,526.00
4.079905,1014.9872,547.00
4.079905,1015.0211,527.00
4.079905,1015.0549,516.00
4.079905,1015.0887,496.00
4.079905,1015.1224,539.00
4.079905,1015.1562,515.00
4.079905,1015.1900,567.00
4.079905,1015.2238,522.00
4.079905,1015.2575,560.00
4.079905,1015.2914,527.00
4.079905,1015.3252,523.00
4.079905,1015.3589,475.00
4.079905,1015.3927,533.00
4.079905,1015.4265,516.00
4.079905,1015.4601,563.00
4.079905,1015.4938,491.00
4.079905,1015.5276,577.00
4.079905,1015.5613,532.00
4.079905,1015.5952,552.00
4.079905,1015.6288,491.00
4.079905,1015.6625,541.00
4.079905,1015.6962,474.00
4.079905,1015.7299,564.00
4.079905,1015.7635,480.00
4.079905,1015.7972,565.00
4.079905,1015.8308,548.00
4.079905,1015.8645,523.00
4.079905,1015.8981,504.00
4.079905,1015.9317,564.00
4.079905,1015.9655,470.00
4.079905,1015.9991,544.00
4.079905,1016.0327,499.00
4.079905,1016.0663,578.00
4.079905,1016.0999,544.00
4.079905,1016.1335,545.00
4.079905,1016.1671,532.00
4.079905,1016.2006,523.00
4.079905,1016.2342,513.00
4.079905,1016.2679,534.00
4.079905,1016.3015,496.00
4.079905,1016.3350,544.00
4.079905,1016.3686,501.00
4.079905,1016.4021,554.00
4.079905,1016.4357,517.00
4.079905,1016.4691,568.00
4.079905,1016.5027,506.00
4.079905,1016.5362,536.00
4.079905,1016.5696,471.00
4.079905,1016.6032,576.00
4.079905,1016.6367,514.00
4.079905,1016.6703,583.00
4.079905,1016.7038,530.00
4.079905,1016.7372,527.00
4.079905,1016.7707,508.00
4.079905,1016.8041,527.00
4.079905,1016.8376,515.00
4.079905,1016.8710,561.00
4.079905,1016.9045,505.00
4.079905,1016.9379,588.00
4.079905,1016.9715,483.00
4.079905,1017.0049,549.00
4.079905,1017.0383,552.00
4.079905,1017.0717,526.00
4.079905,1017.1050,496.00
4.079905,1017.1384,533.00
4.079905,1017.1718,458.00
4.079905,1017.2052,554.00
4.079905,1017.2386,491.00
4.079905,1017.2720,538.00
4.079905,1017.3053,560.00
4.079905,1017.3387,533.00
4.079905,1017.3721,513.00
4.079905,1017.4054,511.00
4.079905,1017.4388,481.00
4.079905,1017.4721,562.00
4.079905,1017.5054,504.00
4.079905,1017.5387,570.00
4.079905,1017.5720,535.00
4.079905,1017.6053,542.00
4.079905,1017.6386,545.00
4.079905,1017.6720,540.00
4.079905,1017.7053,521.00
4.079905,1017.7385,559.00
4.079905,1017.7717,527.00
4.079905,1017.8051,566.00
4.079905,1017.8383,502.00
4.079905,1017.8715,594.00
4.079905,1017.9048,527.00
4.079905,1017.9380,561.00
4.079905,1017.9712,549.00
4.079905,1018.0044,567.00
4.079905,1018.0376,497.00
4.079905,1018.0709,573.00
4.079905,1018.1041,528.00
4.079905,1018.1373,600.00
4.079905,1018.1705,547.00
4.079905,1018.2037,564.00
4.079905,1018.2368,516.00
4.079905,1018.2700,540.00
4.079905,1018.3032,510.00
4.079905,1018.3363,581.00
4.079905,1018.3695,512.00
4.079905,1018.4026,608.00
4.079905,1018.4358,576.00
4.079905,1018.4689,549.00
4.079905,1018.5020,560.00
4.079905,1018.5352,552.00
4.079905,1018.5682,514.00
4.079905,1018.6013,574.00
4.079905,1018.6343,526.00
4.079905,1018.6675,568.00
4.079905,1018.7006,480.00
4.079905,1018.7337,599.00
4.079905,1018.7668,579.00
4.079905,1018.7998,563.00
4.079905,1018.8328,536.00
4.079905,1018.8658,554.00
4.079905,1018.8989,529.00
4.079905,1018.9319,563.00
4.079905,1018.9650,531.00
4.079905,1018.9980,580.00
4.079905,1019.0311,533.00
4.079905,1019.0641,582.00
4.079905,1019.0970,519.00
4.079905,1019.1301,573.00
4.079905,1019.1631,522.00
4.079905,1019.1960,586.00
4.079905,1019.2289,511.00
4.079905,1019.2618,583.00
4.079905,1019.2949,512.00
4.079905,1019.3278,573.00
4.079905,1019.3607,557.00
4.079905,1019.3936,525.00
4.079905,1019.4268,493.00
4.079905,1019.4596,570.00
4.079905,1019.4925,520.00
4.079905,1019.5255,544.00
4.079905,1019.5583,520.00
4.079905,1019.5912,578.00
4.079905,1019.6240,529.00
4.079905,1019.6569,552.00
4.079905,1019.6898,542.00
4.079905,1019.7227,530.00
4.079905,1019.7556,469.00
4.079905,1019.7885,578.00
4.079905,1019.8213,508.00
4.079905,1019.8541,575.00
4.079905,1019.8870,507.00
4.079905,1019.9198,554.00
4.079905,1019.9525,541.00
4.079905,1019.9854,534.00
4.079905,1020.0182,505.00
4.079905,1020.0509,541.00
4.079905,1020.0837,521.00
4.079905,1020.1167,554.00
4.079905,1020.1494,535.00
4.079905,1020.1823,552.00
4.079905,1020.2149,522.00
4.079905,1020.2477,518.00
4.079905,1020.2805,493.00
4.079905,1020.3132,513.00
4.079905,1020.3459,514.00
4.079905,1020.3787,587.00
4.079905,1020.4114,519.00
4.079905,1020.4442,524.00
4.079905,1020.4768,518.00
4.079905,1020.5096,551.00
4.079905,1020.5423,505.00
4.079905,1020.5750,573.00
4.079905,1020.6077,462.00
4.079905,1020.6403,561.00
4.079905,1020.6730,489.00
4.079905,1020.7055,558.00
4.079905,1020.7382,512.00
4.079905,1020.7709,503.00
4.079905,1020.8036,500.00
4.079905,1020.8363,532.00
4.079905,1020.8688,457.00
4.079905,1020.9015,570.00
4.079905,1020.9341,463.00
4.079905,1020.9667,546.00
4.079905,1020.9993,494.00
4.079905,1021.0319,552.00
4.079905,1021.0645,515.00
4.079905,1021.0971,521.00
4.079905,1021.1298,485.00
4.079905,1021.1623,545.00
4.079905,1021.1948,482.00
4.079905,1021.2273,531.00
4.079905,1021.2599,506.00
4.079905,1021.2924,536.00
4.079905,1021.3250,518.00
4.079905,1021.3574,491.00
4.079905,1021.3900,475.00
4.079905,1021.4224,519.00
4.079905,1021.4550,414.00
4.079905,1021.4875,505.00
4.079905,1021.5200,481.00
4.079905,1021.5525,531.00
4.079905,1021.5850,509.00
4.079905,1021.6175,525.00
4.079905,1021.6500,456.00
4.079905,1021.6823,520.00
4.079905,1021.7148,475.00
4.079905,1021.7474,544.00
4.079905,1021.7797,490.00
4.079905,1021.8122,548.00
4.079905,1021.8445,502.00
4.079905,1021.8770,549.00
4.079905,1021.9095,508.00
4.079905,1021.9418,489.00
4.079905,1021.9741,456.00
4.079905,1022.0066,477.00
4.079905,1022.0389,466.00
4.079905,1022.0713,542.00
4.079905,1022.1037,512.00
4.079905,1022.1362,610.00
4.079905,1022.1685,534.00
4.079905,1022.2008,533.00
4.079905,1022.2332,453.00
4.079905,1022.2654,526.00
4.079905,1022.2977,495.00
4.079905,1022.3301,563.00
4.079905,1022.3624,484.00
4.079905,1022.3947,570.00
4.079905,1022.4271,501.00
4.079905,1022.4594,547.00
4.079905,1022.4917,513.00
4.079905,1022.5239,500.00
4.079905,1022.5562,509.00
4.079905,1022.5885,516.00
4.079905,1022.6207,511.00
4.079905,1022.6530,564.00
4.079905,1022.6852,522.00
4.079905,1022.7174,530.00
4.079905,1022.7497,476.00
4.079905,1022.7819,541.00
4.079905,1022.8142,502.00
4.079905,1022.8464,527.00
4.079905,1022.8785,483.00
4.079905,1022.9108,582.00
4.079905,1022.9429,500.00
4.079905,1022.9751,571.00
4.079905,1023.0073,541.00
4.079905,1023.0394,489.00
4.079905,1023.0717,497.00
4.079905,1023.1039,550.00
4.079905,1023.1360,481.00
4.079905,1023.1682,560.00
4.079905,1023.2003,492.00
4.079905,1023.2324,546.00
4.079905,1023.2644,509.00
4.079905,1023.2966,550.00
4.079905,1023.3287,476.00
4.079905,1023.3608,518.00
4.079905,1023.3929,505.00
4.079905,1023.4249,514.00
4.079905,1023.4570,471.00
4.079905,1023.4893,532.00
4.079905,1023.5212,467.00
4.079905,1023.5533,496.00
4.079905,1023.5853,497.00
4.079905,1023.6174,527.00
4.079905,1023.6494,492.00
4.079905,1023.6813,523.00
4.079905,1023.7134,444.00
4.079905,1023.7454,534.00
4.079905,1023.7775,493.00
4.079905,1023.8096,520.00
4.079905,1023.8416,499.00
4.079905,1023.8735,490.00
4.079905,1023.9055,489.00
4.079905,1023.9374,504.00
4.079905,1023.9694,442.00
4.079905,1024.0013,529.00
4.079905,1024.0333,465.00
4.079905,1024.0652,548.00
4.079905,1024.0972,500.00
4.079905,1024.1293,521.00
4.079905,1024.1611,486.00
4.079905,1024.1931,526.00
4.079905,1024.2250,450.00
4.079905,1024.2568,512.00
4.079905,1024.2888,462.00
4.079905,1024.3206,527.00
4.079905,1024.3525,519.00
4.079905,1024.3843,513.00
4.079905,1024.4164,448.00
4.079905,1024.4481,517.00
4.079905,1024.4801,457.00
4.079905,1024.5118,511.00
4.079905,1024.5438,474.00
4.079905,1024.5756,552.00
4.079905,1024.6074,498.00
4.079905,1024.6393,540.00
4.079905,1024.6710,515.00
4.079905,1024.7029,491.00
4.079905,1024.7346,486.00
4.079905,1024.7664,505.00
4.079905,1024.7982,454.00
4.079905,1024.8301,547.00
4.079905,1024.8618,497.00
4.079905,1024.8936,533.00
4.079905,1024.9253,464.00
4.079905,1024.9572,517.00
4.079905,1024.9889,511.00
4.079905,1025.0206,522.00
4.079905,1025.0522,452.00
4.079905,1025.0841,536.00
4.079905,1025.1158,488.00
4.079905,1025.1475,557.00
4.079905,1025.1792,475.00
4.079905,1025.2109,500.00
4.079905,1025.2426,484.00
4.079905,1025.2743,522.00
4.079905,1025.3059,514.00
4.079905,1025.3376,521.00
4.079905,1025.3693,456.00
4.079905,1025.4009,566.00
4.079905,1025.4326,481.00
4.079905,1025.4644,541.00
4.079905,1025.4960,502.00
4.079905,1025.5276,514.00
4.079905,1025.5592,523.00
4.079905,1025.5908,532.00
4.079905,1025.6224,480.00
4.079905,1025.6541,547.00
4.079905,1025.6857,521.00
4.079905,1025.7172,557.00
4.079905,1025.7489,518.00
4.079905,1025.7804,544.00
4.079905,1025.8120,549.00
4.079905,1025.8435,534.00
4.079905,1025.8751,520.00
4.079905,1025.9066,543.00
4.079905,1025.9381,502.00
4.079905,1025.9697,554.00
4.079905,1026.0012,525.00
4.079905,1026.0327,570.00
4.079905,1026.0642,509.00
