# Point:,43
# Setpoint:,2.18909091
# Voltage_V:,2.18909091
# Current_A:,0.030255
# Spectrum_Time_s:,6.840924
# Step_Start_s:,6.822563
# Step_End_s:,6.902231
# Spectrum_Duration_ms:,11.687
# Peak_Wavelength_nm:,927.88
# Peak_Intensity:,7811.0
# Avg_Intensity:,623.0
# Num_Pixels:,4094
# NOTE: All wavelengths are captured simultaneously in one CCD exposure
#       The Relative_Time_s column shows when this entire spectrum was acquired

Relative_Time_s,Wavelength_nm,Intensity
6.840924,845.4307,567.00
6.840924,845.4858,493.00
6.840924,845.5410,564.00
6.840924,845.5963,499.00
6.840924,845.6514,556.00
6.840924,845.7065,515.00
6.840924,845.7617,552.00
6.840924,845.8168,488.00
6.840924,845.8721,569.00
6.840924,845.9272,496.00
6.840924,845.9823,569.00
6.840924,846.0374,462.00
6.840924,846.0926,528.00
6.840924,846.1478,508.00
6.840924,846.2029,532.00
6.840924,846.2579,496.00
6.840924,846.3130,547.00
6.840924,846.3682,458.00
6.840924,846.4233,568.00
6.840924,846.4784,510.00
6.840924,846.5335,562.00
6.840924,846.5886,553.00
6.840924,846.6437,533.00
6.840924,846.6987,520.00
6.840924,846.7538,551.00
6.840924,846.8089,483.00
6.840924,846.8640,582.00
6.840924,846.9190,484.00
6.840924,846.9741,572.00
6.840924,847.0292,535.00
6.840924,847.0842,561.00
6.840924,847.1392,535.00
6.840924,847.1943,562.00
6.840924,847.2493,512.00
6.840924,847.3044,587.00
6.840924,847.3594,514.00
6.840924,847.4144,573.00
6.840924,847.4694,535.00
6.840924,847.5244,564.00
6.840924,847.5795,557.00
6.840924,847.6345,603.00
6.840924,847.6895,518.00
6.840924,847.7444,579.00
6.840924,847.7994,518.00
6.840924,847.8544,604.00
6.840924,847.9094,549.00
6.840924,847.9644,597.00
6.840924,848.0193,581.00
6.840924,848.0743,593.00
6.840924,848.1293,536.00
6.840924,848.1843,600.00
6.840924,848.2392,550.00
6.840924,848.2941,582.00
6.840924,848.3491,564.00
6.840924,848.4040,586.00
6.840924,848.4590,558.00
6.840924,848.5139,591.00
6.840924,848.5688,515.00
6.840924,848.6237,594.00
6.840924,848.6786,531.00
6.840924,848.7336,629.00
6.840924,848.7885,539.00
6.840924,848.8434,623.00
6.840924,848.8983,581.00
6.840924,848.9531,585.00
6.840924,849.0081,558.00
6.840924,849.0630,589.00
6.840924,849.1178,505.00
6.840924,849.1727,588.00
6.840924,849.2275,558.00
6.840924,849.2823,643.00
6.840924,849.3373,558.00
6.840924,849.3921,566.00
6.840924,849.4470,568.00
6.840924,849.5018,561.00
6.840924,849.5566,555.00
6.840924,849.6115,619.00
6.840924,849.6663,551.00
6.840924,849.7211,596.00
6.840924,849.7759,554.00
6.840924,849.8307,611.00
6.840924,849.8856,559.00
6.840924,849.9404,609.00
6.840924,849.9952,566.00
6.840924,850.0500,615.00
6.840924,850.1048,515.00
6.840924,850.1596,617.00
6.840924,850.2144,534.00
6.840924,850.2692,643.00
6.840924,850.3239,563.00
6.840924,850.3787,565.00
6.840924,850.4335,556.00
6.840924,850.4882,569.00
6.840924,850.5430,541.00
6.840924,850.5977,591.00
6.840924,850.6525,548.00
6.840924,850.7072,604.00
6.840924,850.7620,558.00
6.840924,850.8167,624.00
6.840924,850.8715,581.00
6.840924,850.9261,580.00
6.840924,850.9808,526.00
6.840924,851.0356,591.00
6.840924,851.0903,584.00
6.840924,851.1450,628.00
6.840924,851.1996,550.00
6.840924,851.2543,627.00
6.840924,851.3091,581.00
6.840924,851.3638,572.00
6.840924,851.4185,566.00
6.840924,851.4731,627.00
6.840924,851.5278,549.00
6.840924,851.5825,668.00
6.840924,851.6371,608.00
6.840924,851.6918,649.00
6.840924,851.7465,615.00
6.840924,851.8011,644.00
6.840924,851.8558,602.00
6.840924,851.9103,602.00
6.840924,851.9650,586.00
6.840924,852.0196,687.00
6.840924,852.0742,602.00
6.840924,852.1289,637.00
6.840924,852.1835,593.00
6.840924,852.2381,685.00
6.840924,852.2927,619.00
6.840924,852.3473,673.00
6.840924,852.4019,618.00
6.840924,852.4565,668.00
6.840924,852.5111,622.00
6.840924,852.5657,621.00
6.840924,852.6202,622.00
6.840924,852.6747,657.00
6.840924,852.7294,626.00
6.840924,852.7839,657.00
6.840924,852.8385,648.00
6.840924,852.8930,671.00
6.840924,852.9476,592.00
6.840924,853.0022,667.00
6.840924,853.0567,624.00
6.840924,853.1112,686.00
6.840924,853.1658,669.00
6.840924,853.2203,658.00
6.840924,853.2748,635.00
6.840924,853.3293,696.00
6.840924,853.3838,625.00
6.840924,853.4383,660.00
6.840924,853.4928,629.00
6.840924,853.5474,663.00
6.840924,853.6019,664.00
6.840924,853.6563,680.00
6.840924,853.7108,672.00
6.840924,853.7653,664.00
6.840924,853.8198,637.00
6.840924,853.8742,668.00
6.840924,853.9286,664.00
6.840924,853.9832,684.00
6.840924,854.0376,662.00
6.840924,854.0920,690.00
6.840924,854.1465,654.00
6.840924,854.2010,656.00
6.840924,854.2554,640.00
6.840924,854.3098,653.00
6.840924,854.3642,585.00
6.840924,854.4186,673.00
6.840924,854.4731,594.00
6.840924,854.5275,690.00
6.840924,854.5819,656.00
6.840924,854.6363,684.00
6.840924,854.6907,658.00
6.840924,854.7451,641.00
6.840924,854.7994,619.00
6.840924,854.8538,682.00
6.840924,854.9082,652.00
6.840924,854.9626,687.00
6.840924,855.0170,614.00
6.840924,855.0714,699.00
6.840924,855.1257,643.00
6.840924,855.1800,654.00
6.840924,855.2344,641.00
6.840924,855.2888,673.00
6.840924,855.3431,617.00
6.840924,855.3975,685.00
6.840924,855.4518,605.00
6.840924,855.5060,672.00
6.840924,855.5604,610.00
6.840924,855.6147,662.00
6.840924,855.6691,640.00
6.840924,855.7233,668.00
6.840924,855.7776,638.00
6.840924,855.8320,701.00
6.840924,855.8862,611.00
6.840924,855.9406,678.00
6.840924,855.9948,640.00
6.840924,856.0491,711.00
6.840924,856.1035,650.00
6.840924,856.1577,679.00
6.840924,856.2119,635.00
6.840924,856.2662,664.00
6.840924,856.3204,611.00
6.840924,856.3748,691.00
6.840924,856.4290,637.00
6.840924,856.4832,681.00
6.840924,856.5374,672.00
6.840924,856.5916,667.00
6.840924,856.6459,607.00
6.840924,856.7001,690.00
6.840924,856.7543,612.00
6.840924,856.8085,700.00
6.840924,856.8627,635.00
6.840924,856.9169,701.00
6.840924,856.9712,643.00
6.840924,857.0253,634.00
6.840924,857.0795,640.00
6.840924,857.1337,659.00
6.840924,857.1879,626.00
6.840924,857.2421,679.00
6.840924,857.2962,647.00
6.840924,857.3504,680.00
6.840924,857.4045,663.00
6.840924,857.4587,661.00
6.840924,857.5129,659.00
6.840924,857.5670,659.00
6.840924,857.6212,634.00
6.840924,857.6753,689.00
6.840924,857.7294,660.00
6.840924,857.7836,685.00
6.840924,857.8377,637.00
6.840924,857.8918,697.00
6.840924,857.9459,672.00
6.840924,858.0000,672.00
6.840924,858.0541,650.00
6.840924,858.1082,682.00
6.840924,858.1624,624.00
6.840924,858.2164,690.00
6.840924,858.2704,638.00
6.840924,858.3245,703.00
6.840924,858.3787,683.00
6.840924,858.4327,696.00
6.840924,858.4868,635.00
6.840924,858.5408,681.00
6.840924,858.5949,643.00
6.840924,858.6489,673.00
6.840924,858.7030,664.00
6.840924,858.7570,719.00
6.840924,858.8110,676.00
6.840924,858.8651,681.00
6.840924,858.9192,692.00
6.840924,858.9732,704.00
6.840924,859.0272,639.00
6.840924,859.0812,690.00
6.840924,859.1352,602.00
6.840924,859.1892,686.00
6.840924,859.2432,636.00
6.840924,859.2972,681.00
6.840924,859.3512,687.00
6.840924,859.4052,667.00
6.840924,859.4592,651.00
6.840924,859.5132,672.00
6.840924,859.5671,606.00
6.840924,859.6210,669.00
6.840924,859.6750,631.00
6.840924,859.7289,689.00
6.840924,859.7830,600.00
6.840924,859.8369,633.00
6.840924,859.8908,654.00
6.840924,859.9447,619.00
6.840924,859.9987,606.00
6.840924,860.0527,698.00
6.840924,860.1065,600.00
6.840924,860.1605,687.00
6.840924,860.2144,661.00
6.840924,860.2682,669.00
6.840924,860.3222,657.00
6.840924,860.3761,662.00
6.840924,860.4299,605.00
6.840924,860.4838,696.00
6.840924,860.5377,582.00
6.840924,860.5916,684.00
6.840924,860.6455,625.00
6.840924,860.6993,672.00
6.840924,860.7532,642.00
6.840924,860.8071,657.00
6.840924,860.8610,600.00
6.840924,860.9148,652.00
6.840924,860.9687,602.00
6.840924,861.0225,641.00
6.840924,861.0763,616.00
6.840924,861.1301,656.00
6.840924,861.1840,580.00
6.840924,861.2378,651.00
6.840924,861.2916,624.00
6.840924,861.3454,674.00
6.840924,861.3992,608.00
6.840924,861.4531,690.00
6.840924,861.5068,553.00
6.840924,861.5606,664.00
6.840924,861.6144,615.00
6.840924,861.6682,650.00
6.840924,861.7220,619.00
6.840924,861.7758,666.00
6.840924,861.8295,606.00
6.840924,861.8833,653.00
6.840924,861.9370,581.00
6.840924,861.9908,675.00
6.840924,862.0446,631.00
6.840924,862.0983,693.00
6.840924,862.1520,612.00
6.840924,862.2057,642.00
6.840924,862.2595,627.00
6.840924,862.3132,637.00
6.840924,862.3669,586.00
6.840924,862.4206,652.00
6.840924,862.4744,587.00
6.840924,862.5281,677.00
6.840924,862.5818,604.00
6.840924,862.6355,665.00
6.840924,862.6891,624.00
6.840924,862.7429,639.00
6.840924,862.7966,634.00
6.840924,862.8502,652.00
6.840924,862.9039,608.00
6.840924,862.9575,654.00
6.840924,863.0112,619.00
6.840924,863.0648,637.00
6.840924,863.1185,612.00
6.840924,863.1722,646.00
6.840924,863.2258,585.00
6.840924,863.2794,659.00
6.840924,863.3330,576.00
6.840924,863.3867,658.00
6.840924,863.4403,569.00
6.840924,863.4940,670.00
6.840924,863.5475,651.00
6.840924,863.6011,612.00
6.840924,863.6548,617.00
6.840924,863.7084,612.00
6.840924,863.7620,603.00
6.840924,863.8156,641.00
6.840924,863.8691,590.00
6.840924,863.9228,628.00
6.840924,863.9763,612.00
6.840924,864.0299,655.00
6.840924,864.0834,600.00
6.840924,864.1370,659.00
6.840924,864.1906,580.00
6.840924,864.2441,654.00
6.840924,864.2977,573.00
6.840924,864.3512,654.00
6.840924,864.4047,627.00
6.840924,864.4583,644.00
6.840924,864.5118,617.00
6.840924,864.5653,624.00
6.840924,864.6189,633.00
6.840924,864.6724,637.00
6.840924,864.7258,598.00
6.840924,864.7794,642.00
6.840924,864.8329,596.00
6.840924,864.8864,688.00
6.840924,864.9398,616.00
6.840924,864.9933,643.00
6.840924,865.0469,585.00
6.840924,865.1003,632.00
6.840924,865.1538,614.00
6.840924,865.2072,642.00
6.840924,865.2607,627.00
6.840924,865.3142,660.00
6.840924,865.3676,636.00
6.840924,865.4211,625.00
6.840924,865.4745,597.00
6.840924,865.5279,617.00
6.840924,865.5814,606.00
6.840924,865.6348,654.00
6.840924,865.6882,612.00
6.840924,865.7416,660.00
6.840924,865.7950,626.00
6.840924,865.8484,675.00
6.840924,865.9019,629.00
6.840924,865.9552,648.00
6.840924,866.0087,646.00
6.840924,866.0620,617.00
6.840924,866.1154,605.00
6.840924,866.1688,680.00
6.840924,866.2222,622.00
6.840924,866.2755,679.00
6.840924,866.3289,654.00
6.840924,866.3822,648.00
6.840924,866.4356,644.00
6.840924,866.4890,629.00
6.840924,866.5423,637.00
6.840924,866.5956,649.00
6.840924,866.6489,610.00
6.840924,866.7023,658.00
6.840924,866.7556,632.00
6.840924,866.8089,648.00
6.840924,866.8622,642.00
6.840924,866.9155,665.00
6.840924,866.9689,619.00
6.840924,867.0222,668.00
6.840924,867.0755,594.00
6.840924,867.1287,633.00
6.840924,867.1820,626.00
6.840924,867.2354,667.00
6.840924,867.2886,638.00
6.840924,867.3419,673.00
6.840924,867.3951,636.00
6.840924,867.4484,645.00
6.840924,867.5016,573.00
6.840924,867.5549,681.00
6.840924,867.6082,624.00
6.840924,867.6614,656.00
6.840924,867.7146,622.00
6.840924,867.7678,662.00
6.840924,867.8211,632.00
6.840924,867.8743,660.00
6.840924,867.9276,622.00
6.840924,867.9807,649.00
6.840924,868.0339,607.00
6.840924,868.0872,646.00
6.840924,868.1403,620.00
6.840924,868.1935,633.00
6.840924,868.2467,604.00
6.840924,868.2999,641.00
6.840924,868.3531,585.00
6.840924,868.4062,666.00
6.840924,868.4594,632.00
6.840924,868.5126,656.00
6.840924,868.5657,640.00
6.840924,868.6189,680.00
6.840924,868.6721,631.00
6.840924,868.7252,630.00
6.840924,868.7783,606.00
6.840924,868.8315,618.00
6.840924,868.8846,592.00
6.840924,868.9377,645.00
6.840924,868.9908,587.00
6.840924,869.0439,653.00
6.840924,869.0970,631.00
6.840924,869.1501,670.00
6.840924,869.2032,596.00
6.840924,869.2564,599.00
6.840924,869.3094,586.00
6.840924,869.3625,621.00
6.840924,869.4156,609.00
6.840924,869.4688,674.00
6.840924,869.5218,599.00
6.840924,869.5748,649.00
6.840924,869.6279,650.00
6.840924,869.6809,626.00
6.840924,869.7340,585.00
6.840924,869.7870,655.00
6.840924,869.8401,624.00
6.840924,869.8931,641.00
6.840924,869.9462,597.00
6.840924,869.9993,638.00
6.840924,870.0522,637.00
6.840924,870.1052,676.00
6.840924,870.1583,622.00
6.840924,870.2112,666.00
6.840924,870.2642,597.00
6.840924,870.3173,654.00
6.840924,870.3702,606.00
6.840924,870.4232,663.00
6.840924,870.4762,639.00
6.840924,870.5292,630.00
6.840924,870.5822,625.00
6.840924,870.6351,667.00
6.840924,870.6881,621.00
6.840924,870.7410,679.00
6.840924,870.7940,619.00
6.840924,870.8470,682.00
6.840924,870.8999,599.00
6.840924,870.9528,670.00
6.840924,871.0057,681.00
6.840924,871.0587,659.00
6.840924,871.1116,633.00
6.840924,871.1646,657.00
6.840924,871.2175,587.00
6.840924,871.2704,682.00
6.840924,871.3232,647.00
6.840924,871.3762,652.00
6.840924,871.4291,654.00
6.840924,871.4820,667.00
6.840924,871.5348,631.00
6.840924,871.5877,657.00
6.840924,871.6406,642.00
6.840924,871.6935,703.00
6.840924,871.7463,621.00
6.840924,871.7992,631.00
6.840924,871.8521,660.00
6.840924,871.9049,645.00
6.840924,871.9578,679.00
6.840924,872.0106,680.00
6.840924,872.0635,599.00
6.840924,872.1162,682.00
6.840924,872.1691,616.00
6.840924,872.2219,707.00
6.840924,872.2747,628.00
6.840924,872.3275,655.00
6.840924,872.3803,667.00
6.840924,872.4332,672.00
6.840924,872.4860,633.00
6.840924,872.5387,680.00
6.840924,872.5915,627.00
6.840924,872.6443,687.00
6.840924,872.6971,672.00
6.840924,872.7499,676.00
6.840924,872.8026,682.00
6.840924,872.8553,663.00
6.840924,872.9081,647.00
6.840924,872.9609,654.00
6.840924,873.0136,612.00
6.840924,873.0663,699.00
6.840924,873.1191,603.00
6.840924,873.1718,687.00
6.840924,873.2245,669.00
6.840924,873.2773,666.00
6.840924,873.3300,643.00
6.840924,873.3827,667.00
6.840924,873.4354,629.00
6.840924,873.4882,716.00
6.840924,873.5408,647.00
6.840924,873.5935,699.00
6.840924,873.6462,661.00
6.840924,873.6989,676.00
6.840924,873.7515,676.00
6.840924,873.8042,645.00
6.840924,873.8569,619.00
6.840924,873.9096,640.00
6.840924,873.9622,602.00
6.840924,874.0149,676.00
6.840924,874.0675,668.00
6.840924,874.1202,659.00
6.840924,874.1729,632.00
6.840924,874.2255,671.00
6.840924,874.2781,630.00
6.840924,874.3307,660.00
6.840924,874.3834,617.00
6.840924,874.4360,698.00
6.840924,874.4885,663.00
6.840924,874.5411,729.00
6.840924,874.5938,640.00
6.840924,874.6463,632.00
6.840924,874.6990,663.00
6.840924,874.7515,665.00
6.840924,874.8041,582.00
6.840924,874.8567,704.00
6.840924,874.9092,640.00
6.840924,874.9619,683.00
6.840924,875.0144,620.00
6.840924,875.0669,659.00
6.840924,875.1194,644.00
6.840924,875.1720,676.00
6.840924,875.2246,603.00
6.840924,875.2772,682.00
6.840924,875.3296,623.00
6.840924,875.3821,688.00
6.840924,875.4346,642.00
6.840924,875.4872,683.00
6.840924,875.5397,637.00
6.840924,875.5922,679.00
6.840924,875.6447,616.00
6.840924,875.6971,675.00
6.840924,875.7498,613.00
6.840924,875.8022,692.00
6.840924,875.8547,621.00
6.840924,875.9071,718.00
6.840924,875.9596,637.00
6.840924,876.0120,644.00
6.840924,876.0646,642.00
6.840924,876.1169,678.00
6.840924,876.1694,623.00
6.840924,876.2219,652.00
6.840924,876.2743,640.00
6.840924,876.3268,703.00
6.840924,876.3792,619.00
6.840924,876.4316,657.00
6.840924,876.4840,676.00
6.840924,876.5364,648.00
6.840924,876.5889,619.00
6.840924,876.6413,711.00
6.840924,876.6937,598.00
6.840924,876.7460,674.00
6.840924,876.7985,640.00
6.840924,876.8509,713.00
6.840924,876.9032,637.00
6.840924,876.9556,659.00
6.840924,877.0079,633.00
6.840924,877.0604,652.00
6.840924,877.1127,602.00
6.840924,877.1651,694.00
6.840924,877.2174,619.00
6.840924,877.2697,636.00
6.840924,877.3221,644.00
6.840924,877.3744,641.00
6.840924,877.4268,629.00
6.840924,877.4791,671.00
6.840924,877.5314,612.00
6.840924,877.5837,654.00
6.840924,877.6360,616.00
6.840924,877.6884,664.00
6.840924,877.7407,617.00
6.840924,877.7930,652.00
6.840924,877.8452,613.00
6.840924,877.8975,630.00
6.840924,877.9498,608.00
6.840924,878.0021,668.00
6.840924,878.0544,616.00
6.840924,878.1066,668.00
6.840924,878.1589,611.00
6.840924,878.2111,634.00
6.840924,878.2634,646.00
6.840924,878.3157,628.00
6.840924,878.3679,624.00
6.840924,878.4202,645.00
6.840924,878.4724,601.00
6.840924,878.5246,689.00
6.840924,878.5768,610.00
6.840924,878.6290,652.00
6.840924,878.6812,666.00
6.840924,878.7335,628.00
6.840924,878.7856,616.00
6.840924,878.8379,627.00
6.840924,878.8901,612.00
6.840924,878.9422,639.00
6.840924,878.9944,630.00
6.840924,879.0466,660.00
6.840924,879.0988,635.00
6.840924,879.1509,662.00
6.840924,879.2031,621.00
6.840924,879.2552,599.00
6.840924,879.3074,632.00
6.840924,879.3596,653.00
6.840924,879.4117,589.00
6.840924,879.4638,672.00
6.840924,879.5159,577.00
6.840924,879.5681,644.00
6.840924,879.6202,618.00
6.840924,879.6723,634.00
6.840924,879.7244,636.00
6.840924,879.7766,642.00
6.840924,879.8287,584.00
6.840924,879.8808,661.00
6.840924,879.9329,591.00
6.840924,879.9849,642.00
6.840924,880.0370,627.00
6.840924,880.0891,652.00
6.840924,880.1412,602.00
6.840924,880.1932,655.00
6.840924,880.2452,575.00
6.840924,880.2973,647.00
6.840924,880.3495,614.00
6.840924,880.4015,683.00
6.840924,880.4536,629.00
6.840924,880.5056,603.00
6.840924,880.5576,625.00
6.840924,880.6096,643.00
6.840924,880.6616,587.00
6.840924,880.7137,670.00
6.840924,880.7656,573.00
6.840924,880.8176,648.00
6.840924,880.8696,591.00
6.840924,880.9217,639.00
6.840924,880.9737,609.00
6.840924,881.0256,626.00
6.840924,881.0776,614.00
6.840924,881.1296,645.00
6.840924,881.1816,577.00
6.840924,881.2336,664.00
6.840924,881.2855,603.00
6.840924,881.3374,627.00
6.840924,881.3893,632.00
6.840924,881.4413,622.00
6.840924,881.4933,594.00
6.840924,881.5452,639.00
6.840924,881.5972,585.00
6.840924,881.6490,614.00
6.840924,881.7010,609.00
6.840924,881.7530,645.00
6.840924,881.8049,591.00
6.840924,881.8568,620.00
6.840924,881.9086,613.00
6.840924,881.9605,608.00
6.840924,882.0125,630.00
6.840924,882.0643,637.00
6.840924,882.1162,570.00
6.840924,882.1681,630.00
6.840924,882.2199,574.00
6.840924,882.2719,647.00
6.840924,882.3237,592.00
6.840924,882.3755,597.00
6.840924,882.4274,561.00
6.840924,882.4792,637.00
6.840924,882.5311,587.00
6.840924,882.5829,630.00
6.840924,882.6348,578.00
6.840924,882.6866,640.00
6.840924,882.7383,608.00
6.840924,882.7902,599.00
6.840924,882.8420,625.00
6.840924,882.8939,615.00
6.840924,882.9457,578.00
6.840924,882.9974,614.00
6.840924,883.0493,591.00
6.840924,883.1011,652.00
6.840924,883.1528,569.00
6.840924,883.2046,643.00
6.840924,883.2563,597.00
6.840924,883.3081,599.00
6.840924,883.3599,584.00
6.840924,883.4116,626.00
6.840924,883.4634,605.00
6.840924,883.5151,676.00
6.840924,883.5668,609.00
6.840924,883.6187,614.00
6.840924,883.6703,621.00
6.840924,883.7220,644.00
6.840924,883.7738,616.00
6.840924,883.8254,636.00
6.840924,883.8773,557.00
6.840924,883.9289,670.00
6.840924,883.9806,582.00
6.840924,884.0323,652.00
6.840924,884.0840,634.00
6.840924,884.1357,660.00
6.840924,884.1874,587.00
6.840924,884.2391,649.00
6.840924,884.2907,568.00
6.840924,884.3423,639.00
6.840924,884.3940,586.00
6.840924,884.4457,645.00
6.840924,884.4974,620.00
6.840924,884.5490,596.00
6.840924,884.6006,545.00
6.840924,884.6523,631.00
6.840924,884.7039,596.00
6.840924,884.7555,652.00
6.840924,884.8071,582.00
6.840924,884.8588,654.00
6.840924,884.9103,649.00
6.840924,884.9620,674.00
6.840924,885.0136,662.00
6.840924,885.0651,633.00
6.840924,885.1168,597.00
6.840924,885.1683,662.00
6.840924,885.2200,607.00
6.840924,885.2715,669.00
6.840924,885.3231,588.00
6.840924,885.3746,672.00
6.840924,885.4262,671.00
6.840924,885.4778,655.00
6.840924,885.5293,656.00
6.840924,885.5809,642.00
6.840924,885.6324,588.00
6.840924,885.6839,641.00
6.840924,885.7355,631.00
6.840924,885.7870,660.00
6.840924,885.8385,603.00
6.840924,885.8900,658.00
6.840924,885.9415,658.00
6.840924,885.9930,629.00
6.840924,886.0446,618.00
6.840924,886.0960,639.00
6.840924,886.1475,611.00
6.840924,886.1990,647.00
6.840924,886.2504,640.00
6.840924,886.3020,671.00
6.840924,886.3534,637.00
6.840924,886.4048,659.00
6.840924,886.4564,617.00
6.840924,886.5078,656.00
6.840924,886.5593,597.00
6.840924,886.6107,696.00
6.840924,886.6621,619.00
6.840924,886.7136,650.00
6.840924,886.7650,612.00
6.840924,886.8164,638.00
6.840924,886.8679,622.00
6.840924,886.9193,639.00
6.840924,886.9706,585.00
6.840924,887.0220,662.00
6.840924,887.0735,589.00
6.840924,887.1249,661.00
6.840924,887.1762,611.00
6.840924,887.2276,654.00
6.840924,887.2789,641.00
6.840924,887.3304,674.00
6.840924,887.3818,616.00
6.840924,887.4331,655.00
6.840924,887.4844,601.00
6.840924,887.5358,664.00
6.840924,887.5871,617.00
6.840924,887.6385,686.00
6.840924,887.6898,681.00
6.840924,887.7411,650.00
6.840924,887.7925,640.00
6.840924,887.8438,652.00
6.840924,887.8951,603.00
6.840924,887.9464,690.00
6.840924,887.9977,619.00
6.840924,888.0490,700.00
6.840924,888.1003,652.00
6.840924,888.1516,667.00
6.840924,888.2029,601.00
6.840924,888.2542,647.00
6.840924,888.3054,602.00
6.840924,888.3567,648.00
6.840924,888.4080,631.00
6.840924,888.4592,666.00
6.840924,888.5105,629.00
6.840924,888.5618,665.00
6.840924,888.6130,644.00
6.840924,888.6642,647.00
6.840924,888.7155,637.00
6.840924,888.7667,696.00
6.840924,888.8179,626.00
6.840924,888.8691,668.00
6.840924,888.9204,645.00
6.840924,888.9716,662.00
6.840924,889.0228,650.00
6.840924,889.0740,673.00
6.840924,889.1252,644.00
6.840924,889.1764,656.00
6.840924,889.2275,625.00
6.840924,889.2787,671.00
6.840924,889.3299,622.00
6.840924,889.3810,660.00
6.840924,889.4322,666.00
6.840924,889.4835,666.00
6.840924,889.5346,655.00
6.840924,889.5857,663.00
6.840924,889.6368,614.00
6.840924,889.6879,673.00
6.840924,889.7391,609.00
6.840924,889.7903,701.00
6.840924,889.8414,607.00
6.840924,889.8925,667.00
6.840924,889.9435,646.00
6.840924,889.9948,646.00
6.840924,890.0458,626.00
6.840924,890.0969,643.00
6.840924,890.1479,613.00
6.840924,890.1990,683.00
6.840924,890.2501,617.00
6.840924,890.3012,669.00
6.840924,890.3523,639.00
6.840924,890.4034,612.00
6.840924,890.4545,625.00
6.840924,890.5054,666.00
6.840924,890.5566,598.00
6.840924,890.6076,651.00
6.840924,890.6586,592.00
6.840924,890.7097,670.00
6.840924,890.7607,595.00
6.840924,890.8117,665.00
6.840924,890.8627,661.00
6.840924,890.9138,652.00
6.840924,890.9647,585.00
6.840924,891.0157,625.00
6.840924,891.0668,592.00
6.840924,891.1178,678.00
6.840924,891.1688,598.00
6.840924,891.2197,658.00
6.840924,891.2707,608.00
6.840924,891.3217,634.00
6.840924,891.3727,621.00
6.840924,891.4236,639.00
6.840924,891.4745,599.00
6.840924,891.5256,662.00
6.840924,891.5765,599.00
6.840924,891.6275,650.00
6.840924,891.6783,625.00
6.840924,891.7293,633.00
6.840924,891.7802,629.00
6.840924,891.8312,619.00
6.840924,891.8821,583.00
6.840924,891.9330,654.00
6.840924,891.9839,592.00
6.840924,892.0348,636.00
6.840924,892.0857,607.00
6.840924,892.1366,651.00
6.840924,892.1875,587.00
6.840924,892.2383,636.00
6.840924,892.2892,624.00
6.840924,892.3401,657.00
6.840924,892.3911,613.00
6.840924,892.4418,663.00
6.840924,892.4927,612.00
6.840924,892.5436,672.00
6.840924,892.5944,634.00
6.840924,892.6452,640.00
6.840924,892.6961,643.00
6.840924,892.7469,654.00
6.840924,892.7977,636.00
6.840924,892.8485,633.00
6.840924,892.8993,640.00
6.840924,892.9502,669.00
6.840924,893.0010,617.00
6.840924,893.0518,640.00
6.840924,893.1025,664.00
6.840924,893.1534,652.00
6.840924,893.2042,606.00
6.840924,893.2549,672.00
6.840924,893.3057,628.00
6.840924,893.3564,676.00
6.840924,893.4072,672.00
6.840924,893.4580,629.00
6.840924,893.5087,626.00
6.840924,893.5595,644.00
6.840924,893.6102,582.00
6.840924,893.6609,682.00
6.840924,893.7117,582.00
6.840924,893.7625,683.00
6.840924,893.8132,628.00
6.840924,893.8639,663.00
6.840924,893.9146,643.00
6.840924,893.9653,633.00
6.840924,894.0160,621.00
6.840924,894.0667,638.00
6.840924,894.1174,603.00
6.840924,894.1681,643.00
6.840924,894.2188,618.00
6.840924,894.2695,670.00
6.840924,894.3201,621.00
6.840924,894.3708,631.00
6.840924,894.4214,615.00
6.840924,894.4720,653.00
6.840924,894.5228,603.00
6.840924,894.5734,686.00
6.840924,894.6240,617.00
6.840924,894.6746,683.00
6.840924,894.7252,708.00
6.840924,894.7759,647.00
6.840924,894.8265,645.00
6.840924,894.8771,650.00
6.840924,894.9277,585.00
6.840924,894.9783,670.00
6.840924,895.0290,575.00
6.840924,895.0795,694.00
6.840924,895.1301,621.00
6.840924,895.1807,678.00
6.840924,895.2313,657.00
6.840924,895.2819,653.00
6.840924,895.3325,627.00
6.840924,895.3830,646.00
6.840924,895.4336,589.00
6.840924,895.4841,698.00
6.840924,895.5347,614.00
6.840924,895.5852,655.00
6.840924,895.6357,643.00
6.840924,895.6863,654.00
6.840924,895.7368,635.00
6.840924,895.7874,671.00
6.840924,895.8379,553.00
6.840924,895.8884,673.00
6.840924,895.9388,601.00
6.840924,895.9893,673.00
6.840924,896.0399,649.00
6.840924,896.0904,648.00
6.840924,896.1408,666.00
6.840924,896.1913,636.00
6.840924,896.2418,620.00
6.840924,896.2922,670.00
6.840924,896.3427,644.00
6.840924,896.3932,715.00
6.840924,896.4437,658.00
6.840924,896.4941,696.00
6.840924,896.5445,639.00
6.840924,896.5950,654.00
6.840924,896.6454,639.00
6.840924,896.6958,653.00
6.840924,896.7462,610.00
6.840924,896.7967,667.00
6.840924,896.8471,643.00
6.840924,896.8975,675.00
6.840924,896.9479,624.00
6.840924,896.9983,697.00
6.840924,897.0486,617.00
6.840924,897.0991,623.00
6.840924,897.1495,615.00
6.840924,897.1998,694.00
6.840924,897.2502,620.00
6.840924,897.3005,706.00
6.840924,897.3510,627.00
6.840924,897.4013,659.00
6.840924,897.4517,667.00
6.840924,897.5020,648.00
6.840924,897.5523,627.00
6.840924,897.6026,683.00
6.840924,897.6530,635.00
6.840924,897.7033,663.00
6.840924,897.7537,640.00
6.840924,897.8040,665.00
6.840924,897.8542,647.00
6.840924,897.9046,643.00
6.840924,897.9549,625.00
6.840924,898.0051,666.00
6.840924,898.0554,624.00
6.840924,898.1057,677.00
6.840924,898.1560,613.00
6.840924,898.2063,692.00
6.840924,898.2565,645.00
6.840924,898.3068,648.00
6.840924,898.3571,652.00
6.840924,898.4073,646.00
6.840924,898.4576,594.00
6.840924,898.5078,668.00
6.840924,898.5580,594.00
6.840924,898.6083,680.00
6.840924,898.6584,675.00
6.840924,898.7087,687.00
6.840924,898.7590,640.00
6.840924,898.8091,647.00
6.840924,898.8593,636.00
6.840924,898.9095,669.00
6.840924,898.9598,611.00
6.840924,899.0099,680.00
6.840924,899.0601,627.00
6.840924,899.1103,666.00
6.840924,899.1605,624.00
6.840924,899.2107,627.00
6.840924,899.2608,628.00
6.840924,899.3109,659.00
6.840924,899.3611,607.00
6.840924,899.4113,678.00
6.840924,899.4614,635.00
6.840924,899.5115,680.00
6.840924,899.5616,641.00
6.840924,899.6118,651.00
6.840924,899.6619,615.00
6.840924,899.7121,629.00
6.840924,899.7622,588.00
6.840924,899.8123,678.00
6.840924,899.8624,599.00
6.840924,899.9124,691.00
6.840924,899.9626,628.00
6.840924,900.0126,626.00
6.840924,900.0627,635.00
6.840924,900.1127,643.00
6.840924,900.1628,577.00
6.840924,900.2130,686.00
6.840924,900.2631,587.00
6.840924,900.3130,659.00
6.840924,900.3631,609.00
6.840924,900.4131,648.00
6.840924,900.4632,587.00
6.840924,900.5132,633.00
6.840924,900.5633,587.00
6.840924,900.6132,616.00
6.840924,900.6632,600.00
6.840924,900.7133,659.00
6.840924,900.7633,560.00
6.840924,900.8133,635.00
6.840924,900.8633,580.00
6.840924,900.9133,642.00
6.840924,900.9633,605.00
6.840924,901.0133,652.00
6.840924,901.0632,601.00
6.840924,901.1132,630.00
6.840924,901.1631,579.00
6.840924,901.2131,660.00
6.840924,901.2631,640.00
6.840924,901.3130,662.00
6.840924,901.3630,619.00
6.840924,901.4129,645.00
6.840924,901.4628,628.00
6.840924,901.5128,640.00
6.840924,901.5627,587.00
6.840924,901.6126,667.00
6.840924,901.6625,604.00
6.840924,901.7124,620.00
6.840924,901.7623,650.00
6.840924,901.8123,627.00
6.840924,901.8621,623.00
6.840924,901.9120,632.00
6.840924,901.9619,584.00
6.840924,902.0117,677.00
6.840924,902.0616,637.00
6.840924,902.1115,639.00
6.840924,902.1613,608.00
6.840924,902.2112,608.00
6.840924,902.2610,620.00
6.840924,902.3109,646.00
6.840924,902.3608,581.00
6.840924,902.4106,650.00
6.840924,902.4604,584.00
6.840924,902.5103,658.00
6.840924,902.5601,593.00
6.840924,902.6099,660.00
6.840924,902.6597,601.00
6.840924,902.7095,652.00
6.840924,902.7592,635.00
6.840924,902.8090,656.00
6.840924,902.8589,570.00
6.840924,902.9086,676.00
6.840924,902.9584,644.00
6.840924,903.0082,669.00
6.840924,903.0580,640.00
6.840924,903.1077,637.00
6.840924,903.1575,622.00
6.840924,903.2072,636.00
6.840924,903.2570,610.00
6.840924,903.3067,658.00
6.840924,903.3564,620.00
6.840924,903.4062,697.00
6.840924,903.4559,646.00
6.840924,903.5056,649.00
6.840924,903.5553,665.00
6.840924,903.6050,620.00
6.840924,903.6547,608.00
6.840924,903.7045,655.00
6.840924,903.7541,584.00
6.840924,903.8038,686.00
6.840924,903.8535,632.00
6.840924,903.9032,666.00
6.840924,903.9528,593.00
6.840924,904.0025,612.00
6.840924,904.0522,599.00
6.840924,904.1019,652.00
6.840924,904.1515,603.00
6.840924,904.2012,686.00
6.840924,904.2507,608.00
6.840924,904.3004,643.00
6.840924,904.3500,600.00
6.840924,904.3997,627.00
6.840924,904.4493,579.00
6.840924,904.4989,624.00
6.840924,904.5485,591.00
6.840924,904.5980,650.00
6.840924,904.6477,579.00
6.840924,904.6973,629.00
6.840924,904.7469,618.00
6.840924,904.7964,637.00
6.840924,904.8460,627.00
6.840924,904.8956,601.00
6.840924,904.9452,556.00
6.840924,904.9947,613.00
6.840924,905.0443,576.00
6.840924,905.0938,639.00
6.840924,905.1434,634.00
6.840924,905.1929,614.00
6.840924,905.2424,616.00
6.840924,905.2919,630.00
6.840924,905.3414,599.00
6.840924,905.3910,623.00
6.840924,905.4406,609.00
6.840924,905.4901,672.00
6.840924,905.5396,579.00
6.840924,905.5890,639.00
6.840924,905.6385,603.00
6.840924,905.6880,634.00
6.840924,905.7375,612.00
6.840924,905.7870,685.00
6.840924,905.8364,607.00
6.840924,905.8859,645.00
6.840924,905.9354,637.00
6.840924,905.9848,660.00
6.840924,906.0342,690.00
6.840924,906.0837,653.00
6.840924,906.1331,622.00
6.840924,906.1826,660.00
6.840924,906.2321,608.00
6.840924,906.2814,653.00
6.840924,906.3309,592.00
6.840924,906.3802,651.00
6.840924,906.4297,634.00
6.840924,906.4791,656.00
6.840924,906.5285,636.00
6.840924,906.5779,608.00
6.840924,906.6273,611.00
6.840924,906.6766,641.00
6.840924,906.7260,612.00
6.840924,906.7754,678.00
6.840924,906.8248,580.00
6.840924,906.8741,661.00
6.840924,906.9235,626.00
6.840924,906.9729,622.00
6.840924,907.0222,603.00
6.840924,907.0715,652.00
6.840924,907.1208,600.00
6.840924,907.1702,663.00
6.840924,907.2195,633.00
6.840924,907.2688,673.00
6.840924,907.3181,614.00
6.840924,907.3674,644.00
6.840924,907.4167,635.00
6.840924,907.4660,636.00
6.840924,907.5153,568.00
6.840924,907.5646,659.00
6.840924,907.6139,580.00
6.840924,907.6631,657.00
6.840924,907.7125,588.00
6.840924,907.7617,638.00
6.840924,907.8110,595.00
6.840924,907.8602,630.00
6.840924,907.9094,586.00
6.840924,907.9587,610.00
6.840924,908.0080,535.00
6.840924,908.0572,669.00
6.840924,908.1064,601.00
6.840924,908.1556,673.00
6.840924,908.2048,637.00
6.840924,908.2541,631.00
6.840924,908.3033,638.00
6.840924,908.3524,618.00
6.840924,908.4017,594.00
6.840924,908.4508,658.00
6.840924,908.5000,617.00
6.840924,908.5493,637.00
6.840924,908.5984,631.00
6.840924,908.6475,631.00
6.840924,908.6967,591.00
6.840924,908.7459,642.00
6.840924,908.7950,596.00
6.840924,908.8442,657.00
6.840924,908.8932,609.00
6.840924,908.9424,641.00
6.840924,908.9916,623.00
6.840924,909.0407,694.00
6.840924,909.0898,662.00
6.840924,909.1389,640.00
6.840924,909.1880,624.00
6.840924,909.2372,669.00
6.840924,909.2863,579.00
6.840924,909.3354,645.00
6.840924,909.3845,580.00
6.840924,909.4335,660.00
6.840924,909.4825,618.00
6.840924,909.5317,623.00
6.840924,909.5807,584.00
6.840924,909.6298,640.00
6.840924,909.6789,570.00
6.840924,909.7280,641.00
6.840924,909.7770,609.00
6.840924,909.8260,662.00
6.840924,909.8751,592.00
6.840924,909.9241,641.00
6.840924,909.9731,640.00
6.840924,910.0222,658.00
6.840924,910.0711,593.00
6.840924,910.1201,656.00
6.840924,910.1691,580.00
6.840924,910.2181,636.00
6.840924,910.2672,609.00
6.840924,910.3162,652.00
6.840924,910.3651,628.00
6.840924,910.4141,634.00
6.840924,910.4631,638.00
6.840924,910.5120,620.00
6.840924,910.5610,584.00
6.840924,910.6099,660.00
6.840924,910.6589,611.00
6.840924,910.7078,653.00
6.840924,910.7568,626.00
6.840924,910.8057,650.00
6.840924,910.8546,622.00
6.840924,910.9036,651.00
6.840924,910.9525,598.00
6.840924,911.0013,655.00
6.840924,911.0503,629.00
6.840924,911.0992,653.00
6.840924,911.1481,611.00
6.840924,911.1970,659.00
6.840924,911.2459,617.00
6.840924,911.2948,642.00
6.840924,911.3436,606.00
6.840924,911.3925,643.00
6.840924,911.4414,619.00
6.840924,911.4902,668.00
6.840924,911.5391,641.00
6.840924,911.5880,623.00
6.840924,911.6368,641.00
6.840924,911.6857,645.00
6.840924,911.7344,592.00
6.840924,911.7833,674.00
6.840924,911.8321,581.00
6.840924,911.8809,662.00
6.840924,911.9297,600.00
6.840924,911.9785,670.00
6.840924,912.0273,683.00
6.840924,912.0762,634.00
6.840924,912.1249,653.00
6.840924,912.1737,660.00
6.840924,912.2225,603.00
6.840924,912.2712,649.00
6.840924,912.3201,655.00
6.840924,912.3688,698.00
6.840924,912.4176,622.00
6.840924,912.4663,665.00
6.840924,912.5150,614.00
6.840924,912.5638,645.00
6.840924,912.6125,597.00
6.840924,912.6613,663.00
6.840924,912.7100,610.00
6.840924,912.7587,663.00
6.840924,912.8074,628.00
6.840924,912.8561,656.00
6.840924,912.9048,675.00
6.840924,912.9535,677.00
6.840924,913.0023,641.00
6.840924,913.0510,652.00
6.840924,913.0996,638.00
6.840924,913.1483,689.00
6.840924,913.1969,620.00
6.840924,913.2456,672.00
6.840924,913.2943,690.00
6.840924,913.3430,667.00
6.840924,913.3916,632.00
6.840924,913.4402,674.00
6.840924,913.4888,640.00
6.840924,913.5375,725.00
6.840924,913.5862,635.00
6.840924,913.6348,688.00
6.840924,913.6834,671.00
6.840924,913.7320,690.00
6.840924,913.7806,664.00
6.840924,913.8292,681.00
6.840924,913.8778,648.00
6.840924,913.9264,677.00
6.840924,913.9750,627.00
6.840924,914.0236,706.00
6.840924,914.0721,650.00
6.840924,914.1207,680.00
6.840924,914.1693,632.00
6.840924,914.2178,671.00
6.840924,914.2664,631.00
6.840924,914.3149,685.00
6.840924,914.3635,632.00
6.840924,914.4120,692.00
6.840924,914.4606,671.00
6.840924,914.5090,727.00
6.840924,914.5576,680.00
6.840924,914.6061,694.00
6.840924,914.6546,670.00
6.840924,914.7031,703.00
6.840924,914.7516,633.00
6.840924,914.8001,722.00
6.840924,914.8486,671.00
6.840924,914.8971,693.00
6.840924,914.9456,653.00
6.840924,914.9941,686.00
6.840924,915.0425,669.00
6.840924,915.0910,649.00
6.840924,915.1395,616.00
6.840924,915.1879,720.00
6.840924,915.2363,637.00
6.840924,915.2849,726.00
6.840924,915.3333,684.00
6.840924,915.3817,710.00
6.840924,915.4301,664.00
6.840924,915.4785,684.00
6.840924,915.5269,621.00
6.840924,915.5754,680.00
6.840924,915.6237,671.00
6.840924,915.6721,706.00
6.840924,915.7205,654.00
6.840924,915.7689,716.00
6.840924,915.8173,680.00
6.840924,915.8657,679.00
6.840924,915.9141,631.00
6.840924,915.9623,679.00
6.840924,916.0107,648.00
6.840924,916.0591,702.00
6.840924,916.1075,655.00
6.840924,916.1558,699.00
6.840924,916.2042,649.00
6.840924,916.2524,718.00
6.840924,916.3008,647.00
6.840924,916.3491,677.00
6.840924,916.3974,603.00
6.840924,916.4457,684.00
6.840924,916.4940,645.00
6.840924,916.5423,695.00
6.840924,916.5907,680.00
6.840924,916.6390,691.00
6.840924,916.6872,668.00
6.840924,916.7355,668.00
6.840924,916.7838,637.00
6.840924,916.8320,712.00
6.840924,916.8803,633.00
6.840924,916.9286,694.00
6.840924,916.9768,616.00
6.840924,917.0250,656.00
6.840924,917.0733,672.00
6.840924,917.1216,658.00
6.840924,917.1698,631.00
6.840924,917.2180,660.00
6.840924,917.2662,632.00
6.840924,917.3145,678.00
6.840924,917.3626,675.00
6.840924,917.4109,715.00
6.840924,917.4590,638.00
6.840924,917.5072,716.00
6.840924,917.5554,663.00
6.840924,917.6036,675.00
6.840924,917.6518,619.00
6.840924,917.7000,697.00
6.840924,917.7481,628.00
6.840924,917.7963,699.00
6.840924,917.8444,637.00
6.840924,917.8926,711.00
6.840924,917.9407,678.00
6.840924,917.9888,688.00
6.840924,918.0369,635.00
6.840924,918.0851,674.00
6.840924,918.1332,629.00
6.840924,918.1813,697.00
6.840924,918.2294,668.00
6.840924,918.2776,711.00
6.840924,918.3257,661.00
6.840924,918.3737,678.00
6.840924,918.4218,660.00
6.840924,918.4699,676.00
6.840924,918.5180,635.00
6.840924,918.5660,688.00
6.840924,918.6142,643.00
6.840924,918.6622,690.00
6.840924,918.7103,660.00
6.840924,918.7583,689.00
6.840924,918.8064,684.00
6.840924,918.8544,647.00
6.840924,918.9025,627.00
6.840924,918.9505,700.00
6.840924,918.9985,622.00
6.840924,919.0464,678.00
6.840924,919.0945,683.00
6.840924,919.1426,703.00
6.840924,919.1905,682.00
6.840924,919.2385,661.00
6.840924,919.2866,637.00
6.840924,919.3345,665.00
6.840924,919.3825,603.00
6.840924,919.4304,685.00
6.840924,919.4785,668.00
6.840924,919.5264,690.00
6.840924,919.5744,686.00
6.840924,919.6224,679.00
6.840924,919.6703,672.00
6.840924,919.7182,658.00
6.840924,919.7661,631.00
6.840924,919.8141,717.00
6.840924,919.8620,641.00
6.840924,919.9100,700.00
6.840924,919.9578,677.00
6.840924,920.0057,703.00
6.840924,920.0536,654.00
6.840924,920.1016,662.00
6.840924,920.1495,640.00
6.840924,920.1973,674.00
6.840924,920.2452,607.00
6.840924,920.2932,705.00
6.840924,920.3410,661.00
6.840924,920.3888,692.00
6.840924,920.4367,661.00
6.840924,920.4846,655.00
6.840924,920.5323,618.00
6.840924,920.5803,638.00
6.840924,920.6281,616.00
6.840924,920.6759,716.00
6.840924,920.7237,669.00
6.840924,920.7715,675.00
6.840924,920.8195,631.00
6.840924,920.8672,678.00
6.840924,920.9150,648.00
6.840924,920.9628,664.00
6.840924,921.0106,635.00
6.840924,921.0584,689.00
6.840924,921.1062,601.00
6.840924,921.1540,680.00
6.840924,921.2017,628.00
6.840924,921.2495,651.00
6.840924,921.2973,666.00
6.840924,921.3450,662.00
6.840924,921.3928,604.00
6.840924,921.4405,672.00
6.840924,921.4882,599.00
6.840924,921.5359,681.00
6.840924,921.5837,617.00
6.840924,921.6315,652.00
6.840924,921.6791,632.00
6.840924,921.7269,673.00
6.840924,921.7746,632.00
6.840924,921.8223,636.00
6.840924,921.8700,604.00
6.840924,921.9177,664.00
6.840924,921.9653,616.00
6.840924,922.0130,692.00
6.840924,922.0607,650.00
6.840924,922.1084,666.00
6.840924,922.1561,634.00
6.840924,922.2037,676.00
6.840924,922.2513,602.00
6.840924,922.2990,665.00
6.840924,922.3467,601.00
6.840924,922.3943,669.00
6.840924,922.4419,592.00
6.840924,922.4895,677.00
6.840924,922.5371,626.00
6.840924,922.5848,658.00
6.840924,922.6324,602.00
6.840924,922.6800,648.00
6.840924,922.7276,598.00
6.840924,922.7752,675.00
6.840924,922.8228,615.00
6.840924,922.8704,711.00
6.840924,922.9179,630.00
6.840924,922.9655,691.00
6.840924,923.0130,623.00
6.840924,923.0607,683.00
6.840924,923.1082,621.00
6.840924,923.1558,717.00
6.840924,923.2032,609.00
6.840924,923.2508,649.00
6.840924,923.2983,655.00
6.840924,923.3459,672.00
6.840924,923.3934,650.00
6.840924,923.4409,652.00
6.840924,923.4884,618.00
6.840924,923.5359,683.00
6.840924,923.5834,588.00
6.840924,923.6309,665.00
6.840924,923.6784,636.00
6.840924,923.7259,673.00
6.840924,923.7734,615.00
6.840924,923.8209,638.00
6.840924,923.8683,620.00
6.840924,923.9158,674.00
6.840924,923.9632,622.00
6.840924,924.0106,703.00
6.840924,924.0581,607.00
6.840924,924.1056,662.00
6.840924,924.1530,641.00
6.840924,924.2004,665.00
6.840924,924.2479,633.00
6.840924,924.2952,639.00
6.840924,924.3427,585.00
6.840924,924.3901,698.00
6.840924,924.4375,656.00
6.840924,924.4849,708.00
6.840924,924.5323,645.00
6.840924,924.5797,654.00
6.840924,924.6270,659.00
6.840924,924.6744,656.00
6.840924,924.7218,608.00
6.840924,924.7692,682.00
6.840924,924.8165,613.00
6.840924,924.8639,673.00
6.840924,924.9112,638.00
6.840924,924.9585,686.00
6.840924,925.0059,643.00
6.840924,925.0532,628.00
6.840924,925.1005,614.00
6.840924,925.1478,655.00
6.840924,925.1952,605.00
6.840924,925.2424,681.00
6.840924,925.2897,616.00
6.840924,925.3370,689.00
6.840924,925.3843,655.00
6.840924,925.4316,656.00
6.840924,925.4789,604.00
6.840924,925.5262,666.00
6.840924,925.5734,624.00
6.840924,925.6207,693.00
6.840924,925.6680,636.00
6.840924,925.7153,694.00
6.840924,925.7625,633.00
6.840924,925.8097,654.00
6.840924,925.8569,670.00
6.840924,925.9042,650.00
6.840924,925.9514,623.00
6.840924,925.9987,684.00
6.840924,926.0458,613.00
6.840924,926.0930,681.00
6.840924,926.1403,651.00
6.840924,926.1874,711.00
6.840924,926.2346,662.00
6.840924,926.2819,716.00
6.840924,926.3290,636.00
6.840924,926.3762,691.00
6.840924,926.4233,601.00
6.840924,926.4705,703.00
6.840924,926.5177,690.00
6.840924,926.5648,726.00
6.840924,926.6120,707.00
6.840924,926.6591,738.00
6.840924,926.7063,657.00
6.840924,926.7534,673.00
6.840924,926.8005,647.00
6.840924,926.8477,721.00
6.840924,926.8947,663.00
6.840924,926.9418,712.00
6.840924,926.9890,718.00
6.840924,927.0361,717.00
6.840924,927.0831,692.00
6.840924,927.1302,749.00
6.840924,927.1773,684.00
6.840924,927.2244,797.00
6.840924,927.2715,756.00
6.840924,927.3185,828.00
6.840924,927.3656,824.00
6.840924,927.4126,906.00
6.840924,927.4597,938.00
6.840924,927.5067,880.00
6.840924,927.5538,958.00
6.840924,927.6008,1132.00
6.840924,927.6478,1435.00
6.840924,927.6949,2083.00
6.840924,927.7419,3368.00
6.840924,927.7888,5645.00
6.840924,927.8358,7798.00
6.840924,927.8829,7811.00
6.840924,927.9299,5529.00
6.840924,927.9769,4668.00
6.840924,928.0239,5416.00
6.840924,928.0708,4921.00
6.840924,928.1177,3187.00
6.840924,928.1648,1736.00
6.840924,928.2117,1202.00
6.840924,928.2587,1202.00
6.840924,928.3056,1350.00
6.840924,928.3525,1691.00
6.840924,928.3995,1922.00
6.840924,928.4465,1977.00
6.840924,928.4934,1801.00
6.840924,928.5402,2023.00
6.840924,928.5872,2955.00
6.840924,928.6340,3817.00
6.840924,928.6810,3836.00
6.840924,928.7279,3582.00
6.840924,928.7748,2771.00
6.840924,928.8217,1637.00
6.840924,928.8685,926.00
6.840924,928.9155,792.00
6.840924,928.9623,683.00
6.840924,929.0092,753.00
6.840924,929.0560,696.00
6.840924,929.1028,707.00
6.840924,929.1498,736.00
6.840924,929.1965,751.00
6.840924,929.2434,696.00
6.840924,929.2902,722.00
6.840924,929.3370,657.00
6.840924,929.3839,714.00
6.840924,929.4307,687.00
6.840924,929.4775,676.00
6.840924,929.5243,665.00
6.840924,929.5710,678.00
6.840924,929.6179,669.00
6.840924,929.6647,699.00
6.840924,929.7115,640.00
6.840924,929.7582,686.00
6.840924,929.8050,645.00
6.840924,929.8517,726.00
6.840924,929.8986,671.00
6.840924,929.9453,688.00
6.840924,929.9921,681.00
6.840924,930.0388,716.00
6.840924,930.0854,627.00
6.840924,930.1323,687.00
6.840924,930.1790,642.00
6.840924,930.2256,696.00
6.840924,930.2724,692.00
6.840924,930.3191,693.00
6.840924,930.3658,641.00
6.840924,930.4125,701.00
6.840924,930.4592,630.00
6.840924,930.5059,706.00
6.840924,930.5526,636.00
6.840924,930.5993,702.00
6.840924,930.6459,662.00
6.840924,930.6926,701.00
6.840924,930.7392,701.00
6.840924,930.7859,704.00
6.840924,930.8325,633.00
6.840924,930.8792,685.00
6.840924,930.9258,654.00
6.840924,930.9725,702.00
6.840924,931.0190,668.00
6.840924,931.0657,696.00
6.840924,931.1123,692.00
6.840924,931.1589,661.00
6.840924,931.2055,625.00
6.840924,931.2521,660.00
6.840924,931.2987,644.00
6.840924,931.3453,668.00
6.840924,931.3919,666.00
6.840924,931.4385,686.00
6.840924,931.4850,684.00
6.840924,931.5316,672.00
6.840924,931.5782,618.00
6.840924,931.6248,675.00
6.840924,931.6713,627.00
6.840924,931.7178,722.00
6.840924,931.7643,664.00
6.840924,931.8109,693.00
6.840924,931.8574,667.00
6.840924,931.9039,671.00
6.840924,931.9504,657.00
6.840924,931.9969,676.00
6.840924,932.0435,610.00
6.840924,932.0900,693.00
6.840924,932.1365,621.00
6.840924,932.1829,698.00
6.840924,932.2294,662.00
6.840924,932.2759,699.00
6.840924,932.3223,654.00
6.840924,932.3688,646.00
6.840924,932.4153,681.00
6.840924,932.4617,705.00
6.840924,932.5082,667.00
6.840924,932.5546,713.00
6.840924,932.6011,651.00
6.840924,932.6475,720.00
6.840924,932.6939,708.00
6.840924,932.7402,703.00
6.840924,932.7867,664.00
6.840924,932.8331,681.00
6.840924,932.8795,630.00
6.840924,932.9259,720.00
6.840924,932.9723,647.00
6.840924,933.0187,708.00
6.840924,933.0651,662.00
6.840924,933.1115,691.00
6.840924,933.1578,662.00
6.840924,933.2042,671.00
6.840924,933.2505,656.00
6.840924,933.2969,725.00
6.840924,933.3433,663.00
6.840924,933.3896,699.00
6.840924,933.4359,641.00
6.840924,933.4822,712.00
6.840924,933.5286,642.00
6.840924,933.5749,667.00
6.840924,933.6212,661.00
6.840924,933.6675,676.00
6.840924,933.7138,638.00
6.840924,933.7601,739.00
6.840924,933.8064,667.00
6.840924,933.8527,698.00
6.840924,933.8989,650.00
6.840924,933.9452,699.00
6.840924,933.9915,685.00
6.840924,934.0378,669.00
6.840924,934.0840,633.00
6.840924,934.1302,739.00
6.840924,934.1765,649.00
6.840924,934.2227,722.00
6.840924,934.2690,676.00
6.840924,934.3152,724.00
6.840924,934.3614,691.00
6.840924,934.4077,716.00
6.840924,934.4539,671.00
6.840924,934.5001,708.00
6.840924,934.5463,658.00
6.840924,934.5925,737.00
6.840924,934.6387,694.00
6.840924,934.6848,697.00
6.840924,934.7310,690.00
6.840924,934.7772,673.00
6.840924,934.8234,628.00
6.840924,934.8695,675.00
6.840924,934.9156,646.00
6.840924,934.9619,715.00
6.840924,935.0080,684.00
6.840924,935.0541,724.00
6.840924,935.1002,721.00
6.840924,935.1464,689.00
6.840924,935.1925,655.00
6.840924,935.2386,708.00
6.840924,935.2847,684.00
6.840924,935.3308,714.00
6.840924,935.3769,658.00
6.840924,935.4230,715.00
6.840924,935.4691,684.00
6.840924,935.5152,700.00
6.840924,935.5613,697.00
6.840924,935.6073,717.00
6.840924,935.6534,645.00
6.840924,935.6995,696.00
6.840924,935.7455,640.00
6.840924,935.7916,712.00
6.840924,935.8376,674.00
6.840924,935.8837,722.00
6.840924,935.9297,648.00
6.840924,935.9757,692.00
6.840924,936.0217,664.00
6.840924,936.0677,657.00
6.840924,936.1137,625.00
6.840924,936.1598,694.00
6.840924,936.2057,680.00
6.840924,936.2518,686.00
6.840924,936.2977,670.00
6.840924,936.3437,678.00
6.840924,936.3896,625.00
6.840924,936.4357,672.00
6.840924,936.4816,609.00
6.840924,936.5275,701.00
6.840924,936.5735,637.00
6.840924,936.6194,686.00
6.840924,936.6654,682.00
6.840924,936.7114,662.00
6.840924,936.7573,606.00
6.840924,936.8032,658.00
6.840924,936.8491,581.00
6.840924,936.8950,633.00
6.840924,936.9409,623.00
6.840924,936.9868,697.00
6.840924,937.0327,633.00
6.840924,937.0786,678.00
6.840924,937.1245,618.00
6.840924,937.1704,645.00
6.840924,937.2162,634.00
6.840924,937.2621,660.00
6.840924,937.3080,591.00
6.840924,937.3539,661.00
6.840924,937.3997,632.00
6.840924,937.4455,693.00
6.840924,937.4913,648.00
6.840924,937.5372,679.00
6.840924,937.5831,618.00
6.840924,937.6289,620.00
6.840924,937.6747,616.00
6.840924,937.7205,680.00
6.840924,937.7663,607.00
6.840924,937.8121,695.00
6.840924,937.8579,612.00
6.840924,937.9037,636.00
6.840924,937.9495,646.00
6.840924,937.9952,651.00
6.840924,938.0410,611.00
6.840924,938.0868,674.00
6.840924,938.1325,588.00
6.840924,938.1783,703.00
6.840924,938.2240,631.00
6.840924,938.2698,673.00
6.840924,938.3155,629.00
6.840924,938.3613,632.00
6.840924,938.4069,643.00
6.840924,938.4527,629.00
6.840924,938.4984,622.00
6.840924,938.5441,680.00
6.840924,938.5898,640.00
6.840924,938.6356,683.00
6.840924,938.6812,628.00
6.840924,938.7269,657.00
6.840924,938.7726,620.00
6.840924,938.8182,656.00
6.840924,938.8640,651.00
6.840924,938.9096,684.00
6.840924,938.9552,614.00
6.840924,939.0010,660.00
6.840924,939.0466,652.00
6.840924,939.0922,671.00
6.840924,939.1378,668.00
6.840924,939.1835,667.00
6.840924,939.2291,602.00
6.840924,939.2747,706.00
6.840924,939.3203,617.00
6.840924,939.3659,704.00
6.840924,939.4115,653.00
6.840924,939.4570,699.00
6.840924,939.5027,661.00
6.840924,939.5483,680.00
6.840924,939.5939,634.00
6.840924,939.6395,714.00
6.840924,939.6851,659.00
6.840924,939.7306,690.00
6.840924,939.7761,672.00
6.840924,939.8217,703.00
6.840924,939.8672,665.00
6.840924,939.9127,659.00
6.840924,939.9583,645.00
6.840924,940.0038,704.00
6.840924,940.0493,675.00
6.840924,940.0948,710.00
6.840924,940.1403,643.00
6.840924,940.1859,736.00
6.840924,940.2314,658.00
6.840924,940.2769,685.00
6.840924,940.3223,645.00
6.840924,940.3678,705.00
6.840924,940.4133,664.00
6.840924,940.4588,705.00
6.840924,940.5042,666.00
6.840924,940.5497,730.00
6.840924,940.5952,650.00
6.840924,940.6406,696.00
6.840924,940.6860,672.00
6.840924,940.7315,715.00
6.840924,940.7769,677.00
6.840924,940.8223,695.00
6.840924,940.8677,668.00
6.840924,940.9132,696.00
6.840924,940.9586,657.00
6.840924,941.0040,722.00
6.840924,941.0494,703.00
6.840924,941.0948,700.00
6.840924,941.1402,680.00
6.840924,941.1855,656.00
6.840924,941.2310,655.00
6.840924,941.2762,733.00
6.840924,941.3216,642.00
6.840924,941.3670,740.00
6.840924,941.4124,646.00
6.840924,941.4577,695.00
6.840924,941.5031,660.00
6.840924,941.5483,685.00
6.840924,941.5937,640.00
6.840924,941.6390,701.00
6.840924,941.6843,637.00
6.840924,941.7296,690.00
6.840924,941.7749,666.00
6.840924,941.8203,716.00
6.840924,941.8655,680.00
6.840924,941.9108,674.00
6.840924,941.9561,657.00
6.840924,942.0013,681.00
6.840924,942.0467,684.00
6.840924,942.0920,702.00
6.840924,942.1372,693.00
6.840924,942.1824,688.00
6.840924,942.2277,688.00
6.840924,942.2729,718.00
6.840924,942.3182,649.00
6.840924,942.3634,692.00
6.840924,942.4086,664.00
6.840924,942.4539,702.00
6.840924,942.4990,639.00
6.840924,942.5443,700.00
6.840924,942.5895,668.00
6.840924,942.6347,706.00
6.840924,942.6798,663.00
6.840924,942.7250,673.00
6.840924,942.7702,648.00
6.840924,942.8154,686.00
6.840924,942.8606,625.00
6.840924,942.9058,711.00
6.840924,942.9508,654.00
6.840924,942.9960,698.00
6.840924,943.0412,653.00
6.840924,943.0864,684.00
6.840924,943.1314,643.00
6.840924,943.1766,691.00
6.840924,943.2217,669.00
6.840924,943.2668,720.00
6.840924,943.3120,646.00
6.840924,943.3571,735.00
6.840924,943.4021,685.00
6.840924,943.4473,720.00
6.840924,943.4923,664.00
6.840924,943.5374,671.00
6.840924,943.5825,673.00
6.840924,943.6276,706.00
6.840924,943.6725,620.00
6.840924,943.7177,694.00
6.840924,943.7627,677.00
6.840924,943.8078,662.00
6.840924,943.8528,655.00
6.840924,943.8978,680.00
6.840924,943.9429,671.00
6.840924,943.9879,724.00
6.840924,944.0330,685.00
6.840924,944.0779,701.00
6.840924,944.1229,666.00
6.840924,944.1679,717.00
6.840924,944.2130,686.00
6.840924,944.2579,736.00
6.840924,944.3029,662.00
6.840924,944.3478,681.00
6.840924,944.3929,646.00
6.840924,944.4379,733.00
6.840924,944.4828,660.00
6.840924,944.5277,717.00
6.840924,944.5727,670.00
6.840924,944.6176,697.00
6.840924,944.6626,676.00
6.840924,944.7076,700.00
6.840924,944.7524,632.00
6.840924,944.7974,717.00
6.840924,944.8423,650.00
6.840924,944.8872,714.00
6.840924,944.9321,678.00
6.840924,944.9770,716.00
6.840924,945.0219,682.00
6.840924,945.0667,693.00
6.840924,945.1116,641.00
6.840924,945.1566,675.00
6.840924,945.2014,668.00
6.840924,945.2463,725.00
6.840924,945.2911,644.00
6.840924,945.3360,720.00
6.840924,945.3808,689.00
6.840924,945.4257,676.00
6.840924,945.4705,674.00
6.840924,945.5153,672.00
6.840924,945.5601,632.00
6.840924,945.6050,734.00
6.840924,945.6498,666.00
6.840924,945.6946,645.00
6.840924,945.7394,670.00
6.840924,945.7842,682.00
6.840924,945.8290,661.00
6.840924,945.8738,705.00
6.840924,945.9186,636.00
6.840924,945.9633,713.00
6.840924,946.0081,659.00
6.840924,946.0529,720.00
6.840924,946.0976,678.00
6.840924,946.1423,670.00
6.840924,946.1871,650.00
6.840924,946.2318,695.00
6.840924,946.2766,620.00
6.840924,946.3213,707.00
6.840924,946.3660,615.00
6.840924,946.4107,675.00
6.840924,946.4554,633.00
6.840924,946.5001,694.00
6.840924,946.5449,659.00
6.840924,946.5895,651.00
6.840924,946.6342,617.00
6.840924,946.6789,674.00
6.840924,946.7236,619.00
6.840924,946.7682,695.00
6.840924,946.8129,635.00
6.840924,946.8575,708.00
6.840924,946.9022,621.00
6.840924,946.9468,723.00
6.840924,946.9915,681.00
6.840924,947.0361,683.00
6.840924,947.0807,644.00
6.840924,947.1253,698.00
6.840924,947.1700,613.00
6.840924,947.2146,694.00
6.840924,947.2592,629.00
6.840924,947.3038,706.00
6.840924,947.3483,667.00
6.840924,947.3929,684.00
6.840924,947.4376,621.00
6.840924,947.4821,658.00
6.840924,947.5267,651.00
6.840924,947.5712,709.00
6.840924,947.6158,644.00
6.840924,947.6604,690.00
6.840924,947.7050,667.00
6.840924,947.7495,669.00
6.840924,947.7939,630.00
6.840924,947.8385,704.00
6.840924,947.8831,605.00
6.840924,947.9276,671.00
6.840924,947.9720,634.00
6.840924,948.0166,661.00
6.840924,948.0611,636.00
6.840924,948.1056,660.00
6.840924,948.1501,621.00
6.840924,948.1945,653.00
6.840924,948.2390,616.00
6.840924,948.2835,684.00
6.840924,948.3279,578.00
6.840924,948.3724,678.00
6.840924,948.4169,644.00
6.840924,948.4613,658.00
6.840924,948.5057,632.00
6.840924,948.5502,619.00
6.840924,948.5947,625.00
6.840924,948.6391,670.00
6.840924,948.6835,641.00
6.840924,948.7279,678.00
6.840924,948.7723,659.00
6.840924,948.8167,680.00
6.840924,948.8611,643.00
6.840924,948.9055,658.00
6.840924,948.9498,633.00
6.840924,948.9943,651.00
6.840924,949.0387,636.00
6.840924,949.0830,697.00
6.840924,949.1273,619.00
6.840924,949.1718,686.00
6.840924,949.2161,659.00
6.840924,949.2604,654.00
6.840924,949.3047,636.00
6.840924,949.3491,657.00
6.840924,949.3934,623.00
6.840924,949.4377,687.00
6.840924,949.4821,625.00
6.840924,949.5264,688.00
6.840924,949.5707,652.00
6.840924,949.6150,657.00
6.840924,949.6592,645.00
6.840924,949.7036,640.00
6.840924,949.7479,622.00
6.840924,949.7921,686.00
6.840924,949.8363,610.00
6.840924,949.8806,678.00
6.840924,949.9249,654.00
6.840924,949.9692,671.00
6.840924,950.0134,617.00
6.840924,950.0576,667.00
6.840924,950.1019,655.00
6.840924,950.1461,677.00
6.840924,950.1903,605.00
6.840924,950.2346,682.00
6.840924,950.2787,661.00
6.840924,950.3229,685.00
6.840924,950.3671,614.00
6.840924,950.4114,648.00
6.840924,950.4555,659.00
6.840924,950.4997,672.00
6.840924,950.5439,640.00
6.840924,950.5880,691.00
6.840924,950.6322,630.00
6.840924,950.6763,675.00
6.840924,950.7205,648.00
6.840924,950.7646,684.00
6.840924,950.8088,637.00
6.840924,950.8530,663.00
6.840924,950.8971,675.00
6.840924,950.9412,670.00
6.840924,950.9853,600.00
6.840924,951.0294,698.00
6.840924,951.0735,635.00
6.840924,951.1177,723.00
6.840924,951.1617,673.00
6.840924,951.2057,666.00
6.840924,951.2499,655.00
6.840924,951.2939,675.00
6.840924,951.3380,619.00
6.840924,951.3821,686.00
6.840924,951.4261,633.00
6.840924,951.4702,697.00
6.840924,951.5142,663.00
6.840924,951.5582,687.00
6.840924,951.6024,621.00
6.840924,951.6464,684.00
6.840924,951.6904,648.00
6.840924,951.7344,697.00
6.840924,951.7784,613.00
6.840924,951.8224,704.00
6.840924,951.8665,656.00
6.840924,951.9104,696.00
6.840924,951.9544,652.00
6.840924,951.9984,662.00
6.840924,952.0424,650.00
6.840924,952.0864,668.00
6.840924,952.1303,640.00
6.840924,952.1743,706.00
6.840924,952.2183,643.00
6.840924,952.2621,709.00
6.840924,952.3061,690.00
6.840924,952.3500,690.00
6.840924,952.3940,625.00
6.840924,952.4379,657.00
6.840924,952.4818,622.00
6.840924,952.5258,701.00
6.840924,952.5696,643.00
6.840924,952.6136,700.00
6.840924,952.6574,660.00
6.840924,952.7014,691.00
6.840924,952.7452,642.00
6.840924,952.7891,671.00
6.840924,952.8330,634.00
6.840924,952.8768,698.00
6.840924,952.9207,647.00
6.840924,952.9645,713.00
6.840924,953.0084,645.00
6.840924,953.0522,671.00
6.840924,953.0961,685.00
6.840924,953.1400,651.00
6.840924,953.1838,620.00
6.840924,953.2275,666.00
6.840924,953.2714,651.00
6.840924,953.3152,726.00
6.840924,953.3589,651.00
6.840924,953.4028,684.00
6.840924,953.4466,663.00
6.840924,953.4904,655.00
6.840924,953.5341,673.00
6.840924,953.5779,665.00
6.840924,953.6217,606.00
6.840924,953.6654,651.00
6.840924,953.7092,597.00
6.840924,953.7529,676.00
6.840924,953.7967,614.00
6.840924,953.8405,687.00
6.840924,953.8842,615.00
6.840924,953.9279,632.00
6.840924,953.9716,620.00
6.840924,954.0153,655.00
6.840924,954.0590,619.00
6.840924,954.1027,661.00
6.840924,954.1464,672.00
6.840924,954.1901,656.00
6.840924,954.2338,655.00
6.840924,954.2774,689.00
6.840924,954.3212,606.00
6.840924,954.3648,668.00
6.840924,954.4084,606.00
6.840924,954.4521,663.00
6.840924,954.4958,638.00
6.840924,954.5394,653.00
6.840924,954.5831,682.00
6.840924,954.6267,657.00
6.840924,954.6703,651.00
6.840924,954.7139,657.00
6.840924,954.7576,610.00
6.840924,954.8012,649.00
6.840924,954.8448,612.00
6.840924,954.8884,685.00
6.840924,954.9319,624.00
6.840924,954.9755,655.00
6.840924,955.0191,612.00
6.840924,955.0627,622.00
6.840924,955.1063,584.00
6.840924,955.1498,632.00
6.840924,955.1934,577.00
6.840924,955.2369,666.00
6.840924,955.2805,589.00
6.840924,955.3240,656.00
6.840924,955.3675,632.00
6.840924,955.4111,654.00
6.840924,955.4546,609.00
6.840924,955.4981,664.00
6.840924,955.5416,578.00
6.840924,955.5851,652.00
6.840924,955.6285,609.00
6.840924,955.6722,644.00
6.840924,955.7156,624.00
6.840924,955.7590,653.00
6.840924,955.8025,630.00
6.840924,955.8460,656.00
6.840924,955.8895,586.00
6.840924,955.9329,664.00
6.840924,955.9764,638.00
6.840924,956.0198,661.00
6.840924,956.0632,604.00
6.840924,956.1067,691.00
6.840924,956.1501,624.00
6.840924,956.1935,629.00
6.840924,956.2369,594.00
6.840924,956.2803,630.00
6.840924,956.3238,585.00
6.840924,956.3671,668.00
6.840924,956.4105,614.00
6.840924,956.4539,671.00
6.840924,956.4973,643.00
6.840924,956.5406,630.00
6.840924,956.5841,618.00
6.840924,956.6274,677.00
6.840924,956.6707,599.00
6.840924,956.7141,675.00
6.840924,956.7575,617.00
6.840924,956.8008,663.00
6.840924,956.8442,620.00
6.840924,956.8875,657.00
6.840924,956.9308,645.00
6.840924,956.9741,656.00
6.840924,957.0174,647.00
6.840924,957.0607,666.00
6.840924,957.1040,590.00
6.840924,957.1473,678.00
6.840924,957.1906,630.00
6.840924,957.2339,677.00
6.840924,957.2772,663.00
6.840924,957.3204,681.00
6.840924,957.3636,607.00
6.840924,957.4069,645.00
6.840924,957.4502,612.00
6.840924,957.4934,679.00
6.840924,957.5366,626.00
6.840924,957.5799,661.00
6.840924,957.6230,626.00
6.840924,957.6664,678.00
6.840924,957.7095,655.00
6.840924,957.7527,703.00
6.840924,957.7959,624.00
6.840924,957.8392,699.00
6.840924,957.8823,649.00
6.840924,957.9255,707.00
6.840924,957.9687,641.00
6.840924,958.0118,660.00
6.840924,958.0551,645.00
6.840924,958.0983,694.00
6.840924,958.1414,623.00
6.840924,958.1845,676.00
6.840924,958.2277,638.00
6.840924,958.2708,692.00
6.840924,958.3139,633.00
6.840924,958.3571,701.00
6.840924,958.4001,650.00
6.840924,958.4432,667.00
6.840924,958.4864,612.00
6.840924,958.5295,674.00
6.840924,958.5726,638.00
6.840924,958.6157,691.00
6.840924,958.6588,653.00
6.840924,958.7018,694.00
6.840924,958.7449,617.00
6.840924,958.7879,675.00
6.840924,958.8311,633.00
6.840924,958.8741,684.00
6.840924,958.9171,617.00
6.840924,958.9601,694.00
6.840924,959.0032,653.00
6.840924,959.0463,712.00
6.840924,959.0893,688.00
6.840924,959.1323,686.00
6.840924,959.1752,667.00
6.840924,959.2183,676.00
6.840924,959.2613,658.00
6.840924,959.3043,680.00
6.840924,959.3472,617.00
6.840924,959.3903,681.00
6.840924,959.4332,634.00
6.840924,959.4763,691.00
6.840924,959.5192,642.00
6.840924,959.5621,648.00
6.840924,959.6051,620.00
6.840924,959.6480,675.00
6.840924,959.6910,581.00
6.840924,959.7339,685.00
6.840924,959.7768,608.00
6.840924,959.8198,630.00
6.840924,959.8627,609.00
6.840924,959.9056,648.00
6.840924,959.9485,594.00
6.840924,959.9915,630.00
6.840924,960.0343,565.00
6.840924,960.0771,684.00
6.840924,960.1201,624.00
6.840924,960.1630,655.00
6.840924,960.2058,631.00
6.840924,960.2487,656.00
6.840924,960.2915,626.00
6.840924,960.3344,628.00
6.840924,960.3773,573.00
6.840924,960.4200,653.00
6.840924,960.4629,552.00
6.840924,960.5057,665.00
6.840924,960.5485,608.00
6.840924,960.5914,650.00
6.840924,960.6342,654.00
6.840924,960.6770,626.00
6.840924,960.7198,604.00
6.840924,960.7626,612.00
6.840924,960.8054,595.00
6.840924,960.8481,635.00
6.840924,960.8909,607.00
6.840924,960.9337,648.00
6.840924,960.9764,614.00
6.840924,961.0192,653.00
6.840924,961.0620,601.00
6.840924,961.1047,613.00
6.840924,961.1475,616.00
6.840924,961.1902,659.00
6.840924,961.2329,614.00
6.840924,961.2757,660.00
6.840924,961.3184,634.00
6.840924,961.3611,604.00
6.840924,961.4037,615.00
6.840924,961.4465,647.00
6.840924,961.4892,582.00
6.840924,961.5319,641.00
6.840924,961.5745,580.00
6.840924,961.6172,673.00
6.840924,961.6599,621.00
6.840924,961.7026,637.00
6.840924,961.7452,618.00
6.840924,961.7878,624.00
6.840924,961.8304,644.00
6.840924,961.8731,664.00
6.840924,961.9157,598.00
6.840924,961.9584,645.00
6.840924,962.0010,630.00
6.840924,962.0436,672.00
6.840924,962.0862,630.00
6.840924,962.1288,641.00
6.840924,962.1714,596.00
6.840924,962.2140,663.00
6.840924,962.2565,586.00
6.840924,962.2991,645.00
6.840924,962.3417,608.00
6.840924,962.3843,666.00
6.840924,962.4268,657.00
6.840924,962.4694,645.00
6.840924,962.5119,628.00
6.840924,962.5545,672.00
6.840924,962.5970,611.00
6.840924,962.6396,662.00
6.840924,962.6821,580.00
6.840924,962.7246,710.00
6.840924,962.7671,622.00
6.840924,962.8096,681.00
6.840924,962.8522,629.00
6.840924,962.8947,646.00
6.840924,962.9371,617.00
6.840924,962.9796,613.00
6.840924,963.0222,580.00
6.840924,963.0646,668.00
6.840924,963.1070,607.00
6.840924,963.1495,666.00
6.840924,963.1919,616.00
6.840924,963.2344,622.00
6.840924,963.2768,624.00
6.840924,963.3193,675.00
6.840924,963.3616,595.00
6.840924,963.4041,686.00
6.840924,963.4465,565.00
6.840924,963.4889,670.00
6.840924,963.5314,625.00
6.840924,963.5737,677.00
6.840924,963.6161,647.00
6.840924,963.6585,626.00
6.840924,963.7009,567.00
6.840924,963.7433,650.00
6.840924,963.7856,596.00
6.840924,963.8280,679.00
6.840924,963.8704,615.00
6.840924,963.9127,643.00
6.840924,963.9551,601.00
6.840924,963.9974,606.00
6.840924,964.0397,633.00
6.840924,964.0820,613.00
6.840924,964.1244,595.00
6.840924,964.1667,678.00
6.840924,964.2090,601.00
6.840924,964.2513,680.00
6.840924,964.2936,614.00
6.840924,964.3359,661.00
6.840924,964.3782,585.00
6.840924,964.4205,642.00
6.840924,964.4627,580.00
6.840924,964.5050,663.00
6.840924,964.5472,602.00
6.840924,964.5895,680.00
6.840924,964.6317,613.00
6.840924,964.6740,646.00
6.840924,964.7162,661.00
6.840924,964.7585,627.00
6.840924,964.8007,586.00
6.840924,964.8429,660.00
6.840924,964.8851,605.00
6.840924,964.9273,654.00
6.840924,964.9695,589.00
6.840924,965.0118,651.00
6.840924,965.0539,614.00
6.840924,965.0961,664.00
6.840924,965.1382,643.00
6.840924,965.1805,632.00
6.840924,965.2226,595.00
6.840924,965.2648,635.00
6.840924,965.3069,578.00
6.840924,965.3491,631.00
6.840924,965.3912,618.00
6.840924,965.4333,653.00
6.840924,965.4755,619.00
6.840924,965.5176,651.00
6.840924,965.5598,605.00
6.840924,965.6019,691.00
6.840924,965.6439,634.00
6.840924,965.6861,653.00
6.840924,965.7281,611.00
6.840924,965.7702,622.00
6.840924,965.8123,605.00
6.840924,965.8543,647.00
6.840924,965.8964,594.00
6.840924,965.9385,637.00
6.840924,965.9806,603.00
6.840924,966.0226,650.00
6.840924,966.0647,587.00
6.840924,966.1068,609.00
6.840924,966.1487,636.00
6.840924,966.1907,635.00
6.840924,966.2328,613.00
6.840924,966.2748,647.00
6.840924,966.3168,598.00
6.840924,966.3588,640.00
6.840924,966.4008,599.00
6.840924,966.4427,638.00
6.840924,966.4848,607.00
6.840924,966.5268,635.00
6.840924,966.5688,606.00
6.840924,966.6107,659.00
6.840924,966.6526,603.00
6.840924,966.6946,675.00
6.840924,966.7366,567.00
6.840924,966.7785,659.00
6.840924,966.8204,651.00
6.840924,966.8624,627.00
6.840924,966.9042,627.00
6.840924,966.9462,607.00
6.840924,966.9881,585.00
6.840924,967.0300,625.00
6.840924,967.0719,581.00
6.840924,967.1138,667.00
6.840924,967.1556,599.00
6.840924,967.1976,648.00
6.840924,967.2394,626.00
6.840924,967.2813,626.00
6.840924,967.3232,599.00
6.840924,967.3651,643.00
6.840924,967.4070,572.00
6.840924,967.4488,671.00
6.840924,967.4906,615.00
6.840924,967.5324,695.00
6.840924,967.5743,639.00
6.840924,967.6161,670.00
6.840924,967.6579,627.00
6.840924,967.6997,675.00
6.840924,967.7415,619.00
6.840924,967.7833,679.00
6.840924,967.8251,603.00
6.840924,967.8669,671.00
6.840924,967.9087,629.00
6.840924,967.9504,649.00
6.840924,967.9922,665.00
6.840924,968.0339,665.00
6.840924,968.0757,605.00
6.840924,968.1174,666.00
6.840924,968.1592,602.00
6.840924,968.2009,662.00
6.840924,968.2427,596.00
6.840924,968.2844,646.00
6.840924,968.3262,649.00
6.840924,968.3679,647.00
6.840924,968.4095,627.00
6.840924,968.4512,636.00
6.840924,968.4930,607.00
6.840924,968.5347,690.00
6.840924,968.5763,659.00
6.840924,968.6180,671.00
6.840924,968.6597,610.00
6.840924,968.7014,659.00
6.840924,968.7430,619.00
6.840924,968.7846,663.00
6.840924,968.8263,593.00
6.840924,968.8679,665.00
6.840924,968.9095,589.00
6.840924,968.9512,691.00
6.840924,968.9928,631.00
6.840924,969.0344,648.00
6.840924,969.0761,636.00
6.840924,969.1177,632.00
6.840924,969.1592,613.00
6.840924,969.2009,655.00
6.840924,969.2424,596.00
6.840924,969.2839,676.00
6.840924,969.3255,622.00
6.840924,969.3672,666.00
6.840924,969.4087,627.00
6.840924,969.4503,654.00
6.840924,969.4918,592.00
6.840924,969.5333,639.00
6.840924,969.5749,571.00
6.840924,969.6165,651.00
6.840924,969.6580,603.00
6.840924,969.6995,682.00
6.840924,969.7410,645.00
6.840924,969.7825,637.00
6.840924,969.8240,613.00
6.840924,969.8655,641.00
6.840924,969.9070,593.00
6.840924,969.9484,682.00
6.840924,969.9899,604.00
6.840924,970.0314,628.00
6.840924,970.0728,626.00
6.840924,970.1143,656.00
6.840924,970.1558,663.00
6.840924,970.1971,646.00
6.840924,970.2386,586.00
6.840924,970.2801,617.00
6.840924,970.3215,572.00
6.840924,970.3629,651.00
6.840924,970.4044,613.00
6.840924,970.4457,659.00
6.840924,970.4872,634.00
6.840924,970.5286,624.00
6.840924,970.5699,607.00
6.840924,970.6113,606.00
6.840924,970.6527,569.00
6.840924,970.6941,617.00
6.840924,970.7354,620.00
6.840924,970.7768,623.00
6.840924,970.8182,591.00
6.840924,970.8595,652.00
6.840924,970.9009,614.00
6.840924,970.9422,610.00
6.840924,970.9835,583.00
6.840924,971.0248,651.00
6.840924,971.0662,552.00
6.840924,971.1075,615.00
6.840924,971.1487,605.00
6.840924,971.1901,625.00
6.840924,971.2314,605.00
6.840924,971.2727,606.00
6.840924,971.3140,591.00
6.840924,971.3552,616.00
6.840924,971.3965,554.00
6.840924,971.4377,650.00
6.840924,971.4789,599.00
6.840924,971.5203,607.00
6.840924,971.5615,634.00
6.840924,971.6027,605.00
6.840924,971.6439,585.00
6.840924,971.6852,601.00
6.840924,971.7264,553.00
6.840924,971.7676,635.00
6.840924,971.8088,538.00
6.840924,971.8500,626.00
6.840924,971.8912,604.00
6.840924,971.9324,618.00
6.840924,971.9736,629.00
6.840924,972.0148,615.00
6.840924,972.0560,581.00
6.840924,972.0972,638.00
6.840924,972.1384,577.00
6.840924,972.1794,656.00
6.840924,972.2206,577.00
6.840924,972.2617,606.00
6.840924,972.3029,587.00
6.840924,972.3439,594.00
6.840924,972.3851,564.00
6.840924,972.4262,602.00
6.840924,972.4673,551.00
6.840924,972.5085,649.00
6.840924,972.5496,569.00
6.840924,972.5907,616.00
6.840924,972.6317,583.00
6.840924,972.6729,585.00
6.840924,972.7139,568.00
6.840924,972.7549,600.00
6.840924,972.7961,540.00
6.840924,972.8371,595.00
6.840924,972.8781,584.00
6.840924,972.9191,660.00
6.840924,972.9602,616.00
6.840924,973.0013,600.00
6.840924,973.0423,593.00
6.840924,973.0833,578.00
6.840924,973.1243,540.00
6.840924,973.1653,592.00
6.840924,973.2064,548.00
6.840924,973.2473,644.00
6.840924,973.2883,589.00
6.840924,973.3293,630.00
6.840924,973.3703,574.00
6.840924,973.4113,618.00
6.840924,973.4522,572.00
6.840924,973.4931,604.00
6.840924,973.5341,561.00
6.840924,973.5750,627.00
6.840924,973.6160,571.00
6.840924,973.6570,648.00
6.840924,973.6978,602.00
6.840924,973.7388,604.00
6.840924,973.7797,595.00
6.840924,973.8206,603.00
6.840924,973.8615,572.00
6.840924,973.9024,631.00
6.840924,973.9433,590.00
6.840924,973.9842,649.00
6.840924,974.0250,595.00
6.840924,974.0660,638.00
6.840924,974.1068,613.00
6.840924,974.1476,611.00
6.840924,974.1885,590.00
6.840924,974.2294,629.00
6.840924,974.2702,593.00
6.840924,974.3110,648.00
6.840924,974.3519,617.00
6.840924,974.3927,641.00
6.840924,974.4335,600.00
6.840924,974.4743,636.00
6.840924,974.5151,592.00
6.840924,974.5559,654.00
6.840924,974.5967,570.00
6.840924,974.6375,664.00
6.840924,974.6783,576.00
6.840924,974.7191,686.00
6.840924,974.7598,619.00
6.840924,974.8006,659.00
6.840924,974.8413,606.00
6.840924,974.8821,618.00
6.840924,974.9229,615.00
6.840924,974.9636,671.00
6.840924,975.0043,595.00
6.840924,975.0450,675.00
6.840924,975.0858,623.00
6.840924,975.1265,671.00
6.840924,975.1672,633.00
6.840924,975.2079,657.00
6.840924,975.2485,615.00
6.840924,975.2892,655.00
6.840924,975.3300,615.00
6.840924,975.3706,674.00
6.840924,975.4113,678.00
6.840924,975.4519,685.00
6.840924,975.4926,653.00
6.840924,975.5333,663.00
6.840924,975.5739,609.00
6.840924,975.6146,663.00
6.840924,975.6552,576.00
6.840924,975.6958,656.00
6.840924,975.7363,595.00
6.840924,975.7770,666.00
6.840924,975.8176,623.00
6.840924,975.8582,666.00
6.840924,975.8989,646.00
6.840924,975.9395,667.00
6.840924,975.9800,635.00
6.840924,976.0206,675.00
6.840924,976.0611,629.00
6.840924,976.1017,693.00
6.840924,976.1423,615.00
6.840924,976.1829,661.00
6.840924,976.2234,641.00
6.840924,976.2639,654.00
6.840924,976.3044,598.00
6.840924,976.3450,649.00
6.840924,976.3855,596.00
6.840924,976.4260,658.00
6.840924,976.4665,655.00
6.840924,976.5070,673.00
6.840924,976.5475,648.00
6.840924,976.5880,642.00
6.840924,976.6285,583.00
6.840924,976.6690,657.00
6.840924,976.7095,576.00
6.840924,976.7500,666.00
6.840924,976.7905,603.00
6.840924,976.8308,663.00
6.840924,976.8713,602.00
6.840924,976.9117,630.00
6.840924,976.9521,597.00
6.840924,976.9926,621.00
6.840924,977.0330,615.00
6.840924,977.0734,659.00
6.840924,977.1139,595.00
6.840924,977.1542,634.00
6.840924,977.1947,596.00
6.840924,977.2350,663.00
6.840924,977.2755,625.00
6.840924,977.3158,639.00
6.840924,977.3562,557.00
6.840924,977.3965,650.00
6.840924,977.4370,581.00
6.840924,977.4773,658.00
6.840924,977.5176,609.00
6.840924,977.5579,634.00
6.840924,977.5983,569.00
6.840924,977.6387,642.00
6.840924,977.6790,577.00
6.840924,977.7192,612.00
6.840924,977.7595,583.00
6.840924,977.7999,654.00
6.840924,977.8402,613.00
6.840924,977.8805,616.00
6.840924,977.9208,586.00
6.840924,977.9610,621.00
6.840924,978.0013,581.00
6.840924,978.0417,590.00
6.840924,978.0819,552.00
6.840924,978.1221,631.00
6.840924,978.1624,552.00
6.840924,978.2026,608.00
6.840924,978.2428,561.00
6.840924,978.2831,600.00
6.840924,978.3233,593.00
6.840924,978.3635,592.00
6.840924,978.4037,564.00
6.840924,978.4440,604.00
6.840924,978.4842,564.00
6.840924,978.5244,612.00
6.840924,978.5645,584.00
6.840924,978.6047,618.00
6.840924,978.6449,550.00
6.840924,978.6851,612.00
6.840924,978.7253,550.00
6.840924,978.7654,592.00
6.840924,978.8055,571.00
6.840924,978.8458,603.00
6.840924,978.8859,546.00
6.840924,978.9260,603.00
6.840924,978.9661,578.00
6.840924,979.0062,573.00
6.840924,979.0463,545.00
6.840924,979.0864,607.00
6.840924,979.1266,533.00
6.840924,979.1666,635.00
6.840924,979.2067,554.00
6.840924,979.2469,590.00
6.840924,979.2869,599.00
6.840924,979.3270,594.00
6.840924,979.3671,595.00
6.840924,979.4071,583.00
6.840924,979.4471,579.00
6.840924,979.4871,605.00
6.840924,979.5272,517.00
6.840924,979.5673,611.00
6.840924,979.6072,579.00
6.840924,979.6473,609.00
6.840924,979.6873,580.00
6.840924,979.7273,578.00
6.840924,979.7673,553.00
6.840924,979.8073,575.00
6.840924,979.8473,526.00
6.840924,979.8873,612.00
6.840924,979.9273,545.00
6.840924,979.9673,618.00
6.840924,980.0072,591.00
6.840924,980.0471,573.00
6.840924,980.0872,598.00
6.840924,980.1271,584.00
6.840924,980.1671,551.00
6.840924,980.2069,615.00
6.840924,980.2469,530.00
6.840924,980.2868,623.00
6.840924,980.3267,574.00
6.840924,980.3666,645.00
6.840924,980.4065,593.00
6.840924,980.4464,603.00
6.840924,980.4863,581.00
6.840924,980.5262,627.00
6.840924,980.5660,548.00
6.840924,980.6060,646.00
6.840924,980.6458,563.00
6.840924,980.6857,616.00
6.840924,980.7255,587.00
6.840924,980.7654,602.00
6.840924,980.8052,557.00
6.840924,980.8450,587.00
6.840924,980.8849,548.00
6.840924,980.9247,547.00
6.840924,980.9645,571.00
6.840924,981.0043,616.00
6.840924,981.0441,613.00
6.840924,981.0839,578.00
6.840924,981.1237,589.00
6.840924,981.1635,623.00
6.840924,981.2033,514.00
6.840924,981.2430,620.00
6.840924,981.2828,525.00
6.840924,981.3226,622.00
6.840924,981.3624,551.00
6.840924,981.4021,621.00
6.840924,981.4418,548.00
6.840924,981.4816,596.00
6.840924,981.5213,543.00
6.840924,981.5610,619.00
6.840924,981.6008,546.00
6.840924,981.6404,610.00
6.840924,981.6802,550.00
6.840924,981.7198,619.00
6.840924,981.7596,581.00
6.840924,981.7993,545.00
6.840924,981.8389,555.00
6.840924,981.8786,571.00
6.840924,981.9182,541.00
6.840924,981.9579,610.00
6.840924,981.9976,554.00
6.840924,982.0372,605.00
6.840924,982.0768,535.00
6.840924,982.1165,566.00
6.840924,982.1561,553.00
6.840924,982.1958,559.00
6.840924,982.2354,504.00
6.840924,982.2750,579.00
6.840924,982.3146,521.00
6.840924,982.3541,580.00
6.840924,982.3937,561.00
6.840924,982.4333,576.00
6.840924,982.4730,561.00
6.840924,982.5125,586.00
6.840924,982.5521,546.00
6.840924,982.5917,570.00
6.840924,982.6312,520.00
6.840924,982.6707,604.00
6.840924,982.7103,531.00
6.840924,982.7498,609.00
6.840924,982.7893,551.00
6.840924,982.8289,578.00
6.840924,982.8683,506.00
6.840924,982.9079,567.00
6.840924,982.9474,518.00
6.840924,982.9869,587.00
6.840924,983.0264,511.00
6.840924,983.0659,571.00
6.840924,983.1053,577.00
6.840924,983.1448,561.00
6.840924,983.1843,553.00
6.840924,983.2238,591.00
6.840924,983.2632,541.00
6.840924,983.3027,594.00
6.840924,983.3420,566.00
6.840924,983.3816,576.00
6.840924,983.4210,561.00
6.840924,983.4604,576.00
6.840924,983.4998,545.00
6.840924,983.5392,537.00
6.840924,983.5786,522.00
6.840924,983.6180,562.00
6.840924,983.6574,528.00
6.840924,983.6968,598.00
6.840924,983.7361,564.00
6.840924,983.7755,587.00
6.840924,983.8149,547.00
6.840924,983.8543,586.00
6.840924,983.8936,523.00
6.840924,983.9329,562.00
6.840924,983.9723,517.00
6.840924,984.0116,597.00
6.840924,984.0510,541.00
6.840924,984.0903,605.00
6.840924,984.1296,571.00
6.840924,984.1689,604.00
6.840924,984.2083,586.00
6.840924,984.2476,554.00
6.840924,984.2868,532.00
6.840924,984.3261,589.00
6.840924,984.3654,506.00
6.840924,984.4046,583.00
6.840924,984.4440,561.00
6.840924,984.4832,588.00
6.840924,984.5225,554.00
6.840924,984.5616,559.00
6.840924,984.6010,505.00
6.840924,984.6402,524.00
6.840924,984.6794,506.00
6.840924,984.7186,593.00
6.840924,984.7578,559.00
6.840924,984.7970,582.00
6.840924,984.8362,552.00
6.840924,984.8755,553.00
6.840924,984.9146,576.00
6.840924,984.9538,567.00
6.840924,984.9930,505.00
6.840924,985.0322,622.00
6.840924,985.0714,540.00
6.840924,985.1105,562.00
6.840924,985.1497,543.00
6.840924,985.1888,536.00
6.840924,985.2279,527.00
6.840924,985.2671,552.00
6.840924,985.3062,519.00
6.840924,985.3453,581.00
6.840924,985.3845,522.00
6.840924,985.4236,553.00
6.840924,985.4626,526.00
6.840924,985.5017,625.00
6.840924,985.5408,566.00
6.840924,985.5799,587.00
6.840924,985.6190,528.00
6.840924,985.6581,563.00
6.840924,985.6971,526.00
6.840924,985.7362,581.00
6.840924,985.7752,521.00
6.840924,985.8143,572.00
6.840924,985.8533,535.00
6.840924,985.8924,561.00
6.840924,985.9314,540.00
6.840924,985.9704,592.00
6.840924,986.0094,522.00
6.840924,986.0484,583.00
6.840924,986.0875,542.00
6.840924,986.1265,580.00
6.840924,986.1655,544.00
6.840924,986.2044,537.00
6.840924,986.2434,533.00
6.840924,986.2823,553.00
6.840924,986.3214,520.00
6.840924,986.3603,548.00
6.840924,986.3992,472.00
6.840924,986.4382,550.00
6.840924,986.4771,530.00
6.840924,986.5161,578.00
6.840924,986.5550,554.00
6.840924,986.5939,550.00
6.840924,986.6329,517.00
6.840924,986.6718,533.00
6.840924,986.7106,505.00
6.840924,986.7495,559.00
6.840924,986.7884,519.00
6.840924,986.8273,572.00
6.840924,986.8661,528.00
6.840924,986.9050,568.00
6.840924,986.9438,517.00
6.840924,986.9828,553.00
6.840924,987.0216,496.00
6.840924,987.0605,576.00
6.840924,987.0993,498.00
6.840924,987.1381,586.00
6.840924,987.1769,534.00
6.840924,987.2158,522.00
6.840924,987.2546,538.00
6.840924,987.2934,549.00
6.840924,987.3322,453.00
6.840924,987.3710,537.00
6.840924,987.4097,483.00
6.840924,987.4486,535.00
6.840924,987.4873,500.00
6.840924,987.5261,544.00
6.840924,987.5649,532.00
6.840924,987.6036,525.00
6.840924,987.6423,501.00
6.840924,987.6812,554.00
6.840924,987.7198,484.00
6.840924,987.7586,580.00
6.840924,987.7972,526.00
6.840924,987.8361,554.00
6.840924,987.8748,523.00
6.840924,987.9135,546.00
6.840924,987.9521,488.00
6.840924,987.9908,533.00
6.840924,988.0295,477.00
6.840924,988.0681,563.00
6.840924,988.1069,507.00
6.840924,988.1456,584.00
6.840924,988.1842,552.00
6.840924,988.2228,544.00
6.840924,988.2615,545.00
6.840924,988.3002,541.00
6.840924,988.3388,474.00
6.840924,988.3774,536.00
6.840924,988.4160,496.00
6.840924,988.4546,558.00
6.840924,988.4933,538.00
6.840924,988.5319,541.00
6.840924,988.5704,494.00
6.840924,988.6090,478.00
6.840924,988.6476,495.00
6.840924,988.6862,541.00
6.840924,988.7248,484.00
6.840924,988.7634,595.00
6.840924,988.8019,521.00
6.840924,988.8405,557.00
6.840924,988.8790,524.00
6.840924,988.9176,524.00
6.840924,988.9561,465.00
6.840924,988.9946,510.00
6.840924,989.0332,492.00
6.840924,989.0717,532.00
6.840924,989.1102,482.00
6.840924,989.1487,550.00
6.840924,989.1871,509.00
6.840924,989.2256,542.00
6.840924,989.2641,502.00
6.840924,989.3027,523.00
6.840924,989.3411,525.00
6.840924,989.3795,554.00
6.840924,989.4180,495.00
6.840924,989.4565,579.00
6.840924,989.4949,477.00
6.840924,989.5334,528.00
6.840924,989.5718,493.00
6.840924,989.6102,511.00
6.840924,989.6486,523.00
6.840924,989.6871,550.00
6.840924,989.7255,504.00
6.840924,989.7639,534.00
6.840924,989.8022,487.00
6.840924,989.8407,541.00
6.840924,989.8791,495.00
6.840924,989.9174,514.00
6.840924,989.9558,479.00
6.840924,989.9941,557.00
6.840924,990.0325,482.00
6.840924,990.0709,607.00
6.840924,990.1093,543.00
6.840924,990.1475,553.00
6.840924,990.1859,552.00
6.840924,990.2242,551.00
6.840924,990.2626,499.00
6.840924,990.3008,545.00
6.840924,990.3391,496.00
6.840924,990.3774,564.00
6.840924,990.4157,525.00
6.840924,990.4540,553.00
6.840924,990.4924,508.00
6.840924,990.5306,556.00
6.840924,990.5688,536.00
6.840924,990.6071,550.00
6.840924,990.6454,506.00
6.840924,990.6837,558.00
6.840924,990.7219,498.00
6.840924,990.7601,570.00
6.840924,990.7983,533.00
6.840924,990.8365,569.00
6.840924,990.8748,519.00
6.840924,990.9130,559.00
6.840924,990.9512,537.00
6.840924,990.9893,544.00
6.840924,991.0276,520.00
6.840924,991.0658,559.00
6.840924,991.1039,509.00
6.840924,991.1421,562.00
6.840924,991.1802,532.00
6.840924,991.2184,552.00
6.840924,991.2565,503.00
6.840924,991.2947,558.00
6.840924,991.3329,475.00
6.840924,991.3710,562.00
6.840924,991.4091,498.00
6.840924,991.4473,617.00
6.840924,991.4854,557.00
6.840924,991.5234,593.00
6.840924,991.5616,535.00
6.840924,991.5997,535.00
6.840924,991.6378,548.00
6.840924,991.6758,592.00
6.840924,991.7139,502.00
6.840924,991.7520,565.00
6.840924,991.7900,507.00
6.840924,991.8282,568.00
6.840924,991.8661,536.00
6.840924,991.9042,569.00
6.840924,991.9422,550.00
6.840924,991.9803,557.00
6.840924,992.0182,492.00
6.840924,992.0563,586.00
6.840924,992.0944,510.00
6.840924,992.1323,597.00
6.840924,992.1703,532.00
6.840924,992.2084,574.00
6.840924,992.2463,555.00
6.840924,992.2844,569.00
6.840924,992.3223,528.00
6.840924,992.3602,576.00
6.840924,992.3982,525.00
6.840924,992.4362,601.00
6.840924,992.4741,542.00
6.840924,992.5120,604.00
6.840924,992.5500,546.00
6.840924,992.5879,534.00
6.840924,992.6259,532.00
6.840924,992.6638,593.00
6.840924,992.7017,542.00
6.840924,992.7396,597.00
6.840924,992.7775,541.00
6.840924,992.8154,602.00
6.840924,992.8533,550.00
6.840924,992.8912,559.00
6.840924,992.9290,548.00
6.840924,992.9669,550.00
6.840924,993.0048,537.00
6.840924,993.0426,603.00
6.840924,993.0804,557.00
6.840924,993.1183,586.00
6.840924,993.1561,565.00
6.840924,993.1940,556.00
6.840924,993.2318,559.00
6.840924,993.2696,566.00
6.840924,993.3074,505.00
6.840924,993.3452,562.00
6.840924,993.3830,508.00
6.840924,993.4208,587.00
6.840924,993.4586,483.00
6.840924,993.4963,556.00
6.840924,993.5341,559.00
6.840924,993.5719,542.00
6.840924,993.6096,515.00
6.840924,993.6474,579.00
6.840924,993.6851,532.00
6.840924,993.7228,553.00
6.840924,993.7606,557.00
6.840924,993.7984,571.00
6.840924,993.8361,545.00
6.840924,993.8738,572.00
6.840924,993.9115,532.00
6.840924,993.9492,532.00
6.840924,993.9869,505.00
6.840924,994.0245,582.00
6.840924,994.0622,510.00
6.840924,994.0999,588.00
6.840924,994.1376,554.00
6.840924,994.1753,546.00
6.840924,994.2130,549.00
6.840924,994.2505,541.00
6.840924,994.2881,506.00
6.840924,994.3258,603.00
6.840924,994.3634,503.00
6.840924,994.4010,602.00
6.840924,994.4387,516.00
6.840924,994.4763,567.00
6.840924,994.5139,581.00
6.840924,994.5515,541.00
6.840924,994.5891,501.00
6.840924,994.6266,536.00
6.840924,994.6642,495.00
6.840924,994.7018,558.00
6.840924,994.7393,524.00
6.840924,994.7769,566.00
6.840924,994.8145,538.00
6.840924,994.8521,537.00
6.840924,994.8895,529.00
6.840924,994.9271,546.00
6.840924,994.9647,491.00
6.840924,995.0022,563.00
6.840924,995.0397,506.00
6.840924,995.0771,544.00
6.840924,995.1146,515.00
6.840924,995.1522,521.00
6.840924,995.1896,505.00
6.840924,995.2271,535.00
6.840924,995.2646,476.00
6.840924,995.3021,555.00
6.840924,995.3396,520.00
6.840924,995.3770,566.00
6.840924,995.4145,525.00
6.840924,995.4518,570.00
6.840924,995.4893,521.00
6.840924,995.5267,512.00
6.840924,995.5641,511.00
6.840924,995.6016,530.00
6.840924,995.6390,471.00
6.840924,995.6765,514.00
6.840924,995.7138,496.00
6.840924,995.7512,527.00
6.840924,995.7886,517.00
6.840924,995.8260,497.00
6.840924,995.8633,483.00
6.840924,995.9007,496.00
6.840924,995.9380,471.00
6.840924,995.9754,544.00
6.840924,996.0128,474.00
6.840924,996.0501,547.00
6.840924,996.0874,522.00
6.840924,996.1248,553.00
6.840924,996.1621,536.00
6.840924,996.1994,549.00
6.840924,996.2367,497.00
6.840924,996.2740,497.00
6.840924,996.3113,496.00
6.840924,996.3486,558.00
6.840924,996.3859,526.00
6.840924,996.4232,576.00
6.840924,996.4604,548.00
6.840924,996.4977,502.00
6.840924,996.5350,501.00
6.840924,996.5722,519.00
6.840924,996.6094,488.00
6.840924,996.6466,578.00
6.840924,996.6838,503.00
6.840924,996.7211,578.00
6.840924,996.7583,537.00
6.840924,996.7955,524.00
6.840924,996.8327,521.00
6.840924,996.8700,559.00
6.840924,996.9072,537.00
6.840924,996.9443,552.00
6.840924,996.9815,500.00
6.840924,997.0187,576.00
6.840924,997.0558,531.00
6.840924,997.0930,554.00
6.840924,997.1301,550.00
6.840924,997.1672,544.00
6.840924,997.2045,508.00
6.840924,997.2416,559.00
6.840924,997.2787,493.00
6.840924,997.3158,611.00
6.840924,997.3530,518.00
6.840924,997.3900,544.00
6.840924,997.4271,537.00
6.840924,997.4642,556.00
6.840924,997.5013,511.00
6.840924,997.5384,541.00
6.840924,997.5754,516.00
6.840924,997.6126,564.00
6.840924,997.6497,512.00
6.840924,997.6867,541.00
6.840924,997.7238,526.00
6.840924,997.7607,522.00
6.840924,997.7978,504.00
6.840924,997.8348,578.00
6.840924,997.8718,508.00
6.840924,997.9088,581.00
6.840924,997.9458,513.00
6.840924,997.9829,584.00
6.840924,998.0200,525.00
6.840924,998.0569,538.00
6.840924,998.0939,530.00
6.840924,998.1309,548.00
6.840924,998.1678,514.00
6.840924,998.2048,574.00
6.840924,998.2417,525.00
6.840924,998.2786,613.00
6.840924,998.3156,500.00
6.840924,998.3525,579.00
6.840924,998.3896,531.00
6.840924,998.4265,528.00
6.840924,998.4633,510.00
6.840924,998.5003,586.00
6.840924,998.5372,529.00
6.840924,998.5740,577.00
6.840924,998.6110,538.00
6.840924,998.6478,575.00
6.840924,998.6847,513.00
6.840924,998.7217,546.00
6.840924,998.7585,504.00
6.840924,998.7953,527.00
6.840924,998.8322,467.00
6.840924,998.8691,568.00
6.840924,998.9059,545.00
6.840924,998.9427,590.00
6.840924,998.9795,515.00
6.840924,999.0163,547.00
6.840924,999.0531,526.00
6.840924,999.0899,536.00
6.840924,999.1267,501.00
6.840924,999.1636,537.00
6.840924,999.2004,493.00
6.840924,999.2372,563.00
6.840924,999.2739,494.00
6.840924,999.3107,578.00
6.840924,999.3474,526.00
6.840924,999.3842,532.00
6.840924,999.4210,527.00
6.840924,999.4576,549.00
6.840924,999.4946,487.00
6.840924,999.5312,567.00
6.840924,999.5680,504.00
6.840924,999.6047,537.00
6.840924,999.6414,502.00
6.840924,999.6780,531.00
6.840924,999.7147,497.00
6.840924,999.7515,526.00
6.840924,999.7881,464.00
6.840924,999.8248,521.00
6.840924,999.8614,475.00
6.840924,999.8981,552.00
6.840924,999.9349,517.00
6.840924,999.9715,556.00
6.840924,1000.0081,534.00
6.840924,1000.0447,505.00
6.840924,1000.0814,500.00
6.840924,1000.1180,520.00
6.840924,1000.1546,462.00
6.840924,1000.1912,545.00
6.840924,1000.2278,482.00
6.840924,1000.2645,536.00
6.840924,1000.3011,524.00
6.840924,1000.3377,527.00
6.840924,1000.3742,498.00
6.840924,1000.4108,517.00
6.840924,1000.4474,454.00
6.840924,1000.4839,524.00
6.840924,1000.5204,471.00
6.840924,1000.5570,535.00
6.840924,1000.5935,480.00
6.840924,1000.6301,507.00
6.840924,1000.6667,450.00
6.840924,1000.7032,499.00
6.840924,1000.7397,491.00
6.840924,1000.7762,536.00
6.840924,1000.8127,433.00
6.840924,1000.8492,539.00
6.840924,1000.8857,507.00
6.840924,1000.9222,521.00
6.840924,1000.9586,480.00
6.840924,1000.9951,494.00
6.840924,1001.0316,465.00
6.840924,1001.0681,509.00
6.840924,1001.1046,466.00
6.840924,1001.1410,530.00
6.840924,1001.1774,473.00
6.840924,1001.2138,514.00
6.840924,1001.2502,470.00
6.840924,1001.2866,501.00
6.840924,1001.3230,497.00
6.840924,1001.3594,518.00
6.840924,1001.3958,479.00
6.840924,1001.4323,523.00
6.840924,1001.4687,482.00
6.840924,1001.5051,540.00
6.840924,1001.5414,535.00
6.840924,1001.5778,509.00
6.840924,1001.6141,465.00
6.840924,1001.6505,483.00
6.840924,1001.6868,444.00
6.840924,1001.7231,527.00
6.840924,1001.7596,468.00
6.840924,1001.7958,510.00
6.840924,1001.8322,503.00
6.840924,1001.8685,506.00
6.840924,1001.9048,483.00
6.840924,1001.9411,504.00
6.840924,1001.9774,463.00
6.840924,1002.0136,507.00
6.840924,1002.0499,459.00
6.840924,1002.0862,543.00
6.840924,1002.1224,456.00
6.840924,1002.1587,515.00
6.840924,1002.1951,513.00
6.840924,1002.2313,521.00
6.840924,1002.2675,487.00
6.840924,1002.3038,528.00
6.840924,1002.3400,475.00
6.840924,1002.3762,524.00
6.840924,1002.4124,502.00
6.840924,1002.4486,535.00
6.840924,1002.4848,482.00
6.840924,1002.5211,545.00
6.840924,1002.5573,480.00
6.840924,1002.5934,525.00
6.840924,1002.6296,479.00
6.840924,1002.6657,517.00
6.840924,1002.7019,438.00
6.840924,1002.7380,520.00
6.840924,1002.7742,518.00
6.840924,1002.8104,523.00
6.840924,1002.8464,472.00
6.840924,1002.8826,543.00
6.840924,1002.9187,460.00
6.840924,1002.9549,507.00
6.840924,1002.9910,465.00
6.840924,1003.0271,546.00
6.840924,1003.0632,467.00
6.840924,1003.0992,554.00
6.840924,1003.1354,489.00
6.840924,1003.1714,504.00
6.840924,1003.2075,541.00
6.840924,1003.2435,507.00
6.840924,1003.2797,477.00
6.840924,1003.3157,548.00
6.840924,1003.3518,500.00
6.840924,1003.3878,548.00
6.840924,1003.4238,493.00
6.840924,1003.4598,526.00
6.840924,1003.4958,500.00
6.840924,1003.5319,512.00
6.840924,1003.5678,464.00
6.840924,1003.6039,550.00
6.840924,1003.6398,471.00
6.840924,1003.6759,550.00
6.840924,1003.7119,520.00
6.840924,1003.7479,524.00
6.840924,1003.7838,481.00
6.840924,1003.8198,513.00
6.840924,1003.8557,467.00
6.840924,1003.8917,516.00
6.840924,1003.9276,444.00
6.840924,1003.9635,492.00
6.840924,1003.9995,468.00
6.840924,1004.0354,533.00
6.840924,1004.0714,506.00
6.840924,1004.1072,534.00
6.840924,1004.1431,492.00
6.840924,1004.1790,502.00
6.840924,1004.2149,474.00
6.840924,1004.2508,529.00
6.840924,1004.2866,435.00
6.840924,1004.3225,558.00
6.840924,1004.3583,485.00
6.840924,1004.3942,493.00
6.840924,1004.4302,476.00
6.840924,1004.4660,489.00
6.840924,1004.5018,441.00
6.840924,1004.5376,480.00
6.840924,1004.5734,428.00
6.840924,1004.6093,506.00
6.840924,1004.6450,492.00
6.840924,1004.6808,514.00
6.840924,1004.7166,498.00
6.840924,1004.7525,484.00
6.840924,1004.7883,483.00
6.840924,1004.8240,558.00
6.840924,1004.8598,469.00
6.840924,1004.8956,553.00
6.840924,1004.9313,446.00
6.840924,1004.9670,531.00
6.840924,1005.0027,495.00
6.840924,1005.0385,490.00
6.840924,1005.0742,490.00
6.840924,1005.1099,527.00
6.840924,1005.1456,479.00
6.840924,1005.1815,537.00
6.840924,1005.2172,445.00
6.840924,1005.2529,507.00
6.840924,1005.2885,527.00
6.840924,1005.3242,539.00
6.840924,1005.3599,518.00
6.840924,1005.3955,508.00
6.840924,1005.4312,507.00
6.840924,1005.4669,533.00
6.840924,1005.5026,479.00
6.840924,1005.5382,563.00
6.840924,1005.5739,522.00
6.840924,1005.6095,523.00
6.840924,1005.6451,518.00
6.840924,1005.6807,509.00
6.840924,1005.7162,531.00
6.840924,1005.7519,501.00
6.840924,1005.7875,481.00
6.840924,1005.8231,575.00
6.840924,1005.8586,482.00
6.840924,1005.8942,551.00
6.840924,1005.9299,502.00
6.840924,1005.9655,512.00
6.840924,1006.0010,457.00
6.840924,1006.0365,535.00
6.840924,1006.0720,485.00
6.840924,1006.1076,533.00
6.840924,1006.1431,510.00
6.840924,1006.1786,572.00
6.840924,1006.2141,507.00
6.840924,1006.2498,516.00
6.840924,1006.2853,528.00
6.840924,1006.3207,515.00
6.840924,1006.3563,508.00
6.840924,1006.3917,551.00
6.840924,1006.4272,502.00
6.840924,1006.4626,560.00
6.840924,1006.4981,499.00
6.840924,1006.5335,516.00
6.840924,1006.5690,527.00
6.840924,1006.6044,539.00
6.840924,1006.6400,508.00
6.840924,1006.6754,569.00
6.840924,1006.7108,458.00
6.840924,1006.7462,553.00
6.840924,1006.7816,481.00
6.840924,1006.8170,558.00
6.840924,1006.8524,534.00
6.840924,1006.8878,527.00
6.840924,1006.9232,490.00
6.840924,1006.9586,558.00
6.840924,1006.9940,501.00
6.840924,1007.0294,545.00
6.840924,1007.0648,499.00
6.840924,1007.1001,587.00
6.840924,1007.1354,519.00
6.840924,1007.1707,560.00
6.840924,1007.2061,534.00
6.840924,1007.2414,555.00
6.840924,1007.2767,535.00
6.840924,1007.3120,577.00
6.840924,1007.3473,496.00
6.840924,1007.3827,559.00
6.840924,1007.4180,527.00
6.840924,1007.4532,557.00
6.840924,1007.4885,526.00
6.840924,1007.5238,558.00
6.840924,1007.5590,507.00
6.840924,1007.5943,571.00
6.840924,1007.6295,484.00
6.840924,1007.6648,585.00
6.840924,1007.7001,535.00
6.840924,1007.7354,547.00
6.840924,1007.7706,541.00
6.840924,1007.8058,532.00
6.840924,1007.8410,534.00
6.840924,1007.8762,569.00
6.840924,1007.9114,477.00
6.840924,1007.9465,524.00
6.840924,1007.9818,514.00
6.840924,1008.0169,551.00
6.840924,1008.0521,520.00
6.840924,1008.0873,548.00
6.840924,1008.1226,492.00
6.840924,1008.1576,487.00
6.840924,1008.1927,485.00
6.840924,1008.2279,538.00
6.840924,1008.2631,502.00
6.840924,1008.2982,546.00
6.840924,1008.3333,553.00
6.840924,1008.3683,538.00
6.840924,1008.4034,533.00
6.840924,1008.4387,529.00
6.840924,1008.4738,511.00
6.840924,1008.5089,524.00
6.840924,1008.5439,475.00
6.840924,1008.5790,580.00
6.840924,1008.6141,498.00
6.840924,1008.6491,511.00
6.840924,1008.6841,526.00
6.840924,1008.7192,525.00
6.840924,1008.7542,508.00
6.840924,1008.7892,529.00
6.840924,1008.8243,507.00
6.840924,1008.8594,537.00
6.840924,1008.8943,508.00
6.840924,1008.9294,548.00
6.840924,1008.9644,514.00
6.840924,1008.9994,517.00
6.840924,1009.0344,510.00
6.840924,1009.0693,524.00
6.840924,1009.1043,476.00
6.840924,1009.1392,555.00
6.840924,1009.1743,460.00
6.840924,1009.2093,547.00
6.840924,1009.2442,498.00
6.840924,1009.2792,542.00
6.840924,1009.3141,493.00
6.840924,1009.3489,508.00
6.840924,1009.3839,457.00
6.840924,1009.4188,539.00
6.840924,1009.4537,473.00
6.840924,1009.4886,572.00
6.840924,1009.5235,508.00
6.840924,1009.5585,536.00
6.840924,1009.5933,517.00
6.840924,1009.6282,506.00
6.840924,1009.6631,502.00
6.840924,1009.6979,496.00
6.840924,1009.7327,468.00
6.840924,1009.7676,510.00
6.840924,1009.8024,477.00
6.840924,1009.8372,565.00
6.840924,1009.8721,474.00
6.840924,1009.9070,522.00
6.840924,1009.9418,483.00
6.840924,1009.9766,500.00
6.840924,1010.0115,498.00
6.840924,1010.0462,517.00
6.840924,1010.0810,485.00
6.840924,1010.1158,541.00
6.840924,1010.1505,488.00
6.840924,1010.1853,529.00
6.840924,1010.2200,514.00
6.840924,1010.2548,530.00
6.840924,1010.2897,468.00
6.840924,1010.3244,522.00
6.840924,1010.3591,466.00
6.840924,1010.3938,517.00
6.840924,1010.4285,473.00
6.840924,1010.4633,514.00
6.840924,1010.4980,497.00
6.840924,1010.5326,483.00
6.840924,1010.5673,486.00
6.840924,1010.6021,514.00
6.840924,1010.6368,483.00
6.840924,1010.6714,496.00
6.840924,1010.7061,441.00
6.840924,1010.7408,521.00
6.840924,1010.7754,467.00
6.840924,1010.8101,509.00
6.840924,1010.8447,490.00
6.840924,1010.8793,520.00
6.840924,1010.9139,478.00
6.840924,1010.9485,547.00
6.840924,1010.9832,448.00
6.840924,1011.0178,533.00
6.840924,1011.0525,510.00
6.840924,1011.0870,511.00
6.840924,1011.1216,463.00
6.840924,1011.1562,514.00
6.840924,1011.1907,508.00
6.840924,1011.2253,547.00
6.840924,1011.2599,439.00
6.840924,1011.2944,513.00
6.840924,1011.3291,471.00
6.840924,1011.3636,524.00
6.840924,1011.3981,499.00
6.840924,1011.4326,509.00
6.840924,1011.4672,488.00
6.840924,1011.5016,509.00
6.840924,1011.5362,488.00
6.840924,1011.5706,539.00
6.840924,1011.6052,480.00
6.840924,1011.6396,516.00
6.840924,1011.6741,452.00
6.840924,1011.7086,510.00
6.840924,1011.7431,455.00
6.840924,1011.7776,524.00
6.840924,1011.8120,474.00
6.840924,1011.8465,548.00
6.840924,1011.8809,429.00
6.840924,1011.9153,531.00
6.840924,1011.9498,468.00
6.840924,1011.9842,507.00
6.840924,1012.0186,478.00
6.840924,1012.0531,498.00
6.840924,1012.0875,491.00
6.840924,1012.1219,516.00
6.840924,1012.1562,457.00
6.840924,1012.1906,509.00
6.840924,1012.2250,447.00
6.840924,1012.2593,541.00
6.840924,1012.2937,498.00
6.840924,1012.3281,504.00
6.840924,1012.3624,462.00
6.840924,1012.3967,479.00
6.840924,1012.4310,424.00
6.840924,1012.4655,529.00
6.840924,1012.4998,468.00
6.840924,1012.5341,551.00
6.840924,1012.5684,499.00
6.840924,1012.6027,516.00
6.840924,1012.6370,474.00
6.840924,1012.6712,502.00
6.840924,1012.7055,471.00
6.840924,1012.7398,533.00
6.840924,1012.7742,450.00
6.840924,1012.8084,477.00
6.840924,1012.8427,459.00
6.840924,1012.8769,493.00
6.840924,1012.9111,480.00
6.840924,1012.9454,497.00
6.840924,1012.9796,504.00
6.840924,1013.0138,539.00
6.840924,1013.0480,408.00
6.840924,1013.0822,504.00
6.840924,1013.1164,444.00
6.840924,1013.1506,522.00
6.840924,1013.1848,463.00
6.840924,1013.2190,472.00
6.840924,1013.2532,480.00
6.840924,1013.2873,500.00
6.840924,1013.3215,477.00
6.840924,1013.3556,535.00
6.840924,1013.3898,462.00
6.840924,1013.4239,522.00
6.840924,1013.4581,500.00
6.840924,1013.4923,496.00
6.840924,1013.5264,491.00
6.840924,1013.5605,493.00
6.840924,1013.5946,497.00
6.840924,1013.6287,532.00
6.840924,1013.6627,466.00
6.840924,1013.6968,545.00
6.840924,1013.7309,446.00
6.840924,1013.7650,492.00
6.840924,1013.7990,490.00
6.840924,1013.8331,479.00
6.840924,1013.8672,468.00
6.840924,1013.9012,513.00
6.840924,1013.9353,464.00
6.840924,1013.9693,531.00
6.840924,1014.0033,465.00
6.840924,1014.0374,520.00
6.840924,1014.0714,502.00
6.840924,1014.1053,500.00
6.840924,1014.1393,509.00
6.840924,1014.1734,536.00
6.840924,1014.2074,488.00
6.840924,1014.2413,517.00
6.840924,1014.2753,518.00
6.840924,1014.3093,562.00
6.840924,1014.3433,486.00
6.840924,1014.3772,540.00
6.840924,1014.4111,540.00
6.840924,1014.4451,503.00
6.840924,1014.4790,473.00
6.840924,1014.5129,517.00
6.840924,1014.5468,496.00
6.840924,1014.5808,550.00
6.840924,1014.6147,523.00
6.840924,1014.6486,532.00
6.840924,1014.6825,520.00
6.840924,1014.7164,540.00
6.840924,1014.7502,495.00
6.840924,1014.7841,531.00
6.840924,1014.8180,526.00
6.840924,1014.8518,570.00
6.840924,1014.8858,466.00
6.840924,1014.9196,589.00
6.840924,1014.9534,539.00
6.840924,1014.9872,527.00
6.840924,1015.0211,509.00
6.840924,1015.0549,521.00
6.840924,1015.0887,488.00
6.840924,1015.1224,561.00
6.840924,1015.1562,517.00
6.840924,1015.1900,578.00
6.840924,1015.2238,518.00
6.840924,1015.2575,566.00
6.840924,1015.2914,556.00
6.840924,1015.3252,552.00
6.840924,1015.3589,445.00
6.840924,1015.3927,535.00
6.840924,1015.4265,481.00
6.840924,1015.4601,588.00
6.840924,1015.4938,496.00
6.840924,1015.5276,564.00
6.840924,1015.5613,549.00
6.840924,1015.5952,562.00
6.840924,1015.6288,502.00
6.840924,1015.6625,544.00
6.840924,1015.6962,466.00
6.840924,1015.7299,570.00
6.840924,1015.7635,479.00
6.840924,1015.7972,569.00
6.840924,1015.8308,564.00
6.840924,1015.8645,527.00
6.840924,1015.8981,519.00
6.840924,1015.9317,537.00
6.840924,1015.9655,468.00
6.840924,1015.9991,592.00
6.840924,1016.0327,505.00
6.840924,1016.0663,565.00
6.840924,1016.0999,536.00
6.840924,1016.1335,560.00
6.840924,1016.1671,546.00
6.840924,1016.2006,530.00
6.840924,1016.2342,520.00
6.840924,1016.2679,534.00
6.840924,1016.3015,506.00
6.840924,1016.3350,561.00
6.840924,1016.3686,525.00
6.840924,1016.4021,574.00
6.840924,1016.4357,539.00
6.840924,1016.4691,547.00
6.840924,1016.5027,500.00
6.840924,1016.5362,548.00
6.840924,1016.5696,477.00
6.840924,1016.6032,571.00
6.840924,1016.6367,501.00
6.840924,1016.6703,574.00
6.840924,1016.7038,556.00
6.840924,1016.7372,548.00
6.840924,1016.7707,551.00
6.840924,1016.8041,526.00
6.840924,1016.8376,543.00
6.840924,1016.8710,558.00
6.840924,1016.9045,500.00
6.840924,1016.9379,573.00
6.840924,1016.9715,523.00
6.840924,1017.0049,575.00
6.840924,1017.0383,547.00
6.840924,1017.0717,562.00
6.840924,1017.1050,516.00
6.840924,1017.1384,535.00
6.840924,1017.1718,469.00
6.840924,1017.2052,549.00
6.840924,1017.2386,481.00
6.840924,1017.2720,540.00
6.840924,1017.3053,553.00
6.840924,1017.3387,572.00
6.840924,1017.3721,518.00
6.840924,1017.4054,544.00
6.840924,1017.4388,504.00
6.840924,1017.4721,578.00
6.840924,1017.5054,518.00
6.840924,1017.5387,569.00
6.840924,1017.5720,540.00
6.840924,1017.6053,542.00
6.840924,1017.6386,537.00
6.840924,1017.6720,521.00
6.840924,1017.7053,514.00
6.840924,1017.7385,560.00
6.840924,1017.7717,509.00
6.840924,1017.8051,578.00
6.840924,1017.8383,536.00
6.840924,1017.8715,583.00
6.840924,1017.9048,568.00
6.840924,1017.9380,558.00
6.840924,1017.9712,525.00
6.840924,1018.0044,590.00
6.840924,1018.0376,495.00
6.840924,1018.0709,582.00
6.840924,1018.1041,533.00
6.840924,1018.1373,610.00
6.840924,1018.1705,567.00
6.840924,1018.2037,551.00
6.840924,1018.2368,533.00
6.840924,1018.2700,570.00
6.840924,1018.3032,505.00
6.840924,1018.3363,595.00
6.840924,1018.3695,495.00
6.840924,1018.4026,594.00
6.840924,1018.4358,547.00
6.840924,1018.4689,562.00
6.840924,1018.5020,583.00
6.840924,1018.5352,531.00
6.840924,1018.5682,515.00
6.840924,1018.6013,541.00
6.840924,1018.6343,533.00
6.840924,1018.6675,589.00
6.840924,1018.7006,513.00
6.840924,1018.7337,605.00
6.840924,1018.7668,566.00
6.840924,1018.7998,544.00
6.840924,1018.8328,532.00
6.840924,1018.8658,550.00
6.840924,1018.8989,542.00
6.840924,1018.9319,601.00
6.840924,1018.9650,528.00
6.840924,1018.9980,590.00
6.840924,1019.0311,565.00
6.840924,1019.0641,609.00
6.840924,1019.0970,522.00
6.840924,1019.1301,560.00
6.840924,1019.1631,507.00
6.840924,1019.1960,594.00
6.840924,1019.2289,506.00
6.840924,1019.2618,591.00
6.840924,1019.2949,562.00
6.840924,1019.3278,569.00
6.840924,1019.3607,549.00
6.840924,1019.3936,545.00
6.840924,1019.4268,459.00
6.840924,1019.4596,579.00
6.840924,1019.4925,540.00
6.840924,1019.5255,566.00
6.840924,1019.5583,518.00
6.840924,1019.5912,563.00
6.840924,1019.6240,537.00
6.840924,1019.6569,550.00
6.840924,1019.6898,505.00
6.840924,1019.7227,539.00
6.840924,1019.7556,495.00
6.840924,1019.7885,558.00
6.840924,1019.8213,499.00
6.840924,1019.8541,566.00
6.840924,1019.8870,509.00
6.840924,1019.9198,563.00
6.840924,1019.9525,549.00
6.840924,1019.9854,511.00
6.840924,1020.0182,511.00
6.840924,1020.0509,580.00
6.840924,1020.0837,517.00
6.840924,1020.1167,568.00
6.840924,1020.1494,545.00
6.840924,1020.1823,545.00
6.840924,1020.2149,514.00
6.840924,1020.2477,510.00
6.840924,1020.2805,510.00
6.840924,1020.3132,552.00
6.840924,1020.3459,524.00
6.840924,1020.3787,599.00
6.840924,1020.4114,517.00
6.840924,1020.4442,541.00
6.840924,1020.4768,514.00
6.840924,1020.5096,548.00
6.840924,1020.5423,503.00
6.840924,1020.5750,562.00
6.840924,1020.6077,476.00
6.840924,1020.6403,579.00
6.840924,1020.6730,500.00
6.840924,1020.7055,565.00
6.840924,1020.7382,503.00
6.840924,1020.7709,538.00
6.840924,1020.8036,465.00
6.840924,1020.8363,496.00
6.840924,1020.8688,478.00
6.840924,1020.9015,583.00
6.840924,1020.9341,489.00
6.840924,1020.9667,560.00
6.840924,1020.9993,516.00
6.840924,1021.0319,521.00
6.840924,1021.0645,533.00
6.840924,1021.0971,542.00
6.840924,1021.1298,478.00
6.840924,1021.1623,530.00
6.840924,1021.1948,474.00
6.840924,1021.2273,578.00
6.840924,1021.2599,493.00
6.840924,1021.2924,543.00
6.840924,1021.3250,515.00
6.840924,1021.3574,503.00
6.840924,1021.3900,497.00
6.840924,1021.4224,534.00
6.840924,1021.4550,459.00
6.840924,1021.4875,509.00
6.840924,1021.5200,499.00
6.840924,1021.5525,572.00
6.840924,1021.5850,511.00
6.840924,1021.6175,537.00
6.840924,1021.6500,454.00
6.840924,1021.6823,533.00
6.840924,1021.7148,496.00
6.840924,1021.7474,543.00
6.840924,1021.7797,494.00
6.840924,1021.8122,553.00
6.840924,1021.8445,524.00
6.840924,1021.8770,592.00
6.840924,1021.9095,499.00
6.840924,1021.9418,511.00
6.840924,1021.9741,484.00
6.840924,1022.0066,498.00
6.840924,1022.0389,482.00
6.840924,1022.0713,577.00
6.840924,1022.1037,501.00
6.840924,1022.1362,610.00
6.840924,1022.1685,539.00
6.840924,1022.2008,539.00
6.840924,1022.2332,494.00
6.840924,1022.2654,520.00
6.840924,1022.2977,489.00
6.840924,1022.3301,569.00
6.840924,1022.3624,477.00
6.840924,1022.3947,589.00
6.840924,1022.4271,506.00
6.840924,1022.4594,558.00
6.840924,1022.4917,544.00
6.840924,1022.5239,538.00
6.840924,1022.5562,488.00
6.840924,1022.5885,561.00
6.840924,1022.6207,497.00
6.840924,1022.6530,576.00
6.840924,1022.6852,539.00
6.840924,1022.7174,550.00
6.840924,1022.7497,494.00
6.840924,1022.7819,562.00
6.840924,1022.8142,504.00
6.840924,1022.8464,535.00
6.840924,1022.8785,485.00
6.840924,1022.9108,565.00
6.840924,1022.9429,523.00
6.840924,1022.9751,544.00
6.840924,1023.0073,545.00
6.840924,1023.0394,504.00
6.840924,1023.0717,510.00
6.840924,1023.1039,559.00
6.840924,1023.1360,468.00
6.840924,1023.1682,564.00
6.840924,1023.2003,486.00
6.840924,1023.2324,551.00
6.840924,1023.2644,517.00
6.840924,1023.2966,534.00
6.840924,1023.3287,492.00
6.840924,1023.3608,519.00
6.840924,1023.3929,521.00
6.840924,1023.4249,524.00
6.840924,1023.4570,489.00
6.840924,1023.4893,550.00
6.840924,1023.5212,489.00
6.840924,1023.5533,502.00
6.840924,1023.5853,508.00
6.840924,1023.6174,526.00
6.840924,1023.6494,487.00
6.840924,1023.6813,518.00
6.840924,1023.7134,455.00
6.840924,1023.7454,532.00
6.840924,1023.7775,481.00
6.840924,1023.8096,537.00
6.840924,1023.8416,519.00
6.840924,1023.8735,517.00
6.840924,1023.9055,494.00
6.840924,1023.9374,512.00
6.840924,1023.9694,470.00
6.840924,1024.0013,527.00
6.840924,1024.0333,472.00
6.840924,1024.0652,529.00
6.840924,1024.0972,480.00
6.840924,1024.1293,527.00
6.840924,1024.1611,473.00
6.840924,1024.1931,520.00
6.840924,1024.2250,450.00
6.840924,1024.2568,548.00
6.840924,1024.2888,457.00
6.840924,1024.3206,504.00
6.840924,1024.3525,498.00
6.840924,1024.3843,497.00
6.840924,1024.4164,478.00
6.840924,1024.4481,524.00
6.840924,1024.4801,472.00
6.840924,1024.5118,509.00
6.840924,1024.5438,472.00
6.840924,1024.5756,515.00
6.840924,1024.6074,488.00
6.840924,1024.6393,508.00
6.840924,1024.6710,548.00
6.840924,1024.7029,510.00
6.840924,1024.7346,475.00
6.840924,1024.7664,536.00
6.840924,1024.7982,468.00
6.840924,1024.8301,560.00
6.840924,1024.8618,479.00
6.840924,1024.8936,523.00
6.840924,1024.9253,486.00
6.840924,1024.9572,530.00
6.840924,1024.9889,490.00
6.840924,1025.0206,533.00
6.840924,1025.0522,461.00
6.840924,1025.0841,535.00
6.840924,1025.1158,469.00
6.840924,1025.1475,557.00
6.840924,1025.1792,518.00
6.840924,1025.2109,512.00
6.840924,1025.2426,495.00
6.840924,1025.2743,520.00
6.840924,1025.3059,498.00
6.840924,1025.3376,519.00
6.840924,1025.3693,452.00
6.840924,1025.4009,561.00
6.840924,1025.4326,492.00
6.840924,1025.4644,571.00
6.840924,1025.4960,485.00
6.840924,1025.5276,500.00
6.840924,1025.5592,532.00
6.840924,1025.5908,528.00
6.840924,1025.6224,493.00
6.840924,1025.6541,558.00
6.840924,1025.6857,526.00
6.840924,1025.7172,552.00
6.840924,1025.7489,544.00
6.840924,1025.7804,578.00
6.840924,1025.8120,543.00
6.840924,1025.8435,535.00
6.840924,1025.8751,534.00
6.840924,1025.9066,590.00
6.840924,1025.9381,485.00
6.840924,1025.9697,565.00
6.840924,1026.0012,529.00
6.840924,1026.0327,551.00
6.840924,1026.0642,523.00
