# Point:,19
# Setpoint:,0.967272727
# Voltage_V:,0.967272727
# Current_A:,9.1875e-05
# Spectrum_Time_s:,3.403490
# Step_Start_s:,3.302793
# Step_End_s:,3.478530
# Spectrum_Duration_ms:,84.340
# Peak_Wavelength_nm:,940.19
# Peak_Intensity:,755.0
# Avg_Intensity:,604.8
# Num_Pixels:,4094
# NOTE: All wavelengths are captured simultaneously in one CCD exposure
#       The Relative_Time_s column shows when this entire spectrum was acquired

Relative_Time_s,Wavelength_nm,Intensity
3.403490,845.4307,583.00
3.403490,845.4858,501.00
3.403490,845.5410,576.00
3.403490,845.5963,538.00
3.403490,845.6514,578.00
3.403490,845.7065,525.00
3.403490,845.7617,538.00
3.403490,845.8168,498.00
3.403490,845.8721,579.00
3.403490,845.9272,497.00
3.403490,845.9823,552.00
3.403490,846.0374,523.00
3.403490,846.0926,513.00
3.403490,846.1478,481.00
3.403490,846.2029,562.00
3.403490,846.2579,520.00
3.403490,846.3130,567.00
3.403490,846.3682,456.00
3.403490,846.4233,584.00
3.403490,846.4784,483.00
3.403490,846.5335,564.00
3.403490,846.5886,525.00
3.403490,846.6437,552.00
3.403490,846.6987,510.00
3.403490,846.7538,559.00
3.403490,846.8089,486.00
3.403490,846.8640,560.00
3.403490,846.9190,518.00
3.403490,846.9741,563.00
3.403490,847.0292,559.00
3.403490,847.0842,573.00
3.403490,847.1392,544.00
3.403490,847.1943,557.00
3.403490,847.2493,487.00
3.403490,847.3044,595.00
3.403490,847.3594,490.00
3.403490,847.4144,582.00
3.403490,847.4694,538.00
3.403490,847.5244,565.00
3.403490,847.5795,517.00
3.403490,847.6345,559.00
3.403490,847.6895,511.00
3.403490,847.7444,571.00
3.403490,847.7994,498.00
3.403490,847.8544,572.00
3.403490,847.9094,537.00
3.403490,847.9644,569.00
3.403490,848.0193,521.00
3.403490,848.0743,577.00
3.403490,848.1293,538.00
3.403490,848.1843,594.00
3.403490,848.2392,544.00
3.403490,848.2941,592.00
3.403490,848.3491,572.00
3.403490,848.4040,577.00
3.403490,848.4590,557.00
3.403490,848.5139,604.00
3.403490,848.5688,532.00
3.403490,848.6237,594.00
3.403490,848.6786,542.00
3.403490,848.7336,628.00
3.403490,848.7885,556.00
3.403490,848.8434,610.00
3.403490,848.8983,569.00
3.403490,848.9531,549.00
3.403490,849.0081,558.00
3.403490,849.0630,560.00
3.403490,849.1178,497.00
3.403490,849.1727,592.00
3.403490,849.2275,558.00
3.403490,849.2823,659.00
3.403490,849.3373,540.00
3.403490,849.3921,588.00
3.403490,849.4470,554.00
3.403490,849.5018,577.00
3.403490,849.5566,517.00
3.403490,849.6115,602.00
3.403490,849.6663,530.00
3.403490,849.7211,607.00
3.403490,849.7759,566.00
3.403490,849.8307,604.00
3.403490,849.8856,553.00
3.403490,849.9404,583.00
3.403490,849.9952,521.00
3.403490,850.0500,579.00
3.403490,850.1048,514.00
3.403490,850.1596,618.00
3.403490,850.2144,535.00
3.403490,850.2692,618.00
3.403490,850.3239,567.00
3.403490,850.3787,597.00
3.403490,850.4335,585.00
3.403490,850.4882,609.00
3.403490,850.5430,579.00
3.403490,850.5977,609.00
3.403490,850.6525,542.00
3.403490,850.7072,602.00
3.403490,850.7620,550.00
3.403490,850.8167,619.00
3.403490,850.8715,592.00
3.403490,850.9261,565.00
3.403490,850.9808,531.00
3.403490,851.0356,581.00
3.403490,851.0903,557.00
3.403490,851.1450,618.00
3.403490,851.1996,550.00
3.403490,851.2543,645.00
3.403490,851.3091,574.00
3.403490,851.3638,620.00
3.403490,851.4185,555.00
3.403490,851.4731,611.00
3.403490,851.5278,558.00
3.403490,851.5825,653.00
3.403490,851.6371,588.00
3.403490,851.6918,681.00
3.403490,851.7465,605.00
3.403490,851.8011,635.00
3.403490,851.8558,596.00
3.403490,851.9103,606.00
3.403490,851.9650,576.00
3.403490,852.0196,674.00
3.403490,852.0742,581.00
3.403490,852.1289,620.00
3.403490,852.1835,591.00
3.403490,852.2381,662.00
3.403490,852.2927,643.00
3.403490,852.3473,630.00
3.403490,852.4019,616.00
3.403490,852.4565,639.00
3.403490,852.5111,615.00
3.403490,852.5657,621.00
3.403490,852.6202,621.00
3.403490,852.6747,642.00
3.403490,852.7294,621.00
3.403490,852.7839,641.00
3.403490,852.8385,612.00
3.403490,852.8930,680.00
3.403490,852.9476,611.00
3.403490,853.0022,664.00
3.403490,853.0567,602.00
3.403490,853.1112,684.00
3.403490,853.1658,636.00
3.403490,853.2203,681.00
3.403490,853.2748,648.00
3.403490,853.3293,691.00
3.403490,853.3838,614.00
3.403490,853.4383,668.00
3.403490,853.4928,620.00
3.403490,853.5474,678.00
3.403490,853.6019,657.00
3.403490,853.6563,695.00
3.403490,853.7108,674.00
3.403490,853.7653,662.00
3.403490,853.8198,609.00
3.403490,853.8742,686.00
3.403490,853.9286,655.00
3.403490,853.9832,711.00
3.403490,854.0376,625.00
3.403490,854.0920,702.00
3.403490,854.1465,673.00
3.403490,854.2010,671.00
3.403490,854.2554,641.00
3.403490,854.3098,652.00
3.403490,854.3642,595.00
3.403490,854.4186,696.00
3.403490,854.4731,595.00
3.403490,854.5275,700.00
3.403490,854.5819,640.00
3.403490,854.6363,691.00
3.403490,854.6907,652.00
3.403490,854.7451,639.00
3.403490,854.7994,614.00
3.403490,854.8538,680.00
3.403490,854.9082,659.00
3.403490,854.9626,724.00
3.403490,855.0170,613.00
3.403490,855.0714,683.00
3.403490,855.1257,646.00
3.403490,855.1800,665.00
3.403490,855.2344,616.00
3.403490,855.2888,670.00
3.403490,855.3431,617.00
3.403490,855.3975,681.00
3.403490,855.4518,608.00
3.403490,855.5060,686.00
3.403490,855.5604,643.00
3.403490,855.6147,654.00
3.403490,855.6691,640.00
3.403490,855.7233,656.00
3.403490,855.7776,599.00
3.403490,855.8320,723.00
3.403490,855.8862,583.00
3.403490,855.9406,692.00
3.403490,855.9948,638.00
3.403490,856.0491,715.00
3.403490,856.1035,643.00
3.403490,856.1577,685.00
3.403490,856.2119,634.00
3.403490,856.2662,659.00
3.403490,856.3204,617.00
3.403490,856.3748,719.00
3.403490,856.4290,640.00
3.403490,856.4832,683.00
3.403490,856.5374,679.00
3.403490,856.5916,694.00
3.403490,856.6459,601.00
3.403490,856.7001,696.00
3.403490,856.7543,621.00
3.403490,856.8085,689.00
3.403490,856.8627,641.00
3.403490,856.9169,712.00
3.403490,856.9712,654.00
3.403490,857.0253,648.00
3.403490,857.0795,656.00
3.403490,857.1337,676.00
3.403490,857.1879,626.00
3.403490,857.2421,679.00
3.403490,857.2962,652.00
3.403490,857.3504,672.00
3.403490,857.4045,650.00
3.403490,857.4587,679.00
3.403490,857.5129,675.00
3.403490,857.5670,670.00
3.403490,857.6212,636.00
3.403490,857.6753,685.00
3.403490,857.7294,627.00
3.403490,857.7836,693.00
3.403490,857.8377,641.00
3.403490,857.8918,688.00
3.403490,857.9459,672.00
3.403490,858.0000,659.00
3.403490,858.0541,634.00
3.403490,858.1082,682.00
3.403490,858.1624,652.00
3.403490,858.2164,698.00
3.403490,858.2704,639.00
3.403490,858.3245,677.00
3.403490,858.3787,669.00
3.403490,858.4327,664.00
3.403490,858.4868,639.00
3.403490,858.5408,685.00
3.403490,858.5949,658.00
3.403490,858.6489,680.00
3.403490,858.7030,644.00
3.403490,858.7570,727.00
3.403490,858.8110,644.00
3.403490,858.8651,681.00
3.403490,858.9192,694.00
3.403490,858.9732,706.00
3.403490,859.0272,647.00
3.403490,859.0812,696.00
3.403490,859.1352,622.00
3.403490,859.1892,705.00
3.403490,859.2432,637.00
3.403490,859.2972,669.00
3.403490,859.3512,696.00
3.403490,859.4052,667.00
3.403490,859.4592,670.00
3.403490,859.5132,670.00
3.403490,859.5671,624.00
3.403490,859.6210,696.00
3.403490,859.6750,661.00
3.403490,859.7289,727.00
3.403490,859.7830,617.00
3.403490,859.8369,672.00
3.403490,859.8908,614.00
3.403490,859.9447,622.00
3.403490,859.9987,607.00
3.403490,860.0527,682.00
3.403490,860.1065,618.00
3.403490,860.1605,685.00
3.403490,860.2144,665.00
3.403490,860.2682,665.00
3.403490,860.3222,651.00
3.403490,860.3761,665.00
3.403490,860.4299,598.00
3.403490,860.4838,648.00
3.403490,860.5377,602.00
3.403490,860.5916,673.00
3.403490,860.6455,652.00
3.403490,860.6993,669.00
3.403490,860.7532,644.00
3.403490,860.8071,669.00
3.403490,860.8610,612.00
3.403490,860.9148,656.00
3.403490,860.9687,586.00
3.403490,861.0225,662.00
3.403490,861.0763,642.00
3.403490,861.1301,668.00
3.403490,861.1840,608.00
3.403490,861.2378,679.00
3.403490,861.2916,631.00
3.403490,861.3454,677.00
3.403490,861.3992,588.00
3.403490,861.4531,676.00
3.403490,861.5068,601.00
3.403490,861.5606,663.00
3.403490,861.6144,608.00
3.403490,861.6682,660.00
3.403490,861.7220,596.00
3.403490,861.7758,680.00
3.403490,861.8295,611.00
3.403490,861.8833,660.00
3.403490,861.9370,634.00
3.403490,861.9908,698.00
3.403490,862.0446,630.00
3.403490,862.0983,683.00
3.403490,862.1520,612.00
3.403490,862.2057,637.00
3.403490,862.2595,621.00
3.403490,862.3132,629.00
3.403490,862.3669,577.00
3.403490,862.4206,646.00
3.403490,862.4744,580.00
3.403490,862.5281,694.00
3.403490,862.5818,644.00
3.403490,862.6355,652.00
3.403490,862.6891,623.00
3.403490,862.7429,636.00
3.403490,862.7966,635.00
3.403490,862.8502,654.00
3.403490,862.9039,604.00
3.403490,862.9575,675.00
3.403490,863.0112,620.00
3.403490,863.0648,635.00
3.403490,863.1185,613.00
3.403490,863.1722,646.00
3.403490,863.2258,613.00
3.403490,863.2794,658.00
3.403490,863.3330,609.00
3.403490,863.3867,668.00
3.403490,863.4403,589.00
3.403490,863.4940,614.00
3.403490,863.5475,623.00
3.403490,863.6011,592.00
3.403490,863.6548,602.00
3.403490,863.7084,640.00
3.403490,863.7620,597.00
3.403490,863.8156,635.00
3.403490,863.8691,610.00
3.403490,863.9228,643.00
3.403490,863.9763,624.00
3.403490,864.0299,650.00
3.403490,864.0834,603.00
3.403490,864.1370,639.00
3.403490,864.1906,605.00
3.403490,864.2441,664.00
3.403490,864.2977,601.00
3.403490,864.3512,661.00
3.403490,864.4047,625.00
3.403490,864.4583,640.00
3.403490,864.5118,592.00
3.403490,864.5653,626.00
3.403490,864.6189,592.00
3.403490,864.6724,624.00
3.403490,864.7258,600.00
3.403490,864.7794,634.00
3.403490,864.8329,571.00
3.403490,864.8864,652.00
3.403490,864.9398,622.00
3.403490,864.9933,622.00
3.403490,865.0469,569.00
3.403490,865.1003,625.00
3.403490,865.1538,600.00
3.403490,865.2072,635.00
3.403490,865.2607,615.00
3.403490,865.3142,636.00
3.403490,865.3676,640.00
3.403490,865.4211,668.00
3.403490,865.4745,593.00
3.403490,865.5279,619.00
3.403490,865.5814,614.00
3.403490,865.6348,654.00
3.403490,865.6882,606.00
3.403490,865.7416,644.00
3.403490,865.7950,639.00
3.403490,865.8484,667.00
3.403490,865.9019,625.00
3.403490,865.9552,605.00
3.403490,866.0087,624.00
3.403490,866.0620,627.00
3.403490,866.1154,611.00
3.403490,866.1688,686.00
3.403490,866.2222,610.00
3.403490,866.2755,696.00
3.403490,866.3289,641.00
3.403490,866.3822,665.00
3.403490,866.4356,621.00
3.403490,866.4890,635.00
3.403490,866.5423,612.00
3.403490,866.5956,680.00
3.403490,866.6489,622.00
3.403490,866.7023,708.00
3.403490,866.7556,601.00
3.403490,866.8089,644.00
3.403490,866.8622,622.00
3.403490,866.9155,649.00
3.403490,866.9689,618.00
3.403490,867.0222,662.00
3.403490,867.0755,610.00
3.403490,867.1287,661.00
3.403490,867.1820,616.00
3.403490,867.2354,657.00
3.403490,867.2886,641.00
3.403490,867.3419,673.00
3.403490,867.3951,634.00
3.403490,867.4484,648.00
3.403490,867.5016,560.00
3.403490,867.5549,676.00
3.403490,867.6082,626.00
3.403490,867.6614,629.00
3.403490,867.7146,646.00
3.403490,867.7678,654.00
3.403490,867.8211,642.00
3.403490,867.8743,679.00
3.403490,867.9276,614.00
3.403490,867.9807,657.00
3.403490,868.0339,633.00
3.403490,868.0872,671.00
3.403490,868.1403,601.00
3.403490,868.1935,627.00
3.403490,868.2467,596.00
3.403490,868.2999,652.00
3.403490,868.3531,573.00
3.403490,868.4062,660.00
3.403490,868.4594,599.00
3.403490,868.5126,694.00
3.403490,868.5657,644.00
3.403490,868.6189,638.00
3.403490,868.6721,642.00
3.403490,868.7252,645.00
3.403490,868.7783,581.00
3.403490,868.8315,666.00
3.403490,868.8846,597.00
3.403490,868.9377,659.00
3.403490,868.9908,616.00
3.403490,869.0439,658.00
3.403490,869.0970,631.00
3.403490,869.1501,652.00
3.403490,869.2032,593.00
3.403490,869.2564,606.00
3.403490,869.3094,587.00
3.403490,869.3625,625.00
3.403490,869.4156,616.00
3.403490,869.4688,662.00
3.403490,869.5218,589.00
3.403490,869.5748,655.00
3.403490,869.6279,644.00
3.403490,869.6809,640.00
3.403490,869.7340,575.00
3.403490,869.7870,630.00
3.403490,869.8401,615.00
3.403490,869.8931,642.00
3.403490,869.9462,612.00
3.403490,869.9993,635.00
3.403490,870.0522,603.00
3.403490,870.1052,673.00
3.403490,870.1583,625.00
3.403490,870.2112,680.00
3.403490,870.2642,583.00
3.403490,870.3173,671.00
3.403490,870.3702,620.00
3.403490,870.4232,690.00
3.403490,870.4762,616.00
3.403490,870.5292,647.00
3.403490,870.5822,637.00
3.403490,870.6351,642.00
3.403490,870.6881,599.00
3.403490,870.7410,644.00
3.403490,870.7940,621.00
3.403490,870.8470,650.00
3.403490,870.8999,599.00
3.403490,870.9528,685.00
3.403490,871.0057,660.00
3.403490,871.0587,658.00
3.403490,871.1116,641.00
3.403490,871.1646,691.00
3.403490,871.2175,570.00
3.403490,871.2704,678.00
3.403490,871.3232,637.00
3.403490,871.3762,644.00
3.403490,871.4291,641.00
3.403490,871.4820,629.00
3.403490,871.5348,635.00
3.403490,871.5877,662.00
3.403490,871.6406,636.00
3.403490,871.6935,688.00
3.403490,871.7463,624.00
3.403490,871.7992,637.00
3.403490,871.8521,683.00
3.403490,871.9049,650.00
3.403490,871.9578,668.00
3.403490,872.0106,690.00
3.403490,872.0635,604.00
3.403490,872.1162,679.00
3.403490,872.1691,617.00
3.403490,872.2219,694.00
3.403490,872.2747,615.00
3.403490,872.3275,672.00
3.403490,872.3803,675.00
3.403490,872.4332,660.00
3.403490,872.4860,641.00
3.403490,872.5387,665.00
3.403490,872.5915,616.00
3.403490,872.6443,683.00
3.403490,872.6971,656.00
3.403490,872.7499,668.00
3.403490,872.8026,658.00
3.403490,872.8553,664.00
3.403490,872.9081,637.00
3.403490,872.9609,670.00
3.403490,873.0136,608.00
3.403490,873.0663,685.00
3.403490,873.1191,602.00
3.403490,873.1718,702.00
3.403490,873.2245,625.00
3.403490,873.2773,652.00
3.403490,873.3300,616.00
3.403490,873.3827,653.00
3.403490,873.4354,635.00
3.403490,873.4882,734.00
3.403490,873.5408,658.00
3.403490,873.5935,668.00
3.403490,873.6462,654.00
3.403490,873.6989,689.00
3.403490,873.7515,639.00
3.403490,873.8042,641.00
3.403490,873.8569,614.00
3.403490,873.9096,679.00
3.403490,873.9622,590.00
3.403490,874.0149,679.00
3.403490,874.0675,662.00
3.403490,874.1202,683.00
3.403490,874.1729,643.00
3.403490,874.2255,671.00
3.403490,874.2781,643.00
3.403490,874.3307,629.00
3.403490,874.3834,623.00
3.403490,874.4360,669.00
3.403490,874.4885,629.00
3.403490,874.5411,683.00
3.403490,874.5938,624.00
3.403490,874.6463,645.00
3.403490,874.6990,648.00
3.403490,874.7515,664.00
3.403490,874.8041,591.00
3.403490,874.8567,676.00
3.403490,874.9092,628.00
3.403490,874.9619,680.00
3.403490,875.0144,640.00
3.403490,875.0669,663.00
3.403490,875.1194,632.00
3.403490,875.1720,654.00
3.403490,875.2246,602.00
3.403490,875.2772,690.00
3.403490,875.3296,619.00
3.403490,875.3821,674.00
3.403490,875.4346,639.00
3.403490,875.4872,649.00
3.403490,875.5397,647.00
3.403490,875.5922,685.00
3.403490,875.6447,627.00
3.403490,875.6971,671.00
3.403490,875.7498,578.00
3.403490,875.8022,699.00
3.403490,875.8547,632.00
3.403490,875.9071,695.00
3.403490,875.9596,613.00
3.403490,876.0120,667.00
3.403490,876.0646,643.00
3.403490,876.1169,656.00
3.403490,876.1694,607.00
3.403490,876.2219,688.00
3.403490,876.2743,651.00
3.403490,876.3268,681.00
3.403490,876.3792,634.00
3.403490,876.4316,677.00
3.403490,876.4840,666.00
3.403490,876.5364,679.00
3.403490,876.5889,626.00
3.403490,876.6413,705.00
3.403490,876.6937,578.00
3.403490,876.7460,677.00
3.403490,876.7985,649.00
3.403490,876.8509,679.00
3.403490,876.9032,624.00
3.403490,876.9556,675.00
3.403490,877.0079,608.00
3.403490,877.0604,666.00
3.403490,877.1127,613.00
3.403490,877.1651,692.00
3.403490,877.2174,619.00
3.403490,877.2697,662.00
3.403490,877.3221,639.00
3.403490,877.3744,656.00
3.403490,877.4268,628.00
3.403490,877.4791,661.00
3.403490,877.5314,593.00
3.403490,877.5837,633.00
3.403490,877.6360,596.00
3.403490,877.6884,682.00
3.403490,877.7407,608.00
3.403490,877.7930,608.00
3.403490,877.8452,610.00
3.403490,877.8975,644.00
3.403490,877.9498,631.00
3.403490,878.0021,630.00
3.403490,878.0544,622.00
3.403490,878.1066,665.00
3.403490,878.1589,624.00
3.403490,878.2111,617.00
3.403490,878.2634,645.00
3.403490,878.3157,615.00
3.403490,878.3679,590.00
3.403490,878.4202,636.00
3.403490,878.4724,600.00
3.403490,878.5246,696.00
3.403490,878.5768,613.00
3.403490,878.6290,665.00
3.403490,878.6812,626.00
3.403490,878.7335,642.00
3.403490,878.7856,658.00
3.403490,878.8379,636.00
3.403490,878.8901,578.00
3.403490,878.9422,595.00
3.403490,878.9944,587.00
3.403490,879.0466,659.00
3.403490,879.0988,628.00
3.403490,879.1509,675.00
3.403490,879.2031,613.00
3.403490,879.2552,597.00
3.403490,879.3074,613.00
3.403490,879.3596,652.00
3.403490,879.4117,587.00
3.403490,879.4638,684.00
3.403490,879.5159,580.00
3.403490,879.5681,662.00
3.403490,879.6202,636.00
3.403490,879.6723,641.00
3.403490,879.7244,614.00
3.403490,879.7766,618.00
3.403490,879.8287,601.00
3.403490,879.8808,644.00
3.403490,879.9329,584.00
3.403490,879.9849,657.00
3.403490,880.0370,619.00
3.403490,880.0891,646.00
3.403490,880.1412,580.00
3.403490,880.1932,646.00
3.403490,880.2452,572.00
3.403490,880.2973,667.00
3.403490,880.3495,629.00
3.403490,880.4015,686.00
3.403490,880.4536,645.00
3.403490,880.5056,610.00
3.403490,880.5576,629.00
3.403490,880.6096,606.00
3.403490,880.6616,595.00
3.403490,880.7137,638.00
3.403490,880.7656,567.00
3.403490,880.8176,662.00
3.403490,880.8696,579.00
3.403490,880.9217,641.00
3.403490,880.9737,619.00
3.403490,881.0256,649.00
3.403490,881.0776,593.00
3.403490,881.1296,667.00
3.403490,881.1816,584.00
3.403490,881.2336,649.00
3.403490,881.2855,590.00
3.403490,881.3374,646.00
3.403490,881.3893,633.00
3.403490,881.4413,604.00
3.403490,881.4933,592.00
3.403490,881.5452,633.00
3.403490,881.5972,581.00
3.403490,881.6490,620.00
3.403490,881.7010,604.00
3.403490,881.7530,656.00
3.403490,881.8049,610.00
3.403490,881.8568,636.00
3.403490,881.9086,602.00
3.403490,881.9605,602.00
3.403490,882.0125,618.00
3.403490,882.0643,665.00
3.403490,882.1162,558.00
3.403490,882.1681,625.00
3.403490,882.2199,559.00
3.403490,882.2719,627.00
3.403490,882.3237,606.00
3.403490,882.3755,587.00
3.403490,882.4274,566.00
3.403490,882.4792,601.00
3.403490,882.5311,599.00
3.403490,882.5829,597.00
3.403490,882.6348,593.00
3.403490,882.6866,647.00
3.403490,882.7383,598.00
3.403490,882.7902,623.00
3.403490,882.8420,606.00
3.403490,882.8939,654.00
3.403490,882.9457,549.00
3.403490,882.9974,611.00
3.403490,883.0493,573.00
3.403490,883.1011,631.00
3.403490,883.1528,561.00
3.403490,883.2046,640.00
3.403490,883.2563,599.00
3.403490,883.3081,592.00
3.403490,883.3599,573.00
3.403490,883.4116,626.00
3.403490,883.4634,588.00
3.403490,883.5151,635.00
3.403490,883.5668,618.00
3.403490,883.6187,628.00
3.403490,883.6703,631.00
3.403490,883.7220,628.00
3.403490,883.7738,615.00
3.403490,883.8254,655.00
3.403490,883.8773,568.00
3.403490,883.9289,653.00
3.403490,883.9806,606.00
3.403490,884.0323,671.00
3.403490,884.0840,621.00
3.403490,884.1357,666.00
3.403490,884.1874,604.00
3.403490,884.2391,645.00
3.403490,884.2907,549.00
3.403490,884.3423,642.00
3.403490,884.3940,599.00
3.403490,884.4457,646.00
3.403490,884.4974,606.00
3.403490,884.5490,602.00
3.403490,884.6006,587.00
3.403490,884.6523,641.00
3.403490,884.7039,575.00
3.403490,884.7555,655.00
3.403490,884.8071,603.00
3.403490,884.8588,665.00
3.403490,884.9103,636.00
3.403490,884.9620,659.00
3.403490,885.0136,663.00
3.403490,885.0651,641.00
3.403490,885.1168,602.00
3.403490,885.1683,652.00
3.403490,885.2200,627.00
3.403490,885.2715,671.00
3.403490,885.3231,604.00
3.403490,885.3746,651.00
3.403490,885.4262,656.00
3.403490,885.4778,669.00
3.403490,885.5293,657.00
3.403490,885.5809,648.00
3.403490,885.6324,579.00
3.403490,885.6839,638.00
3.403490,885.7355,622.00
3.403490,885.7870,692.00
3.403490,885.8385,606.00
3.403490,885.8900,635.00
3.403490,885.9415,653.00
3.403490,885.9930,641.00
3.403490,886.0446,632.00
3.403490,886.0960,679.00
3.403490,886.1475,601.00
3.403490,886.1990,662.00
3.403490,886.2504,646.00
3.403490,886.3020,648.00
3.403490,886.3534,633.00
3.403490,886.4048,650.00
3.403490,886.4564,639.00
3.403490,886.5078,667.00
3.403490,886.5593,580.00
3.403490,886.6107,686.00
3.403490,886.6621,633.00
3.403490,886.7136,675.00
3.403490,886.7650,653.00
3.403490,886.8164,664.00
3.403490,886.8679,649.00
3.403490,886.9193,636.00
3.403490,886.9706,595.00
3.403490,887.0220,642.00
3.403490,887.0735,578.00
3.403490,887.1249,652.00
3.403490,887.1762,624.00
3.403490,887.2276,669.00
3.403490,887.2789,647.00
3.403490,887.3304,653.00
3.403490,887.3818,622.00
3.403490,887.4331,670.00
3.403490,887.4844,644.00
3.403490,887.5358,679.00
3.403490,887.5871,616.00
3.403490,887.6385,677.00
3.403490,887.6898,657.00
3.403490,887.7411,666.00
3.403490,887.7925,637.00
3.403490,887.8438,624.00
3.403490,887.8951,608.00
3.403490,887.9464,674.00
3.403490,887.9977,617.00
3.403490,888.0490,722.00
3.403490,888.1003,656.00
3.403490,888.1516,648.00
3.403490,888.2029,617.00
3.403490,888.2542,660.00
3.403490,888.3054,605.00
3.403490,888.3567,660.00
3.403490,888.4080,656.00
3.403490,888.4592,662.00
3.403490,888.5105,628.00
3.403490,888.5618,690.00
3.403490,888.6130,622.00
3.403490,888.6642,678.00
3.403490,888.7155,637.00
3.403490,888.7667,690.00
3.403490,888.8179,625.00
3.403490,888.8691,685.00
3.403490,888.9204,675.00
3.403490,888.9716,662.00
3.403490,889.0228,649.00
3.403490,889.0740,680.00
3.403490,889.1252,670.00
3.403490,889.1764,649.00
3.403490,889.2275,629.00
3.403490,889.2787,674.00
3.403490,889.3299,640.00
3.403490,889.3810,671.00
3.403490,889.4322,658.00
3.403490,889.4835,678.00
3.403490,889.5346,655.00
3.403490,889.5857,696.00
3.403490,889.6368,611.00
3.403490,889.6879,677.00
3.403490,889.7391,591.00
3.403490,889.7903,689.00
3.403490,889.8414,604.00
3.403490,889.8925,691.00
3.403490,889.9435,656.00
3.403490,889.9948,627.00
3.403490,890.0458,606.00
3.403490,890.0969,684.00
3.403490,890.1479,623.00
3.403490,890.1990,680.00
3.403490,890.2501,631.00
3.403490,890.3012,663.00
3.403490,890.3523,654.00
3.403490,890.4034,607.00
3.403490,890.4545,638.00
3.403490,890.5054,613.00
3.403490,890.5566,587.00
3.403490,890.6076,657.00
3.403490,890.6586,619.00
3.403490,890.7097,677.00
3.403490,890.7607,626.00
3.403490,890.8117,641.00
3.403490,890.8627,636.00
3.403490,890.9138,597.00
3.403490,890.9647,566.00
3.403490,891.0157,623.00
3.403490,891.0668,582.00
3.403490,891.1178,632.00
3.403490,891.1688,590.00
3.403490,891.2197,663.00
3.403490,891.2707,583.00
3.403490,891.3217,621.00
3.403490,891.3727,600.00
3.403490,891.4236,607.00
3.403490,891.4745,573.00
3.403490,891.5256,639.00
3.403490,891.5765,574.00
3.403490,891.6275,676.00
3.403490,891.6783,611.00
3.403490,891.7293,632.00
3.403490,891.7802,613.00
3.403490,891.8312,617.00
3.403490,891.8821,572.00
3.403490,891.9330,649.00
3.403490,891.9839,590.00
3.403490,892.0348,628.00
3.403490,892.0857,600.00
3.403490,892.1366,632.00
3.403490,892.1875,596.00
3.403490,892.2383,621.00
3.403490,892.2892,622.00
3.403490,892.3401,658.00
3.403490,892.3911,608.00
3.403490,892.4418,696.00
3.403490,892.4927,628.00
3.403490,892.5436,671.00
3.403490,892.5944,623.00
3.403490,892.6452,636.00
3.403490,892.6961,622.00
3.403490,892.7469,646.00
3.403490,892.7977,615.00
3.403490,892.8485,637.00
3.403490,892.8993,630.00
3.403490,892.9502,673.00
3.403490,893.0010,635.00
3.403490,893.0518,659.00
3.403490,893.1025,588.00
3.403490,893.1534,655.00
3.403490,893.2042,614.00
3.403490,893.2549,657.00
3.403490,893.3057,619.00
3.403490,893.3564,682.00
3.403490,893.4072,677.00
3.403490,893.4580,637.00
3.403490,893.5087,630.00
3.403490,893.5595,629.00
3.403490,893.6102,593.00
3.403490,893.6609,680.00
3.403490,893.7117,580.00
3.403490,893.7625,679.00
3.403490,893.8132,618.00
3.403490,893.8639,686.00
3.403490,893.9146,640.00
3.403490,893.9653,600.00
3.403490,894.0160,635.00
3.403490,894.0667,657.00
3.403490,894.1174,613.00
3.403490,894.1681,642.00
3.403490,894.2188,586.00
3.403490,894.2695,659.00
3.403490,894.3201,634.00
3.403490,894.3708,606.00
3.403490,894.4214,611.00
3.403490,894.4720,631.00
3.403490,894.5228,611.00
3.403490,894.5734,705.00
3.403490,894.6240,627.00
3.403490,894.6746,691.00
3.403490,894.7252,671.00
3.403490,894.7759,645.00
3.403490,894.8265,630.00
3.403490,894.8771,661.00
3.403490,894.9277,609.00
3.403490,894.9783,657.00
3.403490,895.0290,588.00
3.403490,895.0795,709.00
3.403490,895.1301,622.00
3.403490,895.1807,646.00
3.403490,895.2313,662.00
3.403490,895.2819,642.00
3.403490,895.3325,624.00
3.403490,895.3830,641.00
3.403490,895.4336,587.00
3.403490,895.4841,671.00
3.403490,895.5347,615.00
3.403490,895.5852,634.00
3.403490,895.6357,630.00
3.403490,895.6863,673.00
3.403490,895.7368,639.00
3.403490,895.7874,631.00
3.403490,895.8379,593.00
3.403490,895.8884,673.00
3.403490,895.9388,590.00
3.403490,895.9893,641.00
3.403490,896.0399,635.00
3.403490,896.0904,624.00
3.403490,896.1408,654.00
3.403490,896.1913,639.00
3.403490,896.2418,620.00
3.403490,896.2922,649.00
3.403490,896.3427,636.00
3.403490,896.3932,691.00
3.403490,896.4437,637.00
3.403490,896.4941,692.00
3.403490,896.5445,662.00
3.403490,896.5950,668.00
3.403490,896.6454,637.00
3.403490,896.6958,650.00
3.403490,896.7462,622.00
3.403490,896.7967,673.00
3.403490,896.8471,634.00
3.403490,896.8975,642.00
3.403490,896.9479,651.00
3.403490,896.9983,665.00
3.403490,897.0486,622.00
3.403490,897.0991,667.00
3.403490,897.1495,569.00
3.403490,897.1998,693.00
3.403490,897.2502,604.00
3.403490,897.3005,687.00
3.403490,897.3510,631.00
3.403490,897.4013,652.00
3.403490,897.4517,632.00
3.403490,897.5020,652.00
3.403490,897.5523,639.00
3.403490,897.6026,663.00
3.403490,897.6530,614.00
3.403490,897.7033,666.00
3.403490,897.7537,638.00
3.403490,897.8040,675.00
3.403490,897.8542,633.00
3.403490,897.9046,635.00
3.403490,897.9549,659.00
3.403490,898.0051,675.00
3.403490,898.0554,597.00
3.403490,898.1057,672.00
3.403490,898.1560,635.00
3.403490,898.2063,703.00
3.403490,898.2565,619.00
3.403490,898.3068,640.00
3.403490,898.3571,660.00
3.403490,898.4073,641.00
3.403490,898.4576,593.00
3.403490,898.5078,675.00
3.403490,898.5580,588.00
3.403490,898.6083,684.00
3.403490,898.6584,656.00
3.403490,898.7087,656.00
3.403490,898.7590,629.00
3.403490,898.8091,630.00
3.403490,898.8593,638.00
3.403490,898.9095,638.00
3.403490,898.9598,588.00
3.403490,899.0099,682.00
3.403490,899.0601,603.00
3.403490,899.1103,621.00
3.403490,899.1605,609.00
3.403490,899.2107,624.00
3.403490,899.2608,619.00
3.403490,899.3109,625.00
3.403490,899.3611,592.00
3.403490,899.4113,680.00
3.403490,899.4614,628.00
3.403490,899.5115,645.00
3.403490,899.5616,622.00
3.403490,899.6118,652.00
3.403490,899.6619,626.00
3.403490,899.7121,606.00
3.403490,899.7622,580.00
3.403490,899.8123,663.00
3.403490,899.8624,614.00
3.403490,899.9124,665.00
3.403490,899.9626,661.00
3.403490,900.0126,644.00
3.403490,900.0627,633.00
3.403490,900.1127,651.00
3.403490,900.1628,578.00
3.403490,900.2130,646.00
3.403490,900.2631,556.00
3.403490,900.3130,652.00
3.403490,900.3631,617.00
3.403490,900.4131,639.00
3.403490,900.4632,595.00
3.403490,900.5132,620.00
3.403490,900.5633,602.00
3.403490,900.6132,618.00
3.403490,900.6632,605.00
3.403490,900.7133,619.00
3.403490,900.7633,572.00
3.403490,900.8133,639.00
3.403490,900.8633,615.00
3.403490,900.9133,662.00
3.403490,900.9633,591.00
3.403490,901.0133,654.00
3.403490,901.0632,601.00
3.403490,901.1132,613.00
3.403490,901.1631,595.00
3.403490,901.2131,641.00
3.403490,901.2631,637.00
3.403490,901.3130,660.00
3.403490,901.3630,596.00
3.403490,901.4129,621.00
3.403490,901.4628,616.00
3.403490,901.5128,612.00
3.403490,901.5627,568.00
3.403490,901.6126,646.00
3.403490,901.6625,622.00
3.403490,901.7124,638.00
3.403490,901.7623,610.00
3.403490,901.8123,630.00
3.403490,901.8621,653.00
3.403490,901.9120,653.00
3.403490,901.9619,583.00
3.403490,902.0117,649.00
3.403490,902.0616,595.00
3.403490,902.1115,638.00
3.403490,902.1613,616.00
3.403490,902.2112,609.00
3.403490,902.2610,610.00
3.403490,902.3109,635.00
3.403490,902.3608,615.00
3.403490,902.4106,648.00
3.403490,902.4604,602.00
3.403490,902.5103,655.00
3.403490,902.5601,627.00
3.403490,902.6099,651.00
3.403490,902.6597,618.00
3.403490,902.7095,665.00
3.403490,902.7592,621.00
3.403490,902.8090,633.00
3.403490,902.8589,551.00
3.403490,902.9086,683.00
3.403490,902.9584,624.00
3.403490,903.0082,656.00
3.403490,903.0580,618.00
3.403490,903.1077,635.00
3.403490,903.1575,605.00
3.403490,903.2072,626.00
3.403490,903.2570,610.00
3.403490,903.3067,617.00
3.403490,903.3564,619.00
3.403490,903.4062,672.00
3.403490,903.4559,625.00
3.403490,903.5056,633.00
3.403490,903.5553,618.00
3.403490,903.6050,631.00
3.403490,903.6547,608.00
3.403490,903.7045,674.00
3.403490,903.7541,566.00
3.403490,903.8038,649.00
3.403490,903.8535,605.00
3.403490,903.9032,628.00
3.403490,903.9528,645.00
3.403490,904.0025,625.00
3.403490,904.0522,610.00
3.403490,904.1019,632.00
3.403490,904.1515,574.00
3.403490,904.2012,656.00
3.403490,904.2507,578.00
3.403490,904.3004,635.00
3.403490,904.3500,594.00
3.403490,904.3997,603.00
3.403490,904.4493,574.00
3.403490,904.4989,633.00
3.403490,904.5485,607.00
3.403490,904.5980,649.00
3.403490,904.6477,585.00
3.403490,904.6973,637.00
3.403490,904.7469,582.00
3.403490,904.7964,619.00
3.403490,904.8460,598.00
3.403490,904.8956,610.00
3.403490,904.9452,588.00
3.403490,904.9947,637.00
3.403490,905.0443,567.00
3.403490,905.0938,651.00
3.403490,905.1434,633.00
3.403490,905.1929,618.00
3.403490,905.2424,640.00
3.403490,905.2919,629.00
3.403490,905.3414,593.00
3.403490,905.3910,638.00
3.403490,905.4406,581.00
3.403490,905.4901,666.00
3.403490,905.5396,566.00
3.403490,905.5890,660.00
3.403490,905.6385,615.00
3.403490,905.6880,644.00
3.403490,905.7375,623.00
3.403490,905.7870,665.00
3.403490,905.8364,608.00
3.403490,905.8859,613.00
3.403490,905.9354,612.00
3.403490,905.9848,667.00
3.403490,906.0342,664.00
3.403490,906.0837,684.00
3.403490,906.1331,610.00
3.403490,906.1826,656.00
3.403490,906.2321,611.00
3.403490,906.2814,694.00
3.403490,906.3309,604.00
3.403490,906.3802,651.00
3.403490,906.4297,620.00
3.403490,906.4791,649.00
3.403490,906.5285,643.00
3.403490,906.5779,600.00
3.403490,906.6273,619.00
3.403490,906.6766,646.00
3.403490,906.7260,634.00
3.403490,906.7754,689.00
3.403490,906.8248,592.00
3.403490,906.8741,649.00
3.403490,906.9235,627.00
3.403490,906.9729,613.00
3.403490,907.0222,626.00
3.403490,907.0715,632.00
3.403490,907.1208,590.00
3.403490,907.1702,667.00
3.403490,907.2195,610.00
3.403490,907.2688,643.00
3.403490,907.3181,612.00
3.403490,907.3674,643.00
3.403490,907.4167,607.00
3.403490,907.4660,619.00
3.403490,907.5153,585.00
3.403490,907.5646,618.00
3.403490,907.6139,599.00
3.403490,907.6631,667.00
3.403490,907.7125,617.00
3.403490,907.7617,630.00
3.403490,907.8110,577.00
3.403490,907.8602,645.00
3.403490,907.9094,581.00
3.403490,907.9587,620.00
3.403490,908.0080,569.00
3.403490,908.0572,702.00
3.403490,908.1064,628.00
3.403490,908.1556,620.00
3.403490,908.2048,636.00
3.403490,908.2541,626.00
3.403490,908.3033,641.00
3.403490,908.3524,622.00
3.403490,908.4017,568.00
3.403490,908.4508,646.00
3.403490,908.5000,591.00
3.403490,908.5493,648.00
3.403490,908.5984,613.00
3.403490,908.6475,638.00
3.403490,908.6967,603.00
3.403490,908.7459,617.00
3.403490,908.7950,592.00
3.403490,908.8442,650.00
3.403490,908.8932,605.00
3.403490,908.9424,643.00
3.403490,908.9916,612.00
3.403490,909.0407,662.00
3.403490,909.0898,683.00
3.403490,909.1389,656.00
3.403490,909.1880,611.00
3.403490,909.2372,630.00
3.403490,909.2863,593.00
3.403490,909.3354,657.00
3.403490,909.3845,594.00
3.403490,909.4335,653.00
3.403490,909.4825,629.00
3.403490,909.5317,616.00
3.403490,909.5807,590.00
3.403490,909.6298,631.00
3.403490,909.6789,564.00
3.403490,909.7280,642.00
3.403490,909.7770,584.00
3.403490,909.8260,635.00
3.403490,909.8751,601.00
3.403490,909.9241,630.00
3.403490,909.9731,631.00
3.403490,910.0222,680.00
3.403490,910.0711,617.00
3.403490,910.1201,656.00
3.403490,910.1691,603.00
3.403490,910.2181,647.00
3.403490,910.2672,634.00
3.403490,910.3162,630.00
3.403490,910.3651,642.00
3.403490,910.4141,653.00
3.403490,910.4631,651.00
3.403490,910.5120,623.00
3.403490,910.5610,575.00
3.403490,910.6099,649.00
3.403490,910.6589,628.00
3.403490,910.7078,641.00
3.403490,910.7568,635.00
3.403490,910.8057,643.00
3.403490,910.8546,636.00
3.403490,910.9036,664.00
3.403490,910.9525,608.00
3.403490,911.0013,677.00
3.403490,911.0503,623.00
3.403490,911.0992,654.00
3.403490,911.1481,632.00
3.403490,911.1970,640.00
3.403490,911.2459,632.00
3.403490,911.2948,645.00
3.403490,911.3436,617.00
3.403490,911.3925,638.00
3.403490,911.4414,618.00
3.403490,911.4902,680.00
3.403490,911.5391,650.00
3.403490,911.5880,630.00
3.403490,911.6368,629.00
3.403490,911.6857,641.00
3.403490,911.7344,616.00
3.403490,911.7833,681.00
3.403490,911.8321,605.00
3.403490,911.8809,656.00
3.403490,911.9297,606.00
3.403490,911.9785,696.00
3.403490,912.0273,680.00
3.403490,912.0762,630.00
3.403490,912.1249,676.00
3.403490,912.1737,653.00
3.403490,912.2225,606.00
3.403490,912.2712,680.00
3.403490,912.3201,673.00
3.403490,912.3688,678.00
3.403490,912.4176,634.00
3.403490,912.4663,665.00
3.403490,912.5150,608.00
3.403490,912.5638,650.00
3.403490,912.6125,627.00
3.403490,912.6613,691.00
3.403490,912.7100,614.00
3.403490,912.7587,672.00
3.403490,912.8074,629.00
3.403490,912.8561,683.00
3.403490,912.9048,687.00
3.403490,912.9535,663.00
3.403490,913.0023,652.00
3.403490,913.0510,646.00
3.403490,913.0996,615.00
3.403490,913.1483,683.00
3.403490,913.1969,631.00
3.403490,913.2456,658.00
3.403490,913.2943,691.00
3.403490,913.3430,667.00
3.403490,913.3916,639.00
3.403490,913.4402,623.00
3.403490,913.4888,629.00
3.403490,913.5375,715.00
3.403490,913.5862,641.00
3.403490,913.6348,703.00
3.403490,913.6834,669.00
3.403490,913.7320,688.00
3.403490,913.7806,663.00
3.403490,913.8292,692.00
3.403490,913.8778,653.00
3.403490,913.9264,682.00
3.403490,913.9750,608.00
3.403490,914.0236,689.00
3.403490,914.0721,640.00
3.403490,914.1207,662.00
3.403490,914.1693,639.00
3.403490,914.2178,688.00
3.403490,914.2664,638.00
3.403490,914.3149,686.00
3.403490,914.3635,643.00
3.403490,914.4120,683.00
3.403490,914.4606,658.00
3.403490,914.5090,715.00
3.403490,914.5576,677.00
3.403490,914.6061,703.00
3.403490,914.6546,649.00
3.403490,914.7031,693.00
3.403490,914.7516,625.00
3.403490,914.8001,726.00
3.403490,914.8486,671.00
3.403490,914.8971,718.00
3.403490,914.9456,658.00
3.403490,914.9941,694.00
3.403490,915.0425,675.00
3.403490,915.0910,663.00
3.403490,915.1395,629.00
3.403490,915.1879,709.00
3.403490,915.2363,649.00
3.403490,915.2849,735.00
3.403490,915.3333,675.00
3.403490,915.3817,706.00
3.403490,915.4301,688.00
3.403490,915.4785,694.00
3.403490,915.5269,635.00
3.403490,915.5754,663.00
3.403490,915.6237,653.00
3.403490,915.6721,702.00
3.403490,915.7205,645.00
3.403490,915.7689,711.00
3.403490,915.8173,669.00
3.403490,915.8657,684.00
3.403490,915.9141,625.00
3.403490,915.9623,704.00
3.403490,916.0107,651.00
3.403490,916.0591,706.00
3.403490,916.1075,642.00
3.403490,916.1558,694.00
3.403490,916.2042,652.00
3.403490,916.2524,673.00
3.403490,916.3008,633.00
3.403490,916.3491,685.00
3.403490,916.3974,629.00
3.403490,916.4457,688.00
3.403490,916.4940,624.00
3.403490,916.5423,690.00
3.403490,916.5907,666.00
3.403490,916.6390,672.00
3.403490,916.6872,656.00
3.403490,916.7355,646.00
3.403490,916.7838,617.00
3.403490,916.8320,681.00
3.403490,916.8803,620.00
3.403490,916.9286,706.00
3.403490,916.9768,645.00
3.403490,917.0250,686.00
3.403490,917.0733,676.00
3.403490,917.1216,652.00
3.403490,917.1698,641.00
3.403490,917.2180,642.00
3.403490,917.2662,629.00
3.403490,917.3145,656.00
3.403490,917.3626,660.00
3.403490,917.4109,698.00
3.403490,917.4590,635.00
3.403490,917.5072,698.00
3.403490,917.5554,654.00
3.403490,917.6036,676.00
3.403490,917.6518,613.00
3.403490,917.7000,711.00
3.403490,917.7481,613.00
3.403490,917.7963,675.00
3.403490,917.8444,642.00
3.403490,917.8926,694.00
3.403490,917.9407,681.00
3.403490,917.9888,680.00
3.403490,918.0369,607.00
3.403490,918.0851,649.00
3.403490,918.1332,629.00
3.403490,918.1813,702.00
3.403490,918.2294,660.00
3.403490,918.2776,689.00
3.403490,918.3257,670.00
3.403490,918.3737,670.00
3.403490,918.4218,645.00
3.403490,918.4699,676.00
3.403490,918.5180,648.00
3.403490,918.5660,697.00
3.403490,918.6142,615.00
3.403490,918.6622,660.00
3.403490,918.7103,656.00
3.403490,918.7583,670.00
3.403490,918.8064,686.00
3.403490,918.8544,653.00
3.403490,918.9025,646.00
3.403490,918.9505,708.00
3.403490,918.9985,633.00
3.403490,919.0464,689.00
3.403490,919.0945,674.00
3.403490,919.1426,727.00
3.403490,919.1905,678.00
3.403490,919.2385,666.00
3.403490,919.2866,654.00
3.403490,919.3345,675.00
3.403490,919.3825,615.00
3.403490,919.4304,669.00
3.403490,919.4785,663.00
3.403490,919.5264,705.00
3.403490,919.5744,665.00
3.403490,919.6224,703.00
3.403490,919.6703,648.00
3.403490,919.7182,655.00
3.403490,919.7661,634.00
3.403490,919.8141,706.00
3.403490,919.8620,653.00
3.403490,919.9100,706.00
3.403490,919.9578,635.00
3.403490,920.0057,705.00
3.403490,920.0536,683.00
3.403490,920.1016,672.00
3.403490,920.1495,641.00
3.403490,920.1973,661.00
3.403490,920.2452,596.00
3.403490,920.2932,667.00
3.403490,920.3410,638.00
3.403490,920.3888,694.00
3.403490,920.4367,658.00
3.403490,920.4846,652.00
3.403490,920.5323,627.00
3.403490,920.5803,625.00
3.403490,920.6281,591.00
3.403490,920.6759,695.00
3.403490,920.7237,654.00
3.403490,920.7715,657.00
3.403490,920.8195,642.00
3.403490,920.8672,645.00
3.403490,920.9150,645.00
3.403490,920.9628,683.00
3.403490,921.0106,646.00
3.403490,921.0584,695.00
3.403490,921.1062,602.00
3.403490,921.1540,700.00
3.403490,921.2017,615.00
3.403490,921.2495,665.00
3.403490,921.2973,655.00
3.403490,921.3450,641.00
3.403490,921.3928,600.00
3.403490,921.4405,649.00
3.403490,921.4882,582.00
3.403490,921.5359,637.00
3.403490,921.5837,654.00
3.403490,921.6315,688.00
3.403490,921.6791,632.00
3.403490,921.7269,675.00
3.403490,921.7746,608.00
3.403490,921.8223,617.00
3.403490,921.8700,582.00
3.403490,921.9177,672.00
3.403490,921.9653,607.00
3.403490,922.0130,678.00
3.403490,922.0607,648.00
3.403490,922.1084,617.00
3.403490,922.1561,630.00
3.403490,922.2037,673.00
3.403490,922.2513,615.00
3.403490,922.2990,680.00
3.403490,922.3467,588.00
3.403490,922.3943,665.00
3.403490,922.4419,590.00
3.403490,922.4895,665.00
3.403490,922.5371,624.00
3.403490,922.5848,666.00
3.403490,922.6324,636.00
3.403490,922.6800,637.00
3.403490,922.7276,582.00
3.403490,922.7752,666.00
3.403490,922.8228,639.00
3.403490,922.8704,690.00
3.403490,922.9179,642.00
3.403490,922.9655,675.00
3.403490,923.0130,629.00
3.403490,923.0607,711.00
3.403490,923.1082,611.00
3.403490,923.1558,701.00
3.403490,923.2032,607.00
3.403490,923.2508,666.00
3.403490,923.2983,657.00
3.403490,923.3459,645.00
3.403490,923.3934,642.00
3.403490,923.4409,673.00
3.403490,923.4884,609.00
3.403490,923.5359,654.00
3.403490,923.5834,610.00
3.403490,923.6309,663.00
3.403490,923.6784,626.00
3.403490,923.7259,666.00
3.403490,923.7734,623.00
3.403490,923.8209,601.00
3.403490,923.8683,609.00
3.403490,923.9158,663.00
3.403490,923.9632,639.00
3.403490,924.0106,687.00
3.403490,924.0581,604.00
3.403490,924.1056,670.00
3.403490,924.1530,659.00
3.403490,924.2004,659.00
3.403490,924.2479,611.00
3.403490,924.2952,622.00
3.403490,924.3427,587.00
3.403490,924.3901,673.00
3.403490,924.4375,635.00
3.403490,924.4849,695.00
3.403490,924.5323,643.00
3.403490,924.5797,659.00
3.403490,924.6270,652.00
3.403490,924.6744,665.00
3.403490,924.7218,603.00
3.403490,924.7692,691.00
3.403490,924.8165,603.00
3.403490,924.8639,672.00
3.403490,924.9112,632.00
3.403490,924.9585,671.00
3.403490,925.0059,669.00
3.403490,925.0532,629.00
3.403490,925.1005,632.00
3.403490,925.1478,666.00
3.403490,925.1952,651.00
3.403490,925.2424,700.00
3.403490,925.2897,638.00
3.403490,925.3370,682.00
3.403490,925.3843,635.00
3.403490,925.4316,677.00
3.403490,925.4789,622.00
3.403490,925.5262,671.00
3.403490,925.5734,617.00
3.403490,925.6207,667.00
3.403490,925.6680,628.00
3.403490,925.7153,689.00
3.403490,925.7625,651.00
3.403490,925.8097,644.00
3.403490,925.8569,653.00
3.403490,925.9042,648.00
3.403490,925.9514,604.00
3.403490,925.9987,667.00
3.403490,926.0458,602.00
3.403490,926.0930,686.00
3.403490,926.1403,616.00
3.403490,926.1874,676.00
3.403490,926.2346,665.00
3.403490,926.2819,687.00
3.403490,926.3290,599.00
3.403490,926.3762,642.00
3.403490,926.4233,596.00
3.403490,926.4705,696.00
3.403490,926.5177,667.00
3.403490,926.5648,679.00
3.403490,926.6120,691.00
3.403490,926.6591,698.00
3.403490,926.7063,660.00
3.403490,926.7534,651.00
3.403490,926.8005,603.00
3.403490,926.8477,679.00
3.403490,926.8947,639.00
3.403490,926.9418,708.00
3.403490,926.9890,707.00
3.403490,927.0361,685.00
3.403490,927.0831,629.00
3.403490,927.1302,697.00
3.403490,927.1773,628.00
3.403490,927.2244,725.00
3.403490,927.2715,648.00
3.403490,927.3185,708.00
3.403490,927.3656,652.00
3.403490,927.4126,688.00
3.403490,927.4597,708.00
3.403490,927.5067,680.00
3.403490,927.5538,646.00
3.403490,927.6008,716.00
3.403490,927.6478,656.00
3.403490,927.6949,706.00
3.403490,927.7419,680.00
3.403490,927.7888,675.00
3.403490,927.8358,686.00
3.403490,927.8829,712.00
3.403490,927.9299,651.00
3.403490,927.9769,732.00
3.403490,928.0239,635.00
3.403490,928.0708,689.00
3.403490,928.1177,650.00
3.403490,928.1648,721.00
3.403490,928.2117,666.00
3.403490,928.2587,687.00
3.403490,928.3056,658.00
3.403490,928.3525,687.00
3.403490,928.3995,646.00
3.403490,928.4465,707.00
3.403490,928.4934,655.00
3.403490,928.5402,691.00
3.403490,928.5872,661.00
3.403490,928.6340,719.00
3.403490,928.6810,675.00
3.403490,928.7279,671.00
3.403490,928.7748,659.00
3.403490,928.8217,692.00
3.403490,928.8685,643.00
3.403490,928.9155,703.00
3.403490,928.9623,611.00
3.403490,929.0092,701.00
3.403490,929.0560,656.00
3.403490,929.1028,669.00
3.403490,929.1498,657.00
3.403490,929.1965,689.00
3.403490,929.2434,656.00
3.403490,929.2902,710.00
3.403490,929.3370,640.00
3.403490,929.3839,694.00
3.403490,929.4307,666.00
3.403490,929.4775,666.00
3.403490,929.5243,659.00
3.403490,929.5710,666.00
3.403490,929.6179,645.00
3.403490,929.6647,695.00
3.403490,929.7115,611.00
3.403490,929.7582,677.00
3.403490,929.8050,635.00
3.403490,929.8517,708.00
3.403490,929.8986,635.00
3.403490,929.9453,655.00
3.403490,929.9921,672.00
3.403490,930.0388,689.00
3.403490,930.0854,620.00
3.403490,930.1323,701.00
3.403490,930.1790,639.00
3.403490,930.2256,702.00
3.403490,930.2724,670.00
3.403490,930.3191,676.00
3.403490,930.3658,642.00
3.403490,930.4125,689.00
3.403490,930.4592,623.00
3.403490,930.5059,697.00
3.403490,930.5526,630.00
3.403490,930.5993,671.00
3.403490,930.6459,680.00
3.403490,930.6926,671.00
3.403490,930.7392,646.00
3.403490,930.7859,683.00
3.403490,930.8325,627.00
3.403490,930.8792,692.00
3.403490,930.9258,641.00
3.403490,930.9725,695.00
3.403490,931.0190,655.00
3.403490,931.0657,665.00
3.403490,931.1123,680.00
3.403490,931.1589,674.00
3.403490,931.2055,645.00
3.403490,931.2521,661.00
3.403490,931.2987,620.00
3.403490,931.3453,660.00
3.403490,931.3919,647.00
3.403490,931.4385,676.00
3.403490,931.4850,664.00
3.403490,931.5316,672.00
3.403490,931.5782,620.00
3.403490,931.6248,631.00
3.403490,931.6713,626.00
3.403490,931.7178,698.00
3.403490,931.7643,602.00
3.403490,931.8109,688.00
3.403490,931.8574,667.00
3.403490,931.9039,697.00
3.403490,931.9504,661.00
3.403490,931.9969,683.00
3.403490,932.0435,628.00
3.403490,932.0900,691.00
3.403490,932.1365,636.00
3.403490,932.1829,690.00
3.403490,932.2294,655.00
3.403490,932.2759,674.00
3.403490,932.3223,645.00
3.403490,932.3688,650.00
3.403490,932.4153,669.00
3.403490,932.4617,699.00
3.403490,932.5082,639.00
3.403490,932.5546,688.00
3.403490,932.6011,651.00
3.403490,932.6475,712.00
3.403490,932.6939,713.00
3.403490,932.7402,693.00
3.403490,932.7867,638.00
3.403490,932.8331,673.00
3.403490,932.8795,598.00
3.403490,932.9259,704.00
3.403490,932.9723,630.00
3.403490,933.0187,695.00
3.403490,933.0651,678.00
3.403490,933.1115,673.00
3.403490,933.1578,684.00
3.403490,933.2042,681.00
3.403490,933.2505,639.00
3.403490,933.2969,697.00
3.403490,933.3433,672.00
3.403490,933.3896,694.00
3.403490,933.4359,656.00
3.403490,933.4822,721.00
3.403490,933.5286,646.00
3.403490,933.5749,662.00
3.403490,933.6212,671.00
3.403490,933.6675,688.00
3.403490,933.7138,638.00
3.403490,933.7601,709.00
3.403490,933.8064,669.00
3.403490,933.8527,679.00
3.403490,933.8989,680.00
3.403490,933.9452,681.00
3.403490,933.9915,688.00
3.403490,934.0378,674.00
3.403490,934.0840,633.00
3.403490,934.1302,744.00
3.403490,934.1765,640.00
3.403490,934.2227,708.00
3.403490,934.2690,697.00
3.403490,934.3152,714.00
3.403490,934.3614,682.00
3.403490,934.4077,706.00
3.403490,934.4539,658.00
3.403490,934.5001,694.00
3.403490,934.5463,647.00
3.403490,934.5925,729.00
3.403490,934.6387,681.00
3.403490,934.6848,697.00
3.403490,934.7310,683.00
3.403490,934.7772,705.00
3.403490,934.8234,650.00
3.403490,934.8695,674.00
3.403490,934.9156,642.00
3.403490,934.9619,699.00
3.403490,935.0080,684.00
3.403490,935.0541,689.00
3.403490,935.1002,691.00
3.403490,935.1464,675.00
3.403490,935.1925,661.00
3.403490,935.2386,722.00
3.403490,935.2847,682.00
3.403490,935.3308,709.00
3.403490,935.3769,665.00
3.403490,935.4230,712.00
3.403490,935.4691,671.00
3.403490,935.5152,703.00
3.403490,935.5613,694.00
3.403490,935.6073,712.00
3.403490,935.6534,656.00
3.403490,935.6995,701.00
3.403490,935.7455,649.00
3.403490,935.7916,695.00
3.403490,935.8376,680.00
3.403490,935.8837,718.00
3.403490,935.9297,676.00
3.403490,935.9757,682.00
3.403490,936.0217,641.00
3.403490,936.0677,700.00
3.403490,936.1137,607.00
3.403490,936.1598,696.00
3.403490,936.2057,639.00
3.403490,936.2518,698.00
3.403490,936.2977,650.00
3.403490,936.3437,675.00
3.403490,936.3896,628.00
3.403490,936.4357,673.00
3.403490,936.4816,601.00
3.403490,936.5275,717.00
3.403490,936.5735,633.00
3.403490,936.6194,684.00
3.403490,936.6654,664.00
3.403490,936.7114,664.00
3.403490,936.7573,626.00
3.403490,936.8032,636.00
3.403490,936.8491,570.00
3.403490,936.8950,648.00
3.403490,936.9409,604.00
3.403490,936.9868,701.00
3.403490,937.0327,628.00
3.403490,937.0786,675.00
3.403490,937.1245,634.00
3.403490,937.1704,654.00
3.403490,937.2162,624.00
3.403490,937.2621,674.00
3.403490,937.3080,605.00
3.403490,937.3539,639.00
3.403490,937.3997,617.00
3.403490,937.4455,672.00
3.403490,937.4913,629.00
3.403490,937.5372,666.00
3.403490,937.5831,631.00
3.403490,937.6289,626.00
3.403490,937.6747,610.00
3.403490,937.7205,698.00
3.403490,937.7663,601.00
3.403490,937.8121,667.00
3.403490,937.8579,613.00
3.403490,937.9037,629.00
3.403490,937.9495,635.00
3.403490,937.9952,664.00
3.403490,938.0410,599.00
3.403490,938.0868,656.00
3.403490,938.1325,600.00
3.403490,938.1783,701.00
3.403490,938.2240,616.00
3.403490,938.2698,663.00
3.403490,938.3155,596.00
3.403490,938.3613,628.00
3.403490,938.4069,592.00
3.403490,938.4527,646.00
3.403490,938.4984,621.00
3.403490,938.5441,700.00
3.403490,938.5898,616.00
3.403490,938.6356,668.00
3.403490,938.6812,663.00
3.403490,938.7269,670.00
3.403490,938.7726,620.00
3.403490,938.8182,638.00
3.403490,938.8640,636.00
3.403490,938.9096,683.00
3.403490,938.9552,611.00
3.403490,939.0010,686.00
3.403490,939.0466,661.00
3.403490,939.0922,688.00
3.403490,939.1378,683.00
3.403490,939.1835,705.00
3.403490,939.2291,603.00
3.403490,939.2747,688.00
3.403490,939.3203,642.00
3.403490,939.3659,695.00
3.403490,939.4115,680.00
3.403490,939.4570,685.00
3.403490,939.5027,674.00
3.403490,939.5483,699.00
3.403490,939.5939,617.00
3.403490,939.6395,690.00
3.403490,939.6851,628.00
3.403490,939.7306,717.00
3.403490,939.7761,671.00
3.403490,939.8217,694.00
3.403490,939.8672,669.00
3.403490,939.9127,656.00
3.403490,939.9583,674.00
3.403490,940.0038,705.00
3.403490,940.0493,665.00
3.403490,940.0948,708.00
3.403490,940.1403,638.00
3.403490,940.1859,755.00
3.403490,940.2314,660.00
3.403490,940.2769,692.00
3.403490,940.3223,660.00
3.403490,940.3678,727.00
3.403490,940.4133,647.00
3.403490,940.4588,700.00
3.403490,940.5042,654.00
3.403490,940.5497,740.00
3.403490,940.5952,639.00
3.403490,940.6406,727.00
3.403490,940.6860,680.00
3.403490,940.7315,703.00
3.403490,940.7769,690.00
3.403490,940.8223,709.00
3.403490,940.8677,659.00
3.403490,940.9132,688.00
3.403490,940.9586,655.00
3.403490,941.0040,719.00
3.403490,941.0494,690.00
3.403490,941.0948,705.00
3.403490,941.1402,692.00
3.403490,941.1855,685.00
3.403490,941.2310,639.00
3.403490,941.2762,705.00
3.403490,941.3216,636.00
3.403490,941.3670,724.00
3.403490,941.4124,660.00
3.403490,941.4577,707.00
3.403490,941.5031,658.00
3.403490,941.5483,684.00
3.403490,941.5937,672.00
3.403490,941.6390,730.00
3.403490,941.6843,635.00
3.403490,941.7296,703.00
3.403490,941.7749,674.00
3.403490,941.8203,706.00
3.403490,941.8655,687.00
3.403490,941.9108,681.00
3.403490,941.9561,653.00
3.403490,942.0013,703.00
3.403490,942.0467,653.00
3.403490,942.0920,717.00
3.403490,942.1372,688.00
3.403490,942.1824,728.00
3.403490,942.2277,681.00
3.403490,942.2729,690.00
3.403490,942.3182,662.00
3.403490,942.3634,688.00
3.403490,942.4086,670.00
3.403490,942.4539,696.00
3.403490,942.4990,653.00
3.403490,942.5443,695.00
3.403490,942.5895,680.00
3.403490,942.6347,731.00
3.403490,942.6798,644.00
3.403490,942.7250,676.00
3.403490,942.7702,647.00
3.403490,942.8154,730.00
3.403490,942.8606,635.00
3.403490,942.9058,704.00
3.403490,942.9508,640.00
3.403490,942.9960,727.00
3.403490,943.0412,667.00
3.403490,943.0864,683.00
3.403490,943.1314,644.00
3.403490,943.1766,706.00
3.403490,943.2217,663.00
3.403490,943.2668,737.00
3.403490,943.3120,657.00
3.403490,943.3571,730.00
3.403490,943.4021,691.00
3.403490,943.4473,729.00
3.403490,943.4923,662.00
3.403490,943.5374,674.00
3.403490,943.5825,679.00
3.403490,943.6276,701.00
3.403490,943.6725,608.00
3.403490,943.7177,699.00
3.403490,943.7627,671.00
3.403490,943.8078,661.00
3.403490,943.8528,660.00
3.403490,943.8978,692.00
3.403490,943.9429,657.00
3.403490,943.9879,727.00
3.403490,944.0330,660.00
3.403490,944.0779,708.00
3.403490,944.1229,668.00
3.403490,944.1679,710.00
3.403490,944.2130,675.00
3.403490,944.2579,742.00
3.403490,944.3029,668.00
3.403490,944.3478,678.00
3.403490,944.3929,629.00
3.403490,944.4379,715.00
3.403490,944.4828,651.00
3.403490,944.5277,734.00
3.403490,944.5727,645.00
3.403490,944.6176,696.00
3.403490,944.6626,669.00
3.403490,944.7076,703.00
3.403490,944.7524,637.00
3.403490,944.7974,694.00
3.403490,944.8423,688.00
3.403490,944.8872,744.00
3.403490,944.9321,683.00
3.403490,944.9770,712.00
3.403490,945.0219,679.00
3.403490,945.0667,686.00
3.403490,945.1116,652.00
3.403490,945.1566,669.00
3.403490,945.2014,644.00
3.403490,945.2463,709.00
3.403490,945.2911,633.00
3.403490,945.3360,750.00
3.403490,945.3808,700.00
3.403490,945.4257,700.00
3.403490,945.4705,654.00
3.403490,945.5153,704.00
3.403490,945.5601,589.00
3.403490,945.6050,744.00
3.403490,945.6498,664.00
3.403490,945.6946,701.00
3.403490,945.7394,670.00
3.403490,945.7842,708.00
3.403490,945.8290,640.00
3.403490,945.8738,690.00
3.403490,945.9186,654.00
3.403490,945.9633,711.00
3.403490,946.0081,652.00
3.403490,946.0529,710.00
3.403490,946.0976,687.00
3.403490,946.1423,661.00
3.403490,946.1871,641.00
3.403490,946.2318,694.00
3.403490,946.2766,615.00
3.403490,946.3213,689.00
3.403490,946.3660,638.00
3.403490,946.4107,706.00
3.403490,946.4554,655.00
3.403490,946.5001,699.00
3.403490,946.5449,670.00
3.403490,946.5895,661.00
3.403490,946.6342,643.00
3.403490,946.6789,687.00
3.403490,946.7236,653.00
3.403490,946.7682,695.00
3.403490,946.8129,646.00
3.403490,946.8575,755.00
3.403490,946.9022,637.00
3.403490,946.9468,708.00
3.403490,946.9915,661.00
3.403490,947.0361,715.00
3.403490,947.0807,639.00
3.403490,947.1253,678.00
3.403490,947.1700,616.00
3.403490,947.2146,710.00
3.403490,947.2592,665.00
3.403490,947.3038,699.00
3.403490,947.3483,671.00
3.403490,947.3929,698.00
3.403490,947.4376,641.00
3.403490,947.4821,682.00
3.403490,947.5267,659.00
3.403490,947.5712,733.00
3.403490,947.6158,687.00
3.403490,947.6604,674.00
3.403490,947.7050,667.00
3.403490,947.7495,663.00
3.403490,947.7939,654.00
3.403490,947.8385,693.00
3.403490,947.8831,629.00
3.403490,947.9276,697.00
3.403490,947.9720,649.00
3.403490,948.0166,665.00
3.403490,948.0611,636.00
3.403490,948.1056,668.00
3.403490,948.1501,632.00
3.403490,948.1945,670.00
3.403490,948.2390,624.00
3.403490,948.2835,656.00
3.403490,948.3279,626.00
3.403490,948.3724,700.00
3.403490,948.4169,649.00
3.403490,948.4613,694.00
3.403490,948.5057,626.00
3.403490,948.5502,647.00
3.403490,948.5947,642.00
3.403490,948.6391,702.00
3.403490,948.6835,645.00
3.403490,948.7279,707.00
3.403490,948.7723,671.00
3.403490,948.8167,653.00
3.403490,948.8611,621.00
3.403490,948.9055,656.00
3.403490,948.9498,619.00
3.403490,948.9943,683.00
3.403490,949.0387,646.00
3.403490,949.0830,702.00
3.403490,949.1273,666.00
3.403490,949.1718,677.00
3.403490,949.2161,623.00
3.403490,949.2604,687.00
3.403490,949.3047,615.00
3.403490,949.3491,663.00
3.403490,949.3934,642.00
3.403490,949.4377,687.00
3.403490,949.4821,621.00
3.403490,949.5264,697.00
3.403490,949.5707,647.00
3.403490,949.6150,687.00
3.403490,949.6592,637.00
3.403490,949.7036,650.00
3.403490,949.7479,626.00
3.403490,949.7921,683.00
3.403490,949.8363,617.00
3.403490,949.8806,692.00
3.403490,949.9249,641.00
3.403490,949.9692,697.00
3.403490,950.0134,625.00
3.403490,950.0576,666.00
3.403490,950.1019,642.00
3.403490,950.1461,716.00
3.403490,950.1903,618.00
3.403490,950.2346,710.00
3.403490,950.2787,657.00
3.403490,950.3229,731.00
3.403490,950.3671,626.00
3.403490,950.4114,675.00
3.403490,950.4555,653.00
3.403490,950.4997,704.00
3.403490,950.5439,655.00
3.403490,950.5880,717.00
3.403490,950.6322,627.00
3.403490,950.6763,662.00
3.403490,950.7205,662.00
3.403490,950.7646,665.00
3.403490,950.8088,660.00
3.403490,950.8530,685.00
3.403490,950.8971,653.00
3.403490,950.9412,671.00
3.403490,950.9853,598.00
3.403490,951.0294,684.00
3.403490,951.0735,640.00
3.403490,951.1177,734.00
3.403490,951.1617,683.00
3.403490,951.2057,671.00
3.403490,951.2499,662.00
3.403490,951.2939,690.00
3.403490,951.3380,631.00
3.403490,951.3821,717.00
3.403490,951.4261,645.00
3.403490,951.4702,697.00
3.403490,951.5142,675.00
3.403490,951.5582,703.00
3.403490,951.6024,652.00
3.403490,951.6464,690.00
3.403490,951.6904,672.00
3.403490,951.7344,693.00
3.403490,951.7784,617.00
3.403490,951.8224,696.00
3.403490,951.8665,635.00
3.403490,951.9104,692.00
3.403490,951.9544,652.00
3.403490,951.9984,678.00
3.403490,952.0424,640.00
3.403490,952.0864,703.00
3.403490,952.1303,628.00
3.403490,952.1743,696.00
3.403490,952.2183,647.00
3.403490,952.2621,706.00
3.403490,952.3061,663.00
3.403490,952.3500,672.00
3.403490,952.3940,656.00
3.403490,952.4379,693.00
3.403490,952.4818,629.00
3.403490,952.5258,705.00
3.403490,952.5696,666.00
3.403490,952.6136,722.00
3.403490,952.6574,668.00
3.403490,952.7014,686.00
3.403490,952.7452,636.00
3.403490,952.7891,643.00
3.403490,952.8330,645.00
3.403490,952.8768,698.00
3.403490,952.9207,635.00
3.403490,952.9645,702.00
3.403490,953.0084,631.00
3.403490,953.0522,688.00
3.403490,953.0961,693.00
3.403490,953.1400,671.00
3.403490,953.1838,631.00
3.403490,953.2275,677.00
3.403490,953.2714,636.00
3.403490,953.3152,732.00
3.403490,953.3589,661.00
3.403490,953.4028,709.00
3.403490,953.4466,646.00
3.403490,953.4904,686.00
3.403490,953.5341,648.00
3.403490,953.5779,664.00
3.403490,953.6217,622.00
3.403490,953.6654,663.00
3.403490,953.7092,601.00
3.403490,953.7529,692.00
3.403490,953.7967,632.00
3.403490,953.8405,661.00
3.403490,953.8842,623.00
3.403490,953.9279,624.00
3.403490,953.9716,634.00
3.403490,954.0153,644.00
3.403490,954.0590,620.00
3.403490,954.1027,655.00
3.403490,954.1464,652.00
3.403490,954.1901,699.00
3.403490,954.2338,640.00
3.403490,954.2774,660.00
3.403490,954.3212,647.00
3.403490,954.3648,694.00
3.403490,954.4084,633.00
3.403490,954.4521,692.00
3.403490,954.4958,646.00
3.403490,954.5394,661.00
3.403490,954.5831,647.00
3.403490,954.6267,656.00
3.403490,954.6703,658.00
3.403490,954.7139,645.00
3.403490,954.7576,632.00
3.403490,954.8012,683.00
3.403490,954.8448,608.00
3.403490,954.8884,699.00
3.403490,954.9319,640.00
3.403490,954.9755,672.00
3.403490,955.0191,627.00
3.403490,955.0627,630.00
3.403490,955.1063,595.00
3.403490,955.1498,624.00
3.403490,955.1934,612.00
3.403490,955.2369,647.00
3.403490,955.2805,603.00
3.403490,955.3240,649.00
3.403490,955.3675,662.00
3.403490,955.4111,672.00
3.403490,955.4546,603.00
3.403490,955.4981,679.00
3.403490,955.5416,612.00
3.403490,955.5851,653.00
3.403490,955.6285,604.00
3.403490,955.6722,665.00
3.403490,955.7156,643.00
3.403490,955.7590,654.00
3.403490,955.8025,646.00
3.403490,955.8460,644.00
3.403490,955.8895,608.00
3.403490,955.9329,671.00
3.403490,955.9764,611.00
3.403490,956.0198,681.00
3.403490,956.0632,676.00
3.403490,956.1067,716.00
3.403490,956.1501,637.00
3.403490,956.1935,667.00
3.403490,956.2369,628.00
3.403490,956.2803,646.00
3.403490,956.3238,598.00
3.403490,956.3671,676.00
3.403490,956.4105,629.00
3.403490,956.4539,662.00
3.403490,956.4973,659.00
3.403490,956.5406,641.00
3.403490,956.5841,648.00
3.403490,956.6274,654.00
3.403490,956.6707,597.00
3.403490,956.7141,665.00
3.403490,956.7575,628.00
3.403490,956.8008,672.00
3.403490,956.8442,633.00
3.403490,956.8875,682.00
3.403490,956.9308,648.00
3.403490,956.9741,674.00
3.403490,957.0174,644.00
3.403490,957.0607,668.00
3.403490,957.1040,591.00
3.403490,957.1473,692.00
3.403490,957.1906,611.00
3.403490,957.2339,692.00
3.403490,957.2772,678.00
3.403490,957.3204,691.00
3.403490,957.3636,628.00
3.403490,957.4069,683.00
3.403490,957.4502,620.00
3.403490,957.4934,687.00
3.403490,957.5366,649.00
3.403490,957.5799,670.00
3.403490,957.6230,643.00
3.403490,957.6664,662.00
3.403490,957.7095,645.00
3.403490,957.7527,674.00
3.403490,957.7959,619.00
3.403490,957.8392,653.00
3.403490,957.8823,643.00
3.403490,957.9255,708.00
3.403490,957.9687,645.00
3.403490,958.0118,671.00
3.403490,958.0551,674.00
3.403490,958.0983,707.00
3.403490,958.1414,616.00
3.403490,958.1845,672.00
3.403490,958.2277,637.00
3.403490,958.2708,719.00
3.403490,958.3139,635.00
3.403490,958.3571,674.00
3.403490,958.4001,628.00
3.403490,958.4432,680.00
3.403490,958.4864,645.00
3.403490,958.5295,685.00
3.403490,958.5726,659.00
3.403490,958.6157,684.00
3.403490,958.6588,664.00
3.403490,958.7018,690.00
3.403490,958.7449,626.00
3.403490,958.7879,711.00
3.403490,958.8311,654.00
3.403490,958.8741,688.00
3.403490,958.9171,623.00
3.403490,958.9601,715.00
3.403490,959.0032,629.00
3.403490,959.0463,713.00
3.403490,959.0893,696.00
3.403490,959.1323,673.00
3.403490,959.1752,677.00
3.403490,959.2183,692.00
3.403490,959.2613,652.00
3.403490,959.3043,664.00
3.403490,959.3472,632.00
3.403490,959.3903,692.00
3.403490,959.4332,644.00
3.403490,959.4763,666.00
3.403490,959.5192,628.00
3.403490,959.5621,654.00
3.403490,959.6051,634.00
3.403490,959.6480,654.00
3.403490,959.6910,601.00
3.403490,959.7339,704.00
3.403490,959.7768,611.00
3.403490,959.8198,649.00
3.403490,959.8627,631.00
3.403490,959.9056,642.00
3.403490,959.9485,606.00
3.403490,959.9915,633.00
3.403490,960.0343,564.00
3.403490,960.0771,651.00
3.403490,960.1201,615.00
3.403490,960.1630,663.00
3.403490,960.2058,626.00
3.403490,960.2487,666.00
3.403490,960.2915,615.00
3.403490,960.3344,615.00
3.403490,960.3773,563.00
3.403490,960.4200,657.00
3.403490,960.4629,583.00
3.403490,960.5057,689.00
3.403490,960.5485,615.00
3.403490,960.5914,629.00
3.403490,960.6342,632.00
3.403490,960.6770,609.00
3.403490,960.7198,618.00
3.403490,960.7626,639.00
3.403490,960.8054,584.00
3.403490,960.8481,658.00
3.403490,960.8909,620.00
3.403490,960.9337,673.00
3.403490,960.9764,625.00
3.403490,961.0192,694.00
3.403490,961.0620,605.00
3.403490,961.1047,600.00
3.403490,961.1475,602.00
3.403490,961.1902,654.00
3.403490,961.2329,607.00
3.403490,961.2757,666.00
3.403490,961.3184,654.00
3.403490,961.3611,585.00
3.403490,961.4037,615.00
3.403490,961.4465,641.00
3.403490,961.4892,605.00
3.403490,961.5319,645.00
3.403490,961.5745,558.00
3.403490,961.6172,673.00
3.403490,961.6599,616.00
3.403490,961.7026,660.00
3.403490,961.7452,634.00
3.403490,961.7878,619.00
3.403490,961.8304,620.00
3.403490,961.8731,662.00
3.403490,961.9157,600.00
3.403490,961.9584,649.00
3.403490,962.0010,627.00
3.403490,962.0436,662.00
3.403490,962.0862,631.00
3.403490,962.1288,652.00
3.403490,962.1714,600.00
3.403490,962.2140,627.00
3.403490,962.2565,575.00
3.403490,962.2991,641.00
3.403490,962.3417,602.00
3.403490,962.3843,668.00
3.403490,962.4268,639.00
3.403490,962.4694,645.00
3.403490,962.5119,668.00
3.403490,962.5545,679.00
3.403490,962.5970,602.00
3.403490,962.6396,649.00
3.403490,962.6821,608.00
3.403490,962.7246,708.00
3.403490,962.7671,663.00
3.403490,962.8096,683.00
3.403490,962.8522,628.00
3.403490,962.8947,610.00
3.403490,962.9371,610.00
3.403490,962.9796,657.00
3.403490,963.0222,593.00
3.403490,963.0646,684.00
3.403490,963.1070,625.00
3.403490,963.1495,655.00
3.403490,963.1919,636.00
3.403490,963.2344,646.00
3.403490,963.2768,610.00
3.403490,963.3193,668.00
3.403490,963.3616,605.00
3.403490,963.4041,684.00
3.403490,963.4465,607.00
3.403490,963.4889,667.00
3.403490,963.5314,648.00
3.403490,963.5737,642.00
3.403490,963.6161,628.00
3.403490,963.6585,633.00
3.403490,963.7009,585.00
3.403490,963.7433,652.00
3.403490,963.7856,615.00
3.403490,963.8280,690.00
3.403490,963.8704,614.00
3.403490,963.9127,678.00
3.403490,963.9551,600.00
3.403490,963.9974,629.00
3.403490,964.0397,627.00
3.403490,964.0820,677.00
3.403490,964.1244,603.00
3.403490,964.1667,692.00
3.403490,964.2090,622.00
3.403490,964.2513,667.00
3.403490,964.2936,600.00
3.403490,964.3359,665.00
3.403490,964.3782,608.00
3.403490,964.4205,661.00
3.403490,964.4627,595.00
3.403490,964.5050,646.00
3.403490,964.5472,596.00
3.403490,964.5895,670.00
3.403490,964.6317,632.00
3.403490,964.6740,643.00
3.403490,964.7162,653.00
3.403490,964.7585,656.00
3.403490,964.8007,609.00
3.403490,964.8429,650.00
3.403490,964.8851,589.00
3.403490,964.9273,676.00
3.403490,964.9695,594.00
3.403490,965.0118,658.00
3.403490,965.0539,641.00
3.403490,965.0961,648.00
3.403490,965.1382,668.00
3.403490,965.1805,663.00
3.403490,965.2226,591.00
3.403490,965.2648,660.00
3.403490,965.3069,596.00
3.403490,965.3491,646.00
3.403490,965.3912,621.00
3.403490,965.4333,649.00
3.403490,965.4755,618.00
3.403490,965.5176,626.00
3.403490,965.5598,585.00
3.403490,965.6019,656.00
3.403490,965.6439,588.00
3.403490,965.6861,631.00
3.403490,965.7281,605.00
3.403490,965.7702,616.00
3.403490,965.8123,590.00
3.403490,965.8543,662.00
3.403490,965.8964,599.00
3.403490,965.9385,632.00
3.403490,965.9806,570.00
3.403490,966.0226,665.00
3.403490,966.0647,593.00
3.403490,966.1068,601.00
3.403490,966.1487,640.00
3.403490,966.1907,631.00
3.403490,966.2328,608.00
3.403490,966.2748,614.00
3.403490,966.3168,598.00
3.403490,966.3588,654.00
3.403490,966.4008,599.00
3.403490,966.4427,648.00
3.403490,966.4848,615.00
3.403490,966.5268,621.00
3.403490,966.5688,617.00
3.403490,966.6107,617.00
3.403490,966.6526,558.00
3.403490,966.6946,667.00
3.403490,966.7366,578.00
3.403490,966.7785,632.00
3.403490,966.8204,616.00
3.403490,966.8624,593.00
3.403490,966.9042,599.00
3.403490,966.9462,605.00
3.403490,966.9881,594.00
3.403490,967.0300,660.00
3.403490,967.0719,554.00
3.403490,967.1138,661.00
3.403490,967.1556,602.00
3.403490,967.1976,677.00
3.403490,967.2394,614.00
3.403490,967.2813,641.00
3.403490,967.3232,610.00
3.403490,967.3651,645.00
3.403490,967.4070,570.00
3.403490,967.4488,645.00
3.403490,967.4906,590.00
3.403490,967.5324,673.00
3.403490,967.5743,676.00
3.403490,967.6161,653.00
3.403490,967.6579,624.00
3.403490,967.6997,657.00
3.403490,967.7415,608.00
3.403490,967.7833,664.00
3.403490,967.8251,592.00
3.403490,967.8669,674.00
3.403490,967.9087,636.00
3.403490,967.9504,612.00
3.403490,967.9922,628.00
3.403490,968.0339,644.00
3.403490,968.0757,621.00
3.403490,968.1174,668.00
3.403490,968.1592,612.00
3.403490,968.2009,652.00
3.403490,968.2427,600.00
3.403490,968.2844,660.00
3.403490,968.3262,660.00
3.403490,968.3679,632.00
3.403490,968.4095,612.00
3.403490,968.4512,640.00
3.403490,968.4930,598.00
3.403490,968.5347,696.00
3.403490,968.5763,638.00
3.403490,968.6180,662.00
3.403490,968.6597,618.00
3.403490,968.7014,667.00
3.403490,968.7430,614.00
3.403490,968.7846,653.00
3.403490,968.8263,571.00
3.403490,968.8679,655.00
3.403490,968.9095,609.00
3.403490,968.9512,691.00
3.403490,968.9928,654.00
3.403490,969.0344,651.00
3.403490,969.0761,655.00
3.403490,969.1177,642.00
3.403490,969.1592,615.00
3.403490,969.2009,643.00
3.403490,969.2424,615.00
3.403490,969.2839,659.00
3.403490,969.3255,611.00
3.403490,969.3672,651.00
3.403490,969.4087,633.00
3.403490,969.4503,659.00
3.403490,969.4918,589.00
3.403490,969.5333,619.00
3.403490,969.5749,573.00
3.403490,969.6165,654.00
3.403490,969.6580,611.00
3.403490,969.6995,640.00
3.403490,969.7410,647.00
3.403490,969.7825,630.00
3.403490,969.8240,599.00
3.403490,969.8655,627.00
3.403490,969.9070,622.00
3.403490,969.9484,669.00
3.403490,969.9899,587.00
3.403490,970.0314,639.00
3.403490,970.0728,615.00
3.403490,970.1143,647.00
3.403490,970.1558,646.00
3.403490,970.1971,651.00
3.403490,970.2386,623.00
3.403490,970.2801,635.00
3.403490,970.3215,569.00
3.403490,970.3629,659.00
3.403490,970.4044,597.00
3.403490,970.4457,661.00
3.403490,970.4872,617.00
3.403490,970.5286,620.00
3.403490,970.5699,619.00
3.403490,970.6113,606.00
3.403490,970.6527,558.00
3.403490,970.6941,622.00
3.403490,970.7354,588.00
3.403490,970.7768,623.00
3.403490,970.8182,607.00
3.403490,970.8595,645.00
3.403490,970.9009,627.00
3.403490,970.9422,602.00
3.403490,970.9835,585.00
3.403490,971.0248,635.00
3.403490,971.0662,574.00
3.403490,971.1075,631.00
3.403490,971.1487,599.00
3.403490,971.1901,626.00
3.403490,971.2314,597.00
3.403490,971.2727,571.00
3.403490,971.3140,573.00
3.403490,971.3552,607.00
3.403490,971.3965,569.00
3.403490,971.4377,634.00
3.403490,971.4789,585.00
3.403490,971.5203,644.00
3.403490,971.5615,609.00
3.403490,971.6027,634.00
3.403490,971.6439,601.00
3.403490,971.6852,602.00
3.403490,971.7264,558.00
3.403490,971.7676,662.00
3.403490,971.8088,591.00
3.403490,971.8500,586.00
3.403490,971.8912,587.00
3.403490,971.9324,651.00
3.403490,971.9736,627.00
3.403490,972.0148,593.00
3.403490,972.0560,623.00
3.403490,972.0972,643.00
3.403490,972.1384,561.00
3.403490,972.1794,627.00
3.403490,972.2206,584.00
3.403490,972.2617,577.00
3.403490,972.3029,601.00
3.403490,972.3439,592.00
3.403490,972.3851,577.00
3.403490,972.4262,586.00
3.403490,972.4673,524.00
3.403490,972.5085,644.00
3.403490,972.5496,578.00
3.403490,972.5907,612.00
3.403490,972.6317,567.00
3.403490,972.6729,588.00
3.403490,972.7139,534.00
3.403490,972.7549,623.00
3.403490,972.7961,542.00
3.403490,972.8371,623.00
3.403490,972.8781,598.00
3.403490,972.9191,649.00
3.403490,972.9602,579.00
3.403490,973.0013,619.00
3.403490,973.0423,571.00
3.403490,973.0833,595.00
3.403490,973.1243,524.00
3.403490,973.1653,615.00
3.403490,973.2064,597.00
3.403490,973.2473,647.00
3.403490,973.2883,583.00
3.403490,973.3293,624.00
3.403490,973.3703,599.00
3.403490,973.4113,610.00
3.403490,973.4522,591.00
3.403490,973.4931,599.00
3.403490,973.5341,568.00
3.403490,973.5750,625.00
3.403490,973.6160,609.00
3.403490,973.6570,639.00
3.403490,973.6978,609.00
3.403490,973.7388,614.00
3.403490,973.7797,574.00
3.403490,973.8206,624.00
3.403490,973.8615,579.00
3.403490,973.9024,630.00
3.403490,973.9433,581.00
3.403490,973.9842,639.00
3.403490,974.0250,584.00
3.403490,974.0660,623.00
3.403490,974.1068,617.00
3.403490,974.1476,596.00
3.403490,974.1885,567.00
3.403490,974.2294,610.00
3.403490,974.2702,579.00
3.403490,974.3110,662.00
3.403490,974.3519,608.00
3.403490,974.3927,655.00
3.403490,974.4335,617.00
3.403490,974.4743,633.00
3.403490,974.5151,581.00
3.403490,974.5559,664.00
3.403490,974.5967,587.00
3.403490,974.6375,656.00
3.403490,974.6783,578.00
3.403490,974.7191,666.00
3.403490,974.7598,634.00
3.403490,974.8006,651.00
3.403490,974.8413,606.00
3.403490,974.8821,611.00
3.403490,974.9229,637.00
3.403490,974.9636,665.00
3.403490,975.0043,601.00
3.403490,975.0450,667.00
3.403490,975.0858,623.00
3.403490,975.1265,648.00
3.403490,975.1672,628.00
3.403490,975.2079,638.00
3.403490,975.2485,605.00
3.403490,975.2892,659.00
3.403490,975.3300,600.00
3.403490,975.3706,734.00
3.403490,975.4113,673.00
3.403490,975.4519,658.00
3.403490,975.4926,649.00
3.403490,975.5333,670.00
3.403490,975.5739,597.00
3.403490,975.6146,646.00
3.403490,975.6552,597.00
3.403490,975.6958,674.00
3.403490,975.7363,607.00
3.403490,975.7770,662.00
3.403490,975.8176,641.00
3.403490,975.8582,672.00
3.403490,975.8989,653.00
3.403490,975.9395,669.00
3.403490,975.9800,625.00
3.403490,976.0206,678.00
3.403490,976.0611,616.00
3.403490,976.1017,718.00
3.403490,976.1423,606.00
3.403490,976.1829,640.00
3.403490,976.2234,621.00
3.403490,976.2639,656.00
3.403490,976.3044,609.00
3.403490,976.3450,653.00
3.403490,976.3855,580.00
3.403490,976.4260,676.00
3.403490,976.4665,664.00
3.403490,976.5070,664.00
3.403490,976.5475,620.00
3.403490,976.5880,660.00
3.403490,976.6285,590.00
3.403490,976.6690,656.00
3.403490,976.7095,572.00
3.403490,976.7500,684.00
3.403490,976.7905,600.00
3.403490,976.8308,671.00
3.403490,976.8713,670.00
3.403490,976.9117,632.00
3.403490,976.9521,590.00
3.403490,976.9926,632.00
3.403490,977.0330,615.00
3.403490,977.0734,643.00
3.403490,977.1139,616.00
3.403490,977.1542,621.00
3.403490,977.1947,606.00
3.403490,977.2350,655.00
3.403490,977.2755,607.00
3.403490,977.3158,630.00
3.403490,977.3562,574.00
3.403490,977.3965,655.00
3.403490,977.4370,611.00
3.403490,977.4773,651.00
3.403490,977.5176,601.00
3.403490,977.5579,615.00
3.403490,977.5983,579.00
3.403490,977.6387,629.00
3.403490,977.6790,559.00
3.403490,977.7192,604.00
3.403490,977.7595,585.00
3.403490,977.7999,635.00
3.403490,977.8402,586.00
3.403490,977.8805,589.00
3.403490,977.9208,556.00
3.403490,977.9610,622.00
3.403490,978.0013,583.00
3.403490,978.0417,577.00
3.403490,978.0819,526.00
3.403490,978.1221,592.00
3.403490,978.1624,569.00
3.403490,978.2026,595.00
3.403490,978.2428,546.00
3.403490,978.2831,587.00
3.403490,978.3233,602.00
3.403490,978.3635,582.00
3.403490,978.4037,533.00
3.403490,978.4440,611.00
3.403490,978.4842,551.00
3.403490,978.5244,619.00
3.403490,978.5645,539.00
3.403490,978.6047,564.00
3.403490,978.6449,539.00
3.403490,978.6851,619.00
3.403490,978.7253,537.00
3.403490,978.7654,587.00
3.403490,978.8055,556.00
3.403490,978.8458,607.00
3.403490,978.8859,529.00
3.403490,978.9260,594.00
3.403490,978.9661,539.00
3.403490,979.0062,580.00
3.403490,979.0463,547.00
3.403490,979.0864,570.00
3.403490,979.1266,521.00
3.403490,979.1666,609.00
3.403490,979.2067,558.00
3.403490,979.2469,587.00
3.403490,979.2869,581.00
3.403490,979.3270,578.00
3.403490,979.3671,594.00
3.403490,979.4071,577.00
3.403490,979.4471,559.00
3.403490,979.4871,588.00
3.403490,979.5272,527.00
3.403490,979.5673,611.00
3.403490,979.6072,570.00
3.403490,979.6473,583.00
3.403490,979.6873,580.00
3.403490,979.7273,573.00
3.403490,979.7673,553.00
3.403490,979.8073,605.00
3.403490,979.8473,523.00
3.403490,979.8873,626.00
3.403490,979.9273,542.00
3.403490,979.9673,642.00
3.403490,980.0072,582.00
3.403490,980.0471,589.00
3.403490,980.0872,583.00
3.403490,980.1271,573.00
3.403490,980.1671,567.00
3.403490,980.2069,615.00
3.403490,980.2469,538.00
3.403490,980.2868,627.00
3.403490,980.3267,562.00
3.403490,980.3666,605.00
3.403490,980.4065,581.00
3.403490,980.4464,599.00
3.403490,980.4863,553.00
3.403490,980.5262,623.00
3.403490,980.5660,536.00
3.403490,980.6060,624.00
3.403490,980.6458,561.00
3.403490,980.6857,618.00
3.403490,980.7255,569.00
3.403490,980.7654,588.00
3.403490,980.8052,560.00
3.403490,980.8450,610.00
3.403490,980.8849,527.00
3.403490,980.9247,584.00
3.403490,980.9645,550.00
3.403490,981.0043,612.00
3.403490,981.0441,585.00
3.403490,981.0839,615.00
3.403490,981.1237,576.00
3.403490,981.1635,599.00
3.403490,981.2033,518.00
3.403490,981.2430,624.00
3.403490,981.2828,521.00
3.403490,981.3226,614.00
3.403490,981.3624,567.00
3.403490,981.4021,589.00
3.403490,981.4418,564.00
3.403490,981.4816,606.00
3.403490,981.5213,549.00
3.403490,981.5610,613.00
3.403490,981.6008,546.00
3.403490,981.6404,610.00
3.403490,981.6802,549.00
3.403490,981.7198,608.00
3.403490,981.7596,580.00
3.403490,981.7993,595.00
3.403490,981.8389,539.00
3.403490,981.8786,560.00
3.403490,981.9182,538.00
3.403490,981.9579,602.00
3.403490,981.9976,575.00
3.403490,982.0372,601.00
3.403490,982.0768,546.00
3.403490,982.1165,551.00
3.403490,982.1561,553.00
3.403490,982.1958,599.00
3.403490,982.2354,516.00
3.403490,982.2750,583.00
3.403490,982.3146,549.00
3.403490,982.3541,590.00
3.403490,982.3937,551.00
3.403490,982.4333,582.00
3.403490,982.4730,587.00
3.403490,982.5125,600.00
3.403490,982.5521,563.00
3.403490,982.5917,585.00
3.403490,982.6312,537.00
3.403490,982.6707,593.00
3.403490,982.7103,552.00
3.403490,982.7498,599.00
3.403490,982.7893,550.00
3.403490,982.8289,566.00
3.403490,982.8683,532.00
3.403490,982.9079,556.00
3.403490,982.9474,535.00
3.403490,982.9869,603.00
3.403490,983.0264,499.00
3.403490,983.0659,590.00
3.403490,983.1053,544.00
3.403490,983.1448,561.00
3.403490,983.1843,577.00
3.403490,983.2238,609.00
3.403490,983.2632,547.00
3.403490,983.3027,592.00
3.403490,983.3420,538.00
3.403490,983.3816,596.00
3.403490,983.4210,546.00
3.403490,983.4604,581.00
3.403490,983.4998,566.00
3.403490,983.5392,569.00
3.403490,983.5786,518.00
3.403490,983.6180,569.00
3.403490,983.6574,536.00
3.403490,983.6968,601.00
3.403490,983.7361,576.00
3.403490,983.7755,601.00
3.403490,983.8149,502.00
3.403490,983.8543,580.00
3.403490,983.8936,540.00
3.403490,983.9329,562.00
3.403490,983.9723,504.00
3.403490,984.0116,569.00
3.403490,984.0510,536.00
3.403490,984.0903,594.00
3.403490,984.1296,533.00
3.403490,984.1689,574.00
3.403490,984.2083,572.00
3.403490,984.2476,564.00
3.403490,984.2868,541.00
3.403490,984.3261,596.00
3.403490,984.3654,509.00
3.403490,984.4046,588.00
3.403490,984.4440,540.00
3.403490,984.4832,580.00
3.403490,984.5225,522.00
3.403490,984.5616,568.00
3.403490,984.6010,522.00
3.403490,984.6402,546.00
3.403490,984.6794,512.00
3.403490,984.7186,595.00
3.403490,984.7578,566.00
3.403490,984.7970,591.00
3.403490,984.8362,547.00
3.403490,984.8755,546.00
3.403490,984.9146,589.00
3.403490,984.9538,585.00
3.403490,984.9930,511.00
3.403490,985.0322,601.00
3.403490,985.0714,549.00
3.403490,985.1105,574.00
3.403490,985.1497,528.00
3.403490,985.1888,547.00
3.403490,985.2279,554.00
3.403490,985.2671,562.00
3.403490,985.3062,535.00
3.403490,985.3453,558.00
3.403490,985.3845,521.00
3.403490,985.4236,587.00
3.403490,985.4626,561.00
3.403490,985.5017,607.00
3.403490,985.5408,595.00
3.403490,985.5799,582.00
3.403490,985.6190,531.00
3.403490,985.6581,596.00
3.403490,985.6971,519.00
3.403490,985.7362,603.00
3.403490,985.7752,545.00
3.403490,985.8143,589.00
3.403490,985.8533,562.00
3.403490,985.8924,547.00
3.403490,985.9314,531.00
3.403490,985.9704,590.00
3.403490,986.0094,534.00
3.403490,986.0484,609.00
3.403490,986.0875,519.00
3.403490,986.1265,593.00
3.403490,986.1655,531.00
3.403490,986.2044,543.00
3.403490,986.2434,524.00
3.403490,986.2823,555.00
3.403490,986.3214,500.00
3.403490,986.3603,545.00
3.403490,986.3992,483.00
3.403490,986.4382,588.00
3.403490,986.4771,523.00
3.403490,986.5161,588.00
3.403490,986.5550,558.00
3.403490,986.5939,571.00
3.403490,986.6329,518.00
3.403490,986.6718,565.00
3.403490,986.7106,522.00
3.403490,986.7495,569.00
3.403490,986.7884,549.00
3.403490,986.8273,571.00
3.403490,986.8661,526.00
3.403490,986.9050,565.00
3.403490,986.9438,538.00
3.403490,986.9828,548.00
3.403490,987.0216,517.00
3.403490,987.0605,575.00
3.403490,987.0993,498.00
3.403490,987.1381,583.00
3.403490,987.1769,520.00
3.403490,987.2158,538.00
3.403490,987.2546,559.00
3.403490,987.2934,579.00
3.403490,987.3322,477.00
3.403490,987.3710,568.00
3.403490,987.4097,497.00
3.403490,987.4486,551.00
3.403490,987.4873,505.00
3.403490,987.5261,544.00
3.403490,987.5649,542.00
3.403490,987.6036,536.00
3.403490,987.6423,527.00
3.403490,987.6812,550.00
3.403490,987.7198,484.00
3.403490,987.7586,579.00
3.403490,987.7972,538.00
3.403490,987.8361,553.00
3.403490,987.8748,531.00
3.403490,987.9135,562.00
3.403490,987.9521,505.00
3.403490,987.9908,561.00
3.403490,988.0295,500.00
3.403490,988.0681,571.00
3.403490,988.1069,511.00
3.403490,988.1456,568.00
3.403490,988.1842,528.00
3.403490,988.2228,568.00
3.403490,988.2615,537.00
3.403490,988.3002,553.00
3.403490,988.3388,458.00
3.403490,988.3774,554.00
3.403490,988.4160,502.00
3.403490,988.4546,574.00
3.403490,988.4933,516.00
3.403490,988.5319,535.00
3.403490,988.5704,535.00
3.403490,988.6090,499.00
3.403490,988.6476,463.00
3.403490,988.6862,538.00
3.403490,988.7248,483.00
3.403490,988.7634,575.00
3.403490,988.8019,507.00
3.403490,988.8405,537.00
3.403490,988.8790,521.00
3.403490,988.9176,537.00
3.403490,988.9561,497.00
3.403490,988.9946,511.00
3.403490,989.0332,504.00
3.403490,989.0717,548.00
3.403490,989.1102,490.00
3.403490,989.1487,558.00
3.403490,989.1871,509.00
3.403490,989.2256,560.00
3.403490,989.2641,532.00
3.403490,989.3027,543.00
3.403490,989.3411,517.00
3.403490,989.3795,546.00
3.403490,989.4180,482.00
3.403490,989.4565,576.00
3.403490,989.4949,479.00
3.403490,989.5334,510.00
3.403490,989.5718,511.00
3.403490,989.6102,523.00
3.403490,989.6486,506.00
3.403490,989.6871,529.00
3.403490,989.7255,501.00
3.403490,989.7639,529.00
3.403490,989.8022,499.00
3.403490,989.8407,537.00
3.403490,989.8791,502.00
3.403490,989.9174,558.00
3.403490,989.9558,526.00
3.403490,989.9941,565.00
3.403490,990.0325,502.00
3.403490,990.0709,577.00
3.403490,990.1093,517.00
3.403490,990.1475,557.00
3.403490,990.1859,522.00
3.403490,990.2242,553.00
3.403490,990.2626,494.00
3.403490,990.3008,538.00
3.403490,990.3391,478.00
3.403490,990.3774,555.00
3.403490,990.4157,516.00
3.403490,990.4540,551.00
3.403490,990.4924,483.00
3.403490,990.5306,553.00
3.403490,990.5688,485.00
3.403490,990.6071,516.00
3.403490,990.6454,505.00
3.403490,990.6837,551.00
3.403490,990.7219,468.00
3.403490,990.7601,550.00
3.403490,990.7983,508.00
3.403490,990.8365,576.00
3.403490,990.8748,571.00
3.403490,990.9130,536.00
3.403490,990.9512,519.00
3.403490,990.9893,552.00
3.403490,991.0276,508.00
3.403490,991.0658,531.00
3.403490,991.1039,520.00
3.403490,991.1421,567.00
3.403490,991.1802,540.00
3.403490,991.2184,566.00
3.403490,991.2565,533.00
3.403490,991.2947,554.00
3.403490,991.3329,475.00
3.403490,991.3710,558.00
3.403490,991.4091,529.00
3.403490,991.4473,584.00
3.403490,991.4854,547.00
3.403490,991.5234,585.00
3.403490,991.5616,531.00
3.403490,991.5997,548.00
3.403490,991.6378,528.00
3.403490,991.6758,575.00
3.403490,991.7139,506.00
3.403490,991.7520,555.00
3.403490,991.7900,508.00
3.403490,991.8282,568.00
3.403490,991.8661,539.00
3.403490,991.9042,571.00
3.403490,991.9422,531.00
3.403490,991.9803,544.00
3.403490,992.0182,508.00
3.403490,992.0563,573.00
3.403490,992.0944,477.00
3.403490,992.1323,537.00
3.403490,992.1703,510.00
3.403490,992.2084,560.00
3.403490,992.2463,540.00
3.403490,992.2844,552.00
3.403490,992.3223,518.00
3.403490,992.3602,583.00
3.403490,992.3982,500.00
3.403490,992.4362,600.00
3.403490,992.4741,534.00
3.403490,992.5120,567.00
3.403490,992.5500,521.00
3.403490,992.5879,532.00
3.403490,992.6259,536.00
3.403490,992.6638,581.00
3.403490,992.7017,531.00
3.403490,992.7396,564.00
3.403490,992.7775,548.00
3.403490,992.8154,596.00
3.403490,992.8533,548.00
3.403490,992.8912,557.00
3.403490,992.9290,538.00
3.403490,992.9669,546.00
3.403490,993.0048,536.00
3.403490,993.0426,594.00
3.403490,993.0804,550.00
3.403490,993.1183,593.00
3.403490,993.1561,545.00
3.403490,993.1940,556.00
3.403490,993.2318,559.00
3.403490,993.2696,573.00
3.403490,993.3074,506.00
3.403490,993.3452,568.00
3.403490,993.3830,514.00
3.403490,993.4208,581.00
3.403490,993.4586,504.00
3.403490,993.4963,563.00
3.403490,993.5341,528.00
3.403490,993.5719,495.00
3.403490,993.6096,490.00
3.403490,993.6474,560.00
3.403490,993.6851,499.00
3.403490,993.7228,534.00
3.403490,993.7606,597.00
3.403490,993.7984,565.00
3.403490,993.8361,518.00
3.403490,993.8738,575.00
3.403490,993.9115,515.00
3.403490,993.9492,538.00
3.403490,993.9869,488.00
3.403490,994.0245,577.00
3.403490,994.0622,477.00
3.403490,994.0999,563.00
3.403490,994.1376,517.00
3.403490,994.1753,532.00
3.403490,994.2130,548.00
3.403490,994.2505,552.00
3.403490,994.2881,515.00
3.403490,994.3258,590.00
3.403490,994.3634,518.00
3.403490,994.4010,592.00
3.403490,994.4387,506.00
3.403490,994.4763,571.00
3.403490,994.5139,547.00
3.403490,994.5515,531.00
3.403490,994.5891,510.00
3.403490,994.6266,549.00
3.403490,994.6642,475.00
3.403490,994.7018,541.00
3.403490,994.7393,537.00
3.403490,994.7769,571.00
3.403490,994.8145,528.00
3.403490,994.8521,545.00
3.403490,994.8895,520.00
3.403490,994.9271,532.00
3.403490,994.9647,499.00
3.403490,995.0022,558.00
3.403490,995.0397,500.00
3.403490,995.0771,526.00
3.403490,995.1146,512.00
3.403490,995.1522,541.00
3.403490,995.1896,497.00
3.403490,995.2271,552.00
3.403490,995.2646,467.00
3.403490,995.3021,534.00
3.403490,995.3396,532.00
3.403490,995.3770,558.00
3.403490,995.4145,466.00
3.403490,995.4518,577.00
3.403490,995.4893,507.00
3.403490,995.5267,512.00
3.403490,995.5641,523.00
3.403490,995.6016,535.00
3.403490,995.6390,506.00
3.403490,995.6765,527.00
3.403490,995.7138,512.00
3.403490,995.7512,507.00
3.403490,995.7886,513.00
3.403490,995.8260,529.00
3.403490,995.8633,479.00
3.403490,995.9007,518.00
3.403490,995.9380,473.00
3.403490,995.9754,522.00
3.403490,996.0128,492.00
3.403490,996.0501,547.00
3.403490,996.0874,513.00
3.403490,996.1248,556.00
3.403490,996.1621,543.00
3.403490,996.1994,586.00
3.403490,996.2367,487.00
3.403490,996.2740,506.00
3.403490,996.3113,490.00
3.403490,996.3486,557.00
3.403490,996.3859,517.00
3.403490,996.4232,571.00
3.403490,996.4604,581.00
3.403490,996.4977,531.00
3.403490,996.5350,500.00
3.403490,996.5722,530.00
3.403490,996.6094,509.00
3.403490,996.6466,562.00
3.403490,996.6838,527.00
3.403490,996.7211,540.00
3.403490,996.7583,547.00
3.403490,996.7955,562.00
3.403490,996.8327,525.00
3.403490,996.8700,569.00
3.403490,996.9072,500.00
3.403490,996.9443,543.00
3.403490,996.9815,487.00
3.403490,997.0187,560.00
3.403490,997.0558,528.00
3.403490,997.0930,546.00
3.403490,997.1301,567.00
3.403490,997.1672,565.00
3.403490,997.2045,512.00
3.403490,997.2416,558.00
3.403490,997.2787,507.00
3.403490,997.3158,593.00
3.403490,997.3530,512.00
3.403490,997.3900,524.00
3.403490,997.4271,541.00
3.403490,997.4642,545.00
3.403490,997.5013,502.00
3.403490,997.5384,550.00
3.403490,997.5754,506.00
3.403490,997.6126,590.00
3.403490,997.6497,522.00
3.403490,997.6867,549.00
3.403490,997.7238,509.00
3.403490,997.7607,561.00
3.403490,997.7978,497.00
3.403490,997.8348,579.00
3.403490,997.8718,536.00
3.403490,997.9088,574.00
3.403490,997.9458,508.00
3.403490,997.9829,578.00
3.403490,998.0200,565.00
3.403490,998.0569,554.00
3.403490,998.0939,541.00
3.403490,998.1309,534.00
3.403490,998.1678,509.00
3.403490,998.2048,572.00
3.403490,998.2417,527.00
3.403490,998.2786,602.00
3.403490,998.3156,473.00
3.403490,998.3525,576.00
3.403490,998.3896,512.00
3.403490,998.4265,539.00
3.403490,998.4633,487.00
3.403490,998.5003,576.00
3.403490,998.5372,496.00
3.403490,998.5740,576.00
3.403490,998.6110,511.00
3.403490,998.6478,577.00
3.403490,998.6847,522.00
3.403490,998.7217,552.00
3.403490,998.7585,532.00
3.403490,998.7953,517.00
3.403490,998.8322,480.00
3.403490,998.8691,581.00
3.403490,998.9059,520.00
3.403490,998.9427,580.00
3.403490,998.9795,532.00
3.403490,999.0163,558.00
3.403490,999.0531,538.00
3.403490,999.0899,536.00
3.403490,999.1267,486.00
3.403490,999.1636,596.00
3.403490,999.2004,513.00
3.403490,999.2372,573.00
3.403490,999.2739,536.00
3.403490,999.3107,591.00
3.403490,999.3474,536.00
3.403490,999.3842,548.00
3.403490,999.4210,516.00
3.403490,999.4576,542.00
3.403490,999.4946,505.00
3.403490,999.5312,560.00
3.403490,999.5680,494.00
3.403490,999.6047,536.00
3.403490,999.6414,511.00
3.403490,999.6780,538.00
3.403490,999.7147,522.00
3.403490,999.7515,523.00
3.403490,999.7881,458.00
3.403490,999.8248,537.00
3.403490,999.8614,501.00
3.403490,999.8981,555.00
3.403490,999.9349,543.00
3.403490,999.9715,541.00
3.403490,1000.0081,526.00
3.403490,1000.0447,504.00
3.403490,1000.0814,511.00
3.403490,1000.1180,521.00
3.403490,1000.1546,470.00
3.403490,1000.1912,535.00
3.403490,1000.2278,512.00
3.403490,1000.2645,537.00
3.403490,1000.3011,534.00
3.403490,1000.3377,519.00
3.403490,1000.3742,507.00
3.403490,1000.4108,518.00
3.403490,1000.4474,460.00
3.403490,1000.4839,535.00
3.403490,1000.5204,493.00
3.403490,1000.5570,539.00
3.403490,1000.5935,507.00
3.403490,1000.6301,516.00
3.403490,1000.6667,485.00
3.403490,1000.7032,510.00
3.403490,1000.7397,489.00
3.403490,1000.7762,531.00
3.403490,1000.8127,466.00
3.403490,1000.8492,556.00
3.403490,1000.8857,517.00
3.403490,1000.9222,512.00
3.403490,1000.9586,497.00
3.403490,1000.9951,515.00
3.403490,1001.0316,478.00
3.403490,1001.0681,544.00
3.403490,1001.1046,466.00
3.403490,1001.1410,540.00
3.403490,1001.1774,489.00
3.403490,1001.2138,539.00
3.403490,1001.2502,516.00
3.403490,1001.2866,511.00
3.403490,1001.3230,480.00
3.403490,1001.3594,516.00
3.403490,1001.3958,483.00
3.403490,1001.4323,554.00
3.403490,1001.4687,473.00
3.403490,1001.5051,518.00
3.403490,1001.5414,502.00
3.403490,1001.5778,509.00
3.403490,1001.6141,503.00
3.403490,1001.6505,498.00
3.403490,1001.6868,473.00
3.403490,1001.7231,533.00
3.403490,1001.7596,450.00
3.403490,1001.7958,505.00
3.403490,1001.8322,485.00
3.403490,1001.8685,526.00
3.403490,1001.9048,474.00
3.403490,1001.9411,485.00
3.403490,1001.9774,482.00
3.403490,1002.0136,494.00
3.403490,1002.0499,491.00
3.403490,1002.0862,537.00
3.403490,1002.1224,448.00
3.403490,1002.1587,523.00
3.403490,1002.1951,503.00
3.403490,1002.2313,497.00
3.403490,1002.2675,502.00
3.403490,1002.3038,514.00
3.403490,1002.3400,483.00
3.403490,1002.3762,515.00
3.403490,1002.4124,494.00
3.403490,1002.4486,511.00
3.403490,1002.4848,475.00
3.403490,1002.5211,541.00
3.403490,1002.5573,475.00
3.403490,1002.5934,527.00
3.403490,1002.6296,483.00
3.403490,1002.6657,531.00
3.403490,1002.7019,472.00
3.403490,1002.7380,523.00
3.403490,1002.7742,511.00
3.403490,1002.8104,507.00
3.403490,1002.8464,489.00
3.403490,1002.8826,532.00
3.403490,1002.9187,481.00
3.403490,1002.9549,527.00
3.403490,1002.9910,473.00
3.403490,1003.0271,554.00
3.403490,1003.0632,458.00
3.403490,1003.0992,554.00
3.403490,1003.1354,493.00
3.403490,1003.1714,514.00
3.403490,1003.2075,511.00
3.403490,1003.2435,507.00
3.403490,1003.2797,479.00
3.403490,1003.3157,556.00
3.403490,1003.3518,507.00
3.403490,1003.3878,551.00
3.403490,1003.4238,509.00
3.403490,1003.4598,551.00
3.403490,1003.4958,520.00
3.403490,1003.5319,511.00
3.403490,1003.5678,483.00
3.403490,1003.6039,568.00
3.403490,1003.6398,461.00
3.403490,1003.6759,564.00
3.403490,1003.7119,501.00
3.403490,1003.7479,549.00
3.403490,1003.7838,506.00
3.403490,1003.8198,504.00
3.403490,1003.8557,498.00
3.403490,1003.8917,512.00
3.403490,1003.9276,468.00
3.403490,1003.9635,515.00
3.403490,1003.9995,466.00
3.403490,1004.0354,533.00
3.403490,1004.0714,502.00
3.403490,1004.1072,468.00
3.403490,1004.1431,475.00
3.403490,1004.1790,503.00
3.403490,1004.2149,454.00
3.403490,1004.2508,511.00
3.403490,1004.2866,464.00
3.403490,1004.3225,537.00
3.403490,1004.3583,499.00
3.403490,1004.3942,507.00
3.403490,1004.4302,477.00
3.403490,1004.4660,456.00
3.403490,1004.5018,454.00
3.403490,1004.5376,511.00
3.403490,1004.5734,445.00
3.403490,1004.6093,502.00
3.403490,1004.6450,484.00
3.403490,1004.6808,497.00
3.403490,1004.7166,519.00
3.403490,1004.7525,538.00
3.403490,1004.7883,461.00
3.403490,1004.8240,510.00
3.403490,1004.8598,458.00
3.403490,1004.8956,541.00
3.403490,1004.9313,461.00
3.403490,1004.9670,542.00
3.403490,1005.0027,497.00
3.403490,1005.0385,503.00
3.403490,1005.0742,504.00
3.403490,1005.1099,528.00
3.403490,1005.1456,459.00
3.403490,1005.1815,524.00
3.403490,1005.2172,451.00
3.403490,1005.2529,500.00
3.403490,1005.2885,502.00
3.403490,1005.3242,505.00
3.403490,1005.3599,514.00
3.403490,1005.3955,531.00
3.403490,1005.4312,492.00
3.403490,1005.4669,547.00
3.403490,1005.5026,470.00
3.403490,1005.5382,565.00
3.403490,1005.5739,515.00
3.403490,1005.6095,506.00
3.403490,1005.6451,535.00
3.403490,1005.6807,499.00
3.403490,1005.7162,508.00
3.403490,1005.7519,523.00
3.403490,1005.7875,495.00
3.403490,1005.8231,569.00
3.403490,1005.8586,497.00
3.403490,1005.8942,526.00
3.403490,1005.9299,483.00
3.403490,1005.9655,531.00
3.403490,1006.0010,484.00
3.403490,1006.0365,528.00
3.403490,1006.0720,481.00
3.403490,1006.1076,561.00
3.403490,1006.1431,493.00
3.403490,1006.1786,546.00
3.403490,1006.2141,526.00
3.403490,1006.2498,542.00
3.403490,1006.2853,534.00
3.403490,1006.3207,502.00
3.403490,1006.3563,507.00
3.403490,1006.3917,555.00
3.403490,1006.4272,501.00
3.403490,1006.4626,567.00
3.403490,1006.4981,517.00
3.403490,1006.5335,539.00
3.403490,1006.5690,555.00
3.403490,1006.6044,542.00
3.403490,1006.6400,517.00
3.403490,1006.6754,566.00
3.403490,1006.7108,501.00
3.403490,1006.7462,565.00
3.403490,1006.7816,485.00
3.403490,1006.8170,552.00
3.403490,1006.8524,529.00
3.403490,1006.8878,534.00
3.403490,1006.9232,482.00
3.403490,1006.9586,556.00
3.403490,1006.9940,500.00
3.403490,1007.0294,548.00
3.403490,1007.0648,483.00
3.403490,1007.1001,575.00
3.403490,1007.1354,538.00
3.403490,1007.1707,562.00
3.403490,1007.2061,516.00
3.403490,1007.2414,543.00
3.403490,1007.2767,525.00
3.403490,1007.3120,593.00
3.403490,1007.3473,483.00
3.403490,1007.3827,572.00
3.403490,1007.4180,525.00
3.403490,1007.4532,546.00
3.403490,1007.4885,528.00
3.403490,1007.5238,531.00
3.403490,1007.5590,496.00
3.403490,1007.5943,546.00
3.403490,1007.6295,455.00
3.403490,1007.6648,588.00
3.403490,1007.7001,525.00
3.403490,1007.7354,550.00
3.403490,1007.7706,557.00
3.403490,1007.8058,537.00
3.403490,1007.8410,504.00
3.403490,1007.8762,532.00
3.403490,1007.9114,493.00
3.403490,1007.9465,566.00
3.403490,1007.9818,552.00
3.403490,1008.0169,550.00
3.403490,1008.0521,516.00
3.403490,1008.0873,574.00
3.403490,1008.1226,487.00
3.403490,1008.1576,478.00
3.403490,1008.1927,491.00
3.403490,1008.2279,546.00
3.403490,1008.2631,487.00
3.403490,1008.2982,569.00
3.403490,1008.3333,569.00
3.403490,1008.3683,537.00
3.403490,1008.4034,539.00
3.403490,1008.4387,519.00
3.403490,1008.4738,512.00
3.403490,1008.5089,522.00
3.403490,1008.5439,482.00
3.403490,1008.5790,567.00
3.403490,1008.6141,501.00
3.403490,1008.6491,510.00
3.403490,1008.6841,491.00
3.403490,1008.7192,525.00
3.403490,1008.7542,491.00
3.403490,1008.7892,496.00
3.403490,1008.8243,489.00
3.403490,1008.8594,541.00
3.403490,1008.8943,494.00
3.403490,1008.9294,525.00
3.403490,1008.9644,502.00
3.403490,1008.9994,526.00
3.403490,1009.0344,498.00
3.403490,1009.0693,509.00
3.403490,1009.1043,468.00
3.403490,1009.1392,557.00
3.403490,1009.1743,489.00
3.403490,1009.2093,569.00
3.403490,1009.2442,506.00
3.403490,1009.2792,570.00
3.403490,1009.3141,494.00
3.403490,1009.3489,504.00
3.403490,1009.3839,472.00
3.403490,1009.4188,515.00
3.403490,1009.4537,487.00
3.403490,1009.4886,579.00
3.403490,1009.5235,490.00
3.403490,1009.5585,536.00
3.403490,1009.5933,519.00
3.403490,1009.6282,513.00
3.403490,1009.6631,513.00
3.403490,1009.6979,531.00
3.403490,1009.7327,456.00
3.403490,1009.7676,511.00
3.403490,1009.8024,484.00
3.403490,1009.8372,540.00
3.403490,1009.8721,465.00
3.403490,1009.9070,516.00
3.403490,1009.9418,487.00
3.403490,1009.9766,506.00
3.403490,1010.0115,464.00
3.403490,1010.0462,488.00
3.403490,1010.0810,492.00
3.403490,1010.1158,541.00
3.403490,1010.1505,509.00
3.403490,1010.1853,510.00
3.403490,1010.2200,480.00
3.403490,1010.2548,476.00
3.403490,1010.2897,458.00
3.403490,1010.3244,532.00
3.403490,1010.3591,487.00
3.403490,1010.3938,524.00
3.403490,1010.4285,490.00
3.403490,1010.4633,515.00
3.403490,1010.4980,486.00
3.403490,1010.5326,485.00
3.403490,1010.5673,480.00
3.403490,1010.6021,503.00
3.403490,1010.6368,449.00
3.403490,1010.6714,519.00
3.403490,1010.7061,432.00
3.403490,1010.7408,528.00
3.403490,1010.7754,479.00
3.403490,1010.8101,504.00
3.403490,1010.8447,485.00
3.403490,1010.8793,502.00
3.403490,1010.9139,498.00
3.403490,1010.9485,517.00
3.403490,1010.9832,442.00
3.403490,1011.0178,530.00
3.403490,1011.0525,487.00
3.403490,1011.0870,511.00
3.403490,1011.1216,480.00
3.403490,1011.1562,513.00
3.403490,1011.1907,517.00
3.403490,1011.2253,539.00
3.403490,1011.2599,449.00
3.403490,1011.2944,548.00
3.403490,1011.3291,460.00
3.403490,1011.3636,542.00
3.403490,1011.3981,479.00
3.403490,1011.4326,492.00
3.403490,1011.4672,476.00
3.403490,1011.5016,502.00
3.403490,1011.5362,471.00
3.403490,1011.5706,535.00
3.403490,1011.6052,474.00
3.403490,1011.6396,514.00
3.403490,1011.6741,433.00
3.403490,1011.7086,527.00
3.403490,1011.7431,499.00
3.403490,1011.7776,519.00
3.403490,1011.8120,473.00
3.403490,1011.8465,534.00
3.403490,1011.8809,437.00
3.403490,1011.9153,513.00
3.403490,1011.9498,469.00
3.403490,1011.9842,488.00
3.403490,1012.0186,455.00
3.403490,1012.0531,486.00
3.403490,1012.0875,472.00
3.403490,1012.1219,528.00
3.403490,1012.1562,480.00
3.403490,1012.1906,503.00
3.403490,1012.2250,441.00
3.403490,1012.2593,526.00
3.403490,1012.2937,484.00
3.403490,1012.3281,508.00
3.403490,1012.3624,471.00
3.403490,1012.3967,518.00
3.403490,1012.4310,429.00
3.403490,1012.4655,502.00
3.403490,1012.4998,462.00
3.403490,1012.5341,565.00
3.403490,1012.5684,489.00
3.403490,1012.6027,530.00
3.403490,1012.6370,485.00
3.403490,1012.6712,467.00
3.403490,1012.7055,464.00
3.403490,1012.7398,530.00
3.403490,1012.7742,453.00
3.403490,1012.8084,464.00
3.403490,1012.8427,479.00
3.403490,1012.8769,492.00
3.403490,1012.9111,493.00
3.403490,1012.9454,492.00
3.403490,1012.9796,490.00
3.403490,1013.0138,493.00
3.403490,1013.0480,424.00
3.403490,1013.0822,490.00
3.403490,1013.1164,454.00
3.403490,1013.1506,541.00
3.403490,1013.1848,478.00
3.403490,1013.2190,486.00
3.403490,1013.2532,483.00
3.403490,1013.2873,499.00
3.403490,1013.3215,472.00
3.403490,1013.3556,519.00
3.403490,1013.3898,431.00
3.403490,1013.4239,525.00
3.403490,1013.4581,489.00
3.403490,1013.4923,472.00
3.403490,1013.5264,485.00
3.403490,1013.5605,503.00
3.403490,1013.5946,490.00
3.403490,1013.6287,526.00
3.403490,1013.6627,470.00
3.403490,1013.6968,524.00
3.403490,1013.7309,445.00
3.403490,1013.7650,483.00
3.403490,1013.7990,499.00
3.403490,1013.8331,495.00
3.403490,1013.8672,468.00
3.403490,1013.9012,514.00
3.403490,1013.9353,459.00
3.403490,1013.9693,523.00
3.403490,1014.0033,469.00
3.403490,1014.0374,546.00
3.403490,1014.0714,509.00
3.403490,1014.1053,503.00
3.403490,1014.1393,515.00
3.403490,1014.1734,514.00
3.403490,1014.2074,477.00
3.403490,1014.2413,544.00
3.403490,1014.2753,511.00
3.403490,1014.3093,557.00
3.403490,1014.3433,513.00
3.403490,1014.3772,548.00
3.403490,1014.4111,526.00
3.403490,1014.4451,529.00
3.403490,1014.4790,468.00
3.403490,1014.5129,514.00
3.403490,1014.5468,468.00
3.403490,1014.5808,565.00
3.403490,1014.6147,532.00
3.403490,1014.6486,542.00
3.403490,1014.6825,511.00
3.403490,1014.7164,508.00
3.403490,1014.7502,492.00
3.403490,1014.7841,542.00
3.403490,1014.8180,513.00
3.403490,1014.8518,541.00
3.403490,1014.8858,478.00
3.403490,1014.9196,572.00
3.403490,1014.9534,505.00
3.403490,1014.9872,524.00
3.403490,1015.0211,514.00
3.403490,1015.0549,527.00
3.403490,1015.0887,490.00
3.403490,1015.1224,540.00
3.403490,1015.1562,500.00
3.403490,1015.1900,567.00
3.403490,1015.2238,503.00
3.403490,1015.2575,523.00
3.403490,1015.2914,530.00
3.403490,1015.3252,526.00
3.403490,1015.3589,465.00
3.403490,1015.3927,541.00
3.403490,1015.4265,485.00
3.403490,1015.4601,583.00
3.403490,1015.4938,497.00
3.403490,1015.5276,578.00
3.403490,1015.5613,518.00
3.403490,1015.5952,550.00
3.403490,1015.6288,499.00
3.403490,1015.6625,530.00
3.403490,1015.6962,495.00
3.403490,1015.7299,593.00
3.403490,1015.7635,481.00
3.403490,1015.7972,557.00
3.403490,1015.8308,533.00
3.403490,1015.8645,513.00
3.403490,1015.8981,504.00
3.403490,1015.9317,510.00
3.403490,1015.9655,500.00
3.403490,1015.9991,536.00
3.403490,1016.0327,506.00
3.403490,1016.0663,550.00
3.403490,1016.0999,525.00
3.403490,1016.1335,548.00
3.403490,1016.1671,520.00
3.403490,1016.2006,501.00
3.403490,1016.2342,507.00
3.403490,1016.2679,528.00
3.403490,1016.3015,490.00
3.403490,1016.3350,548.00
3.403490,1016.3686,530.00
3.403490,1016.4021,567.00
3.403490,1016.4357,518.00
3.403490,1016.4691,569.00
3.403490,1016.5027,500.00
3.403490,1016.5362,541.00
3.403490,1016.5696,447.00
3.403490,1016.6032,587.00
3.403490,1016.6367,502.00
3.403490,1016.6703,556.00
3.403490,1016.7038,514.00
3.403490,1016.7372,523.00
3.403490,1016.7707,527.00
3.403490,1016.8041,541.00
3.403490,1016.8376,510.00
3.403490,1016.8710,573.00
3.403490,1016.9045,493.00
3.403490,1016.9379,575.00
3.403490,1016.9715,504.00
3.403490,1017.0049,539.00
3.403490,1017.0383,536.00
3.403490,1017.0717,532.00
3.403490,1017.1050,517.00
3.403490,1017.1384,530.00
3.403490,1017.1718,473.00
3.403490,1017.2052,560.00
3.403490,1017.2386,496.00
3.403490,1017.2720,532.00
3.403490,1017.3053,581.00
3.403490,1017.3387,536.00
3.403490,1017.3721,504.00
3.403490,1017.4054,544.00
3.403490,1017.4388,482.00
3.403490,1017.4721,526.00
3.403490,1017.5054,536.00
3.403490,1017.5387,564.00
3.403490,1017.5720,510.00
3.403490,1017.6053,521.00
3.403490,1017.6386,539.00
3.403490,1017.6720,534.00
3.403490,1017.7053,522.00
3.403490,1017.7385,557.00
3.403490,1017.7717,480.00
3.403490,1017.8051,571.00
3.403490,1017.8383,533.00
3.403490,1017.8715,581.00
3.403490,1017.9048,514.00
3.403490,1017.9380,542.00
3.403490,1017.9712,533.00
3.403490,1018.0044,570.00
3.403490,1018.0376,470.00
3.403490,1018.0709,571.00
3.403490,1018.1041,531.00
3.403490,1018.1373,590.00
3.403490,1018.1705,553.00
3.403490,1018.2037,573.00
3.403490,1018.2368,519.00
3.403490,1018.2700,525.00
3.403490,1018.3032,507.00
3.403490,1018.3363,566.00
3.403490,1018.3695,504.00
3.403490,1018.4026,603.00
3.403490,1018.4358,552.00
3.403490,1018.4689,537.00
3.403490,1018.5020,569.00
3.403490,1018.5352,542.00
3.403490,1018.5682,487.00
3.403490,1018.6013,546.00
3.403490,1018.6343,502.00
3.403490,1018.6675,584.00
3.403490,1018.7006,491.00
3.403490,1018.7337,571.00
3.403490,1018.7668,571.00
3.403490,1018.7998,537.00
3.403490,1018.8328,522.00
3.403490,1018.8658,539.00
3.403490,1018.8989,525.00
3.403490,1018.9319,589.00
3.403490,1018.9650,502.00
3.403490,1018.9980,579.00
3.403490,1019.0311,565.00
3.403490,1019.0641,586.00
3.403490,1019.0970,526.00
3.403490,1019.1301,567.00
3.403490,1019.1631,517.00
3.403490,1019.1960,562.00
3.403490,1019.2289,509.00
3.403490,1019.2618,581.00
3.403490,1019.2949,533.00
3.403490,1019.3278,556.00
3.403490,1019.3607,543.00
3.403490,1019.3936,528.00
3.403490,1019.4268,454.00
3.403490,1019.4596,566.00
3.403490,1019.4925,504.00
3.403490,1019.5255,545.00
3.403490,1019.5583,530.00
3.403490,1019.5912,587.00
3.403490,1019.6240,527.00
3.403490,1019.6569,568.00
3.403490,1019.6898,518.00
3.403490,1019.7227,505.00
3.403490,1019.7556,463.00
3.403490,1019.7885,571.00
3.403490,1019.8213,486.00
3.403490,1019.8541,585.00
3.403490,1019.8870,532.00
3.403490,1019.9198,559.00
3.403490,1019.9525,533.00
3.403490,1019.9854,527.00
3.403490,1020.0182,480.00
3.403490,1020.0509,590.00
3.403490,1020.0837,517.00
3.403490,1020.1167,550.00
3.403490,1020.1494,545.00
3.403490,1020.1823,550.00
3.403490,1020.2149,511.00
3.403490,1020.2477,520.00
3.403490,1020.2805,483.00
3.403490,1020.3132,536.00
3.403490,1020.3459,521.00
3.403490,1020.3787,569.00
3.403490,1020.4114,498.00
3.403490,1020.4442,533.00
3.403490,1020.4768,532.00
3.403490,1020.5096,534.00
3.403490,1020.5423,484.00
3.403490,1020.5750,573.00
3.403490,1020.6077,452.00
3.403490,1020.6403,582.00
3.403490,1020.6730,507.00
3.403490,1020.7055,552.00
3.403490,1020.7382,516.00
3.403490,1020.7709,536.00
3.403490,1020.8036,497.00
3.403490,1020.8363,517.00
3.403490,1020.8688,456.00
3.403490,1020.9015,548.00
3.403490,1020.9341,478.00
3.403490,1020.9667,558.00
3.403490,1020.9993,506.00
3.403490,1021.0319,540.00
3.403490,1021.0645,518.00
3.403490,1021.0971,529.00
3.403490,1021.1298,461.00
3.403490,1021.1623,523.00
3.403490,1021.1948,478.00
3.403490,1021.2273,563.00
3.403490,1021.2599,494.00
3.403490,1021.2924,542.00
3.403490,1021.3250,525.00
3.403490,1021.3574,497.00
3.403490,1021.3900,489.00
3.403490,1021.4224,503.00
3.403490,1021.4550,449.00
3.403490,1021.4875,508.00
3.403490,1021.5200,486.00
3.403490,1021.5525,538.00
3.403490,1021.5850,515.00
3.403490,1021.6175,530.00
3.403490,1021.6500,464.00
3.403490,1021.6823,529.00
3.403490,1021.7148,473.00
3.403490,1021.7474,541.00
3.403490,1021.7797,503.00
3.403490,1021.8122,536.00
3.403490,1021.8445,526.00
3.403490,1021.8770,558.00
3.403490,1021.9095,520.00
3.403490,1021.9418,501.00
3.403490,1021.9741,474.00
3.403490,1022.0066,511.00
3.403490,1022.0389,465.00
3.403490,1022.0713,556.00
3.403490,1022.1037,484.00
3.403490,1022.1362,613.00
3.403490,1022.1685,539.00
3.403490,1022.2008,562.00
3.403490,1022.2332,518.00
3.403490,1022.2654,544.00
3.403490,1022.2977,512.00
3.403490,1022.3301,567.00
3.403490,1022.3624,489.00
3.403490,1022.3947,605.00
3.403490,1022.4271,504.00
3.403490,1022.4594,542.00
3.403490,1022.4917,529.00
3.403490,1022.5239,554.00
3.403490,1022.5562,496.00
3.403490,1022.5885,562.00
3.403490,1022.6207,507.00
3.403490,1022.6530,548.00
3.403490,1022.6852,507.00
3.403490,1022.7174,544.00
3.403490,1022.7497,499.00
3.403490,1022.7819,541.00
3.403490,1022.8142,496.00
3.403490,1022.8464,515.00
3.403490,1022.8785,488.00
3.403490,1022.9108,589.00
3.403490,1022.9429,480.00
3.403490,1022.9751,548.00
3.403490,1023.0073,545.00
3.403490,1023.0394,482.00
3.403490,1023.0717,498.00
3.403490,1023.1039,558.00
3.403490,1023.1360,444.00
3.403490,1023.1682,564.00
3.403490,1023.2003,479.00
3.403490,1023.2324,541.00
3.403490,1023.2644,517.00
3.403490,1023.2966,520.00
3.403490,1023.3287,490.00
3.403490,1023.3608,519.00
3.403490,1023.3929,502.00
3.403490,1023.4249,504.00
3.403490,1023.4570,488.00
3.403490,1023.4893,545.00
3.403490,1023.5212,487.00
3.403490,1023.5533,523.00
3.403490,1023.5853,478.00
3.403490,1023.6174,526.00
3.403490,1023.6494,508.00
3.403490,1023.6813,555.00
3.403490,1023.7134,455.00
3.403490,1023.7454,537.00
3.403490,1023.7775,493.00
3.403490,1023.8096,496.00
3.403490,1023.8416,493.00
3.403490,1023.8735,509.00
3.403490,1023.9055,478.00
3.403490,1023.9374,506.00
3.403490,1023.9694,466.00
3.403490,1024.0013,540.00
3.403490,1024.0333,480.00
3.403490,1024.0652,521.00
3.403490,1024.0972,489.00
3.403490,1024.1293,525.00
3.403490,1024.1611,500.00
3.403490,1024.1931,516.00
3.403490,1024.2250,476.00
3.403490,1024.2568,544.00
3.403490,1024.2888,468.00
3.403490,1024.3206,526.00
3.403490,1024.3525,500.00
3.403490,1024.3843,498.00
3.403490,1024.4164,478.00
3.403490,1024.4481,510.00
3.403490,1024.4801,461.00
3.403490,1024.5118,544.00
3.403490,1024.5438,483.00
3.403490,1024.5756,547.00
3.403490,1024.6074,473.00
3.403490,1024.6393,516.00
3.403490,1024.6710,536.00
3.403490,1024.7029,489.00
3.403490,1024.7346,461.00
3.403490,1024.7664,500.00
3.403490,1024.7982,454.00
3.403490,1024.8301,542.00
3.403490,1024.8618,470.00
3.403490,1024.8936,502.00
3.403490,1024.9253,474.00
3.403490,1024.9572,539.00
3.403490,1024.9889,487.00
3.403490,1025.0206,549.00
3.403490,1025.0522,455.00
3.403490,1025.0841,541.00
3.403490,1025.1158,479.00
3.403490,1025.1475,525.00
3.403490,1025.1792,496.00
3.403490,1025.2109,505.00
3.403490,1025.2426,506.00
3.403490,1025.2743,537.00
3.403490,1025.3059,498.00
3.403490,1025.3376,536.00
3.403490,1025.3693,452.00
3.403490,1025.4009,543.00
3.403490,1025.4326,506.00
3.403490,1025.4644,547.00
3.403490,1025.4960,496.00
3.403490,1025.5276,500.00
3.403490,1025.5592,513.00
3.403490,1025.5908,531.00
3.403490,1025.6224,467.00
3.403490,1025.6541,562.00
3.403490,1025.6857,506.00
3.403490,1025.7172,544.00
3.403490,1025.7489,555.00
3.403490,1025.7804,565.00
3.403490,1025.8120,529.00
3.403490,1025.8435,505.00
3.403490,1025.8751,538.00
3.403490,1025.9066,589.00
3.403490,1025.9381,488.00
3.403490,1025.9697,574.00
3.403490,1026.0012,520.00
3.403490,1026.0327,525.00
3.403490,1026.0642,506.00
