# Point:,35
# Setpoint:,1.78181818
# Voltage_V:,1.78181818
# Current_A:,0.020375
# Spectrum_Time_s:,5.995993
# Step_Start_s:,5.931093
# Step_End_s:,6.059021
# Spectrum_Duration_ms:,56.613
# Peak_Wavelength_nm:,929.24
# Peak_Intensity:,15019.0
# Avg_Intensity:,625.5
# Num_Pixels:,4094
# NOTE: All wavelengths are captured simultaneously in one CCD exposure
#       The Relative_Time_s column shows when this entire spectrum was acquired

Relative_Time_s,Wavelength_nm,Intensity
5.995993,845.4307,587.00
5.995993,845.4858,511.00
5.995993,845.5410,591.00
5.995993,845.5963,506.00
5.995993,845.6514,594.00
5.995993,845.7065,529.00
5.995993,845.7617,559.00
5.995993,845.8168,483.00
5.995993,845.8721,567.00
5.995993,845.9272,501.00
5.995993,845.9823,564.00
5.995993,846.0374,497.00
5.995993,846.0926,517.00
5.995993,846.1478,479.00
5.995993,846.2029,526.00
5.995993,846.2579,468.00
5.995993,846.3130,554.00
5.995993,846.3682,436.00
5.995993,846.4233,595.00
5.995993,846.4784,509.00
5.995993,846.5335,584.00
5.995993,846.5886,545.00
5.995993,846.6437,522.00
5.995993,846.6987,505.00
5.995993,846.7538,560.00
5.995993,846.8089,486.00
5.995993,846.8640,570.00
5.995993,846.9190,525.00
5.995993,846.9741,574.00
5.995993,847.0292,526.00
5.995993,847.0842,553.00
5.995993,847.1392,529.00
5.995993,847.1943,552.00
5.995993,847.2493,497.00
5.995993,847.3044,579.00
5.995993,847.3594,492.00
5.995993,847.4144,576.00
5.995993,847.4694,542.00
5.995993,847.5244,558.00
5.995993,847.5795,525.00
5.995993,847.6345,592.00
5.995993,847.6895,524.00
5.995993,847.7444,567.00
5.995993,847.7994,501.00
5.995993,847.8544,580.00
5.995993,847.9094,542.00
5.995993,847.9644,554.00
5.995993,848.0193,543.00
5.995993,848.0743,560.00
5.995993,848.1293,530.00
5.995993,848.1843,583.00
5.995993,848.2392,543.00
5.995993,848.2941,591.00
5.995993,848.3491,584.00
5.995993,848.4040,573.00
5.995993,848.4590,563.00
5.995993,848.5139,589.00
5.995993,848.5688,523.00
5.995993,848.6237,602.00
5.995993,848.6786,526.00
5.995993,848.7336,609.00
5.995993,848.7885,534.00
5.995993,848.8434,609.00
5.995993,848.8983,569.00
5.995993,848.9531,565.00
5.995993,849.0081,542.00
5.995993,849.0630,563.00
5.995993,849.1178,530.00
5.995993,849.1727,576.00
5.995993,849.2275,544.00
5.995993,849.2823,645.00
5.995993,849.3373,535.00
5.995993,849.3921,591.00
5.995993,849.4470,564.00
5.995993,849.5018,550.00
5.995993,849.5566,528.00
5.995993,849.6115,617.00
5.995993,849.6663,531.00
5.995993,849.7211,602.00
5.995993,849.7759,549.00
5.995993,849.8307,594.00
5.995993,849.8856,568.00
5.995993,849.9404,589.00
5.995993,849.9952,515.00
5.995993,850.0500,588.00
5.995993,850.1048,503.00
5.995993,850.1596,608.00
5.995993,850.2144,496.00
5.995993,850.2692,613.00
5.995993,850.3239,572.00
5.995993,850.3787,577.00
5.995993,850.4335,556.00
5.995993,850.4882,604.00
5.995993,850.5430,564.00
5.995993,850.5977,592.00
5.995993,850.6525,526.00
5.995993,850.7072,606.00
5.995993,850.7620,544.00
5.995993,850.8167,590.00
5.995993,850.8715,570.00
5.995993,850.9261,581.00
5.995993,850.9808,515.00
5.995993,851.0356,582.00
5.995993,851.0903,565.00
5.995993,851.1450,655.00
5.995993,851.1996,570.00
5.995993,851.2543,639.00
5.995993,851.3091,585.00
5.995993,851.3638,592.00
5.995993,851.4185,595.00
5.995993,851.4731,657.00
5.995993,851.5278,519.00
5.995993,851.5825,630.00
5.995993,851.6371,594.00
5.995993,851.6918,651.00
5.995993,851.7465,598.00
5.995993,851.8011,639.00
5.995993,851.8558,589.00
5.995993,851.9103,629.00
5.995993,851.9650,583.00
5.995993,852.0196,675.00
5.995993,852.0742,603.00
5.995993,852.1289,626.00
5.995993,852.1835,594.00
5.995993,852.2381,683.00
5.995993,852.2927,663.00
5.995993,852.3473,635.00
5.995993,852.4019,611.00
5.995993,852.4565,657.00
5.995993,852.5111,605.00
5.995993,852.5657,637.00
5.995993,852.6202,583.00
5.995993,852.6747,639.00
5.995993,852.7294,620.00
5.995993,852.7839,670.00
5.995993,852.8385,612.00
5.995993,852.8930,663.00
5.995993,852.9476,587.00
5.995993,853.0022,646.00
5.995993,853.0567,617.00
5.995993,853.1112,692.00
5.995993,853.1658,635.00
5.995993,853.2203,649.00
5.995993,853.2748,657.00
5.995993,853.3293,686.00
5.995993,853.3838,630.00
5.995993,853.4383,651.00
5.995993,853.4928,622.00
5.995993,853.5474,678.00
5.995993,853.6019,647.00
5.995993,853.6563,701.00
5.995993,853.7108,669.00
5.995993,853.7653,641.00
5.995993,853.8198,653.00
5.995993,853.8742,685.00
5.995993,853.9286,646.00
5.995993,853.9832,662.00
5.995993,854.0376,664.00
5.995993,854.0920,696.00
5.995993,854.1465,674.00
5.995993,854.2010,669.00
5.995993,854.2554,625.00
5.995993,854.3098,692.00
5.995993,854.3642,602.00
5.995993,854.4186,667.00
5.995993,854.4731,602.00
5.995993,854.5275,698.00
5.995993,854.5819,632.00
5.995993,854.6363,677.00
5.995993,854.6907,643.00
5.995993,854.7451,663.00
5.995993,854.7994,571.00
5.995993,854.8538,668.00
5.995993,854.9082,624.00
5.995993,854.9626,697.00
5.995993,855.0170,607.00
5.995993,855.0714,671.00
5.995993,855.1257,628.00
5.995993,855.1800,664.00
5.995993,855.2344,642.00
5.995993,855.2888,661.00
5.995993,855.3431,575.00
5.995993,855.3975,654.00
5.995993,855.4518,578.00
5.995993,855.5060,713.00
5.995993,855.5604,616.00
5.995993,855.6147,645.00
5.995993,855.6691,613.00
5.995993,855.7233,627.00
5.995993,855.7776,584.00
5.995993,855.8320,704.00
5.995993,855.8862,598.00
5.995993,855.9406,672.00
5.995993,855.9948,653.00
5.995993,856.0491,704.00
5.995993,856.1035,644.00
5.995993,856.1577,653.00
5.995993,856.2119,608.00
5.995993,856.2662,636.00
5.995993,856.3204,590.00
5.995993,856.3748,700.00
5.995993,856.4290,634.00
5.995993,856.4832,682.00
5.995993,856.5374,644.00
5.995993,856.5916,675.00
5.995993,856.6459,616.00
5.995993,856.7001,669.00
5.995993,856.7543,629.00
5.995993,856.8085,676.00
5.995993,856.8627,627.00
5.995993,856.9169,672.00
5.995993,856.9712,646.00
5.995993,857.0253,638.00
5.995993,857.0795,622.00
5.995993,857.1337,683.00
5.995993,857.1879,618.00
5.995993,857.2421,685.00
5.995993,857.2962,611.00
5.995993,857.3504,679.00
5.995993,857.4045,643.00
5.995993,857.4587,659.00
5.995993,857.5129,684.00
5.995993,857.5670,679.00
5.995993,857.6212,637.00
5.995993,857.6753,675.00
5.995993,857.7294,623.00
5.995993,857.7836,666.00
5.995993,857.8377,637.00
5.995993,857.8918,686.00
5.995993,857.9459,649.00
5.995993,858.0000,651.00
5.995993,858.0541,621.00
5.995993,858.1082,670.00
5.995993,858.1624,641.00
5.995993,858.2164,706.00
5.995993,858.2704,649.00
5.995993,858.3245,694.00
5.995993,858.3787,655.00
5.995993,858.4327,684.00
5.995993,858.4868,647.00
5.995993,858.5408,650.00
5.995993,858.5949,645.00
5.995993,858.6489,679.00
5.995993,858.7030,616.00
5.995993,858.7570,703.00
5.995993,858.8110,677.00
5.995993,858.8651,680.00
5.995993,858.9192,695.00
5.995993,858.9732,704.00
5.995993,859.0272,625.00
5.995993,859.0812,682.00
5.995993,859.1352,616.00
5.995993,859.1892,685.00
5.995993,859.2432,628.00
5.995993,859.2972,696.00
5.995993,859.3512,677.00
5.995993,859.4052,672.00
5.995993,859.4592,660.00
5.995993,859.5132,660.00
5.995993,859.5671,602.00
5.995993,859.6210,690.00
5.995993,859.6750,654.00
5.995993,859.7289,690.00
5.995993,859.7830,602.00
5.995993,859.8369,631.00
5.995993,859.8908,613.00
5.995993,859.9447,625.00
5.995993,859.9987,621.00
5.995993,860.0527,699.00
5.995993,860.1065,623.00
5.995993,860.1605,674.00
5.995993,860.2144,646.00
5.995993,860.2682,670.00
5.995993,860.3222,659.00
5.995993,860.3761,659.00
5.995993,860.4299,597.00
5.995993,860.4838,639.00
5.995993,860.5377,571.00
5.995993,860.5916,667.00
5.995993,860.6455,643.00
5.995993,860.6993,690.00
5.995993,860.7532,625.00
5.995993,860.8071,673.00
5.995993,860.8610,589.00
5.995993,860.9148,635.00
5.995993,860.9687,599.00
5.995993,861.0225,646.00
5.995993,861.0763,664.00
5.995993,861.1301,672.00
5.995993,861.1840,613.00
5.995993,861.2378,653.00
5.995993,861.2916,625.00
5.995993,861.3454,648.00
5.995993,861.3992,610.00
5.995993,861.4531,650.00
5.995993,861.5068,566.00
5.995993,861.5606,662.00
5.995993,861.6144,620.00
5.995993,861.6682,639.00
5.995993,861.7220,599.00
5.995993,861.7758,641.00
5.995993,861.8295,595.00
5.995993,861.8833,654.00
5.995993,861.9370,589.00
5.995993,861.9908,669.00
5.995993,862.0446,592.00
5.995993,862.0983,677.00
5.995993,862.1520,641.00
5.995993,862.2057,636.00
5.995993,862.2595,616.00
5.995993,862.3132,620.00
5.995993,862.3669,580.00
5.995993,862.4206,654.00
5.995993,862.4744,594.00
5.995993,862.5281,650.00
5.995993,862.5818,612.00
5.995993,862.6355,664.00
5.995993,862.6891,609.00
5.995993,862.7429,631.00
5.995993,862.7966,645.00
5.995993,862.8502,646.00
5.995993,862.9039,574.00
5.995993,862.9575,646.00
5.995993,863.0112,655.00
5.995993,863.0648,646.00
5.995993,863.1185,623.00
5.995993,863.1722,657.00
5.995993,863.2258,589.00
5.995993,863.2794,647.00
5.995993,863.3330,591.00
5.995993,863.3867,675.00
5.995993,863.4403,566.00
5.995993,863.4940,646.00
5.995993,863.5475,623.00
5.995993,863.6011,629.00
5.995993,863.6548,609.00
5.995993,863.7084,633.00
5.995993,863.7620,597.00
5.995993,863.8156,637.00
5.995993,863.8691,580.00
5.995993,863.9228,648.00
5.995993,863.9763,610.00
5.995993,864.0299,660.00
5.995993,864.0834,610.00
5.995993,864.1370,620.00
5.995993,864.1906,570.00
5.995993,864.2441,639.00
5.995993,864.2977,594.00
5.995993,864.3512,661.00
5.995993,864.4047,620.00
5.995993,864.4583,659.00
5.995993,864.5118,601.00
5.995993,864.5653,621.00
5.995993,864.6189,618.00
5.995993,864.6724,618.00
5.995993,864.7258,591.00
5.995993,864.7794,656.00
5.995993,864.8329,612.00
5.995993,864.8864,661.00
5.995993,864.9398,623.00
5.995993,864.9933,643.00
5.995993,865.0469,586.00
5.995993,865.1003,614.00
5.995993,865.1538,624.00
5.995993,865.2072,635.00
5.995993,865.2607,617.00
5.995993,865.3142,665.00
5.995993,865.3676,621.00
5.995993,865.4211,634.00
5.995993,865.4745,593.00
5.995993,865.5279,612.00
5.995993,865.5814,608.00
5.995993,865.6348,654.00
5.995993,865.6882,619.00
5.995993,865.7416,662.00
5.995993,865.7950,630.00
5.995993,865.8484,668.00
5.995993,865.9019,629.00
5.995993,865.9552,625.00
5.995993,866.0087,629.00
5.995993,866.0620,637.00
5.995993,866.1154,612.00
5.995993,866.1688,688.00
5.995993,866.2222,592.00
5.995993,866.2755,666.00
5.995993,866.3289,644.00
5.995993,866.3822,666.00
5.995993,866.4356,632.00
5.995993,866.4890,622.00
5.995993,866.5423,601.00
5.995993,866.5956,652.00
5.995993,866.6489,587.00
5.995993,866.7023,646.00
5.995993,866.7556,609.00
5.995993,866.8089,648.00
5.995993,866.8622,628.00
5.995993,866.9155,665.00
5.995993,866.9689,583.00
5.995993,867.0222,692.00
5.995993,867.0755,596.00
5.995993,867.1287,656.00
5.995993,867.1820,618.00
5.995993,867.2354,651.00
5.995993,867.2886,630.00
5.995993,867.3419,642.00
5.995993,867.3951,622.00
5.995993,867.4484,645.00
5.995993,867.5016,591.00
5.995993,867.5549,669.00
5.995993,867.6082,629.00
5.995993,867.6614,629.00
5.995993,867.7146,660.00
5.995993,867.7678,627.00
5.995993,867.8211,642.00
5.995993,867.8743,648.00
5.995993,867.9276,610.00
5.995993,867.9807,648.00
5.995993,868.0339,617.00
5.995993,868.0872,667.00
5.995993,868.1403,628.00
5.995993,868.1935,639.00
5.995993,868.2467,610.00
5.995993,868.2999,652.00
5.995993,868.3531,581.00
5.995993,868.4062,668.00
5.995993,868.4594,613.00
5.995993,868.5126,651.00
5.995993,868.5657,638.00
5.995993,868.6189,656.00
5.995993,868.6721,622.00
5.995993,868.7252,612.00
5.995993,868.7783,587.00
5.995993,868.8315,621.00
5.995993,868.8846,614.00
5.995993,868.9377,653.00
5.995993,868.9908,596.00
5.995993,869.0439,647.00
5.995993,869.0970,634.00
5.995993,869.1501,633.00
5.995993,869.2032,598.00
5.995993,869.2564,610.00
5.995993,869.3094,587.00
5.995993,869.3625,633.00
5.995993,869.4156,598.00
5.995993,869.4688,655.00
5.995993,869.5218,605.00
5.995993,869.5748,645.00
5.995993,869.6279,654.00
5.995993,869.6809,629.00
5.995993,869.7340,593.00
5.995993,869.7870,618.00
5.995993,869.8401,586.00
5.995993,869.8931,637.00
5.995993,869.9462,584.00
5.995993,869.9993,640.00
5.995993,870.0522,625.00
5.995993,870.1052,681.00
5.995993,870.1583,610.00
5.995993,870.2112,678.00
5.995993,870.2642,588.00
5.995993,870.3173,670.00
5.995993,870.3702,598.00
5.995993,870.4232,647.00
5.995993,870.4762,569.00
5.995993,870.5292,632.00
5.995993,870.5822,619.00
5.995993,870.6351,647.00
5.995993,870.6881,599.00
5.995993,870.7410,644.00
5.995993,870.7940,626.00
5.995993,870.8470,643.00
5.995993,870.8999,611.00
5.995993,870.9528,671.00
5.995993,871.0057,656.00
5.995993,871.0587,647.00
5.995993,871.1116,617.00
5.995993,871.1646,661.00
5.995993,871.2175,575.00
5.995993,871.2704,690.00
5.995993,871.3232,637.00
5.995993,871.3762,664.00
5.995993,871.4291,650.00
5.995993,871.4820,647.00
5.995993,871.5348,599.00
5.995993,871.5877,648.00
5.995993,871.6406,628.00
5.995993,871.6935,705.00
5.995993,871.7463,635.00
5.995993,871.7992,673.00
5.995993,871.8521,644.00
5.995993,871.9049,656.00
5.995993,871.9578,662.00
5.995993,872.0106,663.00
5.995993,872.0635,600.00
5.995993,872.1162,670.00
5.995993,872.1691,604.00
5.995993,872.2219,719.00
5.995993,872.2747,617.00
5.995993,872.3275,678.00
5.995993,872.3803,667.00
5.995993,872.4332,680.00
5.995993,872.4860,647.00
5.995993,872.5387,696.00
5.995993,872.5915,623.00
5.995993,872.6443,689.00
5.995993,872.6971,672.00
5.995993,872.7499,693.00
5.995993,872.8026,660.00
5.995993,872.8553,641.00
5.995993,872.9081,656.00
5.995993,872.9609,678.00
5.995993,873.0136,606.00
5.995993,873.0663,680.00
5.995993,873.1191,584.00
5.995993,873.1718,680.00
5.995993,873.2245,647.00
5.995993,873.2773,663.00
5.995993,873.3300,644.00
5.995993,873.3827,660.00
5.995993,873.4354,624.00
5.995993,873.4882,717.00
5.995993,873.5408,631.00
5.995993,873.5935,682.00
5.995993,873.6462,658.00
5.995993,873.6989,680.00
5.995993,873.7515,676.00
5.995993,873.8042,653.00
5.995993,873.8569,607.00
5.995993,873.9096,673.00
5.995993,873.9622,594.00
5.995993,874.0149,702.00
5.995993,874.0675,674.00
5.995993,874.1202,653.00
5.995993,874.1729,644.00
5.995993,874.2255,663.00
5.995993,874.2781,621.00
5.995993,874.3307,673.00
5.995993,874.3834,596.00
5.995993,874.4360,680.00
5.995993,874.4885,647.00
5.995993,874.5411,668.00
5.995993,874.5938,620.00
5.995993,874.6463,650.00
5.995993,874.6990,640.00
5.995993,874.7515,645.00
5.995993,874.8041,612.00
5.995993,874.8567,684.00
5.995993,874.9092,609.00
5.995993,874.9619,692.00
5.995993,875.0144,636.00
5.995993,875.0669,650.00
5.995993,875.1194,636.00
5.995993,875.1720,678.00
5.995993,875.2246,628.00
5.995993,875.2772,676.00
5.995993,875.3296,621.00
5.995993,875.3821,686.00
5.995993,875.4346,647.00
5.995993,875.4872,662.00
5.995993,875.5397,644.00
5.995993,875.5922,694.00
5.995993,875.6447,633.00
5.995993,875.6971,671.00
5.995993,875.7498,571.00
5.995993,875.8022,686.00
5.995993,875.8547,599.00
5.995993,875.9071,670.00
5.995993,875.9596,633.00
5.995993,876.0120,651.00
5.995993,876.0646,639.00
5.995993,876.1169,663.00
5.995993,876.1694,623.00
5.995993,876.2219,672.00
5.995993,876.2743,643.00
5.995993,876.3268,697.00
5.995993,876.3792,641.00
5.995993,876.4316,667.00
5.995993,876.4840,656.00
5.995993,876.5364,657.00
5.995993,876.5889,604.00
5.995993,876.6413,712.00
5.995993,876.6937,613.00
5.995993,876.7460,662.00
5.995993,876.7985,652.00
5.995993,876.8509,672.00
5.995993,876.9032,626.00
5.995993,876.9556,660.00
5.995993,877.0079,627.00
5.995993,877.0604,642.00
5.995993,877.1127,612.00
5.995993,877.1651,671.00
5.995993,877.2174,606.00
5.995993,877.2697,649.00
5.995993,877.3221,647.00
5.995993,877.3744,656.00
5.995993,877.4268,615.00
5.995993,877.4791,641.00
5.995993,877.5314,574.00
5.995993,877.5837,671.00
5.995993,877.6360,602.00
5.995993,877.6884,651.00
5.995993,877.7407,600.00
5.995993,877.7930,651.00
5.995993,877.8452,615.00
5.995993,877.8975,633.00
5.995993,877.9498,619.00
5.995993,878.0021,646.00
5.995993,878.0544,607.00
5.995993,878.1066,659.00
5.995993,878.1589,608.00
5.995993,878.2111,643.00
5.995993,878.2634,643.00
5.995993,878.3157,611.00
5.995993,878.3679,603.00
5.995993,878.4202,654.00
5.995993,878.4724,607.00
5.995993,878.5246,685.00
5.995993,878.5768,617.00
5.995993,878.6290,657.00
5.995993,878.6812,629.00
5.995993,878.7335,635.00
5.995993,878.7856,620.00
5.995993,878.8379,594.00
5.995993,878.8901,592.00
5.995993,878.9422,606.00
5.995993,878.9944,623.00
5.995993,879.0466,658.00
5.995993,879.0988,611.00
5.995993,879.1509,662.00
5.995993,879.2031,601.00
5.995993,879.2552,595.00
5.995993,879.3074,625.00
5.995993,879.3596,671.00
5.995993,879.4117,595.00
5.995993,879.4638,668.00
5.995993,879.5159,571.00
5.995993,879.5681,654.00
5.995993,879.6202,615.00
5.995993,879.6723,637.00
5.995993,879.7244,652.00
5.995993,879.7766,629.00
5.995993,879.8287,571.00
5.995993,879.8808,633.00
5.995993,879.9329,566.00
5.995993,879.9849,656.00
5.995993,880.0370,640.00
5.995993,880.0891,633.00
5.995993,880.1412,626.00
5.995993,880.1932,653.00
5.995993,880.2452,582.00
5.995993,880.2973,682.00
5.995993,880.3495,624.00
5.995993,880.4015,687.00
5.995993,880.4536,628.00
5.995993,880.5056,621.00
5.995993,880.5576,643.00
5.995993,880.6096,626.00
5.995993,880.6616,563.00
5.995993,880.7137,654.00
5.995993,880.7656,568.00
5.995993,880.8176,653.00
5.995993,880.8696,557.00
5.995993,880.9217,657.00
5.995993,880.9737,597.00
5.995993,881.0256,638.00
5.995993,881.0776,584.00
5.995993,881.1296,648.00
5.995993,881.1816,566.00
5.995993,881.2336,636.00
5.995993,881.2855,577.00
5.995993,881.3374,638.00
5.995993,881.3893,612.00
5.995993,881.4413,635.00
5.995993,881.4933,606.00
5.995993,881.5452,650.00
5.995993,881.5972,585.00
5.995993,881.6490,626.00
5.995993,881.7010,583.00
5.995993,881.7530,649.00
5.995993,881.8049,625.00
5.995993,881.8568,618.00
5.995993,881.9086,605.00
5.995993,881.9605,597.00
5.995993,882.0125,608.00
5.995993,882.0643,650.00
5.995993,882.1162,567.00
5.995993,882.1681,644.00
5.995993,882.2199,574.00
5.995993,882.2719,626.00
5.995993,882.3237,595.00
5.995993,882.3755,583.00
5.995993,882.4274,574.00
5.995993,882.4792,619.00
5.995993,882.5311,563.00
5.995993,882.5829,613.00
5.995993,882.6348,607.00
5.995993,882.6866,653.00
5.995993,882.7383,613.00
5.995993,882.7902,619.00
5.995993,882.8420,610.00
5.995993,882.8939,603.00
5.995993,882.9457,536.00
5.995993,882.9974,618.00
5.995993,883.0493,579.00
5.995993,883.1011,651.00
5.995993,883.1528,549.00
5.995993,883.2046,660.00
5.995993,883.2563,573.00
5.995993,883.3081,599.00
5.995993,883.3599,583.00
5.995993,883.4116,606.00
5.995993,883.4634,580.00
5.995993,883.5151,658.00
5.995993,883.5668,603.00
5.995993,883.6187,603.00
5.995993,883.6703,603.00
5.995993,883.7220,636.00
5.995993,883.7738,607.00
5.995993,883.8254,613.00
5.995993,883.8773,579.00
5.995993,883.9289,659.00
5.995993,883.9806,592.00
5.995993,884.0323,641.00
5.995993,884.0840,632.00
5.995993,884.1357,655.00
5.995993,884.1874,583.00
5.995993,884.2391,632.00
5.995993,884.2907,568.00
5.995993,884.3423,632.00
5.995993,884.3940,573.00
5.995993,884.4457,617.00
5.995993,884.4974,608.00
5.995993,884.5490,624.00
5.995993,884.6006,580.00
5.995993,884.6523,634.00
5.995993,884.7039,566.00
5.995993,884.7555,648.00
5.995993,884.8071,594.00
5.995993,884.8588,648.00
5.995993,884.9103,643.00
5.995993,884.9620,653.00
5.995993,885.0136,660.00
5.995993,885.0651,619.00
5.995993,885.1168,598.00
5.995993,885.1683,653.00
5.995993,885.2200,604.00
5.995993,885.2715,648.00
5.995993,885.3231,593.00
5.995993,885.3746,667.00
5.995993,885.4262,628.00
5.995993,885.4778,620.00
5.995993,885.5293,638.00
5.995993,885.5809,694.00
5.995993,885.6324,587.00
5.995993,885.6839,622.00
5.995993,885.7355,586.00
5.995993,885.7870,653.00
5.995993,885.8385,597.00
5.995993,885.8900,671.00
5.995993,885.9415,635.00
5.995993,885.9930,645.00
5.995993,886.0446,604.00
5.995993,886.0960,660.00
5.995993,886.1475,595.00
5.995993,886.1990,667.00
5.995993,886.2504,624.00
5.995993,886.3020,654.00
5.995993,886.3534,632.00
5.995993,886.4048,661.00
5.995993,886.4564,603.00
5.995993,886.5078,640.00
5.995993,886.5593,591.00
5.995993,886.6107,686.00
5.995993,886.6621,610.00
5.995993,886.7136,657.00
5.995993,886.7650,612.00
5.995993,886.8164,655.00
5.995993,886.8679,607.00
5.995993,886.9193,629.00
5.995993,886.9706,592.00
5.995993,887.0220,646.00
5.995993,887.0735,585.00
5.995993,887.1249,647.00
5.995993,887.1762,600.00
5.995993,887.2276,672.00
5.995993,887.2789,637.00
5.995993,887.3304,632.00
5.995993,887.3818,615.00
5.995993,887.4331,662.00
5.995993,887.4844,596.00
5.995993,887.5358,658.00
5.995993,887.5871,606.00
5.995993,887.6385,663.00
5.995993,887.6898,661.00
5.995993,887.7411,630.00
5.995993,887.7925,621.00
5.995993,887.8438,637.00
5.995993,887.8951,613.00
5.995993,887.9464,674.00
5.995993,887.9977,625.00
5.995993,888.0490,690.00
5.995993,888.1003,628.00
5.995993,888.1516,654.00
5.995993,888.2029,599.00
5.995993,888.2542,644.00
5.995993,888.3054,617.00
5.995993,888.3567,674.00
5.995993,888.4080,633.00
5.995993,888.4592,651.00
5.995993,888.5105,624.00
5.995993,888.5618,660.00
5.995993,888.6130,623.00
5.995993,888.6642,666.00
5.995993,888.7155,639.00
5.995993,888.7667,708.00
5.995993,888.8179,616.00
5.995993,888.8691,683.00
5.995993,888.9204,657.00
5.995993,888.9716,659.00
5.995993,889.0228,628.00
5.995993,889.0740,664.00
5.995993,889.1252,659.00
5.995993,889.1764,672.00
5.995993,889.2275,629.00
5.995993,889.2787,672.00
5.995993,889.3299,610.00
5.995993,889.3810,675.00
5.995993,889.4322,664.00
5.995993,889.4835,650.00
5.995993,889.5346,646.00
5.995993,889.5857,669.00
5.995993,889.6368,629.00
5.995993,889.6879,658.00
5.995993,889.7391,595.00
5.995993,889.7903,669.00
5.995993,889.8414,596.00
5.995993,889.8925,660.00
5.995993,889.9435,637.00
5.995993,889.9948,643.00
5.995993,890.0458,618.00
5.995993,890.0969,676.00
5.995993,890.1479,608.00
5.995993,890.1990,678.00
5.995993,890.2501,623.00
5.995993,890.3012,675.00
5.995993,890.3523,646.00
5.995993,890.4034,600.00
5.995993,890.4545,613.00
5.995993,890.5054,645.00
5.995993,890.5566,575.00
5.995993,890.6076,655.00
5.995993,890.6586,602.00
5.995993,890.7097,650.00
5.995993,890.7607,632.00
5.995993,890.8117,671.00
5.995993,890.8627,637.00
5.995993,890.9138,631.00
5.995993,890.9647,585.00
5.995993,891.0157,640.00
5.995993,891.0668,587.00
5.995993,891.1178,672.00
5.995993,891.1688,601.00
5.995993,891.2197,658.00
5.995993,891.2707,616.00
5.995993,891.3217,611.00
5.995993,891.3727,564.00
5.995993,891.4236,608.00
5.995993,891.4745,591.00
5.995993,891.5256,656.00
5.995993,891.5765,585.00
5.995993,891.6275,636.00
5.995993,891.6783,600.00
5.995993,891.7293,625.00
5.995993,891.7802,588.00
5.995993,891.8312,618.00
5.995993,891.8821,588.00
5.995993,891.9330,658.00
5.995993,891.9839,592.00
5.995993,892.0348,636.00
5.995993,892.0857,625.00
5.995993,892.1366,634.00
5.995993,892.1875,595.00
5.995993,892.2383,622.00
5.995993,892.2892,610.00
5.995993,892.3401,638.00
5.995993,892.3911,587.00
5.995993,892.4418,669.00
5.995993,892.4927,589.00
5.995993,892.5436,667.00
5.995993,892.5944,623.00
5.995993,892.6452,647.00
5.995993,892.6961,622.00
5.995993,892.7469,636.00
5.995993,892.7977,615.00
5.995993,892.8485,631.00
5.995993,892.8993,635.00
5.995993,892.9502,657.00
5.995993,893.0010,630.00
5.995993,893.0518,625.00
5.995993,893.1025,577.00
5.995993,893.1534,595.00
5.995993,893.2042,600.00
5.995993,893.2549,641.00
5.995993,893.3057,588.00
5.995993,893.3564,648.00
5.995993,893.4072,643.00
5.995993,893.4580,626.00
5.995993,893.5087,626.00
5.995993,893.5595,628.00
5.995993,893.6102,604.00
5.995993,893.6609,675.00
5.995993,893.7117,569.00
5.995993,893.7625,693.00
5.995993,893.8132,654.00
5.995993,893.8639,660.00
5.995993,893.9146,631.00
5.995993,893.9653,618.00
5.995993,894.0160,608.00
5.995993,894.0667,629.00
5.995993,894.1174,618.00
5.995993,894.1681,681.00
5.995993,894.2188,635.00
5.995993,894.2695,682.00
5.995993,894.3201,634.00
5.995993,894.3708,643.00
5.995993,894.4214,616.00
5.995993,894.4720,647.00
5.995993,894.5228,589.00
5.995993,894.5734,689.00
5.995993,894.6240,601.00
5.995993,894.6746,656.00
5.995993,894.7252,681.00
5.995993,894.7759,638.00
5.995993,894.8265,630.00
5.995993,894.8771,642.00
5.995993,894.9277,578.00
5.995993,894.9783,670.00
5.995993,895.0290,617.00
5.995993,895.0795,691.00
5.995993,895.1301,631.00
5.995993,895.1807,669.00
5.995993,895.2313,631.00
5.995993,895.2819,630.00
5.995993,895.3325,609.00
5.995993,895.3830,627.00
5.995993,895.4336,584.00
5.995993,895.4841,679.00
5.995993,895.5347,621.00
5.995993,895.5852,634.00
5.995993,895.6357,617.00
5.995993,895.6863,654.00
5.995993,895.7368,629.00
5.995993,895.7874,654.00
5.995993,895.8379,575.00
5.995993,895.8884,672.00
5.995993,895.9388,601.00
5.995993,895.9893,676.00
5.995993,896.0399,615.00
5.995993,896.0904,643.00
5.995993,896.1408,668.00
5.995993,896.1913,622.00
5.995993,896.2418,618.00
5.995993,896.2922,667.00
5.995993,896.3427,643.00
5.995993,896.3932,710.00
5.995993,896.4437,651.00
5.995993,896.4941,671.00
5.995993,896.5445,633.00
5.995993,896.5950,625.00
5.995993,896.6454,673.00
5.995993,896.6958,637.00
5.995993,896.7462,581.00
5.995993,896.7967,656.00
5.995993,896.8471,636.00
5.995993,896.8975,660.00
5.995993,896.9479,618.00
5.995993,896.9983,666.00
5.995993,897.0486,632.00
5.995993,897.0991,680.00
5.995993,897.1495,600.00
5.995993,897.1998,685.00
5.995993,897.2502,587.00
5.995993,897.3005,678.00
5.995993,897.3510,646.00
5.995993,897.4013,640.00
5.995993,897.4517,654.00
5.995993,897.5020,631.00
5.995993,897.5523,579.00
5.995993,897.6026,667.00
5.995993,897.6530,628.00
5.995993,897.7033,697.00
5.995993,897.7537,621.00
5.995993,897.8040,667.00
5.995993,897.8542,611.00
5.995993,897.9046,650.00
5.995993,897.9549,634.00
5.995993,898.0051,702.00
5.995993,898.0554,629.00
5.995993,898.1057,693.00
5.995993,898.1560,615.00
5.995993,898.2063,693.00
5.995993,898.2565,621.00
5.995993,898.3068,626.00
5.995993,898.3571,616.00
5.995993,898.4073,633.00
5.995993,898.4576,576.00
5.995993,898.5078,640.00
5.995993,898.5580,595.00
5.995993,898.6083,662.00
5.995993,898.6584,656.00
5.995993,898.7087,654.00
5.995993,898.7590,632.00
5.995993,898.8091,613.00
5.995993,898.8593,629.00
5.995993,898.9095,644.00
5.995993,898.9598,593.00
5.995993,899.0099,688.00
5.995993,899.0601,618.00
5.995993,899.1103,654.00
5.995993,899.1605,608.00
5.995993,899.2107,620.00
5.995993,899.2608,594.00
5.995993,899.3109,631.00
5.995993,899.3611,591.00
5.995993,899.4113,686.00
5.995993,899.4614,610.00
5.995993,899.5115,627.00
5.995993,899.5616,625.00
5.995993,899.6118,619.00
5.995993,899.6619,589.00
5.995993,899.7121,625.00
5.995993,899.7622,575.00
5.995993,899.8123,642.00
5.995993,899.8624,581.00
5.995993,899.9124,650.00
5.995993,899.9626,624.00
5.995993,900.0126,635.00
5.995993,900.0627,627.00
5.995993,900.1127,670.00
5.995993,900.1628,569.00
5.995993,900.2130,676.00
5.995993,900.2631,543.00
5.995993,900.3130,629.00
5.995993,900.3631,583.00
5.995993,900.4131,632.00
5.995993,900.4632,584.00
5.995993,900.5132,607.00
5.995993,900.5633,566.00
5.995993,900.6132,611.00
5.995993,900.6632,596.00
5.995993,900.7133,618.00
5.995993,900.7633,561.00
5.995993,900.8133,627.00
5.995993,900.8633,575.00
5.995993,900.9133,644.00
5.995993,900.9633,623.00
5.995993,901.0133,646.00
5.995993,901.0632,613.00
5.995993,901.1132,621.00
5.995993,901.1631,570.00
5.995993,901.2131,653.00
5.995993,901.2631,637.00
5.995993,901.3130,660.00
5.995993,901.3630,606.00
5.995993,901.4129,611.00
5.995993,901.4628,608.00
5.995993,901.5128,612.00
5.995993,901.5627,562.00
5.995993,901.6126,643.00
5.995993,901.6625,605.00
5.995993,901.7124,624.00
5.995993,901.7623,620.00
5.995993,901.8123,623.00
5.995993,901.8621,609.00
5.995993,901.9120,632.00
5.995993,901.9619,578.00
5.995993,902.0117,658.00
5.995993,902.0616,603.00
5.995993,902.1115,678.00
5.995993,902.1613,590.00
5.995993,902.2112,605.00
5.995993,902.2610,587.00
5.995993,902.3109,619.00
5.995993,902.3608,583.00
5.995993,902.4106,645.00
5.995993,902.4604,596.00
5.995993,902.5103,605.00
5.995993,902.5601,615.00
5.995993,902.6099,641.00
5.995993,902.6597,610.00
5.995993,902.7095,644.00
5.995993,902.7592,626.00
5.995993,902.8090,633.00
5.995993,902.8589,564.00
5.995993,902.9086,681.00
5.995993,902.9584,638.00
5.995993,903.0082,651.00
5.995993,903.0580,610.00
5.995993,903.1077,620.00
5.995993,903.1575,624.00
5.995993,903.2072,623.00
5.995993,903.2570,595.00
5.995993,903.3067,625.00
5.995993,903.3564,602.00
5.995993,903.4062,666.00
5.995993,903.4559,629.00
5.995993,903.5056,625.00
5.995993,903.5553,600.00
5.995993,903.6050,617.00
5.995993,903.6547,577.00
5.995993,903.7045,642.00
5.995993,903.7541,544.00
5.995993,903.8038,684.00
5.995993,903.8535,612.00
5.995993,903.9032,624.00
5.995993,903.9528,611.00
5.995993,904.0025,620.00
5.995993,904.0522,608.00
5.995993,904.1019,632.00
5.995993,904.1515,576.00
5.995993,904.2012,669.00
5.995993,904.2507,612.00
5.995993,904.3004,654.00
5.995993,904.3500,572.00
5.995993,904.3997,598.00
5.995993,904.4493,602.00
5.995993,904.4989,638.00
5.995993,904.5485,591.00
5.995993,904.5980,660.00
5.995993,904.6477,585.00
5.995993,904.6973,631.00
5.995993,904.7469,595.00
5.995993,904.7964,645.00
5.995993,904.8460,602.00
5.995993,904.8956,582.00
5.995993,904.9452,569.00
5.995993,904.9947,643.00
5.995993,905.0443,592.00
5.995993,905.0938,627.00
5.995993,905.1434,615.00
5.995993,905.1929,600.00
5.995993,905.2424,631.00
5.995993,905.2919,654.00
5.995993,905.3414,595.00
5.995993,905.3910,625.00
5.995993,905.4406,614.00
5.995993,905.4901,649.00
5.995993,905.5396,575.00
5.995993,905.5890,621.00
5.995993,905.6385,618.00
5.995993,905.6880,637.00
5.995993,905.7375,624.00
5.995993,905.7870,667.00
5.995993,905.8364,620.00
5.995993,905.8859,651.00
5.995993,905.9354,606.00
5.995993,905.9848,694.00
5.995993,906.0342,663.00
5.995993,906.0837,658.00
5.995993,906.1331,609.00
5.995993,906.1826,633.00
5.995993,906.2321,611.00
5.995993,906.2814,655.00
5.995993,906.3309,595.00
5.995993,906.3802,658.00
5.995993,906.4297,640.00
5.995993,906.4791,665.00
5.995993,906.5285,639.00
5.995993,906.5779,613.00
5.995993,906.6273,593.00
5.995993,906.6766,644.00
5.995993,906.7260,632.00
5.995993,906.7754,685.00
5.995993,906.8248,582.00
5.995993,906.8741,670.00
5.995993,906.9235,614.00
5.995993,906.9729,616.00
5.995993,907.0222,614.00
5.995993,907.0715,657.00
5.995993,907.1208,595.00
5.995993,907.1702,675.00
5.995993,907.2195,600.00
5.995993,907.2688,641.00
5.995993,907.3181,634.00
5.995993,907.3674,653.00
5.995993,907.4167,633.00
5.995993,907.4660,634.00
5.995993,907.5153,576.00
5.995993,907.5646,625.00
5.995993,907.6139,590.00
5.995993,907.6631,670.00
5.995993,907.7125,603.00
5.995993,907.7617,632.00
5.995993,907.8110,586.00
5.995993,907.8602,647.00
5.995993,907.9094,593.00
5.995993,907.9587,593.00
5.995993,908.0080,548.00
5.995993,908.0572,673.00
5.995993,908.1064,583.00
5.995993,908.1556,660.00
5.995993,908.2048,636.00
5.995993,908.2541,590.00
5.995993,908.3033,630.00
5.995993,908.3524,633.00
5.995993,908.4017,558.00
5.995993,908.4508,670.00
5.995993,908.5000,603.00
5.995993,908.5493,615.00
5.995993,908.5984,614.00
5.995993,908.6475,615.00
5.995993,908.6967,595.00
5.995993,908.7459,617.00
5.995993,908.7950,561.00
5.995993,908.8442,645.00
5.995993,908.8932,583.00
5.995993,908.9424,663.00
5.995993,908.9916,606.00
5.995993,909.0407,660.00
5.995993,909.0898,640.00
5.995993,909.1389,631.00
5.995993,909.1880,601.00
5.995993,909.2372,655.00
5.995993,909.2863,538.00
5.995993,909.3354,678.00
5.995993,909.3845,585.00
5.995993,909.4335,662.00
5.995993,909.4825,643.00
5.995993,909.5317,611.00
5.995993,909.5807,597.00
5.995993,909.6298,634.00
5.995993,909.6789,571.00
5.995993,909.7280,659.00
5.995993,909.7770,611.00
5.995993,909.8260,648.00
5.995993,909.8751,597.00
5.995993,909.9241,637.00
5.995993,909.9731,617.00
5.995993,910.0222,649.00
5.995993,910.0711,604.00
5.995993,910.1201,648.00
5.995993,910.1691,588.00
5.995993,910.2181,670.00
5.995993,910.2672,614.00
5.995993,910.3162,624.00
5.995993,910.3651,618.00
5.995993,910.4141,656.00
5.995993,910.4631,621.00
5.995993,910.5120,635.00
5.995993,910.5610,614.00
5.995993,910.6099,633.00
5.995993,910.6589,632.00
5.995993,910.7078,646.00
5.995993,910.7568,623.00
5.995993,910.8057,613.00
5.995993,910.8546,630.00
5.995993,910.9036,648.00
5.995993,910.9525,573.00
5.995993,911.0013,653.00
5.995993,911.0503,638.00
5.995993,911.0992,655.00
5.995993,911.1481,630.00
5.995993,911.1970,650.00
5.995993,911.2459,638.00
5.995993,911.2948,637.00
5.995993,911.3436,621.00
5.995993,911.3925,607.00
5.995993,911.4414,619.00
5.995993,911.4902,661.00
5.995993,911.5391,630.00
5.995993,911.5880,626.00
5.995993,911.6368,653.00
5.995993,911.6857,643.00
5.995993,911.7344,588.00
5.995993,911.7833,659.00
5.995993,911.8321,597.00
5.995993,911.8809,678.00
5.995993,911.9297,603.00
5.995993,911.9785,668.00
5.995993,912.0273,655.00
5.995993,912.0762,640.00
5.995993,912.1249,657.00
5.995993,912.1737,625.00
5.995993,912.2225,620.00
5.995993,912.2712,659.00
5.995993,912.3201,658.00
5.995993,912.3688,696.00
5.995993,912.4176,636.00
5.995993,912.4663,626.00
5.995993,912.5150,589.00
5.995993,912.5638,623.00
5.995993,912.6125,618.00
5.995993,912.6613,674.00
5.995993,912.7100,603.00
5.995993,912.7587,654.00
5.995993,912.8074,649.00
5.995993,912.8561,657.00
5.995993,912.9048,657.00
5.995993,912.9535,657.00
5.995993,913.0023,623.00
5.995993,913.0510,638.00
5.995993,913.0996,618.00
5.995993,913.1483,660.00
5.995993,913.1969,622.00
5.995993,913.2456,657.00
5.995993,913.2943,675.00
5.995993,913.3430,645.00
5.995993,913.3916,628.00
5.995993,913.4402,627.00
5.995993,913.4888,628.00
5.995993,913.5375,691.00
5.995993,913.5862,626.00
5.995993,913.6348,680.00
5.995993,913.6834,667.00
5.995993,913.7320,664.00
5.995993,913.7806,655.00
5.995993,913.8292,671.00
5.995993,913.8778,632.00
5.995993,913.9264,673.00
5.995993,913.9750,600.00
5.995993,914.0236,711.00
5.995993,914.0721,613.00
5.995993,914.1207,684.00
5.995993,914.1693,616.00
5.995993,914.2178,676.00
5.995993,914.2664,639.00
5.995993,914.3149,692.00
5.995993,914.3635,640.00
5.995993,914.4120,684.00
5.995993,914.4606,662.00
5.995993,914.5090,691.00
5.995993,914.5576,678.00
5.995993,914.6061,704.00
5.995993,914.6546,646.00
5.995993,914.7031,695.00
5.995993,914.7516,615.00
5.995993,914.8001,721.00
5.995993,914.8486,668.00
5.995993,914.8971,711.00
5.995993,914.9456,659.00
5.995993,914.9941,705.00
5.995993,915.0425,664.00
5.995993,915.0910,660.00
5.995993,915.1395,615.00
5.995993,915.1879,683.00
5.995993,915.2363,632.00
5.995993,915.2849,726.00
5.995993,915.3333,676.00
5.995993,915.3817,723.00
5.995993,915.4301,659.00
5.995993,915.4785,672.00
5.995993,915.5269,637.00
5.995993,915.5754,696.00
5.995993,915.6237,609.00
5.995993,915.6721,689.00
5.995993,915.7205,666.00
5.995993,915.7689,714.00
5.995993,915.8173,656.00
5.995993,915.8657,676.00
5.995993,915.9141,668.00
5.995993,915.9623,683.00
5.995993,916.0107,629.00
5.995993,916.0591,686.00
5.995993,916.1075,644.00
5.995993,916.1558,700.00
5.995993,916.2042,665.00
5.995993,916.2524,692.00
5.995993,916.3008,655.00
5.995993,916.3491,674.00
5.995993,916.3974,604.00
5.995993,916.4457,692.00
5.995993,916.4940,630.00
5.995993,916.5423,711.00
5.995993,916.5907,669.00
5.995993,916.6390,668.00
5.995993,916.6872,654.00
5.995993,916.7355,651.00
5.995993,916.7838,601.00
5.995993,916.8320,676.00
5.995993,916.8803,606.00
5.995993,916.9286,701.00
5.995993,916.9768,597.00
5.995993,917.0250,688.00
5.995993,917.0733,686.00
5.995993,917.1216,661.00
5.995993,917.1698,644.00
5.995993,917.2180,650.00
5.995993,917.2662,636.00
5.995993,917.3145,683.00
5.995993,917.3626,688.00
5.995993,917.4109,696.00
5.995993,917.4590,615.00
5.995993,917.5072,692.00
5.995993,917.5554,671.00
5.995993,917.6036,672.00
5.995993,917.6518,634.00
5.995993,917.7000,709.00
5.995993,917.7481,622.00
5.995993,917.7963,693.00
5.995993,917.8444,662.00
5.995993,917.8926,701.00
5.995993,917.9407,642.00
5.995993,917.9888,671.00
5.995993,918.0369,630.00
5.995993,918.0851,669.00
5.995993,918.1332,648.00
5.995993,918.1813,691.00
5.995993,918.2294,651.00
5.995993,918.2776,711.00
5.995993,918.3257,634.00
5.995993,918.3737,668.00
5.995993,918.4218,669.00
5.995993,918.4699,719.00
5.995993,918.5180,631.00
5.995993,918.5660,679.00
5.995993,918.6142,644.00
5.995993,918.6622,688.00
5.995993,918.7103,681.00
5.995993,918.7583,693.00
5.995993,918.8064,693.00
5.995993,918.8544,652.00
5.995993,918.9025,684.00
5.995993,918.9505,688.00
5.995993,918.9985,624.00
5.995993,919.0464,730.00
5.995993,919.0945,672.00
5.995993,919.1426,724.00
5.995993,919.1905,696.00
5.995993,919.2385,674.00
5.995993,919.2866,637.00
5.995993,919.3345,692.00
5.995993,919.3825,634.00
5.995993,919.4304,680.00
5.995993,919.4785,661.00
5.995993,919.5264,698.00
5.995993,919.5744,672.00
5.995993,919.6224,637.00
5.995993,919.6703,676.00
5.995993,919.7182,680.00
5.995993,919.7661,629.00
5.995993,919.8141,702.00
5.995993,919.8620,670.00
5.995993,919.9100,714.00
5.995993,919.9578,662.00
5.995993,920.0057,726.00
5.995993,920.0536,655.00
5.995993,920.1016,669.00
5.995993,920.1495,623.00
5.995993,920.1973,691.00
5.995993,920.2452,585.00
5.995993,920.2932,697.00
5.995993,920.3410,690.00
5.995993,920.3888,679.00
5.995993,920.4367,671.00
5.995993,920.4846,650.00
5.995993,920.5323,610.00
5.995993,920.5803,667.00
5.995993,920.6281,623.00
5.995993,920.6759,703.00
5.995993,920.7237,665.00
5.995993,920.7715,699.00
5.995993,920.8195,651.00
5.995993,920.8672,665.00
5.995993,920.9150,653.00
5.995993,920.9628,676.00
5.995993,921.0106,635.00
5.995993,921.0584,683.00
5.995993,921.1062,602.00
5.995993,921.1540,688.00
5.995993,921.2017,626.00
5.995993,921.2495,643.00
5.995993,921.2973,639.00
5.995993,921.3450,669.00
5.995993,921.3928,622.00
5.995993,921.4405,669.00
5.995993,921.4882,577.00
5.995993,921.5359,687.00
5.995993,921.5837,654.00
5.995993,921.6315,663.00
5.995993,921.6791,630.00
5.995993,921.7269,674.00
5.995993,921.7746,613.00
5.995993,921.8223,639.00
5.995993,921.8700,611.00
5.995993,921.9177,663.00
5.995993,921.9653,621.00
5.995993,922.0130,684.00
5.995993,922.0607,625.00
5.995993,922.1084,673.00
5.995993,922.1561,645.00
5.995993,922.2037,672.00
5.995993,922.2513,606.00
5.995993,922.2990,678.00
5.995993,922.3467,612.00
5.995993,922.3943,688.00
5.995993,922.4419,622.00
5.995993,922.4895,649.00
5.995993,922.5371,639.00
5.995993,922.5848,650.00
5.995993,922.6324,652.00
5.995993,922.6800,657.00
5.995993,922.7276,606.00
5.995993,922.7752,679.00
5.995993,922.8228,657.00
5.995993,922.8704,694.00
5.995993,922.9179,638.00
5.995993,922.9655,697.00
5.995993,923.0130,657.00
5.995993,923.0607,700.00
5.995993,923.1082,621.00
5.995993,923.1558,707.00
5.995993,923.2032,642.00
5.995993,923.2508,674.00
5.995993,923.2983,668.00
5.995993,923.3459,668.00
5.995993,923.3934,651.00
5.995993,923.4409,661.00
5.995993,923.4884,631.00
5.995993,923.5359,662.00
5.995993,923.5834,628.00
5.995993,923.6309,671.00
5.995993,923.6784,650.00
5.995993,923.7259,657.00
5.995993,923.7734,615.00
5.995993,923.8209,668.00
5.995993,923.8683,623.00
5.995993,923.9158,663.00
5.995993,923.9632,634.00
5.995993,924.0106,695.00
5.995993,924.0581,624.00
5.995993,924.1056,657.00
5.995993,924.1530,607.00
5.995993,924.2004,665.00
5.995993,924.2479,625.00
5.995993,924.2952,644.00
5.995993,924.3427,588.00
5.995993,924.3901,689.00
5.995993,924.4375,630.00
5.995993,924.4849,698.00
5.995993,924.5323,648.00
5.995993,924.5797,662.00
5.995993,924.6270,650.00
5.995993,924.6744,687.00
5.995993,924.7218,611.00
5.995993,924.7692,674.00
5.995993,924.8165,623.00
5.995993,924.8639,689.00
5.995993,924.9112,653.00
5.995993,924.9585,671.00
5.995993,925.0059,673.00
5.995993,925.0532,643.00
5.995993,925.1005,608.00
5.995993,925.1478,688.00
5.995993,925.1952,627.00
5.995993,925.2424,678.00
5.995993,925.2897,647.00
5.995993,925.3370,692.00
5.995993,925.3843,634.00
5.995993,925.4316,651.00
5.995993,925.4789,593.00
5.995993,925.5262,677.00
5.995993,925.5734,618.00
5.995993,925.6207,687.00
5.995993,925.6680,627.00
5.995993,925.7153,684.00
5.995993,925.7625,658.00
5.995993,925.8097,631.00
5.995993,925.8569,651.00
5.995993,925.9042,665.00
5.995993,925.9514,620.00
5.995993,925.9987,691.00
5.995993,926.0458,615.00
5.995993,926.0930,709.00
5.995993,926.1403,652.00
5.995993,926.1874,694.00
5.995993,926.2346,659.00
5.995993,926.2819,681.00
5.995993,926.3290,604.00
5.995993,926.3762,664.00
5.995993,926.4233,607.00
5.995993,926.4705,711.00
5.995993,926.5177,690.00
5.995993,926.5648,708.00
5.995993,926.6120,678.00
5.995993,926.6591,729.00
5.995993,926.7063,689.00
5.995993,926.7534,685.00
5.995993,926.8005,614.00
5.995993,926.8477,711.00
5.995993,926.8947,652.00
5.995993,926.9418,712.00
5.995993,926.9890,700.00
5.995993,927.0361,687.00
5.995993,927.0831,665.00
5.995993,927.1302,702.00
5.995993,927.1773,644.00
5.995993,927.2244,734.00
5.995993,927.2715,669.00
5.995993,927.3185,710.00
5.995993,927.3656,677.00
5.995993,927.4126,724.00
5.995993,927.4597,737.00
5.995993,927.5067,696.00
5.995993,927.5538,669.00
5.995993,927.6008,716.00
5.995993,927.6478,678.00
5.995993,927.6949,756.00
5.995993,927.7419,678.00
5.995993,927.7888,724.00
5.995993,927.8358,728.00
5.995993,927.8829,745.00
5.995993,927.9299,690.00
5.995993,927.9769,773.00
5.995993,928.0239,708.00
5.995993,928.0708,736.00
5.995993,928.1177,702.00
5.995993,928.1648,757.00
5.995993,928.2117,784.00
5.995993,928.2587,816.00
5.995993,928.3056,936.00
5.995993,928.3525,1021.00
5.995993,928.3995,952.00
5.995993,928.4465,1006.00
5.995993,928.4934,984.00
5.995993,928.5402,1130.00
5.995993,928.5872,1274.00
5.995993,928.6340,1498.00
5.995993,928.6810,1661.00
5.995993,928.7279,1906.00
5.995993,928.7748,2745.00
5.995993,928.8217,3989.00
5.995993,928.8685,4347.00
5.995993,928.9155,4196.00
5.995993,928.9623,3961.00
5.995993,929.0092,4006.00
5.995993,929.0560,4494.00
5.995993,929.1028,6657.00
5.995993,929.1498,10844.00
5.995993,929.1965,14342.00
5.995993,929.2434,15019.00
5.995993,929.2902,12325.00
5.995993,929.3370,7242.00
5.995993,929.3839,3110.00
5.995993,929.4307,1391.00
5.995993,929.4775,1069.00
5.995993,929.5243,982.00
5.995993,929.5710,941.00
5.995993,929.6179,839.00
5.995993,929.6647,841.00
5.995993,929.7115,776.00
5.995993,929.7582,827.00
5.995993,929.8050,724.00
5.995993,929.8517,751.00
5.995993,929.8986,706.00
5.995993,929.9453,670.00
5.995993,929.9921,707.00
5.995993,930.0388,730.00
5.995993,930.0854,641.00
5.995993,930.1323,711.00
5.995993,930.1790,673.00
5.995993,930.2256,719.00
5.995993,930.2724,677.00
5.995993,930.3191,682.00
5.995993,930.3658,655.00
5.995993,930.4125,694.00
5.995993,930.4592,689.00
5.995993,930.5059,720.00
5.995993,930.5526,639.00
5.995993,930.5993,693.00
5.995993,930.6459,681.00
5.995993,930.6926,692.00
5.995993,930.7392,670.00
5.995993,930.7859,691.00
5.995993,930.8325,634.00
5.995993,930.8792,700.00
5.995993,930.9258,662.00
5.995993,930.9725,681.00
5.995993,931.0190,679.00
5.995993,931.0657,711.00
5.995993,931.1123,688.00
5.995993,931.1589,679.00
5.995993,931.2055,656.00
5.995993,931.2521,693.00
5.995993,931.2987,645.00
5.995993,931.3453,700.00
5.995993,931.3919,643.00
5.995993,931.4385,700.00
5.995993,931.4850,676.00
5.995993,931.5316,672.00
5.995993,931.5782,614.00
5.995993,931.6248,667.00
5.995993,931.6713,650.00
5.995993,931.7178,692.00
5.995993,931.7643,652.00
5.995993,931.8109,693.00
5.995993,931.8574,673.00
5.995993,931.9039,697.00
5.995993,931.9504,686.00
5.995993,931.9969,684.00
5.995993,932.0435,628.00
5.995993,932.0900,702.00
5.995993,932.1365,642.00
5.995993,932.1829,695.00
5.995993,932.2294,648.00
5.995993,932.2759,702.00
5.995993,932.3223,665.00
5.995993,932.3688,655.00
5.995993,932.4153,637.00
5.995993,932.4617,706.00
5.995993,932.5082,635.00
5.995993,932.5546,696.00
5.995993,932.6011,677.00
5.995993,932.6475,696.00
5.995993,932.6939,693.00
5.995993,932.7402,709.00
5.995993,932.7867,664.00
5.995993,932.8331,684.00
5.995993,932.8795,618.00
5.995993,932.9259,722.00
5.995993,932.9723,652.00
5.995993,933.0187,706.00
5.995993,933.0651,678.00
5.995993,933.1115,691.00
5.995993,933.1578,677.00
5.995993,933.2042,660.00
5.995993,933.2505,645.00
5.995993,933.2969,715.00
5.995993,933.3433,677.00
5.995993,933.3896,712.00
5.995993,933.4359,676.00
5.995993,933.4822,712.00
5.995993,933.5286,659.00
5.995993,933.5749,678.00
5.995993,933.6212,688.00
5.995993,933.6675,680.00
5.995993,933.7138,662.00
5.995993,933.7601,735.00
5.995993,933.8064,651.00
5.995993,933.8527,686.00
5.995993,933.8989,652.00
5.995993,933.9452,689.00
5.995993,933.9915,691.00
5.995993,934.0378,683.00
5.995993,934.0840,639.00
5.995993,934.1302,756.00
5.995993,934.1765,652.00
5.995993,934.2227,713.00
5.995993,934.2690,705.00
5.995993,934.3152,661.00
5.995993,934.3614,666.00
5.995993,934.4077,702.00
5.995993,934.4539,652.00
5.995993,934.5001,714.00
5.995993,934.5463,676.00
5.995993,934.5925,745.00
5.995993,934.6387,707.00
5.995993,934.6848,688.00
5.995993,934.7310,695.00
5.995993,934.7772,692.00
5.995993,934.8234,644.00
5.995993,934.8695,671.00
5.995993,934.9156,680.00
5.995993,934.9619,705.00
5.995993,935.0080,674.00
5.995993,935.0541,696.00
5.995993,935.1002,673.00
5.995993,935.1464,672.00
5.995993,935.1925,668.00
5.995993,935.2386,721.00
5.995993,935.2847,674.00
5.995993,935.3308,710.00
5.995993,935.3769,668.00
5.995993,935.4230,704.00
5.995993,935.4691,678.00
5.995993,935.5152,699.00
5.995993,935.5613,689.00
5.995993,935.6073,698.00
5.995993,935.6534,646.00
5.995993,935.6995,707.00
5.995993,935.7455,621.00
5.995993,935.7916,712.00
5.995993,935.8376,699.00
5.995993,935.8837,711.00
5.995993,935.9297,663.00
5.995993,935.9757,694.00
5.995993,936.0217,622.00
5.995993,936.0677,671.00
5.995993,936.1137,615.00
5.995993,936.1598,689.00
5.995993,936.2057,643.00
5.995993,936.2518,703.00
5.995993,936.2977,657.00
5.995993,936.3437,677.00
5.995993,936.3896,618.00
5.995993,936.4357,641.00
5.995993,936.4816,587.00
5.995993,936.5275,692.00
5.995993,936.5735,642.00
5.995993,936.6194,683.00
5.995993,936.6654,682.00
5.995993,936.7114,661.00
5.995993,936.7573,616.00
5.995993,936.8032,653.00
5.995993,936.8491,579.00
5.995993,936.8950,649.00
5.995993,936.9409,592.00
5.995993,936.9868,670.00
5.995993,937.0327,614.00
5.995993,937.0786,635.00
5.995993,937.1245,646.00
5.995993,937.1704,644.00
5.995993,937.2162,615.00
5.995993,937.2621,671.00
5.995993,937.3080,591.00
5.995993,937.3539,661.00
5.995993,937.3997,614.00
5.995993,937.4455,683.00
5.995993,937.4913,645.00
5.995993,937.5372,677.00
5.995993,937.5831,640.00
5.995993,937.6289,643.00
5.995993,937.6747,613.00
5.995993,937.7205,668.00
5.995993,937.7663,580.00
5.995993,937.8121,688.00
5.995993,937.8579,625.00
5.995993,937.9037,622.00
5.995993,937.9495,634.00
5.995993,937.9952,670.00
5.995993,938.0410,620.00
5.995993,938.0868,656.00
5.995993,938.1325,579.00
5.995993,938.1783,677.00
5.995993,938.2240,611.00
5.995993,938.2698,654.00
5.995993,938.3155,616.00
5.995993,938.3613,653.00
5.995993,938.4069,622.00
5.995993,938.4527,647.00
5.995993,938.4984,627.00
5.995993,938.5441,696.00
5.995993,938.5898,636.00
5.995993,938.6356,669.00
5.995993,938.6812,647.00
5.995993,938.7269,651.00
5.995993,938.7726,632.00
5.995993,938.8182,662.00
5.995993,938.8640,638.00
5.995993,938.9096,669.00
5.995993,938.9552,613.00
5.995993,939.0010,648.00
5.995993,939.0466,681.00
5.995993,939.0922,665.00
5.995993,939.1378,662.00
5.995993,939.1835,710.00
5.995993,939.2291,608.00
5.995993,939.2747,682.00
5.995993,939.3203,646.00
5.995993,939.3659,697.00
5.995993,939.4115,647.00
5.995993,939.4570,688.00
5.995993,939.5027,681.00
5.995993,939.5483,693.00
5.995993,939.5939,616.00
5.995993,939.6395,653.00
5.995993,939.6851,636.00
5.995993,939.7306,728.00
5.995993,939.7761,670.00
5.995993,939.8217,734.00
5.995993,939.8672,670.00
5.995993,939.9127,686.00
5.995993,939.9583,648.00
5.995993,940.0038,693.00
5.995993,940.0493,663.00
5.995993,940.0948,735.00
5.995993,940.1403,609.00
5.995993,940.1859,756.00
5.995993,940.2314,678.00
5.995993,940.2769,695.00
5.995993,940.3223,651.00
5.995993,940.3678,714.00
5.995993,940.4133,650.00
5.995993,940.4588,673.00
5.995993,940.5042,667.00
5.995993,940.5497,709.00
5.995993,940.5952,631.00
5.995993,940.6406,703.00
5.995993,940.6860,690.00
5.995993,940.7315,707.00
5.995993,940.7769,636.00
5.995993,940.8223,713.00
5.995993,940.8677,669.00
5.995993,940.9132,703.00
5.995993,940.9586,649.00
5.995993,941.0040,732.00
5.995993,941.0494,706.00
5.995993,941.0948,712.00
5.995993,941.1402,683.00
5.995993,941.1855,680.00
5.995993,941.2310,642.00
5.995993,941.2762,725.00
5.995993,941.3216,656.00
5.995993,941.3670,711.00
5.995993,941.4124,650.00
5.995993,941.4577,673.00
5.995993,941.5031,658.00
5.995993,941.5483,692.00
5.995993,941.5937,669.00
5.995993,941.6390,699.00
5.995993,941.6843,640.00
5.995993,941.7296,699.00
5.995993,941.7749,652.00
5.995993,941.8203,672.00
5.995993,941.8655,681.00
5.995993,941.9108,672.00
5.995993,941.9561,651.00
5.995993,942.0013,686.00
5.995993,942.0467,634.00
5.995993,942.0920,718.00
5.995993,942.1372,672.00
5.995993,942.1824,705.00
5.995993,942.2277,665.00
5.995993,942.2729,693.00
5.995993,942.3182,655.00
5.995993,942.3634,706.00
5.995993,942.4086,644.00
5.995993,942.4539,670.00
5.995993,942.4990,670.00
5.995993,942.5443,705.00
5.995993,942.5895,659.00
5.995993,942.6347,698.00
5.995993,942.6798,659.00
5.995993,942.7250,657.00
5.995993,942.7702,644.00
5.995993,942.8154,711.00
5.995993,942.8606,625.00
5.995993,942.9058,703.00
5.995993,942.9508,640.00
5.995993,942.9960,716.00
5.995993,943.0412,673.00
5.995993,943.0864,682.00
5.995993,943.1314,645.00
5.995993,943.1766,712.00
5.995993,943.2217,652.00
5.995993,943.2668,714.00
5.995993,943.3120,649.00
5.995993,943.3571,712.00
5.995993,943.4021,674.00
5.995993,943.4473,714.00
5.995993,943.4923,671.00
5.995993,943.5374,682.00
5.995993,943.5825,678.00
5.995993,943.6276,711.00
5.995993,943.6725,585.00
5.995993,943.7177,673.00
5.995993,943.7627,693.00
5.995993,943.8078,675.00
5.995993,943.8528,667.00
5.995993,943.8978,700.00
5.995993,943.9429,664.00
5.995993,943.9879,738.00
5.995993,944.0330,653.00
5.995993,944.0779,713.00
5.995993,944.1229,650.00
5.995993,944.1679,706.00
5.995993,944.2130,681.00
5.995993,944.2579,700.00
5.995993,944.3029,670.00
5.995993,944.3478,639.00
5.995993,944.3929,627.00
5.995993,944.4379,736.00
5.995993,944.4828,668.00
5.995993,944.5277,747.00
5.995993,944.5727,651.00
5.995993,944.6176,671.00
5.995993,944.6626,668.00
5.995993,944.7076,700.00
5.995993,944.7524,633.00
5.995993,944.7974,725.00
5.995993,944.8423,653.00
5.995993,944.8872,734.00
5.995993,944.9321,668.00
5.995993,944.9770,706.00
5.995993,945.0219,678.00
5.995993,945.0667,666.00
5.995993,945.1116,671.00
5.995993,945.1566,672.00
5.995993,945.2014,631.00
5.995993,945.2463,721.00
5.995993,945.2911,643.00
5.995993,945.3360,729.00
5.995993,945.3808,692.00
5.995993,945.4257,709.00
5.995993,945.4705,688.00
5.995993,945.5153,679.00
5.995993,945.5601,616.00
5.995993,945.6050,748.00
5.995993,945.6498,648.00
5.995993,945.6946,668.00
5.995993,945.7394,669.00
5.995993,945.7842,682.00
5.995993,945.8290,658.00
5.995993,945.8738,720.00
5.995993,945.9186,646.00
5.995993,945.9633,700.00
5.995993,946.0081,639.00
5.995993,946.0529,705.00
5.995993,946.0976,654.00
5.995993,946.1423,681.00
5.995993,946.1871,670.00
5.995993,946.2318,665.00
5.995993,946.2766,604.00
5.995993,946.3213,693.00
5.995993,946.3660,630.00
5.995993,946.4107,649.00
5.995993,946.4554,650.00
5.995993,946.5001,708.00
5.995993,946.5449,682.00
5.995993,946.5895,663.00
5.995993,946.6342,632.00
5.995993,946.6789,671.00
5.995993,946.7236,638.00
5.995993,946.7682,681.00
5.995993,946.8129,653.00
5.995993,946.8575,738.00
5.995993,946.9022,651.00
5.995993,946.9468,705.00
5.995993,946.9915,672.00
5.995993,947.0361,696.00
5.995993,947.0807,645.00
5.995993,947.1253,669.00
5.995993,947.1700,612.00
5.995993,947.2146,712.00
5.995993,947.2592,634.00
5.995993,947.3038,704.00
5.995993,947.3483,660.00
5.995993,947.3929,686.00
5.995993,947.4376,620.00
5.995993,947.4821,665.00
5.995993,947.5267,620.00
5.995993,947.5712,710.00
5.995993,947.6158,647.00
5.995993,947.6604,682.00
5.995993,947.7050,654.00
5.995993,947.7495,658.00
5.995993,947.7939,617.00
5.995993,947.8385,679.00
5.995993,947.8831,593.00
5.995993,947.9276,675.00
5.995993,947.9720,621.00
5.995993,948.0166,648.00
5.995993,948.0611,619.00
5.995993,948.1056,634.00
5.995993,948.1501,631.00
5.995993,948.1945,670.00
5.995993,948.2390,628.00
5.995993,948.2835,683.00
5.995993,948.3279,595.00
5.995993,948.3724,667.00
5.995993,948.4169,635.00
5.995993,948.4613,686.00
5.995993,948.5057,645.00
5.995993,948.5502,625.00
5.995993,948.5947,609.00
5.995993,948.6391,677.00
5.995993,948.6835,623.00
5.995993,948.7279,698.00
5.995993,948.7723,652.00
5.995993,948.8167,674.00
5.995993,948.8611,624.00
5.995993,948.9055,657.00
5.995993,948.9498,609.00
5.995993,948.9943,666.00
5.995993,949.0387,631.00
5.995993,949.0830,672.00
5.995993,949.1273,644.00
5.995993,949.1718,686.00
5.995993,949.2161,629.00
5.995993,949.2604,679.00
5.995993,949.3047,626.00
5.995993,949.3491,648.00
5.995993,949.3934,619.00
5.995993,949.4377,670.00
5.995993,949.4821,597.00
5.995993,949.5264,681.00
5.995993,949.5707,656.00
5.995993,949.6150,671.00
5.995993,949.6592,649.00
5.995993,949.7036,668.00
5.995993,949.7479,614.00
5.995993,949.7921,698.00
5.995993,949.8363,625.00
5.995993,949.8806,690.00
5.995993,949.9249,648.00
5.995993,949.9692,665.00
5.995993,950.0134,621.00
5.995993,950.0576,682.00
5.995993,950.1019,641.00
5.995993,950.1461,702.00
5.995993,950.1903,618.00
5.995993,950.2346,700.00
5.995993,950.2787,647.00
5.995993,950.3229,694.00
5.995993,950.3671,651.00
5.995993,950.4114,699.00
5.995993,950.4555,646.00
5.995993,950.4997,661.00
5.995993,950.5439,657.00
5.995993,950.5880,701.00
5.995993,950.6322,619.00
5.995993,950.6763,667.00
5.995993,950.7205,658.00
5.995993,950.7646,688.00
5.995993,950.8088,650.00
5.995993,950.8530,667.00
5.995993,950.8971,633.00
5.995993,950.9412,675.00
5.995993,950.9853,596.00
5.995993,951.0294,665.00
5.995993,951.0735,631.00
5.995993,951.1177,720.00
5.995993,951.1617,667.00
5.995993,951.2057,658.00
5.995993,951.2499,678.00
5.995993,951.2939,651.00
5.995993,951.3380,636.00
5.995993,951.3821,655.00
5.995993,951.4261,611.00
5.995993,951.4702,705.00
5.995993,951.5142,649.00
5.995993,951.5582,692.00
5.995993,951.6024,617.00
5.995993,951.6464,713.00
5.995993,951.6904,668.00
5.995993,951.7344,700.00
5.995993,951.7784,602.00
5.995993,951.8224,694.00
5.995993,951.8665,646.00
5.995993,951.9104,682.00
5.995993,951.9544,648.00
5.995993,951.9984,663.00
5.995993,952.0424,643.00
5.995993,952.0864,691.00
5.995993,952.1303,625.00
5.995993,952.1743,706.00
5.995993,952.2183,661.00
5.995993,952.2621,723.00
5.995993,952.3061,645.00
5.995993,952.3500,698.00
5.995993,952.3940,631.00
5.995993,952.4379,690.00
5.995993,952.4818,625.00
5.995993,952.5258,688.00
5.995993,952.5696,679.00
5.995993,952.6136,727.00
5.995993,952.6574,635.00
5.995993,952.7014,686.00
5.995993,952.7452,636.00
5.995993,952.7891,677.00
5.995993,952.8330,645.00
5.995993,952.8768,703.00
5.995993,952.9207,669.00
5.995993,952.9645,746.00
5.995993,953.0084,650.00
5.995993,953.0522,660.00
5.995993,953.0961,657.00
5.995993,953.1400,662.00
5.995993,953.1838,625.00
5.995993,953.2275,665.00
5.995993,953.2714,624.00
5.995993,953.3152,728.00
5.995993,953.3589,651.00
5.995993,953.4028,692.00
5.995993,953.4466,648.00
5.995993,953.4904,680.00
5.995993,953.5341,662.00
5.995993,953.5779,669.00
5.995993,953.6217,616.00
5.995993,953.6654,662.00
5.995993,953.7092,604.00
5.995993,953.7529,673.00
5.995993,953.7967,620.00
5.995993,953.8405,676.00
5.995993,953.8842,627.00
5.995993,953.9279,632.00
5.995993,953.9716,614.00
5.995993,954.0153,634.00
5.995993,954.0590,620.00
5.995993,954.1027,655.00
5.995993,954.1464,638.00
5.995993,954.1901,663.00
5.995993,954.2338,645.00
5.995993,954.2774,654.00
5.995993,954.3212,605.00
5.995993,954.3648,663.00
5.995993,954.4084,603.00
5.995993,954.4521,672.00
5.995993,954.4958,629.00
5.995993,954.5394,642.00
5.995993,954.5831,627.00
5.995993,954.6267,615.00
5.995993,954.6703,634.00
5.995993,954.7139,630.00
5.995993,954.7576,633.00
5.995993,954.8012,663.00
5.995993,954.8448,621.00
5.995993,954.8884,683.00
5.995993,954.9319,625.00
5.995993,954.9755,694.00
5.995993,955.0191,647.00
5.995993,955.0627,630.00
5.995993,955.1063,599.00
5.995993,955.1498,628.00
5.995993,955.1934,589.00
5.995993,955.2369,671.00
5.995993,955.2805,605.00
5.995993,955.3240,653.00
5.995993,955.3675,650.00
5.995993,955.4111,658.00
5.995993,955.4546,601.00
5.995993,955.4981,646.00
5.995993,955.5416,580.00
5.995993,955.5851,657.00
5.995993,955.6285,623.00
5.995993,955.6722,670.00
5.995993,955.7156,613.00
5.995993,955.7590,634.00
5.995993,955.8025,648.00
5.995993,955.8460,661.00
5.995993,955.8895,597.00
5.995993,955.9329,676.00
5.995993,955.9764,615.00
5.995993,956.0198,668.00
5.995993,956.0632,630.00
5.995993,956.1067,696.00
5.995993,956.1501,636.00
5.995993,956.1935,671.00
5.995993,956.2369,606.00
5.995993,956.2803,627.00
5.995993,956.3238,586.00
5.995993,956.3671,684.00
5.995993,956.4105,643.00
5.995993,956.4539,667.00
5.995993,956.4973,633.00
5.995993,956.5406,627.00
5.995993,956.5841,610.00
5.995993,956.6274,629.00
5.995993,956.6707,595.00
5.995993,956.7141,686.00
5.995993,956.7575,601.00
5.995993,956.8008,663.00
5.995993,956.8442,620.00
5.995993,956.8875,651.00
5.995993,956.9308,625.00
5.995993,956.9741,638.00
5.995993,957.0174,625.00
5.995993,957.0607,660.00
5.995993,957.1040,607.00
5.995993,957.1473,686.00
5.995993,957.1906,617.00
5.995993,957.2339,692.00
5.995993,957.2772,654.00
5.995993,957.3204,673.00
5.995993,957.3636,611.00
5.995993,957.4069,662.00
5.995993,957.4502,634.00
5.995993,957.4934,679.00
5.995993,957.5366,630.00
5.995993,957.5799,655.00
5.995993,957.6230,615.00
5.995993,957.6664,655.00
5.995993,957.7095,631.00
5.995993,957.7527,687.00
5.995993,957.7959,621.00
5.995993,957.8392,689.00
5.995993,957.8823,613.00
5.995993,957.9255,757.00
5.995993,957.9687,633.00
5.995993,958.0118,646.00
5.995993,958.0551,650.00
5.995993,958.0983,716.00
5.995993,958.1414,654.00
5.995993,958.1845,696.00
5.995993,958.2277,639.00
5.995993,958.2708,699.00
5.995993,958.3139,656.00
5.995993,958.3571,703.00
5.995993,958.4001,632.00
5.995993,958.4432,675.00
5.995993,958.4864,619.00
5.995993,958.5295,702.00
5.995993,958.5726,627.00
5.995993,958.6157,682.00
5.995993,958.6588,643.00
5.995993,958.7018,687.00
5.995993,958.7449,621.00
5.995993,958.7879,685.00
5.995993,958.8311,617.00
5.995993,958.8741,691.00
5.995993,958.9171,611.00
5.995993,958.9601,672.00
5.995993,959.0032,632.00
5.995993,959.0463,698.00
5.995993,959.0893,675.00
5.995993,959.1323,661.00
5.995993,959.1752,660.00
5.995993,959.2183,674.00
5.995993,959.2613,651.00
5.995993,959.3043,667.00
5.995993,959.3472,580.00
5.995993,959.3903,672.00
5.995993,959.4332,627.00
5.995993,959.4763,685.00
5.995993,959.5192,627.00
5.995993,959.5621,622.00
5.995993,959.6051,606.00
5.995993,959.6480,671.00
5.995993,959.6910,584.00
5.995993,959.7339,685.00
5.995993,959.7768,617.00
5.995993,959.8198,669.00
5.995993,959.8627,597.00
5.995993,959.9056,646.00
5.995993,959.9485,600.00
5.995993,959.9915,622.00
5.995993,960.0343,564.00
5.995993,960.0771,658.00
5.995993,960.1201,581.00
5.995993,960.1630,658.00
5.995993,960.2058,621.00
5.995993,960.2487,628.00
5.995993,960.2915,621.00
5.995993,960.3344,620.00
5.995993,960.3773,575.00
5.995993,960.4200,662.00
5.995993,960.4629,544.00
5.995993,960.5057,670.00
5.995993,960.5485,592.00
5.995993,960.5914,643.00
5.995993,960.6342,641.00
5.995993,960.6770,612.00
5.995993,960.7198,601.00
5.995993,960.7626,610.00
5.995993,960.8054,579.00
5.995993,960.8481,648.00
5.995993,960.8909,634.00
5.995993,960.9337,664.00
5.995993,960.9764,605.00
5.995993,961.0192,653.00
5.995993,961.0620,596.00
5.995993,961.1047,629.00
5.995993,961.1475,600.00
5.995993,961.1902,638.00
5.995993,961.2329,588.00
5.995993,961.2757,650.00
5.995993,961.3184,640.00
5.995993,961.3611,600.00
5.995993,961.4037,595.00
5.995993,961.4465,638.00
5.995993,961.4892,597.00
5.995993,961.5319,640.00
5.995993,961.5745,544.00
5.995993,961.6172,663.00
5.995993,961.6599,605.00
5.995993,961.7026,660.00
5.995993,961.7452,620.00
5.995993,961.7878,622.00
5.995993,961.8304,627.00
5.995993,961.8731,640.00
5.995993,961.9157,602.00
5.995993,961.9584,628.00
5.995993,962.0010,647.00
5.995993,962.0436,643.00
5.995993,962.0862,598.00
5.995993,962.1288,621.00
5.995993,962.1714,598.00
5.995993,962.2140,645.00
5.995993,962.2565,577.00
5.995993,962.2991,643.00
5.995993,962.3417,578.00
5.995993,962.3843,657.00
5.995993,962.4268,634.00
5.995993,962.4694,632.00
5.995993,962.5119,613.00
5.995993,962.5545,665.00
5.995993,962.5970,626.00
5.995993,962.6396,663.00
5.995993,962.6821,580.00
5.995993,962.7246,700.00
5.995993,962.7671,636.00
5.995993,962.8096,675.00
5.995993,962.8522,619.00
5.995993,962.8947,624.00
5.995993,962.9371,592.00
5.995993,962.9796,626.00
5.995993,963.0222,601.00
5.995993,963.0646,673.00
5.995993,963.1070,598.00
5.995993,963.1495,640.00
5.995993,963.1919,623.00
5.995993,963.2344,618.00
5.995993,963.2768,596.00
5.995993,963.3193,631.00
5.995993,963.3616,598.00
5.995993,963.4041,673.00
5.995993,963.4465,607.00
5.995993,963.4889,660.00
5.995993,963.5314,641.00
5.995993,963.5737,633.00
5.995993,963.6161,630.00
5.995993,963.6585,621.00
5.995993,963.7009,572.00
5.995993,963.7433,632.00
5.995993,963.7856,628.00
5.995993,963.8280,695.00
5.995993,963.8704,592.00
5.995993,963.9127,646.00
5.995993,963.9551,610.00
5.995993,963.9974,622.00
5.995993,964.0397,619.00
5.995993,964.0820,666.00
5.995993,964.1244,609.00
5.995993,964.1667,675.00
5.995993,964.2090,603.00
5.995993,964.2513,663.00
5.995993,964.2936,595.00
5.995993,964.3359,658.00
5.995993,964.3782,611.00
5.995993,964.4205,637.00
5.995993,964.4627,587.00
5.995993,964.5050,653.00
5.995993,964.5472,593.00
5.995993,964.5895,675.00
5.995993,964.6317,634.00
5.995993,964.6740,637.00
5.995993,964.7162,638.00
5.995993,964.7585,612.00
5.995993,964.8007,575.00
5.995993,964.8429,633.00
5.995993,964.8851,574.00
5.995993,964.9273,657.00
5.995993,964.9695,570.00
5.995993,965.0118,651.00
5.995993,965.0539,608.00
5.995993,965.0961,611.00
5.995993,965.1382,658.00
5.995993,965.1805,629.00
5.995993,965.2226,595.00
5.995993,965.2648,662.00
5.995993,965.3069,599.00
5.995993,965.3491,641.00
5.995993,965.3912,614.00
5.995993,965.4333,641.00
5.995993,965.4755,611.00
5.995993,965.5176,643.00
5.995993,965.5598,596.00
5.995993,965.6019,647.00
5.995993,965.6439,598.00
5.995993,965.6861,633.00
5.995993,965.7281,597.00
5.995993,965.7702,616.00
5.995993,965.8123,581.00
5.995993,965.8543,621.00
5.995993,965.8964,572.00
5.995993,965.9385,622.00
5.995993,965.9806,582.00
5.995993,966.0226,662.00
5.995993,966.0647,574.00
5.995993,966.1068,590.00
5.995993,966.1487,599.00
5.995993,966.1907,631.00
5.995993,966.2328,581.00
5.995993,966.2748,677.00
5.995993,966.3168,607.00
5.995993,966.3588,629.00
5.995993,966.4008,577.00
5.995993,966.4427,610.00
5.995993,966.4848,602.00
5.995993,966.5268,639.00
5.995993,966.5688,586.00
5.995993,966.6107,650.00
5.995993,966.6526,581.00
5.995993,966.6946,645.00
5.995993,966.7366,571.00
5.995993,966.7785,635.00
5.995993,966.8204,611.00
5.995993,966.8624,624.00
5.995993,966.9042,620.00
5.995993,966.9462,625.00
5.995993,966.9881,595.00
5.995993,967.0300,643.00
5.995993,967.0719,554.00
5.995993,967.1138,654.00
5.995993,967.1556,592.00
5.995993,967.1976,681.00
5.995993,967.2394,635.00
5.995993,967.2813,635.00
5.995993,967.3232,603.00
5.995993,967.3651,650.00
5.995993,967.4070,540.00
5.995993,967.4488,641.00
5.995993,967.4906,603.00
5.995993,967.5324,687.00
5.995993,967.5743,637.00
5.995993,967.6161,648.00
5.995993,967.6579,622.00
5.995993,967.6997,649.00
5.995993,967.7415,589.00
5.995993,967.7833,680.00
5.995993,967.8251,588.00
5.995993,967.8669,661.00
5.995993,967.9087,640.00
5.995993,967.9504,628.00
5.995993,967.9922,640.00
5.995993,968.0339,642.00
5.995993,968.0757,600.00
5.995993,968.1174,660.00
5.995993,968.1592,558.00
5.995993,968.2009,656.00
5.995993,968.2427,601.00
5.995993,968.2844,650.00
5.995993,968.3262,676.00
5.995993,968.3679,625.00
5.995993,968.4095,622.00
5.995993,968.4512,636.00
5.995993,968.4930,583.00
5.995993,968.5347,672.00
5.995993,968.5763,642.00
5.995993,968.6180,683.00
5.995993,968.6597,594.00
5.995993,968.7014,653.00
5.995993,968.7430,602.00
5.995993,968.7846,639.00
5.995993,968.8263,571.00
5.995993,968.8679,659.00
5.995993,968.9095,602.00
5.995993,968.9512,697.00
5.995993,968.9928,635.00
5.995993,969.0344,643.00
5.995993,969.0761,627.00
5.995993,969.1177,639.00
5.995993,969.1592,594.00
5.995993,969.2009,655.00
5.995993,969.2424,607.00
5.995993,969.2839,683.00
5.995993,969.3255,583.00
5.995993,969.3672,639.00
5.995993,969.4087,609.00
5.995993,969.4503,657.00
5.995993,969.4918,585.00
5.995993,969.5333,619.00
5.995993,969.5749,601.00
5.995993,969.6165,640.00
5.995993,969.6580,598.00
5.995993,969.6995,658.00
5.995993,969.7410,641.00
5.995993,969.7825,646.00
5.995993,969.8240,614.00
5.995993,969.8655,637.00
5.995993,969.9070,571.00
5.995993,969.9484,698.00
5.995993,969.9899,593.00
5.995993,970.0314,643.00
5.995993,970.0728,638.00
5.995993,970.1143,627.00
5.995993,970.1558,623.00
5.995993,970.1971,618.00
5.995993,970.2386,591.00
5.995993,970.2801,623.00
5.995993,970.3215,573.00
5.995993,970.3629,629.00
5.995993,970.4044,573.00
5.995993,970.4457,625.00
5.995993,970.4872,647.00
5.995993,970.5286,622.00
5.995993,970.5699,586.00
5.995993,970.6113,592.00
5.995993,970.6527,570.00
5.995993,970.6941,627.00
5.995993,970.7354,599.00
5.995993,970.7768,611.00
5.995993,970.8182,598.00
5.995993,970.8595,651.00
5.995993,970.9009,627.00
5.995993,970.9422,607.00
5.995993,970.9835,579.00
5.995993,971.0248,621.00
5.995993,971.0662,555.00
5.995993,971.1075,647.00
5.995993,971.1487,587.00
5.995993,971.1901,595.00
5.995993,971.2314,596.00
5.995993,971.2727,605.00
5.995993,971.3140,593.00
5.995993,971.3552,599.00
5.995993,971.3965,529.00
5.995993,971.4377,640.00
5.995993,971.4789,600.00
5.995993,971.5203,600.00
5.995993,971.5615,615.00
5.995993,971.6027,630.00
5.995993,971.6439,572.00
5.995993,971.6852,626.00
5.995993,971.7264,570.00
5.995993,971.7676,623.00
5.995993,971.8088,571.00
5.995993,971.8500,606.00
5.995993,971.8912,583.00
5.995993,971.9324,613.00
5.995993,971.9736,627.00
5.995993,972.0148,607.00
5.995993,972.0560,597.00
5.995993,972.0972,615.00
5.995993,972.1384,564.00
5.995993,972.1794,649.00
5.995993,972.2206,581.00
5.995993,972.2617,584.00
5.995993,972.3029,583.00
5.995993,972.3439,574.00
5.995993,972.3851,584.00
5.995993,972.4262,586.00
5.995993,972.4673,524.00
5.995993,972.5085,637.00
5.995993,972.5496,551.00
5.995993,972.5907,598.00
5.995993,972.6317,571.00
5.995993,972.6729,588.00
5.995993,972.7139,570.00
5.995993,972.7549,591.00
5.995993,972.7961,515.00
5.995993,972.8371,613.00
5.995993,972.8781,566.00
5.995993,972.9191,631.00
5.995993,972.9602,567.00
5.995993,973.0013,635.00
5.995993,973.0423,564.00
5.995993,973.0833,587.00
5.995993,973.1243,533.00
5.995993,973.1653,599.00
5.995993,973.2064,537.00
5.995993,973.2473,624.00
5.995993,973.2883,603.00
5.995993,973.3293,630.00
5.995993,973.3703,573.00
5.995993,973.4113,610.00
5.995993,973.4522,586.00
5.995993,973.4931,569.00
5.995993,973.5341,561.00
5.995993,973.5750,620.00
5.995993,973.6160,591.00
5.995993,973.6570,635.00
5.995993,973.6978,592.00
5.995993,973.7388,584.00
5.995993,973.7797,574.00
5.995993,973.8206,611.00
5.995993,973.8615,581.00
5.995993,973.9024,618.00
5.995993,973.9433,556.00
5.995993,973.9842,647.00
5.995993,974.0250,569.00
5.995993,974.0660,624.00
5.995993,974.1068,609.00
5.995993,974.1476,634.00
5.995993,974.1885,563.00
5.995993,974.2294,612.00
5.995993,974.2702,574.00
5.995993,974.3110,630.00
5.995993,974.3519,599.00
5.995993,974.3927,635.00
5.995993,974.4335,596.00
5.995993,974.4743,609.00
5.995993,974.5151,573.00
5.995993,974.5559,669.00
5.995993,974.5967,567.00
5.995993,974.6375,652.00
5.995993,974.6783,594.00
5.995993,974.7191,664.00
5.995993,974.7598,630.00
5.995993,974.8006,647.00
5.995993,974.8413,616.00
5.995993,974.8821,637.00
5.995993,974.9229,596.00
5.995993,974.9636,655.00
5.995993,975.0043,597.00
5.995993,975.0450,660.00
5.995993,975.0858,612.00
5.995993,975.1265,626.00
5.995993,975.1672,635.00
5.995993,975.2079,650.00
5.995993,975.2485,600.00
5.995993,975.2892,650.00
5.995993,975.3300,629.00
5.995993,975.3706,677.00
5.995993,975.4113,637.00
5.995993,975.4519,678.00
5.995993,975.4926,653.00
5.995993,975.5333,650.00
5.995993,975.5739,588.00
5.995993,975.6146,656.00
5.995993,975.6552,581.00
5.995993,975.6958,650.00
5.995993,975.7363,615.00
5.995993,975.7770,668.00
5.995993,975.8176,604.00
5.995993,975.8582,640.00
5.995993,975.8989,603.00
5.995993,975.9395,647.00
5.995993,975.9800,624.00
5.995993,976.0206,660.00
5.995993,976.0611,592.00
5.995993,976.1017,673.00
5.995993,976.1423,593.00
5.995993,976.1829,642.00
5.995993,976.2234,624.00
5.995993,976.2639,646.00
5.995993,976.3044,608.00
5.995993,976.3450,628.00
5.995993,976.3855,603.00
5.995993,976.4260,660.00
5.995993,976.4665,649.00
5.995993,976.5070,666.00
5.995993,976.5475,632.00
5.995993,976.5880,645.00
5.995993,976.6285,600.00
5.995993,976.6690,662.00
5.995993,976.7095,593.00
5.995993,976.7500,660.00
5.995993,976.7905,604.00
5.995993,976.8308,680.00
5.995993,976.8713,631.00
5.995993,976.9117,636.00
5.995993,976.9521,592.00
5.995993,976.9926,630.00
5.995993,977.0330,598.00
5.995993,977.0734,673.00
5.995993,977.1139,594.00
5.995993,977.1542,660.00
5.995993,977.1947,609.00
5.995993,977.2350,679.00
5.995993,977.2755,618.00
5.995993,977.3158,615.00
5.995993,977.3562,586.00
5.995993,977.3965,626.00
5.995993,977.4370,575.00
5.995993,977.4773,643.00
5.995993,977.5176,593.00
5.995993,977.5579,633.00
5.995993,977.5983,559.00
5.995993,977.6387,599.00
5.995993,977.6790,577.00
5.995993,977.7192,590.00
5.995993,977.7595,588.00
5.995993,977.7999,639.00
5.995993,977.8402,583.00
5.995993,977.8805,610.00
5.995993,977.9208,533.00
5.995993,977.9610,598.00
5.995993,978.0013,579.00
5.995993,978.0417,585.00
5.995993,978.0819,555.00
5.995993,978.1221,602.00
5.995993,978.1624,553.00
5.995993,978.2026,605.00
5.995993,978.2428,550.00
5.995993,978.2831,567.00
5.995993,978.3233,587.00
5.995993,978.3635,582.00
5.995993,978.4037,540.00
5.995993,978.4440,585.00
5.995993,978.4842,535.00
5.995993,978.5244,605.00
5.995993,978.5645,575.00
5.995993,978.6047,594.00
5.995993,978.6449,548.00
5.995993,978.6851,605.00
5.995993,978.7253,538.00
5.995993,978.7654,577.00
5.995993,978.8055,537.00
5.995993,978.8458,590.00
5.995993,978.8859,562.00
5.995993,978.9260,587.00
5.995993,978.9661,562.00
5.995993,979.0062,578.00
5.995993,979.0463,539.00
5.995993,979.0864,553.00
5.995993,979.1266,515.00
5.995993,979.1666,617.00
5.995993,979.2067,549.00
5.995993,979.2469,591.00
5.995993,979.2869,588.00
5.995993,979.3270,597.00
5.995993,979.3671,586.00
5.995993,979.4071,594.00
5.995993,979.4471,521.00
5.995993,979.4871,590.00
5.995993,979.5272,522.00
5.995993,979.5673,613.00
5.995993,979.6072,547.00
5.995993,979.6473,610.00
5.995993,979.6873,567.00
5.995993,979.7273,583.00
5.995993,979.7673,540.00
5.995993,979.8073,573.00
5.995993,979.8473,547.00
5.995993,979.8873,615.00
5.995993,979.9273,547.00
5.995993,979.9673,608.00
5.995993,980.0072,602.00
5.995993,980.0471,577.00
5.995993,980.0872,571.00
5.995993,980.1271,595.00
5.995993,980.1671,530.00
5.995993,980.2069,615.00
5.995993,980.2469,570.00
5.995993,980.2868,613.00
5.995993,980.3267,575.00
5.995993,980.3666,627.00
5.995993,980.4065,595.00
5.995993,980.4464,567.00
5.995993,980.4863,566.00
5.995993,980.5262,591.00
5.995993,980.5660,557.00
5.995993,980.6060,631.00
5.995993,980.6458,561.00
5.995993,980.6857,621.00
5.995993,980.7255,567.00
5.995993,980.7654,580.00
5.995993,980.8052,553.00
5.995993,980.8450,584.00
5.995993,980.8849,546.00
5.995993,980.9247,613.00
5.995993,980.9645,560.00
5.995993,981.0043,570.00
5.995993,981.0441,592.00
5.995993,981.0839,595.00
5.995993,981.1237,582.00
5.995993,981.1635,600.00
5.995993,981.2033,511.00
5.995993,981.2430,606.00
5.995993,981.2828,545.00
5.995993,981.3226,623.00
5.995993,981.3624,554.00
5.995993,981.4021,595.00
5.995993,981.4418,557.00
5.995993,981.4816,586.00
5.995993,981.5213,541.00
5.995993,981.5610,607.00
5.995993,981.6008,527.00
5.995993,981.6404,598.00
5.995993,981.6802,555.00
5.995993,981.7198,596.00
5.995993,981.7596,557.00
5.995993,981.7993,571.00
5.995993,981.8389,519.00
5.995993,981.8786,567.00
5.995993,981.9182,526.00
5.995993,981.9579,592.00
5.995993,981.9976,531.00
5.995993,982.0372,587.00
5.995993,982.0768,547.00
5.995993,982.1165,551.00
5.995993,982.1561,546.00
5.995993,982.1958,567.00
5.995993,982.2354,507.00
5.995993,982.2750,573.00
5.995993,982.3146,533.00
5.995993,982.3541,587.00
5.995993,982.3937,557.00
5.995993,982.4333,581.00
5.995993,982.4730,570.00
5.995993,982.5125,584.00
5.995993,982.5521,539.00
5.995993,982.5917,548.00
5.995993,982.6312,516.00
5.995993,982.6707,575.00
5.995993,982.7103,548.00
5.995993,982.7498,581.00
5.995993,982.7893,530.00
5.995993,982.8289,560.00
5.995993,982.8683,495.00
5.995993,982.9079,530.00
5.995993,982.9474,492.00
5.995993,982.9869,595.00
5.995993,983.0264,502.00
5.995993,983.0659,575.00
5.995993,983.1053,531.00
5.995993,983.1448,548.00
5.995993,983.1843,561.00
5.995993,983.2238,571.00
5.995993,983.2632,547.00
5.995993,983.3027,567.00
5.995993,983.3420,542.00
5.995993,983.3816,578.00
5.995993,983.4210,529.00
5.995993,983.4604,601.00
5.995993,983.4998,551.00
5.995993,983.5392,563.00
5.995993,983.5786,539.00
5.995993,983.6180,542.00
5.995993,983.6574,522.00
5.995993,983.6968,587.00
5.995993,983.7361,557.00
5.995993,983.7755,579.00
5.995993,983.8149,543.00
5.995993,983.8543,571.00
5.995993,983.8936,531.00
5.995993,983.9329,552.00
5.995993,983.9723,499.00
5.995993,984.0116,593.00
5.995993,984.0510,561.00
5.995993,984.0903,583.00
5.995993,984.1296,568.00
5.995993,984.1689,581.00
5.995993,984.2083,582.00
5.995993,984.2476,570.00
5.995993,984.2868,525.00
5.995993,984.3261,588.00
5.995993,984.3654,498.00
5.995993,984.4046,593.00
5.995993,984.4440,553.00
5.995993,984.4832,566.00
5.995993,984.5225,498.00
5.995993,984.5616,571.00
5.995993,984.6010,512.00
5.995993,984.6402,582.00
5.995993,984.6794,531.00
5.995993,984.7186,557.00
5.995993,984.7578,551.00
5.995993,984.7970,616.00
5.995993,984.8362,559.00
5.995993,984.8755,541.00
5.995993,984.9146,546.00
5.995993,984.9538,575.00
5.995993,984.9930,530.00
5.995993,985.0322,587.00
5.995993,985.0714,534.00
5.995993,985.1105,545.00
5.995993,985.1497,543.00
5.995993,985.1888,525.00
5.995993,985.2279,547.00
5.995993,985.2671,547.00
5.995993,985.3062,534.00
5.995993,985.3453,559.00
5.995993,985.3845,520.00
5.995993,985.4236,581.00
5.995993,985.4626,549.00
5.995993,985.5017,607.00
5.995993,985.5408,579.00
5.995993,985.5799,586.00
5.995993,985.6190,506.00
5.995993,985.6581,596.00
5.995993,985.6971,533.00
5.995993,985.7362,601.00
5.995993,985.7752,537.00
5.995993,985.8143,563.00
5.995993,985.8533,524.00
5.995993,985.8924,554.00
5.995993,985.9314,530.00
5.995993,985.9704,580.00
5.995993,986.0094,531.00
5.995993,986.0484,596.00
5.995993,986.0875,509.00
5.995993,986.1265,583.00
5.995993,986.1655,524.00
5.995993,986.2044,539.00
5.995993,986.2434,544.00
5.995993,986.2823,540.00
5.995993,986.3214,497.00
5.995993,986.3603,556.00
5.995993,986.3992,465.00
5.995993,986.4382,560.00
5.995993,986.4771,506.00
5.995993,986.5161,584.00
5.995993,986.5550,532.00
5.995993,986.5939,564.00
5.995993,986.6329,530.00
5.995993,986.6718,545.00
5.995993,986.7106,502.00
5.995993,986.7495,580.00
5.995993,986.7884,546.00
5.995993,986.8273,595.00
5.995993,986.8661,562.00
5.995993,986.9050,565.00
5.995993,986.9438,534.00
5.995993,986.9828,543.00
5.995993,987.0216,483.00
5.995993,987.0605,589.00
5.995993,987.0993,480.00
5.995993,987.1381,575.00
5.995993,987.1769,525.00
5.995993,987.2158,539.00
5.995993,987.2546,534.00
5.995993,987.2934,574.00
5.995993,987.3322,469.00
5.995993,987.3710,558.00
5.995993,987.4097,471.00
5.995993,987.4486,553.00
5.995993,987.4873,493.00
5.995993,987.5261,534.00
5.995993,987.5649,541.00
5.995993,987.6036,521.00
5.995993,987.6423,484.00
5.995993,987.6812,570.00
5.995993,987.7198,481.00
5.995993,987.7586,564.00
5.995993,987.7972,530.00
5.995993,987.8361,578.00
5.995993,987.8748,509.00
5.995993,987.9135,548.00
5.995993,987.9521,500.00
5.995993,987.9908,531.00
5.995993,988.0295,487.00
5.995993,988.0681,520.00
5.995993,988.1069,514.00
5.995993,988.1456,584.00
5.995993,988.1842,561.00
5.995993,988.2228,539.00
5.995993,988.2615,518.00
5.995993,988.3002,559.00
5.995993,988.3388,460.00
5.995993,988.3774,562.00
5.995993,988.4160,515.00
5.995993,988.4546,539.00
5.995993,988.4933,569.00
5.995993,988.5319,560.00
5.995993,988.5704,511.00
5.995993,988.6090,483.00
5.995993,988.6476,471.00
5.995993,988.6862,528.00
5.995993,988.7248,502.00
5.995993,988.7634,577.00
5.995993,988.8019,489.00
5.995993,988.8405,517.00
5.995993,988.8790,528.00
5.995993,988.9176,535.00
5.995993,988.9561,486.00
5.995993,988.9946,524.00
5.995993,989.0332,494.00
5.995993,989.0717,542.00
5.995993,989.1102,489.00
5.995993,989.1487,545.00
5.995993,989.1871,516.00
5.995993,989.2256,539.00
5.995993,989.2641,531.00
5.995993,989.3027,536.00
5.995993,989.3411,512.00
5.995993,989.3795,540.00
5.995993,989.4180,483.00
5.995993,989.4565,557.00
5.995993,989.4949,468.00
5.995993,989.5334,540.00
5.995993,989.5718,514.00
5.995993,989.6102,517.00
5.995993,989.6486,494.00
5.995993,989.6871,528.00
5.995993,989.7255,478.00
5.995993,989.7639,553.00
5.995993,989.8022,492.00
5.995993,989.8407,539.00
5.995993,989.8791,518.00
5.995993,989.9174,535.00
5.995993,989.9558,502.00
5.995993,989.9941,572.00
5.995993,990.0325,489.00
5.995993,990.0709,577.00
5.995993,990.1093,497.00
5.995993,990.1475,519.00
5.995993,990.1859,524.00
5.995993,990.2242,556.00
5.995993,990.2626,508.00
5.995993,990.3008,518.00
5.995993,990.3391,479.00
5.995993,990.3774,564.00
5.995993,990.4157,512.00
5.995993,990.4540,562.00
5.995993,990.4924,509.00
5.995993,990.5306,569.00
5.995993,990.5688,516.00
5.995993,990.6071,528.00
5.995993,990.6454,491.00
5.995993,990.6837,554.00
5.995993,990.7219,480.00
5.995993,990.7601,548.00
5.995993,990.7983,510.00
5.995993,990.8365,553.00
5.995993,990.8748,541.00
5.995993,990.9130,572.00
5.995993,990.9512,554.00
5.995993,990.9893,569.00
5.995993,991.0276,506.00
5.995993,991.0658,550.00
5.995993,991.1039,484.00
5.995993,991.1421,581.00
5.995993,991.1802,544.00
5.995993,991.2184,539.00
5.995993,991.2565,493.00
5.995993,991.2947,542.00
5.995993,991.3329,478.00
5.995993,991.3710,554.00
5.995993,991.4091,509.00
5.995993,991.4473,582.00
5.995993,991.4854,585.00
5.995993,991.5234,601.00
5.995993,991.5616,575.00
5.995993,991.5997,552.00
5.995993,991.6378,531.00
5.995993,991.6758,586.00
5.995993,991.7139,498.00
5.995993,991.7520,545.00
5.995993,991.7900,512.00
5.995993,991.8282,551.00
5.995993,991.8661,529.00
5.995993,991.9042,555.00
5.995993,991.9422,534.00
5.995993,991.9803,548.00
5.995993,992.0182,489.00
5.995993,992.0563,576.00
5.995993,992.0944,495.00
5.995993,992.1323,585.00
5.995993,992.1703,542.00
5.995993,992.2084,576.00
5.995993,992.2463,536.00
5.995993,992.2844,559.00
5.995993,992.3223,508.00
5.995993,992.3602,559.00
5.995993,992.3982,490.00
5.995993,992.4362,618.00
5.995993,992.4741,549.00
5.995993,992.5120,602.00
5.995993,992.5500,541.00
5.995993,992.5879,561.00
5.995993,992.6259,537.00
5.995993,992.6638,606.00
5.995993,992.7017,547.00
5.995993,992.7396,568.00
5.995993,992.7775,534.00
5.995993,992.8154,566.00
5.995993,992.8533,533.00
5.995993,992.8912,517.00
5.995993,992.9290,540.00
5.995993,992.9669,563.00
5.995993,993.0048,525.00
5.995993,993.0426,568.00
5.995993,993.0804,546.00
5.995993,993.1183,578.00
5.995993,993.1561,551.00
5.995993,993.1940,544.00
5.995993,993.2318,542.00
5.995993,993.2696,541.00
5.995993,993.3074,497.00
5.995993,993.3452,555.00
5.995993,993.3830,500.00
5.995993,993.4208,571.00
5.995993,993.4586,540.00
5.995993,993.4963,552.00
5.995993,993.5341,533.00
5.995993,993.5719,518.00
5.995993,993.6096,503.00
5.995993,993.6474,554.00
5.995993,993.6851,502.00
5.995993,993.7228,536.00
5.995993,993.7606,569.00
5.995993,993.7984,557.00
5.995993,993.8361,535.00
5.995993,993.8738,571.00
5.995993,993.9115,502.00
5.995993,993.9492,560.00
5.995993,993.9869,488.00
5.995993,994.0245,577.00
5.995993,994.0622,511.00
5.995993,994.0999,577.00
5.995993,994.1376,534.00
5.995993,994.1753,546.00
5.995993,994.2130,582.00
5.995993,994.2505,549.00
5.995993,994.2881,524.00
5.995993,994.3258,607.00
5.995993,994.3634,533.00
5.995993,994.4010,569.00
5.995993,994.4387,520.00
5.995993,994.4763,552.00
5.995993,994.5139,551.00
5.995993,994.5515,532.00
5.995993,994.5891,484.00
5.995993,994.6266,552.00
5.995993,994.6642,504.00
5.995993,994.7018,533.00
5.995993,994.7393,492.00
5.995993,994.7769,548.00
5.995993,994.8145,524.00
5.995993,994.8521,548.00
5.995993,994.8895,512.00
5.995993,994.9271,554.00
5.995993,994.9647,496.00
5.995993,995.0022,578.00
5.995993,995.0397,484.00
5.995993,995.0771,544.00
5.995993,995.1146,501.00
5.995993,995.1522,538.00
5.995993,995.1896,483.00
5.995993,995.2271,546.00
5.995993,995.2646,468.00
5.995993,995.3021,546.00
5.995993,995.3396,509.00
5.995993,995.3770,555.00
5.995993,995.4145,511.00
5.995993,995.4518,536.00
5.995993,995.4893,519.00
5.995993,995.5267,514.00
5.995993,995.5641,495.00
5.995993,995.6016,539.00
5.995993,995.6390,486.00
5.995993,995.6765,515.00
5.995993,995.7138,479.00
5.995993,995.7512,505.00
5.995993,995.7886,519.00
5.995993,995.8260,525.00
5.995993,995.8633,481.00
5.995993,995.9007,511.00
5.995993,995.9380,460.00
5.995993,995.9754,521.00
5.995993,996.0128,472.00
5.995993,996.0501,576.00
5.995993,996.0874,537.00
5.995993,996.1248,550.00
5.995993,996.1621,508.00
5.995993,996.1994,548.00
5.995993,996.2367,502.00
5.995993,996.2740,538.00
5.995993,996.3113,519.00
5.995993,996.3486,554.00
5.995993,996.3859,504.00
5.995993,996.4232,567.00
5.995993,996.4604,523.00
5.995993,996.4977,515.00
5.995993,996.5350,483.00
5.995993,996.5722,528.00
5.995993,996.6094,487.00
5.995993,996.6466,617.00
5.995993,996.6838,539.00
5.995993,996.7211,539.00
5.995993,996.7583,526.00
5.995993,996.7955,547.00
5.995993,996.8327,492.00
5.995993,996.8700,551.00
5.995993,996.9072,511.00
5.995993,996.9443,557.00
5.995993,996.9815,499.00
5.995993,997.0187,562.00
5.995993,997.0558,515.00
5.995993,997.0930,509.00
5.995993,997.1301,536.00
5.995993,997.1672,563.00
5.995993,997.2045,501.00
5.995993,997.2416,571.00
5.995993,997.2787,502.00
5.995993,997.3158,592.00
5.995993,997.3530,503.00
5.995993,997.3900,556.00
5.995993,997.4271,519.00
5.995993,997.4642,525.00
5.995993,997.5013,528.00
5.995993,997.5384,539.00
5.995993,997.5754,492.00
5.995993,997.6126,567.00
5.995993,997.6497,516.00
5.995993,997.6867,538.00
5.995993,997.7238,555.00
5.995993,997.7607,562.00
5.995993,997.7978,503.00
5.995993,997.8348,590.00
5.995993,997.8718,509.00
5.995993,997.9088,557.00
5.995993,997.9458,541.00
5.995993,997.9829,567.00
5.995993,998.0200,535.00
5.995993,998.0569,540.00
5.995993,998.0939,510.00
5.995993,998.1309,570.00
5.995993,998.1678,511.00
5.995993,998.2048,565.00
5.995993,998.2417,540.00
5.995993,998.2786,581.00
5.995993,998.3156,487.00
5.995993,998.3525,567.00
5.995993,998.3896,510.00
5.995993,998.4265,540.00
5.995993,998.4633,524.00
5.995993,998.5003,565.00
5.995993,998.5372,507.00
5.995993,998.5740,573.00
5.995993,998.6110,506.00
5.995993,998.6478,562.00
5.995993,998.6847,524.00
5.995993,998.7217,573.00
5.995993,998.7585,524.00
5.995993,998.7953,509.00
5.995993,998.8322,485.00
5.995993,998.8691,602.00
5.995993,998.9059,498.00
5.995993,998.9427,602.00
5.995993,998.9795,508.00
5.995993,999.0163,564.00
5.995993,999.0531,533.00
5.995993,999.0899,521.00
5.995993,999.1267,505.00
5.995993,999.1636,544.00
5.995993,999.2004,492.00
5.995993,999.2372,576.00
5.995993,999.2739,496.00
5.995993,999.3107,572.00
5.995993,999.3474,528.00
5.995993,999.3842,506.00
5.995993,999.4210,524.00
5.995993,999.4576,542.00
5.995993,999.4946,470.00
5.995993,999.5312,572.00
5.995993,999.5680,493.00
5.995993,999.6047,526.00
5.995993,999.6414,503.00
5.995993,999.6780,541.00
5.995993,999.7147,492.00
5.995993,999.7515,532.00
5.995993,999.7881,473.00
5.995993,999.8248,521.00
5.995993,999.8614,492.00
5.995993,999.8981,570.00
5.995993,999.9349,562.00
5.995993,999.9715,558.00
5.995993,1000.0081,534.00
5.995993,1000.0447,510.00
5.995993,1000.0814,499.00
5.995993,1000.1180,519.00
5.995993,1000.1546,451.00
5.995993,1000.1912,529.00
5.995993,1000.2278,479.00
5.995993,1000.2645,549.00
5.995993,1000.3011,531.00
5.995993,1000.3377,523.00
5.995993,1000.3742,500.00
5.995993,1000.4108,519.00
5.995993,1000.4474,464.00
5.995993,1000.4839,531.00
5.995993,1000.5204,469.00
5.995993,1000.5570,532.00
5.995993,1000.5935,471.00
5.995993,1000.6301,506.00
5.995993,1000.6667,483.00
5.995993,1000.7032,520.00
5.995993,1000.7397,472.00
5.995993,1000.7762,521.00
5.995993,1000.8127,451.00
5.995993,1000.8492,531.00
5.995993,1000.8857,514.00
5.995993,1000.9222,514.00
5.995993,1000.9586,486.00
5.995993,1000.9951,501.00
5.995993,1001.0316,471.00
5.995993,1001.0681,541.00
5.995993,1001.1046,493.00
5.995993,1001.1410,547.00
5.995993,1001.1774,498.00
5.995993,1001.2138,503.00
5.995993,1001.2502,484.00
5.995993,1001.2866,516.00
5.995993,1001.3230,497.00
5.995993,1001.3594,499.00
5.995993,1001.3958,463.00
5.995993,1001.4323,528.00
5.995993,1001.4687,476.00
5.995993,1001.5051,532.00
5.995993,1001.5414,537.00
5.995993,1001.5778,521.00
5.995993,1001.6141,492.00
5.995993,1001.6505,480.00
5.995993,1001.6868,424.00
5.995993,1001.7231,530.00
5.995993,1001.7596,470.00
5.995993,1001.7958,500.00
5.995993,1001.8322,478.00
5.995993,1001.8685,512.00
5.995993,1001.9048,475.00
5.995993,1001.9411,495.00
5.995993,1001.9774,460.00
5.995993,1002.0136,489.00
5.995993,1002.0499,480.00
5.995993,1002.0862,557.00
5.995993,1002.1224,449.00
5.995993,1002.1587,552.00
5.995993,1002.1951,468.00
5.995993,1002.2313,534.00
5.995993,1002.2675,528.00
5.995993,1002.3038,512.00
5.995993,1002.3400,458.00
5.995993,1002.3762,498.00
5.995993,1002.4124,479.00
5.995993,1002.4486,554.00
5.995993,1002.4848,486.00
5.995993,1002.5211,553.00
5.995993,1002.5573,501.00
5.995993,1002.5934,515.00
5.995993,1002.6296,507.00
5.995993,1002.6657,525.00
5.995993,1002.7019,456.00
5.995993,1002.7380,518.00
5.995993,1002.7742,531.00
5.995993,1002.8104,521.00
5.995993,1002.8464,484.00
5.995993,1002.8826,526.00
5.995993,1002.9187,459.00
5.995993,1002.9549,495.00
5.995993,1002.9910,486.00
5.995993,1003.0271,544.00
5.995993,1003.0632,467.00
5.995993,1003.0992,575.00
5.995993,1003.1354,503.00
5.995993,1003.1714,493.00
5.995993,1003.2075,540.00
5.995993,1003.2435,511.00
5.995993,1003.2797,471.00
5.995993,1003.3157,553.00
5.995993,1003.3518,484.00
5.995993,1003.3878,542.00
5.995993,1003.4238,493.00
5.995993,1003.4598,519.00
5.995993,1003.4958,484.00
5.995993,1003.5319,498.00
5.995993,1003.5678,469.00
5.995993,1003.6039,538.00
5.995993,1003.6398,449.00
5.995993,1003.6759,538.00
5.995993,1003.7119,505.00
5.995993,1003.7479,520.00
5.995993,1003.7838,455.00
5.995993,1003.8198,500.00
5.995993,1003.8557,471.00
5.995993,1003.8917,514.00
5.995993,1003.9276,444.00
5.995993,1003.9635,505.00
5.995993,1003.9995,464.00
5.995993,1004.0354,507.00
5.995993,1004.0714,505.00
5.995993,1004.1072,506.00
5.995993,1004.1431,508.00
5.995993,1004.1790,498.00
5.995993,1004.2149,443.00
5.995993,1004.2508,540.00
5.995993,1004.2866,457.00
5.995993,1004.3225,548.00
5.995993,1004.3583,469.00
5.995993,1004.3942,521.00
5.995993,1004.4302,476.00
5.995993,1004.4660,488.00
5.995993,1004.5018,468.00
5.995993,1004.5376,486.00
5.995993,1004.5734,434.00
5.995993,1004.6093,538.00
5.995993,1004.6450,476.00
5.995993,1004.6808,514.00
5.995993,1004.7166,471.00
5.995993,1004.7525,509.00
5.995993,1004.7883,477.00
5.995993,1004.8240,536.00
5.995993,1004.8598,471.00
5.995993,1004.8956,561.00
5.995993,1004.9313,480.00
5.995993,1004.9670,540.00
5.995993,1005.0027,510.00
5.995993,1005.0385,483.00
5.995993,1005.0742,496.00
5.995993,1005.1099,524.00
5.995993,1005.1456,486.00
5.995993,1005.1815,543.00
5.995993,1005.2172,463.00
5.995993,1005.2529,514.00
5.995993,1005.2885,518.00
5.995993,1005.3242,517.00
5.995993,1005.3599,477.00
5.995993,1005.3955,501.00
5.995993,1005.4312,477.00
5.995993,1005.4669,543.00
5.995993,1005.5026,478.00
5.995993,1005.5382,566.00
5.995993,1005.5739,508.00
5.995993,1005.6095,528.00
5.995993,1005.6451,521.00
5.995993,1005.6807,547.00
5.995993,1005.7162,523.00
5.995993,1005.7519,504.00
5.995993,1005.7875,484.00
5.995993,1005.8231,548.00
5.995993,1005.8586,467.00
5.995993,1005.8942,553.00
5.995993,1005.9299,474.00
5.995993,1005.9655,540.00
5.995993,1006.0010,492.00
5.995993,1006.0365,511.00
5.995993,1006.0720,486.00
5.995993,1006.1076,521.00
5.995993,1006.1431,500.00
5.995993,1006.1786,552.00
5.995993,1006.2141,507.00
5.995993,1006.2498,517.00
5.995993,1006.2853,516.00
5.995993,1006.3207,492.00
5.995993,1006.3563,504.00
5.995993,1006.3917,565.00
5.995993,1006.4272,480.00
5.995993,1006.4626,572.00
5.995993,1006.4981,504.00
5.995993,1006.5335,522.00
5.995993,1006.5690,552.00
5.995993,1006.6044,528.00
5.995993,1006.6400,504.00
5.995993,1006.6754,566.00
5.995993,1006.7108,485.00
5.995993,1006.7462,556.00
5.995993,1006.7816,494.00
5.995993,1006.8170,546.00
5.995993,1006.8524,513.00
5.995993,1006.8878,530.00
5.995993,1006.9232,512.00
5.995993,1006.9586,549.00
5.995993,1006.9940,485.00
5.995993,1007.0294,522.00
5.995993,1007.0648,487.00
5.995993,1007.1001,588.00
5.995993,1007.1354,526.00
5.995993,1007.1707,558.00
5.995993,1007.2061,547.00
5.995993,1007.2414,551.00
5.995993,1007.2767,490.00
5.995993,1007.3120,589.00
5.995993,1007.3473,487.00
5.995993,1007.3827,571.00
5.995993,1007.4180,537.00
5.995993,1007.4532,565.00
5.995993,1007.4885,514.00
5.995993,1007.5238,547.00
5.995993,1007.5590,519.00
5.995993,1007.5943,568.00
5.995993,1007.6295,486.00
5.995993,1007.6648,595.00
5.995993,1007.7001,501.00
5.995993,1007.7354,555.00
5.995993,1007.7706,556.00
5.995993,1007.8058,533.00
5.995993,1007.8410,541.00
5.995993,1007.8762,526.00
5.995993,1007.9114,499.00
5.995993,1007.9465,550.00
5.995993,1007.9818,540.00
5.995993,1008.0169,562.00
5.995993,1008.0521,511.00
5.995993,1008.0873,593.00
5.995993,1008.1226,511.00
5.995993,1008.1576,494.00
5.995993,1008.1927,519.00
5.995993,1008.2279,517.00
5.995993,1008.2631,458.00
5.995993,1008.2982,545.00
5.995993,1008.3333,505.00
5.995993,1008.3683,549.00
5.995993,1008.4034,514.00
5.995993,1008.4387,523.00
5.995993,1008.4738,502.00
5.995993,1008.5089,522.00
5.995993,1008.5439,488.00
5.995993,1008.5790,595.00
5.995993,1008.6141,509.00
5.995993,1008.6491,517.00
5.995993,1008.6841,481.00
5.995993,1008.7192,504.00
5.995993,1008.7542,513.00
5.995993,1008.7892,522.00
5.995993,1008.8243,482.00
5.995993,1008.8594,534.00
5.995993,1008.8943,482.00
5.995993,1008.9294,518.00
5.995993,1008.9644,509.00
5.995993,1008.9994,521.00
5.995993,1009.0344,499.00
5.995993,1009.0693,493.00
5.995993,1009.1043,471.00
5.995993,1009.1392,552.00
5.995993,1009.1743,476.00
5.995993,1009.2093,561.00
5.995993,1009.2442,508.00
5.995993,1009.2792,551.00
5.995993,1009.3141,480.00
5.995993,1009.3489,490.00
5.995993,1009.3839,468.00
5.995993,1009.4188,538.00
5.995993,1009.4537,461.00
5.995993,1009.4886,538.00
5.995993,1009.5235,479.00
5.995993,1009.5585,524.00
5.995993,1009.5933,497.00
5.995993,1009.6282,532.00
5.995993,1009.6631,507.00
5.995993,1009.6979,527.00
5.995993,1009.7327,480.00
5.995993,1009.7676,524.00
5.995993,1009.8024,442.00
5.995993,1009.8372,543.00
5.995993,1009.8721,477.00
5.995993,1009.9070,516.00
5.995993,1009.9418,478.00
5.995993,1009.9766,509.00
5.995993,1010.0115,483.00
5.995993,1010.0462,492.00
5.995993,1010.0810,474.00
5.995993,1010.1158,557.00
5.995993,1010.1505,488.00
5.995993,1010.1853,513.00
5.995993,1010.2200,488.00
5.995993,1010.2548,509.00
5.995993,1010.2897,454.00
5.995993,1010.3244,506.00
5.995993,1010.3591,448.00
5.995993,1010.3938,528.00
5.995993,1010.4285,480.00
5.995993,1010.4633,525.00
5.995993,1010.4980,487.00
5.995993,1010.5326,468.00
5.995993,1010.5673,482.00
5.995993,1010.6021,500.00
5.995993,1010.6368,454.00
5.995993,1010.6714,513.00
5.995993,1010.7061,442.00
5.995993,1010.7408,507.00
5.995993,1010.7754,456.00
5.995993,1010.8101,493.00
5.995993,1010.8447,484.00
5.995993,1010.8793,509.00
5.995993,1010.9139,463.00
5.995993,1010.9485,512.00
5.995993,1010.9832,446.00
5.995993,1011.0178,546.00
5.995993,1011.0525,476.00
5.995993,1011.0870,525.00
5.995993,1011.1216,482.00
5.995993,1011.1562,501.00
5.995993,1011.1907,493.00
5.995993,1011.2253,554.00
5.995993,1011.2599,436.00
5.995993,1011.2944,543.00
5.995993,1011.3291,488.00
5.995993,1011.3636,520.00
5.995993,1011.3981,489.00
5.995993,1011.4326,508.00
5.995993,1011.4672,465.00
5.995993,1011.5016,498.00
5.995993,1011.5362,466.00
5.995993,1011.5706,496.00
5.995993,1011.6052,436.00
5.995993,1011.6396,502.00
5.995993,1011.6741,449.00
5.995993,1011.7086,531.00
5.995993,1011.7431,504.00
5.995993,1011.7776,522.00
5.995993,1011.8120,447.00
5.995993,1011.8465,544.00
5.995993,1011.8809,475.00
5.995993,1011.9153,522.00
5.995993,1011.9498,471.00
5.995993,1011.9842,507.00
5.995993,1012.0186,482.00
5.995993,1012.0531,505.00
5.995993,1012.0875,473.00
5.995993,1012.1219,515.00
5.995993,1012.1562,449.00
5.995993,1012.1906,503.00
5.995993,1012.2250,454.00
5.995993,1012.2593,512.00
5.995993,1012.2937,497.00
5.995993,1012.3281,494.00
5.995993,1012.3624,445.00
5.995993,1012.3967,487.00
5.995993,1012.4310,434.00
5.995993,1012.4655,512.00
5.995993,1012.4998,453.00
5.995993,1012.5341,564.00
5.995993,1012.5684,471.00
5.995993,1012.6027,515.00
5.995993,1012.6370,482.00
5.995993,1012.6712,490.00
5.995993,1012.7055,480.00
5.995993,1012.7398,527.00
5.995993,1012.7742,435.00
5.995993,1012.8084,501.00
5.995993,1012.8427,457.00
5.995993,1012.8769,486.00
5.995993,1012.9111,487.00
5.995993,1012.9454,481.00
5.995993,1012.9796,490.00
5.995993,1013.0138,482.00
5.995993,1013.0480,449.00
5.995993,1013.0822,495.00
5.995993,1013.1164,446.00
5.995993,1013.1506,517.00
5.995993,1013.1848,467.00
5.995993,1013.2190,478.00
5.995993,1013.2532,485.00
5.995993,1013.2873,497.00
5.995993,1013.3215,484.00
5.995993,1013.3556,517.00
5.995993,1013.3898,441.00
5.995993,1013.4239,526.00
5.995993,1013.4581,476.00
5.995993,1013.4923,478.00
5.995993,1013.5264,502.00
5.995993,1013.5605,498.00
5.995993,1013.5946,489.00
5.995993,1013.6287,550.00
5.995993,1013.6627,489.00
5.995993,1013.6968,535.00
5.995993,1013.7309,463.00
5.995993,1013.7650,494.00
5.995993,1013.7990,499.00
5.995993,1013.8331,514.00
5.995993,1013.8672,475.00
5.995993,1013.9012,507.00
5.995993,1013.9353,451.00
5.995993,1013.9693,519.00
5.995993,1014.0033,447.00
5.995993,1014.0374,553.00
5.995993,1014.0714,497.00
5.995993,1014.1053,499.00
5.995993,1014.1393,483.00
5.995993,1014.1734,505.00
5.995993,1014.2074,458.00
5.995993,1014.2413,496.00
5.995993,1014.2753,511.00
5.995993,1014.3093,565.00
5.995993,1014.3433,508.00
5.995993,1014.3772,547.00
5.995993,1014.4111,532.00
5.995993,1014.4451,509.00
5.995993,1014.4790,498.00
5.995993,1014.5129,492.00
5.995993,1014.5468,459.00
5.995993,1014.5808,574.00
5.995993,1014.6147,490.00
5.995993,1014.6486,551.00
5.995993,1014.6825,518.00
5.995993,1014.7164,523.00
5.995993,1014.7502,487.00
5.995993,1014.7841,529.00
5.995993,1014.8180,497.00
5.995993,1014.8518,523.00
5.995993,1014.8858,485.00
5.995993,1014.9196,543.00
5.995993,1014.9534,506.00
5.995993,1014.9872,544.00
5.995993,1015.0211,517.00
5.995993,1015.0549,532.00
5.995993,1015.0887,483.00
5.995993,1015.1224,531.00
5.995993,1015.1562,474.00
5.995993,1015.1900,586.00
5.995993,1015.2238,502.00
5.995993,1015.2575,543.00
5.995993,1015.2914,521.00
5.995993,1015.3252,527.00
5.995993,1015.3589,469.00
5.995993,1015.3927,523.00
5.995993,1015.4265,491.00
5.995993,1015.4601,574.00
5.995993,1015.4938,499.00
5.995993,1015.5276,560.00
5.995993,1015.5613,549.00
5.995993,1015.5952,563.00
5.995993,1015.6288,495.00
5.995993,1015.6625,529.00
5.995993,1015.6962,462.00
5.995993,1015.7299,578.00
5.995993,1015.7635,501.00
5.995993,1015.7972,557.00
5.995993,1015.8308,532.00
5.995993,1015.8645,513.00
5.995993,1015.8981,541.00
5.995993,1015.9317,534.00
5.995993,1015.9655,486.00
5.995993,1015.9991,566.00
5.995993,1016.0327,496.00
5.995993,1016.0663,590.00
5.995993,1016.0999,521.00
5.995993,1016.1335,561.00
5.995993,1016.1671,535.00
5.995993,1016.2006,536.00
5.995993,1016.2342,511.00
5.995993,1016.2679,524.00
5.995993,1016.3015,508.00
5.995993,1016.3350,587.00
5.995993,1016.3686,496.00
5.995993,1016.4021,547.00
5.995993,1016.4357,522.00
5.995993,1016.4691,574.00
5.995993,1016.5027,503.00
5.995993,1016.5362,544.00
5.995993,1016.5696,473.00
5.995993,1016.6032,583.00
5.995993,1016.6367,515.00
5.995993,1016.6703,545.00
5.995993,1016.7038,520.00
5.995993,1016.7372,536.00
5.995993,1016.7707,501.00
5.995993,1016.8041,527.00
5.995993,1016.8376,532.00
5.995993,1016.8710,546.00
5.995993,1016.9045,486.00
5.995993,1016.9379,574.00
5.995993,1016.9715,501.00
5.995993,1017.0049,540.00
5.995993,1017.0383,551.00
5.995993,1017.0717,523.00
5.995993,1017.1050,523.00
5.995993,1017.1384,512.00
5.995993,1017.1718,462.00
5.995993,1017.2052,553.00
5.995993,1017.2386,463.00
5.995993,1017.2720,533.00
5.995993,1017.3053,556.00
5.995993,1017.3387,559.00
5.995993,1017.3721,516.00
5.995993,1017.4054,519.00
5.995993,1017.4388,480.00
5.995993,1017.4721,552.00
5.995993,1017.5054,515.00
5.995993,1017.5387,576.00
5.995993,1017.5720,523.00
5.995993,1017.6053,548.00
5.995993,1017.6386,526.00
5.995993,1017.6720,533.00
5.995993,1017.7053,492.00
5.995993,1017.7385,565.00
5.995993,1017.7717,510.00
5.995993,1017.8051,573.00
5.995993,1017.8383,532.00
5.995993,1017.8715,580.00
5.995993,1017.9048,558.00
5.995993,1017.9380,537.00
5.995993,1017.9712,536.00
5.995993,1018.0044,580.00
5.995993,1018.0376,494.00
5.995993,1018.0709,595.00
5.995993,1018.1041,534.00
5.995993,1018.1373,580.00
5.995993,1018.1705,552.00
5.995993,1018.2037,559.00
5.995993,1018.2368,523.00
5.995993,1018.2700,507.00
5.995993,1018.3032,496.00
5.995993,1018.3363,588.00
5.995993,1018.3695,521.00
5.995993,1018.4026,633.00
5.995993,1018.4358,555.00
5.995993,1018.4689,560.00
5.995993,1018.5020,564.00
5.995993,1018.5352,566.00
5.995993,1018.5682,530.00
5.995993,1018.6013,561.00
5.995993,1018.6343,496.00
5.995993,1018.6675,570.00
5.995993,1018.7006,495.00
5.995993,1018.7337,581.00
5.995993,1018.7668,580.00
5.995993,1018.7998,528.00
5.995993,1018.8328,549.00
5.995993,1018.8658,557.00
5.995993,1018.8989,516.00
5.995993,1018.9319,590.00
5.995993,1018.9650,528.00
5.995993,1018.9980,580.00
5.995993,1019.0311,580.00
5.995993,1019.0641,584.00
5.995993,1019.0970,529.00
5.995993,1019.1301,570.00
5.995993,1019.1631,512.00
5.995993,1019.1960,574.00
5.995993,1019.2289,478.00
5.995993,1019.2618,594.00
5.995993,1019.2949,553.00
5.995993,1019.3278,582.00
5.995993,1019.3607,585.00
5.995993,1019.3936,551.00
5.995993,1019.4268,485.00
5.995993,1019.4596,562.00
5.995993,1019.4925,521.00
5.995993,1019.5255,548.00
5.995993,1019.5583,515.00
5.995993,1019.5912,570.00
5.995993,1019.6240,539.00
5.995993,1019.6569,548.00
5.995993,1019.6898,550.00
5.995993,1019.7227,531.00
5.995993,1019.7556,489.00
5.995993,1019.7885,563.00
5.995993,1019.8213,510.00
5.995993,1019.8541,565.00
5.995993,1019.8870,511.00
5.995993,1019.9198,540.00
5.995993,1019.9525,515.00
5.995993,1019.9854,525.00
5.995993,1020.0182,508.00
5.995993,1020.0509,571.00
5.995993,1020.0837,564.00
5.995993,1020.1167,569.00
5.995993,1020.1494,536.00
5.995993,1020.1823,536.00
5.995993,1020.2149,517.00
5.995993,1020.2477,518.00
5.995993,1020.2805,498.00
5.995993,1020.3132,520.00
5.995993,1020.3459,516.00
5.995993,1020.3787,596.00
5.995993,1020.4114,483.00
5.995993,1020.4442,527.00
5.995993,1020.4768,522.00
5.995993,1020.5096,566.00
5.995993,1020.5423,506.00
5.995993,1020.5750,567.00
5.995993,1020.6077,475.00
5.995993,1020.6403,585.00
5.995993,1020.6730,525.00
5.995993,1020.7055,573.00
5.995993,1020.7382,527.00
5.995993,1020.7709,531.00
5.995993,1020.8036,518.00
5.995993,1020.8363,498.00
5.995993,1020.8688,476.00
5.995993,1020.9015,555.00
5.995993,1020.9341,487.00
5.995993,1020.9667,553.00
5.995993,1020.9993,493.00
5.995993,1021.0319,514.00
5.995993,1021.0645,513.00
5.995993,1021.0971,541.00
5.995993,1021.1298,476.00
5.995993,1021.1623,532.00
5.995993,1021.1948,477.00
5.995993,1021.2273,546.00
5.995993,1021.2599,514.00
5.995993,1021.2924,534.00
5.995993,1021.3250,502.00
5.995993,1021.3574,504.00
5.995993,1021.3900,469.00
5.995993,1021.4224,481.00
5.995993,1021.4550,449.00
5.995993,1021.4875,493.00
5.995993,1021.5200,492.00
5.995993,1021.5525,522.00
5.995993,1021.5850,476.00
5.995993,1021.6175,514.00
5.995993,1021.6500,458.00
5.995993,1021.6823,530.00
5.995993,1021.7148,461.00
5.995993,1021.7474,554.00
5.995993,1021.7797,503.00
5.995993,1021.8122,535.00
5.995993,1021.8445,517.00
5.995993,1021.8770,582.00
5.995993,1021.9095,523.00
5.995993,1021.9418,497.00
5.995993,1021.9741,481.00
5.995993,1022.0066,504.00
5.995993,1022.0389,495.00
5.995993,1022.0713,577.00
5.995993,1022.1037,468.00
5.995993,1022.1362,604.00
5.995993,1022.1685,554.00
5.995993,1022.2008,531.00
5.995993,1022.2332,474.00
5.995993,1022.2654,516.00
5.995993,1022.2977,506.00
5.995993,1022.3301,553.00
5.995993,1022.3624,479.00
5.995993,1022.3947,565.00
5.995993,1022.4271,496.00
5.995993,1022.4594,531.00
5.995993,1022.4917,518.00
5.995993,1022.5239,557.00
5.995993,1022.5562,504.00
5.995993,1022.5885,554.00
5.995993,1022.6207,495.00
5.995993,1022.6530,563.00
5.995993,1022.6852,512.00
5.995993,1022.7174,548.00
5.995993,1022.7497,501.00
5.995993,1022.7819,555.00
5.995993,1022.8142,491.00
5.995993,1022.8464,528.00
5.995993,1022.8785,496.00
5.995993,1022.9108,572.00
5.995993,1022.9429,497.00
5.995993,1022.9751,541.00
5.995993,1023.0073,526.00
5.995993,1023.0394,516.00
5.995993,1023.0717,500.00
5.995993,1023.1039,564.00
5.995993,1023.1360,490.00
5.995993,1023.1682,535.00
5.995993,1023.2003,480.00
5.995993,1023.2324,534.00
5.995993,1023.2644,504.00
5.995993,1023.2966,531.00
5.995993,1023.3287,489.00
5.995993,1023.3608,488.00
5.995993,1023.3929,481.00
5.995993,1023.4249,524.00
5.995993,1023.4570,473.00
5.995993,1023.4893,560.00
5.995993,1023.5212,504.00
5.995993,1023.5533,498.00
5.995993,1023.5853,484.00
5.995993,1023.6174,492.00
5.995993,1023.6494,494.00
5.995993,1023.6813,526.00
5.995993,1023.7134,465.00
5.995993,1023.7454,522.00
5.995993,1023.7775,502.00
5.995993,1023.8096,505.00
5.995993,1023.8416,505.00
5.995993,1023.8735,516.00
5.995993,1023.9055,483.00
5.995993,1023.9374,491.00
5.995993,1023.9694,428.00
5.995993,1024.0013,512.00
5.995993,1024.0333,464.00
5.995993,1024.0652,523.00
5.995993,1024.0972,477.00
5.995993,1024.1293,526.00
5.995993,1024.1611,454.00
5.995993,1024.1931,534.00
5.995993,1024.2250,455.00
5.995993,1024.2568,528.00
5.995993,1024.2888,455.00
5.995993,1024.3206,507.00
5.995993,1024.3525,503.00
5.995993,1024.3843,489.00
5.995993,1024.4164,474.00
5.995993,1024.4481,527.00
5.995993,1024.4801,475.00
5.995993,1024.5118,523.00
5.995993,1024.5438,472.00
5.995993,1024.5756,521.00
5.995993,1024.6074,477.00
5.995993,1024.6393,517.00
5.995993,1024.6710,511.00
5.995993,1024.7029,484.00
5.995993,1024.7346,472.00
5.995993,1024.7664,508.00
5.995993,1024.7982,478.00
5.995993,1024.8301,549.00
5.995993,1024.8618,482.00
5.995993,1024.8936,528.00
5.995993,1024.9253,462.00
5.995993,1024.9572,529.00
5.995993,1024.9889,486.00
5.995993,1025.0206,511.00
5.995993,1025.0522,432.00
5.995993,1025.0841,557.00
5.995993,1025.1158,478.00
5.995993,1025.1475,555.00
5.995993,1025.1792,473.00
5.995993,1025.2109,506.00
5.995993,1025.2426,484.00
5.995993,1025.2743,513.00
5.995993,1025.3059,481.00
5.995993,1025.3376,534.00
5.995993,1025.3693,449.00
5.995993,1025.4009,542.00
5.995993,1025.4326,510.00
5.995993,1025.4644,548.00
5.995993,1025.4960,493.00
5.995993,1025.5276,530.00
5.995993,1025.5592,505.00
5.995993,1025.5908,521.00
5.995993,1025.6224,464.00
5.995993,1025.6541,560.00
5.995993,1025.6857,501.00
5.995993,1025.7172,586.00
5.995993,1025.7489,550.00
5.995993,1025.7804,564.00
5.995993,1025.8120,558.00
5.995993,1025.8435,496.00
5.995993,1025.8751,519.00
5.995993,1025.9066,551.00
5.995993,1025.9381,464.00
5.995993,1025.9697,551.00
5.995993,1026.0012,548.00
5.995993,1026.0327,521.00
5.995993,1026.0642,507.00
