# Point:,39
# Setpoint:,1.98545455
# Voltage_V:,1.98545455
# Current_A:,0.031375
# Spectrum_Time_s:,6.563622
# Step_Start_s:,6.484490
# Step_End_s:,6.627484
# Spectrum_Duration_ms:,67.638
# Peak_Wavelength_nm:,929.57
# Peak_Intensity:,10506.0
# Avg_Intensity:,632.7
# Num_Pixels:,4094
# NOTE: All wavelengths are captured simultaneously in one CCD exposure
#       The Relative_Time_s column shows when this entire spectrum was acquired

Relative_Time_s,Wavelength_nm,Intensity
6.563622,845.4307,563.00
6.563622,845.4858,517.00
6.563622,845.5410,561.00
6.563622,845.5963,507.00
6.563622,845.6514,565.00
6.563622,845.7065,497.00
6.563622,845.7617,544.00
6.563622,845.8168,488.00
6.563622,845.8721,555.00
6.563622,845.9272,502.00
6.563622,845.9823,540.00
6.563622,846.0374,536.00
6.563622,846.0926,508.00
6.563622,846.1478,515.00
6.563622,846.2029,537.00
6.563622,846.2579,480.00
6.563622,846.3130,540.00
6.563622,846.3682,436.00
6.563622,846.4233,533.00
6.563622,846.4784,486.00
6.563622,846.5335,590.00
6.563622,846.5886,530.00
6.563622,846.6437,514.00
6.563622,846.6987,508.00
6.563622,846.7538,545.00
6.563622,846.8089,483.00
6.563622,846.8640,543.00
6.563622,846.9190,495.00
6.563622,846.9741,560.00
6.563622,847.0292,506.00
6.563622,847.0842,541.00
6.563622,847.1392,561.00
6.563622,847.1943,555.00
6.563622,847.2493,504.00
6.563622,847.3044,577.00
6.563622,847.3594,500.00
6.563622,847.4144,546.00
6.563622,847.4694,539.00
6.563622,847.5244,564.00
6.563622,847.5795,514.00
6.563622,847.6345,574.00
6.563622,847.6895,513.00
6.563622,847.7444,569.00
6.563622,847.7994,492.00
6.563622,847.8544,575.00
6.563622,847.9094,525.00
6.563622,847.9644,572.00
6.563622,848.0193,554.00
6.563622,848.0743,568.00
6.563622,848.1293,509.00
6.563622,848.1843,584.00
6.563622,848.2392,538.00
6.563622,848.2941,573.00
6.563622,848.3491,574.00
6.563622,848.4040,582.00
6.563622,848.4590,550.00
6.563622,848.5139,591.00
6.563622,848.5688,520.00
6.563622,848.6237,573.00
6.563622,848.6786,525.00
6.563622,848.7336,579.00
6.563622,848.7885,527.00
6.563622,848.8434,618.00
6.563622,848.8983,570.00
6.563622,848.9531,564.00
6.563622,849.0081,561.00
6.563622,849.0630,573.00
6.563622,849.1178,499.00
6.563622,849.1727,591.00
6.563622,849.2275,558.00
6.563622,849.2823,626.00
6.563622,849.3373,534.00
6.563622,849.3921,593.00
6.563622,849.4470,553.00
6.563622,849.5018,559.00
6.563622,849.5566,529.00
6.563622,849.6115,611.00
6.563622,849.6663,524.00
6.563622,849.7211,598.00
6.563622,849.7759,557.00
6.563622,849.8307,600.00
6.563622,849.8856,569.00
6.563622,849.9404,596.00
6.563622,849.9952,549.00
6.563622,850.0500,588.00
6.563622,850.1048,518.00
6.563622,850.1596,608.00
6.563622,850.2144,512.00
6.563622,850.2692,628.00
6.563622,850.3239,536.00
6.563622,850.3787,573.00
6.563622,850.4335,556.00
6.563622,850.4882,578.00
6.563622,850.5430,566.00
6.563622,850.5977,612.00
6.563622,850.6525,536.00
6.563622,850.7072,602.00
6.563622,850.7620,547.00
6.563622,850.8167,617.00
6.563622,850.8715,560.00
6.563622,850.9261,568.00
6.563622,850.9808,529.00
6.563622,851.0356,579.00
6.563622,851.0903,560.00
6.563622,851.1450,618.00
6.563622,851.1996,574.00
6.563622,851.2543,622.00
6.563622,851.3091,553.00
6.563622,851.3638,606.00
6.563622,851.4185,551.00
6.563622,851.4731,605.00
6.563622,851.5278,555.00
6.563622,851.5825,646.00
6.563622,851.6371,587.00
6.563622,851.6918,657.00
6.563622,851.7465,604.00
6.563622,851.8011,615.00
6.563622,851.8558,585.00
6.563622,851.9103,607.00
6.563622,851.9650,556.00
6.563622,852.0196,654.00
6.563622,852.0742,577.00
6.563622,852.1289,636.00
6.563622,852.1835,583.00
6.563622,852.2381,652.00
6.563622,852.2927,595.00
6.563622,852.3473,636.00
6.563622,852.4019,634.00
6.563622,852.4565,689.00
6.563622,852.5111,592.00
6.563622,852.5657,635.00
6.563622,852.6202,598.00
6.563622,852.6747,655.00
6.563622,852.7294,602.00
6.563622,852.7839,654.00
6.563622,852.8385,589.00
6.563622,852.8930,637.00
6.563622,852.9476,601.00
6.563622,853.0022,715.00
6.563622,853.0567,611.00
6.563622,853.1112,668.00
6.563622,853.1658,648.00
6.563622,853.2203,648.00
6.563622,853.2748,641.00
6.563622,853.3293,711.00
6.563622,853.3838,630.00
6.563622,853.4383,666.00
6.563622,853.4928,600.00
6.563622,853.5474,716.00
6.563622,853.6019,685.00
6.563622,853.6563,685.00
6.563622,853.7108,655.00
6.563622,853.7653,674.00
6.563622,853.8198,636.00
6.563622,853.8742,672.00
6.563622,853.9286,666.00
6.563622,853.9832,687.00
6.563622,854.0376,649.00
6.563622,854.0920,708.00
6.563622,854.1465,672.00
6.563622,854.2010,677.00
6.563622,854.2554,633.00
6.563622,854.3098,662.00
6.563622,854.3642,616.00
6.563622,854.4186,692.00
6.563622,854.4731,618.00
6.563622,854.5275,692.00
6.563622,854.5819,653.00
6.563622,854.6363,712.00
6.563622,854.6907,664.00
6.563622,854.7451,649.00
6.563622,854.7994,608.00
6.563622,854.8538,662.00
6.563622,854.9082,648.00
6.563622,854.9626,704.00
6.563622,855.0170,602.00
6.563622,855.0714,668.00
6.563622,855.1257,619.00
6.563622,855.1800,660.00
6.563622,855.2344,658.00
6.563622,855.2888,661.00
6.563622,855.3431,596.00
6.563622,855.3975,683.00
6.563622,855.4518,598.00
6.563622,855.5060,709.00
6.563622,855.5604,626.00
6.563622,855.6147,638.00
6.563622,855.6691,635.00
6.563622,855.7233,647.00
6.563622,855.7776,594.00
6.563622,855.8320,701.00
6.563622,855.8862,591.00
6.563622,855.9406,647.00
6.563622,855.9948,615.00
6.563622,856.0491,709.00
6.563622,856.1035,654.00
6.563622,856.1577,671.00
6.563622,856.2119,623.00
6.563622,856.2662,659.00
6.563622,856.3204,584.00
6.563622,856.3748,705.00
6.563622,856.4290,621.00
6.563622,856.4832,689.00
6.563622,856.5374,647.00
6.563622,856.5916,670.00
6.563622,856.6459,604.00
6.563622,856.7001,674.00
6.563622,856.7543,610.00
6.563622,856.8085,675.00
6.563622,856.8627,629.00
6.563622,856.9169,698.00
6.563622,856.9712,651.00
6.563622,857.0253,641.00
6.563622,857.0795,635.00
6.563622,857.1337,658.00
6.563622,857.1879,625.00
6.563622,857.2421,681.00
6.563622,857.2962,642.00
6.563622,857.3504,683.00
6.563622,857.4045,641.00
6.563622,857.4587,662.00
6.563622,857.5129,684.00
6.563622,857.5670,685.00
6.563622,857.6212,629.00
6.563622,857.6753,682.00
6.563622,857.7294,625.00
6.563622,857.7836,700.00
6.563622,857.8377,650.00
6.563622,857.8918,698.00
6.563622,857.9459,663.00
6.563622,858.0000,664.00
6.563622,858.0541,612.00
6.563622,858.1082,699.00
6.563622,858.1624,631.00
6.563622,858.2164,703.00
6.563622,858.2704,626.00
6.563622,858.3245,702.00
6.563622,858.3787,655.00
6.563622,858.4327,673.00
6.563622,858.4868,651.00
6.563622,858.5408,673.00
6.563622,858.5949,647.00
6.563622,858.6489,671.00
6.563622,858.7030,628.00
6.563622,858.7570,727.00
6.563622,858.8110,668.00
6.563622,858.8651,673.00
6.563622,858.9192,687.00
6.563622,858.9732,690.00
6.563622,859.0272,639.00
6.563622,859.0812,680.00
6.563622,859.1352,624.00
6.563622,859.1892,693.00
6.563622,859.2432,617.00
6.563622,859.2972,679.00
6.563622,859.3512,696.00
6.563622,859.4052,660.00
6.563622,859.4592,650.00
6.563622,859.5132,650.00
6.563622,859.5671,599.00
6.563622,859.6210,728.00
6.563622,859.6750,638.00
6.563622,859.7289,685.00
6.563622,859.7830,625.00
6.563622,859.8369,655.00
6.563622,859.8908,642.00
6.563622,859.9447,631.00
6.563622,859.9987,624.00
6.563622,860.0527,698.00
6.563622,860.1065,583.00
6.563622,860.1605,681.00
6.563622,860.2144,669.00
6.563622,860.2682,688.00
6.563622,860.3222,641.00
6.563622,860.3761,665.00
6.563622,860.4299,622.00
6.563622,860.4838,648.00
6.563622,860.5377,582.00
6.563622,860.5916,658.00
6.563622,860.6455,646.00
6.563622,860.6993,689.00
6.563622,860.7532,644.00
6.563622,860.8071,653.00
6.563622,860.8610,639.00
6.563622,860.9148,637.00
6.563622,860.9687,606.00
6.563622,861.0225,662.00
6.563622,861.0763,644.00
6.563622,861.1301,645.00
6.563622,861.1840,616.00
6.563622,861.2378,663.00
6.563622,861.2916,611.00
6.563622,861.3454,674.00
6.563622,861.3992,624.00
6.563622,861.4531,692.00
6.563622,861.5068,583.00
6.563622,861.5606,655.00
6.563622,861.6144,617.00
6.563622,861.6682,638.00
6.563622,861.7220,620.00
6.563622,861.7758,647.00
6.563622,861.8295,617.00
6.563622,861.8833,660.00
6.563622,861.9370,605.00
6.563622,861.9908,660.00
6.563622,862.0446,621.00
6.563622,862.0983,674.00
6.563622,862.1520,608.00
6.563622,862.2057,666.00
6.563622,862.2595,650.00
6.563622,862.3132,648.00
6.563622,862.3669,581.00
6.563622,862.4206,640.00
6.563622,862.4744,569.00
6.563622,862.5281,673.00
6.563622,862.5818,632.00
6.563622,862.6355,652.00
6.563622,862.6891,610.00
6.563622,862.7429,644.00
6.563622,862.7966,614.00
6.563622,862.8502,626.00
6.563622,862.9039,596.00
6.563622,862.9575,649.00
6.563622,863.0112,660.00
6.563622,863.0648,615.00
6.563622,863.1185,625.00
6.563622,863.1722,646.00
6.563622,863.2258,582.00
6.563622,863.2794,668.00
6.563622,863.3330,591.00
6.563622,863.3867,652.00
6.563622,863.4403,595.00
6.563622,863.4940,647.00
6.563622,863.5475,632.00
6.563622,863.6011,601.00
6.563622,863.6548,602.00
6.563622,863.7084,659.00
6.563622,863.7620,599.00
6.563622,863.8156,634.00
6.563622,863.8691,580.00
6.563622,863.9228,615.00
6.563622,863.9763,601.00
6.563622,864.0299,647.00
6.563622,864.0834,599.00
6.563622,864.1370,648.00
6.563622,864.1906,601.00
6.563622,864.2441,668.00
6.563622,864.2977,603.00
6.563622,864.3512,649.00
6.563622,864.4047,618.00
6.563622,864.4583,630.00
6.563622,864.5118,618.00
6.563622,864.5653,621.00
6.563622,864.6189,576.00
6.563622,864.6724,623.00
6.563622,864.7258,623.00
6.563622,864.7794,633.00
6.563622,864.8329,602.00
6.563622,864.8864,660.00
6.563622,864.9398,621.00
6.563622,864.9933,667.00
6.563622,865.0469,576.00
6.563622,865.1003,611.00
6.563622,865.1538,600.00
6.563622,865.2072,636.00
6.563622,865.2607,611.00
6.563622,865.3142,658.00
6.563622,865.3676,621.00
6.563622,865.4211,652.00
6.563622,865.4745,600.00
6.563622,865.5279,663.00
6.563622,865.5814,597.00
6.563622,865.6348,650.00
6.563622,865.6882,600.00
6.563622,865.7416,672.00
6.563622,865.7950,629.00
6.563622,865.8484,666.00
6.563622,865.9019,637.00
6.563622,865.9552,634.00
6.563622,866.0087,614.00
6.563622,866.0620,620.00
6.563622,866.1154,583.00
6.563622,866.1688,702.00
6.563622,866.2222,595.00
6.563622,866.2755,657.00
6.563622,866.3289,648.00
6.563622,866.3822,671.00
6.563622,866.4356,643.00
6.563622,866.4890,637.00
6.563622,866.5423,622.00
6.563622,866.5956,684.00
6.563622,866.6489,593.00
6.563622,866.7023,701.00
6.563622,866.7556,602.00
6.563622,866.8089,657.00
6.563622,866.8622,620.00
6.563622,866.9155,650.00
6.563622,866.9689,600.00
6.563622,867.0222,677.00
6.563622,867.0755,598.00
6.563622,867.1287,664.00
6.563622,867.1820,619.00
6.563622,867.2354,662.00
6.563622,867.2886,638.00
6.563622,867.3419,671.00
6.563622,867.3951,596.00
6.563622,867.4484,649.00
6.563622,867.5016,573.00
6.563622,867.5549,679.00
6.563622,867.6082,621.00
6.563622,867.6614,646.00
6.563622,867.7146,650.00
6.563622,867.7678,648.00
6.563622,867.8211,639.00
6.563622,867.8743,668.00
6.563622,867.9276,621.00
6.563622,867.9807,655.00
6.563622,868.0339,642.00
6.563622,868.0872,675.00
6.563622,868.1403,650.00
6.563622,868.1935,654.00
6.563622,868.2467,595.00
6.563622,868.2999,643.00
6.563622,868.3531,593.00
6.563622,868.4062,691.00
6.563622,868.4594,597.00
6.563622,868.5126,691.00
6.563622,868.5657,641.00
6.563622,868.6189,660.00
6.563622,868.6721,649.00
6.563622,868.7252,652.00
6.563622,868.7783,579.00
6.563622,868.8315,636.00
6.563622,868.8846,614.00
6.563622,868.9377,666.00
6.563622,868.9908,622.00
6.563622,869.0439,661.00
6.563622,869.0970,646.00
6.563622,869.1501,643.00
6.563622,869.2032,585.00
6.563622,869.2564,653.00
6.563622,869.3094,594.00
6.563622,869.3625,643.00
6.563622,869.4156,615.00
6.563622,869.4688,678.00
6.563622,869.5218,612.00
6.563622,869.5748,655.00
6.563622,869.6279,633.00
6.563622,869.6809,617.00
6.563622,869.7340,569.00
6.563622,869.7870,634.00
6.563622,869.8401,621.00
6.563622,869.8931,658.00
6.563622,869.9462,592.00
6.563622,869.9993,622.00
6.563622,870.0522,609.00
6.563622,870.1052,682.00
6.563622,870.1583,617.00
6.563622,870.2112,664.00
6.563622,870.2642,599.00
6.563622,870.3173,654.00
6.563622,870.3702,603.00
6.563622,870.4232,676.00
6.563622,870.4762,638.00
6.563622,870.5292,617.00
6.563622,870.5822,629.00
6.563622,870.6351,659.00
6.563622,870.6881,620.00
6.563622,870.7410,659.00
6.563622,870.7940,628.00
6.563622,870.8470,654.00
6.563622,870.8999,593.00
6.563622,870.9528,680.00
6.563622,871.0057,671.00
6.563622,871.0587,644.00
6.563622,871.1116,621.00
6.563622,871.1646,676.00
6.563622,871.2175,580.00
6.563622,871.2704,697.00
6.563622,871.3232,648.00
6.563622,871.3762,634.00
6.563622,871.4291,638.00
6.563622,871.4820,660.00
6.563622,871.5348,616.00
6.563622,871.5877,684.00
6.563622,871.6406,655.00
6.563622,871.6935,705.00
6.563622,871.7463,602.00
6.563622,871.7992,654.00
6.563622,871.8521,674.00
6.563622,871.9049,657.00
6.563622,871.9578,676.00
6.563622,872.0106,669.00
6.563622,872.0635,581.00
6.563622,872.1162,659.00
6.563622,872.1691,606.00
6.563622,872.2219,706.00
6.563622,872.2747,622.00
6.563622,872.3275,652.00
6.563622,872.3803,679.00
6.563622,872.4332,659.00
6.563622,872.4860,631.00
6.563622,872.5387,677.00
6.563622,872.5915,596.00
6.563622,872.6443,679.00
6.563622,872.6971,669.00
6.563622,872.7499,701.00
6.563622,872.8026,648.00
6.563622,872.8553,654.00
6.563622,872.9081,661.00
6.563622,872.9609,666.00
6.563622,873.0136,616.00
6.563622,873.0663,704.00
6.563622,873.1191,581.00
6.563622,873.1718,692.00
6.563622,873.2245,647.00
6.563622,873.2773,632.00
6.563622,873.3300,620.00
6.563622,873.3827,680.00
6.563622,873.4354,630.00
6.563622,873.4882,729.00
6.563622,873.5408,638.00
6.563622,873.5935,674.00
6.563622,873.6462,644.00
6.563622,873.6989,665.00
6.563622,873.7515,684.00
6.563622,873.8042,643.00
6.563622,873.8569,583.00
6.563622,873.9096,670.00
6.563622,873.9622,588.00
6.563622,874.0149,696.00
6.563622,874.0675,659.00
6.563622,874.1202,673.00
6.563622,874.1729,645.00
6.563622,874.2255,682.00
6.563622,874.2781,624.00
6.563622,874.3307,651.00
6.563622,874.3834,612.00
6.563622,874.4360,678.00
6.563622,874.4885,651.00
6.563622,874.5411,688.00
6.563622,874.5938,621.00
6.563622,874.6463,642.00
6.563622,874.6990,641.00
6.563622,874.7515,643.00
6.563622,874.8041,630.00
6.563622,874.8567,684.00
6.563622,874.9092,661.00
6.563622,874.9619,684.00
6.563622,875.0144,633.00
6.563622,875.0669,697.00
6.563622,875.1194,628.00
6.563622,875.1720,656.00
6.563622,875.2246,638.00
6.563622,875.2772,670.00
6.563622,875.3296,630.00
6.563622,875.3821,694.00
6.563622,875.4346,674.00
6.563622,875.4872,673.00
6.563622,875.5397,645.00
6.563622,875.5922,677.00
6.563622,875.6447,627.00
6.563622,875.6971,671.00
6.563622,875.7498,612.00
6.563622,875.8022,678.00
6.563622,875.8547,618.00
6.563622,875.9071,713.00
6.563622,875.9596,639.00
6.563622,876.0120,650.00
6.563622,876.0646,649.00
6.563622,876.1169,665.00
6.563622,876.1694,626.00
6.563622,876.2219,675.00
6.563622,876.2743,635.00
6.563622,876.3268,710.00
6.563622,876.3792,620.00
6.563622,876.4316,653.00
6.563622,876.4840,669.00
6.563622,876.5364,671.00
6.563622,876.5889,615.00
6.563622,876.6413,720.00
6.563622,876.6937,616.00
6.563622,876.7460,692.00
6.563622,876.7985,657.00
6.563622,876.8509,673.00
6.563622,876.9032,646.00
6.563622,876.9556,658.00
6.563622,877.0079,610.00
6.563622,877.0604,626.00
6.563622,877.1127,598.00
6.563622,877.1651,691.00
6.563622,877.2174,603.00
6.563622,877.2697,645.00
6.563622,877.3221,647.00
6.563622,877.3744,653.00
6.563622,877.4268,605.00
6.563622,877.4791,627.00
6.563622,877.5314,588.00
6.563622,877.5837,649.00
6.563622,877.6360,608.00
6.563622,877.6884,660.00
6.563622,877.7407,585.00
6.563622,877.7930,614.00
6.563622,877.8452,620.00
6.563622,877.8975,644.00
6.563622,877.9498,618.00
6.563622,878.0021,650.00
6.563622,878.0544,609.00
6.563622,878.1066,648.00
6.563622,878.1589,620.00
6.563622,878.2111,619.00
6.563622,878.2634,615.00
6.563622,878.3157,618.00
6.563622,878.3679,582.00
6.563622,878.4202,656.00
6.563622,878.4724,603.00
6.563622,878.5246,673.00
6.563622,878.5768,607.00
6.563622,878.6290,659.00
6.563622,878.6812,626.00
6.563622,878.7335,635.00
6.563622,878.7856,656.00
6.563622,878.8379,623.00
6.563622,878.8901,603.00
6.563622,878.9422,621.00
6.563622,878.9944,595.00
6.563622,879.0466,666.00
6.563622,879.0988,619.00
6.563622,879.1509,673.00
6.563622,879.2031,626.00
6.563622,879.2552,621.00
6.563622,879.3074,613.00
6.563622,879.3596,649.00
6.563622,879.4117,564.00
6.563622,879.4638,661.00
6.563622,879.5159,598.00
6.563622,879.5681,652.00
6.563622,879.6202,626.00
6.563622,879.6723,652.00
6.563622,879.7244,636.00
6.563622,879.7766,671.00
6.563622,879.8287,588.00
6.563622,879.8808,639.00
6.563622,879.9329,576.00
6.563622,879.9849,638.00
6.563622,880.0370,635.00
6.563622,880.0891,674.00
6.563622,880.1412,595.00
6.563622,880.1932,634.00
6.563622,880.2452,549.00
6.563622,880.2973,657.00
6.563622,880.3495,615.00
6.563622,880.4015,681.00
6.563622,880.4536,627.00
6.563622,880.5056,608.00
6.563622,880.5576,586.00
6.563622,880.6096,647.00
6.563622,880.6616,584.00
6.563622,880.7137,635.00
6.563622,880.7656,572.00
6.563622,880.8176,629.00
6.563622,880.8696,583.00
6.563622,880.9217,682.00
6.563622,880.9737,611.00
6.563622,881.0256,640.00
6.563622,881.0776,604.00
6.563622,881.1296,641.00
6.563622,881.1816,563.00
6.563622,881.2336,609.00
6.563622,881.2855,586.00
6.563622,881.3374,634.00
6.563622,881.3893,632.00
6.563622,881.4413,613.00
6.563622,881.4933,602.00
6.563622,881.5452,659.00
6.563622,881.5972,597.00
6.563622,881.6490,632.00
6.563622,881.7010,604.00
6.563622,881.7530,651.00
6.563622,881.8049,591.00
6.563622,881.8568,630.00
6.563622,881.9086,620.00
6.563622,881.9605,622.00
6.563622,882.0125,591.00
6.563622,882.0643,633.00
6.563622,882.1162,581.00
6.563622,882.1681,656.00
6.563622,882.2199,561.00
6.563622,882.2719,633.00
6.563622,882.3237,580.00
6.563622,882.3755,606.00
6.563622,882.4274,540.00
6.563622,882.4792,606.00
6.563622,882.5311,582.00
6.563622,882.5829,624.00
6.563622,882.6348,603.00
6.563622,882.6866,648.00
6.563622,882.7383,611.00
6.563622,882.7902,593.00
6.563622,882.8420,604.00
6.563622,882.8939,621.00
6.563622,882.9457,548.00
6.563622,882.9974,609.00
6.563622,883.0493,576.00
6.563622,883.1011,654.00
6.563622,883.1528,566.00
6.563622,883.2046,642.00
6.563622,883.2563,616.00
6.563622,883.3081,588.00
6.563622,883.3599,567.00
6.563622,883.4116,599.00
6.563622,883.4634,567.00
6.563622,883.5151,644.00
6.563622,883.5668,598.00
6.563622,883.6187,625.00
6.563622,883.6703,619.00
6.563622,883.7220,627.00
6.563622,883.7738,606.00
6.563622,883.8254,593.00
6.563622,883.8773,564.00
6.563622,883.9289,649.00
6.563622,883.9806,595.00
6.563622,884.0323,645.00
6.563622,884.0840,626.00
6.563622,884.1357,662.00
6.563622,884.1874,606.00
6.563622,884.2391,641.00
6.563622,884.2907,564.00
6.563622,884.3423,629.00
6.563622,884.3940,585.00
6.563622,884.4457,649.00
6.563622,884.4974,606.00
6.563622,884.5490,628.00
6.563622,884.6006,588.00
6.563622,884.6523,640.00
6.563622,884.7039,598.00
6.563622,884.7555,645.00
6.563622,884.8071,568.00
6.563622,884.8588,646.00
6.563622,884.9103,636.00
6.563622,884.9620,661.00
6.563622,885.0136,636.00
6.563622,885.0651,616.00
6.563622,885.1168,605.00
6.563622,885.1683,630.00
6.563622,885.2200,604.00
6.563622,885.2715,650.00
6.563622,885.3231,580.00
6.563622,885.3746,680.00
6.563622,885.4262,653.00
6.563622,885.4778,660.00
6.563622,885.5293,643.00
6.563622,885.5809,662.00
6.563622,885.6324,584.00
6.563622,885.6839,650.00
6.563622,885.7355,594.00
6.563622,885.7870,673.00
6.563622,885.8385,605.00
6.563622,885.8900,678.00
6.563622,885.9415,643.00
6.563622,885.9930,639.00
6.563622,886.0446,578.00
6.563622,886.0960,642.00
6.563622,886.1475,597.00
6.563622,886.1990,671.00
6.563622,886.2504,647.00
6.563622,886.3020,681.00
6.563622,886.3534,631.00
6.563622,886.4048,668.00
6.563622,886.4564,617.00
6.563622,886.5078,627.00
6.563622,886.5593,588.00
6.563622,886.6107,683.00
6.563622,886.6621,624.00
6.563622,886.7136,640.00
6.563622,886.7650,615.00
6.563622,886.8164,654.00
6.563622,886.8679,615.00
6.563622,886.9193,630.00
6.563622,886.9706,604.00
6.563622,887.0220,663.00
6.563622,887.0735,577.00
6.563622,887.1249,641.00
6.563622,887.1762,611.00
6.563622,887.2276,674.00
6.563622,887.2789,641.00
6.563622,887.3304,654.00
6.563622,887.3818,618.00
6.563622,887.4331,631.00
6.563622,887.4844,639.00
6.563622,887.5358,688.00
6.563622,887.5871,587.00
6.563622,887.6385,667.00
6.563622,887.6898,659.00
6.563622,887.7411,609.00
6.563622,887.7925,624.00
6.563622,887.8438,647.00
6.563622,887.8951,619.00
6.563622,887.9464,685.00
6.563622,887.9977,636.00
6.563622,888.0490,714.00
6.563622,888.1003,669.00
6.563622,888.1516,643.00
6.563622,888.2029,628.00
6.563622,888.2542,646.00
6.563622,888.3054,603.00
6.563622,888.3567,692.00
6.563622,888.4080,611.00
6.563622,888.4592,666.00
6.563622,888.5105,627.00
6.563622,888.5618,665.00
6.563622,888.6130,618.00
6.563622,888.6642,649.00
6.563622,888.7155,631.00
6.563622,888.7667,663.00
6.563622,888.8179,616.00
6.563622,888.8691,673.00
6.563622,888.9204,664.00
6.563622,888.9716,679.00
6.563622,889.0228,641.00
6.563622,889.0740,682.00
6.563622,889.1252,652.00
6.563622,889.1764,666.00
6.563622,889.2275,639.00
6.563622,889.2787,668.00
6.563622,889.3299,617.00
6.563622,889.3810,704.00
6.563622,889.4322,703.00
6.563622,889.4835,691.00
6.563622,889.5346,638.00
6.563622,889.5857,662.00
6.563622,889.6368,608.00
6.563622,889.6879,673.00
6.563622,889.7391,603.00
6.563622,889.7903,689.00
6.563622,889.8414,621.00
6.563622,889.8925,678.00
6.563622,889.9435,658.00
6.563622,889.9948,637.00
6.563622,890.0458,628.00
6.563622,890.0969,664.00
6.563622,890.1479,611.00
6.563622,890.1990,669.00
6.563622,890.2501,600.00
6.563622,890.3012,676.00
6.563622,890.3523,630.00
6.563622,890.4034,611.00
6.563622,890.4545,632.00
6.563622,890.5054,644.00
6.563622,890.5566,588.00
6.563622,890.6076,653.00
6.563622,890.6586,601.00
6.563622,890.7097,666.00
6.563622,890.7607,652.00
6.563622,890.8117,656.00
6.563622,890.8627,638.00
6.563622,890.9138,646.00
6.563622,890.9647,583.00
6.563622,891.0157,614.00
6.563622,891.0668,596.00
6.563622,891.1178,663.00
6.563622,891.1688,601.00
6.563622,891.2197,661.00
6.563622,891.2707,613.00
6.563622,891.3217,642.00
6.563622,891.3727,599.00
6.563622,891.4236,620.00
6.563622,891.4745,568.00
6.563622,891.5256,640.00
6.563622,891.5765,607.00
6.563622,891.6275,645.00
6.563622,891.6783,596.00
6.563622,891.7293,630.00
6.563622,891.7802,574.00
6.563622,891.8312,621.00
6.563622,891.8821,578.00
6.563622,891.9330,674.00
6.563622,891.9839,563.00
6.563622,892.0348,629.00
6.563622,892.0857,596.00
6.563622,892.1366,635.00
6.563622,892.1875,593.00
6.563622,892.2383,639.00
6.563622,892.2892,624.00
6.563622,892.3401,654.00
6.563622,892.3911,601.00
6.563622,892.4418,672.00
6.563622,892.4927,617.00
6.563622,892.5436,646.00
6.563622,892.5944,629.00
6.563622,892.6452,616.00
6.563622,892.6961,612.00
6.563622,892.7469,630.00
6.563622,892.7977,611.00
6.563622,892.8485,626.00
6.563622,892.8993,636.00
6.563622,892.9502,682.00
6.563622,893.0010,639.00
6.563622,893.0518,639.00
6.563622,893.1025,641.00
6.563622,893.1534,664.00
6.563622,893.2042,625.00
6.563622,893.2549,663.00
6.563622,893.3057,623.00
6.563622,893.3564,680.00
6.563622,893.4072,676.00
6.563622,893.4580,644.00
6.563622,893.5087,621.00
6.563622,893.5595,631.00
6.563622,893.6102,588.00
6.563622,893.6609,692.00
6.563622,893.7117,586.00
6.563622,893.7625,714.00
6.563622,893.8132,625.00
6.563622,893.8639,668.00
6.563622,893.9146,644.00
6.563622,893.9653,613.00
6.563622,894.0160,605.00
6.563622,894.0667,642.00
6.563622,894.1174,602.00
6.563622,894.1681,656.00
6.563622,894.2188,612.00
6.563622,894.2695,652.00
6.563622,894.3201,625.00
6.563622,894.3708,633.00
6.563622,894.4214,616.00
6.563622,894.4720,662.00
6.563622,894.5228,584.00
6.563622,894.5734,688.00
6.563622,894.6240,610.00
6.563622,894.6746,672.00
6.563622,894.7252,691.00
6.563622,894.7759,650.00
6.563622,894.8265,638.00
6.563622,894.8771,637.00
6.563622,894.9277,590.00
6.563622,894.9783,661.00
6.563622,895.0290,589.00
6.563622,895.0795,683.00
6.563622,895.1301,606.00
6.563622,895.1807,661.00
6.563622,895.2313,640.00
6.563622,895.2819,638.00
6.563622,895.3325,621.00
6.563622,895.3830,665.00
6.563622,895.4336,586.00
6.563622,895.4841,678.00
6.563622,895.5347,611.00
6.563622,895.5852,656.00
6.563622,895.6357,630.00
6.563622,895.6863,675.00
6.563622,895.7368,623.00
6.563622,895.7874,635.00
6.563622,895.8379,580.00
6.563622,895.8884,675.00
6.563622,895.9388,593.00
6.563622,895.9893,649.00
6.563622,896.0399,623.00
6.563622,896.0904,632.00
6.563622,896.1408,659.00
6.563622,896.1913,642.00
6.563622,896.2418,624.00
6.563622,896.2922,683.00
6.563622,896.3427,652.00
6.563622,896.3932,707.00
6.563622,896.4437,627.00
6.563622,896.4941,682.00
6.563622,896.5445,655.00
6.563622,896.5950,644.00
6.563622,896.6454,669.00
6.563622,896.6958,657.00
6.563622,896.7462,607.00
6.563622,896.7967,671.00
6.563622,896.8471,628.00
6.563622,896.8975,662.00
6.563622,896.9479,628.00
6.563622,896.9983,671.00
6.563622,897.0486,641.00
6.563622,897.0991,662.00
6.563622,897.1495,615.00
6.563622,897.1998,686.00
6.563622,897.2502,589.00
6.563622,897.3005,686.00
6.563622,897.3510,659.00
6.563622,897.4013,687.00
6.563622,897.4517,677.00
6.563622,897.5020,652.00
6.563622,897.5523,631.00
6.563622,897.6026,673.00
6.563622,897.6530,619.00
6.563622,897.7033,664.00
6.563622,897.7537,612.00
6.563622,897.8040,657.00
6.563622,897.8542,620.00
6.563622,897.9046,645.00
6.563622,897.9549,634.00
6.563622,898.0051,674.00
6.563622,898.0554,596.00
6.563622,898.1057,656.00
6.563622,898.1560,604.00
6.563622,898.2063,673.00
6.563622,898.2565,643.00
6.563622,898.3068,628.00
6.563622,898.3571,636.00
6.563622,898.4073,622.00
6.563622,898.4576,582.00
6.563622,898.5078,645.00
6.563622,898.5580,596.00
6.563622,898.6083,680.00
6.563622,898.6584,647.00
6.563622,898.7087,663.00
6.563622,898.7590,660.00
6.563622,898.8091,668.00
6.563622,898.8593,630.00
6.563622,898.9095,665.00
6.563622,898.9598,587.00
6.563622,899.0099,682.00
6.563622,899.0601,608.00
6.563622,899.1103,665.00
6.563622,899.1605,602.00
6.563622,899.2107,617.00
6.563622,899.2608,589.00
6.563622,899.3109,598.00
6.563622,899.3611,616.00
6.563622,899.4113,687.00
6.563622,899.4614,622.00
6.563622,899.5115,642.00
6.563622,899.5616,617.00
6.563622,899.6118,634.00
6.563622,899.6619,613.00
6.563622,899.7121,625.00
6.563622,899.7622,569.00
6.563622,899.8123,652.00
6.563622,899.8624,583.00
6.563622,899.9124,680.00
6.563622,899.9626,638.00
6.563622,900.0126,634.00
6.563622,900.0627,620.00
6.563622,900.1127,663.00
6.563622,900.1628,590.00
6.563622,900.2130,625.00
6.563622,900.2631,559.00
6.563622,900.3130,634.00
6.563622,900.3631,591.00
6.563622,900.4131,635.00
6.563622,900.4632,622.00
6.563622,900.5132,637.00
6.563622,900.5633,583.00
6.563622,900.6132,609.00
6.563622,900.6632,617.00
6.563622,900.7133,627.00
6.563622,900.7633,568.00
6.563622,900.8133,611.00
6.563622,900.8633,576.00
6.563622,900.9133,622.00
6.563622,900.9633,597.00
6.563622,901.0133,634.00
6.563622,901.0632,597.00
6.563622,901.1132,622.00
6.563622,901.1631,603.00
6.563622,901.2131,682.00
6.563622,901.2631,623.00
6.563622,901.3130,654.00
6.563622,901.3630,607.00
6.563622,901.4129,627.00
6.563622,901.4628,617.00
6.563622,901.5128,627.00
6.563622,901.5627,595.00
6.563622,901.6126,637.00
6.563622,901.6625,611.00
6.563622,901.7124,632.00
6.563622,901.7623,635.00
6.563622,901.8123,635.00
6.563622,901.8621,622.00
6.563622,901.9120,621.00
6.563622,901.9619,580.00
6.563622,902.0117,657.00
6.563622,902.0616,629.00
6.563622,902.1115,649.00
6.563622,902.1613,604.00
6.563622,902.2112,604.00
6.563622,902.2610,622.00
6.563622,902.3109,608.00
6.563622,902.3608,594.00
6.563622,902.4106,634.00
6.563622,902.4604,606.00
6.563622,902.5103,647.00
6.563622,902.5601,608.00
6.563622,902.6099,667.00
6.563622,902.6597,599.00
6.563622,902.7095,631.00
6.563622,902.7592,635.00
6.563622,902.8090,648.00
6.563622,902.8589,581.00
6.563622,902.9086,687.00
6.563622,902.9584,617.00
6.563622,903.0082,645.00
6.563622,903.0580,616.00
6.563622,903.1077,640.00
6.563622,903.1575,627.00
6.563622,903.2072,618.00
6.563622,903.2570,578.00
6.563622,903.3067,666.00
6.563622,903.3564,600.00
6.563622,903.4062,679.00
6.563622,903.4559,633.00
6.563622,903.5056,643.00
6.563622,903.5553,633.00
6.563622,903.6050,622.00
6.563622,903.6547,613.00
6.563622,903.7045,682.00
6.563622,903.7541,555.00
6.563622,903.8038,664.00
6.563622,903.8535,619.00
6.563622,903.9032,612.00
6.563622,903.9528,621.00
6.563622,904.0025,643.00
6.563622,904.0522,606.00
6.563622,904.1019,643.00
6.563622,904.1515,580.00
6.563622,904.2012,634.00
6.563622,904.2507,589.00
6.563622,904.3004,641.00
6.563622,904.3500,593.00
6.563622,904.3997,610.00
6.563622,904.4493,601.00
6.563622,904.4989,626.00
6.563622,904.5485,560.00
6.563622,904.5980,644.00
6.563622,904.6477,581.00
6.563622,904.6973,624.00
6.563622,904.7469,565.00
6.563622,904.7964,628.00
6.563622,904.8460,598.00
6.563622,904.8956,602.00
6.563622,904.9452,578.00
6.563622,904.9947,648.00
6.563622,905.0443,554.00
6.563622,905.0938,647.00
6.563622,905.1434,609.00
6.563622,905.1929,625.00
6.563622,905.2424,632.00
6.563622,905.2919,659.00
6.563622,905.3414,585.00
6.563622,905.3910,618.00
6.563622,905.4406,600.00
6.563622,905.4901,664.00
6.563622,905.5396,575.00
6.563622,905.5890,640.00
6.563622,905.6385,601.00
6.563622,905.6880,642.00
6.563622,905.7375,600.00
6.563622,905.7870,655.00
6.563622,905.8364,602.00
6.563622,905.8859,650.00
6.563622,905.9354,605.00
6.563622,905.9848,668.00
6.563622,906.0342,657.00
6.563622,906.0837,649.00
6.563622,906.1331,627.00
6.563622,906.1826,646.00
6.563622,906.2321,606.00
6.563622,906.2814,676.00
6.563622,906.3309,596.00
6.563622,906.3802,661.00
6.563622,906.4297,619.00
6.563622,906.4791,637.00
6.563622,906.5285,632.00
6.563622,906.5779,606.00
6.563622,906.6273,574.00
6.563622,906.6766,643.00
6.563622,906.7260,590.00
6.563622,906.7754,666.00
6.563622,906.8248,591.00
6.563622,906.8741,633.00
6.563622,906.9235,619.00
6.563622,906.9729,597.00
6.563622,907.0222,597.00
6.563622,907.0715,637.00
6.563622,907.1208,596.00
6.563622,907.1702,659.00
6.563622,907.2195,616.00
6.563622,907.2688,648.00
6.563622,907.3181,604.00
6.563622,907.3674,628.00
6.563622,907.4167,593.00
6.563622,907.4660,596.00
6.563622,907.5153,576.00
6.563622,907.5646,630.00
6.563622,907.6139,570.00
6.563622,907.6631,654.00
6.563622,907.7125,592.00
6.563622,907.7617,624.00
6.563622,907.8110,567.00
6.563622,907.8602,631.00
6.563622,907.9094,587.00
6.563622,907.9587,632.00
6.563622,908.0080,570.00
6.563622,908.0572,669.00
6.563622,908.1064,619.00
6.563622,908.1556,633.00
6.563622,908.2048,630.00
6.563622,908.2541,613.00
6.563622,908.3033,610.00
6.563622,908.3524,627.00
6.563622,908.4017,584.00
6.563622,908.4508,639.00
6.563622,908.5000,606.00
6.563622,908.5493,635.00
6.563622,908.5984,619.00
6.563622,908.6475,652.00
6.563622,908.6967,601.00
6.563622,908.7459,613.00
6.563622,908.7950,577.00
6.563622,908.8442,629.00
6.563622,908.8932,578.00
6.563622,908.9424,656.00
6.563622,908.9916,600.00
6.563622,909.0407,660.00
6.563622,909.0898,658.00
6.563622,909.1389,645.00
6.563622,909.1880,580.00
6.563622,909.2372,632.00
6.563622,909.2863,576.00
6.563622,909.3354,673.00
6.563622,909.3845,592.00
6.563622,909.4335,642.00
6.563622,909.4825,622.00
6.563622,909.5317,614.00
6.563622,909.5807,578.00
6.563622,909.6298,632.00
6.563622,909.6789,579.00
6.563622,909.7280,645.00
6.563622,909.7770,605.00
6.563622,909.8260,641.00
6.563622,909.8751,598.00
6.563622,909.9241,627.00
6.563622,909.9731,620.00
6.563622,910.0222,630.00
6.563622,910.0711,614.00
6.563622,910.1201,645.00
6.563622,910.1691,605.00
6.563622,910.2181,650.00
6.563622,910.2672,627.00
6.563622,910.3162,637.00
6.563622,910.3651,638.00
6.563622,910.4141,618.00
6.563622,910.4631,627.00
6.563622,910.5120,633.00
6.563622,910.5610,604.00
6.563622,910.6099,637.00
6.563622,910.6589,595.00
6.563622,910.7078,633.00
6.563622,910.7568,622.00
6.563622,910.8057,636.00
6.563622,910.8546,630.00
6.563622,910.9036,653.00
6.563622,910.9525,596.00
6.563622,911.0013,669.00
6.563622,911.0503,626.00
6.563622,911.0992,655.00
6.563622,911.1481,610.00
6.563622,911.1970,622.00
6.563622,911.2459,604.00
6.563622,911.2948,639.00
6.563622,911.3436,577.00
6.563622,911.3925,631.00
6.563622,911.4414,635.00
6.563622,911.4902,666.00
6.563622,911.5391,641.00
6.563622,911.5880,632.00
6.563622,911.6368,617.00
6.563622,911.6857,637.00
6.563622,911.7344,593.00
6.563622,911.7833,638.00
6.563622,911.8321,608.00
6.563622,911.8809,680.00
6.563622,911.9297,620.00
6.563622,911.9785,688.00
6.563622,912.0273,651.00
6.563622,912.0762,624.00
6.563622,912.1249,672.00
6.563622,912.1737,640.00
6.563622,912.2225,588.00
6.563622,912.2712,663.00
6.563622,912.3201,640.00
6.563622,912.3688,690.00
6.563622,912.4176,632.00
6.563622,912.4663,668.00
6.563622,912.5150,615.00
6.563622,912.5638,648.00
6.563622,912.6125,657.00
6.563622,912.6613,668.00
6.563622,912.7100,640.00
6.563622,912.7587,663.00
6.563622,912.8074,638.00
6.563622,912.8561,648.00
6.563622,912.9048,650.00
6.563622,912.9535,662.00
6.563622,913.0023,629.00
6.563622,913.0510,647.00
6.563622,913.0996,612.00
6.563622,913.1483,671.00
6.563622,913.1969,631.00
6.563622,913.2456,668.00
6.563622,913.2943,655.00
6.563622,913.3430,668.00
6.563622,913.3916,631.00
6.563622,913.4402,661.00
6.563622,913.4888,624.00
6.563622,913.5375,687.00
6.563622,913.5862,638.00
6.563622,913.6348,695.00
6.563622,913.6834,670.00
6.563622,913.7320,684.00
6.563622,913.7806,655.00
6.563622,913.8292,681.00
6.563622,913.8778,633.00
6.563622,913.9264,687.00
6.563622,913.9750,622.00
6.563622,914.0236,707.00
6.563622,914.0721,670.00
6.563622,914.1207,678.00
6.563622,914.1693,641.00
6.563622,914.2178,697.00
6.563622,914.2664,651.00
6.563622,914.3149,683.00
6.563622,914.3635,631.00
6.563622,914.4120,680.00
6.563622,914.4606,672.00
6.563622,914.5090,721.00
6.563622,914.5576,671.00
6.563622,914.6061,707.00
6.563622,914.6546,664.00
6.563622,914.7031,692.00
6.563622,914.7516,622.00
6.563622,914.8001,689.00
6.563622,914.8486,643.00
6.563622,914.8971,708.00
6.563622,914.9456,666.00
6.563622,914.9941,667.00
6.563622,915.0425,680.00
6.563622,915.0910,661.00
6.563622,915.1395,630.00
6.563622,915.1879,715.00
6.563622,915.2363,625.00
6.563622,915.2849,728.00
6.563622,915.3333,666.00
6.563622,915.3817,701.00
6.563622,915.4301,653.00
6.563622,915.4785,684.00
6.563622,915.5269,660.00
6.563622,915.5754,661.00
6.563622,915.6237,648.00
6.563622,915.6721,708.00
6.563622,915.7205,670.00
6.563622,915.7689,720.00
6.563622,915.8173,638.00
6.563622,915.8657,682.00
6.563622,915.9141,644.00
6.563622,915.9623,693.00
6.563622,916.0107,644.00
6.563622,916.0591,727.00
6.563622,916.1075,643.00
6.563622,916.1558,692.00
6.563622,916.2042,662.00
6.563622,916.2524,680.00
6.563622,916.3008,651.00
6.563622,916.3491,657.00
6.563622,916.3974,630.00
6.563622,916.4457,671.00
6.563622,916.4940,626.00
6.563622,916.5423,665.00
6.563622,916.5907,670.00
6.563622,916.6390,675.00
6.563622,916.6872,667.00
6.563622,916.7355,687.00
6.563622,916.7838,628.00
6.563622,916.8320,703.00
6.563622,916.8803,625.00
6.563622,916.9286,695.00
6.563622,916.9768,623.00
6.563622,917.0250,696.00
6.563622,917.0733,665.00
6.563622,917.1216,660.00
6.563622,917.1698,645.00
6.563622,917.2180,667.00
6.563622,917.2662,614.00
6.563622,917.3145,680.00
6.563622,917.3626,648.00
6.563622,917.4109,688.00
6.563622,917.4590,621.00
6.563622,917.5072,687.00
6.563622,917.5554,644.00
6.563622,917.6036,696.00
6.563622,917.6518,630.00
6.563622,917.7000,702.00
6.563622,917.7481,601.00
6.563622,917.7963,694.00
6.563622,917.8444,636.00
6.563622,917.8926,703.00
6.563622,917.9407,665.00
6.563622,917.9888,700.00
6.563622,918.0369,635.00
6.563622,918.0851,662.00
6.563622,918.1332,621.00
6.563622,918.1813,712.00
6.563622,918.2294,638.00
6.563622,918.2776,713.00
6.563622,918.3257,661.00
6.563622,918.3737,682.00
6.563622,918.4218,664.00
6.563622,918.4699,701.00
6.563622,918.5180,626.00
6.563622,918.5660,676.00
6.563622,918.6142,663.00
6.563622,918.6622,698.00
6.563622,918.7103,682.00
6.563622,918.7583,721.00
6.563622,918.8064,674.00
6.563622,918.8544,683.00
6.563622,918.9025,641.00
6.563622,918.9505,705.00
6.563622,918.9985,620.00
6.563622,919.0464,727.00
6.563622,919.0945,683.00
6.563622,919.1426,716.00
6.563622,919.1905,714.00
6.563622,919.2385,672.00
6.563622,919.2866,643.00
6.563622,919.3345,687.00
6.563622,919.3825,650.00
6.563622,919.4304,707.00
6.563622,919.4785,694.00
6.563622,919.5264,703.00
6.563622,919.5744,691.00
6.563622,919.6224,679.00
6.563622,919.6703,649.00
6.563622,919.7182,679.00
6.563622,919.7661,637.00
6.563622,919.8141,685.00
6.563622,919.8620,667.00
6.563622,919.9100,706.00
6.563622,919.9578,687.00
6.563622,920.0057,724.00
6.563622,920.0536,660.00
6.563622,920.1016,669.00
6.563622,920.1495,653.00
6.563622,920.1973,687.00
6.563622,920.2452,622.00
6.563622,920.2932,692.00
6.563622,920.3410,688.00
6.563622,920.3888,718.00
6.563622,920.4367,665.00
6.563622,920.4846,651.00
6.563622,920.5323,630.00
6.563622,920.5803,646.00
6.563622,920.6281,639.00
6.563622,920.6759,718.00
6.563622,920.7237,645.00
6.563622,920.7715,687.00
6.563622,920.8195,669.00
6.563622,920.8672,687.00
6.563622,920.9150,639.00
6.563622,920.9628,712.00
6.563622,921.0106,653.00
6.563622,921.0584,696.00
6.563622,921.1062,625.00
6.563622,921.1540,709.00
6.563622,921.2017,654.00
6.563622,921.2495,660.00
6.563622,921.2973,632.00
6.563622,921.3450,678.00
6.563622,921.3928,616.00
6.563622,921.4405,659.00
6.563622,921.4882,602.00
6.563622,921.5359,684.00
6.563622,921.5837,627.00
6.563622,921.6315,680.00
6.563622,921.6791,659.00
6.563622,921.7269,675.00
6.563622,921.7746,648.00
6.563622,921.8223,647.00
6.563622,921.8700,616.00
6.563622,921.9177,669.00
6.563622,921.9653,623.00
6.563622,922.0130,682.00
6.563622,922.0607,673.00
6.563622,922.1084,656.00
6.563622,922.1561,638.00
6.563622,922.2037,675.00
6.563622,922.2513,625.00
6.563622,922.2990,650.00
6.563622,922.3467,646.00
6.563622,922.3943,663.00
6.563622,922.4419,623.00
6.563622,922.4895,684.00
6.563622,922.5371,643.00
6.563622,922.5848,683.00
6.563622,922.6324,635.00
6.563622,922.6800,669.00
6.563622,922.7276,624.00
6.563622,922.7752,679.00
6.563622,922.8228,663.00
6.563622,922.8704,703.00
6.563622,922.9179,636.00
6.563622,922.9655,722.00
6.563622,923.0130,643.00
6.563622,923.0607,713.00
6.563622,923.1082,607.00
6.563622,923.1558,712.00
6.563622,923.2032,631.00
6.563622,923.2508,673.00
6.563622,923.2983,662.00
6.563622,923.3459,683.00
6.563622,923.3934,666.00
6.563622,923.4409,669.00
6.563622,923.4884,630.00
6.563622,923.5359,689.00
6.563622,923.5834,611.00
6.563622,923.6309,679.00
6.563622,923.6784,640.00
6.563622,923.7259,673.00
6.563622,923.7734,628.00
6.563622,923.8209,647.00
6.563622,923.8683,613.00
6.563622,923.9158,680.00
6.563622,923.9632,636.00
6.563622,924.0106,686.00
6.563622,924.0581,639.00
6.563622,924.1056,682.00
6.563622,924.1530,670.00
6.563622,924.2004,680.00
6.563622,924.2479,629.00
6.563622,924.2952,653.00
6.563622,924.3427,593.00
6.563622,924.3901,695.00
6.563622,924.4375,660.00
6.563622,924.4849,692.00
6.563622,924.5323,650.00
6.563622,924.5797,644.00
6.563622,924.6270,649.00
6.563622,924.6744,666.00
6.563622,924.7218,626.00
6.563622,924.7692,661.00
6.563622,924.8165,608.00
6.563622,924.8639,696.00
6.563622,924.9112,639.00
6.563622,924.9585,659.00
6.563622,925.0059,676.00
6.563622,925.0532,640.00
6.563622,925.1005,608.00
6.563622,925.1478,693.00
6.563622,925.1952,595.00
6.563622,925.2424,664.00
6.563622,925.2897,624.00
6.563622,925.3370,688.00
6.563622,925.3843,646.00
6.563622,925.4316,669.00
6.563622,925.4789,594.00
6.563622,925.5262,670.00
6.563622,925.5734,622.00
6.563622,925.6207,687.00
6.563622,925.6680,630.00
6.563622,925.7153,675.00
6.563622,925.7625,653.00
6.563622,925.8097,643.00
6.563622,925.8569,641.00
6.563622,925.9042,653.00
6.563622,925.9514,617.00
6.563622,925.9987,672.00
6.563622,926.0458,639.00
6.563622,926.0930,684.00
6.563622,926.1403,628.00
6.563622,926.1874,702.00
6.563622,926.2346,620.00
6.563622,926.2819,667.00
6.563622,926.3290,622.00
6.563622,926.3762,672.00
6.563622,926.4233,565.00
6.563622,926.4705,674.00
6.563622,926.5177,677.00
6.563622,926.5648,703.00
6.563622,926.6120,684.00
6.563622,926.6591,710.00
6.563622,926.7063,663.00
6.563622,926.7534,666.00
6.563622,926.8005,629.00
6.563622,926.8477,722.00
6.563622,926.8947,649.00
6.563622,926.9418,691.00
6.563622,926.9890,673.00
6.563622,927.0361,694.00
6.563622,927.0831,665.00
6.563622,927.1302,682.00
6.563622,927.1773,651.00
6.563622,927.2244,738.00
6.563622,927.2715,647.00
6.563622,927.3185,684.00
6.563622,927.3656,675.00
6.563622,927.4126,711.00
6.563622,927.4597,717.00
6.563622,927.5067,699.00
6.563622,927.5538,662.00
6.563622,927.6008,721.00
6.563622,927.6478,661.00
6.563622,927.6949,732.00
6.563622,927.7419,683.00
6.563622,927.7888,697.00
6.563622,927.8358,724.00
6.563622,927.8829,734.00
6.563622,927.9299,660.00
6.563622,927.9769,725.00
6.563622,928.0239,692.00
6.563622,928.0708,748.00
6.563622,928.1177,677.00
6.563622,928.1648,728.00
6.563622,928.2117,722.00
6.563622,928.2587,704.00
6.563622,928.3056,686.00
6.563622,928.3525,704.00
6.563622,928.3995,678.00
6.563622,928.4465,759.00
6.563622,928.4934,702.00
6.563622,928.5402,739.00
6.563622,928.5872,738.00
6.563622,928.6340,791.00
6.563622,928.6810,781.00
6.563622,928.7279,773.00
6.563622,928.7748,793.00
6.563622,928.8217,859.00
6.563622,928.8685,955.00
6.563622,928.9155,1122.00
6.563622,928.9623,1082.00
6.563622,929.0092,1006.00
6.563622,929.0560,953.00
6.563622,929.1028,1043.00
6.563622,929.1498,1291.00
6.563622,929.1965,1707.00
6.563622,929.2434,2505.00
6.563622,929.2902,4006.00
6.563622,929.3370,6301.00
6.563622,929.3839,8733.00
6.563622,929.4307,8465.00
6.563622,929.4775,6738.00
6.563622,929.5243,7589.00
6.563622,929.5710,10506.00
6.563622,929.6179,9718.00
6.563622,929.6647,5854.00
6.563622,929.7115,3173.00
6.563622,929.7582,3080.00
6.563622,929.8050,4117.00
6.563622,929.8517,4893.00
6.563622,929.8986,4913.00
6.563622,929.9453,4976.00
6.563622,929.9921,4782.00
6.563622,930.0388,3994.00
6.563622,930.0854,3208.00
6.563622,930.1323,4318.00
6.563622,930.1790,5974.00
6.563622,930.2256,5885.00
6.563622,930.2724,4737.00
6.563622,930.3191,3562.00
6.563622,930.3658,2089.00
6.563622,930.4125,1211.00
6.563622,930.4592,808.00
6.563622,930.5059,820.00
6.563622,930.5526,715.00
6.563622,930.5993,776.00
6.563622,930.6459,771.00
6.563622,930.6926,784.00
6.563622,930.7392,752.00
6.563622,930.7859,797.00
6.563622,930.8325,680.00
6.563622,930.8792,695.00
6.563622,930.9258,666.00
6.563622,930.9725,734.00
6.563622,931.0190,672.00
6.563622,931.0657,692.00
6.563622,931.1123,699.00
6.563622,931.1589,695.00
6.563622,931.2055,651.00
6.563622,931.2521,666.00
6.563622,931.2987,628.00
6.563622,931.3453,687.00
6.563622,931.3919,663.00
6.563622,931.4385,701.00
6.563622,931.4850,709.00
6.563622,931.5316,702.00
6.563622,931.5782,643.00
6.563622,931.6248,659.00
6.563622,931.6713,636.00
6.563622,931.7178,700.00
6.563622,931.7643,643.00
6.563622,931.8109,725.00
6.563622,931.8574,643.00
6.563622,931.9039,672.00
6.563622,931.9504,656.00
6.563622,931.9969,673.00
6.563622,932.0435,656.00
6.563622,932.0900,677.00
6.563622,932.1365,626.00
6.563622,932.1829,696.00
6.563622,932.2294,644.00
6.563622,932.2759,710.00
6.563622,932.3223,628.00
6.563622,932.3688,627.00
6.563622,932.4153,658.00
6.563622,932.4617,686.00
6.563622,932.5082,645.00
6.563622,932.5546,698.00
6.563622,932.6011,657.00
6.563622,932.6475,705.00
6.563622,932.6939,693.00
6.563622,932.7402,688.00
6.563622,932.7867,663.00
6.563622,932.8331,670.00
6.563622,932.8795,628.00
6.563622,932.9259,712.00
6.563622,932.9723,642.00
6.563622,933.0187,725.00
6.563622,933.0651,679.00
6.563622,933.1115,706.00
6.563622,933.1578,696.00
6.563622,933.2042,679.00
6.563622,933.2505,618.00
6.563622,933.2969,691.00
6.563622,933.3433,687.00
6.563622,933.3896,716.00
6.563622,933.4359,647.00
6.563622,933.4822,717.00
6.563622,933.5286,649.00
6.563622,933.5749,663.00
6.563622,933.6212,676.00
6.563622,933.6675,683.00
6.563622,933.7138,648.00
6.563622,933.7601,718.00
6.563622,933.8064,657.00
6.563622,933.8527,724.00
6.563622,933.8989,655.00
6.563622,933.9452,672.00
6.563622,933.9915,679.00
6.563622,934.0378,694.00
6.563622,934.0840,640.00
6.563622,934.1302,747.00
6.563622,934.1765,654.00
6.563622,934.2227,711.00
6.563622,934.2690,699.00
6.563622,934.3152,696.00
6.563622,934.3614,667.00
6.563622,934.4077,697.00
6.563622,934.4539,643.00
6.563622,934.5001,709.00
6.563622,934.5463,654.00
6.563622,934.5925,711.00
6.563622,934.6387,690.00
6.563622,934.6848,685.00
6.563622,934.7310,680.00
6.563622,934.7772,685.00
6.563622,934.8234,637.00
6.563622,934.8695,691.00
6.563622,934.9156,666.00
6.563622,934.9619,694.00
6.563622,935.0080,688.00
6.563622,935.0541,730.00
6.563622,935.1002,695.00
6.563622,935.1464,667.00
6.563622,935.1925,659.00
6.563622,935.2386,708.00
6.563622,935.2847,691.00
6.563622,935.3308,725.00
6.563622,935.3769,675.00
6.563622,935.4230,713.00
6.563622,935.4691,660.00
6.563622,935.5152,681.00
6.563622,935.5613,672.00
6.563622,935.6073,727.00
6.563622,935.6534,644.00
6.563622,935.6995,692.00
6.563622,935.7455,608.00
6.563622,935.7916,724.00
6.563622,935.8376,663.00
6.563622,935.8837,740.00
6.563622,935.9297,660.00
6.563622,935.9757,700.00
6.563622,936.0217,616.00
6.563622,936.0677,659.00
6.563622,936.1137,606.00
6.563622,936.1598,708.00
6.563622,936.2057,658.00
6.563622,936.2518,704.00
6.563622,936.2977,675.00
6.563622,936.3437,665.00
6.563622,936.3896,628.00
6.563622,936.4357,681.00
6.563622,936.4816,618.00
6.563622,936.5275,709.00
6.563622,936.5735,646.00
6.563622,936.6194,692.00
6.563622,936.6654,674.00
6.563622,936.7114,663.00
6.563622,936.7573,624.00
6.563622,936.8032,635.00
6.563622,936.8491,552.00
6.563622,936.8950,671.00
6.563622,936.9409,607.00
6.563622,936.9868,700.00
6.563622,937.0327,615.00
6.563622,937.0786,652.00
6.563622,937.1245,625.00
6.563622,937.1704,643.00
6.563622,937.2162,638.00
6.563622,937.2621,661.00
6.563622,937.3080,580.00
6.563622,937.3539,652.00
6.563622,937.3997,631.00
6.563622,937.4455,673.00
6.563622,937.4913,612.00
6.563622,937.5372,670.00
6.563622,937.5831,632.00
6.563622,937.6289,649.00
6.563622,937.6747,628.00
6.563622,937.7205,698.00
6.563622,937.7663,599.00
6.563622,937.8121,670.00
6.563622,937.8579,620.00
6.563622,937.9037,648.00
6.563622,937.9495,651.00
6.563622,937.9952,647.00
6.563622,938.0410,631.00
6.563622,938.0868,668.00
6.563622,938.1325,582.00
6.563622,938.1783,683.00
6.563622,938.2240,621.00
6.563622,938.2698,675.00
6.563622,938.3155,628.00
6.563622,938.3613,637.00
6.563622,938.4069,609.00
6.563622,938.4527,630.00
6.563622,938.4984,635.00
6.563622,938.5441,702.00
6.563622,938.5898,638.00
6.563622,938.6356,666.00
6.563622,938.6812,653.00
6.563622,938.7269,665.00
6.563622,938.7726,641.00
6.563622,938.8182,661.00
6.563622,938.8640,661.00
6.563622,938.9096,664.00
6.563622,938.9552,598.00
6.563622,939.0010,672.00
6.563622,939.0466,680.00
6.563622,939.0922,688.00
6.563622,939.1378,670.00
6.563622,939.1835,667.00
6.563622,939.2291,634.00
6.563622,939.2747,702.00
6.563622,939.3203,648.00
6.563622,939.3659,719.00
6.563622,939.4115,653.00
6.563622,939.4570,685.00
6.563622,939.5027,709.00
6.563622,939.5483,696.00
6.563622,939.5939,639.00
6.563622,939.6395,670.00
6.563622,939.6851,648.00
6.563622,939.7306,708.00
6.563622,939.7761,672.00
6.563622,939.8217,731.00
6.563622,939.8672,671.00
6.563622,939.9127,674.00
6.563622,939.9583,672.00
6.563622,940.0038,702.00
6.563622,940.0493,683.00
6.563622,940.0948,725.00
6.563622,940.1403,633.00
6.563622,940.1859,748.00
6.563622,940.2314,681.00
6.563622,940.2769,703.00
6.563622,940.3223,676.00
6.563622,940.3678,706.00
6.563622,940.4133,660.00
6.563622,940.4588,694.00
6.563622,940.5042,697.00
6.563622,940.5497,730.00
6.563622,940.5952,661.00
6.563622,940.6406,712.00
6.563622,940.6860,687.00
6.563622,940.7315,720.00
6.563622,940.7769,681.00
6.563622,940.8223,704.00
6.563622,940.8677,644.00
6.563622,940.9132,717.00
6.563622,940.9586,668.00
6.563622,941.0040,730.00
6.563622,941.0494,706.00
6.563622,941.0948,694.00
6.563622,941.1402,684.00
6.563622,941.1855,692.00
6.563622,941.2310,623.00
6.563622,941.2762,693.00
6.563622,941.3216,667.00
6.563622,941.3670,708.00
6.563622,941.4124,668.00
6.563622,941.4577,677.00
6.563622,941.5031,652.00
6.563622,941.5483,693.00
6.563622,941.5937,652.00
6.563622,941.6390,706.00
6.563622,941.6843,662.00
6.563622,941.7296,694.00
6.563622,941.7749,650.00
6.563622,941.8203,672.00
6.563622,941.8655,671.00
6.563622,941.9108,687.00
6.563622,941.9561,671.00
6.563622,942.0013,689.00
6.563622,942.0467,648.00
6.563622,942.0920,701.00
6.563622,942.1372,665.00
6.563622,942.1824,681.00
6.563622,942.2277,666.00
6.563622,942.2729,690.00
6.563622,942.3182,660.00
6.563622,942.3634,692.00
6.563622,942.4086,650.00
6.563622,942.4539,645.00
6.563622,942.4990,639.00
6.563622,942.5443,698.00
6.563622,942.5895,678.00
6.563622,942.6347,673.00
6.563622,942.6798,660.00
6.563622,942.7250,677.00
6.563622,942.7702,671.00
6.563622,942.8154,697.00
6.563622,942.8606,618.00
6.563622,942.9058,734.00
6.563622,942.9508,628.00
6.563622,942.9960,693.00
6.563622,943.0412,680.00
6.563622,943.0864,697.00
6.563622,943.1314,631.00
6.563622,943.1766,718.00
6.563622,943.2217,648.00
6.563622,943.2668,704.00
6.563622,943.3120,654.00
6.563622,943.3571,717.00
6.563622,943.4021,655.00
6.563622,943.4473,702.00
6.563622,943.4923,660.00
6.563622,943.5374,675.00
6.563622,943.5825,652.00
6.563622,943.6276,693.00
6.563622,943.6725,621.00
6.563622,943.7177,708.00
6.563622,943.7627,669.00
6.563622,943.8078,654.00
6.563622,943.8528,660.00
6.563622,943.8978,690.00
6.563622,943.9429,650.00
6.563622,943.9879,700.00
6.563622,944.0330,625.00
6.563622,944.0779,722.00
6.563622,944.1229,685.00
6.563622,944.1679,705.00
6.563622,944.2130,678.00
6.563622,944.2579,712.00
6.563622,944.3029,687.00
6.563622,944.3478,654.00
6.563622,944.3929,624.00
6.563622,944.4379,707.00
6.563622,944.4828,666.00
6.563622,944.5277,727.00
6.563622,944.5727,661.00
6.563622,944.6176,686.00
6.563622,944.6626,645.00
6.563622,944.7076,687.00
6.563622,944.7524,627.00
6.563622,944.7974,704.00
6.563622,944.8423,687.00
6.563622,944.8872,700.00
6.563622,944.9321,659.00
6.563622,944.9770,679.00
6.563622,945.0219,680.00
6.563622,945.0667,711.00
6.563622,945.1116,658.00
6.563622,945.1566,687.00
6.563622,945.2014,607.00
6.563622,945.2463,706.00
6.563622,945.2911,641.00
6.563622,945.3360,735.00
6.563622,945.3808,679.00
6.563622,945.4257,695.00
6.563622,945.4705,651.00
6.563622,945.5153,684.00
6.563622,945.5601,609.00
6.563622,945.6050,743.00
6.563622,945.6498,685.00
6.563622,945.6946,677.00
6.563622,945.7394,674.00
6.563622,945.7842,678.00
6.563622,945.8290,627.00
6.563622,945.8738,680.00
6.563622,945.9186,632.00
6.563622,945.9633,683.00
6.563622,946.0081,635.00
6.563622,946.0529,691.00
6.563622,946.0976,666.00
6.563622,946.1423,680.00
6.563622,946.1871,643.00
6.563622,946.2318,691.00
6.563622,946.2766,581.00
6.563622,946.3213,687.00
6.563622,946.3660,622.00
6.563622,946.4107,669.00
6.563622,946.4554,651.00
6.563622,946.5001,680.00
6.563622,946.5449,673.00
6.563622,946.5895,667.00
6.563622,946.6342,650.00
6.563622,946.6789,683.00
6.563622,946.7236,618.00
6.563622,946.7682,652.00
6.563622,946.8129,641.00
6.563622,946.8575,701.00
6.563622,946.9022,625.00
6.563622,946.9468,687.00
6.563622,946.9915,640.00
6.563622,947.0361,672.00
6.563622,947.0807,642.00
6.563622,947.1253,680.00
6.563622,947.1700,611.00
6.563622,947.2146,714.00
6.563622,947.2592,654.00
6.563622,947.3038,703.00
6.563622,947.3483,662.00
6.563622,947.3929,703.00
6.563622,947.4376,635.00
6.563622,947.4821,685.00
6.563622,947.5267,627.00
6.563622,947.5712,703.00
6.563622,947.6158,669.00
6.563622,947.6604,677.00
6.563622,947.7050,674.00
6.563622,947.7495,649.00
6.563622,947.7939,649.00
6.563622,947.8385,688.00
6.563622,947.8831,610.00
6.563622,947.9276,673.00
6.563622,947.9720,638.00
6.563622,948.0166,650.00
6.563622,948.0611,630.00
6.563622,948.1056,635.00
6.563622,948.1501,632.00
6.563622,948.1945,647.00
6.563622,948.2390,641.00
6.563622,948.2835,651.00
6.563622,948.3279,599.00
6.563622,948.3724,690.00
6.563622,948.4169,635.00
6.563622,948.4613,688.00
6.563622,948.5057,627.00
6.563622,948.5502,643.00
6.563622,948.5947,615.00
6.563622,948.6391,669.00
6.563622,948.6835,634.00
6.563622,948.7279,675.00
6.563622,948.7723,655.00
6.563622,948.8167,649.00
6.563622,948.8611,620.00
6.563622,948.9055,639.00
6.563622,948.9498,609.00
6.563622,948.9943,663.00
6.563622,949.0387,636.00
6.563622,949.0830,690.00
6.563622,949.1273,669.00
6.563622,949.1718,686.00
6.563622,949.2161,665.00
6.563622,949.2604,644.00
6.563622,949.3047,623.00
6.563622,949.3491,648.00
6.563622,949.3934,615.00
6.563622,949.4377,656.00
6.563622,949.4821,598.00
6.563622,949.5264,687.00
6.563622,949.5707,636.00
6.563622,949.6150,653.00
6.563622,949.6592,650.00
6.563622,949.7036,655.00
6.563622,949.7479,617.00
6.563622,949.7921,688.00
6.563622,949.8363,640.00
6.563622,949.8806,679.00
6.563622,949.9249,667.00
6.563622,949.9692,688.00
6.563622,950.0134,644.00
6.563622,950.0576,656.00
6.563622,950.1019,633.00
6.563622,950.1461,685.00
6.563622,950.1903,616.00
6.563622,950.2346,690.00
6.563622,950.2787,630.00
6.563622,950.3229,690.00
6.563622,950.3671,616.00
6.563622,950.4114,640.00
6.563622,950.4555,677.00
6.563622,950.4997,639.00
6.563622,950.5439,647.00
6.563622,950.5880,700.00
6.563622,950.6322,598.00
6.563622,950.6763,668.00
6.563622,950.7205,643.00
6.563622,950.7646,661.00
6.563622,950.8088,620.00
6.563622,950.8530,673.00
6.563622,950.8971,648.00
6.563622,950.9412,667.00
6.563622,950.9853,596.00
6.563622,951.0294,692.00
6.563622,951.0735,638.00
6.563622,951.1177,710.00
6.563622,951.1617,655.00
6.563622,951.2057,664.00
6.563622,951.2499,656.00
6.563622,951.2939,673.00
6.563622,951.3380,649.00
6.563622,951.3821,677.00
6.563622,951.4261,640.00
6.563622,951.4702,704.00
6.563622,951.5142,672.00
6.563622,951.5582,682.00
6.563622,951.6024,646.00
6.563622,951.6464,716.00
6.563622,951.6904,660.00
6.563622,951.7344,704.00
6.563622,951.7784,619.00
6.563622,951.8224,697.00
6.563622,951.8665,634.00
6.563622,951.9104,680.00
6.563622,951.9544,654.00
6.563622,951.9984,631.00
6.563622,952.0424,642.00
6.563622,952.0864,665.00
6.563622,952.1303,616.00
6.563622,952.1743,725.00
6.563622,952.2183,645.00
6.563622,952.2621,733.00
6.563622,952.3061,674.00
6.563622,952.3500,702.00
6.563622,952.3940,662.00
6.563622,952.4379,670.00
6.563622,952.4818,622.00
6.563622,952.5258,705.00
6.563622,952.5696,661.00
6.563622,952.6136,715.00
6.563622,952.6574,641.00
6.563622,952.7014,657.00
6.563622,952.7452,628.00
6.563622,952.7891,658.00
6.563622,952.8330,633.00
6.563622,952.8768,684.00
6.563622,952.9207,648.00
6.563622,952.9645,710.00
6.563622,953.0084,637.00
6.563622,953.0522,692.00
6.563622,953.0961,684.00
6.563622,953.1400,656.00
6.563622,953.1838,631.00
6.563622,953.2275,654.00
6.563622,953.2714,628.00
6.563622,953.3152,708.00
6.563622,953.3589,660.00
6.563622,953.4028,703.00
6.563622,953.4466,647.00
6.563622,953.4904,672.00
6.563622,953.5341,676.00
6.563622,953.5779,658.00
6.563622,953.6217,635.00
6.563622,953.6654,667.00
6.563622,953.7092,604.00
6.563622,953.7529,684.00
6.563622,953.7967,623.00
6.563622,953.8405,667.00
6.563622,953.8842,633.00
6.563622,953.9279,624.00
6.563622,953.9716,626.00
6.563622,954.0153,659.00
6.563622,954.0590,613.00
6.563622,954.1027,638.00
6.563622,954.1464,644.00
6.563622,954.1901,673.00
6.563622,954.2338,643.00
6.563622,954.2774,660.00
6.563622,954.3212,601.00
6.563622,954.3648,668.00
6.563622,954.4084,604.00
6.563622,954.4521,651.00
6.563622,954.4958,636.00
6.563622,954.5394,658.00
6.563622,954.5831,568.00
6.563622,954.6267,624.00
6.563622,954.6703,649.00
6.563622,954.7139,640.00
6.563622,954.7576,583.00
6.563622,954.8012,668.00
6.563622,954.8448,618.00
6.563622,954.8884,676.00
6.563622,954.9319,634.00
6.563622,954.9755,685.00
6.563622,955.0191,642.00
6.563622,955.0627,599.00
6.563622,955.1063,588.00
6.563622,955.1498,635.00
6.563622,955.1934,594.00
6.563622,955.2369,639.00
6.563622,955.2805,615.00
6.563622,955.3240,656.00
6.563622,955.3675,627.00
6.563622,955.4111,661.00
6.563622,955.4546,591.00
6.563622,955.4981,673.00
6.563622,955.5416,612.00
6.563622,955.5851,687.00
6.563622,955.6285,616.00
6.563622,955.6722,655.00
6.563622,955.7156,620.00
6.563622,955.7590,662.00
6.563622,955.8025,637.00
6.563622,955.8460,672.00
6.563622,955.8895,601.00
6.563622,955.9329,660.00
6.563622,955.9764,621.00
6.563622,956.0198,674.00
6.563622,956.0632,654.00
6.563622,956.1067,670.00
6.563622,956.1501,670.00
6.563622,956.1935,676.00
6.563622,956.2369,591.00
6.563622,956.2803,641.00
6.563622,956.3238,587.00
6.563622,956.3671,685.00
6.563622,956.4105,620.00
6.563622,956.4539,641.00
6.563622,956.4973,626.00
6.563622,956.5406,607.00
6.563622,956.5841,622.00
6.563622,956.6274,648.00
6.563622,956.6707,588.00
6.563622,956.7141,701.00
6.563622,956.7575,605.00
6.563622,956.8008,667.00
6.563622,956.8442,644.00
6.563622,956.8875,654.00
6.563622,956.9308,638.00
6.563622,956.9741,652.00
6.563622,957.0174,609.00
6.563622,957.0607,640.00
6.563622,957.1040,595.00
6.563622,957.1473,665.00
6.563622,957.1906,602.00
6.563622,957.2339,640.00
6.563622,957.2772,636.00
6.563622,957.3204,665.00
6.563622,957.3636,598.00
6.563622,957.4069,661.00
6.563622,957.4502,604.00
6.563622,957.4934,676.00
6.563622,957.5366,632.00
6.563622,957.5799,669.00
6.563622,957.6230,636.00
6.563622,957.6664,672.00
6.563622,957.7095,654.00
6.563622,957.7527,680.00
6.563622,957.7959,638.00
6.563622,957.8392,660.00
6.563622,957.8823,622.00
6.563622,957.9255,751.00
6.563622,957.9687,648.00
6.563622,958.0118,649.00
6.563622,958.0551,656.00
6.563622,958.0983,667.00
6.563622,958.1414,597.00
6.563622,958.1845,688.00
6.563622,958.2277,650.00
6.563622,958.2708,720.00
6.563622,958.3139,633.00
6.563622,958.3571,682.00
6.563622,958.4001,658.00
6.563622,958.4432,661.00
6.563622,958.4864,634.00
6.563622,958.5295,694.00
6.563622,958.5726,655.00
6.563622,958.6157,687.00
6.563622,958.6588,644.00
6.563622,958.7018,699.00
6.563622,958.7449,629.00
6.563622,958.7879,681.00
6.563622,958.8311,621.00
6.563622,958.8741,674.00
6.563622,958.9171,587.00
6.563622,958.9601,676.00
6.563622,959.0032,644.00
6.563622,959.0463,700.00
6.563622,959.0893,679.00
6.563622,959.1323,667.00
6.563622,959.1752,670.00
6.563622,959.2183,690.00
6.563622,959.2613,642.00
6.563622,959.3043,655.00
6.563622,959.3472,617.00
6.563622,959.3903,699.00
6.563622,959.4332,647.00
6.563622,959.4763,659.00
6.563622,959.5192,621.00
6.563622,959.5621,646.00
6.563622,959.6051,625.00
6.563622,959.6480,675.00
6.563622,959.6910,577.00
6.563622,959.7339,682.00
6.563622,959.7768,605.00
6.563622,959.8198,624.00
6.563622,959.8627,597.00
6.563622,959.9056,658.00
6.563622,959.9485,605.00
6.563622,959.9915,628.00
6.563622,960.0343,576.00
6.563622,960.0771,676.00
6.563622,960.1201,589.00
6.563622,960.1630,662.00
6.563622,960.2058,634.00
6.563622,960.2487,634.00
6.563622,960.2915,616.00
6.563622,960.3344,630.00
6.563622,960.3773,567.00
6.563622,960.4200,673.00
6.563622,960.4629,573.00
6.563622,960.5057,678.00
6.563622,960.5485,605.00
6.563622,960.5914,649.00
6.563622,960.6342,636.00
6.563622,960.6770,628.00
6.563622,960.7198,617.00
6.563622,960.7626,618.00
6.563622,960.8054,604.00
6.563622,960.8481,648.00
6.563622,960.8909,610.00
6.563622,960.9337,654.00
6.563622,960.9764,613.00
6.563622,961.0192,642.00
6.563622,961.0620,586.00
6.563622,961.1047,625.00
6.563622,961.1475,593.00
6.563622,961.1902,612.00
6.563622,961.2329,605.00
6.563622,961.2757,647.00
6.563622,961.3184,622.00
6.563622,961.3611,610.00
6.563622,961.4037,620.00
6.563622,961.4465,662.00
6.563622,961.4892,627.00
6.563622,961.5319,655.00
6.563622,961.5745,589.00
6.563622,961.6172,666.00
6.563622,961.6599,623.00
6.563622,961.7026,661.00
6.563622,961.7452,643.00
6.563622,961.7878,626.00
6.563622,961.8304,635.00
6.563622,961.8731,645.00
6.563622,961.9157,606.00
6.563622,961.9584,643.00
6.563622,962.0010,619.00
6.563622,962.0436,655.00
6.563622,962.0862,636.00
6.563622,962.1288,629.00
6.563622,962.1714,607.00
6.563622,962.2140,653.00
6.563622,962.2565,577.00
6.563622,962.2991,648.00
6.563622,962.3417,604.00
6.563622,962.3843,655.00
6.563622,962.4268,634.00
6.563622,962.4694,644.00
6.563622,962.5119,632.00
6.563622,962.5545,658.00
6.563622,962.5970,599.00
6.563622,962.6396,643.00
6.563622,962.6821,578.00
6.563622,962.7246,722.00
6.563622,962.7671,637.00
6.563622,962.8096,677.00
6.563622,962.8522,627.00
6.563622,962.8947,603.00
6.563622,962.9371,605.00
6.563622,962.9796,642.00
6.563622,963.0222,612.00
6.563622,963.0646,669.00
6.563622,963.1070,615.00
6.563622,963.1495,642.00
6.563622,963.1919,643.00
6.563622,963.2344,660.00
6.563622,963.2768,622.00
6.563622,963.3193,657.00
6.563622,963.3616,597.00
6.563622,963.4041,687.00
6.563622,963.4465,596.00
6.563622,963.4889,687.00
6.563622,963.5314,628.00
6.563622,963.5737,668.00
6.563622,963.6161,631.00
6.563622,963.6585,642.00
6.563622,963.7009,569.00
6.563622,963.7433,640.00
6.563622,963.7856,630.00
6.563622,963.8280,693.00
6.563622,963.8704,607.00
6.563622,963.9127,666.00
6.563622,963.9551,628.00
6.563622,963.9974,619.00
6.563622,964.0397,614.00
6.563622,964.0820,653.00
6.563622,964.1244,613.00
6.563622,964.1667,676.00
6.563622,964.2090,607.00
6.563622,964.2513,645.00
6.563622,964.2936,594.00
6.563622,964.3359,694.00
6.563622,964.3782,606.00
6.563622,964.4205,653.00
6.563622,964.4627,584.00
6.563622,964.5050,663.00
6.563622,964.5472,595.00
6.563622,964.5895,669.00
6.563622,964.6317,630.00
6.563622,964.6740,636.00
6.563622,964.7162,635.00
6.563622,964.7585,627.00
6.563622,964.8007,580.00
6.563622,964.8429,623.00
6.563622,964.8851,594.00
6.563622,964.9273,655.00
6.563622,964.9695,571.00
6.563622,965.0118,666.00
6.563622,965.0539,597.00
6.563622,965.0961,641.00
6.563622,965.1382,641.00
6.563622,965.1805,635.00
6.563622,965.2226,593.00
6.563622,965.2648,638.00
6.563622,965.3069,584.00
6.563622,965.3491,640.00
6.563622,965.3912,641.00
6.563622,965.4333,642.00
6.563622,965.4755,617.00
6.563622,965.5176,634.00
6.563622,965.5598,598.00
6.563622,965.6019,632.00
6.563622,965.6439,573.00
6.563622,965.6861,650.00
6.563622,965.7281,611.00
6.563622,965.7702,595.00
6.563622,965.8123,586.00
6.563622,965.8543,648.00
6.563622,965.8964,615.00
6.563622,965.9385,631.00
6.563622,965.9806,597.00
6.563622,966.0226,649.00
6.563622,966.0647,592.00
6.563622,966.1068,609.00
6.563622,966.1487,603.00
6.563622,966.1907,652.00
6.563622,966.2328,592.00
6.563622,966.2748,610.00
6.563622,966.3168,580.00
6.563622,966.3588,673.00
6.563622,966.4008,594.00
6.563622,966.4427,616.00
6.563622,966.4848,607.00
6.563622,966.5268,634.00
6.563622,966.5688,612.00
6.563622,966.6107,639.00
6.563622,966.6526,580.00
6.563622,966.6946,645.00
6.563622,966.7366,555.00
6.563622,966.7785,644.00
6.563622,966.8204,635.00
6.563622,966.8624,642.00
6.563622,966.9042,618.00
6.563622,966.9462,613.00
6.563622,966.9881,604.00
6.563622,967.0300,623.00
6.563622,967.0719,561.00
6.563622,967.1138,647.00
6.563622,967.1556,594.00
6.563622,967.1976,670.00
6.563622,967.2394,627.00
6.563622,967.2813,614.00
6.563622,967.3232,603.00
6.563622,967.3651,663.00
6.563622,967.4070,589.00
6.563622,967.4488,667.00
6.563622,967.4906,587.00
6.563622,967.5324,679.00
6.563622,967.5743,645.00
6.563622,967.6161,670.00
6.563622,967.6579,631.00
6.563622,967.6997,683.00
6.563622,967.7415,605.00
6.563622,967.7833,658.00
6.563622,967.8251,593.00
6.563622,967.8669,649.00
6.563622,967.9087,641.00
6.563622,967.9504,638.00
6.563622,967.9922,647.00
6.563622,968.0339,648.00
6.563622,968.0757,598.00
6.563622,968.1174,676.00
6.563622,968.1592,579.00
6.563622,968.2009,623.00
6.563622,968.2427,590.00
6.563622,968.2844,647.00
6.563622,968.3262,672.00
6.563622,968.3679,639.00
6.563622,968.4095,639.00
6.563622,968.4512,633.00
6.563622,968.4930,605.00
6.563622,968.5347,682.00
6.563622,968.5763,619.00
6.563622,968.6180,661.00
6.563622,968.6597,608.00
6.563622,968.7014,634.00
6.563622,968.7430,621.00
6.563622,968.7846,659.00
6.563622,968.8263,576.00
6.563622,968.8679,644.00
6.563622,968.9095,597.00
6.563622,968.9512,662.00
6.563622,968.9928,607.00
6.563622,969.0344,640.00
6.563622,969.0761,624.00
6.563622,969.1177,650.00
6.563622,969.1592,597.00
6.563622,969.2009,627.00
6.563622,969.2424,604.00
6.563622,969.2839,702.00
6.563622,969.3255,595.00
6.563622,969.3672,662.00
6.563622,969.4087,601.00
6.563622,969.4503,654.00
6.563622,969.4918,593.00
6.563622,969.5333,627.00
6.563622,969.5749,593.00
6.563622,969.6165,634.00
6.563622,969.6580,599.00
6.563622,969.6995,660.00
6.563622,969.7410,649.00
6.563622,969.7825,626.00
6.563622,969.8240,625.00
6.563622,969.8655,629.00
6.563622,969.9070,596.00
6.563622,969.9484,682.00
6.563622,969.9899,589.00
6.563622,970.0314,638.00
6.563622,970.0728,626.00
6.563622,970.1143,632.00
6.563622,970.1558,645.00
6.563622,970.1971,660.00
6.563622,970.2386,535.00
6.563622,970.2801,609.00
6.563622,970.3215,592.00
6.563622,970.3629,630.00
6.563622,970.4044,600.00
6.563622,970.4457,645.00
6.563622,970.4872,624.00
6.563622,970.5286,612.00
6.563622,970.5699,591.00
6.563622,970.6113,602.00
6.563622,970.6527,576.00
6.563622,970.6941,622.00
6.563622,970.7354,582.00
6.563622,970.7768,603.00
6.563622,970.8182,605.00
6.563622,970.8595,644.00
6.563622,970.9009,595.00
6.563622,970.9422,625.00
6.563622,970.9835,583.00
6.563622,971.0248,630.00
6.563622,971.0662,548.00
6.563622,971.1075,629.00
6.563622,971.1487,572.00
6.563622,971.1901,627.00
6.563622,971.2314,579.00
6.563622,971.2727,606.00
6.563622,971.3140,578.00
6.563622,971.3552,610.00
6.563622,971.3965,549.00
6.563622,971.4377,639.00
6.563622,971.4789,605.00
6.563622,971.5203,629.00
6.563622,971.5615,599.00
6.563622,971.6027,634.00
6.563622,971.6439,579.00
6.563622,971.6852,588.00
6.563622,971.7264,576.00
6.563622,971.7676,625.00
6.563622,971.8088,583.00
6.563622,971.8500,575.00
6.563622,971.8912,584.00
6.563622,971.9324,590.00
6.563622,971.9736,626.00
6.563622,972.0148,629.00
6.563622,972.0560,609.00
6.563622,972.0972,652.00
6.563622,972.1384,581.00
6.563622,972.1794,641.00
6.563622,972.2206,562.00
6.563622,972.2617,578.00
6.563622,972.3029,596.00
6.563622,972.3439,594.00
6.563622,972.3851,572.00
6.563622,972.4262,579.00
6.563622,972.4673,519.00
6.563622,972.5085,628.00
6.563622,972.5496,573.00
6.563622,972.5907,596.00
6.563622,972.6317,589.00
6.563622,972.6729,577.00
6.563622,972.7139,572.00
6.563622,972.7549,612.00
6.563622,972.7961,554.00
6.563622,972.8371,602.00
6.563622,972.8781,554.00
6.563622,972.9191,646.00
6.563622,972.9602,592.00
6.563622,973.0013,613.00
6.563622,973.0423,575.00
6.563622,973.0833,583.00
6.563622,973.1243,521.00
6.563622,973.1653,620.00
6.563622,973.2064,522.00
6.563622,973.2473,647.00
6.563622,973.2883,597.00
6.563622,973.3293,608.00
6.563622,973.3703,566.00
6.563622,973.4113,607.00
6.563622,973.4522,561.00
6.563622,973.4931,580.00
6.563622,973.5341,566.00
6.563622,973.5750,647.00
6.563622,973.6160,571.00
6.563622,973.6570,650.00
6.563622,973.6978,596.00
6.563622,973.7388,589.00
6.563622,973.7797,589.00
6.563622,973.8206,603.00
6.563622,973.8615,557.00
6.563622,973.9024,616.00
6.563622,973.9433,578.00
6.563622,973.9842,668.00
6.563622,974.0250,595.00
6.563622,974.0660,648.00
6.563622,974.1068,606.00
6.563622,974.1476,633.00
6.563622,974.1885,562.00
6.563622,974.2294,633.00
6.563622,974.2702,574.00
6.563622,974.3110,637.00
6.563622,974.3519,618.00
6.563622,974.3927,633.00
6.563622,974.4335,606.00
6.563622,974.4743,617.00
6.563622,974.5151,596.00
6.563622,974.5559,655.00
6.563622,974.5967,568.00
6.563622,974.6375,669.00
6.563622,974.6783,592.00
6.563622,974.7191,664.00
6.563622,974.7598,623.00
6.563622,974.8006,642.00
6.563622,974.8413,610.00
6.563622,974.8821,618.00
6.563622,974.9229,628.00
6.563622,974.9636,661.00
6.563622,975.0043,609.00
6.563622,975.0450,657.00
6.563622,975.0858,629.00
6.563622,975.1265,656.00
6.563622,975.1672,640.00
6.563622,975.2079,632.00
6.563622,975.2485,600.00
6.563622,975.2892,644.00
6.563622,975.3300,604.00
6.563622,975.3706,676.00
6.563622,975.4113,626.00
6.563622,975.4519,682.00
6.563622,975.4926,662.00
6.563622,975.5333,646.00
6.563622,975.5739,616.00
6.563622,975.6146,651.00
6.563622,975.6552,581.00
6.563622,975.6958,665.00
6.563622,975.7363,573.00
6.563622,975.7770,634.00
6.563622,975.8176,617.00
6.563622,975.8582,644.00
6.563622,975.8989,648.00
6.563622,975.9395,634.00
6.563622,975.9800,643.00
6.563622,976.0206,670.00
6.563622,976.0611,606.00
6.563622,976.1017,694.00
6.563622,976.1423,631.00
6.563622,976.1829,623.00
6.563622,976.2234,635.00
6.563622,976.2639,663.00
6.563622,976.3044,621.00
6.563622,976.3450,625.00
6.563622,976.3855,581.00
6.563622,976.4260,639.00
6.563622,976.4665,625.00
6.563622,976.5070,666.00
6.563622,976.5475,636.00
6.563622,976.5880,642.00
6.563622,976.6285,585.00
6.563622,976.6690,636.00
6.563622,976.7095,555.00
6.563622,976.7500,666.00
6.563622,976.7905,597.00
6.563622,976.8308,648.00
6.563622,976.8713,604.00
6.563622,976.9117,621.00
6.563622,976.9521,599.00
6.563622,976.9926,642.00
6.563622,977.0330,598.00
6.563622,977.0734,654.00
6.563622,977.1139,590.00
6.563622,977.1542,631.00
6.563622,977.1947,609.00
6.563622,977.2350,645.00
6.563622,977.2755,617.00
6.563622,977.3158,633.00
6.563622,977.3562,579.00
6.563622,977.3965,640.00
6.563622,977.4370,584.00
6.563622,977.4773,648.00
6.563622,977.5176,604.00
6.563622,977.5579,595.00
6.563622,977.5983,578.00
6.563622,977.6387,624.00
6.563622,977.6790,578.00
6.563622,977.7192,596.00
6.563622,977.7595,573.00
6.563622,977.7999,643.00
6.563622,977.8402,580.00
6.563622,977.8805,605.00
6.563622,977.9208,564.00
6.563622,977.9610,634.00
6.563622,978.0013,575.00
6.563622,978.0417,590.00
6.563622,978.0819,516.00
6.563622,978.1221,604.00
6.563622,978.1624,589.00
6.563622,978.2026,591.00
6.563622,978.2428,545.00
6.563622,978.2831,590.00
6.563622,978.3233,614.00
6.563622,978.3635,572.00
6.563622,978.4037,559.00
6.563622,978.4440,604.00
6.563622,978.4842,541.00
6.563622,978.5244,595.00
6.563622,978.5645,582.00
6.563622,978.6047,589.00
6.563622,978.6449,558.00
6.563622,978.6851,614.00
6.563622,978.7253,551.00
6.563622,978.7654,595.00
6.563622,978.8055,552.00
6.563622,978.8458,593.00
6.563622,978.8859,525.00
6.563622,978.9260,605.00
6.563622,978.9661,569.00
6.563622,979.0062,596.00
6.563622,979.0463,568.00
6.563622,979.0864,592.00
6.563622,979.1266,526.00
6.563622,979.1666,624.00
6.563622,979.2067,546.00
6.563622,979.2469,598.00
6.563622,979.2869,602.00
6.563622,979.3270,609.00
6.563622,979.3671,594.00
6.563622,979.4071,607.00
6.563622,979.4471,521.00
6.563622,979.4871,599.00
6.563622,979.5272,526.00
6.563622,979.5673,631.00
6.563622,979.6072,569.00
6.563622,979.6473,586.00
6.563622,979.6873,573.00
6.563622,979.7273,589.00
6.563622,979.7673,529.00
6.563622,979.8073,570.00
6.563622,979.8473,535.00
6.563622,979.8873,610.00
6.563622,979.9273,538.00
6.563622,979.9673,590.00
6.563622,980.0072,577.00
6.563622,980.0471,599.00
6.563622,980.0872,561.00
6.563622,980.1271,579.00
6.563622,980.1671,541.00
6.563622,980.2069,592.00
6.563622,980.2469,555.00
6.563622,980.2868,638.00
6.563622,980.3267,591.00
6.563622,980.3666,634.00
6.563622,980.4065,582.00
6.563622,980.4464,593.00
6.563622,980.4863,545.00
6.563622,980.5262,611.00
6.563622,980.5660,553.00
6.563622,980.6060,635.00
6.563622,980.6458,572.00
6.563622,980.6857,600.00
6.563622,980.7255,585.00
6.563622,980.7654,620.00
6.563622,980.8052,567.00
6.563622,980.8450,606.00
6.563622,980.8849,544.00
6.563622,980.9247,598.00
6.563622,980.9645,564.00
6.563622,981.0043,629.00
6.563622,981.0441,613.00
6.563622,981.0839,618.00
6.563622,981.1237,579.00
6.563622,981.1635,616.00
6.563622,981.2033,500.00
6.563622,981.2430,614.00
6.563622,981.2828,523.00
6.563622,981.3226,617.00
6.563622,981.3624,560.00
6.563622,981.4021,590.00
6.563622,981.4418,563.00
6.563622,981.4816,569.00
6.563622,981.5213,552.00
6.563622,981.5610,630.00
6.563622,981.6008,565.00
6.563622,981.6404,619.00
6.563622,981.6802,572.00
6.563622,981.7198,592.00
6.563622,981.7596,575.00
6.563622,981.7993,598.00
6.563622,981.8389,565.00
6.563622,981.8786,566.00
6.563622,981.9182,544.00
6.563622,981.9579,589.00
6.563622,981.9976,573.00
6.563622,982.0372,590.00
6.563622,982.0768,521.00
6.563622,982.1165,566.00
6.563622,982.1561,540.00
6.563622,982.1958,578.00
6.563622,982.2354,481.00
6.563622,982.2750,602.00
6.563622,982.3146,533.00
6.563622,982.3541,602.00
6.563622,982.3937,545.00
6.563622,982.4333,550.00
6.563622,982.4730,563.00
6.563622,982.5125,588.00
6.563622,982.5521,521.00
6.563622,982.5917,574.00
6.563622,982.6312,503.00
6.563622,982.6707,597.00
6.563622,982.7103,554.00
6.563622,982.7498,602.00
6.563622,982.7893,545.00
6.563622,982.8289,551.00
6.563622,982.8683,516.00
6.563622,982.9079,561.00
6.563622,982.9474,523.00
6.563622,982.9869,592.00
6.563622,983.0264,493.00
6.563622,983.0659,572.00
6.563622,983.1053,568.00
6.563622,983.1448,577.00
6.563622,983.1843,592.00
6.563622,983.2238,600.00
6.563622,983.2632,556.00
6.563622,983.3027,612.00
6.563622,983.3420,546.00
6.563622,983.3816,578.00
6.563622,983.4210,564.00
6.563622,983.4604,562.00
6.563622,983.4998,528.00
6.563622,983.5392,559.00
6.563622,983.5786,503.00
6.563622,983.6180,542.00
6.563622,983.6574,539.00
6.563622,983.6968,618.00
6.563622,983.7361,573.00
6.563622,983.7755,607.00
6.563622,983.8149,539.00
6.563622,983.8543,551.00
6.563622,983.8936,531.00
6.563622,983.9329,584.00
6.563622,983.9723,487.00
6.563622,984.0116,587.00
6.563622,984.0510,547.00
6.563622,984.0903,631.00
6.563622,984.1296,566.00
6.563622,984.1689,599.00
6.563622,984.2083,573.00
6.563622,984.2476,581.00
6.563622,984.2868,523.00
6.563622,984.3261,587.00
6.563622,984.3654,513.00
6.563622,984.4046,584.00
6.563622,984.4440,542.00
6.563622,984.4832,569.00
6.563622,984.5225,519.00
6.563622,984.5616,546.00
6.563622,984.6010,496.00
6.563622,984.6402,547.00
6.563622,984.6794,506.00
6.563622,984.7186,625.00
6.563622,984.7578,583.00
6.563622,984.7970,596.00
6.563622,984.8362,559.00
6.563622,984.8755,543.00
6.563622,984.9146,556.00
6.563622,984.9538,563.00
6.563622,984.9930,530.00
6.563622,985.0322,603.00
6.563622,985.0714,541.00
6.563622,985.1105,536.00
6.563622,985.1497,535.00
6.563622,985.1888,569.00
6.563622,985.2279,547.00
6.563622,985.2671,580.00
6.563622,985.3062,558.00
6.563622,985.3453,607.00
6.563622,985.3845,532.00
6.563622,985.4236,571.00
6.563622,985.4626,534.00
6.563622,985.5017,619.00
6.563622,985.5408,555.00
6.563622,985.5799,578.00
6.563622,985.6190,519.00
6.563622,985.6581,589.00
6.563622,985.6971,513.00
6.563622,985.7362,579.00
6.563622,985.7752,539.00
6.563622,985.8143,583.00
6.563622,985.8533,550.00
6.563622,985.8924,580.00
6.563622,985.9314,541.00
6.563622,985.9704,557.00
6.563622,986.0094,507.00
6.563622,986.0484,587.00
6.563622,986.0875,528.00
6.563622,986.1265,596.00
6.563622,986.1655,524.00
6.563622,986.2044,547.00
6.563622,986.2434,535.00
6.563622,986.2823,562.00
6.563622,986.3214,506.00
6.563622,986.3603,560.00
6.563622,986.3992,507.00
6.563622,986.4382,555.00
6.563622,986.4771,535.00
6.563622,986.5161,597.00
6.563622,986.5550,544.00
6.563622,986.5939,551.00
6.563622,986.6329,517.00
6.563622,986.6718,557.00
6.563622,986.7106,498.00
6.563622,986.7495,556.00
6.563622,986.7884,537.00
6.563622,986.8273,588.00
6.563622,986.8661,524.00
6.563622,986.9050,569.00
6.563622,986.9438,530.00
6.563622,986.9828,544.00
6.563622,987.0216,512.00
6.563622,987.0605,588.00
6.563622,987.0993,496.00
6.563622,987.1381,573.00
6.563622,987.1769,530.00
6.563622,987.2158,532.00
6.563622,987.2546,546.00
6.563622,987.2934,574.00
6.563622,987.3322,500.00
6.563622,987.3710,549.00
6.563622,987.4097,488.00
6.563622,987.4486,575.00
6.563622,987.4873,511.00
6.563622,987.5261,542.00
6.563622,987.5649,514.00
6.563622,987.6036,522.00
6.563622,987.6423,515.00
6.563622,987.6812,525.00
6.563622,987.7198,483.00
6.563622,987.7586,563.00
6.563622,987.7972,517.00
6.563622,987.8361,559.00
6.563622,987.8748,518.00
6.563622,987.9135,561.00
6.563622,987.9521,515.00
6.563622,987.9908,550.00
6.563622,988.0295,477.00
6.563622,988.0681,535.00
6.563622,988.1069,500.00
6.563622,988.1456,587.00
6.563622,988.1842,563.00
6.563622,988.2228,548.00
6.563622,988.2615,561.00
6.563622,988.3002,536.00
6.563622,988.3388,461.00
6.563622,988.3774,541.00
6.563622,988.4160,514.00
6.563622,988.4546,550.00
6.563622,988.4933,522.00
6.563622,988.5319,552.00
6.563622,988.5704,506.00
6.563622,988.6090,479.00
6.563622,988.6476,499.00
6.563622,988.6862,535.00
6.563622,988.7248,478.00
6.563622,988.7634,567.00
6.563622,988.8019,511.00
6.563622,988.8405,543.00
6.563622,988.8790,519.00
6.563622,988.9176,531.00
6.563622,988.9561,509.00
6.563622,988.9946,525.00
6.563622,989.0332,507.00
6.563622,989.0717,531.00
6.563622,989.1102,513.00
6.563622,989.1487,552.00
6.563622,989.1871,506.00
6.563622,989.2256,531.00
6.563622,989.2641,545.00
6.563622,989.3027,492.00
6.563622,989.3411,512.00
6.563622,989.3795,549.00
6.563622,989.4180,471.00
6.563622,989.4565,534.00
6.563622,989.4949,464.00
6.563622,989.5334,506.00
6.563622,989.5718,506.00
6.563622,989.6102,511.00
6.563622,989.6486,511.00
6.563622,989.6871,558.00
6.563622,989.7255,491.00
6.563622,989.7639,543.00
6.563622,989.8022,529.00
6.563622,989.8407,517.00
6.563622,989.8791,515.00
6.563622,989.9174,533.00
6.563622,989.9558,487.00
6.563622,989.9941,560.00
6.563622,990.0325,478.00
6.563622,990.0709,633.00
6.563622,990.1093,514.00
6.563622,990.1475,541.00
6.563622,990.1859,536.00
6.563622,990.2242,547.00
6.563622,990.2626,512.00
6.563622,990.3008,529.00
6.563622,990.3391,498.00
6.563622,990.3774,578.00
6.563622,990.4157,523.00
6.563622,990.4540,544.00
6.563622,990.4924,482.00
6.563622,990.5306,567.00
6.563622,990.5688,547.00
6.563622,990.6071,535.00
6.563622,990.6454,488.00
6.563622,990.6837,553.00
6.563622,990.7219,483.00
6.563622,990.7601,563.00
6.563622,990.7983,529.00
6.563622,990.8365,592.00
6.563622,990.8748,544.00
6.563622,990.9130,565.00
6.563622,990.9512,509.00
6.563622,990.9893,544.00
6.563622,991.0276,486.00
6.563622,991.0658,530.00
6.563622,991.1039,494.00
6.563622,991.1421,570.00
6.563622,991.1802,518.00
6.563622,991.2184,553.00
6.563622,991.2565,529.00
6.563622,991.2947,529.00
6.563622,991.3329,483.00
6.563622,991.3710,559.00
6.563622,991.4091,528.00
6.563622,991.4473,610.00
6.563622,991.4854,524.00
6.563622,991.5234,605.00
6.563622,991.5616,547.00
6.563622,991.5997,556.00
6.563622,991.6378,559.00
6.563622,991.6758,604.00
6.563622,991.7139,504.00
6.563622,991.7520,579.00
6.563622,991.7900,514.00
6.563622,991.8282,571.00
6.563622,991.8661,528.00
6.563622,991.9042,520.00
6.563622,991.9422,541.00
6.563622,991.9803,515.00
6.563622,992.0182,471.00
6.563622,992.0563,552.00
6.563622,992.0944,508.00
6.563622,992.1323,592.00
6.563622,992.1703,541.00
6.563622,992.2084,549.00
6.563622,992.2463,534.00
6.563622,992.2844,554.00
6.563622,992.3223,508.00
6.563622,992.3602,558.00
6.563622,992.3982,506.00
6.563622,992.4362,591.00
6.563622,992.4741,549.00
6.563622,992.5120,572.00
6.563622,992.5500,543.00
6.563622,992.5879,535.00
6.563622,992.6259,509.00
6.563622,992.6638,568.00
6.563622,992.7017,516.00
6.563622,992.7396,577.00
6.563622,992.7775,537.00
6.563622,992.8154,588.00
6.563622,992.8533,540.00
6.563622,992.8912,534.00
6.563622,992.9290,536.00
6.563622,992.9669,560.00
6.563622,993.0048,530.00
6.563622,993.0426,550.00
6.563622,993.0804,545.00
6.563622,993.1183,584.00
6.563622,993.1561,538.00
6.563622,993.1940,559.00
6.563622,993.2318,543.00
6.563622,993.2696,580.00
6.563622,993.3074,496.00
6.563622,993.3452,585.00
6.563622,993.3830,519.00
6.563622,993.4208,589.00
6.563622,993.4586,518.00
6.563622,993.4963,560.00
6.563622,993.5341,544.00
6.563622,993.5719,531.00
6.563622,993.6096,514.00
6.563622,993.6474,583.00
6.563622,993.6851,498.00
6.563622,993.7228,560.00
6.563622,993.7606,579.00
6.563622,993.7984,559.00
6.563622,993.8361,531.00
6.563622,993.8738,557.00
6.563622,993.9115,518.00
6.563622,993.9492,549.00
6.563622,993.9869,495.00
6.563622,994.0245,573.00
6.563622,994.0622,516.00
6.563622,994.0999,573.00
6.563622,994.1376,536.00
6.563622,994.1753,541.00
6.563622,994.2130,520.00
6.563622,994.2505,558.00
6.563622,994.2881,504.00
6.563622,994.3258,572.00
6.563622,994.3634,498.00
6.563622,994.4010,578.00
6.563622,994.4387,505.00
6.563622,994.4763,552.00
6.563622,994.5139,562.00
6.563622,994.5515,517.00
6.563622,994.5891,507.00
6.563622,994.6266,546.00
6.563622,994.6642,472.00
6.563622,994.7018,533.00
6.563622,994.7393,506.00
6.563622,994.7769,557.00
6.563622,994.8145,505.00
6.563622,994.8521,552.00
6.563622,994.8895,490.00
6.563622,994.9271,561.00
6.563622,994.9647,510.00
6.563622,995.0022,566.00
6.563622,995.0397,486.00
6.563622,995.0771,525.00
6.563622,995.1146,518.00
6.563622,995.1522,543.00
6.563622,995.1896,503.00
6.563622,995.2271,533.00
6.563622,995.2646,482.00
6.563622,995.3021,557.00
6.563622,995.3396,499.00
6.563622,995.3770,559.00
6.563622,995.4145,496.00
6.563622,995.4518,559.00
6.563622,995.4893,506.00
6.563622,995.5267,517.00
6.563622,995.5641,503.00
6.563622,995.6016,514.00
6.563622,995.6390,495.00
6.563622,995.6765,533.00
6.563622,995.7138,504.00
6.563622,995.7512,503.00
6.563622,995.7886,501.00
6.563622,995.8260,515.00
6.563622,995.8633,484.00
6.563622,995.9007,476.00
6.563622,995.9380,475.00
6.563622,995.9754,522.00
6.563622,996.0128,497.00
6.563622,996.0501,544.00
6.563622,996.0874,522.00
6.563622,996.1248,553.00
6.563622,996.1621,517.00
6.563622,996.1994,558.00
6.563622,996.2367,470.00
6.563622,996.2740,523.00
6.563622,996.3113,470.00
6.563622,996.3486,538.00
6.563622,996.3859,523.00
6.563622,996.4232,543.00
6.563622,996.4604,533.00
6.563622,996.4977,529.00
6.563622,996.5350,497.00
6.563622,996.5722,523.00
6.563622,996.6094,471.00
6.563622,996.6466,572.00
6.563622,996.6838,512.00
6.563622,996.7211,578.00
6.563622,996.7583,519.00
6.563622,996.7955,549.00
6.563622,996.8327,490.00
6.563622,996.8700,560.00
6.563622,996.9072,491.00
6.563622,996.9443,535.00
6.563622,996.9815,514.00
6.563622,997.0187,547.00
6.563622,997.0558,532.00
6.563622,997.0930,537.00
6.563622,997.1301,543.00
6.563622,997.1672,547.00
6.563622,997.2045,523.00
6.563622,997.2416,554.00
6.563622,997.2787,492.00
6.563622,997.3158,573.00
6.563622,997.3530,509.00
6.563622,997.3900,549.00
6.563622,997.4271,509.00
6.563622,997.4642,534.00
6.563622,997.5013,544.00
6.563622,997.5384,550.00
6.563622,997.5754,480.00
6.563622,997.6126,574.00
6.563622,997.6497,487.00
6.563622,997.6867,544.00
6.563622,997.7238,537.00
6.563622,997.7607,570.00
6.563622,997.7978,525.00
6.563622,997.8348,563.00
6.563622,997.8718,492.00
6.563622,997.9088,576.00
6.563622,997.9458,511.00
6.563622,997.9829,576.00
6.563622,998.0200,549.00
6.563622,998.0569,542.00
6.563622,998.0939,536.00
6.563622,998.1309,545.00
6.563622,998.1678,504.00
6.563622,998.2048,562.00
6.563622,998.2417,507.00
6.563622,998.2786,600.00
6.563622,998.3156,506.00
6.563622,998.3525,544.00
6.563622,998.3896,537.00
6.563622,998.4265,517.00
6.563622,998.4633,510.00
6.563622,998.5003,559.00
6.563622,998.5372,532.00
6.563622,998.5740,590.00
6.563622,998.6110,522.00
6.563622,998.6478,593.00
6.563622,998.6847,517.00
6.563622,998.7217,566.00
6.563622,998.7585,515.00
6.563622,998.7953,499.00
6.563622,998.8322,486.00
6.563622,998.8691,558.00
6.563622,998.9059,459.00
6.563622,998.9427,599.00
6.563622,998.9795,529.00
6.563622,999.0163,573.00
6.563622,999.0531,533.00
6.563622,999.0899,547.00
6.563622,999.1267,487.00
6.563622,999.1636,544.00
6.563622,999.2004,506.00
6.563622,999.2372,572.00
6.563622,999.2739,517.00
6.563622,999.3107,577.00
6.563622,999.3474,518.00
6.563622,999.3842,523.00
6.563622,999.4210,498.00
6.563622,999.4576,526.00
6.563622,999.4946,488.00
6.563622,999.5312,555.00
6.563622,999.5680,501.00
6.563622,999.6047,525.00
6.563622,999.6414,495.00
6.563622,999.6780,538.00
6.563622,999.7147,487.00
6.563622,999.7515,526.00
6.563622,999.7881,444.00
6.563622,999.8248,537.00
6.563622,999.8614,489.00
6.563622,999.8981,541.00
6.563622,999.9349,501.00
6.563622,999.9715,530.00
6.563622,1000.0081,518.00
6.563622,1000.0447,508.00
6.563622,1000.0814,502.00
6.563622,1000.1180,516.00
6.563622,1000.1546,465.00
6.563622,1000.1912,529.00
6.563622,1000.2278,472.00
6.563622,1000.2645,543.00
6.563622,1000.3011,512.00
6.563622,1000.3377,506.00
6.563622,1000.3742,504.00
6.563622,1000.4108,534.00
6.563622,1000.4474,459.00
6.563622,1000.4839,512.00
6.563622,1000.5204,477.00
6.563622,1000.5570,550.00
6.563622,1000.5935,465.00
6.563622,1000.6301,505.00
6.563622,1000.6667,480.00
6.563622,1000.7032,494.00
6.563622,1000.7397,487.00
6.563622,1000.7762,544.00
6.563622,1000.8127,460.00
6.563622,1000.8492,538.00
6.563622,1000.8857,507.00
6.563622,1000.9222,489.00
6.563622,1000.9586,498.00
6.563622,1000.9951,508.00
6.563622,1001.0316,499.00
6.563622,1001.0681,529.00
6.563622,1001.1046,462.00
6.563622,1001.1410,517.00
6.563622,1001.1774,472.00
6.563622,1001.2138,517.00
6.563622,1001.2502,502.00
6.563622,1001.2866,495.00
6.563622,1001.3230,484.00
6.563622,1001.3594,498.00
6.563622,1001.3958,458.00
6.563622,1001.4323,523.00
6.563622,1001.4687,461.00
6.563622,1001.5051,512.00
6.563622,1001.5414,509.00
6.563622,1001.5778,511.00
6.563622,1001.6141,481.00
6.563622,1001.6505,474.00
6.563622,1001.6868,460.00
6.563622,1001.7231,534.00
6.563622,1001.7596,451.00
6.563622,1001.7958,504.00
6.563622,1001.8322,465.00
6.563622,1001.8685,488.00
6.563622,1001.9048,457.00
6.563622,1001.9411,485.00
6.563622,1001.9774,466.00
6.563622,1002.0136,492.00
6.563622,1002.0499,440.00
6.563622,1002.0862,532.00
6.563622,1002.1224,446.00
6.563622,1002.1587,539.00
6.563622,1002.1951,486.00
6.563622,1002.2313,508.00
6.563622,1002.2675,464.00
6.563622,1002.3038,501.00
6.563622,1002.3400,453.00
6.563622,1002.3762,505.00
6.563622,1002.4124,494.00
6.563622,1002.4486,528.00
6.563622,1002.4848,472.00
6.563622,1002.5211,532.00
6.563622,1002.5573,494.00
6.563622,1002.5934,495.00
6.563622,1002.6296,472.00
6.563622,1002.6657,516.00
6.563622,1002.7019,470.00
6.563622,1002.7380,511.00
6.563622,1002.7742,501.00
6.563622,1002.8104,490.00
6.563622,1002.8464,482.00
6.563622,1002.8826,485.00
6.563622,1002.9187,453.00
6.563622,1002.9549,492.00
6.563622,1002.9910,469.00
6.563622,1003.0271,561.00
6.563622,1003.0632,428.00
6.563622,1003.0992,544.00
6.563622,1003.1354,498.00
6.563622,1003.1714,510.00
6.563622,1003.2075,508.00
6.563622,1003.2435,498.00
6.563622,1003.2797,466.00
6.563622,1003.3157,545.00
6.563622,1003.3518,489.00
6.563622,1003.3878,524.00
6.563622,1003.4238,487.00
6.563622,1003.4598,517.00
6.563622,1003.4958,498.00
6.563622,1003.5319,476.00
6.563622,1003.5678,446.00
6.563622,1003.6039,539.00
6.563622,1003.6398,458.00
6.563622,1003.6759,527.00
6.563622,1003.7119,508.00
6.563622,1003.7479,501.00
6.563622,1003.7838,487.00
6.563622,1003.8198,495.00
6.563622,1003.8557,487.00
6.563622,1003.8917,534.00
6.563622,1003.9276,448.00
6.563622,1003.9635,505.00
6.563622,1003.9995,471.00
6.563622,1004.0354,519.00
6.563622,1004.0714,483.00
6.563622,1004.1072,502.00
6.563622,1004.1431,484.00
6.563622,1004.1790,489.00
6.563622,1004.2149,457.00
6.563622,1004.2508,511.00
6.563622,1004.2866,413.00
6.563622,1004.3225,536.00
6.563622,1004.3583,532.00
6.563622,1004.3942,502.00
6.563622,1004.4302,465.00
6.563622,1004.4660,470.00
6.563622,1004.5018,444.00
6.563622,1004.5376,504.00
6.563622,1004.5734,447.00
6.563622,1004.6093,528.00
6.563622,1004.6450,489.00
6.563622,1004.6808,506.00
6.563622,1004.7166,488.00
6.563622,1004.7525,501.00
6.563622,1004.7883,450.00
6.563622,1004.8240,528.00
6.563622,1004.8598,461.00
6.563622,1004.8956,558.00
6.563622,1004.9313,452.00
6.563622,1004.9670,537.00
6.563622,1005.0027,464.00
6.563622,1005.0385,488.00
6.563622,1005.0742,487.00
6.563622,1005.1099,502.00
6.563622,1005.1456,456.00
6.563622,1005.1815,524.00
6.563622,1005.2172,442.00
6.563622,1005.2529,501.00
6.563622,1005.2885,497.00
6.563622,1005.3242,514.00
6.563622,1005.3599,474.00
6.563622,1005.3955,511.00
6.563622,1005.4312,462.00
6.563622,1005.4669,526.00
6.563622,1005.5026,479.00
6.563622,1005.5382,563.00
6.563622,1005.5739,495.00
6.563622,1005.6095,523.00
6.563622,1005.6451,503.00
6.563622,1005.6807,487.00
6.563622,1005.7162,523.00
6.563622,1005.7519,515.00
6.563622,1005.7875,477.00
6.563622,1005.8231,543.00
6.563622,1005.8586,477.00
6.563622,1005.8942,509.00
6.563622,1005.9299,491.00
6.563622,1005.9655,512.00
6.563622,1006.0010,499.00
6.563622,1006.0365,518.00
6.563622,1006.0720,486.00
6.563622,1006.1076,519.00
6.563622,1006.1431,500.00
6.563622,1006.1786,569.00
6.563622,1006.2141,499.00
6.563622,1006.2498,519.00
6.563622,1006.2853,503.00
6.563622,1006.3207,514.00
6.563622,1006.3563,518.00
6.563622,1006.3917,547.00
6.563622,1006.4272,483.00
6.563622,1006.4626,559.00
6.563622,1006.4981,499.00
6.563622,1006.5335,523.00
6.563622,1006.5690,533.00
6.563622,1006.6044,519.00
6.563622,1006.6400,461.00
6.563622,1006.6754,547.00
6.563622,1006.7108,479.00
6.563622,1006.7462,546.00
6.563622,1006.7816,497.00
6.563622,1006.8170,546.00
6.563622,1006.8524,501.00
6.563622,1006.8878,531.00
6.563622,1006.9232,505.00
6.563622,1006.9586,552.00
6.563622,1006.9940,499.00
6.563622,1007.0294,528.00
6.563622,1007.0648,493.00
6.563622,1007.1001,566.00
6.563622,1007.1354,522.00
6.563622,1007.1707,551.00
6.563622,1007.2061,534.00
6.563622,1007.2414,542.00
6.563622,1007.2767,511.00
6.563622,1007.3120,567.00
6.563622,1007.3473,469.00
6.563622,1007.3827,571.00
6.563622,1007.4180,529.00
6.563622,1007.4532,565.00
6.563622,1007.4885,515.00
6.563622,1007.5238,540.00
6.563622,1007.5590,509.00
6.563622,1007.5943,574.00
6.563622,1007.6295,460.00
6.563622,1007.6648,585.00
6.563622,1007.7001,524.00
6.563622,1007.7354,562.00
6.563622,1007.7706,551.00
6.563622,1007.8058,522.00
6.563622,1007.8410,510.00
6.563622,1007.8762,542.00
6.563622,1007.9114,485.00
6.563622,1007.9465,553.00
6.563622,1007.9818,539.00
6.563622,1008.0169,547.00
6.563622,1008.0521,507.00
6.563622,1008.0873,578.00
6.563622,1008.1226,492.00
6.563622,1008.1576,479.00
6.563622,1008.1927,517.00
6.563622,1008.2279,507.00
6.563622,1008.2631,471.00
6.563622,1008.2982,554.00
6.563622,1008.3333,539.00
6.563622,1008.3683,530.00
6.563622,1008.4034,519.00
6.563622,1008.4387,523.00
6.563622,1008.4738,525.00
6.563622,1008.5089,533.00
6.563622,1008.5439,485.00
6.563622,1008.5790,573.00
6.563622,1008.6141,511.00
6.563622,1008.6491,518.00
6.563622,1008.6841,500.00
6.563622,1008.7192,516.00
6.563622,1008.7542,502.00
6.563622,1008.7892,513.00
6.563622,1008.8243,473.00
6.563622,1008.8594,534.00
6.563622,1008.8943,504.00
6.563622,1008.9294,523.00
6.563622,1008.9644,484.00
6.563622,1008.9994,528.00
6.563622,1009.0344,519.00
6.563622,1009.0693,500.00
6.563622,1009.1043,463.00
6.563622,1009.1392,550.00
6.563622,1009.1743,474.00
6.563622,1009.2093,515.00
6.563622,1009.2442,480.00
6.563622,1009.2792,537.00
6.563622,1009.3141,489.00
6.563622,1009.3489,495.00
6.563622,1009.3839,429.00
6.563622,1009.4188,524.00
6.563622,1009.4537,470.00
6.563622,1009.4886,568.00
6.563622,1009.5235,495.00
6.563622,1009.5585,534.00
6.563622,1009.5933,518.00
6.563622,1009.6282,523.00
6.563622,1009.6631,486.00
6.563622,1009.6979,525.00
6.563622,1009.7327,469.00
6.563622,1009.7676,515.00
6.563622,1009.8024,479.00
6.563622,1009.8372,515.00
6.563622,1009.8721,464.00
6.563622,1009.9070,522.00
6.563622,1009.9418,493.00
6.563622,1009.9766,491.00
6.563622,1010.0115,481.00
6.563622,1010.0462,512.00
6.563622,1010.0810,465.00
6.563622,1010.1158,552.00
6.563622,1010.1505,467.00
6.563622,1010.1853,514.00
6.563622,1010.2200,502.00
6.563622,1010.2548,478.00
6.563622,1010.2897,468.00
6.563622,1010.3244,527.00
6.563622,1010.3591,481.00
6.563622,1010.3938,531.00
6.563622,1010.4285,487.00
6.563622,1010.4633,552.00
6.563622,1010.4980,509.00
6.563622,1010.5326,486.00
6.563622,1010.5673,513.00
6.563622,1010.6021,517.00
6.563622,1010.6368,476.00
6.563622,1010.6714,502.00
6.563622,1010.7061,441.00
6.563622,1010.7408,512.00
6.563622,1010.7754,484.00
6.563622,1010.8101,490.00
6.563622,1010.8447,497.00
6.563622,1010.8793,506.00
6.563622,1010.9139,508.00
6.563622,1010.9485,540.00
6.563622,1010.9832,449.00
6.563622,1011.0178,522.00
6.563622,1011.0525,473.00
6.563622,1011.0870,526.00
6.563622,1011.1216,472.00
6.563622,1011.1562,516.00
6.563622,1011.1907,523.00
6.563622,1011.2253,522.00
6.563622,1011.2599,457.00
6.563622,1011.2944,526.00
6.563622,1011.3291,462.00
6.563622,1011.3636,511.00
6.563622,1011.3981,469.00
6.563622,1011.4326,492.00
6.563622,1011.4672,483.00
6.563622,1011.5016,499.00
6.563622,1011.5362,473.00
6.563622,1011.5706,512.00
6.563622,1011.6052,434.00
6.563622,1011.6396,509.00
6.563622,1011.6741,457.00
6.563622,1011.7086,530.00
6.563622,1011.7431,484.00
6.563622,1011.7776,513.00
6.563622,1011.8120,466.00
6.563622,1011.8465,556.00
6.563622,1011.8809,429.00
6.563622,1011.9153,498.00
6.563622,1011.9498,474.00
6.563622,1011.9842,493.00
6.563622,1012.0186,458.00
6.563622,1012.0531,486.00
6.563622,1012.0875,483.00
6.563622,1012.1219,493.00
6.563622,1012.1562,460.00
6.563622,1012.1906,505.00
6.563622,1012.2250,443.00
6.563622,1012.2593,533.00
6.563622,1012.2937,478.00
6.563622,1012.3281,492.00
6.563622,1012.3624,466.00
6.563622,1012.3967,503.00
6.563622,1012.4310,442.00
6.563622,1012.4655,495.00
6.563622,1012.4998,438.00
6.563622,1012.5341,559.00
6.563622,1012.5684,495.00
6.563622,1012.6027,551.00
6.563622,1012.6370,479.00
6.563622,1012.6712,499.00
6.563622,1012.7055,493.00
6.563622,1012.7398,519.00
6.563622,1012.7742,443.00
6.563622,1012.8084,471.00
6.563622,1012.8427,465.00
6.563622,1012.8769,492.00
6.563622,1012.9111,497.00
6.563622,1012.9454,501.00
6.563622,1012.9796,481.00
6.563622,1013.0138,486.00
6.563622,1013.0480,392.00
6.563622,1013.0822,504.00
6.563622,1013.1164,456.00
6.563622,1013.1506,510.00
6.563622,1013.1848,457.00
6.563622,1013.2190,470.00
6.563622,1013.2532,486.00
6.563622,1013.2873,486.00
6.563622,1013.3215,451.00
6.563622,1013.3556,494.00
6.563622,1013.3898,435.00
6.563622,1013.4239,515.00
6.563622,1013.4581,477.00
6.563622,1013.4923,483.00
6.563622,1013.5264,495.00
6.563622,1013.5605,497.00
6.563622,1013.5946,489.00
6.563622,1013.6287,524.00
6.563622,1013.6627,465.00
6.563622,1013.6968,515.00
6.563622,1013.7309,450.00
6.563622,1013.7650,492.00
6.563622,1013.7990,498.00
6.563622,1013.8331,494.00
6.563622,1013.8672,469.00
6.563622,1013.9012,509.00
6.563622,1013.9353,454.00
6.563622,1013.9693,525.00
6.563622,1014.0033,475.00
6.563622,1014.0374,548.00
6.563622,1014.0714,494.00
6.563622,1014.1053,511.00
6.563622,1014.1393,498.00
6.563622,1014.1734,503.00
6.563622,1014.2074,472.00
6.563622,1014.2413,543.00
6.563622,1014.2753,503.00
6.563622,1014.3093,567.00
6.563622,1014.3433,473.00
6.563622,1014.3772,508.00
6.563622,1014.4111,523.00
6.563622,1014.4451,509.00
6.563622,1014.4790,489.00
6.563622,1014.5129,510.00
6.563622,1014.5468,470.00
6.563622,1014.5808,567.00
6.563622,1014.6147,510.00
6.563622,1014.6486,548.00
6.563622,1014.6825,515.00
6.563622,1014.7164,519.00
6.563622,1014.7502,489.00
6.563622,1014.7841,537.00
6.563622,1014.8180,484.00
6.563622,1014.8518,531.00
6.563622,1014.8858,481.00
6.563622,1014.9196,570.00
6.563622,1014.9534,524.00
6.563622,1014.9872,518.00
6.563622,1015.0211,515.00
6.563622,1015.0549,512.00
6.563622,1015.0887,489.00
6.563622,1015.1224,552.00
6.563622,1015.1562,503.00
6.563622,1015.1900,571.00
6.563622,1015.2238,518.00
6.563622,1015.2575,562.00
6.563622,1015.2914,500.00
6.563622,1015.3252,537.00
6.563622,1015.3589,463.00
6.563622,1015.3927,521.00
6.563622,1015.4265,515.00
6.563622,1015.4601,558.00
6.563622,1015.4938,486.00
6.563622,1015.5276,581.00
6.563622,1015.5613,516.00
6.563622,1015.5952,557.00
6.563622,1015.6288,511.00
6.563622,1015.6625,521.00
6.563622,1015.6962,472.00
6.563622,1015.7299,576.00
6.563622,1015.7635,478.00
6.563622,1015.7972,551.00
6.563622,1015.8308,560.00
6.563622,1015.8645,524.00
6.563622,1015.8981,552.00
6.563622,1015.9317,541.00
6.563622,1015.9655,473.00
6.563622,1015.9991,574.00
6.563622,1016.0327,512.00
6.563622,1016.0663,564.00
6.563622,1016.0999,538.00
6.563622,1016.1335,534.00
6.563622,1016.1671,525.00
6.563622,1016.2006,530.00
6.563622,1016.2342,524.00
6.563622,1016.2679,525.00
6.563622,1016.3015,477.00
6.563622,1016.3350,532.00
6.563622,1016.3686,497.00
6.563622,1016.4021,566.00
6.563622,1016.4357,514.00
6.563622,1016.4691,556.00
6.563622,1016.5027,488.00
6.563622,1016.5362,568.00
6.563622,1016.5696,475.00
6.563622,1016.6032,573.00
6.563622,1016.6367,480.00
6.563622,1016.6703,562.00
6.563622,1016.7038,510.00
6.563622,1016.7372,529.00
6.563622,1016.7707,510.00
6.563622,1016.8041,538.00
6.563622,1016.8376,523.00
6.563622,1016.8710,565.00
6.563622,1016.9045,486.00
6.563622,1016.9379,555.00
6.563622,1016.9715,505.00
6.563622,1017.0049,571.00
6.563622,1017.0383,552.00
6.563622,1017.0717,539.00
6.563622,1017.1050,499.00
6.563622,1017.1384,528.00
6.563622,1017.1718,445.00
6.563622,1017.2052,538.00
6.563622,1017.2386,481.00
6.563622,1017.2720,545.00
6.563622,1017.3053,568.00
6.563622,1017.3387,546.00
6.563622,1017.3721,507.00
6.563622,1017.4054,530.00
6.563622,1017.4388,476.00
6.563622,1017.4721,550.00
6.563622,1017.5054,523.00
6.563622,1017.5387,543.00
6.563622,1017.5720,529.00
6.563622,1017.6053,528.00
6.563622,1017.6386,519.00
6.563622,1017.6720,535.00
6.563622,1017.7053,495.00
6.563622,1017.7385,562.00
6.563622,1017.7717,496.00
6.563622,1017.8051,585.00
6.563622,1017.8383,531.00
6.563622,1017.8715,595.00
6.563622,1017.9048,529.00
6.563622,1017.9380,538.00
6.563622,1017.9712,526.00
6.563622,1018.0044,579.00
6.563622,1018.0376,493.00
6.563622,1018.0709,580.00
6.563622,1018.1041,537.00
6.563622,1018.1373,609.00
6.563622,1018.1705,537.00
6.563622,1018.2037,546.00
6.563622,1018.2368,514.00
6.563622,1018.2700,520.00
6.563622,1018.3032,512.00
6.563622,1018.3363,568.00
6.563622,1018.3695,495.00
6.563622,1018.4026,605.00
6.563622,1018.4358,548.00
6.563622,1018.4689,546.00
6.563622,1018.5020,576.00
6.563622,1018.5352,561.00
6.563622,1018.5682,518.00
6.563622,1018.6013,556.00
6.563622,1018.6343,503.00
6.563622,1018.6675,594.00
6.563622,1018.7006,494.00
6.563622,1018.7337,561.00
6.563622,1018.7668,564.00
6.563622,1018.7998,537.00
6.563622,1018.8328,545.00
6.563622,1018.8658,543.00
6.563622,1018.8989,510.00
6.563622,1018.9319,596.00
6.563622,1018.9650,520.00
6.563622,1018.9980,582.00
6.563622,1019.0311,577.00
6.563622,1019.0641,581.00
6.563622,1019.0970,528.00
6.563622,1019.1301,566.00
6.563622,1019.1631,515.00
6.563622,1019.1960,574.00
6.563622,1019.2289,510.00
6.563622,1019.2618,582.00
6.563622,1019.2949,543.00
6.563622,1019.3278,567.00
6.563622,1019.3607,545.00
6.563622,1019.3936,531.00
6.563622,1019.4268,453.00
6.563622,1019.4596,553.00
6.563622,1019.4925,505.00
6.563622,1019.5255,540.00
6.563622,1019.5583,519.00
6.563622,1019.5912,576.00
6.563622,1019.6240,516.00
6.563622,1019.6569,570.00
6.563622,1019.6898,524.00
6.563622,1019.7227,519.00
6.563622,1019.7556,462.00
6.563622,1019.7885,558.00
6.563622,1019.8213,501.00
6.563622,1019.8541,576.00
6.563622,1019.8870,517.00
6.563622,1019.9198,521.00
6.563622,1019.9525,535.00
6.563622,1019.9854,530.00
6.563622,1020.0182,502.00
6.563622,1020.0509,574.00
6.563622,1020.0837,552.00
6.563622,1020.1167,555.00
6.563622,1020.1494,533.00
6.563622,1020.1823,519.00
6.563622,1020.2149,509.00
6.563622,1020.2477,526.00
6.563622,1020.2805,489.00
6.563622,1020.3132,530.00
6.563622,1020.3459,531.00
6.563622,1020.3787,594.00
6.563622,1020.4114,495.00
6.563622,1020.4442,532.00
6.563622,1020.4768,499.00
6.563622,1020.5096,533.00
6.563622,1020.5423,497.00
6.563622,1020.5750,533.00
6.563622,1020.6077,476.00
6.563622,1020.6403,571.00
6.563622,1020.6730,504.00
6.563622,1020.7055,564.00
6.563622,1020.7382,512.00
6.563622,1020.7709,518.00
6.563622,1020.8036,477.00
6.563622,1020.8363,486.00
6.563622,1020.8688,480.00
6.563622,1020.9015,564.00
6.563622,1020.9341,473.00
6.563622,1020.9667,544.00
6.563622,1020.9993,481.00
6.563622,1021.0319,516.00
6.563622,1021.0645,522.00
6.563622,1021.0971,544.00
6.563622,1021.1298,462.00
6.563622,1021.1623,532.00
6.563622,1021.1948,478.00
6.563622,1021.2273,569.00
6.563622,1021.2599,486.00
6.563622,1021.2924,521.00
6.563622,1021.3250,494.00
6.563622,1021.3574,501.00
6.563622,1021.3900,490.00
6.563622,1021.4224,515.00
6.563622,1021.4550,420.00
6.563622,1021.4875,493.00
6.563622,1021.5200,466.00
6.563622,1021.5525,537.00
6.563622,1021.5850,497.00
6.563622,1021.6175,506.00
6.563622,1021.6500,452.00
6.563622,1021.6823,511.00
6.563622,1021.7148,474.00
6.563622,1021.7474,534.00
6.563622,1021.7797,493.00
6.563622,1021.8122,558.00
6.563622,1021.8445,537.00
6.563622,1021.8770,561.00
6.563622,1021.9095,501.00
6.563622,1021.9418,492.00
6.563622,1021.9741,477.00
6.563622,1022.0066,516.00
6.563622,1022.0389,484.00
6.563622,1022.0713,540.00
6.563622,1022.1037,468.00
6.563622,1022.1362,614.00
6.563622,1022.1685,538.00
6.563622,1022.2008,532.00
6.563622,1022.2332,510.00
6.563622,1022.2654,538.00
6.563622,1022.2977,499.00
6.563622,1022.3301,579.00
6.563622,1022.3624,478.00
6.563622,1022.3947,601.00
6.563622,1022.4271,515.00
6.563622,1022.4594,545.00
6.563622,1022.4917,521.00
6.563622,1022.5239,519.00
6.563622,1022.5562,496.00
6.563622,1022.5885,551.00
6.563622,1022.6207,516.00
6.563622,1022.6530,570.00
6.563622,1022.6852,519.00
6.563622,1022.7174,542.00
6.563622,1022.7497,475.00
6.563622,1022.7819,550.00
6.563622,1022.8142,475.00
6.563622,1022.8464,533.00
6.563622,1022.8785,485.00
6.563622,1022.9108,567.00
6.563622,1022.9429,507.00
6.563622,1022.9751,547.00
6.563622,1023.0073,524.00
6.563622,1023.0394,486.00
6.563622,1023.0717,503.00
6.563622,1023.1039,557.00
6.563622,1023.1360,479.00
6.563622,1023.1682,560.00
6.563622,1023.2003,503.00
6.563622,1023.2324,559.00
6.563622,1023.2644,534.00
6.563622,1023.2966,513.00
6.563622,1023.3287,496.00
6.563622,1023.3608,517.00
6.563622,1023.3929,503.00
6.563622,1023.4249,513.00
6.563622,1023.4570,474.00
6.563622,1023.4893,550.00
6.563622,1023.5212,474.00
6.563622,1023.5533,513.00
6.563622,1023.5853,492.00
6.563622,1023.6174,495.00
6.563622,1023.6494,481.00
6.563622,1023.6813,533.00
6.563622,1023.7134,440.00
6.563622,1023.7454,530.00
6.563622,1023.7775,507.00
6.563622,1023.8096,502.00
6.563622,1023.8416,486.00
6.563622,1023.8735,508.00
6.563622,1023.9055,485.00
6.563622,1023.9374,491.00
6.563622,1023.9694,441.00
6.563622,1024.0013,529.00
6.563622,1024.0333,472.00
6.563622,1024.0652,532.00
6.563622,1024.0972,505.00
6.563622,1024.1293,538.00
6.563622,1024.1611,460.00
6.563622,1024.1931,514.00
6.563622,1024.2250,460.00
6.563622,1024.2568,520.00
6.563622,1024.2888,457.00
6.563622,1024.3206,494.00
6.563622,1024.3525,499.00
6.563622,1024.3843,502.00
6.563622,1024.4164,492.00
6.563622,1024.4481,504.00
6.563622,1024.4801,461.00
6.563622,1024.5118,521.00
6.563622,1024.5438,483.00
6.563622,1024.5756,528.00
6.563622,1024.6074,476.00
6.563622,1024.6393,506.00
6.563622,1024.6710,518.00
6.563622,1024.7029,503.00
6.563622,1024.7346,472.00
6.563622,1024.7664,514.00
6.563622,1024.7982,431.00
6.563622,1024.8301,537.00
6.563622,1024.8618,483.00
6.563622,1024.8936,532.00
6.563622,1024.9253,477.00
6.563622,1024.9572,543.00
6.563622,1024.9889,500.00
6.563622,1025.0206,525.00
6.563622,1025.0522,472.00
6.563622,1025.0841,520.00
6.563622,1025.1158,477.00
6.563622,1025.1475,552.00
6.563622,1025.1792,496.00
6.563622,1025.2109,522.00
6.563622,1025.2426,496.00
6.563622,1025.2743,514.00
6.563622,1025.3059,494.00
6.563622,1025.3376,522.00
6.563622,1025.3693,469.00
6.563622,1025.4009,548.00
6.563622,1025.4326,485.00
6.563622,1025.4644,559.00
6.563622,1025.4960,491.00
6.563622,1025.5276,538.00
6.563622,1025.5592,498.00
6.563622,1025.5908,540.00
6.563622,1025.6224,479.00
6.563622,1025.6541,543.00
6.563622,1025.6857,483.00
6.563622,1025.7172,531.00
6.563622,1025.7489,524.00
6.563622,1025.7804,559.00
6.563622,1025.8120,551.00
6.563622,1025.8435,527.00
6.563622,1025.8751,511.00
6.563622,1025.9066,576.00
6.563622,1025.9381,475.00
6.563622,1025.9697,585.00
6.563622,1026.0012,543.00
6.563622,1026.0327,549.00
6.563622,1026.0642,508.00
