# Point:,19
# Setpoint:,0.967272727
# Voltage_V:,0.967272727
# Current_A:,0.0001508
# Spectrum_Time_s:,3.727633
# Step_Start_s:,3.645488
# Step_End_s:,3.807269
# Spectrum_Duration_ms:,67.059
# Peak_Wavelength_nm:,940.19
# Peak_Intensity:,762.0
# Avg_Intensity:,609.4
# Num_Pixels:,4094
# NOTE: All wavelengths are captured simultaneously in one CCD exposure
#       The Relative_Time_s column shows when this entire spectrum was acquired

Relative_Time_s,Wavelength_nm,Intensity
3.727633,845.4307,590.00
3.727633,845.4858,518.00
3.727633,845.5410,578.00
3.727633,845.5963,522.00
3.727633,845.6514,575.00
3.727633,845.7065,503.00
3.727633,845.7617,551.00
3.727633,845.8168,519.00
3.727633,845.8721,573.00
3.727633,845.9272,495.00
3.727633,845.9823,545.00
3.727633,846.0374,535.00
3.727633,846.0926,551.00
3.727633,846.1478,512.00
3.727633,846.2029,531.00
3.727633,846.2579,500.00
3.727633,846.3130,555.00
3.727633,846.3682,451.00
3.727633,846.4233,580.00
3.727633,846.4784,493.00
3.727633,846.5335,578.00
3.727633,846.5886,533.00
3.727633,846.6437,541.00
3.727633,846.6987,536.00
3.727633,846.7538,582.00
3.727633,846.8089,491.00
3.727633,846.8640,574.00
3.727633,846.9190,482.00
3.727633,846.9741,554.00
3.727633,847.0292,551.00
3.727633,847.0842,581.00
3.727633,847.1392,567.00
3.727633,847.1943,561.00
3.727633,847.2493,501.00
3.727633,847.3044,615.00
3.727633,847.3594,530.00
3.727633,847.4144,591.00
3.727633,847.4694,552.00
3.727633,847.5244,548.00
3.727633,847.5795,535.00
3.727633,847.6345,575.00
3.727633,847.6895,529.00
3.727633,847.7444,578.00
3.727633,847.7994,490.00
3.727633,847.8544,611.00
3.727633,847.9094,537.00
3.727633,847.9644,576.00
3.727633,848.0193,557.00
3.727633,848.0743,565.00
3.727633,848.1293,531.00
3.727633,848.1843,566.00
3.727633,848.2392,578.00
3.727633,848.2941,596.00
3.727633,848.3491,570.00
3.727633,848.4040,589.00
3.727633,848.4590,575.00
3.727633,848.5139,615.00
3.727633,848.5688,544.00
3.727633,848.6237,605.00
3.727633,848.6786,528.00
3.727633,848.7336,617.00
3.727633,848.7885,551.00
3.727633,848.8434,620.00
3.727633,848.8983,598.00
3.727633,848.9531,570.00
3.727633,849.0081,558.00
3.727633,849.0630,597.00
3.727633,849.1178,552.00
3.727633,849.1727,605.00
3.727633,849.2275,577.00
3.727633,849.2823,643.00
3.727633,849.3373,540.00
3.727633,849.3921,608.00
3.727633,849.4470,580.00
3.727633,849.5018,568.00
3.727633,849.5566,531.00
3.727633,849.6115,588.00
3.727633,849.6663,564.00
3.727633,849.7211,606.00
3.727633,849.7759,554.00
3.727633,849.8307,613.00
3.727633,849.8856,572.00
3.727633,849.9404,622.00
3.727633,849.9952,541.00
3.727633,850.0500,623.00
3.727633,850.1048,508.00
3.727633,850.1596,634.00
3.727633,850.2144,537.00
3.727633,850.2692,648.00
3.727633,850.3239,577.00
3.727633,850.3787,568.00
3.727633,850.4335,575.00
3.727633,850.4882,588.00
3.727633,850.5430,542.00
3.727633,850.5977,618.00
3.727633,850.6525,544.00
3.727633,850.7072,619.00
3.727633,850.7620,556.00
3.727633,850.8167,631.00
3.727633,850.8715,591.00
3.727633,850.9261,590.00
3.727633,850.9808,525.00
3.727633,851.0356,598.00
3.727633,851.0903,581.00
3.727633,851.1450,635.00
3.727633,851.1996,571.00
3.727633,851.2543,648.00
3.727633,851.3091,585.00
3.727633,851.3638,604.00
3.727633,851.4185,565.00
3.727633,851.4731,635.00
3.727633,851.5278,568.00
3.727633,851.5825,678.00
3.727633,851.6371,584.00
3.727633,851.6918,666.00
3.727633,851.7465,629.00
3.727633,851.8011,626.00
3.727633,851.8558,575.00
3.727633,851.9103,614.00
3.727633,851.9650,589.00
3.727633,852.0196,704.00
3.727633,852.0742,599.00
3.727633,852.1289,653.00
3.727633,852.1835,621.00
3.727633,852.2381,670.00
3.727633,852.2927,636.00
3.727633,852.3473,653.00
3.727633,852.4019,642.00
3.727633,852.4565,678.00
3.727633,852.5111,601.00
3.727633,852.5657,628.00
3.727633,852.6202,606.00
3.727633,852.6747,645.00
3.727633,852.7294,639.00
3.727633,852.7839,676.00
3.727633,852.8385,604.00
3.727633,852.8930,653.00
3.727633,852.9476,616.00
3.727633,853.0022,697.00
3.727633,853.0567,626.00
3.727633,853.1112,692.00
3.727633,853.1658,676.00
3.727633,853.2203,688.00
3.727633,853.2748,646.00
3.727633,853.3293,695.00
3.727633,853.3838,618.00
3.727633,853.4383,702.00
3.727633,853.4928,614.00
3.727633,853.5474,671.00
3.727633,853.6019,659.00
3.727633,853.6563,709.00
3.727633,853.7108,687.00
3.727633,853.7653,669.00
3.727633,853.8198,623.00
3.727633,853.8742,683.00
3.727633,853.9286,684.00
3.727633,853.9832,693.00
3.727633,854.0376,654.00
3.727633,854.0920,709.00
3.727633,854.1465,675.00
3.727633,854.2010,690.00
3.727633,854.2554,632.00
3.727633,854.3098,679.00
3.727633,854.3642,590.00
3.727633,854.4186,693.00
3.727633,854.4731,641.00
3.727633,854.5275,696.00
3.727633,854.5819,653.00
3.727633,854.6363,699.00
3.727633,854.6907,626.00
3.727633,854.7451,666.00
3.727633,854.7994,622.00
3.727633,854.8538,688.00
3.727633,854.9082,631.00
3.727633,854.9626,713.00
3.727633,855.0170,625.00
3.727633,855.0714,691.00
3.727633,855.1257,646.00
3.727633,855.1800,669.00
3.727633,855.2344,634.00
3.727633,855.2888,686.00
3.727633,855.3431,613.00
3.727633,855.3975,695.00
3.727633,855.4518,622.00
3.727633,855.5060,703.00
3.727633,855.5604,643.00
3.727633,855.6147,654.00
3.727633,855.6691,621.00
3.727633,855.7233,661.00
3.727633,855.7776,615.00
3.727633,855.8320,709.00
3.727633,855.8862,609.00
3.727633,855.9406,676.00
3.727633,855.9948,638.00
3.727633,856.0491,721.00
3.727633,856.1035,670.00
3.727633,856.1577,676.00
3.727633,856.2119,642.00
3.727633,856.2662,675.00
3.727633,856.3204,608.00
3.727633,856.3748,723.00
3.727633,856.4290,638.00
3.727633,856.4832,687.00
3.727633,856.5374,655.00
3.727633,856.5916,686.00
3.727633,856.6459,623.00
3.727633,856.7001,693.00
3.727633,856.7543,631.00
3.727633,856.8085,695.00
3.727633,856.8627,653.00
3.727633,856.9169,725.00
3.727633,856.9712,670.00
3.727633,857.0253,655.00
3.727633,857.0795,655.00
3.727633,857.1337,680.00
3.727633,857.1879,628.00
3.727633,857.2421,703.00
3.727633,857.2962,629.00
3.727633,857.3504,713.00
3.727633,857.4045,648.00
3.727633,857.4587,674.00
3.727633,857.5129,679.00
3.727633,857.5670,674.00
3.727633,857.6212,654.00
3.727633,857.6753,696.00
3.727633,857.7294,627.00
3.727633,857.7836,711.00
3.727633,857.8377,655.00
3.727633,857.8918,713.00
3.727633,857.9459,694.00
3.727633,858.0000,667.00
3.727633,858.0541,635.00
3.727633,858.1082,717.00
3.727633,858.1624,634.00
3.727633,858.2164,729.00
3.727633,858.2704,661.00
3.727633,858.3245,697.00
3.727633,858.3787,672.00
3.727633,858.4327,675.00
3.727633,858.4868,658.00
3.727633,858.5408,682.00
3.727633,858.5949,656.00
3.727633,858.6489,680.00
3.727633,858.7030,629.00
3.727633,858.7570,749.00
3.727633,858.8110,667.00
3.727633,858.8651,684.00
3.727633,858.9192,690.00
3.727633,858.9732,718.00
3.727633,859.0272,652.00
3.727633,859.0812,689.00
3.727633,859.1352,646.00
3.727633,859.1892,695.00
3.727633,859.2432,665.00
3.727633,859.2972,692.00
3.727633,859.3512,706.00
3.727633,859.4052,665.00
3.727633,859.4592,639.00
3.727633,859.5132,684.00
3.727633,859.5671,606.00
3.727633,859.6210,693.00
3.727633,859.6750,648.00
3.727633,859.7289,709.00
3.727633,859.7830,624.00
3.727633,859.8369,657.00
3.727633,859.8908,624.00
3.727633,859.9447,634.00
3.727633,859.9987,636.00
3.727633,860.0527,698.00
3.727633,860.1065,608.00
3.727633,860.1605,678.00
3.727633,860.2144,671.00
3.727633,860.2682,676.00
3.727633,860.3222,655.00
3.727633,860.3761,696.00
3.727633,860.4299,623.00
3.727633,860.4838,665.00
3.727633,860.5377,606.00
3.727633,860.5916,675.00
3.727633,860.6455,644.00
3.727633,860.6993,677.00
3.727633,860.7532,656.00
3.727633,860.8071,677.00
3.727633,860.8610,627.00
3.727633,860.9148,660.00
3.727633,860.9687,602.00
3.727633,861.0225,642.00
3.727633,861.0763,642.00
3.727633,861.1301,665.00
3.727633,861.1840,622.00
3.727633,861.2378,685.00
3.727633,861.2916,621.00
3.727633,861.3454,685.00
3.727633,861.3992,622.00
3.727633,861.4531,675.00
3.727633,861.5068,594.00
3.727633,861.5606,676.00
3.727633,861.6144,640.00
3.727633,861.6682,681.00
3.727633,861.7220,613.00
3.727633,861.7758,687.00
3.727633,861.8295,614.00
3.727633,861.8833,660.00
3.727633,861.9370,624.00
3.727633,861.9908,698.00
3.727633,862.0446,637.00
3.727633,862.0983,679.00
3.727633,862.1520,644.00
3.727633,862.2057,654.00
3.727633,862.2595,645.00
3.727633,862.3132,652.00
3.727633,862.3669,575.00
3.727633,862.4206,668.00
3.727633,862.4744,587.00
3.727633,862.5281,676.00
3.727633,862.5818,636.00
3.727633,862.6355,665.00
3.727633,862.6891,616.00
3.727633,862.7429,649.00
3.727633,862.7966,652.00
3.727633,862.8502,640.00
3.727633,862.9039,598.00
3.727633,862.9575,648.00
3.727633,863.0112,648.00
3.727633,863.0648,634.00
3.727633,863.1185,624.00
3.727633,863.1722,639.00
3.727633,863.2258,610.00
3.727633,863.2794,684.00
3.727633,863.3330,601.00
3.727633,863.3867,668.00
3.727633,863.4403,577.00
3.727633,863.4940,651.00
3.727633,863.5475,630.00
3.727633,863.6011,610.00
3.727633,863.6548,616.00
3.727633,863.7084,656.00
3.727633,863.7620,611.00
3.727633,863.8156,621.00
3.727633,863.8691,607.00
3.727633,863.9228,642.00
3.727633,863.9763,622.00
3.727633,864.0299,643.00
3.727633,864.0834,640.00
3.727633,864.1370,639.00
3.727633,864.1906,599.00
3.727633,864.2441,671.00
3.727633,864.2977,599.00
3.727633,864.3512,688.00
3.727633,864.4047,623.00
3.727633,864.4583,651.00
3.727633,864.5118,597.00
3.727633,864.5653,645.00
3.727633,864.6189,614.00
3.727633,864.6724,617.00
3.727633,864.7258,561.00
3.727633,864.7794,652.00
3.727633,864.8329,628.00
3.727633,864.8864,641.00
3.727633,864.9398,638.00
3.727633,864.9933,654.00
3.727633,865.0469,580.00
3.727633,865.1003,626.00
3.727633,865.1538,612.00
3.727633,865.2072,623.00
3.727633,865.2607,653.00
3.727633,865.3142,654.00
3.727633,865.3676,619.00
3.727633,865.4211,644.00
3.727633,865.4745,591.00
3.727633,865.5279,636.00
3.727633,865.5814,627.00
3.727633,865.6348,667.00
3.727633,865.6882,618.00
3.727633,865.7416,681.00
3.727633,865.7950,634.00
3.727633,865.8484,683.00
3.727633,865.9019,631.00
3.727633,865.9552,637.00
3.727633,866.0087,614.00
3.727633,866.0620,615.00
3.727633,866.1154,601.00
3.727633,866.1688,697.00
3.727633,866.2222,614.00
3.727633,866.2755,655.00
3.727633,866.3289,645.00
3.727633,866.3822,672.00
3.727633,866.4356,660.00
3.727633,866.4890,645.00
3.727633,866.5423,627.00
3.727633,866.5956,670.00
3.727633,866.6489,622.00
3.727633,866.7023,680.00
3.727633,866.7556,628.00
3.727633,866.8089,659.00
3.727633,866.8622,657.00
3.727633,866.9155,661.00
3.727633,866.9689,602.00
3.727633,867.0222,682.00
3.727633,867.0755,605.00
3.727633,867.1287,664.00
3.727633,867.1820,642.00
3.727633,867.2354,667.00
3.727633,867.2886,655.00
3.727633,867.3419,680.00
3.727633,867.3951,626.00
3.727633,867.4484,657.00
3.727633,867.5016,595.00
3.727633,867.5549,713.00
3.727633,867.6082,644.00
3.727633,867.6614,651.00
3.727633,867.7146,624.00
3.727633,867.7678,653.00
3.727633,867.8211,652.00
3.727633,867.8743,652.00
3.727633,867.9276,629.00
3.727633,867.9807,682.00
3.727633,868.0339,614.00
3.727633,868.0872,678.00
3.727633,868.1403,642.00
3.727633,868.1935,648.00
3.727633,868.2467,599.00
3.727633,868.2999,653.00
3.727633,868.3531,615.00
3.727633,868.4062,653.00
3.727633,868.4594,632.00
3.727633,868.5126,673.00
3.727633,868.5657,642.00
3.727633,868.6189,649.00
3.727633,868.6721,648.00
3.727633,868.7252,656.00
3.727633,868.7783,606.00
3.727633,868.8315,627.00
3.727633,868.8846,594.00
3.727633,868.9377,670.00
3.727633,868.9908,604.00
3.727633,869.0439,663.00
3.727633,869.0970,647.00
3.727633,869.1501,669.00
3.727633,869.2032,609.00
3.727633,869.2564,636.00
3.727633,869.3094,579.00
3.727633,869.3625,645.00
3.727633,869.4156,618.00
3.727633,869.4688,664.00
3.727633,869.5218,596.00
3.727633,869.5748,657.00
3.727633,869.6279,674.00
3.727633,869.6809,645.00
3.727633,869.7340,592.00
3.727633,869.7870,646.00
3.727633,869.8401,590.00
3.727633,869.8931,665.00
3.727633,869.9462,636.00
3.727633,869.9993,640.00
3.727633,870.0522,649.00
3.727633,870.1052,675.00
3.727633,870.1583,616.00
3.727633,870.2112,678.00
3.727633,870.2642,594.00
3.727633,870.3173,674.00
3.727633,870.3702,601.00
3.727633,870.4232,664.00
3.727633,870.4762,645.00
3.727633,870.5292,631.00
3.727633,870.5822,649.00
3.727633,870.6351,668.00
3.727633,870.6881,586.00
3.727633,870.7410,672.00
3.727633,870.7940,637.00
3.727633,870.8470,674.00
3.727633,870.8999,630.00
3.727633,870.9528,675.00
3.727633,871.0057,672.00
3.727633,871.0587,650.00
3.727633,871.1116,637.00
3.727633,871.1646,665.00
3.727633,871.2175,583.00
3.727633,871.2704,696.00
3.727633,871.3232,631.00
3.727633,871.3762,668.00
3.727633,871.4291,638.00
3.727633,871.4820,649.00
3.727633,871.5348,640.00
3.727633,871.5877,653.00
3.727633,871.6406,616.00
3.727633,871.6935,717.00
3.727633,871.7463,634.00
3.727633,871.7992,662.00
3.727633,871.8521,650.00
3.727633,871.9049,650.00
3.727633,871.9578,682.00
3.727633,872.0106,707.00
3.727633,872.0635,605.00
3.727633,872.1162,693.00
3.727633,872.1691,609.00
3.727633,872.2219,715.00
3.727633,872.2747,609.00
3.727633,872.3275,662.00
3.727633,872.3803,662.00
3.727633,872.4332,674.00
3.727633,872.4860,633.00
3.727633,872.5387,684.00
3.727633,872.5915,621.00
3.727633,872.6443,685.00
3.727633,872.6971,679.00
3.727633,872.7499,688.00
3.727633,872.8026,674.00
3.727633,872.8553,682.00
3.727633,872.9081,644.00
3.727633,872.9609,669.00
3.727633,873.0136,632.00
3.727633,873.0663,715.00
3.727633,873.1191,587.00
3.727633,873.1718,686.00
3.727633,873.2245,644.00
3.727633,873.2773,672.00
3.727633,873.3300,661.00
3.727633,873.3827,657.00
3.727633,873.4354,651.00
3.727633,873.4882,724.00
3.727633,873.5408,670.00
3.727633,873.5935,676.00
3.727633,873.6462,640.00
3.727633,873.6989,677.00
3.727633,873.7515,688.00
3.727633,873.8042,659.00
3.727633,873.8569,604.00
3.727633,873.9096,678.00
3.727633,873.9622,576.00
3.727633,874.0149,690.00
3.727633,874.0675,671.00
3.727633,874.1202,684.00
3.727633,874.1729,641.00
3.727633,874.2255,684.00
3.727633,874.2781,657.00
3.727633,874.3307,645.00
3.727633,874.3834,608.00
3.727633,874.4360,688.00
3.727633,874.4885,652.00
3.727633,874.5411,710.00
3.727633,874.5938,648.00
3.727633,874.6463,658.00
3.727633,874.6990,648.00
3.727633,874.7515,668.00
3.727633,874.8041,579.00
3.727633,874.8567,704.00
3.727633,874.9092,615.00
3.727633,874.9619,680.00
3.727633,875.0144,642.00
3.727633,875.0669,669.00
3.727633,875.1194,652.00
3.727633,875.1720,657.00
3.727633,875.2246,634.00
3.727633,875.2772,683.00
3.727633,875.3296,624.00
3.727633,875.3821,680.00
3.727633,875.4346,646.00
3.727633,875.4872,683.00
3.727633,875.5397,659.00
3.727633,875.5922,694.00
3.727633,875.6447,634.00
3.727633,875.6971,657.00
3.727633,875.7498,615.00
3.727633,875.8022,693.00
3.727633,875.8547,613.00
3.727633,875.9071,699.00
3.727633,875.9596,638.00
3.727633,876.0120,659.00
3.727633,876.0646,652.00
3.727633,876.1169,664.00
3.727633,876.1694,617.00
3.727633,876.2219,693.00
3.727633,876.2743,655.00
3.727633,876.3268,708.00
3.727633,876.3792,640.00
3.727633,876.4316,672.00
3.727633,876.4840,662.00
3.727633,876.5364,649.00
3.727633,876.5889,614.00
3.727633,876.6413,704.00
3.727633,876.6937,628.00
3.727633,876.7460,663.00
3.727633,876.7985,658.00
3.727633,876.8509,693.00
3.727633,876.9032,646.00
3.727633,876.9556,656.00
3.727633,877.0079,631.00
3.727633,877.0604,651.00
3.727633,877.1127,624.00
3.727633,877.1651,693.00
3.727633,877.2174,608.00
3.727633,877.2697,661.00
3.727633,877.3221,649.00
3.727633,877.3744,682.00
3.727633,877.4268,628.00
3.727633,877.4791,650.00
3.727633,877.5314,602.00
3.727633,877.5837,644.00
3.727633,877.6360,613.00
3.727633,877.6884,658.00
3.727633,877.7407,621.00
3.727633,877.7930,645.00
3.727633,877.8452,630.00
3.727633,877.8975,638.00
3.727633,877.9498,621.00
3.727633,878.0021,642.00
3.727633,878.0544,598.00
3.727633,878.1066,665.00
3.727633,878.1589,605.00
3.727633,878.2111,638.00
3.727633,878.2634,647.00
3.727633,878.3157,625.00
3.727633,878.3679,592.00
3.727633,878.4202,646.00
3.727633,878.4724,591.00
3.727633,878.5246,657.00
3.727633,878.5768,606.00
3.727633,878.6290,660.00
3.727633,878.6812,663.00
3.727633,878.7335,627.00
3.727633,878.7856,632.00
3.727633,878.8379,595.00
3.727633,878.8901,602.00
3.727633,878.9422,619.00
3.727633,878.9944,615.00
3.727633,879.0466,672.00
3.727633,879.0988,611.00
3.727633,879.1509,663.00
3.727633,879.2031,603.00
3.727633,879.2552,599.00
3.727633,879.3074,624.00
3.727633,879.3596,659.00
3.727633,879.4117,601.00
3.727633,879.4638,663.00
3.727633,879.5159,581.00
3.727633,879.5681,670.00
3.727633,879.6202,653.00
3.727633,879.6723,646.00
3.727633,879.7244,631.00
3.727633,879.7766,696.00
3.727633,879.8287,589.00
3.727633,879.8808,646.00
3.727633,879.9329,567.00
3.727633,879.9849,647.00
3.727633,880.0370,650.00
3.727633,880.0891,640.00
3.727633,880.1412,607.00
3.727633,880.1932,649.00
3.727633,880.2452,583.00
3.727633,880.2973,659.00
3.727633,880.3495,640.00
3.727633,880.4015,683.00
3.727633,880.4536,628.00
3.727633,880.5056,631.00
3.727633,880.5576,641.00
3.727633,880.6096,636.00
3.727633,880.6616,597.00
3.727633,880.7137,640.00
3.727633,880.7656,565.00
3.727633,880.8176,660.00
3.727633,880.8696,594.00
3.727633,880.9217,658.00
3.727633,880.9737,608.00
3.727633,881.0256,646.00
3.727633,881.0776,604.00
3.727633,881.1296,645.00
3.727633,881.1816,571.00
3.727633,881.2336,660.00
3.727633,881.2855,599.00
3.727633,881.3374,640.00
3.727633,881.3893,616.00
3.727633,881.4413,615.00
3.727633,881.4933,586.00
3.727633,881.5452,663.00
3.727633,881.5972,616.00
3.727633,881.6490,636.00
3.727633,881.7010,601.00
3.727633,881.7530,655.00
3.727633,881.8049,621.00
3.727633,881.8568,646.00
3.727633,881.9086,614.00
3.727633,881.9605,634.00
3.727633,882.0125,613.00
3.727633,882.0643,644.00
3.727633,882.1162,583.00
3.727633,882.1681,667.00
3.727633,882.2199,581.00
3.727633,882.2719,618.00
3.727633,882.3237,606.00
3.727633,882.3755,615.00
3.727633,882.4274,577.00
3.727633,882.4792,656.00
3.727633,882.5311,595.00
3.727633,882.5829,623.00
3.727633,882.6348,581.00
3.727633,882.6866,644.00
3.727633,882.7383,624.00
3.727633,882.7902,613.00
3.727633,882.8420,601.00
3.727633,882.8939,632.00
3.727633,882.9457,562.00
3.727633,882.9974,628.00
3.727633,883.0493,598.00
3.727633,883.1011,648.00
3.727633,883.1528,572.00
3.727633,883.2046,633.00
3.727633,883.2563,586.00
3.727633,883.3081,605.00
3.727633,883.3599,582.00
3.727633,883.4116,642.00
3.727633,883.4634,582.00
3.727633,883.5151,653.00
3.727633,883.5668,608.00
3.727633,883.6187,633.00
3.727633,883.6703,627.00
3.727633,883.7220,661.00
3.727633,883.7738,622.00
3.727633,883.8254,640.00
3.727633,883.8773,580.00
3.727633,883.9289,659.00
3.727633,883.9806,598.00
3.727633,884.0323,651.00
3.727633,884.0840,616.00
3.727633,884.1357,658.00
3.727633,884.1874,601.00
3.727633,884.2391,641.00
3.727633,884.2907,567.00
3.727633,884.3423,640.00
3.727633,884.3940,569.00
3.727633,884.4457,638.00
3.727633,884.4974,632.00
3.727633,884.5490,635.00
3.727633,884.6006,592.00
3.727633,884.6523,648.00
3.727633,884.7039,605.00
3.727633,884.7555,668.00
3.727633,884.8071,605.00
3.727633,884.8588,662.00
3.727633,884.9103,660.00
3.727633,884.9620,660.00
3.727633,885.0136,654.00
3.727633,885.0651,630.00
3.727633,885.1168,601.00
3.727633,885.1683,640.00
3.727633,885.2200,616.00
3.727633,885.2715,647.00
3.727633,885.3231,585.00
3.727633,885.3746,670.00
3.727633,885.4262,638.00
3.727633,885.4778,646.00
3.727633,885.5293,643.00
3.727633,885.5809,646.00
3.727633,885.6324,595.00
3.727633,885.6839,621.00
3.727633,885.7355,613.00
3.727633,885.7870,675.00
3.727633,885.8385,617.00
3.727633,885.8900,655.00
3.727633,885.9415,646.00
3.727633,885.9930,652.00
3.727633,886.0446,611.00
3.727633,886.0960,654.00
3.727633,886.1475,627.00
3.727633,886.1990,681.00
3.727633,886.2504,646.00
3.727633,886.3020,681.00
3.727633,886.3534,641.00
3.727633,886.4048,665.00
3.727633,886.4564,622.00
3.727633,886.5078,645.00
3.727633,886.5593,606.00
3.727633,886.6107,684.00
3.727633,886.6621,630.00
3.727633,886.7136,647.00
3.727633,886.7650,626.00
3.727633,886.8164,677.00
3.727633,886.8679,640.00
3.727633,886.9193,627.00
3.727633,886.9706,619.00
3.727633,887.0220,665.00
3.727633,887.0735,582.00
3.727633,887.1249,646.00
3.727633,887.1762,607.00
3.727633,887.2276,655.00
3.727633,887.2789,632.00
3.727633,887.3304,649.00
3.727633,887.3818,615.00
3.727633,887.4331,637.00
3.727633,887.4844,627.00
3.727633,887.5358,688.00
3.727633,887.5871,612.00
3.727633,887.6385,671.00
3.727633,887.6898,636.00
3.727633,887.7411,621.00
3.727633,887.7925,604.00
3.727633,887.8438,638.00
3.727633,887.8951,601.00
3.727633,887.9464,688.00
3.727633,887.9977,640.00
3.727633,888.0490,722.00
3.727633,888.1003,665.00
3.727633,888.1516,674.00
3.727633,888.2029,602.00
3.727633,888.2542,674.00
3.727633,888.3054,609.00
3.727633,888.3567,682.00
3.727633,888.4080,629.00
3.727633,888.4592,673.00
3.727633,888.5105,643.00
3.727633,888.5618,686.00
3.727633,888.6130,653.00
3.727633,888.6642,712.00
3.727633,888.7155,622.00
3.727633,888.7667,691.00
3.727633,888.8179,611.00
3.727633,888.8691,678.00
3.727633,888.9204,668.00
3.727633,888.9716,677.00
3.727633,889.0228,651.00
3.727633,889.0740,683.00
3.727633,889.1252,653.00
3.727633,889.1764,652.00
3.727633,889.2275,634.00
3.727633,889.2787,709.00
3.727633,889.3299,623.00
3.727633,889.3810,688.00
3.727633,889.4322,668.00
3.727633,889.4835,683.00
3.727633,889.5346,676.00
3.727633,889.5857,659.00
3.727633,889.6368,606.00
3.727633,889.6879,668.00
3.727633,889.7391,587.00
3.727633,889.7903,692.00
3.727633,889.8414,623.00
3.727633,889.8925,685.00
3.727633,889.9435,632.00
3.727633,889.9948,647.00
3.727633,890.0458,604.00
3.727633,890.0969,673.00
3.727633,890.1479,626.00
3.727633,890.1990,692.00
3.727633,890.2501,599.00
3.727633,890.3012,660.00
3.727633,890.3523,654.00
3.727633,890.4034,611.00
3.727633,890.4545,648.00
3.727633,890.5054,625.00
3.727633,890.5566,570.00
3.727633,890.6076,655.00
3.727633,890.6586,583.00
3.727633,890.7097,656.00
3.727633,890.7607,634.00
3.727633,890.8117,675.00
3.727633,890.8627,639.00
3.727633,890.9138,633.00
3.727633,890.9647,596.00
3.727633,891.0157,645.00
3.727633,891.0668,599.00
3.727633,891.1178,679.00
3.727633,891.1688,602.00
3.727633,891.2197,658.00
3.727633,891.2707,618.00
3.727633,891.3217,611.00
3.727633,891.3727,605.00
3.727633,891.4236,625.00
3.727633,891.4745,577.00
3.727633,891.5256,651.00
3.727633,891.5765,611.00
3.727633,891.6275,664.00
3.727633,891.6783,602.00
3.727633,891.7293,652.00
3.727633,891.7802,609.00
3.727633,891.8312,641.00
3.727633,891.8821,582.00
3.727633,891.9330,659.00
3.727633,891.9839,584.00
3.727633,892.0348,624.00
3.727633,892.0857,624.00
3.727633,892.1366,641.00
3.727633,892.1875,613.00
3.727633,892.2383,644.00
3.727633,892.2892,636.00
3.727633,892.3401,662.00
3.727633,892.3911,602.00
3.727633,892.4418,682.00
3.727633,892.4927,636.00
3.727633,892.5436,664.00
3.727633,892.5944,649.00
3.727633,892.6452,617.00
3.727633,892.6961,633.00
3.727633,892.7469,646.00
3.727633,892.7977,582.00
3.727633,892.8485,628.00
3.727633,892.8993,634.00
3.727633,892.9502,668.00
3.727633,893.0010,661.00
3.727633,893.0518,641.00
3.727633,893.1025,650.00
3.727633,893.1534,657.00
3.727633,893.2042,596.00
3.727633,893.2549,654.00
3.727633,893.3057,614.00
3.727633,893.3564,691.00
3.727633,893.4072,658.00
3.727633,893.4580,672.00
3.727633,893.5087,617.00
3.727633,893.5595,649.00
3.727633,893.6102,585.00
3.727633,893.6609,689.00
3.727633,893.7117,588.00
3.727633,893.7625,698.00
3.727633,893.8132,622.00
3.727633,893.8639,688.00
3.727633,893.9146,652.00
3.727633,893.9653,610.00
3.727633,894.0160,623.00
3.727633,894.0667,645.00
3.727633,894.1174,626.00
3.727633,894.1681,668.00
3.727633,894.2188,657.00
3.727633,894.2695,687.00
3.727633,894.3201,646.00
3.727633,894.3708,643.00
3.727633,894.4214,636.00
3.727633,894.4720,668.00
3.727633,894.5228,623.00
3.727633,894.5734,705.00
3.727633,894.6240,629.00
3.727633,894.6746,704.00
3.727633,894.7252,690.00
3.727633,894.7759,659.00
3.727633,894.8265,646.00
3.727633,894.8771,652.00
3.727633,894.9277,580.00
3.727633,894.9783,663.00
3.727633,895.0290,589.00
3.727633,895.0795,699.00
3.727633,895.1301,608.00
3.727633,895.1807,682.00
3.727633,895.2313,647.00
3.727633,895.2819,656.00
3.727633,895.3325,631.00
3.727633,895.3830,646.00
3.727633,895.4336,593.00
3.727633,895.4841,709.00
3.727633,895.5347,616.00
3.727633,895.5852,681.00
3.727633,895.6357,631.00
3.727633,895.6863,674.00
3.727633,895.7368,658.00
3.727633,895.7874,628.00
3.727633,895.8379,596.00
3.727633,895.8884,685.00
3.727633,895.9388,581.00
3.727633,895.9893,665.00
3.727633,896.0399,636.00
3.727633,896.0904,650.00
3.727633,896.1408,650.00
3.727633,896.1913,660.00
3.727633,896.2418,616.00
3.727633,896.2922,660.00
3.727633,896.3427,655.00
3.727633,896.3932,699.00
3.727633,896.4437,630.00
3.727633,896.4941,694.00
3.727633,896.5445,658.00
3.727633,896.5950,649.00
3.727633,896.6454,649.00
3.727633,896.6958,647.00
3.727633,896.7462,593.00
3.727633,896.7967,657.00
3.727633,896.8471,612.00
3.727633,896.8975,672.00
3.727633,896.9479,649.00
3.727633,896.9983,668.00
3.727633,897.0486,634.00
3.727633,897.0991,674.00
3.727633,897.1495,610.00
3.727633,897.1998,692.00
3.727633,897.2502,612.00
3.727633,897.3005,667.00
3.727633,897.3510,641.00
3.727633,897.4013,665.00
3.727633,897.4517,676.00
3.727633,897.5020,644.00
3.727633,897.5523,605.00
3.727633,897.6026,678.00
3.727633,897.6530,606.00
3.727633,897.7033,680.00
3.727633,897.7537,600.00
3.727633,897.8040,674.00
3.727633,897.8542,627.00
3.727633,897.9046,655.00
3.727633,897.9549,644.00
3.727633,898.0051,642.00
3.727633,898.0554,635.00
3.727633,898.1057,683.00
3.727633,898.1560,629.00
3.727633,898.2063,660.00
3.727633,898.2565,641.00
3.727633,898.3068,645.00
3.727633,898.3571,641.00
3.727633,898.4073,618.00
3.727633,898.4576,550.00
3.727633,898.5078,674.00
3.727633,898.5580,596.00
3.727633,898.6083,694.00
3.727633,898.6584,671.00
3.727633,898.7087,665.00
3.727633,898.7590,645.00
3.727633,898.8091,646.00
3.727633,898.8593,661.00
3.727633,898.9095,655.00
3.727633,898.9598,580.00
3.727633,899.0099,664.00
3.727633,899.0601,617.00
3.727633,899.1103,654.00
3.727633,899.1605,603.00
3.727633,899.2107,636.00
3.727633,899.2608,624.00
3.727633,899.3109,632.00
3.727633,899.3611,613.00
3.727633,899.4113,687.00
3.727633,899.4614,622.00
3.727633,899.5115,684.00
3.727633,899.5616,648.00
3.727633,899.6118,660.00
3.727633,899.6619,613.00
3.727633,899.7121,619.00
3.727633,899.7622,570.00
3.727633,899.8123,666.00
3.727633,899.8624,596.00
3.727633,899.9124,670.00
3.727633,899.9626,635.00
3.727633,900.0126,645.00
3.727633,900.0627,617.00
3.727633,900.1127,686.00
3.727633,900.1628,589.00
3.727633,900.2130,661.00
3.727633,900.2631,556.00
3.727633,900.3130,666.00
3.727633,900.3631,613.00
3.727633,900.4131,648.00
3.727633,900.4632,590.00
3.727633,900.5132,632.00
3.727633,900.5633,605.00
3.727633,900.6132,618.00
3.727633,900.6632,628.00
3.727633,900.7133,653.00
3.727633,900.7633,558.00
3.727633,900.8133,656.00
3.727633,900.8633,581.00
3.727633,900.9133,636.00
3.727633,900.9633,628.00
3.727633,901.0133,643.00
3.727633,901.0632,598.00
3.727633,901.1132,614.00
3.727633,901.1631,588.00
3.727633,901.2131,678.00
3.727633,901.2631,635.00
3.727633,901.3130,655.00
3.727633,901.3630,625.00
3.727633,901.4129,636.00
3.727633,901.4628,603.00
3.727633,901.5128,635.00
3.727633,901.5627,583.00
3.727633,901.6126,662.00
3.727633,901.6625,598.00
3.727633,901.7124,619.00
3.727633,901.7623,623.00
3.727633,901.8123,647.00
3.727633,901.8621,599.00
3.727633,901.9120,659.00
3.727633,901.9619,603.00
3.727633,902.0117,665.00
3.727633,902.0616,619.00
3.727633,902.1115,673.00
3.727633,902.1613,629.00
3.727633,902.2112,597.00
3.727633,902.2610,596.00
3.727633,902.3109,619.00
3.727633,902.3608,602.00
3.727633,902.4106,636.00
3.727633,902.4604,604.00
3.727633,902.5103,656.00
3.727633,902.5601,607.00
3.727633,902.6099,657.00
3.727633,902.6597,648.00
3.727633,902.7095,662.00
3.727633,902.7592,622.00
3.727633,902.8090,647.00
3.727633,902.8589,574.00
3.727633,902.9086,662.00
3.727633,902.9584,623.00
3.727633,903.0082,639.00
3.727633,903.0580,623.00
3.727633,903.1077,641.00
3.727633,903.1575,627.00
3.727633,903.2072,621.00
3.727633,903.2570,603.00
3.727633,903.3067,657.00
3.727633,903.3564,606.00
3.727633,903.4062,685.00
3.727633,903.4559,652.00
3.727633,903.5056,639.00
3.727633,903.5553,612.00
3.727633,903.6050,633.00
3.727633,903.6547,620.00
3.727633,903.7045,662.00
3.727633,903.7541,563.00
3.727633,903.8038,682.00
3.727633,903.8535,612.00
3.727633,903.9032,616.00
3.727633,903.9528,619.00
3.727633,904.0025,615.00
3.727633,904.0522,611.00
3.727633,904.1019,646.00
3.727633,904.1515,602.00
3.727633,904.2012,669.00
3.727633,904.2507,595.00
3.727633,904.3004,645.00
3.727633,904.3500,589.00
3.727633,904.3997,609.00
3.727633,904.4493,628.00
3.727633,904.4989,625.00
3.727633,904.5485,570.00
3.727633,904.5980,654.00
3.727633,904.6477,594.00
3.727633,904.6973,630.00
3.727633,904.7469,592.00
3.727633,904.7964,653.00
3.727633,904.8460,597.00
3.727633,904.8956,593.00
3.727633,904.9452,577.00
3.727633,904.9947,652.00
3.727633,905.0443,582.00
3.727633,905.0938,656.00
3.727633,905.1434,624.00
3.727633,905.1929,610.00
3.727633,905.2424,630.00
3.727633,905.2919,649.00
3.727633,905.3414,590.00
3.727633,905.3910,632.00
3.727633,905.4406,591.00
3.727633,905.4901,657.00
3.727633,905.5396,578.00
3.727633,905.5890,643.00
3.727633,905.6385,640.00
3.727633,905.6880,657.00
3.727633,905.7375,620.00
3.727633,905.7870,663.00
3.727633,905.8364,573.00
3.727633,905.8859,668.00
3.727633,905.9354,624.00
3.727633,905.9848,702.00
3.727633,906.0342,679.00
3.727633,906.0837,666.00
3.727633,906.1331,608.00
3.727633,906.1826,650.00
3.727633,906.2321,611.00
3.727633,906.2814,671.00
3.727633,906.3309,589.00
3.727633,906.3802,678.00
3.727633,906.4297,631.00
3.727633,906.4791,661.00
3.727633,906.5285,621.00
3.727633,906.5779,608.00
3.727633,906.6273,589.00
3.727633,906.6766,659.00
3.727633,906.7260,590.00
3.727633,906.7754,652.00
3.727633,906.8248,592.00
3.727633,906.8741,672.00
3.727633,906.9235,639.00
3.727633,906.9729,647.00
3.727633,907.0222,608.00
3.727633,907.0715,672.00
3.727633,907.1208,604.00
3.727633,907.1702,657.00
3.727633,907.2195,597.00
3.727633,907.2688,638.00
3.727633,907.3181,618.00
3.727633,907.3674,636.00
3.727633,907.4167,640.00
3.727633,907.4660,630.00
3.727633,907.5153,559.00
3.727633,907.5646,651.00
3.727633,907.6139,592.00
3.727633,907.6631,672.00
3.727633,907.7125,615.00
3.727633,907.7617,621.00
3.727633,907.8110,609.00
3.727633,907.8602,658.00
3.727633,907.9094,600.00
3.727633,907.9587,641.00
3.727633,908.0080,560.00
3.727633,908.0572,656.00
3.727633,908.1064,611.00
3.727633,908.1556,652.00
3.727633,908.2048,612.00
3.727633,908.2541,638.00
3.727633,908.3033,646.00
3.727633,908.3524,629.00
3.727633,908.4017,584.00
3.727633,908.4508,614.00
3.727633,908.5000,585.00
3.727633,908.5493,631.00
3.727633,908.5984,620.00
3.727633,908.6475,604.00
3.727633,908.6967,581.00
3.727633,908.7459,628.00
3.727633,908.7950,579.00
3.727633,908.8442,642.00
3.727633,908.8932,586.00
3.727633,908.9424,642.00
3.727633,908.9916,626.00
3.727633,909.0407,651.00
3.727633,909.0898,649.00
3.727633,909.1389,631.00
3.727633,909.1880,617.00
3.727633,909.2372,615.00
3.727633,909.2863,591.00
3.727633,909.3354,670.00
3.727633,909.3845,581.00
3.727633,909.4335,658.00
3.727633,909.4825,629.00
3.727633,909.5317,623.00
3.727633,909.5807,607.00
3.727633,909.6298,636.00
3.727633,909.6789,573.00
3.727633,909.7280,658.00
3.727633,909.7770,569.00
3.727633,909.8260,639.00
3.727633,909.8751,604.00
3.727633,909.9241,628.00
3.727633,909.9731,629.00
3.727633,910.0222,650.00
3.727633,910.0711,631.00
3.727633,910.1201,670.00
3.727633,910.1691,584.00
3.727633,910.2181,662.00
3.727633,910.2672,641.00
3.727633,910.3162,629.00
3.727633,910.3651,611.00
3.727633,910.4141,636.00
3.727633,910.4631,613.00
3.727633,910.5120,634.00
3.727633,910.5610,580.00
3.727633,910.6099,653.00
3.727633,910.6589,598.00
3.727633,910.7078,650.00
3.727633,910.7568,637.00
3.727633,910.8057,654.00
3.727633,910.8546,618.00
3.727633,910.9036,645.00
3.727633,910.9525,633.00
3.727633,911.0013,674.00
3.727633,911.0503,629.00
3.727633,911.0992,653.00
3.727633,911.1481,636.00
3.727633,911.1970,628.00
3.727633,911.2459,641.00
3.727633,911.2948,650.00
3.727633,911.3436,624.00
3.727633,911.3925,638.00
3.727633,911.4414,630.00
3.727633,911.4902,678.00
3.727633,911.5391,631.00
3.727633,911.5880,646.00
3.727633,911.6368,651.00
3.727633,911.6857,635.00
3.727633,911.7344,611.00
3.727633,911.7833,677.00
3.727633,911.8321,611.00
3.727633,911.8809,699.00
3.727633,911.9297,631.00
3.727633,911.9785,695.00
3.727633,912.0273,668.00
3.727633,912.0762,651.00
3.727633,912.1249,639.00
3.727633,912.1737,671.00
3.727633,912.2225,617.00
3.727633,912.2712,662.00
3.727633,912.3201,635.00
3.727633,912.3688,713.00
3.727633,912.4176,651.00
3.727633,912.4663,676.00
3.727633,912.5150,615.00
3.727633,912.5638,657.00
3.727633,912.6125,614.00
3.727633,912.6613,671.00
3.727633,912.7100,610.00
3.727633,912.7587,655.00
3.727633,912.8074,630.00
3.727633,912.8561,685.00
3.727633,912.9048,659.00
3.727633,912.9535,671.00
3.727633,913.0023,605.00
3.727633,913.0510,655.00
3.727633,913.0996,636.00
3.727633,913.1483,759.00
3.727633,913.1969,635.00
3.727633,913.2456,668.00
3.727633,913.2943,685.00
3.727633,913.3430,674.00
3.727633,913.3916,647.00
3.727633,913.4402,675.00
3.727633,913.4888,634.00
3.727633,913.5375,688.00
3.727633,913.5862,637.00
3.727633,913.6348,717.00
3.727633,913.6834,673.00
3.727633,913.7320,675.00
3.727633,913.7806,668.00
3.727633,913.8292,706.00
3.727633,913.8778,618.00
3.727633,913.9264,680.00
3.727633,913.9750,607.00
3.727633,914.0236,718.00
3.727633,914.0721,671.00
3.727633,914.1207,703.00
3.727633,914.1693,640.00
3.727633,914.2178,701.00
3.727633,914.2664,659.00
3.727633,914.3149,691.00
3.727633,914.3635,629.00
3.727633,914.4120,706.00
3.727633,914.4606,660.00
3.727633,914.5090,697.00
3.727633,914.5576,683.00
3.727633,914.6061,712.00
3.727633,914.6546,657.00
3.727633,914.7031,676.00
3.727633,914.7516,646.00
3.727633,914.8001,721.00
3.727633,914.8486,658.00
3.727633,914.8971,724.00
3.727633,914.9456,674.00
3.727633,914.9941,683.00
3.727633,915.0425,658.00
3.727633,915.0910,667.00
3.727633,915.1395,648.00
3.727633,915.1879,723.00
3.727633,915.2363,673.00
3.727633,915.2849,733.00
3.727633,915.3333,639.00
3.727633,915.3817,732.00
3.727633,915.4301,659.00
3.727633,915.4785,682.00
3.727633,915.5269,628.00
3.727633,915.5754,659.00
3.727633,915.6237,654.00
3.727633,915.6721,691.00
3.727633,915.7205,659.00
3.727633,915.7689,712.00
3.727633,915.8173,681.00
3.727633,915.8657,687.00
3.727633,915.9141,637.00
3.727633,915.9623,693.00
3.727633,916.0107,632.00
3.727633,916.0591,702.00
3.727633,916.1075,629.00
3.727633,916.1558,698.00
3.727633,916.2042,668.00
3.727633,916.2524,678.00
3.727633,916.3008,665.00
3.727633,916.3491,670.00
3.727633,916.3974,599.00
3.727633,916.4457,678.00
3.727633,916.4940,629.00
3.727633,916.5423,682.00
3.727633,916.5907,647.00
3.727633,916.6390,683.00
3.727633,916.6872,659.00
3.727633,916.7355,652.00
3.727633,916.7838,623.00
3.727633,916.8320,689.00
3.727633,916.8803,645.00
3.727633,916.9286,703.00
3.727633,916.9768,614.00
3.727633,917.0250,691.00
3.727633,917.0733,676.00
3.727633,917.1216,688.00
3.727633,917.1698,623.00
3.727633,917.2180,633.00
3.727633,917.2662,645.00
3.727633,917.3145,692.00
3.727633,917.3626,652.00
3.727633,917.4109,697.00
3.727633,917.4590,626.00
3.727633,917.5072,688.00
3.727633,917.5554,644.00
3.727633,917.6036,678.00
3.727633,917.6518,630.00
3.727633,917.7000,693.00
3.727633,917.7481,618.00
3.727633,917.7963,692.00
3.727633,917.8444,651.00
3.727633,917.8926,681.00
3.727633,917.9407,658.00
3.727633,917.9888,691.00
3.727633,918.0369,624.00
3.727633,918.0851,705.00
3.727633,918.1332,620.00
3.727633,918.1813,693.00
3.727633,918.2294,643.00
3.727633,918.2776,718.00
3.727633,918.3257,642.00
3.727633,918.3737,648.00
3.727633,918.4218,654.00
3.727633,918.4699,699.00
3.727633,918.5180,641.00
3.727633,918.5660,695.00
3.727633,918.6142,630.00
3.727633,918.6622,695.00
3.727633,918.7103,653.00
3.727633,918.7583,706.00
3.727633,918.8064,667.00
3.727633,918.8544,657.00
3.727633,918.9025,661.00
3.727633,918.9505,724.00
3.727633,918.9985,629.00
3.727633,919.0464,683.00
3.727633,919.0945,678.00
3.727633,919.1426,704.00
3.727633,919.1905,652.00
3.727633,919.2385,674.00
3.727633,919.2866,641.00
3.727633,919.3345,657.00
3.727633,919.3825,620.00
3.727633,919.4304,692.00
3.727633,919.4785,623.00
3.727633,919.5264,678.00
3.727633,919.5744,682.00
3.727633,919.6224,650.00
3.727633,919.6703,658.00
3.727633,919.7182,661.00
3.727633,919.7661,633.00
3.727633,919.8141,687.00
3.727633,919.8620,675.00
3.727633,919.9100,735.00
3.727633,919.9578,660.00
3.727633,920.0057,720.00
3.727633,920.0536,651.00
3.727633,920.1016,673.00
3.727633,920.1495,625.00
3.727633,920.1973,670.00
3.727633,920.2452,612.00
3.727633,920.2932,659.00
3.727633,920.3410,654.00
3.727633,920.3888,682.00
3.727633,920.4367,645.00
3.727633,920.4846,634.00
3.727633,920.5323,621.00
3.727633,920.5803,637.00
3.727633,920.6281,589.00
3.727633,920.6759,686.00
3.727633,920.7237,651.00
3.727633,920.7715,692.00
3.727633,920.8195,652.00
3.727633,920.8672,646.00
3.727633,920.9150,637.00
3.727633,920.9628,657.00
3.727633,921.0106,604.00
3.727633,921.0584,672.00
3.727633,921.1062,591.00
3.727633,921.1540,686.00
3.727633,921.2017,614.00
3.727633,921.2495,634.00
3.727633,921.2973,646.00
3.727633,921.3450,645.00
3.727633,921.3928,591.00
3.727633,921.4405,665.00
3.727633,921.4882,585.00
3.727633,921.5359,675.00
3.727633,921.5837,620.00
3.727633,921.6315,675.00
3.727633,921.6791,632.00
3.727633,921.7269,676.00
3.727633,921.7746,633.00
3.727633,921.8223,606.00
3.727633,921.8700,601.00
3.727633,921.9177,646.00
3.727633,921.9653,630.00
3.727633,922.0130,658.00
3.727633,922.0607,657.00
3.727633,922.1084,642.00
3.727633,922.1561,637.00
3.727633,922.2037,657.00
3.727633,922.2513,629.00
3.727633,922.2990,670.00
3.727633,922.3467,615.00
3.727633,922.3943,668.00
3.727633,922.4419,618.00
3.727633,922.4895,664.00
3.727633,922.5371,643.00
3.727633,922.5848,667.00
3.727633,922.6324,614.00
3.727633,922.6800,669.00
3.727633,922.7276,564.00
3.727633,922.7752,667.00
3.727633,922.8228,649.00
3.727633,922.8704,701.00
3.727633,922.9179,634.00
3.727633,922.9655,684.00
3.727633,923.0130,635.00
3.727633,923.0607,724.00
3.727633,923.1082,624.00
3.727633,923.1558,683.00
3.727633,923.2032,628.00
3.727633,923.2508,647.00
3.727633,923.2983,652.00
3.727633,923.3459,640.00
3.727633,923.3934,637.00
3.727633,923.4409,614.00
3.727633,923.4884,623.00
3.727633,923.5359,644.00
3.727633,923.5834,620.00
3.727633,923.6309,670.00
3.727633,923.6784,665.00
3.727633,923.7259,649.00
3.727633,923.7734,624.00
3.727633,923.8209,630.00
3.727633,923.8683,607.00
3.727633,923.9158,674.00
3.727633,923.9632,634.00
3.727633,924.0106,702.00
3.727633,924.0581,617.00
3.727633,924.1056,669.00
3.727633,924.1530,619.00
3.727633,924.2004,671.00
3.727633,924.2479,615.00
3.727633,924.2952,624.00
3.727633,924.3427,576.00
3.727633,924.3901,699.00
3.727633,924.4375,629.00
3.727633,924.4849,685.00
3.727633,924.5323,656.00
3.727633,924.5797,646.00
3.727633,924.6270,641.00
3.727633,924.6744,702.00
3.727633,924.7218,618.00
3.727633,924.7692,690.00
3.727633,924.8165,613.00
3.727633,924.8639,696.00
3.727633,924.9112,641.00
3.727633,924.9585,681.00
3.727633,925.0059,675.00
3.727633,925.0532,646.00
3.727633,925.1005,628.00
3.727633,925.1478,660.00
3.727633,925.1952,602.00
3.727633,925.2424,673.00
3.727633,925.2897,641.00
3.727633,925.3370,688.00
3.727633,925.3843,656.00
3.727633,925.4316,687.00
3.727633,925.4789,618.00
3.727633,925.5262,662.00
3.727633,925.5734,592.00
3.727633,925.6207,688.00
3.727633,925.6680,639.00
3.727633,925.7153,685.00
3.727633,925.7625,627.00
3.727633,925.8097,656.00
3.727633,925.8569,660.00
3.727633,925.9042,673.00
3.727633,925.9514,616.00
3.727633,925.9987,691.00
3.727633,926.0458,612.00
3.727633,926.0930,688.00
3.727633,926.1403,622.00
3.727633,926.1874,696.00
3.727633,926.2346,651.00
3.727633,926.2819,678.00
3.727633,926.3290,634.00
3.727633,926.3762,673.00
3.727633,926.4233,602.00
3.727633,926.4705,693.00
3.727633,926.5177,669.00
3.727633,926.5648,705.00
3.727633,926.6120,684.00
3.727633,926.6591,705.00
3.727633,926.7063,646.00
3.727633,926.7534,682.00
3.727633,926.8005,620.00
3.727633,926.8477,692.00
3.727633,926.8947,642.00
3.727633,926.9418,709.00
3.727633,926.9890,671.00
3.727633,927.0361,668.00
3.727633,927.0831,650.00
3.727633,927.1302,671.00
3.727633,927.1773,626.00
3.727633,927.2244,723.00
3.727633,927.2715,656.00
3.727633,927.3185,695.00
3.727633,927.3656,665.00
3.727633,927.4126,713.00
3.727633,927.4597,683.00
3.727633,927.5067,704.00
3.727633,927.5538,623.00
3.727633,927.6008,684.00
3.727633,927.6478,650.00
3.727633,927.6949,707.00
3.727633,927.7419,672.00
3.727633,927.7888,685.00
3.727633,927.8358,690.00
3.727633,927.8829,701.00
3.727633,927.9299,643.00
3.727633,927.9769,734.00
3.727633,928.0239,668.00
3.727633,928.0708,705.00
3.727633,928.1177,656.00
3.727633,928.1648,703.00
3.727633,928.2117,685.00
3.727633,928.2587,694.00
3.727633,928.3056,664.00
3.727633,928.3525,678.00
3.727633,928.3995,669.00
3.727633,928.4465,730.00
3.727633,928.4934,671.00
3.727633,928.5402,690.00
3.727633,928.5872,677.00
3.727633,928.6340,732.00
3.727633,928.6810,705.00
3.727633,928.7279,659.00
3.727633,928.7748,675.00
3.727633,928.8217,712.00
3.727633,928.8685,646.00
3.727633,928.9155,686.00
3.727633,928.9623,621.00
3.727633,929.0092,723.00
3.727633,929.0560,650.00
3.727633,929.1028,685.00
3.727633,929.1498,645.00
3.727633,929.1965,672.00
3.727633,929.2434,667.00
3.727633,929.2902,681.00
3.727633,929.3370,644.00
3.727633,929.3839,708.00
3.727633,929.4307,688.00
3.727633,929.4775,669.00
3.727633,929.5243,670.00
3.727633,929.5710,676.00
3.727633,929.6179,664.00
3.727633,929.6647,688.00
3.727633,929.7115,620.00
3.727633,929.7582,669.00
3.727633,929.8050,636.00
3.727633,929.8517,726.00
3.727633,929.8986,638.00
3.727633,929.9453,662.00
3.727633,929.9921,690.00
3.727633,930.0388,714.00
3.727633,930.0854,671.00
3.727633,930.1323,691.00
3.727633,930.1790,621.00
3.727633,930.2256,677.00
3.727633,930.2724,697.00
3.727633,930.3191,679.00
3.727633,930.3658,643.00
3.727633,930.4125,680.00
3.727633,930.4592,650.00
3.727633,930.5059,718.00
3.727633,930.5526,633.00
3.727633,930.5993,679.00
3.727633,930.6459,690.00
3.727633,930.6926,685.00
3.727633,930.7392,667.00
3.727633,930.7859,682.00
3.727633,930.8325,623.00
3.727633,930.8792,693.00
3.727633,930.9258,652.00
3.727633,930.9725,689.00
3.727633,931.0190,663.00
3.727633,931.0657,683.00
3.727633,931.1123,658.00
3.727633,931.1589,658.00
3.727633,931.2055,660.00
3.727633,931.2521,673.00
3.727633,931.2987,629.00
3.727633,931.3453,661.00
3.727633,931.3919,653.00
3.727633,931.4385,702.00
3.727633,931.4850,678.00
3.727633,931.5316,658.00
3.727633,931.5782,634.00
3.727633,931.6248,686.00
3.727633,931.6713,631.00
3.727633,931.7178,711.00
3.727633,931.7643,643.00
3.727633,931.8109,715.00
3.727633,931.8574,637.00
3.727633,931.9039,665.00
3.727633,931.9504,673.00
3.727633,931.9969,681.00
3.727633,932.0435,637.00
3.727633,932.0900,696.00
3.727633,932.1365,640.00
3.727633,932.1829,706.00
3.727633,932.2294,640.00
3.727633,932.2759,680.00
3.727633,932.3223,640.00
3.727633,932.3688,658.00
3.727633,932.4153,651.00
3.727633,932.4617,708.00
3.727633,932.5082,640.00
3.727633,932.5546,712.00
3.727633,932.6011,659.00
3.727633,932.6475,719.00
3.727633,932.6939,694.00
3.727633,932.7402,702.00
3.727633,932.7867,650.00
3.727633,932.8331,691.00
3.727633,932.8795,621.00
3.727633,932.9259,721.00
3.727633,932.9723,625.00
3.727633,933.0187,707.00
3.727633,933.0651,691.00
3.727633,933.1115,698.00
3.727633,933.1578,654.00
3.727633,933.2042,672.00
3.727633,933.2505,647.00
3.727633,933.2969,691.00
3.727633,933.3433,685.00
3.727633,933.3896,717.00
3.727633,933.4359,648.00
3.727633,933.4822,735.00
3.727633,933.5286,649.00
3.727633,933.5749,664.00
3.727633,933.6212,664.00
3.727633,933.6675,680.00
3.727633,933.7138,653.00
3.727633,933.7601,718.00
3.727633,933.8064,662.00
3.727633,933.8527,694.00
3.727633,933.8989,656.00
3.727633,933.9452,692.00
3.727633,933.9915,661.00
3.727633,934.0378,673.00
3.727633,934.0840,653.00
3.727633,934.1302,720.00
3.727633,934.1765,658.00
3.727633,934.2227,720.00
3.727633,934.2690,702.00
3.727633,934.3152,734.00
3.727633,934.3614,686.00
3.727633,934.4077,693.00
3.727633,934.4539,656.00
3.727633,934.5001,713.00
3.727633,934.5463,635.00
3.727633,934.5925,747.00
3.727633,934.6387,692.00
3.727633,934.6848,714.00
3.727633,934.7310,686.00
3.727633,934.7772,697.00
3.727633,934.8234,657.00
3.727633,934.8695,688.00
3.727633,934.9156,677.00
3.727633,934.9619,713.00
3.727633,935.0080,680.00
3.727633,935.0541,706.00
3.727633,935.1002,698.00
3.727633,935.1464,682.00
3.727633,935.1925,680.00
3.727633,935.2386,718.00
3.727633,935.2847,665.00
3.727633,935.3308,715.00
3.727633,935.3769,689.00
3.727633,935.4230,712.00
3.727633,935.4691,685.00
3.727633,935.5152,692.00
3.727633,935.5613,673.00
3.727633,935.6073,708.00
3.727633,935.6534,650.00
3.727633,935.6995,678.00
3.727633,935.7455,622.00
3.727633,935.7916,722.00
3.727633,935.8376,684.00
3.727633,935.8837,705.00
3.727633,935.9297,659.00
3.727633,935.9757,683.00
3.727633,936.0217,663.00
3.727633,936.0677,688.00
3.727633,936.1137,636.00
3.727633,936.1598,689.00
3.727633,936.2057,649.00
3.727633,936.2518,703.00
3.727633,936.2977,696.00
3.727633,936.3437,684.00
3.727633,936.3896,624.00
3.727633,936.4357,670.00
3.727633,936.4816,605.00
3.727633,936.5275,726.00
3.727633,936.5735,642.00
3.727633,936.6194,698.00
3.727633,936.6654,661.00
3.727633,936.7114,668.00
3.727633,936.7573,609.00
3.727633,936.8032,651.00
3.727633,936.8491,585.00
3.727633,936.8950,652.00
3.727633,936.9409,622.00
3.727633,936.9868,688.00
3.727633,937.0327,617.00
3.727633,937.0786,672.00
3.727633,937.1245,648.00
3.727633,937.1704,641.00
3.727633,937.2162,614.00
3.727633,937.2621,676.00
3.727633,937.3080,590.00
3.727633,937.3539,686.00
3.727633,937.3997,628.00
3.727633,937.4455,685.00
3.727633,937.4913,654.00
3.727633,937.5372,665.00
3.727633,937.5831,643.00
3.727633,937.6289,640.00
3.727633,937.6747,636.00
3.727633,937.7205,689.00
3.727633,937.7663,604.00
3.727633,937.8121,705.00
3.727633,937.8579,614.00
3.727633,937.9037,634.00
3.727633,937.9495,646.00
3.727633,937.9952,658.00
3.727633,938.0410,622.00
3.727633,938.0868,677.00
3.727633,938.1325,583.00
3.727633,938.1783,679.00
3.727633,938.2240,633.00
3.727633,938.2698,675.00
3.727633,938.3155,644.00
3.727633,938.3613,651.00
3.727633,938.4069,647.00
3.727633,938.4527,648.00
3.727633,938.4984,631.00
3.727633,938.5441,690.00
3.727633,938.5898,649.00
3.727633,938.6356,693.00
3.727633,938.6812,666.00
3.727633,938.7269,681.00
3.727633,938.7726,647.00
3.727633,938.8182,670.00
3.727633,938.8640,648.00
3.727633,938.9096,681.00
3.727633,938.9552,624.00
3.727633,939.0010,643.00
3.727633,939.0466,679.00
3.727633,939.0922,668.00
3.727633,939.1378,690.00
3.727633,939.1835,714.00
3.727633,939.2291,623.00
3.727633,939.2747,695.00
3.727633,939.3203,640.00
3.727633,939.3659,713.00
3.727633,939.4115,675.00
3.727633,939.4570,711.00
3.727633,939.5027,675.00
3.727633,939.5483,682.00
3.727633,939.5939,622.00
3.727633,939.6395,665.00
3.727633,939.6851,639.00
3.727633,939.7306,723.00
3.727633,939.7761,705.00
3.727633,939.8217,703.00
3.727633,939.8672,670.00
3.727633,939.9127,689.00
3.727633,939.9583,685.00
3.727633,940.0038,724.00
3.727633,940.0493,661.00
3.727633,940.0948,731.00
3.727633,940.1403,658.00
3.727633,940.1859,762.00
3.727633,940.2314,656.00
3.727633,940.2769,714.00
3.727633,940.3223,661.00
3.727633,940.3678,705.00
3.727633,940.4133,655.00
3.727633,940.4588,696.00
3.727633,940.5042,653.00
3.727633,940.5497,738.00
3.727633,940.5952,666.00
3.727633,940.6406,709.00
3.727633,940.6860,686.00
3.727633,940.7315,722.00
3.727633,940.7769,671.00
3.727633,940.8223,711.00
3.727633,940.8677,646.00
3.727633,940.9132,715.00
3.727633,940.9586,689.00
3.727633,941.0040,745.00
3.727633,941.0494,691.00
3.727633,941.0948,709.00
3.727633,941.1402,681.00
3.727633,941.1855,680.00
3.727633,941.2310,644.00
3.727633,941.2762,739.00
3.727633,941.3216,668.00
3.727633,941.3670,714.00
3.727633,941.4124,674.00
3.727633,941.4577,718.00
3.727633,941.5031,647.00
3.727633,941.5483,686.00
3.727633,941.5937,649.00
3.727633,941.6390,687.00
3.727633,941.6843,659.00
3.727633,941.7296,727.00
3.727633,941.7749,665.00
3.727633,941.8203,714.00
3.727633,941.8655,675.00
3.727633,941.9108,679.00
3.727633,941.9561,681.00
3.727633,942.0013,704.00
3.727633,942.0467,655.00
3.727633,942.0920,715.00
3.727633,942.1372,699.00
3.727633,942.1824,708.00
3.727633,942.2277,662.00
3.727633,942.2729,721.00
3.727633,942.3182,663.00
3.727633,942.3634,717.00
3.727633,942.4086,670.00
3.727633,942.4539,689.00
3.727633,942.4990,654.00
3.727633,942.5443,707.00
3.727633,942.5895,684.00
3.727633,942.6347,671.00
3.727633,942.6798,662.00
3.727633,942.7250,681.00
3.727633,942.7702,669.00
3.727633,942.8154,718.00
3.727633,942.8606,623.00
3.727633,942.9058,713.00
3.727633,942.9508,664.00
3.727633,942.9960,668.00
3.727633,943.0412,683.00
3.727633,943.0864,673.00
3.727633,943.1314,656.00
3.727633,943.1766,716.00
3.727633,943.2217,670.00
3.727633,943.2668,717.00
3.727633,943.3120,660.00
3.727633,943.3571,720.00
3.727633,943.4021,696.00
3.727633,943.4473,741.00
3.727633,943.4923,664.00
3.727633,943.5374,710.00
3.727633,943.5825,678.00
3.727633,943.6276,714.00
3.727633,943.6725,634.00
3.727633,943.7177,694.00
3.727633,943.7627,677.00
3.727633,943.8078,687.00
3.727633,943.8528,677.00
3.727633,943.8978,715.00
3.727633,943.9429,645.00
3.727633,943.9879,716.00
3.727633,944.0330,661.00
3.727633,944.0779,742.00
3.727633,944.1229,655.00
3.727633,944.1679,708.00
3.727633,944.2130,684.00
3.727633,944.2579,714.00
3.727633,944.3029,663.00
3.727633,944.3478,665.00
3.727633,944.3929,622.00
3.727633,944.4379,722.00
3.727633,944.4828,675.00
3.727633,944.5277,753.00
3.727633,944.5727,664.00
3.727633,944.6176,697.00
3.727633,944.6626,671.00
3.727633,944.7076,683.00
3.727633,944.7524,624.00
3.727633,944.7974,694.00
3.727633,944.8423,684.00
3.727633,944.8872,717.00
3.727633,944.9321,681.00
3.727633,944.9770,674.00
3.727633,945.0219,689.00
3.727633,945.0667,704.00
3.727633,945.1116,636.00
3.727633,945.1566,678.00
3.727633,945.2014,641.00
3.727633,945.2463,702.00
3.727633,945.2911,648.00
3.727633,945.3360,738.00
3.727633,945.3808,703.00
3.727633,945.4257,714.00
3.727633,945.4705,661.00
3.727633,945.5153,684.00
3.727633,945.5601,629.00
3.727633,945.6050,753.00
3.727633,945.6498,685.00
3.727633,945.6946,664.00
3.727633,945.7394,670.00
3.727633,945.7842,678.00
3.727633,945.8290,660.00
3.727633,945.8738,706.00
3.727633,945.9186,668.00
3.727633,945.9633,697.00
3.727633,946.0081,651.00
3.727633,946.0529,710.00
3.727633,946.0976,681.00
3.727633,946.1423,680.00
3.727633,946.1871,658.00
3.727633,946.2318,717.00
3.727633,946.2766,617.00
3.727633,946.3213,704.00
3.727633,946.3660,642.00
3.727633,946.4107,677.00
3.727633,946.4554,680.00
3.727633,946.5001,692.00
3.727633,946.5449,672.00
3.727633,946.5895,679.00
3.727633,946.6342,654.00
3.727633,946.6789,686.00
3.727633,946.7236,620.00
3.727633,946.7682,688.00
3.727633,946.8129,667.00
3.727633,946.8575,699.00
3.727633,946.9022,657.00
3.727633,946.9468,698.00
3.727633,946.9915,678.00
3.727633,947.0361,685.00
3.727633,947.0807,619.00
3.727633,947.1253,664.00
3.727633,947.1700,603.00
3.727633,947.2146,699.00
3.727633,947.2592,646.00
3.727633,947.3038,713.00
3.727633,947.3483,652.00
3.727633,947.3929,679.00
3.727633,947.4376,631.00
3.727633,947.4821,685.00
3.727633,947.5267,646.00
3.727633,947.5712,700.00
3.727633,947.6158,673.00
3.727633,947.6604,693.00
3.727633,947.7050,684.00
3.727633,947.7495,637.00
3.727633,947.7939,622.00
3.727633,947.8385,688.00
3.727633,947.8831,630.00
3.727633,947.9276,658.00
3.727633,947.9720,646.00
3.727633,948.0166,687.00
3.727633,948.0611,634.00
3.727633,948.1056,657.00
3.727633,948.1501,609.00
3.727633,948.1945,699.00
3.727633,948.2390,649.00
3.727633,948.2835,693.00
3.727633,948.3279,568.00
3.727633,948.3724,646.00
3.727633,948.4169,629.00
3.727633,948.4613,698.00
3.727633,948.5057,626.00
3.727633,948.5502,656.00
3.727633,948.5947,635.00
3.727633,948.6391,692.00
3.727633,948.6835,647.00
3.727633,948.7279,707.00
3.727633,948.7723,668.00
3.727633,948.8167,679.00
3.727633,948.8611,612.00
3.727633,948.9055,655.00
3.727633,948.9498,633.00
3.727633,948.9943,670.00
3.727633,949.0387,643.00
3.727633,949.0830,692.00
3.727633,949.1273,649.00
3.727633,949.1718,678.00
3.727633,949.2161,671.00
3.727633,949.2604,659.00
3.727633,949.3047,640.00
3.727633,949.3491,660.00
3.727633,949.3934,655.00
3.727633,949.4377,673.00
3.727633,949.4821,595.00
3.727633,949.5264,702.00
3.727633,949.5707,674.00
3.727633,949.6150,645.00
3.727633,949.6592,636.00
3.727633,949.7036,671.00
3.727633,949.7479,635.00
3.727633,949.7921,703.00
3.727633,949.8363,632.00
3.727633,949.8806,692.00
3.727633,949.9249,649.00
3.727633,949.9692,685.00
3.727633,950.0134,651.00
3.727633,950.0576,666.00
3.727633,950.1019,672.00
3.727633,950.1461,682.00
3.727633,950.1903,628.00
3.727633,950.2346,693.00
3.727633,950.2787,633.00
3.727633,950.3229,720.00
3.727633,950.3671,647.00
3.727633,950.4114,678.00
3.727633,950.4555,660.00
3.727633,950.4997,674.00
3.727633,950.5439,656.00
3.727633,950.5880,729.00
3.727633,950.6322,601.00
3.727633,950.6763,670.00
3.727633,950.7205,645.00
3.727633,950.7646,664.00
3.727633,950.8088,636.00
3.727633,950.8530,692.00
3.727633,950.8971,645.00
3.727633,950.9412,678.00
3.727633,950.9853,628.00
3.727633,951.0294,700.00
3.727633,951.0735,638.00
3.727633,951.1177,746.00
3.727633,951.1617,685.00
3.727633,951.2057,682.00
3.727633,951.2499,660.00
3.727633,951.2939,671.00
3.727633,951.3380,637.00
3.727633,951.3821,704.00
3.727633,951.4261,639.00
3.727633,951.4702,698.00
3.727633,951.5142,689.00
3.727633,951.5582,694.00
3.727633,951.6024,652.00
3.727633,951.6464,709.00
3.727633,951.6904,659.00
3.727633,951.7344,690.00
3.727633,951.7784,613.00
3.727633,951.8224,702.00
3.727633,951.8665,654.00
3.727633,951.9104,701.00
3.727633,951.9544,671.00
3.727633,951.9984,658.00
3.727633,952.0424,671.00
3.727633,952.0864,685.00
3.727633,952.1303,638.00
3.727633,952.1743,715.00
3.727633,952.2183,653.00
3.727633,952.2621,697.00
3.727633,952.3061,676.00
3.727633,952.3500,679.00
3.727633,952.3940,655.00
3.727633,952.4379,672.00
3.727633,952.4818,614.00
3.727633,952.5258,698.00
3.727633,952.5696,657.00
3.727633,952.6136,719.00
3.727633,952.6574,634.00
3.727633,952.7014,697.00
3.727633,952.7452,635.00
3.727633,952.7891,662.00
3.727633,952.8330,599.00
3.727633,952.8768,679.00
3.727633,952.9207,638.00
3.727633,952.9645,731.00
3.727633,953.0084,625.00
3.727633,953.0522,701.00
3.727633,953.0961,679.00
3.727633,953.1400,671.00
3.727633,953.1838,627.00
3.727633,953.2275,660.00
3.727633,953.2714,648.00
3.727633,953.3152,713.00
3.727633,953.3589,653.00
3.727633,953.4028,711.00
3.727633,953.4466,642.00
3.727633,953.4904,674.00
3.727633,953.5341,682.00
3.727633,953.5779,678.00
3.727633,953.6217,635.00
3.727633,953.6654,687.00
3.727633,953.7092,607.00
3.727633,953.7529,663.00
3.727633,953.7967,633.00
3.727633,953.8405,683.00
3.727633,953.8842,639.00
3.727633,953.9279,631.00
3.727633,953.9716,637.00
3.727633,954.0153,680.00
3.727633,954.0590,599.00
3.727633,954.1027,641.00
3.727633,954.1464,649.00
3.727633,954.1901,660.00
3.727633,954.2338,664.00
3.727633,954.2774,665.00
3.727633,954.3212,634.00
3.727633,954.3648,684.00
3.727633,954.4084,604.00
3.727633,954.4521,652.00
3.727633,954.4958,650.00
3.727633,954.5394,635.00
3.727633,954.5831,650.00
3.727633,954.6267,654.00
3.727633,954.6703,650.00
3.727633,954.7139,639.00
3.727633,954.7576,629.00
3.727633,954.8012,667.00
3.727633,954.8448,599.00
3.727633,954.8884,693.00
3.727633,954.9319,613.00
3.727633,954.9755,696.00
3.727633,955.0191,619.00
3.727633,955.0627,611.00
3.727633,955.1063,582.00
3.727633,955.1498,636.00
3.727633,955.1934,586.00
3.727633,955.2369,643.00
3.727633,955.2805,609.00
3.727633,955.3240,639.00
3.727633,955.3675,666.00
3.727633,955.4111,657.00
3.727633,955.4546,625.00
3.727633,955.4981,676.00
3.727633,955.5416,597.00
3.727633,955.5851,655.00
3.727633,955.6285,602.00
3.727633,955.6722,654.00
3.727633,955.7156,624.00
3.727633,955.7590,650.00
3.727633,955.8025,635.00
3.727633,955.8460,651.00
3.727633,955.8895,629.00
3.727633,955.9329,664.00
3.727633,955.9764,629.00
3.727633,956.0198,665.00
3.727633,956.0632,645.00
3.727633,956.1067,692.00
3.727633,956.1501,654.00
3.727633,956.1935,654.00
3.727633,956.2369,602.00
3.727633,956.2803,642.00
3.727633,956.3238,578.00
3.727633,956.3671,687.00
3.727633,956.4105,625.00
3.727633,956.4539,673.00
3.727633,956.4973,655.00
3.727633,956.5406,621.00
3.727633,956.5841,649.00
3.727633,956.6274,644.00
3.727633,956.6707,580.00
3.727633,956.7141,707.00
3.727633,956.7575,626.00
3.727633,956.8008,672.00
3.727633,956.8442,632.00
3.727633,956.8875,684.00
3.727633,956.9308,641.00
3.727633,956.9741,635.00
3.727633,957.0174,614.00
3.727633,957.0607,674.00
3.727633,957.1040,588.00
3.727633,957.1473,680.00
3.727633,957.1906,625.00
3.727633,957.2339,667.00
3.727633,957.2772,647.00
3.727633,957.3204,674.00
3.727633,957.3636,636.00
3.727633,957.4069,672.00
3.727633,957.4502,623.00
3.727633,957.4934,687.00
3.727633,957.5366,635.00
3.727633,957.5799,684.00
3.727633,957.6230,666.00
3.727633,957.6664,665.00
3.727633,957.7095,657.00
3.727633,957.7527,667.00
3.727633,957.7959,620.00
3.727633,957.8392,681.00
3.727633,957.8823,654.00
3.727633,957.9255,736.00
3.727633,957.9687,649.00
3.727633,958.0118,676.00
3.727633,958.0551,640.00
3.727633,958.0983,697.00
3.727633,958.1414,628.00
3.727633,958.1845,684.00
3.727633,958.2277,656.00
3.727633,958.2708,708.00
3.727633,958.3139,632.00
3.727633,958.3571,680.00
3.727633,958.4001,622.00
3.727633,958.4432,684.00
3.727633,958.4864,616.00
3.727633,958.5295,700.00
3.727633,958.5726,670.00
3.727633,958.6157,685.00
3.727633,958.6588,662.00
3.727633,958.7018,686.00
3.727633,958.7449,626.00
3.727633,958.7879,687.00
3.727633,958.8311,638.00
3.727633,958.8741,683.00
3.727633,958.9171,615.00
3.727633,958.9601,697.00
3.727633,959.0032,639.00
3.727633,959.0463,715.00
3.727633,959.0893,667.00
3.727633,959.1323,675.00
3.727633,959.1752,690.00
3.727633,959.2183,687.00
3.727633,959.2613,643.00
3.727633,959.3043,679.00
3.727633,959.3472,601.00
3.727633,959.3903,695.00
3.727633,959.4332,623.00
3.727633,959.4763,685.00
3.727633,959.5192,617.00
3.727633,959.5621,670.00
3.727633,959.6051,649.00
3.727633,959.6480,683.00
3.727633,959.6910,584.00
3.727633,959.7339,678.00
3.727633,959.7768,627.00
3.727633,959.8198,638.00
3.727633,959.8627,619.00
3.727633,959.9056,648.00
3.727633,959.9485,615.00
3.727633,959.9915,643.00
3.727633,960.0343,565.00
3.727633,960.0771,675.00
3.727633,960.1201,614.00
3.727633,960.1630,671.00
3.727633,960.2058,643.00
3.727633,960.2487,614.00
3.727633,960.2915,645.00
3.727633,960.3344,627.00
3.727633,960.3773,563.00
3.727633,960.4200,659.00
3.727633,960.4629,573.00
3.727633,960.5057,670.00
3.727633,960.5485,603.00
3.727633,960.5914,633.00
3.727633,960.6342,641.00
3.727633,960.6770,628.00
3.727633,960.7198,623.00
3.727633,960.7626,625.00
3.727633,960.8054,590.00
3.727633,960.8481,676.00
3.727633,960.8909,634.00
3.727633,960.9337,659.00
3.727633,960.9764,614.00
3.727633,961.0192,643.00
3.727633,961.0620,582.00
3.727633,961.1047,629.00
3.727633,961.1475,599.00
3.727633,961.1902,647.00
3.727633,961.2329,589.00
3.727633,961.2757,663.00
3.727633,961.3184,650.00
3.727633,961.3611,609.00
3.727633,961.4037,629.00
3.727633,961.4465,662.00
3.727633,961.4892,591.00
3.727633,961.5319,659.00
3.727633,961.5745,584.00
3.727633,961.6172,668.00
3.727633,961.6599,621.00
3.727633,961.7026,655.00
3.727633,961.7452,621.00
3.727633,961.7878,620.00
3.727633,961.8304,640.00
3.727633,961.8731,678.00
3.727633,961.9157,589.00
3.727633,961.9584,638.00
3.727633,962.0010,634.00
3.727633,962.0436,672.00
3.727633,962.0862,635.00
3.727633,962.1288,678.00
3.727633,962.1714,615.00
3.727633,962.2140,647.00
3.727633,962.2565,590.00
3.727633,962.2991,671.00
3.727633,962.3417,593.00
3.727633,962.3843,651.00
3.727633,962.4268,637.00
3.727633,962.4694,661.00
3.727633,962.5119,625.00
3.727633,962.5545,676.00
3.727633,962.5970,609.00
3.727633,962.6396,664.00
3.727633,962.6821,590.00
3.727633,962.7246,706.00
3.727633,962.7671,628.00
3.727633,962.8096,684.00
3.727633,962.8522,626.00
3.727633,962.8947,621.00
3.727633,962.9371,603.00
3.727633,962.9796,650.00
3.727633,963.0222,626.00
3.727633,963.0646,663.00
3.727633,963.1070,608.00
3.727633,963.1495,659.00
3.727633,963.1919,643.00
3.727633,963.2344,627.00
3.727633,963.2768,621.00
3.727633,963.3193,678.00
3.727633,963.3616,601.00
3.727633,963.4041,699.00
3.727633,963.4465,621.00
3.727633,963.4889,686.00
3.727633,963.5314,651.00
3.727633,963.5737,662.00
3.727633,963.6161,641.00
3.727633,963.6585,640.00
3.727633,963.7009,607.00
3.727633,963.7433,653.00
3.727633,963.7856,623.00
3.727633,963.8280,682.00
3.727633,963.8704,616.00
3.727633,963.9127,675.00
3.727633,963.9551,620.00
3.727633,963.9974,639.00
3.727633,964.0397,601.00
3.727633,964.0820,682.00
3.727633,964.1244,615.00
3.727633,964.1667,676.00
3.727633,964.2090,625.00
3.727633,964.2513,682.00
3.727633,964.2936,617.00
3.727633,964.3359,661.00
3.727633,964.3782,620.00
3.727633,964.4205,692.00
3.727633,964.4627,603.00
3.727633,964.5050,664.00
3.727633,964.5472,588.00
3.727633,964.5895,672.00
3.727633,964.6317,626.00
3.727633,964.6740,647.00
3.727633,964.7162,656.00
3.727633,964.7585,638.00
3.727633,964.8007,598.00
3.727633,964.8429,619.00
3.727633,964.8851,585.00
3.727633,964.9273,692.00
3.727633,964.9695,589.00
3.727633,965.0118,653.00
3.727633,965.0539,623.00
3.727633,965.0961,618.00
3.727633,965.1382,664.00
3.727633,965.1805,658.00
3.727633,965.2226,606.00
3.727633,965.2648,671.00
3.727633,965.3069,613.00
3.727633,965.3491,658.00
3.727633,965.3912,641.00
3.727633,965.4333,651.00
3.727633,965.4755,615.00
3.727633,965.5176,640.00
3.727633,965.5598,601.00
3.727633,965.6019,668.00
3.727633,965.6439,627.00
3.727633,965.6861,643.00
3.727633,965.7281,614.00
3.727633,965.7702,632.00
3.727633,965.8123,588.00
3.727633,965.8543,637.00
3.727633,965.8964,569.00
3.727633,965.9385,667.00
3.727633,965.9806,588.00
3.727633,966.0226,652.00
3.727633,966.0647,590.00
3.727633,966.1068,610.00
3.727633,966.1487,631.00
3.727633,966.1907,620.00
3.727633,966.2328,608.00
3.727633,966.2748,671.00
3.727633,966.3168,629.00
3.727633,966.3588,637.00
3.727633,966.4008,586.00
3.727633,966.4427,638.00
3.727633,966.4848,617.00
3.727633,966.5268,636.00
3.727633,966.5688,616.00
3.727633,966.6107,657.00
3.727633,966.6526,597.00
3.727633,966.6946,672.00
3.727633,966.7366,568.00
3.727633,966.7785,664.00
3.727633,966.8204,634.00
3.727633,966.8624,644.00
3.727633,966.9042,642.00
3.727633,966.9462,610.00
3.727633,966.9881,586.00
3.727633,967.0300,621.00
3.727633,967.0719,588.00
3.727633,967.1138,649.00
3.727633,967.1556,601.00
3.727633,967.1976,671.00
3.727633,967.2394,626.00
3.727633,967.2813,622.00
3.727633,967.3232,606.00
3.727633,967.3651,636.00
3.727633,967.4070,559.00
3.727633,967.4488,673.00
3.727633,967.4906,609.00
3.727633,967.5324,663.00
3.727633,967.5743,642.00
3.727633,967.6161,643.00
3.727633,967.6579,594.00
3.727633,967.6997,670.00
3.727633,967.7415,605.00
3.727633,967.7833,667.00
3.727633,967.8251,585.00
3.727633,967.8669,663.00
3.727633,967.9087,645.00
3.727633,967.9504,628.00
3.727633,967.9922,645.00
3.727633,968.0339,660.00
3.727633,968.0757,591.00
3.727633,968.1174,668.00
3.727633,968.1592,600.00
3.727633,968.2009,652.00
3.727633,968.2427,606.00
3.727633,968.2844,669.00
3.727633,968.3262,646.00
3.727633,968.3679,612.00
3.727633,968.4095,634.00
3.727633,968.4512,643.00
3.727633,968.4930,584.00
3.727633,968.5347,681.00
3.727633,968.5763,630.00
3.727633,968.6180,655.00
3.727633,968.6597,605.00
3.727633,968.7014,674.00
3.727633,968.7430,620.00
3.727633,968.7846,661.00
3.727633,968.8263,605.00
3.727633,968.8679,682.00
3.727633,968.9095,609.00
3.727633,968.9512,686.00
3.727633,968.9928,664.00
3.727633,969.0344,646.00
3.727633,969.0761,639.00
3.727633,969.1177,656.00
3.727633,969.1592,605.00
3.727633,969.2009,650.00
3.727633,969.2424,617.00
3.727633,969.2839,665.00
3.727633,969.3255,596.00
3.727633,969.3672,630.00
3.727633,969.4087,627.00
3.727633,969.4503,660.00
3.727633,969.4918,578.00
3.727633,969.5333,624.00
3.727633,969.5749,595.00
3.727633,969.6165,639.00
3.727633,969.6580,600.00
3.727633,969.6995,635.00
3.727633,969.7410,628.00
3.727633,969.7825,629.00
3.727633,969.8240,635.00
3.727633,969.8655,632.00
3.727633,969.9070,593.00
3.727633,969.9484,680.00
3.727633,969.9899,598.00
3.727633,970.0314,623.00
3.727633,970.0728,628.00
3.727633,970.1143,642.00
3.727633,970.1558,650.00
3.727633,970.1971,639.00
3.727633,970.2386,585.00
3.727633,970.2801,628.00
3.727633,970.3215,589.00
3.727633,970.3629,647.00
3.727633,970.4044,607.00
3.727633,970.4457,636.00
3.727633,970.4872,648.00
3.727633,970.5286,626.00
3.727633,970.5699,603.00
3.727633,970.6113,611.00
3.727633,970.6527,568.00
3.727633,970.6941,638.00
3.727633,970.7354,607.00
3.727633,970.7768,599.00
3.727633,970.8182,619.00
3.727633,970.8595,676.00
3.727633,970.9009,637.00
3.727633,970.9422,617.00
3.727633,970.9835,595.00
3.727633,971.0248,639.00
3.727633,971.0662,574.00
3.727633,971.1075,624.00
3.727633,971.1487,596.00
3.727633,971.1901,629.00
3.727633,971.2314,641.00
3.727633,971.2727,617.00
3.727633,971.3140,584.00
3.727633,971.3552,610.00
3.727633,971.3965,560.00
3.727633,971.4377,662.00
3.727633,971.4789,604.00
3.727633,971.5203,616.00
3.727633,971.5615,613.00
3.727633,971.6027,606.00
3.727633,971.6439,579.00
3.727633,971.6852,604.00
3.727633,971.7264,570.00
3.727633,971.7676,660.00
3.727633,971.8088,573.00
3.727633,971.8500,645.00
3.727633,971.8912,620.00
3.727633,971.9324,637.00
3.727633,971.9736,612.00
3.727633,972.0148,608.00
3.727633,972.0560,620.00
3.727633,972.0972,652.00
3.727633,972.1384,570.00
3.727633,972.1794,634.00
3.727633,972.2206,574.00
3.727633,972.2617,588.00
3.727633,972.3029,602.00
3.727633,972.3439,581.00
3.727633,972.3851,593.00
3.727633,972.4262,595.00
3.727633,972.4673,508.00
3.727633,972.5085,661.00
3.727633,972.5496,572.00
3.727633,972.5907,622.00
3.727633,972.6317,583.00
3.727633,972.6729,592.00
3.727633,972.7139,574.00
3.727633,972.7549,632.00
3.727633,972.7961,535.00
3.727633,972.8371,587.00
3.727633,972.8781,558.00
3.727633,972.9191,647.00
3.727633,972.9602,594.00
3.727633,973.0013,619.00
3.727633,973.0423,597.00
3.727633,973.0833,593.00
3.727633,973.1243,541.00
3.727633,973.1653,601.00
3.727633,973.2064,571.00
3.727633,973.2473,628.00
3.727633,973.2883,586.00
3.727633,973.3293,630.00
3.727633,973.3703,570.00
3.727633,973.4113,611.00
3.727633,973.4522,580.00
3.727633,973.4931,597.00
3.727633,973.5341,585.00
3.727633,973.5750,651.00
3.727633,973.6160,595.00
3.727633,973.6570,660.00
3.727633,973.6978,584.00
3.727633,973.7388,602.00
3.727633,973.7797,601.00
3.727633,973.8206,607.00
3.727633,973.8615,586.00
3.727633,973.9024,622.00
3.727633,973.9433,593.00
3.727633,973.9842,660.00
3.727633,974.0250,593.00
3.727633,974.0660,635.00
3.727633,974.1068,625.00
3.727633,974.1476,650.00
3.727633,974.1885,576.00
3.727633,974.2294,626.00
3.727633,974.2702,601.00
3.727633,974.3110,650.00
3.727633,974.3519,613.00
3.727633,974.3927,664.00
3.727633,974.4335,641.00
3.727633,974.4743,624.00
3.727633,974.5151,605.00
3.727633,974.5559,654.00
3.727633,974.5967,588.00
3.727633,974.6375,662.00
3.727633,974.6783,602.00
3.727633,974.7191,664.00
3.727633,974.7598,615.00
3.727633,974.8006,660.00
3.727633,974.8413,609.00
3.727633,974.8821,649.00
3.727633,974.9229,628.00
3.727633,974.9636,673.00
3.727633,975.0043,622.00
3.727633,975.0450,672.00
3.727633,975.0858,612.00
3.727633,975.1265,640.00
3.727633,975.1672,644.00
3.727633,975.2079,645.00
3.727633,975.2485,616.00
3.727633,975.2892,678.00
3.727633,975.3300,620.00
3.727633,975.3706,674.00
3.727633,975.4113,642.00
3.727633,975.4519,700.00
3.727633,975.4926,663.00
3.727633,975.5333,640.00
3.727633,975.5739,599.00
3.727633,975.6146,675.00
3.727633,975.6552,594.00
3.727633,975.6958,649.00
3.727633,975.7363,618.00
3.727633,975.7770,681.00
3.727633,975.8176,627.00
3.727633,975.8582,659.00
3.727633,975.8989,624.00
3.727633,975.9395,619.00
3.727633,975.9800,622.00
3.727633,976.0206,701.00
3.727633,976.0611,583.00
3.727633,976.1017,682.00
3.727633,976.1423,635.00
3.727633,976.1829,653.00
3.727633,976.2234,634.00
3.727633,976.2639,673.00
3.727633,976.3044,627.00
3.727633,976.3450,655.00
3.727633,976.3855,590.00
3.727633,976.4260,645.00
3.727633,976.4665,660.00
3.727633,976.5070,671.00
3.727633,976.5475,629.00
3.727633,976.5880,657.00
3.727633,976.6285,646.00
3.727633,976.6690,660.00
3.727633,976.7095,589.00
3.727633,976.7500,670.00
3.727633,976.7905,610.00
3.727633,976.8308,675.00
3.727633,976.8713,658.00
3.727633,976.9117,630.00
3.727633,976.9521,611.00
3.727633,976.9926,623.00
3.727633,977.0330,589.00
3.727633,977.0734,661.00
3.727633,977.1139,627.00
3.727633,977.1542,665.00
3.727633,977.1947,597.00
3.727633,977.2350,658.00
3.727633,977.2755,616.00
3.727633,977.3158,605.00
3.727633,977.3562,584.00
3.727633,977.3965,654.00
3.727633,977.4370,587.00
3.727633,977.4773,658.00
3.727633,977.5176,578.00
3.727633,977.5579,618.00
3.727633,977.5983,579.00
3.727633,977.6387,611.00
3.727633,977.6790,553.00
3.727633,977.7192,621.00
3.727633,977.7595,579.00
3.727633,977.7999,655.00
3.727633,977.8402,583.00
3.727633,977.8805,590.00
3.727633,977.9208,600.00
3.727633,977.9610,593.00
3.727633,978.0013,587.00
3.727633,978.0417,611.00
3.727633,978.0819,559.00
3.727633,978.1221,614.00
3.727633,978.1624,558.00
3.727633,978.2026,619.00
3.727633,978.2428,557.00
3.727633,978.2831,581.00
3.727633,978.3233,621.00
3.727633,978.3635,593.00
3.727633,978.4037,567.00
3.727633,978.4440,622.00
3.727633,978.4842,558.00
3.727633,978.5244,614.00
3.727633,978.5645,596.00
3.727633,978.6047,605.00
3.727633,978.6449,591.00
3.727633,978.6851,625.00
3.727633,978.7253,549.00
3.727633,978.7654,602.00
3.727633,978.8055,564.00
3.727633,978.8458,597.00
3.727633,978.8859,566.00
3.727633,978.9260,620.00
3.727633,978.9661,573.00
3.727633,979.0062,578.00
3.727633,979.0463,570.00
3.727633,979.0864,591.00
3.727633,979.1266,544.00
3.727633,979.1666,616.00
3.727633,979.2067,573.00
3.727633,979.2469,611.00
3.727633,979.2869,589.00
3.727633,979.3270,624.00
3.727633,979.3671,576.00
3.727633,979.4071,606.00
3.727633,979.4471,557.00
3.727633,979.4871,600.00
3.727633,979.5272,538.00
3.727633,979.5673,594.00
3.727633,979.6072,591.00
3.727633,979.6473,606.00
3.727633,979.6873,586.00
3.727633,979.7273,611.00
3.727633,979.7673,551.00
3.727633,979.8073,579.00
3.727633,979.8473,559.00
3.727633,979.8873,635.00
3.727633,979.9273,557.00
3.727633,979.9673,605.00
3.727633,980.0072,577.00
3.727633,980.0471,581.00
3.727633,980.0872,577.00
3.727633,980.1271,576.00
3.727633,980.1671,554.00
3.727633,980.2069,606.00
3.727633,980.2469,552.00
3.727633,980.2868,596.00
3.727633,980.3267,586.00
3.727633,980.3666,627.00
3.727633,980.4065,595.00
3.727633,980.4464,600.00
3.727633,980.4863,568.00
3.727633,980.5262,603.00
3.727633,980.5660,543.00
3.727633,980.6060,639.00
3.727633,980.6458,602.00
3.727633,980.6857,618.00
3.727633,980.7255,611.00
3.727633,980.7654,615.00
3.727633,980.8052,565.00
3.727633,980.8450,617.00
3.727633,980.8849,541.00
3.727633,980.9247,615.00
3.727633,980.9645,579.00
3.727633,981.0043,630.00
3.727633,981.0441,596.00
3.727633,981.0839,608.00
3.727633,981.1237,583.00
3.727633,981.1635,601.00
3.727633,981.2033,515.00
3.727633,981.2430,620.00
3.727633,981.2828,532.00
3.727633,981.3226,637.00
3.727633,981.3624,580.00
3.727633,981.4021,623.00
3.727633,981.4418,548.00
3.727633,981.4816,612.00
3.727633,981.5213,558.00
3.727633,981.5610,626.00
3.727633,981.6008,555.00
3.727633,981.6404,594.00
3.727633,981.6802,588.00
3.727633,981.7198,589.00
3.727633,981.7596,605.00
3.727633,981.7993,605.00
3.727633,981.8389,545.00
3.727633,981.8786,580.00
3.727633,981.9182,528.00
3.727633,981.9579,604.00
3.727633,981.9976,542.00
3.727633,982.0372,598.00
3.727633,982.0768,532.00
3.727633,982.1165,560.00
3.727633,982.1561,554.00
3.727633,982.1958,601.00
3.727633,982.2354,519.00
3.727633,982.2750,584.00
3.727633,982.3146,530.00
3.727633,982.3541,587.00
3.727633,982.3937,554.00
3.727633,982.4333,585.00
3.727633,982.4730,564.00
3.727633,982.5125,599.00
3.727633,982.5521,537.00
3.727633,982.5917,585.00
3.727633,982.6312,544.00
3.727633,982.6707,606.00
3.727633,982.7103,543.00
3.727633,982.7498,606.00
3.727633,982.7893,542.00
3.727633,982.8289,550.00
3.727633,982.8683,513.00
3.727633,982.9079,557.00
3.727633,982.9474,535.00
3.727633,982.9869,593.00
3.727633,983.0264,527.00
3.727633,983.0659,534.00
3.727633,983.1053,560.00
3.727633,983.1448,577.00
3.727633,983.1843,584.00
3.727633,983.2238,603.00
3.727633,983.2632,545.00
3.727633,983.3027,580.00
3.727633,983.3420,572.00
3.727633,983.3816,594.00
3.727633,983.4210,595.00
3.727633,983.4604,590.00
3.727633,983.4998,552.00
3.727633,983.5392,572.00
3.727633,983.5786,525.00
3.727633,983.6180,565.00
3.727633,983.6574,523.00
3.727633,983.6968,606.00
3.727633,983.7361,572.00
3.727633,983.7755,588.00
3.727633,983.8149,550.00
3.727633,983.8543,575.00
3.727633,983.8936,529.00
3.727633,983.9329,574.00
3.727633,983.9723,522.00
3.727633,984.0116,613.00
3.727633,984.0510,541.00
3.727633,984.0903,628.00
3.727633,984.1296,571.00
3.727633,984.1689,571.00
3.727633,984.2083,588.00
3.727633,984.2476,552.00
3.727633,984.2868,544.00
3.727633,984.3261,605.00
3.727633,984.3654,537.00
3.727633,984.4046,616.00
3.727633,984.4440,544.00
3.727633,984.4832,586.00
3.727633,984.5225,532.00
3.727633,984.5616,564.00
3.727633,984.6010,522.00
3.727633,984.6402,580.00
3.727633,984.6794,523.00
3.727633,984.7186,568.00
3.727633,984.7578,602.00
3.727633,984.7970,607.00
3.727633,984.8362,582.00
3.727633,984.8755,567.00
3.727633,984.9146,568.00
3.727633,984.9538,581.00
3.727633,984.9930,545.00
3.727633,985.0322,601.00
3.727633,985.0714,555.00
3.727633,985.1105,572.00
3.727633,985.1497,544.00
3.727633,985.1888,582.00
3.727633,985.2279,542.00
3.727633,985.2671,575.00
3.727633,985.3062,550.00
3.727633,985.3453,580.00
3.727633,985.3845,535.00
3.727633,985.4236,579.00
3.727633,985.4626,539.00
3.727633,985.5017,579.00
3.727633,985.5408,596.00
3.727633,985.5799,581.00
3.727633,985.6190,521.00
3.727633,985.6581,587.00
3.727633,985.6971,525.00
3.727633,985.7362,594.00
3.727633,985.7752,548.00
3.727633,985.8143,580.00
3.727633,985.8533,561.00
3.727633,985.8924,590.00
3.727633,985.9314,561.00
3.727633,985.9704,574.00
3.727633,986.0094,518.00
3.727633,986.0484,578.00
3.727633,986.0875,537.00
3.727633,986.1265,620.00
3.727633,986.1655,515.00
3.727633,986.2044,549.00
3.727633,986.2434,527.00
3.727633,986.2823,554.00
3.727633,986.3214,524.00
3.727633,986.3603,559.00
3.727633,986.3992,472.00
3.727633,986.4382,569.00
3.727633,986.4771,529.00
3.727633,986.5161,596.00
3.727633,986.5550,563.00
3.727633,986.5939,576.00
3.727633,986.6329,520.00
3.727633,986.6718,562.00
3.727633,986.7106,484.00
3.727633,986.7495,569.00
3.727633,986.7884,578.00
3.727633,986.8273,572.00
3.727633,986.8661,535.00
3.727633,986.9050,580.00
3.727633,986.9438,524.00
3.727633,986.9828,557.00
3.727633,987.0216,502.00
3.727633,987.0605,599.00
3.727633,987.0993,484.00
3.727633,987.1381,602.00
3.727633,987.1769,566.00
3.727633,987.2158,551.00
3.727633,987.2546,537.00
3.727633,987.2934,590.00
3.727633,987.3322,513.00
3.727633,987.3710,551.00
3.727633,987.4097,505.00
3.727633,987.4486,554.00
3.727633,987.4873,503.00
3.727633,987.5261,562.00
3.727633,987.5649,547.00
3.727633,987.6036,530.00
3.727633,987.6423,543.00
3.727633,987.6812,555.00
3.727633,987.7198,489.00
3.727633,987.7586,593.00
3.727633,987.7972,535.00
3.727633,987.8361,557.00
3.727633,987.8748,533.00
3.727633,987.9135,548.00
3.727633,987.9521,534.00
3.727633,987.9908,543.00
3.727633,988.0295,510.00
3.727633,988.0681,556.00
3.727633,988.1069,500.00
3.727633,988.1456,579.00
3.727633,988.1842,553.00
3.727633,988.2228,549.00
3.727633,988.2615,552.00
3.727633,988.3002,552.00
3.727633,988.3388,463.00
3.727633,988.3774,544.00
3.727633,988.4160,502.00
3.727633,988.4546,578.00
3.727633,988.4933,514.00
3.727633,988.5319,539.00
3.727633,988.5704,532.00
3.727633,988.6090,501.00
3.727633,988.6476,483.00
3.727633,988.6862,539.00
3.727633,988.7248,499.00
3.727633,988.7634,588.00
3.727633,988.8019,512.00
3.727633,988.8405,521.00
3.727633,988.8790,521.00
3.727633,988.9176,517.00
3.727633,988.9561,488.00
3.727633,988.9946,550.00
3.727633,989.0332,510.00
3.727633,989.0717,530.00
3.727633,989.1102,512.00
3.727633,989.1487,562.00
3.727633,989.1871,509.00
3.727633,989.2256,543.00
3.727633,989.2641,517.00
3.727633,989.3027,530.00
3.727633,989.3411,529.00
3.727633,989.3795,574.00
3.727633,989.4180,469.00
3.727633,989.4565,592.00
3.727633,989.4949,491.00
3.727633,989.5334,556.00
3.727633,989.5718,525.00
3.727633,989.6102,524.00
3.727633,989.6486,504.00
3.727633,989.6871,537.00
3.727633,989.7255,498.00
3.727633,989.7639,562.00
3.727633,989.8022,490.00
3.727633,989.8407,540.00
3.727633,989.8791,532.00
3.727633,989.9174,561.00
3.727633,989.9558,493.00
3.727633,989.9941,559.00
3.727633,990.0325,472.00
3.727633,990.0709,592.00
3.727633,990.1093,508.00
3.727633,990.1475,568.00
3.727633,990.1859,549.00
3.727633,990.2242,524.00
3.727633,990.2626,504.00
3.727633,990.3008,542.00
3.727633,990.3391,490.00
3.727633,990.3774,574.00
3.727633,990.4157,542.00
3.727633,990.4540,560.00
3.727633,990.4924,507.00
3.727633,990.5306,575.00
3.727633,990.5688,545.00
3.727633,990.6071,537.00
3.727633,990.6454,504.00
3.727633,990.6837,537.00
3.727633,990.7219,477.00
3.727633,990.7601,552.00
3.727633,990.7983,522.00
3.727633,990.8365,572.00
3.727633,990.8748,542.00
3.727633,990.9130,538.00
3.727633,990.9512,532.00
3.727633,990.9893,563.00
3.727633,991.0276,490.00
3.727633,991.0658,543.00
3.727633,991.1039,499.00
3.727633,991.1421,588.00
3.727633,991.1802,545.00
3.727633,991.2184,557.00
3.727633,991.2565,531.00
3.727633,991.2947,537.00
3.727633,991.3329,490.00
3.727633,991.3710,582.00
3.727633,991.4091,526.00
3.727633,991.4473,601.00
3.727633,991.4854,552.00
3.727633,991.5234,595.00
3.727633,991.5616,563.00
3.727633,991.5997,571.00
3.727633,991.6378,548.00
3.727633,991.6758,578.00
3.727633,991.7139,529.00
3.727633,991.7520,583.00
3.727633,991.7900,539.00
3.727633,991.8282,578.00
3.727633,991.8661,527.00
3.727633,991.9042,552.00
3.727633,991.9422,523.00
3.727633,991.9803,565.00
3.727633,992.0182,481.00
3.727633,992.0563,565.00
3.727633,992.0944,500.00
3.727633,992.1323,611.00
3.727633,992.1703,552.00
3.727633,992.2084,578.00
3.727633,992.2463,548.00
3.727633,992.2844,556.00
3.727633,992.3223,501.00
3.727633,992.3602,570.00
3.727633,992.3982,545.00
3.727633,992.4362,600.00
3.727633,992.4741,560.00
3.727633,992.5120,610.00
3.727633,992.5500,553.00
3.727633,992.5879,528.00
3.727633,992.6259,538.00
3.727633,992.6638,596.00
3.727633,992.7017,559.00
3.727633,992.7396,576.00
3.727633,992.7775,554.00
3.727633,992.8154,581.00
3.727633,992.8533,554.00
3.727633,992.8912,533.00
3.727633,992.9290,562.00
3.727633,992.9669,585.00
3.727633,993.0048,550.00
3.727633,993.0426,577.00
3.727633,993.0804,560.00
3.727633,993.1183,599.00
3.727633,993.1561,552.00
3.727633,993.1940,569.00
3.727633,993.2318,582.00
3.727633,993.2696,570.00
3.727633,993.3074,517.00
3.727633,993.3452,580.00
3.727633,993.3830,530.00
3.727633,993.4208,599.00
3.727633,993.4586,523.00
3.727633,993.4963,574.00
3.727633,993.5341,552.00
3.727633,993.5719,517.00
3.727633,993.6096,541.00
3.727633,993.6474,585.00
3.727633,993.6851,501.00
3.727633,993.7228,540.00
3.727633,993.7606,556.00
3.727633,993.7984,576.00
3.727633,993.8361,532.00
3.727633,993.8738,580.00
3.727633,993.9115,550.00
3.727633,993.9492,570.00
3.727633,993.9869,522.00
3.727633,994.0245,598.00
3.727633,994.0622,526.00
3.727633,994.0999,577.00
3.727633,994.1376,527.00
3.727633,994.1753,545.00
3.727633,994.2130,551.00
3.727633,994.2505,553.00
3.727633,994.2881,524.00
3.727633,994.3258,575.00
3.727633,994.3634,532.00
3.727633,994.4010,613.00
3.727633,994.4387,532.00
3.727633,994.4763,558.00
3.727633,994.5139,563.00
3.727633,994.5515,546.00
3.727633,994.5891,510.00
3.727633,994.6266,566.00
3.727633,994.6642,491.00
3.727633,994.7018,543.00
3.727633,994.7393,525.00
3.727633,994.7769,569.00
3.727633,994.8145,533.00
3.727633,994.8521,523.00
3.727633,994.8895,527.00
3.727633,994.9271,540.00
3.727633,994.9647,482.00
3.727633,995.0022,580.00
3.727633,995.0397,481.00
3.727633,995.0771,545.00
3.727633,995.1146,546.00
3.727633,995.1522,519.00
3.727633,995.1896,498.00
3.727633,995.2271,554.00
3.727633,995.2646,476.00
3.727633,995.3021,553.00
3.727633,995.3396,485.00
3.727633,995.3770,565.00
3.727633,995.4145,491.00
3.727633,995.4518,558.00
3.727633,995.4893,530.00
3.727633,995.5267,522.00
3.727633,995.5641,524.00
3.727633,995.6016,509.00
3.727633,995.6390,509.00
3.727633,995.6765,521.00
3.727633,995.7138,493.00
3.727633,995.7512,546.00
3.727633,995.7886,522.00
3.727633,995.8260,524.00
3.727633,995.8633,482.00
3.727633,995.9007,480.00
3.727633,995.9380,473.00
3.727633,995.9754,525.00
3.727633,996.0128,500.00
3.727633,996.0501,527.00
3.727633,996.0874,528.00
3.727633,996.1248,556.00
3.727633,996.1621,524.00
3.727633,996.1994,562.00
3.727633,996.2367,497.00
3.727633,996.2740,536.00
3.727633,996.3113,492.00
3.727633,996.3486,550.00
3.727633,996.3859,529.00
3.727633,996.4232,584.00
3.727633,996.4604,556.00
3.727633,996.4977,526.00
3.727633,996.5350,511.00
3.727633,996.5722,500.00
3.727633,996.6094,496.00
3.727633,996.6466,574.00
3.727633,996.6838,531.00
3.727633,996.7211,557.00
3.727633,996.7583,514.00
3.727633,996.7955,552.00
3.727633,996.8327,531.00
3.727633,996.8700,549.00
3.727633,996.9072,502.00
3.727633,996.9443,563.00
3.727633,996.9815,524.00
3.727633,997.0187,581.00
3.727633,997.0558,530.00
3.727633,997.0930,535.00
3.727633,997.1301,545.00
3.727633,997.1672,572.00
3.727633,997.2045,530.00
3.727633,997.2416,595.00
3.727633,997.2787,477.00
3.727633,997.3158,596.00
3.727633,997.3530,516.00
3.727633,997.3900,531.00
3.727633,997.4271,529.00
3.727633,997.4642,550.00
3.727633,997.5013,536.00
3.727633,997.5384,554.00
3.727633,997.5754,495.00
3.727633,997.6126,592.00
3.727633,997.6497,521.00
3.727633,997.6867,560.00
3.727633,997.7238,521.00
3.727633,997.7607,543.00
3.727633,997.7978,518.00
3.727633,997.8348,580.00
3.727633,997.8718,510.00
3.727633,997.9088,560.00
3.727633,997.9458,531.00
3.727633,997.9829,585.00
3.727633,998.0200,554.00
3.727633,998.0569,561.00
3.727633,998.0939,534.00
3.727633,998.1309,553.00
3.727633,998.1678,504.00
3.727633,998.2048,549.00
3.727633,998.2417,538.00
3.727633,998.2786,621.00
3.727633,998.3156,516.00
3.727633,998.3525,576.00
3.727633,998.3896,534.00
3.727633,998.4265,567.00
3.727633,998.4633,512.00
3.727633,998.5003,572.00
3.727633,998.5372,514.00
3.727633,998.5740,601.00
3.727633,998.6110,521.00
3.727633,998.6478,582.00
3.727633,998.6847,494.00
3.727633,998.7217,581.00
3.727633,998.7585,520.00
3.727633,998.7953,524.00
3.727633,998.8322,497.00
3.727633,998.8691,577.00
3.727633,998.9059,464.00
3.727633,998.9427,584.00
3.727633,998.9795,542.00
3.727633,999.0163,588.00
3.727633,999.0531,520.00
3.727633,999.0899,546.00
3.727633,999.1267,502.00
3.727633,999.1636,553.00
3.727633,999.2004,496.00
3.727633,999.2372,588.00
3.727633,999.2739,523.00
3.727633,999.3107,557.00
3.727633,999.3474,522.00
3.727633,999.3842,534.00
3.727633,999.4210,518.00
3.727633,999.4576,559.00
3.727633,999.4946,484.00
3.727633,999.5312,555.00
3.727633,999.5680,521.00
3.727633,999.6047,541.00
3.727633,999.6414,507.00
3.727633,999.6780,562.00
3.727633,999.7147,495.00
3.727633,999.7515,538.00
3.727633,999.7881,464.00
3.727633,999.8248,543.00
3.727633,999.8614,523.00
3.727633,999.8981,535.00
3.727633,999.9349,541.00
3.727633,999.9715,546.00
3.727633,1000.0081,517.00
3.727633,1000.0447,533.00
3.727633,1000.0814,493.00
3.727633,1000.1180,518.00
3.727633,1000.1546,445.00
3.727633,1000.1912,550.00
3.727633,1000.2278,492.00
3.727633,1000.2645,538.00
3.727633,1000.3011,533.00
3.727633,1000.3377,530.00
3.727633,1000.3742,521.00
3.727633,1000.4108,526.00
3.727633,1000.4474,475.00
3.727633,1000.4839,524.00
3.727633,1000.5204,485.00
3.727633,1000.5570,526.00
3.727633,1000.5935,497.00
3.727633,1000.6301,515.00
3.727633,1000.6667,518.00
3.727633,1000.7032,512.00
3.727633,1000.7397,497.00
3.727633,1000.7762,550.00
3.727633,1000.8127,445.00
3.727633,1000.8492,527.00
3.727633,1000.8857,516.00
3.727633,1000.9222,508.00
3.727633,1000.9586,503.00
3.727633,1000.9951,524.00
3.727633,1001.0316,469.00
3.727633,1001.0681,556.00
3.727633,1001.1046,472.00
3.727633,1001.1410,545.00
3.727633,1001.1774,504.00
3.727633,1001.2138,524.00
3.727633,1001.2502,502.00
3.727633,1001.2866,514.00
3.727633,1001.3230,512.00
3.727633,1001.3594,526.00
3.727633,1001.3958,502.00
3.727633,1001.4323,521.00
3.727633,1001.4687,471.00
3.727633,1001.5051,546.00
3.727633,1001.5414,537.00
3.727633,1001.5778,507.00
3.727633,1001.6141,494.00
3.727633,1001.6505,489.00
3.727633,1001.6868,453.00
3.727633,1001.7231,522.00
3.727633,1001.7596,471.00
3.727633,1001.7958,523.00
3.727633,1001.8322,490.00
3.727633,1001.8685,520.00
3.727633,1001.9048,495.00
3.727633,1001.9411,479.00
3.727633,1001.9774,467.00
3.727633,1002.0136,487.00
3.727633,1002.0499,500.00
3.727633,1002.0862,553.00
3.727633,1002.1224,471.00
3.727633,1002.1587,547.00
3.727633,1002.1951,499.00
3.727633,1002.2313,514.00
3.727633,1002.2675,510.00
3.727633,1002.3038,527.00
3.727633,1002.3400,491.00
3.727633,1002.3762,503.00
3.727633,1002.4124,491.00
3.727633,1002.4486,543.00
3.727633,1002.4848,477.00
3.727633,1002.5211,551.00
3.727633,1002.5573,509.00
3.727633,1002.5934,537.00
3.727633,1002.6296,487.00
3.727633,1002.6657,568.00
3.727633,1002.7019,459.00
3.727633,1002.7380,538.00
3.727633,1002.7742,544.00
3.727633,1002.8104,523.00
3.727633,1002.8464,512.00
3.727633,1002.8826,521.00
3.727633,1002.9187,447.00
3.727633,1002.9549,524.00
3.727633,1002.9910,473.00
3.727633,1003.0271,578.00
3.727633,1003.0632,466.00
3.727633,1003.0992,567.00
3.727633,1003.1354,494.00
3.727633,1003.1714,518.00
3.727633,1003.2075,507.00
3.727633,1003.2435,531.00
3.727633,1003.2797,489.00
3.727633,1003.3157,567.00
3.727633,1003.3518,533.00
3.727633,1003.3878,559.00
3.727633,1003.4238,523.00
3.727633,1003.4598,542.00
3.727633,1003.4958,497.00
3.727633,1003.5319,518.00
3.727633,1003.5678,475.00
3.727633,1003.6039,547.00
3.727633,1003.6398,461.00
3.727633,1003.6759,530.00
3.727633,1003.7119,535.00
3.727633,1003.7479,539.00
3.727633,1003.7838,503.00
3.727633,1003.8198,518.00
3.727633,1003.8557,481.00
3.727633,1003.8917,549.00
3.727633,1003.9276,463.00
3.727633,1003.9635,507.00
3.727633,1003.9995,483.00
3.727633,1004.0354,542.00
3.727633,1004.0714,516.00
3.727633,1004.1072,515.00
3.727633,1004.1431,485.00
3.727633,1004.1790,513.00
3.727633,1004.2149,443.00
3.727633,1004.2508,544.00
3.727633,1004.2866,473.00
3.727633,1004.3225,538.00
3.727633,1004.3583,514.00
3.727633,1004.3942,533.00
3.727633,1004.4302,484.00
3.727633,1004.4660,486.00
3.727633,1004.5018,451.00
3.727633,1004.5376,537.00
3.727633,1004.5734,474.00
3.727633,1004.6093,522.00
3.727633,1004.6450,485.00
3.727633,1004.6808,525.00
3.727633,1004.7166,510.00
3.727633,1004.7525,529.00
3.727633,1004.7883,453.00
3.727633,1004.8240,510.00
3.727633,1004.8598,464.00
3.727633,1004.8956,543.00
3.727633,1004.9313,472.00
3.727633,1004.9670,562.00
3.727633,1005.0027,507.00
3.727633,1005.0385,494.00
3.727633,1005.0742,503.00
3.727633,1005.1099,514.00
3.727633,1005.1456,477.00
3.727633,1005.1815,539.00
3.727633,1005.2172,461.00
3.727633,1005.2529,523.00
3.727633,1005.2885,537.00
3.727633,1005.3242,510.00
3.727633,1005.3599,487.00
3.727633,1005.3955,526.00
3.727633,1005.4312,495.00
3.727633,1005.4669,536.00
3.727633,1005.5026,499.00
3.727633,1005.5382,563.00
3.727633,1005.5739,523.00
3.727633,1005.6095,519.00
3.727633,1005.6451,522.00
3.727633,1005.6807,541.00
3.727633,1005.7162,533.00
3.727633,1005.7519,513.00
3.727633,1005.7875,531.00
3.727633,1005.8231,585.00
3.727633,1005.8586,502.00
3.727633,1005.8942,578.00
3.727633,1005.9299,512.00
3.727633,1005.9655,547.00
3.727633,1006.0010,516.00
3.727633,1006.0365,549.00
3.727633,1006.0720,489.00
3.727633,1006.1076,544.00
3.727633,1006.1431,527.00
3.727633,1006.1786,560.00
3.727633,1006.2141,506.00
3.727633,1006.2498,556.00
3.727633,1006.2853,526.00
3.727633,1006.3207,511.00
3.727633,1006.3563,508.00
3.727633,1006.3917,575.00
3.727633,1006.4272,498.00
3.727633,1006.4626,585.00
3.727633,1006.4981,509.00
3.727633,1006.5335,540.00
3.727633,1006.5690,541.00
3.727633,1006.6044,531.00
3.727633,1006.6400,504.00
3.727633,1006.6754,554.00
3.727633,1006.7108,494.00
3.727633,1006.7462,582.00
3.727633,1006.7816,509.00
3.727633,1006.8170,582.00
3.727633,1006.8524,509.00
3.727633,1006.8878,559.00
3.727633,1006.9232,529.00
3.727633,1006.9586,578.00
3.727633,1006.9940,501.00
3.727633,1007.0294,544.00
3.727633,1007.0648,485.00
3.727633,1007.1001,602.00
3.727633,1007.1354,523.00
3.727633,1007.1707,570.00
3.727633,1007.2061,558.00
3.727633,1007.2414,538.00
3.727633,1007.2767,505.00
3.727633,1007.3120,569.00
3.727633,1007.3473,499.00
3.727633,1007.3827,577.00
3.727633,1007.4180,535.00
3.727633,1007.4532,564.00
3.727633,1007.4885,546.00
3.727633,1007.5238,541.00
3.727633,1007.5590,536.00
3.727633,1007.5943,547.00
3.727633,1007.6295,476.00
3.727633,1007.6648,633.00
3.727633,1007.7001,508.00
3.727633,1007.7354,568.00
3.727633,1007.7706,549.00
3.727633,1007.8058,578.00
3.727633,1007.8410,524.00
3.727633,1007.8762,544.00
3.727633,1007.9114,500.00
3.727633,1007.9465,568.00
3.727633,1007.9818,523.00
3.727633,1008.0169,558.00
3.727633,1008.0521,516.00
3.727633,1008.0873,584.00
3.727633,1008.1226,494.00
3.727633,1008.1576,523.00
3.727633,1008.1927,477.00
3.727633,1008.2279,536.00
3.727633,1008.2631,488.00
3.727633,1008.2982,565.00
3.727633,1008.3333,531.00
3.727633,1008.3683,546.00
3.727633,1008.4034,538.00
3.727633,1008.4387,542.00
3.727633,1008.4738,516.00
3.727633,1008.5089,531.00
3.727633,1008.5439,479.00
3.727633,1008.5790,621.00
3.727633,1008.6141,503.00
3.727633,1008.6491,538.00
3.727633,1008.6841,509.00
3.727633,1008.7192,507.00
3.727633,1008.7542,524.00
3.727633,1008.7892,513.00
3.727633,1008.8243,491.00
3.727633,1008.8594,532.00
3.727633,1008.8943,491.00
3.727633,1008.9294,544.00
3.727633,1008.9644,514.00
3.727633,1008.9994,509.00
3.727633,1009.0344,520.00
3.727633,1009.0693,511.00
3.727633,1009.1043,480.00
3.727633,1009.1392,569.00
3.727633,1009.1743,472.00
3.727633,1009.2093,534.00
3.727633,1009.2442,513.00
3.727633,1009.2792,538.00
3.727633,1009.3141,490.00
3.727633,1009.3489,510.00
3.727633,1009.3839,451.00
3.727633,1009.4188,546.00
3.727633,1009.4537,487.00
3.727633,1009.4886,591.00
3.727633,1009.5235,513.00
3.727633,1009.5585,515.00
3.727633,1009.5933,523.00
3.727633,1009.6282,539.00
3.727633,1009.6631,481.00
3.727633,1009.6979,532.00
3.727633,1009.7327,497.00
3.727633,1009.7676,541.00
3.727633,1009.8024,479.00
3.727633,1009.8372,534.00
3.727633,1009.8721,466.00
3.727633,1009.9070,530.00
3.727633,1009.9418,496.00
3.727633,1009.9766,493.00
3.727633,1010.0115,483.00
3.727633,1010.0462,521.00
3.727633,1010.0810,439.00
3.727633,1010.1158,560.00
3.727633,1010.1505,534.00
3.727633,1010.1853,515.00
3.727633,1010.2200,510.00
3.727633,1010.2548,515.00
3.727633,1010.2897,476.00
3.727633,1010.3244,535.00
3.727633,1010.3591,483.00
3.727633,1010.3938,541.00
3.727633,1010.4285,505.00
3.727633,1010.4633,564.00
3.727633,1010.4980,521.00
3.727633,1010.5326,503.00
3.727633,1010.5673,488.00
3.727633,1010.6021,512.00
3.727633,1010.6368,468.00
3.727633,1010.6714,518.00
3.727633,1010.7061,449.00
3.727633,1010.7408,532.00
3.727633,1010.7754,474.00
3.727633,1010.8101,486.00
3.727633,1010.8447,509.00
3.727633,1010.8793,516.00
3.727633,1010.9139,476.00
3.727633,1010.9485,531.00
3.727633,1010.9832,437.00
3.727633,1011.0178,526.00
3.727633,1011.0525,512.00
3.727633,1011.0870,550.00
3.727633,1011.1216,487.00
3.727633,1011.1562,526.00
3.727633,1011.1907,521.00
3.727633,1011.2253,536.00
3.727633,1011.2599,451.00
3.727633,1011.2944,509.00
3.727633,1011.3291,463.00
3.727633,1011.3636,538.00
3.727633,1011.3981,480.00
3.727633,1011.4326,509.00
3.727633,1011.4672,478.00
3.727633,1011.5016,507.00
3.727633,1011.5362,467.00
3.727633,1011.5706,508.00
3.727633,1011.6052,438.00
3.727633,1011.6396,505.00
3.727633,1011.6741,461.00
3.727633,1011.7086,553.00
3.727633,1011.7431,502.00
3.727633,1011.7776,557.00
3.727633,1011.8120,492.00
3.727633,1011.8465,548.00
3.727633,1011.8809,470.00
3.727633,1011.9153,521.00
3.727633,1011.9498,480.00
3.727633,1011.9842,516.00
3.727633,1012.0186,470.00
3.727633,1012.0531,507.00
3.727633,1012.0875,468.00
3.727633,1012.1219,526.00
3.727633,1012.1562,478.00
3.727633,1012.1906,497.00
3.727633,1012.2250,447.00
3.727633,1012.2593,544.00
3.727633,1012.2937,517.00
3.727633,1012.3281,501.00
3.727633,1012.3624,458.00
3.727633,1012.3967,505.00
3.727633,1012.4310,410.00
3.727633,1012.4655,524.00
3.727633,1012.4998,456.00
3.727633,1012.5341,539.00
3.727633,1012.5684,474.00
3.727633,1012.6027,529.00
3.727633,1012.6370,488.00
3.727633,1012.6712,490.00
3.727633,1012.7055,495.00
3.727633,1012.7398,541.00
3.727633,1012.7742,448.00
3.727633,1012.8084,500.00
3.727633,1012.8427,479.00
3.727633,1012.8769,523.00
3.727633,1012.9111,498.00
3.727633,1012.9454,502.00
3.727633,1012.9796,502.00
3.727633,1013.0138,513.00
3.727633,1013.0480,411.00
3.727633,1013.0822,525.00
3.727633,1013.1164,473.00
3.727633,1013.1506,527.00
3.727633,1013.1848,468.00
3.727633,1013.2190,485.00
3.727633,1013.2532,530.00
3.727633,1013.2873,502.00
3.727633,1013.3215,469.00
3.727633,1013.3556,526.00
3.727633,1013.3898,452.00
3.727633,1013.4239,551.00
3.727633,1013.4581,505.00
3.727633,1013.4923,490.00
3.727633,1013.5264,481.00
3.727633,1013.5605,516.00
3.727633,1013.5946,489.00
3.727633,1013.6287,544.00
3.727633,1013.6627,505.00
3.727633,1013.6968,522.00
3.727633,1013.7309,470.00
3.727633,1013.7650,500.00
3.727633,1013.7990,502.00
3.727633,1013.8331,492.00
3.727633,1013.8672,479.00
3.727633,1013.9012,523.00
3.727633,1013.9353,466.00
3.727633,1013.9693,535.00
3.727633,1014.0033,490.00
3.727633,1014.0374,545.00
3.727633,1014.0714,499.00
3.727633,1014.1053,503.00
3.727633,1014.1393,521.00
3.727633,1014.1734,557.00
3.727633,1014.2074,476.00
3.727633,1014.2413,537.00
3.727633,1014.2753,497.00
3.727633,1014.3093,542.00
3.727633,1014.3433,496.00
3.727633,1014.3772,562.00
3.727633,1014.4111,550.00
3.727633,1014.4451,532.00
3.727633,1014.4790,489.00
3.727633,1014.5129,506.00
3.727633,1014.5468,479.00
3.727633,1014.5808,553.00
3.727633,1014.6147,484.00
3.727633,1014.6486,554.00
3.727633,1014.6825,509.00
3.727633,1014.7164,539.00
3.727633,1014.7502,482.00
3.727633,1014.7841,544.00
3.727633,1014.8180,487.00
3.727633,1014.8518,546.00
3.727633,1014.8858,479.00
3.727633,1014.9196,557.00
3.727633,1014.9534,524.00
3.727633,1014.9872,571.00
3.727633,1015.0211,531.00
3.727633,1015.0549,525.00
3.727633,1015.0887,474.00
3.727633,1015.1224,552.00
3.727633,1015.1562,491.00
3.727633,1015.1900,575.00
3.727633,1015.2238,512.00
3.727633,1015.2575,535.00
3.727633,1015.2914,528.00
3.727633,1015.3252,543.00
3.727633,1015.3589,481.00
3.727633,1015.3927,526.00
3.727633,1015.4265,451.00
3.727633,1015.4601,588.00
3.727633,1015.4938,515.00
3.727633,1015.5276,618.00
3.727633,1015.5613,543.00
3.727633,1015.5952,567.00
3.727633,1015.6288,488.00
3.727633,1015.6625,541.00
3.727633,1015.6962,501.00
3.727633,1015.7299,579.00
3.727633,1015.7635,489.00
3.727633,1015.7972,554.00
3.727633,1015.8308,554.00
3.727633,1015.8645,548.00
3.727633,1015.8981,525.00
3.727633,1015.9317,550.00
3.727633,1015.9655,499.00
3.727633,1015.9991,571.00
3.727633,1016.0327,516.00
3.727633,1016.0663,576.00
3.727633,1016.0999,553.00
3.727633,1016.1335,565.00
3.727633,1016.1671,531.00
3.727633,1016.2006,526.00
3.727633,1016.2342,534.00
3.727633,1016.2679,534.00
3.727633,1016.3015,484.00
3.727633,1016.3350,575.00
3.727633,1016.3686,493.00
3.727633,1016.4021,565.00
3.727633,1016.4357,533.00
3.727633,1016.4691,576.00
3.727633,1016.5027,499.00
3.727633,1016.5362,564.00
3.727633,1016.5696,462.00
3.727633,1016.6032,574.00
3.727633,1016.6367,520.00
3.727633,1016.6703,595.00
3.727633,1016.7038,528.00
3.727633,1016.7372,541.00
3.727633,1016.7707,521.00
3.727633,1016.8041,560.00
3.727633,1016.8376,533.00
3.727633,1016.8710,542.00
3.727633,1016.9045,492.00
3.727633,1016.9379,564.00
3.727633,1016.9715,524.00
3.727633,1017.0049,550.00
3.727633,1017.0383,573.00
3.727633,1017.0717,518.00
3.727633,1017.1050,504.00
3.727633,1017.1384,534.00
3.727633,1017.1718,485.00
3.727633,1017.2052,554.00
3.727633,1017.2386,493.00
3.727633,1017.2720,526.00
3.727633,1017.3053,573.00
3.727633,1017.3387,554.00
3.727633,1017.3721,503.00
3.727633,1017.4054,554.00
3.727633,1017.4388,505.00
3.727633,1017.4721,558.00
3.727633,1017.5054,517.00
3.727633,1017.5387,563.00
3.727633,1017.5720,551.00
3.727633,1017.6053,548.00
3.727633,1017.6386,559.00
3.727633,1017.6720,554.00
3.727633,1017.7053,521.00
3.727633,1017.7385,561.00
3.727633,1017.7717,510.00
3.727633,1017.8051,569.00
3.727633,1017.8383,545.00
3.727633,1017.8715,604.00
3.727633,1017.9048,584.00
3.727633,1017.9380,545.00
3.727633,1017.9712,532.00
3.727633,1018.0044,584.00
3.727633,1018.0376,496.00
3.727633,1018.0709,588.00
3.727633,1018.1041,534.00
3.727633,1018.1373,604.00
3.727633,1018.1705,560.00
3.727633,1018.2037,554.00
3.727633,1018.2368,516.00
3.727633,1018.2700,553.00
3.727633,1018.3032,538.00
3.727633,1018.3363,562.00
3.727633,1018.3695,527.00
3.727633,1018.4026,618.00
3.727633,1018.4358,570.00
3.727633,1018.4689,549.00
3.727633,1018.5020,583.00
3.727633,1018.5352,575.00
3.727633,1018.5682,515.00
3.727633,1018.6013,561.00
3.727633,1018.6343,518.00
3.727633,1018.6675,603.00
3.727633,1018.7006,519.00
3.727633,1018.7337,583.00
3.727633,1018.7668,574.00
3.727633,1018.7998,559.00
3.727633,1018.8328,541.00
3.727633,1018.8658,555.00
3.727633,1018.8989,543.00
3.727633,1018.9319,591.00
3.727633,1018.9650,535.00
3.727633,1018.9980,598.00
3.727633,1019.0311,563.00
3.727633,1019.0641,629.00
3.727633,1019.0970,529.00
3.727633,1019.1301,587.00
3.727633,1019.1631,523.00
3.727633,1019.1960,589.00
3.727633,1019.2289,506.00
3.727633,1019.2618,586.00
3.727633,1019.2949,537.00
3.727633,1019.3278,569.00
3.727633,1019.3607,550.00
3.727633,1019.3936,535.00
3.727633,1019.4268,477.00
3.727633,1019.4596,590.00
3.727633,1019.4925,498.00
3.727633,1019.5255,563.00
3.727633,1019.5583,537.00
3.727633,1019.5912,574.00
3.727633,1019.6240,547.00
3.727633,1019.6569,585.00
3.727633,1019.6898,551.00
3.727633,1019.7227,542.00
3.727633,1019.7556,475.00
3.727633,1019.7885,585.00
3.727633,1019.8213,516.00
3.727633,1019.8541,583.00
3.727633,1019.8870,513.00
3.727633,1019.9198,531.00
3.727633,1019.9525,542.00
3.727633,1019.9854,550.00
3.727633,1020.0182,543.00
3.727633,1020.0509,572.00
3.727633,1020.0837,503.00
3.727633,1020.1167,553.00
3.727633,1020.1494,547.00
3.727633,1020.1823,547.00
3.727633,1020.2149,526.00
3.727633,1020.2477,521.00
3.727633,1020.2805,496.00
3.727633,1020.3132,535.00
3.727633,1020.3459,527.00
3.727633,1020.3787,599.00
3.727633,1020.4114,502.00
3.727633,1020.4442,570.00
3.727633,1020.4768,533.00
3.727633,1020.5096,545.00
3.727633,1020.5423,521.00
3.727633,1020.5750,563.00
3.727633,1020.6077,491.00
3.727633,1020.6403,572.00
3.727633,1020.6730,502.00
3.727633,1020.7055,572.00
3.727633,1020.7382,551.00
3.727633,1020.7709,541.00
3.727633,1020.8036,494.00
3.727633,1020.8363,529.00
3.727633,1020.8688,476.00
3.727633,1020.9015,555.00
3.727633,1020.9341,496.00
3.727633,1020.9667,565.00
3.727633,1020.9993,516.00
3.727633,1021.0319,522.00
3.727633,1021.0645,537.00
3.727633,1021.0971,556.00
3.727633,1021.1298,486.00
3.727633,1021.1623,546.00
3.727633,1021.1948,481.00
3.727633,1021.2273,604.00
3.727633,1021.2599,492.00
3.727633,1021.2924,525.00
3.727633,1021.3250,509.00
3.727633,1021.3574,518.00
3.727633,1021.3900,514.00
3.727633,1021.4224,528.00
3.727633,1021.4550,452.00
3.727633,1021.4875,512.00
3.727633,1021.5200,493.00
3.727633,1021.5525,553.00
3.727633,1021.5850,510.00
3.727633,1021.6175,522.00
3.727633,1021.6500,486.00
3.727633,1021.6823,538.00
3.727633,1021.7148,492.00
3.727633,1021.7474,569.00
3.727633,1021.7797,511.00
3.727633,1021.8122,535.00
3.727633,1021.8445,555.00
3.727633,1021.8770,584.00
3.727633,1021.9095,530.00
3.727633,1021.9418,525.00
3.727633,1021.9741,481.00
3.727633,1022.0066,495.00
3.727633,1022.0389,498.00
3.727633,1022.0713,569.00
3.727633,1022.1037,484.00
3.727633,1022.1362,634.00
3.727633,1022.1685,549.00
3.727633,1022.2008,549.00
3.727633,1022.2332,498.00
3.727633,1022.2654,562.00
3.727633,1022.2977,513.00
3.727633,1022.3301,576.00
3.727633,1022.3624,480.00
3.727633,1022.3947,563.00
3.727633,1022.4271,505.00
3.727633,1022.4594,520.00
3.727633,1022.4917,534.00
3.727633,1022.5239,592.00
3.727633,1022.5562,529.00
3.727633,1022.5885,564.00
3.727633,1022.6207,526.00
3.727633,1022.6530,585.00
3.727633,1022.6852,526.00
3.727633,1022.7174,558.00
3.727633,1022.7497,520.00
3.727633,1022.7819,555.00
3.727633,1022.8142,492.00
3.727633,1022.8464,559.00
3.727633,1022.8785,499.00
3.727633,1022.9108,574.00
3.727633,1022.9429,519.00
3.727633,1022.9751,552.00
3.727633,1023.0073,535.00
3.727633,1023.0394,521.00
3.727633,1023.0717,509.00
3.727633,1023.1039,561.00
3.727633,1023.1360,506.00
3.727633,1023.1682,559.00
3.727633,1023.2003,514.00
3.727633,1023.2324,554.00
3.727633,1023.2644,522.00
3.727633,1023.2966,553.00
3.727633,1023.3287,485.00
3.727633,1023.3608,527.00
3.727633,1023.3929,525.00
3.727633,1023.4249,527.00
3.727633,1023.4570,486.00
3.727633,1023.4893,562.00
3.727633,1023.5212,485.00
3.727633,1023.5533,508.00
3.727633,1023.5853,515.00
3.727633,1023.6174,513.00
3.727633,1023.6494,495.00
3.727633,1023.6813,552.00
3.727633,1023.7134,454.00
3.727633,1023.7454,537.00
3.727633,1023.7775,534.00
3.727633,1023.8096,529.00
3.727633,1023.8416,504.00
3.727633,1023.8735,509.00
3.727633,1023.9055,492.00
3.727633,1023.9374,495.00
3.727633,1023.9694,478.00
3.727633,1024.0013,552.00
3.727633,1024.0333,508.00
3.727633,1024.0652,546.00
3.727633,1024.0972,511.00
3.727633,1024.1293,533.00
3.727633,1024.1611,498.00
3.727633,1024.1931,532.00
3.727633,1024.2250,481.00
3.727633,1024.2568,549.00
3.727633,1024.2888,482.00
3.727633,1024.3206,523.00
3.727633,1024.3525,496.00
3.727633,1024.3843,516.00
3.727633,1024.4164,464.00
3.727633,1024.4481,517.00
3.727633,1024.4801,473.00
3.727633,1024.5118,504.00
3.727633,1024.5438,490.00
3.727633,1024.5756,548.00
3.727633,1024.6074,498.00
3.727633,1024.6393,532.00
3.727633,1024.6710,544.00
3.727633,1024.7029,495.00
3.727633,1024.7346,484.00
3.727633,1024.7664,527.00
3.727633,1024.7982,488.00
3.727633,1024.8301,554.00
3.727633,1024.8618,487.00
3.727633,1024.8936,540.00
3.727633,1024.9253,491.00
3.727633,1024.9572,536.00
3.727633,1024.9889,517.00
3.727633,1025.0206,517.00
3.727633,1025.0522,482.00
3.727633,1025.0841,561.00
3.727633,1025.1158,468.00
3.727633,1025.1475,510.00
3.727633,1025.1792,506.00
3.727633,1025.2109,523.00
3.727633,1025.2426,488.00
3.727633,1025.2743,530.00
3.727633,1025.3059,485.00
3.727633,1025.3376,537.00
3.727633,1025.3693,479.00
3.727633,1025.4009,558.00
3.727633,1025.4326,519.00
3.727633,1025.4644,548.00
3.727633,1025.4960,520.00
3.727633,1025.5276,553.00
3.727633,1025.5592,535.00
3.727633,1025.5908,523.00
3.727633,1025.6224,486.00
3.727633,1025.6541,560.00
3.727633,1025.6857,538.00
3.727633,1025.7172,589.00
3.727633,1025.7489,541.00
3.727633,1025.7804,579.00
3.727633,1025.8120,550.00
3.727633,1025.8435,527.00
3.727633,1025.8751,556.00
3.727633,1025.9066,580.00
3.727633,1025.9381,513.00
3.727633,1025.9697,571.00
3.727633,1026.0012,533.00
3.727633,1026.0327,558.00
3.727633,1026.0642,522.00
