# Point:,55
# Setpoint:,2.8
# Voltage_V:,2.8
# Current_A:,0.07482
# Spectrum_Time_s:,8.512490
# Step_Start_s:,8.491117
# Step_End_s:,8.588517
# Spectrum_Duration_ms:,12.763
# Peak_Wavelength_nm:,940.19
# Peak_Intensity:,761.0
# Avg_Intensity:,610.4
# Num_Pixels:,4094
# NOTE: All wavelengths are captured simultaneously in one CCD exposure
#       The Relative_Time_s column shows when this entire spectrum was acquired

Relative_Time_s,Wavelength_nm,Intensity
8.512490,845.4307,590.00
8.512490,845.4858,495.00
8.512490,845.5410,576.00
8.512490,845.5963,535.00
8.512490,845.6514,583.00
8.512490,845.7065,513.00
8.512490,845.7617,551.00
8.512490,845.8168,500.00
8.512490,845.8721,545.00
8.512490,845.9272,487.00
8.512490,845.9823,558.00
8.512490,846.0374,537.00
8.512490,846.0926,518.00
8.512490,846.1478,526.00
8.512490,846.2029,543.00
8.512490,846.2579,483.00
8.512490,846.3130,560.00
8.512490,846.3682,451.00
8.512490,846.4233,571.00
8.512490,846.4784,513.00
8.512490,846.5335,589.00
8.512490,846.5886,546.00
8.512490,846.6437,545.00
8.512490,846.6987,531.00
8.512490,846.7538,584.00
8.512490,846.8089,478.00
8.512490,846.8640,563.00
8.512490,846.9190,502.00
8.512490,846.9741,571.00
8.512490,847.0292,536.00
8.512490,847.0842,539.00
8.512490,847.1392,527.00
8.512490,847.1943,565.00
8.512490,847.2493,507.00
8.512490,847.3044,586.00
8.512490,847.3594,519.00
8.512490,847.4144,589.00
8.512490,847.4694,550.00
8.512490,847.5244,561.00
8.512490,847.5795,527.00
8.512490,847.6345,571.00
8.512490,847.6895,506.00
8.512490,847.7444,585.00
8.512490,847.7994,514.00
8.512490,847.8544,607.00
8.512490,847.9094,545.00
8.512490,847.9644,597.00
8.512490,848.0193,540.00
8.512490,848.0743,583.00
8.512490,848.1293,537.00
8.512490,848.1843,602.00
8.512490,848.2392,556.00
8.512490,848.2941,610.00
8.512490,848.3491,571.00
8.512490,848.4040,602.00
8.512490,848.4590,551.00
8.512490,848.5139,558.00
8.512490,848.5688,541.00
8.512490,848.6237,593.00
8.512490,848.6786,535.00
8.512490,848.7336,629.00
8.512490,848.7885,565.00
8.512490,848.8434,618.00
8.512490,848.8983,572.00
8.512490,848.9531,597.00
8.512490,849.0081,574.00
8.512490,849.0630,598.00
8.512490,849.1178,523.00
8.512490,849.1727,592.00
8.512490,849.2275,560.00
8.512490,849.2823,649.00
8.512490,849.3373,531.00
8.512490,849.3921,585.00
8.512490,849.4470,564.00
8.512490,849.5018,548.00
8.512490,849.5566,534.00
8.512490,849.6115,597.00
8.512490,849.6663,542.00
8.512490,849.7211,594.00
8.512490,849.7759,556.00
8.512490,849.8307,633.00
8.512490,849.8856,590.00
8.512490,849.9404,603.00
8.512490,849.9952,559.00
8.512490,850.0500,610.00
8.512490,850.1048,526.00
8.512490,850.1596,615.00
8.512490,850.2144,551.00
8.512490,850.2692,637.00
8.512490,850.3239,569.00
8.512490,850.3787,585.00
8.512490,850.4335,585.00
8.512490,850.4882,597.00
8.512490,850.5430,572.00
8.512490,850.5977,626.00
8.512490,850.6525,522.00
8.512490,850.7072,616.00
8.512490,850.7620,584.00
8.512490,850.8167,638.00
8.512490,850.8715,589.00
8.512490,850.9261,583.00
8.512490,850.9808,530.00
8.512490,851.0356,588.00
8.512490,851.0903,587.00
8.512490,851.1450,632.00
8.512490,851.1996,585.00
8.512490,851.2543,631.00
8.512490,851.3091,594.00
8.512490,851.3638,615.00
8.512490,851.4185,566.00
8.512490,851.4731,644.00
8.512490,851.5278,569.00
8.512490,851.5825,657.00
8.512490,851.6371,599.00
8.512490,851.6918,675.00
8.512490,851.7465,618.00
8.512490,851.8011,644.00
8.512490,851.8558,596.00
8.512490,851.9103,619.00
8.512490,851.9650,565.00
8.512490,852.0196,675.00
8.512490,852.0742,602.00
8.512490,852.1289,636.00
8.512490,852.1835,603.00
8.512490,852.2381,678.00
8.512490,852.2927,639.00
8.512490,852.3473,637.00
8.512490,852.4019,630.00
8.512490,852.4565,687.00
8.512490,852.5111,629.00
8.512490,852.5657,653.00
8.512490,852.6202,626.00
8.512490,852.6747,653.00
8.512490,852.7294,629.00
8.512490,852.7839,656.00
8.512490,852.8385,632.00
8.512490,852.8930,665.00
8.512490,852.9476,620.00
8.512490,853.0022,704.00
8.512490,853.0567,612.00
8.512490,853.1112,706.00
8.512490,853.1658,666.00
8.512490,853.2203,672.00
8.512490,853.2748,658.00
8.512490,853.3293,698.00
8.512490,853.3838,623.00
8.512490,853.4383,679.00
8.512490,853.4928,608.00
8.512490,853.5474,693.00
8.512490,853.6019,679.00
8.512490,853.6563,715.00
8.512490,853.7108,659.00
8.512490,853.7653,672.00
8.512490,853.8198,654.00
8.512490,853.8742,679.00
8.512490,853.9286,659.00
8.512490,853.9832,681.00
8.512490,854.0376,646.00
8.512490,854.0920,699.00
8.512490,854.1465,691.00
8.512490,854.2010,655.00
8.512490,854.2554,630.00
8.512490,854.3098,677.00
8.512490,854.3642,609.00
8.512490,854.4186,695.00
8.512490,854.4731,615.00
8.512490,854.5275,703.00
8.512490,854.5819,636.00
8.512490,854.6363,698.00
8.512490,854.6907,705.00
8.512490,854.7451,665.00
8.512490,854.7994,615.00
8.512490,854.8538,676.00
8.512490,854.9082,657.00
8.512490,854.9626,712.00
8.512490,855.0170,630.00
8.512490,855.0714,703.00
8.512490,855.1257,652.00
8.512490,855.1800,660.00
8.512490,855.2344,666.00
8.512490,855.2888,679.00
8.512490,855.3431,617.00
8.512490,855.3975,654.00
8.512490,855.4518,610.00
8.512490,855.5060,709.00
8.512490,855.5604,633.00
8.512490,855.6147,670.00
8.512490,855.6691,641.00
8.512490,855.7233,669.00
8.512490,855.7776,608.00
8.512490,855.8320,706.00
8.512490,855.8862,613.00
8.512490,855.9406,698.00
8.512490,855.9948,658.00
8.512490,856.0491,694.00
8.512490,856.1035,663.00
8.512490,856.1577,676.00
8.512490,856.2119,641.00
8.512490,856.2662,673.00
8.512490,856.3204,607.00
8.512490,856.3748,717.00
8.512490,856.4290,626.00
8.512490,856.4832,692.00
8.512490,856.5374,678.00
8.512490,856.5916,691.00
8.512490,856.6459,638.00
8.512490,856.7001,703.00
8.512490,856.7543,648.00
8.512490,856.8085,675.00
8.512490,856.8627,659.00
8.512490,856.9169,727.00
8.512490,856.9712,649.00
8.512490,857.0253,660.00
8.512490,857.0795,643.00
8.512490,857.1337,669.00
8.512490,857.1879,631.00
8.512490,857.2421,692.00
8.512490,857.2962,654.00
8.512490,857.3504,741.00
8.512490,857.4045,676.00
8.512490,857.4587,673.00
8.512490,857.5129,688.00
8.512490,857.5670,675.00
8.512490,857.6212,624.00
8.512490,857.6753,728.00
8.512490,857.7294,640.00
8.512490,857.7836,702.00
8.512490,857.8377,665.00
8.512490,857.8918,702.00
8.512490,857.9459,668.00
8.512490,858.0000,674.00
8.512490,858.0541,643.00
8.512490,858.1082,720.00
8.512490,858.1624,641.00
8.512490,858.2164,724.00
8.512490,858.2704,655.00
8.512490,858.3245,687.00
8.512490,858.3787,684.00
8.512490,858.4327,688.00
8.512490,858.4868,640.00
8.512490,858.5408,677.00
8.512490,858.5949,639.00
8.512490,858.6489,680.00
8.512490,858.7030,646.00
8.512490,858.7570,700.00
8.512490,858.8110,690.00
8.512490,858.8651,719.00
8.512490,858.9192,684.00
8.512490,858.9732,713.00
8.512490,859.0272,654.00
8.512490,859.0812,725.00
8.512490,859.1352,625.00
8.512490,859.1892,700.00
8.512490,859.2432,654.00
8.512490,859.2972,687.00
8.512490,859.3512,696.00
8.512490,859.4052,672.00
8.512490,859.4592,652.00
8.512490,859.5132,673.00
8.512490,859.5671,631.00
8.512490,859.6210,684.00
8.512490,859.6750,644.00
8.512490,859.7289,682.00
8.512490,859.7830,620.00
8.512490,859.8369,659.00
8.512490,859.8908,640.00
8.512490,859.9447,624.00
8.512490,859.9987,625.00
8.512490,860.0527,698.00
8.512490,860.1065,627.00
8.512490,860.1605,692.00
8.512490,860.2144,662.00
8.512490,860.2682,674.00
8.512490,860.3222,659.00
8.512490,860.3761,693.00
8.512490,860.4299,624.00
8.512490,860.4838,661.00
8.512490,860.5377,575.00
8.512490,860.5916,677.00
8.512490,860.6455,632.00
8.512490,860.6993,698.00
8.512490,860.7532,648.00
8.512490,860.8071,671.00
8.512490,860.8610,638.00
8.512490,860.9148,646.00
8.512490,860.9687,599.00
8.512490,861.0225,672.00
8.512490,861.0763,645.00
8.512490,861.1301,655.00
8.512490,861.1840,629.00
8.512490,861.2378,657.00
8.512490,861.2916,632.00
8.512490,861.3454,674.00
8.512490,861.3992,615.00
8.512490,861.4531,666.00
8.512490,861.5068,572.00
8.512490,861.5606,680.00
8.512490,861.6144,609.00
8.512490,861.6682,641.00
8.512490,861.7220,597.00
8.512490,861.7758,630.00
8.512490,861.8295,618.00
8.512490,861.8833,662.00
8.512490,861.9370,606.00
8.512490,861.9908,696.00
8.512490,862.0446,627.00
8.512490,862.0983,673.00
8.512490,862.1520,607.00
8.512490,862.2057,629.00
8.512490,862.2595,644.00
8.512490,862.3132,659.00
8.512490,862.3669,598.00
8.512490,862.4206,647.00
8.512490,862.4744,588.00
8.512490,862.5281,668.00
8.512490,862.5818,625.00
8.512490,862.6355,689.00
8.512490,862.6891,649.00
8.512490,862.7429,672.00
8.512490,862.7966,656.00
8.512490,862.8502,646.00
8.512490,862.9039,594.00
8.512490,862.9575,676.00
8.512490,863.0112,628.00
8.512490,863.0648,640.00
8.512490,863.1185,627.00
8.512490,863.1722,665.00
8.512490,863.2258,586.00
8.512490,863.2794,648.00
8.512490,863.3330,616.00
8.512490,863.3867,665.00
8.512490,863.4403,598.00
8.512490,863.4940,635.00
8.512490,863.5475,644.00
8.512490,863.6011,632.00
8.512490,863.6548,612.00
8.512490,863.7084,637.00
8.512490,863.7620,617.00
8.512490,863.8156,654.00
8.512490,863.8691,606.00
8.512490,863.9228,654.00
8.512490,863.9763,622.00
8.512490,864.0299,672.00
8.512490,864.0834,653.00
8.512490,864.1370,635.00
8.512490,864.1906,605.00
8.512490,864.2441,657.00
8.512490,864.2977,596.00
8.512490,864.3512,686.00
8.512490,864.4047,617.00
8.512490,864.4583,664.00
8.512490,864.5118,614.00
8.512490,864.5653,632.00
8.512490,864.6189,609.00
8.512490,864.6724,640.00
8.512490,864.7258,614.00
8.512490,864.7794,629.00
8.512490,864.8329,620.00
8.512490,864.8864,658.00
8.512490,864.9398,638.00
8.512490,864.9933,657.00
8.512490,865.0469,596.00
8.512490,865.1003,632.00
8.512490,865.1538,619.00
8.512490,865.2072,633.00
8.512490,865.2607,636.00
8.512490,865.3142,658.00
8.512490,865.3676,646.00
8.512490,865.4211,651.00
8.512490,865.4745,612.00
8.512490,865.5279,620.00
8.512490,865.5814,603.00
8.512490,865.6348,687.00
8.512490,865.6882,615.00
8.512490,865.7416,674.00
8.512490,865.7950,662.00
8.512490,865.8484,653.00
8.512490,865.9019,613.00
8.512490,865.9552,627.00
8.512490,866.0087,647.00
8.512490,866.0620,631.00
8.512490,866.1154,624.00
8.512490,866.1688,690.00
8.512490,866.2222,613.00
8.512490,866.2755,649.00
8.512490,866.3289,673.00
8.512490,866.3822,686.00
8.512490,866.4356,651.00
8.512490,866.4890,646.00
8.512490,866.5423,636.00
8.512490,866.5956,656.00
8.512490,866.6489,593.00
8.512490,866.7023,669.00
8.512490,866.7556,611.00
8.512490,866.8089,648.00
8.512490,866.8622,644.00
8.512490,866.9155,674.00
8.512490,866.9689,622.00
8.512490,867.0222,661.00
8.512490,867.0755,592.00
8.512490,867.1287,658.00
8.512490,867.1820,641.00
8.512490,867.2354,661.00
8.512490,867.2886,640.00
8.512490,867.3419,670.00
8.512490,867.3951,633.00
8.512490,867.4484,646.00
8.512490,867.5016,588.00
8.512490,867.5549,688.00
8.512490,867.6082,617.00
8.512490,867.6614,668.00
8.512490,867.7146,649.00
8.512490,867.7678,636.00
8.512490,867.8211,644.00
8.512490,867.8743,666.00
8.512490,867.9276,636.00
8.512490,867.9807,674.00
8.512490,868.0339,618.00
8.512490,868.0872,674.00
8.512490,868.1403,625.00
8.512490,868.1935,642.00
8.512490,868.2467,613.00
8.512490,868.2999,663.00
8.512490,868.3531,603.00
8.512490,868.4062,690.00
8.512490,868.4594,625.00
8.512490,868.5126,688.00
8.512490,868.5657,631.00
8.512490,868.6189,649.00
8.512490,868.6721,657.00
8.512490,868.7252,650.00
8.512490,868.7783,612.00
8.512490,868.8315,639.00
8.512490,868.8846,594.00
8.512490,868.9377,670.00
8.512490,868.9908,619.00
8.512490,869.0439,664.00
8.512490,869.0970,663.00
8.512490,869.1501,649.00
8.512490,869.2032,595.00
8.512490,869.2564,629.00
8.512490,869.3094,600.00
8.512490,869.3625,611.00
8.512490,869.4156,604.00
8.512490,869.4688,685.00
8.512490,869.5218,606.00
8.512490,869.5748,672.00
8.512490,869.6279,653.00
8.512490,869.6809,628.00
8.512490,869.7340,578.00
8.512490,869.7870,647.00
8.512490,869.8401,614.00
8.512490,869.8931,674.00
8.512490,869.9462,606.00
8.512490,869.9993,653.00
8.512490,870.0522,635.00
8.512490,870.1052,685.00
8.512490,870.1583,623.00
8.512490,870.2112,673.00
8.512490,870.2642,598.00
8.512490,870.3173,677.00
8.512490,870.3702,612.00
8.512490,870.4232,661.00
8.512490,870.4762,618.00
8.512490,870.5292,627.00
8.512490,870.5822,634.00
8.512490,870.6351,674.00
8.512490,870.6881,606.00
8.512490,870.7410,663.00
8.512490,870.7940,623.00
8.512490,870.8470,653.00
8.512490,870.8999,625.00
8.512490,870.9528,685.00
8.512490,871.0057,649.00
8.512490,871.0587,659.00
8.512490,871.1116,602.00
8.512490,871.1646,672.00
8.512490,871.2175,578.00
8.512490,871.2704,704.00
8.512490,871.3232,649.00
8.512490,871.3762,653.00
8.512490,871.4291,660.00
8.512490,871.4820,653.00
8.512490,871.5348,634.00
8.512490,871.5877,672.00
8.512490,871.6406,640.00
8.512490,871.6935,720.00
8.512490,871.7463,648.00
8.512490,871.7992,647.00
8.512490,871.8521,634.00
8.512490,871.9049,666.00
8.512490,871.9578,666.00
8.512490,872.0106,684.00
8.512490,872.0635,601.00
8.512490,872.1162,669.00
8.512490,872.1691,615.00
8.512490,872.2219,717.00
8.512490,872.2747,644.00
8.512490,872.3275,658.00
8.512490,872.3803,666.00
8.512490,872.4332,665.00
8.512490,872.4860,634.00
8.512490,872.5387,672.00
8.512490,872.5915,619.00
8.512490,872.6443,663.00
8.512490,872.6971,696.00
8.512490,872.7499,699.00
8.512490,872.8026,658.00
8.512490,872.8553,673.00
8.512490,872.9081,635.00
8.512490,872.9609,664.00
8.512490,873.0136,621.00
8.512490,873.0663,681.00
8.512490,873.1191,606.00
8.512490,873.1718,677.00
8.512490,873.2245,636.00
8.512490,873.2773,640.00
8.512490,873.3300,624.00
8.512490,873.3827,647.00
8.512490,873.4354,638.00
8.512490,873.4882,722.00
8.512490,873.5408,656.00
8.512490,873.5935,654.00
8.512490,873.6462,651.00
8.512490,873.6989,669.00
8.512490,873.7515,661.00
8.512490,873.8042,658.00
8.512490,873.8569,611.00
8.512490,873.9096,659.00
8.512490,873.9622,594.00
8.512490,874.0149,694.00
8.512490,874.0675,643.00
8.512490,874.1202,661.00
8.512490,874.1729,643.00
8.512490,874.2255,681.00
8.512490,874.2781,657.00
8.512490,874.3307,651.00
8.512490,874.3834,610.00
8.512490,874.4360,677.00
8.512490,874.4885,646.00
8.512490,874.5411,708.00
8.512490,874.5938,629.00
8.512490,874.6463,649.00
8.512490,874.6990,640.00
8.512490,874.7515,659.00
8.512490,874.8041,622.00
8.512490,874.8567,698.00
8.512490,874.9092,632.00
8.512490,874.9619,694.00
8.512490,875.0144,645.00
8.512490,875.0669,681.00
8.512490,875.1194,663.00
8.512490,875.1720,694.00
8.512490,875.2246,627.00
8.512490,875.2772,712.00
8.512490,875.3296,626.00
8.512490,875.3821,689.00
8.512490,875.4346,651.00
8.512490,875.4872,683.00
8.512490,875.5397,644.00
8.512490,875.5922,703.00
8.512490,875.6447,642.00
8.512490,875.6971,685.00
8.512490,875.7498,591.00
8.512490,875.8022,696.00
8.512490,875.8547,607.00
8.512490,875.9071,689.00
8.512490,875.9596,624.00
8.512490,876.0120,657.00
8.512490,876.0646,652.00
8.512490,876.1169,671.00
8.512490,876.1694,616.00
8.512490,876.2219,698.00
8.512490,876.2743,650.00
8.512490,876.3268,696.00
8.512490,876.3792,625.00
8.512490,876.4316,668.00
8.512490,876.4840,655.00
8.512490,876.5364,633.00
8.512490,876.5889,592.00
8.512490,876.6413,710.00
8.512490,876.6937,634.00
8.512490,876.7460,707.00
8.512490,876.7985,654.00
8.512490,876.8509,678.00
8.512490,876.9032,631.00
8.512490,876.9556,645.00
8.512490,877.0079,613.00
8.512490,877.0604,665.00
8.512490,877.1127,607.00
8.512490,877.1651,705.00
8.512490,877.2174,626.00
8.512490,877.2697,688.00
8.512490,877.3221,634.00
8.512490,877.3744,645.00
8.512490,877.4268,618.00
8.512490,877.4791,655.00
8.512490,877.5314,608.00
8.512490,877.5837,673.00
8.512490,877.6360,592.00
8.512490,877.6884,659.00
8.512490,877.7407,611.00
8.512490,877.7930,646.00
8.512490,877.8452,628.00
8.512490,877.8975,656.00
8.512490,877.9498,651.00
8.512490,878.0021,647.00
8.512490,878.0544,635.00
8.512490,878.1066,684.00
8.512490,878.1589,628.00
8.512490,878.2111,633.00
8.512490,878.2634,629.00
8.512490,878.3157,611.00
8.512490,878.3679,604.00
8.512490,878.4202,652.00
8.512490,878.4724,624.00
8.512490,878.5246,680.00
8.512490,878.5768,605.00
8.512490,878.6290,662.00
8.512490,878.6812,642.00
8.512490,878.7335,652.00
8.512490,878.7856,648.00
8.512490,878.8379,636.00
8.512490,878.8901,589.00
8.512490,878.9422,629.00
8.512490,878.9944,628.00
8.512490,879.0466,656.00
8.512490,879.0988,658.00
8.512490,879.1509,660.00
8.512490,879.2031,624.00
8.512490,879.2552,616.00
8.512490,879.3074,604.00
8.512490,879.3596,661.00
8.512490,879.4117,590.00
8.512490,879.4638,696.00
8.512490,879.5159,594.00
8.512490,879.5681,658.00
8.512490,879.6202,608.00
8.512490,879.6723,663.00
8.512490,879.7244,658.00
8.512490,879.7766,633.00
8.512490,879.8287,569.00
8.512490,879.8808,686.00
8.512490,879.9329,585.00
8.512490,879.9849,653.00
8.512490,880.0370,630.00
8.512490,880.0891,654.00
8.512490,880.1412,615.00
8.512490,880.1932,642.00
8.512490,880.2452,564.00
8.512490,880.2973,671.00
8.512490,880.3495,627.00
8.512490,880.4015,693.00
8.512490,880.4536,631.00
8.512490,880.5056,634.00
8.512490,880.5576,653.00
8.512490,880.6096,639.00
8.512490,880.6616,584.00
8.512490,880.7137,655.00
8.512490,880.7656,587.00
8.512490,880.8176,650.00
8.512490,880.8696,595.00
8.512490,880.9217,626.00
8.512490,880.9737,613.00
8.512490,881.0256,627.00
8.512490,881.0776,603.00
8.512490,881.1296,655.00
8.512490,881.1816,551.00
8.512490,881.2336,648.00
8.512490,881.2855,581.00
8.512490,881.3374,647.00
8.512490,881.3893,621.00
8.512490,881.4413,627.00
8.512490,881.4933,606.00
8.512490,881.5452,670.00
8.512490,881.5972,595.00
8.512490,881.6490,650.00
8.512490,881.7010,583.00
8.512490,881.7530,655.00
8.512490,881.8049,593.00
8.512490,881.8568,617.00
8.512490,881.9086,607.00
8.512490,881.9605,625.00
8.512490,882.0125,583.00
8.512490,882.0643,634.00
8.512490,882.1162,552.00
8.512490,882.1681,671.00
8.512490,882.2199,562.00
8.512490,882.2719,641.00
8.512490,882.3237,603.00
8.512490,882.3755,576.00
8.512490,882.4274,553.00
8.512490,882.4792,599.00
8.512490,882.5311,582.00
8.512490,882.5829,617.00
8.512490,882.6348,570.00
8.512490,882.6866,676.00
8.512490,882.7383,611.00
8.512490,882.7902,619.00
8.512490,882.8420,626.00
8.512490,882.8939,623.00
8.512490,882.9457,536.00
8.512490,882.9974,609.00
8.512490,883.0493,575.00
8.512490,883.1011,651.00
8.512490,883.1528,581.00
8.512490,883.2046,650.00
8.512490,883.2563,618.00
8.512490,883.3081,603.00
8.512490,883.3599,587.00
8.512490,883.4116,638.00
8.512490,883.4634,615.00
8.512490,883.5151,633.00
8.512490,883.5668,635.00
8.512490,883.6187,639.00
8.512490,883.6703,621.00
8.512490,883.7220,635.00
8.512490,883.7738,594.00
8.512490,883.8254,645.00
8.512490,883.8773,585.00
8.512490,883.9289,658.00
8.512490,883.9806,597.00
8.512490,884.0323,667.00
8.512490,884.0840,628.00
8.512490,884.1357,620.00
8.512490,884.1874,583.00
8.512490,884.2391,648.00
8.512490,884.2907,567.00
8.512490,884.3423,638.00
8.512490,884.3940,582.00
8.512490,884.4457,641.00
8.512490,884.4974,626.00
8.512490,884.5490,643.00
8.512490,884.6006,599.00
8.512490,884.6523,629.00
8.512490,884.7039,594.00
8.512490,884.7555,659.00
8.512490,884.8071,595.00
8.512490,884.8588,659.00
8.512490,884.9103,630.00
8.512490,884.9620,655.00
8.512490,885.0136,641.00
8.512490,885.0651,627.00
8.512490,885.1168,611.00
8.512490,885.1683,665.00
8.512490,885.2200,637.00
8.512490,885.2715,666.00
8.512490,885.3231,591.00
8.512490,885.3746,655.00
8.512490,885.4262,632.00
8.512490,885.4778,666.00
8.512490,885.5293,653.00
8.512490,885.5809,649.00
8.512490,885.6324,567.00
8.512490,885.6839,622.00
8.512490,885.7355,597.00
8.512490,885.7870,668.00
8.512490,885.8385,610.00
8.512490,885.8900,651.00
8.512490,885.9415,617.00
8.512490,885.9930,666.00
8.512490,886.0446,590.00
8.512490,886.0960,663.00
8.512490,886.1475,609.00
8.512490,886.1990,662.00
8.512490,886.2504,651.00
8.512490,886.3020,655.00
8.512490,886.3534,645.00
8.512490,886.4048,670.00
8.512490,886.4564,629.00
8.512490,886.5078,653.00
8.512490,886.5593,609.00
8.512490,886.6107,686.00
8.512490,886.6621,645.00
8.512490,886.7136,662.00
8.512490,886.7650,630.00
8.512490,886.8164,680.00
8.512490,886.8679,647.00
8.512490,886.9193,664.00
8.512490,886.9706,595.00
8.512490,887.0220,657.00
8.512490,887.0735,610.00
8.512490,887.1249,651.00
8.512490,887.1762,590.00
8.512490,887.2276,681.00
8.512490,887.2789,652.00
8.512490,887.3304,647.00
8.512490,887.3818,635.00
8.512490,887.4331,645.00
8.512490,887.4844,624.00
8.512490,887.5358,682.00
8.512490,887.5871,597.00
8.512490,887.6385,679.00
8.512490,887.6898,656.00
8.512490,887.7411,644.00
8.512490,887.7925,611.00
8.512490,887.8438,656.00
8.512490,887.8951,615.00
8.512490,887.9464,694.00
8.512490,887.9977,662.00
8.512490,888.0490,725.00
8.512490,888.1003,648.00
8.512490,888.1516,661.00
8.512490,888.2029,609.00
8.512490,888.2542,667.00
8.512490,888.3054,596.00
8.512490,888.3567,660.00
8.512490,888.4080,636.00
8.512490,888.4592,694.00
8.512490,888.5105,625.00
8.512490,888.5618,674.00
8.512490,888.6130,640.00
8.512490,888.6642,686.00
8.512490,888.7155,651.00
8.512490,888.7667,704.00
8.512490,888.8179,621.00
8.512490,888.8691,658.00
8.512490,888.9204,659.00
8.512490,888.9716,667.00
8.512490,889.0228,652.00
8.512490,889.0740,678.00
8.512490,889.1252,665.00
8.512490,889.1764,681.00
8.512490,889.2275,641.00
8.512490,889.2787,720.00
8.512490,889.3299,627.00
8.512490,889.3810,688.00
8.512490,889.4322,674.00
8.512490,889.4835,702.00
8.512490,889.5346,644.00
8.512490,889.5857,653.00
8.512490,889.6368,618.00
8.512490,889.6879,685.00
8.512490,889.7391,609.00
8.512490,889.7903,696.00
8.512490,889.8414,622.00
8.512490,889.8925,695.00
8.512490,889.9435,656.00
8.512490,889.9948,646.00
8.512490,890.0458,628.00
8.512490,890.0969,665.00
8.512490,890.1479,637.00
8.512490,890.1990,702.00
8.512490,890.2501,609.00
8.512490,890.3012,674.00
8.512490,890.3523,652.00
8.512490,890.4034,650.00
8.512490,890.4545,629.00
8.512490,890.5054,666.00
8.512490,890.5566,585.00
8.512490,890.6076,650.00
8.512490,890.6586,603.00
8.512490,890.7097,688.00
8.512490,890.7607,643.00
8.512490,890.8117,674.00
8.512490,890.8627,659.00
8.512490,890.9138,629.00
8.512490,890.9647,592.00
8.512490,891.0157,637.00
8.512490,891.0668,571.00
8.512490,891.1178,655.00
8.512490,891.1688,592.00
8.512490,891.2197,650.00
8.512490,891.2707,632.00
8.512490,891.3217,633.00
8.512490,891.3727,595.00
8.512490,891.4236,616.00
8.512490,891.4745,593.00
8.512490,891.5256,648.00
8.512490,891.5765,616.00
8.512490,891.6275,661.00
8.512490,891.6783,624.00
8.512490,891.7293,616.00
8.512490,891.7802,598.00
8.512490,891.8312,606.00
8.512490,891.8821,566.00
8.512490,891.9330,670.00
8.512490,891.9839,608.00
8.512490,892.0348,637.00
8.512490,892.0857,613.00
8.512490,892.1366,637.00
8.512490,892.1875,597.00
8.512490,892.2383,636.00
8.512490,892.2892,622.00
8.512490,892.3401,646.00
8.512490,892.3911,576.00
8.512490,892.4418,670.00
8.512490,892.4927,606.00
8.512490,892.5436,663.00
8.512490,892.5944,619.00
8.512490,892.6452,648.00
8.512490,892.6961,623.00
8.512490,892.7469,655.00
8.512490,892.7977,615.00
8.512490,892.8485,631.00
8.512490,892.8993,660.00
8.512490,892.9502,701.00
8.512490,893.0010,653.00
8.512490,893.0518,643.00
8.512490,893.1025,657.00
8.512490,893.1534,676.00
8.512490,893.2042,616.00
8.512490,893.2549,682.00
8.512490,893.3057,611.00
8.512490,893.3564,694.00
8.512490,893.4072,680.00
8.512490,893.4580,652.00
8.512490,893.5087,631.00
8.512490,893.5595,639.00
8.512490,893.6102,615.00
8.512490,893.6609,692.00
8.512490,893.7117,586.00
8.512490,893.7625,673.00
8.512490,893.8132,647.00
8.512490,893.8639,675.00
8.512490,893.9146,660.00
8.512490,893.9653,611.00
8.512490,894.0160,620.00
8.512490,894.0667,665.00
8.512490,894.1174,621.00
8.512490,894.1681,660.00
8.512490,894.2188,615.00
8.512490,894.2695,666.00
8.512490,894.3201,628.00
8.512490,894.3708,640.00
8.512490,894.4214,616.00
8.512490,894.4720,657.00
8.512490,894.5228,617.00
8.512490,894.5734,680.00
8.512490,894.6240,630.00
8.512490,894.6746,700.00
8.512490,894.7252,692.00
8.512490,894.7759,664.00
8.512490,894.8265,650.00
8.512490,894.8771,661.00
8.512490,894.9277,604.00
8.512490,894.9783,690.00
8.512490,895.0290,598.00
8.512490,895.0795,719.00
8.512490,895.1301,656.00
8.512490,895.1807,654.00
8.512490,895.2313,633.00
8.512490,895.2819,651.00
8.512490,895.3325,589.00
8.512490,895.3830,652.00
8.512490,895.4336,607.00
8.512490,895.4841,656.00
8.512490,895.5347,621.00
8.512490,895.5852,670.00
8.512490,895.6357,654.00
8.512490,895.6863,675.00
8.512490,895.7368,648.00
8.512490,895.7874,626.00
8.512490,895.8379,579.00
8.512490,895.8884,709.00
8.512490,895.9388,609.00
8.512490,895.9893,678.00
8.512490,896.0399,631.00
8.512490,896.0904,631.00
8.512490,896.1408,644.00
8.512490,896.1913,652.00
8.512490,896.2418,629.00
8.512490,896.2922,679.00
8.512490,896.3427,621.00
8.512490,896.3932,716.00
8.512490,896.4437,660.00
8.512490,896.4941,698.00
8.512490,896.5445,647.00
8.512490,896.5950,662.00
8.512490,896.6454,666.00
8.512490,896.6958,678.00
8.512490,896.7462,613.00
8.512490,896.7967,669.00
8.512490,896.8471,641.00
8.512490,896.8975,667.00
8.512490,896.9479,647.00
8.512490,896.9983,674.00
8.512490,897.0486,640.00
8.512490,897.0991,666.00
8.512490,897.1495,633.00
8.512490,897.1998,721.00
8.512490,897.2502,613.00
8.512490,897.3005,688.00
8.512490,897.3510,649.00
8.512490,897.4013,624.00
8.512490,897.4517,674.00
8.512490,897.5020,654.00
8.512490,897.5523,588.00
8.512490,897.6026,688.00
8.512490,897.6530,616.00
8.512490,897.7033,661.00
8.512490,897.7537,627.00
8.512490,897.8040,682.00
8.512490,897.8542,632.00
8.512490,897.9046,648.00
8.512490,897.9549,640.00
8.512490,898.0051,685.00
8.512490,898.0554,641.00
8.512490,898.1057,664.00
8.512490,898.1560,620.00
8.512490,898.2063,678.00
8.512490,898.2565,616.00
8.512490,898.3068,666.00
8.512490,898.3571,640.00
8.512490,898.4073,638.00
8.512490,898.4576,587.00
8.512490,898.5078,634.00
8.512490,898.5580,605.00
8.512490,898.6083,680.00
8.512490,898.6584,699.00
8.512490,898.7087,677.00
8.512490,898.7590,653.00
8.512490,898.8091,622.00
8.512490,898.8593,656.00
8.512490,898.9095,677.00
8.512490,898.9598,578.00
8.512490,899.0099,688.00
8.512490,899.0601,593.00
8.512490,899.1103,654.00
8.512490,899.1605,622.00
8.512490,899.2107,623.00
8.512490,899.2608,606.00
8.512490,899.3109,616.00
8.512490,899.3611,611.00
8.512490,899.4113,689.00
8.512490,899.4614,621.00
8.512490,899.5115,689.00
8.512490,899.5616,670.00
8.512490,899.6118,649.00
8.512490,899.6619,636.00
8.512490,899.7121,632.00
8.512490,899.7622,590.00
8.512490,899.8123,651.00
8.512490,899.8624,610.00
8.512490,899.9124,654.00
8.512490,899.9626,618.00
8.512490,900.0126,639.00
8.512490,900.0627,643.00
8.512490,900.1127,655.00
8.512490,900.1628,575.00
8.512490,900.2130,675.00
8.512490,900.2631,585.00
8.512490,900.3130,645.00
8.512490,900.3631,623.00
8.512490,900.4131,637.00
8.512490,900.4632,607.00
8.512490,900.5132,628.00
8.512490,900.5633,598.00
8.512490,900.6132,633.00
8.512490,900.6632,632.00
8.512490,900.7133,651.00
8.512490,900.7633,566.00
8.512490,900.8133,625.00
8.512490,900.8633,604.00
8.512490,900.9133,652.00
8.512490,900.9633,613.00
8.512490,901.0133,643.00
8.512490,901.0632,610.00
8.512490,901.1132,626.00
8.512490,901.1631,618.00
8.512490,901.2131,682.00
8.512490,901.2631,627.00
8.512490,901.3130,651.00
8.512490,901.3630,617.00
8.512490,901.4129,625.00
8.512490,901.4628,631.00
8.512490,901.5128,623.00
8.512490,901.5627,609.00
8.512490,901.6126,668.00
8.512490,901.6625,620.00
8.512490,901.7124,677.00
8.512490,901.7623,623.00
8.512490,901.8123,638.00
8.512490,901.8621,640.00
8.512490,901.9120,642.00
8.512490,901.9619,608.00
8.512490,902.0117,677.00
8.512490,902.0616,623.00
8.512490,902.1115,652.00
8.512490,902.1613,625.00
8.512490,902.2112,632.00
8.512490,902.2610,634.00
8.512490,902.3109,635.00
8.512490,902.3608,582.00
8.512490,902.4106,666.00
8.512490,902.4604,596.00
8.512490,902.5103,633.00
8.512490,902.5601,623.00
8.512490,902.6099,645.00
8.512490,902.6597,623.00
8.512490,902.7095,664.00
8.512490,902.7592,640.00
8.512490,902.8090,651.00
8.512490,902.8589,576.00
8.512490,902.9086,661.00
8.512490,902.9584,606.00
8.512490,903.0082,658.00
8.512490,903.0580,649.00
8.512490,903.1077,650.00
8.512490,903.1575,630.00
8.512490,903.2072,623.00
8.512490,903.2570,611.00
8.512490,903.3067,656.00
8.512490,903.3564,617.00
8.512490,903.4062,705.00
8.512490,903.4559,649.00
8.512490,903.5056,631.00
8.512490,903.5553,660.00
8.512490,903.6050,624.00
8.512490,903.6547,590.00
8.512490,903.7045,694.00
8.512490,903.7541,577.00
8.512490,903.8038,664.00
8.512490,903.8535,622.00
8.512490,903.9032,615.00
8.512490,903.9528,579.00
8.512490,904.0025,650.00
8.512490,904.0522,594.00
8.512490,904.1019,629.00
8.512490,904.1515,603.00
8.512490,904.2012,675.00
8.512490,904.2507,595.00
8.512490,904.3004,653.00
8.512490,904.3500,590.00
8.512490,904.3997,609.00
8.512490,904.4493,621.00
8.512490,904.4989,621.00
8.512490,904.5485,610.00
8.512490,904.5980,637.00
8.512490,904.6477,590.00
8.512490,904.6973,646.00
8.512490,904.7469,570.00
8.512490,904.7964,661.00
8.512490,904.8460,626.00
8.512490,904.8956,609.00
8.512490,904.9452,615.00
8.512490,904.9947,629.00
8.512490,905.0443,588.00
8.512490,905.0938,659.00
8.512490,905.1434,634.00
8.512490,905.1929,625.00
8.512490,905.2424,634.00
8.512490,905.2919,638.00
8.512490,905.3414,601.00
8.512490,905.3910,637.00
8.512490,905.4406,618.00
8.512490,905.4901,673.00
8.512490,905.5396,591.00
8.512490,905.5890,648.00
8.512490,905.6385,620.00
8.512490,905.6880,619.00
8.512490,905.7375,648.00
8.512490,905.7870,655.00
8.512490,905.8364,584.00
8.512490,905.8859,656.00
8.512490,905.9354,615.00
8.512490,905.9848,680.00
8.512490,906.0342,665.00
8.512490,906.0837,660.00
8.512490,906.1331,642.00
8.512490,906.1826,635.00
8.512490,906.2321,616.00
8.512490,906.2814,678.00
8.512490,906.3309,610.00
8.512490,906.3802,675.00
8.512490,906.4297,639.00
8.512490,906.4791,664.00
8.512490,906.5285,631.00
8.512490,906.5779,623.00
8.512490,906.6273,617.00
8.512490,906.6766,673.00
8.512490,906.7260,626.00
8.512490,906.7754,703.00
8.512490,906.8248,575.00
8.512490,906.8741,644.00
8.512490,906.9235,608.00
8.512490,906.9729,631.00
8.512490,907.0222,619.00
8.512490,907.0715,655.00
8.512490,907.1208,594.00
8.512490,907.1702,700.00
8.512490,907.2195,613.00
8.512490,907.2688,661.00
8.512490,907.3181,631.00
8.512490,907.3674,643.00
8.512490,907.4167,618.00
8.512490,907.4660,628.00
8.512490,907.5153,586.00
8.512490,907.5646,645.00
8.512490,907.6139,599.00
8.512490,907.6631,663.00
8.512490,907.7125,618.00
8.512490,907.7617,625.00
8.512490,907.8110,630.00
8.512490,907.8602,641.00
8.512490,907.9094,585.00
8.512490,907.9587,633.00
8.512490,908.0080,564.00
8.512490,908.0572,679.00
8.512490,908.1064,604.00
8.512490,908.1556,672.00
8.512490,908.2048,650.00
8.512490,908.2541,636.00
8.512490,908.3033,653.00
8.512490,908.3524,632.00
8.512490,908.4017,568.00
8.512490,908.4508,693.00
8.512490,908.5000,620.00
8.512490,908.5493,644.00
8.512490,908.5984,630.00
8.512490,908.6475,644.00
8.512490,908.6967,624.00
8.512490,908.7459,634.00
8.512490,908.7950,608.00
8.512490,908.8442,649.00
8.512490,908.8932,642.00
8.512490,908.9424,664.00
8.512490,908.9916,623.00
8.512490,909.0407,680.00
8.512490,909.0898,634.00
8.512490,909.1389,629.00
8.512490,909.1880,606.00
8.512490,909.2372,655.00
8.512490,909.2863,578.00
8.512490,909.3354,675.00
8.512490,909.3845,610.00
8.512490,909.4335,657.00
8.512490,909.4825,623.00
8.512490,909.5317,627.00
8.512490,909.5807,599.00
8.512490,909.6298,635.00
8.512490,909.6789,584.00
8.512490,909.7280,619.00
8.512490,909.7770,595.00
8.512490,909.8260,639.00
8.512490,909.8751,615.00
8.512490,909.9241,650.00
8.512490,909.9731,619.00
8.512490,910.0222,651.00
8.512490,910.0711,621.00
8.512490,910.1201,657.00
8.512490,910.1691,605.00
8.512490,910.2181,677.00
8.512490,910.2672,629.00
8.512490,910.3162,654.00
8.512490,910.3651,636.00
8.512490,910.4141,642.00
8.512490,910.4631,634.00
8.512490,910.5120,632.00
8.512490,910.5610,607.00
8.512490,910.6099,634.00
8.512490,910.6589,649.00
8.512490,910.7078,643.00
8.512490,910.7568,652.00
8.512490,910.8057,639.00
8.512490,910.8546,651.00
8.512490,910.9036,648.00
8.512490,910.9525,607.00
8.512490,911.0013,670.00
8.512490,911.0503,631.00
8.512490,911.0992,651.00
8.512490,911.1481,640.00
8.512490,911.1970,637.00
8.512490,911.2459,625.00
8.512490,911.2948,623.00
8.512490,911.3436,627.00
8.512490,911.3925,636.00
8.512490,911.4414,622.00
8.512490,911.4902,696.00
8.512490,911.5391,655.00
8.512490,911.5880,639.00
8.512490,911.6368,662.00
8.512490,911.6857,655.00
8.512490,911.7344,610.00
8.512490,911.7833,675.00
8.512490,911.8321,621.00
8.512490,911.8809,673.00
8.512490,911.9297,607.00
8.512490,911.9785,683.00
8.512490,912.0273,675.00
8.512490,912.0762,618.00
8.512490,912.1249,676.00
8.512490,912.1737,667.00
8.512490,912.2225,605.00
8.512490,912.2712,681.00
8.512490,912.3201,661.00
8.512490,912.3688,708.00
8.512490,912.4176,641.00
8.512490,912.4663,662.00
8.512490,912.5150,634.00
8.512490,912.5638,664.00
8.512490,912.6125,640.00
8.512490,912.6613,674.00
8.512490,912.7100,641.00
8.512490,912.7587,671.00
8.512490,912.8074,642.00
8.512490,912.8561,670.00
8.512490,912.9048,661.00
8.512490,912.9535,688.00
8.512490,913.0023,659.00
8.512490,913.0510,665.00
8.512490,913.0996,633.00
8.512490,913.1483,674.00
8.512490,913.1969,636.00
8.512490,913.2456,671.00
8.512490,913.2943,716.00
8.512490,913.3430,706.00
8.512490,913.3916,653.00
8.512490,913.4402,670.00
8.512490,913.4888,659.00
8.512490,913.5375,704.00
8.512490,913.5862,637.00
8.512490,913.6348,702.00
8.512490,913.6834,701.00
8.512490,913.7320,687.00
8.512490,913.7806,666.00
8.512490,913.8292,720.00
8.512490,913.8778,651.00
8.512490,913.9264,692.00
8.512490,913.9750,625.00
8.512490,914.0236,701.00
8.512490,914.0721,642.00
8.512490,914.1207,691.00
8.512490,914.1693,626.00
8.512490,914.2178,698.00
8.512490,914.2664,638.00
8.512490,914.3149,669.00
8.512490,914.3635,629.00
8.512490,914.4120,705.00
8.512490,914.4606,681.00
8.512490,914.5090,717.00
8.512490,914.5576,694.00
8.512490,914.6061,714.00
8.512490,914.6546,668.00
8.512490,914.7031,730.00
8.512490,914.7516,666.00
8.512490,914.8001,729.00
8.512490,914.8486,671.00
8.512490,914.8971,722.00
8.512490,914.9456,659.00
8.512490,914.9941,693.00
8.512490,915.0425,682.00
8.512490,915.0910,673.00
8.512490,915.1395,649.00
8.512490,915.1879,705.00
8.512490,915.2363,644.00
8.512490,915.2849,743.00
8.512490,915.3333,682.00
8.512490,915.3817,724.00
8.512490,915.4301,680.00
8.512490,915.4785,680.00
8.512490,915.5269,643.00
8.512490,915.5754,683.00
8.512490,915.6237,652.00
8.512490,915.6721,704.00
8.512490,915.7205,634.00
8.512490,915.7689,719.00
8.512490,915.8173,679.00
8.512490,915.8657,686.00
8.512490,915.9141,658.00
8.512490,915.9623,699.00
8.512490,916.0107,637.00
8.512490,916.0591,709.00
8.512490,916.1075,647.00
8.512490,916.1558,689.00
8.512490,916.2042,667.00
8.512490,916.2524,688.00
8.512490,916.3008,666.00
8.512490,916.3491,681.00
8.512490,916.3974,640.00
8.512490,916.4457,687.00
8.512490,916.4940,620.00
8.512490,916.5423,681.00
8.512490,916.5907,664.00
8.512490,916.6390,704.00
8.512490,916.6872,667.00
8.512490,916.7355,684.00
8.512490,916.7838,630.00
8.512490,916.8320,696.00
8.512490,916.8803,628.00
8.512490,916.9286,711.00
8.512490,916.9768,634.00
8.512490,917.0250,707.00
8.512490,917.0733,668.00
8.512490,917.1216,684.00
8.512490,917.1698,647.00
8.512490,917.2180,655.00
8.512490,917.2662,649.00
8.512490,917.3145,664.00
8.512490,917.3626,672.00
8.512490,917.4109,725.00
8.512490,917.4590,631.00
8.512490,917.5072,686.00
8.512490,917.5554,650.00
8.512490,917.6036,686.00
8.512490,917.6518,632.00
8.512490,917.7000,695.00
8.512490,917.7481,633.00
8.512490,917.7963,707.00
8.512490,917.8444,645.00
8.512490,917.8926,688.00
8.512490,917.9407,683.00
8.512490,917.9888,702.00
8.512490,918.0369,621.00
8.512490,918.0851,664.00
8.512490,918.1332,632.00
8.512490,918.1813,709.00
8.512490,918.2294,659.00
8.512490,918.2776,700.00
8.512490,918.3257,662.00
8.512490,918.3737,660.00
8.512490,918.4218,644.00
8.512490,918.4699,687.00
8.512490,918.5180,612.00
8.512490,918.5660,681.00
8.512490,918.6142,632.00
8.512490,918.6622,670.00
8.512490,918.7103,661.00
8.512490,918.7583,686.00
8.512490,918.8064,680.00
8.512490,918.8544,656.00
8.512490,918.9025,649.00
8.512490,918.9505,706.00
8.512490,918.9985,647.00
8.512490,919.0464,712.00
8.512490,919.0945,678.00
8.512490,919.1426,716.00
8.512490,919.1905,693.00
8.512490,919.2385,659.00
8.512490,919.2866,656.00
8.512490,919.3345,687.00
8.512490,919.3825,636.00
8.512490,919.4304,672.00
8.512490,919.4785,643.00
8.512490,919.5264,706.00
8.512490,919.5744,687.00
8.512490,919.6224,658.00
8.512490,919.6703,668.00
8.512490,919.7182,665.00
8.512490,919.7661,643.00
8.512490,919.8141,689.00
8.512490,919.8620,665.00
8.512490,919.9100,718.00
8.512490,919.9578,652.00
8.512490,920.0057,705.00
8.512490,920.0536,668.00
8.512490,920.1016,666.00
8.512490,920.1495,631.00
8.512490,920.1973,664.00
8.512490,920.2452,598.00
8.512490,920.2932,686.00
8.512490,920.3410,647.00
8.512490,920.3888,685.00
8.512490,920.4367,672.00
8.512490,920.4846,683.00
8.512490,920.5323,619.00
8.512490,920.5803,613.00
8.512490,920.6281,612.00
8.512490,920.6759,702.00
8.512490,920.7237,661.00
8.512490,920.7715,693.00
8.512490,920.8195,662.00
8.512490,920.8672,646.00
8.512490,920.9150,635.00
8.512490,920.9628,670.00
8.512490,921.0106,650.00
8.512490,921.0584,667.00
8.512490,921.1062,601.00
8.512490,921.1540,681.00
8.512490,921.2017,633.00
8.512490,921.2495,639.00
8.512490,921.2973,603.00
8.512490,921.3450,654.00
8.512490,921.3928,588.00
8.512490,921.4405,668.00
8.512490,921.4882,597.00
8.512490,921.5359,647.00
8.512490,921.5837,621.00
8.512490,921.6315,638.00
8.512490,921.6791,640.00
8.512490,921.7269,654.00
8.512490,921.7746,627.00
8.512490,921.8223,642.00
8.512490,921.8700,575.00
8.512490,921.9177,664.00
8.512490,921.9653,609.00
8.512490,922.0130,667.00
8.512490,922.0607,631.00
8.512490,922.1084,647.00
8.512490,922.1561,620.00
8.512490,922.2037,676.00
8.512490,922.2513,617.00
8.512490,922.2990,693.00
8.512490,922.3467,609.00
8.512490,922.3943,668.00
8.512490,922.4419,640.00
8.512490,922.4895,672.00
8.512490,922.5371,636.00
8.512490,922.5848,648.00
8.512490,922.6324,622.00
8.512490,922.6800,680.00
8.512490,922.7276,588.00
8.512490,922.7752,684.00
8.512490,922.8228,638.00
8.512490,922.8704,665.00
8.512490,922.9179,630.00
8.512490,922.9655,680.00
8.512490,923.0130,632.00
8.512490,923.0607,695.00
8.512490,923.1082,608.00
8.512490,923.1558,693.00
8.512490,923.2032,608.00
8.512490,923.2508,640.00
8.512490,923.2983,657.00
8.512490,923.3459,670.00
8.512490,923.3934,650.00
8.512490,923.4409,670.00
8.512490,923.4884,630.00
8.512490,923.5359,666.00
8.512490,923.5834,603.00
8.512490,923.6309,671.00
8.512490,923.6784,653.00
8.512490,923.7259,679.00
8.512490,923.7734,655.00
8.512490,923.8209,633.00
8.512490,923.8683,637.00
8.512490,923.9158,674.00
8.512490,923.9632,633.00
8.512490,924.0106,705.00
8.512490,924.0581,626.00
8.512490,924.1056,646.00
8.512490,924.1530,655.00
8.512490,924.2004,678.00
8.512490,924.2479,604.00
8.512490,924.2952,627.00
8.512490,924.3427,587.00
8.512490,924.3901,685.00
8.512490,924.4375,681.00
8.512490,924.4849,700.00
8.512490,924.5323,663.00
8.512490,924.5797,647.00
8.512490,924.6270,642.00
8.512490,924.6744,662.00
8.512490,924.7218,592.00
8.512490,924.7692,691.00
8.512490,924.8165,631.00
8.512490,924.8639,691.00
8.512490,924.9112,637.00
8.512490,924.9585,666.00
8.512490,925.0059,675.00
8.512490,925.0532,639.00
8.512490,925.1005,619.00
8.512490,925.1478,668.00
8.512490,925.1952,633.00
8.512490,925.2424,687.00
8.512490,925.2897,633.00
8.512490,925.3370,683.00
8.512490,925.3843,650.00
8.512490,925.4316,674.00
8.512490,925.4789,593.00
8.512490,925.5262,664.00
8.512490,925.5734,621.00
8.512490,925.6207,669.00
8.512490,925.6680,625.00
8.512490,925.7153,670.00
8.512490,925.7625,648.00
8.512490,925.8097,662.00
8.512490,925.8569,638.00
8.512490,925.9042,660.00
8.512490,925.9514,597.00
8.512490,925.9987,694.00
8.512490,926.0458,631.00
8.512490,926.0930,677.00
8.512490,926.1403,654.00
8.512490,926.1874,692.00
8.512490,926.2346,669.00
8.512490,926.2819,699.00
8.512490,926.3290,634.00
8.512490,926.3762,689.00
8.512490,926.4233,622.00
8.512490,926.4705,708.00
8.512490,926.5177,681.00
8.512490,926.5648,693.00
8.512490,926.6120,684.00
8.512490,926.6591,711.00
8.512490,926.7063,682.00
8.512490,926.7534,696.00
8.512490,926.8005,630.00
8.512490,926.8477,720.00
8.512490,926.8947,675.00
8.512490,926.9418,727.00
8.512490,926.9890,676.00
8.512490,927.0361,687.00
8.512490,927.0831,676.00
8.512490,927.1302,711.00
8.512490,927.1773,635.00
8.512490,927.2244,736.00
8.512490,927.2715,643.00
8.512490,927.3185,718.00
8.512490,927.3656,649.00
8.512490,927.4126,715.00
8.512490,927.4597,702.00
8.512490,927.5067,685.00
8.512490,927.5538,643.00
8.512490,927.6008,688.00
8.512490,927.6478,675.00
8.512490,927.6949,713.00
8.512490,927.7419,672.00
8.512490,927.7888,683.00
8.512490,927.8358,698.00
8.512490,927.8829,737.00
8.512490,927.9299,676.00
8.512490,927.9769,714.00
8.512490,928.0239,659.00
8.512490,928.0708,699.00
8.512490,928.1177,668.00
8.512490,928.1648,716.00
8.512490,928.2117,699.00
8.512490,928.2587,715.00
8.512490,928.3056,679.00
8.512490,928.3525,682.00
8.512490,928.3995,654.00
8.512490,928.4465,699.00
8.512490,928.4934,667.00
8.512490,928.5402,707.00
8.512490,928.5872,683.00
8.512490,928.6340,717.00
8.512490,928.6810,681.00
8.512490,928.7279,661.00
8.512490,928.7748,679.00
8.512490,928.8217,703.00
8.512490,928.8685,644.00
8.512490,928.9155,710.00
8.512490,928.9623,640.00
8.512490,929.0092,711.00
8.512490,929.0560,653.00
8.512490,929.1028,696.00
8.512490,929.1498,653.00
8.512490,929.1965,672.00
8.512490,929.2434,671.00
8.512490,929.2902,696.00
8.512490,929.3370,656.00
8.512490,929.3839,690.00
8.512490,929.4307,682.00
8.512490,929.4775,663.00
8.512490,929.5243,654.00
8.512490,929.5710,686.00
8.512490,929.6179,663.00
8.512490,929.6647,677.00
8.512490,929.7115,645.00
8.512490,929.7582,681.00
8.512490,929.8050,653.00
8.512490,929.8517,721.00
8.512490,929.8986,638.00
8.512490,929.9453,654.00
8.512490,929.9921,660.00
8.512490,930.0388,712.00
8.512490,930.0854,628.00
8.512490,930.1323,699.00
8.512490,930.1790,621.00
8.512490,930.2256,686.00
8.512490,930.2724,676.00
8.512490,930.3191,678.00
8.512490,930.3658,651.00
8.512490,930.4125,694.00
8.512490,930.4592,617.00
8.512490,930.5059,684.00
8.512490,930.5526,639.00
8.512490,930.5993,679.00
8.512490,930.6459,683.00
8.512490,930.6926,680.00
8.512490,930.7392,668.00
8.512490,930.7859,681.00
8.512490,930.8325,647.00
8.512490,930.8792,699.00
8.512490,930.9258,644.00
8.512490,930.9725,720.00
8.512490,931.0190,662.00
8.512490,931.0657,709.00
8.512490,931.1123,669.00
8.512490,931.1589,660.00
8.512490,931.2055,638.00
8.512490,931.2521,681.00
8.512490,931.2987,660.00
8.512490,931.3453,676.00
8.512490,931.3919,650.00
8.512490,931.4385,713.00
8.512490,931.4850,680.00
8.512490,931.5316,672.00
8.512490,931.5782,630.00
8.512490,931.6248,673.00
8.512490,931.6713,632.00
8.512490,931.7178,680.00
8.512490,931.7643,660.00
8.512490,931.8109,725.00
8.512490,931.8574,672.00
8.512490,931.9039,692.00
8.512490,931.9504,670.00
8.512490,931.9969,676.00
8.512490,932.0435,654.00
8.512490,932.0900,706.00
8.512490,932.1365,634.00
8.512490,932.1829,677.00
8.512490,932.2294,644.00
8.512490,932.2759,723.00
8.512490,932.3223,671.00
8.512490,932.3688,657.00
8.512490,932.4153,640.00
8.512490,932.4617,666.00
8.512490,932.5082,687.00
8.512490,932.5546,681.00
8.512490,932.6011,636.00
8.512490,932.6475,706.00
8.512490,932.6939,695.00
8.512490,932.7402,673.00
8.512490,932.7867,666.00
8.512490,932.8331,694.00
8.512490,932.8795,635.00
8.512490,932.9259,715.00
8.512490,932.9723,624.00
8.512490,933.0187,703.00
8.512490,933.0651,685.00
8.512490,933.1115,691.00
8.512490,933.1578,677.00
8.512490,933.2042,672.00
8.512490,933.2505,629.00
8.512490,933.2969,722.00
8.512490,933.3433,673.00
8.512490,933.3896,730.00
8.512490,933.4359,660.00
8.512490,933.4822,718.00
8.512490,933.5286,645.00
8.512490,933.5749,658.00
8.512490,933.6212,681.00
8.512490,933.6675,690.00
8.512490,933.7138,661.00
8.512490,933.7601,730.00
8.512490,933.8064,659.00
8.512490,933.8527,694.00
8.512490,933.8989,673.00
8.512490,933.9452,694.00
8.512490,933.9915,697.00
8.512490,934.0378,711.00
8.512490,934.0840,633.00
8.512490,934.1302,740.00
8.512490,934.1765,653.00
8.512490,934.2227,746.00
8.512490,934.2690,709.00
8.512490,934.3152,708.00
8.512490,934.3614,666.00
8.512490,934.4077,700.00
8.512490,934.4539,665.00
8.512490,934.5001,728.00
8.512490,934.5463,660.00
8.512490,934.5925,733.00
8.512490,934.6387,680.00
8.512490,934.6848,704.00
8.512490,934.7310,688.00
8.512490,934.7772,704.00
8.512490,934.8234,650.00
8.512490,934.8695,700.00
8.512490,934.9156,620.00
8.512490,934.9619,718.00
8.512490,935.0080,716.00
8.512490,935.0541,713.00
8.512490,935.1002,700.00
8.512490,935.1464,694.00
8.512490,935.1925,681.00
8.512490,935.2386,716.00
8.512490,935.2847,682.00
8.512490,935.3308,710.00
8.512490,935.3769,647.00
8.512490,935.4230,722.00
8.512490,935.4691,670.00
8.512490,935.5152,717.00
8.512490,935.5613,655.00
8.512490,935.6073,719.00
8.512490,935.6534,651.00
8.512490,935.6995,687.00
8.512490,935.7455,646.00
8.512490,935.7916,723.00
8.512490,935.8376,697.00
8.512490,935.8837,747.00
8.512490,935.9297,663.00
8.512490,935.9757,683.00
8.512490,936.0217,659.00
8.512490,936.0677,686.00
8.512490,936.1137,633.00
8.512490,936.1598,725.00
8.512490,936.2057,659.00
8.512490,936.2518,699.00
8.512490,936.2977,655.00
8.512490,936.3437,668.00
8.512490,936.3896,640.00
8.512490,936.4357,687.00
8.512490,936.4816,631.00
8.512490,936.5275,701.00
8.512490,936.5735,630.00
8.512490,936.6194,694.00
8.512490,936.6654,681.00
8.512490,936.7114,683.00
8.512490,936.7573,634.00
8.512490,936.8032,655.00
8.512490,936.8491,593.00
8.512490,936.8950,646.00
8.512490,936.9409,575.00
8.512490,936.9868,725.00
8.512490,937.0327,635.00
8.512490,937.0786,662.00
8.512490,937.1245,633.00
8.512490,937.1704,641.00
8.512490,937.2162,610.00
8.512490,937.2621,677.00
8.512490,937.3080,601.00
8.512490,937.3539,656.00
8.512490,937.3997,624.00
8.512490,937.4455,691.00
8.512490,937.4913,656.00
8.512490,937.5372,674.00
8.512490,937.5831,634.00
8.512490,937.6289,654.00
8.512490,937.6747,615.00
8.512490,937.7205,694.00
8.512490,937.7663,619.00
8.512490,937.8121,713.00
8.512490,937.8579,621.00
8.512490,937.9037,639.00
8.512490,937.9495,663.00
8.512490,937.9952,663.00
8.512490,938.0410,642.00
8.512490,938.0868,670.00
8.512490,938.1325,611.00
8.512490,938.1783,677.00
8.512490,938.2240,635.00
8.512490,938.2698,667.00
8.512490,938.3155,615.00
8.512490,938.3613,649.00
8.512490,938.4069,614.00
8.512490,938.4527,657.00
8.512490,938.4984,619.00
8.512490,938.5441,685.00
8.512490,938.5898,658.00
8.512490,938.6356,673.00
8.512490,938.6812,654.00
8.512490,938.7269,679.00
8.512490,938.7726,622.00
8.512490,938.8182,677.00
8.512490,938.8640,668.00
8.512490,938.9096,687.00
8.512490,938.9552,633.00
8.512490,939.0010,669.00
8.512490,939.0466,662.00
8.512490,939.0922,670.00
8.512490,939.1378,679.00
8.512490,939.1835,700.00
8.512490,939.2291,602.00
8.512490,939.2747,687.00
8.512490,939.3203,641.00
8.512490,939.3659,717.00
8.512490,939.4115,662.00
8.512490,939.4570,701.00
8.512490,939.5027,685.00
8.512490,939.5483,692.00
8.512490,939.5939,636.00
8.512490,939.6395,673.00
8.512490,939.6851,664.00
8.512490,939.7306,710.00
8.512490,939.7761,672.00
8.512490,939.8217,712.00
8.512490,939.8672,664.00
8.512490,939.9127,674.00
8.512490,939.9583,663.00
8.512490,940.0038,698.00
8.512490,940.0493,662.00
8.512490,940.0948,704.00
8.512490,940.1403,629.00
8.512490,940.1859,761.00
8.512490,940.2314,651.00
8.512490,940.2769,699.00
8.512490,940.3223,658.00
8.512490,940.3678,712.00
8.512490,940.4133,666.00
8.512490,940.4588,715.00
8.512490,940.5042,683.00
8.512490,940.5497,737.00
8.512490,940.5952,630.00
8.512490,940.6406,731.00
8.512490,940.6860,687.00
8.512490,940.7315,709.00
8.512490,940.7769,670.00
8.512490,940.8223,699.00
8.512490,940.8677,665.00
8.512490,940.9132,717.00
8.512490,940.9586,672.00
8.512490,941.0040,729.00
8.512490,941.0494,695.00
8.512490,941.0948,700.00
8.512490,941.1402,668.00
8.512490,941.1855,680.00
8.512490,941.2310,632.00
8.512490,941.2762,725.00
8.512490,941.3216,652.00
8.512490,941.3670,740.00
8.512490,941.4124,666.00
8.512490,941.4577,690.00
8.512490,941.5031,676.00
8.512490,941.5483,688.00
8.512490,941.5937,654.00
8.512490,941.6390,715.00
8.512490,941.6843,621.00
8.512490,941.7296,712.00
8.512490,941.7749,654.00
8.512490,941.8203,719.00
8.512490,941.8655,687.00
8.512490,941.9108,688.00
8.512490,941.9561,668.00
8.512490,942.0013,691.00
8.512490,942.0467,649.00
8.512490,942.0920,719.00
8.512490,942.1372,682.00
8.512490,942.1824,692.00
8.512490,942.2277,663.00
8.512490,942.2729,706.00
8.512490,942.3182,647.00
8.512490,942.3634,699.00
8.512490,942.4086,688.00
8.512490,942.4539,681.00
8.512490,942.4990,655.00
8.512490,942.5443,701.00
8.512490,942.5895,659.00
8.512490,942.6347,700.00
8.512490,942.6798,630.00
8.512490,942.7250,689.00
8.512490,942.7702,666.00
8.512490,942.8154,713.00
8.512490,942.8606,632.00
8.512490,942.9058,701.00
8.512490,942.9508,664.00
8.512490,942.9960,715.00
8.512490,943.0412,658.00
8.512490,943.0864,696.00
8.512490,943.1314,654.00
8.512490,943.1766,698.00
8.512490,943.2217,683.00
8.512490,943.2668,743.00
8.512490,943.3120,656.00
8.512490,943.3571,731.00
8.512490,943.4021,693.00
8.512490,943.4473,725.00
8.512490,943.4923,691.00
8.512490,943.5374,690.00
8.512490,943.5825,657.00
8.512490,943.6276,716.00
8.512490,943.6725,620.00
8.512490,943.7177,705.00
8.512490,943.7627,697.00
8.512490,943.8078,684.00
8.512490,943.8528,670.00
8.512490,943.8978,688.00
8.512490,943.9429,654.00
8.512490,943.9879,720.00
8.512490,944.0330,652.00
8.512490,944.0779,707.00
8.512490,944.1229,694.00
8.512490,944.1679,739.00
8.512490,944.2130,680.00
8.512490,944.2579,710.00
8.512490,944.3029,697.00
8.512490,944.3478,687.00
8.512490,944.3929,661.00
8.512490,944.4379,734.00
8.512490,944.4828,675.00
8.512490,944.5277,740.00
8.512490,944.5727,679.00
8.512490,944.6176,708.00
8.512490,944.6626,681.00
8.512490,944.7076,695.00
8.512490,944.7524,642.00
8.512490,944.7974,707.00
8.512490,944.8423,644.00
8.512490,944.8872,738.00
8.512490,944.9321,693.00
8.512490,944.9770,697.00
8.512490,945.0219,675.00
8.512490,945.0667,702.00
8.512490,945.1116,693.00
8.512490,945.1566,688.00
8.512490,945.2014,644.00
8.512490,945.2463,731.00
8.512490,945.2911,645.00
8.512490,945.3360,736.00
8.512490,945.3808,700.00
8.512490,945.4257,708.00
8.512490,945.4705,683.00
8.512490,945.5153,702.00
8.512490,945.5601,618.00
8.512490,945.6050,748.00
8.512490,945.6498,698.00
8.512490,945.6946,735.00
8.512490,945.7394,689.00
8.512490,945.7842,713.00
8.512490,945.8290,664.00
8.512490,945.8738,715.00
8.512490,945.9186,665.00
8.512490,945.9633,702.00
8.512490,946.0081,638.00
8.512490,946.0529,704.00
8.512490,946.0976,683.00
8.512490,946.1423,704.00
8.512490,946.1871,653.00
8.512490,946.2318,697.00
8.512490,946.2766,626.00
8.512490,946.3213,715.00
8.512490,946.3660,648.00
8.512490,946.4107,702.00
8.512490,946.4554,668.00
8.512490,946.5001,729.00
8.512490,946.5449,677.00
8.512490,946.5895,696.00
8.512490,946.6342,667.00
8.512490,946.6789,690.00
8.512490,946.7236,658.00
8.512490,946.7682,704.00
8.512490,946.8129,640.00
8.512490,946.8575,725.00
8.512490,946.9022,655.00
8.512490,946.9468,705.00
8.512490,946.9915,686.00
8.512490,947.0361,698.00
8.512490,947.0807,642.00
8.512490,947.1253,689.00
8.512490,947.1700,642.00
8.512490,947.2146,725.00
8.512490,947.2592,653.00
8.512490,947.3038,709.00
8.512490,947.3483,670.00
8.512490,947.3929,699.00
8.512490,947.4376,632.00
8.512490,947.4821,706.00
8.512490,947.5267,628.00
8.512490,947.5712,715.00
8.512490,947.6158,685.00
8.512490,947.6604,708.00
8.512490,947.7050,657.00
8.512490,947.7495,652.00
8.512490,947.7939,673.00
8.512490,947.8385,700.00
8.512490,947.8831,624.00
8.512490,947.9276,686.00
8.512490,947.9720,656.00
8.512490,948.0166,650.00
8.512490,948.0611,636.00
8.512490,948.1056,676.00
8.512490,948.1501,627.00
8.512490,948.1945,680.00
8.512490,948.2390,647.00
8.512490,948.2835,676.00
8.512490,948.3279,612.00
8.512490,948.3724,661.00
8.512490,948.4169,654.00
8.512490,948.4613,679.00
8.512490,948.5057,640.00
8.512490,948.5502,656.00
8.512490,948.5947,612.00
8.512490,948.6391,683.00
8.512490,948.6835,637.00
8.512490,948.7279,674.00
8.512490,948.7723,666.00
8.512490,948.8167,682.00
8.512490,948.8611,643.00
8.512490,948.9055,640.00
8.512490,948.9498,627.00
8.512490,948.9943,681.00
8.512490,949.0387,653.00
8.512490,949.0830,711.00
8.512490,949.1273,654.00
8.512490,949.1718,695.00
8.512490,949.2161,668.00
8.512490,949.2604,652.00
8.512490,949.3047,627.00
8.512490,949.3491,661.00
8.512490,949.3934,641.00
8.512490,949.4377,680.00
8.512490,949.4821,626.00
8.512490,949.5264,717.00
8.512490,949.5707,664.00
8.512490,949.6150,700.00
8.512490,949.6592,670.00
8.512490,949.7036,677.00
8.512490,949.7479,622.00
8.512490,949.7921,704.00
8.512490,949.8363,630.00
8.512490,949.8806,713.00
8.512490,949.9249,670.00
8.512490,949.9692,717.00
8.512490,950.0134,658.00
8.512490,950.0576,691.00
8.512490,950.1019,668.00
8.512490,950.1461,705.00
8.512490,950.1903,616.00
8.512490,950.2346,709.00
8.512490,950.2787,707.00
8.512490,950.3229,714.00
8.512490,950.3671,642.00
8.512490,950.4114,668.00
8.512490,950.4555,652.00
8.512490,950.4997,683.00
8.512490,950.5439,663.00
8.512490,950.5880,721.00
8.512490,950.6322,616.00
8.512490,950.6763,670.00
8.512490,950.7205,681.00
8.512490,950.7646,685.00
8.512490,950.8088,656.00
8.512490,950.8530,684.00
8.512490,950.8971,677.00
8.512490,950.9412,696.00
8.512490,950.9853,612.00
8.512490,951.0294,722.00
8.512490,951.0735,654.00
8.512490,951.1177,720.00
8.512490,951.1617,688.00
8.512490,951.2057,662.00
8.512490,951.2499,677.00
8.512490,951.2939,661.00
8.512490,951.3380,640.00
8.512490,951.3821,708.00
8.512490,951.4261,661.00
8.512490,951.4702,698.00
8.512490,951.5142,664.00
8.512490,951.5582,690.00
8.512490,951.6024,632.00
8.512490,951.6464,722.00
8.512490,951.6904,663.00
8.512490,951.7344,734.00
8.512490,951.7784,621.00
8.512490,951.8224,714.00
8.512490,951.8665,663.00
8.512490,951.9104,699.00
8.512490,951.9544,659.00
8.512490,951.9984,680.00
8.512490,952.0424,649.00
8.512490,952.0864,687.00
8.512490,952.1303,657.00
8.512490,952.1743,715.00
8.512490,952.2183,666.00
8.512490,952.2621,726.00
8.512490,952.3061,677.00
8.512490,952.3500,706.00
8.512490,952.3940,675.00
8.512490,952.4379,693.00
8.512490,952.4818,651.00
8.512490,952.5258,720.00
8.512490,952.5696,673.00
8.512490,952.6136,729.00
8.512490,952.6574,650.00
8.512490,952.7014,697.00
8.512490,952.7452,648.00
8.512490,952.7891,678.00
8.512490,952.8330,646.00
8.512490,952.8768,697.00
8.512490,952.9207,670.00
8.512490,952.9645,716.00
8.512490,953.0084,669.00
8.512490,953.0522,687.00
8.512490,953.0961,690.00
8.512490,953.1400,677.00
8.512490,953.1838,638.00
8.512490,953.2275,676.00
8.512490,953.2714,661.00
8.512490,953.3152,731.00
8.512490,953.3589,646.00
8.512490,953.4028,695.00
8.512490,953.4466,682.00
8.512490,953.4904,676.00
8.512490,953.5341,671.00
8.512490,953.5779,685.00
8.512490,953.6217,597.00
8.512490,953.6654,679.00
8.512490,953.7092,614.00
8.512490,953.7529,683.00
8.512490,953.7967,636.00
8.512490,953.8405,678.00
8.512490,953.8842,635.00
8.512490,953.9279,653.00
8.512490,953.9716,647.00
8.512490,954.0153,654.00
8.512490,954.0590,601.00
8.512490,954.1027,651.00
8.512490,954.1464,662.00
8.512490,954.1901,665.00
8.512490,954.2338,659.00
8.512490,954.2774,658.00
8.512490,954.3212,609.00
8.512490,954.3648,661.00
8.512490,954.4084,630.00
8.512490,954.4521,661.00
8.512490,954.4958,659.00
8.512490,954.5394,640.00
8.512490,954.5831,642.00
8.512490,954.6267,663.00
8.512490,954.6703,648.00
8.512490,954.7139,653.00
8.512490,954.7576,628.00
8.512490,954.8012,659.00
8.512490,954.8448,623.00
8.512490,954.8884,698.00
8.512490,954.9319,630.00
8.512490,954.9755,674.00
8.512490,955.0191,639.00
8.512490,955.0627,643.00
8.512490,955.1063,611.00
8.512490,955.1498,639.00
8.512490,955.1934,583.00
8.512490,955.2369,663.00
8.512490,955.2805,623.00
8.512490,955.3240,661.00
8.512490,955.3675,643.00
8.512490,955.4111,635.00
8.512490,955.4546,605.00
8.512490,955.4981,653.00
8.512490,955.5416,612.00
8.512490,955.5851,683.00
8.512490,955.6285,627.00
8.512490,955.6722,656.00
8.512490,955.7156,636.00
8.512490,955.7590,676.00
8.512490,955.8025,641.00
8.512490,955.8460,669.00
8.512490,955.8895,606.00
8.512490,955.9329,670.00
8.512490,955.9764,598.00
8.512490,956.0198,662.00
8.512490,956.0632,650.00
8.512490,956.1067,691.00
8.512490,956.1501,647.00
8.512490,956.1935,671.00
8.512490,956.2369,607.00
8.512490,956.2803,669.00
8.512490,956.3238,607.00
8.512490,956.3671,687.00
8.512490,956.4105,635.00
8.512490,956.4539,669.00
8.512490,956.4973,632.00
8.512490,956.5406,649.00
8.512490,956.5841,641.00
8.512490,956.6274,655.00
8.512490,956.6707,600.00
8.512490,956.7141,688.00
8.512490,956.7575,630.00
8.512490,956.8008,666.00
8.512490,956.8442,621.00
8.512490,956.8875,656.00
8.512490,956.9308,656.00
8.512490,956.9741,663.00
8.512490,957.0174,635.00
8.512490,957.0607,666.00
8.512490,957.1040,614.00
8.512490,957.1473,686.00
8.512490,957.1906,615.00
8.512490,957.2339,665.00
8.512490,957.2772,647.00
8.512490,957.3204,695.00
8.512490,957.3636,645.00
8.512490,957.4069,645.00
8.512490,957.4502,612.00
8.512490,957.4934,689.00
8.512490,957.5366,631.00
8.512490,957.5799,664.00
8.512490,957.6230,646.00
8.512490,957.6664,682.00
8.512490,957.7095,650.00
8.512490,957.7527,677.00
8.512490,957.7959,634.00
8.512490,957.8392,681.00
8.512490,957.8823,645.00
8.512490,957.9255,729.00
8.512490,957.9687,664.00
8.512490,958.0118,685.00
8.512490,958.0551,662.00
8.512490,958.0983,690.00
8.512490,958.1414,606.00
8.512490,958.1845,680.00
8.512490,958.2277,646.00
8.512490,958.2708,707.00
8.512490,958.3139,643.00
8.512490,958.3571,705.00
8.512490,958.4001,628.00
8.512490,958.4432,703.00
8.512490,958.4864,657.00
8.512490,958.5295,695.00
8.512490,958.5726,668.00
8.512490,958.6157,698.00
8.512490,958.6588,653.00
8.512490,958.7018,704.00
8.512490,958.7449,635.00
8.512490,958.7879,688.00
8.512490,958.8311,647.00
8.512490,958.8741,704.00
8.512490,958.9171,622.00
8.512490,958.9601,671.00
8.512490,959.0032,648.00
8.512490,959.0463,701.00
8.512490,959.0893,672.00
8.512490,959.1323,681.00
8.512490,959.1752,667.00
8.512490,959.2183,682.00
8.512490,959.2613,632.00
8.512490,959.3043,664.00
8.512490,959.3472,628.00
8.512490,959.3903,687.00
8.512490,959.4332,639.00
8.512490,959.4763,676.00
8.512490,959.5192,648.00
8.512490,959.5621,648.00
8.512490,959.6051,653.00
8.512490,959.6480,675.00
8.512490,959.6910,586.00
8.512490,959.7339,666.00
8.512490,959.7768,632.00
8.512490,959.8198,660.00
8.512490,959.8627,641.00
8.512490,959.9056,671.00
8.512490,959.9485,635.00
8.512490,959.9915,632.00
8.512490,960.0343,600.00
8.512490,960.0771,702.00
8.512490,960.1201,637.00
8.512490,960.1630,677.00
8.512490,960.2058,638.00
8.512490,960.2487,660.00
8.512490,960.2915,621.00
8.512490,960.3344,628.00
8.512490,960.3773,584.00
8.512490,960.4200,667.00
8.512490,960.4629,576.00
8.512490,960.5057,656.00
8.512490,960.5485,614.00
8.512490,960.5914,636.00
8.512490,960.6342,657.00
8.512490,960.6770,616.00
8.512490,960.7198,616.00
8.512490,960.7626,625.00
8.512490,960.8054,600.00
8.512490,960.8481,668.00
8.512490,960.8909,644.00
8.512490,960.9337,650.00
8.512490,960.9764,624.00
8.512490,961.0192,650.00
8.512490,961.0620,598.00
8.512490,961.1047,626.00
8.512490,961.1475,619.00
8.512490,961.1902,650.00
8.512490,961.2329,603.00
8.512490,961.2757,649.00
8.512490,961.3184,635.00
8.512490,961.3611,613.00
8.512490,961.4037,615.00
8.512490,961.4465,655.00
8.512490,961.4892,614.00
8.512490,961.5319,655.00
8.512490,961.5745,598.00
8.512490,961.6172,697.00
8.512490,961.6599,623.00
8.512490,961.7026,671.00
8.512490,961.7452,635.00
8.512490,961.7878,635.00
8.512490,961.8304,658.00
8.512490,961.8731,665.00
8.512490,961.9157,611.00
8.512490,961.9584,649.00
8.512490,962.0010,635.00
8.512490,962.0436,665.00
8.512490,962.0862,630.00
8.512490,962.1288,667.00
8.512490,962.1714,610.00
8.512490,962.2140,637.00
8.512490,962.2565,570.00
8.512490,962.2991,661.00
8.512490,962.3417,581.00
8.512490,962.3843,671.00
8.512490,962.4268,660.00
8.512490,962.4694,635.00
8.512490,962.5119,638.00
8.512490,962.5545,668.00
8.512490,962.5970,619.00
8.512490,962.6396,674.00
8.512490,962.6821,593.00
8.512490,962.7246,723.00
8.512490,962.7671,634.00
8.512490,962.8096,665.00
8.512490,962.8522,631.00
8.512490,962.8947,612.00
8.512490,962.9371,601.00
8.512490,962.9796,665.00
8.512490,963.0222,632.00
8.512490,963.0646,667.00
8.512490,963.1070,604.00
8.512490,963.1495,616.00
8.512490,963.1919,626.00
8.512490,963.2344,660.00
8.512490,963.2768,619.00
8.512490,963.3193,666.00
8.512490,963.3616,610.00
8.512490,963.4041,669.00
8.512490,963.4465,598.00
8.512490,963.4889,683.00
8.512490,963.5314,627.00
8.512490,963.5737,683.00
8.512490,963.6161,642.00
8.512490,963.6585,627.00
8.512490,963.7009,583.00
8.512490,963.7433,631.00
8.512490,963.7856,615.00
8.512490,963.8280,677.00
8.512490,963.8704,611.00
8.512490,963.9127,661.00
8.512490,963.9551,631.00
8.512490,963.9974,633.00
8.512490,964.0397,638.00
8.512490,964.0820,627.00
8.512490,964.1244,614.00
8.512490,964.1667,667.00
8.512490,964.2090,608.00
8.512490,964.2513,671.00
8.512490,964.2936,605.00
8.512490,964.3359,653.00
8.512490,964.3782,599.00
8.512490,964.4205,646.00
8.512490,964.4627,609.00
8.512490,964.5050,666.00
8.512490,964.5472,598.00
8.512490,964.5895,671.00
8.512490,964.6317,635.00
8.512490,964.6740,646.00
8.512490,964.7162,635.00
8.512490,964.7585,629.00
8.512490,964.8007,599.00
8.512490,964.8429,629.00
8.512490,964.8851,593.00
8.512490,964.9273,681.00
8.512490,964.9695,604.00
8.512490,965.0118,655.00
8.512490,965.0539,604.00
8.512490,965.0961,630.00
8.512490,965.1382,660.00
8.512490,965.1805,658.00
8.512490,965.2226,605.00
8.512490,965.2648,674.00
8.512490,965.3069,599.00
8.512490,965.3491,660.00
8.512490,965.3912,635.00
8.512490,965.4333,670.00
8.512490,965.4755,611.00
8.512490,965.5176,657.00
8.512490,965.5598,586.00
8.512490,965.6019,703.00
8.512490,965.6439,619.00
8.512490,965.6861,669.00
8.512490,965.7281,594.00
8.512490,965.7702,625.00
8.512490,965.8123,587.00
8.512490,965.8543,629.00
8.512490,965.8964,574.00
8.512490,965.9385,657.00
8.512490,965.9806,602.00
8.512490,966.0226,657.00
8.512490,966.0647,588.00
8.512490,966.1068,625.00
8.512490,966.1487,620.00
8.512490,966.1907,625.00
8.512490,966.2328,614.00
8.512490,966.2748,650.00
8.512490,966.3168,618.00
8.512490,966.3588,638.00
8.512490,966.4008,612.00
8.512490,966.4427,633.00
8.512490,966.4848,583.00
8.512490,966.5268,631.00
8.512490,966.5688,605.00
8.512490,966.6107,640.00
8.512490,966.6526,594.00
8.512490,966.6946,661.00
8.512490,966.7366,597.00
8.512490,966.7785,664.00
8.512490,966.8204,644.00
8.512490,966.8624,633.00
8.512490,966.9042,632.00
8.512490,966.9462,620.00
8.512490,966.9881,590.00
8.512490,967.0300,648.00
8.512490,967.0719,582.00
8.512490,967.1138,678.00
8.512490,967.1556,612.00
8.512490,967.1976,657.00
8.512490,967.2394,612.00
8.512490,967.2813,635.00
8.512490,967.3232,593.00
8.512490,967.3651,632.00
8.512490,967.4070,570.00
8.512490,967.4488,660.00
8.512490,967.4906,623.00
8.512490,967.5324,676.00
8.512490,967.5743,650.00
8.512490,967.6161,643.00
8.512490,967.6579,622.00
8.512490,967.6997,657.00
8.512490,967.7415,614.00
8.512490,967.7833,667.00
8.512490,967.8251,591.00
8.512490,967.8669,651.00
8.512490,967.9087,640.00
8.512490,967.9504,643.00
8.512490,967.9922,657.00
8.512490,968.0339,655.00
8.512490,968.0757,599.00
8.512490,968.1174,648.00
8.512490,968.1592,601.00
8.512490,968.2009,668.00
8.512490,968.2427,615.00
8.512490,968.2844,659.00
8.512490,968.3262,666.00
8.512490,968.3679,642.00
8.512490,968.4095,632.00
8.512490,968.4512,625.00
8.512490,968.4930,605.00
8.512490,968.5347,683.00
8.512490,968.5763,629.00
8.512490,968.6180,676.00
8.512490,968.6597,590.00
8.512490,968.7014,674.00
8.512490,968.7430,629.00
8.512490,968.7846,658.00
8.512490,968.8263,628.00
8.512490,968.8679,663.00
8.512490,968.9095,617.00
8.512490,968.9512,676.00
8.512490,968.9928,655.00
8.512490,969.0344,650.00
8.512490,969.0761,649.00
8.512490,969.1177,640.00
8.512490,969.1592,600.00
8.512490,969.2009,657.00
8.512490,969.2424,609.00
8.512490,969.2839,650.00
8.512490,969.3255,612.00
8.512490,969.3672,668.00
8.512490,969.4087,636.00
8.512490,969.4503,664.00
8.512490,969.4918,603.00
8.512490,969.5333,606.00
8.512490,969.5749,578.00
8.512490,969.6165,664.00
8.512490,969.6580,614.00
8.512490,969.6995,643.00
8.512490,969.7410,649.00
8.512490,969.7825,641.00
8.512490,969.8240,632.00
8.512490,969.8655,643.00
8.512490,969.9070,599.00
8.512490,969.9484,680.00
8.512490,969.9899,586.00
8.512490,970.0314,628.00
8.512490,970.0728,621.00
8.512490,970.1143,643.00
8.512490,970.1558,638.00
8.512490,970.1971,645.00
8.512490,970.2386,598.00
8.512490,970.2801,618.00
8.512490,970.3215,589.00
8.512490,970.3629,659.00
8.512490,970.4044,588.00
8.512490,970.4457,633.00
8.512490,970.4872,625.00
8.512490,970.5286,620.00
8.512490,970.5699,607.00
8.512490,970.6113,654.00
8.512490,970.6527,562.00
8.512490,970.6941,652.00
8.512490,970.7354,588.00
8.512490,970.7768,625.00
8.512490,970.8182,625.00
8.512490,970.8595,651.00
8.512490,970.9009,598.00
8.512490,970.9422,616.00
8.512490,970.9835,574.00
8.512490,971.0248,642.00
8.512490,971.0662,565.00
8.512490,971.1075,643.00
8.512490,971.1487,618.00
8.512490,971.1901,623.00
8.512490,971.2314,643.00
8.512490,971.2727,602.00
8.512490,971.3140,585.00
8.512490,971.3552,643.00
8.512490,971.3965,545.00
8.512490,971.4377,659.00
8.512490,971.4789,589.00
8.512490,971.5203,604.00
8.512490,971.5615,621.00
8.512490,971.6027,616.00
8.512490,971.6439,601.00
8.512490,971.6852,604.00
8.512490,971.7264,590.00
8.512490,971.7676,640.00
8.512490,971.8088,596.00
8.512490,971.8500,630.00
8.512490,971.8912,610.00
8.512490,971.9324,615.00
8.512490,971.9736,642.00
8.512490,972.0148,614.00
8.512490,972.0560,611.00
8.512490,972.0972,641.00
8.512490,972.1384,583.00
8.512490,972.1794,647.00
8.512490,972.2206,609.00
8.512490,972.2617,587.00
8.512490,972.3029,608.00
8.512490,972.3439,585.00
8.512490,972.3851,569.00
8.512490,972.4262,586.00
8.512490,972.4673,525.00
8.512490,972.5085,638.00
8.512490,972.5496,566.00
8.512490,972.5907,622.00
8.512490,972.6317,609.00
8.512490,972.6729,602.00
8.512490,972.7139,555.00
8.512490,972.7549,607.00
8.512490,972.7961,557.00
8.512490,972.8371,612.00
8.512490,972.8781,579.00
8.512490,972.9191,671.00
8.512490,972.9602,619.00
8.512490,973.0013,636.00
8.512490,973.0423,598.00
8.512490,973.0833,599.00
8.512490,973.1243,531.00
8.512490,973.1653,615.00
8.512490,973.2064,576.00
8.512490,973.2473,639.00
8.512490,973.2883,601.00
8.512490,973.3293,621.00
8.512490,973.3703,567.00
8.512490,973.4113,628.00
8.512490,973.4522,587.00
8.512490,973.4931,616.00
8.512490,973.5341,580.00
8.512490,973.5750,627.00
8.512490,973.6160,594.00
8.512490,973.6570,641.00
8.512490,973.6978,624.00
8.512490,973.7388,620.00
8.512490,973.7797,587.00
8.512490,973.8206,597.00
8.512490,973.8615,576.00
8.512490,973.9024,620.00
8.512490,973.9433,586.00
8.512490,973.9842,651.00
8.512490,974.0250,592.00
8.512490,974.0660,634.00
8.512490,974.1068,616.00
8.512490,974.1476,639.00
8.512490,974.1885,557.00
8.512490,974.2294,610.00
8.512490,974.2702,595.00
8.512490,974.3110,666.00
8.512490,974.3519,621.00
8.512490,974.3927,652.00
8.512490,974.4335,643.00
8.512490,974.4743,639.00
8.512490,974.5151,597.00
8.512490,974.5559,678.00
8.512490,974.5967,588.00
8.512490,974.6375,685.00
8.512490,974.6783,597.00
8.512490,974.7191,670.00
8.512490,974.7598,615.00
8.512490,974.8006,664.00
8.512490,974.8413,624.00
8.512490,974.8821,644.00
8.512490,974.9229,611.00
8.512490,974.9636,675.00
8.512490,975.0043,616.00
8.512490,975.0450,676.00
8.512490,975.0858,616.00
8.512490,975.1265,661.00
8.512490,975.1672,619.00
8.512490,975.2079,656.00
8.512490,975.2485,616.00
8.512490,975.2892,676.00
8.512490,975.3300,626.00
8.512490,975.3706,685.00
8.512490,975.4113,650.00
8.512490,975.4519,686.00
8.512490,975.4926,648.00
8.512490,975.5333,671.00
8.512490,975.5739,604.00
8.512490,975.6146,661.00
8.512490,975.6552,601.00
8.512490,975.6958,670.00
8.512490,975.7363,617.00
8.512490,975.7770,672.00
8.512490,975.8176,644.00
8.512490,975.8582,684.00
8.512490,975.8989,647.00
8.512490,975.9395,648.00
8.512490,975.9800,624.00
8.512490,976.0206,670.00
8.512490,976.0611,608.00
8.512490,976.1017,679.00
8.512490,976.1423,622.00
8.512490,976.1829,672.00
8.512490,976.2234,621.00
8.512490,976.2639,654.00
8.512490,976.3044,609.00
8.512490,976.3450,619.00
8.512490,976.3855,594.00
8.512490,976.4260,654.00
8.512490,976.4665,649.00
8.512490,976.5070,666.00
8.512490,976.5475,625.00
8.512490,976.5880,653.00
8.512490,976.6285,575.00
8.512490,976.6690,662.00
8.512490,976.7095,577.00
8.512490,976.7500,670.00
8.512490,976.7905,592.00
8.512490,976.8308,695.00
8.512490,976.8713,647.00
8.512490,976.9117,650.00
8.512490,976.9521,623.00
8.512490,976.9926,644.00
8.512490,977.0330,599.00
8.512490,977.0734,651.00
8.512490,977.1139,617.00
8.512490,977.1542,655.00
8.512490,977.1947,626.00
8.512490,977.2350,681.00
8.512490,977.2755,607.00
8.512490,977.3158,636.00
8.512490,977.3562,589.00
8.512490,977.3965,639.00
8.512490,977.4370,596.00
8.512490,977.4773,663.00
8.512490,977.5176,590.00
8.512490,977.5579,628.00
8.512490,977.5983,587.00
8.512490,977.6387,630.00
8.512490,977.6790,577.00
8.512490,977.7192,601.00
8.512490,977.7595,594.00
8.512490,977.7999,653.00
8.512490,977.8402,583.00
8.512490,977.8805,616.00
8.512490,977.9208,578.00
8.512490,977.9610,595.00
8.512490,978.0013,578.00
8.512490,978.0417,603.00
8.512490,978.0819,546.00
8.512490,978.1221,583.00
8.512490,978.1624,559.00
8.512490,978.2026,589.00
8.512490,978.2428,539.00
8.512490,978.2831,607.00
8.512490,978.3233,615.00
8.512490,978.3635,581.00
8.512490,978.4037,574.00
8.512490,978.4440,623.00
8.512490,978.4842,559.00
8.512490,978.5244,623.00
8.512490,978.5645,614.00
8.512490,978.6047,601.00
8.512490,978.6449,555.00
8.512490,978.6851,607.00
8.512490,978.7253,569.00
8.512490,978.7654,605.00
8.512490,978.8055,568.00
8.512490,978.8458,615.00
8.512490,978.8859,553.00
8.512490,978.9260,602.00
8.512490,978.9661,582.00
8.512490,979.0062,590.00
8.512490,979.0463,587.00
8.512490,979.0864,568.00
8.512490,979.1266,543.00
8.512490,979.1666,611.00
8.512490,979.2067,541.00
8.512490,979.2469,585.00
8.512490,979.2869,594.00
8.512490,979.3270,611.00
8.512490,979.3671,577.00
8.512490,979.4071,602.00
8.512490,979.4471,534.00
8.512490,979.4871,601.00
8.512490,979.5272,547.00
8.512490,979.5673,642.00
8.512490,979.6072,591.00
8.512490,979.6473,605.00
8.512490,979.6873,588.00
8.512490,979.7273,589.00
8.512490,979.7673,547.00
8.512490,979.8073,585.00
8.512490,979.8473,534.00
8.512490,979.8873,612.00
8.512490,979.9273,542.00
8.512490,979.9673,617.00
8.512490,980.0072,574.00
8.512490,980.0471,575.00
8.512490,980.0872,578.00
8.512490,980.1271,601.00
8.512490,980.1671,554.00
8.512490,980.2069,617.00
8.512490,980.2469,563.00
8.512490,980.2868,631.00
8.512490,980.3267,586.00
8.512490,980.3666,627.00
8.512490,980.4065,590.00
8.512490,980.4464,623.00
8.512490,980.4863,589.00
8.512490,980.5262,609.00
8.512490,980.5660,549.00
8.512490,980.6060,645.00
8.512490,980.6458,565.00
8.512490,980.6857,618.00
8.512490,980.7255,592.00
8.512490,980.7654,612.00
8.512490,980.8052,544.00
8.512490,980.8450,592.00
8.512490,980.8849,545.00
8.512490,980.9247,618.00
8.512490,980.9645,580.00
8.512490,981.0043,620.00
8.512490,981.0441,610.00
8.512490,981.0839,624.00
8.512490,981.1237,601.00
8.512490,981.1635,610.00
8.512490,981.2033,508.00
8.512490,981.2430,623.00
8.512490,981.2828,530.00
8.512490,981.3226,610.00
8.512490,981.3624,577.00
8.512490,981.4021,596.00
8.512490,981.4418,545.00
8.512490,981.4816,595.00
8.512490,981.5213,547.00
8.512490,981.5610,620.00
8.512490,981.6008,550.00
8.512490,981.6404,614.00
8.512490,981.6802,565.00
8.512490,981.7198,599.00
8.512490,981.7596,590.00
8.512490,981.7993,597.00
8.512490,981.8389,535.00
8.512490,981.8786,614.00
8.512490,981.9182,543.00
8.512490,981.9579,599.00
8.512490,981.9976,558.00
8.512490,982.0372,595.00
8.512490,982.0768,567.00
8.512490,982.1165,569.00
8.512490,982.1561,547.00
8.512490,982.1958,569.00
8.512490,982.2354,509.00
8.512490,982.2750,597.00
8.512490,982.3146,528.00
8.512490,982.3541,605.00
8.512490,982.3937,564.00
8.512490,982.4333,586.00
8.512490,982.4730,570.00
8.512490,982.5125,598.00
8.512490,982.5521,514.00
8.512490,982.5917,578.00
8.512490,982.6312,515.00
8.512490,982.6707,599.00
8.512490,982.7103,551.00
8.512490,982.7498,591.00
8.512490,982.7893,569.00
8.512490,982.8289,587.00
8.512490,982.8683,515.00
8.512490,982.9079,571.00
8.512490,982.9474,531.00
8.512490,982.9869,608.00
8.512490,983.0264,507.00
8.512490,983.0659,597.00
8.512490,983.1053,579.00
8.512490,983.1448,589.00
8.512490,983.1843,574.00
8.512490,983.2238,615.00
8.512490,983.2632,578.00
8.512490,983.3027,617.00
8.512490,983.3420,584.00
8.512490,983.3816,621.00
8.512490,983.4210,579.00
8.512490,983.4604,575.00
8.512490,983.4998,570.00
8.512490,983.5392,582.00
8.512490,983.5786,526.00
8.512490,983.6180,591.00
8.512490,983.6574,533.00
8.512490,983.6968,615.00
8.512490,983.7361,567.00
8.512490,983.7755,629.00
8.512490,983.8149,539.00
8.512490,983.8543,564.00
8.512490,983.8936,559.00
8.512490,983.9329,565.00
8.512490,983.9723,532.00
8.512490,984.0116,577.00
8.512490,984.0510,552.00
8.512490,984.0903,623.00
8.512490,984.1296,584.00
8.512490,984.1689,588.00
8.512490,984.2083,592.00
8.512490,984.2476,588.00
8.512490,984.2868,533.00
8.512490,984.3261,604.00
8.512490,984.3654,532.00
8.512490,984.4046,606.00
8.512490,984.4440,570.00
8.512490,984.4832,574.00
8.512490,984.5225,528.00
8.512490,984.5616,566.00
8.512490,984.6010,515.00
8.512490,984.6402,571.00
8.512490,984.6794,515.00
8.512490,984.7186,640.00
8.512490,984.7578,573.00
8.512490,984.7970,605.00
8.512490,984.8362,567.00
8.512490,984.8755,549.00
8.512490,984.9146,578.00
8.512490,984.9538,580.00
8.512490,984.9930,534.00
8.512490,985.0322,607.00
8.512490,985.0714,556.00
8.512490,985.1105,595.00
8.512490,985.1497,546.00
8.512490,985.1888,583.00
8.512490,985.2279,587.00
8.512490,985.2671,580.00
8.512490,985.3062,537.00
8.512490,985.3453,577.00
8.512490,985.3845,545.00
8.512490,985.4236,603.00
8.512490,985.4626,534.00
8.512490,985.5017,588.00
8.512490,985.5408,598.00
8.512490,985.5799,600.00
8.512490,985.6190,529.00
8.512490,985.6581,581.00
8.512490,985.6971,524.00
8.512490,985.7362,595.00
8.512490,985.7752,556.00
8.512490,985.8143,576.00
8.512490,985.8533,532.00
8.512490,985.8924,590.00
8.512490,985.9314,547.00
8.512490,985.9704,570.00
8.512490,986.0094,522.00
8.512490,986.0484,588.00
8.512490,986.0875,523.00
8.512490,986.1265,617.00
8.512490,986.1655,561.00
8.512490,986.2044,565.00
8.512490,986.2434,550.00
8.512490,986.2823,561.00
8.512490,986.3214,520.00
8.512490,986.3603,554.00
8.512490,986.3992,482.00
8.512490,986.4382,581.00
8.512490,986.4771,542.00
8.512490,986.5161,604.00
8.512490,986.5550,551.00
8.512490,986.5939,565.00
8.512490,986.6329,550.00
8.512490,986.6718,543.00
8.512490,986.7106,504.00
8.512490,986.7495,573.00
8.512490,986.7884,544.00
8.512490,986.8273,585.00
8.512490,986.8661,543.00
8.512490,986.9050,596.00
8.512490,986.9438,538.00
8.512490,986.9828,560.00
8.512490,987.0216,510.00
8.512490,987.0605,589.00
8.512490,987.0993,504.00
8.512490,987.1381,587.00
8.512490,987.1769,534.00
8.512490,987.2158,539.00
8.512490,987.2546,528.00
8.512490,987.2934,578.00
8.512490,987.3322,495.00
8.512490,987.3710,561.00
8.512490,987.4097,473.00
8.512490,987.4486,536.00
8.512490,987.4873,545.00
8.512490,987.5261,559.00
8.512490,987.5649,534.00
8.512490,987.6036,532.00
8.512490,987.6423,476.00
8.512490,987.6812,582.00
8.512490,987.7198,493.00
8.512490,987.7586,579.00
8.512490,987.7972,536.00
8.512490,987.8361,560.00
8.512490,987.8748,541.00
8.512490,987.9135,536.00
8.512490,987.9521,519.00
8.512490,987.9908,558.00
8.512490,988.0295,500.00
8.512490,988.0681,564.00
8.512490,988.1069,504.00
8.512490,988.1456,579.00
8.512490,988.1842,547.00
8.512490,988.2228,574.00
8.512490,988.2615,568.00
8.512490,988.3002,556.00
8.512490,988.3388,451.00
8.512490,988.3774,557.00
8.512490,988.4160,529.00
8.512490,988.4546,574.00
8.512490,988.4933,532.00
8.512490,988.5319,563.00
8.512490,988.5704,510.00
8.512490,988.6090,504.00
8.512490,988.6476,505.00
8.512490,988.6862,554.00
8.512490,988.7248,513.00
8.512490,988.7634,607.00
8.512490,988.8019,512.00
8.512490,988.8405,548.00
8.512490,988.8790,515.00
8.512490,988.9176,540.00
8.512490,988.9561,505.00
8.512490,988.9946,520.00
8.512490,989.0332,512.00
8.512490,989.0717,541.00
8.512490,989.1102,500.00
8.512490,989.1487,548.00
8.512490,989.1871,498.00
8.512490,989.2256,542.00
8.512490,989.2641,550.00
8.512490,989.3027,514.00
8.512490,989.3411,522.00
8.512490,989.3795,549.00
8.512490,989.4180,487.00
8.512490,989.4565,583.00
8.512490,989.4949,477.00
8.512490,989.5334,539.00
8.512490,989.5718,526.00
8.512490,989.6102,513.00
8.512490,989.6486,549.00
8.512490,989.6871,562.00
8.512490,989.7255,507.00
8.512490,989.7639,519.00
8.512490,989.8022,490.00
8.512490,989.8407,548.00
8.512490,989.8791,535.00
8.512490,989.9174,559.00
8.512490,989.9558,495.00
8.512490,989.9941,547.00
8.512490,990.0325,504.00
8.512490,990.0709,593.00
8.512490,990.1093,513.00
8.512490,990.1475,535.00
8.512490,990.1859,559.00
8.512490,990.2242,544.00
8.512490,990.2626,502.00
8.512490,990.3008,538.00
8.512490,990.3391,475.00
8.512490,990.3774,563.00
8.512490,990.4157,526.00
8.512490,990.4540,563.00
8.512490,990.4924,497.00
8.512490,990.5306,559.00
8.512490,990.5688,525.00
8.512490,990.6071,533.00
8.512490,990.6454,495.00
8.512490,990.6837,540.00
8.512490,990.7219,487.00
8.512490,990.7601,566.00
8.512490,990.7983,516.00
8.512490,990.8365,587.00
8.512490,990.8748,532.00
8.512490,990.9130,529.00
8.512490,990.9512,561.00
8.512490,990.9893,580.00
8.512490,991.0276,521.00
8.512490,991.0658,538.00
8.512490,991.1039,506.00
8.512490,991.1421,558.00
8.512490,991.1802,544.00
8.512490,991.2184,566.00
8.512490,991.2565,527.00
8.512490,991.2947,559.00
8.512490,991.3329,489.00
8.512490,991.3710,554.00
8.512490,991.4091,525.00
8.512490,991.4473,607.00
8.512490,991.4854,503.00
8.512490,991.5234,578.00
8.512490,991.5616,549.00
8.512490,991.5997,554.00
8.512490,991.6378,563.00
8.512490,991.6758,579.00
8.512490,991.7139,521.00
8.512490,991.7520,586.00
8.512490,991.7900,525.00
8.512490,991.8282,571.00
8.512490,991.8661,519.00
8.512490,991.9042,536.00
8.512490,991.9422,529.00
8.512490,991.9803,560.00
8.512490,992.0182,489.00
8.512490,992.0563,583.00
8.512490,992.0944,498.00
8.512490,992.1323,572.00
8.512490,992.1703,540.00
8.512490,992.2084,582.00
8.512490,992.2463,541.00
8.512490,992.2844,573.00
8.512490,992.3223,514.00
8.512490,992.3602,588.00
8.512490,992.3982,533.00
8.512490,992.4362,598.00
8.512490,992.4741,550.00
8.512490,992.5120,609.00
8.512490,992.5500,560.00
8.512490,992.5879,534.00
8.512490,992.6259,561.00
8.512490,992.6638,597.00
8.512490,992.7017,522.00
8.512490,992.7396,562.00
8.512490,992.7775,541.00
8.512490,992.8154,584.00
8.512490,992.8533,550.00
8.512490,992.8912,537.00
8.512490,992.9290,565.00
8.512490,992.9669,570.00
8.512490,993.0048,520.00
8.512490,993.0426,599.00
8.512490,993.0804,562.00
8.512490,993.1183,586.00
8.512490,993.1561,559.00
8.512490,993.1940,586.00
8.512490,993.2318,571.00
8.512490,993.2696,567.00
8.512490,993.3074,509.00
8.512490,993.3452,571.00
8.512490,993.3830,517.00
8.512490,993.4208,587.00
8.512490,993.4586,523.00
8.512490,993.4963,566.00
8.512490,993.5341,543.00
8.512490,993.5719,516.00
8.512490,993.6096,503.00
8.512490,993.6474,585.00
8.512490,993.6851,499.00
8.512490,993.7228,555.00
8.512490,993.7606,562.00
8.512490,993.7984,551.00
8.512490,993.8361,526.00
8.512490,993.8738,597.00
8.512490,993.9115,527.00
8.512490,993.9492,557.00
8.512490,993.9869,507.00
8.512490,994.0245,591.00
8.512490,994.0622,526.00
8.512490,994.0999,571.00
8.512490,994.1376,528.00
8.512490,994.1753,555.00
8.512490,994.2130,561.00
8.512490,994.2505,549.00
8.512490,994.2881,523.00
8.512490,994.3258,604.00
8.512490,994.3634,539.00
8.512490,994.4010,584.00
8.512490,994.4387,514.00
8.512490,994.4763,569.00
8.512490,994.5139,540.00
8.512490,994.5515,507.00
8.512490,994.5891,484.00
8.512490,994.6266,535.00
8.512490,994.6642,498.00
8.512490,994.7018,532.00
8.512490,994.7393,519.00
8.512490,994.7769,560.00
8.512490,994.8145,505.00
8.512490,994.8521,535.00
8.512490,994.8895,508.00
8.512490,994.9271,559.00
8.512490,994.9647,492.00
8.512490,995.0022,574.00
8.512490,995.0397,485.00
8.512490,995.0771,522.00
8.512490,995.1146,515.00
8.512490,995.1522,538.00
8.512490,995.1896,497.00
8.512490,995.2271,536.00
8.512490,995.2646,469.00
8.512490,995.3021,537.00
8.512490,995.3396,507.00
8.512490,995.3770,578.00
8.512490,995.4145,534.00
8.512490,995.4518,560.00
8.512490,995.4893,522.00
8.512490,995.5267,523.00
8.512490,995.5641,519.00
8.512490,995.6016,533.00
8.512490,995.6390,506.00
8.512490,995.6765,551.00
8.512490,995.7138,503.00
8.512490,995.7512,509.00
8.512490,995.7886,520.00
8.512490,995.8260,541.00
8.512490,995.8633,505.00
8.512490,995.9007,537.00
8.512490,995.9380,482.00
8.512490,995.9754,532.00
8.512490,996.0128,492.00
8.512490,996.0501,560.00
8.512490,996.0874,540.00
8.512490,996.1248,543.00
8.512490,996.1621,520.00
8.512490,996.1994,568.00
8.512490,996.2367,480.00
8.512490,996.2740,516.00
8.512490,996.3113,467.00
8.512490,996.3486,534.00
8.512490,996.3859,528.00
8.512490,996.4232,556.00
8.512490,996.4604,550.00
8.512490,996.4977,511.00
8.512490,996.5350,501.00
8.512490,996.5722,520.00
8.512490,996.6094,476.00
8.512490,996.6466,605.00
8.512490,996.6838,523.00
8.512490,996.7211,578.00
8.512490,996.7583,532.00
8.512490,996.7955,554.00
8.512490,996.8327,526.00
8.512490,996.8700,557.00
8.512490,996.9072,487.00
8.512490,996.9443,556.00
8.512490,996.9815,499.00
8.512490,997.0187,539.00
8.512490,997.0558,532.00
8.512490,997.0930,539.00
8.512490,997.1301,536.00
8.512490,997.1672,569.00
8.512490,997.2045,527.00
8.512490,997.2416,592.00
8.512490,997.2787,507.00
8.512490,997.3158,624.00
8.512490,997.3530,526.00
8.512490,997.3900,529.00
8.512490,997.4271,552.00
8.512490,997.4642,515.00
8.512490,997.5013,528.00
8.512490,997.5384,557.00
8.512490,997.5754,482.00
8.512490,997.6126,602.00
8.512490,997.6497,507.00
8.512490,997.6867,550.00
8.512490,997.7238,546.00
8.512490,997.7607,561.00
8.512490,997.7978,529.00
8.512490,997.8348,583.00
8.512490,997.8718,507.00
8.512490,997.9088,575.00
8.512490,997.9458,512.00
8.512490,997.9829,578.00
8.512490,998.0200,547.00
8.512490,998.0569,559.00
8.512490,998.0939,505.00
8.512490,998.1309,552.00
8.512490,998.1678,493.00
8.512490,998.2048,569.00
8.512490,998.2417,519.00
8.512490,998.2786,606.00
8.512490,998.3156,510.00
8.512490,998.3525,574.00
8.512490,998.3896,554.00
8.512490,998.4265,541.00
8.512490,998.4633,545.00
8.512490,998.5003,587.00
8.512490,998.5372,503.00
8.512490,998.5740,585.00
8.512490,998.6110,496.00
8.512490,998.6478,590.00
8.512490,998.6847,553.00
8.512490,998.7217,577.00
8.512490,998.7585,524.00
8.512490,998.7953,534.00
8.512490,998.8322,487.00
8.512490,998.8691,588.00
8.512490,998.9059,508.00
8.512490,998.9427,588.00
8.512490,998.9795,537.00
8.512490,999.0163,583.00
8.512490,999.0531,544.00
8.512490,999.0899,536.00
8.512490,999.1267,492.00
8.512490,999.1636,578.00
8.512490,999.2004,515.00
8.512490,999.2372,572.00
8.512490,999.2739,536.00
8.512490,999.3107,578.00
8.512490,999.3474,533.00
8.512490,999.3842,551.00
8.512490,999.4210,504.00
8.512490,999.4576,534.00
8.512490,999.4946,491.00
8.512490,999.5312,570.00
8.512490,999.5680,525.00
8.512490,999.6047,548.00
8.512490,999.6414,525.00
8.512490,999.6780,531.00
8.512490,999.7147,509.00
8.512490,999.7515,532.00
8.512490,999.7881,462.00
8.512490,999.8248,548.00
8.512490,999.8614,487.00
8.512490,999.8981,558.00
8.512490,999.9349,500.00
8.512490,999.9715,545.00
8.512490,1000.0081,516.00
8.512490,1000.0447,519.00
8.512490,1000.0814,501.00
8.512490,1000.1180,506.00
8.512490,1000.1546,454.00
8.512490,1000.1912,556.00
8.512490,1000.2278,477.00
8.512490,1000.2645,548.00
8.512490,1000.3011,559.00
8.512490,1000.3377,541.00
8.512490,1000.3742,512.00
8.512490,1000.4108,532.00
8.512490,1000.4474,472.00
8.512490,1000.4839,537.00
8.512490,1000.5204,478.00
8.512490,1000.5570,546.00
8.512490,1000.5935,502.00
8.512490,1000.6301,522.00
8.512490,1000.6667,488.00
8.512490,1000.7032,523.00
8.512490,1000.7397,483.00
8.512490,1000.7762,545.00
8.512490,1000.8127,473.00
8.512490,1000.8492,552.00
8.512490,1000.8857,503.00
8.512490,1000.9222,517.00
8.512490,1000.9586,498.00
8.512490,1000.9951,510.00
8.512490,1001.0316,492.00
8.512490,1001.0681,549.00
8.512490,1001.1046,488.00
8.512490,1001.1410,551.00
8.512490,1001.1774,487.00
8.512490,1001.2138,504.00
8.512490,1001.2502,498.00
8.512490,1001.2866,514.00
8.512490,1001.3230,517.00
8.512490,1001.3594,529.00
8.512490,1001.3958,476.00
8.512490,1001.4323,543.00
8.512490,1001.4687,473.00
8.512490,1001.5051,522.00
8.512490,1001.5414,530.00
8.512490,1001.5778,534.00
8.512490,1001.6141,501.00
8.512490,1001.6505,512.00
8.512490,1001.6868,457.00
8.512490,1001.7231,539.00
8.512490,1001.7596,469.00
8.512490,1001.7958,534.00
8.512490,1001.8322,490.00
8.512490,1001.8685,524.00
8.512490,1001.9048,493.00
8.512490,1001.9411,484.00
8.512490,1001.9774,493.00
8.512490,1002.0136,511.00
8.512490,1002.0499,486.00
8.512490,1002.0862,538.00
8.512490,1002.1224,482.00
8.512490,1002.1587,556.00
8.512490,1002.1951,513.00
8.512490,1002.2313,537.00
8.512490,1002.2675,527.00
8.512490,1002.3038,521.00
8.512490,1002.3400,462.00
8.512490,1002.3762,532.00
8.512490,1002.4124,472.00
8.512490,1002.4486,549.00
8.512490,1002.4848,496.00
8.512490,1002.5211,545.00
8.512490,1002.5573,518.00
8.512490,1002.5934,524.00
8.512490,1002.6296,494.00
8.512490,1002.6657,510.00
8.512490,1002.7019,452.00
8.512490,1002.7380,529.00
8.512490,1002.7742,522.00
8.512490,1002.8104,549.00
8.512490,1002.8464,477.00
8.512490,1002.8826,544.00
8.512490,1002.9187,450.00
8.512490,1002.9549,517.00
8.512490,1002.9910,492.00
8.512490,1003.0271,544.00
8.512490,1003.0632,468.00
8.512490,1003.0992,551.00
8.512490,1003.1354,516.00
8.512490,1003.1714,516.00
8.512490,1003.2075,514.00
8.512490,1003.2435,516.00
8.512490,1003.2797,499.00
8.512490,1003.3157,566.00
8.512490,1003.3518,528.00
8.512490,1003.3878,579.00
8.512490,1003.4238,516.00
8.512490,1003.4598,567.00
8.512490,1003.4958,487.00
8.512490,1003.5319,516.00
8.512490,1003.5678,499.00
8.512490,1003.6039,558.00
8.512490,1003.6398,459.00
8.512490,1003.6759,541.00
8.512490,1003.7119,528.00
8.512490,1003.7479,507.00
8.512490,1003.7838,495.00
8.512490,1003.8198,505.00
8.512490,1003.8557,494.00
8.512490,1003.8917,564.00
8.512490,1003.9276,479.00
8.512490,1003.9635,515.00
8.512490,1003.9995,486.00
8.512490,1004.0354,535.00
8.512490,1004.0714,512.00
8.512490,1004.1072,527.00
8.512490,1004.1431,491.00
8.512490,1004.1790,491.00
8.512490,1004.2149,433.00
8.512490,1004.2508,548.00
8.512490,1004.2866,459.00
8.512490,1004.3225,543.00
8.512490,1004.3583,487.00
8.512490,1004.3942,518.00
8.512490,1004.4302,496.00
8.512490,1004.4660,501.00
8.512490,1004.5018,489.00
8.512490,1004.5376,499.00
8.512490,1004.5734,441.00
8.512490,1004.6093,542.00
8.512490,1004.6450,510.00
8.512490,1004.6808,528.00
8.512490,1004.7166,489.00
8.512490,1004.7525,534.00
8.512490,1004.7883,493.00
8.512490,1004.8240,543.00
8.512490,1004.8598,484.00
8.512490,1004.8956,538.00
8.512490,1004.9313,471.00
8.512490,1004.9670,564.00
8.512490,1005.0027,513.00
8.512490,1005.0385,488.00
8.512490,1005.0742,483.00
8.512490,1005.1099,517.00
8.512490,1005.1456,468.00
8.512490,1005.1815,506.00
8.512490,1005.2172,480.00
8.512490,1005.2529,505.00
8.512490,1005.2885,512.00
8.512490,1005.3242,528.00
8.512490,1005.3599,495.00
8.512490,1005.3955,504.00
8.512490,1005.4312,474.00
8.512490,1005.4669,526.00
8.512490,1005.5026,504.00
8.512490,1005.5382,583.00
8.512490,1005.5739,510.00
8.512490,1005.6095,525.00
8.512490,1005.6451,533.00
8.512490,1005.6807,540.00
8.512490,1005.7162,503.00
8.512490,1005.7519,523.00
8.512490,1005.7875,500.00
8.512490,1005.8231,572.00
8.512490,1005.8586,484.00
8.512490,1005.8942,563.00
8.512490,1005.9299,495.00
8.512490,1005.9655,546.00
8.512490,1006.0010,506.00
8.512490,1006.0365,522.00
8.512490,1006.0720,493.00
8.512490,1006.1076,535.00
8.512490,1006.1431,497.00
8.512490,1006.1786,587.00
8.512490,1006.2141,529.00
8.512490,1006.2498,558.00
8.512490,1006.2853,527.00
8.512490,1006.3207,530.00
8.512490,1006.3563,507.00
8.512490,1006.3917,562.00
8.512490,1006.4272,521.00
8.512490,1006.4626,569.00
8.512490,1006.4981,513.00
8.512490,1006.5335,537.00
8.512490,1006.5690,547.00
8.512490,1006.6044,540.00
8.512490,1006.6400,496.00
8.512490,1006.6754,552.00
8.512490,1006.7108,488.00
8.512490,1006.7462,573.00
8.512490,1006.7816,494.00
8.512490,1006.8170,566.00
8.512490,1006.8524,492.00
8.512490,1006.8878,534.00
8.512490,1006.9232,504.00
8.512490,1006.9586,585.00
8.512490,1006.9940,509.00
8.512490,1007.0294,524.00
8.512490,1007.0648,507.00
8.512490,1007.1001,568.00
8.512490,1007.1354,518.00
8.512490,1007.1707,562.00
8.512490,1007.2061,556.00
8.512490,1007.2414,549.00
8.512490,1007.2767,524.00
8.512490,1007.3120,587.00
8.512490,1007.3473,485.00
8.512490,1007.3827,558.00
8.512490,1007.4180,538.00
8.512490,1007.4532,568.00
8.512490,1007.4885,543.00
8.512490,1007.5238,546.00
8.512490,1007.5590,533.00
8.512490,1007.5943,565.00
8.512490,1007.6295,494.00
8.512490,1007.6648,579.00
8.512490,1007.7001,537.00
8.512490,1007.7354,554.00
8.512490,1007.7706,564.00
8.512490,1007.8058,531.00
8.512490,1007.8410,545.00
8.512490,1007.8762,542.00
8.512490,1007.9114,469.00
8.512490,1007.9465,546.00
8.512490,1007.9818,515.00
8.512490,1008.0169,552.00
8.512490,1008.0521,509.00
8.512490,1008.0873,576.00
8.512490,1008.1226,507.00
8.512490,1008.1576,513.00
8.512490,1008.1927,498.00
8.512490,1008.2279,534.00
8.512490,1008.2631,474.00
8.512490,1008.2982,551.00
8.512490,1008.3333,546.00
8.512490,1008.3683,549.00
8.512490,1008.4034,535.00
8.512490,1008.4387,521.00
8.512490,1008.4738,511.00
8.512490,1008.5089,539.00
8.512490,1008.5439,496.00
8.512490,1008.5790,601.00
8.512490,1008.6141,512.00
8.512490,1008.6491,517.00
8.512490,1008.6841,521.00
8.512490,1008.7192,508.00
8.512490,1008.7542,494.00
8.512490,1008.7892,518.00
8.512490,1008.8243,472.00
8.512490,1008.8594,556.00
8.512490,1008.8943,508.00
8.512490,1008.9294,515.00
8.512490,1008.9644,521.00
8.512490,1008.9994,514.00
8.512490,1009.0344,504.00
8.512490,1009.0693,526.00
8.512490,1009.1043,479.00
8.512490,1009.1392,552.00
8.512490,1009.1743,475.00
8.512490,1009.2093,536.00
8.512490,1009.2442,513.00
8.512490,1009.2792,531.00
8.512490,1009.3141,530.00
8.512490,1009.3489,485.00
8.512490,1009.3839,464.00
8.512490,1009.4188,522.00
8.512490,1009.4537,455.00
8.512490,1009.4886,587.00
8.512490,1009.5235,496.00
8.512490,1009.5585,516.00
8.512490,1009.5933,515.00
8.512490,1009.6282,521.00
8.512490,1009.6631,477.00
8.512490,1009.6979,548.00
8.512490,1009.7327,478.00
8.512490,1009.7676,517.00
8.512490,1009.8024,500.00
8.512490,1009.8372,516.00
8.512490,1009.8721,450.00
8.512490,1009.9070,511.00
8.512490,1009.9418,490.00
8.512490,1009.9766,500.00
8.512490,1010.0115,470.00
8.512490,1010.0462,539.00
8.512490,1010.0810,477.00
8.512490,1010.1158,547.00
8.512490,1010.1505,500.00
8.512490,1010.1853,515.00
8.512490,1010.2200,485.00
8.512490,1010.2548,504.00
8.512490,1010.2897,465.00
8.512490,1010.3244,524.00
8.512490,1010.3591,479.00
8.512490,1010.3938,530.00
8.512490,1010.4285,494.00
8.512490,1010.4633,540.00
8.512490,1010.4980,504.00
8.512490,1010.5326,479.00
8.512490,1010.5673,487.00
8.512490,1010.6021,509.00
8.512490,1010.6368,488.00
8.512490,1010.6714,504.00
8.512490,1010.7061,469.00
8.512490,1010.7408,541.00
8.512490,1010.7754,462.00
8.512490,1010.8101,510.00
8.512490,1010.8447,502.00
8.512490,1010.8793,510.00
8.512490,1010.9139,484.00
8.512490,1010.9485,525.00
8.512490,1010.9832,453.00
8.512490,1011.0178,535.00
8.512490,1011.0525,481.00
8.512490,1011.0870,526.00
8.512490,1011.1216,472.00
8.512490,1011.1562,520.00
8.512490,1011.1907,497.00
8.512490,1011.2253,528.00
8.512490,1011.2599,425.00
8.512490,1011.2944,566.00
8.512490,1011.3291,488.00
8.512490,1011.3636,526.00
8.512490,1011.3981,512.00
8.512490,1011.4326,516.00
8.512490,1011.4672,463.00
8.512490,1011.5016,506.00
8.512490,1011.5362,465.00
8.512490,1011.5706,524.00
8.512490,1011.6052,476.00
8.512490,1011.6396,527.00
8.512490,1011.6741,461.00
8.512490,1011.7086,540.00
8.512490,1011.7431,500.00
8.512490,1011.7776,500.00
8.512490,1011.8120,495.00
8.512490,1011.8465,560.00
8.512490,1011.8809,440.00
8.512490,1011.9153,518.00
8.512490,1011.9498,468.00
8.512490,1011.9842,503.00
8.512490,1012.0186,446.00
8.512490,1012.0531,508.00
8.512490,1012.0875,491.00
8.512490,1012.1219,520.00
8.512490,1012.1562,477.00
8.512490,1012.1906,511.00
8.512490,1012.2250,450.00
8.512490,1012.2593,529.00
8.512490,1012.2937,506.00
8.512490,1012.3281,512.00
8.512490,1012.3624,437.00
8.512490,1012.3967,485.00
8.512490,1012.4310,454.00
8.512490,1012.4655,527.00
8.512490,1012.4998,468.00
8.512490,1012.5341,554.00
8.512490,1012.5684,508.00
8.512490,1012.6027,539.00
8.512490,1012.6370,507.00
8.512490,1012.6712,478.00
8.512490,1012.7055,491.00
8.512490,1012.7398,540.00
8.512490,1012.7742,451.00
8.512490,1012.8084,503.00
8.512490,1012.8427,471.00
8.512490,1012.8769,505.00
8.512490,1012.9111,486.00
8.512490,1012.9454,515.00
8.512490,1012.9796,501.00
8.512490,1013.0138,515.00
8.512490,1013.0480,426.00
8.512490,1013.0822,509.00
8.512490,1013.1164,483.00
8.512490,1013.1506,520.00
8.512490,1013.1848,457.00
8.512490,1013.2190,485.00
8.512490,1013.2532,498.00
8.512490,1013.2873,491.00
8.512490,1013.3215,456.00
8.512490,1013.3556,524.00
8.512490,1013.3898,446.00
8.512490,1013.4239,525.00
8.512490,1013.4581,495.00
8.512490,1013.4923,492.00
8.512490,1013.5264,506.00
8.512490,1013.5605,495.00
8.512490,1013.5946,504.00
8.512490,1013.6287,549.00
8.512490,1013.6627,502.00
8.512490,1013.6968,535.00
8.512490,1013.7309,463.00
8.512490,1013.7650,494.00
8.512490,1013.7990,514.00
8.512490,1013.8331,495.00
8.512490,1013.8672,479.00
8.512490,1013.9012,525.00
8.512490,1013.9353,475.00
8.512490,1013.9693,545.00
8.512490,1014.0033,485.00
8.512490,1014.0374,545.00
8.512490,1014.0714,510.00
8.512490,1014.1053,497.00
8.512490,1014.1393,518.00
8.512490,1014.1734,530.00
8.512490,1014.2074,476.00
8.512490,1014.2413,529.00
8.512490,1014.2753,512.00
8.512490,1014.3093,559.00
8.512490,1014.3433,487.00
8.512490,1014.3772,536.00
8.512490,1014.4111,518.00
8.512490,1014.4451,540.00
8.512490,1014.4790,497.00
8.512490,1014.5129,511.00
8.512490,1014.5468,478.00
8.512490,1014.5808,555.00
8.512490,1014.6147,498.00
8.512490,1014.6486,572.00
8.512490,1014.6825,539.00
8.512490,1014.7164,549.00
8.512490,1014.7502,483.00
8.512490,1014.7841,549.00
8.512490,1014.8180,528.00
8.512490,1014.8518,535.00
8.512490,1014.8858,488.00
8.512490,1014.9196,567.00
8.512490,1014.9534,510.00
8.512490,1014.9872,544.00
8.512490,1015.0211,529.00
8.512490,1015.0549,536.00
8.512490,1015.0887,485.00
8.512490,1015.1224,527.00
8.512490,1015.1562,490.00
8.512490,1015.1900,560.00
8.512490,1015.2238,522.00
8.512490,1015.2575,554.00
8.512490,1015.2914,549.00
8.512490,1015.3252,545.00
8.512490,1015.3589,478.00
8.512490,1015.3927,533.00
8.512490,1015.4265,515.00
8.512490,1015.4601,592.00
8.512490,1015.4938,492.00
8.512490,1015.5276,605.00
8.512490,1015.5613,546.00
8.512490,1015.5952,571.00
8.512490,1015.6288,510.00
8.512490,1015.6625,532.00
8.512490,1015.6962,486.00
8.512490,1015.7299,571.00
8.512490,1015.7635,493.00
8.512490,1015.7972,569.00
8.512490,1015.8308,550.00
8.512490,1015.8645,529.00
8.512490,1015.8981,545.00
8.512490,1015.9317,538.00
8.512490,1015.9655,470.00
8.512490,1015.9991,567.00
8.512490,1016.0327,510.00
8.512490,1016.0663,564.00
8.512490,1016.0999,527.00
8.512490,1016.1335,563.00
8.512490,1016.1671,533.00
8.512490,1016.2006,533.00
8.512490,1016.2342,542.00
8.512490,1016.2679,553.00
8.512490,1016.3015,501.00
8.512490,1016.3350,556.00
8.512490,1016.3686,492.00
8.512490,1016.4021,557.00
8.512490,1016.4357,510.00
8.512490,1016.4691,582.00
8.512490,1016.5027,510.00
8.512490,1016.5362,568.00
8.512490,1016.5696,482.00
8.512490,1016.6032,575.00
8.512490,1016.6367,507.00
8.512490,1016.6703,575.00
8.512490,1016.7038,516.00
8.512490,1016.7372,541.00
8.512490,1016.7707,523.00
8.512490,1016.8041,533.00
8.512490,1016.8376,535.00
8.512490,1016.8710,558.00
8.512490,1016.9045,506.00
8.512490,1016.9379,565.00
8.512490,1016.9715,526.00
8.512490,1017.0049,543.00
8.512490,1017.0383,555.00
8.512490,1017.0717,553.00
8.512490,1017.1050,514.00
8.512490,1017.1384,571.00
8.512490,1017.1718,493.00
8.512490,1017.2052,561.00
8.512490,1017.2386,496.00
8.512490,1017.2720,577.00
8.512490,1017.3053,579.00
8.512490,1017.3387,558.00
8.512490,1017.3721,512.00
8.512490,1017.4054,538.00
8.512490,1017.4388,496.00
8.512490,1017.4721,581.00
8.512490,1017.5054,483.00
8.512490,1017.5387,570.00
8.512490,1017.5720,557.00
8.512490,1017.6053,530.00
8.512490,1017.6386,532.00
8.512490,1017.6720,525.00
8.512490,1017.7053,507.00
8.512490,1017.7385,566.00
8.512490,1017.7717,485.00
8.512490,1017.8051,572.00
8.512490,1017.8383,558.00
8.512490,1017.8715,583.00
8.512490,1017.9048,555.00
8.512490,1017.9380,548.00
8.512490,1017.9712,560.00
8.512490,1018.0044,583.00
8.512490,1018.0376,497.00
8.512490,1018.0709,597.00
8.512490,1018.1041,546.00
8.512490,1018.1373,594.00
8.512490,1018.1705,557.00
8.512490,1018.2037,574.00
8.512490,1018.2368,554.00
8.512490,1018.2700,569.00
8.512490,1018.3032,519.00
8.512490,1018.3363,606.00
8.512490,1018.3695,501.00
8.512490,1018.4026,599.00
8.512490,1018.4358,558.00
8.512490,1018.4689,565.00
8.512490,1018.5020,571.00
8.512490,1018.5352,584.00
8.512490,1018.5682,503.00
8.512490,1018.6013,565.00
8.512490,1018.6343,536.00
8.512490,1018.6675,581.00
8.512490,1018.7006,524.00
8.512490,1018.7337,591.00
8.512490,1018.7668,562.00
8.512490,1018.7998,562.00
8.512490,1018.8328,542.00
8.512490,1018.8658,560.00
8.512490,1018.8989,535.00
8.512490,1018.9319,579.00
8.512490,1018.9650,543.00
8.512490,1018.9980,595.00
8.512490,1019.0311,570.00
8.512490,1019.0641,595.00
8.512490,1019.0970,531.00
8.512490,1019.1301,591.00
8.512490,1019.1631,527.00
8.512490,1019.1960,587.00
8.512490,1019.2289,507.00
8.512490,1019.2618,613.00
8.512490,1019.2949,541.00
8.512490,1019.3278,573.00
8.512490,1019.3607,535.00
8.512490,1019.3936,541.00
8.512490,1019.4268,498.00
8.512490,1019.4596,568.00
8.512490,1019.4925,532.00
8.512490,1019.5255,533.00
8.512490,1019.5583,514.00
8.512490,1019.5912,585.00
8.512490,1019.6240,538.00
8.512490,1019.6569,574.00
8.512490,1019.6898,524.00
8.512490,1019.7227,555.00
8.512490,1019.7556,478.00
8.512490,1019.7885,543.00
8.512490,1019.8213,511.00
8.512490,1019.8541,570.00
8.512490,1019.8870,519.00
8.512490,1019.9198,567.00
8.512490,1019.9525,551.00
8.512490,1019.9854,529.00
8.512490,1020.0182,537.00
8.512490,1020.0509,585.00
8.512490,1020.0837,497.00
8.512490,1020.1167,563.00
8.512490,1020.1494,532.00
8.512490,1020.1823,548.00
8.512490,1020.2149,522.00
8.512490,1020.2477,512.00
8.512490,1020.2805,513.00
8.512490,1020.3132,530.00
8.512490,1020.3459,532.00
8.512490,1020.3787,591.00
8.512490,1020.4114,498.00
8.512490,1020.4442,542.00
8.512490,1020.4768,539.00
8.512490,1020.5096,568.00
8.512490,1020.5423,503.00
8.512490,1020.5750,575.00
8.512490,1020.6077,495.00
8.512490,1020.6403,563.00
8.512490,1020.6730,506.00
8.512490,1020.7055,561.00
8.512490,1020.7382,533.00
8.512490,1020.7709,521.00
8.512490,1020.8036,483.00
8.512490,1020.8363,517.00
8.512490,1020.8688,466.00
8.512490,1020.9015,554.00
8.512490,1020.9341,486.00
8.512490,1020.9667,551.00
8.512490,1020.9993,498.00
8.512490,1021.0319,535.00
8.512490,1021.0645,523.00
8.512490,1021.0971,545.00
8.512490,1021.1298,495.00
8.512490,1021.1623,561.00
8.512490,1021.1948,491.00
8.512490,1021.2273,557.00
8.512490,1021.2599,494.00
8.512490,1021.2924,555.00
8.512490,1021.3250,512.00
8.512490,1021.3574,527.00
8.512490,1021.3900,502.00
8.512490,1021.4224,513.00
8.512490,1021.4550,441.00
8.512490,1021.4875,520.00
8.512490,1021.5200,477.00
8.512490,1021.5525,543.00
8.512490,1021.5850,500.00
8.512490,1021.6175,514.00
8.512490,1021.6500,472.00
8.512490,1021.6823,534.00
8.512490,1021.7148,475.00
8.512490,1021.7474,530.00
8.512490,1021.7797,499.00
8.512490,1021.8122,540.00
8.512490,1021.8445,523.00
8.512490,1021.8770,545.00
8.512490,1021.9095,501.00
8.512490,1021.9418,517.00
8.512490,1021.9741,472.00
8.512490,1022.0066,503.00
8.512490,1022.0389,490.00
8.512490,1022.0713,566.00
8.512490,1022.1037,498.00
8.512490,1022.1362,630.00
8.512490,1022.1685,553.00
8.512490,1022.2008,537.00
8.512490,1022.2332,511.00
8.512490,1022.2654,557.00
8.512490,1022.2977,507.00
8.512490,1022.3301,572.00
8.512490,1022.3624,480.00
8.512490,1022.3947,645.00
8.512490,1022.4271,506.00
8.512490,1022.4594,573.00
8.512490,1022.4917,534.00
8.512490,1022.5239,536.00
8.512490,1022.5562,530.00
8.512490,1022.5885,541.00
8.512490,1022.6207,510.00
8.512490,1022.6530,577.00
8.512490,1022.6852,530.00
8.512490,1022.7174,577.00
8.512490,1022.7497,520.00
8.512490,1022.7819,549.00
8.512490,1022.8142,510.00
8.512490,1022.8464,535.00
8.512490,1022.8785,476.00
8.512490,1022.9108,592.00
8.512490,1022.9429,522.00
8.512490,1022.9751,571.00
8.512490,1023.0073,517.00
8.512490,1023.0394,508.00
8.512490,1023.0717,490.00
8.512490,1023.1039,561.00
8.512490,1023.1360,505.00
8.512490,1023.1682,566.00
8.512490,1023.2003,492.00
8.512490,1023.2324,553.00
8.512490,1023.2644,544.00
8.512490,1023.2966,556.00
8.512490,1023.3287,477.00
8.512490,1023.3608,512.00
8.512490,1023.3929,504.00
8.512490,1023.4249,532.00
8.512490,1023.4570,482.00
8.512490,1023.4893,540.00
8.512490,1023.5212,480.00
8.512490,1023.5533,528.00
8.512490,1023.5853,494.00
8.512490,1023.6174,533.00
8.512490,1023.6494,486.00
8.512490,1023.6813,536.00
8.512490,1023.7134,446.00
8.512490,1023.7454,529.00
8.512490,1023.7775,478.00
8.512490,1023.8096,519.00
8.512490,1023.8416,530.00
8.512490,1023.8735,499.00
8.512490,1023.9055,494.00
8.512490,1023.9374,495.00
8.512490,1023.9694,421.00
8.512490,1024.0013,523.00
8.512490,1024.0333,487.00
8.512490,1024.0652,539.00
8.512490,1024.0972,495.00
8.512490,1024.1293,538.00
8.512490,1024.1611,477.00
8.512490,1024.1931,527.00
8.512490,1024.2250,459.00
8.512490,1024.2568,541.00
8.512490,1024.2888,481.00
8.512490,1024.3206,502.00
8.512490,1024.3525,481.00
8.512490,1024.3843,505.00
8.512490,1024.4164,456.00
8.512490,1024.4481,512.00
8.512490,1024.4801,461.00
8.512490,1024.5118,526.00
8.512490,1024.5438,480.00
8.512490,1024.5756,518.00
8.512490,1024.6074,486.00
8.512490,1024.6393,530.00
8.512490,1024.6710,529.00
8.512490,1024.7029,498.00
8.512490,1024.7346,487.00
8.512490,1024.7664,505.00
8.512490,1024.7982,447.00
8.512490,1024.8301,558.00
8.512490,1024.8618,505.00
8.512490,1024.8936,523.00
8.512490,1024.9253,478.00
8.512490,1024.9572,531.00
8.512490,1024.9889,485.00
8.512490,1025.0206,534.00
8.512490,1025.0522,447.00
8.512490,1025.0841,547.00
8.512490,1025.1158,473.00
8.512490,1025.1475,502.00
8.512490,1025.1792,491.00
8.512490,1025.2109,517.00
8.512490,1025.2426,503.00
8.512490,1025.2743,540.00
8.512490,1025.3059,503.00
8.512490,1025.3376,553.00
8.512490,1025.3693,460.00
8.512490,1025.4009,575.00
8.512490,1025.4326,502.00
8.512490,1025.4644,539.00
8.512490,1025.4960,514.00
8.512490,1025.5276,554.00
8.512490,1025.5592,503.00
8.512490,1025.5908,539.00
8.512490,1025.6224,475.00
8.512490,1025.6541,573.00
8.512490,1025.6857,505.00
8.512490,1025.7172,587.00
8.512490,1025.7489,547.00
8.512490,1025.7804,561.00
8.512490,1025.8120,544.00
8.512490,1025.8435,538.00
8.512490,1025.8751,515.00
8.512490,1025.9066,555.00
8.512490,1025.9381,470.00
8.512490,1025.9697,560.00
8.512490,1026.0012,541.00
8.512490,1026.0327,561.00
8.512490,1026.0642,511.00
