# Point:,39
# Setpoint:,1.98545455
# Voltage_V:,1.98545455
# Current_A:,0.0226
# Spectrum_Time_s:,6.190581
# Step_Start_s:,6.150854
# Step_End_s:,6.255655
# Spectrum_Duration_ms:,30.211
# Peak_Wavelength_nm:,929.52
# Peak_Intensity:,17452.0
# Avg_Intensity:,646.7
# Num_Pixels:,4094
# NOTE: All wavelengths are captured simultaneously in one CCD exposure
#       The Relative_Time_s column shows when this entire spectrum was acquired

Relative_Time_s,Wavelength_nm,Intensity
6.190581,845.4307,572.00
6.190581,845.4858,498.00
6.190581,845.5410,551.00
6.190581,845.5963,518.00
6.190581,845.6514,572.00
6.190581,845.7065,516.00
6.190581,845.7617,539.00
6.190581,845.8168,523.00
6.190581,845.8721,555.00
6.190581,845.9272,494.00
6.190581,845.9823,548.00
6.190581,846.0374,517.00
6.190581,846.0926,535.00
6.190581,846.1478,519.00
6.190581,846.2029,537.00
6.190581,846.2579,478.00
6.190581,846.3130,542.00
6.190581,846.3682,457.00
6.190581,846.4233,579.00
6.190581,846.4784,506.00
6.190581,846.5335,579.00
6.190581,846.5886,547.00
6.190581,846.6437,544.00
6.190581,846.6987,533.00
6.190581,846.7538,557.00
6.190581,846.8089,509.00
6.190581,846.8640,601.00
6.190581,846.9190,504.00
6.190581,846.9741,578.00
6.190581,847.0292,556.00
6.190581,847.0842,564.00
6.190581,847.1392,530.00
6.190581,847.1943,572.00
6.190581,847.2493,489.00
6.190581,847.3044,582.00
6.190581,847.3594,508.00
6.190581,847.4144,567.00
6.190581,847.4694,534.00
6.190581,847.5244,554.00
6.190581,847.5795,527.00
6.190581,847.6345,574.00
6.190581,847.6895,495.00
6.190581,847.7444,585.00
6.190581,847.7994,523.00
6.190581,847.8544,585.00
6.190581,847.9094,557.00
6.190581,847.9644,589.00
6.190581,848.0193,530.00
6.190581,848.0743,571.00
6.190581,848.1293,538.00
6.190581,848.1843,608.00
6.190581,848.2392,546.00
6.190581,848.2941,583.00
6.190581,848.3491,583.00
6.190581,848.4040,579.00
6.190581,848.4590,562.00
6.190581,848.5139,583.00
6.190581,848.5688,539.00
6.190581,848.6237,589.00
6.190581,848.6786,531.00
6.190581,848.7336,625.00
6.190581,848.7885,555.00
6.190581,848.8434,627.00
6.190581,848.8983,586.00
6.190581,848.9531,557.00
6.190581,849.0081,554.00
6.190581,849.0630,605.00
6.190581,849.1178,535.00
6.190581,849.1727,605.00
6.190581,849.2275,568.00
6.190581,849.2823,645.00
6.190581,849.3373,544.00
6.190581,849.3921,573.00
6.190581,849.4470,594.00
6.190581,849.5018,558.00
6.190581,849.5566,516.00
6.190581,849.6115,614.00
6.190581,849.6663,522.00
6.190581,849.7211,611.00
6.190581,849.7759,583.00
6.190581,849.8307,632.00
6.190581,849.8856,555.00
6.190581,849.9404,601.00
6.190581,849.9952,537.00
6.190581,850.0500,571.00
6.190581,850.1048,528.00
6.190581,850.1596,613.00
6.190581,850.2144,542.00
6.190581,850.2692,640.00
6.190581,850.3239,581.00
6.190581,850.3787,584.00
6.190581,850.4335,590.00
6.190581,850.4882,621.00
6.190581,850.5430,566.00
6.190581,850.5977,598.00
6.190581,850.6525,528.00
6.190581,850.7072,625.00
6.190581,850.7620,558.00
6.190581,850.8167,607.00
6.190581,850.8715,559.00
6.190581,850.9261,608.00
6.190581,850.9808,530.00
6.190581,851.0356,597.00
6.190581,851.0903,575.00
6.190581,851.1450,649.00
6.190581,851.1996,562.00
6.190581,851.2543,643.00
6.190581,851.3091,578.00
6.190581,851.3638,583.00
6.190581,851.4185,570.00
6.190581,851.4731,623.00
6.190581,851.5278,535.00
6.190581,851.5825,649.00
6.190581,851.6371,597.00
6.190581,851.6918,679.00
6.190581,851.7465,605.00
6.190581,851.8011,631.00
6.190581,851.8558,578.00
6.190581,851.9103,616.00
6.190581,851.9650,583.00
6.190581,852.0196,692.00
6.190581,852.0742,569.00
6.190581,852.1289,633.00
6.190581,852.1835,590.00
6.190581,852.2381,673.00
6.190581,852.2927,652.00
6.190581,852.3473,648.00
6.190581,852.4019,616.00
6.190581,852.4565,659.00
6.190581,852.5111,624.00
6.190581,852.5657,650.00
6.190581,852.6202,630.00
6.190581,852.6747,646.00
6.190581,852.7294,635.00
6.190581,852.7839,656.00
6.190581,852.8385,597.00
6.190581,852.8930,667.00
6.190581,852.9476,619.00
6.190581,853.0022,649.00
6.190581,853.0567,626.00
6.190581,853.1112,666.00
6.190581,853.1658,639.00
6.190581,853.2203,665.00
6.190581,853.2748,662.00
6.190581,853.3293,669.00
6.190581,853.3838,641.00
6.190581,853.4383,659.00
6.190581,853.4928,614.00
6.190581,853.5474,673.00
6.190581,853.6019,670.00
6.190581,853.6563,696.00
6.190581,853.7108,663.00
6.190581,853.7653,677.00
6.190581,853.8198,642.00
6.190581,853.8742,673.00
6.190581,853.9286,650.00
6.190581,853.9832,697.00
6.190581,854.0376,636.00
6.190581,854.0920,695.00
6.190581,854.1465,668.00
6.190581,854.2010,679.00
6.190581,854.2554,626.00
6.190581,854.3098,682.00
6.190581,854.3642,613.00
6.190581,854.4186,684.00
6.190581,854.4731,635.00
6.190581,854.5275,693.00
6.190581,854.5819,655.00
6.190581,854.6363,674.00
6.190581,854.6907,652.00
6.190581,854.7451,647.00
6.190581,854.7994,626.00
6.190581,854.8538,645.00
6.190581,854.9082,645.00
6.190581,854.9626,700.00
6.190581,855.0170,641.00
6.190581,855.0714,697.00
6.190581,855.1257,620.00
6.190581,855.1800,656.00
6.190581,855.2344,626.00
6.190581,855.2888,666.00
6.190581,855.3431,626.00
6.190581,855.3975,664.00
6.190581,855.4518,622.00
6.190581,855.5060,677.00
6.190581,855.5604,613.00
6.190581,855.6147,657.00
6.190581,855.6691,630.00
6.190581,855.7233,635.00
6.190581,855.7776,620.00
6.190581,855.8320,694.00
6.190581,855.8862,606.00
6.190581,855.9406,683.00
6.190581,855.9948,615.00
6.190581,856.0491,702.00
6.190581,856.1035,657.00
6.190581,856.1577,677.00
6.190581,856.2119,623.00
6.190581,856.2662,679.00
6.190581,856.3204,595.00
6.190581,856.3748,694.00
6.190581,856.4290,624.00
6.190581,856.4832,681.00
6.190581,856.5374,669.00
6.190581,856.5916,689.00
6.190581,856.6459,603.00
6.190581,856.7001,668.00
6.190581,856.7543,626.00
6.190581,856.8085,664.00
6.190581,856.8627,640.00
6.190581,856.9169,693.00
6.190581,856.9712,650.00
6.190581,857.0253,647.00
6.190581,857.0795,638.00
6.190581,857.1337,696.00
6.190581,857.1879,626.00
6.190581,857.2421,667.00
6.190581,857.2962,645.00
6.190581,857.3504,705.00
6.190581,857.4045,662.00
6.190581,857.4587,689.00
6.190581,857.5129,689.00
6.190581,857.5670,674.00
6.190581,857.6212,656.00
6.190581,857.6753,673.00
6.190581,857.7294,632.00
6.190581,857.7836,674.00
6.190581,857.8377,613.00
6.190581,857.8918,710.00
6.190581,857.9459,672.00
6.190581,858.0000,648.00
6.190581,858.0541,639.00
6.190581,858.1082,676.00
6.190581,858.1624,621.00
6.190581,858.2164,704.00
6.190581,858.2704,660.00
6.190581,858.3245,681.00
6.190581,858.3787,674.00
6.190581,858.4327,650.00
6.190581,858.4868,626.00
6.190581,858.5408,680.00
6.190581,858.5949,638.00
6.190581,858.6489,679.00
6.190581,858.7030,647.00
6.190581,858.7570,695.00
6.190581,858.8110,690.00
6.190581,858.8651,691.00
6.190581,858.9192,701.00
6.190581,858.9732,697.00
6.190581,859.0272,639.00
6.190581,859.0812,701.00
6.190581,859.1352,645.00
6.190581,859.1892,702.00
6.190581,859.2432,650.00
6.190581,859.2972,695.00
6.190581,859.3512,698.00
6.190581,859.4052,676.00
6.190581,859.4592,655.00
6.190581,859.5132,675.00
6.190581,859.5671,621.00
6.190581,859.6210,693.00
6.190581,859.6750,652.00
6.190581,859.7289,681.00
6.190581,859.7830,619.00
6.190581,859.8369,682.00
6.190581,859.8908,628.00
6.190581,859.9447,614.00
6.190581,859.9987,618.00
6.190581,860.0527,679.00
6.190581,860.1065,549.00
6.190581,860.1605,692.00
6.190581,860.2144,643.00
6.190581,860.2682,679.00
6.190581,860.3222,627.00
6.190581,860.3761,654.00
6.190581,860.4299,604.00
6.190581,860.4838,661.00
6.190581,860.5377,587.00
6.190581,860.5916,669.00
6.190581,860.6455,643.00
6.190581,860.6993,682.00
6.190581,860.7532,630.00
6.190581,860.8071,657.00
6.190581,860.8610,620.00
6.190581,860.9148,635.00
6.190581,860.9687,573.00
6.190581,861.0225,681.00
6.190581,861.0763,638.00
6.190581,861.1301,666.00
6.190581,861.1840,623.00
6.190581,861.2378,676.00
6.190581,861.2916,632.00
6.190581,861.3454,649.00
6.190581,861.3992,607.00
6.190581,861.4531,661.00
6.190581,861.5068,612.00
6.190581,861.5606,662.00
6.190581,861.6144,620.00
6.190581,861.6682,677.00
6.190581,861.7220,618.00
6.190581,861.7758,662.00
6.190581,861.8295,617.00
6.190581,861.8833,662.00
6.190581,861.9370,608.00
6.190581,861.9908,685.00
6.190581,862.0446,633.00
6.190581,862.0983,678.00
6.190581,862.1520,619.00
6.190581,862.2057,642.00
6.190581,862.2595,634.00
6.190581,862.3132,644.00
6.190581,862.3669,585.00
6.190581,862.4206,677.00
6.190581,862.4744,561.00
6.190581,862.5281,673.00
6.190581,862.5818,628.00
6.190581,862.6355,642.00
6.190581,862.6891,610.00
6.190581,862.7429,646.00
6.190581,862.7966,630.00
6.190581,862.8502,654.00
6.190581,862.9039,611.00
6.190581,862.9575,649.00
6.190581,863.0112,651.00
6.190581,863.0648,651.00
6.190581,863.1185,637.00
6.190581,863.1722,635.00
6.190581,863.2258,600.00
6.190581,863.2794,673.00
6.190581,863.3330,617.00
6.190581,863.3867,660.00
6.190581,863.4403,611.00
6.190581,863.4940,644.00
6.190581,863.5475,644.00
6.190581,863.6011,616.00
6.190581,863.6548,594.00
6.190581,863.7084,627.00
6.190581,863.7620,594.00
6.190581,863.8156,656.00
6.190581,863.8691,592.00
6.190581,863.9228,649.00
6.190581,863.9763,619.00
6.190581,864.0299,651.00
6.190581,864.0834,582.00
6.190581,864.1370,648.00
6.190581,864.1906,626.00
6.190581,864.2441,671.00
6.190581,864.2977,579.00
6.190581,864.3512,663.00
6.190581,864.4047,624.00
6.190581,864.4583,663.00
6.190581,864.5118,621.00
6.190581,864.5653,619.00
6.190581,864.6189,597.00
6.190581,864.6724,630.00
6.190581,864.7258,647.00
6.190581,864.7794,640.00
6.190581,864.8329,585.00
6.190581,864.8864,676.00
6.190581,864.9398,629.00
6.190581,864.9933,649.00
6.190581,865.0469,604.00
6.190581,865.1003,632.00
6.190581,865.1538,592.00
6.190581,865.2072,640.00
6.190581,865.2607,640.00
6.190581,865.3142,672.00
6.190581,865.3676,610.00
6.190581,865.4211,654.00
6.190581,865.4745,588.00
6.190581,865.5279,630.00
6.190581,865.5814,600.00
6.190581,865.6348,663.00
6.190581,865.6882,601.00
6.190581,865.7416,664.00
6.190581,865.7950,653.00
6.190581,865.8484,656.00
6.190581,865.9019,631.00
6.190581,865.9552,622.00
6.190581,866.0087,644.00
6.190581,866.0620,636.00
6.190581,866.1154,622.00
6.190581,866.1688,687.00
6.190581,866.2222,627.00
6.190581,866.2755,666.00
6.190581,866.3289,674.00
6.190581,866.3822,671.00
6.190581,866.4356,635.00
6.190581,866.4890,647.00
6.190581,866.5423,637.00
6.190581,866.5956,681.00
6.190581,866.6489,623.00
6.190581,866.7023,679.00
6.190581,866.7556,613.00
6.190581,866.8089,644.00
6.190581,866.8622,628.00
6.190581,866.9155,667.00
6.190581,866.9689,617.00
6.190581,867.0222,658.00
6.190581,867.0755,604.00
6.190581,867.1287,648.00
6.190581,867.1820,619.00
6.190581,867.2354,648.00
6.190581,867.2886,647.00
6.190581,867.3419,668.00
6.190581,867.3951,608.00
6.190581,867.4484,675.00
6.190581,867.5016,602.00
6.190581,867.5549,675.00
6.190581,867.6082,626.00
6.190581,867.6614,658.00
6.190581,867.7146,649.00
6.190581,867.7678,665.00
6.190581,867.8211,631.00
6.190581,867.8743,665.00
6.190581,867.9276,619.00
6.190581,867.9807,676.00
6.190581,868.0339,632.00
6.190581,868.0872,673.00
6.190581,868.1403,646.00
6.190581,868.1935,625.00
6.190581,868.2467,616.00
6.190581,868.2999,618.00
6.190581,868.3531,578.00
6.190581,868.4062,679.00
6.190581,868.4594,616.00
6.190581,868.5126,668.00
6.190581,868.5657,619.00
6.190581,868.6189,655.00
6.190581,868.6721,657.00
6.190581,868.7252,644.00
6.190581,868.7783,606.00
6.190581,868.8315,655.00
6.190581,868.8846,601.00
6.190581,868.9377,652.00
6.190581,868.9908,650.00
6.190581,869.0439,675.00
6.190581,869.0970,649.00
6.190581,869.1501,676.00
6.190581,869.2032,614.00
6.190581,869.2564,641.00
6.190581,869.3094,597.00
6.190581,869.3625,642.00
6.190581,869.4156,634.00
6.190581,869.4688,675.00
6.190581,869.5218,612.00
6.190581,869.5748,680.00
6.190581,869.6279,669.00
6.190581,869.6809,625.00
6.190581,869.7340,611.00
6.190581,869.7870,656.00
6.190581,869.8401,638.00
6.190581,869.8931,668.00
6.190581,869.9462,602.00
6.190581,869.9993,641.00
6.190581,870.0522,622.00
6.190581,870.1052,685.00
6.190581,870.1583,634.00
6.190581,870.2112,685.00
6.190581,870.2642,618.00
6.190581,870.3173,645.00
6.190581,870.3702,626.00
6.190581,870.4232,711.00
6.190581,870.4762,646.00
6.190581,870.5292,655.00
6.190581,870.5822,640.00
6.190581,870.6351,685.00
6.190581,870.6881,589.00
6.190581,870.7410,681.00
6.190581,870.7940,613.00
6.190581,870.8470,662.00
6.190581,870.8999,608.00
6.190581,870.9528,682.00
6.190581,871.0057,676.00
6.190581,871.0587,672.00
6.190581,871.1116,637.00
6.190581,871.1646,648.00
6.190581,871.2175,589.00
6.190581,871.2704,692.00
6.190581,871.3232,664.00
6.190581,871.3762,652.00
6.190581,871.4291,656.00
6.190581,871.4820,684.00
6.190581,871.5348,652.00
6.190581,871.5877,686.00
6.190581,871.6406,640.00
6.190581,871.6935,714.00
6.190581,871.7463,628.00
6.190581,871.7992,668.00
6.190581,871.8521,637.00
6.190581,871.9049,658.00
6.190581,871.9578,659.00
6.190581,872.0106,680.00
6.190581,872.0635,602.00
6.190581,872.1162,676.00
6.190581,872.1691,613.00
6.190581,872.2219,711.00
6.190581,872.2747,620.00
6.190581,872.3275,655.00
6.190581,872.3803,662.00
6.190581,872.4332,670.00
6.190581,872.4860,655.00
6.190581,872.5387,658.00
6.190581,872.5915,615.00
6.190581,872.6443,723.00
6.190581,872.6971,675.00
6.190581,872.7499,689.00
6.190581,872.8026,627.00
6.190581,872.8553,637.00
6.190581,872.9081,657.00
6.190581,872.9609,703.00
6.190581,873.0136,644.00
6.190581,873.0663,697.00
6.190581,873.1191,596.00
6.190581,873.1718,690.00
6.190581,873.2245,651.00
6.190581,873.2773,684.00
6.190581,873.3300,626.00
6.190581,873.3827,670.00
6.190581,873.4354,643.00
6.190581,873.4882,717.00
6.190581,873.5408,662.00
6.190581,873.5935,681.00
6.190581,873.6462,655.00
6.190581,873.6989,683.00
6.190581,873.7515,674.00
6.190581,873.8042,683.00
6.190581,873.8569,630.00
6.190581,873.9096,673.00
6.190581,873.9622,611.00
6.190581,874.0149,713.00
6.190581,874.0675,647.00
6.190581,874.1202,659.00
6.190581,874.1729,674.00
6.190581,874.2255,699.00
6.190581,874.2781,640.00
6.190581,874.3307,673.00
6.190581,874.3834,605.00
6.190581,874.4360,675.00
6.190581,874.4885,627.00
6.190581,874.5411,710.00
6.190581,874.5938,632.00
6.190581,874.6463,652.00
6.190581,874.6990,655.00
6.190581,874.7515,661.00
6.190581,874.8041,629.00
6.190581,874.8567,714.00
6.190581,874.9092,640.00
6.190581,874.9619,703.00
6.190581,875.0144,654.00
6.190581,875.0669,684.00
6.190581,875.1194,627.00
6.190581,875.1720,668.00
6.190581,875.2246,609.00
6.190581,875.2772,675.00
6.190581,875.3296,616.00
6.190581,875.3821,675.00
6.190581,875.4346,652.00
6.190581,875.4872,668.00
6.190581,875.5397,669.00
6.190581,875.5922,692.00
6.190581,875.6447,645.00
6.190581,875.6971,672.00
6.190581,875.7498,612.00
6.190581,875.8022,708.00
6.190581,875.8547,622.00
6.190581,875.9071,698.00
6.190581,875.9596,646.00
6.190581,876.0120,650.00
6.190581,876.0646,638.00
6.190581,876.1169,665.00
6.190581,876.1694,643.00
6.190581,876.2219,691.00
6.190581,876.2743,663.00
6.190581,876.3268,717.00
6.190581,876.3792,622.00
6.190581,876.4316,663.00
6.190581,876.4840,671.00
6.190581,876.5364,669.00
6.190581,876.5889,628.00
6.190581,876.6413,715.00
6.190581,876.6937,609.00
6.190581,876.7460,699.00
6.190581,876.7985,642.00
6.190581,876.8509,690.00
6.190581,876.9032,639.00
6.190581,876.9556,670.00
6.190581,877.0079,629.00
6.190581,877.0604,633.00
6.190581,877.1127,617.00
6.190581,877.1651,695.00
6.190581,877.2174,635.00
6.190581,877.2697,660.00
6.190581,877.3221,622.00
6.190581,877.3744,666.00
6.190581,877.4268,621.00
6.190581,877.4791,649.00
6.190581,877.5314,626.00
6.190581,877.5837,639.00
6.190581,877.6360,601.00
6.190581,877.6884,640.00
6.190581,877.7407,616.00
6.190581,877.7930,659.00
6.190581,877.8452,635.00
6.190581,877.8975,624.00
6.190581,877.9498,642.00
6.190581,878.0021,628.00
6.190581,878.0544,599.00
6.190581,878.1066,675.00
6.190581,878.1589,612.00
6.190581,878.2111,653.00
6.190581,878.2634,624.00
6.190581,878.3157,609.00
6.190581,878.3679,589.00
6.190581,878.4202,674.00
6.190581,878.4724,622.00
6.190581,878.5246,658.00
6.190581,878.5768,618.00
6.190581,878.6290,660.00
6.190581,878.6812,639.00
6.190581,878.7335,621.00
6.190581,878.7856,639.00
6.190581,878.8379,605.00
6.190581,878.8901,612.00
6.190581,878.9422,629.00
6.190581,878.9944,612.00
6.190581,879.0466,647.00
6.190581,879.0988,622.00
6.190581,879.1509,656.00
6.190581,879.2031,612.00
6.190581,879.2552,602.00
6.190581,879.3074,603.00
6.190581,879.3596,653.00
6.190581,879.4117,584.00
6.190581,879.4638,670.00
6.190581,879.5159,591.00
6.190581,879.5681,665.00
6.190581,879.6202,624.00
6.190581,879.6723,664.00
6.190581,879.7244,639.00
6.190581,879.7766,657.00
6.190581,879.8287,574.00
6.190581,879.8808,656.00
6.190581,879.9329,584.00
6.190581,879.9849,621.00
6.190581,880.0370,626.00
6.190581,880.0891,645.00
6.190581,880.1412,598.00
6.190581,880.1932,652.00
6.190581,880.2452,576.00
6.190581,880.2973,659.00
6.190581,880.3495,620.00
6.190581,880.4015,691.00
6.190581,880.4536,636.00
6.190581,880.5056,630.00
6.190581,880.5576,637.00
6.190581,880.6096,642.00
6.190581,880.6616,593.00
6.190581,880.7137,630.00
6.190581,880.7656,589.00
6.190581,880.8176,648.00
6.190581,880.8696,589.00
6.190581,880.9217,682.00
6.190581,880.9737,613.00
6.190581,881.0256,636.00
6.190581,881.0776,618.00
6.190581,881.1296,640.00
6.190581,881.1816,565.00
6.190581,881.2336,634.00
6.190581,881.2855,588.00
6.190581,881.3374,641.00
6.190581,881.3893,642.00
6.190581,881.4413,610.00
6.190581,881.4933,607.00
6.190581,881.5452,644.00
6.190581,881.5972,612.00
6.190581,881.6490,689.00
6.190581,881.7010,625.00
6.190581,881.7530,641.00
6.190581,881.8049,636.00
6.190581,881.8568,640.00
6.190581,881.9086,604.00
6.190581,881.9605,626.00
6.190581,882.0125,628.00
6.190581,882.0643,632.00
6.190581,882.1162,574.00
6.190581,882.1681,646.00
6.190581,882.2199,579.00
6.190581,882.2719,630.00
6.190581,882.3237,602.00
6.190581,882.3755,591.00
6.190581,882.4274,571.00
6.190581,882.4792,623.00
6.190581,882.5311,583.00
6.190581,882.5829,641.00
6.190581,882.6348,605.00
6.190581,882.6866,653.00
6.190581,882.7383,625.00
6.190581,882.7902,573.00
6.190581,882.8420,610.00
6.190581,882.8939,630.00
6.190581,882.9457,558.00
6.190581,882.9974,638.00
6.190581,883.0493,598.00
6.190581,883.1011,645.00
6.190581,883.1528,579.00
6.190581,883.2046,647.00
6.190581,883.2563,615.00
6.190581,883.3081,589.00
6.190581,883.3599,596.00
6.190581,883.4116,651.00
6.190581,883.4634,615.00
6.190581,883.5151,635.00
6.190581,883.5668,598.00
6.190581,883.6187,662.00
6.190581,883.6703,619.00
6.190581,883.7220,661.00
6.190581,883.7738,645.00
6.190581,883.8254,637.00
6.190581,883.8773,575.00
6.190581,883.9289,659.00
6.190581,883.9806,584.00
6.190581,884.0323,656.00
6.190581,884.0840,660.00
6.190581,884.1357,655.00
6.190581,884.1874,615.00
6.190581,884.2391,620.00
6.190581,884.2907,586.00
6.190581,884.3423,662.00
6.190581,884.3940,601.00
6.190581,884.4457,637.00
6.190581,884.4974,628.00
6.190581,884.5490,635.00
6.190581,884.6006,601.00
6.190581,884.6523,664.00
6.190581,884.7039,594.00
6.190581,884.7555,658.00
6.190581,884.8071,603.00
6.190581,884.8588,664.00
6.190581,884.9103,660.00
6.190581,884.9620,653.00
6.190581,885.0136,649.00
6.190581,885.0651,637.00
6.190581,885.1168,630.00
6.190581,885.1683,652.00
6.190581,885.2200,656.00
6.190581,885.2715,680.00
6.190581,885.3231,600.00
6.190581,885.3746,671.00
6.190581,885.4262,630.00
6.190581,885.4778,682.00
6.190581,885.5293,658.00
6.190581,885.5809,664.00
6.190581,885.6324,601.00
6.190581,885.6839,621.00
6.190581,885.7355,627.00
6.190581,885.7870,675.00
6.190581,885.8385,626.00
6.190581,885.8900,680.00
6.190581,885.9415,636.00
6.190581,885.9930,665.00
6.190581,886.0446,617.00
6.190581,886.0960,705.00
6.190581,886.1475,622.00
6.190581,886.1990,666.00
6.190581,886.2504,632.00
6.190581,886.3020,682.00
6.190581,886.3534,642.00
6.190581,886.4048,653.00
6.190581,886.4564,623.00
6.190581,886.5078,644.00
6.190581,886.5593,633.00
6.190581,886.6107,673.00
6.190581,886.6621,634.00
6.190581,886.7136,661.00
6.190581,886.7650,616.00
6.190581,886.8164,680.00
6.190581,886.8679,620.00
6.190581,886.9193,637.00
6.190581,886.9706,596.00
6.190581,887.0220,680.00
6.190581,887.0735,592.00
6.190581,887.1249,640.00
6.190581,887.1762,602.00
6.190581,887.2276,666.00
6.190581,887.2789,644.00
6.190581,887.3304,656.00
6.190581,887.3818,650.00
6.190581,887.4331,663.00
6.190581,887.4844,635.00
6.190581,887.5358,674.00
6.190581,887.5871,594.00
6.190581,887.6385,637.00
6.190581,887.6898,667.00
6.190581,887.7411,645.00
6.190581,887.7925,621.00
6.190581,887.8438,651.00
6.190581,887.8951,598.00
6.190581,887.9464,693.00
6.190581,887.9977,650.00
6.190581,888.0490,694.00
6.190581,888.1003,675.00
6.190581,888.1516,671.00
6.190581,888.2029,622.00
6.190581,888.2542,671.00
6.190581,888.3054,609.00
6.190581,888.3567,669.00
6.190581,888.4080,623.00
6.190581,888.4592,685.00
6.190581,888.5105,631.00
6.190581,888.5618,676.00
6.190581,888.6130,644.00
6.190581,888.6642,671.00
6.190581,888.7155,662.00
6.190581,888.7667,669.00
6.190581,888.8179,582.00
6.190581,888.8691,696.00
6.190581,888.9204,663.00
6.190581,888.9716,647.00
6.190581,889.0228,660.00
6.190581,889.0740,675.00
6.190581,889.1252,678.00
6.190581,889.1764,663.00
6.190581,889.2275,629.00
6.190581,889.2787,702.00
6.190581,889.3299,631.00
6.190581,889.3810,679.00
6.190581,889.4322,641.00
6.190581,889.4835,680.00
6.190581,889.5346,655.00
6.190581,889.5857,671.00
6.190581,889.6368,625.00
6.190581,889.6879,684.00
6.190581,889.7391,614.00
6.190581,889.7903,699.00
6.190581,889.8414,621.00
6.190581,889.8925,698.00
6.190581,889.9435,658.00
6.190581,889.9948,661.00
6.190581,890.0458,625.00
6.190581,890.0969,678.00
6.190581,890.1479,631.00
6.190581,890.1990,683.00
6.190581,890.2501,646.00
6.190581,890.3012,680.00
6.190581,890.3523,661.00
6.190581,890.4034,623.00
6.190581,890.4545,639.00
6.190581,890.5054,649.00
6.190581,890.5566,584.00
6.190581,890.6076,668.00
6.190581,890.6586,611.00
6.190581,890.7097,665.00
6.190581,890.7607,618.00
6.190581,890.8117,664.00
6.190581,890.8627,658.00
6.190581,890.9138,637.00
6.190581,890.9647,602.00
6.190581,891.0157,651.00
6.190581,891.0668,586.00
6.190581,891.1178,647.00
6.190581,891.1688,612.00
6.190581,891.2197,663.00
6.190581,891.2707,653.00
6.190581,891.3217,625.00
6.190581,891.3727,619.00
6.190581,891.4236,640.00
6.190581,891.4745,589.00
6.190581,891.5256,658.00
6.190581,891.5765,580.00
6.190581,891.6275,651.00
6.190581,891.6783,604.00
6.190581,891.7293,652.00
6.190581,891.7802,589.00
6.190581,891.8312,646.00
6.190581,891.8821,561.00
6.190581,891.9330,652.00
6.190581,891.9839,576.00
6.190581,892.0348,640.00
6.190581,892.0857,597.00
6.190581,892.1366,654.00
6.190581,892.1875,592.00
6.190581,892.2383,642.00
6.190581,892.2892,604.00
6.190581,892.3401,654.00
6.190581,892.3911,593.00
6.190581,892.4418,666.00
6.190581,892.4927,627.00
6.190581,892.5436,670.00
6.190581,892.5944,635.00
6.190581,892.6452,654.00
6.190581,892.6961,615.00
6.190581,892.7469,665.00
6.190581,892.7977,633.00
6.190581,892.8485,639.00
6.190581,892.8993,641.00
6.190581,892.9502,673.00
6.190581,893.0010,626.00
6.190581,893.0518,666.00
6.190581,893.1025,645.00
6.190581,893.1534,642.00
6.190581,893.2042,598.00
6.190581,893.2549,673.00
6.190581,893.3057,627.00
6.190581,893.3564,700.00
6.190581,893.4072,665.00
6.190581,893.4580,637.00
6.190581,893.5087,640.00
6.190581,893.5595,645.00
6.190581,893.6102,606.00
6.190581,893.6609,680.00
6.190581,893.7117,574.00
6.190581,893.7625,670.00
6.190581,893.8132,618.00
6.190581,893.8639,673.00
6.190581,893.9146,660.00
6.190581,893.9653,607.00
6.190581,894.0160,631.00
6.190581,894.0667,647.00
6.190581,894.1174,622.00
6.190581,894.1681,688.00
6.190581,894.2188,627.00
6.190581,894.2695,675.00
6.190581,894.3201,647.00
6.190581,894.3708,643.00
6.190581,894.4214,618.00
6.190581,894.4720,669.00
6.190581,894.5228,611.00
6.190581,894.5734,693.00
6.190581,894.6240,643.00
6.190581,894.6746,675.00
6.190581,894.7252,680.00
6.190581,894.7759,655.00
6.190581,894.8265,644.00
6.190581,894.8771,675.00
6.190581,894.9277,617.00
6.190581,894.9783,672.00
6.190581,895.0290,601.00
6.190581,895.0795,690.00
6.190581,895.1301,637.00
6.190581,895.1807,656.00
6.190581,895.2313,670.00
6.190581,895.2819,652.00
6.190581,895.3325,623.00
6.190581,895.3830,634.00
6.190581,895.4336,620.00
6.190581,895.4841,699.00
6.190581,895.5347,630.00
6.190581,895.5852,657.00
6.190581,895.6357,663.00
6.190581,895.6863,660.00
6.190581,895.7368,641.00
6.190581,895.7874,631.00
6.190581,895.8379,586.00
6.190581,895.8884,679.00
6.190581,895.9388,600.00
6.190581,895.9893,676.00
6.190581,896.0399,649.00
6.190581,896.0904,635.00
6.190581,896.1408,665.00
6.190581,896.1913,656.00
6.190581,896.2418,618.00
6.190581,896.2922,690.00
6.190581,896.3427,627.00
6.190581,896.3932,694.00
6.190581,896.4437,660.00
6.190581,896.4941,679.00
6.190581,896.5445,647.00
6.190581,896.5950,639.00
6.190581,896.6454,623.00
6.190581,896.6958,658.00
6.190581,896.7462,611.00
6.190581,896.7967,665.00
6.190581,896.8471,647.00
6.190581,896.8975,659.00
6.190581,896.9479,649.00
6.190581,896.9983,669.00
6.190581,897.0486,632.00
6.190581,897.0991,689.00
6.190581,897.1495,629.00
6.190581,897.1998,704.00
6.190581,897.2502,614.00
6.190581,897.3005,686.00
6.190581,897.3510,638.00
6.190581,897.4013,648.00
6.190581,897.4517,664.00
6.190581,897.5020,671.00
6.190581,897.5523,637.00
6.190581,897.6026,687.00
6.190581,897.6530,602.00
6.190581,897.7033,692.00
6.190581,897.7537,631.00
6.190581,897.8040,678.00
6.190581,897.8542,627.00
6.190581,897.9046,637.00
6.190581,897.9549,634.00
6.190581,898.0051,687.00
6.190581,898.0554,651.00
6.190581,898.1057,689.00
6.190581,898.1560,640.00
6.190581,898.2063,671.00
6.190581,898.2565,635.00
6.190581,898.3068,643.00
6.190581,898.3571,644.00
6.190581,898.4073,632.00
6.190581,898.4576,577.00
6.190581,898.5078,693.00
6.190581,898.5580,605.00
6.190581,898.6083,698.00
6.190581,898.6584,666.00
6.190581,898.7087,668.00
6.190581,898.7590,638.00
6.190581,898.8091,634.00
6.190581,898.8593,647.00
6.190581,898.9095,695.00
6.190581,898.9598,612.00
6.190581,899.0099,693.00
6.190581,899.0601,611.00
6.190581,899.1103,679.00
6.190581,899.1605,617.00
6.190581,899.2107,644.00
6.190581,899.2608,628.00
6.190581,899.3109,651.00
6.190581,899.3611,621.00
6.190581,899.4113,688.00
6.190581,899.4614,628.00
6.190581,899.5115,656.00
6.190581,899.5616,645.00
6.190581,899.6118,622.00
6.190581,899.6619,606.00
6.190581,899.7121,636.00
6.190581,899.7622,588.00
6.190581,899.8123,682.00
6.190581,899.8624,595.00
6.190581,899.9124,659.00
6.190581,899.9626,648.00
6.190581,900.0126,638.00
6.190581,900.0627,617.00
6.190581,900.1127,661.00
6.190581,900.1628,583.00
6.190581,900.2130,664.00
6.190581,900.2631,563.00
6.190581,900.3130,680.00
6.190581,900.3631,604.00
6.190581,900.4131,661.00
6.190581,900.4632,606.00
6.190581,900.5132,619.00
6.190581,900.5633,608.00
6.190581,900.6132,638.00
6.190581,900.6632,590.00
6.190581,900.7133,649.00
6.190581,900.7633,573.00
6.190581,900.8133,642.00
6.190581,900.8633,629.00
6.190581,900.9133,679.00
6.190581,900.9633,592.00
6.190581,901.0133,624.00
6.190581,901.0632,585.00
6.190581,901.1132,642.00
6.190581,901.1631,589.00
6.190581,901.2131,662.00
6.190581,901.2631,642.00
6.190581,901.3130,670.00
6.190581,901.3630,629.00
6.190581,901.4129,628.00
6.190581,901.4628,623.00
6.190581,901.5128,641.00
6.190581,901.5627,581.00
6.190581,901.6126,668.00
6.190581,901.6625,614.00
6.190581,901.7124,635.00
6.190581,901.7623,638.00
6.190581,901.8123,622.00
6.190581,901.8621,640.00
6.190581,901.9120,639.00
6.190581,901.9619,599.00
6.190581,902.0117,661.00
6.190581,902.0616,621.00
6.190581,902.1115,678.00
6.190581,902.1613,637.00
6.190581,902.2112,629.00
6.190581,902.2610,626.00
6.190581,902.3109,644.00
6.190581,902.3608,599.00
6.190581,902.4106,680.00
6.190581,902.4604,604.00
6.190581,902.5103,657.00
6.190581,902.5601,610.00
6.190581,902.6099,639.00
6.190581,902.6597,622.00
6.190581,902.7095,660.00
6.190581,902.7592,624.00
6.190581,902.8090,665.00
6.190581,902.8589,589.00
6.190581,902.9086,663.00
6.190581,902.9584,608.00
6.190581,903.0082,662.00
6.190581,903.0580,634.00
6.190581,903.1077,642.00
6.190581,903.1575,625.00
6.190581,903.2072,650.00
6.190581,903.2570,615.00
6.190581,903.3067,647.00
6.190581,903.3564,611.00
6.190581,903.4062,686.00
6.190581,903.4559,629.00
6.190581,903.5056,645.00
6.190581,903.5553,619.00
6.190581,903.6050,637.00
6.190581,903.6547,621.00
6.190581,903.7045,684.00
6.190581,903.7541,580.00
6.190581,903.8038,697.00
6.190581,903.8535,632.00
6.190581,903.9032,676.00
6.190581,903.9528,606.00
6.190581,904.0025,672.00
6.190581,904.0522,610.00
6.190581,904.1019,648.00
6.190581,904.1515,598.00
6.190581,904.2012,669.00
6.190581,904.2507,612.00
6.190581,904.3004,655.00
6.190581,904.3500,610.00
6.190581,904.3997,617.00
6.190581,904.4493,602.00
6.190581,904.4989,626.00
6.190581,904.5485,605.00
6.190581,904.5980,637.00
6.190581,904.6477,590.00
6.190581,904.6973,655.00
6.190581,904.7469,595.00
6.190581,904.7964,664.00
6.190581,904.8460,602.00
6.190581,904.8956,595.00
6.190581,904.9452,591.00
6.190581,904.9947,631.00
6.190581,905.0443,584.00
6.190581,905.0938,639.00
6.190581,905.1434,637.00
6.190581,905.1929,617.00
6.190581,905.2424,621.00
6.190581,905.2919,656.00
6.190581,905.3414,615.00
6.190581,905.3910,622.00
6.190581,905.4406,596.00
6.190581,905.4901,666.00
6.190581,905.5396,586.00
6.190581,905.5890,631.00
6.190581,905.6385,623.00
6.190581,905.6880,640.00
6.190581,905.7375,659.00
6.190581,905.7870,673.00
6.190581,905.8364,613.00
6.190581,905.8859,649.00
6.190581,905.9354,622.00
6.190581,905.9848,695.00
6.190581,906.0342,688.00
6.190581,906.0837,658.00
6.190581,906.1331,624.00
6.190581,906.1826,647.00
6.190581,906.2321,593.00
6.190581,906.2814,678.00
6.190581,906.3309,621.00
6.190581,906.3802,666.00
6.190581,906.4297,629.00
6.190581,906.4791,664.00
6.190581,906.5285,627.00
6.190581,906.5779,634.00
6.190581,906.6273,627.00
6.190581,906.6766,644.00
6.190581,906.7260,630.00
6.190581,906.7754,689.00
6.190581,906.8248,595.00
6.190581,906.8741,657.00
6.190581,906.9235,638.00
6.190581,906.9729,637.00
6.190581,907.0222,624.00
6.190581,907.0715,633.00
6.190581,907.1208,610.00
6.190581,907.1702,687.00
6.190581,907.2195,648.00
6.190581,907.2688,672.00
6.190581,907.3181,620.00
6.190581,907.3674,629.00
6.190581,907.4167,617.00
6.190581,907.4660,620.00
6.190581,907.5153,580.00
6.190581,907.5646,642.00
6.190581,907.6139,610.00
6.190581,907.6631,692.00
6.190581,907.7125,616.00
6.190581,907.7617,644.00
6.190581,907.8110,579.00
6.190581,907.8602,653.00
6.190581,907.9094,580.00
6.190581,907.9587,640.00
6.190581,908.0080,564.00
6.190581,908.0572,697.00
6.190581,908.1064,590.00
6.190581,908.1556,660.00
6.190581,908.2048,664.00
6.190581,908.2541,640.00
6.190581,908.3033,642.00
6.190581,908.3524,661.00
6.190581,908.4017,576.00
6.190581,908.4508,658.00
6.190581,908.5000,610.00
6.190581,908.5493,643.00
6.190581,908.5984,662.00
6.190581,908.6475,652.00
6.190581,908.6967,589.00
6.190581,908.7459,655.00
6.190581,908.7950,613.00
6.190581,908.8442,665.00
6.190581,908.8932,596.00
6.190581,908.9424,662.00
6.190581,908.9916,631.00
6.190581,909.0407,668.00
6.190581,909.0898,662.00
6.190581,909.1389,626.00
6.190581,909.1880,605.00
6.190581,909.2372,651.00
6.190581,909.2863,602.00
6.190581,909.3354,669.00
6.190581,909.3845,569.00
6.190581,909.4335,642.00
6.190581,909.4825,631.00
6.190581,909.5317,627.00
6.190581,909.5807,588.00
6.190581,909.6298,648.00
6.190581,909.6789,591.00
6.190581,909.7280,665.00
6.190581,909.7770,597.00
6.190581,909.8260,646.00
6.190581,909.8751,598.00
6.190581,909.9241,651.00
6.190581,909.9731,620.00
6.190581,910.0222,668.00
6.190581,910.0711,617.00
6.190581,910.1201,663.00
6.190581,910.1691,607.00
6.190581,910.2181,686.00
6.190581,910.2672,634.00
6.190581,910.3162,662.00
6.190581,910.3651,631.00
6.190581,910.4141,671.00
6.190581,910.4631,653.00
6.190581,910.5120,635.00
6.190581,910.5610,593.00
6.190581,910.6099,665.00
6.190581,910.6589,661.00
6.190581,910.7078,652.00
6.190581,910.7568,655.00
6.190581,910.8057,654.00
6.190581,910.8546,646.00
6.190581,910.9036,638.00
6.190581,910.9525,608.00
6.190581,911.0013,673.00
6.190581,911.0503,633.00
6.190581,911.0992,673.00
6.190581,911.1481,653.00
6.190581,911.1970,660.00
6.190581,911.2459,628.00
6.190581,911.2948,648.00
6.190581,911.3436,606.00
6.190581,911.3925,630.00
6.190581,911.4414,630.00
6.190581,911.4902,674.00
6.190581,911.5391,636.00
6.190581,911.5880,655.00
6.190581,911.6368,621.00
6.190581,911.6857,655.00
6.190581,911.7344,617.00
6.190581,911.7833,670.00
6.190581,911.8321,621.00
6.190581,911.8809,688.00
6.190581,911.9297,641.00
6.190581,911.9785,682.00
6.190581,912.0273,693.00
6.190581,912.0762,624.00
6.190581,912.1249,660.00
6.190581,912.1737,658.00
6.190581,912.2225,603.00
6.190581,912.2712,650.00
6.190581,912.3201,658.00
6.190581,912.3688,690.00
6.190581,912.4176,625.00
6.190581,912.4663,669.00
6.190581,912.5150,617.00
6.190581,912.5638,651.00
6.190581,912.6125,633.00
6.190581,912.6613,666.00
6.190581,912.7100,616.00
6.190581,912.7587,660.00
6.190581,912.8074,685.00
6.190581,912.8561,680.00
6.190581,912.9048,665.00
6.190581,912.9535,690.00
6.190581,913.0023,656.00
6.190581,913.0510,660.00
6.190581,913.0996,646.00
6.190581,913.1483,674.00
6.190581,913.1969,641.00
6.190581,913.2456,676.00
6.190581,913.2943,696.00
6.190581,913.3430,665.00
6.190581,913.3916,643.00
6.190581,913.4402,642.00
6.190581,913.4888,648.00
6.190581,913.5375,716.00
6.190581,913.5862,620.00
6.190581,913.6348,697.00
6.190581,913.6834,667.00
6.190581,913.7320,700.00
6.190581,913.7806,660.00
6.190581,913.8292,670.00
6.190581,913.8778,660.00
6.190581,913.9264,679.00
6.190581,913.9750,614.00
6.190581,914.0236,692.00
6.190581,914.0721,655.00
6.190581,914.1207,718.00
6.190581,914.1693,647.00
6.190581,914.2178,701.00
6.190581,914.2664,670.00
6.190581,914.3149,685.00
6.190581,914.3635,633.00
6.190581,914.4120,687.00
6.190581,914.4606,680.00
6.190581,914.5090,733.00
6.190581,914.5576,678.00
6.190581,914.6061,720.00
6.190581,914.6546,673.00
6.190581,914.7031,714.00
6.190581,914.7516,620.00
6.190581,914.8001,707.00
6.190581,914.8486,670.00
6.190581,914.8971,706.00
6.190581,914.9456,667.00
6.190581,914.9941,708.00
6.190581,915.0425,675.00
6.190581,915.0910,679.00
6.190581,915.1395,643.00
6.190581,915.1879,703.00
6.190581,915.2363,660.00
6.190581,915.2849,733.00
6.190581,915.3333,663.00
6.190581,915.3817,713.00
6.190581,915.4301,675.00
6.190581,915.4785,710.00
6.190581,915.5269,654.00
6.190581,915.5754,675.00
6.190581,915.6237,642.00
6.190581,915.6721,719.00
6.190581,915.7205,663.00
6.190581,915.7689,707.00
6.190581,915.8173,659.00
6.190581,915.8657,697.00
6.190581,915.9141,643.00
6.190581,915.9623,701.00
6.190581,916.0107,647.00
6.190581,916.0591,705.00
6.190581,916.1075,654.00
6.190581,916.1558,695.00
6.190581,916.2042,676.00
6.190581,916.2524,691.00
6.190581,916.3008,656.00
6.190581,916.3491,673.00
6.190581,916.3974,627.00
6.190581,916.4457,690.00
6.190581,916.4940,657.00
6.190581,916.5423,682.00
6.190581,916.5907,680.00
6.190581,916.6390,711.00
6.190581,916.6872,663.00
6.190581,916.7355,670.00
6.190581,916.7838,639.00
6.190581,916.8320,698.00
6.190581,916.8803,619.00
6.190581,916.9286,709.00
6.190581,916.9768,631.00
6.190581,917.0250,685.00
6.190581,917.0733,717.00
6.190581,917.1216,713.00
6.190581,917.1698,644.00
6.190581,917.2180,659.00
6.190581,917.2662,638.00
6.190581,917.3145,678.00
6.190581,917.3626,644.00
6.190581,917.4109,718.00
6.190581,917.4590,631.00
6.190581,917.5072,689.00
6.190581,917.5554,675.00
6.190581,917.6036,710.00
6.190581,917.6518,665.00
6.190581,917.7000,725.00
6.190581,917.7481,654.00
6.190581,917.7963,701.00
6.190581,917.8444,675.00
6.190581,917.8926,706.00
6.190581,917.9407,678.00
6.190581,917.9888,709.00
6.190581,918.0369,642.00
6.190581,918.0851,697.00
6.190581,918.1332,655.00
6.190581,918.1813,713.00
6.190581,918.2294,650.00
6.190581,918.2776,721.00
6.190581,918.3257,700.00
6.190581,918.3737,693.00
6.190581,918.4218,676.00
6.190581,918.4699,739.00
6.190581,918.5180,678.00
6.190581,918.5660,726.00
6.190581,918.6142,662.00
6.190581,918.6622,714.00
6.190581,918.7103,703.00
6.190581,918.7583,717.00
6.190581,918.8064,707.00
6.190581,918.8544,683.00
6.190581,918.9025,669.00
6.190581,918.9505,699.00
6.190581,918.9985,628.00
6.190581,919.0464,729.00
6.190581,919.0945,691.00
6.190581,919.1426,740.00
6.190581,919.1905,721.00
6.190581,919.2385,700.00
6.190581,919.2866,672.00
6.190581,919.3345,725.00
6.190581,919.3825,686.00
6.190581,919.4304,728.00
6.190581,919.4785,654.00
6.190581,919.5264,724.00
6.190581,919.5744,684.00
6.190581,919.6224,661.00
6.190581,919.6703,654.00
6.190581,919.7182,699.00
6.190581,919.7661,658.00
6.190581,919.8141,720.00
6.190581,919.8620,706.00
6.190581,919.9100,731.00
6.190581,919.9578,667.00
6.190581,920.0057,727.00
6.190581,920.0536,684.00
6.190581,920.1016,703.00
6.190581,920.1495,675.00
6.190581,920.1973,731.00
6.190581,920.2452,615.00
6.190581,920.2932,712.00
6.190581,920.3410,683.00
6.190581,920.3888,719.00
6.190581,920.4367,669.00
6.190581,920.4846,663.00
6.190581,920.5323,676.00
6.190581,920.5803,665.00
6.190581,920.6281,655.00
6.190581,920.6759,724.00
6.190581,920.7237,665.00
6.190581,920.7715,728.00
6.190581,920.8195,676.00
6.190581,920.8672,673.00
6.190581,920.9150,658.00
6.190581,920.9628,702.00
6.190581,921.0106,660.00
6.190581,921.0584,722.00
6.190581,921.1062,612.00
6.190581,921.1540,727.00
6.190581,921.2017,655.00
6.190581,921.2495,676.00
6.190581,921.2973,643.00
6.190581,921.3450,676.00
6.190581,921.3928,627.00
6.190581,921.4405,695.00
6.190581,921.4882,614.00
6.190581,921.5359,699.00
6.190581,921.5837,672.00
6.190581,921.6315,711.00
6.190581,921.6791,667.00
6.190581,921.7269,687.00
6.190581,921.7746,619.00
6.190581,921.8223,636.00
6.190581,921.8700,623.00
6.190581,921.9177,671.00
6.190581,921.9653,645.00
6.190581,922.0130,689.00
6.190581,922.0607,690.00
6.190581,922.1084,675.00
6.190581,922.1561,673.00
6.190581,922.2037,680.00
6.190581,922.2513,674.00
6.190581,922.2990,707.00
6.190581,922.3467,623.00
6.190581,922.3943,708.00
6.190581,922.4419,636.00
6.190581,922.4895,707.00
6.190581,922.5371,669.00
6.190581,922.5848,695.00
6.190581,922.6324,656.00
6.190581,922.6800,678.00
6.190581,922.7276,615.00
6.190581,922.7752,700.00
6.190581,922.8228,659.00
6.190581,922.8704,704.00
6.190581,922.9179,651.00
6.190581,922.9655,703.00
6.190581,923.0130,650.00
6.190581,923.0607,717.00
6.190581,923.1082,634.00
6.190581,923.1558,713.00
6.190581,923.2032,643.00
6.190581,923.2508,713.00
6.190581,923.2983,670.00
6.190581,923.3459,669.00
6.190581,923.3934,636.00
6.190581,923.4409,685.00
6.190581,923.4884,652.00
6.190581,923.5359,679.00
6.190581,923.5834,642.00
6.190581,923.6309,676.00
6.190581,923.6784,660.00
6.190581,923.7259,668.00
6.190581,923.7734,655.00
6.190581,923.8209,651.00
6.190581,923.8683,642.00
6.190581,923.9158,704.00
6.190581,923.9632,660.00
6.190581,924.0106,699.00
6.190581,924.0581,625.00
6.190581,924.1056,649.00
6.190581,924.1530,674.00
6.190581,924.2004,708.00
6.190581,924.2479,657.00
6.190581,924.2952,660.00
6.190581,924.3427,596.00
6.190581,924.3901,693.00
6.190581,924.4375,634.00
6.190581,924.4849,712.00
6.190581,924.5323,650.00
6.190581,924.5797,652.00
6.190581,924.6270,680.00
6.190581,924.6744,691.00
6.190581,924.7218,620.00
6.190581,924.7692,693.00
6.190581,924.8165,636.00
6.190581,924.8639,704.00
6.190581,924.9112,657.00
6.190581,924.9585,684.00
6.190581,925.0059,676.00
6.190581,925.0532,654.00
6.190581,925.1005,614.00
6.190581,925.1478,682.00
6.190581,925.1952,638.00
6.190581,925.2424,694.00
6.190581,925.2897,643.00
6.190581,925.3370,689.00
6.190581,925.3843,659.00
6.190581,925.4316,663.00
6.190581,925.4789,601.00
6.190581,925.5262,663.00
6.190581,925.5734,620.00
6.190581,925.6207,697.00
6.190581,925.6680,647.00
6.190581,925.7153,686.00
6.190581,925.7625,639.00
6.190581,925.8097,650.00
6.190581,925.8569,668.00
6.190581,925.9042,671.00
6.190581,925.9514,623.00
6.190581,925.9987,679.00
6.190581,926.0458,631.00
6.190581,926.0930,728.00
6.190581,926.1403,669.00
6.190581,926.1874,681.00
6.190581,926.2346,655.00
6.190581,926.2819,703.00
6.190581,926.3290,630.00
6.190581,926.3762,688.00
6.190581,926.4233,618.00
6.190581,926.4705,727.00
6.190581,926.5177,687.00
6.190581,926.5648,727.00
6.190581,926.6120,704.00
6.190581,926.6591,727.00
6.190581,926.7063,655.00
6.190581,926.7534,673.00
6.190581,926.8005,617.00
6.190581,926.8477,722.00
6.190581,926.8947,677.00
6.190581,926.9418,735.00
6.190581,926.9890,702.00
6.190581,927.0361,700.00
6.190581,927.0831,659.00
6.190581,927.1302,700.00
6.190581,927.1773,661.00
6.190581,927.2244,737.00
6.190581,927.2715,656.00
6.190581,927.3185,713.00
6.190581,927.3656,688.00
6.190581,927.4126,748.00
6.190581,927.4597,738.00
6.190581,927.5067,710.00
6.190581,927.5538,656.00
6.190581,927.6008,706.00
6.190581,927.6478,684.00
6.190581,927.6949,743.00
6.190581,927.7419,715.00
6.190581,927.7888,726.00
6.190581,927.8358,729.00
6.190581,927.8829,750.00
6.190581,927.9299,691.00
6.190581,927.9769,793.00
6.190581,928.0239,707.00
6.190581,928.0708,766.00
6.190581,928.1177,727.00
6.190581,928.1648,797.00
6.190581,928.2117,778.00
6.190581,928.2587,777.00
6.190581,928.3056,775.00
6.190581,928.3525,831.00
6.190581,928.3995,826.00
6.190581,928.4465,951.00
6.190581,928.4934,1016.00
6.190581,928.5402,1129.00
6.190581,928.5872,1123.00
6.190581,928.6340,1387.00
6.190581,928.6810,1785.00
6.190581,928.7279,2568.00
6.190581,928.7748,4658.00
6.190581,928.8217,7593.00
6.190581,928.8685,8345.00
6.190581,928.9155,5690.00
6.190581,928.9623,3018.00
6.190581,929.0092,2371.00
6.190581,929.0560,3298.00
6.190581,929.1028,5454.00
6.190581,929.1498,6773.00
6.190581,929.1965,6533.00
6.190581,929.2434,5487.00
6.190581,929.2902,4861.00
6.190581,929.3370,4133.00
6.190581,929.3839,4282.00
6.190581,929.4307,5744.00
6.190581,929.4775,11367.00
6.190581,929.5243,17452.00
6.190581,929.5710,15040.00
6.190581,929.6179,9979.00
6.190581,929.6647,7360.00
6.190581,929.7115,4843.00
6.190581,929.7582,2516.00
6.190581,929.8050,1302.00
6.190581,929.8517,995.00
6.190581,929.8986,810.00
6.190581,929.9453,835.00
6.190581,929.9921,828.00
6.190581,930.0388,809.00
6.190581,930.0854,747.00
6.190581,930.1323,811.00
6.190581,930.1790,717.00
6.190581,930.2256,812.00
6.190581,930.2724,750.00
6.190581,930.3191,743.00
6.190581,930.3658,731.00
6.190581,930.4125,742.00
6.190581,930.4592,670.00
6.190581,930.5059,709.00
6.190581,930.5526,689.00
6.190581,930.5993,719.00
6.190581,930.6459,703.00
6.190581,930.6926,711.00
6.190581,930.7392,684.00
6.190581,930.7859,732.00
6.190581,930.8325,649.00
6.190581,930.8792,711.00
6.190581,930.9258,665.00
6.190581,930.9725,722.00
6.190581,931.0190,684.00
6.190581,931.0657,716.00
6.190581,931.1123,707.00
6.190581,931.1589,696.00
6.190581,931.2055,639.00
6.190581,931.2521,676.00
6.190581,931.2987,654.00
6.190581,931.3453,685.00
6.190581,931.3919,672.00
6.190581,931.4385,691.00
6.190581,931.4850,702.00
6.190581,931.5316,697.00
6.190581,931.5782,640.00
6.190581,931.6248,686.00
6.190581,931.6713,645.00
6.190581,931.7178,721.00
6.190581,931.7643,644.00
6.190581,931.8109,724.00
6.190581,931.8574,661.00
6.190581,931.9039,684.00
6.190581,931.9504,662.00
6.190581,931.9969,696.00
6.190581,932.0435,652.00
6.190581,932.0900,702.00
6.190581,932.1365,650.00
6.190581,932.1829,699.00
6.190581,932.2294,660.00
6.190581,932.2759,740.00
6.190581,932.3223,649.00
6.190581,932.3688,661.00
6.190581,932.4153,679.00
6.190581,932.4617,706.00
6.190581,932.5082,672.00
6.190581,932.5546,718.00
6.190581,932.6011,688.00
6.190581,932.6475,711.00
6.190581,932.6939,715.00
6.190581,932.7402,702.00
6.190581,932.7867,649.00
6.190581,932.8331,710.00
6.190581,932.8795,623.00
6.190581,932.9259,727.00
6.190581,932.9723,657.00
6.190581,933.0187,710.00
6.190581,933.0651,695.00
6.190581,933.1115,675.00
6.190581,933.1578,673.00
6.190581,933.2042,696.00
6.190581,933.2505,657.00
6.190581,933.2969,721.00
6.190581,933.3433,681.00
6.190581,933.3896,718.00
6.190581,933.4359,652.00
6.190581,933.4822,752.00
6.190581,933.5286,674.00
6.190581,933.5749,678.00
6.190581,933.6212,693.00
6.190581,933.6675,684.00
6.190581,933.7138,654.00
6.190581,933.7601,729.00
6.190581,933.8064,657.00
6.190581,933.8527,714.00
6.190581,933.8989,666.00
6.190581,933.9452,725.00
6.190581,933.9915,704.00
6.190581,934.0378,674.00
6.190581,934.0840,671.00
6.190581,934.1302,729.00
6.190581,934.1765,644.00
6.190581,934.2227,724.00
6.190581,934.2690,717.00
6.190581,934.3152,683.00
6.190581,934.3614,694.00
6.190581,934.4077,680.00
6.190581,934.4539,654.00
6.190581,934.5001,746.00
6.190581,934.5463,655.00
6.190581,934.5925,741.00
6.190581,934.6387,686.00
6.190581,934.6848,701.00
6.190581,934.7310,691.00
6.190581,934.7772,735.00
6.190581,934.8234,666.00
6.190581,934.8695,703.00
6.190581,934.9156,652.00
6.190581,934.9619,707.00
6.190581,935.0080,685.00
6.190581,935.0541,731.00
6.190581,935.1002,689.00
6.190581,935.1464,706.00
6.190581,935.1925,673.00
6.190581,935.2386,716.00
6.190581,935.2847,671.00
6.190581,935.3308,732.00
6.190581,935.3769,657.00
6.190581,935.4230,734.00
6.190581,935.4691,690.00
6.190581,935.5152,707.00
6.190581,935.5613,680.00
6.190581,935.6073,708.00
6.190581,935.6534,643.00
6.190581,935.6995,693.00
6.190581,935.7455,645.00
6.190581,935.7916,702.00
6.190581,935.8376,668.00
6.190581,935.8837,727.00
6.190581,935.9297,644.00
6.190581,935.9757,714.00
6.190581,936.0217,649.00
6.190581,936.0677,684.00
6.190581,936.1137,625.00
6.190581,936.1598,704.00
6.190581,936.2057,641.00
6.190581,936.2518,690.00
6.190581,936.2977,658.00
6.190581,936.3437,682.00
6.190581,936.3896,650.00
6.190581,936.4357,682.00
6.190581,936.4816,625.00
6.190581,936.5275,701.00
6.190581,936.5735,629.00
6.190581,936.6194,705.00
6.190581,936.6654,687.00
6.190581,936.7114,658.00
6.190581,936.7573,658.00
6.190581,936.8032,638.00
6.190581,936.8491,602.00
6.190581,936.8950,657.00
6.190581,936.9409,581.00
6.190581,936.9868,673.00
6.190581,937.0327,637.00
6.190581,937.0786,651.00
6.190581,937.1245,632.00
6.190581,937.1704,650.00
6.190581,937.2162,626.00
6.190581,937.2621,680.00
6.190581,937.3080,605.00
6.190581,937.3539,648.00
6.190581,937.3997,627.00
6.190581,937.4455,691.00
6.190581,937.4913,632.00
6.190581,937.5372,664.00
6.190581,937.5831,640.00
6.190581,937.6289,643.00
6.190581,937.6747,633.00
6.190581,937.7205,708.00
6.190581,937.7663,608.00
6.190581,937.8121,698.00
6.190581,937.8579,631.00
6.190581,937.9037,672.00
6.190581,937.9495,672.00
6.190581,937.9952,680.00
6.190581,938.0410,611.00
6.190581,938.0868,653.00
6.190581,938.1325,602.00
6.190581,938.1783,700.00
6.190581,938.2240,618.00
6.190581,938.2698,679.00
6.190581,938.3155,644.00
6.190581,938.3613,657.00
6.190581,938.4069,584.00
6.190581,938.4527,641.00
6.190581,938.4984,611.00
6.190581,938.5441,664.00
6.190581,938.5898,648.00
6.190581,938.6356,684.00
6.190581,938.6812,662.00
6.190581,938.7269,679.00
6.190581,938.7726,636.00
6.190581,938.8182,664.00
6.190581,938.8640,648.00
6.190581,938.9096,683.00
6.190581,938.9552,629.00
6.190581,939.0010,660.00
6.190581,939.0466,672.00
6.190581,939.0922,690.00
6.190581,939.1378,697.00
6.190581,939.1835,712.00
6.190581,939.2291,628.00
6.190581,939.2747,694.00
6.190581,939.3203,663.00
6.190581,939.3659,716.00
6.190581,939.4115,668.00
6.190581,939.4570,690.00
6.190581,939.5027,697.00
6.190581,939.5483,675.00
6.190581,939.5939,650.00
6.190581,939.6395,704.00
6.190581,939.6851,665.00
6.190581,939.7306,684.00
6.190581,939.7761,671.00
6.190581,939.8217,709.00
6.190581,939.8672,656.00
6.190581,939.9127,676.00
6.190581,939.9583,674.00
6.190581,940.0038,707.00
6.190581,940.0493,688.00
6.190581,940.0948,712.00
6.190581,940.1403,654.00
6.190581,940.1859,771.00
6.190581,940.2314,681.00
6.190581,940.2769,712.00
6.190581,940.3223,652.00
6.190581,940.3678,695.00
6.190581,940.4133,661.00
6.190581,940.4588,710.00
6.190581,940.5042,658.00
6.190581,940.5497,744.00
6.190581,940.5952,647.00
6.190581,940.6406,710.00
6.190581,940.6860,685.00
6.190581,940.7315,701.00
6.190581,940.7769,692.00
6.190581,940.8223,691.00
6.190581,940.8677,679.00
6.190581,940.9132,720.00
6.190581,940.9586,676.00
6.190581,941.0040,736.00
6.190581,941.0494,683.00
6.190581,941.0948,697.00
6.190581,941.1402,690.00
6.190581,941.1855,692.00
6.190581,941.2310,658.00
6.190581,941.2762,745.00
6.190581,941.3216,664.00
6.190581,941.3670,725.00
6.190581,941.4124,658.00
6.190581,941.4577,705.00
6.190581,941.5031,670.00
6.190581,941.5483,710.00
6.190581,941.5937,674.00
6.190581,941.6390,715.00
6.190581,941.6843,686.00
6.190581,941.7296,737.00
6.190581,941.7749,677.00
6.190581,941.8203,709.00
6.190581,941.8655,693.00
6.190581,941.9108,711.00
6.190581,941.9561,660.00
6.190581,942.0013,680.00
6.190581,942.0467,656.00
6.190581,942.0920,722.00
6.190581,942.1372,689.00
6.190581,942.1824,712.00
6.190581,942.2277,672.00
6.190581,942.2729,696.00
6.190581,942.3182,663.00
6.190581,942.3634,716.00
6.190581,942.4086,672.00
6.190581,942.4539,686.00
6.190581,942.4990,640.00
6.190581,942.5443,695.00
6.190581,942.5895,676.00
6.190581,942.6347,698.00
6.190581,942.6798,627.00
6.190581,942.7250,700.00
6.190581,942.7702,665.00
6.190581,942.8154,700.00
6.190581,942.8606,655.00
6.190581,942.9058,729.00
6.190581,942.9508,638.00
6.190581,942.9960,698.00
6.190581,943.0412,636.00
6.190581,943.0864,717.00
6.190581,943.1314,642.00
6.190581,943.1766,711.00
6.190581,943.2217,677.00
6.190581,943.2668,714.00
6.190581,943.3120,640.00
6.190581,943.3571,763.00
6.190581,943.4021,699.00
6.190581,943.4473,738.00
6.190581,943.4923,675.00
6.190581,943.5374,688.00
6.190581,943.5825,665.00
6.190581,943.6276,713.00
6.190581,943.6725,647.00
6.190581,943.7177,703.00
6.190581,943.7627,700.00
6.190581,943.8078,676.00
6.190581,943.8528,680.00
6.190581,943.8978,707.00
6.190581,943.9429,673.00
6.190581,943.9879,734.00
6.190581,944.0330,670.00
6.190581,944.0779,724.00
6.190581,944.1229,647.00
6.190581,944.1679,688.00
6.190581,944.2130,703.00
6.190581,944.2579,711.00
6.190581,944.3029,668.00
6.190581,944.3478,657.00
6.190581,944.3929,630.00
6.190581,944.4379,733.00
6.190581,944.4828,695.00
6.190581,944.5277,728.00
6.190581,944.5727,660.00
6.190581,944.6176,709.00
6.190581,944.6626,688.00
6.190581,944.7076,697.00
6.190581,944.7524,650.00
6.190581,944.7974,712.00
6.190581,944.8423,676.00
6.190581,944.8872,704.00
6.190581,944.9321,686.00
6.190581,944.9770,721.00
6.190581,945.0219,690.00
6.190581,945.0667,714.00
6.190581,945.1116,670.00
6.190581,945.1566,665.00
6.190581,945.2014,652.00
6.190581,945.2463,751.00
6.190581,945.2911,655.00
6.190581,945.3360,741.00
6.190581,945.3808,678.00
6.190581,945.4257,702.00
6.190581,945.4705,677.00
6.190581,945.5153,705.00
6.190581,945.5601,634.00
6.190581,945.6050,737.00
6.190581,945.6498,679.00
6.190581,945.6946,702.00
6.190581,945.7394,692.00
6.190581,945.7842,667.00
6.190581,945.8290,658.00
6.190581,945.8738,725.00
6.190581,945.9186,665.00
6.190581,945.9633,706.00
6.190581,946.0081,657.00
6.190581,946.0529,719.00
6.190581,946.0976,672.00
6.190581,946.1423,684.00
6.190581,946.1871,661.00
6.190581,946.2318,710.00
6.190581,946.2766,637.00
6.190581,946.3213,690.00
6.190581,946.3660,646.00
6.190581,946.4107,702.00
6.190581,946.4554,655.00
6.190581,946.5001,708.00
6.190581,946.5449,679.00
6.190581,946.5895,667.00
6.190581,946.6342,637.00
6.190581,946.6789,675.00
6.190581,946.7236,650.00
6.190581,946.7682,695.00
6.190581,946.8129,651.00
6.190581,946.8575,738.00
6.190581,946.9022,677.00
6.190581,946.9468,731.00
6.190581,946.9915,679.00
6.190581,947.0361,697.00
6.190581,947.0807,629.00
6.190581,947.1253,690.00
6.190581,947.1700,601.00
6.190581,947.2146,705.00
6.190581,947.2592,646.00
6.190581,947.3038,712.00
6.190581,947.3483,675.00
6.190581,947.3929,680.00
6.190581,947.4376,642.00
6.190581,947.4821,681.00
6.190581,947.5267,638.00
6.190581,947.5712,699.00
6.190581,947.6158,658.00
6.190581,947.6604,695.00
6.190581,947.7050,646.00
6.190581,947.7495,653.00
6.190581,947.7939,647.00
6.190581,947.8385,715.00
6.190581,947.8831,637.00
6.190581,947.9276,683.00
6.190581,947.9720,634.00
6.190581,948.0166,691.00
6.190581,948.0611,653.00
6.190581,948.1056,670.00
6.190581,948.1501,631.00
6.190581,948.1945,699.00
6.190581,948.2390,643.00
6.190581,948.2835,666.00
6.190581,948.3279,597.00
6.190581,948.3724,697.00
6.190581,948.4169,649.00
6.190581,948.4613,681.00
6.190581,948.5057,661.00
6.190581,948.5502,626.00
6.190581,948.5947,596.00
6.190581,948.6391,678.00
6.190581,948.6835,630.00
6.190581,948.7279,700.00
6.190581,948.7723,663.00
6.190581,948.8167,690.00
6.190581,948.8611,623.00
6.190581,948.9055,671.00
6.190581,948.9498,646.00
6.190581,948.9943,653.00
6.190581,949.0387,645.00
6.190581,949.0830,683.00
6.190581,949.1273,651.00
6.190581,949.1718,681.00
6.190581,949.2161,642.00
6.190581,949.2604,650.00
6.190581,949.3047,629.00
6.190581,949.3491,677.00
6.190581,949.3934,624.00
6.190581,949.4377,671.00
6.190581,949.4821,591.00
6.190581,949.5264,696.00
6.190581,949.5707,646.00
6.190581,949.6150,700.00
6.190581,949.6592,655.00
6.190581,949.7036,671.00
6.190581,949.7479,610.00
6.190581,949.7921,719.00
6.190581,949.8363,648.00
6.190581,949.8806,699.00
6.190581,949.9249,635.00
6.190581,949.9692,701.00
6.190581,950.0134,653.00
6.190581,950.0576,678.00
6.190581,950.1019,669.00
6.190581,950.1461,683.00
6.190581,950.1903,614.00
6.190581,950.2346,698.00
6.190581,950.2787,691.00
6.190581,950.3229,692.00
6.190581,950.3671,641.00
6.190581,950.4114,693.00
6.190581,950.4555,669.00
6.190581,950.4997,671.00
6.190581,950.5439,630.00
6.190581,950.5880,724.00
6.190581,950.6322,616.00
6.190581,950.6763,682.00
6.190581,950.7205,653.00
6.190581,950.7646,675.00
6.190581,950.8088,656.00
6.190581,950.8530,690.00
6.190581,950.8971,647.00
6.190581,950.9412,674.00
6.190581,950.9853,577.00
6.190581,951.0294,702.00
6.190581,951.0735,643.00
6.190581,951.1177,733.00
6.190581,951.1617,679.00
6.190581,951.2057,700.00
6.190581,951.2499,659.00
6.190581,951.2939,677.00
6.190581,951.3380,648.00
6.190581,951.3821,677.00
6.190581,951.4261,638.00
6.190581,951.4702,709.00
6.190581,951.5142,688.00
6.190581,951.5582,714.00
6.190581,951.6024,660.00
6.190581,951.6464,711.00
6.190581,951.6904,666.00
6.190581,951.7344,732.00
6.190581,951.7784,605.00
6.190581,951.8224,716.00
6.190581,951.8665,639.00
6.190581,951.9104,697.00
6.190581,951.9544,656.00
6.190581,951.9984,654.00
6.190581,952.0424,670.00
6.190581,952.0864,699.00
6.190581,952.1303,630.00
6.190581,952.1743,736.00
6.190581,952.2183,661.00
6.190581,952.2621,697.00
6.190581,952.3061,699.00
6.190581,952.3500,701.00
6.190581,952.3940,660.00
6.190581,952.4379,694.00
6.190581,952.4818,650.00
6.190581,952.5258,707.00
6.190581,952.5696,658.00
6.190581,952.6136,728.00
6.190581,952.6574,651.00
6.190581,952.7014,691.00
6.190581,952.7452,661.00
6.190581,952.7891,689.00
6.190581,952.8330,624.00
6.190581,952.8768,711.00
6.190581,952.9207,659.00
6.190581,952.9645,710.00
6.190581,953.0084,648.00
6.190581,953.0522,692.00
6.190581,953.0961,659.00
6.190581,953.1400,673.00
6.190581,953.1838,653.00
6.190581,953.2275,668.00
6.190581,953.2714,644.00
6.190581,953.3152,727.00
6.190581,953.3589,674.00
6.190581,953.4028,710.00
6.190581,953.4466,680.00
6.190581,953.4904,664.00
6.190581,953.5341,651.00
6.190581,953.5779,681.00
6.190581,953.6217,619.00
6.190581,953.6654,666.00
6.190581,953.7092,610.00
6.190581,953.7529,713.00
6.190581,953.7967,624.00
6.190581,953.8405,689.00
6.190581,953.8842,645.00
6.190581,953.9279,649.00
6.190581,953.9716,628.00
6.190581,954.0153,676.00
6.190581,954.0590,626.00
6.190581,954.1027,650.00
6.190581,954.1464,678.00
6.190581,954.1901,668.00
6.190581,954.2338,650.00
6.190581,954.2774,669.00
6.190581,954.3212,621.00
6.190581,954.3648,701.00
6.190581,954.4084,604.00
6.190581,954.4521,665.00
6.190581,954.4958,642.00
6.190581,954.5394,658.00
6.190581,954.5831,668.00
6.190581,954.6267,638.00
6.190581,954.6703,656.00
6.190581,954.7139,669.00
6.190581,954.7576,625.00
6.190581,954.8012,708.00
6.190581,954.8448,623.00
6.190581,954.8884,682.00
6.190581,954.9319,618.00
6.190581,954.9755,682.00
6.190581,955.0191,632.00
6.190581,955.0627,633.00
6.190581,955.1063,577.00
6.190581,955.1498,629.00
6.190581,955.1934,623.00
6.190581,955.2369,660.00
6.190581,955.2805,614.00
6.190581,955.3240,684.00
6.190581,955.3675,674.00
6.190581,955.4111,667.00
6.190581,955.4546,608.00
6.190581,955.4981,685.00
6.190581,955.5416,602.00
6.190581,955.5851,667.00
6.190581,955.6285,621.00
6.190581,955.6722,674.00
6.190581,955.7156,620.00
6.190581,955.7590,679.00
6.190581,955.8025,653.00
6.190581,955.8460,664.00
6.190581,955.8895,621.00
6.190581,955.9329,682.00
6.190581,955.9764,625.00
6.190581,956.0198,692.00
6.190581,956.0632,660.00
6.190581,956.1067,698.00
6.190581,956.1501,669.00
6.190581,956.1935,642.00
6.190581,956.2369,612.00
6.190581,956.2803,660.00
6.190581,956.3238,597.00
6.190581,956.3671,690.00
6.190581,956.4105,627.00
6.190581,956.4539,672.00
6.190581,956.4973,654.00
6.190581,956.5406,616.00
6.190581,956.5841,635.00
6.190581,956.6274,651.00
6.190581,956.6707,624.00
6.190581,956.7141,697.00
6.190581,956.7575,636.00
6.190581,956.8008,679.00
6.190581,956.8442,641.00
6.190581,956.8875,672.00
6.190581,956.9308,662.00
6.190581,956.9741,662.00
6.190581,957.0174,625.00
6.190581,957.0607,680.00
6.190581,957.1040,602.00
6.190581,957.1473,705.00
6.190581,957.1906,613.00
6.190581,957.2339,678.00
6.190581,957.2772,632.00
6.190581,957.3204,689.00
6.190581,957.3636,616.00
6.190581,957.4069,674.00
6.190581,957.4502,603.00
6.190581,957.4934,688.00
6.190581,957.5366,632.00
6.190581,957.5799,678.00
6.190581,957.6230,647.00
6.190581,957.6664,681.00
6.190581,957.7095,640.00
6.190581,957.7527,700.00
6.190581,957.7959,631.00
6.190581,957.8392,683.00
6.190581,957.8823,658.00
6.190581,957.9255,712.00
6.190581,957.9687,670.00
6.190581,958.0118,669.00
6.190581,958.0551,655.00
6.190581,958.0983,703.00
6.190581,958.1414,646.00
6.190581,958.1845,699.00
6.190581,958.2277,666.00
6.190581,958.2708,715.00
6.190581,958.3139,649.00
6.190581,958.3571,709.00
6.190581,958.4001,649.00
6.190581,958.4432,683.00
6.190581,958.4864,661.00
6.190581,958.5295,686.00
6.190581,958.5726,668.00
6.190581,958.6157,710.00
6.190581,958.6588,661.00
6.190581,958.7018,696.00
6.190581,958.7449,653.00
6.190581,958.7879,684.00
6.190581,958.8311,645.00
6.190581,958.8741,688.00
6.190581,958.9171,630.00
6.190581,958.9601,692.00
6.190581,959.0032,656.00
6.190581,959.0463,686.00
6.190581,959.0893,700.00
6.190581,959.1323,695.00
6.190581,959.1752,682.00
6.190581,959.2183,690.00
6.190581,959.2613,649.00
6.190581,959.3043,684.00
6.190581,959.3472,609.00
6.190581,959.3903,673.00
6.190581,959.4332,667.00
6.190581,959.4763,640.00
6.190581,959.5192,636.00
6.190581,959.5621,660.00
6.190581,959.6051,628.00
6.190581,959.6480,683.00
6.190581,959.6910,584.00
6.190581,959.7339,690.00
6.190581,959.7768,602.00
6.190581,959.8198,638.00
6.190581,959.8627,625.00
6.190581,959.9056,650.00
6.190581,959.9485,631.00
6.190581,959.9915,651.00
6.190581,960.0343,579.00
6.190581,960.0771,676.00
6.190581,960.1201,623.00
6.190581,960.1630,685.00
6.190581,960.2058,641.00
6.190581,960.2487,641.00
6.190581,960.2915,632.00
6.190581,960.3344,643.00
6.190581,960.3773,580.00
6.190581,960.4200,678.00
6.190581,960.4629,594.00
6.190581,960.5057,684.00
6.190581,960.5485,607.00
6.190581,960.5914,644.00
6.190581,960.6342,635.00
6.190581,960.6770,593.00
6.190581,960.7198,630.00
6.190581,960.7626,617.00
6.190581,960.8054,588.00
6.190581,960.8481,647.00
6.190581,960.8909,618.00
6.190581,960.9337,645.00
6.190581,960.9764,618.00
6.190581,961.0192,648.00
6.190581,961.0620,611.00
6.190581,961.1047,609.00
6.190581,961.1475,594.00
6.190581,961.1902,661.00
6.190581,961.2329,598.00
6.190581,961.2757,649.00
6.190581,961.3184,634.00
6.190581,961.3611,617.00
6.190581,961.4037,618.00
6.190581,961.4465,659.00
6.190581,961.4892,618.00
6.190581,961.5319,657.00
6.190581,961.5745,580.00
6.190581,961.6172,677.00
6.190581,961.6599,629.00
6.190581,961.7026,677.00
6.190581,961.7452,634.00
6.190581,961.7878,650.00
6.190581,961.8304,644.00
6.190581,961.8731,682.00
6.190581,961.9157,626.00
6.190581,961.9584,637.00
6.190581,962.0010,637.00
6.190581,962.0436,644.00
6.190581,962.0862,645.00
6.190581,962.1288,633.00
6.190581,962.1714,620.00
6.190581,962.2140,640.00
6.190581,962.2565,580.00
6.190581,962.2991,648.00
6.190581,962.3417,596.00
6.190581,962.3843,638.00
6.190581,962.4268,648.00
6.190581,962.4694,652.00
6.190581,962.5119,660.00
6.190581,962.5545,676.00
6.190581,962.5970,623.00
6.190581,962.6396,662.00
6.190581,962.6821,600.00
6.190581,962.7246,700.00
6.190581,962.7671,642.00
6.190581,962.8096,655.00
6.190581,962.8522,619.00
6.190581,962.8947,606.00
6.190581,962.9371,596.00
6.190581,962.9796,645.00
6.190581,963.0222,615.00
6.190581,963.0646,699.00
6.190581,963.1070,607.00
6.190581,963.1495,634.00
6.190581,963.1919,634.00
6.190581,963.2344,639.00
6.190581,963.2768,619.00
6.190581,963.3193,641.00
6.190581,963.3616,607.00
6.190581,963.4041,687.00
6.190581,963.4465,617.00
6.190581,963.4889,663.00
6.190581,963.5314,652.00
6.190581,963.5737,649.00
6.190581,963.6161,623.00
6.190581,963.6585,612.00
6.190581,963.7009,579.00
6.190581,963.7433,664.00
6.190581,963.7856,628.00
6.190581,963.8280,703.00
6.190581,963.8704,620.00
6.190581,963.9127,669.00
6.190581,963.9551,630.00
6.190581,963.9974,644.00
6.190581,964.0397,629.00
6.190581,964.0820,650.00
6.190581,964.1244,574.00
6.190581,964.1667,643.00
6.190581,964.2090,622.00
6.190581,964.2513,676.00
6.190581,964.2936,623.00
6.190581,964.3359,663.00
6.190581,964.3782,627.00
6.190581,964.4205,647.00
6.190581,964.4627,608.00
6.190581,964.5050,671.00
6.190581,964.5472,611.00
6.190581,964.5895,687.00
6.190581,964.6317,629.00
6.190581,964.6740,664.00
6.190581,964.7162,643.00
6.190581,964.7585,631.00
6.190581,964.8007,595.00
6.190581,964.8429,654.00
6.190581,964.8851,602.00
6.190581,964.9273,651.00
6.190581,964.9695,575.00
6.190581,965.0118,607.00
6.190581,965.0539,621.00
6.190581,965.0961,649.00
6.190581,965.1382,659.00
6.190581,965.1805,661.00
6.190581,965.2226,607.00
6.190581,965.2648,646.00
6.190581,965.3069,568.00
6.190581,965.3491,667.00
6.190581,965.3912,624.00
6.190581,965.4333,655.00
6.190581,965.4755,635.00
6.190581,965.5176,640.00
6.190581,965.5598,593.00
6.190581,965.6019,680.00
6.190581,965.6439,567.00
6.190581,965.6861,653.00
6.190581,965.7281,600.00
6.190581,965.7702,606.00
6.190581,965.8123,594.00
6.190581,965.8543,627.00
6.190581,965.8964,570.00
6.190581,965.9385,646.00
6.190581,965.9806,621.00
6.190581,966.0226,657.00
6.190581,966.0647,575.00
6.190581,966.1068,607.00
6.190581,966.1487,641.00
6.190581,966.1907,610.00
6.190581,966.2328,602.00
6.190581,966.2748,615.00
6.190581,966.3168,589.00
6.190581,966.3588,628.00
6.190581,966.4008,595.00
6.190581,966.4427,639.00
6.190581,966.4848,601.00
6.190581,966.5268,636.00
6.190581,966.5688,616.00
6.190581,966.6107,651.00
6.190581,966.6526,575.00
6.190581,966.6946,662.00
6.190581,966.7366,560.00
6.190581,966.7785,636.00
6.190581,966.8204,651.00
6.190581,966.8624,647.00
6.190581,966.9042,617.00
6.190581,966.9462,620.00
6.190581,966.9881,586.00
6.190581,967.0300,637.00
6.190581,967.0719,567.00
6.190581,967.1138,646.00
6.190581,967.1556,606.00
6.190581,967.1976,677.00
6.190581,967.2394,620.00
6.190581,967.2813,613.00
6.190581,967.3232,599.00
6.190581,967.3651,641.00
6.190581,967.4070,570.00
6.190581,967.4488,672.00
6.190581,967.4906,628.00
6.190581,967.5324,669.00
6.190581,967.5743,648.00
6.190581,967.6161,625.00
6.190581,967.6579,600.00
6.190581,967.6997,656.00
6.190581,967.7415,610.00
6.190581,967.7833,648.00
6.190581,967.8251,594.00
6.190581,967.8669,692.00
6.190581,967.9087,638.00
6.190581,967.9504,663.00
6.190581,967.9922,628.00
6.190581,968.0339,643.00
6.190581,968.0757,596.00
6.190581,968.1174,693.00
6.190581,968.1592,617.00
6.190581,968.2009,652.00
6.190581,968.2427,601.00
6.190581,968.2844,642.00
6.190581,968.3262,668.00
6.190581,968.3679,652.00
6.190581,968.4095,606.00
6.190581,968.4512,652.00
6.190581,968.4930,607.00
6.190581,968.5347,682.00
6.190581,968.5763,654.00
6.190581,968.6180,667.00
6.190581,968.6597,612.00
6.190581,968.7014,683.00
6.190581,968.7430,633.00
6.190581,968.7846,657.00
6.190581,968.8263,589.00
6.190581,968.8679,670.00
6.190581,968.9095,607.00
6.190581,968.9512,686.00
6.190581,968.9928,648.00
6.190581,969.0344,642.00
6.190581,969.0761,653.00
6.190581,969.1177,623.00
6.190581,969.1592,623.00
6.190581,969.2009,656.00
6.190581,969.2424,599.00
6.190581,969.2839,714.00
6.190581,969.3255,611.00
6.190581,969.3672,651.00
6.190581,969.4087,616.00
6.190581,969.4503,667.00
6.190581,969.4918,585.00
6.190581,969.5333,619.00
6.190581,969.5749,585.00
6.190581,969.6165,658.00
6.190581,969.6580,605.00
6.190581,969.6995,662.00
6.190581,969.7410,649.00
6.190581,969.7825,664.00
6.190581,969.8240,637.00
6.190581,969.8655,660.00
6.190581,969.9070,581.00
6.190581,969.9484,674.00
6.190581,969.9899,596.00
6.190581,970.0314,644.00
6.190581,970.0728,626.00
6.190581,970.1143,638.00
6.190581,970.1558,643.00
6.190581,970.1971,650.00
6.190581,970.2386,588.00
6.190581,970.2801,615.00
6.190581,970.3215,585.00
6.190581,970.3629,651.00
6.190581,970.4044,589.00
6.190581,970.4457,656.00
6.190581,970.4872,617.00
6.190581,970.5286,624.00
6.190581,970.5699,613.00
6.190581,970.6113,620.00
6.190581,970.6527,592.00
6.190581,970.6941,650.00
6.190581,970.7354,592.00
6.190581,970.7768,618.00
6.190581,970.8182,622.00
6.190581,970.8595,648.00
6.190581,970.9009,631.00
6.190581,970.9422,622.00
6.190581,970.9835,591.00
6.190581,971.0248,637.00
6.190581,971.0662,576.00
6.190581,971.1075,639.00
6.190581,971.1487,613.00
6.190581,971.1901,635.00
6.190581,971.2314,620.00
6.190581,971.2727,620.00
6.190581,971.3140,601.00
6.190581,971.3552,618.00
6.190581,971.3965,553.00
6.190581,971.4377,658.00
6.190581,971.4789,618.00
6.190581,971.5203,626.00
6.190581,971.5615,635.00
6.190581,971.6027,620.00
6.190581,971.6439,579.00
6.190581,971.6852,617.00
6.190581,971.7264,591.00
6.190581,971.7676,635.00
6.190581,971.8088,594.00
6.190581,971.8500,631.00
6.190581,971.8912,620.00
6.190581,971.9324,625.00
6.190581,971.9736,637.00
6.190581,972.0148,619.00
6.190581,972.0560,615.00
6.190581,972.0972,656.00
6.190581,972.1384,604.00
6.190581,972.1794,650.00
6.190581,972.2206,593.00
6.190581,972.2617,601.00
6.190581,972.3029,602.00
6.190581,972.3439,584.00
6.190581,972.3851,575.00
6.190581,972.4262,616.00
6.190581,972.4673,510.00
6.190581,972.5085,649.00
6.190581,972.5496,586.00
6.190581,972.5907,617.00
6.190581,972.6317,580.00
6.190581,972.6729,599.00
6.190581,972.7139,584.00
6.190581,972.7549,615.00
6.190581,972.7961,532.00
6.190581,972.8371,600.00
6.190581,972.8781,593.00
6.190581,972.9191,668.00
6.190581,972.9602,625.00
6.190581,973.0013,618.00
6.190581,973.0423,588.00
6.190581,973.0833,594.00
6.190581,973.1243,534.00
6.190581,973.1653,598.00
6.190581,973.2064,555.00
6.190581,973.2473,626.00
6.190581,973.2883,593.00
6.190581,973.3293,609.00
6.190581,973.3703,605.00
6.190581,973.4113,637.00
6.190581,973.4522,561.00
6.190581,973.4931,628.00
6.190581,973.5341,574.00
6.190581,973.5750,630.00
6.190581,973.6160,606.00
6.190581,973.6570,636.00
6.190581,973.6978,628.00
6.190581,973.7388,611.00
6.190581,973.7797,593.00
6.190581,973.8206,619.00
6.190581,973.8615,574.00
6.190581,973.9024,624.00
6.190581,973.9433,571.00
6.190581,973.9842,648.00
6.190581,974.0250,615.00
6.190581,974.0660,637.00
6.190581,974.1068,626.00
6.190581,974.1476,627.00
6.190581,974.1885,580.00
6.190581,974.2294,633.00
6.190581,974.2702,592.00
6.190581,974.3110,659.00
6.190581,974.3519,619.00
6.190581,974.3927,662.00
6.190581,974.4335,632.00
6.190581,974.4743,624.00
6.190581,974.5151,641.00
6.190581,974.5559,657.00
6.190581,974.5967,565.00
6.190581,974.6375,674.00
6.190581,974.6783,602.00
6.190581,974.7191,680.00
6.190581,974.7598,654.00
6.190581,974.8006,702.00
6.190581,974.8413,615.00
6.190581,974.8821,617.00
6.190581,974.9229,616.00
6.190581,974.9636,677.00
6.190581,975.0043,609.00
6.190581,975.0450,667.00
6.190581,975.0858,642.00
6.190581,975.1265,656.00
6.190581,975.1672,656.00
6.190581,975.2079,656.00
6.190581,975.2485,613.00
6.190581,975.2892,669.00
6.190581,975.3300,608.00
6.190581,975.3706,676.00
6.190581,975.4113,672.00
6.190581,975.4519,706.00
6.190581,975.4926,642.00
6.190581,975.5333,676.00
6.190581,975.5739,572.00
6.190581,975.6146,678.00
6.190581,975.6552,615.00
6.190581,975.6958,655.00
6.190581,975.7363,612.00
6.190581,975.7770,668.00
6.190581,975.8176,629.00
6.190581,975.8582,701.00
6.190581,975.8989,639.00
6.190581,975.9395,660.00
6.190581,975.9800,596.00
6.190581,976.0206,674.00
6.190581,976.0611,612.00
6.190581,976.1017,685.00
6.190581,976.1423,622.00
6.190581,976.1829,654.00
6.190581,976.2234,647.00
6.190581,976.2639,702.00
6.190581,976.3044,622.00
6.190581,976.3450,653.00
6.190581,976.3855,601.00
6.190581,976.4260,659.00
6.190581,976.4665,661.00
6.190581,976.5070,663.00
6.190581,976.5475,644.00
6.190581,976.5880,636.00
6.190581,976.6285,617.00
6.190581,976.6690,660.00
6.190581,976.7095,585.00
6.190581,976.7500,678.00
6.190581,976.7905,616.00
6.190581,976.8308,670.00
6.190581,976.8713,642.00
6.190581,976.9117,622.00
6.190581,976.9521,627.00
6.190581,976.9926,650.00
6.190581,977.0330,607.00
6.190581,977.0734,673.00
6.190581,977.1139,609.00
6.190581,977.1542,635.00
6.190581,977.1947,639.00
6.190581,977.2350,681.00
6.190581,977.2755,620.00
6.190581,977.3158,630.00
6.190581,977.3562,603.00
6.190581,977.3965,673.00
6.190581,977.4370,596.00
6.190581,977.4773,662.00
6.190581,977.5176,605.00
6.190581,977.5579,627.00
6.190581,977.5983,582.00
6.190581,977.6387,652.00
6.190581,977.6790,567.00
6.190581,977.7192,608.00
6.190581,977.7595,599.00
6.190581,977.7999,677.00
6.190581,977.8402,610.00
6.190581,977.8805,607.00
6.190581,977.9208,558.00
6.190581,977.9610,601.00
6.190581,978.0013,580.00
6.190581,978.0417,607.00
6.190581,978.0819,541.00
6.190581,978.1221,603.00
6.190581,978.1624,564.00
6.190581,978.2026,626.00
6.190581,978.2428,581.00
6.190581,978.2831,614.00
6.190581,978.3233,609.00
6.190581,978.3635,566.00
6.190581,978.4037,535.00
6.190581,978.4440,624.00
6.190581,978.4842,571.00
6.190581,978.5244,618.00
6.190581,978.5645,579.00
6.190581,978.6047,605.00
6.190581,978.6449,568.00
6.190581,978.6851,601.00
6.190581,978.7253,537.00
6.190581,978.7654,627.00
6.190581,978.8055,556.00
6.190581,978.8458,632.00
6.190581,978.8859,584.00
6.190581,978.9260,602.00
6.190581,978.9661,587.00
6.190581,979.0062,572.00
6.190581,979.0463,564.00
6.190581,979.0864,616.00
6.190581,979.1266,537.00
6.190581,979.1666,633.00
6.190581,979.2067,560.00
6.190581,979.2469,608.00
6.190581,979.2869,590.00
6.190581,979.3270,598.00
6.190581,979.3671,598.00
6.190581,979.4071,582.00
6.190581,979.4471,572.00
6.190581,979.4871,601.00
6.190581,979.5272,521.00
6.190581,979.5673,637.00
6.190581,979.6072,607.00
6.190581,979.6473,616.00
6.190581,979.6873,566.00
6.190581,979.7273,570.00
6.190581,979.7673,564.00
6.190581,979.8073,589.00
6.190581,979.8473,552.00
6.190581,979.8873,619.00
6.190581,979.9273,565.00
6.190581,979.9673,636.00
6.190581,980.0072,578.00
6.190581,980.0471,626.00
6.190581,980.0872,583.00
6.190581,980.1271,602.00
6.190581,980.1671,572.00
6.190581,980.2069,609.00
6.190581,980.2469,573.00
6.190581,980.2868,627.00
6.190581,980.3267,577.00
6.190581,980.3666,652.00
6.190581,980.4065,604.00
6.190581,980.4464,594.00
6.190581,980.4863,577.00
6.190581,980.5262,634.00
6.190581,980.5660,580.00
6.190581,980.6060,634.00
6.190581,980.6458,579.00
6.190581,980.6857,620.00
6.190581,980.7255,589.00
6.190581,980.7654,608.00
6.190581,980.8052,571.00
6.190581,980.8450,587.00
6.190581,980.8849,554.00
6.190581,980.9247,580.00
6.190581,980.9645,584.00
6.190581,981.0043,619.00
6.190581,981.0441,621.00
6.190581,981.0839,617.00
6.190581,981.1237,580.00
6.190581,981.1635,612.00
6.190581,981.2033,511.00
6.190581,981.2430,642.00
6.190581,981.2828,548.00
6.190581,981.3226,620.00
6.190581,981.3624,598.00
6.190581,981.4021,605.00
6.190581,981.4418,553.00
6.190581,981.4816,616.00
6.190581,981.5213,590.00
6.190581,981.5610,627.00
6.190581,981.6008,548.00
6.190581,981.6404,612.00
6.190581,981.6802,572.00
6.190581,981.7198,625.00
6.190581,981.7596,581.00
6.190581,981.7993,592.00
6.190581,981.8389,544.00
6.190581,981.8786,562.00
6.190581,981.9182,522.00
6.190581,981.9579,610.00
6.190581,981.9976,556.00
6.190581,982.0372,598.00
6.190581,982.0768,529.00
6.190581,982.1165,561.00
6.190581,982.1561,579.00
6.190581,982.1958,628.00
6.190581,982.2354,523.00
6.190581,982.2750,590.00
6.190581,982.3146,530.00
6.190581,982.3541,617.00
6.190581,982.3937,568.00
6.190581,982.4333,573.00
6.190581,982.4730,575.00
6.190581,982.5125,597.00
6.190581,982.5521,576.00
6.190581,982.5917,594.00
6.190581,982.6312,534.00
6.190581,982.6707,603.00
6.190581,982.7103,550.00
6.190581,982.7498,596.00
6.190581,982.7893,561.00
6.190581,982.8289,565.00
6.190581,982.8683,513.00
6.190581,982.9079,563.00
6.190581,982.9474,540.00
6.190581,982.9869,594.00
6.190581,983.0264,522.00
6.190581,983.0659,598.00
6.190581,983.1053,589.00
6.190581,983.1448,582.00
6.190581,983.1843,525.00
6.190581,983.2238,589.00
6.190581,983.2632,565.00
6.190581,983.3027,592.00
6.190581,983.3420,569.00
6.190581,983.3816,590.00
6.190581,983.4210,558.00
6.190581,983.4604,574.00
6.190581,983.4998,560.00
6.190581,983.5392,564.00
6.190581,983.5786,523.00
6.190581,983.6180,565.00
6.190581,983.6574,561.00
6.190581,983.6968,608.00
6.190581,983.7361,582.00
6.190581,983.7755,609.00
6.190581,983.8149,534.00
6.190581,983.8543,588.00
6.190581,983.8936,558.00
6.190581,983.9329,585.00
6.190581,983.9723,516.00
6.190581,984.0116,571.00
6.190581,984.0510,544.00
6.190581,984.0903,611.00
6.190581,984.1296,556.00
6.190581,984.1689,578.00
6.190581,984.2083,583.00
6.190581,984.2476,556.00
6.190581,984.2868,545.00
6.190581,984.3261,568.00
6.190581,984.3654,521.00
6.190581,984.4046,609.00
6.190581,984.4440,510.00
6.190581,984.4832,566.00
6.190581,984.5225,490.00
6.190581,984.5616,544.00
6.190581,984.6010,552.00
6.190581,984.6402,583.00
6.190581,984.6794,525.00
6.190581,984.7186,593.00
6.190581,984.7578,564.00
6.190581,984.7970,620.00
6.190581,984.8362,579.00
6.190581,984.8755,530.00
6.190581,984.9146,562.00
6.190581,984.9538,576.00
6.190581,984.9930,520.00
6.190581,985.0322,593.00
6.190581,985.0714,567.00
6.190581,985.1105,583.00
6.190581,985.1497,528.00
6.190581,985.1888,572.00
6.190581,985.2279,558.00
6.190581,985.2671,575.00
6.190581,985.3062,561.00
6.190581,985.3453,564.00
6.190581,985.3845,540.00
6.190581,985.4236,589.00
6.190581,985.4626,553.00
6.190581,985.5017,590.00
6.190581,985.5408,586.00
6.190581,985.5799,586.00
6.190581,985.6190,520.00
6.190581,985.6581,590.00
6.190581,985.6971,505.00
6.190581,985.7362,621.00
6.190581,985.7752,553.00
6.190581,985.8143,588.00
6.190581,985.8533,557.00
6.190581,985.8924,596.00
6.190581,985.9314,536.00
6.190581,985.9704,576.00
6.190581,986.0094,518.00
6.190581,986.0484,604.00
6.190581,986.0875,522.00
6.190581,986.1265,596.00
6.190581,986.1655,546.00
6.190581,986.2044,573.00
6.190581,986.2434,548.00
6.190581,986.2823,563.00
6.190581,986.3214,526.00
6.190581,986.3603,577.00
6.190581,986.3992,496.00
6.190581,986.4382,576.00
6.190581,986.4771,553.00
6.190581,986.5161,579.00
6.190581,986.5550,572.00
6.190581,986.5939,570.00
6.190581,986.6329,544.00
6.190581,986.6718,586.00
6.190581,986.7106,495.00
6.190581,986.7495,578.00
6.190581,986.7884,579.00
6.190581,986.8273,578.00
6.190581,986.8661,557.00
6.190581,986.9050,587.00
6.190581,986.9438,533.00
6.190581,986.9828,557.00
6.190581,987.0216,513.00
6.190581,987.0605,604.00
6.190581,987.0993,507.00
6.190581,987.1381,606.00
6.190581,987.1769,520.00
6.190581,987.2158,550.00
6.190581,987.2546,568.00
6.190581,987.2934,573.00
6.190581,987.3322,495.00
6.190581,987.3710,544.00
6.190581,987.4097,499.00
6.190581,987.4486,564.00
6.190581,987.4873,528.00
6.190581,987.5261,557.00
6.190581,987.5649,530.00
6.190581,987.6036,521.00
6.190581,987.6423,502.00
6.190581,987.6812,570.00
6.190581,987.7198,496.00
6.190581,987.7586,587.00
6.190581,987.7972,536.00
6.190581,987.8361,559.00
6.190581,987.8748,513.00
6.190581,987.9135,562.00
6.190581,987.9521,521.00
6.190581,987.9908,532.00
6.190581,988.0295,499.00
6.190581,988.0681,546.00
6.190581,988.1069,489.00
6.190581,988.1456,590.00
6.190581,988.1842,554.00
6.190581,988.2228,567.00
6.190581,988.2615,553.00
6.190581,988.3002,560.00
6.190581,988.3388,471.00
6.190581,988.3774,577.00
6.190581,988.4160,509.00
6.190581,988.4546,578.00
6.190581,988.4933,552.00
6.190581,988.5319,555.00
6.190581,988.5704,530.00
6.190581,988.6090,518.00
6.190581,988.6476,477.00
6.190581,988.6862,548.00
6.190581,988.7248,497.00
6.190581,988.7634,601.00
6.190581,988.8019,521.00
6.190581,988.8405,546.00
6.190581,988.8790,546.00
6.190581,988.9176,548.00
6.190581,988.9561,502.00
6.190581,988.9946,538.00
6.190581,989.0332,519.00
6.190581,989.0717,553.00
6.190581,989.1102,512.00
6.190581,989.1487,557.00
6.190581,989.1871,515.00
6.190581,989.2256,515.00
6.190581,989.2641,542.00
6.190581,989.3027,538.00
6.190581,989.3411,526.00
6.190581,989.3795,557.00
6.190581,989.4180,483.00
6.190581,989.4565,569.00
6.190581,989.4949,525.00
6.190581,989.5334,541.00
6.190581,989.5718,516.00
6.190581,989.6102,527.00
6.190581,989.6486,530.00
6.190581,989.6871,548.00
6.190581,989.7255,488.00
6.190581,989.7639,546.00
6.190581,989.8022,491.00
6.190581,989.8407,543.00
6.190581,989.8791,520.00
6.190581,989.9174,556.00
6.190581,989.9558,501.00
6.190581,989.9941,569.00
6.190581,990.0325,489.00
6.190581,990.0709,624.00
6.190581,990.1093,504.00
6.190581,990.1475,574.00
6.190581,990.1859,542.00
6.190581,990.2242,548.00
6.190581,990.2626,518.00
6.190581,990.3008,568.00
6.190581,990.3391,487.00
6.190581,990.3774,569.00
6.190581,990.4157,522.00
6.190581,990.4540,565.00
6.190581,990.4924,508.00
6.190581,990.5306,563.00
6.190581,990.5688,544.00
6.190581,990.6071,535.00
6.190581,990.6454,536.00
6.190581,990.6837,552.00
6.190581,990.7219,501.00
6.190581,990.7601,572.00
6.190581,990.7983,533.00
6.190581,990.8365,598.00
6.190581,990.8748,554.00
6.190581,990.9130,566.00
6.190581,990.9512,554.00
6.190581,990.9893,580.00
6.190581,991.0276,529.00
6.190581,991.0658,571.00
6.190581,991.1039,527.00
6.190581,991.1421,589.00
6.190581,991.1802,548.00
6.190581,991.2184,568.00
6.190581,991.2565,553.00
6.190581,991.2947,577.00
6.190581,991.3329,502.00
6.190581,991.3710,578.00
6.190581,991.4091,502.00
6.190581,991.4473,624.00
6.190581,991.4854,596.00
6.190581,991.5234,595.00
6.190581,991.5616,553.00
6.190581,991.5997,563.00
6.190581,991.6378,534.00
6.190581,991.6758,592.00
6.190581,991.7139,525.00
6.190581,991.7520,568.00
6.190581,991.7900,543.00
6.190581,991.8282,569.00
6.190581,991.8661,548.00
6.190581,991.9042,534.00
6.190581,991.9422,536.00
6.190581,991.9803,559.00
6.190581,992.0182,500.00
6.190581,992.0563,600.00
6.190581,992.0944,491.00
6.190581,992.1323,594.00
6.190581,992.1703,553.00
6.190581,992.2084,560.00
6.190581,992.2463,536.00
6.190581,992.2844,557.00
6.190581,992.3223,525.00
6.190581,992.3602,570.00
6.190581,992.3982,498.00
6.190581,992.4362,584.00
6.190581,992.4741,542.00
6.190581,992.5120,602.00
6.190581,992.5500,553.00
6.190581,992.5879,545.00
6.190581,992.6259,544.00
6.190581,992.6638,623.00
6.190581,992.7017,543.00
6.190581,992.7396,570.00
6.190581,992.7775,538.00
6.190581,992.8154,596.00
6.190581,992.8533,569.00
6.190581,992.8912,547.00
6.190581,992.9290,531.00
6.190581,992.9669,565.00
6.190581,993.0048,562.00
6.190581,993.0426,592.00
6.190581,993.0804,557.00
6.190581,993.1183,587.00
6.190581,993.1561,558.00
6.190581,993.1940,577.00
6.190581,993.2318,564.00
6.190581,993.2696,562.00
6.190581,993.3074,507.00
6.190581,993.3452,571.00
6.190581,993.3830,542.00
6.190581,993.4208,588.00
6.190581,993.4586,517.00
6.190581,993.4963,565.00
6.190581,993.5341,553.00
6.190581,993.5719,549.00
6.190581,993.6096,518.00
6.190581,993.6474,592.00
6.190581,993.6851,532.00
6.190581,993.7228,562.00
6.190581,993.7606,568.00
6.190581,993.7984,575.00
6.190581,993.8361,514.00
6.190581,993.8738,600.00
6.190581,993.9115,543.00
6.190581,993.9492,558.00
6.190581,993.9869,501.00
6.190581,994.0245,583.00
6.190581,994.0622,532.00
6.190581,994.0999,595.00
6.190581,994.1376,541.00
6.190581,994.1753,556.00
6.190581,994.2130,559.00
6.190581,994.2505,560.00
6.190581,994.2881,497.00
6.190581,994.3258,588.00
6.190581,994.3634,502.00
6.190581,994.4010,583.00
6.190581,994.4387,540.00
6.190581,994.4763,566.00
6.190581,994.5139,550.00
6.190581,994.5515,535.00
6.190581,994.5891,511.00
6.190581,994.6266,544.00
6.190581,994.6642,491.00
6.190581,994.7018,543.00
6.190581,994.7393,531.00
6.190581,994.7769,551.00
6.190581,994.8145,534.00
6.190581,994.8521,531.00
6.190581,994.8895,505.00
6.190581,994.9271,549.00
6.190581,994.9647,489.00
6.190581,995.0022,575.00
6.190581,995.0397,491.00
6.190581,995.0771,546.00
6.190581,995.1146,514.00
6.190581,995.1522,532.00
6.190581,995.1896,517.00
6.190581,995.2271,533.00
6.190581,995.2646,475.00
6.190581,995.3021,543.00
6.190581,995.3396,502.00
6.190581,995.3770,568.00
6.190581,995.4145,518.00
6.190581,995.4518,565.00
6.190581,995.4893,499.00
6.190581,995.5267,527.00
6.190581,995.5641,496.00
6.190581,995.6016,519.00
6.190581,995.6390,482.00
6.190581,995.6765,531.00
6.190581,995.7138,505.00
6.190581,995.7512,516.00
6.190581,995.7886,541.00
6.190581,995.8260,565.00
6.190581,995.8633,489.00
6.190581,995.9007,496.00
6.190581,995.9380,490.00
6.190581,995.9754,536.00
6.190581,996.0128,488.00
6.190581,996.0501,552.00
6.190581,996.0874,528.00
6.190581,996.1248,529.00
6.190581,996.1621,508.00
6.190581,996.1994,568.00
6.190581,996.2367,486.00
6.190581,996.2740,520.00
6.190581,996.3113,520.00
6.190581,996.3486,570.00
6.190581,996.3859,510.00
6.190581,996.4232,575.00
6.190581,996.4604,550.00
6.190581,996.4977,540.00
6.190581,996.5350,513.00
6.190581,996.5722,545.00
6.190581,996.6094,481.00
6.190581,996.6466,567.00
6.190581,996.6838,510.00
6.190581,996.7211,546.00
6.190581,996.7583,524.00
6.190581,996.7955,566.00
6.190581,996.8327,535.00
6.190581,996.8700,561.00
6.190581,996.9072,475.00
6.190581,996.9443,530.00
6.190581,996.9815,495.00
6.190581,997.0187,567.00
6.190581,997.0558,528.00
6.190581,997.0930,531.00
6.190581,997.1301,551.00
6.190581,997.1672,555.00
6.190581,997.2045,521.00
6.190581,997.2416,556.00
6.190581,997.2787,503.00
6.190581,997.3158,613.00
6.190581,997.3530,513.00
6.190581,997.3900,556.00
6.190581,997.4271,542.00
6.190581,997.4642,545.00
6.190581,997.5013,528.00
6.190581,997.5384,556.00
6.190581,997.5754,500.00
6.190581,997.6126,595.00
6.190581,997.6497,526.00
6.190581,997.6867,582.00
6.190581,997.7238,522.00
6.190581,997.7607,566.00
6.190581,997.7978,513.00
6.190581,997.8348,559.00
6.190581,997.8718,501.00
6.190581,997.9088,579.00
6.190581,997.9458,527.00
6.190581,997.9829,584.00
6.190581,998.0200,553.00
6.190581,998.0569,544.00
6.190581,998.0939,535.00
6.190581,998.1309,591.00
6.190581,998.1678,534.00
6.190581,998.2048,580.00
6.190581,998.2417,512.00
6.190581,998.2786,627.00
6.190581,998.3156,515.00
6.190581,998.3525,569.00
6.190581,998.3896,538.00
6.190581,998.4265,560.00
6.190581,998.4633,529.00
6.190581,998.5003,573.00
6.190581,998.5372,522.00
6.190581,998.5740,603.00
6.190581,998.6110,524.00
6.190581,998.6478,558.00
6.190581,998.6847,544.00
6.190581,998.7217,549.00
6.190581,998.7585,527.00
6.190581,998.7953,518.00
6.190581,998.8322,501.00
6.190581,998.8691,592.00
6.190581,998.9059,484.00
6.190581,998.9427,577.00
6.190581,998.9795,553.00
6.190581,999.0163,576.00
6.190581,999.0531,524.00
6.190581,999.0899,550.00
6.190581,999.1267,504.00
6.190581,999.1636,550.00
6.190581,999.2004,526.00
6.190581,999.2372,600.00
6.190581,999.2739,503.00
6.190581,999.3107,580.00
6.190581,999.3474,529.00
6.190581,999.3842,521.00
6.190581,999.4210,518.00
6.190581,999.4576,579.00
6.190581,999.4946,476.00
6.190581,999.5312,570.00
6.190581,999.5680,502.00
6.190581,999.6047,549.00
6.190581,999.6414,539.00
6.190581,999.6780,548.00
6.190581,999.7147,533.00
6.190581,999.7515,535.00
6.190581,999.7881,462.00
6.190581,999.8248,535.00
6.190581,999.8614,482.00
6.190581,999.8981,572.00
6.190581,999.9349,547.00
6.190581,999.9715,565.00
6.190581,1000.0081,495.00
6.190581,1000.0447,495.00
6.190581,1000.0814,514.00
6.190581,1000.1180,525.00
6.190581,1000.1546,470.00
6.190581,1000.1912,537.00
6.190581,1000.2278,473.00
6.190581,1000.2645,561.00
6.190581,1000.3011,546.00
6.190581,1000.3377,539.00
6.190581,1000.3742,502.00
6.190581,1000.4108,522.00
6.190581,1000.4474,454.00
6.190581,1000.4839,529.00
6.190581,1000.5204,495.00
6.190581,1000.5570,543.00
6.190581,1000.5935,489.00
6.190581,1000.6301,497.00
6.190581,1000.6667,466.00
6.190581,1000.7032,545.00
6.190581,1000.7397,487.00
6.190581,1000.7762,536.00
6.190581,1000.8127,468.00
6.190581,1000.8492,527.00
6.190581,1000.8857,512.00
6.190581,1000.9222,541.00
6.190581,1000.9586,494.00
6.190581,1000.9951,516.00
6.190581,1001.0316,447.00
6.190581,1001.0681,540.00
6.190581,1001.1046,492.00
6.190581,1001.1410,529.00
6.190581,1001.1774,484.00
6.190581,1001.2138,531.00
6.190581,1001.2502,518.00
6.190581,1001.2866,520.00
6.190581,1001.3230,526.00
6.190581,1001.3594,526.00
6.190581,1001.3958,495.00
6.190581,1001.4323,517.00
6.190581,1001.4687,490.00
6.190581,1001.5051,543.00
6.190581,1001.5414,525.00
6.190581,1001.5778,529.00
6.190581,1001.6141,510.00
6.190581,1001.6505,519.00
6.190581,1001.6868,443.00
6.190581,1001.7231,526.00
6.190581,1001.7596,462.00
6.190581,1001.7958,531.00
6.190581,1001.8322,501.00
6.190581,1001.8685,505.00
6.190581,1001.9048,479.00
6.190581,1001.9411,525.00
6.190581,1001.9774,467.00
6.190581,1002.0136,508.00
6.190581,1002.0499,476.00
6.190581,1002.0862,555.00
6.190581,1002.1224,470.00
6.190581,1002.1587,547.00
6.190581,1002.1951,520.00
6.190581,1002.2313,512.00
6.190581,1002.2675,511.00
6.190581,1002.3038,527.00
6.190581,1002.3400,467.00
6.190581,1002.3762,516.00
6.190581,1002.4124,494.00
6.190581,1002.4486,557.00
6.190581,1002.4848,497.00
6.190581,1002.5211,539.00
6.190581,1002.5573,502.00
6.190581,1002.5934,535.00
6.190581,1002.6296,488.00
6.190581,1002.6657,516.00
6.190581,1002.7019,467.00
6.190581,1002.7380,551.00
6.190581,1002.7742,521.00
6.190581,1002.8104,532.00
6.190581,1002.8464,482.00
6.190581,1002.8826,547.00
6.190581,1002.9187,477.00
6.190581,1002.9549,508.00
6.190581,1002.9910,480.00
6.190581,1003.0271,581.00
6.190581,1003.0632,475.00
6.190581,1003.0992,572.00
6.190581,1003.1354,524.00
6.190581,1003.1714,508.00
6.190581,1003.2075,534.00
6.190581,1003.2435,541.00
6.190581,1003.2797,494.00
6.190581,1003.3157,570.00
6.190581,1003.3518,520.00
6.190581,1003.3878,557.00
6.190581,1003.4238,520.00
6.190581,1003.4598,537.00
6.190581,1003.4958,487.00
6.190581,1003.5319,508.00
6.190581,1003.5678,474.00
6.190581,1003.6039,552.00
6.190581,1003.6398,478.00
6.190581,1003.6759,553.00
6.190581,1003.7119,518.00
6.190581,1003.7479,521.00
6.190581,1003.7838,480.00
6.190581,1003.8198,519.00
6.190581,1003.8557,484.00
6.190581,1003.8917,531.00
6.190581,1003.9276,462.00
6.190581,1003.9635,504.00
6.190581,1003.9995,469.00
6.190581,1004.0354,530.00
6.190581,1004.0714,509.00
6.190581,1004.1072,527.00
6.190581,1004.1431,518.00
6.190581,1004.1790,504.00
6.190581,1004.2149,457.00
6.190581,1004.2508,554.00
6.190581,1004.2866,461.00
6.190581,1004.3225,543.00
6.190581,1004.3583,488.00
6.190581,1004.3942,520.00
6.190581,1004.4302,485.00
6.190581,1004.4660,512.00
6.190581,1004.5018,473.00
6.190581,1004.5376,528.00
6.190581,1004.5734,454.00
6.190581,1004.6093,522.00
6.190581,1004.6450,510.00
6.190581,1004.6808,516.00
6.190581,1004.7166,506.00
6.190581,1004.7525,535.00
6.190581,1004.7883,493.00
6.190581,1004.8240,515.00
6.190581,1004.8598,474.00
6.190581,1004.8956,557.00
6.190581,1004.9313,507.00
6.190581,1004.9670,546.00
6.190581,1005.0027,505.00
6.190581,1005.0385,487.00
6.190581,1005.0742,502.00
6.190581,1005.1099,509.00
6.190581,1005.1456,481.00
6.190581,1005.1815,522.00
6.190581,1005.2172,477.00
6.190581,1005.2529,543.00
6.190581,1005.2885,510.00
6.190581,1005.3242,522.00
6.190581,1005.3599,521.00
6.190581,1005.3955,524.00
6.190581,1005.4312,489.00
6.190581,1005.4669,565.00
6.190581,1005.5026,467.00
6.190581,1005.5382,542.00
6.190581,1005.5739,530.00
6.190581,1005.6095,526.00
6.190581,1005.6451,534.00
6.190581,1005.6807,527.00
6.190581,1005.7162,523.00
6.190581,1005.7519,527.00
6.190581,1005.7875,479.00
6.190581,1005.8231,567.00
6.190581,1005.8586,483.00
6.190581,1005.8942,535.00
6.190581,1005.9299,517.00
6.190581,1005.9655,563.00
6.190581,1006.0010,507.00
6.190581,1006.0365,525.00
6.190581,1006.0720,491.00
6.190581,1006.1076,544.00
6.190581,1006.1431,501.00
6.190581,1006.1786,593.00
6.190581,1006.2141,516.00
6.190581,1006.2498,527.00
6.190581,1006.2853,516.00
6.190581,1006.3207,528.00
6.190581,1006.3563,524.00
6.190581,1006.3917,558.00
6.190581,1006.4272,507.00
6.190581,1006.4626,594.00
6.190581,1006.4981,514.00
6.190581,1006.5335,554.00
6.190581,1006.5690,559.00
6.190581,1006.6044,547.00
6.190581,1006.6400,483.00
6.190581,1006.6754,575.00
6.190581,1006.7108,533.00
6.190581,1006.7462,563.00
6.190581,1006.7816,507.00
6.190581,1006.8170,555.00
6.190581,1006.8524,523.00
6.190581,1006.8878,548.00
6.190581,1006.9232,527.00
6.190581,1006.9586,549.00
6.190581,1006.9940,479.00
6.190581,1007.0294,533.00
6.190581,1007.0648,494.00
6.190581,1007.1001,579.00
6.190581,1007.1354,544.00
6.190581,1007.1707,569.00
6.190581,1007.2061,552.00
6.190581,1007.2414,537.00
6.190581,1007.2767,519.00
6.190581,1007.3120,594.00
6.190581,1007.3473,474.00
6.190581,1007.3827,562.00
6.190581,1007.4180,546.00
6.190581,1007.4532,583.00
6.190581,1007.4885,545.00
6.190581,1007.5238,535.00
6.190581,1007.5590,511.00
6.190581,1007.5943,565.00
6.190581,1007.6295,479.00
6.190581,1007.6648,584.00
6.190581,1007.7001,519.00
6.190581,1007.7354,573.00
6.190581,1007.7706,548.00
6.190581,1007.8058,533.00
6.190581,1007.8410,532.00
6.190581,1007.8762,567.00
6.190581,1007.9114,514.00
6.190581,1007.9465,560.00
6.190581,1007.9818,536.00
6.190581,1008.0169,558.00
6.190581,1008.0521,533.00
6.190581,1008.0873,549.00
6.190581,1008.1226,496.00
6.190581,1008.1576,502.00
6.190581,1008.1927,515.00
6.190581,1008.2279,530.00
6.190581,1008.2631,488.00
6.190581,1008.2982,562.00
6.190581,1008.3333,555.00
6.190581,1008.3683,575.00
6.190581,1008.4034,551.00
6.190581,1008.4387,528.00
6.190581,1008.4738,509.00
6.190581,1008.5089,569.00
6.190581,1008.5439,483.00
6.190581,1008.5790,605.00
6.190581,1008.6141,498.00
6.190581,1008.6491,532.00
6.190581,1008.6841,528.00
6.190581,1008.7192,519.00
6.190581,1008.7542,512.00
6.190581,1008.7892,527.00
6.190581,1008.8243,478.00
6.190581,1008.8594,542.00
6.190581,1008.8943,481.00
6.190581,1008.9294,544.00
6.190581,1008.9644,497.00
6.190581,1008.9994,545.00
6.190581,1009.0344,501.00
6.190581,1009.0693,494.00
6.190581,1009.1043,478.00
6.190581,1009.1392,568.00
6.190581,1009.1743,506.00
6.190581,1009.2093,560.00
6.190581,1009.2442,521.00
6.190581,1009.2792,537.00
6.190581,1009.3141,504.00
6.190581,1009.3489,515.00
6.190581,1009.3839,468.00
6.190581,1009.4188,516.00
6.190581,1009.4537,510.00
6.190581,1009.4886,578.00
6.190581,1009.5235,531.00
6.190581,1009.5585,528.00
6.190581,1009.5933,514.00
6.190581,1009.6282,513.00
6.190581,1009.6631,505.00
6.190581,1009.6979,521.00
6.190581,1009.7327,480.00
6.190581,1009.7676,539.00
6.190581,1009.8024,474.00
6.190581,1009.8372,532.00
6.190581,1009.8721,464.00
6.190581,1009.9070,514.00
6.190581,1009.9418,475.00
6.190581,1009.9766,513.00
6.190581,1010.0115,482.00
6.190581,1010.0462,512.00
6.190581,1010.0810,483.00
6.190581,1010.1158,577.00
6.190581,1010.1505,510.00
6.190581,1010.1853,519.00
6.190581,1010.2200,502.00
6.190581,1010.2548,517.00
6.190581,1010.2897,500.00
6.190581,1010.3244,545.00
6.190581,1010.3591,491.00
6.190581,1010.3938,537.00
6.190581,1010.4285,518.00
6.190581,1010.4633,556.00
6.190581,1010.4980,514.00
6.190581,1010.5326,497.00
6.190581,1010.5673,504.00
6.190581,1010.6021,511.00
6.190581,1010.6368,448.00
6.190581,1010.6714,535.00
6.190581,1010.7061,488.00
6.190581,1010.7408,542.00
6.190581,1010.7754,487.00
6.190581,1010.8101,520.00
6.190581,1010.8447,481.00
6.190581,1010.8793,528.00
6.190581,1010.9139,497.00
6.190581,1010.9485,547.00
6.190581,1010.9832,444.00
6.190581,1011.0178,536.00
6.190581,1011.0525,508.00
6.190581,1011.0870,548.00
6.190581,1011.1216,501.00
6.190581,1011.1562,510.00
6.190581,1011.1907,532.00
6.190581,1011.2253,536.00
6.190581,1011.2599,456.00
6.190581,1011.2944,568.00
6.190581,1011.3291,495.00
6.190581,1011.3636,546.00
6.190581,1011.3981,494.00
6.190581,1011.4326,500.00
6.190581,1011.4672,492.00
6.190581,1011.5016,517.00
6.190581,1011.5362,479.00
6.190581,1011.5706,475.00
6.190581,1011.6052,472.00
6.190581,1011.6396,528.00
6.190581,1011.6741,482.00
6.190581,1011.7086,545.00
6.190581,1011.7431,531.00
6.190581,1011.7776,526.00
6.190581,1011.8120,492.00
6.190581,1011.8465,547.00
6.190581,1011.8809,454.00
6.190581,1011.9153,533.00
6.190581,1011.9498,479.00
6.190581,1011.9842,506.00
6.190581,1012.0186,505.00
6.190581,1012.0531,495.00
6.190581,1012.0875,472.00
6.190581,1012.1219,521.00
6.190581,1012.1562,473.00
6.190581,1012.1906,508.00
6.190581,1012.2250,449.00
6.190581,1012.2593,532.00
6.190581,1012.2937,488.00
6.190581,1012.3281,504.00
6.190581,1012.3624,454.00
6.190581,1012.3967,476.00
6.190581,1012.4310,454.00
6.190581,1012.4655,514.00
6.190581,1012.4998,444.00
6.190581,1012.5341,531.00
6.190581,1012.5684,478.00
6.190581,1012.6027,543.00
6.190581,1012.6370,483.00
6.190581,1012.6712,494.00
6.190581,1012.7055,475.00
6.190581,1012.7398,535.00
6.190581,1012.7742,463.00
6.190581,1012.8084,487.00
6.190581,1012.8427,449.00
6.190581,1012.8769,515.00
6.190581,1012.9111,509.00
6.190581,1012.9454,499.00
6.190581,1012.9796,487.00
6.190581,1013.0138,498.00
6.190581,1013.0480,419.00
6.190581,1013.0822,506.00
6.190581,1013.1164,461.00
6.190581,1013.1506,527.00
6.190581,1013.1848,481.00
6.190581,1013.2190,503.00
6.190581,1013.2532,503.00
6.190581,1013.2873,502.00
6.190581,1013.3215,475.00
6.190581,1013.3556,516.00
6.190581,1013.3898,451.00
6.190581,1013.4239,527.00
6.190581,1013.4581,495.00
6.190581,1013.4923,495.00
6.190581,1013.5264,498.00
6.190581,1013.5605,491.00
6.190581,1013.5946,517.00
6.190581,1013.6287,547.00
6.190581,1013.6627,457.00
6.190581,1013.6968,541.00
6.190581,1013.7309,467.00
6.190581,1013.7650,516.00
6.190581,1013.7990,507.00
6.190581,1013.8331,506.00
6.190581,1013.8672,480.00
6.190581,1013.9012,499.00
6.190581,1013.9353,452.00
6.190581,1013.9693,505.00
6.190581,1014.0033,455.00
6.190581,1014.0374,536.00
6.190581,1014.0714,495.00
6.190581,1014.1053,500.00
6.190581,1014.1393,518.00
6.190581,1014.1734,547.00
6.190581,1014.2074,484.00
6.190581,1014.2413,539.00
6.190581,1014.2753,514.00
6.190581,1014.3093,567.00
6.190581,1014.3433,497.00
6.190581,1014.3772,526.00
6.190581,1014.4111,529.00
6.190581,1014.4451,547.00
6.190581,1014.4790,499.00
6.190581,1014.5129,522.00
6.190581,1014.5468,485.00
6.190581,1014.5808,542.00
6.190581,1014.6147,511.00
6.190581,1014.6486,559.00
6.190581,1014.6825,525.00
6.190581,1014.7164,550.00
6.190581,1014.7502,495.00
6.190581,1014.7841,531.00
6.190581,1014.8180,517.00
6.190581,1014.8518,556.00
6.190581,1014.8858,505.00
6.190581,1014.9196,595.00
6.190581,1014.9534,507.00
6.190581,1014.9872,550.00
6.190581,1015.0211,522.00
6.190581,1015.0549,520.00
6.190581,1015.0887,509.00
6.190581,1015.1224,567.00
6.190581,1015.1562,485.00
6.190581,1015.1900,605.00
6.190581,1015.2238,526.00
6.190581,1015.2575,548.00
6.190581,1015.2914,525.00
6.190581,1015.3252,542.00
6.190581,1015.3589,486.00
6.190581,1015.3927,529.00
6.190581,1015.4265,488.00
6.190581,1015.4601,602.00
6.190581,1015.4938,519.00
6.190581,1015.5276,573.00
6.190581,1015.5613,552.00
6.190581,1015.5952,572.00
6.190581,1015.6288,497.00
6.190581,1015.6625,525.00
6.190581,1015.6962,476.00
6.190581,1015.7299,580.00
6.190581,1015.7635,506.00
6.190581,1015.7972,548.00
6.190581,1015.8308,552.00
6.190581,1015.8645,542.00
6.190581,1015.8981,538.00
6.190581,1015.9317,563.00
6.190581,1015.9655,498.00
6.190581,1015.9991,594.00
6.190581,1016.0327,499.00
6.190581,1016.0663,591.00
6.190581,1016.0999,549.00
6.190581,1016.1335,567.00
6.190581,1016.1671,553.00
6.190581,1016.2006,535.00
6.190581,1016.2342,529.00
6.190581,1016.2679,566.00
6.190581,1016.3015,521.00
6.190581,1016.3350,564.00
6.190581,1016.3686,511.00
6.190581,1016.4021,574.00
6.190581,1016.4357,527.00
6.190581,1016.4691,562.00
6.190581,1016.5027,512.00
6.190581,1016.5362,575.00
6.190581,1016.5696,487.00
6.190581,1016.6032,583.00
6.190581,1016.6367,509.00
6.190581,1016.6703,580.00
6.190581,1016.7038,535.00
6.190581,1016.7372,535.00
6.190581,1016.7707,539.00
6.190581,1016.8041,566.00
6.190581,1016.8376,540.00
6.190581,1016.8710,563.00
6.190581,1016.9045,509.00
6.190581,1016.9379,573.00
6.190581,1016.9715,521.00
6.190581,1017.0049,584.00
6.190581,1017.0383,557.00
6.190581,1017.0717,542.00
6.190581,1017.1050,514.00
6.190581,1017.1384,564.00
6.190581,1017.1718,452.00
6.190581,1017.2052,558.00
6.190581,1017.2386,501.00
6.190581,1017.2720,563.00
6.190581,1017.3053,554.00
6.190581,1017.3387,548.00
6.190581,1017.3721,525.00
6.190581,1017.4054,548.00
6.190581,1017.4388,503.00
6.190581,1017.4721,557.00
6.190581,1017.5054,516.00
6.190581,1017.5387,558.00
6.190581,1017.5720,544.00
6.190581,1017.6053,543.00
6.190581,1017.6386,548.00
6.190581,1017.6720,526.00
6.190581,1017.7053,501.00
6.190581,1017.7385,574.00
6.190581,1017.7717,503.00
6.190581,1017.8051,572.00
6.190581,1017.8383,541.00
6.190581,1017.8715,578.00
6.190581,1017.9048,581.00
6.190581,1017.9380,563.00
6.190581,1017.9712,530.00
6.190581,1018.0044,596.00
6.190581,1018.0376,495.00
6.190581,1018.0709,594.00
6.190581,1018.1041,541.00
6.190581,1018.1373,601.00
6.190581,1018.1705,576.00
6.190581,1018.2037,575.00
6.190581,1018.2368,531.00
6.190581,1018.2700,546.00
6.190581,1018.3032,526.00
6.190581,1018.3363,600.00
6.190581,1018.3695,505.00
6.190581,1018.4026,629.00
6.190581,1018.4358,581.00
6.190581,1018.4689,557.00
6.190581,1018.5020,594.00
6.190581,1018.5352,586.00
6.190581,1018.5682,524.00
6.190581,1018.6013,574.00
6.190581,1018.6343,510.00
6.190581,1018.6675,585.00
6.190581,1018.7006,507.00
6.190581,1018.7337,590.00
6.190581,1018.7668,587.00
6.190581,1018.7998,551.00
6.190581,1018.8328,554.00
6.190581,1018.8658,549.00
6.190581,1018.8989,517.00
6.190581,1018.9319,593.00
6.190581,1018.9650,557.00
6.190581,1018.9980,601.00
6.190581,1019.0311,566.00
6.190581,1019.0641,560.00
6.190581,1019.0970,528.00
6.190581,1019.1301,580.00
6.190581,1019.1631,530.00
6.190581,1019.1960,579.00
6.190581,1019.2289,520.00
6.190581,1019.2618,576.00
6.190581,1019.2949,546.00
6.190581,1019.3278,583.00
6.190581,1019.3607,535.00
6.190581,1019.3936,526.00
6.190581,1019.4268,482.00
6.190581,1019.4596,587.00
6.190581,1019.4925,537.00
6.190581,1019.5255,559.00
6.190581,1019.5583,547.00
6.190581,1019.5912,585.00
6.190581,1019.6240,529.00
6.190581,1019.6569,556.00
6.190581,1019.6898,539.00
6.190581,1019.7227,519.00
6.190581,1019.7556,488.00
6.190581,1019.7885,574.00
6.190581,1019.8213,510.00
6.190581,1019.8541,593.00
6.190581,1019.8870,537.00
6.190581,1019.9198,548.00
6.190581,1019.9525,547.00
6.190581,1019.9854,529.00
6.190581,1020.0182,498.00
6.190581,1020.0509,576.00
6.190581,1020.0837,516.00
6.190581,1020.1167,555.00
6.190581,1020.1494,550.00
6.190581,1020.1823,547.00
6.190581,1020.2149,500.00
6.190581,1020.2477,522.00
6.190581,1020.2805,495.00
6.190581,1020.3132,551.00
6.190581,1020.3459,545.00
6.190581,1020.3787,620.00
6.190581,1020.4114,521.00
6.190581,1020.4442,545.00
6.190581,1020.4768,527.00
6.190581,1020.5096,546.00
6.190581,1020.5423,482.00
6.190581,1020.5750,586.00
6.190581,1020.6077,500.00
6.190581,1020.6403,601.00
6.190581,1020.6730,513.00
6.190581,1020.7055,567.00
6.190581,1020.7382,521.00
6.190581,1020.7709,560.00
6.190581,1020.8036,510.00
6.190581,1020.8363,522.00
6.190581,1020.8688,485.00
6.190581,1020.9015,548.00
6.190581,1020.9341,484.00
6.190581,1020.9667,551.00
6.190581,1020.9993,483.00
6.190581,1021.0319,532.00
6.190581,1021.0645,520.00
6.190581,1021.0971,548.00
6.190581,1021.1298,497.00
6.190581,1021.1623,563.00
6.190581,1021.1948,492.00
6.190581,1021.2273,576.00
6.190581,1021.2599,488.00
6.190581,1021.2924,566.00
6.190581,1021.3250,509.00
6.190581,1021.3574,492.00
6.190581,1021.3900,516.00
6.190581,1021.4224,508.00
6.190581,1021.4550,463.00
6.190581,1021.4875,538.00
6.190581,1021.5200,494.00
6.190581,1021.5525,564.00
6.190581,1021.5850,518.00
6.190581,1021.6175,517.00
6.190581,1021.6500,493.00
6.190581,1021.6823,533.00
6.190581,1021.7148,484.00
6.190581,1021.7474,559.00
6.190581,1021.7797,548.00
6.190581,1021.8122,560.00
6.190581,1021.8445,526.00
6.190581,1021.8770,588.00
6.190581,1021.9095,535.00
6.190581,1021.9418,526.00
6.190581,1021.9741,480.00
6.190581,1022.0066,509.00
6.190581,1022.0389,494.00
6.190581,1022.0713,567.00
6.190581,1022.1037,485.00
6.190581,1022.1362,614.00
6.190581,1022.1685,552.00
6.190581,1022.2008,541.00
6.190581,1022.2332,517.00
6.190581,1022.2654,544.00
6.190581,1022.2977,507.00
6.190581,1022.3301,584.00
6.190581,1022.3624,478.00
6.190581,1022.3947,576.00
6.190581,1022.4271,522.00
6.190581,1022.4594,545.00
6.190581,1022.4917,546.00
6.190581,1022.5239,579.00
6.190581,1022.5562,498.00
6.190581,1022.5885,535.00
6.190581,1022.6207,512.00
6.190581,1022.6530,567.00
6.190581,1022.6852,539.00
6.190581,1022.7174,569.00
6.190581,1022.7497,507.00
6.190581,1022.7819,568.00
6.190581,1022.8142,487.00
6.190581,1022.8464,535.00
6.190581,1022.8785,496.00
6.190581,1022.9108,583.00
6.190581,1022.9429,508.00
6.190581,1022.9751,551.00
6.190581,1023.0073,533.00
6.190581,1023.0394,510.00
6.190581,1023.0717,501.00
6.190581,1023.1039,540.00
6.190581,1023.1360,477.00
6.190581,1023.1682,576.00
6.190581,1023.2003,505.00
6.190581,1023.2324,558.00
6.190581,1023.2644,512.00
6.190581,1023.2966,530.00
6.190581,1023.3287,508.00
6.190581,1023.3608,518.00
6.190581,1023.3929,475.00
6.190581,1023.4249,522.00
6.190581,1023.4570,503.00
6.190581,1023.4893,560.00
6.190581,1023.5212,517.00
6.190581,1023.5533,539.00
6.190581,1023.5853,507.00
6.190581,1023.6174,531.00
6.190581,1023.6494,476.00
6.190581,1023.6813,516.00
6.190581,1023.7134,453.00
6.190581,1023.7454,533.00
6.190581,1023.7775,481.00
6.190581,1023.8096,534.00
6.190581,1023.8416,504.00
6.190581,1023.8735,494.00
6.190581,1023.9055,486.00
6.190581,1023.9374,492.00
6.190581,1023.9694,475.00
6.190581,1024.0013,576.00
6.190581,1024.0333,497.00
6.190581,1024.0652,533.00
6.190581,1024.0972,538.00
6.190581,1024.1293,537.00
6.190581,1024.1611,482.00
6.190581,1024.1931,504.00
6.190581,1024.2250,460.00
6.190581,1024.2568,547.00
6.190581,1024.2888,456.00
6.190581,1024.3206,521.00
6.190581,1024.3525,520.00
6.190581,1024.3843,528.00
6.190581,1024.4164,469.00
6.190581,1024.4481,514.00
6.190581,1024.4801,494.00
6.190581,1024.5118,504.00
6.190581,1024.5438,506.00
6.190581,1024.5756,540.00
6.190581,1024.6074,487.00
6.190581,1024.6393,547.00
6.190581,1024.6710,538.00
6.190581,1024.7029,497.00
6.190581,1024.7346,486.00
6.190581,1024.7664,517.00
6.190581,1024.7982,473.00
6.190581,1024.8301,555.00
6.190581,1024.8618,524.00
6.190581,1024.8936,537.00
6.190581,1024.9253,494.00
6.190581,1024.9572,538.00
6.190581,1024.9889,483.00
6.190581,1025.0206,534.00
6.190581,1025.0522,444.00
6.190581,1025.0841,535.00
6.190581,1025.1158,491.00
6.190581,1025.1475,533.00
6.190581,1025.1792,493.00
6.190581,1025.2109,514.00
6.190581,1025.2426,491.00
6.190581,1025.2743,537.00
6.190581,1025.3059,520.00
6.190581,1025.3376,530.00
6.190581,1025.3693,469.00
6.190581,1025.4009,561.00
6.190581,1025.4326,498.00
6.190581,1025.4644,572.00
6.190581,1025.4960,511.00
6.190581,1025.5276,526.00
6.190581,1025.5592,526.00
6.190581,1025.5908,535.00
6.190581,1025.6224,482.00
6.190581,1025.6541,577.00
6.190581,1025.6857,509.00
6.190581,1025.7172,547.00
6.190581,1025.7489,529.00
6.190581,1025.7804,547.00
6.190581,1025.8120,574.00
6.190581,1025.8435,550.00
6.190581,1025.8751,529.00
6.190581,1025.9066,578.00
6.190581,1025.9381,497.00
6.190581,1025.9697,535.00
6.190581,1026.0012,521.00
6.190581,1026.0327,562.00
6.190581,1026.0642,511.00
