# Point:,35
# Setpoint:,1.78181818
# Voltage_V:,1.78181818
# Current_A:,0.014995
# Spectrum_Time_s:,5.728421
# Step_Start_s:,5.709878
# Step_End_s:,5.799109
# Spectrum_Duration_ms:,8.313
# Peak_Wavelength_nm:,929.01
# Peak_Intensity:,20032.0
# Avg_Intensity:,629.8
# Num_Pixels:,4094
# NOTE: All wavelengths are captured simultaneously in one CCD exposure
#       The Relative_Time_s column shows when this entire spectrum was acquired

Relative_Time_s,Wavelength_nm,Intensity
5.728421,845.4307,558.00
5.728421,845.4858,500.00
5.728421,845.5410,525.00
5.728421,845.5963,503.00
5.728421,845.6514,545.00
5.728421,845.7065,517.00
5.728421,845.7617,552.00
5.728421,845.8168,468.00
5.728421,845.8721,563.00
5.728421,845.9272,476.00
5.728421,845.9823,544.00
5.728421,846.0374,506.00
5.728421,846.0926,532.00
5.728421,846.1478,505.00
5.728421,846.2029,536.00
5.728421,846.2579,498.00
5.728421,846.3130,565.00
5.728421,846.3682,458.00
5.728421,846.4233,552.00
5.728421,846.4784,486.00
5.728421,846.5335,585.00
5.728421,846.5886,552.00
5.728421,846.6437,539.00
5.728421,846.6987,520.00
5.728421,846.7538,561.00
5.728421,846.8089,474.00
5.728421,846.8640,574.00
5.728421,846.9190,523.00
5.728421,846.9741,604.00
5.728421,847.0292,526.00
5.728421,847.0842,549.00
5.728421,847.1392,527.00
5.728421,847.1943,547.00
5.728421,847.2493,486.00
5.728421,847.3044,571.00
5.728421,847.3594,498.00
5.728421,847.4144,537.00
5.728421,847.4694,537.00
5.728421,847.5244,535.00
5.728421,847.5795,525.00
5.728421,847.6345,569.00
5.728421,847.6895,528.00
5.728421,847.7444,576.00
5.728421,847.7994,495.00
5.728421,847.8544,562.00
5.728421,847.9094,542.00
5.728421,847.9644,558.00
5.728421,848.0193,546.00
5.728421,848.0743,557.00
5.728421,848.1293,525.00
5.728421,848.1843,589.00
5.728421,848.2392,531.00
5.728421,848.2941,569.00
5.728421,848.3491,548.00
5.728421,848.4040,578.00
5.728421,848.4590,556.00
5.728421,848.5139,567.00
5.728421,848.5688,522.00
5.728421,848.6237,584.00
5.728421,848.6786,525.00
5.728421,848.7336,626.00
5.728421,848.7885,567.00
5.728421,848.8434,587.00
5.728421,848.8983,552.00
5.728421,848.9531,562.00
5.728421,849.0081,549.00
5.728421,849.0630,577.00
5.728421,849.1178,513.00
5.728421,849.1727,590.00
5.728421,849.2275,539.00
5.728421,849.2823,656.00
5.728421,849.3373,540.00
5.728421,849.3921,596.00
5.728421,849.4470,565.00
5.728421,849.5018,579.00
5.728421,849.5566,530.00
5.728421,849.6115,606.00
5.728421,849.6663,534.00
5.728421,849.7211,600.00
5.728421,849.7759,563.00
5.728421,849.8307,607.00
5.728421,849.8856,573.00
5.728421,849.9404,619.00
5.728421,849.9952,560.00
5.728421,850.0500,585.00
5.728421,850.1048,525.00
5.728421,850.1596,630.00
5.728421,850.2144,525.00
5.728421,850.2692,618.00
5.728421,850.3239,560.00
5.728421,850.3787,588.00
5.728421,850.4335,585.00
5.728421,850.4882,594.00
5.728421,850.5430,557.00
5.728421,850.5977,592.00
5.728421,850.6525,526.00
5.728421,850.7072,600.00
5.728421,850.7620,553.00
5.728421,850.8167,596.00
5.728421,850.8715,578.00
5.728421,850.9261,593.00
5.728421,850.9808,534.00
5.728421,851.0356,622.00
5.728421,851.0903,578.00
5.728421,851.1450,647.00
5.728421,851.1996,572.00
5.728421,851.2543,635.00
5.728421,851.3091,561.00
5.728421,851.3638,585.00
5.728421,851.4185,563.00
5.728421,851.4731,628.00
5.728421,851.5278,533.00
5.728421,851.5825,618.00
5.728421,851.6371,580.00
5.728421,851.6918,629.00
5.728421,851.7465,582.00
5.728421,851.8011,618.00
5.728421,851.8558,567.00
5.728421,851.9103,602.00
5.728421,851.9650,566.00
5.728421,852.0196,661.00
5.728421,852.0742,589.00
5.728421,852.1289,655.00
5.728421,852.1835,581.00
5.728421,852.2381,663.00
5.728421,852.2927,632.00
5.728421,852.3473,626.00
5.728421,852.4019,617.00
5.728421,852.4565,678.00
5.728421,852.5111,609.00
5.728421,852.5657,610.00
5.728421,852.6202,595.00
5.728421,852.6747,642.00
5.728421,852.7294,611.00
5.728421,852.7839,654.00
5.728421,852.8385,607.00
5.728421,852.8930,643.00
5.728421,852.9476,623.00
5.728421,853.0022,697.00
5.728421,853.0567,617.00
5.728421,853.1112,671.00
5.728421,853.1658,655.00
5.728421,853.2203,693.00
5.728421,853.2748,648.00
5.728421,853.3293,710.00
5.728421,853.3838,623.00
5.728421,853.4383,673.00
5.728421,853.4928,620.00
5.728421,853.5474,672.00
5.728421,853.6019,661.00
5.728421,853.6563,689.00
5.728421,853.7108,664.00
5.728421,853.7653,668.00
5.728421,853.8198,634.00
5.728421,853.8742,676.00
5.728421,853.9286,654.00
5.728421,853.9832,682.00
5.728421,854.0376,642.00
5.728421,854.0920,687.00
5.728421,854.1465,654.00
5.728421,854.2010,661.00
5.728421,854.2554,633.00
5.728421,854.3098,667.00
5.728421,854.3642,577.00
5.728421,854.4186,679.00
5.728421,854.4731,608.00
5.728421,854.5275,674.00
5.728421,854.5819,661.00
5.728421,854.6363,654.00
5.728421,854.6907,633.00
5.728421,854.7451,648.00
5.728421,854.7994,623.00
5.728421,854.8538,682.00
5.728421,854.9082,639.00
5.728421,854.9626,698.00
5.728421,855.0170,632.00
5.728421,855.0714,695.00
5.728421,855.1257,629.00
5.728421,855.1800,651.00
5.728421,855.2344,609.00
5.728421,855.2888,678.00
5.728421,855.3431,623.00
5.728421,855.3975,664.00
5.728421,855.4518,585.00
5.728421,855.5060,698.00
5.728421,855.5604,631.00
5.728421,855.6147,653.00
5.728421,855.6691,628.00
5.728421,855.7233,608.00
5.728421,855.7776,585.00
5.728421,855.8320,673.00
5.728421,855.8862,588.00
5.728421,855.9406,670.00
5.728421,855.9948,590.00
5.728421,856.0491,708.00
5.728421,856.1035,664.00
5.728421,856.1577,674.00
5.728421,856.2119,597.00
5.728421,856.2662,659.00
5.728421,856.3204,588.00
5.728421,856.3748,728.00
5.728421,856.4290,617.00
5.728421,856.4832,668.00
5.728421,856.5374,647.00
5.728421,856.5916,674.00
5.728421,856.6459,596.00
5.728421,856.7001,686.00
5.728421,856.7543,620.00
5.728421,856.8085,671.00
5.728421,856.8627,649.00
5.728421,856.9169,700.00
5.728421,856.9712,655.00
5.728421,857.0253,646.00
5.728421,857.0795,607.00
5.728421,857.1337,668.00
5.728421,857.1879,616.00
5.728421,857.2421,683.00
5.728421,857.2962,653.00
5.728421,857.3504,671.00
5.728421,857.4045,638.00
5.728421,857.4587,656.00
5.728421,857.5129,697.00
5.728421,857.5670,702.00
5.728421,857.6212,633.00
5.728421,857.6753,683.00
5.728421,857.7294,632.00
5.728421,857.7836,692.00
5.728421,857.8377,639.00
5.728421,857.8918,666.00
5.728421,857.9459,669.00
5.728421,858.0000,684.00
5.728421,858.0541,624.00
5.728421,858.1082,671.00
5.728421,858.1624,631.00
5.728421,858.2164,700.00
5.728421,858.2704,656.00
5.728421,858.3245,676.00
5.728421,858.3787,681.00
5.728421,858.4327,699.00
5.728421,858.4868,626.00
5.728421,858.5408,672.00
5.728421,858.5949,646.00
5.728421,858.6489,678.00
5.728421,858.7030,633.00
5.728421,858.7570,707.00
5.728421,858.8110,682.00
5.728421,858.8651,673.00
5.728421,858.9192,693.00
5.728421,858.9732,682.00
5.728421,859.0272,659.00
5.728421,859.0812,689.00
5.728421,859.1352,630.00
5.728421,859.1892,676.00
5.728421,859.2432,645.00
5.728421,859.2972,701.00
5.728421,859.3512,676.00
5.728421,859.4052,659.00
5.728421,859.4592,648.00
5.728421,859.5132,680.00
5.728421,859.5671,602.00
5.728421,859.6210,696.00
5.728421,859.6750,617.00
5.728421,859.7289,666.00
5.728421,859.7830,590.00
5.728421,859.8369,683.00
5.728421,859.8908,630.00
5.728421,859.9447,630.00
5.728421,859.9987,623.00
5.728421,860.0527,683.00
5.728421,860.1065,609.00
5.728421,860.1605,675.00
5.728421,860.2144,649.00
5.728421,860.2682,655.00
5.728421,860.3222,623.00
5.728421,860.3761,648.00
5.728421,860.4299,583.00
5.728421,860.4838,656.00
5.728421,860.5377,583.00
5.728421,860.5916,661.00
5.728421,860.6455,626.00
5.728421,860.6993,675.00
5.728421,860.7532,634.00
5.728421,860.8071,663.00
5.728421,860.8610,614.00
5.728421,860.9148,631.00
5.728421,860.9687,609.00
5.728421,861.0225,665.00
5.728421,861.0763,627.00
5.728421,861.1301,671.00
5.728421,861.1840,603.00
5.728421,861.2378,650.00
5.728421,861.2916,620.00
5.728421,861.3454,647.00
5.728421,861.3992,609.00
5.728421,861.4531,661.00
5.728421,861.5068,599.00
5.728421,861.5606,674.00
5.728421,861.6144,627.00
5.728421,861.6682,668.00
5.728421,861.7220,620.00
5.728421,861.7758,657.00
5.728421,861.8295,589.00
5.728421,861.8833,651.00
5.728421,861.9370,584.00
5.728421,861.9908,674.00
5.728421,862.0446,622.00
5.728421,862.0983,686.00
5.728421,862.1520,593.00
5.728421,862.2057,648.00
5.728421,862.2595,627.00
5.728421,862.3132,649.00
5.728421,862.3669,577.00
5.728421,862.4206,650.00
5.728421,862.4744,580.00
5.728421,862.5281,683.00
5.728421,862.5818,616.00
5.728421,862.6355,654.00
5.728421,862.6891,599.00
5.728421,862.7429,652.00
5.728421,862.7966,629.00
5.728421,862.8502,648.00
5.728421,862.9039,597.00
5.728421,862.9575,665.00
5.728421,863.0112,626.00
5.728421,863.0648,632.00
5.728421,863.1185,610.00
5.728421,863.1722,624.00
5.728421,863.2258,594.00
5.728421,863.2794,633.00
5.728421,863.3330,580.00
5.728421,863.3867,645.00
5.728421,863.4403,554.00
5.728421,863.4940,655.00
5.728421,863.5475,610.00
5.728421,863.6011,618.00
5.728421,863.6548,590.00
5.728421,863.7084,621.00
5.728421,863.7620,593.00
5.728421,863.8156,625.00
5.728421,863.8691,599.00
5.728421,863.9228,643.00
5.728421,863.9763,588.00
5.728421,864.0299,636.00
5.728421,864.0834,618.00
5.728421,864.1370,611.00
5.728421,864.1906,573.00
5.728421,864.2441,650.00
5.728421,864.2977,568.00
5.728421,864.3512,653.00
5.728421,864.4047,637.00
5.728421,864.4583,636.00
5.728421,864.5118,631.00
5.728421,864.5653,628.00
5.728421,864.6189,588.00
5.728421,864.6724,632.00
5.728421,864.7258,548.00
5.728421,864.7794,627.00
5.728421,864.8329,614.00
5.728421,864.8864,640.00
5.728421,864.9398,624.00
5.728421,864.9933,624.00
5.728421,865.0469,609.00
5.728421,865.1003,601.00
5.728421,865.1538,598.00
5.728421,865.2072,624.00
5.728421,865.2607,598.00
5.728421,865.3142,636.00
5.728421,865.3676,606.00
5.728421,865.4211,635.00
5.728421,865.4745,588.00
5.728421,865.5279,615.00
5.728421,865.5814,612.00
5.728421,865.6348,667.00
5.728421,865.6882,589.00
5.728421,865.7416,658.00
5.728421,865.7950,615.00
5.728421,865.8484,656.00
5.728421,865.9019,651.00
5.728421,865.9552,624.00
5.728421,866.0087,625.00
5.728421,866.0620,599.00
5.728421,866.1154,628.00
5.728421,866.1688,689.00
5.728421,866.2222,602.00
5.728421,866.2755,686.00
5.728421,866.3289,625.00
5.728421,866.3822,658.00
5.728421,866.4356,632.00
5.728421,866.4890,641.00
5.728421,866.5423,613.00
5.728421,866.5956,622.00
5.728421,866.6489,619.00
5.728421,866.7023,682.00
5.728421,866.7556,616.00
5.728421,866.8089,656.00
5.728421,866.8622,637.00
5.728421,866.9155,657.00
5.728421,866.9689,575.00
5.728421,867.0222,650.00
5.728421,867.0755,602.00
5.728421,867.1287,640.00
5.728421,867.1820,646.00
5.728421,867.2354,663.00
5.728421,867.2886,635.00
5.728421,867.3419,639.00
5.728421,867.3951,626.00
5.728421,867.4484,661.00
5.728421,867.5016,591.00
5.728421,867.5549,683.00
5.728421,867.6082,629.00
5.728421,867.6614,647.00
5.728421,867.7146,632.00
5.728421,867.7678,649.00
5.728421,867.8211,641.00
5.728421,867.8743,644.00
5.728421,867.9276,609.00
5.728421,867.9807,656.00
5.728421,868.0339,624.00
5.728421,868.0872,658.00
5.728421,868.1403,632.00
5.728421,868.1935,640.00
5.728421,868.2467,596.00
5.728421,868.2999,640.00
5.728421,868.3531,595.00
5.728421,868.4062,646.00
5.728421,868.4594,592.00
5.728421,868.5126,650.00
5.728421,868.5657,594.00
5.728421,868.6189,645.00
5.728421,868.6721,619.00
5.728421,868.7252,646.00
5.728421,868.7783,591.00
5.728421,868.8315,627.00
5.728421,868.8846,580.00
5.728421,868.9377,659.00
5.728421,868.9908,601.00
5.728421,869.0439,643.00
5.728421,869.0970,639.00
5.728421,869.1501,670.00
5.728421,869.2032,603.00
5.728421,869.2564,600.00
5.728421,869.3094,591.00
5.728421,869.3625,607.00
5.728421,869.4156,617.00
5.728421,869.4688,667.00
5.728421,869.5218,612.00
5.728421,869.5748,653.00
5.728421,869.6279,615.00
5.728421,869.6809,626.00
5.728421,869.7340,571.00
5.728421,869.7870,634.00
5.728421,869.8401,626.00
5.728421,869.8931,647.00
5.728421,869.9462,621.00
5.728421,869.9993,655.00
5.728421,870.0522,621.00
5.728421,870.1052,675.00
5.728421,870.1583,629.00
5.728421,870.2112,672.00
5.728421,870.2642,583.00
5.728421,870.3173,656.00
5.728421,870.3702,599.00
5.728421,870.4232,688.00
5.728421,870.4762,618.00
5.728421,870.5292,619.00
5.728421,870.5822,602.00
5.728421,870.6351,631.00
5.728421,870.6881,600.00
5.728421,870.7410,659.00
5.728421,870.7940,623.00
5.728421,870.8470,657.00
5.728421,870.8999,621.00
5.728421,870.9528,666.00
5.728421,871.0057,663.00
5.728421,871.0587,643.00
5.728421,871.1116,628.00
5.728421,871.1646,654.00
5.728421,871.2175,581.00
5.728421,871.2704,657.00
5.728421,871.3232,641.00
5.728421,871.3762,646.00
5.728421,871.4291,627.00
5.728421,871.4820,634.00
5.728421,871.5348,636.00
5.728421,871.5877,672.00
5.728421,871.6406,613.00
5.728421,871.6935,703.00
5.728421,871.7463,609.00
5.728421,871.7992,638.00
5.728421,871.8521,676.00
5.728421,871.9049,658.00
5.728421,871.9578,655.00
5.728421,872.0106,686.00
5.728421,872.0635,601.00
5.728421,872.1162,654.00
5.728421,872.1691,649.00
5.728421,872.2219,705.00
5.728421,872.2747,609.00
5.728421,872.3275,658.00
5.728421,872.3803,661.00
5.728421,872.4332,650.00
5.728421,872.4860,628.00
5.728421,872.5387,672.00
5.728421,872.5915,605.00
5.728421,872.6443,704.00
5.728421,872.6971,657.00
5.728421,872.7499,668.00
5.728421,872.8026,656.00
5.728421,872.8553,660.00
5.728421,872.9081,650.00
5.728421,872.9609,624.00
5.728421,873.0136,608.00
5.728421,873.0663,684.00
5.728421,873.1191,590.00
5.728421,873.1718,673.00
5.728421,873.2245,672.00
5.728421,873.2773,642.00
5.728421,873.3300,624.00
5.728421,873.3827,643.00
5.728421,873.4354,608.00
5.728421,873.4882,724.00
5.728421,873.5408,627.00
5.728421,873.5935,668.00
5.728421,873.6462,653.00
5.728421,873.6989,670.00
5.728421,873.7515,696.00
5.728421,873.8042,663.00
5.728421,873.8569,622.00
5.728421,873.9096,658.00
5.728421,873.9622,587.00
5.728421,874.0149,714.00
5.728421,874.0675,653.00
5.728421,874.1202,655.00
5.728421,874.1729,647.00
5.728421,874.2255,681.00
5.728421,874.2781,649.00
5.728421,874.3307,642.00
5.728421,874.3834,595.00
5.728421,874.4360,695.00
5.728421,874.4885,622.00
5.728421,874.5411,692.00
5.728421,874.5938,629.00
5.728421,874.6463,635.00
5.728421,874.6990,651.00
5.728421,874.7515,663.00
5.728421,874.8041,598.00
5.728421,874.8567,678.00
5.728421,874.9092,639.00
5.728421,874.9619,685.00
5.728421,875.0144,603.00
5.728421,875.0669,653.00
5.728421,875.1194,635.00
5.728421,875.1720,651.00
5.728421,875.2246,624.00
5.728421,875.2772,679.00
5.728421,875.3296,626.00
5.728421,875.3821,687.00
5.728421,875.4346,641.00
5.728421,875.4872,662.00
5.728421,875.5397,645.00
5.728421,875.5922,661.00
5.728421,875.6447,623.00
5.728421,875.6971,692.00
5.728421,875.7498,605.00
5.728421,875.8022,674.00
5.728421,875.8547,616.00
5.728421,875.9071,697.00
5.728421,875.9596,610.00
5.728421,876.0120,650.00
5.728421,876.0646,623.00
5.728421,876.1169,648.00
5.728421,876.1694,622.00
5.728421,876.2219,677.00
5.728421,876.2743,633.00
5.728421,876.3268,679.00
5.728421,876.3792,630.00
5.728421,876.4316,671.00
5.728421,876.4840,658.00
5.728421,876.5364,620.00
5.728421,876.5889,601.00
5.728421,876.6413,719.00
5.728421,876.6937,601.00
5.728421,876.7460,679.00
5.728421,876.7985,658.00
5.728421,876.8509,686.00
5.728421,876.9032,635.00
5.728421,876.9556,654.00
5.728421,877.0079,627.00
5.728421,877.0604,659.00
5.728421,877.1127,607.00
5.728421,877.1651,713.00
5.728421,877.2174,629.00
5.728421,877.2697,661.00
5.728421,877.3221,619.00
5.728421,877.3744,637.00
5.728421,877.4268,610.00
5.728421,877.4791,646.00
5.728421,877.5314,600.00
5.728421,877.5837,661.00
5.728421,877.6360,590.00
5.728421,877.6884,657.00
5.728421,877.7407,621.00
5.728421,877.7930,638.00
5.728421,877.8452,594.00
5.728421,877.8975,609.00
5.728421,877.9498,602.00
5.728421,878.0021,660.00
5.728421,878.0544,611.00
5.728421,878.1066,659.00
5.728421,878.1589,614.00
5.728421,878.2111,655.00
5.728421,878.2634,634.00
5.728421,878.3157,613.00
5.728421,878.3679,613.00
5.728421,878.4202,641.00
5.728421,878.4724,593.00
5.728421,878.5246,667.00
5.728421,878.5768,604.00
5.728421,878.6290,638.00
5.728421,878.6812,602.00
5.728421,878.7335,644.00
5.728421,878.7856,631.00
5.728421,878.8379,586.00
5.728421,878.8901,583.00
5.728421,878.9422,591.00
5.728421,878.9944,612.00
5.728421,879.0466,659.00
5.728421,879.0988,619.00
5.728421,879.1509,677.00
5.728421,879.2031,617.00
5.728421,879.2552,626.00
5.728421,879.3074,609.00
5.728421,879.3596,663.00
5.728421,879.4117,574.00
5.728421,879.4638,660.00
5.728421,879.5159,585.00
5.728421,879.5681,636.00
5.728421,879.6202,619.00
5.728421,879.6723,629.00
5.728421,879.7244,634.00
5.728421,879.7766,624.00
5.728421,879.8287,562.00
5.728421,879.8808,671.00
5.728421,879.9329,574.00
5.728421,879.9849,647.00
5.728421,880.0370,628.00
5.728421,880.0891,631.00
5.728421,880.1412,609.00
5.728421,880.1932,659.00
5.728421,880.2452,571.00
5.728421,880.2973,690.00
5.728421,880.3495,625.00
5.728421,880.4015,670.00
5.728421,880.4536,619.00
5.728421,880.5056,633.00
5.728421,880.5576,631.00
5.728421,880.6096,642.00
5.728421,880.6616,589.00
5.728421,880.7137,637.00
5.728421,880.7656,596.00
5.728421,880.8176,667.00
5.728421,880.8696,593.00
5.728421,880.9217,656.00
5.728421,880.9737,608.00
5.728421,881.0256,618.00
5.728421,881.0776,601.00
5.728421,881.1296,634.00
5.728421,881.1816,584.00
5.728421,881.2336,622.00
5.728421,881.2855,605.00
5.728421,881.3374,648.00
5.728421,881.3893,607.00
5.728421,881.4413,612.00
5.728421,881.4933,605.00
5.728421,881.5452,634.00
5.728421,881.5972,598.00
5.728421,881.6490,635.00
5.728421,881.7010,610.00
5.728421,881.7530,638.00
5.728421,881.8049,579.00
5.728421,881.8568,629.00
5.728421,881.9086,605.00
5.728421,881.9605,621.00
5.728421,882.0125,607.00
5.728421,882.0643,643.00
5.728421,882.1162,568.00
5.728421,882.1681,636.00
5.728421,882.2199,574.00
5.728421,882.2719,621.00
5.728421,882.3237,585.00
5.728421,882.3755,604.00
5.728421,882.4274,596.00
5.728421,882.4792,643.00
5.728421,882.5311,590.00
5.728421,882.5829,630.00
5.728421,882.6348,570.00
5.728421,882.6866,654.00
5.728421,882.7383,629.00
5.728421,882.7902,609.00
5.728421,882.8420,619.00
5.728421,882.8939,619.00
5.728421,882.9457,575.00
5.728421,882.9974,620.00
5.728421,883.0493,588.00
5.728421,883.1011,665.00
5.728421,883.1528,553.00
5.728421,883.2046,625.00
5.728421,883.2563,598.00
5.728421,883.3081,580.00
5.728421,883.3599,578.00
5.728421,883.4116,642.00
5.728421,883.4634,598.00
5.728421,883.5151,653.00
5.728421,883.5668,614.00
5.728421,883.6187,637.00
5.728421,883.6703,629.00
5.728421,883.7220,629.00
5.728421,883.7738,598.00
5.728421,883.8254,647.00
5.728421,883.8773,556.00
5.728421,883.9289,640.00
5.728421,883.9806,566.00
5.728421,884.0323,657.00
5.728421,884.0840,621.00
5.728421,884.1357,656.00
5.728421,884.1874,588.00
5.728421,884.2391,633.00
5.728421,884.2907,562.00
5.728421,884.3423,634.00
5.728421,884.3940,564.00
5.728421,884.4457,622.00
5.728421,884.4974,604.00
5.728421,884.5490,623.00
5.728421,884.6006,597.00
5.728421,884.6523,632.00
5.728421,884.7039,579.00
5.728421,884.7555,668.00
5.728421,884.8071,595.00
5.728421,884.8588,652.00
5.728421,884.9103,652.00
5.728421,884.9620,661.00
5.728421,885.0136,646.00
5.728421,885.0651,645.00
5.728421,885.1168,606.00
5.728421,885.1683,658.00
5.728421,885.2200,630.00
5.728421,885.2715,653.00
5.728421,885.3231,586.00
5.728421,885.3746,683.00
5.728421,885.4262,673.00
5.728421,885.4778,649.00
5.728421,885.5293,650.00
5.728421,885.5809,671.00
5.728421,885.6324,573.00
5.728421,885.6839,628.00
5.728421,885.7355,596.00
5.728421,885.7870,679.00
5.728421,885.8385,579.00
5.728421,885.8900,658.00
5.728421,885.9415,628.00
5.728421,885.9930,644.00
5.728421,886.0446,587.00
5.728421,886.0960,653.00
5.728421,886.1475,633.00
5.728421,886.1990,642.00
5.728421,886.2504,616.00
5.728421,886.3020,679.00
5.728421,886.3534,616.00
5.728421,886.4048,632.00
5.728421,886.4564,631.00
5.728421,886.5078,638.00
5.728421,886.5593,583.00
5.728421,886.6107,672.00
5.728421,886.6621,626.00
5.728421,886.7136,657.00
5.728421,886.7650,603.00
5.728421,886.8164,657.00
5.728421,886.8679,640.00
5.728421,886.9193,653.00
5.728421,886.9706,600.00
5.728421,887.0220,661.00
5.728421,887.0735,604.00
5.728421,887.1249,656.00
5.728421,887.1762,602.00
5.728421,887.2276,678.00
5.728421,887.2789,646.00
5.728421,887.3304,618.00
5.728421,887.3818,622.00
5.728421,887.4331,661.00
5.728421,887.4844,609.00
5.728421,887.5358,683.00
5.728421,887.5871,603.00
5.728421,887.6385,689.00
5.728421,887.6898,648.00
5.728421,887.7411,644.00
5.728421,887.7925,623.00
5.728421,887.8438,641.00
5.728421,887.8951,592.00
5.728421,887.9464,696.00
5.728421,887.9977,642.00
5.728421,888.0490,697.00
5.728421,888.1003,650.00
5.728421,888.1516,646.00
5.728421,888.2029,598.00
5.728421,888.2542,659.00
5.728421,888.3054,616.00
5.728421,888.3567,681.00
5.728421,888.4080,633.00
5.728421,888.4592,675.00
5.728421,888.5105,631.00
5.728421,888.5618,680.00
5.728421,888.6130,628.00
5.728421,888.6642,662.00
5.728421,888.7155,649.00
5.728421,888.7667,679.00
5.728421,888.8179,600.00
5.728421,888.8691,692.00
5.728421,888.9204,637.00
5.728421,888.9716,654.00
5.728421,889.0228,655.00
5.728421,889.0740,648.00
5.728421,889.1252,680.00
5.728421,889.1764,682.00
5.728421,889.2275,629.00
5.728421,889.2787,671.00
5.728421,889.3299,640.00
5.728421,889.3810,698.00
5.728421,889.4322,669.00
5.728421,889.4835,684.00
5.728421,889.5346,641.00
5.728421,889.5857,676.00
5.728421,889.6368,609.00
5.728421,889.6879,650.00
5.728421,889.7391,596.00
5.728421,889.7903,666.00
5.728421,889.8414,618.00
5.728421,889.8925,668.00
5.728421,889.9435,653.00
5.728421,889.9948,638.00
5.728421,890.0458,621.00
5.728421,890.0969,657.00
5.728421,890.1479,620.00
5.728421,890.1990,666.00
5.728421,890.2501,637.00
5.728421,890.3012,662.00
5.728421,890.3523,634.00
5.728421,890.4034,616.00
5.728421,890.4545,621.00
5.728421,890.5054,628.00
5.728421,890.5566,585.00
5.728421,890.6076,659.00
5.728421,890.6586,596.00
5.728421,890.7097,658.00
5.728421,890.7607,630.00
5.728421,890.8117,660.00
5.728421,890.8627,631.00
5.728421,890.9138,624.00
5.728421,890.9647,611.00
5.728421,891.0157,627.00
5.728421,891.0668,580.00
5.728421,891.1178,639.00
5.728421,891.1688,590.00
5.728421,891.2197,627.00
5.728421,891.2707,613.00
5.728421,891.3217,628.00
5.728421,891.3727,615.00
5.728421,891.4236,637.00
5.728421,891.4745,591.00
5.728421,891.5256,666.00
5.728421,891.5765,608.00
5.728421,891.6275,669.00
5.728421,891.6783,586.00
5.728421,891.7293,617.00
5.728421,891.7802,619.00
5.728421,891.8312,632.00
5.728421,891.8821,554.00
5.728421,891.9330,635.00
5.728421,891.9839,586.00
5.728421,892.0348,633.00
5.728421,892.0857,600.00
5.728421,892.1366,631.00
5.728421,892.1875,595.00
5.728421,892.2383,627.00
5.728421,892.2892,602.00
5.728421,892.3401,656.00
5.728421,892.3911,589.00
5.728421,892.4418,665.00
5.728421,892.4927,615.00
5.728421,892.5436,643.00
5.728421,892.5944,628.00
5.728421,892.6452,634.00
5.728421,892.6961,622.00
5.728421,892.7469,653.00
5.728421,892.7977,619.00
5.728421,892.8485,630.00
5.728421,892.8993,633.00
5.728421,892.9502,661.00
5.728421,893.0010,632.00
5.728421,893.0518,651.00
5.728421,893.1025,629.00
5.728421,893.1534,680.00
5.728421,893.2042,616.00
5.728421,893.2549,658.00
5.728421,893.3057,629.00
5.728421,893.3564,688.00
5.728421,893.4072,678.00
5.728421,893.4580,628.00
5.728421,893.5087,637.00
5.728421,893.5595,644.00
5.728421,893.6102,600.00
5.728421,893.6609,673.00
5.728421,893.7117,578.00
5.728421,893.7625,678.00
5.728421,893.8132,630.00
5.728421,893.8639,654.00
5.728421,893.9146,646.00
5.728421,893.9653,615.00
5.728421,894.0160,599.00
5.728421,894.0667,633.00
5.728421,894.1174,601.00
5.728421,894.1681,661.00
5.728421,894.2188,627.00
5.728421,894.2695,667.00
5.728421,894.3201,664.00
5.728421,894.3708,636.00
5.728421,894.4214,614.00
5.728421,894.4720,655.00
5.728421,894.5228,591.00
5.728421,894.5734,710.00
5.728421,894.6240,590.00
5.728421,894.6746,697.00
5.728421,894.7252,691.00
5.728421,894.7759,647.00
5.728421,894.8265,633.00
5.728421,894.8771,649.00
5.728421,894.9277,580.00
5.728421,894.9783,651.00
5.728421,895.0290,563.00
5.728421,895.0795,686.00
5.728421,895.1301,602.00
5.728421,895.1807,672.00
5.728421,895.2313,637.00
5.728421,895.2819,637.00
5.728421,895.3325,617.00
5.728421,895.3830,653.00
5.728421,895.4336,582.00
5.728421,895.4841,696.00
5.728421,895.5347,630.00
5.728421,895.5852,668.00
5.728421,895.6357,640.00
5.728421,895.6863,671.00
5.728421,895.7368,642.00
5.728421,895.7874,661.00
5.728421,895.8379,574.00
5.728421,895.8884,682.00
5.728421,895.9388,595.00
5.728421,895.9893,649.00
5.728421,896.0399,648.00
5.728421,896.0904,657.00
5.728421,896.1408,661.00
5.728421,896.1913,637.00
5.728421,896.2418,614.00
5.728421,896.2922,676.00
5.728421,896.3427,640.00
5.728421,896.3932,696.00
5.728421,896.4437,658.00
5.728421,896.4941,663.00
5.728421,896.5445,640.00
5.728421,896.5950,670.00
5.728421,896.6454,660.00
5.728421,896.6958,641.00
5.728421,896.7462,571.00
5.728421,896.7967,662.00
5.728421,896.8471,629.00
5.728421,896.8975,666.00
5.728421,896.9479,662.00
5.728421,896.9983,675.00
5.728421,897.0486,621.00
5.728421,897.0991,648.00
5.728421,897.1495,613.00
5.728421,897.1998,677.00
5.728421,897.2502,627.00
5.728421,897.3005,686.00
5.728421,897.3510,648.00
5.728421,897.4013,654.00
5.728421,897.4517,646.00
5.728421,897.5020,653.00
5.728421,897.5523,633.00
5.728421,897.6026,668.00
5.728421,897.6530,591.00
5.728421,897.7033,683.00
5.728421,897.7537,616.00
5.728421,897.8040,666.00
5.728421,897.8542,622.00
5.728421,897.9046,633.00
5.728421,897.9549,619.00
5.728421,898.0051,706.00
5.728421,898.0554,631.00
5.728421,898.1057,641.00
5.728421,898.1560,588.00
5.728421,898.2063,661.00
5.728421,898.2565,637.00
5.728421,898.3068,615.00
5.728421,898.3571,632.00
5.728421,898.4073,616.00
5.728421,898.4576,590.00
5.728421,898.5078,650.00
5.728421,898.5580,603.00
5.728421,898.6083,682.00
5.728421,898.6584,632.00
5.728421,898.7087,661.00
5.728421,898.7590,629.00
5.728421,898.8091,617.00
5.728421,898.8593,635.00
5.728421,898.9095,646.00
5.728421,898.9598,562.00
5.728421,899.0099,658.00
5.728421,899.0601,618.00
5.728421,899.1103,655.00
5.728421,899.1605,621.00
5.728421,899.2107,609.00
5.728421,899.2608,617.00
5.728421,899.3109,633.00
5.728421,899.3611,591.00
5.728421,899.4113,660.00
5.728421,899.4614,626.00
5.728421,899.5115,666.00
5.728421,899.5616,638.00
5.728421,899.6118,633.00
5.728421,899.6619,620.00
5.728421,899.7121,615.00
5.728421,899.7622,561.00
5.728421,899.8123,649.00
5.728421,899.8624,592.00
5.728421,899.9124,670.00
5.728421,899.9626,629.00
5.728421,900.0126,632.00
5.728421,900.0627,636.00
5.728421,900.1127,670.00
5.728421,900.1628,571.00
5.728421,900.2130,626.00
5.728421,900.2631,564.00
5.728421,900.3130,652.00
5.728421,900.3631,589.00
5.728421,900.4131,635.00
5.728421,900.4632,609.00
5.728421,900.5132,638.00
5.728421,900.5633,624.00
5.728421,900.6132,622.00
5.728421,900.6632,585.00
5.728421,900.7133,628.00
5.728421,900.7633,557.00
5.728421,900.8133,614.00
5.728421,900.8633,599.00
5.728421,900.9133,650.00
5.728421,900.9633,596.00
5.728421,901.0133,636.00
5.728421,901.0632,591.00
5.728421,901.1132,611.00
5.728421,901.1631,593.00
5.728421,901.2131,664.00
5.728421,901.2631,644.00
5.728421,901.3130,641.00
5.728421,901.3630,601.00
5.728421,901.4129,648.00
5.728421,901.4628,640.00
5.728421,901.5128,628.00
5.728421,901.5627,586.00
5.728421,901.6126,648.00
5.728421,901.6625,608.00
5.728421,901.7124,628.00
5.728421,901.7623,644.00
5.728421,901.8123,603.00
5.728421,901.8621,608.00
5.728421,901.9120,648.00
5.728421,901.9619,572.00
5.728421,902.0117,660.00
5.728421,902.0616,621.00
5.728421,902.1115,648.00
5.728421,902.1613,622.00
5.728421,902.2112,600.00
5.728421,902.2610,618.00
5.728421,902.3109,624.00
5.728421,902.3608,592.00
5.728421,902.4106,647.00
5.728421,902.4604,590.00
5.728421,902.5103,631.00
5.728421,902.5601,606.00
5.728421,902.6099,646.00
5.728421,902.6597,617.00
5.728421,902.7095,639.00
5.728421,902.7592,607.00
5.728421,902.8090,673.00
5.728421,902.8589,587.00
5.728421,902.9086,692.00
5.728421,902.9584,627.00
5.728421,903.0082,651.00
5.728421,903.0580,620.00
5.728421,903.1077,635.00
5.728421,903.1575,618.00
5.728421,903.2072,615.00
5.728421,903.2570,609.00
5.728421,903.3067,666.00
5.728421,903.3564,605.00
5.728421,903.4062,669.00
5.728421,903.4559,639.00
5.728421,903.5056,634.00
5.728421,903.5553,629.00
5.728421,903.6050,640.00
5.728421,903.6547,578.00
5.728421,903.7045,663.00
5.728421,903.7541,561.00
5.728421,903.8038,670.00
5.728421,903.8535,634.00
5.728421,903.9032,655.00
5.728421,903.9528,631.00
5.728421,904.0025,624.00
5.728421,904.0522,597.00
5.728421,904.1019,623.00
5.728421,904.1515,595.00
5.728421,904.2012,675.00
5.728421,904.2507,574.00
5.728421,904.3004,644.00
5.728421,904.3500,573.00
5.728421,904.3997,607.00
5.728421,904.4493,577.00
5.728421,904.4989,607.00
5.728421,904.5485,570.00
5.728421,904.5980,636.00
5.728421,904.6477,579.00
5.728421,904.6973,628.00
5.728421,904.7469,579.00
5.728421,904.7964,653.00
5.728421,904.8460,602.00
5.728421,904.8956,587.00
5.728421,904.9452,578.00
5.728421,904.9947,629.00
5.728421,905.0443,562.00
5.728421,905.0938,641.00
5.728421,905.1434,609.00
5.728421,905.1929,623.00
5.728421,905.2424,616.00
5.728421,905.2919,661.00
5.728421,905.3414,578.00
5.728421,905.3910,624.00
5.728421,905.4406,581.00
5.728421,905.4901,678.00
5.728421,905.5396,570.00
5.728421,905.5890,613.00
5.728421,905.6385,618.00
5.728421,905.6880,642.00
5.728421,905.7375,623.00
5.728421,905.7870,661.00
5.728421,905.8364,584.00
5.728421,905.8859,665.00
5.728421,905.9354,597.00
5.728421,905.9848,671.00
5.728421,906.0342,644.00
5.728421,906.0837,648.00
5.728421,906.1331,622.00
5.728421,906.1826,664.00
5.728421,906.2321,587.00
5.728421,906.2814,662.00
5.728421,906.3309,586.00
5.728421,906.3802,655.00
5.728421,906.4297,618.00
5.728421,906.4791,643.00
5.728421,906.5285,627.00
5.728421,906.5779,619.00
5.728421,906.6273,605.00
5.728421,906.6766,639.00
5.728421,906.7260,607.00
5.728421,906.7754,687.00
5.728421,906.8248,565.00
5.728421,906.8741,664.00
5.728421,906.9235,617.00
5.728421,906.9729,633.00
5.728421,907.0222,623.00
5.728421,907.0715,640.00
5.728421,907.1208,610.00
5.728421,907.1702,646.00
5.728421,907.2195,618.00
5.728421,907.2688,679.00
5.728421,907.3181,636.00
5.728421,907.3674,635.00
5.728421,907.4167,621.00
5.728421,907.4660,619.00
5.728421,907.5153,555.00
5.728421,907.5646,658.00
5.728421,907.6139,579.00
5.728421,907.6631,662.00
5.728421,907.7125,609.00
5.728421,907.7617,627.00
5.728421,907.8110,603.00
5.728421,907.8602,629.00
5.728421,907.9094,581.00
5.728421,907.9587,608.00
5.728421,908.0080,569.00
5.728421,908.0572,655.00
5.728421,908.1064,600.00
5.728421,908.1556,658.00
5.728421,908.2048,636.00
5.728421,908.2541,606.00
5.728421,908.3033,645.00
5.728421,908.3524,630.00
5.728421,908.4017,569.00
5.728421,908.4508,658.00
5.728421,908.5000,605.00
5.728421,908.5493,624.00
5.728421,908.5984,635.00
5.728421,908.6475,604.00
5.728421,908.6967,583.00
5.728421,908.7459,618.00
5.728421,908.7950,592.00
5.728421,908.8442,647.00
5.728421,908.8932,598.00
5.728421,908.9424,659.00
5.728421,908.9916,613.00
5.728421,909.0407,656.00
5.728421,909.0898,675.00
5.728421,909.1389,629.00
5.728421,909.1880,611.00
5.728421,909.2372,656.00
5.728421,909.2863,568.00
5.728421,909.3354,681.00
5.728421,909.3845,596.00
5.728421,909.4335,661.00
5.728421,909.4825,616.00
5.728421,909.5317,616.00
5.728421,909.5807,604.00
5.728421,909.6298,622.00
5.728421,909.6789,574.00
5.728421,909.7280,642.00
5.728421,909.7770,604.00
5.728421,909.8260,658.00
5.728421,909.8751,615.00
5.728421,909.9241,635.00
5.728421,909.9731,639.00
5.728421,910.0222,620.00
5.728421,910.0711,609.00
5.728421,910.1201,653.00
5.728421,910.1691,575.00
5.728421,910.2181,655.00
5.728421,910.2672,608.00
5.728421,910.3162,628.00
5.728421,910.3651,610.00
5.728421,910.4141,649.00
5.728421,910.4631,615.00
5.728421,910.5120,630.00
5.728421,910.5610,594.00
5.728421,910.6099,651.00
5.728421,910.6589,606.00
5.728421,910.7078,657.00
5.728421,910.7568,621.00
5.728421,910.8057,633.00
5.728421,910.8546,621.00
5.728421,910.9036,647.00
5.728421,910.9525,582.00
5.728421,911.0013,660.00
5.728421,911.0503,618.00
5.728421,911.0992,664.00
5.728421,911.1481,609.00
5.728421,911.1970,629.00
5.728421,911.2459,628.00
5.728421,911.2948,637.00
5.728421,911.3436,586.00
5.728421,911.3925,652.00
5.728421,911.4414,626.00
5.728421,911.4902,682.00
5.728421,911.5391,664.00
5.728421,911.5880,639.00
5.728421,911.6368,628.00
5.728421,911.6857,615.00
5.728421,911.7344,595.00
5.728421,911.7833,656.00
5.728421,911.8321,581.00
5.728421,911.8809,676.00
5.728421,911.9297,607.00
5.728421,911.9785,657.00
5.728421,912.0273,668.00
5.728421,912.0762,594.00
5.728421,912.1249,642.00
5.728421,912.1737,645.00
5.728421,912.2225,614.00
5.728421,912.2712,660.00
5.728421,912.3201,635.00
5.728421,912.3688,687.00
5.728421,912.4176,616.00
5.728421,912.4663,643.00
5.728421,912.5150,588.00
5.728421,912.5638,635.00
5.728421,912.6125,619.00
5.728421,912.6613,662.00
5.728421,912.7100,625.00
5.728421,912.7587,656.00
5.728421,912.8074,623.00
5.728421,912.8561,671.00
5.728421,912.9048,661.00
5.728421,912.9535,676.00
5.728421,913.0023,656.00
5.728421,913.0510,651.00
5.728421,913.0996,615.00
5.728421,913.1483,678.00
5.728421,913.1969,616.00
5.728421,913.2456,674.00
5.728421,913.2943,695.00
5.728421,913.3430,657.00
5.728421,913.3916,621.00
5.728421,913.4402,654.00
5.728421,913.4888,627.00
5.728421,913.5375,683.00
5.728421,913.5862,640.00
5.728421,913.6348,688.00
5.728421,913.6834,663.00
5.728421,913.7320,689.00
5.728421,913.7806,665.00
5.728421,913.8292,664.00
5.728421,913.8778,634.00
5.728421,913.9264,693.00
5.728421,913.9750,614.00
5.728421,914.0236,716.00
5.728421,914.0721,644.00
5.728421,914.1207,693.00
5.728421,914.1693,628.00
5.728421,914.2178,701.00
5.728421,914.2664,644.00
5.728421,914.3149,690.00
5.728421,914.3635,614.00
5.728421,914.4120,686.00
5.728421,914.4606,660.00
5.728421,914.5090,734.00
5.728421,914.5576,693.00
5.728421,914.6061,693.00
5.728421,914.6546,649.00
5.728421,914.7031,696.00
5.728421,914.7516,631.00
5.728421,914.8001,710.00
5.728421,914.8486,674.00
5.728421,914.8971,700.00
5.728421,914.9456,656.00
5.728421,914.9941,691.00
5.728421,915.0425,673.00
5.728421,915.0910,677.00
5.728421,915.1395,642.00
5.728421,915.1879,720.00
5.728421,915.2363,635.00
5.728421,915.2849,726.00
5.728421,915.3333,678.00
5.728421,915.3817,713.00
5.728421,915.4301,640.00
5.728421,915.4785,685.00
5.728421,915.5269,657.00
5.728421,915.5754,675.00
5.728421,915.6237,632.00
5.728421,915.6721,706.00
5.728421,915.7205,636.00
5.728421,915.7689,726.00
5.728421,915.8173,657.00
5.728421,915.8657,672.00
5.728421,915.9141,637.00
5.728421,915.9623,688.00
5.728421,916.0107,637.00
5.728421,916.0591,710.00
5.728421,916.1075,646.00
5.728421,916.1558,674.00
5.728421,916.2042,642.00
5.728421,916.2524,654.00
5.728421,916.3008,657.00
5.728421,916.3491,647.00
5.728421,916.3974,609.00
5.728421,916.4457,653.00
5.728421,916.4940,629.00
5.728421,916.5423,652.00
5.728421,916.5907,651.00
5.728421,916.6390,684.00
5.728421,916.6872,686.00
5.728421,916.7355,664.00
5.728421,916.7838,616.00
5.728421,916.8320,705.00
5.728421,916.8803,616.00
5.728421,916.9286,715.00
5.728421,916.9768,604.00
5.728421,917.0250,682.00
5.728421,917.0733,666.00
5.728421,917.1216,672.00
5.728421,917.1698,629.00
5.728421,917.2180,656.00
5.728421,917.2662,627.00
5.728421,917.3145,675.00
5.728421,917.3626,656.00
5.728421,917.4109,718.00
5.728421,917.4590,632.00
5.728421,917.5072,703.00
5.728421,917.5554,661.00
5.728421,917.6036,690.00
5.728421,917.6518,633.00
5.728421,917.7000,690.00
5.728421,917.7481,597.00
5.728421,917.7963,696.00
5.728421,917.8444,679.00
5.728421,917.8926,688.00
5.728421,917.9407,667.00
5.728421,917.9888,676.00
5.728421,918.0369,618.00
5.728421,918.0851,673.00
5.728421,918.1332,646.00
5.728421,918.1813,703.00
5.728421,918.2294,644.00
5.728421,918.2776,705.00
5.728421,918.3257,656.00
5.728421,918.3737,689.00
5.728421,918.4218,655.00
5.728421,918.4699,690.00
5.728421,918.5180,644.00
5.728421,918.5660,672.00
5.728421,918.6142,632.00
5.728421,918.6622,701.00
5.728421,918.7103,681.00
5.728421,918.7583,712.00
5.728421,918.8064,696.00
5.728421,918.8544,686.00
5.728421,918.9025,662.00
5.728421,918.9505,714.00
5.728421,918.9985,628.00
5.728421,919.0464,720.00
5.728421,919.0945,661.00
5.728421,919.1426,725.00
5.728421,919.1905,713.00
5.728421,919.2385,678.00
5.728421,919.2866,634.00
5.728421,919.3345,692.00
5.728421,919.3825,640.00
5.728421,919.4304,678.00
5.728421,919.4785,633.00
5.728421,919.5264,693.00
5.728421,919.5744,674.00
5.728421,919.6224,684.00
5.728421,919.6703,673.00
5.728421,919.7182,698.00
5.728421,919.7661,662.00
5.728421,919.8141,699.00
5.728421,919.8620,646.00
5.728421,919.9100,712.00
5.728421,919.9578,649.00
5.728421,920.0057,713.00
5.728421,920.0536,653.00
5.728421,920.1016,685.00
5.728421,920.1495,652.00
5.728421,920.1973,670.00
5.728421,920.2452,606.00
5.728421,920.2932,700.00
5.728421,920.3410,672.00
5.728421,920.3888,678.00
5.728421,920.4367,665.00
5.728421,920.4846,643.00
5.728421,920.5323,634.00
5.728421,920.5803,658.00
5.728421,920.6281,635.00
5.728421,920.6759,706.00
5.728421,920.7237,671.00
5.728421,920.7715,691.00
5.728421,920.8195,689.00
5.728421,920.8672,657.00
5.728421,920.9150,643.00
5.728421,920.9628,673.00
5.728421,921.0106,617.00
5.728421,921.0584,680.00
5.728421,921.1062,630.00
5.728421,921.1540,699.00
5.728421,921.2017,614.00
5.728421,921.2495,656.00
5.728421,921.2973,652.00
5.728421,921.3450,671.00
5.728421,921.3928,621.00
5.728421,921.4405,667.00
5.728421,921.4882,594.00
5.728421,921.5359,688.00
5.728421,921.5837,627.00
5.728421,921.6315,668.00
5.728421,921.6791,643.00
5.728421,921.7269,683.00
5.728421,921.7746,622.00
5.728421,921.8223,635.00
5.728421,921.8700,588.00
5.728421,921.9177,669.00
5.728421,921.9653,631.00
5.728421,922.0130,675.00
5.728421,922.0607,659.00
5.728421,922.1084,656.00
5.728421,922.1561,612.00
5.728421,922.2037,665.00
5.728421,922.2513,629.00
5.728421,922.2990,665.00
5.728421,922.3467,612.00
5.728421,922.3943,686.00
5.728421,922.4419,626.00
5.728421,922.4895,684.00
5.728421,922.5371,634.00
5.728421,922.5848,646.00
5.728421,922.6324,631.00
5.728421,922.6800,633.00
5.728421,922.7276,612.00
5.728421,922.7752,667.00
5.728421,922.8228,641.00
5.728421,922.8704,711.00
5.728421,922.9179,624.00
5.728421,922.9655,668.00
5.728421,923.0130,635.00
5.728421,923.0607,708.00
5.728421,923.1082,609.00
5.728421,923.1558,696.00
5.728421,923.2032,636.00
5.728421,923.2508,645.00
5.728421,923.2983,662.00
5.728421,923.3459,662.00
5.728421,923.3934,646.00
5.728421,923.4409,668.00
5.728421,923.4884,636.00
5.728421,923.5359,663.00
5.728421,923.5834,619.00
5.728421,923.6309,679.00
5.728421,923.6784,664.00
5.728421,923.7259,688.00
5.728421,923.7734,629.00
5.728421,923.8209,643.00
5.728421,923.8683,611.00
5.728421,923.9158,672.00
5.728421,923.9632,648.00
5.728421,924.0106,690.00
5.728421,924.0581,619.00
5.728421,924.1056,655.00
5.728421,924.1530,646.00
5.728421,924.2004,680.00
5.728421,924.2479,671.00
5.728421,924.2952,659.00
5.728421,924.3427,593.00
5.728421,924.3901,685.00
5.728421,924.4375,660.00
5.728421,924.4849,705.00
5.728421,924.5323,689.00
5.728421,924.5797,666.00
5.728421,924.6270,664.00
5.728421,924.6744,696.00
5.728421,924.7218,628.00
5.728421,924.7692,704.00
5.728421,924.8165,617.00
5.728421,924.8639,688.00
5.728421,924.9112,636.00
5.728421,924.9585,666.00
5.728421,925.0059,672.00
5.728421,925.0532,638.00
5.728421,925.1005,624.00
5.728421,925.1478,672.00
5.728421,925.1952,623.00
5.728421,925.2424,688.00
5.728421,925.2897,619.00
5.728421,925.3370,694.00
5.728421,925.3843,646.00
5.728421,925.4316,665.00
5.728421,925.4789,588.00
5.728421,925.5262,671.00
5.728421,925.5734,615.00
5.728421,925.6207,681.00
5.728421,925.6680,642.00
5.728421,925.7153,682.00
5.728421,925.7625,657.00
5.728421,925.8097,671.00
5.728421,925.8569,666.00
5.728421,925.9042,671.00
5.728421,925.9514,623.00
5.728421,925.9987,696.00
5.728421,926.0458,623.00
5.728421,926.0930,677.00
5.728421,926.1403,653.00
5.728421,926.1874,679.00
5.728421,926.2346,654.00
5.728421,926.2819,683.00
5.728421,926.3290,632.00
5.728421,926.3762,678.00
5.728421,926.4233,597.00
5.728421,926.4705,685.00
5.728421,926.5177,677.00
5.728421,926.5648,718.00
5.728421,926.6120,721.00
5.728421,926.6591,698.00
5.728421,926.7063,670.00
5.728421,926.7534,678.00
5.728421,926.8005,635.00
5.728421,926.8477,730.00
5.728421,926.8947,647.00
5.728421,926.9418,705.00
5.728421,926.9890,695.00
5.728421,927.0361,721.00
5.728421,927.0831,691.00
5.728421,927.1302,753.00
5.728421,927.1773,666.00
5.728421,927.2244,759.00
5.728421,927.2715,672.00
5.728421,927.3185,725.00
5.728421,927.3656,684.00
5.728421,927.4126,723.00
5.728421,927.4597,729.00
5.728421,927.5067,718.00
5.728421,927.5538,676.00
5.728421,927.6008,716.00
5.728421,927.6478,683.00
5.728421,927.6949,760.00
5.728421,927.7419,699.00
5.728421,927.7888,736.00
5.728421,927.8358,734.00
5.728421,927.8829,747.00
5.728421,927.9299,690.00
5.728421,927.9769,757.00
5.728421,928.0239,710.00
5.728421,928.0708,769.00
5.728421,928.1177,713.00
5.728421,928.1648,793.00
5.728421,928.2117,824.00
5.728421,928.2587,879.00
5.728421,928.3056,882.00
5.728421,928.3525,944.00
5.728421,928.3995,928.00
5.728421,928.4465,1048.00
5.728421,928.4934,1179.00
5.728421,928.5402,1665.00
5.728421,928.5872,2304.00
5.728421,928.6340,2990.00
5.728421,928.6810,2906.00
5.728421,928.7279,3151.00
5.728421,928.7748,3624.00
5.728421,928.8217,4248.00
5.728421,928.8685,6017.00
5.728421,928.9155,10331.00
5.728421,928.9623,17117.00
5.728421,929.0092,20032.00
5.728421,929.0560,15326.00
5.728421,929.1028,11540.00
5.728421,929.1498,9235.00
5.728421,929.1965,5188.00
5.728421,929.2434,2134.00
5.728421,929.2902,1145.00
5.728421,929.3370,836.00
5.728421,929.3839,819.00
5.728421,929.4307,804.00
5.728421,929.4775,785.00
5.728421,929.5243,748.00
5.728421,929.5710,774.00
5.728421,929.6179,751.00
5.728421,929.6647,790.00
5.728421,929.7115,712.00
5.728421,929.7582,728.00
5.728421,929.8050,693.00
5.728421,929.8517,741.00
5.728421,929.8986,673.00
5.728421,929.9453,696.00
5.728421,929.9921,674.00
5.728421,930.0388,726.00
5.728421,930.0854,650.00
5.728421,930.1323,734.00
5.728421,930.1790,680.00
5.728421,930.2256,721.00
5.728421,930.2724,661.00
5.728421,930.3191,681.00
5.728421,930.3658,639.00
5.728421,930.4125,702.00
5.728421,930.4592,658.00
5.728421,930.5059,730.00
5.728421,930.5526,648.00
5.728421,930.5993,689.00
5.728421,930.6459,669.00
5.728421,930.6926,693.00
5.728421,930.7392,677.00
5.728421,930.7859,700.00
5.728421,930.8325,628.00
5.728421,930.8792,714.00
5.728421,930.9258,670.00
5.728421,930.9725,722.00
5.728421,931.0190,692.00
5.728421,931.0657,732.00
5.728421,931.1123,693.00
5.728421,931.1589,675.00
5.728421,931.2055,629.00
5.728421,931.2521,672.00
5.728421,931.2987,628.00
5.728421,931.3453,702.00
5.728421,931.3919,677.00
5.728421,931.4385,700.00
5.728421,931.4850,676.00
5.728421,931.5316,686.00
5.728421,931.5782,617.00
5.728421,931.6248,644.00
5.728421,931.6713,604.00
5.728421,931.7178,714.00
5.728421,931.7643,663.00
5.728421,931.8109,702.00
5.728421,931.8574,698.00
5.728421,931.9039,680.00
5.728421,931.9504,681.00
5.728421,931.9969,677.00
5.728421,932.0435,661.00
5.728421,932.0900,705.00
5.728421,932.1365,624.00
5.728421,932.1829,704.00
5.728421,932.2294,646.00
5.728421,932.2759,714.00
5.728421,932.3223,648.00
5.728421,932.3688,632.00
5.728421,932.4153,670.00
5.728421,932.4617,691.00
5.728421,932.5082,657.00
5.728421,932.5546,708.00
5.728421,932.6011,654.00
5.728421,932.6475,687.00
5.728421,932.6939,701.00
5.728421,932.7402,708.00
5.728421,932.7867,644.00
5.728421,932.8331,693.00
5.728421,932.8795,627.00
5.728421,932.9259,720.00
5.728421,932.9723,644.00
5.728421,933.0187,696.00
5.728421,933.0651,674.00
5.728421,933.1115,695.00
5.728421,933.1578,694.00
5.728421,933.2042,682.00
5.728421,933.2505,624.00
5.728421,933.2969,733.00
5.728421,933.3433,687.00
5.728421,933.3896,693.00
5.728421,933.4359,655.00
5.728421,933.4822,744.00
5.728421,933.5286,650.00
5.728421,933.5749,693.00
5.728421,933.6212,682.00
5.728421,933.6675,689.00
5.728421,933.7138,630.00
5.728421,933.7601,745.00
5.728421,933.8064,660.00
5.728421,933.8527,695.00
5.728421,933.8989,660.00
5.728421,933.9452,663.00
5.728421,933.9915,698.00
5.728421,934.0378,696.00
5.728421,934.0840,645.00
5.728421,934.1302,768.00
5.728421,934.1765,625.00
5.728421,934.2227,719.00
5.728421,934.2690,716.00
5.728421,934.3152,696.00
5.728421,934.3614,654.00
5.728421,934.4077,702.00
5.728421,934.4539,685.00
5.728421,934.5001,708.00
5.728421,934.5463,672.00
5.728421,934.5925,741.00
5.728421,934.6387,705.00
5.728421,934.6848,704.00
5.728421,934.7310,672.00
5.728421,934.7772,688.00
5.728421,934.8234,626.00
5.728421,934.8695,686.00
5.728421,934.9156,642.00
5.728421,934.9619,712.00
5.728421,935.0080,694.00
5.728421,935.0541,699.00
5.728421,935.1002,685.00
5.728421,935.1464,697.00
5.728421,935.1925,658.00
5.728421,935.2386,733.00
5.728421,935.2847,675.00
5.728421,935.3308,726.00
5.728421,935.3769,658.00
5.728421,935.4230,729.00
5.728421,935.4691,674.00
5.728421,935.5152,701.00
5.728421,935.5613,665.00
5.728421,935.6073,711.00
5.728421,935.6534,654.00
5.728421,935.6995,723.00
5.728421,935.7455,642.00
5.728421,935.7916,710.00
5.728421,935.8376,681.00
5.728421,935.8837,733.00
5.728421,935.9297,657.00
5.728421,935.9757,681.00
5.728421,936.0217,635.00
5.728421,936.0677,678.00
5.728421,936.1137,638.00
5.728421,936.1598,708.00
5.728421,936.2057,658.00
5.728421,936.2518,687.00
5.728421,936.2977,681.00
5.728421,936.3437,675.00
5.728421,936.3896,620.00
5.728421,936.4357,677.00
5.728421,936.4816,627.00
5.728421,936.5275,688.00
5.728421,936.5735,631.00
5.728421,936.6194,694.00
5.728421,936.6654,648.00
5.728421,936.7114,661.00
5.728421,936.7573,626.00
5.728421,936.8032,651.00
5.728421,936.8491,589.00
5.728421,936.8950,656.00
5.728421,936.9409,620.00
5.728421,936.9868,691.00
5.728421,937.0327,621.00
5.728421,937.0786,696.00
5.728421,937.1245,640.00
5.728421,937.1704,628.00
5.728421,937.2162,623.00
5.728421,937.2621,670.00
5.728421,937.3080,602.00
5.728421,937.3539,662.00
5.728421,937.3997,616.00
5.728421,937.4455,667.00
5.728421,937.4913,651.00
5.728421,937.5372,655.00
5.728421,937.5831,605.00
5.728421,937.6289,642.00
5.728421,937.6747,619.00
5.728421,937.7205,689.00
5.728421,937.7663,615.00
5.728421,937.8121,676.00
5.728421,937.8579,635.00
5.728421,937.9037,637.00
5.728421,937.9495,664.00
5.728421,937.9952,677.00
5.728421,938.0410,618.00
5.728421,938.0868,675.00
5.728421,938.1325,596.00
5.728421,938.1783,666.00
5.728421,938.2240,624.00
5.728421,938.2698,677.00
5.728421,938.3155,653.00
5.728421,938.3613,662.00
5.728421,938.4069,629.00
5.728421,938.4527,654.00
5.728421,938.4984,614.00
5.728421,938.5441,680.00
5.728421,938.5898,629.00
5.728421,938.6356,682.00
5.728421,938.6812,635.00
5.728421,938.7269,671.00
5.728421,938.7726,654.00
5.728421,938.8182,660.00
5.728421,938.8640,649.00
5.728421,938.9096,685.00
5.728421,938.9552,639.00
5.728421,939.0010,661.00
5.728421,939.0466,700.00
5.728421,939.0922,696.00
5.728421,939.1378,674.00
5.728421,939.1835,711.00
5.728421,939.2291,616.00
5.728421,939.2747,682.00
5.728421,939.3203,616.00
5.728421,939.3659,705.00
5.728421,939.4115,687.00
5.728421,939.4570,704.00
5.728421,939.5027,679.00
5.728421,939.5483,686.00
5.728421,939.5939,632.00
5.728421,939.6395,679.00
5.728421,939.6851,652.00
5.728421,939.7306,717.00
5.728421,939.7761,655.00
5.728421,939.8217,720.00
5.728421,939.8672,685.00
5.728421,939.9127,680.00
5.728421,939.9583,684.00
5.728421,940.0038,715.00
5.728421,940.0493,666.00
5.728421,940.0948,712.00
5.728421,940.1403,636.00
5.728421,940.1859,724.00
5.728421,940.2314,663.00
5.728421,940.2769,691.00
5.728421,940.3223,668.00
5.728421,940.3678,710.00
5.728421,940.4133,674.00
5.728421,940.4588,695.00
5.728421,940.5042,681.00
5.728421,940.5497,746.00
5.728421,940.5952,667.00
5.728421,940.6406,699.00
5.728421,940.6860,689.00
5.728421,940.7315,714.00
5.728421,940.7769,675.00
5.728421,940.8223,691.00
5.728421,940.8677,639.00
5.728421,940.9132,684.00
5.728421,940.9586,647.00
5.728421,941.0040,725.00
5.728421,941.0494,697.00
5.728421,941.0948,683.00
5.728421,941.1402,700.00
5.728421,941.1855,701.00
5.728421,941.2310,636.00
5.728421,941.2762,736.00
5.728421,941.3216,631.00
5.728421,941.3670,730.00
5.728421,941.4124,650.00
5.728421,941.4577,680.00
5.728421,941.5031,684.00
5.728421,941.5483,715.00
5.728421,941.5937,655.00
5.728421,941.6390,689.00
5.728421,941.6843,660.00
5.728421,941.7296,690.00
5.728421,941.7749,643.00
5.728421,941.8203,689.00
5.728421,941.8655,682.00
5.728421,941.9108,684.00
5.728421,941.9561,651.00
5.728421,942.0013,697.00
5.728421,942.0467,634.00
5.728421,942.0920,715.00
5.728421,942.1372,682.00
5.728421,942.1824,707.00
5.728421,942.2277,668.00
5.728421,942.2729,707.00
5.728421,942.3182,653.00
5.728421,942.3634,705.00
5.728421,942.4086,689.00
5.728421,942.4539,684.00
5.728421,942.4990,641.00
5.728421,942.5443,690.00
5.728421,942.5895,656.00
5.728421,942.6347,706.00
5.728421,942.6798,616.00
5.728421,942.7250,694.00
5.728421,942.7702,665.00
5.728421,942.8154,690.00
5.728421,942.8606,611.00
5.728421,942.9058,712.00
5.728421,942.9508,649.00
5.728421,942.9960,704.00
5.728421,943.0412,645.00
5.728421,943.0864,679.00
5.728421,943.1314,628.00
5.728421,943.1766,702.00
5.728421,943.2217,660.00
5.728421,943.2668,714.00
5.728421,943.3120,669.00
5.728421,943.3571,746.00
5.728421,943.4021,685.00
5.728421,943.4473,714.00
5.728421,943.4923,667.00
5.728421,943.5374,680.00
5.728421,943.5825,671.00
5.728421,943.6276,716.00
5.728421,943.6725,629.00
5.728421,943.7177,701.00
5.728421,943.7627,688.00
5.728421,943.8078,677.00
5.728421,943.8528,690.00
5.728421,943.8978,694.00
5.728421,943.9429,644.00
5.728421,943.9879,712.00
5.728421,944.0330,638.00
5.728421,944.0779,709.00
5.728421,944.1229,651.00
5.728421,944.1679,688.00
5.728421,944.2130,676.00
5.728421,944.2579,713.00
5.728421,944.3029,664.00
5.728421,944.3478,645.00
5.728421,944.3929,640.00
5.728421,944.4379,740.00
5.728421,944.4828,670.00
5.728421,944.5277,714.00
5.728421,944.5727,646.00
5.728421,944.6176,684.00
5.728421,944.6626,666.00
5.728421,944.7076,693.00
5.728421,944.7524,655.00
5.728421,944.7974,715.00
5.728421,944.8423,640.00
5.728421,944.8872,701.00
5.728421,944.9321,662.00
5.728421,944.9770,693.00
5.728421,945.0219,675.00
5.728421,945.0667,694.00
5.728421,945.1116,660.00
5.728421,945.1566,673.00
5.728421,945.2014,626.00
5.728421,945.2463,721.00
5.728421,945.2911,663.00
5.728421,945.3360,722.00
5.728421,945.3808,682.00
5.728421,945.4257,695.00
5.728421,945.4705,672.00
5.728421,945.5153,697.00
5.728421,945.5601,605.00
5.728421,945.6050,741.00
5.728421,945.6498,663.00
5.728421,945.6946,680.00
5.728421,945.7394,688.00
5.728421,945.7842,658.00
5.728421,945.8290,654.00
5.728421,945.8738,705.00
5.728421,945.9186,654.00
5.728421,945.9633,706.00
5.728421,946.0081,657.00
5.728421,946.0529,707.00
5.728421,946.0976,666.00
5.728421,946.1423,697.00
5.728421,946.1871,659.00
5.728421,946.2318,694.00
5.728421,946.2766,577.00
5.728421,946.3213,671.00
5.728421,946.3660,600.00
5.728421,946.4107,687.00
5.728421,946.4554,649.00
5.728421,946.5001,696.00
5.728421,946.5449,681.00
5.728421,946.5895,674.00
5.728421,946.6342,629.00
5.728421,946.6789,662.00
5.728421,946.7236,634.00
5.728421,946.7682,686.00
5.728421,946.8129,645.00
5.728421,946.8575,734.00
5.728421,946.9022,663.00
5.728421,946.9468,707.00
5.728421,946.9915,679.00
5.728421,947.0361,702.00
5.728421,947.0807,647.00
5.728421,947.1253,675.00
5.728421,947.1700,623.00
5.728421,947.2146,703.00
5.728421,947.2592,655.00
5.728421,947.3038,699.00
5.728421,947.3483,649.00
5.728421,947.3929,705.00
5.728421,947.4376,621.00
5.728421,947.4821,667.00
5.728421,947.5267,617.00
5.728421,947.5712,708.00
5.728421,947.6158,682.00
5.728421,947.6604,692.00
5.728421,947.7050,671.00
5.728421,947.7495,680.00
5.728421,947.7939,640.00
5.728421,947.8385,655.00
5.728421,947.8831,610.00
5.728421,947.9276,673.00
5.728421,947.9720,638.00
5.728421,948.0166,666.00
5.728421,948.0611,627.00
5.728421,948.1056,655.00
5.728421,948.1501,634.00
5.728421,948.1945,651.00
5.728421,948.2390,619.00
5.728421,948.2835,699.00
5.728421,948.3279,633.00
5.728421,948.3724,661.00
5.728421,948.4169,653.00
5.728421,948.4613,685.00
5.728421,948.5057,659.00
5.728421,948.5502,650.00
5.728421,948.5947,610.00
5.728421,948.6391,686.00
5.728421,948.6835,616.00
5.728421,948.7279,685.00
5.728421,948.7723,663.00
5.728421,948.8167,683.00
5.728421,948.8611,633.00
5.728421,948.9055,682.00
5.728421,948.9498,630.00
5.728421,948.9943,643.00
5.728421,949.0387,637.00
5.728421,949.0830,678.00
5.728421,949.1273,635.00
5.728421,949.1718,651.00
5.728421,949.2161,623.00
5.728421,949.2604,694.00
5.728421,949.3047,621.00
5.728421,949.3491,665.00
5.728421,949.3934,633.00
5.728421,949.4377,671.00
5.728421,949.4821,573.00
5.728421,949.5264,684.00
5.728421,949.5707,636.00
5.728421,949.6150,666.00
5.728421,949.6592,633.00
5.728421,949.7036,680.00
5.728421,949.7479,622.00
5.728421,949.7921,684.00
5.728421,949.8363,631.00
5.728421,949.8806,670.00
5.728421,949.9249,682.00
5.728421,949.9692,689.00
5.728421,950.0134,612.00
5.728421,950.0576,679.00
5.728421,950.1019,647.00
5.728421,950.1461,665.00
5.728421,950.1903,594.00
5.728421,950.2346,678.00
5.728421,950.2787,637.00
5.728421,950.3229,689.00
5.728421,950.3671,620.00
5.728421,950.4114,665.00
5.728421,950.4555,643.00
5.728421,950.4997,678.00
5.728421,950.5439,660.00
5.728421,950.5880,712.00
5.728421,950.6322,606.00
5.728421,950.6763,691.00
5.728421,950.7205,651.00
5.728421,950.7646,662.00
5.728421,950.8088,628.00
5.728421,950.8530,691.00
5.728421,950.8971,641.00
5.728421,950.9412,657.00
5.728421,950.9853,597.00
5.728421,951.0294,686.00
5.728421,951.0735,633.00
5.728421,951.1177,702.00
5.728421,951.1617,642.00
5.728421,951.2057,670.00
5.728421,951.2499,667.00
5.728421,951.2939,656.00
5.728421,951.3380,641.00
5.728421,951.3821,679.00
5.728421,951.4261,629.00
5.728421,951.4702,669.00
5.728421,951.5142,638.00
5.728421,951.5582,668.00
5.728421,951.6024,619.00
5.728421,951.6464,680.00
5.728421,951.6904,640.00
5.728421,951.7344,671.00
5.728421,951.7784,588.00
5.728421,951.8224,679.00
5.728421,951.8665,608.00
5.728421,951.9104,686.00
5.728421,951.9544,637.00
5.728421,951.9984,652.00
5.728421,952.0424,635.00
5.728421,952.0864,668.00
5.728421,952.1303,635.00
5.728421,952.1743,720.00
5.728421,952.2183,666.00
5.728421,952.2621,697.00
5.728421,952.3061,684.00
5.728421,952.3500,695.00
5.728421,952.3940,634.00
5.728421,952.4379,683.00
5.728421,952.4818,650.00
5.728421,952.5258,706.00
5.728421,952.5696,645.00
5.728421,952.6136,717.00
5.728421,952.6574,635.00
5.728421,952.7014,695.00
5.728421,952.7452,623.00
5.728421,952.7891,676.00
5.728421,952.8330,656.00
5.728421,952.8768,677.00
5.728421,952.9207,637.00
5.728421,952.9645,707.00
5.728421,953.0084,618.00
5.728421,953.0522,678.00
5.728421,953.0961,692.00
5.728421,953.1400,676.00
5.728421,953.1838,665.00
5.728421,953.2275,645.00
5.728421,953.2714,643.00
5.728421,953.3152,738.00
5.728421,953.3589,680.00
5.728421,953.4028,692.00
5.728421,953.4466,650.00
5.728421,953.4904,683.00
5.728421,953.5341,649.00
5.728421,953.5779,656.00
5.728421,953.6217,638.00
5.728421,953.6654,645.00
5.728421,953.7092,601.00
5.728421,953.7529,680.00
5.728421,953.7967,640.00
5.728421,953.8405,657.00
5.728421,953.8842,642.00
5.728421,953.9279,644.00
5.728421,953.9716,628.00
5.728421,954.0153,644.00
5.728421,954.0590,580.00
5.728421,954.1027,641.00
5.728421,954.1464,652.00
5.728421,954.1901,654.00
5.728421,954.2338,620.00
5.728421,954.2774,656.00
5.728421,954.3212,606.00
5.728421,954.3648,680.00
5.728421,954.4084,627.00
5.728421,954.4521,648.00
5.728421,954.4958,614.00
5.728421,954.5394,625.00
5.728421,954.5831,594.00
5.728421,954.6267,659.00
5.728421,954.6703,614.00
5.728421,954.7139,645.00
5.728421,954.7576,606.00
5.728421,954.8012,651.00
5.728421,954.8448,617.00
5.728421,954.8884,663.00
5.728421,954.9319,642.00
5.728421,954.9755,689.00
5.728421,955.0191,635.00
5.728421,955.0627,626.00
5.728421,955.1063,627.00
5.728421,955.1498,633.00
5.728421,955.1934,598.00
5.728421,955.2369,639.00
5.728421,955.2805,639.00
5.728421,955.3240,675.00
5.728421,955.3675,628.00
5.728421,955.4111,641.00
5.728421,955.4546,577.00
5.728421,955.4981,673.00
5.728421,955.5416,569.00
5.728421,955.5851,666.00
5.728421,955.6285,632.00
5.728421,955.6722,668.00
5.728421,955.7156,622.00
5.728421,955.7590,638.00
5.728421,955.8025,639.00
5.728421,955.8460,670.00
5.728421,955.8895,642.00
5.728421,955.9329,659.00
5.728421,955.9764,607.00
5.728421,956.0198,659.00
5.728421,956.0632,613.00
5.728421,956.1067,689.00
5.728421,956.1501,671.00
5.728421,956.1935,663.00
5.728421,956.2369,633.00
5.728421,956.2803,634.00
5.728421,956.3238,624.00
5.728421,956.3671,681.00
5.728421,956.4105,625.00
5.728421,956.4539,666.00
5.728421,956.4973,651.00
5.728421,956.5406,628.00
5.728421,956.5841,638.00
5.728421,956.6274,642.00
5.728421,956.6707,579.00
5.728421,956.7141,693.00
5.728421,956.7575,612.00
5.728421,956.8008,659.00
5.728421,956.8442,611.00
5.728421,956.8875,651.00
5.728421,956.9308,622.00
5.728421,956.9741,646.00
5.728421,957.0174,641.00
5.728421,957.0607,689.00
5.728421,957.1040,603.00
5.728421,957.1473,677.00
5.728421,957.1906,627.00
5.728421,957.2339,678.00
5.728421,957.2772,632.00
5.728421,957.3204,655.00
5.728421,957.3636,608.00
5.728421,957.4069,657.00
5.728421,957.4502,609.00
5.728421,957.4934,702.00
5.728421,957.5366,647.00
5.728421,957.5799,662.00
5.728421,957.6230,632.00
5.728421,957.6664,644.00
5.728421,957.7095,669.00
5.728421,957.7527,691.00
5.728421,957.7959,641.00
5.728421,957.8392,676.00
5.728421,957.8823,654.00
5.728421,957.9255,706.00
5.728421,957.9687,645.00
5.728421,958.0118,676.00
5.728421,958.0551,662.00
5.728421,958.0983,687.00
5.728421,958.1414,625.00
5.728421,958.1845,674.00
5.728421,958.2277,630.00
5.728421,958.2708,707.00
5.728421,958.3139,645.00
5.728421,958.3571,694.00
5.728421,958.4001,669.00
5.728421,958.4432,697.00
5.728421,958.4864,649.00
5.728421,958.5295,688.00
5.728421,958.5726,669.00
5.728421,958.6157,716.00
5.728421,958.6588,648.00
5.728421,958.7018,680.00
5.728421,958.7449,622.00
5.728421,958.7879,686.00
5.728421,958.8311,626.00
5.728421,958.8741,680.00
5.728421,958.9171,622.00
5.728421,958.9601,689.00
5.728421,959.0032,631.00
5.728421,959.0463,705.00
5.728421,959.0893,658.00
5.728421,959.1323,667.00
5.728421,959.1752,690.00
5.728421,959.2183,677.00
5.728421,959.2613,648.00
5.728421,959.3043,667.00
5.728421,959.3472,601.00
5.728421,959.3903,675.00
5.728421,959.4332,628.00
5.728421,959.4763,674.00
5.728421,959.5192,655.00
5.728421,959.5621,642.00
5.728421,959.6051,639.00
5.728421,959.6480,658.00
5.728421,959.6910,617.00
5.728421,959.7339,685.00
5.728421,959.7768,601.00
5.728421,959.8198,661.00
5.728421,959.8627,607.00
5.728421,959.9056,660.00
5.728421,959.9485,628.00
5.728421,959.9915,660.00
5.728421,960.0343,580.00
5.728421,960.0771,679.00
5.728421,960.1201,596.00
5.728421,960.1630,672.00
5.728421,960.2058,636.00
5.728421,960.2487,630.00
5.728421,960.2915,623.00
5.728421,960.3344,632.00
5.728421,960.3773,604.00
5.728421,960.4200,652.00
5.728421,960.4629,595.00
5.728421,960.5057,657.00
5.728421,960.5485,606.00
5.728421,960.5914,662.00
5.728421,960.6342,640.00
5.728421,960.6770,613.00
5.728421,960.7198,628.00
5.728421,960.7626,619.00
5.728421,960.8054,593.00
5.728421,960.8481,654.00
5.728421,960.8909,614.00
5.728421,960.9337,672.00
5.728421,960.9764,623.00
5.728421,961.0192,636.00
5.728421,961.0620,599.00
5.728421,961.1047,611.00
5.728421,961.1475,584.00
5.728421,961.1902,641.00
5.728421,961.2329,608.00
5.728421,961.2757,667.00
5.728421,961.3184,641.00
5.728421,961.3611,608.00
5.728421,961.4037,624.00
5.728421,961.4465,646.00
5.728421,961.4892,585.00
5.728421,961.5319,634.00
5.728421,961.5745,566.00
5.728421,961.6172,684.00
5.728421,961.6599,645.00
5.728421,961.7026,680.00
5.728421,961.7452,623.00
5.728421,961.7878,613.00
5.728421,961.8304,614.00
5.728421,961.8731,670.00
5.728421,961.9157,626.00
5.728421,961.9584,649.00
5.728421,962.0010,636.00
5.728421,962.0436,675.00
5.728421,962.0862,635.00
5.728421,962.1288,625.00
5.728421,962.1714,584.00
5.728421,962.2140,608.00
5.728421,962.2565,579.00
5.728421,962.2991,651.00
5.728421,962.3417,592.00
5.728421,962.3843,652.00
5.728421,962.4268,642.00
5.728421,962.4694,657.00
5.728421,962.5119,615.00
5.728421,962.5545,658.00
5.728421,962.5970,592.00
5.728421,962.6396,641.00
5.728421,962.6821,592.00
5.728421,962.7246,707.00
5.728421,962.7671,629.00
5.728421,962.8096,670.00
5.728421,962.8522,616.00
5.728421,962.8947,644.00
5.728421,962.9371,593.00
5.728421,962.9796,658.00
5.728421,963.0222,613.00
5.728421,963.0646,670.00
5.728421,963.1070,600.00
5.728421,963.1495,644.00
5.728421,963.1919,633.00
5.728421,963.2344,648.00
5.728421,963.2768,623.00
5.728421,963.3193,652.00
5.728421,963.3616,614.00
5.728421,963.4041,662.00
5.728421,963.4465,600.00
5.728421,963.4889,655.00
5.728421,963.5314,622.00
5.728421,963.5737,641.00
5.728421,963.6161,621.00
5.728421,963.6585,632.00
5.728421,963.7009,579.00
5.728421,963.7433,629.00
5.728421,963.7856,608.00
5.728421,963.8280,666.00
5.728421,963.8704,596.00
5.728421,963.9127,673.00
5.728421,963.9551,630.00
5.728421,963.9974,624.00
5.728421,964.0397,633.00
5.728421,964.0820,662.00
5.728421,964.1244,608.00
5.728421,964.1667,667.00
5.728421,964.2090,592.00
5.728421,964.2513,642.00
5.728421,964.2936,613.00
5.728421,964.3359,674.00
5.728421,964.3782,607.00
5.728421,964.4205,630.00
5.728421,964.4627,587.00
5.728421,964.5050,654.00
5.728421,964.5472,577.00
5.728421,964.5895,661.00
5.728421,964.6317,629.00
5.728421,964.6740,643.00
5.728421,964.7162,627.00
5.728421,964.7585,614.00
5.728421,964.8007,590.00
5.728421,964.8429,614.00
5.728421,964.8851,595.00
5.728421,964.9273,663.00
5.728421,964.9695,579.00
5.728421,965.0118,619.00
5.728421,965.0539,623.00
5.728421,965.0961,621.00
5.728421,965.1382,649.00
5.728421,965.1805,653.00
5.728421,965.2226,593.00
5.728421,965.2648,669.00
5.728421,965.3069,590.00
5.728421,965.3491,636.00
5.728421,965.3912,610.00
5.728421,965.4333,650.00
5.728421,965.4755,620.00
5.728421,965.5176,621.00
5.728421,965.5598,576.00
5.728421,965.6019,681.00
5.728421,965.6439,597.00
5.728421,965.6861,640.00
5.728421,965.7281,578.00
5.728421,965.7702,614.00
5.728421,965.8123,582.00
5.728421,965.8543,598.00
5.728421,965.8964,594.00
5.728421,965.9385,639.00
5.728421,965.9806,567.00
5.728421,966.0226,637.00
5.728421,966.0647,577.00
5.728421,966.1068,601.00
5.728421,966.1487,627.00
5.728421,966.1907,615.00
5.728421,966.2328,592.00
5.728421,966.2748,650.00
5.728421,966.3168,632.00
5.728421,966.3588,623.00
5.728421,966.4008,575.00
5.728421,966.4427,640.00
5.728421,966.4848,601.00
5.728421,966.5268,622.00
5.728421,966.5688,611.00
5.728421,966.6107,635.00
5.728421,966.6526,592.00
5.728421,966.6946,640.00
5.728421,966.7366,553.00
5.728421,966.7785,655.00
5.728421,966.8204,611.00
5.728421,966.8624,630.00
5.728421,966.9042,610.00
5.728421,966.9462,620.00
5.728421,966.9881,585.00
5.728421,967.0300,621.00
5.728421,967.0719,573.00
5.728421,967.1138,665.00
5.728421,967.1556,606.00
5.728421,967.1976,670.00
5.728421,967.2394,628.00
5.728421,967.2813,612.00
5.728421,967.3232,598.00
5.728421,967.3651,627.00
5.728421,967.4070,537.00
5.728421,967.4488,642.00
5.728421,967.4906,588.00
5.728421,967.5324,689.00
5.728421,967.5743,637.00
5.728421,967.6161,664.00
5.728421,967.6579,625.00
5.728421,967.6997,640.00
5.728421,967.7415,592.00
5.728421,967.7833,664.00
5.728421,967.8251,606.00
5.728421,967.8669,652.00
5.728421,967.9087,624.00
5.728421,967.9504,632.00
5.728421,967.9922,614.00
5.728421,968.0339,635.00
5.728421,968.0757,592.00
5.728421,968.1174,656.00
5.728421,968.1592,578.00
5.728421,968.2009,661.00
5.728421,968.2427,571.00
5.728421,968.2844,644.00
5.728421,968.3262,654.00
5.728421,968.3679,603.00
5.728421,968.4095,608.00
5.728421,968.4512,647.00
5.728421,968.4930,572.00
5.728421,968.5347,687.00
5.728421,968.5763,595.00
5.728421,968.6180,662.00
5.728421,968.6597,587.00
5.728421,968.7014,646.00
5.728421,968.7430,613.00
5.728421,968.7846,655.00
5.728421,968.8263,575.00
5.728421,968.8679,649.00
5.728421,968.9095,597.00
5.728421,968.9512,692.00
5.728421,968.9928,651.00
5.728421,969.0344,641.00
5.728421,969.0761,634.00
5.728421,969.1177,622.00
5.728421,969.1592,600.00
5.728421,969.2009,645.00
5.728421,969.2424,608.00
5.728421,969.2839,651.00
5.728421,969.3255,579.00
5.728421,969.3672,662.00
5.728421,969.4087,612.00
5.728421,969.4503,660.00
5.728421,969.4918,583.00
5.728421,969.5333,625.00
5.728421,969.5749,591.00
5.728421,969.6165,638.00
5.728421,969.6580,608.00
5.728421,969.6995,655.00
5.728421,969.7410,638.00
5.728421,969.7825,659.00
5.728421,969.8240,609.00
5.728421,969.8655,632.00
5.728421,969.9070,565.00
5.728421,969.9484,659.00
5.728421,969.9899,569.00
5.728421,970.0314,634.00
5.728421,970.0728,630.00
5.728421,970.1143,632.00
5.728421,970.1558,645.00
5.728421,970.1971,632.00
5.728421,970.2386,561.00
5.728421,970.2801,613.00
5.728421,970.3215,560.00
5.728421,970.3629,644.00
5.728421,970.4044,582.00
5.728421,970.4457,666.00
5.728421,970.4872,620.00
5.728421,970.5286,610.00
5.728421,970.5699,590.00
5.728421,970.6113,643.00
5.728421,970.6527,583.00
5.728421,970.6941,632.00
5.728421,970.7354,617.00
5.728421,970.7768,601.00
5.728421,970.8182,633.00
5.728421,970.8595,605.00
5.728421,970.9009,590.00
5.728421,970.9422,584.00
5.728421,970.9835,574.00
5.728421,971.0248,626.00
5.728421,971.0662,568.00
5.728421,971.1075,621.00
5.728421,971.1487,578.00
5.728421,971.1901,627.00
5.728421,971.2314,583.00
5.728421,971.2727,610.00
5.728421,971.3140,560.00
5.728421,971.3552,617.00
5.728421,971.3965,563.00
5.728421,971.4377,615.00
5.728421,971.4789,591.00
5.728421,971.5203,604.00
5.728421,971.5615,598.00
5.728421,971.6027,621.00
5.728421,971.6439,589.00
5.728421,971.6852,593.00
5.728421,971.7264,570.00
5.728421,971.7676,635.00
5.728421,971.8088,568.00
5.728421,971.8500,606.00
5.728421,971.8912,596.00
5.728421,971.9324,647.00
5.728421,971.9736,623.00
5.728421,972.0148,604.00
5.728421,972.0560,591.00
5.728421,972.0972,636.00
5.728421,972.1384,585.00
5.728421,972.1794,639.00
5.728421,972.2206,564.00
5.728421,972.2617,597.00
5.728421,972.3029,586.00
5.728421,972.3439,588.00
5.728421,972.3851,585.00
5.728421,972.4262,584.00
5.728421,972.4673,522.00
5.728421,972.5085,645.00
5.728421,972.5496,574.00
5.728421,972.5907,608.00
5.728421,972.6317,564.00
5.728421,972.6729,581.00
5.728421,972.7139,558.00
5.728421,972.7549,595.00
5.728421,972.7961,560.00
5.728421,972.8371,624.00
5.728421,972.8781,574.00
5.728421,972.9191,647.00
5.728421,972.9602,583.00
5.728421,973.0013,612.00
5.728421,973.0423,594.00
5.728421,973.0833,587.00
5.728421,973.1243,551.00
5.728421,973.1653,603.00
5.728421,973.2064,518.00
5.728421,973.2473,627.00
5.728421,973.2883,571.00
5.728421,973.3293,601.00
5.728421,973.3703,549.00
5.728421,973.4113,623.00
5.728421,973.4522,597.00
5.728421,973.4931,621.00
5.728421,973.5341,574.00
5.728421,973.5750,624.00
5.728421,973.6160,589.00
5.728421,973.6570,640.00
5.728421,973.6978,586.00
5.728421,973.7388,601.00
5.728421,973.7797,562.00
5.728421,973.8206,616.00
5.728421,973.8615,576.00
5.728421,973.9024,609.00
5.728421,973.9433,578.00
5.728421,973.9842,643.00
5.728421,974.0250,580.00
5.728421,974.0660,622.00
5.728421,974.1068,598.00
5.728421,974.1476,615.00
5.728421,974.1885,563.00
5.728421,974.2294,620.00
5.728421,974.2702,573.00
5.728421,974.3110,651.00
5.728421,974.3519,611.00
5.728421,974.3927,643.00
5.728421,974.4335,622.00
5.728421,974.4743,618.00
5.728421,974.5151,579.00
5.728421,974.5559,657.00
5.728421,974.5967,565.00
5.728421,974.6375,659.00
5.728421,974.6783,573.00
5.728421,974.7191,661.00
5.728421,974.7598,642.00
5.728421,974.8006,648.00
5.728421,974.8413,613.00
5.728421,974.8821,596.00
5.728421,974.9229,590.00
5.728421,974.9636,647.00
5.728421,975.0043,598.00
5.728421,975.0450,664.00
5.728421,975.0858,606.00
5.728421,975.1265,645.00
5.728421,975.1672,625.00
5.728421,975.2079,631.00
5.728421,975.2485,596.00
5.728421,975.2892,653.00
5.728421,975.3300,614.00
5.728421,975.3706,666.00
5.728421,975.4113,611.00
5.728421,975.4519,664.00
5.728421,975.4926,660.00
5.728421,975.5333,647.00
5.728421,975.5739,611.00
5.728421,975.6146,639.00
5.728421,975.6552,578.00
5.728421,975.6958,666.00
5.728421,975.7363,607.00
5.728421,975.7770,661.00
5.728421,975.8176,633.00
5.728421,975.8582,661.00
5.728421,975.8989,633.00
5.728421,975.9395,629.00
5.728421,975.9800,634.00
5.728421,976.0206,648.00
5.728421,976.0611,622.00
5.728421,976.1017,678.00
5.728421,976.1423,614.00
5.728421,976.1829,627.00
5.728421,976.2234,618.00
5.728421,976.2639,625.00
5.728421,976.3044,589.00
5.728421,976.3450,629.00
5.728421,976.3855,577.00
5.728421,976.4260,639.00
5.728421,976.4665,640.00
5.728421,976.5070,628.00
5.728421,976.5475,622.00
5.728421,976.5880,646.00
5.728421,976.6285,599.00
5.728421,976.6690,652.00
5.728421,976.7095,568.00
5.728421,976.7500,669.00
5.728421,976.7905,591.00
5.728421,976.8308,655.00
5.728421,976.8713,608.00
5.728421,976.9117,622.00
5.728421,976.9521,616.00
5.728421,976.9926,623.00
5.728421,977.0330,589.00
5.728421,977.0734,658.00
5.728421,977.1139,583.00
5.728421,977.1542,640.00
5.728421,977.1947,577.00
5.728421,977.2350,652.00
5.728421,977.2755,603.00
5.728421,977.3158,601.00
5.728421,977.3562,566.00
5.728421,977.3965,630.00
5.728421,977.4370,578.00
5.728421,977.4773,653.00
5.728421,977.5176,588.00
5.728421,977.5579,597.00
5.728421,977.5983,561.00
5.728421,977.6387,621.00
5.728421,977.6790,572.00
5.728421,977.7192,608.00
5.728421,977.7595,566.00
5.728421,977.7999,662.00
5.728421,977.8402,604.00
5.728421,977.8805,600.00
5.728421,977.9208,564.00
5.728421,977.9610,613.00
5.728421,978.0013,551.00
5.728421,978.0417,598.00
5.728421,978.0819,532.00
5.728421,978.1221,604.00
5.728421,978.1624,544.00
5.728421,978.2026,591.00
5.728421,978.2428,557.00
5.728421,978.2831,610.00
5.728421,978.3233,600.00
5.728421,978.3635,576.00
5.728421,978.4037,561.00
5.728421,978.4440,608.00
5.728421,978.4842,559.00
5.728421,978.5244,610.00
5.728421,978.5645,570.00
5.728421,978.6047,590.00
5.728421,978.6449,552.00
5.728421,978.6851,605.00
5.728421,978.7253,543.00
5.728421,978.7654,593.00
5.728421,978.8055,549.00
5.728421,978.8458,594.00
5.728421,978.8859,520.00
5.728421,978.9260,613.00
5.728421,978.9661,574.00
5.728421,979.0062,556.00
5.728421,979.0463,529.00
5.728421,979.0864,584.00
5.728421,979.1266,514.00
5.728421,979.1666,609.00
5.728421,979.2067,540.00
5.728421,979.2469,586.00
5.728421,979.2869,572.00
5.728421,979.3270,591.00
5.728421,979.3671,584.00
5.728421,979.4071,596.00
5.728421,979.4471,525.00
5.728421,979.4871,602.00
5.728421,979.5272,513.00
5.728421,979.5673,616.00
5.728421,979.6072,578.00
5.728421,979.6473,602.00
5.728421,979.6873,571.00
5.728421,979.7273,578.00
5.728421,979.7673,542.00
5.728421,979.8073,591.00
5.728421,979.8473,531.00
5.728421,979.8873,611.00
5.728421,979.9273,567.00
5.728421,979.9673,609.00
5.728421,980.0072,577.00
5.728421,980.0471,595.00
5.728421,980.0872,571.00
5.728421,980.1271,563.00
5.728421,980.1671,558.00
5.728421,980.2069,612.00
5.728421,980.2469,569.00
5.728421,980.2868,611.00
5.728421,980.3267,565.00
5.728421,980.3666,621.00
5.728421,980.4065,606.00
5.728421,980.4464,594.00
5.728421,980.4863,555.00
5.728421,980.5262,596.00
5.728421,980.5660,560.00
5.728421,980.6060,639.00
5.728421,980.6458,551.00
5.728421,980.6857,595.00
5.728421,980.7255,574.00
5.728421,980.7654,594.00
5.728421,980.8052,551.00
5.728421,980.8450,585.00
5.728421,980.8849,545.00
5.728421,980.9247,599.00
5.728421,980.9645,577.00
5.728421,981.0043,617.00
5.728421,981.0441,602.00
5.728421,981.0839,624.00
5.728421,981.1237,581.00
5.728421,981.1635,602.00
5.728421,981.2033,510.00
5.728421,981.2430,611.00
5.728421,981.2828,514.00
5.728421,981.3226,604.00
5.728421,981.3624,565.00
5.728421,981.4021,577.00
5.728421,981.4418,557.00
5.728421,981.4816,571.00
5.728421,981.5213,544.00
5.728421,981.5610,604.00
5.728421,981.6008,550.00
5.728421,981.6404,630.00
5.728421,981.6802,559.00
5.728421,981.7198,576.00
5.728421,981.7596,568.00
5.728421,981.7993,595.00
5.728421,981.8389,535.00
5.728421,981.8786,583.00
5.728421,981.9182,506.00
5.728421,981.9579,594.00
5.728421,981.9976,539.00
5.728421,982.0372,579.00
5.728421,982.0768,525.00
5.728421,982.1165,537.00
5.728421,982.1561,539.00
5.728421,982.1958,545.00
5.728421,982.2354,521.00
5.728421,982.2750,580.00
5.728421,982.3146,518.00
5.728421,982.3541,601.00
5.728421,982.3937,558.00
5.728421,982.4333,562.00
5.728421,982.4730,578.00
5.728421,982.5125,573.00
5.728421,982.5521,540.00
5.728421,982.5917,581.00
5.728421,982.6312,497.00
5.728421,982.6707,591.00
5.728421,982.7103,572.00
5.728421,982.7498,600.00
5.728421,982.7893,538.00
5.728421,982.8289,550.00
5.728421,982.8683,491.00
5.728421,982.9079,550.00
5.728421,982.9474,528.00
5.728421,982.9869,589.00
5.728421,983.0264,495.00
5.728421,983.0659,591.00
5.728421,983.1053,567.00
5.728421,983.1448,572.00
5.728421,983.1843,552.00
5.728421,983.2238,583.00
5.728421,983.2632,545.00
5.728421,983.3027,607.00
5.728421,983.3420,572.00
5.728421,983.3816,576.00
5.728421,983.4210,553.00
5.728421,983.4604,596.00
5.728421,983.4998,563.00
5.728421,983.5392,548.00
5.728421,983.5786,534.00
5.728421,983.6180,574.00
5.728421,983.6574,510.00
5.728421,983.6968,593.00
5.728421,983.7361,560.00
5.728421,983.7755,591.00
5.728421,983.8149,529.00
5.728421,983.8543,561.00
5.728421,983.8936,546.00
5.728421,983.9329,576.00
5.728421,983.9723,509.00
5.728421,984.0116,580.00
5.728421,984.0510,556.00
5.728421,984.0903,607.00
5.728421,984.1296,566.00
5.728421,984.1689,592.00
5.728421,984.2083,572.00
5.728421,984.2476,582.00
5.728421,984.2868,541.00
5.728421,984.3261,563.00
5.728421,984.3654,512.00
5.728421,984.4046,590.00
5.728421,984.4440,553.00
5.728421,984.4832,586.00
5.728421,984.5225,517.00
5.728421,984.5616,556.00
5.728421,984.6010,509.00
5.728421,984.6402,550.00
5.728421,984.6794,507.00
5.728421,984.7186,622.00
5.728421,984.7578,570.00
5.728421,984.7970,586.00
5.728421,984.8362,555.00
5.728421,984.8755,541.00
5.728421,984.9146,547.00
5.728421,984.9538,581.00
5.728421,984.9930,521.00
5.728421,985.0322,603.00
5.728421,985.0714,544.00
5.728421,985.1105,559.00
5.728421,985.1497,558.00
5.728421,985.1888,548.00
5.728421,985.2279,517.00
5.728421,985.2671,564.00
5.728421,985.3062,525.00
5.728421,985.3453,549.00
5.728421,985.3845,524.00
5.728421,985.4236,570.00
5.728421,985.4626,528.00
5.728421,985.5017,628.00
5.728421,985.5408,592.00
5.728421,985.5799,600.00
5.728421,985.6190,515.00
5.728421,985.6581,578.00
5.728421,985.6971,526.00
5.728421,985.7362,580.00
5.728421,985.7752,554.00
5.728421,985.8143,569.00
5.728421,985.8533,535.00
5.728421,985.8924,571.00
5.728421,985.9314,526.00
5.728421,985.9704,561.00
5.728421,986.0094,530.00
5.728421,986.0484,595.00
5.728421,986.0875,521.00
5.728421,986.1265,605.00
5.728421,986.1655,522.00
5.728421,986.2044,547.00
5.728421,986.2434,547.00
5.728421,986.2823,552.00
5.728421,986.3214,490.00
5.728421,986.3603,555.00
5.728421,986.3992,501.00
5.728421,986.4382,551.00
5.728421,986.4771,524.00
5.728421,986.5161,581.00
5.728421,986.5550,561.00
5.728421,986.5939,548.00
5.728421,986.6329,519.00
5.728421,986.6718,544.00
5.728421,986.7106,504.00
5.728421,986.7495,578.00
5.728421,986.7884,516.00
5.728421,986.8273,573.00
5.728421,986.8661,534.00
5.728421,986.9050,554.00
5.728421,986.9438,523.00
5.728421,986.9828,548.00
5.728421,987.0216,514.00
5.728421,987.0605,565.00
5.728421,987.0993,513.00
5.728421,987.1381,561.00
5.728421,987.1769,530.00
5.728421,987.2158,519.00
5.728421,987.2546,538.00
5.728421,987.2934,562.00
5.728421,987.3322,492.00
5.728421,987.3710,547.00
5.728421,987.4097,497.00
5.728421,987.4486,543.00
5.728421,987.4873,497.00
5.728421,987.5261,550.00
5.728421,987.5649,527.00
5.728421,987.6036,538.00
5.728421,987.6423,499.00
5.728421,987.6812,546.00
5.728421,987.7198,467.00
5.728421,987.7586,569.00
5.728421,987.7972,541.00
5.728421,987.8361,553.00
5.728421,987.8748,519.00
5.728421,987.9135,561.00
5.728421,987.9521,514.00
5.728421,987.9908,544.00
5.728421,988.0295,492.00
5.728421,988.0681,557.00
5.728421,988.1069,476.00
5.728421,988.1456,591.00
5.728421,988.1842,560.00
5.728421,988.2228,562.00
5.728421,988.2615,528.00
5.728421,988.3002,552.00
5.728421,988.3388,465.00
5.728421,988.3774,528.00
5.728421,988.4160,483.00
5.728421,988.4546,564.00
5.728421,988.4933,546.00
5.728421,988.5319,518.00
5.728421,988.5704,546.00
5.728421,988.6090,505.00
5.728421,988.6476,484.00
5.728421,988.6862,561.00
5.728421,988.7248,485.00
5.728421,988.7634,571.00
5.728421,988.8019,480.00
5.728421,988.8405,536.00
5.728421,988.8790,530.00
5.728421,988.9176,544.00
5.728421,988.9561,495.00
5.728421,988.9946,504.00
5.728421,989.0332,502.00
5.728421,989.0717,529.00
5.728421,989.1102,472.00
5.728421,989.1487,543.00
5.728421,989.1871,504.00
5.728421,989.2256,519.00
5.728421,989.2641,540.00
5.728421,989.3027,514.00
5.728421,989.3411,533.00
5.728421,989.3795,578.00
5.728421,989.4180,469.00
5.728421,989.4565,524.00
5.728421,989.4949,493.00
5.728421,989.5334,524.00
5.728421,989.5718,511.00
5.728421,989.6102,504.00
5.728421,989.6486,518.00
5.728421,989.6871,542.00
5.728421,989.7255,494.00
5.728421,989.7639,543.00
5.728421,989.8022,500.00
5.728421,989.8407,541.00
5.728421,989.8791,509.00
5.728421,989.9174,537.00
5.728421,989.9558,475.00
5.728421,989.9941,542.00
5.728421,990.0325,482.00
5.728421,990.0709,560.00
5.728421,990.1093,476.00
5.728421,990.1475,537.00
5.728421,990.1859,545.00
5.728421,990.2242,533.00
5.728421,990.2626,516.00
5.728421,990.3008,554.00
5.728421,990.3391,496.00
5.728421,990.3774,574.00
5.728421,990.4157,516.00
5.728421,990.4540,538.00
5.728421,990.4924,489.00
5.728421,990.5306,550.00
5.728421,990.5688,517.00
5.728421,990.6071,554.00
5.728421,990.6454,525.00
5.728421,990.6837,564.00
5.728421,990.7219,445.00
5.728421,990.7601,554.00
5.728421,990.7983,513.00
5.728421,990.8365,580.00
5.728421,990.8748,520.00
5.728421,990.9130,548.00
5.728421,990.9512,517.00
5.728421,990.9893,576.00
5.728421,991.0276,498.00
5.728421,991.0658,530.00
5.728421,991.1039,498.00
5.728421,991.1421,540.00
5.728421,991.1802,554.00
5.728421,991.2184,541.00
5.728421,991.2565,509.00
5.728421,991.2947,553.00
5.728421,991.3329,484.00
5.728421,991.3710,557.00
5.728421,991.4091,512.00
5.728421,991.4473,592.00
5.728421,991.4854,500.00
5.728421,991.5234,582.00
5.728421,991.5616,552.00
5.728421,991.5997,536.00
5.728421,991.6378,522.00
5.728421,991.6758,594.00
5.728421,991.7139,485.00
5.728421,991.7520,566.00
5.728421,991.7900,514.00
5.728421,991.8282,555.00
5.728421,991.8661,529.00
5.728421,991.9042,556.00
5.728421,991.9422,533.00
5.728421,991.9803,553.00
5.728421,992.0182,491.00
5.728421,992.0563,592.00
5.728421,992.0944,498.00
5.728421,992.1323,580.00
5.728421,992.1703,514.00
5.728421,992.2084,547.00
5.728421,992.2463,534.00
5.728421,992.2844,567.00
5.728421,992.3223,534.00
5.728421,992.3602,581.00
5.728421,992.3982,511.00
5.728421,992.4362,591.00
5.728421,992.4741,543.00
5.728421,992.5120,569.00
5.728421,992.5500,554.00
5.728421,992.5879,543.00
5.728421,992.6259,547.00
5.728421,992.6638,577.00
5.728421,992.7017,536.00
5.728421,992.7396,577.00
5.728421,992.7775,537.00
5.728421,992.8154,579.00
5.728421,992.8533,544.00
5.728421,992.8912,530.00
5.728421,992.9290,536.00
5.728421,992.9669,560.00
5.728421,993.0048,545.00
5.728421,993.0426,562.00
5.728421,993.0804,521.00
5.728421,993.1183,550.00
5.728421,993.1561,542.00
5.728421,993.1940,564.00
5.728421,993.2318,531.00
5.728421,993.2696,542.00
5.728421,993.3074,493.00
5.728421,993.3452,593.00
5.728421,993.3830,526.00
5.728421,993.4208,579.00
5.728421,993.4586,521.00
5.728421,993.4963,548.00
5.728421,993.5341,524.00
5.728421,993.5719,541.00
5.728421,993.6096,507.00
5.728421,993.6474,576.00
5.728421,993.6851,494.00
5.728421,993.7228,520.00
5.728421,993.7606,560.00
5.728421,993.7984,547.00
5.728421,993.8361,524.00
5.728421,993.8738,577.00
5.728421,993.9115,538.00
5.728421,993.9492,568.00
5.728421,993.9869,499.00
5.728421,994.0245,574.00
5.728421,994.0622,526.00
5.728421,994.0999,575.00
5.728421,994.1376,534.00
5.728421,994.1753,545.00
5.728421,994.2130,527.00
5.728421,994.2505,545.00
5.728421,994.2881,507.00
5.728421,994.3258,597.00
5.728421,994.3634,500.00
5.728421,994.4010,579.00
5.728421,994.4387,500.00
5.728421,994.4763,575.00
5.728421,994.5139,540.00
5.728421,994.5515,512.00
5.728421,994.5891,507.00
5.728421,994.6266,530.00
5.728421,994.6642,499.00
5.728421,994.7018,534.00
5.728421,994.7393,510.00
5.728421,994.7769,571.00
5.728421,994.8145,509.00
5.728421,994.8521,531.00
5.728421,994.8895,505.00
5.728421,994.9271,567.00
5.728421,994.9647,475.00
5.728421,995.0022,524.00
5.728421,995.0397,499.00
5.728421,995.0771,536.00
5.728421,995.1146,513.00
5.728421,995.1522,513.00
5.728421,995.1896,494.00
5.728421,995.2271,535.00
5.728421,995.2646,466.00
5.728421,995.3021,524.00
5.728421,995.3396,512.00
5.728421,995.3770,535.00
5.728421,995.4145,491.00
5.728421,995.4518,573.00
5.728421,995.4893,528.00
5.728421,995.5267,510.00
5.728421,995.5641,519.00
5.728421,995.6016,543.00
5.728421,995.6390,472.00
5.728421,995.6765,530.00
5.728421,995.7138,497.00
5.728421,995.7512,529.00
5.728421,995.7886,507.00
5.728421,995.8260,514.00
5.728421,995.8633,491.00
5.728421,995.9007,512.00
5.728421,995.9380,474.00
5.728421,995.9754,525.00
5.728421,996.0128,477.00
5.728421,996.0501,557.00
5.728421,996.0874,520.00
5.728421,996.1248,541.00
5.728421,996.1621,504.00
5.728421,996.1994,554.00
5.728421,996.2367,500.00
5.728421,996.2740,518.00
5.728421,996.3113,508.00
5.728421,996.3486,566.00
5.728421,996.3859,541.00
5.728421,996.4232,556.00
5.728421,996.4604,541.00
5.728421,996.4977,542.00
5.728421,996.5350,485.00
5.728421,996.5722,518.00
5.728421,996.6094,482.00
5.728421,996.6466,576.00
5.728421,996.6838,525.00
5.728421,996.7211,560.00
5.728421,996.7583,523.00
5.728421,996.7955,549.00
5.728421,996.8327,522.00
5.728421,996.8700,556.00
5.728421,996.9072,514.00
5.728421,996.9443,515.00
5.728421,996.9815,502.00
5.728421,997.0187,573.00
5.728421,997.0558,530.00
5.728421,997.0930,545.00
5.728421,997.1301,545.00
5.728421,997.1672,573.00
5.728421,997.2045,508.00
5.728421,997.2416,551.00
5.728421,997.2787,508.00
5.728421,997.3158,604.00
5.728421,997.3530,510.00
5.728421,997.3900,548.00
5.728421,997.4271,527.00
5.728421,997.4642,546.00
5.728421,997.5013,532.00
5.728421,997.5384,545.00
5.728421,997.5754,488.00
5.728421,997.6126,575.00
5.728421,997.6497,493.00
5.728421,997.6867,572.00
5.728421,997.7238,508.00
5.728421,997.7607,586.00
5.728421,997.7978,517.00
5.728421,997.8348,560.00
5.728421,997.8718,530.00
5.728421,997.9088,548.00
5.728421,997.9458,499.00
5.728421,997.9829,592.00
5.728421,998.0200,550.00
5.728421,998.0569,557.00
5.728421,998.0939,522.00
5.728421,998.1309,543.00
5.728421,998.1678,510.00
5.728421,998.2048,555.00
5.728421,998.2417,512.00
5.728421,998.2786,599.00
5.728421,998.3156,507.00
5.728421,998.3525,581.00
5.728421,998.3896,525.00
5.728421,998.4265,544.00
5.728421,998.4633,515.00
5.728421,998.5003,563.00
5.728421,998.5372,504.00
5.728421,998.5740,556.00
5.728421,998.6110,498.00
5.728421,998.6478,579.00
5.728421,998.6847,535.00
5.728421,998.7217,562.00
5.728421,998.7585,520.00
5.728421,998.7953,509.00
5.728421,998.8322,477.00
5.728421,998.8691,561.00
5.728421,998.9059,489.00
5.728421,998.9427,586.00
5.728421,998.9795,508.00
5.728421,999.0163,554.00
5.728421,999.0531,524.00
5.728421,999.0899,530.00
5.728421,999.1267,507.00
5.728421,999.1636,562.00
5.728421,999.2004,505.00
5.728421,999.2372,584.00
5.728421,999.2739,521.00
5.728421,999.3107,573.00
5.728421,999.3474,547.00
5.728421,999.3842,512.00
5.728421,999.4210,510.00
5.728421,999.4576,552.00
5.728421,999.4946,468.00
5.728421,999.5312,551.00
5.728421,999.5680,500.00
5.728421,999.6047,517.00
5.728421,999.6414,496.00
5.728421,999.6780,530.00
5.728421,999.7147,511.00
5.728421,999.7515,508.00
5.728421,999.7881,458.00
5.728421,999.8248,536.00
5.728421,999.8614,469.00
5.728421,999.8981,565.00
5.728421,999.9349,466.00
5.728421,999.9715,557.00
5.728421,1000.0081,544.00
5.728421,1000.0447,504.00
5.728421,1000.0814,504.00
5.728421,1000.1180,531.00
5.728421,1000.1546,472.00
5.728421,1000.1912,534.00
5.728421,1000.2278,464.00
5.728421,1000.2645,520.00
5.728421,1000.3011,531.00
5.728421,1000.3377,518.00
5.728421,1000.3742,487.00
5.728421,1000.4108,498.00
5.728421,1000.4474,460.00
5.728421,1000.4839,533.00
5.728421,1000.5204,497.00
5.728421,1000.5570,555.00
5.728421,1000.5935,491.00
5.728421,1000.6301,508.00
5.728421,1000.6667,462.00
5.728421,1000.7032,500.00
5.728421,1000.7397,477.00
5.728421,1000.7762,539.00
5.728421,1000.8127,450.00
5.728421,1000.8492,545.00
5.728421,1000.8857,506.00
5.728421,1000.9222,468.00
5.728421,1000.9586,483.00
5.728421,1000.9951,509.00
5.728421,1001.0316,496.00
5.728421,1001.0681,539.00
5.728421,1001.1046,450.00
5.728421,1001.1410,525.00
5.728421,1001.1774,496.00
5.728421,1001.2138,530.00
5.728421,1001.2502,517.00
5.728421,1001.2866,505.00
5.728421,1001.3230,488.00
5.728421,1001.3594,516.00
5.728421,1001.3958,481.00
5.728421,1001.4323,538.00
5.728421,1001.4687,474.00
5.728421,1001.5051,540.00
5.728421,1001.5414,526.00
5.728421,1001.5778,510.00
5.728421,1001.6141,489.00
5.728421,1001.6505,519.00
5.728421,1001.6868,434.00
5.728421,1001.7231,533.00
5.728421,1001.7596,473.00
5.728421,1001.7958,492.00
5.728421,1001.8322,475.00
5.728421,1001.8685,495.00
5.728421,1001.9048,476.00
5.728421,1001.9411,498.00
5.728421,1001.9774,464.00
5.728421,1002.0136,479.00
5.728421,1002.0499,467.00
5.728421,1002.0862,534.00
5.728421,1002.1224,437.00
5.728421,1002.1587,534.00
5.728421,1002.1951,483.00
5.728421,1002.2313,541.00
5.728421,1002.2675,517.00
5.728421,1002.3038,514.00
5.728421,1002.3400,463.00
5.728421,1002.3762,499.00
5.728421,1002.4124,494.00
5.728421,1002.4486,506.00
5.728421,1002.4848,471.00
5.728421,1002.5211,535.00
5.728421,1002.5573,481.00
5.728421,1002.5934,525.00
5.728421,1002.6296,477.00
5.728421,1002.6657,505.00
5.728421,1002.7019,463.00
5.728421,1002.7380,542.00
5.728421,1002.7742,504.00
5.728421,1002.8104,524.00
5.728421,1002.8464,470.00
5.728421,1002.8826,517.00
5.728421,1002.9187,461.00
5.728421,1002.9549,514.00
5.728421,1002.9910,474.00
5.728421,1003.0271,559.00
5.728421,1003.0632,468.00
5.728421,1003.0992,550.00
5.728421,1003.1354,493.00
5.728421,1003.1714,517.00
5.728421,1003.2075,535.00
5.728421,1003.2435,502.00
5.728421,1003.2797,471.00
5.728421,1003.3157,546.00
5.728421,1003.3518,492.00
5.728421,1003.3878,581.00
5.728421,1003.4238,501.00
5.728421,1003.4598,507.00
5.728421,1003.4958,517.00
5.728421,1003.5319,504.00
5.728421,1003.5678,470.00
5.728421,1003.6039,556.00
5.728421,1003.6398,463.00
5.728421,1003.6759,538.00
5.728421,1003.7119,522.00
5.728421,1003.7479,519.00
5.728421,1003.7838,488.00
5.728421,1003.8198,497.00
5.728421,1003.8557,489.00
5.728421,1003.8917,563.00
5.728421,1003.9276,425.00
5.728421,1003.9635,510.00
5.728421,1003.9995,470.00
5.728421,1004.0354,528.00
5.728421,1004.0714,505.00
5.728421,1004.1072,510.00
5.728421,1004.1431,489.00
5.728421,1004.1790,485.00
5.728421,1004.2149,424.00
5.728421,1004.2508,508.00
5.728421,1004.2866,431.00
5.728421,1004.3225,546.00
5.728421,1004.3583,518.00
5.728421,1004.3942,514.00
5.728421,1004.4302,472.00
5.728421,1004.4660,487.00
5.728421,1004.5018,453.00
5.728421,1004.5376,531.00
5.728421,1004.5734,465.00
5.728421,1004.6093,532.00
5.728421,1004.6450,497.00
5.728421,1004.6808,512.00
5.728421,1004.7166,491.00
5.728421,1004.7525,500.00
5.728421,1004.7883,462.00
5.728421,1004.8240,514.00
5.728421,1004.8598,476.00
5.728421,1004.8956,547.00
5.728421,1004.9313,458.00
5.728421,1004.9670,551.00
5.728421,1005.0027,493.00
5.728421,1005.0385,486.00
5.728421,1005.0742,469.00
5.728421,1005.1099,533.00
5.728421,1005.1456,497.00
5.728421,1005.1815,542.00
5.728421,1005.2172,465.00
5.728421,1005.2529,498.00
5.728421,1005.2885,496.00
5.728421,1005.3242,508.00
5.728421,1005.3599,493.00
5.728421,1005.3955,526.00
5.728421,1005.4312,513.00
5.728421,1005.4669,538.00
5.728421,1005.5026,476.00
5.728421,1005.5382,574.00
5.728421,1005.5739,525.00
5.728421,1005.6095,530.00
5.728421,1005.6451,523.00
5.728421,1005.6807,494.00
5.728421,1005.7162,519.00
5.728421,1005.7519,508.00
5.728421,1005.7875,473.00
5.728421,1005.8231,575.00
5.728421,1005.8586,473.00
5.728421,1005.8942,519.00
5.728421,1005.9299,504.00
5.728421,1005.9655,512.00
5.728421,1006.0010,507.00
5.728421,1006.0365,552.00
5.728421,1006.0720,489.00
5.728421,1006.1076,530.00
5.728421,1006.1431,508.00
5.728421,1006.1786,557.00
5.728421,1006.2141,522.00
5.728421,1006.2498,544.00
5.728421,1006.2853,529.00
5.728421,1006.3207,524.00
5.728421,1006.3563,508.00
5.728421,1006.3917,557.00
5.728421,1006.4272,478.00
5.728421,1006.4626,568.00
5.728421,1006.4981,526.00
5.728421,1006.5335,536.00
5.728421,1006.5690,548.00
5.728421,1006.6044,551.00
5.728421,1006.6400,506.00
5.728421,1006.6754,541.00
5.728421,1006.7108,496.00
5.728421,1006.7462,558.00
5.728421,1006.7816,483.00
5.728421,1006.8170,563.00
5.728421,1006.8524,510.00
5.728421,1006.8878,546.00
5.728421,1006.9232,519.00
5.728421,1006.9586,555.00
5.728421,1006.9940,471.00
5.728421,1007.0294,519.00
5.728421,1007.0648,495.00
5.728421,1007.1001,569.00
5.728421,1007.1354,531.00
5.728421,1007.1707,555.00
5.728421,1007.2061,557.00
5.728421,1007.2414,551.00
5.728421,1007.2767,504.00
5.728421,1007.3120,581.00
5.728421,1007.3473,491.00
5.728421,1007.3827,566.00
5.728421,1007.4180,537.00
5.728421,1007.4532,558.00
5.728421,1007.4885,520.00
5.728421,1007.5238,555.00
5.728421,1007.5590,521.00
5.728421,1007.5943,552.00
5.728421,1007.6295,471.00
5.728421,1007.6648,590.00
5.728421,1007.7001,507.00
5.728421,1007.7354,546.00
5.728421,1007.7706,522.00
5.728421,1007.8058,563.00
5.728421,1007.8410,523.00
5.728421,1007.8762,561.00
5.728421,1007.9114,487.00
5.728421,1007.9465,547.00
5.728421,1007.9818,539.00
5.728421,1008.0169,551.00
5.728421,1008.0521,512.00
5.728421,1008.0873,551.00
5.728421,1008.1226,487.00
5.728421,1008.1576,493.00
5.728421,1008.1927,483.00
5.728421,1008.2279,530.00
5.728421,1008.2631,465.00
5.728421,1008.2982,533.00
5.728421,1008.3333,548.00
5.728421,1008.3683,539.00
5.728421,1008.4034,539.00
5.728421,1008.4387,492.00
5.728421,1008.4738,496.00
5.728421,1008.5089,518.00
5.728421,1008.5439,471.00
5.728421,1008.5790,595.00
5.728421,1008.6141,506.00
5.728421,1008.6491,508.00
5.728421,1008.6841,499.00
5.728421,1008.7192,515.00
5.728421,1008.7542,505.00
5.728421,1008.7892,531.00
5.728421,1008.8243,480.00
5.728421,1008.8594,551.00
5.728421,1008.8943,503.00
5.728421,1008.9294,526.00
5.728421,1008.9644,499.00
5.728421,1008.9994,522.00
5.728421,1009.0344,487.00
5.728421,1009.0693,493.00
5.728421,1009.1043,477.00
5.728421,1009.1392,565.00
5.728421,1009.1743,465.00
5.728421,1009.2093,535.00
5.728421,1009.2442,480.00
5.728421,1009.2792,526.00
5.728421,1009.3141,468.00
5.728421,1009.3489,516.00
5.728421,1009.3839,423.00
5.728421,1009.4188,544.00
5.728421,1009.4537,467.00
5.728421,1009.4886,562.00
5.728421,1009.5235,502.00
5.728421,1009.5585,523.00
5.728421,1009.5933,516.00
5.728421,1009.6282,513.00
5.728421,1009.6631,487.00
5.728421,1009.6979,525.00
5.728421,1009.7327,475.00
5.728421,1009.7676,510.00
5.728421,1009.8024,462.00
5.728421,1009.8372,533.00
5.728421,1009.8721,472.00
5.728421,1009.9070,497.00
5.728421,1009.9418,467.00
5.728421,1009.9766,481.00
5.728421,1010.0115,470.00
5.728421,1010.0462,488.00
5.728421,1010.0810,440.00
5.728421,1010.1158,547.00
5.728421,1010.1505,510.00
5.728421,1010.1853,495.00
5.728421,1010.2200,472.00
5.728421,1010.2548,502.00
5.728421,1010.2897,489.00
5.728421,1010.3244,531.00
5.728421,1010.3591,477.00
5.728421,1010.3938,516.00
5.728421,1010.4285,487.00
5.728421,1010.4633,486.00
5.728421,1010.4980,485.00
5.728421,1010.5326,470.00
5.728421,1010.5673,468.00
5.728421,1010.6021,517.00
5.728421,1010.6368,453.00
5.728421,1010.6714,484.00
5.728421,1010.7061,457.00
5.728421,1010.7408,514.00
5.728421,1010.7754,484.00
5.728421,1010.8101,484.00
5.728421,1010.8447,502.00
5.728421,1010.8793,518.00
5.728421,1010.9139,461.00
5.728421,1010.9485,552.00
5.728421,1010.9832,448.00
5.728421,1011.0178,515.00
5.728421,1011.0525,497.00
5.728421,1011.0870,512.00
5.728421,1011.1216,476.00
5.728421,1011.1562,482.00
5.728421,1011.1907,499.00
5.728421,1011.2253,512.00
5.728421,1011.2599,426.00
5.728421,1011.2944,530.00
5.728421,1011.3291,469.00
5.728421,1011.3636,527.00
5.728421,1011.3981,504.00
5.728421,1011.4326,491.00
5.728421,1011.4672,475.00
5.728421,1011.5016,504.00
5.728421,1011.5362,459.00
5.728421,1011.5706,498.00
5.728421,1011.6052,451.00
5.728421,1011.6396,501.00
5.728421,1011.6741,458.00
5.728421,1011.7086,517.00
5.728421,1011.7431,477.00
5.728421,1011.7776,493.00
5.728421,1011.8120,462.00
5.728421,1011.8465,539.00
5.728421,1011.8809,448.00
5.728421,1011.9153,524.00
5.728421,1011.9498,464.00
5.728421,1011.9842,483.00
5.728421,1012.0186,459.00
5.728421,1012.0531,498.00
5.728421,1012.0875,466.00
5.728421,1012.1219,514.00
5.728421,1012.1562,461.00
5.728421,1012.1906,501.00
5.728421,1012.2250,431.00
5.728421,1012.2593,519.00
5.728421,1012.2937,495.00
5.728421,1012.3281,502.00
5.728421,1012.3624,444.00
5.728421,1012.3967,477.00
5.728421,1012.4310,423.00
5.728421,1012.4655,509.00
5.728421,1012.4998,447.00
5.728421,1012.5341,548.00
5.728421,1012.5684,484.00
5.728421,1012.6027,553.00
5.728421,1012.6370,478.00
5.728421,1012.6712,473.00
5.728421,1012.7055,464.00
5.728421,1012.7398,524.00
5.728421,1012.7742,436.00
5.728421,1012.8084,477.00
5.728421,1012.8427,454.00
5.728421,1012.8769,486.00
5.728421,1012.9111,496.00
5.728421,1012.9454,488.00
5.728421,1012.9796,498.00
5.728421,1013.0138,485.00
5.728421,1013.0480,393.00
5.728421,1013.0822,510.00
5.728421,1013.1164,436.00
5.728421,1013.1506,521.00
5.728421,1013.1848,466.00
5.728421,1013.2190,502.00
5.728421,1013.2532,497.00
5.728421,1013.2873,468.00
5.728421,1013.3215,470.00
5.728421,1013.3556,513.00
5.728421,1013.3898,453.00
5.728421,1013.4239,506.00
5.728421,1013.4581,490.00
5.728421,1013.4923,485.00
5.728421,1013.5264,510.00
5.728421,1013.5605,494.00
5.728421,1013.5946,517.00
5.728421,1013.6287,525.00
5.728421,1013.6627,502.00
5.728421,1013.6968,537.00
5.728421,1013.7309,455.00
5.728421,1013.7650,474.00
5.728421,1013.7990,494.00
5.728421,1013.8331,491.00
5.728421,1013.8672,482.00
5.728421,1013.9012,507.00
5.728421,1013.9353,439.00
5.728421,1013.9693,541.00
5.728421,1014.0033,451.00
5.728421,1014.0374,541.00
5.728421,1014.0714,515.00
5.728421,1014.1053,495.00
5.728421,1014.1393,530.00
5.728421,1014.1734,539.00
5.728421,1014.2074,468.00
5.728421,1014.2413,543.00
5.728421,1014.2753,499.00
5.728421,1014.3093,555.00
5.728421,1014.3433,503.00
5.728421,1014.3772,536.00
5.728421,1014.4111,547.00
5.728421,1014.4451,519.00
5.728421,1014.4790,485.00
5.728421,1014.5129,523.00
5.728421,1014.5468,480.00
5.728421,1014.5808,559.00
5.728421,1014.6147,503.00
5.728421,1014.6486,530.00
5.728421,1014.6825,511.00
5.728421,1014.7164,536.00
5.728421,1014.7502,499.00
5.728421,1014.7841,525.00
5.728421,1014.8180,521.00
5.728421,1014.8518,531.00
5.728421,1014.8858,500.00
5.728421,1014.9196,583.00
5.728421,1014.9534,512.00
5.728421,1014.9872,538.00
5.728421,1015.0211,511.00
5.728421,1015.0549,532.00
5.728421,1015.0887,479.00
5.728421,1015.1224,544.00
5.728421,1015.1562,507.00
5.728421,1015.1900,563.00
5.728421,1015.2238,490.00
5.728421,1015.2575,519.00
5.728421,1015.2914,528.00
5.728421,1015.3252,553.00
5.728421,1015.3589,483.00
5.728421,1015.3927,509.00
5.728421,1015.4265,475.00
5.728421,1015.4601,572.00
5.728421,1015.4938,494.00
5.728421,1015.5276,565.00
5.728421,1015.5613,542.00
5.728421,1015.5952,551.00
5.728421,1015.6288,494.00
5.728421,1015.6625,513.00
5.728421,1015.6962,484.00
5.728421,1015.7299,589.00
5.728421,1015.7635,483.00
5.728421,1015.7972,539.00
5.728421,1015.8308,526.00
5.728421,1015.8645,524.00
5.728421,1015.8981,528.00
5.728421,1015.9317,495.00
5.728421,1015.9655,489.00
5.728421,1015.9991,563.00
5.728421,1016.0327,508.00
5.728421,1016.0663,584.00
5.728421,1016.0999,531.00
5.728421,1016.1335,562.00
5.728421,1016.1671,537.00
5.728421,1016.2006,536.00
5.728421,1016.2342,512.00
5.728421,1016.2679,557.00
5.728421,1016.3015,485.00
5.728421,1016.3350,550.00
5.728421,1016.3686,496.00
5.728421,1016.4021,544.00
5.728421,1016.4357,500.00
5.728421,1016.4691,552.00
5.728421,1016.5027,529.00
5.728421,1016.5362,544.00
5.728421,1016.5696,472.00
5.728421,1016.6032,568.00
5.728421,1016.6367,492.00
5.728421,1016.6703,566.00
5.728421,1016.7038,522.00
5.728421,1016.7372,532.00
5.728421,1016.7707,520.00
5.728421,1016.8041,546.00
5.728421,1016.8376,531.00
5.728421,1016.8710,569.00
5.728421,1016.9045,474.00
5.728421,1016.9379,572.00
5.728421,1016.9715,493.00
5.728421,1017.0049,563.00
5.728421,1017.0383,558.00
5.728421,1017.0717,521.00
5.728421,1017.1050,526.00
5.728421,1017.1384,538.00
5.728421,1017.1718,477.00
5.728421,1017.2052,543.00
5.728421,1017.2386,490.00
5.728421,1017.2720,555.00
5.728421,1017.3053,559.00
5.728421,1017.3387,526.00
5.728421,1017.3721,487.00
5.728421,1017.4054,533.00
5.728421,1017.4388,473.00
5.728421,1017.4721,547.00
5.728421,1017.5054,513.00
5.728421,1017.5387,555.00
5.728421,1017.5720,544.00
5.728421,1017.6053,526.00
5.728421,1017.6386,543.00
5.728421,1017.6720,532.00
5.728421,1017.7053,499.00
5.728421,1017.7385,566.00
5.728421,1017.7717,513.00
5.728421,1017.8051,551.00
5.728421,1017.8383,530.00
5.728421,1017.8715,595.00
5.728421,1017.9048,583.00
5.728421,1017.9380,538.00
5.728421,1017.9712,527.00
5.728421,1018.0044,557.00
5.728421,1018.0376,483.00
5.728421,1018.0709,563.00
5.728421,1018.1041,547.00
5.728421,1018.1373,585.00
5.728421,1018.1705,560.00
5.728421,1018.2037,563.00
5.728421,1018.2368,527.00
5.728421,1018.2700,541.00
5.728421,1018.3032,500.00
5.728421,1018.3363,600.00
5.728421,1018.3695,511.00
5.728421,1018.4026,619.00
5.728421,1018.4358,574.00
5.728421,1018.4689,558.00
5.728421,1018.5020,566.00
5.728421,1018.5352,551.00
5.728421,1018.5682,507.00
5.728421,1018.6013,553.00
5.728421,1018.6343,535.00
5.728421,1018.6675,583.00
5.728421,1018.7006,515.00
5.728421,1018.7337,577.00
5.728421,1018.7668,582.00
5.728421,1018.7998,539.00
5.728421,1018.8328,541.00
5.728421,1018.8658,541.00
5.728421,1018.8989,508.00
5.728421,1018.9319,583.00
5.728421,1018.9650,529.00
5.728421,1018.9980,582.00
5.728421,1019.0311,564.00
5.728421,1019.0641,612.00
5.728421,1019.0970,505.00
5.728421,1019.1301,572.00
5.728421,1019.1631,541.00
5.728421,1019.1960,582.00
5.728421,1019.2289,502.00
5.728421,1019.2618,594.00
5.728421,1019.2949,514.00
5.728421,1019.3278,568.00
5.728421,1019.3607,555.00
5.728421,1019.3936,547.00
5.728421,1019.4268,473.00
5.728421,1019.4596,585.00
5.728421,1019.4925,518.00
5.728421,1019.5255,547.00
5.728421,1019.5583,531.00
5.728421,1019.5912,584.00
5.728421,1019.6240,532.00
5.728421,1019.6569,569.00
5.728421,1019.6898,523.00
5.728421,1019.7227,541.00
5.728421,1019.7556,468.00
5.728421,1019.7885,558.00
5.728421,1019.8213,496.00
5.728421,1019.8541,587.00
5.728421,1019.8870,510.00
5.728421,1019.9198,524.00
5.728421,1019.9525,509.00
5.728421,1019.9854,516.00
5.728421,1020.0182,515.00
5.728421,1020.0509,573.00
5.728421,1020.0837,550.00
5.728421,1020.1167,554.00
5.728421,1020.1494,538.00
5.728421,1020.1823,549.00
5.728421,1020.2149,506.00
5.728421,1020.2477,545.00
5.728421,1020.2805,505.00
5.728421,1020.3132,529.00
5.728421,1020.3459,516.00
5.728421,1020.3787,585.00
5.728421,1020.4114,488.00
5.728421,1020.4442,514.00
5.728421,1020.4768,526.00
5.728421,1020.5096,530.00
5.728421,1020.5423,474.00
5.728421,1020.5750,552.00
5.728421,1020.6077,471.00
5.728421,1020.6403,563.00
5.728421,1020.6730,501.00
5.728421,1020.7055,569.00
5.728421,1020.7382,508.00
5.728421,1020.7709,535.00
5.728421,1020.8036,489.00
5.728421,1020.8363,482.00
5.728421,1020.8688,456.00
5.728421,1020.9015,528.00
5.728421,1020.9341,447.00
5.728421,1020.9667,544.00
5.728421,1020.9993,491.00
5.728421,1021.0319,516.00
5.728421,1021.0645,518.00
5.728421,1021.0971,511.00
5.728421,1021.1298,454.00
5.728421,1021.1623,541.00
5.728421,1021.1948,488.00
5.728421,1021.2273,565.00
5.728421,1021.2599,483.00
5.728421,1021.2924,521.00
5.728421,1021.3250,474.00
5.728421,1021.3574,498.00
5.728421,1021.3900,494.00
5.728421,1021.4224,513.00
5.728421,1021.4550,436.00
5.728421,1021.4875,501.00
5.728421,1021.5200,487.00
5.728421,1021.5525,537.00
5.728421,1021.5850,508.00
5.728421,1021.6175,522.00
5.728421,1021.6500,490.00
5.728421,1021.6823,531.00
5.728421,1021.7148,476.00
5.728421,1021.7474,540.00
5.728421,1021.7797,501.00
5.728421,1021.8122,543.00
5.728421,1021.8445,513.00
5.728421,1021.8770,548.00
5.728421,1021.9095,512.00
5.728421,1021.9418,512.00
5.728421,1021.9741,457.00
5.728421,1022.0066,498.00
5.728421,1022.0389,472.00
5.728421,1022.0713,542.00
5.728421,1022.1037,480.00
5.728421,1022.1362,588.00
5.728421,1022.1685,545.00
5.728421,1022.2008,556.00
5.728421,1022.2332,473.00
5.728421,1022.2654,534.00
5.728421,1022.2977,498.00
5.728421,1022.3301,586.00
5.728421,1022.3624,488.00
5.728421,1022.3947,604.00
5.728421,1022.4271,481.00
5.728421,1022.4594,533.00
5.728421,1022.4917,529.00
5.728421,1022.5239,524.00
5.728421,1022.5562,530.00
5.728421,1022.5885,530.00
5.728421,1022.6207,500.00
5.728421,1022.6530,562.00
5.728421,1022.6852,526.00
5.728421,1022.7174,561.00
5.728421,1022.7497,495.00
5.728421,1022.7819,544.00
5.728421,1022.8142,485.00
5.728421,1022.8464,543.00
5.728421,1022.8785,476.00
5.728421,1022.9108,575.00
5.728421,1022.9429,514.00
5.728421,1022.9751,544.00
5.728421,1023.0073,529.00
5.728421,1023.0394,504.00
5.728421,1023.0717,481.00
5.728421,1023.1039,537.00
5.728421,1023.1360,484.00
5.728421,1023.1682,534.00
5.728421,1023.2003,514.00
5.728421,1023.2324,534.00
5.728421,1023.2644,528.00
5.728421,1023.2966,520.00
5.728421,1023.3287,495.00
5.728421,1023.3608,511.00
5.728421,1023.3929,495.00
5.728421,1023.4249,514.00
5.728421,1023.4570,486.00
5.728421,1023.4893,561.00
5.728421,1023.5212,499.00
5.728421,1023.5533,475.00
5.728421,1023.5853,471.00
5.728421,1023.6174,521.00
5.728421,1023.6494,474.00
5.728421,1023.6813,539.00
5.728421,1023.7134,445.00
5.728421,1023.7454,525.00
5.728421,1023.7775,470.00
5.728421,1023.8096,507.00
5.728421,1023.8416,515.00
5.728421,1023.8735,512.00
5.728421,1023.9055,488.00
5.728421,1023.9374,529.00
5.728421,1023.9694,449.00
5.728421,1024.0013,517.00
5.728421,1024.0333,474.00
5.728421,1024.0652,520.00
5.728421,1024.0972,488.00
5.728421,1024.1293,514.00
5.728421,1024.1611,478.00
5.728421,1024.1931,513.00
5.728421,1024.2250,438.00
5.728421,1024.2568,530.00
5.728421,1024.2888,457.00
5.728421,1024.3206,505.00
5.728421,1024.3525,482.00
5.728421,1024.3843,503.00
5.728421,1024.4164,479.00
5.728421,1024.4481,492.00
5.728421,1024.4801,462.00
5.728421,1024.5118,521.00
5.728421,1024.5438,477.00
5.728421,1024.5756,537.00
5.728421,1024.6074,464.00
5.728421,1024.6393,509.00
5.728421,1024.6710,530.00
5.728421,1024.7029,486.00
5.728421,1024.7346,476.00
5.728421,1024.7664,518.00
5.728421,1024.7982,442.00
5.728421,1024.8301,539.00
5.728421,1024.8618,513.00
5.728421,1024.8936,542.00
5.728421,1024.9253,463.00
5.728421,1024.9572,539.00
5.728421,1024.9889,503.00
5.728421,1025.0206,528.00
5.728421,1025.0522,463.00
5.728421,1025.0841,525.00
5.728421,1025.1158,481.00
5.728421,1025.1475,513.00
5.728421,1025.1792,502.00
5.728421,1025.2109,513.00
5.728421,1025.2426,478.00
5.728421,1025.2743,488.00
5.728421,1025.3059,490.00
5.728421,1025.3376,519.00
5.728421,1025.3693,484.00
5.728421,1025.4009,537.00
5.728421,1025.4326,482.00
5.728421,1025.4644,555.00
5.728421,1025.4960,503.00
5.728421,1025.5276,512.00
5.728421,1025.5592,488.00
5.728421,1025.5908,535.00
5.728421,1025.6224,475.00
5.728421,1025.6541,533.00
5.728421,1025.6857,498.00
5.728421,1025.7172,552.00
5.728421,1025.7489,527.00
5.728421,1025.7804,557.00
5.728421,1025.8120,550.00
5.728421,1025.8435,525.00
5.728421,1025.8751,504.00
5.728421,1025.9066,555.00
5.728421,1025.9381,484.00
5.728421,1025.9697,545.00
5.728421,1026.0012,564.00
5.728421,1026.0327,538.00
5.728421,1026.0642,519.00
