# Point:,23
# Setpoint:,1.17090909
# Voltage_V:,1.17090909
# Current_A:,0.0008012
# Spectrum_Time_s:,4.848905
# Step_Start_s:,4.805043
# Step_End_s:,4.972479
# Spectrum_Duration_ms:,17.115
# Peak_Wavelength_nm:,945.60
# Peak_Intensity:,758.0
# Avg_Intensity:,606.3
# Num_Pixels:,4094
# NOTE: All wavelengths are captured simultaneously in one CCD exposure
#       The Relative_Time_s column shows when this entire spectrum was acquired

Relative_Time_s,Wavelength_nm,Intensity
4.848905,845.4307,578.00
4.848905,845.4858,506.00
4.848905,845.5410,570.00
4.848905,845.5963,506.00
4.848905,845.6514,573.00
4.848905,845.7065,521.00
4.848905,845.7617,535.00
4.848905,845.8168,489.00
4.848905,845.8721,561.00
4.848905,845.9272,484.00
4.848905,845.9823,542.00
4.848905,846.0374,487.00
4.848905,846.0926,536.00
4.848905,846.1478,484.00
4.848905,846.2029,548.00
4.848905,846.2579,513.00
4.848905,846.3130,559.00
4.848905,846.3682,488.00
4.848905,846.4233,588.00
4.848905,846.4784,492.00
4.848905,846.5335,598.00
4.848905,846.5886,545.00
4.848905,846.6437,552.00
4.848905,846.6987,524.00
4.848905,846.7538,566.00
4.848905,846.8089,499.00
4.848905,846.8640,572.00
4.848905,846.9190,508.00
4.848905,846.9741,598.00
4.848905,847.0292,527.00
4.848905,847.0842,559.00
4.848905,847.1392,528.00
4.848905,847.1943,552.00
4.848905,847.2493,505.00
4.848905,847.3044,599.00
4.848905,847.3594,497.00
4.848905,847.4144,556.00
4.848905,847.4694,558.00
4.848905,847.5244,568.00
4.848905,847.5795,543.00
4.848905,847.6345,570.00
4.848905,847.6895,516.00
4.848905,847.7444,609.00
4.848905,847.7994,518.00
4.848905,847.8544,591.00
4.848905,847.9094,541.00
4.848905,847.9644,580.00
4.848905,848.0193,552.00
4.848905,848.0743,571.00
4.848905,848.1293,517.00
4.848905,848.1843,594.00
4.848905,848.2392,556.00
4.848905,848.2941,584.00
4.848905,848.3491,597.00
4.848905,848.4040,584.00
4.848905,848.4590,585.00
4.848905,848.5139,576.00
4.848905,848.5688,538.00
4.848905,848.6237,602.00
4.848905,848.6786,530.00
4.848905,848.7336,622.00
4.848905,848.7885,564.00
4.848905,848.8434,587.00
4.848905,848.8983,571.00
4.848905,848.9531,569.00
4.848905,849.0081,571.00
4.848905,849.0630,592.00
4.848905,849.1178,527.00
4.848905,849.1727,589.00
4.848905,849.2275,564.00
4.848905,849.2823,653.00
4.848905,849.3373,534.00
4.848905,849.3921,597.00
4.848905,849.4470,576.00
4.848905,849.5018,578.00
4.848905,849.5566,528.00
4.848905,849.6115,615.00
4.848905,849.6663,534.00
4.848905,849.7211,598.00
4.848905,849.7759,569.00
4.848905,849.8307,616.00
4.848905,849.8856,557.00
4.848905,849.9404,611.00
4.848905,849.9952,549.00
4.848905,850.0500,590.00
4.848905,850.1048,510.00
4.848905,850.1596,622.00
4.848905,850.2144,535.00
4.848905,850.2692,624.00
4.848905,850.3239,581.00
4.848905,850.3787,585.00
4.848905,850.4335,571.00
4.848905,850.4882,601.00
4.848905,850.5430,564.00
4.848905,850.5977,610.00
4.848905,850.6525,546.00
4.848905,850.7072,595.00
4.848905,850.7620,562.00
4.848905,850.8167,644.00
4.848905,850.8715,587.00
4.848905,850.9261,589.00
4.848905,850.9808,505.00
4.848905,851.0356,605.00
4.848905,851.0903,588.00
4.848905,851.1450,637.00
4.848905,851.1996,582.00
4.848905,851.2543,616.00
4.848905,851.3091,574.00
4.848905,851.3638,584.00
4.848905,851.4185,574.00
4.848905,851.4731,617.00
4.848905,851.5278,568.00
4.848905,851.5825,641.00
4.848905,851.6371,588.00
4.848905,851.6918,659.00
4.848905,851.7465,614.00
4.848905,851.8011,602.00
4.848905,851.8558,600.00
4.848905,851.9103,604.00
4.848905,851.9650,579.00
4.848905,852.0196,685.00
4.848905,852.0742,591.00
4.848905,852.1289,628.00
4.848905,852.1835,582.00
4.848905,852.2381,697.00
4.848905,852.2927,630.00
4.848905,852.3473,623.00
4.848905,852.4019,596.00
4.848905,852.4565,671.00
4.848905,852.5111,620.00
4.848905,852.5657,629.00
4.848905,852.6202,641.00
4.848905,852.6747,652.00
4.848905,852.7294,631.00
4.848905,852.7839,660.00
4.848905,852.8385,598.00
4.848905,852.8930,668.00
4.848905,852.9476,628.00
4.848905,853.0022,689.00
4.848905,853.0567,628.00
4.848905,853.1112,693.00
4.848905,853.1658,654.00
4.848905,853.2203,646.00
4.848905,853.2748,648.00
4.848905,853.3293,716.00
4.848905,853.3838,632.00
4.848905,853.4383,705.00
4.848905,853.4928,613.00
4.848905,853.5474,686.00
4.848905,853.6019,670.00
4.848905,853.6563,702.00
4.848905,853.7108,656.00
4.848905,853.7653,666.00
4.848905,853.8198,629.00
4.848905,853.8742,671.00
4.848905,853.9286,653.00
4.848905,853.9832,690.00
4.848905,854.0376,637.00
4.848905,854.0920,708.00
4.848905,854.1465,675.00
4.848905,854.2010,680.00
4.848905,854.2554,619.00
4.848905,854.3098,674.00
4.848905,854.3642,600.00
4.848905,854.4186,681.00
4.848905,854.4731,614.00
4.848905,854.5275,709.00
4.848905,854.5819,649.00
4.848905,854.6363,658.00
4.848905,854.6907,658.00
4.848905,854.7451,649.00
4.848905,854.7994,600.00
4.848905,854.8538,660.00
4.848905,854.9082,629.00
4.848905,854.9626,703.00
4.848905,855.0170,604.00
4.848905,855.0714,692.00
4.848905,855.1257,648.00
4.848905,855.1800,636.00
4.848905,855.2344,649.00
4.848905,855.2888,682.00
4.848905,855.3431,630.00
4.848905,855.3975,638.00
4.848905,855.4518,580.00
4.848905,855.5060,678.00
4.848905,855.5604,631.00
4.848905,855.6147,649.00
4.848905,855.6691,623.00
4.848905,855.7233,642.00
4.848905,855.7776,607.00
4.848905,855.8320,703.00
4.848905,855.8862,592.00
4.848905,855.9406,667.00
4.848905,855.9948,649.00
4.848905,856.0491,697.00
4.848905,856.1035,659.00
4.848905,856.1577,688.00
4.848905,856.2119,615.00
4.848905,856.2662,670.00
4.848905,856.3204,608.00
4.848905,856.3748,699.00
4.848905,856.4290,638.00
4.848905,856.4832,669.00
4.848905,856.5374,653.00
4.848905,856.5916,692.00
4.848905,856.6459,613.00
4.848905,856.7001,687.00
4.848905,856.7543,626.00
4.848905,856.8085,694.00
4.848905,856.8627,650.00
4.848905,856.9169,738.00
4.848905,856.9712,637.00
4.848905,857.0253,675.00
4.848905,857.0795,661.00
4.848905,857.1337,671.00
4.848905,857.1879,601.00
4.848905,857.2421,682.00
4.848905,857.2962,647.00
4.848905,857.3504,650.00
4.848905,857.4045,673.00
4.848905,857.4587,662.00
4.848905,857.5129,675.00
4.848905,857.5670,691.00
4.848905,857.6212,639.00
4.848905,857.6753,698.00
4.848905,857.7294,657.00
4.848905,857.7836,685.00
4.848905,857.8377,639.00
4.848905,857.8918,685.00
4.848905,857.9459,653.00
4.848905,858.0000,660.00
4.848905,858.0541,650.00
4.848905,858.1082,719.00
4.848905,858.1624,640.00
4.848905,858.2164,694.00
4.848905,858.2704,664.00
4.848905,858.3245,685.00
4.848905,858.3787,677.00
4.848905,858.4327,676.00
4.848905,858.4868,647.00
4.848905,858.5408,672.00
4.848905,858.5949,640.00
4.848905,858.6489,686.00
4.848905,858.7030,654.00
4.848905,858.7570,705.00
4.848905,858.8110,678.00
4.848905,858.8651,698.00
4.848905,858.9192,693.00
4.848905,858.9732,693.00
4.848905,859.0272,650.00
4.848905,859.0812,691.00
4.848905,859.1352,627.00
4.848905,859.1892,692.00
4.848905,859.2432,644.00
4.848905,859.2972,701.00
4.848905,859.3512,711.00
4.848905,859.4052,667.00
4.848905,859.4592,636.00
4.848905,859.5132,666.00
4.848905,859.5671,624.00
4.848905,859.6210,703.00
4.848905,859.6750,641.00
4.848905,859.7289,694.00
4.848905,859.7830,607.00
4.848905,859.8369,662.00
4.848905,859.8908,649.00
4.848905,859.9447,630.00
4.848905,859.9987,623.00
4.848905,860.0527,699.00
4.848905,860.1065,607.00
4.848905,860.1605,688.00
4.848905,860.2144,647.00
4.848905,860.2682,689.00
4.848905,860.3222,661.00
4.848905,860.3761,677.00
4.848905,860.4299,608.00
4.848905,860.4838,649.00
4.848905,860.5377,588.00
4.848905,860.5916,656.00
4.848905,860.6455,642.00
4.848905,860.6993,670.00
4.848905,860.7532,644.00
4.848905,860.8071,672.00
4.848905,860.8610,616.00
4.848905,860.9148,673.00
4.848905,860.9687,571.00
4.848905,861.0225,652.00
4.848905,861.0763,660.00
4.848905,861.1301,670.00
4.848905,861.1840,642.00
4.848905,861.2378,685.00
4.848905,861.2916,610.00
4.848905,861.3454,672.00
4.848905,861.3992,615.00
4.848905,861.4531,657.00
4.848905,861.5068,570.00
4.848905,861.5606,693.00
4.848905,861.6144,610.00
4.848905,861.6682,675.00
4.848905,861.7220,598.00
4.848905,861.7758,655.00
4.848905,861.8295,628.00
4.848905,861.8833,637.00
4.848905,861.9370,619.00
4.848905,861.9908,693.00
4.848905,862.0446,605.00
4.848905,862.0983,654.00
4.848905,862.1520,604.00
4.848905,862.2057,619.00
4.848905,862.2595,638.00
4.848905,862.3132,642.00
4.848905,862.3669,597.00
4.848905,862.4206,654.00
4.848905,862.4744,595.00
4.848905,862.5281,685.00
4.848905,862.5818,653.00
4.848905,862.6355,672.00
4.848905,862.6891,625.00
4.848905,862.7429,637.00
4.848905,862.7966,644.00
4.848905,862.8502,626.00
4.848905,862.9039,608.00
4.848905,862.9575,662.00
4.848905,863.0112,632.00
4.848905,863.0648,628.00
4.848905,863.1185,599.00
4.848905,863.1722,634.00
4.848905,863.2258,607.00
4.848905,863.2794,634.00
4.848905,863.3330,602.00
4.848905,863.3867,689.00
4.848905,863.4403,579.00
4.848905,863.4940,653.00
4.848905,863.5475,609.00
4.848905,863.6011,615.00
4.848905,863.6548,602.00
4.848905,863.7084,639.00
4.848905,863.7620,608.00
4.848905,863.8156,636.00
4.848905,863.8691,587.00
4.848905,863.9228,671.00
4.848905,863.9763,631.00
4.848905,864.0299,644.00
4.848905,864.0834,606.00
4.848905,864.1370,645.00
4.848905,864.1906,605.00
4.848905,864.2441,623.00
4.848905,864.2977,610.00
4.848905,864.3512,661.00
4.848905,864.4047,620.00
4.848905,864.4583,650.00
4.848905,864.5118,607.00
4.848905,864.5653,637.00
4.848905,864.6189,610.00
4.848905,864.6724,620.00
4.848905,864.7258,603.00
4.848905,864.7794,639.00
4.848905,864.8329,620.00
4.848905,864.8864,661.00
4.848905,864.9398,616.00
4.848905,864.9933,649.00
4.848905,865.0469,591.00
4.848905,865.1003,624.00
4.848905,865.1538,616.00
4.848905,865.2072,648.00
4.848905,865.2607,626.00
4.848905,865.3142,665.00
4.848905,865.3676,650.00
4.848905,865.4211,674.00
4.848905,865.4745,592.00
4.848905,865.5279,603.00
4.848905,865.5814,600.00
4.848905,865.6348,659.00
4.848905,865.6882,617.00
4.848905,865.7416,698.00
4.848905,865.7950,659.00
4.848905,865.8484,692.00
4.848905,865.9019,625.00
4.848905,865.9552,626.00
4.848905,866.0087,627.00
4.848905,866.0620,609.00
4.848905,866.1154,584.00
4.848905,866.1688,686.00
4.848905,866.2222,621.00
4.848905,866.2755,671.00
4.848905,866.3289,658.00
4.848905,866.3822,676.00
4.848905,866.4356,665.00
4.848905,866.4890,670.00
4.848905,866.5423,621.00
4.848905,866.5956,687.00
4.848905,866.6489,622.00
4.848905,866.7023,686.00
4.848905,866.7556,621.00
4.848905,866.8089,660.00
4.848905,866.8622,617.00
4.848905,866.9155,661.00
4.848905,866.9689,615.00
4.848905,867.0222,654.00
4.848905,867.0755,612.00
4.848905,867.1287,642.00
4.848905,867.1820,640.00
4.848905,867.2354,691.00
4.848905,867.2886,645.00
4.848905,867.3419,654.00
4.848905,867.3951,603.00
4.848905,867.4484,648.00
4.848905,867.5016,583.00
4.848905,867.5549,694.00
4.848905,867.6082,617.00
4.848905,867.6614,635.00
4.848905,867.7146,654.00
4.848905,867.7678,633.00
4.848905,867.8211,631.00
4.848905,867.8743,644.00
4.848905,867.9276,625.00
4.848905,867.9807,645.00
4.848905,868.0339,612.00
4.848905,868.0872,663.00
4.848905,868.1403,636.00
4.848905,868.1935,612.00
4.848905,868.2467,622.00
4.848905,868.2999,638.00
4.848905,868.3531,577.00
4.848905,868.4062,668.00
4.848905,868.4594,616.00
4.848905,868.5126,673.00
4.848905,868.5657,655.00
4.848905,868.6189,642.00
4.848905,868.6721,654.00
4.848905,868.7252,654.00
4.848905,868.7783,598.00
4.848905,868.8315,647.00
4.848905,868.8846,587.00
4.848905,868.9377,659.00
4.848905,868.9908,599.00
4.848905,869.0439,665.00
4.848905,869.0970,647.00
4.848905,869.1501,629.00
4.848905,869.2032,583.00
4.848905,869.2564,629.00
4.848905,869.3094,618.00
4.848905,869.3625,627.00
4.848905,869.4156,626.00
4.848905,869.4688,673.00
4.848905,869.5218,610.00
4.848905,869.5748,665.00
4.848905,869.6279,657.00
4.848905,869.6809,631.00
4.848905,869.7340,572.00
4.848905,869.7870,629.00
4.848905,869.8401,588.00
4.848905,869.8931,650.00
4.848905,869.9462,587.00
4.848905,869.9993,638.00
4.848905,870.0522,630.00
4.848905,870.1052,682.00
4.848905,870.1583,615.00
4.848905,870.2112,701.00
4.848905,870.2642,591.00
4.848905,870.3173,653.00
4.848905,870.3702,601.00
4.848905,870.4232,681.00
4.848905,870.4762,628.00
4.848905,870.5292,623.00
4.848905,870.5822,632.00
4.848905,870.6351,680.00
4.848905,870.6881,622.00
4.848905,870.7410,692.00
4.848905,870.7940,627.00
4.848905,870.8470,658.00
4.848905,870.8999,622.00
4.848905,870.9528,687.00
4.848905,871.0057,684.00
4.848905,871.0587,649.00
4.848905,871.1116,633.00
4.848905,871.1646,669.00
4.848905,871.2175,551.00
4.848905,871.2704,678.00
4.848905,871.3232,646.00
4.848905,871.3762,660.00
4.848905,871.4291,658.00
4.848905,871.4820,649.00
4.848905,871.5348,639.00
4.848905,871.5877,665.00
4.848905,871.6406,638.00
4.848905,871.6935,713.00
4.848905,871.7463,622.00
4.848905,871.7992,659.00
4.848905,871.8521,650.00
4.848905,871.9049,651.00
4.848905,871.9578,680.00
4.848905,872.0106,691.00
4.848905,872.0635,617.00
4.848905,872.1162,691.00
4.848905,872.1691,613.00
4.848905,872.2219,696.00
4.848905,872.2747,621.00
4.848905,872.3275,662.00
4.848905,872.3803,657.00
4.848905,872.4332,676.00
4.848905,872.4860,632.00
4.848905,872.5387,688.00
4.848905,872.5915,623.00
4.848905,872.6443,700.00
4.848905,872.6971,688.00
4.848905,872.7499,696.00
4.848905,872.8026,652.00
4.848905,872.8553,653.00
4.848905,872.9081,656.00
4.848905,872.9609,642.00
4.848905,873.0136,612.00
4.848905,873.0663,686.00
4.848905,873.1191,584.00
4.848905,873.1718,662.00
4.848905,873.2245,645.00
4.848905,873.2773,652.00
4.848905,873.3300,645.00
4.848905,873.3827,662.00
4.848905,873.4354,641.00
4.848905,873.4882,716.00
4.848905,873.5408,654.00
4.848905,873.5935,678.00
4.848905,873.6462,661.00
4.848905,873.6989,678.00
4.848905,873.7515,664.00
4.848905,873.8042,687.00
4.848905,873.8569,615.00
4.848905,873.9096,668.00
4.848905,873.9622,591.00
4.848905,874.0149,714.00
4.848905,874.0675,667.00
4.848905,874.1202,677.00
4.848905,874.1729,630.00
4.848905,874.2255,681.00
4.848905,874.2781,645.00
4.848905,874.3307,673.00
4.848905,874.3834,616.00
4.848905,874.4360,695.00
4.848905,874.4885,660.00
4.848905,874.5411,704.00
4.848905,874.5938,606.00
4.848905,874.6463,646.00
4.848905,874.6990,667.00
4.848905,874.7515,664.00
4.848905,874.8041,598.00
4.848905,874.8567,711.00
4.848905,874.9092,645.00
4.848905,874.9619,693.00
4.848905,875.0144,606.00
4.848905,875.0669,659.00
4.848905,875.1194,651.00
4.848905,875.1720,670.00
4.848905,875.2246,628.00
4.848905,875.2772,673.00
4.848905,875.3296,631.00
4.848905,875.3821,681.00
4.848905,875.4346,663.00
4.848905,875.4872,668.00
4.848905,875.5397,666.00
4.848905,875.5922,697.00
4.848905,875.6447,646.00
4.848905,875.6971,691.00
4.848905,875.7498,598.00
4.848905,875.8022,701.00
4.848905,875.8547,608.00
4.848905,875.9071,689.00
4.848905,875.9596,619.00
4.848905,876.0120,651.00
4.848905,876.0646,650.00
4.848905,876.1169,664.00
4.848905,876.1694,618.00
4.848905,876.2219,689.00
4.848905,876.2743,653.00
4.848905,876.3268,691.00
4.848905,876.3792,624.00
4.848905,876.4316,685.00
4.848905,876.4840,674.00
4.848905,876.5364,678.00
4.848905,876.5889,601.00
4.848905,876.6413,700.00
4.848905,876.6937,620.00
4.848905,876.7460,673.00
4.848905,876.7985,673.00
4.848905,876.8509,702.00
4.848905,876.9032,656.00
4.848905,876.9556,664.00
4.848905,877.0079,604.00
4.848905,877.0604,680.00
4.848905,877.1127,605.00
4.848905,877.1651,716.00
4.848905,877.2174,648.00
4.848905,877.2697,676.00
4.848905,877.3221,618.00
4.848905,877.3744,696.00
4.848905,877.4268,638.00
4.848905,877.4791,646.00
4.848905,877.5314,598.00
4.848905,877.5837,659.00
4.848905,877.6360,622.00
4.848905,877.6884,669.00
4.848905,877.7407,623.00
4.848905,877.7930,633.00
4.848905,877.8452,633.00
4.848905,877.8975,651.00
4.848905,877.9498,666.00
4.848905,878.0021,653.00
4.848905,878.0544,622.00
4.848905,878.1066,662.00
4.848905,878.1589,621.00
4.848905,878.2111,635.00
4.848905,878.2634,650.00
4.848905,878.3157,623.00
4.848905,878.3679,607.00
4.848905,878.4202,638.00
4.848905,878.4724,613.00
4.848905,878.5246,667.00
4.848905,878.5768,585.00
4.848905,878.6290,667.00
4.848905,878.6812,621.00
4.848905,878.7335,650.00
4.848905,878.7856,655.00
4.848905,878.8379,628.00
4.848905,878.8901,599.00
4.848905,878.9422,620.00
4.848905,878.9944,607.00
4.848905,879.0466,667.00
4.848905,879.0988,624.00
4.848905,879.1509,675.00
4.848905,879.2031,626.00
4.848905,879.2552,603.00
4.848905,879.3074,631.00
4.848905,879.3596,674.00
4.848905,879.4117,579.00
4.848905,879.4638,661.00
4.848905,879.5159,595.00
4.848905,879.5681,663.00
4.848905,879.6202,621.00
4.848905,879.6723,643.00
4.848905,879.7244,644.00
4.848905,879.7766,637.00
4.848905,879.8287,581.00
4.848905,879.8808,680.00
4.848905,879.9329,579.00
4.848905,879.9849,650.00
4.848905,880.0370,630.00
4.848905,880.0891,660.00
4.848905,880.1412,620.00
4.848905,880.1932,655.00
4.848905,880.2452,599.00
4.848905,880.2973,647.00
4.848905,880.3495,618.00
4.848905,880.4015,692.00
4.848905,880.4536,631.00
4.848905,880.5056,647.00
4.848905,880.5576,623.00
4.848905,880.6096,645.00
4.848905,880.6616,606.00
4.848905,880.7137,651.00
4.848905,880.7656,587.00
4.848905,880.8176,667.00
4.848905,880.8696,592.00
4.848905,880.9217,671.00
4.848905,880.9737,621.00
4.848905,881.0256,635.00
4.848905,881.0776,605.00
4.848905,881.1296,624.00
4.848905,881.1816,581.00
4.848905,881.2336,648.00
4.848905,881.2855,593.00
4.848905,881.3374,634.00
4.848905,881.3893,640.00
4.848905,881.4413,616.00
4.848905,881.4933,602.00
4.848905,881.5452,648.00
4.848905,881.5972,611.00
4.848905,881.6490,646.00
4.848905,881.7010,652.00
4.848905,881.7530,657.00
4.848905,881.8049,582.00
4.848905,881.8568,635.00
4.848905,881.9086,625.00
4.848905,881.9605,626.00
4.848905,882.0125,592.00
4.848905,882.0643,639.00
4.848905,882.1162,581.00
4.848905,882.1681,668.00
4.848905,882.2199,569.00
4.848905,882.2719,662.00
4.848905,882.3237,593.00
4.848905,882.3755,618.00
4.848905,882.4274,554.00
4.848905,882.4792,620.00
4.848905,882.5311,603.00
4.848905,882.5829,642.00
4.848905,882.6348,595.00
4.848905,882.6866,667.00
4.848905,882.7383,632.00
4.848905,882.7902,583.00
4.848905,882.8420,635.00
4.848905,882.8939,641.00
4.848905,882.9457,559.00
4.848905,882.9974,636.00
4.848905,883.0493,583.00
4.848905,883.1011,639.00
4.848905,883.1528,572.00
4.848905,883.2046,661.00
4.848905,883.2563,632.00
4.848905,883.3081,575.00
4.848905,883.3599,565.00
4.848905,883.4116,628.00
4.848905,883.4634,586.00
4.848905,883.5151,644.00
4.848905,883.5668,587.00
4.848905,883.6187,602.00
4.848905,883.6703,602.00
4.848905,883.7220,619.00
4.848905,883.7738,600.00
4.848905,883.8254,635.00
4.848905,883.8773,573.00
4.848905,883.9289,663.00
4.848905,883.9806,579.00
4.848905,884.0323,666.00
4.848905,884.0840,627.00
4.848905,884.1357,636.00
4.848905,884.1874,581.00
4.848905,884.2391,627.00
4.848905,884.2907,579.00
4.848905,884.3423,641.00
4.848905,884.3940,588.00
4.848905,884.4457,612.00
4.848905,884.4974,611.00
4.848905,884.5490,623.00
4.848905,884.6006,626.00
4.848905,884.6523,638.00
4.848905,884.7039,588.00
4.848905,884.7555,655.00
4.848905,884.8071,601.00
4.848905,884.8588,659.00
4.848905,884.9103,645.00
4.848905,884.9620,654.00
4.848905,885.0136,649.00
4.848905,885.0651,656.00
4.848905,885.1168,631.00
4.848905,885.1683,672.00
4.848905,885.2200,635.00
4.848905,885.2715,660.00
4.848905,885.3231,608.00
4.848905,885.3746,667.00
4.848905,885.4262,656.00
4.848905,885.4778,671.00
4.848905,885.5293,636.00
4.848905,885.5809,652.00
4.848905,885.6324,573.00
4.848905,885.6839,644.00
4.848905,885.7355,613.00
4.848905,885.7870,666.00
4.848905,885.8385,604.00
4.848905,885.8900,658.00
4.848905,885.9415,664.00
4.848905,885.9930,628.00
4.848905,886.0446,609.00
4.848905,886.0960,684.00
4.848905,886.1475,605.00
4.848905,886.1990,678.00
4.848905,886.2504,634.00
4.848905,886.3020,658.00
4.848905,886.3534,628.00
4.848905,886.4048,680.00
4.848905,886.4564,615.00
4.848905,886.5078,663.00
4.848905,886.5593,623.00
4.848905,886.6107,664.00
4.848905,886.6621,636.00
4.848905,886.7136,679.00
4.848905,886.7650,657.00
4.848905,886.8164,659.00
4.848905,886.8679,634.00
4.848905,886.9193,640.00
4.848905,886.9706,595.00
4.848905,887.0220,656.00
4.848905,887.0735,593.00
4.848905,887.1249,651.00
4.848905,887.1762,620.00
4.848905,887.2276,663.00
4.848905,887.2789,646.00
4.848905,887.3304,664.00
4.848905,887.3818,637.00
4.848905,887.4331,676.00
4.848905,887.4844,637.00
4.848905,887.5358,685.00
4.848905,887.5871,594.00
4.848905,887.6385,676.00
4.848905,887.6898,648.00
4.848905,887.7411,628.00
4.848905,887.7925,620.00
4.848905,887.8438,659.00
4.848905,887.8951,610.00
4.848905,887.9464,724.00
4.848905,887.9977,638.00
4.848905,888.0490,734.00
4.848905,888.1003,667.00
4.848905,888.1516,661.00
4.848905,888.2029,594.00
4.848905,888.2542,667.00
4.848905,888.3054,587.00
4.848905,888.3567,669.00
4.848905,888.4080,622.00
4.848905,888.4592,695.00
4.848905,888.5105,633.00
4.848905,888.5618,677.00
4.848905,888.6130,622.00
4.848905,888.6642,663.00
4.848905,888.7155,641.00
4.848905,888.7667,686.00
4.848905,888.8179,598.00
4.848905,888.8691,701.00
4.848905,888.9204,647.00
4.848905,888.9716,668.00
4.848905,889.0228,665.00
4.848905,889.0740,667.00
4.848905,889.1252,642.00
4.848905,889.1764,651.00
4.848905,889.2275,652.00
4.848905,889.2787,704.00
4.848905,889.3299,635.00
4.848905,889.3810,703.00
4.848905,889.4322,669.00
4.848905,889.4835,692.00
4.848905,889.5346,654.00
4.848905,889.5857,683.00
4.848905,889.6368,623.00
4.848905,889.6879,688.00
4.848905,889.7391,594.00
4.848905,889.7903,665.00
4.848905,889.8414,623.00
4.848905,889.8925,667.00
4.848905,889.9435,654.00
4.848905,889.9948,663.00
4.848905,890.0458,622.00
4.848905,890.0969,677.00
4.848905,890.1479,619.00
4.848905,890.1990,675.00
4.848905,890.2501,653.00
4.848905,890.3012,649.00
4.848905,890.3523,644.00
4.848905,890.4034,633.00
4.848905,890.4545,647.00
4.848905,890.5054,644.00
4.848905,890.5566,578.00
4.848905,890.6076,648.00
4.848905,890.6586,602.00
4.848905,890.7097,673.00
4.848905,890.7607,628.00
4.848905,890.8117,645.00
4.848905,890.8627,630.00
4.848905,890.9138,609.00
4.848905,890.9647,576.00
4.848905,891.0157,650.00
4.848905,891.0668,588.00
4.848905,891.1178,655.00
4.848905,891.1688,598.00
4.848905,891.2197,644.00
4.848905,891.2707,611.00
4.848905,891.3217,630.00
4.848905,891.3727,607.00
4.848905,891.4236,621.00
4.848905,891.4745,580.00
4.848905,891.5256,639.00
4.848905,891.5765,601.00
4.848905,891.6275,655.00
4.848905,891.6783,608.00
4.848905,891.7293,644.00
4.848905,891.7802,601.00
4.848905,891.8312,604.00
4.848905,891.8821,531.00
4.848905,891.9330,628.00
4.848905,891.9839,584.00
4.848905,892.0348,630.00
4.848905,892.0857,602.00
4.848905,892.1366,615.00
4.848905,892.1875,598.00
4.848905,892.2383,628.00
4.848905,892.2892,615.00
4.848905,892.3401,675.00
4.848905,892.3911,587.00
4.848905,892.4418,679.00
4.848905,892.4927,632.00
4.848905,892.5436,669.00
4.848905,892.5944,621.00
4.848905,892.6452,619.00
4.848905,892.6961,603.00
4.848905,892.7469,644.00
4.848905,892.7977,612.00
4.848905,892.8485,638.00
4.848905,892.8993,661.00
4.848905,892.9502,687.00
4.848905,893.0010,640.00
4.848905,893.0518,674.00
4.848905,893.1025,627.00
4.848905,893.1534,630.00
4.848905,893.2042,601.00
4.848905,893.2549,660.00
4.848905,893.3057,619.00
4.848905,893.3564,697.00
4.848905,893.4072,655.00
4.848905,893.4580,650.00
4.848905,893.5087,636.00
4.848905,893.5595,651.00
4.848905,893.6102,600.00
4.848905,893.6609,669.00
4.848905,893.7117,577.00
4.848905,893.7625,700.00
4.848905,893.8132,633.00
4.848905,893.8639,670.00
4.848905,893.9146,628.00
4.848905,893.9653,634.00
4.848905,894.0160,610.00
4.848905,894.0667,644.00
4.848905,894.1174,613.00
4.848905,894.1681,640.00
4.848905,894.2188,623.00
4.848905,894.2695,677.00
4.848905,894.3201,672.00
4.848905,894.3708,648.00
4.848905,894.4214,598.00
4.848905,894.4720,671.00
4.848905,894.5228,604.00
4.848905,894.5734,690.00
4.848905,894.6240,598.00
4.848905,894.6746,671.00
4.848905,894.7252,649.00
4.848905,894.7759,638.00
4.848905,894.8265,641.00
4.848905,894.8771,651.00
4.848905,894.9277,599.00
4.848905,894.9783,660.00
4.848905,895.0290,587.00
4.848905,895.0795,676.00
4.848905,895.1301,619.00
4.848905,895.1807,667.00
4.848905,895.2313,636.00
4.848905,895.2819,633.00
4.848905,895.3325,596.00
4.848905,895.3830,659.00
4.848905,895.4336,579.00
4.848905,895.4841,688.00
4.848905,895.5347,604.00
4.848905,895.5852,656.00
4.848905,895.6357,651.00
4.848905,895.6863,667.00
4.848905,895.7368,650.00
4.848905,895.7874,656.00
4.848905,895.8379,596.00
4.848905,895.8884,695.00
4.848905,895.9388,601.00
4.848905,895.9893,657.00
4.848905,896.0399,626.00
4.848905,896.0904,654.00
4.848905,896.1408,647.00
4.848905,896.1913,652.00
4.848905,896.2418,624.00
4.848905,896.2922,679.00
4.848905,896.3427,635.00
4.848905,896.3932,713.00
4.848905,896.4437,644.00
4.848905,896.4941,696.00
4.848905,896.5445,637.00
4.848905,896.5950,635.00
4.848905,896.6454,656.00
4.848905,896.6958,656.00
4.848905,896.7462,600.00
4.848905,896.7967,688.00
4.848905,896.8471,645.00
4.848905,896.8975,676.00
4.848905,896.9479,632.00
4.848905,896.9983,658.00
4.848905,897.0486,638.00
4.848905,897.0991,630.00
4.848905,897.1495,610.00
4.848905,897.1998,676.00
4.848905,897.2502,621.00
4.848905,897.3005,685.00
4.848905,897.3510,625.00
4.848905,897.4013,647.00
4.848905,897.4517,656.00
4.848905,897.5020,658.00
4.848905,897.5523,616.00
4.848905,897.6026,664.00
4.848905,897.6530,615.00
4.848905,897.7033,672.00
4.848905,897.7537,619.00
4.848905,897.8040,666.00
4.848905,897.8542,648.00
4.848905,897.9046,663.00
4.848905,897.9549,642.00
4.848905,898.0051,683.00
4.848905,898.0554,599.00
4.848905,898.1057,680.00
4.848905,898.1560,605.00
4.848905,898.2063,669.00
4.848905,898.2565,631.00
4.848905,898.3068,617.00
4.848905,898.3571,644.00
4.848905,898.4073,640.00
4.848905,898.4576,578.00
4.848905,898.5078,649.00
4.848905,898.5580,582.00
4.848905,898.6083,700.00
4.848905,898.6584,668.00
4.848905,898.7087,671.00
4.848905,898.7590,642.00
4.848905,898.8091,635.00
4.848905,898.8593,636.00
4.848905,898.9095,654.00
4.848905,898.9598,595.00
4.848905,899.0099,663.00
4.848905,899.0601,615.00
4.848905,899.1103,656.00
4.848905,899.1605,623.00
4.848905,899.2107,641.00
4.848905,899.2608,625.00
4.848905,899.3109,625.00
4.848905,899.3611,616.00
4.848905,899.4113,679.00
4.848905,899.4614,622.00
4.848905,899.5115,668.00
4.848905,899.5616,632.00
4.848905,899.6118,666.00
4.848905,899.6619,625.00
4.848905,899.7121,605.00
4.848905,899.7622,602.00
4.848905,899.8123,670.00
4.848905,899.8624,601.00
4.848905,899.9124,664.00
4.848905,899.9626,632.00
4.848905,900.0126,655.00
4.848905,900.0627,607.00
4.848905,900.1127,636.00
4.848905,900.1628,574.00
4.848905,900.2130,652.00
4.848905,900.2631,551.00
4.848905,900.3130,669.00
4.848905,900.3631,614.00
4.848905,900.4131,637.00
4.848905,900.4632,598.00
4.848905,900.5132,601.00
4.848905,900.5633,600.00
4.848905,900.6132,619.00
4.848905,900.6632,596.00
4.848905,900.7133,615.00
4.848905,900.7633,570.00
4.848905,900.8133,622.00
4.848905,900.8633,607.00
4.848905,900.9133,644.00
4.848905,900.9633,619.00
4.848905,901.0133,645.00
4.848905,901.0632,597.00
4.848905,901.1132,637.00
4.848905,901.1631,600.00
4.848905,901.2131,655.00
4.848905,901.2631,646.00
4.848905,901.3130,660.00
4.848905,901.3630,608.00
4.848905,901.4129,636.00
4.848905,901.4628,617.00
4.848905,901.5128,613.00
4.848905,901.5627,608.00
4.848905,901.6126,688.00
4.848905,901.6625,618.00
4.848905,901.7124,626.00
4.848905,901.7623,626.00
4.848905,901.8123,616.00
4.848905,901.8621,614.00
4.848905,901.9120,633.00
4.848905,901.9619,603.00
4.848905,902.0117,677.00
4.848905,902.0616,610.00
4.848905,902.1115,641.00
4.848905,902.1613,618.00
4.848905,902.2112,609.00
4.848905,902.2610,610.00
4.848905,902.3109,609.00
4.848905,902.3608,612.00
4.848905,902.4106,655.00
4.848905,902.4604,604.00
4.848905,902.5103,637.00
4.848905,902.5601,614.00
4.848905,902.6099,662.00
4.848905,902.6597,599.00
4.848905,902.7095,630.00
4.848905,902.7592,628.00
4.848905,902.8090,641.00
4.848905,902.8589,561.00
4.848905,902.9086,673.00
4.848905,902.9584,611.00
4.848905,903.0082,660.00
4.848905,903.0580,640.00
4.848905,903.1077,648.00
4.848905,903.1575,624.00
4.848905,903.2072,649.00
4.848905,903.2570,596.00
4.848905,903.3067,664.00
4.848905,903.3564,592.00
4.848905,903.4062,680.00
4.848905,903.4559,634.00
4.848905,903.5056,638.00
4.848905,903.5553,606.00
4.848905,903.6050,646.00
4.848905,903.6547,594.00
4.848905,903.7045,681.00
4.848905,903.7541,577.00
4.848905,903.8038,687.00
4.848905,903.8535,613.00
4.848905,903.9032,633.00
4.848905,903.9528,612.00
4.848905,904.0025,638.00
4.848905,904.0522,617.00
4.848905,904.1019,646.00
4.848905,904.1515,578.00
4.848905,904.2012,672.00
4.848905,904.2507,603.00
4.848905,904.3004,654.00
4.848905,904.3500,583.00
4.848905,904.3997,587.00
4.848905,904.4493,590.00
4.848905,904.4989,627.00
4.848905,904.5485,569.00
4.848905,904.5980,649.00
4.848905,904.6477,589.00
4.848905,904.6973,631.00
4.848905,904.7469,583.00
4.848905,904.7964,632.00
4.848905,904.8460,608.00
4.848905,904.8956,598.00
4.848905,904.9452,583.00
4.848905,904.9947,627.00
4.848905,905.0443,580.00
4.848905,905.0938,644.00
4.848905,905.1434,611.00
4.848905,905.1929,613.00
4.848905,905.2424,631.00
4.848905,905.2919,638.00
4.848905,905.3414,590.00
4.848905,905.3910,619.00
4.848905,905.4406,608.00
4.848905,905.4901,643.00
4.848905,905.5396,575.00
4.848905,905.5890,651.00
4.848905,905.6385,585.00
4.848905,905.6880,652.00
4.848905,905.7375,645.00
4.848905,905.7870,653.00
4.848905,905.8364,573.00
4.848905,905.8859,642.00
4.848905,905.9354,620.00
4.848905,905.9848,662.00
4.848905,906.0342,652.00
4.848905,906.0837,644.00
4.848905,906.1331,593.00
4.848905,906.1826,624.00
4.848905,906.2321,603.00
4.848905,906.2814,650.00
4.848905,906.3309,596.00
4.848905,906.3802,666.00
4.848905,906.4297,624.00
4.848905,906.4791,651.00
4.848905,906.5285,637.00
4.848905,906.5779,610.00
4.848905,906.6273,583.00
4.848905,906.6766,668.00
4.848905,906.7260,601.00
4.848905,906.7754,676.00
4.848905,906.8248,589.00
4.848905,906.8741,651.00
4.848905,906.9235,626.00
4.848905,906.9729,628.00
4.848905,907.0222,614.00
4.848905,907.0715,660.00
4.848905,907.1208,605.00
4.848905,907.1702,651.00
4.848905,907.2195,636.00
4.848905,907.2688,651.00
4.848905,907.3181,612.00
4.848905,907.3674,628.00
4.848905,907.4167,631.00
4.848905,907.4660,622.00
4.848905,907.5153,589.00
4.848905,907.5646,668.00
4.848905,907.6139,612.00
4.848905,907.6631,673.00
4.848905,907.7125,623.00
4.848905,907.7617,622.00
4.848905,907.8110,624.00
4.848905,907.8602,636.00
4.848905,907.9094,566.00
4.848905,907.9587,637.00
4.848905,908.0080,557.00
4.848905,908.0572,686.00
4.848905,908.1064,610.00
4.848905,908.1556,665.00
4.848905,908.2048,614.00
4.848905,908.2541,622.00
4.848905,908.3033,631.00
4.848905,908.3524,641.00
4.848905,908.4017,568.00
4.848905,908.4508,651.00
4.848905,908.5000,611.00
4.848905,908.5493,637.00
4.848905,908.5984,622.00
4.848905,908.6475,640.00
4.848905,908.6967,601.00
4.848905,908.7459,631.00
4.848905,908.7950,564.00
4.848905,908.8442,645.00
4.848905,908.8932,598.00
4.848905,908.9424,636.00
4.848905,908.9916,623.00
4.848905,909.0407,674.00
4.848905,909.0898,674.00
4.848905,909.1389,635.00
4.848905,909.1880,604.00
4.848905,909.2372,611.00
4.848905,909.2863,591.00
4.848905,909.3354,671.00
4.848905,909.3845,573.00
4.848905,909.4335,636.00
4.848905,909.4825,633.00
4.848905,909.5317,611.00
4.848905,909.5807,577.00
4.848905,909.6298,646.00
4.848905,909.6789,582.00
4.848905,909.7280,656.00
4.848905,909.7770,563.00
4.848905,909.8260,634.00
4.848905,909.8751,611.00
4.848905,909.9241,635.00
4.848905,909.9731,634.00
4.848905,910.0222,643.00
4.848905,910.0711,613.00
4.848905,910.1201,635.00
4.848905,910.1691,589.00
4.848905,910.2181,623.00
4.848905,910.2672,641.00
4.848905,910.3162,650.00
4.848905,910.3651,627.00
4.848905,910.4141,656.00
4.848905,910.4631,637.00
4.848905,910.5120,632.00
4.848905,910.5610,585.00
4.848905,910.6099,637.00
4.848905,910.6589,626.00
4.848905,910.7078,644.00
4.848905,910.7568,618.00
4.848905,910.8057,654.00
4.848905,910.8546,638.00
4.848905,910.9036,659.00
4.848905,910.9525,580.00
4.848905,911.0013,675.00
4.848905,911.0503,635.00
4.848905,911.0992,659.00
4.848905,911.1481,633.00
4.848905,911.1970,650.00
4.848905,911.2459,625.00
4.848905,911.2948,637.00
4.848905,911.3436,621.00
4.848905,911.3925,656.00
4.848905,911.4414,611.00
4.848905,911.4902,650.00
4.848905,911.5391,684.00
4.848905,911.5880,624.00
4.848905,911.6368,634.00
4.848905,911.6857,635.00
4.848905,911.7344,609.00
4.848905,911.7833,670.00
4.848905,911.8321,604.00
4.848905,911.8809,663.00
4.848905,911.9297,653.00
4.848905,911.9785,662.00
4.848905,912.0273,661.00
4.848905,912.0762,630.00
4.848905,912.1249,655.00
4.848905,912.1737,672.00
4.848905,912.2225,593.00
4.848905,912.2712,662.00
4.848905,912.3201,661.00
4.848905,912.3688,695.00
4.848905,912.4176,648.00
4.848905,912.4663,642.00
4.848905,912.5150,597.00
4.848905,912.5638,656.00
4.848905,912.6125,611.00
4.848905,912.6613,668.00
4.848905,912.7100,615.00
4.848905,912.7587,652.00
4.848905,912.8074,666.00
4.848905,912.8561,691.00
4.848905,912.9048,680.00
4.848905,912.9535,673.00
4.848905,913.0023,620.00
4.848905,913.0510,677.00
4.848905,913.0996,633.00
4.848905,913.1483,696.00
4.848905,913.1969,626.00
4.848905,913.2456,674.00
4.848905,913.2943,688.00
4.848905,913.3430,674.00
4.848905,913.3916,650.00
4.848905,913.4402,645.00
4.848905,913.4888,625.00
4.848905,913.5375,700.00
4.848905,913.5862,625.00
4.848905,913.6348,703.00
4.848905,913.6834,662.00
4.848905,913.7320,686.00
4.848905,913.7806,656.00
4.848905,913.8292,684.00
4.848905,913.8778,629.00
4.848905,913.9264,687.00
4.848905,913.9750,607.00
4.848905,914.0236,708.00
4.848905,914.0721,668.00
4.848905,914.1207,714.00
4.848905,914.1693,639.00
4.848905,914.2178,695.00
4.848905,914.2664,652.00
4.848905,914.3149,716.00
4.848905,914.3635,655.00
4.848905,914.4120,675.00
4.848905,914.4606,679.00
4.848905,914.5090,710.00
4.848905,914.5576,684.00
4.848905,914.6061,701.00
4.848905,914.6546,663.00
4.848905,914.7031,705.00
4.848905,914.7516,641.00
4.848905,914.8001,716.00
4.848905,914.8486,660.00
4.848905,914.8971,701.00
4.848905,914.9456,664.00
4.848905,914.9941,716.00
4.848905,915.0425,668.00
4.848905,915.0910,662.00
4.848905,915.1395,632.00
4.848905,915.1879,706.00
4.848905,915.2363,624.00
4.848905,915.2849,720.00
4.848905,915.3333,661.00
4.848905,915.3817,692.00
4.848905,915.4301,655.00
4.848905,915.4785,724.00
4.848905,915.5269,612.00
4.848905,915.5754,686.00
4.848905,915.6237,600.00
4.848905,915.6721,709.00
4.848905,915.7205,638.00
4.848905,915.7689,714.00
4.848905,915.8173,663.00
4.848905,915.8657,668.00
4.848905,915.9141,658.00
4.848905,915.9623,671.00
4.848905,916.0107,647.00
4.848905,916.0591,711.00
4.848905,916.1075,638.00
4.848905,916.1558,689.00
4.848905,916.2042,651.00
4.848905,916.2524,689.00
4.848905,916.3008,661.00
4.848905,916.3491,667.00
4.848905,916.3974,600.00
4.848905,916.4457,695.00
4.848905,916.4940,620.00
4.848905,916.5423,662.00
4.848905,916.5907,667.00
4.848905,916.6390,682.00
4.848905,916.6872,659.00
4.848905,916.7355,646.00
4.848905,916.7838,635.00
4.848905,916.8320,701.00
4.848905,916.8803,597.00
4.848905,916.9286,697.00
4.848905,916.9768,619.00
4.848905,917.0250,695.00
4.848905,917.0733,672.00
4.848905,917.1216,650.00
4.848905,917.1698,638.00
4.848905,917.2180,649.00
4.848905,917.2662,615.00
4.848905,917.3145,688.00
4.848905,917.3626,651.00
4.848905,917.4109,703.00
4.848905,917.4590,618.00
4.848905,917.5072,709.00
4.848905,917.5554,668.00
4.848905,917.6036,681.00
4.848905,917.6518,623.00
4.848905,917.7000,701.00
4.848905,917.7481,606.00
4.848905,917.7963,678.00
4.848905,917.8444,646.00
4.848905,917.8926,733.00
4.848905,917.9407,668.00
4.848905,917.9888,697.00
4.848905,918.0369,609.00
4.848905,918.0851,673.00
4.848905,918.1332,634.00
4.848905,918.1813,698.00
4.848905,918.2294,618.00
4.848905,918.2776,682.00
4.848905,918.3257,678.00
4.848905,918.3737,689.00
4.848905,918.4218,629.00
4.848905,918.4699,671.00
4.848905,918.5180,641.00
4.848905,918.5660,697.00
4.848905,918.6142,616.00
4.848905,918.6622,684.00
4.848905,918.7103,665.00
4.848905,918.7583,690.00
4.848905,918.8064,672.00
4.848905,918.8544,650.00
4.848905,918.9025,624.00
4.848905,918.9505,728.00
4.848905,918.9985,625.00
4.848905,919.0464,692.00
4.848905,919.0945,675.00
4.848905,919.1426,710.00
4.848905,919.1905,676.00
4.848905,919.2385,664.00
4.848905,919.2866,648.00
4.848905,919.3345,687.00
4.848905,919.3825,615.00
4.848905,919.4304,676.00
4.848905,919.4785,636.00
4.848905,919.5264,706.00
4.848905,919.5744,667.00
4.848905,919.6224,655.00
4.848905,919.6703,664.00
4.848905,919.7182,674.00
4.848905,919.7661,631.00
4.848905,919.8141,701.00
4.848905,919.8620,659.00
4.848905,919.9100,696.00
4.848905,919.9578,645.00
4.848905,920.0057,715.00
4.848905,920.0536,656.00
4.848905,920.1016,659.00
4.848905,920.1495,632.00
4.848905,920.1973,680.00
4.848905,920.2452,595.00
4.848905,920.2932,672.00
4.848905,920.3410,665.00
4.848905,920.3888,680.00
4.848905,920.4367,652.00
4.848905,920.4846,655.00
4.848905,920.5323,620.00
4.848905,920.5803,646.00
4.848905,920.6281,608.00
4.848905,920.6759,700.00
4.848905,920.7237,661.00
4.848905,920.7715,670.00
4.848905,920.8195,631.00
4.848905,920.8672,650.00
4.848905,920.9150,638.00
4.848905,920.9628,644.00
4.848905,921.0106,595.00
4.848905,921.0584,687.00
4.848905,921.1062,615.00
4.848905,921.1540,689.00
4.848905,921.2017,624.00
4.848905,921.2495,647.00
4.848905,921.2973,639.00
4.848905,921.3450,647.00
4.848905,921.3928,598.00
4.848905,921.4405,672.00
4.848905,921.4882,587.00
4.848905,921.5359,665.00
4.848905,921.5837,619.00
4.848905,921.6315,665.00
4.848905,921.6791,660.00
4.848905,921.7269,647.00
4.848905,921.7746,608.00
4.848905,921.8223,629.00
4.848905,921.8700,616.00
4.848905,921.9177,688.00
4.848905,921.9653,619.00
4.848905,922.0130,656.00
4.848905,922.0607,642.00
4.848905,922.1084,646.00
4.848905,922.1561,628.00
4.848905,922.2037,665.00
4.848905,922.2513,636.00
4.848905,922.2990,675.00
4.848905,922.3467,593.00
4.848905,922.3943,688.00
4.848905,922.4419,598.00
4.848905,922.4895,660.00
4.848905,922.5371,651.00
4.848905,922.5848,648.00
4.848905,922.6324,636.00
4.848905,922.6800,677.00
4.848905,922.7276,586.00
4.848905,922.7752,655.00
4.848905,922.8228,626.00
4.848905,922.8704,690.00
4.848905,922.9179,616.00
4.848905,922.9655,679.00
4.848905,923.0130,609.00
4.848905,923.0607,695.00
4.848905,923.1082,585.00
4.848905,923.1558,690.00
4.848905,923.2032,623.00
4.848905,923.2508,656.00
4.848905,923.2983,633.00
4.848905,923.3459,660.00
4.848905,923.3934,671.00
4.848905,923.4409,663.00
4.848905,923.4884,622.00
4.848905,923.5359,670.00
4.848905,923.5834,624.00
4.848905,923.6309,657.00
4.848905,923.6784,667.00
4.848905,923.7259,685.00
4.848905,923.7734,621.00
4.848905,923.8209,616.00
4.848905,923.8683,628.00
4.848905,923.9158,659.00
4.848905,923.9632,616.00
4.848905,924.0106,694.00
4.848905,924.0581,620.00
4.848905,924.1056,672.00
4.848905,924.1530,621.00
4.848905,924.2004,652.00
4.848905,924.2479,635.00
4.848905,924.2952,626.00
4.848905,924.3427,596.00
4.848905,924.3901,672.00
4.848905,924.4375,604.00
4.848905,924.4849,693.00
4.848905,924.5323,645.00
4.848905,924.5797,634.00
4.848905,924.6270,644.00
4.848905,924.6744,680.00
4.848905,924.7218,638.00
4.848905,924.7692,682.00
4.848905,924.8165,611.00
4.848905,924.8639,680.00
4.848905,924.9112,638.00
4.848905,924.9585,657.00
4.848905,925.0059,647.00
4.848905,925.0532,649.00
4.848905,925.1005,608.00
4.848905,925.1478,675.00
4.848905,925.1952,616.00
4.848905,925.2424,679.00
4.848905,925.2897,608.00
4.848905,925.3370,696.00
4.848905,925.3843,655.00
4.848905,925.4316,660.00
4.848905,925.4789,597.00
4.848905,925.5262,662.00
4.848905,925.5734,630.00
4.848905,925.6207,685.00
4.848905,925.6680,630.00
4.848905,925.7153,690.00
4.848905,925.7625,611.00
4.848905,925.8097,633.00
4.848905,925.8569,640.00
4.848905,925.9042,661.00
4.848905,925.9514,623.00
4.848905,925.9987,665.00
4.848905,926.0458,628.00
4.848905,926.0930,696.00
4.848905,926.1403,642.00
4.848905,926.1874,687.00
4.848905,926.2346,654.00
4.848905,926.2819,688.00
4.848905,926.3290,628.00
4.848905,926.3762,675.00
4.848905,926.4233,615.00
4.848905,926.4705,695.00
4.848905,926.5177,682.00
4.848905,926.5648,698.00
4.848905,926.6120,689.00
4.848905,926.6591,723.00
4.848905,926.7063,643.00
4.848905,926.7534,679.00
4.848905,926.8005,617.00
4.848905,926.8477,692.00
4.848905,926.8947,645.00
4.848905,926.9418,705.00
4.848905,926.9890,689.00
4.848905,927.0361,674.00
4.848905,927.0831,642.00
4.848905,927.1302,692.00
4.848905,927.1773,636.00
4.848905,927.2244,712.00
4.848905,927.2715,633.00
4.848905,927.3185,701.00
4.848905,927.3656,664.00
4.848905,927.4126,710.00
4.848905,927.4597,700.00
4.848905,927.5067,676.00
4.848905,927.5538,650.00
4.848905,927.6008,678.00
4.848905,927.6478,657.00
4.848905,927.6949,698.00
4.848905,927.7419,650.00
4.848905,927.7888,697.00
4.848905,927.8358,689.00
4.848905,927.8829,716.00
4.848905,927.9299,641.00
4.848905,927.9769,687.00
4.848905,928.0239,646.00
4.848905,928.0708,668.00
4.848905,928.1177,648.00
4.848905,928.1648,682.00
4.848905,928.2117,697.00
4.848905,928.2587,693.00
4.848905,928.3056,670.00
4.848905,928.3525,670.00
4.848905,928.3995,639.00
4.848905,928.4465,732.00
4.848905,928.4934,666.00
4.848905,928.5402,687.00
4.848905,928.5872,655.00
4.848905,928.6340,733.00
4.848905,928.6810,686.00
4.848905,928.7279,667.00
4.848905,928.7748,671.00
4.848905,928.8217,691.00
4.848905,928.8685,656.00
4.848905,928.9155,697.00
4.848905,928.9623,647.00
4.848905,929.0092,693.00
4.848905,929.0560,641.00
4.848905,929.1028,674.00
4.848905,929.1498,644.00
4.848905,929.1965,679.00
4.848905,929.2434,662.00
4.848905,929.2902,694.00
4.848905,929.3370,631.00
4.848905,929.3839,684.00
4.848905,929.4307,661.00
4.848905,929.4775,693.00
4.848905,929.5243,647.00
4.848905,929.5710,663.00
4.848905,929.6179,664.00
4.848905,929.6647,700.00
4.848905,929.7115,626.00
4.848905,929.7582,679.00
4.848905,929.8050,645.00
4.848905,929.8517,706.00
4.848905,929.8986,648.00
4.848905,929.9453,665.00
4.848905,929.9921,667.00
4.848905,930.0388,710.00
4.848905,930.0854,631.00
4.848905,930.1323,702.00
4.848905,930.1790,634.00
4.848905,930.2256,705.00
4.848905,930.2724,667.00
4.848905,930.3191,689.00
4.848905,930.3658,635.00
4.848905,930.4125,665.00
4.848905,930.4592,592.00
4.848905,930.5059,701.00
4.848905,930.5526,624.00
4.848905,930.5993,669.00
4.848905,930.6459,662.00
4.848905,930.6926,712.00
4.848905,930.7392,666.00
4.848905,930.7859,692.00
4.848905,930.8325,606.00
4.848905,930.8792,675.00
4.848905,930.9258,648.00
4.848905,930.9725,699.00
4.848905,931.0190,642.00
4.848905,931.0657,689.00
4.848905,931.1123,673.00
4.848905,931.1589,670.00
4.848905,931.2055,635.00
4.848905,931.2521,657.00
4.848905,931.2987,630.00
4.848905,931.3453,680.00
4.848905,931.3919,649.00
4.848905,931.4385,689.00
4.848905,931.4850,666.00
4.848905,931.5316,661.00
4.848905,931.5782,622.00
4.848905,931.6248,666.00
4.848905,931.6713,660.00
4.848905,931.7178,699.00
4.848905,931.7643,644.00
4.848905,931.8109,725.00
4.848905,931.8574,661.00
4.848905,931.9039,658.00
4.848905,931.9504,663.00
4.848905,931.9969,694.00
4.848905,932.0435,630.00
4.848905,932.0900,694.00
4.848905,932.1365,637.00
4.848905,932.1829,659.00
4.848905,932.2294,633.00
4.848905,932.2759,691.00
4.848905,932.3223,627.00
4.848905,932.3688,624.00
4.848905,932.4153,667.00
4.848905,932.4617,688.00
4.848905,932.5082,641.00
4.848905,932.5546,695.00
4.848905,932.6011,644.00
4.848905,932.6475,703.00
4.848905,932.6939,686.00
4.848905,932.7402,686.00
4.848905,932.7867,669.00
4.848905,932.8331,706.00
4.848905,932.8795,609.00
4.848905,932.9259,693.00
4.848905,932.9723,629.00
4.848905,933.0187,724.00
4.848905,933.0651,675.00
4.848905,933.1115,690.00
4.848905,933.1578,672.00
4.848905,933.2042,670.00
4.848905,933.2505,632.00
4.848905,933.2969,717.00
4.848905,933.3433,691.00
4.848905,933.3896,714.00
4.848905,933.4359,655.00
4.848905,933.4822,700.00
4.848905,933.5286,654.00
4.848905,933.5749,647.00
4.848905,933.6212,679.00
4.848905,933.6675,697.00
4.848905,933.7138,670.00
4.848905,933.7601,721.00
4.848905,933.8064,665.00
4.848905,933.8527,691.00
4.848905,933.8989,636.00
4.848905,933.9452,691.00
4.848905,933.9915,708.00
4.848905,934.0378,682.00
4.848905,934.0840,641.00
4.848905,934.1302,748.00
4.848905,934.1765,651.00
4.848905,934.2227,714.00
4.848905,934.2690,677.00
4.848905,934.3152,706.00
4.848905,934.3614,682.00
4.848905,934.4077,705.00
4.848905,934.4539,649.00
4.848905,934.5001,716.00
4.848905,934.5463,635.00
4.848905,934.5925,715.00
4.848905,934.6387,704.00
4.848905,934.6848,704.00
4.848905,934.7310,666.00
4.848905,934.7772,717.00
4.848905,934.8234,635.00
4.848905,934.8695,678.00
4.848905,934.9156,610.00
4.848905,934.9619,733.00
4.848905,935.0080,692.00
4.848905,935.0541,725.00
4.848905,935.1002,705.00
4.848905,935.1464,683.00
4.848905,935.1925,662.00
4.848905,935.2386,708.00
4.848905,935.2847,662.00
4.848905,935.3308,738.00
4.848905,935.3769,635.00
4.848905,935.4230,691.00
4.848905,935.4691,660.00
4.848905,935.5152,697.00
4.848905,935.5613,685.00
4.848905,935.6073,705.00
4.848905,935.6534,643.00
4.848905,935.6995,688.00
4.848905,935.7455,642.00
4.848905,935.7916,702.00
4.848905,935.8376,680.00
4.848905,935.8837,703.00
4.848905,935.9297,632.00
4.848905,935.9757,669.00
4.848905,936.0217,633.00
4.848905,936.0677,696.00
4.848905,936.1137,651.00
4.848905,936.1598,728.00
4.848905,936.2057,648.00
4.848905,936.2518,698.00
4.848905,936.2977,662.00
4.848905,936.3437,675.00
4.848905,936.3896,616.00
4.848905,936.4357,662.00
4.848905,936.4816,625.00
4.848905,936.5275,717.00
4.848905,936.5735,653.00
4.848905,936.6194,710.00
4.848905,936.6654,669.00
4.848905,936.7114,646.00
4.848905,936.7573,608.00
4.848905,936.8032,658.00
4.848905,936.8491,591.00
4.848905,936.8950,678.00
4.848905,936.9409,589.00
4.848905,936.9868,674.00
4.848905,937.0327,633.00
4.848905,937.0786,719.00
4.848905,937.1245,637.00
4.848905,937.1704,658.00
4.848905,937.2162,611.00
4.848905,937.2621,658.00
4.848905,937.3080,593.00
4.848905,937.3539,640.00
4.848905,937.3997,629.00
4.848905,937.4455,699.00
4.848905,937.4913,625.00
4.848905,937.5372,670.00
4.848905,937.5831,636.00
4.848905,937.6289,656.00
4.848905,937.6747,611.00
4.848905,937.7205,688.00
4.848905,937.7663,601.00
4.848905,937.8121,668.00
4.848905,937.8579,626.00
4.848905,937.9037,645.00
4.848905,937.9495,636.00
4.848905,937.9952,674.00
4.848905,938.0410,620.00
4.848905,938.0868,649.00
4.848905,938.1325,588.00
4.848905,938.1783,684.00
4.848905,938.2240,603.00
4.848905,938.2698,660.00
4.848905,938.3155,644.00
4.848905,938.3613,644.00
4.848905,938.4069,628.00
4.848905,938.4527,625.00
4.848905,938.4984,610.00
4.848905,938.5441,676.00
4.848905,938.5898,656.00
4.848905,938.6356,662.00
4.848905,938.6812,642.00
4.848905,938.7269,663.00
4.848905,938.7726,610.00
4.848905,938.8182,656.00
4.848905,938.8640,629.00
4.848905,938.9096,679.00
4.848905,938.9552,611.00
4.848905,939.0010,679.00
4.848905,939.0466,690.00
4.848905,939.0922,694.00
4.848905,939.1378,649.00
4.848905,939.1835,695.00
4.848905,939.2291,597.00
4.848905,939.2747,695.00
4.848905,939.3203,659.00
4.848905,939.3659,708.00
4.848905,939.4115,651.00
4.848905,939.4570,694.00
4.848905,939.5027,673.00
4.848905,939.5483,687.00
4.848905,939.5939,618.00
4.848905,939.6395,695.00
4.848905,939.6851,625.00
4.848905,939.7306,696.00
4.848905,939.7761,659.00
4.848905,939.8217,709.00
4.848905,939.8672,669.00
4.848905,939.9127,666.00
4.848905,939.9583,636.00
4.848905,940.0038,697.00
4.848905,940.0493,662.00
4.848905,940.0948,706.00
4.848905,940.1403,629.00
4.848905,940.1859,746.00
4.848905,940.2314,652.00
4.848905,940.2769,677.00
4.848905,940.3223,643.00
4.848905,940.3678,706.00
4.848905,940.4133,639.00
4.848905,940.4588,678.00
4.848905,940.5042,646.00
4.848905,940.5497,735.00
4.848905,940.5952,667.00
4.848905,940.6406,705.00
4.848905,940.6860,701.00
4.848905,940.7315,705.00
4.848905,940.7769,671.00
4.848905,940.8223,711.00
4.848905,940.8677,662.00
4.848905,940.9132,674.00
4.848905,940.9586,670.00
4.848905,941.0040,735.00
4.848905,941.0494,695.00
4.848905,941.0948,705.00
4.848905,941.1402,667.00
4.848905,941.1855,687.00
4.848905,941.2310,641.00
4.848905,941.2762,731.00
4.848905,941.3216,658.00
4.848905,941.3670,725.00
4.848905,941.4124,633.00
4.848905,941.4577,678.00
4.848905,941.5031,659.00
4.848905,941.5483,679.00
4.848905,941.5937,658.00
4.848905,941.6390,704.00
4.848905,941.6843,657.00
4.848905,941.7296,705.00
4.848905,941.7749,649.00
4.848905,941.8203,705.00
4.848905,941.8655,704.00
4.848905,941.9108,662.00
4.848905,941.9561,662.00
4.848905,942.0013,706.00
4.848905,942.0467,658.00
4.848905,942.0920,708.00
4.848905,942.1372,679.00
4.848905,942.1824,727.00
4.848905,942.2277,671.00
4.848905,942.2729,707.00
4.848905,942.3182,662.00
4.848905,942.3634,695.00
4.848905,942.4086,661.00
4.848905,942.4539,699.00
4.848905,942.4990,637.00
4.848905,942.5443,689.00
4.848905,942.5895,671.00
4.848905,942.6347,708.00
4.848905,942.6798,645.00
4.848905,942.7250,676.00
4.848905,942.7702,666.00
4.848905,942.8154,699.00
4.848905,942.8606,626.00
4.848905,942.9058,696.00
4.848905,942.9508,632.00
4.848905,942.9960,713.00
4.848905,943.0412,651.00
4.848905,943.0864,689.00
4.848905,943.1314,630.00
4.848905,943.1766,706.00
4.848905,943.2217,668.00
4.848905,943.2668,719.00
4.848905,943.3120,638.00
4.848905,943.3571,735.00
4.848905,943.4021,689.00
4.848905,943.4473,722.00
4.848905,943.4923,661.00
4.848905,943.5374,703.00
4.848905,943.5825,683.00
4.848905,943.6276,718.00
4.848905,943.6725,647.00
4.848905,943.7177,716.00
4.848905,943.7627,673.00
4.848905,943.8078,653.00
4.848905,943.8528,673.00
4.848905,943.8978,685.00
4.848905,943.9429,648.00
4.848905,943.9879,712.00
4.848905,944.0330,656.00
4.848905,944.0779,750.00
4.848905,944.1229,668.00
4.848905,944.1679,734.00
4.848905,944.2130,686.00
4.848905,944.2579,706.00
4.848905,944.3029,687.00
4.848905,944.3478,652.00
4.848905,944.3929,641.00
4.848905,944.4379,723.00
4.848905,944.4828,669.00
4.848905,944.5277,725.00
4.848905,944.5727,662.00
4.848905,944.6176,700.00
4.848905,944.6626,663.00
4.848905,944.7076,712.00
4.848905,944.7524,636.00
4.848905,944.7974,721.00
4.848905,944.8423,686.00
4.848905,944.8872,711.00
4.848905,944.9321,702.00
4.848905,944.9770,702.00
4.848905,945.0219,670.00
4.848905,945.0667,697.00
4.848905,945.1116,655.00
4.848905,945.1566,669.00
4.848905,945.2014,639.00
4.848905,945.2463,705.00
4.848905,945.2911,630.00
4.848905,945.3360,737.00
4.848905,945.3808,700.00
4.848905,945.4257,691.00
4.848905,945.4705,662.00
4.848905,945.5153,703.00
4.848905,945.5601,630.00
4.848905,945.6050,758.00
4.848905,945.6498,645.00
4.848905,945.6946,693.00
4.848905,945.7394,679.00
4.848905,945.7842,689.00
4.848905,945.8290,641.00
4.848905,945.8738,688.00
4.848905,945.9186,652.00
4.848905,945.9633,711.00
4.848905,946.0081,638.00
4.848905,946.0529,704.00
4.848905,946.0976,670.00
4.848905,946.1423,676.00
4.848905,946.1871,649.00
4.848905,946.2318,693.00
4.848905,946.2766,616.00
4.848905,946.3213,685.00
4.848905,946.3660,630.00
4.848905,946.4107,674.00
4.848905,946.4554,632.00
4.848905,946.5001,704.00
4.848905,946.5449,662.00
4.848905,946.5895,675.00
4.848905,946.6342,613.00
4.848905,946.6789,692.00
4.848905,946.7236,634.00
4.848905,946.7682,691.00
4.848905,946.8129,679.00
4.848905,946.8575,724.00
4.848905,946.9022,658.00
4.848905,946.9468,713.00
4.848905,946.9915,673.00
4.848905,947.0361,683.00
4.848905,947.0807,638.00
4.848905,947.1253,689.00
4.848905,947.1700,622.00
4.848905,947.2146,700.00
4.848905,947.2592,631.00
4.848905,947.3038,715.00
4.848905,947.3483,680.00
4.848905,947.3929,677.00
4.848905,947.4376,642.00
4.848905,947.4821,677.00
4.848905,947.5267,643.00
4.848905,947.5712,704.00
4.848905,947.6158,654.00
4.848905,947.6604,681.00
4.848905,947.7050,650.00
4.848905,947.7495,649.00
4.848905,947.7939,648.00
4.848905,947.8385,697.00
4.848905,947.8831,622.00
4.848905,947.9276,673.00
4.848905,947.9720,658.00
4.848905,948.0166,678.00
4.848905,948.0611,648.00
4.848905,948.1056,663.00
4.848905,948.1501,626.00
4.848905,948.1945,673.00
4.848905,948.2390,625.00
4.848905,948.2835,682.00
4.848905,948.3279,607.00
4.848905,948.3724,681.00
4.848905,948.4169,646.00
4.848905,948.4613,674.00
4.848905,948.5057,645.00
4.848905,948.5502,657.00
4.848905,948.5947,624.00
4.848905,948.6391,693.00
4.848905,948.6835,613.00
4.848905,948.7279,708.00
4.848905,948.7723,654.00
4.848905,948.8167,680.00
4.848905,948.8611,620.00
4.848905,948.9055,642.00
4.848905,948.9498,624.00
4.848905,948.9943,663.00
4.848905,949.0387,654.00
4.848905,949.0830,710.00
4.848905,949.1273,639.00
4.848905,949.1718,682.00
4.848905,949.2161,657.00
4.848905,949.2604,655.00
4.848905,949.3047,629.00
4.848905,949.3491,639.00
4.848905,949.3934,631.00
4.848905,949.4377,666.00
4.848905,949.4821,611.00
4.848905,949.5264,708.00
4.848905,949.5707,645.00
4.848905,949.6150,687.00
4.848905,949.6592,663.00
4.848905,949.7036,659.00
4.848905,949.7479,616.00
4.848905,949.7921,722.00
4.848905,949.8363,611.00
4.848905,949.8806,687.00
4.848905,949.9249,639.00
4.848905,949.9692,692.00
4.848905,950.0134,623.00
4.848905,950.0576,689.00
4.848905,950.1019,655.00
4.848905,950.1461,679.00
4.848905,950.1903,612.00
4.848905,950.2346,699.00
4.848905,950.2787,644.00
4.848905,950.3229,713.00
4.848905,950.3671,639.00
4.848905,950.4114,684.00
4.848905,950.4555,655.00
4.848905,950.4997,688.00
4.848905,950.5439,656.00
4.848905,950.5880,703.00
4.848905,950.6322,584.00
4.848905,950.6763,665.00
4.848905,950.7205,644.00
4.848905,950.7646,658.00
4.848905,950.8088,651.00
4.848905,950.8530,676.00
4.848905,950.8971,634.00
4.848905,950.9412,652.00
4.848905,950.9853,599.00
4.848905,951.0294,685.00
4.848905,951.0735,652.00
4.848905,951.1177,699.00
4.848905,951.1617,662.00
4.848905,951.2057,663.00
4.848905,951.2499,668.00
4.848905,951.2939,686.00
4.848905,951.3380,619.00
4.848905,951.3821,695.00
4.848905,951.4261,633.00
4.848905,951.4702,680.00
4.848905,951.5142,675.00
4.848905,951.5582,699.00
4.848905,951.6024,631.00
4.848905,951.6464,674.00
4.848905,951.6904,664.00
4.848905,951.7344,697.00
4.848905,951.7784,601.00
4.848905,951.8224,703.00
4.848905,951.8665,635.00
4.848905,951.9104,676.00
4.848905,951.9544,656.00
4.848905,951.9984,648.00
4.848905,952.0424,655.00
4.848905,952.0864,699.00
4.848905,952.1303,632.00
4.848905,952.1743,728.00
4.848905,952.2183,676.00
4.848905,952.2621,723.00
4.848905,952.3061,683.00
4.848905,952.3500,692.00
4.848905,952.3940,652.00
4.848905,952.4379,656.00
4.848905,952.4818,595.00
4.848905,952.5258,717.00
4.848905,952.5696,656.00
4.848905,952.6136,702.00
4.848905,952.6574,624.00
4.848905,952.7014,693.00
4.848905,952.7452,636.00
4.848905,952.7891,644.00
4.848905,952.8330,613.00
4.848905,952.8768,706.00
4.848905,952.9207,656.00
4.848905,952.9645,700.00
4.848905,953.0084,632.00
4.848905,953.0522,672.00
4.848905,953.0961,659.00
4.848905,953.1400,664.00
4.848905,953.1838,632.00
4.848905,953.2275,680.00
4.848905,953.2714,632.00
4.848905,953.3152,711.00
4.848905,953.3589,668.00
4.848905,953.4028,712.00
4.848905,953.4466,664.00
4.848905,953.4904,674.00
4.848905,953.5341,655.00
4.848905,953.5779,666.00
4.848905,953.6217,626.00
4.848905,953.6654,658.00
4.848905,953.7092,625.00
4.848905,953.7529,691.00
4.848905,953.7967,583.00
4.848905,953.8405,661.00
4.848905,953.8842,619.00
4.848905,953.9279,650.00
4.848905,953.9716,613.00
4.848905,954.0153,647.00
4.848905,954.0590,636.00
4.848905,954.1027,643.00
4.848905,954.1464,627.00
4.848905,954.1901,664.00
4.848905,954.2338,631.00
4.848905,954.2774,644.00
4.848905,954.3212,627.00
4.848905,954.3648,667.00
4.848905,954.4084,640.00
4.848905,954.4521,677.00
4.848905,954.4958,640.00
4.848905,954.5394,661.00
4.848905,954.5831,635.00
4.848905,954.6267,666.00
4.848905,954.6703,652.00
4.848905,954.7139,650.00
4.848905,954.7576,626.00
4.848905,954.8012,683.00
4.848905,954.8448,591.00
4.848905,954.8884,678.00
4.848905,954.9319,599.00
4.848905,954.9755,695.00
4.848905,955.0191,649.00
4.848905,955.0627,621.00
4.848905,955.1063,591.00
4.848905,955.1498,651.00
4.848905,955.1934,587.00
4.848905,955.2369,648.00
4.848905,955.2805,592.00
4.848905,955.3240,659.00
4.848905,955.3675,655.00
4.848905,955.4111,637.00
4.848905,955.4546,584.00
4.848905,955.4981,662.00
4.848905,955.5416,601.00
4.848905,955.5851,693.00
4.848905,955.6285,622.00
4.848905,955.6722,666.00
4.848905,955.7156,635.00
4.848905,955.7590,660.00
4.848905,955.8025,622.00
4.848905,955.8460,659.00
4.848905,955.8895,607.00
4.848905,955.9329,671.00
4.848905,955.9764,632.00
4.848905,956.0198,669.00
4.848905,956.0632,651.00
4.848905,956.1067,681.00
4.848905,956.1501,633.00
4.848905,956.1935,660.00
4.848905,956.2369,604.00
4.848905,956.2803,643.00
4.848905,956.3238,596.00
4.848905,956.3671,694.00
4.848905,956.4105,652.00
4.848905,956.4539,686.00
4.848905,956.4973,655.00
4.848905,956.5406,638.00
4.848905,956.5841,639.00
4.848905,956.6274,660.00
4.848905,956.6707,589.00
4.848905,956.7141,701.00
4.848905,956.7575,639.00
4.848905,956.8008,663.00
4.848905,956.8442,636.00
4.848905,956.8875,674.00
4.848905,956.9308,664.00
4.848905,956.9741,665.00
4.848905,957.0174,647.00
4.848905,957.0607,682.00
4.848905,957.1040,603.00
4.848905,957.1473,688.00
4.848905,957.1906,638.00
4.848905,957.2339,685.00
4.848905,957.2772,655.00
4.848905,957.3204,657.00
4.848905,957.3636,632.00
4.848905,957.4069,665.00
4.848905,957.4502,614.00
4.848905,957.4934,689.00
4.848905,957.5366,630.00
4.848905,957.5799,660.00
4.848905,957.6230,612.00
4.848905,957.6664,677.00
4.848905,957.7095,648.00
4.848905,957.7527,697.00
4.848905,957.7959,626.00
4.848905,957.8392,658.00
4.848905,957.8823,640.00
4.848905,957.9255,702.00
4.848905,957.9687,658.00
4.848905,958.0118,677.00
4.848905,958.0551,645.00
4.848905,958.0983,712.00
4.848905,958.1414,611.00
4.848905,958.1845,705.00
4.848905,958.2277,640.00
4.848905,958.2708,708.00
4.848905,958.3139,650.00
4.848905,958.3571,721.00
4.848905,958.4001,664.00
4.848905,958.4432,674.00
4.848905,958.4864,648.00
4.848905,958.5295,685.00
4.848905,958.5726,666.00
4.848905,958.6157,716.00
4.848905,958.6588,643.00
4.848905,958.7018,702.00
4.848905,958.7449,636.00
4.848905,958.7879,717.00
4.848905,958.8311,646.00
4.848905,958.8741,691.00
4.848905,958.9171,591.00
4.848905,958.9601,670.00
4.848905,959.0032,636.00
4.848905,959.0463,701.00
4.848905,959.0893,693.00
4.848905,959.1323,667.00
4.848905,959.1752,691.00
4.848905,959.2183,688.00
4.848905,959.2613,652.00
4.848905,959.3043,666.00
4.848905,959.3472,623.00
4.848905,959.3903,691.00
4.848905,959.4332,646.00
4.848905,959.4763,670.00
4.848905,959.5192,659.00
4.848905,959.5621,627.00
4.848905,959.6051,625.00
4.848905,959.6480,679.00
4.848905,959.6910,599.00
4.848905,959.7339,681.00
4.848905,959.7768,611.00
4.848905,959.8198,656.00
4.848905,959.8627,633.00
4.848905,959.9056,671.00
4.848905,959.9485,612.00
4.848905,959.9915,645.00
4.848905,960.0343,564.00
4.848905,960.0771,660.00
4.848905,960.1201,585.00
4.848905,960.1630,666.00
4.848905,960.2058,640.00
4.848905,960.2487,630.00
4.848905,960.2915,596.00
4.848905,960.3344,640.00
4.848905,960.3773,579.00
4.848905,960.4200,666.00
4.848905,960.4629,575.00
4.848905,960.5057,686.00
4.848905,960.5485,620.00
4.848905,960.5914,659.00
4.848905,960.6342,643.00
4.848905,960.6770,639.00
4.848905,960.7198,599.00
4.848905,960.7626,632.00
4.848905,960.8054,595.00
4.848905,960.8481,655.00
4.848905,960.8909,603.00
4.848905,960.9337,643.00
4.848905,960.9764,612.00
4.848905,961.0192,647.00
4.848905,961.0620,619.00
4.848905,961.1047,601.00
4.848905,961.1475,595.00
4.848905,961.1902,616.00
4.848905,961.2329,597.00
4.848905,961.2757,659.00
4.848905,961.3184,642.00
4.848905,961.3611,605.00
4.848905,961.4037,620.00
4.848905,961.4465,662.00
4.848905,961.4892,613.00
4.848905,961.5319,663.00
4.848905,961.5745,570.00
4.848905,961.6172,672.00
4.848905,961.6599,603.00
4.848905,961.7026,664.00
4.848905,961.7452,627.00
4.848905,961.7878,631.00
4.848905,961.8304,624.00
4.848905,961.8731,671.00
4.848905,961.9157,612.00
4.848905,961.9584,647.00
4.848905,962.0010,631.00
4.848905,962.0436,670.00
4.848905,962.0862,631.00
4.848905,962.1288,620.00
4.848905,962.1714,607.00
4.848905,962.2140,643.00
4.848905,962.2565,593.00
4.848905,962.2991,671.00
4.848905,962.3417,588.00
4.848905,962.3843,651.00
4.848905,962.4268,663.00
4.848905,962.4694,640.00
4.848905,962.5119,635.00
4.848905,962.5545,686.00
4.848905,962.5970,611.00
4.848905,962.6396,661.00
4.848905,962.6821,608.00
4.848905,962.7246,711.00
4.848905,962.7671,619.00
4.848905,962.8096,679.00
4.848905,962.8522,612.00
4.848905,962.8947,616.00
4.848905,962.9371,615.00
4.848905,962.9796,673.00
4.848905,963.0222,627.00
4.848905,963.0646,668.00
4.848905,963.1070,614.00
4.848905,963.1495,639.00
4.848905,963.1919,610.00
4.848905,963.2344,635.00
4.848905,963.2768,616.00
4.848905,963.3193,677.00
4.848905,963.3616,587.00
4.848905,963.4041,663.00
4.848905,963.4465,623.00
4.848905,963.4889,662.00
4.848905,963.5314,636.00
4.848905,963.5737,629.00
4.848905,963.6161,621.00
4.848905,963.6585,635.00
4.848905,963.7009,573.00
4.848905,963.7433,640.00
4.848905,963.7856,628.00
4.848905,963.8280,676.00
4.848905,963.8704,615.00
4.848905,963.9127,670.00
4.848905,963.9551,612.00
4.848905,963.9974,624.00
4.848905,964.0397,624.00
4.848905,964.0820,651.00
4.848905,964.1244,609.00
4.848905,964.1667,678.00
4.848905,964.2090,612.00
4.848905,964.2513,664.00
4.848905,964.2936,607.00
4.848905,964.3359,672.00
4.848905,964.3782,617.00
4.848905,964.4205,650.00
4.848905,964.4627,600.00
4.848905,964.5050,661.00
4.848905,964.5472,600.00
4.848905,964.5895,676.00
4.848905,964.6317,623.00
4.848905,964.6740,650.00
4.848905,964.7162,644.00
4.848905,964.7585,638.00
4.848905,964.8007,576.00
4.848905,964.8429,617.00
4.848905,964.8851,583.00
4.848905,964.9273,644.00
4.848905,964.9695,593.00
4.848905,965.0118,640.00
4.848905,965.0539,594.00
4.848905,965.0961,649.00
4.848905,965.1382,652.00
4.848905,965.1805,646.00
4.848905,965.2226,582.00
4.848905,965.2648,663.00
4.848905,965.3069,602.00
4.848905,965.3491,666.00
4.848905,965.3912,635.00
4.848905,965.4333,679.00
4.848905,965.4755,621.00
4.848905,965.5176,663.00
4.848905,965.5598,605.00
4.848905,965.6019,693.00
4.848905,965.6439,579.00
4.848905,965.6861,626.00
4.848905,965.7281,613.00
4.848905,965.7702,622.00
4.848905,965.8123,594.00
4.848905,965.8543,627.00
4.848905,965.8964,591.00
4.848905,965.9385,624.00
4.848905,965.9806,617.00
4.848905,966.0226,651.00
4.848905,966.0647,595.00
4.848905,966.1068,611.00
4.848905,966.1487,632.00
4.848905,966.1907,628.00
4.848905,966.2328,595.00
4.848905,966.2748,667.00
4.848905,966.3168,599.00
4.848905,966.3588,646.00
4.848905,966.4008,592.00
4.848905,966.4427,643.00
4.848905,966.4848,617.00
4.848905,966.5268,639.00
4.848905,966.5688,607.00
4.848905,966.6107,648.00
4.848905,966.6526,603.00
4.848905,966.6946,642.00
4.848905,966.7366,575.00
4.848905,966.7785,669.00
4.848905,966.8204,638.00
4.848905,966.8624,637.00
4.848905,966.9042,641.00
4.848905,966.9462,623.00
4.848905,966.9881,596.00
4.848905,967.0300,661.00
4.848905,967.0719,568.00
4.848905,967.1138,676.00
4.848905,967.1556,611.00
4.848905,967.1976,668.00
4.848905,967.2394,640.00
4.848905,967.2813,642.00
4.848905,967.3232,608.00
4.848905,967.3651,643.00
4.848905,967.4070,580.00
4.848905,967.4488,680.00
4.848905,967.4906,579.00
4.848905,967.5324,670.00
4.848905,967.5743,643.00
4.848905,967.6161,658.00
4.848905,967.6579,628.00
4.848905,967.6997,669.00
4.848905,967.7415,623.00
4.848905,967.7833,685.00
4.848905,967.8251,603.00
4.848905,967.8669,682.00
4.848905,967.9087,642.00
4.848905,967.9504,619.00
4.848905,967.9922,636.00
4.848905,968.0339,635.00
4.848905,968.0757,593.00
4.848905,968.1174,667.00
4.848905,968.1592,603.00
4.848905,968.2009,654.00
4.848905,968.2427,599.00
4.848905,968.2844,664.00
4.848905,968.3262,673.00
4.848905,968.3679,647.00
4.848905,968.4095,615.00
4.848905,968.4512,637.00
4.848905,968.4930,596.00
4.848905,968.5347,678.00
4.848905,968.5763,649.00
4.848905,968.6180,689.00
4.848905,968.6597,618.00
4.848905,968.7014,686.00
4.848905,968.7430,601.00
4.848905,968.7846,646.00
4.848905,968.8263,572.00
4.848905,968.8679,667.00
4.848905,968.9095,589.00
4.848905,968.9512,674.00
4.848905,968.9928,637.00
4.848905,969.0344,644.00
4.848905,969.0761,639.00
4.848905,969.1177,632.00
4.848905,969.1592,579.00
4.848905,969.2009,656.00
4.848905,969.2424,616.00
4.848905,969.2839,663.00
4.848905,969.3255,592.00
4.848905,969.3672,675.00
4.848905,969.4087,612.00
4.848905,969.4503,682.00
4.848905,969.4918,583.00
4.848905,969.5333,630.00
4.848905,969.5749,583.00
4.848905,969.6165,644.00
4.848905,969.6580,603.00
4.848905,969.6995,667.00
4.848905,969.7410,633.00
4.848905,969.7825,629.00
4.848905,969.8240,628.00
4.848905,969.8655,641.00
4.848905,969.9070,617.00
4.848905,969.9484,670.00
4.848905,969.9899,606.00
4.848905,970.0314,654.00
4.848905,970.0728,620.00
4.848905,970.1143,640.00
4.848905,970.1558,627.00
4.848905,970.1971,635.00
4.848905,970.2386,567.00
4.848905,970.2801,644.00
4.848905,970.3215,576.00
4.848905,970.3629,661.00
4.848905,970.4044,595.00
4.848905,970.4457,645.00
4.848905,970.4872,626.00
4.848905,970.5286,624.00
4.848905,970.5699,610.00
4.848905,970.6113,631.00
4.848905,970.6527,574.00
4.848905,970.6941,653.00
4.848905,970.7354,612.00
4.848905,970.7768,627.00
4.848905,970.8182,619.00
4.848905,970.8595,629.00
4.848905,970.9009,636.00
4.848905,970.9422,604.00
4.848905,970.9835,589.00
4.848905,971.0248,649.00
4.848905,971.0662,570.00
4.848905,971.1075,636.00
4.848905,971.1487,612.00
4.848905,971.1901,600.00
4.848905,971.2314,588.00
4.848905,971.2727,617.00
4.848905,971.3140,576.00
4.848905,971.3552,626.00
4.848905,971.3965,560.00
4.848905,971.4377,648.00
4.848905,971.4789,604.00
4.848905,971.5203,638.00
4.848905,971.5615,629.00
4.848905,971.6027,620.00
4.848905,971.6439,584.00
4.848905,971.6852,642.00
4.848905,971.7264,593.00
4.848905,971.7676,646.00
4.848905,971.8088,564.00
4.848905,971.8500,612.00
4.848905,971.8912,599.00
4.848905,971.9324,614.00
4.848905,971.9736,629.00
4.848905,972.0148,622.00
4.848905,972.0560,606.00
4.848905,972.0972,665.00
4.848905,972.1384,583.00
4.848905,972.1794,658.00
4.848905,972.2206,631.00
4.848905,972.2617,609.00
4.848905,972.3029,618.00
4.848905,972.3439,587.00
4.848905,972.3851,573.00
4.848905,972.4262,593.00
4.848905,972.4673,534.00
4.848905,972.5085,631.00
4.848905,972.5496,573.00
4.848905,972.5907,604.00
4.848905,972.6317,582.00
4.848905,972.6729,593.00
4.848905,972.7139,565.00
4.848905,972.7549,614.00
4.848905,972.7961,542.00
4.848905,972.8371,597.00
4.848905,972.8781,570.00
4.848905,972.9191,674.00
4.848905,972.9602,603.00
4.848905,973.0013,611.00
4.848905,973.0423,602.00
4.848905,973.0833,619.00
4.848905,973.1243,549.00
4.848905,973.1653,601.00
4.848905,973.2064,555.00
4.848905,973.2473,635.00
4.848905,973.2883,595.00
4.848905,973.3293,624.00
4.848905,973.3703,578.00
4.848905,973.4113,617.00
4.848905,973.4522,571.00
4.848905,973.4931,629.00
4.848905,973.5341,574.00
4.848905,973.5750,631.00
4.848905,973.6160,586.00
4.848905,973.6570,655.00
4.848905,973.6978,608.00
4.848905,973.7388,607.00
4.848905,973.7797,575.00
4.848905,973.8206,599.00
4.848905,973.8615,553.00
4.848905,973.9024,610.00
4.848905,973.9433,591.00
4.848905,973.9842,655.00
4.848905,974.0250,573.00
4.848905,974.0660,604.00
4.848905,974.1068,623.00
4.848905,974.1476,613.00
4.848905,974.1885,573.00
4.848905,974.2294,632.00
4.848905,974.2702,574.00
4.848905,974.3110,641.00
4.848905,974.3519,604.00
4.848905,974.3927,644.00
4.848905,974.4335,608.00
4.848905,974.4743,611.00
4.848905,974.5151,572.00
4.848905,974.5559,654.00
4.848905,974.5967,576.00
4.848905,974.6375,666.00
4.848905,974.6783,587.00
4.848905,974.7191,660.00
4.848905,974.7598,597.00
4.848905,974.8006,630.00
4.848905,974.8413,611.00
4.848905,974.8821,633.00
4.848905,974.9229,608.00
4.848905,974.9636,672.00
4.848905,975.0043,615.00
4.848905,975.0450,651.00
4.848905,975.0858,626.00
4.848905,975.1265,664.00
4.848905,975.1672,620.00
4.848905,975.2079,647.00
4.848905,975.2485,595.00
4.848905,975.2892,673.00
4.848905,975.3300,614.00
4.848905,975.3706,676.00
4.848905,975.4113,623.00
4.848905,975.4519,669.00
4.848905,975.4926,644.00
4.848905,975.5333,653.00
4.848905,975.5739,590.00
4.848905,975.6146,647.00
4.848905,975.6552,576.00
4.848905,975.6958,662.00
4.848905,975.7363,612.00
4.848905,975.7770,655.00
4.848905,975.8176,633.00
4.848905,975.8582,668.00
4.848905,975.8989,629.00
4.848905,975.9395,640.00
4.848905,975.9800,637.00
4.848905,976.0206,684.00
4.848905,976.0611,620.00
4.848905,976.1017,682.00
4.848905,976.1423,616.00
4.848905,976.1829,658.00
4.848905,976.2234,610.00
4.848905,976.2639,644.00
4.848905,976.3044,593.00
4.848905,976.3450,620.00
4.848905,976.3855,575.00
4.848905,976.4260,649.00
4.848905,976.4665,624.00
4.848905,976.5070,668.00
4.848905,976.5475,638.00
4.848905,976.5880,639.00
4.848905,976.6285,580.00
4.848905,976.6690,664.00
4.848905,976.7095,584.00
4.848905,976.7500,687.00
4.848905,976.7905,613.00
4.848905,976.8308,662.00
4.848905,976.8713,654.00
4.848905,976.9117,638.00
4.848905,976.9521,627.00
4.848905,976.9926,632.00
4.848905,977.0330,611.00
4.848905,977.0734,677.00
4.848905,977.1139,607.00
4.848905,977.1542,647.00
4.848905,977.1947,592.00
4.848905,977.2350,665.00
4.848905,977.2755,620.00
4.848905,977.3158,627.00
4.848905,977.3562,599.00
4.848905,977.3965,672.00
4.848905,977.4370,596.00
4.848905,977.4773,668.00
4.848905,977.5176,623.00
4.848905,977.5579,633.00
4.848905,977.5983,612.00
4.848905,977.6387,632.00
4.848905,977.6790,590.00
4.848905,977.7192,613.00
4.848905,977.7595,598.00
4.848905,977.7999,660.00
4.848905,977.8402,610.00
4.848905,977.8805,625.00
4.848905,977.9208,590.00
4.848905,977.9610,589.00
4.848905,978.0013,576.00
4.848905,978.0417,607.00
4.848905,978.0819,542.00
4.848905,978.1221,605.00
4.848905,978.1624,560.00
4.848905,978.2026,624.00
4.848905,978.2428,549.00
4.848905,978.2831,595.00
4.848905,978.3233,596.00
4.848905,978.3635,592.00
4.848905,978.4037,552.00
4.848905,978.4440,598.00
4.848905,978.4842,567.00
4.848905,978.5244,608.00
4.848905,978.5645,568.00
4.848905,978.6047,602.00
4.848905,978.6449,557.00
4.848905,978.6851,629.00
4.848905,978.7253,560.00
4.848905,978.7654,604.00
4.848905,978.8055,557.00
4.848905,978.8458,596.00
4.848905,978.8859,534.00
4.848905,978.9260,610.00
4.848905,978.9661,580.00
4.848905,979.0062,586.00
4.848905,979.0463,548.00
4.848905,979.0864,585.00
4.848905,979.1266,523.00
4.848905,979.1666,612.00
4.848905,979.2067,547.00
4.848905,979.2469,578.00
4.848905,979.2869,576.00
4.848905,979.3270,577.00
4.848905,979.3671,584.00
4.848905,979.4071,595.00
4.848905,979.4471,537.00
4.848905,979.4871,602.00
4.848905,979.5272,526.00
4.848905,979.5673,634.00
4.848905,979.6072,561.00
4.848905,979.6473,594.00
4.848905,979.6873,583.00
4.848905,979.7273,595.00
4.848905,979.7673,561.00
4.848905,979.8073,588.00
4.848905,979.8473,543.00
4.848905,979.8873,615.00
4.848905,979.9273,553.00
4.848905,979.9673,602.00
4.848905,980.0072,582.00
4.848905,980.0471,571.00
4.848905,980.0872,593.00
4.848905,980.1271,582.00
4.848905,980.1671,555.00
4.848905,980.2069,597.00
4.848905,980.2469,541.00
4.848905,980.2868,616.00
4.848905,980.3267,559.00
4.848905,980.3666,613.00
4.848905,980.4065,586.00
4.848905,980.4464,608.00
4.848905,980.4863,544.00
4.848905,980.5262,599.00
4.848905,980.5660,550.00
4.848905,980.6060,613.00
4.848905,980.6458,552.00
4.848905,980.6857,620.00
4.848905,980.7255,591.00
4.848905,980.7654,585.00
4.848905,980.8052,550.00
4.848905,980.8450,602.00
4.848905,980.8849,550.00
4.848905,980.9247,625.00
4.848905,980.9645,572.00
4.848905,981.0043,615.00
4.848905,981.0441,587.00
4.848905,981.0839,599.00
4.848905,981.1237,572.00
4.848905,981.1635,604.00
4.848905,981.2033,505.00
4.848905,981.2430,623.00
4.848905,981.2828,521.00
4.848905,981.3226,620.00
4.848905,981.3624,554.00
4.848905,981.4021,618.00
4.848905,981.4418,573.00
4.848905,981.4816,614.00
4.848905,981.5213,564.00
4.848905,981.5610,617.00
4.848905,981.6008,549.00
4.848905,981.6404,618.00
4.848905,981.6802,585.00
4.848905,981.7198,590.00
4.848905,981.7596,580.00
4.848905,981.7993,600.00
4.848905,981.8389,529.00
4.848905,981.8786,578.00
4.848905,981.9182,525.00
4.848905,981.9579,596.00
4.848905,981.9976,532.00
4.848905,982.0372,580.00
4.848905,982.0768,549.00
4.848905,982.1165,548.00
4.848905,982.1561,550.00
4.848905,982.1958,574.00
4.848905,982.2354,538.00
4.848905,982.2750,580.00
4.848905,982.3146,554.00
4.848905,982.3541,623.00
4.848905,982.3937,573.00
4.848905,982.4333,579.00
4.848905,982.4730,588.00
4.848905,982.5125,613.00
4.848905,982.5521,535.00
4.848905,982.5917,592.00
4.848905,982.6312,521.00
4.848905,982.6707,598.00
4.848905,982.7103,544.00
4.848905,982.7498,589.00
4.848905,982.7893,542.00
4.848905,982.8289,582.00
4.848905,982.8683,493.00
4.848905,982.9079,558.00
4.848905,982.9474,514.00
4.848905,982.9869,611.00
4.848905,983.0264,529.00
4.848905,983.0659,612.00
4.848905,983.1053,569.00
4.848905,983.1448,561.00
4.848905,983.1843,559.00
4.848905,983.2238,586.00
4.848905,983.2632,546.00
4.848905,983.3027,598.00
4.848905,983.3420,608.00
4.848905,983.3816,567.00
4.848905,983.4210,551.00
4.848905,983.4604,575.00
4.848905,983.4998,551.00
4.848905,983.5392,566.00
4.848905,983.5786,539.00
4.848905,983.6180,563.00
4.848905,983.6574,523.00
4.848905,983.6968,585.00
4.848905,983.7361,571.00
4.848905,983.7755,575.00
4.848905,983.8149,515.00
4.848905,983.8543,565.00
4.848905,983.8936,564.00
4.848905,983.9329,565.00
4.848905,983.9723,489.00
4.848905,984.0116,595.00
4.848905,984.0510,540.00
4.848905,984.0903,628.00
4.848905,984.1296,560.00
4.848905,984.1689,590.00
4.848905,984.2083,565.00
4.848905,984.2476,562.00
4.848905,984.2868,542.00
4.848905,984.3261,596.00
4.848905,984.3654,535.00
4.848905,984.4046,606.00
4.848905,984.4440,555.00
4.848905,984.4832,583.00
4.848905,984.5225,510.00
4.848905,984.5616,569.00
4.848905,984.6010,507.00
4.848905,984.6402,543.00
4.848905,984.6794,521.00
4.848905,984.7186,585.00
4.848905,984.7578,584.00
4.848905,984.7970,625.00
4.848905,984.8362,579.00
4.848905,984.8755,560.00
4.848905,984.9146,538.00
4.848905,984.9538,582.00
4.848905,984.9930,520.00
4.848905,985.0322,645.00
4.848905,985.0714,562.00
4.848905,985.1105,557.00
4.848905,985.1497,543.00
4.848905,985.1888,562.00
4.848905,985.2279,546.00
4.848905,985.2671,559.00
4.848905,985.3062,536.00
4.848905,985.3453,567.00
4.848905,985.3845,531.00
4.848905,985.4236,581.00
4.848905,985.4626,535.00
4.848905,985.5017,626.00
4.848905,985.5408,587.00
4.848905,985.5799,577.00
4.848905,985.6190,516.00
4.848905,985.6581,571.00
4.848905,985.6971,529.00
4.848905,985.7362,591.00
4.848905,985.7752,540.00
4.848905,985.8143,606.00
4.848905,985.8533,543.00
4.848905,985.8924,588.00
4.848905,985.9314,567.00
4.848905,985.9704,566.00
4.848905,986.0094,513.00
4.848905,986.0484,611.00
4.848905,986.0875,520.00
4.848905,986.1265,603.00
4.848905,986.1655,537.00
4.848905,986.2044,558.00
4.848905,986.2434,535.00
4.848905,986.2823,574.00
4.848905,986.3214,511.00
4.848905,986.3603,574.00
4.848905,986.3992,457.00
4.848905,986.4382,549.00
4.848905,986.4771,529.00
4.848905,986.5161,579.00
4.848905,986.5550,551.00
4.848905,986.5939,572.00
4.848905,986.6329,528.00
4.848905,986.6718,556.00
4.848905,986.7106,523.00
4.848905,986.7495,567.00
4.848905,986.7884,538.00
4.848905,986.8273,574.00
4.848905,986.8661,514.00
4.848905,986.9050,587.00
4.848905,986.9438,525.00
4.848905,986.9828,569.00
4.848905,987.0216,509.00
4.848905,987.0605,597.00
4.848905,987.0993,499.00
4.848905,987.1381,576.00
4.848905,987.1769,530.00
4.848905,987.2158,550.00
4.848905,987.2546,540.00
4.848905,987.2934,585.00
4.848905,987.3322,484.00
4.848905,987.3710,565.00
4.848905,987.4097,489.00
4.848905,987.4486,566.00
4.848905,987.4873,504.00
4.848905,987.5261,544.00
4.848905,987.5649,540.00
4.848905,987.6036,552.00
4.848905,987.6423,505.00
4.848905,987.6812,570.00
4.848905,987.7198,482.00
4.848905,987.7586,590.00
4.848905,987.7972,524.00
4.848905,987.8361,544.00
4.848905,987.8748,529.00
4.848905,987.9135,547.00
4.848905,987.9521,505.00
4.848905,987.9908,550.00
4.848905,988.0295,508.00
4.848905,988.0681,558.00
4.848905,988.1069,495.00
4.848905,988.1456,576.00
4.848905,988.1842,561.00
4.848905,988.2228,574.00
4.848905,988.2615,563.00
4.848905,988.3002,537.00
4.848905,988.3388,462.00
4.848905,988.3774,538.00
4.848905,988.4160,493.00
4.848905,988.4546,567.00
4.848905,988.4933,514.00
4.848905,988.5319,553.00
4.848905,988.5704,525.00
4.848905,988.6090,464.00
4.848905,988.6476,465.00
4.848905,988.6862,549.00
4.848905,988.7248,512.00
4.848905,988.7634,588.00
4.848905,988.8019,514.00
4.848905,988.8405,536.00
4.848905,988.8790,528.00
4.848905,988.9176,556.00
4.848905,988.9561,510.00
4.848905,988.9946,495.00
4.848905,989.0332,528.00
4.848905,989.0717,538.00
4.848905,989.1102,504.00
4.848905,989.1487,543.00
4.848905,989.1871,503.00
4.848905,989.2256,530.00
4.848905,989.2641,515.00
4.848905,989.3027,526.00
4.848905,989.3411,515.00
4.848905,989.3795,539.00
4.848905,989.4180,473.00
4.848905,989.4565,565.00
4.848905,989.4949,483.00
4.848905,989.5334,535.00
4.848905,989.5718,523.00
4.848905,989.6102,526.00
4.848905,989.6486,516.00
4.848905,989.6871,555.00
4.848905,989.7255,503.00
4.848905,989.7639,525.00
4.848905,989.8022,501.00
4.848905,989.8407,560.00
4.848905,989.8791,535.00
4.848905,989.9174,523.00
4.848905,989.9558,492.00
4.848905,989.9941,560.00
4.848905,990.0325,514.00
4.848905,990.0709,601.00
4.848905,990.1093,507.00
4.848905,990.1475,546.00
4.848905,990.1859,538.00
4.848905,990.2242,527.00
4.848905,990.2626,516.00
4.848905,990.3008,509.00
4.848905,990.3391,499.00
4.848905,990.3774,561.00
4.848905,990.4157,517.00
4.848905,990.4540,582.00
4.848905,990.4924,500.00
4.848905,990.5306,555.00
4.848905,990.5688,554.00
4.848905,990.6071,530.00
4.848905,990.6454,505.00
4.848905,990.6837,536.00
4.848905,990.7219,477.00
4.848905,990.7601,565.00
4.848905,990.7983,523.00
4.848905,990.8365,596.00
4.848905,990.8748,514.00
4.848905,990.9130,554.00
4.848905,990.9512,544.00
4.848905,990.9893,571.00
4.848905,991.0276,524.00
4.848905,991.0658,547.00
4.848905,991.1039,477.00
4.848905,991.1421,580.00
4.848905,991.1802,543.00
4.848905,991.2184,542.00
4.848905,991.2565,479.00
4.848905,991.2947,554.00
4.848905,991.3329,498.00
4.848905,991.3710,553.00
4.848905,991.4091,527.00
4.848905,991.4473,565.00
4.848905,991.4854,553.00
4.848905,991.5234,561.00
4.848905,991.5616,540.00
4.848905,991.5997,539.00
4.848905,991.6378,532.00
4.848905,991.6758,578.00
4.848905,991.7139,488.00
4.848905,991.7520,558.00
4.848905,991.7900,507.00
4.848905,991.8282,570.00
4.848905,991.8661,557.00
4.848905,991.9042,564.00
4.848905,991.9422,533.00
4.848905,991.9803,551.00
4.848905,992.0182,479.00
4.848905,992.0563,584.00
4.848905,992.0944,516.00
4.848905,992.1323,562.00
4.848905,992.1703,535.00
4.848905,992.2084,569.00
4.848905,992.2463,530.00
4.848905,992.2844,564.00
4.848905,992.3223,523.00
4.848905,992.3602,557.00
4.848905,992.3982,518.00
4.848905,992.4362,585.00
4.848905,992.4741,550.00
4.848905,992.5120,585.00
4.848905,992.5500,548.00
4.848905,992.5879,537.00
4.848905,992.6259,518.00
4.848905,992.6638,565.00
4.848905,992.7017,512.00
4.848905,992.7396,580.00
4.848905,992.7775,548.00
4.848905,992.8154,601.00
4.848905,992.8533,532.00
4.848905,992.8912,554.00
4.848905,992.9290,552.00
4.848905,992.9669,574.00
4.848905,993.0048,528.00
4.848905,993.0426,566.00
4.848905,993.0804,551.00
4.848905,993.1183,588.00
4.848905,993.1561,529.00
4.848905,993.1940,556.00
4.848905,993.2318,573.00
4.848905,993.2696,569.00
4.848905,993.3074,496.00
4.848905,993.3452,552.00
4.848905,993.3830,522.00
4.848905,993.4208,560.00
4.848905,993.4586,516.00
4.848905,993.4963,582.00
4.848905,993.5341,546.00
4.848905,993.5719,537.00
4.848905,993.6096,494.00
4.848905,993.6474,578.00
4.848905,993.6851,507.00
4.848905,993.7228,553.00
4.848905,993.7606,558.00
4.848905,993.7984,549.00
4.848905,993.8361,525.00
4.848905,993.8738,581.00
4.848905,993.9115,534.00
4.848905,993.9492,543.00
4.848905,993.9869,492.00
4.848905,994.0245,564.00
4.848905,994.0622,514.00
4.848905,994.0999,575.00
4.848905,994.1376,535.00
4.848905,994.1753,546.00
4.848905,994.2130,540.00
4.848905,994.2505,559.00
4.848905,994.2881,511.00
4.848905,994.3258,587.00
4.848905,994.3634,533.00
4.848905,994.4010,554.00
4.848905,994.4387,515.00
4.848905,994.4763,551.00
4.848905,994.5139,525.00
4.848905,994.5515,536.00
4.848905,994.5891,503.00
4.848905,994.6266,541.00
4.848905,994.6642,503.00
4.848905,994.7018,528.00
4.848905,994.7393,520.00
4.848905,994.7769,553.00
4.848905,994.8145,518.00
4.848905,994.8521,521.00
4.848905,994.8895,526.00
4.848905,994.9271,560.00
4.848905,994.9647,468.00
4.848905,995.0022,559.00
4.848905,995.0397,484.00
4.848905,995.0771,511.00
4.848905,995.1146,538.00
4.848905,995.1522,540.00
4.848905,995.1896,485.00
4.848905,995.2271,542.00
4.848905,995.2646,479.00
4.848905,995.3021,533.00
4.848905,995.3396,508.00
4.848905,995.3770,552.00
4.848905,995.4145,471.00
4.848905,995.4518,563.00
4.848905,995.4893,524.00
4.848905,995.5267,536.00
4.848905,995.5641,526.00
4.848905,995.6016,521.00
4.848905,995.6390,493.00
4.848905,995.6765,518.00
4.848905,995.7138,500.00
4.848905,995.7512,529.00
4.848905,995.7886,518.00
4.848905,995.8260,526.00
4.848905,995.8633,459.00
4.848905,995.9007,504.00
4.848905,995.9380,462.00
4.848905,995.9754,531.00
4.848905,996.0128,505.00
4.848905,996.0501,583.00
4.848905,996.0874,552.00
4.848905,996.1248,543.00
4.848905,996.1621,521.00
4.848905,996.1994,560.00
4.848905,996.2367,485.00
4.848905,996.2740,536.00
4.848905,996.3113,487.00
4.848905,996.3486,552.00
4.848905,996.3859,510.00
4.848905,996.4232,546.00
4.848905,996.4604,550.00
4.848905,996.4977,507.00
4.848905,996.5350,502.00
4.848905,996.5722,527.00
4.848905,996.6094,479.00
4.848905,996.6466,589.00
4.848905,996.6838,497.00
4.848905,996.7211,545.00
4.848905,996.7583,527.00
4.848905,996.7955,559.00
4.848905,996.8327,530.00
4.848905,996.8700,562.00
4.848905,996.9072,528.00
4.848905,996.9443,565.00
4.848905,996.9815,497.00
4.848905,997.0187,547.00
4.848905,997.0558,509.00
4.848905,997.0930,558.00
4.848905,997.1301,520.00
4.848905,997.1672,562.00
4.848905,997.2045,513.00
4.848905,997.2416,562.00
4.848905,997.2787,517.00
4.848905,997.3158,614.00
4.848905,997.3530,523.00
4.848905,997.3900,538.00
4.848905,997.4271,511.00
4.848905,997.4642,540.00
4.848905,997.5013,541.00
4.848905,997.5384,565.00
4.848905,997.5754,525.00
4.848905,997.6126,593.00
4.848905,997.6497,536.00
4.848905,997.6867,554.00
4.848905,997.7238,532.00
4.848905,997.7607,572.00
4.848905,997.7978,496.00
4.848905,997.8348,568.00
4.848905,997.8718,535.00
4.848905,997.9088,580.00
4.848905,997.9458,500.00
4.848905,997.9829,556.00
4.848905,998.0200,568.00
4.848905,998.0569,541.00
4.848905,998.0939,528.00
4.848905,998.1309,568.00
4.848905,998.1678,510.00
4.848905,998.2048,548.00
4.848905,998.2417,530.00
4.848905,998.2786,624.00
4.848905,998.3156,504.00
4.848905,998.3525,585.00
4.848905,998.3896,506.00
4.848905,998.4265,535.00
4.848905,998.4633,534.00
4.848905,998.5003,556.00
4.848905,998.5372,502.00
4.848905,998.5740,595.00
4.848905,998.6110,525.00
4.848905,998.6478,583.00
4.848905,998.6847,528.00
4.848905,998.7217,567.00
4.848905,998.7585,515.00
4.848905,998.7953,516.00
4.848905,998.8322,475.00
4.848905,998.8691,574.00
4.848905,998.9059,487.00
4.848905,998.9427,555.00
4.848905,998.9795,532.00
4.848905,999.0163,587.00
4.848905,999.0531,533.00
4.848905,999.0899,549.00
4.848905,999.1267,503.00
4.848905,999.1636,572.00
4.848905,999.2004,521.00
4.848905,999.2372,572.00
4.848905,999.2739,544.00
4.848905,999.3107,593.00
4.848905,999.3474,522.00
4.848905,999.3842,550.00
4.848905,999.4210,514.00
4.848905,999.4576,546.00
4.848905,999.4946,496.00
4.848905,999.5312,581.00
4.848905,999.5680,535.00
4.848905,999.6047,539.00
4.848905,999.6414,527.00
4.848905,999.6780,550.00
4.848905,999.7147,504.00
4.848905,999.7515,531.00
4.848905,999.7881,501.00
4.848905,999.8248,527.00
4.848905,999.8614,497.00
4.848905,999.8981,546.00
4.848905,999.9349,531.00
4.848905,999.9715,546.00
4.848905,1000.0081,531.00
4.848905,1000.0447,544.00
4.848905,1000.0814,507.00
4.848905,1000.1180,523.00
4.848905,1000.1546,465.00
4.848905,1000.1912,545.00
4.848905,1000.2278,492.00
4.848905,1000.2645,539.00
4.848905,1000.3011,521.00
4.848905,1000.3377,520.00
4.848905,1000.3742,522.00
4.848905,1000.4108,556.00
4.848905,1000.4474,489.00
4.848905,1000.4839,510.00
4.848905,1000.5204,480.00
4.848905,1000.5570,543.00
4.848905,1000.5935,484.00
4.848905,1000.6301,524.00
4.848905,1000.6667,473.00
4.848905,1000.7032,516.00
4.848905,1000.7397,479.00
4.848905,1000.7762,556.00
4.848905,1000.8127,474.00
4.848905,1000.8492,536.00
4.848905,1000.8857,530.00
4.848905,1000.9222,511.00
4.848905,1000.9586,506.00
4.848905,1000.9951,513.00
4.848905,1001.0316,476.00
4.848905,1001.0681,545.00
4.848905,1001.1046,467.00
4.848905,1001.1410,547.00
4.848905,1001.1774,490.00
4.848905,1001.2138,530.00
4.848905,1001.2502,490.00
4.848905,1001.2866,515.00
4.848905,1001.3230,491.00
4.848905,1001.3594,525.00
4.848905,1001.3958,473.00
4.848905,1001.4323,527.00
4.848905,1001.4687,489.00
4.848905,1001.5051,543.00
4.848905,1001.5414,512.00
4.848905,1001.5778,514.00
4.848905,1001.6141,481.00
4.848905,1001.6505,512.00
4.848905,1001.6868,449.00
4.848905,1001.7231,502.00
4.848905,1001.7596,469.00
4.848905,1001.7958,508.00
4.848905,1001.8322,452.00
4.848905,1001.8685,512.00
4.848905,1001.9048,477.00
4.848905,1001.9411,524.00
4.848905,1001.9774,464.00
4.848905,1002.0136,478.00
4.848905,1002.0499,474.00
4.848905,1002.0862,530.00
4.848905,1002.1224,482.00
4.848905,1002.1587,536.00
4.848905,1002.1951,489.00
4.848905,1002.2313,459.00
4.848905,1002.2675,487.00
4.848905,1002.3038,501.00
4.848905,1002.3400,476.00
4.848905,1002.3762,520.00
4.848905,1002.4124,497.00
4.848905,1002.4486,539.00
4.848905,1002.4848,472.00
4.848905,1002.5211,528.00
4.848905,1002.5573,506.00
4.848905,1002.5934,526.00
4.848905,1002.6296,501.00
4.848905,1002.6657,486.00
4.848905,1002.7019,466.00
4.848905,1002.7380,531.00
4.848905,1002.7742,531.00
4.848905,1002.8104,540.00
4.848905,1002.8464,501.00
4.848905,1002.8826,529.00
4.848905,1002.9187,463.00
4.848905,1002.9549,509.00
4.848905,1002.9910,468.00
4.848905,1003.0271,542.00
4.848905,1003.0632,472.00
4.848905,1003.0992,539.00
4.848905,1003.1354,500.00
4.848905,1003.1714,508.00
4.848905,1003.2075,499.00
4.848905,1003.2435,488.00
4.848905,1003.2797,455.00
4.848905,1003.3157,570.00
4.848905,1003.3518,486.00
4.848905,1003.3878,573.00
4.848905,1003.4238,506.00
4.848905,1003.4598,531.00
4.848905,1003.4958,507.00
4.848905,1003.5319,493.00
4.848905,1003.5678,450.00
4.848905,1003.6039,561.00
4.848905,1003.6398,461.00
4.848905,1003.6759,565.00
4.848905,1003.7119,512.00
4.848905,1003.7479,515.00
4.848905,1003.7838,490.00
4.848905,1003.8198,514.00
4.848905,1003.8557,466.00
4.848905,1003.8917,528.00
4.848905,1003.9276,461.00
4.848905,1003.9635,523.00
4.848905,1003.9995,467.00
4.848905,1004.0354,507.00
4.848905,1004.0714,524.00
4.848905,1004.1072,514.00
4.848905,1004.1431,513.00
4.848905,1004.1790,505.00
4.848905,1004.2149,455.00
4.848905,1004.2508,550.00
4.848905,1004.2866,461.00
4.848905,1004.3225,520.00
4.848905,1004.3583,494.00
4.848905,1004.3942,493.00
4.848905,1004.4302,499.00
4.848905,1004.4660,480.00
4.848905,1004.5018,442.00
4.848905,1004.5376,501.00
4.848905,1004.5734,456.00
4.848905,1004.6093,533.00
4.848905,1004.6450,494.00
4.848905,1004.6808,533.00
4.848905,1004.7166,524.00
4.848905,1004.7525,506.00
4.848905,1004.7883,480.00
4.848905,1004.8240,525.00
4.848905,1004.8598,488.00
4.848905,1004.8956,542.00
4.848905,1004.9313,473.00
4.848905,1004.9670,566.00
4.848905,1005.0027,506.00
4.848905,1005.0385,512.00
4.848905,1005.0742,527.00
4.848905,1005.1099,512.00
4.848905,1005.1456,491.00
4.848905,1005.1815,531.00
4.848905,1005.2172,484.00
4.848905,1005.2529,513.00
4.848905,1005.2885,532.00
4.848905,1005.3242,529.00
4.848905,1005.3599,475.00
4.848905,1005.3955,512.00
4.848905,1005.4312,476.00
4.848905,1005.4669,542.00
4.848905,1005.5026,494.00
4.848905,1005.5382,563.00
4.848905,1005.5739,518.00
4.848905,1005.6095,554.00
4.848905,1005.6451,541.00
4.848905,1005.6807,481.00
4.848905,1005.7162,515.00
4.848905,1005.7519,509.00
4.848905,1005.7875,471.00
4.848905,1005.8231,542.00
4.848905,1005.8586,466.00
4.848905,1005.8942,537.00
4.848905,1005.9299,488.00
4.848905,1005.9655,519.00
4.848905,1006.0010,503.00
4.848905,1006.0365,529.00
4.848905,1006.0720,488.00
4.848905,1006.1076,546.00
4.848905,1006.1431,513.00
4.848905,1006.1786,547.00
4.848905,1006.2141,530.00
4.848905,1006.2498,542.00
4.848905,1006.2853,505.00
4.848905,1006.3207,524.00
4.848905,1006.3563,503.00
4.848905,1006.3917,547.00
4.848905,1006.4272,505.00
4.848905,1006.4626,560.00
4.848905,1006.4981,506.00
4.848905,1006.5335,535.00
4.848905,1006.5690,549.00
4.848905,1006.6044,550.00
4.848905,1006.6400,520.00
4.848905,1006.6754,565.00
4.848905,1006.7108,473.00
4.848905,1006.7462,554.00
4.848905,1006.7816,489.00
4.848905,1006.8170,562.00
4.848905,1006.8524,524.00
4.848905,1006.8878,534.00
4.848905,1006.9232,527.00
4.848905,1006.9586,556.00
4.848905,1006.9940,495.00
4.848905,1007.0294,540.00
4.848905,1007.0648,497.00
4.848905,1007.1001,577.00
4.848905,1007.1354,534.00
4.848905,1007.1707,537.00
4.848905,1007.2061,538.00
4.848905,1007.2414,548.00
4.848905,1007.2767,522.00
4.848905,1007.3120,589.00
4.848905,1007.3473,494.00
4.848905,1007.3827,567.00
4.848905,1007.4180,528.00
4.848905,1007.4532,575.00
4.848905,1007.4885,528.00
4.848905,1007.5238,561.00
4.848905,1007.5590,507.00
4.848905,1007.5943,544.00
4.848905,1007.6295,497.00
4.848905,1007.6648,604.00
4.848905,1007.7001,526.00
4.848905,1007.7354,559.00
4.848905,1007.7706,542.00
4.848905,1007.8058,544.00
4.848905,1007.8410,530.00
4.848905,1007.8762,561.00
4.848905,1007.9114,489.00
4.848905,1007.9465,571.00
4.848905,1007.9818,544.00
4.848905,1008.0169,553.00
4.848905,1008.0521,496.00
4.848905,1008.0873,552.00
4.848905,1008.1226,489.00
4.848905,1008.1576,494.00
4.848905,1008.1927,506.00
4.848905,1008.2279,526.00
4.848905,1008.2631,480.00
4.848905,1008.2982,542.00
4.848905,1008.3333,551.00
4.848905,1008.3683,571.00
4.848905,1008.4034,539.00
4.848905,1008.4387,512.00
4.848905,1008.4738,497.00
4.848905,1008.5089,537.00
4.848905,1008.5439,477.00
4.848905,1008.5790,581.00
4.848905,1008.6141,490.00
4.848905,1008.6491,528.00
4.848905,1008.6841,518.00
4.848905,1008.7192,510.00
4.848905,1008.7542,470.00
4.848905,1008.7892,519.00
4.848905,1008.8243,492.00
4.848905,1008.8594,555.00
4.848905,1008.8943,479.00
4.848905,1008.9294,525.00
4.848905,1008.9644,501.00
4.848905,1008.9994,512.00
4.848905,1009.0344,517.00
4.848905,1009.0693,507.00
4.848905,1009.1043,466.00
4.848905,1009.1392,544.00
4.848905,1009.1743,474.00
4.848905,1009.2093,536.00
4.848905,1009.2442,493.00
4.848905,1009.2792,545.00
4.848905,1009.3141,522.00
4.848905,1009.3489,495.00
4.848905,1009.3839,460.00
4.848905,1009.4188,538.00
4.848905,1009.4537,468.00
4.848905,1009.4886,563.00
4.848905,1009.5235,505.00
4.848905,1009.5585,542.00
4.848905,1009.5933,533.00
4.848905,1009.6282,514.00
4.848905,1009.6631,495.00
4.848905,1009.6979,530.00
4.848905,1009.7327,481.00
4.848905,1009.7676,524.00
4.848905,1009.8024,475.00
4.848905,1009.8372,533.00
4.848905,1009.8721,485.00
4.848905,1009.9070,518.00
4.848905,1009.9418,522.00
4.848905,1009.9766,525.00
4.848905,1010.0115,494.00
4.848905,1010.0462,536.00
4.848905,1010.0810,477.00
4.848905,1010.1158,561.00
4.848905,1010.1505,510.00
4.848905,1010.1853,507.00
4.848905,1010.2200,512.00
4.848905,1010.2548,508.00
4.848905,1010.2897,492.00
4.848905,1010.3244,537.00
4.848905,1010.3591,469.00
4.848905,1010.3938,524.00
4.848905,1010.4285,498.00
4.848905,1010.4633,540.00
4.848905,1010.4980,504.00
4.848905,1010.5326,488.00
4.848905,1010.5673,474.00
4.848905,1010.6021,519.00
4.848905,1010.6368,490.00
4.848905,1010.6714,498.00
4.848905,1010.7061,444.00
4.848905,1010.7408,523.00
4.848905,1010.7754,487.00
4.848905,1010.8101,481.00
4.848905,1010.8447,491.00
4.848905,1010.8793,492.00
4.848905,1010.9139,457.00
4.848905,1010.9485,533.00
4.848905,1010.9832,450.00
4.848905,1011.0178,541.00
4.848905,1011.0525,468.00
4.848905,1011.0870,534.00
4.848905,1011.1216,478.00
4.848905,1011.1562,491.00
4.848905,1011.1907,488.00
4.848905,1011.2253,534.00
4.848905,1011.2599,451.00
4.848905,1011.2944,545.00
4.848905,1011.3291,497.00
4.848905,1011.3636,528.00
4.848905,1011.3981,505.00
4.848905,1011.4326,503.00
4.848905,1011.4672,492.00
4.848905,1011.5016,506.00
4.848905,1011.5362,478.00
4.848905,1011.5706,506.00
4.848905,1011.6052,455.00
4.848905,1011.6396,512.00
4.848905,1011.6741,443.00
4.848905,1011.7086,557.00
4.848905,1011.7431,497.00
4.848905,1011.7776,495.00
4.848905,1011.8120,478.00
4.848905,1011.8465,559.00
4.848905,1011.8809,452.00
4.848905,1011.9153,544.00
4.848905,1011.9498,457.00
4.848905,1011.9842,511.00
4.848905,1012.0186,511.00
4.848905,1012.0531,498.00
4.848905,1012.0875,492.00
4.848905,1012.1219,516.00
4.848905,1012.1562,487.00
4.848905,1012.1906,485.00
4.848905,1012.2250,443.00
4.848905,1012.2593,504.00
4.848905,1012.2937,486.00
4.848905,1012.3281,525.00
4.848905,1012.3624,466.00
4.848905,1012.3967,489.00
4.848905,1012.4310,438.00
4.848905,1012.4655,509.00
4.848905,1012.4998,434.00
4.848905,1012.5341,535.00
4.848905,1012.5684,492.00
4.848905,1012.6027,529.00
4.848905,1012.6370,480.00
4.848905,1012.6712,497.00
4.848905,1012.7055,485.00
4.848905,1012.7398,528.00
4.848905,1012.7742,460.00
4.848905,1012.8084,492.00
4.848905,1012.8427,472.00
4.848905,1012.8769,492.00
4.848905,1012.9111,522.00
4.848905,1012.9454,510.00
4.848905,1012.9796,484.00
4.848905,1013.0138,512.00
4.848905,1013.0480,404.00
4.848905,1013.0822,521.00
4.848905,1013.1164,469.00
4.848905,1013.1506,524.00
4.848905,1013.1848,488.00
4.848905,1013.2190,476.00
4.848905,1013.2532,488.00
4.848905,1013.2873,506.00
4.848905,1013.3215,450.00
4.848905,1013.3556,520.00
4.848905,1013.3898,428.00
4.848905,1013.4239,550.00
4.848905,1013.4581,507.00
4.848905,1013.4923,487.00
4.848905,1013.5264,486.00
4.848905,1013.5605,510.00
4.848905,1013.5946,503.00
4.848905,1013.6287,551.00
4.848905,1013.6627,485.00
4.848905,1013.6968,537.00
4.848905,1013.7309,471.00
4.848905,1013.7650,493.00
4.848905,1013.7990,505.00
4.848905,1013.8331,478.00
4.848905,1013.8672,462.00
4.848905,1013.9012,527.00
4.848905,1013.9353,450.00
4.848905,1013.9693,518.00
4.848905,1014.0033,467.00
4.848905,1014.0374,557.00
4.848905,1014.0714,489.00
4.848905,1014.1053,503.00
4.848905,1014.1393,501.00
4.848905,1014.1734,543.00
4.848905,1014.2074,448.00
4.848905,1014.2413,532.00
4.848905,1014.2753,503.00
4.848905,1014.3093,570.00
4.848905,1014.3433,471.00
4.848905,1014.3772,558.00
4.848905,1014.4111,528.00
4.848905,1014.4451,505.00
4.848905,1014.4790,491.00
4.848905,1014.5129,527.00
4.848905,1014.5468,455.00
4.848905,1014.5808,538.00
4.848905,1014.6147,508.00
4.848905,1014.6486,569.00
4.848905,1014.6825,515.00
4.848905,1014.7164,539.00
4.848905,1014.7502,495.00
4.848905,1014.7841,548.00
4.848905,1014.8180,492.00
4.848905,1014.8518,551.00
4.848905,1014.8858,499.00
4.848905,1014.9196,569.00
4.848905,1014.9534,536.00
4.848905,1014.9872,510.00
4.848905,1015.0211,539.00
4.848905,1015.0549,537.00
4.848905,1015.0887,516.00
4.848905,1015.1224,554.00
4.848905,1015.1562,493.00
4.848905,1015.1900,569.00
4.848905,1015.2238,522.00
4.848905,1015.2575,544.00
4.848905,1015.2914,545.00
4.848905,1015.3252,550.00
4.848905,1015.3589,504.00
4.848905,1015.3927,517.00
4.848905,1015.4265,486.00
4.848905,1015.4601,596.00
4.848905,1015.4938,505.00
4.848905,1015.5276,584.00
4.848905,1015.5613,556.00
4.848905,1015.5952,547.00
4.848905,1015.6288,532.00
4.848905,1015.6625,562.00
4.848905,1015.6962,500.00
4.848905,1015.7299,574.00
4.848905,1015.7635,481.00
4.848905,1015.7972,562.00
4.848905,1015.8308,557.00
4.848905,1015.8645,558.00
4.848905,1015.8981,531.00
4.848905,1015.9317,558.00
4.848905,1015.9655,479.00
4.848905,1015.9991,586.00
4.848905,1016.0327,535.00
4.848905,1016.0663,579.00
4.848905,1016.0999,555.00
4.848905,1016.1335,555.00
4.848905,1016.1671,523.00
4.848905,1016.2006,515.00
4.848905,1016.2342,523.00
4.848905,1016.2679,553.00
4.848905,1016.3015,483.00
4.848905,1016.3350,557.00
4.848905,1016.3686,511.00
4.848905,1016.4021,541.00
4.848905,1016.4357,524.00
4.848905,1016.4691,565.00
4.848905,1016.5027,532.00
4.848905,1016.5362,537.00
4.848905,1016.5696,468.00
4.848905,1016.6032,572.00
4.848905,1016.6367,514.00
4.848905,1016.6703,588.00
4.848905,1016.7038,518.00
4.848905,1016.7372,526.00
4.848905,1016.7707,518.00
4.848905,1016.8041,543.00
4.848905,1016.8376,518.00
4.848905,1016.8710,571.00
4.848905,1016.9045,503.00
4.848905,1016.9379,579.00
4.848905,1016.9715,511.00
4.848905,1017.0049,565.00
4.848905,1017.0383,559.00
4.848905,1017.0717,513.00
4.848905,1017.1050,521.00
4.848905,1017.1384,541.00
4.848905,1017.1718,498.00
4.848905,1017.2052,545.00
4.848905,1017.2386,494.00
4.848905,1017.2720,530.00
4.848905,1017.3053,566.00
4.848905,1017.3387,527.00
4.848905,1017.3721,504.00
4.848905,1017.4054,527.00
4.848905,1017.4388,497.00
4.848905,1017.4721,579.00
4.848905,1017.5054,509.00
4.848905,1017.5387,586.00
4.848905,1017.5720,535.00
4.848905,1017.6053,546.00
4.848905,1017.6386,555.00
4.848905,1017.6720,538.00
4.848905,1017.7053,535.00
4.848905,1017.7385,573.00
4.848905,1017.7717,499.00
4.848905,1017.8051,589.00
4.848905,1017.8383,531.00
4.848905,1017.8715,569.00
4.848905,1017.9048,552.00
4.848905,1017.9380,551.00
4.848905,1017.9712,536.00
4.848905,1018.0044,595.00
4.848905,1018.0376,508.00
4.848905,1018.0709,586.00
4.848905,1018.1041,537.00
4.848905,1018.1373,598.00
4.848905,1018.1705,557.00
4.848905,1018.2037,556.00
4.848905,1018.2368,521.00
4.848905,1018.2700,524.00
4.848905,1018.3032,503.00
4.848905,1018.3363,604.00
4.848905,1018.3695,514.00
4.848905,1018.4026,602.00
4.848905,1018.4358,582.00
4.848905,1018.4689,557.00
4.848905,1018.5020,574.00
4.848905,1018.5352,585.00
4.848905,1018.5682,517.00
4.848905,1018.6013,573.00
4.848905,1018.6343,534.00
4.848905,1018.6675,571.00
4.848905,1018.7006,510.00
4.848905,1018.7337,588.00
4.848905,1018.7668,568.00
4.848905,1018.7998,549.00
4.848905,1018.8328,561.00
4.848905,1018.8658,561.00
4.848905,1018.8989,516.00
4.848905,1018.9319,602.00
4.848905,1018.9650,548.00
4.848905,1018.9980,590.00
4.848905,1019.0311,564.00
4.848905,1019.0641,586.00
4.848905,1019.0970,529.00
4.848905,1019.1301,574.00
4.848905,1019.1631,505.00
4.848905,1019.1960,584.00
4.848905,1019.2289,495.00
4.848905,1019.2618,604.00
4.848905,1019.2949,543.00
4.848905,1019.3278,596.00
4.848905,1019.3607,564.00
4.848905,1019.3936,533.00
4.848905,1019.4268,464.00
4.848905,1019.4596,573.00
4.848905,1019.4925,524.00
4.848905,1019.5255,548.00
4.848905,1019.5583,514.00
4.848905,1019.5912,566.00
4.848905,1019.6240,538.00
4.848905,1019.6569,552.00
4.848905,1019.6898,518.00
4.848905,1019.7227,537.00
4.848905,1019.7556,469.00
4.848905,1019.7885,581.00
4.848905,1019.8213,500.00
4.848905,1019.8541,561.00
4.848905,1019.8870,488.00
4.848905,1019.9198,542.00
4.848905,1019.9525,538.00
4.848905,1019.9854,546.00
4.848905,1020.0182,496.00
4.848905,1020.0509,564.00
4.848905,1020.0837,515.00
4.848905,1020.1167,537.00
4.848905,1020.1494,547.00
4.848905,1020.1823,542.00
4.848905,1020.2149,498.00
4.848905,1020.2477,515.00
4.848905,1020.2805,476.00
4.848905,1020.3132,549.00
4.848905,1020.3459,537.00
4.848905,1020.3787,585.00
4.848905,1020.4114,491.00
4.848905,1020.4442,536.00
4.848905,1020.4768,522.00
4.848905,1020.5096,544.00
4.848905,1020.5423,498.00
4.848905,1020.5750,555.00
4.848905,1020.6077,466.00
4.848905,1020.6403,577.00
4.848905,1020.6730,512.00
4.848905,1020.7055,557.00
4.848905,1020.7382,521.00
4.848905,1020.7709,501.00
4.848905,1020.8036,474.00
4.848905,1020.8363,514.00
4.848905,1020.8688,480.00
4.848905,1020.9015,566.00
4.848905,1020.9341,456.00
4.848905,1020.9667,547.00
4.848905,1020.9993,489.00
4.848905,1021.0319,548.00
4.848905,1021.0645,525.00
4.848905,1021.0971,522.00
4.848905,1021.1298,477.00
4.848905,1021.1623,530.00
4.848905,1021.1948,492.00
4.848905,1021.2273,568.00
4.848905,1021.2599,493.00
4.848905,1021.2924,546.00
4.848905,1021.3250,521.00
4.848905,1021.3574,512.00
4.848905,1021.3900,480.00
4.848905,1021.4224,492.00
4.848905,1021.4550,423.00
4.848905,1021.4875,486.00
4.848905,1021.5200,456.00
4.848905,1021.5525,520.00
4.848905,1021.5850,490.00
4.848905,1021.6175,535.00
4.848905,1021.6500,469.00
4.848905,1021.6823,524.00
4.848905,1021.7148,500.00
4.848905,1021.7474,563.00
4.848905,1021.7797,497.00
4.848905,1021.8122,540.00
4.848905,1021.8445,518.00
4.848905,1021.8770,572.00
4.848905,1021.9095,521.00
4.848905,1021.9418,518.00
4.848905,1021.9741,464.00
4.848905,1022.0066,509.00
4.848905,1022.0389,462.00
4.848905,1022.0713,538.00
4.848905,1022.1037,457.00
4.848905,1022.1362,602.00
4.848905,1022.1685,548.00
4.848905,1022.2008,533.00
4.848905,1022.2332,503.00
4.848905,1022.2654,548.00
4.848905,1022.2977,495.00
4.848905,1022.3301,580.00
4.848905,1022.3624,486.00
4.848905,1022.3947,569.00
4.848905,1022.4271,508.00
4.848905,1022.4594,513.00
4.848905,1022.4917,514.00
4.848905,1022.5239,507.00
4.848905,1022.5562,510.00
4.848905,1022.5885,534.00
4.848905,1022.6207,490.00
4.848905,1022.6530,551.00
4.848905,1022.6852,539.00
4.848905,1022.7174,563.00
4.848905,1022.7497,515.00
4.848905,1022.7819,541.00
4.848905,1022.8142,491.00
4.848905,1022.8464,527.00
4.848905,1022.8785,485.00
4.848905,1022.9108,591.00
4.848905,1022.9429,506.00
4.848905,1022.9751,539.00
4.848905,1023.0073,529.00
4.848905,1023.0394,516.00
4.848905,1023.0717,497.00
4.848905,1023.1039,557.00
4.848905,1023.1360,483.00
4.848905,1023.1682,560.00
4.848905,1023.2003,496.00
4.848905,1023.2324,556.00
4.848905,1023.2644,512.00
4.848905,1023.2966,535.00
4.848905,1023.3287,486.00
4.848905,1023.3608,522.00
4.848905,1023.3929,490.00
4.848905,1023.4249,542.00
4.848905,1023.4570,495.00
4.848905,1023.4893,549.00
4.848905,1023.5212,499.00
4.848905,1023.5533,487.00
4.848905,1023.5853,487.00
4.848905,1023.6174,519.00
4.848905,1023.6494,478.00
4.848905,1023.6813,541.00
4.848905,1023.7134,461.00
4.848905,1023.7454,521.00
4.848905,1023.7775,477.00
4.848905,1023.8096,515.00
4.848905,1023.8416,508.00
4.848905,1023.8735,502.00
4.848905,1023.9055,486.00
4.848905,1023.9374,512.00
4.848905,1023.9694,467.00
4.848905,1024.0013,556.00
4.848905,1024.0333,473.00
4.848905,1024.0652,505.00
4.848905,1024.0972,486.00
4.848905,1024.1293,535.00
4.848905,1024.1611,466.00
4.848905,1024.1931,512.00
4.848905,1024.2250,466.00
4.848905,1024.2568,555.00
4.848905,1024.2888,477.00
4.848905,1024.3206,519.00
4.848905,1024.3525,502.00
4.848905,1024.3843,517.00
4.848905,1024.4164,485.00
4.848905,1024.4481,484.00
4.848905,1024.4801,455.00
4.848905,1024.5118,509.00
4.848905,1024.5438,490.00
4.848905,1024.5756,560.00
4.848905,1024.6074,466.00
4.848905,1024.6393,519.00
4.848905,1024.6710,526.00
4.848905,1024.7029,497.00
4.848905,1024.7346,474.00
4.848905,1024.7664,509.00
4.848905,1024.7982,469.00
4.848905,1024.8301,553.00
4.848905,1024.8618,472.00
4.848905,1024.8936,537.00
4.848905,1024.9253,502.00
4.848905,1024.9572,530.00
4.848905,1024.9889,510.00
4.848905,1025.0206,534.00
4.848905,1025.0522,458.00
4.848905,1025.0841,535.00
4.848905,1025.1158,473.00
4.848905,1025.1475,537.00
4.848905,1025.1792,497.00
4.848905,1025.2109,531.00
4.848905,1025.2426,501.00
4.848905,1025.2743,504.00
4.848905,1025.3059,496.00
4.848905,1025.3376,522.00
4.848905,1025.3693,461.00
4.848905,1025.4009,556.00
4.848905,1025.4326,466.00
4.848905,1025.4644,524.00
4.848905,1025.4960,507.00
4.848905,1025.5276,528.00
4.848905,1025.5592,502.00
4.848905,1025.5908,527.00
4.848905,1025.6224,496.00
4.848905,1025.6541,569.00
4.848905,1025.6857,512.00
4.848905,1025.7172,579.00
4.848905,1025.7489,535.00
4.848905,1025.7804,582.00
4.848905,1025.8120,516.00
4.848905,1025.8435,520.00
4.848905,1025.8751,521.00
4.848905,1025.9066,565.00
4.848905,1025.9381,483.00
4.848905,1025.9697,566.00
4.848905,1026.0012,536.00
4.848905,1026.0327,556.00
4.848905,1026.0642,534.00
