# Point:,39
# Setpoint:,1.98545455
# Voltage_V:,1.98545455
# Current_A:,0.02704
# Spectrum_Time_s:,7.817911
# Step_Start_s:,7.729040
# Step_End_s:,7.889877
# Spectrum_Duration_ms:,66.693
# Peak_Wavelength_nm:,930.60
# Peak_Intensity:,11324.0
# Avg_Intensity:,631.1
# Num_Pixels:,4094
# NOTE: All wavelengths are captured simultaneously in one CCD exposure
#       The Relative_Time_s column shows when this entire spectrum was acquired

Relative_Time_s,Wavelength_nm,Intensity
7.817911,845.4307,590.00
7.817911,845.4858,505.00
7.817911,845.5410,575.00
7.817911,845.5963,525.00
7.817911,845.6514,556.00
7.817911,845.7065,519.00
7.817911,845.7617,544.00
7.817911,845.8168,449.00
7.817911,845.8721,560.00
7.817911,845.9272,484.00
7.817911,845.9823,561.00
7.817911,846.0374,498.00
7.817911,846.0926,534.00
7.817911,846.1478,500.00
7.817911,846.2029,538.00
7.817911,846.2579,504.00
7.817911,846.3130,553.00
7.817911,846.3682,459.00
7.817911,846.4233,564.00
7.817911,846.4784,511.00
7.817911,846.5335,592.00
7.817911,846.5886,572.00
7.817911,846.6437,531.00
7.817911,846.6987,512.00
7.817911,846.7538,569.00
7.817911,846.8089,484.00
7.817911,846.8640,578.00
7.817911,846.9190,503.00
7.817911,846.9741,594.00
7.817911,847.0292,526.00
7.817911,847.0842,540.00
7.817911,847.1392,539.00
7.817911,847.1943,551.00
7.817911,847.2493,501.00
7.817911,847.3044,581.00
7.817911,847.3594,506.00
7.817911,847.4144,575.00
7.817911,847.4694,565.00
7.817911,847.5244,550.00
7.817911,847.5795,538.00
7.817911,847.6345,583.00
7.817911,847.6895,509.00
7.817911,847.7444,576.00
7.817911,847.7994,515.00
7.817911,847.8544,591.00
7.817911,847.9094,551.00
7.817911,847.9644,546.00
7.817911,848.0193,500.00
7.817911,848.0743,573.00
7.817911,848.1293,537.00
7.817911,848.1843,577.00
7.817911,848.2392,543.00
7.817911,848.2941,592.00
7.817911,848.3491,566.00
7.817911,848.4040,582.00
7.817911,848.4590,578.00
7.817911,848.5139,585.00
7.817911,848.5688,506.00
7.817911,848.6237,585.00
7.817911,848.6786,527.00
7.817911,848.7336,619.00
7.817911,848.7885,538.00
7.817911,848.8434,625.00
7.817911,848.8983,564.00
7.817911,848.9531,541.00
7.817911,849.0081,567.00
7.817911,849.0630,569.00
7.817911,849.1178,512.00
7.817911,849.1727,614.00
7.817911,849.2275,560.00
7.817911,849.2823,653.00
7.817911,849.3373,552.00
7.817911,849.3921,570.00
7.817911,849.4470,565.00
7.817911,849.5018,562.00
7.817911,849.5566,524.00
7.817911,849.6115,598.00
7.817911,849.6663,529.00
7.817911,849.7211,600.00
7.817911,849.7759,555.00
7.817911,849.8307,600.00
7.817911,849.8856,573.00
7.817911,849.9404,610.00
7.817911,849.9952,528.00
7.817911,850.0500,633.00
7.817911,850.1048,496.00
7.817911,850.1596,616.00
7.817911,850.2144,533.00
7.817911,850.2692,622.00
7.817911,850.3239,562.00
7.817911,850.3787,582.00
7.817911,850.4335,566.00
7.817911,850.4882,606.00
7.817911,850.5430,553.00
7.817911,850.5977,597.00
7.817911,850.6525,551.00
7.817911,850.7072,605.00
7.817911,850.7620,553.00
7.817911,850.8167,612.00
7.817911,850.8715,572.00
7.817911,850.9261,603.00
7.817911,850.9808,518.00
7.817911,851.0356,598.00
7.817911,851.0903,574.00
7.817911,851.1450,622.00
7.817911,851.1996,563.00
7.817911,851.2543,647.00
7.817911,851.3091,605.00
7.817911,851.3638,603.00
7.817911,851.4185,599.00
7.817911,851.4731,649.00
7.817911,851.5278,577.00
7.817911,851.5825,664.00
7.817911,851.6371,607.00
7.817911,851.6918,659.00
7.817911,851.7465,620.00
7.817911,851.8011,616.00
7.817911,851.8558,594.00
7.817911,851.9103,623.00
7.817911,851.9650,551.00
7.817911,852.0196,684.00
7.817911,852.0742,610.00
7.817911,852.1289,617.00
7.817911,852.1835,589.00
7.817911,852.2381,689.00
7.817911,852.2927,642.00
7.817911,852.3473,623.00
7.817911,852.4019,630.00
7.817911,852.4565,670.00
7.817911,852.5111,604.00
7.817911,852.5657,639.00
7.817911,852.6202,603.00
7.817911,852.6747,655.00
7.817911,852.7294,637.00
7.817911,852.7839,700.00
7.817911,852.8385,625.00
7.817911,852.8930,657.00
7.817911,852.9476,607.00
7.817911,853.0022,692.00
7.817911,853.0567,614.00
7.817911,853.1112,672.00
7.817911,853.1658,636.00
7.817911,853.2203,677.00
7.817911,853.2748,630.00
7.817911,853.3293,705.00
7.817911,853.3838,614.00
7.817911,853.4383,668.00
7.817911,853.4928,608.00
7.817911,853.5474,673.00
7.817911,853.6019,668.00
7.817911,853.6563,695.00
7.817911,853.7108,648.00
7.817911,853.7653,678.00
7.817911,853.8198,622.00
7.817911,853.8742,672.00
7.817911,853.9286,645.00
7.817911,853.9832,656.00
7.817911,854.0376,637.00
7.817911,854.0920,707.00
7.817911,854.1465,668.00
7.817911,854.2010,670.00
7.817911,854.2554,636.00
7.817911,854.3098,656.00
7.817911,854.3642,587.00
7.817911,854.4186,676.00
7.817911,854.4731,621.00
7.817911,854.5275,678.00
7.817911,854.5819,660.00
7.817911,854.6363,681.00
7.817911,854.6907,646.00
7.817911,854.7451,660.00
7.817911,854.7994,611.00
7.817911,854.8538,680.00
7.817911,854.9082,638.00
7.817911,854.9626,709.00
7.817911,855.0170,622.00
7.817911,855.0714,683.00
7.817911,855.1257,628.00
7.817911,855.1800,653.00
7.817911,855.2344,618.00
7.817911,855.2888,657.00
7.817911,855.3431,599.00
7.817911,855.3975,668.00
7.817911,855.4518,584.00
7.817911,855.5060,699.00
7.817911,855.5604,646.00
7.817911,855.6147,655.00
7.817911,855.6691,618.00
7.817911,855.7233,638.00
7.817911,855.7776,607.00
7.817911,855.8320,687.00
7.817911,855.8862,595.00
7.817911,855.9406,679.00
7.817911,855.9948,637.00
7.817911,856.0491,705.00
7.817911,856.1035,669.00
7.817911,856.1577,677.00
7.817911,856.2119,641.00
7.817911,856.2662,658.00
7.817911,856.3204,586.00
7.817911,856.3748,700.00
7.817911,856.4290,642.00
7.817911,856.4832,674.00
7.817911,856.5374,637.00
7.817911,856.5916,673.00
7.817911,856.6459,602.00
7.817911,856.7001,691.00
7.817911,856.7543,617.00
7.817911,856.8085,664.00
7.817911,856.8627,654.00
7.817911,856.9169,683.00
7.817911,856.9712,623.00
7.817911,857.0253,646.00
7.817911,857.0795,626.00
7.817911,857.1337,647.00
7.817911,857.1879,653.00
7.817911,857.2421,701.00
7.817911,857.2962,629.00
7.817911,857.3504,667.00
7.817911,857.4045,667.00
7.817911,857.4587,676.00
7.817911,857.5129,672.00
7.817911,857.5670,674.00
7.817911,857.6212,647.00
7.817911,857.6753,727.00
7.817911,857.7294,642.00
7.817911,857.7836,680.00
7.817911,857.8377,675.00
7.817911,857.8918,673.00
7.817911,857.9459,659.00
7.817911,858.0000,657.00
7.817911,858.0541,646.00
7.817911,858.1082,685.00
7.817911,858.1624,660.00
7.817911,858.2164,691.00
7.817911,858.2704,674.00
7.817911,858.3245,703.00
7.817911,858.3787,684.00
7.817911,858.4327,680.00
7.817911,858.4868,629.00
7.817911,858.5408,677.00
7.817911,858.5949,649.00
7.817911,858.6489,686.00
7.817911,858.7030,640.00
7.817911,858.7570,738.00
7.817911,858.8110,660.00
7.817911,858.8651,692.00
7.817911,858.9192,699.00
7.817911,858.9732,696.00
7.817911,859.0272,635.00
7.817911,859.0812,696.00
7.817911,859.1352,616.00
7.817911,859.1892,697.00
7.817911,859.2432,636.00
7.817911,859.2972,705.00
7.817911,859.3512,682.00
7.817911,859.4052,666.00
7.817911,859.4592,636.00
7.817911,859.5132,664.00
7.817911,859.5671,620.00
7.817911,859.6210,717.00
7.817911,859.6750,637.00
7.817911,859.7289,694.00
7.817911,859.7830,610.00
7.817911,859.8369,644.00
7.817911,859.8908,618.00
7.817911,859.9447,624.00
7.817911,859.9987,621.00
7.817911,860.0527,675.00
7.817911,860.1065,582.00
7.817911,860.1605,683.00
7.817911,860.2144,636.00
7.817911,860.2682,664.00
7.817911,860.3222,651.00
7.817911,860.3761,673.00
7.817911,860.4299,619.00
7.817911,860.4838,658.00
7.817911,860.5377,596.00
7.817911,860.5916,657.00
7.817911,860.6455,634.00
7.817911,860.6993,681.00
7.817911,860.7532,645.00
7.817911,860.8071,662.00
7.817911,860.8610,610.00
7.817911,860.9148,629.00
7.817911,860.9687,596.00
7.817911,861.0225,686.00
7.817911,861.0763,643.00
7.817911,861.1301,661.00
7.817911,861.1840,606.00
7.817911,861.2378,654.00
7.817911,861.2916,629.00
7.817911,861.3454,685.00
7.817911,861.3992,612.00
7.817911,861.4531,681.00
7.817911,861.5068,595.00
7.817911,861.5606,686.00
7.817911,861.6144,624.00
7.817911,861.6682,662.00
7.817911,861.7220,606.00
7.817911,861.7758,649.00
7.817911,861.8295,599.00
7.817911,861.8833,642.00
7.817911,861.9370,615.00
7.817911,861.9908,675.00
7.817911,862.0446,620.00
7.817911,862.0983,667.00
7.817911,862.1520,633.00
7.817911,862.2057,663.00
7.817911,862.2595,625.00
7.817911,862.3132,642.00
7.817911,862.3669,603.00
7.817911,862.4206,674.00
7.817911,862.4744,579.00
7.817911,862.5281,668.00
7.817911,862.5818,629.00
7.817911,862.6355,651.00
7.817911,862.6891,641.00
7.817911,862.7429,657.00
7.817911,862.7966,642.00
7.817911,862.8502,646.00
7.817911,862.9039,587.00
7.817911,862.9575,658.00
7.817911,863.0112,650.00
7.817911,863.0648,639.00
7.817911,863.1185,617.00
7.817911,863.1722,631.00
7.817911,863.2258,601.00
7.817911,863.2794,639.00
7.817911,863.3330,593.00
7.817911,863.3867,636.00
7.817911,863.4403,577.00
7.817911,863.4940,652.00
7.817911,863.5475,611.00
7.817911,863.6011,636.00
7.817911,863.6548,634.00
7.817911,863.7084,644.00
7.817911,863.7620,580.00
7.817911,863.8156,631.00
7.817911,863.8691,602.00
7.817911,863.9228,631.00
7.817911,863.9763,610.00
7.817911,864.0299,636.00
7.817911,864.0834,621.00
7.817911,864.1370,639.00
7.817911,864.1906,607.00
7.817911,864.2441,667.00
7.817911,864.2977,604.00
7.817911,864.3512,666.00
7.817911,864.4047,637.00
7.817911,864.4583,641.00
7.817911,864.5118,597.00
7.817911,864.5653,650.00
7.817911,864.6189,581.00
7.817911,864.6724,618.00
7.817911,864.7258,600.00
7.817911,864.7794,642.00
7.817911,864.8329,621.00
7.817911,864.8864,664.00
7.817911,864.9398,639.00
7.817911,864.9933,618.00
7.817911,865.0469,597.00
7.817911,865.1003,640.00
7.817911,865.1538,622.00
7.817911,865.2072,649.00
7.817911,865.2607,637.00
7.817911,865.3142,658.00
7.817911,865.3676,624.00
7.817911,865.4211,633.00
7.817911,865.4745,604.00
7.817911,865.5279,606.00
7.817911,865.5814,601.00
7.817911,865.6348,662.00
7.817911,865.6882,604.00
7.817911,865.7416,664.00
7.817911,865.7950,635.00
7.817911,865.8484,648.00
7.817911,865.9019,617.00
7.817911,865.9552,636.00
7.817911,866.0087,612.00
7.817911,866.0620,615.00
7.817911,866.1154,618.00
7.817911,866.1688,708.00
7.817911,866.2222,602.00
7.817911,866.2755,680.00
7.817911,866.3289,655.00
7.817911,866.3822,651.00
7.817911,866.4356,626.00
7.817911,866.4890,627.00
7.817911,866.5423,638.00
7.817911,866.5956,667.00
7.817911,866.6489,597.00
7.817911,866.7023,685.00
7.817911,866.7556,639.00
7.817911,866.8089,649.00
7.817911,866.8622,641.00
7.817911,866.9155,654.00
7.817911,866.9689,610.00
7.817911,867.0222,655.00
7.817911,867.0755,578.00
7.817911,867.1287,652.00
7.817911,867.1820,619.00
7.817911,867.2354,677.00
7.817911,867.2886,621.00
7.817911,867.3419,651.00
7.817911,867.3951,634.00
7.817911,867.4484,645.00
7.817911,867.5016,588.00
7.817911,867.5549,690.00
7.817911,867.6082,637.00
7.817911,867.6614,647.00
7.817911,867.7146,650.00
7.817911,867.7678,670.00
7.817911,867.8211,641.00
7.817911,867.8743,656.00
7.817911,867.9276,627.00
7.817911,867.9807,647.00
7.817911,868.0339,587.00
7.817911,868.0872,670.00
7.817911,868.1403,644.00
7.817911,868.1935,637.00
7.817911,868.2467,631.00
7.817911,868.2999,665.00
7.817911,868.3531,587.00
7.817911,868.4062,684.00
7.817911,868.4594,614.00
7.817911,868.5126,675.00
7.817911,868.5657,624.00
7.817911,868.6189,635.00
7.817911,868.6721,644.00
7.817911,868.7252,643.00
7.817911,868.7783,619.00
7.817911,868.8315,652.00
7.817911,868.8846,567.00
7.817911,868.9377,656.00
7.817911,868.9908,617.00
7.817911,869.0439,649.00
7.817911,869.0970,654.00
7.817911,869.1501,665.00
7.817911,869.2032,608.00
7.817911,869.2564,626.00
7.817911,869.3094,584.00
7.817911,869.3625,637.00
7.817911,869.4156,606.00
7.817911,869.4688,690.00
7.817911,869.5218,617.00
7.817911,869.5748,656.00
7.817911,869.6279,644.00
7.817911,869.6809,611.00
7.817911,869.7340,575.00
7.817911,869.7870,638.00
7.817911,869.8401,632.00
7.817911,869.8931,688.00
7.817911,869.9462,595.00
7.817911,869.9993,655.00
7.817911,870.0522,635.00
7.817911,870.1052,664.00
7.817911,870.1583,622.00
7.817911,870.2112,693.00
7.817911,870.2642,605.00
7.817911,870.3173,663.00
7.817911,870.3702,630.00
7.817911,870.4232,683.00
7.817911,870.4762,622.00
7.817911,870.5292,638.00
7.817911,870.5822,627.00
7.817911,870.6351,661.00
7.817911,870.6881,619.00
7.817911,870.7410,661.00
7.817911,870.7940,625.00
7.817911,870.8470,697.00
7.817911,870.8999,608.00
7.817911,870.9528,681.00
7.817911,871.0057,668.00
7.817911,871.0587,668.00
7.817911,871.1116,622.00
7.817911,871.1646,668.00
7.817911,871.2175,576.00
7.817911,871.2704,672.00
7.817911,871.3232,634.00
7.817911,871.3762,669.00
7.817911,871.4291,634.00
7.817911,871.4820,666.00
7.817911,871.5348,636.00
7.817911,871.5877,669.00
7.817911,871.6406,638.00
7.817911,871.6935,711.00
7.817911,871.7463,631.00
7.817911,871.7992,668.00
7.817911,871.8521,674.00
7.817911,871.9049,649.00
7.817911,871.9578,667.00
7.817911,872.0106,685.00
7.817911,872.0635,582.00
7.817911,872.1162,683.00
7.817911,872.1691,610.00
7.817911,872.2219,715.00
7.817911,872.2747,632.00
7.817911,872.3275,675.00
7.817911,872.3803,659.00
7.817911,872.4332,665.00
7.817911,872.4860,661.00
7.817911,872.5387,682.00
7.817911,872.5915,625.00
7.817911,872.6443,683.00
7.817911,872.6971,682.00
7.817911,872.7499,692.00
7.817911,872.8026,659.00
7.817911,872.8553,680.00
7.817911,872.9081,649.00
7.817911,872.9609,661.00
7.817911,873.0136,618.00
7.817911,873.0663,685.00
7.817911,873.1191,596.00
7.817911,873.1718,680.00
7.817911,873.2245,672.00
7.817911,873.2773,671.00
7.817911,873.3300,656.00
7.817911,873.3827,662.00
7.817911,873.4354,636.00
7.817911,873.4882,746.00
7.817911,873.5408,647.00
7.817911,873.5935,694.00
7.817911,873.6462,665.00
7.817911,873.6989,674.00
7.817911,873.7515,679.00
7.817911,873.8042,665.00
7.817911,873.8569,643.00
7.817911,873.9096,662.00
7.817911,873.9622,571.00
7.817911,874.0149,705.00
7.817911,874.0675,662.00
7.817911,874.1202,653.00
7.817911,874.1729,637.00
7.817911,874.2255,659.00
7.817911,874.2781,642.00
7.817911,874.3307,645.00
7.817911,874.3834,598.00
7.817911,874.4360,668.00
7.817911,874.4885,635.00
7.817911,874.5411,705.00
7.817911,874.5938,640.00
7.817911,874.6463,653.00
7.817911,874.6990,654.00
7.817911,874.7515,645.00
7.817911,874.8041,608.00
7.817911,874.8567,690.00
7.817911,874.9092,654.00
7.817911,874.9619,691.00
7.817911,875.0144,634.00
7.817911,875.0669,654.00
7.817911,875.1194,669.00
7.817911,875.1720,673.00
7.817911,875.2246,619.00
7.817911,875.2772,697.00
7.817911,875.3296,623.00
7.817911,875.3821,682.00
7.817911,875.4346,636.00
7.817911,875.4872,679.00
7.817911,875.5397,666.00
7.817911,875.5922,701.00
7.817911,875.6447,641.00
7.817911,875.6971,692.00
7.817911,875.7498,595.00
7.817911,875.8022,709.00
7.817911,875.8547,628.00
7.817911,875.9071,702.00
7.817911,875.9596,614.00
7.817911,876.0120,667.00
7.817911,876.0646,656.00
7.817911,876.1169,636.00
7.817911,876.1694,623.00
7.817911,876.2219,699.00
7.817911,876.2743,637.00
7.817911,876.3268,724.00
7.817911,876.3792,618.00
7.817911,876.4316,691.00
7.817911,876.4840,697.00
7.817911,876.5364,650.00
7.817911,876.5889,614.00
7.817911,876.6413,703.00
7.817911,876.6937,619.00
7.817911,876.7460,662.00
7.817911,876.7985,673.00
7.817911,876.8509,705.00
7.817911,876.9032,653.00
7.817911,876.9556,659.00
7.817911,877.0079,631.00
7.817911,877.0604,658.00
7.817911,877.1127,604.00
7.817911,877.1651,708.00
7.817911,877.2174,629.00
7.817911,877.2697,657.00
7.817911,877.3221,639.00
7.817911,877.3744,676.00
7.817911,877.4268,630.00
7.817911,877.4791,644.00
7.817911,877.5314,610.00
7.817911,877.5837,653.00
7.817911,877.6360,614.00
7.817911,877.6884,675.00
7.817911,877.7407,626.00
7.817911,877.7930,645.00
7.817911,877.8452,622.00
7.817911,877.8975,639.00
7.817911,877.9498,621.00
7.817911,878.0021,629.00
7.817911,878.0544,636.00
7.817911,878.1066,669.00
7.817911,878.1589,629.00
7.817911,878.2111,624.00
7.817911,878.2634,648.00
7.817911,878.3157,612.00
7.817911,878.3679,616.00
7.817911,878.4202,662.00
7.817911,878.4724,604.00
7.817911,878.5246,666.00
7.817911,878.5768,588.00
7.817911,878.6290,644.00
7.817911,878.6812,637.00
7.817911,878.7335,628.00
7.817911,878.7856,637.00
7.817911,878.8379,634.00
7.817911,878.8901,596.00
7.817911,878.9422,620.00
7.817911,878.9944,618.00
7.817911,879.0466,682.00
7.817911,879.0988,607.00
7.817911,879.1509,664.00
7.817911,879.2031,624.00
7.817911,879.2552,603.00
7.817911,879.3074,619.00
7.817911,879.3596,663.00
7.817911,879.4117,586.00
7.817911,879.4638,674.00
7.817911,879.5159,579.00
7.817911,879.5681,665.00
7.817911,879.6202,603.00
7.817911,879.6723,633.00
7.817911,879.7244,617.00
7.817911,879.7766,643.00
7.817911,879.8287,584.00
7.817911,879.8808,679.00
7.817911,879.9329,582.00
7.817911,879.9849,656.00
7.817911,880.0370,627.00
7.817911,880.0891,638.00
7.817911,880.1412,631.00
7.817911,880.1932,649.00
7.817911,880.2452,592.00
7.817911,880.2973,673.00
7.817911,880.3495,617.00
7.817911,880.4015,675.00
7.817911,880.4536,636.00
7.817911,880.5056,640.00
7.817911,880.5576,638.00
7.817911,880.6096,638.00
7.817911,880.6616,599.00
7.817911,880.7137,644.00
7.817911,880.7656,566.00
7.817911,880.8176,661.00
7.817911,880.8696,595.00
7.817911,880.9217,627.00
7.817911,880.9737,618.00
7.817911,881.0256,645.00
7.817911,881.0776,618.00
7.817911,881.1296,639.00
7.817911,881.1816,587.00
7.817911,881.2336,659.00
7.817911,881.2855,600.00
7.817911,881.3374,637.00
7.817911,881.3893,629.00
7.817911,881.4413,625.00
7.817911,881.4933,587.00
7.817911,881.5452,652.00
7.817911,881.5972,622.00
7.817911,881.6490,650.00
7.817911,881.7010,622.00
7.817911,881.7530,653.00
7.817911,881.8049,620.00
7.817911,881.8568,625.00
7.817911,881.9086,603.00
7.817911,881.9605,593.00
7.817911,882.0125,608.00
7.817911,882.0643,638.00
7.817911,882.1162,576.00
7.817911,882.1681,649.00
7.817911,882.2199,562.00
7.817911,882.2719,634.00
7.817911,882.3237,585.00
7.817911,882.3755,578.00
7.817911,882.4274,584.00
7.817911,882.4792,633.00
7.817911,882.5311,593.00
7.817911,882.5829,622.00
7.817911,882.6348,601.00
7.817911,882.6866,662.00
7.817911,882.7383,632.00
7.817911,882.7902,646.00
7.817911,882.8420,629.00
7.817911,882.8939,624.00
7.817911,882.9457,533.00
7.817911,882.9974,612.00
7.817911,883.0493,593.00
7.817911,883.1011,654.00
7.817911,883.1528,574.00
7.817911,883.2046,646.00
7.817911,883.2563,622.00
7.817911,883.3081,618.00
7.817911,883.3599,587.00
7.817911,883.4116,633.00
7.817911,883.4634,591.00
7.817911,883.5151,651.00
7.817911,883.5668,621.00
7.817911,883.6187,631.00
7.817911,883.6703,612.00
7.817911,883.7220,641.00
7.817911,883.7738,603.00
7.817911,883.8254,612.00
7.817911,883.8773,561.00
7.817911,883.9289,656.00
7.817911,883.9806,600.00
7.817911,884.0323,667.00
7.817911,884.0840,636.00
7.817911,884.1357,662.00
7.817911,884.1874,602.00
7.817911,884.2391,624.00
7.817911,884.2907,581.00
7.817911,884.3423,624.00
7.817911,884.3940,575.00
7.817911,884.4457,631.00
7.817911,884.4974,618.00
7.817911,884.5490,628.00
7.817911,884.6006,598.00
7.817911,884.6523,643.00
7.817911,884.7039,591.00
7.817911,884.7555,663.00
7.817911,884.8071,612.00
7.817911,884.8588,663.00
7.817911,884.9103,619.00
7.817911,884.9620,667.00
7.817911,885.0136,663.00
7.817911,885.0651,644.00
7.817911,885.1168,619.00
7.817911,885.1683,645.00
7.817911,885.2200,615.00
7.817911,885.2715,677.00
7.817911,885.3231,578.00
7.817911,885.3746,675.00
7.817911,885.4262,644.00
7.817911,885.4778,661.00
7.817911,885.5293,652.00
7.817911,885.5809,681.00
7.817911,885.6324,573.00
7.817911,885.6839,636.00
7.817911,885.7355,598.00
7.817911,885.7870,666.00
7.817911,885.8385,604.00
7.817911,885.8900,626.00
7.817911,885.9415,640.00
7.817911,885.9930,651.00
7.817911,886.0446,595.00
7.817911,886.0960,680.00
7.817911,886.1475,599.00
7.817911,886.1990,676.00
7.817911,886.2504,627.00
7.817911,886.3020,673.00
7.817911,886.3534,648.00
7.817911,886.4048,677.00
7.817911,886.4564,640.00
7.817911,886.5078,659.00
7.817911,886.5593,590.00
7.817911,886.6107,688.00
7.817911,886.6621,620.00
7.817911,886.7136,646.00
7.817911,886.7650,615.00
7.817911,886.8164,639.00
7.817911,886.8679,644.00
7.817911,886.9193,672.00
7.817911,886.9706,591.00
7.817911,887.0220,679.00
7.817911,887.0735,597.00
7.817911,887.1249,652.00
7.817911,887.1762,630.00
7.817911,887.2276,659.00
7.817911,887.2789,639.00
7.817911,887.3304,636.00
7.817911,887.3818,668.00
7.817911,887.4331,661.00
7.817911,887.4844,635.00
7.817911,887.5358,709.00
7.817911,887.5871,618.00
7.817911,887.6385,692.00
7.817911,887.6898,652.00
7.817911,887.7411,655.00
7.817911,887.7925,620.00
7.817911,887.8438,619.00
7.817911,887.8951,604.00
7.817911,887.9464,684.00
7.817911,887.9977,653.00
7.817911,888.0490,716.00
7.817911,888.1003,679.00
7.817911,888.1516,644.00
7.817911,888.2029,622.00
7.817911,888.2542,684.00
7.817911,888.3054,618.00
7.817911,888.3567,661.00
7.817911,888.4080,616.00
7.817911,888.4592,685.00
7.817911,888.5105,628.00
7.817911,888.5618,693.00
7.817911,888.6130,636.00
7.817911,888.6642,650.00
7.817911,888.7155,660.00
7.817911,888.7667,684.00
7.817911,888.8179,614.00
7.817911,888.8691,678.00
7.817911,888.9204,635.00
7.817911,888.9716,664.00
7.817911,889.0228,652.00
7.817911,889.0740,659.00
7.817911,889.1252,657.00
7.817911,889.1764,647.00
7.817911,889.2275,636.00
7.817911,889.2787,698.00
7.817911,889.3299,629.00
7.817911,889.3810,676.00
7.817911,889.4322,669.00
7.817911,889.4835,692.00
7.817911,889.5346,667.00
7.817911,889.5857,672.00
7.817911,889.6368,622.00
7.817911,889.6879,674.00
7.817911,889.7391,610.00
7.817911,889.7903,697.00
7.817911,889.8414,638.00
7.817911,889.8925,699.00
7.817911,889.9435,667.00
7.817911,889.9948,661.00
7.817911,890.0458,632.00
7.817911,890.0969,665.00
7.817911,890.1479,617.00
7.817911,890.1990,663.00
7.817911,890.2501,630.00
7.817911,890.3012,668.00
7.817911,890.3523,632.00
7.817911,890.4034,640.00
7.817911,890.4545,657.00
7.817911,890.5054,623.00
7.817911,890.5566,588.00
7.817911,890.6076,646.00
7.817911,890.6586,596.00
7.817911,890.7097,674.00
7.817911,890.7607,625.00
7.817911,890.8117,662.00
7.817911,890.8627,649.00
7.817911,890.9138,644.00
7.817911,890.9647,595.00
7.817911,891.0157,650.00
7.817911,891.0668,597.00
7.817911,891.1178,672.00
7.817911,891.1688,600.00
7.817911,891.2197,657.00
7.817911,891.2707,627.00
7.817911,891.3217,620.00
7.817911,891.3727,608.00
7.817911,891.4236,634.00
7.817911,891.4745,600.00
7.817911,891.5256,653.00
7.817911,891.5765,582.00
7.817911,891.6275,660.00
7.817911,891.6783,575.00
7.817911,891.7293,632.00
7.817911,891.7802,608.00
7.817911,891.8312,625.00
7.817911,891.8821,576.00
7.817911,891.9330,633.00
7.817911,891.9839,568.00
7.817911,892.0348,650.00
7.817911,892.0857,610.00
7.817911,892.1366,640.00
7.817911,892.1875,610.00
7.817911,892.2383,628.00
7.817911,892.2892,621.00
7.817911,892.3401,639.00
7.817911,892.3911,584.00
7.817911,892.4418,683.00
7.817911,892.4927,642.00
7.817911,892.5436,674.00
7.817911,892.5944,643.00
7.817911,892.6452,638.00
7.817911,892.6961,619.00
7.817911,892.7469,655.00
7.817911,892.7977,613.00
7.817911,892.8485,621.00
7.817911,892.8993,635.00
7.817911,892.9502,673.00
7.817911,893.0010,623.00
7.817911,893.0518,650.00
7.817911,893.1025,594.00
7.817911,893.1534,633.00
7.817911,893.2042,600.00
7.817911,893.2549,663.00
7.817911,893.3057,603.00
7.817911,893.3564,673.00
7.817911,893.4072,662.00
7.817911,893.4580,670.00
7.817911,893.5087,635.00
7.817911,893.5595,661.00
7.817911,893.6102,590.00
7.817911,893.6609,697.00
7.817911,893.7117,571.00
7.817911,893.7625,715.00
7.817911,893.8132,626.00
7.817911,893.8639,683.00
7.817911,893.9146,656.00
7.817911,893.9653,649.00
7.817911,894.0160,631.00
7.817911,894.0667,675.00
7.817911,894.1174,617.00
7.817911,894.1681,674.00
7.817911,894.2188,648.00
7.817911,894.2695,669.00
7.817911,894.3201,629.00
7.817911,894.3708,638.00
7.817911,894.4214,597.00
7.817911,894.4720,670.00
7.817911,894.5228,602.00
7.817911,894.5734,706.00
7.817911,894.6240,617.00
7.817911,894.6746,700.00
7.817911,894.7252,675.00
7.817911,894.7759,637.00
7.817911,894.8265,645.00
7.817911,894.8771,662.00
7.817911,894.9277,568.00
7.817911,894.9783,691.00
7.817911,895.0290,620.00
7.817911,895.0795,716.00
7.817911,895.1301,607.00
7.817911,895.1807,656.00
7.817911,895.2313,643.00
7.817911,895.2819,634.00
7.817911,895.3325,624.00
7.817911,895.3830,635.00
7.817911,895.4336,608.00
7.817911,895.4841,677.00
7.817911,895.5347,635.00
7.817911,895.5852,648.00
7.817911,895.6357,635.00
7.817911,895.6863,664.00
7.817911,895.7368,616.00
7.817911,895.7874,645.00
7.817911,895.8379,570.00
7.817911,895.8884,659.00
7.817911,895.9388,598.00
7.817911,895.9893,674.00
7.817911,896.0399,622.00
7.817911,896.0904,657.00
7.817911,896.1408,657.00
7.817911,896.1913,659.00
7.817911,896.2418,615.00
7.817911,896.2922,667.00
7.817911,896.3427,632.00
7.817911,896.3932,698.00
7.817911,896.4437,671.00
7.817911,896.4941,687.00
7.817911,896.5445,685.00
7.817911,896.5950,642.00
7.817911,896.6454,655.00
7.817911,896.6958,643.00
7.817911,896.7462,605.00
7.817911,896.7967,684.00
7.817911,896.8471,643.00
7.817911,896.8975,689.00
7.817911,896.9479,661.00
7.817911,896.9983,672.00
7.817911,897.0486,616.00
7.817911,897.0991,671.00
7.817911,897.1495,606.00
7.817911,897.1998,684.00
7.817911,897.2502,604.00
7.817911,897.3005,706.00
7.817911,897.3510,653.00
7.817911,897.4013,673.00
7.817911,897.4517,672.00
7.817911,897.5020,654.00
7.817911,897.5523,639.00
7.817911,897.6026,688.00
7.817911,897.6530,620.00
7.817911,897.7033,694.00
7.817911,897.7537,643.00
7.817911,897.8040,657.00
7.817911,897.8542,632.00
7.817911,897.9046,668.00
7.817911,897.9549,643.00
7.817911,898.0051,703.00
7.817911,898.0554,618.00
7.817911,898.1057,696.00
7.817911,898.1560,614.00
7.817911,898.2063,685.00
7.817911,898.2565,657.00
7.817911,898.3068,663.00
7.817911,898.3571,660.00
7.817911,898.4073,639.00
7.817911,898.4576,586.00
7.817911,898.5078,662.00
7.817911,898.5580,597.00
7.817911,898.6083,704.00
7.817911,898.6584,665.00
7.817911,898.7087,659.00
7.817911,898.7590,645.00
7.817911,898.8091,630.00
7.817911,898.8593,640.00
7.817911,898.9095,658.00
7.817911,898.9598,605.00
7.817911,899.0099,676.00
7.817911,899.0601,625.00
7.817911,899.1103,648.00
7.817911,899.1605,617.00
7.817911,899.2107,612.00
7.817911,899.2608,614.00
7.817911,899.3109,636.00
7.817911,899.3611,622.00
7.817911,899.4113,686.00
7.817911,899.4614,618.00
7.817911,899.5115,693.00
7.817911,899.5616,666.00
7.817911,899.6118,641.00
7.817911,899.6619,609.00
7.817911,899.7121,609.00
7.817911,899.7622,576.00
7.817911,899.8123,669.00
7.817911,899.8624,602.00
7.817911,899.9124,656.00
7.817911,899.9626,632.00
7.817911,900.0126,656.00
7.817911,900.0627,628.00
7.817911,900.1127,651.00
7.817911,900.1628,580.00
7.817911,900.2130,658.00
7.817911,900.2631,586.00
7.817911,900.3130,662.00
7.817911,900.3631,629.00
7.817911,900.4131,646.00
7.817911,900.4632,621.00
7.817911,900.5132,639.00
7.817911,900.5633,589.00
7.817911,900.6132,620.00
7.817911,900.6632,607.00
7.817911,900.7133,636.00
7.817911,900.7633,587.00
7.817911,900.8133,652.00
7.817911,900.8633,618.00
7.817911,900.9133,651.00
7.817911,900.9633,616.00
7.817911,901.0133,647.00
7.817911,901.0632,586.00
7.817911,901.1132,617.00
7.817911,901.1631,603.00
7.817911,901.2131,668.00
7.817911,901.2631,631.00
7.817911,901.3130,673.00
7.817911,901.3630,614.00
7.817911,901.4129,657.00
7.817911,901.4628,624.00
7.817911,901.5128,615.00
7.817911,901.5627,592.00
7.817911,901.6126,669.00
7.817911,901.6625,640.00
7.817911,901.7124,650.00
7.817911,901.7623,631.00
7.817911,901.8123,634.00
7.817911,901.8621,612.00
7.817911,901.9120,648.00
7.817911,901.9619,597.00
7.817911,902.0117,675.00
7.817911,902.0616,603.00
7.817911,902.1115,702.00
7.817911,902.1613,654.00
7.817911,902.2112,626.00
7.817911,902.2610,619.00
7.817911,902.3109,649.00
7.817911,902.3608,601.00
7.817911,902.4106,661.00
7.817911,902.4604,605.00
7.817911,902.5103,657.00
7.817911,902.5601,642.00
7.817911,902.6099,662.00
7.817911,902.6597,622.00
7.817911,902.7095,650.00
7.817911,902.7592,616.00
7.817911,902.8090,657.00
7.817911,902.8589,573.00
7.817911,902.9086,677.00
7.817911,902.9584,629.00
7.817911,903.0082,636.00
7.817911,903.0580,624.00
7.817911,903.1077,648.00
7.817911,903.1575,648.00
7.817911,903.2072,640.00
7.817911,903.2570,630.00
7.817911,903.3067,670.00
7.817911,903.3564,602.00
7.817911,903.4062,680.00
7.817911,903.4559,644.00
7.817911,903.5056,645.00
7.817911,903.5553,635.00
7.817911,903.6050,615.00
7.817911,903.6547,600.00
7.817911,903.7045,668.00
7.817911,903.7541,588.00
7.817911,903.8038,687.00
7.817911,903.8535,625.00
7.817911,903.9032,632.00
7.817911,903.9528,592.00
7.817911,904.0025,634.00
7.817911,904.0522,611.00
7.817911,904.1019,650.00
7.817911,904.1515,590.00
7.817911,904.2012,674.00
7.817911,904.2507,611.00
7.817911,904.3004,647.00
7.817911,904.3500,605.00
7.817911,904.3997,617.00
7.817911,904.4493,585.00
7.817911,904.4989,641.00
7.817911,904.5485,585.00
7.817911,904.5980,652.00
7.817911,904.6477,560.00
7.817911,904.6973,616.00
7.817911,904.7469,578.00
7.817911,904.7964,668.00
7.817911,904.8460,604.00
7.817911,904.8956,584.00
7.817911,904.9452,586.00
7.817911,904.9947,615.00
7.817911,905.0443,592.00
7.817911,905.0938,648.00
7.817911,905.1434,604.00
7.817911,905.1929,585.00
7.817911,905.2424,635.00
7.817911,905.2919,658.00
7.817911,905.3414,602.00
7.817911,905.3910,626.00
7.817911,905.4406,616.00
7.817911,905.4901,685.00
7.817911,905.5396,589.00
7.817911,905.5890,635.00
7.817911,905.6385,619.00
7.817911,905.6880,654.00
7.817911,905.7375,626.00
7.817911,905.7870,670.00
7.817911,905.8364,625.00
7.817911,905.8859,651.00
7.817911,905.9354,627.00
7.817911,905.9848,689.00
7.817911,906.0342,665.00
7.817911,906.0837,672.00
7.817911,906.1331,607.00
7.817911,906.1826,645.00
7.817911,906.2321,616.00
7.817911,906.2814,678.00
7.817911,906.3309,580.00
7.817911,906.3802,657.00
7.817911,906.4297,616.00
7.817911,906.4791,650.00
7.817911,906.5285,625.00
7.817911,906.5779,640.00
7.817911,906.6273,608.00
7.817911,906.6766,648.00
7.817911,906.7260,593.00
7.817911,906.7754,680.00
7.817911,906.8248,554.00
7.817911,906.8741,654.00
7.817911,906.9235,604.00
7.817911,906.9729,622.00
7.817911,907.0222,606.00
7.817911,907.0715,655.00
7.817911,907.1208,585.00
7.817911,907.1702,668.00
7.817911,907.2195,637.00
7.817911,907.2688,655.00
7.817911,907.3181,639.00
7.817911,907.3674,646.00
7.817911,907.4167,638.00
7.817911,907.4660,622.00
7.817911,907.5153,581.00
7.817911,907.5646,637.00
7.817911,907.6139,587.00
7.817911,907.6631,683.00
7.817911,907.7125,621.00
7.817911,907.7617,646.00
7.817911,907.8110,618.00
7.817911,907.8602,651.00
7.817911,907.9094,609.00
7.817911,907.9587,632.00
7.817911,908.0080,563.00
7.817911,908.0572,655.00
7.817911,908.1064,619.00
7.817911,908.1556,660.00
7.817911,908.2048,660.00
7.817911,908.2541,641.00
7.817911,908.3033,661.00
7.817911,908.3524,613.00
7.817911,908.4017,556.00
7.817911,908.4508,648.00
7.817911,908.5000,598.00
7.817911,908.5493,630.00
7.817911,908.5984,612.00
7.817911,908.6475,616.00
7.817911,908.6967,586.00
7.817911,908.7459,629.00
7.817911,908.7950,599.00
7.817911,908.8442,650.00
7.817911,908.8932,626.00
7.817911,908.9424,665.00
7.817911,908.9916,624.00
7.817911,909.0407,645.00
7.817911,909.0898,667.00
7.817911,909.1389,665.00
7.817911,909.1880,600.00
7.817911,909.2372,648.00
7.817911,909.2863,620.00
7.817911,909.3354,669.00
7.817911,909.3845,598.00
7.817911,909.4335,662.00
7.817911,909.4825,646.00
7.817911,909.5317,614.00
7.817911,909.5807,580.00
7.817911,909.6298,673.00
7.817911,909.6789,571.00
7.817911,909.7280,661.00
7.817911,909.7770,603.00
7.817911,909.8260,674.00
7.817911,909.8751,608.00
7.817911,909.9241,647.00
7.817911,909.9731,648.00
7.817911,910.0222,657.00
7.817911,910.0711,641.00
7.817911,910.1201,656.00
7.817911,910.1691,581.00
7.817911,910.2181,654.00
7.817911,910.2672,606.00
7.817911,910.3162,660.00
7.817911,910.3651,634.00
7.817911,910.4141,686.00
7.817911,910.4631,649.00
7.817911,910.5120,629.00
7.817911,910.5610,600.00
7.817911,910.6099,627.00
7.817911,910.6589,645.00
7.817911,910.7078,648.00
7.817911,910.7568,622.00
7.817911,910.8057,646.00
7.817911,910.8546,649.00
7.817911,910.9036,686.00
7.817911,910.9525,618.00
7.817911,911.0013,675.00
7.817911,911.0503,625.00
7.817911,911.0992,658.00
7.817911,911.1481,637.00
7.817911,911.1970,647.00
7.817911,911.2459,615.00
7.817911,911.2948,648.00
7.817911,911.3436,625.00
7.817911,911.3925,650.00
7.817911,911.4414,619.00
7.817911,911.4902,667.00
7.817911,911.5391,666.00
7.817911,911.5880,616.00
7.817911,911.6368,641.00
7.817911,911.6857,661.00
7.817911,911.7344,611.00
7.817911,911.7833,687.00
7.817911,911.8321,614.00
7.817911,911.8809,660.00
7.817911,911.9297,622.00
7.817911,911.9785,675.00
7.817911,912.0273,671.00
7.817911,912.0762,645.00
7.817911,912.1249,648.00
7.817911,912.1737,651.00
7.817911,912.2225,601.00
7.817911,912.2712,645.00
7.817911,912.3201,630.00
7.817911,912.3688,694.00
7.817911,912.4176,641.00
7.817911,912.4663,670.00
7.817911,912.5150,628.00
7.817911,912.5638,645.00
7.817911,912.6125,639.00
7.817911,912.6613,664.00
7.817911,912.7100,637.00
7.817911,912.7587,672.00
7.817911,912.8074,672.00
7.817911,912.8561,669.00
7.817911,912.9048,672.00
7.817911,912.9535,696.00
7.817911,913.0023,650.00
7.817911,913.0510,658.00
7.817911,913.0996,624.00
7.817911,913.1483,700.00
7.817911,913.1969,608.00
7.817911,913.2456,675.00
7.817911,913.2943,683.00
7.817911,913.3430,682.00
7.817911,913.3916,626.00
7.817911,913.4402,668.00
7.817911,913.4888,619.00
7.817911,913.5375,719.00
7.817911,913.5862,641.00
7.817911,913.6348,691.00
7.817911,913.6834,654.00
7.817911,913.7320,683.00
7.817911,913.7806,663.00
7.817911,913.8292,676.00
7.817911,913.8778,631.00
7.817911,913.9264,679.00
7.817911,913.9750,615.00
7.817911,914.0236,695.00
7.817911,914.0721,680.00
7.817911,914.1207,709.00
7.817911,914.1693,643.00
7.817911,914.2178,721.00
7.817911,914.2664,641.00
7.817911,914.3149,692.00
7.817911,914.3635,644.00
7.817911,914.4120,697.00
7.817911,914.4606,650.00
7.817911,914.5090,704.00
7.817911,914.5576,686.00
7.817911,914.6061,710.00
7.817911,914.6546,662.00
7.817911,914.7031,699.00
7.817911,914.7516,634.00
7.817911,914.8001,737.00
7.817911,914.8486,655.00
7.817911,914.8971,721.00
7.817911,914.9456,675.00
7.817911,914.9941,687.00
7.817911,915.0425,660.00
7.817911,915.0910,643.00
7.817911,915.1395,636.00
7.817911,915.1879,725.00
7.817911,915.2363,643.00
7.817911,915.2849,734.00
7.817911,915.3333,671.00
7.817911,915.3817,700.00
7.817911,915.4301,662.00
7.817911,915.4785,715.00
7.817911,915.5269,637.00
7.817911,915.5754,687.00
7.817911,915.6237,684.00
7.817911,915.6721,703.00
7.817911,915.7205,661.00
7.817911,915.7689,702.00
7.817911,915.8173,651.00
7.817911,915.8657,684.00
7.817911,915.9141,643.00
7.817911,915.9623,712.00
7.817911,916.0107,649.00
7.817911,916.0591,723.00
7.817911,916.1075,634.00
7.817911,916.1558,679.00
7.817911,916.2042,644.00
7.817911,916.2524,674.00
7.817911,916.3008,663.00
7.817911,916.3491,661.00
7.817911,916.3974,617.00
7.817911,916.4457,664.00
7.817911,916.4940,643.00
7.817911,916.5423,671.00
7.817911,916.5907,662.00
7.817911,916.6390,682.00
7.817911,916.6872,672.00
7.817911,916.7355,661.00
7.817911,916.7838,657.00
7.817911,916.8320,713.00
7.817911,916.8803,623.00
7.817911,916.9286,706.00
7.817911,916.9768,622.00
7.817911,917.0250,684.00
7.817911,917.0733,694.00
7.817911,917.1216,647.00
7.817911,917.1698,633.00
7.817911,917.2180,653.00
7.817911,917.2662,616.00
7.817911,917.3145,695.00
7.817911,917.3626,659.00
7.817911,917.4109,706.00
7.817911,917.4590,612.00
7.817911,917.5072,708.00
7.817911,917.5554,657.00
7.817911,917.6036,693.00
7.817911,917.6518,641.00
7.817911,917.7000,710.00
7.817911,917.7481,620.00
7.817911,917.7963,700.00
7.817911,917.8444,668.00
7.817911,917.8926,698.00
7.817911,917.9407,669.00
7.817911,917.9888,704.00
7.817911,918.0369,640.00
7.817911,918.0851,664.00
7.817911,918.1332,643.00
7.817911,918.1813,686.00
7.817911,918.2294,646.00
7.817911,918.2776,704.00
7.817911,918.3257,684.00
7.817911,918.3737,669.00
7.817911,918.4218,661.00
7.817911,918.4699,697.00
7.817911,918.5180,636.00
7.817911,918.5660,652.00
7.817911,918.6142,652.00
7.817911,918.6622,682.00
7.817911,918.7103,678.00
7.817911,918.7583,680.00
7.817911,918.8064,686.00
7.817911,918.8544,646.00
7.817911,918.9025,677.00
7.817911,918.9505,697.00
7.817911,918.9985,638.00
7.817911,919.0464,735.00
7.817911,919.0945,661.00
7.817911,919.1426,722.00
7.817911,919.1905,696.00
7.817911,919.2385,669.00
7.817911,919.2866,665.00
7.817911,919.3345,692.00
7.817911,919.3825,641.00
7.817911,919.4304,680.00
7.817911,919.4785,666.00
7.817911,919.5264,714.00
7.817911,919.5744,698.00
7.817911,919.6224,682.00
7.817911,919.6703,658.00
7.817911,919.7182,673.00
7.817911,919.7661,669.00
7.817911,919.8141,687.00
7.817911,919.8620,679.00
7.817911,919.9100,715.00
7.817911,919.9578,666.00
7.817911,920.0057,716.00
7.817911,920.0536,679.00
7.817911,920.1016,677.00
7.817911,920.1495,647.00
7.817911,920.1973,675.00
7.817911,920.2452,612.00
7.817911,920.2932,671.00
7.817911,920.3410,672.00
7.817911,920.3888,711.00
7.817911,920.4367,667.00
7.817911,920.4846,686.00
7.817911,920.5323,641.00
7.817911,920.5803,684.00
7.817911,920.6281,641.00
7.817911,920.6759,731.00
7.817911,920.7237,655.00
7.817911,920.7715,732.00
7.817911,920.8195,648.00
7.817911,920.8672,642.00
7.817911,920.9150,653.00
7.817911,920.9628,661.00
7.817911,921.0106,654.00
7.817911,921.0584,720.00
7.817911,921.1062,595.00
7.817911,921.1540,676.00
7.817911,921.2017,644.00
7.817911,921.2495,643.00
7.817911,921.2973,670.00
7.817911,921.3450,651.00
7.817911,921.3928,604.00
7.817911,921.4405,656.00
7.817911,921.4882,591.00
7.817911,921.5359,677.00
7.817911,921.5837,637.00
7.817911,921.6315,676.00
7.817911,921.6791,624.00
7.817911,921.7269,673.00
7.817911,921.7746,640.00
7.817911,921.8223,626.00
7.817911,921.8700,600.00
7.817911,921.9177,678.00
7.817911,921.9653,634.00
7.817911,922.0130,662.00
7.817911,922.0607,651.00
7.817911,922.1084,654.00
7.817911,922.1561,637.00
7.817911,922.2037,673.00
7.817911,922.2513,627.00
7.817911,922.2990,671.00
7.817911,922.3467,601.00
7.817911,922.3943,680.00
7.817911,922.4419,628.00
7.817911,922.4895,681.00
7.817911,922.5371,651.00
7.817911,922.5848,662.00
7.817911,922.6324,642.00
7.817911,922.6800,668.00
7.817911,922.7276,582.00
7.817911,922.7752,695.00
7.817911,922.8228,655.00
7.817911,922.8704,693.00
7.817911,922.9179,638.00
7.817911,922.9655,697.00
7.817911,923.0130,643.00
7.817911,923.0607,697.00
7.817911,923.1082,606.00
7.817911,923.1558,691.00
7.817911,923.2032,632.00
7.817911,923.2508,669.00
7.817911,923.2983,674.00
7.817911,923.3459,669.00
7.817911,923.3934,663.00
7.817911,923.4409,684.00
7.817911,923.4884,624.00
7.817911,923.5359,663.00
7.817911,923.5834,628.00
7.817911,923.6309,677.00
7.817911,923.6784,636.00
7.817911,923.7259,692.00
7.817911,923.7734,639.00
7.817911,923.8209,638.00
7.817911,923.8683,620.00
7.817911,923.9158,668.00
7.817911,923.9632,634.00
7.817911,924.0106,709.00
7.817911,924.0581,601.00
7.817911,924.1056,656.00
7.817911,924.1530,624.00
7.817911,924.2004,683.00
7.817911,924.2479,622.00
7.817911,924.2952,648.00
7.817911,924.3427,586.00
7.817911,924.3901,686.00
7.817911,924.4375,665.00
7.817911,924.4849,689.00
7.817911,924.5323,682.00
7.817911,924.5797,655.00
7.817911,924.6270,663.00
7.817911,924.6744,678.00
7.817911,924.7218,600.00
7.817911,924.7692,687.00
7.817911,924.8165,605.00
7.817911,924.8639,685.00
7.817911,924.9112,631.00
7.817911,924.9585,660.00
7.817911,925.0059,671.00
7.817911,925.0532,650.00
7.817911,925.1005,622.00
7.817911,925.1478,661.00
7.817911,925.1952,602.00
7.817911,925.2424,681.00
7.817911,925.2897,621.00
7.817911,925.3370,695.00
7.817911,925.3843,654.00
7.817911,925.4316,675.00
7.817911,925.4789,634.00
7.817911,925.5262,664.00
7.817911,925.5734,611.00
7.817911,925.6207,673.00
7.817911,925.6680,621.00
7.817911,925.7153,683.00
7.817911,925.7625,652.00
7.817911,925.8097,619.00
7.817911,925.8569,652.00
7.817911,925.9042,670.00
7.817911,925.9514,607.00
7.817911,925.9987,694.00
7.817911,926.0458,613.00
7.817911,926.0930,666.00
7.817911,926.1403,649.00
7.817911,926.1874,665.00
7.817911,926.2346,639.00
7.817911,926.2819,688.00
7.817911,926.3290,599.00
7.817911,926.3762,658.00
7.817911,926.4233,600.00
7.817911,926.4705,689.00
7.817911,926.5177,674.00
7.817911,926.5648,709.00
7.817911,926.6120,687.00
7.817911,926.6591,700.00
7.817911,926.7063,654.00
7.817911,926.7534,671.00
7.817911,926.8005,626.00
7.817911,926.8477,717.00
7.817911,926.8947,664.00
7.817911,926.9418,689.00
7.817911,926.9890,679.00
7.817911,927.0361,681.00
7.817911,927.0831,656.00
7.817911,927.1302,662.00
7.817911,927.1773,652.00
7.817911,927.2244,715.00
7.817911,927.2715,646.00
7.817911,927.3185,690.00
7.817911,927.3656,657.00
7.817911,927.4126,734.00
7.817911,927.4597,703.00
7.817911,927.5067,677.00
7.817911,927.5538,635.00
7.817911,927.6008,722.00
7.817911,927.6478,681.00
7.817911,927.6949,717.00
7.817911,927.7419,664.00
7.817911,927.7888,715.00
7.817911,927.8358,713.00
7.817911,927.8829,724.00
7.817911,927.9299,660.00
7.817911,927.9769,748.00
7.817911,928.0239,677.00
7.817911,928.0708,710.00
7.817911,928.1177,666.00
7.817911,928.1648,750.00
7.817911,928.2117,698.00
7.817911,928.2587,712.00
7.817911,928.3056,699.00
7.817911,928.3525,701.00
7.817911,928.3995,649.00
7.817911,928.4465,731.00
7.817911,928.4934,690.00
7.817911,928.5402,691.00
7.817911,928.5872,666.00
7.817911,928.6340,738.00
7.817911,928.6810,703.00
7.817911,928.7279,693.00
7.817911,928.7748,701.00
7.817911,928.8217,733.00
7.817911,928.8685,687.00
7.817911,928.9155,735.00
7.817911,928.9623,656.00
7.817911,929.0092,726.00
7.817911,929.0560,694.00
7.817911,929.1028,705.00
7.817911,929.1498,681.00
7.817911,929.1965,712.00
7.817911,929.2434,723.00
7.817911,929.2902,789.00
7.817911,929.3370,730.00
7.817911,929.3839,776.00
7.817911,929.4307,798.00
7.817911,929.4775,863.00
7.817911,929.5243,972.00
7.817911,929.5710,1137.00
7.817911,929.6179,1442.00
7.817911,929.6647,2379.00
7.817911,929.7115,3551.00
7.817911,929.7582,5208.00
7.817911,929.8050,5752.00
7.817911,929.8517,4693.00
7.817911,929.8986,3345.00
7.817911,929.9453,3521.00
7.817911,929.9921,3982.00
7.817911,930.0388,3478.00
7.817911,930.0854,2186.00
7.817911,930.1323,1542.00
7.817911,930.1790,1424.00
7.817911,930.2256,1689.00
7.817911,930.2724,1869.00
7.817911,930.3191,2195.00
7.817911,930.3658,2533.00
7.817911,930.4125,2964.00
7.817911,930.4592,3396.00
7.817911,930.5059,6386.00
7.817911,930.5526,10411.00
7.817911,930.5993,11324.00
7.817911,930.6459,9262.00
7.817911,930.6926,7048.00
7.817911,930.7392,4369.00
7.817911,930.7859,2141.00
7.817911,930.8325,1016.00
7.817911,930.8792,849.00
7.817911,930.9258,730.00
7.817911,930.9725,798.00
7.817911,931.0190,752.00
7.817911,931.0657,784.00
7.817911,931.1123,772.00
7.817911,931.1589,747.00
7.817911,931.2055,717.00
7.817911,931.2521,728.00
7.817911,931.2987,664.00
7.817911,931.3453,724.00
7.817911,931.3919,699.00
7.817911,931.4385,726.00
7.817911,931.4850,708.00
7.817911,931.5316,676.00
7.817911,931.5782,652.00
7.817911,931.6248,687.00
7.817911,931.6713,659.00
7.817911,931.7178,712.00
7.817911,931.7643,674.00
7.817911,931.8109,724.00
7.817911,931.8574,691.00
7.817911,931.9039,695.00
7.817911,931.9504,688.00
7.817911,931.9969,689.00
7.817911,932.0435,646.00
7.817911,932.0900,697.00
7.817911,932.1365,625.00
7.817911,932.1829,688.00
7.817911,932.2294,658.00
7.817911,932.2759,719.00
7.817911,932.3223,664.00
7.817911,932.3688,670.00
7.817911,932.4153,676.00
7.817911,932.4617,733.00
7.817911,932.5082,667.00
7.817911,932.5546,740.00
7.817911,932.6011,665.00
7.817911,932.6475,720.00
7.817911,932.6939,700.00
7.817911,932.7402,707.00
7.817911,932.7867,658.00
7.817911,932.8331,688.00
7.817911,932.8795,608.00
7.817911,932.9259,710.00
7.817911,932.9723,647.00
7.817911,933.0187,717.00
7.817911,933.0651,682.00
7.817911,933.1115,702.00
7.817911,933.1578,691.00
7.817911,933.2042,681.00
7.817911,933.2505,656.00
7.817911,933.2969,733.00
7.817911,933.3433,683.00
7.817911,933.3896,715.00
7.817911,933.4359,656.00
7.817911,933.4822,722.00
7.817911,933.5286,670.00
7.817911,933.5749,707.00
7.817911,933.6212,671.00
7.817911,933.6675,704.00
7.817911,933.7138,659.00
7.817911,933.7601,725.00
7.817911,933.8064,665.00
7.817911,933.8527,687.00
7.817911,933.8989,648.00
7.817911,933.9452,691.00
7.817911,933.9915,696.00
7.817911,934.0378,702.00
7.817911,934.0840,651.00
7.817911,934.1302,738.00
7.817911,934.1765,661.00
7.817911,934.2227,732.00
7.817911,934.2690,697.00
7.817911,934.3152,713.00
7.817911,934.3614,701.00
7.817911,934.4077,700.00
7.817911,934.4539,694.00
7.817911,934.5001,742.00
7.817911,934.5463,654.00
7.817911,934.5925,736.00
7.817911,934.6387,710.00
7.817911,934.6848,709.00
7.817911,934.7310,691.00
7.817911,934.7772,717.00
7.817911,934.8234,646.00
7.817911,934.8695,687.00
7.817911,934.9156,650.00
7.817911,934.9619,705.00
7.817911,935.0080,664.00
7.817911,935.0541,721.00
7.817911,935.1002,687.00
7.817911,935.1464,701.00
7.817911,935.1925,652.00
7.817911,935.2386,700.00
7.817911,935.2847,684.00
7.817911,935.3308,727.00
7.817911,935.3769,666.00
7.817911,935.4230,722.00
7.817911,935.4691,668.00
7.817911,935.5152,708.00
7.817911,935.5613,689.00
7.817911,935.6073,705.00
7.817911,935.6534,663.00
7.817911,935.6995,708.00
7.817911,935.7455,632.00
7.817911,935.7916,724.00
7.817911,935.8376,684.00
7.817911,935.8837,731.00
7.817911,935.9297,656.00
7.817911,935.9757,700.00
7.817911,936.0217,652.00
7.817911,936.0677,680.00
7.817911,936.1137,633.00
7.817911,936.1598,690.00
7.817911,936.2057,642.00
7.817911,936.2518,700.00
7.817911,936.2977,658.00
7.817911,936.3437,668.00
7.817911,936.3896,625.00
7.817911,936.4357,693.00
7.817911,936.4816,620.00
7.817911,936.5275,689.00
7.817911,936.5735,616.00
7.817911,936.6194,686.00
7.817911,936.6654,652.00
7.817911,936.7114,654.00
7.817911,936.7573,610.00
7.817911,936.8032,624.00
7.817911,936.8491,587.00
7.817911,936.8950,640.00
7.817911,936.9409,607.00
7.817911,936.9868,723.00
7.817911,937.0327,628.00
7.817911,937.0786,687.00
7.817911,937.1245,666.00
7.817911,937.1704,629.00
7.817911,937.2162,609.00
7.817911,937.2621,662.00
7.817911,937.3080,571.00
7.817911,937.3539,661.00
7.817911,937.3997,602.00
7.817911,937.4455,684.00
7.817911,937.4913,619.00
7.817911,937.5372,659.00
7.817911,937.5831,606.00
7.817911,937.6289,625.00
7.817911,937.6747,630.00
7.817911,937.7205,681.00
7.817911,937.7663,607.00
7.817911,937.8121,687.00
7.817911,937.8579,630.00
7.817911,937.9037,641.00
7.817911,937.9495,644.00
7.817911,937.9952,675.00
7.817911,938.0410,635.00
7.817911,938.0868,675.00
7.817911,938.1325,602.00
7.817911,938.1783,678.00
7.817911,938.2240,609.00
7.817911,938.2698,667.00
7.817911,938.3155,633.00
7.817911,938.3613,627.00
7.817911,938.4069,647.00
7.817911,938.4527,612.00
7.817911,938.4984,629.00
7.817911,938.5441,682.00
7.817911,938.5898,621.00
7.817911,938.6356,693.00
7.817911,938.6812,626.00
7.817911,938.7269,664.00
7.817911,938.7726,637.00
7.817911,938.8182,662.00
7.817911,938.8640,652.00
7.817911,938.9096,689.00
7.817911,938.9552,636.00
7.817911,939.0010,654.00
7.817911,939.0466,685.00
7.817911,939.0922,684.00
7.817911,939.1378,670.00
7.817911,939.1835,686.00
7.817911,939.2291,617.00
7.817911,939.2747,670.00
7.817911,939.3203,628.00
7.817911,939.3659,729.00
7.817911,939.4115,647.00
7.817911,939.4570,690.00
7.817911,939.5027,681.00
7.817911,939.5483,686.00
7.817911,939.5939,642.00
7.817911,939.6395,667.00
7.817911,939.6851,639.00
7.817911,939.7306,714.00
7.817911,939.7761,671.00
7.817911,939.8217,715.00
7.817911,939.8672,691.00
7.817911,939.9127,691.00
7.817911,939.9583,653.00
7.817911,940.0038,677.00
7.817911,940.0493,683.00
7.817911,940.0948,735.00
7.817911,940.1403,651.00
7.817911,940.1859,744.00
7.817911,940.2314,658.00
7.817911,940.2769,695.00
7.817911,940.3223,661.00
7.817911,940.3678,695.00
7.817911,940.4133,650.00
7.817911,940.4588,653.00
7.817911,940.5042,667.00
7.817911,940.5497,754.00
7.817911,940.5952,655.00
7.817911,940.6406,717.00
7.817911,940.6860,698.00
7.817911,940.7315,743.00
7.817911,940.7769,695.00
7.817911,940.8223,711.00
7.817911,940.8677,650.00
7.817911,940.9132,707.00
7.817911,940.9586,665.00
7.817911,941.0040,741.00
7.817911,941.0494,687.00
7.817911,941.0948,697.00
7.817911,941.1402,673.00
7.817911,941.1855,692.00
7.817911,941.2310,654.00
7.817911,941.2762,739.00
7.817911,941.3216,654.00
7.817911,941.3670,750.00
7.817911,941.4124,646.00
7.817911,941.4577,711.00
7.817911,941.5031,687.00
7.817911,941.5483,727.00
7.817911,941.5937,657.00
7.817911,941.6390,717.00
7.817911,941.6843,643.00
7.817911,941.7296,719.00
7.817911,941.7749,637.00
7.817911,941.8203,698.00
7.817911,941.8655,690.00
7.817911,941.9108,679.00
7.817911,941.9561,645.00
7.817911,942.0013,688.00
7.817911,942.0467,659.00
7.817911,942.0920,699.00
7.817911,942.1372,647.00
7.817911,942.1824,720.00
7.817911,942.2277,684.00
7.817911,942.2729,693.00
7.817911,942.3182,665.00
7.817911,942.3634,707.00
7.817911,942.4086,686.00
7.817911,942.4539,670.00
7.817911,942.4990,638.00
7.817911,942.5443,710.00
7.817911,942.5895,677.00
7.817911,942.6347,681.00
7.817911,942.6798,639.00
7.817911,942.7250,665.00
7.817911,942.7702,659.00
7.817911,942.8154,702.00
7.817911,942.8606,626.00
7.817911,942.9058,733.00
7.817911,942.9508,644.00
7.817911,942.9960,713.00
7.817911,943.0412,667.00
7.817911,943.0864,689.00
7.817911,943.1314,644.00
7.817911,943.1766,696.00
7.817911,943.2217,684.00
7.817911,943.2668,717.00
7.817911,943.3120,638.00
7.817911,943.3571,728.00
7.817911,943.4021,664.00
7.817911,943.4473,736.00
7.817911,943.4923,694.00
7.817911,943.5374,671.00
7.817911,943.5825,684.00
7.817911,943.6276,708.00
7.817911,943.6725,630.00
7.817911,943.7177,719.00
7.817911,943.7627,681.00
7.817911,943.8078,650.00
7.817911,943.8528,700.00
7.817911,943.8978,701.00
7.817911,943.9429,645.00
7.817911,943.9879,700.00
7.817911,944.0330,653.00
7.817911,944.0779,726.00
7.817911,944.1229,670.00
7.817911,944.1679,696.00
7.817911,944.2130,666.00
7.817911,944.2579,714.00
7.817911,944.3029,681.00
7.817911,944.3478,623.00
7.817911,944.3929,638.00
7.817911,944.4379,701.00
7.817911,944.4828,653.00
7.817911,944.5277,716.00
7.817911,944.5727,667.00
7.817911,944.6176,697.00
7.817911,944.6626,654.00
7.817911,944.7076,696.00
7.817911,944.7524,658.00
7.817911,944.7974,703.00
7.817911,944.8423,652.00
7.817911,944.8872,687.00
7.817911,944.9321,700.00
7.817911,944.9770,687.00
7.817911,945.0219,675.00
7.817911,945.0667,716.00
7.817911,945.1116,653.00
7.817911,945.1566,674.00
7.817911,945.2014,635.00
7.817911,945.2463,695.00
7.817911,945.2911,646.00
7.817911,945.3360,726.00
7.817911,945.3808,703.00
7.817911,945.4257,687.00
7.817911,945.4705,665.00
7.817911,945.5153,701.00
7.817911,945.5601,637.00
7.817911,945.6050,763.00
7.817911,945.6498,661.00
7.817911,945.6946,684.00
7.817911,945.7394,680.00
7.817911,945.7842,686.00
7.817911,945.8290,651.00
7.817911,945.8738,702.00
7.817911,945.9186,656.00
7.817911,945.9633,704.00
7.817911,946.0081,619.00
7.817911,946.0529,703.00
7.817911,946.0976,689.00
7.817911,946.1423,686.00
7.817911,946.1871,656.00
7.817911,946.2318,697.00
7.817911,946.2766,615.00
7.817911,946.3213,682.00
7.817911,946.3660,631.00
7.817911,946.4107,710.00
7.817911,946.4554,668.00
7.817911,946.5001,685.00
7.817911,946.5449,673.00
7.817911,946.5895,657.00
7.817911,946.6342,627.00
7.817911,946.6789,670.00
7.817911,946.7236,616.00
7.817911,946.7682,688.00
7.817911,946.8129,632.00
7.817911,946.8575,729.00
7.817911,946.9022,641.00
7.817911,946.9468,692.00
7.817911,946.9915,690.00
7.817911,947.0361,696.00
7.817911,947.0807,650.00
7.817911,947.1253,690.00
7.817911,947.1700,612.00
7.817911,947.2146,687.00
7.817911,947.2592,642.00
7.817911,947.3038,721.00
7.817911,947.3483,665.00
7.817911,947.3929,678.00
7.817911,947.4376,621.00
7.817911,947.4821,685.00
7.817911,947.5267,632.00
7.817911,947.5712,682.00
7.817911,947.6158,629.00
7.817911,947.6604,660.00
7.817911,947.7050,666.00
7.817911,947.7495,636.00
7.817911,947.7939,633.00
7.817911,947.8385,674.00
7.817911,947.8831,602.00
7.817911,947.9276,683.00
7.817911,947.9720,640.00
7.817911,948.0166,674.00
7.817911,948.0611,641.00
7.817911,948.1056,655.00
7.817911,948.1501,615.00
7.817911,948.1945,670.00
7.817911,948.2390,647.00
7.817911,948.2835,674.00
7.817911,948.3279,601.00
7.817911,948.3724,699.00
7.817911,948.4169,647.00
7.817911,948.4613,687.00
7.817911,948.5057,649.00
7.817911,948.5502,648.00
7.817911,948.5947,611.00
7.817911,948.6391,683.00
7.817911,948.6835,635.00
7.817911,948.7279,710.00
7.817911,948.7723,670.00
7.817911,948.8167,679.00
7.817911,948.8611,633.00
7.817911,948.9055,633.00
7.817911,948.9498,613.00
7.817911,948.9943,687.00
7.817911,949.0387,629.00
7.817911,949.0830,668.00
7.817911,949.1273,654.00
7.817911,949.1718,672.00
7.817911,949.2161,651.00
7.817911,949.2604,686.00
7.817911,949.3047,648.00
7.817911,949.3491,667.00
7.817911,949.3934,630.00
7.817911,949.4377,673.00
7.817911,949.4821,613.00
7.817911,949.5264,720.00
7.817911,949.5707,643.00
7.817911,949.6150,685.00
7.817911,949.6592,632.00
7.817911,949.7036,642.00
7.817911,949.7479,630.00
7.817911,949.7921,703.00
7.817911,949.8363,652.00
7.817911,949.8806,680.00
7.817911,949.9249,637.00
7.817911,949.9692,681.00
7.817911,950.0134,623.00
7.817911,950.0576,678.00
7.817911,950.1019,658.00
7.817911,950.1461,686.00
7.817911,950.1903,616.00
7.817911,950.2346,711.00
7.817911,950.2787,631.00
7.817911,950.3229,671.00
7.817911,950.3671,631.00
7.817911,950.4114,670.00
7.817911,950.4555,665.00
7.817911,950.4997,677.00
7.817911,950.5439,661.00
7.817911,950.5880,715.00
7.817911,950.6322,619.00
7.817911,950.6763,682.00
7.817911,950.7205,648.00
7.817911,950.7646,696.00
7.817911,950.8088,653.00
7.817911,950.8530,677.00
7.817911,950.8971,677.00
7.817911,950.9412,666.00
7.817911,950.9853,620.00
7.817911,951.0294,700.00
7.817911,951.0735,628.00
7.817911,951.1177,722.00
7.817911,951.1617,685.00
7.817911,951.2057,666.00
7.817911,951.2499,670.00
7.817911,951.2939,672.00
7.817911,951.3380,631.00
7.817911,951.3821,666.00
7.817911,951.4261,645.00
7.817911,951.4702,701.00
7.817911,951.5142,680.00
7.817911,951.5582,685.00
7.817911,951.6024,629.00
7.817911,951.6464,708.00
7.817911,951.6904,640.00
7.817911,951.7344,692.00
7.817911,951.7784,608.00
7.817911,951.8224,722.00
7.817911,951.8665,666.00
7.817911,951.9104,696.00
7.817911,951.9544,630.00
7.817911,951.9984,674.00
7.817911,952.0424,641.00
7.817911,952.0864,693.00
7.817911,952.1303,630.00
7.817911,952.1743,721.00
7.817911,952.2183,679.00
7.817911,952.2621,706.00
7.817911,952.3061,654.00
7.817911,952.3500,707.00
7.817911,952.3940,666.00
7.817911,952.4379,685.00
7.817911,952.4818,649.00
7.817911,952.5258,707.00
7.817911,952.5696,651.00
7.817911,952.6136,739.00
7.817911,952.6574,658.00
7.817911,952.7014,702.00
7.817911,952.7452,635.00
7.817911,952.7891,657.00
7.817911,952.8330,641.00
7.817911,952.8768,715.00
7.817911,952.9207,631.00
7.817911,952.9645,731.00
7.817911,953.0084,646.00
7.817911,953.0522,688.00
7.817911,953.0961,699.00
7.817911,953.1400,675.00
7.817911,953.1838,653.00
7.817911,953.2275,659.00
7.817911,953.2714,656.00
7.817911,953.3152,735.00
7.817911,953.3589,671.00
7.817911,953.4028,696.00
7.817911,953.4466,645.00
7.817911,953.4904,686.00
7.817911,953.5341,661.00
7.817911,953.5779,653.00
7.817911,953.6217,594.00
7.817911,953.6654,682.00
7.817911,953.7092,603.00
7.817911,953.7529,716.00
7.817911,953.7967,616.00
7.817911,953.8405,659.00
7.817911,953.8842,653.00
7.817911,953.9279,645.00
7.817911,953.9716,646.00
7.817911,954.0153,668.00
7.817911,954.0590,631.00
7.817911,954.1027,666.00
7.817911,954.1464,654.00
7.817911,954.1901,663.00
7.817911,954.2338,624.00
7.817911,954.2774,653.00
7.817911,954.3212,627.00
7.817911,954.3648,695.00
7.817911,954.4084,617.00
7.817911,954.4521,678.00
7.817911,954.4958,642.00
7.817911,954.5394,667.00
7.817911,954.5831,639.00
7.817911,954.6267,656.00
7.817911,954.6703,641.00
7.817911,954.7139,653.00
7.817911,954.7576,625.00
7.817911,954.8012,703.00
7.817911,954.8448,626.00
7.817911,954.8884,710.00
7.817911,954.9319,630.00
7.817911,954.9755,658.00
7.817911,955.0191,645.00
7.817911,955.0627,607.00
7.817911,955.1063,581.00
7.817911,955.1498,635.00
7.817911,955.1934,613.00
7.817911,955.2369,664.00
7.817911,955.2805,587.00
7.817911,955.3240,696.00
7.817911,955.3675,651.00
7.817911,955.4111,646.00
7.817911,955.4546,610.00
7.817911,955.4981,661.00
7.817911,955.5416,594.00
7.817911,955.5851,649.00
7.817911,955.6285,605.00
7.817911,955.6722,685.00
7.817911,955.7156,626.00
7.817911,955.7590,649.00
7.817911,955.8025,624.00
7.817911,955.8460,664.00
7.817911,955.8895,622.00
7.817911,955.9329,671.00
7.817911,955.9764,624.00
7.817911,956.0198,682.00
7.817911,956.0632,636.00
7.817911,956.1067,697.00
7.817911,956.1501,649.00
7.817911,956.1935,666.00
7.817911,956.2369,615.00
7.817911,956.2803,654.00
7.817911,956.3238,592.00
7.817911,956.3671,678.00
7.817911,956.4105,617.00
7.817911,956.4539,689.00
7.817911,956.4973,655.00
7.817911,956.5406,628.00
7.817911,956.5841,631.00
7.817911,956.6274,640.00
7.817911,956.6707,612.00
7.817911,956.7141,691.00
7.817911,956.7575,654.00
7.817911,956.8008,665.00
7.817911,956.8442,608.00
7.817911,956.8875,664.00
7.817911,956.9308,663.00
7.817911,956.9741,655.00
7.817911,957.0174,636.00
7.817911,957.0607,646.00
7.817911,957.1040,616.00
7.817911,957.1473,677.00
7.817911,957.1906,629.00
7.817911,957.2339,660.00
7.817911,957.2772,621.00
7.817911,957.3204,658.00
7.817911,957.3636,620.00
7.817911,957.4069,674.00
7.817911,957.4502,622.00
7.817911,957.4934,694.00
7.817911,957.5366,657.00
7.817911,957.5799,648.00
7.817911,957.6230,639.00
7.817911,957.6664,683.00
7.817911,957.7095,645.00
7.817911,957.7527,666.00
7.817911,957.7959,620.00
7.817911,957.8392,697.00
7.817911,957.8823,641.00
7.817911,957.9255,728.00
7.817911,957.9687,655.00
7.817911,958.0118,682.00
7.817911,958.0551,644.00
7.817911,958.0983,694.00
7.817911,958.1414,624.00
7.817911,958.1845,687.00
7.817911,958.2277,627.00
7.817911,958.2708,696.00
7.817911,958.3139,639.00
7.817911,958.3571,696.00
7.817911,958.4001,659.00
7.817911,958.4432,669.00
7.817911,958.4864,672.00
7.817911,958.5295,681.00
7.817911,958.5726,670.00
7.817911,958.6157,709.00
7.817911,958.6588,658.00
7.817911,958.7018,690.00
7.817911,958.7449,628.00
7.817911,958.7879,683.00
7.817911,958.8311,644.00
7.817911,958.8741,687.00
7.817911,958.9171,597.00
7.817911,958.9601,672.00
7.817911,959.0032,647.00
7.817911,959.0463,726.00
7.817911,959.0893,681.00
7.817911,959.1323,684.00
7.817911,959.1752,690.00
7.817911,959.2183,703.00
7.817911,959.2613,659.00
7.817911,959.3043,716.00
7.817911,959.3472,620.00
7.817911,959.3903,701.00
7.817911,959.4332,651.00
7.817911,959.4763,677.00
7.817911,959.5192,628.00
7.817911,959.5621,658.00
7.817911,959.6051,624.00
7.817911,959.6480,687.00
7.817911,959.6910,582.00
7.817911,959.7339,670.00
7.817911,959.7768,621.00
7.817911,959.8198,660.00
7.817911,959.8627,609.00
7.817911,959.9056,659.00
7.817911,959.9485,607.00
7.817911,959.9915,656.00
7.817911,960.0343,582.00
7.817911,960.0771,692.00
7.817911,960.1201,615.00
7.817911,960.1630,665.00
7.817911,960.2058,652.00
7.817911,960.2487,629.00
7.817911,960.2915,632.00
7.817911,960.3344,637.00
7.817911,960.3773,584.00
7.817911,960.4200,650.00
7.817911,960.4629,602.00
7.817911,960.5057,662.00
7.817911,960.5485,618.00
7.817911,960.5914,656.00
7.817911,960.6342,635.00
7.817911,960.6770,625.00
7.817911,960.7198,629.00
7.817911,960.7626,613.00
7.817911,960.8054,592.00
7.817911,960.8481,669.00
7.817911,960.8909,656.00
7.817911,960.9337,674.00
7.817911,960.9764,598.00
7.817911,961.0192,640.00
7.817911,961.0620,572.00
7.817911,961.1047,648.00
7.817911,961.1475,599.00
7.817911,961.1902,605.00
7.817911,961.2329,590.00
7.817911,961.2757,634.00
7.817911,961.3184,618.00
7.817911,961.3611,605.00
7.817911,961.4037,608.00
7.817911,961.4465,653.00
7.817911,961.4892,603.00
7.817911,961.5319,653.00
7.817911,961.5745,590.00
7.817911,961.6172,684.00
7.817911,961.6599,630.00
7.817911,961.7026,657.00
7.817911,961.7452,634.00
7.817911,961.7878,651.00
7.817911,961.8304,630.00
7.817911,961.8731,669.00
7.817911,961.9157,604.00
7.817911,961.9584,643.00
7.817911,962.0010,609.00
7.817911,962.0436,657.00
7.817911,962.0862,632.00
7.817911,962.1288,638.00
7.817911,962.1714,609.00
7.817911,962.2140,638.00
7.817911,962.2565,588.00
7.817911,962.2991,660.00
7.817911,962.3417,577.00
7.817911,962.3843,668.00
7.817911,962.4268,645.00
7.817911,962.4694,638.00
7.817911,962.5119,620.00
7.817911,962.5545,668.00
7.817911,962.5970,608.00
7.817911,962.6396,676.00
7.817911,962.6821,609.00
7.817911,962.7246,698.00
7.817911,962.7671,636.00
7.817911,962.8096,672.00
7.817911,962.8522,620.00
7.817911,962.8947,622.00
7.817911,962.9371,607.00
7.817911,962.9796,638.00
7.817911,963.0222,604.00
7.817911,963.0646,636.00
7.817911,963.1070,611.00
7.817911,963.1495,649.00
7.817911,963.1919,657.00
7.817911,963.2344,666.00
7.817911,963.2768,624.00
7.817911,963.3193,659.00
7.817911,963.3616,618.00
7.817911,963.4041,696.00
7.817911,963.4465,615.00
7.817911,963.4889,670.00
7.817911,963.5314,637.00
7.817911,963.5737,651.00
7.817911,963.6161,650.00
7.817911,963.6585,645.00
7.817911,963.7009,603.00
7.817911,963.7433,646.00
7.817911,963.7856,617.00
7.817911,963.8280,689.00
7.817911,963.8704,612.00
7.817911,963.9127,653.00
7.817911,963.9551,617.00
7.817911,963.9974,628.00
7.817911,964.0397,638.00
7.817911,964.0820,662.00
7.817911,964.1244,618.00
7.817911,964.1667,674.00
7.817911,964.2090,638.00
7.817911,964.2513,653.00
7.817911,964.2936,623.00
7.817911,964.3359,659.00
7.817911,964.3782,623.00
7.817911,964.4205,647.00
7.817911,964.4627,614.00
7.817911,964.5050,647.00
7.817911,964.5472,591.00
7.817911,964.5895,675.00
7.817911,964.6317,619.00
7.817911,964.6740,655.00
7.817911,964.7162,635.00
7.817911,964.7585,625.00
7.817911,964.8007,593.00
7.817911,964.8429,627.00
7.817911,964.8851,591.00
7.817911,964.9273,663.00
7.817911,964.9695,580.00
7.817911,965.0118,648.00
7.817911,965.0539,613.00
7.817911,965.0961,623.00
7.817911,965.1382,655.00
7.817911,965.1805,652.00
7.817911,965.2226,594.00
7.817911,965.2648,670.00
7.817911,965.3069,629.00
7.817911,965.3491,667.00
7.817911,965.3912,622.00
7.817911,965.4333,659.00
7.817911,965.4755,623.00
7.817911,965.5176,646.00
7.817911,965.5598,595.00
7.817911,965.6019,643.00
7.817911,965.6439,619.00
7.817911,965.6861,633.00
7.817911,965.7281,609.00
7.817911,965.7702,627.00
7.817911,965.8123,605.00
7.817911,965.8543,645.00
7.817911,965.8964,596.00
7.817911,965.9385,652.00
7.817911,965.9806,617.00
7.817911,966.0226,660.00
7.817911,966.0647,596.00
7.817911,966.1068,606.00
7.817911,966.1487,630.00
7.817911,966.1907,658.00
7.817911,966.2328,594.00
7.817911,966.2748,638.00
7.817911,966.3168,631.00
7.817911,966.3588,633.00
7.817911,966.4008,591.00
7.817911,966.4427,635.00
7.817911,966.4848,611.00
7.817911,966.5268,623.00
7.817911,966.5688,610.00
7.817911,966.6107,653.00
7.817911,966.6526,597.00
7.817911,966.6946,659.00
7.817911,966.7366,583.00
7.817911,966.7785,655.00
7.817911,966.8204,624.00
7.817911,966.8624,630.00
7.817911,966.9042,635.00
7.817911,966.9462,615.00
7.817911,966.9881,571.00
7.817911,967.0300,644.00
7.817911,967.0719,589.00
7.817911,967.1138,673.00
7.817911,967.1556,623.00
7.817911,967.1976,639.00
7.817911,967.2394,618.00
7.817911,967.2813,640.00
7.817911,967.3232,594.00
7.817911,967.3651,651.00
7.817911,967.4070,561.00
7.817911,967.4488,663.00
7.817911,967.4906,586.00
7.817911,967.5324,677.00
7.817911,967.5743,669.00
7.817911,967.6161,646.00
7.817911,967.6579,613.00
7.817911,967.6997,649.00
7.817911,967.7415,608.00
7.817911,967.7833,666.00
7.817911,967.8251,591.00
7.817911,967.8669,672.00
7.817911,967.9087,638.00
7.817911,967.9504,644.00
7.817911,967.9922,645.00
7.817911,968.0339,657.00
7.817911,968.0757,612.00
7.817911,968.1174,669.00
7.817911,968.1592,608.00
7.817911,968.2009,676.00
7.817911,968.2427,618.00
7.817911,968.2844,674.00
7.817911,968.3262,678.00
7.817911,968.3679,622.00
7.817911,968.4095,626.00
7.817911,968.4512,667.00
7.817911,968.4930,589.00
7.817911,968.5347,699.00
7.817911,968.5763,639.00
7.817911,968.6180,671.00
7.817911,968.6597,609.00
7.817911,968.7014,684.00
7.817911,968.7430,629.00
7.817911,968.7846,659.00
7.817911,968.8263,583.00
7.817911,968.8679,652.00
7.817911,968.9095,614.00
7.817911,968.9512,712.00
7.817911,968.9928,655.00
7.817911,969.0344,651.00
7.817911,969.0761,630.00
7.817911,969.1177,631.00
7.817911,969.1592,604.00
7.817911,969.2009,661.00
7.817911,969.2424,609.00
7.817911,969.2839,695.00
7.817911,969.3255,615.00
7.817911,969.3672,670.00
7.817911,969.4087,608.00
7.817911,969.4503,662.00
7.817911,969.4918,591.00
7.817911,969.5333,625.00
7.817911,969.5749,589.00
7.817911,969.6165,660.00
7.817911,969.6580,617.00
7.817911,969.6995,661.00
7.817911,969.7410,640.00
7.817911,969.7825,646.00
7.817911,969.8240,626.00
7.817911,969.8655,656.00
7.817911,969.9070,612.00
7.817911,969.9484,678.00
7.817911,969.9899,605.00
7.817911,970.0314,647.00
7.817911,970.0728,624.00
7.817911,970.1143,648.00
7.817911,970.1558,633.00
7.817911,970.1971,636.00
7.817911,970.2386,533.00
7.817911,970.2801,632.00
7.817911,970.3215,620.00
7.817911,970.3629,646.00
7.817911,970.4044,594.00
7.817911,970.4457,670.00
7.817911,970.4872,644.00
7.817911,970.5286,624.00
7.817911,970.5699,623.00
7.817911,970.6113,631.00
7.817911,970.6527,583.00
7.817911,970.6941,624.00
7.817911,970.7354,600.00
7.817911,970.7768,635.00
7.817911,970.8182,613.00
7.817911,970.8595,647.00
7.817911,970.9009,618.00
7.817911,970.9422,628.00
7.817911,970.9835,589.00
7.817911,971.0248,634.00
7.817911,971.0662,553.00
7.817911,971.1075,635.00
7.817911,971.1487,602.00
7.817911,971.1901,642.00
7.817911,971.2314,647.00
7.817911,971.2727,612.00
7.817911,971.3140,585.00
7.817911,971.3552,625.00
7.817911,971.3965,561.00
7.817911,971.4377,665.00
7.817911,971.4789,626.00
7.817911,971.5203,640.00
7.817911,971.5615,616.00
7.817911,971.6027,628.00
7.817911,971.6439,600.00
7.817911,971.6852,635.00
7.817911,971.7264,586.00
7.817911,971.7676,636.00
7.817911,971.8088,574.00
7.817911,971.8500,594.00
7.817911,971.8912,601.00
7.817911,971.9324,639.00
7.817911,971.9736,634.00
7.817911,972.0148,629.00
7.817911,972.0560,599.00
7.817911,972.0972,660.00
7.817911,972.1384,571.00
7.817911,972.1794,641.00
7.817911,972.2206,596.00
7.817911,972.2617,589.00
7.817911,972.3029,602.00
7.817911,972.3439,603.00
7.817911,972.3851,588.00
7.817911,972.4262,602.00
7.817911,972.4673,546.00
7.817911,972.5085,657.00
7.817911,972.5496,571.00
7.817911,972.5907,608.00
7.817911,972.6317,561.00
7.817911,972.6729,599.00
7.817911,972.7139,562.00
7.817911,972.7549,603.00
7.817911,972.7961,530.00
7.817911,972.8371,602.00
7.817911,972.8781,591.00
7.817911,972.9191,663.00
7.817911,972.9602,591.00
7.817911,973.0013,605.00
7.817911,973.0423,581.00
7.817911,973.0833,597.00
7.817911,973.1243,547.00
7.817911,973.1653,625.00
7.817911,973.2064,568.00
7.817911,973.2473,644.00
7.817911,973.2883,594.00
7.817911,973.3293,627.00
7.817911,973.3703,574.00
7.817911,973.4113,602.00
7.817911,973.4522,574.00
7.817911,973.4931,613.00
7.817911,973.5341,555.00
7.817911,973.5750,611.00
7.817911,973.6160,601.00
7.817911,973.6570,657.00
7.817911,973.6978,590.00
7.817911,973.7388,611.00
7.817911,973.7797,595.00
7.817911,973.8206,622.00
7.817911,973.8615,566.00
7.817911,973.9024,629.00
7.817911,973.9433,573.00
7.817911,973.9842,649.00
7.817911,974.0250,561.00
7.817911,974.0660,631.00
7.817911,974.1068,614.00
7.817911,974.1476,608.00
7.817911,974.1885,588.00
7.817911,974.2294,612.00
7.817911,974.2702,589.00
7.817911,974.3110,647.00
7.817911,974.3519,634.00
7.817911,974.3927,644.00
7.817911,974.4335,630.00
7.817911,974.4743,594.00
7.817911,974.5151,567.00
7.817911,974.5559,625.00
7.817911,974.5967,586.00
7.817911,974.6375,669.00
7.817911,974.6783,569.00
7.817911,974.7191,679.00
7.817911,974.7598,622.00
7.817911,974.8006,649.00
7.817911,974.8413,636.00
7.817911,974.8821,636.00
7.817911,974.9229,619.00
7.817911,974.9636,645.00
7.817911,975.0043,604.00
7.817911,975.0450,638.00
7.817911,975.0858,616.00
7.817911,975.1265,657.00
7.817911,975.1672,650.00
7.817911,975.2079,660.00
7.817911,975.2485,605.00
7.817911,975.2892,686.00
7.817911,975.3300,618.00
7.817911,975.3706,663.00
7.817911,975.4113,656.00
7.817911,975.4519,688.00
7.817911,975.4926,651.00
7.817911,975.5333,689.00
7.817911,975.5739,619.00
7.817911,975.6146,646.00
7.817911,975.6552,572.00
7.817911,975.6958,663.00
7.817911,975.7363,608.00
7.817911,975.7770,669.00
7.817911,975.8176,613.00
7.817911,975.8582,670.00
7.817911,975.8989,647.00
7.817911,975.9395,642.00
7.817911,975.9800,642.00
7.817911,976.0206,666.00
7.817911,976.0611,591.00
7.817911,976.1017,655.00
7.817911,976.1423,627.00
7.817911,976.1829,687.00
7.817911,976.2234,637.00
7.817911,976.2639,661.00
7.817911,976.3044,613.00
7.817911,976.3450,657.00
7.817911,976.3855,603.00
7.817911,976.4260,662.00
7.817911,976.4665,644.00
7.817911,976.5070,650.00
7.817911,976.5475,626.00
7.817911,976.5880,623.00
7.817911,976.6285,617.00
7.817911,976.6690,634.00
7.817911,976.7095,573.00
7.817911,976.7500,673.00
7.817911,976.7905,609.00
7.817911,976.8308,664.00
7.817911,976.8713,643.00
7.817911,976.9117,618.00
7.817911,976.9521,626.00
7.817911,976.9926,654.00
7.817911,977.0330,602.00
7.817911,977.0734,647.00
7.817911,977.1139,601.00
7.817911,977.1542,637.00
7.817911,977.1947,585.00
7.817911,977.2350,647.00
7.817911,977.2755,585.00
7.817911,977.3158,608.00
7.817911,977.3562,602.00
7.817911,977.3965,650.00
7.817911,977.4370,583.00
7.817911,977.4773,672.00
7.817911,977.5176,608.00
7.817911,977.5579,643.00
7.817911,977.5983,561.00
7.817911,977.6387,635.00
7.817911,977.6790,576.00
7.817911,977.7192,614.00
7.817911,977.7595,585.00
7.817911,977.7999,668.00
7.817911,977.8402,585.00
7.817911,977.8805,602.00
7.817911,977.9208,571.00
7.817911,977.9610,618.00
7.817911,978.0013,592.00
7.817911,978.0417,604.00
7.817911,978.0819,565.00
7.817911,978.1221,641.00
7.817911,978.1624,583.00
7.817911,978.2026,626.00
7.817911,978.2428,554.00
7.817911,978.2831,580.00
7.817911,978.3233,612.00
7.817911,978.3635,573.00
7.817911,978.4037,541.00
7.817911,978.4440,635.00
7.817911,978.4842,562.00
7.817911,978.5244,620.00
7.817911,978.5645,560.00
7.817911,978.6047,588.00
7.817911,978.6449,557.00
7.817911,978.6851,619.00
7.817911,978.7253,552.00
7.817911,978.7654,604.00
7.817911,978.8055,560.00
7.817911,978.8458,584.00
7.817911,978.8859,541.00
7.817911,978.9260,624.00
7.817911,978.9661,560.00
7.817911,979.0062,582.00
7.817911,979.0463,592.00
7.817911,979.0864,604.00
7.817911,979.1266,536.00
7.817911,979.1666,624.00
7.817911,979.2067,541.00
7.817911,979.2469,612.00
7.817911,979.2869,590.00
7.817911,979.3270,592.00
7.817911,979.3671,592.00
7.817911,979.4071,594.00
7.817911,979.4471,552.00
7.817911,979.4871,589.00
7.817911,979.5272,530.00
7.817911,979.5673,608.00
7.817911,979.6072,591.00
7.817911,979.6473,606.00
7.817911,979.6873,596.00
7.817911,979.7273,567.00
7.817911,979.7673,554.00
7.817911,979.8073,595.00
7.817911,979.8473,543.00
7.817911,979.8873,600.00
7.817911,979.9273,563.00
7.817911,979.9673,611.00
7.817911,980.0072,609.00
7.817911,980.0471,599.00
7.817911,980.0872,602.00
7.817911,980.1271,583.00
7.817911,980.1671,549.00
7.817911,980.2069,618.00
7.817911,980.2469,579.00
7.817911,980.2868,651.00
7.817911,980.3267,567.00
7.817911,980.3666,642.00
7.817911,980.4065,603.00
7.817911,980.4464,623.00
7.817911,980.4863,573.00
7.817911,980.5262,611.00
7.817911,980.5660,559.00
7.817911,980.6060,639.00
7.817911,980.6458,567.00
7.817911,980.6857,604.00
7.817911,980.7255,575.00
7.817911,980.7654,605.00
7.817911,980.8052,555.00
7.817911,980.8450,587.00
7.817911,980.8849,566.00
7.817911,980.9247,603.00
7.817911,980.9645,594.00
7.817911,981.0043,609.00
7.817911,981.0441,605.00
7.817911,981.0839,595.00
7.817911,981.1237,575.00
7.817911,981.1635,617.00
7.817911,981.2033,530.00
7.817911,981.2430,626.00
7.817911,981.2828,543.00
7.817911,981.3226,627.00
7.817911,981.3624,568.00
7.817911,981.4021,607.00
7.817911,981.4418,543.00
7.817911,981.4816,601.00
7.817911,981.5213,563.00
7.817911,981.5610,620.00
7.817911,981.6008,547.00
7.817911,981.6404,609.00
7.817911,981.6802,564.00
7.817911,981.7198,575.00
7.817911,981.7596,584.00
7.817911,981.7993,587.00
7.817911,981.8389,546.00
7.817911,981.8786,572.00
7.817911,981.9182,517.00
7.817911,981.9579,602.00
7.817911,981.9976,569.00
7.817911,982.0372,603.00
7.817911,982.0768,558.00
7.817911,982.1165,550.00
7.817911,982.1561,549.00
7.817911,982.1958,578.00
7.817911,982.2354,513.00
7.817911,982.2750,567.00
7.817911,982.3146,531.00
7.817911,982.3541,634.00
7.817911,982.3937,559.00
7.817911,982.4333,600.00
7.817911,982.4730,585.00
7.817911,982.5125,593.00
7.817911,982.5521,559.00
7.817911,982.5917,603.00
7.817911,982.6312,526.00
7.817911,982.6707,580.00
7.817911,982.7103,566.00
7.817911,982.7498,607.00
7.817911,982.7893,557.00
7.817911,982.8289,579.00
7.817911,982.8683,474.00
7.817911,982.9079,565.00
7.817911,982.9474,519.00
7.817911,982.9869,584.00
7.817911,983.0264,517.00
7.817911,983.0659,555.00
7.817911,983.1053,568.00
7.817911,983.1448,569.00
7.817911,983.1843,570.00
7.817911,983.2238,600.00
7.817911,983.2632,535.00
7.817911,983.3027,576.00
7.817911,983.3420,568.00
7.817911,983.3816,589.00
7.817911,983.4210,564.00
7.817911,983.4604,573.00
7.817911,983.4998,556.00
7.817911,983.5392,580.00
7.817911,983.5786,538.00
7.817911,983.6180,574.00
7.817911,983.6574,534.00
7.817911,983.6968,594.00
7.817911,983.7361,570.00
7.817911,983.7755,599.00
7.817911,983.8149,515.00
7.817911,983.8543,577.00
7.817911,983.8936,551.00
7.817911,983.9329,567.00
7.817911,983.9723,511.00
7.817911,984.0116,575.00
7.817911,984.0510,530.00
7.817911,984.0903,615.00
7.817911,984.1296,577.00
7.817911,984.1689,593.00
7.817911,984.2083,575.00
7.817911,984.2476,565.00
7.817911,984.2868,543.00
7.817911,984.3261,594.00
7.817911,984.3654,534.00
7.817911,984.4046,591.00
7.817911,984.4440,544.00
7.817911,984.4832,577.00
7.817911,984.5225,545.00
7.817911,984.5616,567.00
7.817911,984.6010,511.00
7.817911,984.6402,550.00
7.817911,984.6794,502.00
7.817911,984.7186,616.00
7.817911,984.7578,595.00
7.817911,984.7970,607.00
7.817911,984.8362,569.00
7.817911,984.8755,551.00
7.817911,984.9146,562.00
7.817911,984.9538,575.00
7.817911,984.9930,533.00
7.817911,985.0322,620.00
7.817911,985.0714,543.00
7.817911,985.1105,551.00
7.817911,985.1497,533.00
7.817911,985.1888,558.00
7.817911,985.2279,564.00
7.817911,985.2671,559.00
7.817911,985.3062,541.00
7.817911,985.3453,552.00
7.817911,985.3845,533.00
7.817911,985.4236,556.00
7.817911,985.4626,549.00
7.817911,985.5017,620.00
7.817911,985.5408,610.00
7.817911,985.5799,604.00
7.817911,985.6190,522.00
7.817911,985.6581,578.00
7.817911,985.6971,514.00
7.817911,985.7362,595.00
7.817911,985.7752,538.00
7.817911,985.8143,585.00
7.817911,985.8533,541.00
7.817911,985.8924,561.00
7.817911,985.9314,531.00
7.817911,985.9704,589.00
7.817911,986.0094,522.00
7.817911,986.0484,598.00
7.817911,986.0875,528.00
7.817911,986.1265,601.00
7.817911,986.1655,544.00
7.817911,986.2044,547.00
7.817911,986.2434,557.00
7.817911,986.2823,566.00
7.817911,986.3214,494.00
7.817911,986.3603,566.00
7.817911,986.3992,513.00
7.817911,986.4382,562.00
7.817911,986.4771,533.00
7.817911,986.5161,583.00
7.817911,986.5550,561.00
7.817911,986.5939,562.00
7.817911,986.6329,531.00
7.817911,986.6718,552.00
7.817911,986.7106,505.00
7.817911,986.7495,572.00
7.817911,986.7884,557.00
7.817911,986.8273,587.00
7.817911,986.8661,540.00
7.817911,986.9050,562.00
7.817911,986.9438,530.00
7.817911,986.9828,548.00
7.817911,987.0216,505.00
7.817911,987.0605,592.00
7.817911,987.0993,479.00
7.817911,987.1381,569.00
7.817911,987.1769,554.00
7.817911,987.2158,528.00
7.817911,987.2546,548.00
7.817911,987.2934,595.00
7.817911,987.3322,500.00
7.817911,987.3710,553.00
7.817911,987.4097,500.00
7.817911,987.4486,568.00
7.817911,987.4873,515.00
7.817911,987.5261,566.00
7.817911,987.5649,528.00
7.817911,987.6036,524.00
7.817911,987.6423,506.00
7.817911,987.6812,553.00
7.817911,987.7198,491.00
7.817911,987.7586,604.00
7.817911,987.7972,530.00
7.817911,987.8361,551.00
7.817911,987.8748,536.00
7.817911,987.9135,557.00
7.817911,987.9521,524.00
7.817911,987.9908,535.00
7.817911,988.0295,497.00
7.817911,988.0681,552.00
7.817911,988.1069,506.00
7.817911,988.1456,558.00
7.817911,988.1842,555.00
7.817911,988.2228,550.00
7.817911,988.2615,552.00
7.817911,988.3002,539.00
7.817911,988.3388,481.00
7.817911,988.3774,537.00
7.817911,988.4160,523.00
7.817911,988.4546,560.00
7.817911,988.4933,535.00
7.817911,988.5319,554.00
7.817911,988.5704,548.00
7.817911,988.6090,517.00
7.817911,988.6476,468.00
7.817911,988.6862,531.00
7.817911,988.7248,527.00
7.817911,988.7634,604.00
7.817911,988.8019,488.00
7.817911,988.8405,540.00
7.817911,988.8790,535.00
7.817911,988.9176,551.00
7.817911,988.9561,510.00
7.817911,988.9946,532.00
7.817911,989.0332,516.00
7.817911,989.0717,535.00
7.817911,989.1102,505.00
7.817911,989.1487,555.00
7.817911,989.1871,524.00
7.817911,989.2256,554.00
7.817911,989.2641,519.00
7.817911,989.3027,530.00
7.817911,989.3411,509.00
7.817911,989.3795,538.00
7.817911,989.4180,471.00
7.817911,989.4565,585.00
7.817911,989.4949,481.00
7.817911,989.5334,516.00
7.817911,989.5718,529.00
7.817911,989.6102,503.00
7.817911,989.6486,516.00
7.817911,989.6871,532.00
7.817911,989.7255,500.00
7.817911,989.7639,572.00
7.817911,989.8022,501.00
7.817911,989.8407,528.00
7.817911,989.8791,508.00
7.817911,989.9174,558.00
7.817911,989.9558,494.00
7.817911,989.9941,532.00
7.817911,990.0325,492.00
7.817911,990.0709,588.00
7.817911,990.1093,511.00
7.817911,990.1475,545.00
7.817911,990.1859,540.00
7.817911,990.2242,526.00
7.817911,990.2626,510.00
7.817911,990.3008,507.00
7.817911,990.3391,488.00
7.817911,990.3774,560.00
7.817911,990.4157,531.00
7.817911,990.4540,581.00
7.817911,990.4924,495.00
7.817911,990.5306,550.00
7.817911,990.5688,504.00
7.817911,990.6071,539.00
7.817911,990.6454,502.00
7.817911,990.6837,563.00
7.817911,990.7219,507.00
7.817911,990.7601,564.00
7.817911,990.7983,521.00
7.817911,990.8365,579.00
7.817911,990.8748,545.00
7.817911,990.9130,545.00
7.817911,990.9512,556.00
7.817911,990.9893,570.00
7.817911,991.0276,507.00
7.817911,991.0658,550.00
7.817911,991.1039,508.00
7.817911,991.1421,588.00
7.817911,991.1802,565.00
7.817911,991.2184,525.00
7.817911,991.2565,523.00
7.817911,991.2947,530.00
7.817911,991.3329,488.00
7.817911,991.3710,574.00
7.817911,991.4091,526.00
7.817911,991.4473,603.00
7.817911,991.4854,559.00
7.817911,991.5234,584.00
7.817911,991.5616,555.00
7.817911,991.5997,565.00
7.817911,991.6378,549.00
7.817911,991.6758,591.00
7.817911,991.7139,534.00
7.817911,991.7520,591.00
7.817911,991.7900,528.00
7.817911,991.8282,584.00
7.817911,991.8661,517.00
7.817911,991.9042,557.00
7.817911,991.9422,529.00
7.817911,991.9803,556.00
7.817911,992.0182,492.00
7.817911,992.0563,590.00
7.817911,992.0944,500.00
7.817911,992.1323,612.00
7.817911,992.1703,550.00
7.817911,992.2084,582.00
7.817911,992.2463,551.00
7.817911,992.2844,568.00
7.817911,992.3223,534.00
7.817911,992.3602,581.00
7.817911,992.3982,515.00
7.817911,992.4362,593.00
7.817911,992.4741,554.00
7.817911,992.5120,599.00
7.817911,992.5500,560.00
7.817911,992.5879,541.00
7.817911,992.6259,544.00
7.817911,992.6638,597.00
7.817911,992.7017,521.00
7.817911,992.7396,598.00
7.817911,992.7775,546.00
7.817911,992.8154,586.00
7.817911,992.8533,554.00
7.817911,992.8912,564.00
7.817911,992.9290,539.00
7.817911,992.9669,567.00
7.817911,993.0048,531.00
7.817911,993.0426,585.00
7.817911,993.0804,552.00
7.817911,993.1183,577.00
7.817911,993.1561,555.00
7.817911,993.1940,545.00
7.817911,993.2318,528.00
7.817911,993.2696,564.00
7.817911,993.3074,492.00
7.817911,993.3452,563.00
7.817911,993.3830,514.00
7.817911,993.4208,576.00
7.817911,993.4586,532.00
7.817911,993.4963,562.00
7.817911,993.5341,535.00
7.817911,993.5719,529.00
7.817911,993.6096,532.00
7.817911,993.6474,588.00
7.817911,993.6851,507.00
7.817911,993.7228,541.00
7.817911,993.7606,554.00
7.817911,993.7984,594.00
7.817911,993.8361,548.00
7.817911,993.8738,593.00
7.817911,993.9115,532.00
7.817911,993.9492,553.00
7.817911,993.9869,497.00
7.817911,994.0245,570.00
7.817911,994.0622,518.00
7.817911,994.0999,588.00
7.817911,994.1376,530.00
7.817911,994.1753,520.00
7.817911,994.2130,513.00
7.817911,994.2505,563.00
7.817911,994.2881,500.00
7.817911,994.3258,607.00
7.817911,994.3634,520.00
7.817911,994.4010,626.00
7.817911,994.4387,521.00
7.817911,994.4763,584.00
7.817911,994.5139,565.00
7.817911,994.5515,522.00
7.817911,994.5891,509.00
7.817911,994.6266,554.00
7.817911,994.6642,494.00
7.817911,994.7018,524.00
7.817911,994.7393,533.00
7.817911,994.7769,554.00
7.817911,994.8145,543.00
7.817911,994.8521,561.00
7.817911,994.8895,524.00
7.817911,994.9271,586.00
7.817911,994.9647,503.00
7.817911,995.0022,569.00
7.817911,995.0397,510.00
7.817911,995.0771,530.00
7.817911,995.1146,523.00
7.817911,995.1522,537.00
7.817911,995.1896,492.00
7.817911,995.2271,537.00
7.817911,995.2646,453.00
7.817911,995.3021,539.00
7.817911,995.3396,488.00
7.817911,995.3770,564.00
7.817911,995.4145,490.00
7.817911,995.4518,556.00
7.817911,995.4893,507.00
7.817911,995.5267,530.00
7.817911,995.5641,512.00
7.817911,995.6016,539.00
7.817911,995.6390,492.00
7.817911,995.6765,543.00
7.817911,995.7138,505.00
7.817911,995.7512,514.00
7.817911,995.7886,525.00
7.817911,995.8260,546.00
7.817911,995.8633,479.00
7.817911,995.9007,502.00
7.817911,995.9380,469.00
7.817911,995.9754,528.00
7.817911,996.0128,489.00
7.817911,996.0501,565.00
7.817911,996.0874,539.00
7.817911,996.1248,532.00
7.817911,996.1621,506.00
7.817911,996.1994,538.00
7.817911,996.2367,482.00
7.817911,996.2740,519.00
7.817911,996.3113,496.00
7.817911,996.3486,571.00
7.817911,996.3859,531.00
7.817911,996.4232,587.00
7.817911,996.4604,537.00
7.817911,996.4977,540.00
7.817911,996.5350,509.00
7.817911,996.5722,541.00
7.817911,996.6094,489.00
7.817911,996.6466,572.00
7.817911,996.6838,530.00
7.817911,996.7211,576.00
7.817911,996.7583,536.00
7.817911,996.7955,544.00
7.817911,996.8327,556.00
7.817911,996.8700,567.00
7.817911,996.9072,516.00
7.817911,996.9443,574.00
7.817911,996.9815,524.00
7.817911,997.0187,550.00
7.817911,997.0558,529.00
7.817911,997.0930,542.00
7.817911,997.1301,541.00
7.817911,997.1672,550.00
7.817911,997.2045,523.00
7.817911,997.2416,572.00
7.817911,997.2787,509.00
7.817911,997.3158,596.00
7.817911,997.3530,525.00
7.817911,997.3900,539.00
7.817911,997.4271,538.00
7.817911,997.4642,550.00
7.817911,997.5013,544.00
7.817911,997.5384,554.00
7.817911,997.5754,515.00
7.817911,997.6126,597.00
7.817911,997.6497,495.00
7.817911,997.6867,592.00
7.817911,997.7238,499.00
7.817911,997.7607,569.00
7.817911,997.7978,500.00
7.817911,997.8348,589.00
7.817911,997.8718,516.00
7.817911,997.9088,569.00
7.817911,997.9458,516.00
7.817911,997.9829,580.00
7.817911,998.0200,534.00
7.817911,998.0569,542.00
7.817911,998.0939,516.00
7.817911,998.1309,560.00
7.817911,998.1678,498.00
7.817911,998.2048,569.00
7.817911,998.2417,501.00
7.817911,998.2786,592.00
7.817911,998.3156,512.00
7.817911,998.3525,563.00
7.817911,998.3896,514.00
7.817911,998.4265,530.00
7.817911,998.4633,538.00
7.817911,998.5003,568.00
7.817911,998.5372,505.00
7.817911,998.5740,565.00
7.817911,998.6110,519.00
7.817911,998.6478,573.00
7.817911,998.6847,530.00
7.817911,998.7217,570.00
7.817911,998.7585,526.00
7.817911,998.7953,535.00
7.817911,998.8322,484.00
7.817911,998.8691,601.00
7.817911,998.9059,491.00
7.817911,998.9427,573.00
7.817911,998.9795,527.00
7.817911,999.0163,566.00
7.817911,999.0531,526.00
7.817911,999.0899,565.00
7.817911,999.1267,502.00
7.817911,999.1636,537.00
7.817911,999.2004,501.00
7.817911,999.2372,549.00
7.817911,999.2739,522.00
7.817911,999.3107,589.00
7.817911,999.3474,544.00
7.817911,999.3842,536.00
7.817911,999.4210,504.00
7.817911,999.4576,535.00
7.817911,999.4946,480.00
7.817911,999.5312,570.00
7.817911,999.5680,524.00
7.817911,999.6047,526.00
7.817911,999.6414,505.00
7.817911,999.6780,560.00
7.817911,999.7147,503.00
7.817911,999.7515,542.00
7.817911,999.7881,477.00
7.817911,999.8248,554.00
7.817911,999.8614,524.00
7.817911,999.8981,553.00
7.817911,999.9349,503.00
7.817911,999.9715,560.00
7.817911,1000.0081,523.00
7.817911,1000.0447,508.00
7.817911,1000.0814,520.00
7.817911,1000.1180,503.00
7.817911,1000.1546,458.00
7.817911,1000.1912,541.00
7.817911,1000.2278,490.00
7.817911,1000.2645,540.00
7.817911,1000.3011,531.00
7.817911,1000.3377,509.00
7.817911,1000.3742,516.00
7.817911,1000.4108,517.00
7.817911,1000.4474,460.00
7.817911,1000.4839,511.00
7.817911,1000.5204,458.00
7.817911,1000.5570,536.00
7.817911,1000.5935,506.00
7.817911,1000.6301,518.00
7.817911,1000.6667,493.00
7.817911,1000.7032,523.00
7.817911,1000.7397,474.00
7.817911,1000.7762,535.00
7.817911,1000.8127,461.00
7.817911,1000.8492,524.00
7.817911,1000.8857,487.00
7.817911,1000.9222,511.00
7.817911,1000.9586,513.00
7.817911,1000.9951,510.00
7.817911,1001.0316,466.00
7.817911,1001.0681,541.00
7.817911,1001.1046,469.00
7.817911,1001.1410,556.00
7.817911,1001.1774,471.00
7.817911,1001.2138,549.00
7.817911,1001.2502,506.00
7.817911,1001.2866,496.00
7.817911,1001.3230,500.00
7.817911,1001.3594,511.00
7.817911,1001.3958,458.00
7.817911,1001.4323,539.00
7.817911,1001.4687,466.00
7.817911,1001.5051,534.00
7.817911,1001.5414,515.00
7.817911,1001.5778,493.00
7.817911,1001.6141,505.00
7.817911,1001.6505,493.00
7.817911,1001.6868,439.00
7.817911,1001.7231,509.00
7.817911,1001.7596,454.00
7.817911,1001.7958,518.00
7.817911,1001.8322,466.00
7.817911,1001.8685,515.00
7.817911,1001.9048,476.00
7.817911,1001.9411,505.00
7.817911,1001.9774,453.00
7.817911,1002.0136,487.00
7.817911,1002.0499,469.00
7.817911,1002.0862,544.00
7.817911,1002.1224,474.00
7.817911,1002.1587,538.00
7.817911,1002.1951,477.00
7.817911,1002.2313,484.00
7.817911,1002.2675,518.00
7.817911,1002.3038,511.00
7.817911,1002.3400,479.00
7.817911,1002.3762,536.00
7.817911,1002.4124,508.00
7.817911,1002.4486,529.00
7.817911,1002.4848,497.00
7.817911,1002.5211,523.00
7.817911,1002.5573,488.00
7.817911,1002.5934,534.00
7.817911,1002.6296,488.00
7.817911,1002.6657,530.00
7.817911,1002.7019,461.00
7.817911,1002.7380,528.00
7.817911,1002.7742,521.00
7.817911,1002.8104,496.00
7.817911,1002.8464,503.00
7.817911,1002.8826,514.00
7.817911,1002.9187,458.00
7.817911,1002.9549,512.00
7.817911,1002.9910,502.00
7.817911,1003.0271,549.00
7.817911,1003.0632,447.00
7.817911,1003.0992,561.00
7.817911,1003.1354,504.00
7.817911,1003.1714,505.00
7.817911,1003.2075,544.00
7.817911,1003.2435,537.00
7.817911,1003.2797,462.00
7.817911,1003.3157,572.00
7.817911,1003.3518,498.00
7.817911,1003.3878,544.00
7.817911,1003.4238,504.00
7.817911,1003.4598,533.00
7.817911,1003.4958,500.00
7.817911,1003.5319,515.00
7.817911,1003.5678,476.00
7.817911,1003.6039,578.00
7.817911,1003.6398,484.00
7.817911,1003.6759,532.00
7.817911,1003.7119,513.00
7.817911,1003.7479,516.00
7.817911,1003.7838,491.00
7.817911,1003.8198,500.00
7.817911,1003.8557,468.00
7.817911,1003.8917,524.00
7.817911,1003.9276,446.00
7.817911,1003.9635,517.00
7.817911,1003.9995,466.00
7.817911,1004.0354,522.00
7.817911,1004.0714,504.00
7.817911,1004.1072,499.00
7.817911,1004.1431,524.00
7.817911,1004.1790,493.00
7.817911,1004.2149,467.00
7.817911,1004.2508,536.00
7.817911,1004.2866,447.00
7.817911,1004.3225,544.00
7.817911,1004.3583,490.00
7.817911,1004.3942,513.00
7.817911,1004.4302,488.00
7.817911,1004.4660,471.00
7.817911,1004.5018,452.00
7.817911,1004.5376,511.00
7.817911,1004.5734,460.00
7.817911,1004.6093,530.00
7.817911,1004.6450,487.00
7.817911,1004.6808,528.00
7.817911,1004.7166,501.00
7.817911,1004.7525,518.00
7.817911,1004.7883,477.00
7.817911,1004.8240,507.00
7.817911,1004.8598,462.00
7.817911,1004.8956,538.00
7.817911,1004.9313,485.00
7.817911,1004.9670,562.00
7.817911,1005.0027,487.00
7.817911,1005.0385,475.00
7.817911,1005.0742,481.00
7.817911,1005.1099,516.00
7.817911,1005.1456,497.00
7.817911,1005.1815,557.00
7.817911,1005.2172,467.00
7.817911,1005.2529,510.00
7.817911,1005.2885,498.00
7.817911,1005.3242,492.00
7.817911,1005.3599,512.00
7.817911,1005.3955,541.00
7.817911,1005.4312,499.00
7.817911,1005.4669,555.00
7.817911,1005.5026,496.00
7.817911,1005.5382,562.00
7.817911,1005.5739,518.00
7.817911,1005.6095,529.00
7.817911,1005.6451,523.00
7.817911,1005.6807,488.00
7.817911,1005.7162,501.00
7.817911,1005.7519,507.00
7.817911,1005.7875,494.00
7.817911,1005.8231,541.00
7.817911,1005.8586,488.00
7.817911,1005.8942,548.00
7.817911,1005.9299,509.00
7.817911,1005.9655,543.00
7.817911,1006.0010,492.00
7.817911,1006.0365,516.00
7.817911,1006.0720,480.00
7.817911,1006.1076,536.00
7.817911,1006.1431,509.00
7.817911,1006.1786,548.00
7.817911,1006.2141,504.00
7.817911,1006.2498,548.00
7.817911,1006.2853,502.00
7.817911,1006.3207,510.00
7.817911,1006.3563,526.00
7.817911,1006.3917,574.00
7.817911,1006.4272,510.00
7.817911,1006.4626,561.00
7.817911,1006.4981,511.00
7.817911,1006.5335,535.00
7.817911,1006.5690,541.00
7.817911,1006.6044,527.00
7.817911,1006.6400,520.00
7.817911,1006.6754,589.00
7.817911,1006.7108,479.00
7.817911,1006.7462,564.00
7.817911,1006.7816,467.00
7.817911,1006.8170,542.00
7.817911,1006.8524,544.00
7.817911,1006.8878,531.00
7.817911,1006.9232,490.00
7.817911,1006.9586,539.00
7.817911,1006.9940,487.00
7.817911,1007.0294,538.00
7.817911,1007.0648,501.00
7.817911,1007.1001,549.00
7.817911,1007.1354,537.00
7.817911,1007.1707,563.00
7.817911,1007.2061,547.00
7.817911,1007.2414,548.00
7.817911,1007.2767,510.00
7.817911,1007.3120,570.00
7.817911,1007.3473,479.00
7.817911,1007.3827,539.00
7.817911,1007.4180,532.00
7.817911,1007.4532,555.00
7.817911,1007.4885,515.00
7.817911,1007.5238,543.00
7.817911,1007.5590,513.00
7.817911,1007.5943,542.00
7.817911,1007.6295,475.00
7.817911,1007.6648,591.00
7.817911,1007.7001,507.00
7.817911,1007.7354,552.00
7.817911,1007.7706,571.00
7.817911,1007.8058,539.00
7.817911,1007.8410,533.00
7.817911,1007.8762,557.00
7.817911,1007.9114,480.00
7.817911,1007.9465,561.00
7.817911,1007.9818,509.00
7.817911,1008.0169,542.00
7.817911,1008.0521,510.00
7.817911,1008.0873,566.00
7.817911,1008.1226,520.00
7.817911,1008.1576,522.00
7.817911,1008.1927,497.00
7.817911,1008.2279,527.00
7.817911,1008.2631,471.00
7.817911,1008.2982,584.00
7.817911,1008.3333,549.00
7.817911,1008.3683,542.00
7.817911,1008.4034,563.00
7.817911,1008.4387,509.00
7.817911,1008.4738,502.00
7.817911,1008.5089,528.00
7.817911,1008.5439,507.00
7.817911,1008.5790,599.00
7.817911,1008.6141,530.00
7.817911,1008.6491,541.00
7.817911,1008.6841,512.00
7.817911,1008.7192,515.00
7.817911,1008.7542,491.00
7.817911,1008.7892,521.00
7.817911,1008.8243,488.00
7.817911,1008.8594,544.00
7.817911,1008.8943,501.00
7.817911,1008.9294,551.00
7.817911,1008.9644,488.00
7.817911,1008.9994,520.00
7.817911,1009.0344,498.00
7.817911,1009.0693,514.00
7.817911,1009.1043,473.00
7.817911,1009.1392,554.00
7.817911,1009.1743,456.00
7.817911,1009.2093,507.00
7.817911,1009.2442,515.00
7.817911,1009.2792,540.00
7.817911,1009.3141,509.00
7.817911,1009.3489,490.00
7.817911,1009.3839,453.00
7.817911,1009.4188,521.00
7.817911,1009.4537,472.00
7.817911,1009.4886,578.00
7.817911,1009.5235,521.00
7.817911,1009.5585,534.00
7.817911,1009.5933,492.00
7.817911,1009.6282,524.00
7.817911,1009.6631,511.00
7.817911,1009.6979,552.00
7.817911,1009.7327,483.00
7.817911,1009.7676,530.00
7.817911,1009.8024,490.00
7.817911,1009.8372,553.00
7.817911,1009.8721,470.00
7.817911,1009.9070,515.00
7.817911,1009.9418,481.00
7.817911,1009.9766,505.00
7.817911,1010.0115,498.00
7.817911,1010.0462,495.00
7.817911,1010.0810,489.00
7.817911,1010.1158,538.00
7.817911,1010.1505,498.00
7.817911,1010.1853,511.00
7.817911,1010.2200,509.00
7.817911,1010.2548,544.00
7.817911,1010.2897,487.00
7.817911,1010.3244,529.00
7.817911,1010.3591,465.00
7.817911,1010.3938,522.00
7.817911,1010.4285,502.00
7.817911,1010.4633,535.00
7.817911,1010.4980,512.00
7.817911,1010.5326,478.00
7.817911,1010.5673,473.00
7.817911,1010.6021,521.00
7.817911,1010.6368,491.00
7.817911,1010.6714,518.00
7.817911,1010.7061,471.00
7.817911,1010.7408,532.00
7.817911,1010.7754,466.00
7.817911,1010.8101,501.00
7.817911,1010.8447,507.00
7.817911,1010.8793,527.00
7.817911,1010.9139,458.00
7.817911,1010.9485,545.00
7.817911,1010.9832,444.00
7.817911,1011.0178,533.00
7.817911,1011.0525,487.00
7.817911,1011.0870,523.00
7.817911,1011.1216,458.00
7.817911,1011.1562,518.00
7.817911,1011.1907,512.00
7.817911,1011.2253,541.00
7.817911,1011.2599,437.00
7.817911,1011.2944,543.00
7.817911,1011.3291,469.00
7.817911,1011.3636,510.00
7.817911,1011.3981,494.00
7.817911,1011.4326,504.00
7.817911,1011.4672,469.00
7.817911,1011.5016,492.00
7.817911,1011.5362,479.00
7.817911,1011.5706,517.00
7.817911,1011.6052,452.00
7.817911,1011.6396,506.00
7.817911,1011.6741,472.00
7.817911,1011.7086,537.00
7.817911,1011.7431,464.00
7.817911,1011.7776,520.00
7.817911,1011.8120,461.00
7.817911,1011.8465,536.00
7.817911,1011.8809,448.00
7.817911,1011.9153,510.00
7.817911,1011.9498,464.00
7.817911,1011.9842,492.00
7.817911,1012.0186,464.00
7.817911,1012.0531,504.00
7.817911,1012.0875,455.00
7.817911,1012.1219,528.00
7.817911,1012.1562,442.00
7.817911,1012.1906,506.00
7.817911,1012.2250,440.00
7.817911,1012.2593,505.00
7.817911,1012.2937,496.00
7.817911,1012.3281,519.00
7.817911,1012.3624,451.00
7.817911,1012.3967,482.00
7.817911,1012.4310,430.00
7.817911,1012.4655,502.00
7.817911,1012.4998,457.00
7.817911,1012.5341,539.00
7.817911,1012.5684,479.00
7.817911,1012.6027,531.00
7.817911,1012.6370,495.00
7.817911,1012.6712,464.00
7.817911,1012.7055,471.00
7.817911,1012.7398,515.00
7.817911,1012.7742,453.00
7.817911,1012.8084,463.00
7.817911,1012.8427,468.00
7.817911,1012.8769,479.00
7.817911,1012.9111,493.00
7.817911,1012.9454,494.00
7.817911,1012.9796,475.00
7.817911,1013.0138,472.00
7.817911,1013.0480,397.00
7.817911,1013.0822,516.00
7.817911,1013.1164,437.00
7.817911,1013.1506,529.00
7.817911,1013.1848,462.00
7.817911,1013.2190,446.00
7.817911,1013.2532,512.00
7.817911,1013.2873,454.00
7.817911,1013.3215,450.00
7.817911,1013.3556,497.00
7.817911,1013.3898,439.00
7.817911,1013.4239,532.00
7.817911,1013.4581,507.00
7.817911,1013.4923,499.00
7.817911,1013.5264,490.00
7.817911,1013.5605,499.00
7.817911,1013.5946,508.00
7.817911,1013.6287,525.00
7.817911,1013.6627,477.00
7.817911,1013.6968,517.00
7.817911,1013.7309,451.00
7.817911,1013.7650,494.00
7.817911,1013.7990,484.00
7.817911,1013.8331,488.00
7.817911,1013.8672,466.00
7.817911,1013.9012,515.00
7.817911,1013.9353,481.00
7.817911,1013.9693,532.00
7.817911,1014.0033,494.00
7.817911,1014.0374,539.00
7.817911,1014.0714,511.00
7.817911,1014.1053,526.00
7.817911,1014.1393,530.00
7.817911,1014.1734,541.00
7.817911,1014.2074,473.00
7.817911,1014.2413,571.00
7.817911,1014.2753,493.00
7.817911,1014.3093,571.00
7.817911,1014.3433,492.00
7.817911,1014.3772,548.00
7.817911,1014.4111,541.00
7.817911,1014.4451,522.00
7.817911,1014.4790,477.00
7.817911,1014.5129,544.00
7.817911,1014.5468,498.00
7.817911,1014.5808,564.00
7.817911,1014.6147,511.00
7.817911,1014.6486,556.00
7.817911,1014.6825,526.00
7.817911,1014.7164,533.00
7.817911,1014.7502,506.00
7.817911,1014.7841,525.00
7.817911,1014.8180,496.00
7.817911,1014.8518,543.00
7.817911,1014.8858,478.00
7.817911,1014.9196,565.00
7.817911,1014.9534,524.00
7.817911,1014.9872,538.00
7.817911,1015.0211,527.00
7.817911,1015.0549,513.00
7.817911,1015.0887,464.00
7.817911,1015.1224,570.00
7.817911,1015.1562,489.00
7.817911,1015.1900,597.00
7.817911,1015.2238,550.00
7.817911,1015.2575,562.00
7.817911,1015.2914,507.00
7.817911,1015.3252,538.00
7.817911,1015.3589,504.00
7.817911,1015.3927,537.00
7.817911,1015.4265,525.00
7.817911,1015.4601,605.00
7.817911,1015.4938,509.00
7.817911,1015.5276,568.00
7.817911,1015.5613,546.00
7.817911,1015.5952,542.00
7.817911,1015.6288,508.00
7.817911,1015.6625,558.00
7.817911,1015.6962,480.00
7.817911,1015.7299,571.00
7.817911,1015.7635,501.00
7.817911,1015.7972,558.00
7.817911,1015.8308,529.00
7.817911,1015.8645,562.00
7.817911,1015.8981,523.00
7.817911,1015.9317,534.00
7.817911,1015.9655,507.00
7.817911,1015.9991,572.00
7.817911,1016.0327,509.00
7.817911,1016.0663,571.00
7.817911,1016.0999,545.00
7.817911,1016.1335,561.00
7.817911,1016.1671,544.00
7.817911,1016.2006,530.00
7.817911,1016.2342,515.00
7.817911,1016.2679,534.00
7.817911,1016.3015,488.00
7.817911,1016.3350,564.00
7.817911,1016.3686,519.00
7.817911,1016.4021,547.00
7.817911,1016.4357,537.00
7.817911,1016.4691,552.00
7.817911,1016.5027,508.00
7.817911,1016.5362,549.00
7.817911,1016.5696,473.00
7.817911,1016.6032,560.00
7.817911,1016.6367,522.00
7.817911,1016.6703,560.00
7.817911,1016.7038,526.00
7.817911,1016.7372,532.00
7.817911,1016.7707,520.00
7.817911,1016.8041,547.00
7.817911,1016.8376,534.00
7.817911,1016.8710,555.00
7.817911,1016.9045,484.00
7.817911,1016.9379,568.00
7.817911,1016.9715,525.00
7.817911,1017.0049,569.00
7.817911,1017.0383,557.00
7.817911,1017.0717,500.00
7.817911,1017.1050,494.00
7.817911,1017.1384,556.00
7.817911,1017.1718,486.00
7.817911,1017.2052,572.00
7.817911,1017.2386,500.00
7.817911,1017.2720,523.00
7.817911,1017.3053,546.00
7.817911,1017.3387,559.00
7.817911,1017.3721,504.00
7.817911,1017.4054,526.00
7.817911,1017.4388,489.00
7.817911,1017.4721,577.00
7.817911,1017.5054,515.00
7.817911,1017.5387,550.00
7.817911,1017.5720,533.00
7.817911,1017.6053,528.00
7.817911,1017.6386,540.00
7.817911,1017.6720,533.00
7.817911,1017.7053,501.00
7.817911,1017.7385,566.00
7.817911,1017.7717,494.00
7.817911,1017.8051,582.00
7.817911,1017.8383,516.00
7.817911,1017.8715,610.00
7.817911,1017.9048,561.00
7.817911,1017.9380,549.00
7.817911,1017.9712,519.00
7.817911,1018.0044,594.00
7.817911,1018.0376,497.00
7.817911,1018.0709,588.00
7.817911,1018.1041,532.00
7.817911,1018.1373,603.00
7.817911,1018.1705,545.00
7.817911,1018.2037,574.00
7.817911,1018.2368,538.00
7.817911,1018.2700,556.00
7.817911,1018.3032,527.00
7.817911,1018.3363,584.00
7.817911,1018.3695,497.00
7.817911,1018.4026,619.00
7.817911,1018.4358,582.00
7.817911,1018.4689,553.00
7.817911,1018.5020,568.00
7.817911,1018.5352,568.00
7.817911,1018.5682,525.00
7.817911,1018.6013,563.00
7.817911,1018.6343,544.00
7.817911,1018.6675,590.00
7.817911,1018.7006,506.00
7.817911,1018.7337,592.00
7.817911,1018.7668,587.00
7.817911,1018.7998,556.00
7.817911,1018.8328,537.00
7.817911,1018.8658,553.00
7.817911,1018.8989,538.00
7.817911,1018.9319,581.00
7.817911,1018.9650,522.00
7.817911,1018.9980,594.00
7.817911,1019.0311,566.00
7.817911,1019.0641,629.00
7.817911,1019.0970,526.00
7.817911,1019.1301,595.00
7.817911,1019.1631,513.00
7.817911,1019.1960,603.00
7.817911,1019.2289,504.00
7.817911,1019.2618,593.00
7.817911,1019.2949,551.00
7.817911,1019.3278,552.00
7.817911,1019.3607,543.00
7.817911,1019.3936,536.00
7.817911,1019.4268,490.00
7.817911,1019.4596,579.00
7.817911,1019.4925,510.00
7.817911,1019.5255,549.00
7.817911,1019.5583,514.00
7.817911,1019.5912,581.00
7.817911,1019.6240,545.00
7.817911,1019.6569,555.00
7.817911,1019.6898,520.00
7.817911,1019.7227,527.00
7.817911,1019.7556,472.00
7.817911,1019.7885,552.00
7.817911,1019.8213,499.00
7.817911,1019.8541,586.00
7.817911,1019.8870,515.00
7.817911,1019.9198,550.00
7.817911,1019.9525,556.00
7.817911,1019.9854,535.00
7.817911,1020.0182,511.00
7.817911,1020.0509,571.00
7.817911,1020.0837,501.00
7.817911,1020.1167,568.00
7.817911,1020.1494,549.00
7.817911,1020.1823,547.00
7.817911,1020.2149,529.00
7.817911,1020.2477,524.00
7.817911,1020.2805,494.00
7.817911,1020.3132,512.00
7.817911,1020.3459,507.00
7.817911,1020.3787,582.00
7.817911,1020.4114,494.00
7.817911,1020.4442,517.00
7.817911,1020.4768,508.00
7.817911,1020.5096,523.00
7.817911,1020.5423,495.00
7.817911,1020.5750,565.00
7.817911,1020.6077,456.00
7.817911,1020.6403,582.00
7.817911,1020.6730,505.00
7.817911,1020.7055,571.00
7.817911,1020.7382,502.00
7.817911,1020.7709,532.00
7.817911,1020.8036,497.00
7.817911,1020.8363,500.00
7.817911,1020.8688,473.00
7.817911,1020.9015,557.00
7.817911,1020.9341,482.00
7.817911,1020.9667,550.00
7.817911,1020.9993,490.00
7.817911,1021.0319,522.00
7.817911,1021.0645,504.00
7.817911,1021.0971,511.00
7.817911,1021.1298,477.00
7.817911,1021.1623,525.00
7.817911,1021.1948,493.00
7.817911,1021.2273,554.00
7.817911,1021.2599,481.00
7.817911,1021.2924,546.00
7.817911,1021.3250,488.00
7.817911,1021.3574,502.00
7.817911,1021.3900,491.00
7.817911,1021.4224,500.00
7.817911,1021.4550,435.00
7.817911,1021.4875,514.00
7.817911,1021.5200,477.00
7.817911,1021.5525,537.00
7.817911,1021.5850,510.00
7.817911,1021.6175,531.00
7.817911,1021.6500,457.00
7.817911,1021.6823,528.00
7.817911,1021.7148,500.00
7.817911,1021.7474,551.00
7.817911,1021.7797,493.00
7.817911,1021.8122,522.00
7.817911,1021.8445,504.00
7.817911,1021.8770,558.00
7.817911,1021.9095,549.00
7.817911,1021.9418,504.00
7.817911,1021.9741,471.00
7.817911,1022.0066,508.00
7.817911,1022.0389,473.00
7.817911,1022.0713,560.00
7.817911,1022.1037,494.00
7.817911,1022.1362,623.00
7.817911,1022.1685,554.00
7.817911,1022.2008,530.00
7.817911,1022.2332,510.00
7.817911,1022.2654,545.00
7.817911,1022.2977,507.00
7.817911,1022.3301,553.00
7.817911,1022.3624,479.00
7.817911,1022.3947,589.00
7.817911,1022.4271,480.00
7.817911,1022.4594,557.00
7.817911,1022.4917,522.00
7.817911,1022.5239,545.00
7.817911,1022.5562,516.00
7.817911,1022.5885,548.00
7.817911,1022.6207,508.00
7.817911,1022.6530,579.00
7.817911,1022.6852,526.00
7.817911,1022.7174,558.00
7.817911,1022.7497,502.00
7.817911,1022.7819,536.00
7.817911,1022.8142,501.00
7.817911,1022.8464,549.00
7.817911,1022.8785,485.00
7.817911,1022.9108,575.00
7.817911,1022.9429,514.00
7.817911,1022.9751,528.00
7.817911,1023.0073,530.00
7.817911,1023.0394,500.00
7.817911,1023.0717,489.00
7.817911,1023.1039,557.00
7.817911,1023.1360,490.00
7.817911,1023.1682,561.00
7.817911,1023.2003,484.00
7.817911,1023.2324,558.00
7.817911,1023.2644,514.00
7.817911,1023.2966,553.00
7.817911,1023.3287,498.00
7.817911,1023.3608,528.00
7.817911,1023.3929,489.00
7.817911,1023.4249,537.00
7.817911,1023.4570,486.00
7.817911,1023.4893,545.00
7.817911,1023.5212,508.00
7.817911,1023.5533,520.00
7.817911,1023.5853,502.00
7.817911,1023.6174,497.00
7.817911,1023.6494,508.00
7.817911,1023.6813,522.00
7.817911,1023.7134,458.00
7.817911,1023.7454,529.00
7.817911,1023.7775,474.00
7.817911,1023.8096,512.00
7.817911,1023.8416,517.00
7.817911,1023.8735,495.00
7.817911,1023.9055,502.00
7.817911,1023.9374,523.00
7.817911,1023.9694,480.00
7.817911,1024.0013,546.00
7.817911,1024.0333,471.00
7.817911,1024.0652,561.00
7.817911,1024.0972,507.00
7.817911,1024.1293,540.00
7.817911,1024.1611,497.00
7.817911,1024.1931,511.00
7.817911,1024.2250,458.00
7.817911,1024.2568,525.00
7.817911,1024.2888,472.00
7.817911,1024.3206,534.00
7.817911,1024.3525,495.00
7.817911,1024.3843,531.00
7.817911,1024.4164,468.00
7.817911,1024.4481,514.00
7.817911,1024.4801,459.00
7.817911,1024.5118,537.00
7.817911,1024.5438,455.00
7.817911,1024.5756,534.00
7.817911,1024.6074,497.00
7.817911,1024.6393,513.00
7.817911,1024.6710,524.00
7.817911,1024.7029,503.00
7.817911,1024.7346,483.00
7.817911,1024.7664,506.00
7.817911,1024.7982,474.00
7.817911,1024.8301,560.00
7.817911,1024.8618,483.00
7.817911,1024.8936,519.00
7.817911,1024.9253,457.00
7.817911,1024.9572,527.00
7.817911,1024.9889,504.00
7.817911,1025.0206,527.00
7.817911,1025.0522,465.00
7.817911,1025.0841,552.00
7.817911,1025.1158,481.00
7.817911,1025.1475,534.00
7.817911,1025.1792,503.00
7.817911,1025.2109,518.00
7.817911,1025.2426,498.00
7.817911,1025.2743,538.00
7.817911,1025.3059,499.00
7.817911,1025.3376,509.00
7.817911,1025.3693,461.00
7.817911,1025.4009,577.00
7.817911,1025.4326,505.00
7.817911,1025.4644,553.00
7.817911,1025.4960,510.00
7.817911,1025.5276,512.00
7.817911,1025.5592,514.00
7.817911,1025.5908,550.00
7.817911,1025.6224,490.00
7.817911,1025.6541,559.00
7.817911,1025.6857,508.00
7.817911,1025.7172,597.00
7.817911,1025.7489,537.00
7.817911,1025.7804,563.00
7.817911,1025.8120,561.00
7.817911,1025.8435,512.00
7.817911,1025.8751,532.00
7.817911,1025.9066,584.00
7.817911,1025.9381,499.00
7.817911,1025.9697,554.00
7.817911,1026.0012,514.00
7.817911,1026.0327,544.00
7.817911,1026.0642,520.00
